timestamp,datetime,open,high,low,close,volume
1735689600,2025-01-01 00:00:00+00:00,1.085,1.08508,1.08351,1.08425,9876.93
1735689900,2025-01-01 00:05:00+00:00,1.08424,1.08636,1.08351,1.08563,10159.32
1735690200,2025-01-01 00:10:00+00:00,1.08562,1.08644,1.08523,1.08597,7437.92
1735690500,2025-01-01 00:15:00+00:00,1.08596,1.08624,1.08425,1.08513,16744.67
1735690800,2025-01-01 00:20:00+00:00,1.08515,1.08648,1.08477,1.08592,4739.57
1735691100,2025-01-01 00:25:00+00:00,1.08592,1.08629,1.08538,1.08543,6726.63
1735691400,2025-01-01 00:30:00+00:00,1.08543,1.08561,1.08449,1.08472,12677.88
1735691700,2025-01-01 00:35:00+00:00,1.08473,1.08507,1.08427,1.08428,7718.65
1735692000,2025-01-01 00:40:00+00:00,1.08428,1.08507,1.08346,1.08468,19469.43
1735692300,2025-01-01 00:45:00+00:00,1.08467,1.08529,1.08435,1.08473,4554.44
1735692600,2025-01-01 00:50:00+00:00,1.0847,1.08498,1.08415,1.08434,6171.78
1735692900,2025-01-01 00:55:00+00:00,1.08434,1.08522,1.08425,1.0845,3788.75
1735693200,2025-01-01 01:00:00+00:00,1.0845,1.085,1.0844,1.08486,6857.65
1735693500,2025-01-01 01:05:00+00:00,1.08487,1.08632,1.08452,1.08579,12746.46
1735693800,2025-01-01 01:10:00+00:00,1.0858,1.0859,1.08494,1.08575,9075.34
1735694100,2025-01-01 01:15:00+00:00,1.08575,1.08698,1.08534,1.08686,10668.17
1735694400,2025-01-01 01:20:00+00:00,1.08686,1.08688,1.08579,1.08654,9697.49
1735694700,2025-01-01 01:25:00+00:00,1.08653,1.08742,1.08619,1.08651,2781.33
1735695000,2025-01-01 01:30:00+00:00,1.08651,1.08687,1.08392,1.08549,18774.15
1735695300,2025-01-01 01:35:00+00:00,1.0855,1.08661,1.08302,1.08446,16780.95
1735695600,2025-01-01 01:40:00+00:00,1.08445,1.08578,1.08409,1.08543,14931.01
1735695900,2025-01-01 01:45:00+00:00,1.08542,1.08603,1.08497,1.08505,17902.26
1735696200,2025-01-01 01:50:00+00:00,1.08504,1.0854,1.08426,1.08493,2447.63
1735696500,2025-01-01 01:55:00+00:00,1.08497,1.08499,1.0844,1.08463,9153.24
1735696800,2025-01-01 02:00:00+00:00,1.08463,1.08529,1.08443,1.08523,9761.62
1735697100,2025-01-01 02:05:00+00:00,1.08523,1.08528,1.08463,1.08476,12941.6
1735697400,2025-01-01 02:10:00+00:00,1.08477,1.08485,1.08384,1.08427,12422.56
1735697700,2025-01-01 02:15:00+00:00,1.08426,1.08558,1.08388,1.08538,10078.28
1735698000,2025-01-01 02:20:00+00:00,1.08539,1.08548,1.08456,1.08534,2986.79
1735698300,2025-01-01 02:25:00+00:00,1.08536,1.08665,1.08527,1.08639,9993.87
1735698600,2025-01-01 02:30:00+00:00,1.08636,1.08675,1.08581,1.08591,9829.85
1735698900,2025-01-01 02:35:00+00:00,1.08591,1.08612,1.0854,1.08586,3676.98
1735699200,2025-01-01 02:40:00+00:00,1.08587,1.08632,1.08566,1.08572,8035.69
1735699500,2025-01-01 02:45:00+00:00,1.08574,1.08633,1.08501,1.08513,11451.82
1735699800,2025-01-01 02:50:00+00:00,1.08512,1.08548,1.08308,1.08471,6514.57
1735700100,2025-01-01 02:55:00+00:00,1.08469,1.08487,1.08414,1.08423,5320.8
1735700400,2025-01-01 03:00:00+00:00,1.08424,1.08493,1.08424,1.08474,30900.52
1735700700,2025-01-01 03:05:00+00:00,1.08475,1.0859,1.08461,1.08561,6008.07
1735701000,2025-01-01 03:10:00+00:00,1.08564,1.08651,1.08542,1.0863,17819.05
1735701300,2025-01-01 03:15:00+00:00,1.0863,1.08659,1.08604,1.0863,3119.38
1735701600,2025-01-01 03:20:00+00:00,1.08628,1.08684,1.08531,1.08675,7333.59
1735701900,2025-01-01 03:25:00+00:00,1.08674,1.08683,1.08653,1.08683,4843.63
1735702200,2025-01-01 03:30:00+00:00,1.08684,1.08686,1.08549,1.0857,26401.77
1735702500,2025-01-01 03:35:00+00:00,1.08571,1.08597,1.08433,1.08538,13463.43
1735702800,2025-01-01 03:40:00+00:00,1.08536,1.086,1.08448,1.08455,9926.19
1735703100,2025-01-01 03:45:00+00:00,1.08455,1.08512,1.08433,1.08504,10458.2
1735703400,2025-01-01 03:50:00+00:00,1.08506,1.08583,1.08454,1.08458,15247.11
1735703700,2025-01-01 03:55:00+00:00,1.08458,1.08494,1.084,1.08445,5823.62
1735704000,2025-01-01 04:00:00+00:00,1.08447,1.0845,1.08281,1.08324,11697.19
1735704300,2025-01-01 04:05:00+00:00,1.08322,1.08388,1.08305,1.08333,2859.83
1735704600,2025-01-01 04:10:00+00:00,1.08333,1.08434,1.08237,1.08281,16433.61
1735704900,2025-01-01 04:15:00+00:00,1.0828,1.08313,1.08271,1.08294,12196.25
1735705200,2025-01-01 04:20:00+00:00,1.08291,1.08376,1.08286,1.08371,23175.01
1735705500,2025-01-01 04:25:00+00:00,1.08369,1.08398,1.08347,1.0839,8354.87
1735705800,2025-01-01 04:30:00+00:00,1.08391,1.08514,1.08389,1.08406,4750.73
1735706100,2025-01-01 04:35:00+00:00,1.08407,1.08487,1.08405,1.08469,11053.32
1735706400,2025-01-01 04:40:00+00:00,1.0847,1.08501,1.08366,1.08376,6636.91
1735706700,2025-01-01 04:45:00+00:00,1.08374,1.08426,1.08305,1.08415,9192.43
1735707000,2025-01-01 04:50:00+00:00,1.08416,1.08448,1.0839,1.0841,6691.66
1735707300,2025-01-01 04:55:00+00:00,1.08406,1.08422,1.08337,1.08377,6763.28
1735707600,2025-01-01 05:00:00+00:00,1.08375,1.08472,1.08265,1.08408,7772.35
1735707900,2025-01-01 05:05:00+00:00,1.08409,1.08573,1.08362,1.08435,2608.17
1735708200,2025-01-01 05:10:00+00:00,1.08437,1.08463,1.08395,1.08404,10389.09
1735708500,2025-01-01 05:15:00+00:00,1.08403,1.0859,1.08403,1.0844,4911.31
1735708800,2025-01-01 05:20:00+00:00,1.0844,1.08442,1.08379,1.08399,5680.24
1735709100,2025-01-01 05:25:00+00:00,1.084,1.08455,1.08368,1.08447,9456.72
1735709400,2025-01-01 05:30:00+00:00,1.08447,1.08474,1.08353,1.08462,9625.73
1735709700,2025-01-01 05:35:00+00:00,1.08464,1.08519,1.08381,1.08399,6747.08
1735710000,2025-01-01 05:40:00+00:00,1.08397,1.08482,1.08393,1.08438,11279.45
1735710300,2025-01-01 05:45:00+00:00,1.08438,1.08582,1.08424,1.08472,9590.65
1735710600,2025-01-01 05:50:00+00:00,1.08472,1.086,1.08448,1.08528,7349.77
1735710900,2025-01-01 05:55:00+00:00,1.08528,1.08535,1.08392,1.08533,4499.27
1735711200,2025-01-01 06:00:00+00:00,1.08533,1.08587,1.08514,1.08586,5900.12
1735711500,2025-01-01 06:05:00+00:00,1.08585,1.08679,1.08527,1.08567,3280.09
1735711800,2025-01-01 06:10:00+00:00,1.08566,1.08594,1.08474,1.08485,9959.52
1735712100,2025-01-01 06:15:00+00:00,1.08484,1.08516,1.08424,1.08458,9257.88
1735712400,2025-01-01 06:20:00+00:00,1.08458,1.08485,1.08388,1.08472,11619.03
1735712700,2025-01-01 06:25:00+00:00,1.08473,1.0853,1.08306,1.08346,32994.83
1735713000,2025-01-01 06:30:00+00:00,1.08347,1.08348,1.08222,1.08273,8590.47
1735713300,2025-01-01 06:35:00+00:00,1.08274,1.08406,1.08244,1.08331,17133.88
1735713600,2025-01-01 06:40:00+00:00,1.08331,1.08378,1.08316,1.08337,7263.58
1735713900,2025-01-01 06:45:00+00:00,1.08337,1.08408,1.0829,1.08382,10507.8
1735714200,2025-01-01 06:50:00+00:00,1.08382,1.0856,1.08334,1.08496,6367.17
1735714500,2025-01-01 06:55:00+00:00,1.08496,1.08504,1.08398,1.08487,5966.43
1735714800,2025-01-01 07:00:00+00:00,1.08487,1.08556,1.08453,1.08477,4835.53
1735715100,2025-01-01 07:05:00+00:00,1.08475,1.08509,1.08367,1.0849,5627.97
1735715400,2025-01-01 07:10:00+00:00,1.08493,1.08602,1.08465,1.08525,14828.95
1735715700,2025-01-01 07:15:00+00:00,1.08526,1.08637,1.08525,1.08621,8286.07
1735716000,2025-01-01 07:20:00+00:00,1.08623,1.08692,1.0861,1.0865,6695.33
1735716300,2025-01-01 07:25:00+00:00,1.08652,1.08669,1.08534,1.08663,13757.31
1735716600,2025-01-01 07:30:00+00:00,1.08662,1.08715,1.0859,1.08641,6984.26
1735716900,2025-01-01 07:35:00+00:00,1.08641,1.0872,1.08627,1.08706,20131.28
1735717200,2025-01-01 07:40:00+00:00,1.08707,1.08831,1.08684,1.08795,10607.36
1735717500,2025-01-01 07:45:00+00:00,1.08796,1.08802,1.08702,1.08725,8951.47
1735717800,2025-01-01 07:50:00+00:00,1.08727,1.08871,1.08646,1.08863,17665.86
1735718100,2025-01-01 07:55:00+00:00,1.08864,1.08888,1.0876,1.08779,23402.09
1735718400,2025-01-01 08:00:00+00:00,1.08778,1.08931,1.08748,1.08928,60050.02
1735718700,2025-01-01 08:05:00+00:00,1.08926,1.0905,1.08892,1.08958,12558.3
1735719000,2025-01-01 08:10:00+00:00,1.08959,1.09028,1.0892,1.09015,10677.68
1735719300,2025-01-01 08:15:00+00:00,1.09016,1.09177,1.09015,1.09087,12477.36
1735719600,2025-01-01 08:20:00+00:00,1.09086,1.09205,1.0908,1.09127,11661.05
1735719900,2025-01-01 08:25:00+00:00,1.09128,1.09147,1.09041,1.09093,8200.62
1735720200,2025-01-01 08:30:00+00:00,1.09093,1.09156,1.08857,1.0897,18291.79
1735720500,2025-01-01 08:35:00+00:00,1.08968,1.09087,1.08924,1.09079,17573.79
1735720800,2025-01-01 08:40:00+00:00,1.09078,1.09172,1.09035,1.09107,7263.76
1735721100,2025-01-01 08:45:00+00:00,1.09109,1.09115,1.09058,1.09089,7147.27
1735721400,2025-01-01 08:50:00+00:00,1.0909,1.09229,1.0909,1.0917,4506.36
1735721700,2025-01-01 08:55:00+00:00,1.09172,1.09261,1.09085,1.09093,4754.75
1735722000,2025-01-01 09:00:00+00:00,1.09091,1.091,1.09047,1.0908,7083.57
1735722300,2025-01-01 09:05:00+00:00,1.09079,1.09122,1.09035,1.09119,17241.14
1735722600,2025-01-01 09:10:00+00:00,1.09119,1.09187,1.09046,1.09056,8558.57
1735722900,2025-01-01 09:15:00+00:00,1.09057,1.09174,1.09014,1.09158,15224.05
1735723200,2025-01-01 09:20:00+00:00,1.09158,1.0917,1.09117,1.0914,5007.21
1735723500,2025-01-01 09:25:00+00:00,1.09139,1.0917,1.09047,1.09151,4001.71
1735723800,2025-01-01 09:30:00+00:00,1.0915,1.09152,1.09047,1.091,10453.78
1735724100,2025-01-01 09:35:00+00:00,1.091,1.0914,1.09067,1.09114,6090.14
1735724400,2025-01-01 09:40:00+00:00,1.09113,1.09329,1.09097,1.09201,15384.19
1735724700,2025-01-01 09:45:00+00:00,1.09202,1.09222,1.09189,1.092,2660.08
1735725000,2025-01-01 09:50:00+00:00,1.092,1.09247,1.09037,1.09079,10131.47
1735725300,2025-01-01 09:55:00+00:00,1.09079,1.09266,1.09049,1.09066,8264.47
1735725600,2025-01-01 10:00:00+00:00,1.09066,1.0907,1.08955,1.09022,11253.6
1735725900,2025-01-01 10:05:00+00:00,1.09022,1.09144,1.09,1.09094,10776.05
1735726200,2025-01-01 10:10:00+00:00,1.09097,1.0911,1.08957,1.09034,7538.04
1735726500,2025-01-01 10:15:00+00:00,1.09036,1.09081,1.08911,1.09007,3965.15
1735726800,2025-01-01 10:20:00+00:00,1.09008,1.09136,1.08847,1.09057,6336.85
1735727100,2025-01-01 10:25:00+00:00,1.09057,1.09069,1.09,1.09052,3121.42
1735727400,2025-01-01 10:30:00+00:00,1.09051,1.09099,1.08966,1.08986,5944.34
1735727700,2025-01-01 10:35:00+00:00,1.08987,1.09115,1.08922,1.09072,5769.68
1735728000,2025-01-01 10:40:00+00:00,1.09072,1.0923,1.09018,1.0916,15594.91
1735728300,2025-01-01 10:45:00+00:00,1.09162,1.09174,1.09034,1.09145,5548.18
1735728600,2025-01-01 10:50:00+00:00,1.09145,1.09147,1.09109,1.09112,3580.78
1735728900,2025-01-01 10:55:00+00:00,1.09112,1.09287,1.09082,1.09131,12837.06
1735729200,2025-01-01 11:00:00+00:00,1.0913,1.09148,1.08945,1.09078,11930.5
1735729500,2025-01-01 11:05:00+00:00,1.09077,1.09095,1.09047,1.09063,6030.73
1735729800,2025-01-01 11:10:00+00:00,1.09062,1.09122,1.09003,1.09042,5327.33
1735730100,2025-01-01 11:15:00+00:00,1.09044,1.09079,1.0894,1.09073,5124.13
1735730400,2025-01-01 11:20:00+00:00,1.09073,1.09131,1.09055,1.09101,2660.27
1735730700,2025-01-01 11:25:00+00:00,1.09099,1.09185,1.09014,1.09142,9673.17
1735731000,2025-01-01 11:30:00+00:00,1.09141,1.09239,1.09113,1.09149,3695.85
1735731300,2025-01-01 11:35:00+00:00,1.0915,1.09237,1.09142,1.09226,6763.6
1735731600,2025-01-01 11:40:00+00:00,1.09226,1.09243,1.09112,1.09126,25792.49
1735731900,2025-01-01 11:45:00+00:00,1.09127,1.09238,1.09037,1.09175,9110.38
1735732200,2025-01-01 11:50:00+00:00,1.09176,1.0923,1.09165,1.09196,7279.69
1735732500,2025-01-01 11:55:00+00:00,1.09198,1.09288,1.09181,1.09248,30639.72
1735732800,2025-01-01 12:00:00+00:00,1.09248,1.09253,1.09088,1.09177,12576.92
1735733100,2025-01-01 12:05:00+00:00,1.09177,1.0927,1.09049,1.09211,6495.86
1735733400,2025-01-01 12:10:00+00:00,1.09211,1.09226,1.09197,1.09202,7455.9
1735733700,2025-01-01 12:15:00+00:00,1.09201,1.09255,1.09165,1.09182,5830.73
1735734000,2025-01-01 12:20:00+00:00,1.09184,1.09208,1.0916,1.09167,2194.31
1735734300,2025-01-01 12:25:00+00:00,1.09167,1.09187,1.09151,1.09184,4654.23
1735734600,2025-01-01 12:30:00+00:00,1.09183,1.09231,1.0909,1.09135,15599.26
1735734900,2025-01-01 12:35:00+00:00,1.09135,1.09306,1.09121,1.09264,19601.46
1735735200,2025-01-01 12:40:00+00:00,1.09265,1.09336,1.09142,1.09315,11047.23
1735735500,2025-01-01 12:45:00+00:00,1.09313,1.09329,1.09219,1.09307,5691.49
1735735800,2025-01-01 12:50:00+00:00,1.09307,1.09465,1.09259,1.09462,16016.35
1735736100,2025-01-01 12:55:00+00:00,1.0946,1.09497,1.09392,1.09483,6759.8
1735736400,2025-01-01 13:00:00+00:00,1.09482,1.0958,1.09412,1.0951,8735.05
1735736700,2025-01-01 13:05:00+00:00,1.09511,1.0969,1.09508,1.09617,10784.83
1735737000,2025-01-01 13:10:00+00:00,1.09616,1.09686,1.09598,1.09598,6366.19
1735737300,2025-01-01 13:15:00+00:00,1.09599,1.09619,1.09548,1.09597,4661.11
1735737600,2025-01-01 13:20:00+00:00,1.09594,1.09598,1.0935,1.09577,16554.08
1735737900,2025-01-01 13:25:00+00:00,1.09575,1.09681,1.09528,1.09589,11566.02
1735738200,2025-01-01 13:30:00+00:00,1.09591,1.09612,1.0941,1.09522,11860.63
1735738500,2025-01-01 13:35:00+00:00,1.09522,1.09542,1.09414,1.09507,10595.34
1735738800,2025-01-01 13:40:00+00:00,1.09506,1.0954,1.09313,1.09469,12992.14
1735739100,2025-01-01 13:45:00+00:00,1.09469,1.09508,1.09436,1.09437,6298.5
1735739400,2025-01-01 13:50:00+00:00,1.09439,1.0948,1.0941,1.09458,5680.02
1735739700,2025-01-01 13:55:00+00:00,1.09455,1.09533,1.09444,1.09481,5664.34
1735740000,2025-01-01 14:00:00+00:00,1.0948,1.09556,1.09453,1.09509,10513.41
1735740300,2025-01-01 14:05:00+00:00,1.09509,1.0963,1.09458,1.09574,15795.82
1735740600,2025-01-01 14:10:00+00:00,1.09574,1.09624,1.09498,1.09617,7794.72
1735740900,2025-01-01 14:15:00+00:00,1.09617,1.09727,1.09596,1.09651,7562.34
1735741200,2025-01-01 14:20:00+00:00,1.09651,1.09658,1.0947,1.09517,4568.01
1735741500,2025-01-01 14:25:00+00:00,1.09517,1.09543,1.09434,1.09493,5180.94
1735741800,2025-01-01 14:30:00+00:00,1.09494,1.09505,1.09481,1.09503,10741.65
1735742100,2025-01-01 14:35:00+00:00,1.09505,1.09539,1.09424,1.09476,3548.0
1735742400,2025-01-01 14:40:00+00:00,1.09476,1.09634,1.09412,1.09622,17300.06
1735742700,2025-01-01 14:45:00+00:00,1.09621,1.09693,1.0955,1.09621,3135.35
1735743000,2025-01-01 14:50:00+00:00,1.0962,1.0964,1.09508,1.09586,4699.16
1735743300,2025-01-01 14:55:00+00:00,1.09586,1.09611,1.09575,1.09578,4523.11
1735743600,2025-01-01 15:00:00+00:00,1.09578,1.09618,1.09498,1.09606,7926.08
1735743900,2025-01-01 15:05:00+00:00,1.09605,1.09685,1.09583,1.09671,11664.45
1735744200,2025-01-01 15:10:00+00:00,1.09671,1.09717,1.09631,1.09648,4822.7
1735744500,2025-01-01 15:15:00+00:00,1.09647,1.09711,1.0955,1.09691,10076.4
1735744800,2025-01-01 15:20:00+00:00,1.0969,1.09903,1.0965,1.09774,15854.28
1735745100,2025-01-01 15:25:00+00:00,1.09774,1.09918,1.09746,1.09907,8249.32
1735745400,2025-01-01 15:30:00+00:00,1.09907,1.10085,1.09905,1.10024,6801.89
1735745700,2025-01-01 15:35:00+00:00,1.10025,1.10031,1.10015,1.10018,7280.82
1735746000,2025-01-01 15:40:00+00:00,1.1002,1.10176,1.09821,1.09888,13817.98
1735746300,2025-01-01 15:45:00+00:00,1.0989,1.09925,1.09745,1.09848,8815.13
1735746600,2025-01-01 15:50:00+00:00,1.09846,1.09972,1.09742,1.09915,4961.92
1735746900,2025-01-01 15:55:00+00:00,1.09915,1.10056,1.09866,1.09876,3355.46
1735747200,2025-01-01 16:00:00+00:00,1.09878,1.09904,1.09819,1.09863,5862.15
1735747500,2025-01-01 16:05:00+00:00,1.09863,1.09866,1.09828,1.09857,6804.43
1735747800,2025-01-01 16:10:00+00:00,1.09858,1.10019,1.09821,1.09903,4806.05
1735748100,2025-01-01 16:15:00+00:00,1.09904,1.10013,1.09854,1.09993,6778.17
1735748400,2025-01-01 16:20:00+00:00,1.09994,1.10078,1.09983,1.09986,6966.02
1735748700,2025-01-01 16:25:00+00:00,1.09986,1.10076,1.09908,1.10052,24316.91
1735749000,2025-01-01 16:30:00+00:00,1.10054,1.10112,1.09938,1.09958,16842.83
1735749300,2025-01-01 16:35:00+00:00,1.09958,1.09974,1.09824,1.09878,9676.13
1735749600,2025-01-01 16:40:00+00:00,1.09879,1.09884,1.0976,1.09843,10309.71
1735749900,2025-01-01 16:45:00+00:00,1.09842,1.0987,1.09775,1.09783,8334.15
1735750200,2025-01-01 16:50:00+00:00,1.09782,1.09882,1.09684,1.09745,11219.28
1735750500,2025-01-01 16:55:00+00:00,1.09746,1.09853,1.09745,1.09774,3183.89
1735750800,2025-01-01 17:00:00+00:00,1.09777,1.09865,1.09773,1.09783,4690.46
1735751100,2025-01-01 17:05:00+00:00,1.09781,1.09794,1.09686,1.097,14394.29
1735751400,2025-01-01 17:10:00+00:00,1.09703,1.09765,1.09635,1.09692,6866.98
1735751700,2025-01-01 17:15:00+00:00,1.09691,1.09713,1.09675,1.0971,6466.94
1735752000,2025-01-01 17:20:00+00:00,1.09708,1.09807,1.09661,1.0977,12747.36
1735752300,2025-01-01 17:25:00+00:00,1.09771,1.09815,1.09647,1.09708,14044.8
1735752600,2025-01-01 17:30:00+00:00,1.09707,1.0991,1.09688,1.09742,8959.41
1735752900,2025-01-01 17:35:00+00:00,1.09741,1.09831,1.09737,1.09826,8559.36
1735753200,2025-01-01 17:40:00+00:00,1.09825,1.0992,1.09674,1.09835,8334.16
1735753500,2025-01-01 17:45:00+00:00,1.09834,1.09911,1.09762,1.09863,9070.17
1735753800,2025-01-01 17:50:00+00:00,1.09864,1.09904,1.09813,1.09865,3934.47
1735754100,2025-01-01 17:55:00+00:00,1.09865,1.09877,1.09801,1.09801,15760.27
1735754400,2025-01-01 18:00:00+00:00,1.09801,1.0991,1.09794,1.09863,8384.6
1735754700,2025-01-01 18:05:00+00:00,1.09862,1.09882,1.09834,1.09869,5956.96
1735755000,2025-01-01 18:10:00+00:00,1.09871,1.0989,1.09868,1.09887,6110.73
1735755300,2025-01-01 18:15:00+00:00,1.09885,1.10039,1.09865,1.10004,32175.96
1735755600,2025-01-01 18:20:00+00:00,1.10006,1.1003,1.09909,1.10008,2802.11
1735755900,2025-01-01 18:25:00+00:00,1.10008,1.10139,1.09995,1.10104,24385.23
1735756200,2025-01-01 18:30:00+00:00,1.10105,1.10189,1.10026,1.1005,7850.66
1735756500,2025-01-01 18:35:00+00:00,1.1005,1.10203,1.10043,1.10153,8173.06
1735756800,2025-01-01 18:40:00+00:00,1.10153,1.10338,1.10065,1.10209,5233.14
1735757100,2025-01-01 18:45:00+00:00,1.10211,1.10212,1.10037,1.10169,5949.42
1735757400,2025-01-01 18:50:00+00:00,1.10168,1.10307,1.10151,1.10193,7579.61
1735757700,2025-01-01 18:55:00+00:00,1.10195,1.10328,1.10179,1.10219,4310.96
1735758000,2025-01-01 19:00:00+00:00,1.1022,1.10247,1.10161,1.10218,4890.55
1735758300,2025-01-01 19:05:00+00:00,1.10217,1.10274,1.10199,1.10201,6910.48
1735758600,2025-01-01 19:10:00+00:00,1.102,1.10349,1.10169,1.10254,10271.4
1735758900,2025-01-01 19:15:00+00:00,1.10253,1.10267,1.10112,1.1016,18352.83
1735759200,2025-01-01 19:20:00+00:00,1.10161,1.10226,1.1014,1.10221,9161.84
1735759500,2025-01-01 19:25:00+00:00,1.10221,1.1026,1.10153,1.10226,4143.6
1735759800,2025-01-01 19:30:00+00:00,1.10226,1.10235,1.1014,1.10162,18086.24
1735760100,2025-01-01 19:35:00+00:00,1.10162,1.10215,1.10033,1.10116,6843.36
1735760400,2025-01-01 19:40:00+00:00,1.10118,1.10173,1.10092,1.10117,6644.51
1735760700,2025-01-01 19:45:00+00:00,1.10117,1.10212,1.10084,1.10088,6193.62
1735761000,2025-01-01 19:50:00+00:00,1.10088,1.10115,1.0997,1.10009,16309.71
1735761300,2025-01-01 19:55:00+00:00,1.1001,1.10063,1.09948,1.1001,4657.24
1735761600,2025-01-01 20:00:00+00:00,1.10011,1.10025,1.09897,1.09964,11465.12
1735761900,2025-01-01 20:05:00+00:00,1.09964,1.0997,1.09898,1.09926,19980.75
1735762200,2025-01-01 20:10:00+00:00,1.0993,1.10115,1.09823,1.09866,3785.87
1735762500,2025-01-01 20:15:00+00:00,1.09866,1.09898,1.09711,1.09761,20430.11
1735762800,2025-01-01 20:20:00+00:00,1.09761,1.09812,1.09728,1.09805,11724.31
1735763100,2025-01-01 20:25:00+00:00,1.09808,1.09906,1.09763,1.09851,11941.64
1735763400,2025-01-01 20:30:00+00:00,1.09852,1.09874,1.09737,1.09769,12236.69
1735763700,2025-01-01 20:35:00+00:00,1.09768,1.09768,1.09745,1.09753,17937.1
1735764000,2025-01-01 20:40:00+00:00,1.09751,1.09828,1.0964,1.09661,21246.37
1735764300,2025-01-01 20:45:00+00:00,1.09663,1.09734,1.0966,1.09679,3572.94
1735764600,2025-01-01 20:50:00+00:00,1.09679,1.098,1.09637,1.09736,13195.06
1735764900,2025-01-01 20:55:00+00:00,1.09735,1.09952,1.09715,1.09816,8457.68
1735765200,2025-01-01 21:00:00+00:00,1.09816,1.09825,1.09778,1.09822,9346.94
1735765500,2025-01-01 21:05:00+00:00,1.09823,1.0984,1.09818,1.09819,5506.5
1735765800,2025-01-01 21:10:00+00:00,1.09819,1.09819,1.09772,1.09806,5669.86
1735766100,2025-01-01 21:15:00+00:00,1.09806,1.09887,1.09654,1.09827,8833.67
1735766400,2025-01-01 21:20:00+00:00,1.09826,1.09874,1.09748,1.09812,17207.38
1735766700,2025-01-01 21:25:00+00:00,1.09811,1.09821,1.09711,1.09729,9804.89
1735767000,2025-01-01 21:30:00+00:00,1.09728,1.09763,1.0961,1.09729,8833.87
1735767300,2025-01-01 21:35:00+00:00,1.0973,1.09803,1.09649,1.09695,3099.15
1735767600,2025-01-01 21:40:00+00:00,1.09696,1.0971,1.09636,1.09682,14893.77
1735767900,2025-01-01 21:45:00+00:00,1.09685,1.09687,1.09658,1.09682,5963.96
1735768200,2025-01-01 21:50:00+00:00,1.09681,1.09785,1.09661,1.09765,6179.06
1735768500,2025-01-01 21:55:00+00:00,1.09764,1.09822,1.09731,1.09803,14048.88
1735768800,2025-01-01 22:00:00+00:00,1.09805,1.09923,1.09789,1.09863,8794.52
1735769100,2025-01-01 22:05:00+00:00,1.09862,1.10055,1.09857,1.09943,4728.93
1735769400,2025-01-01 22:10:00+00:00,1.09943,1.09944,1.09732,1.09733,14663.45
1735769700,2025-01-01 22:15:00+00:00,1.09734,1.09848,1.09719,1.09821,10655.77
1735770000,2025-01-01 22:20:00+00:00,1.09822,1.09886,1.09599,1.09885,6761.96
1735770300,2025-01-01 22:25:00+00:00,1.09885,1.10005,1.0987,1.09972,10171.76
1735770600,2025-01-01 22:30:00+00:00,1.09972,1.09983,1.09784,1.09824,10589.41
1735770900,2025-01-01 22:35:00+00:00,1.09822,1.09913,1.09821,1.0986,9826.41
1735771200,2025-01-01 22:40:00+00:00,1.09861,1.09893,1.09847,1.09881,12755.76
1735771500,2025-01-01 22:45:00+00:00,1.09882,1.10013,1.09839,1.0998,13772.06
1735771800,2025-01-01 22:50:00+00:00,1.09979,1.10157,1.09978,1.10132,22691.87
1735772100,2025-01-01 22:55:00+00:00,1.10132,1.10142,1.10111,1.10122,3279.62
1735772400,2025-01-01 23:00:00+00:00,1.1012,1.10154,1.10058,1.10072,12461.18
1735772700,2025-01-01 23:05:00+00:00,1.10072,1.10189,1.10028,1.10152,11475.87
1735773000,2025-01-01 23:10:00+00:00,1.10151,1.10262,1.10114,1.10237,14072.69
1735773300,2025-01-01 23:15:00+00:00,1.10237,1.1033,1.10234,1.1031,8986.1
1735773600,2025-01-01 23:20:00+00:00,1.10309,1.10394,1.10253,1.10293,8319.2
1735773900,2025-01-01 23:25:00+00:00,1.10295,1.10389,1.10271,1.10281,9588.9
1735774200,2025-01-01 23:30:00+00:00,1.1028,1.10292,1.10206,1.10284,4698.04
1735774500,2025-01-01 23:35:00+00:00,1.10285,1.10326,1.10274,1.10299,10771.52
1735774800,2025-01-01 23:40:00+00:00,1.10299,1.10389,1.10196,1.10352,4001.94
1735775100,2025-01-01 23:45:00+00:00,1.10353,1.10363,1.1028,1.10343,2912.87
1735775400,2025-01-01 23:50:00+00:00,1.10342,1.10439,1.10315,1.10423,20159.14
1735775700,2025-01-01 23:55:00+00:00,1.10422,1.10462,1.10385,1.10406,5995.13
1735776000,2025-01-02 00:00:00+00:00,1.10407,1.10493,1.10385,1.10429,4438.41
1735776300,2025-01-02 00:05:00+00:00,1.10429,1.10467,1.10391,1.104,6702.68
1735776600,2025-01-02 00:10:00+00:00,1.10401,1.10492,1.10368,1.10488,14492.7
1735776900,2025-01-02 00:15:00+00:00,1.1049,1.10614,1.10386,1.10416,18342.3
1735777200,2025-01-02 00:20:00+00:00,1.10418,1.1054,1.10416,1.10512,10519.77
1735777500,2025-01-02 00:25:00+00:00,1.10511,1.10538,1.10431,1.10467,14094.49
1735777800,2025-01-02 00:30:00+00:00,1.10466,1.10483,1.10441,1.1045,13047.9
1735778100,2025-01-02 00:35:00+00:00,1.1045,1.10458,1.10411,1.10457,8237.23
1735778400,2025-01-02 00:40:00+00:00,1.10459,1.10538,1.10394,1.10523,52178.6
1735778700,2025-01-02 00:45:00+00:00,1.10521,1.10541,1.10484,1.10503,15747.34
1735779000,2025-01-02 00:50:00+00:00,1.10504,1.10602,1.10475,1.10588,14062.65
1735779300,2025-01-02 00:55:00+00:00,1.10588,1.10651,1.10582,1.10626,6887.68
1735779600,2025-01-02 01:00:00+00:00,1.10627,1.10707,1.10614,1.10676,22485.23
1735779900,2025-01-02 01:05:00+00:00,1.10676,1.1086,1.1062,1.10731,7619.41
1735780200,2025-01-02 01:10:00+00:00,1.10732,1.10742,1.10468,1.1059,9709.96
1735780500,2025-01-02 01:15:00+00:00,1.1059,1.1062,1.10528,1.10558,8460.94
1735780800,2025-01-02 01:20:00+00:00,1.10561,1.10614,1.10449,1.10592,21351.04
1735781100,2025-01-02 01:25:00+00:00,1.1059,1.10605,1.10584,1.106,9619.33
1735781400,2025-01-02 01:30:00+00:00,1.10599,1.10652,1.10389,1.10561,9294.2
1735781700,2025-01-02 01:35:00+00:00,1.10561,1.10604,1.10496,1.10531,16713.17
1735782000,2025-01-02 01:40:00+00:00,1.10532,1.10682,1.10531,1.10606,17810.32
1735782300,2025-01-02 01:45:00+00:00,1.10607,1.10648,1.10604,1.1064,6740.6
1735782600,2025-01-02 01:50:00+00:00,1.10638,1.10771,1.10603,1.10625,4599.9
1735782900,2025-01-02 01:55:00+00:00,1.10624,1.10751,1.1054,1.10713,36123.07
1735783200,2025-01-02 02:00:00+00:00,1.10713,1.10752,1.10565,1.10598,17308.18
1735783500,2025-01-02 02:05:00+00:00,1.10598,1.1064,1.1059,1.10634,5685.17
1735783800,2025-01-02 02:10:00+00:00,1.10637,1.10645,1.10599,1.10643,7209.53
1735784100,2025-01-02 02:15:00+00:00,1.10643,1.10645,1.10638,1.1064,1826.99
1735784400,2025-01-02 02:20:00+00:00,1.10641,1.10685,1.10566,1.10594,3990.45
1735784700,2025-01-02 02:25:00+00:00,1.10595,1.10785,1.10554,1.10703,17472.9
1735785000,2025-01-02 02:30:00+00:00,1.10703,1.10885,1.10599,1.10757,15225.77
1735785300,2025-01-02 02:35:00+00:00,1.10756,1.1078,1.10691,1.10713,9918.9
1735785600,2025-01-02 02:40:00+00:00,1.10714,1.10807,1.10664,1.10682,6032.95
1735785900,2025-01-02 02:45:00+00:00,1.10683,1.10717,1.10605,1.10608,3073.9
1735786200,2025-01-02 02:50:00+00:00,1.10607,1.10828,1.10604,1.10629,11409.79
1735786500,2025-01-02 02:55:00+00:00,1.1063,1.10734,1.10615,1.1062,2806.94
1735786800,2025-01-02 03:00:00+00:00,1.10619,1.10738,1.10602,1.10699,11249.4
1735787100,2025-01-02 03:05:00+00:00,1.107,1.10857,1.10636,1.10806,29191.93
1735787400,2025-01-02 03:10:00+00:00,1.10805,1.10826,1.10637,1.10656,6281.13
1735787700,2025-01-02 03:15:00+00:00,1.10654,1.10788,1.10495,1.10517,24758.79
1735788000,2025-01-02 03:20:00+00:00,1.10518,1.1053,1.1044,1.10469,3740.24
1735788300,2025-01-02 03:25:00+00:00,1.10468,1.1052,1.1035,1.10496,4223.75
1735788600,2025-01-02 03:30:00+00:00,1.10499,1.10513,1.10487,1.10496,11071.0
1735788900,2025-01-02 03:35:00+00:00,1.10495,1.1053,1.10458,1.105,4709.63
1735789200,2025-01-02 03:40:00+00:00,1.10501,1.10501,1.10454,1.10478,4887.16
1735789500,2025-01-02 03:45:00+00:00,1.10478,1.10501,1.10387,1.10409,13030.72
1735789800,2025-01-02 03:50:00+00:00,1.10409,1.10441,1.10336,1.10377,4968.4
1735790100,2025-01-02 03:55:00+00:00,1.10375,1.10389,1.10273,1.10354,12923.03
1735790400,2025-01-02 04:00:00+00:00,1.10354,1.10463,1.10337,1.10383,7641.29
1735790700,2025-01-02 04:05:00+00:00,1.10383,1.10387,1.1025,1.10374,5395.5
1735791000,2025-01-02 04:10:00+00:00,1.10374,1.10586,1.1034,1.10507,16356.01
1735791300,2025-01-02 04:15:00+00:00,1.10506,1.10652,1.10506,1.10592,10881.22
1735791600,2025-01-02 04:20:00+00:00,1.10591,1.10661,1.10508,1.10557,3336.94
1735791900,2025-01-02 04:25:00+00:00,1.10558,1.10577,1.10554,1.1057,6391.94
1735792200,2025-01-02 04:30:00+00:00,1.1057,1.10644,1.10563,1.1059,5749.51
1735792500,2025-01-02 04:35:00+00:00,1.10588,1.10676,1.10488,1.10602,3433.83
1735792800,2025-01-02 04:40:00+00:00,1.106,1.10601,1.10513,1.10569,4194.76
1735793100,2025-01-02 04:45:00+00:00,1.10573,1.10637,1.10475,1.1048,9859.19
1735793400,2025-01-02 04:50:00+00:00,1.10481,1.10483,1.10395,1.10453,8405.9
1735793700,2025-01-02 04:55:00+00:00,1.10452,1.10548,1.10339,1.10374,15452.99
1735794000,2025-01-02 05:00:00+00:00,1.10371,1.10383,1.10235,1.10329,9003.87
1735794300,2025-01-02 05:05:00+00:00,1.10329,1.10359,1.10298,1.10311,6741.16
1735794600,2025-01-02 05:10:00+00:00,1.10313,1.10334,1.10064,1.1017,14936.17
1735794900,2025-01-02 05:15:00+00:00,1.10171,1.10352,1.10115,1.10211,8091.43
1735795200,2025-01-02 05:20:00+00:00,1.10212,1.10222,1.10152,1.10157,6323.05
1735795500,2025-01-02 05:25:00+00:00,1.10157,1.10179,1.10015,1.1008,20354.54
1735795800,2025-01-02 05:30:00+00:00,1.10081,1.10124,1.10022,1.10035,16855.79
1735796100,2025-01-02 05:35:00+00:00,1.10035,1.1005,1.1001,1.10033,6478.16
1735796400,2025-01-02 05:40:00+00:00,1.10033,1.10153,1.09973,1.10085,6058.54
1735796700,2025-01-02 05:45:00+00:00,1.10085,1.10138,1.10061,1.10124,7729.23
1735797000,2025-01-02 05:50:00+00:00,1.10124,1.10158,1.10121,1.10152,13884.67
1735797300,2025-01-02 05:55:00+00:00,1.10152,1.10261,1.10152,1.10245,16498.62
1735797600,2025-01-02 06:00:00+00:00,1.10246,1.10256,1.10165,1.10189,4156.0
1735797900,2025-01-02 06:05:00+00:00,1.10188,1.10219,1.10149,1.10152,9121.87
1735798200,2025-01-02 06:10:00+00:00,1.10152,1.10279,1.10096,1.10235,20996.68
1735798500,2025-01-02 06:15:00+00:00,1.10235,1.10316,1.10154,1.10287,7819.01
1735798800,2025-01-02 06:20:00+00:00,1.10287,1.10291,1.10107,1.10203,7124.38
1735799100,2025-01-02 06:25:00+00:00,1.102,1.10396,1.10192,1.10328,18061.87
1735799400,2025-01-02 06:30:00+00:00,1.10328,1.10408,1.10229,1.10364,5080.01
1735799700,2025-01-02 06:35:00+00:00,1.10365,1.10374,1.10182,1.10325,10758.78
1735800000,2025-01-02 06:40:00+00:00,1.10324,1.10464,1.10277,1.104,11442.59
1735800300,2025-01-02 06:45:00+00:00,1.104,1.10455,1.10323,1.10344,5735.21
1735800600,2025-01-02 06:50:00+00:00,1.10345,1.10351,1.10339,1.10349,3821.07
1735800900,2025-01-02 06:55:00+00:00,1.10346,1.10443,1.10257,1.10416,19868.52
1735801200,2025-01-02 07:00:00+00:00,1.10414,1.10448,1.10291,1.10395,6791.82
1735801500,2025-01-02 07:05:00+00:00,1.10394,1.10576,1.1034,1.10527,16291.64
1735801800,2025-01-02 07:10:00+00:00,1.10524,1.10549,1.10521,1.10529,5257.35
1735802100,2025-01-02 07:15:00+00:00,1.10528,1.10563,1.10472,1.10485,9118.06
1735802400,2025-01-02 07:20:00+00:00,1.10485,1.1056,1.10446,1.10559,21320.11
1735802700,2025-01-02 07:25:00+00:00,1.10559,1.10653,1.10397,1.10446,9283.78
1735803000,2025-01-02 07:30:00+00:00,1.10447,1.10571,1.10407,1.10483,3300.32
1735803300,2025-01-02 07:35:00+00:00,1.10486,1.10645,1.10469,1.10583,9852.24
1735803600,2025-01-02 07:40:00+00:00,1.10583,1.10682,1.10578,1.1063,8554.02
1735803900,2025-01-02 07:45:00+00:00,1.1063,1.10673,1.10542,1.10551,6670.32
1735804200,2025-01-02 07:50:00+00:00,1.10553,1.10556,1.10437,1.1047,3600.03
1735804500,2025-01-02 07:55:00+00:00,1.1047,1.10672,1.10422,1.10476,2820.3
1735804800,2025-01-02 08:00:00+00:00,1.10476,1.1052,1.10434,1.10492,4812.52
1735805100,2025-01-02 08:05:00+00:00,1.10491,1.10541,1.10352,1.10454,8973.24
1735805400,2025-01-02 08:10:00+00:00,1.10455,1.10518,1.10431,1.10465,4693.27
1735805700,2025-01-02 08:15:00+00:00,1.10466,1.10528,1.10342,1.10353,13184.7
1735806000,2025-01-02 08:20:00+00:00,1.10351,1.10405,1.10279,1.10298,8775.25
1735806300,2025-01-02 08:25:00+00:00,1.10297,1.10394,1.10266,1.1035,7424.19
1735806600,2025-01-02 08:30:00+00:00,1.10349,1.1035,1.10257,1.10301,11570.97
1735806900,2025-01-02 08:35:00+00:00,1.10302,1.10403,1.10212,1.10387,14846.93
1735807200,2025-01-02 08:40:00+00:00,1.10387,1.10499,1.10313,1.10369,3771.61
1735807500,2025-01-02 08:45:00+00:00,1.10367,1.10402,1.10295,1.10334,5584.51
1735807800,2025-01-02 08:50:00+00:00,1.10335,1.1036,1.10266,1.10308,25728.74
1735808100,2025-01-02 08:55:00+00:00,1.10308,1.10403,1.10091,1.10154,19521.0
1735808400,2025-01-02 09:00:00+00:00,1.10152,1.10251,1.10135,1.10189,11534.89
1735808700,2025-01-02 09:05:00+00:00,1.10189,1.10282,1.10148,1.10242,5400.73
1735809000,2025-01-02 09:10:00+00:00,1.10242,1.10384,1.10183,1.10259,3629.31
1735809300,2025-01-02 09:15:00+00:00,1.10256,1.10275,1.10162,1.1024,14464.56
1735809600,2025-01-02 09:20:00+00:00,1.1024,1.10241,1.09945,1.10191,8009.74
1735809900,2025-01-02 09:25:00+00:00,1.10192,1.1021,1.10089,1.10099,6749.9
1735810200,2025-01-02 09:30:00+00:00,1.10098,1.10289,1.09875,1.1016,13871.42
1735810500,2025-01-02 09:35:00+00:00,1.10159,1.10183,1.10095,1.10164,5708.34
1735810800,2025-01-02 09:40:00+00:00,1.10165,1.10165,1.10131,1.10157,6285.11
1735811100,2025-01-02 09:45:00+00:00,1.10156,1.10195,1.10035,1.10082,8762.21
1735811400,2025-01-02 09:50:00+00:00,1.10084,1.10087,1.10026,1.10067,5550.33
1735811700,2025-01-02 09:55:00+00:00,1.10067,1.10082,1.09956,1.09977,16481.16
1735812000,2025-01-02 10:00:00+00:00,1.09976,1.10114,1.09852,1.09923,13389.47
1735812300,2025-01-02 10:05:00+00:00,1.09921,1.09922,1.09861,1.09866,20888.42
1735812600,2025-01-02 10:10:00+00:00,1.09865,1.09996,1.09813,1.09958,31296.68
1735812900,2025-01-02 10:15:00+00:00,1.0996,1.10061,1.09816,1.10015,6383.42
1735813200,2025-01-02 10:20:00+00:00,1.10014,1.10014,1.09953,1.09982,9619.8
1735813500,2025-01-02 10:25:00+00:00,1.09982,1.10008,1.09921,1.09958,11242.96
1735813800,2025-01-02 10:30:00+00:00,1.09958,1.10029,1.09838,1.09893,8929.16
1735814100,2025-01-02 10:35:00+00:00,1.09891,1.09899,1.09869,1.09881,5981.76
1735814400,2025-01-02 10:40:00+00:00,1.09882,1.09895,1.09789,1.09888,2901.84
1735814700,2025-01-02 10:45:00+00:00,1.09888,1.10008,1.09873,1.09879,11621.68
1735815000,2025-01-02 10:50:00+00:00,1.0988,1.10011,1.09762,1.09787,7050.21
1735815300,2025-01-02 10:55:00+00:00,1.09787,1.09849,1.09778,1.0982,12307.01
1735815600,2025-01-02 11:00:00+00:00,1.09819,1.09972,1.09819,1.09908,18563.8
1735815900,2025-01-02 11:05:00+00:00,1.09908,1.09942,1.09799,1.09921,3965.9
1735816200,2025-01-02 11:10:00+00:00,1.09921,1.0993,1.09785,1.09926,9457.23
1735816500,2025-01-02 11:15:00+00:00,1.09927,1.0994,1.09711,1.09784,18776.05
1735816800,2025-01-02 11:20:00+00:00,1.09785,1.0979,1.0962,1.09663,27279.75
1735817100,2025-01-02 11:25:00+00:00,1.09662,1.09809,1.09646,1.09715,10882.8
1735817400,2025-01-02 11:30:00+00:00,1.09715,1.09846,1.09548,1.09593,9079.91
1735817700,2025-01-02 11:35:00+00:00,1.09594,1.09623,1.09417,1.09608,12790.67
1735818000,2025-01-02 11:40:00+00:00,1.09606,1.09671,1.09599,1.09641,5557.44
1735818300,2025-01-02 11:45:00+00:00,1.0964,1.09712,1.09636,1.09701,11182.19
1735818600,2025-01-02 11:50:00+00:00,1.09702,1.09779,1.09572,1.09771,16206.38
1735818900,2025-01-02 11:55:00+00:00,1.0977,1.09869,1.09665,1.09683,15681.26
1735819200,2025-01-02 12:00:00+00:00,1.09683,1.09686,1.09672,1.09681,2594.63
1735819500,2025-01-02 12:05:00+00:00,1.0968,1.09734,1.09609,1.09732,8339.45
1735819800,2025-01-02 12:10:00+00:00,1.09733,1.09779,1.09695,1.09772,15571.6
1735820100,2025-01-02 12:15:00+00:00,1.09771,1.09932,1.09738,1.09879,8166.93
1735820400,2025-01-02 12:20:00+00:00,1.09879,1.09888,1.09774,1.09835,17768.69
1735820700,2025-01-02 12:25:00+00:00,1.09837,1.09924,1.09727,1.0976,12546.88
1735821000,2025-01-02 12:30:00+00:00,1.0976,1.09943,1.09716,1.09807,5074.81
1735821300,2025-01-02 12:35:00+00:00,1.09807,1.09843,1.09574,1.09685,16583.03
1735821600,2025-01-02 12:40:00+00:00,1.09685,1.09701,1.09538,1.09573,9166.22
1735821900,2025-01-02 12:45:00+00:00,1.09574,1.09624,1.09558,1.09606,6610.56
1735822200,2025-01-02 12:50:00+00:00,1.09606,1.09612,1.0948,1.09553,4392.77
1735822500,2025-01-02 12:55:00+00:00,1.09552,1.09695,1.09448,1.09612,16071.17
1735822800,2025-01-02 13:00:00+00:00,1.09612,1.09704,1.09495,1.09608,7824.03
1735823100,2025-01-02 13:05:00+00:00,1.0961,1.09705,1.09518,1.0958,4197.12
1735823400,2025-01-02 13:10:00+00:00,1.09579,1.09652,1.09521,1.09527,14950.21
1735823700,2025-01-02 13:15:00+00:00,1.09528,1.09553,1.09418,1.09481,8691.4
1735824000,2025-01-02 13:20:00+00:00,1.09479,1.095,1.0944,1.09468,10481.53
1735824300,2025-01-02 13:25:00+00:00,1.09466,1.09513,1.09328,1.09456,14638.28
1735824600,2025-01-02 13:30:00+00:00,1.09455,1.09474,1.09415,1.09473,16181.68
1735824900,2025-01-02 13:35:00+00:00,1.09472,1.0956,1.0943,1.095,3945.69
1735825200,2025-01-02 13:40:00+00:00,1.095,1.09733,1.09348,1.09606,10977.86
1735825500,2025-01-02 13:45:00+00:00,1.09605,1.09615,1.09556,1.09599,5140.67
1735825800,2025-01-02 13:50:00+00:00,1.09601,1.09635,1.09537,1.09587,7135.84
1735826100,2025-01-02 13:55:00+00:00,1.09585,1.09754,1.09445,1.09739,14707.3
1735826400,2025-01-02 14:00:00+00:00,1.0974,1.09753,1.09688,1.09728,6561.96
1735826700,2025-01-02 14:05:00+00:00,1.09726,1.09764,1.09619,1.0968,9304.61
1735827000,2025-01-02 14:10:00+00:00,1.09679,1.09746,1.09634,1.09738,6238.45
1735827300,2025-01-02 14:15:00+00:00,1.0974,1.09771,1.09646,1.09668,20098.38
1735827600,2025-01-02 14:20:00+00:00,1.09669,1.09753,1.09664,1.09741,11396.87
1735827900,2025-01-02 14:25:00+00:00,1.09742,1.09791,1.09727,1.09781,8502.58
1735828200,2025-01-02 14:30:00+00:00,1.09779,1.09853,1.09767,1.09799,21175.19
1735828500,2025-01-02 14:35:00+00:00,1.09799,1.09978,1.09764,1.09809,7040.05
1735828800,2025-01-02 14:40:00+00:00,1.09809,1.09839,1.09751,1.09828,7371.81
1735829100,2025-01-02 14:45:00+00:00,1.09828,1.09875,1.09786,1.09838,4530.69
1735829400,2025-01-02 14:50:00+00:00,1.09839,1.10093,1.09819,1.09914,32029.2
1735829700,2025-01-02 14:55:00+00:00,1.09914,1.09919,1.09849,1.09893,6341.82
1735830000,2025-01-02 15:00:00+00:00,1.09892,1.0991,1.09554,1.09825,24651.52
1735830300,2025-01-02 15:05:00+00:00,1.09824,1.09844,1.09739,1.09751,6616.56
1735830600,2025-01-02 15:10:00+00:00,1.09749,1.09754,1.09698,1.09742,2268.23
1735830900,2025-01-02 15:15:00+00:00,1.09741,1.09961,1.09722,1.09804,5601.9
1735831200,2025-01-02 15:20:00+00:00,1.09806,1.09885,1.09768,1.0984,8046.18
1735831500,2025-01-02 15:25:00+00:00,1.09838,1.09853,1.09696,1.09775,5439.5
1735831800,2025-01-02 15:30:00+00:00,1.09776,1.0982,1.09619,1.09675,9279.96
1735832100,2025-01-02 15:35:00+00:00,1.09675,1.09769,1.09647,1.09754,12426.97
1735832400,2025-01-02 15:40:00+00:00,1.09756,1.09893,1.0974,1.09861,7977.42
1735832700,2025-01-02 15:45:00+00:00,1.09861,1.09912,1.09828,1.09828,7451.56
1735833000,2025-01-02 15:50:00+00:00,1.09826,1.09875,1.0959,1.09857,7011.78
1735833300,2025-01-02 15:55:00+00:00,1.09857,1.09914,1.09666,1.09741,5441.99
1735833600,2025-01-02 16:00:00+00:00,1.09742,1.0975,1.09709,1.09711,2887.95
1735833900,2025-01-02 16:05:00+00:00,1.0971,1.09749,1.09697,1.09703,9085.12
1735834200,2025-01-02 16:10:00+00:00,1.09702,1.09806,1.09617,1.09751,8967.51
1735834500,2025-01-02 16:15:00+00:00,1.09752,1.09788,1.09743,1.09743,4706.73
1735834800,2025-01-02 16:20:00+00:00,1.09742,1.09859,1.09672,1.09787,8730.87
1735835100,2025-01-02 16:25:00+00:00,1.09787,1.09832,1.09717,1.09724,14432.34
1735835400,2025-01-02 16:30:00+00:00,1.09725,1.09861,1.09639,1.09846,18310.66
1735835700,2025-01-02 16:35:00+00:00,1.09846,1.09863,1.0984,1.09844,5705.41
1735836000,2025-01-02 16:40:00+00:00,1.09843,1.09864,1.0979,1.09823,25206.19
1735836300,2025-01-02 16:45:00+00:00,1.09823,1.09832,1.09703,1.09774,11669.13
1735836600,2025-01-02 16:50:00+00:00,1.09776,1.09828,1.09768,1.09802,4913.22
1735836900,2025-01-02 16:55:00+00:00,1.098,1.09895,1.09777,1.09857,8443.6
1735837200,2025-01-02 17:00:00+00:00,1.09856,1.10145,1.09732,1.09804,4799.82
1735837500,2025-01-02 17:05:00+00:00,1.09803,1.09876,1.09783,1.09841,11247.61
1735837800,2025-01-02 17:10:00+00:00,1.09841,1.09871,1.09817,1.0987,10185.09
1735838100,2025-01-02 17:15:00+00:00,1.09869,1.09924,1.09861,1.09872,2834.37
1735838400,2025-01-02 17:20:00+00:00,1.09872,1.09891,1.09773,1.09846,8181.17
1735838700,2025-01-02 17:25:00+00:00,1.09844,1.09849,1.09707,1.09758,12634.93
1735839000,2025-01-02 17:30:00+00:00,1.09759,1.0986,1.09738,1.09809,18841.65
1735839300,2025-01-02 17:35:00+00:00,1.09809,1.09848,1.09748,1.09782,8160.61
1735839600,2025-01-02 17:40:00+00:00,1.09781,1.0982,1.09763,1.09792,7121.04
1735839900,2025-01-02 17:45:00+00:00,1.09794,1.1002,1.09767,1.09908,16510.09
1735840200,2025-01-02 17:50:00+00:00,1.09909,1.09911,1.09866,1.09893,4337.66
1735840500,2025-01-02 17:55:00+00:00,1.09892,1.09962,1.09719,1.09943,18817.49
1735840800,2025-01-02 18:00:00+00:00,1.09943,1.1007,1.09894,1.10019,22539.23
1735841100,2025-01-02 18:05:00+00:00,1.10021,1.1004,1.09837,1.09951,9330.71
1735841400,2025-01-02 18:10:00+00:00,1.09949,1.09949,1.09815,1.09856,23422.29
1735841700,2025-01-02 18:15:00+00:00,1.09855,1.09942,1.09767,1.09853,8465.32
1735842000,2025-01-02 18:20:00+00:00,1.09852,1.09914,1.09819,1.09888,8160.25
1735842300,2025-01-02 18:25:00+00:00,1.09889,1.10025,1.09884,1.09995,14492.76
1735842600,2025-01-02 18:30:00+00:00,1.09995,1.10118,1.09939,1.10111,7008.26
1735842900,2025-01-02 18:35:00+00:00,1.1011,1.10178,1.10099,1.10176,15147.81
1735843200,2025-01-02 18:40:00+00:00,1.10178,1.10273,1.10158,1.1016,8340.57
1735843500,2025-01-02 18:45:00+00:00,1.10162,1.10242,1.10001,1.10067,7226.2
1735843800,2025-01-02 18:50:00+00:00,1.10067,1.10195,1.1001,1.10015,13891.68
1735844100,2025-01-02 18:55:00+00:00,1.10016,1.10216,1.09935,1.10006,10766.11
1735844400,2025-01-02 19:00:00+00:00,1.10005,1.10071,1.09984,1.10071,9876.32
1735844700,2025-01-02 19:05:00+00:00,1.10073,1.10074,1.09987,1.10057,4795.17
1735845000,2025-01-02 19:10:00+00:00,1.10056,1.10062,1.09994,1.10005,8840.8
1735845300,2025-01-02 19:15:00+00:00,1.10005,1.10022,1.09967,1.0997,17045.32
1735845600,2025-01-02 19:20:00+00:00,1.0997,1.1,1.09933,1.09942,6184.83
1735845900,2025-01-02 19:25:00+00:00,1.09943,1.10008,1.0968,1.09929,2295.15
1735846200,2025-01-02 19:30:00+00:00,1.09929,1.09947,1.09928,1.09934,6660.1
1735846500,2025-01-02 19:35:00+00:00,1.09933,1.10044,1.09931,1.09933,5339.15
1735846800,2025-01-02 19:40:00+00:00,1.09934,1.09971,1.09892,1.09965,13123.15
1735847100,2025-01-02 19:45:00+00:00,1.09966,1.10109,1.09863,1.09874,18338.24
1735847400,2025-01-02 19:50:00+00:00,1.09873,1.09925,1.09837,1.09914,14655.4
1735847700,2025-01-02 19:55:00+00:00,1.09915,1.09935,1.09889,1.0992,4944.42
1735848000,2025-01-02 20:00:00+00:00,1.0992,1.10018,1.09782,1.1,5778.53
1735848300,2025-01-02 20:05:00+00:00,1.09999,1.10041,1.09957,1.09988,4091.23
1735848600,2025-01-02 20:10:00+00:00,1.09988,1.10053,1.09974,1.10052,7469.24
1735848900,2025-01-02 20:15:00+00:00,1.10053,1.1008,1.10015,1.10019,2986.94
1735849200,2025-01-02 20:20:00+00:00,1.10021,1.1011,1.09872,1.10027,1559.36
1735849500,2025-01-02 20:25:00+00:00,1.10027,1.10086,1.09947,1.10024,5611.28
1735849800,2025-01-02 20:30:00+00:00,1.10026,1.10031,1.09902,1.09918,17949.71
1735850100,2025-01-02 20:35:00+00:00,1.09917,1.09954,1.09885,1.09911,6039.02
1735850400,2025-01-02 20:40:00+00:00,1.09912,1.10071,1.09907,1.09936,9532.12
1735850700,2025-01-02 20:45:00+00:00,1.09935,1.09964,1.09933,1.09961,4787.86
1735851000,2025-01-02 20:50:00+00:00,1.09962,1.09966,1.09895,1.09902,9771.59
1735851300,2025-01-02 20:55:00+00:00,1.09904,1.10016,1.09888,1.09976,13046.96
1735851600,2025-01-02 21:00:00+00:00,1.09977,1.10063,1.09972,1.1005,11126.64
1735851900,2025-01-02 21:05:00+00:00,1.10049,1.10077,1.09891,1.09895,16609.21
1735852200,2025-01-02 21:10:00+00:00,1.09894,1.0994,1.09838,1.09871,4017.74
1735852500,2025-01-02 21:15:00+00:00,1.0987,1.09922,1.09863,1.0988,4707.23
1735852800,2025-01-02 21:20:00+00:00,1.09882,1.09982,1.09868,1.09978,19610.83
1735853100,2025-01-02 21:25:00+00:00,1.09979,1.10005,1.09771,1.09935,9244.84
1735853400,2025-01-02 21:30:00+00:00,1.09933,1.09941,1.09781,1.09792,15352.72
1735853700,2025-01-02 21:35:00+00:00,1.09794,1.09812,1.09715,1.09734,20082.73
1735854000,2025-01-02 21:40:00+00:00,1.09733,1.09832,1.09725,1.09826,12911.13
1735854300,2025-01-02 21:45:00+00:00,1.09829,1.09859,1.09767,1.09778,6792.43
1735854600,2025-01-02 21:50:00+00:00,1.09779,1.0978,1.09682,1.09713,6842.54
1735854900,2025-01-02 21:55:00+00:00,1.09711,1.09722,1.09553,1.09577,30489.4
1735855200,2025-01-02 22:00:00+00:00,1.09578,1.09627,1.09462,1.09501,6392.0
1735855500,2025-01-02 22:05:00+00:00,1.095,1.09527,1.09338,1.09474,10777.69
1735855800,2025-01-02 22:10:00+00:00,1.09475,1.09482,1.09287,1.09395,10758.8
1735856100,2025-01-02 22:15:00+00:00,1.09394,1.09409,1.09277,1.0939,3999.14
1735856400,2025-01-02 22:20:00+00:00,1.09389,1.09426,1.09377,1.09402,4103.63
1735856700,2025-01-02 22:25:00+00:00,1.09404,1.09513,1.09254,1.09462,13806.97
1735857000,2025-01-02 22:30:00+00:00,1.09464,1.09554,1.09419,1.09546,12417.75
1735857300,2025-01-02 22:35:00+00:00,1.09547,1.09648,1.0948,1.09644,25546.29
1735857600,2025-01-02 22:40:00+00:00,1.09643,1.09737,1.09558,1.09586,24117.49
1735857900,2025-01-02 22:45:00+00:00,1.09588,1.0962,1.09483,1.09511,10001.84
1735858200,2025-01-02 22:50:00+00:00,1.09511,1.09514,1.09497,1.09498,7977.87
1735858500,2025-01-02 22:55:00+00:00,1.09497,1.0954,1.09463,1.09537,8364.01
1735858800,2025-01-02 23:00:00+00:00,1.09537,1.09612,1.09514,1.09609,8860.93
1735859100,2025-01-02 23:05:00+00:00,1.09611,1.09762,1.09589,1.09671,14070.1
1735859400,2025-01-02 23:10:00+00:00,1.09672,1.09733,1.09649,1.0967,5485.28
1735859700,2025-01-02 23:15:00+00:00,1.0967,1.09673,1.09645,1.09655,4174.83
1735860000,2025-01-02 23:20:00+00:00,1.09655,1.0972,1.09608,1.09648,1964.69
1735860300,2025-01-02 23:25:00+00:00,1.09648,1.09782,1.09573,1.09614,4087.85
1735860600,2025-01-02 23:30:00+00:00,1.09615,1.09625,1.09593,1.09612,3442.67
1735860900,2025-01-02 23:35:00+00:00,1.09611,1.09635,1.09503,1.09595,5218.68
1735861200,2025-01-02 23:40:00+00:00,1.09594,1.09623,1.09537,1.09572,15743.3
1735861500,2025-01-02 23:45:00+00:00,1.0957,1.09622,1.09405,1.09499,7882.2
1735861800,2025-01-02 23:50:00+00:00,1.09501,1.09561,1.09456,1.0948,4804.5
1735862100,2025-01-02 23:55:00+00:00,1.09481,1.09495,1.0943,1.09458,10482.57
1735862400,2025-01-03 00:00:00+00:00,1.0946,1.09545,1.09395,1.09483,12985.79
1735862700,2025-01-03 00:05:00+00:00,1.09483,1.09551,1.09464,1.09495,7797.48
1735863000,2025-01-03 00:10:00+00:00,1.09496,1.09516,1.09438,1.09484,10865.61
1735863300,2025-01-03 00:15:00+00:00,1.09486,1.09491,1.09466,1.09481,6310.63
1735863600,2025-01-03 00:20:00+00:00,1.09482,1.09592,1.09449,1.09575,5764.54
1735863900,2025-01-03 00:25:00+00:00,1.09575,1.0961,1.09383,1.09511,4411.12
1735864200,2025-01-03 00:30:00+00:00,1.09512,1.09513,1.09486,1.095,3032.4
1735864500,2025-01-03 00:35:00+00:00,1.09501,1.09521,1.09469,1.09482,2381.3
1735864800,2025-01-03 00:40:00+00:00,1.09481,1.09526,1.09359,1.09479,6293.03
1735865100,2025-01-03 00:45:00+00:00,1.09481,1.09578,1.09452,1.09547,7847.9
1735865400,2025-01-03 00:50:00+00:00,1.09547,1.09622,1.09458,1.09547,5144.29
1735865700,2025-01-03 00:55:00+00:00,1.09547,1.09684,1.09519,1.09629,6377.17
1735866000,2025-01-03 01:00:00+00:00,1.09629,1.0964,1.09555,1.09556,11756.08
1735866300,2025-01-03 01:05:00+00:00,1.09556,1.09626,1.09443,1.09476,7537.33
1735866600,2025-01-03 01:10:00+00:00,1.09477,1.09558,1.09377,1.09512,4889.31
1735866900,2025-01-03 01:15:00+00:00,1.09512,1.09637,1.09388,1.09575,18006.43
1735867200,2025-01-03 01:20:00+00:00,1.09574,1.09591,1.09447,1.09468,12798.43
1735867500,2025-01-03 01:25:00+00:00,1.09468,1.09471,1.09295,1.09469,5709.55
1735867800,2025-01-03 01:30:00+00:00,1.09469,1.09603,1.09469,1.09492,6295.53
1735868100,2025-01-03 01:35:00+00:00,1.09492,1.09502,1.0916,1.09465,5327.24
1735868400,2025-01-03 01:40:00+00:00,1.09464,1.09495,1.09216,1.09336,11089.14
1735868700,2025-01-03 01:45:00+00:00,1.09334,1.09425,1.09334,1.09378,9432.62
1735869000,2025-01-03 01:50:00+00:00,1.09378,1.09493,1.0936,1.09472,8069.35
1735869300,2025-01-03 01:55:00+00:00,1.09471,1.0954,1.09453,1.09511,3787.37
1735869600,2025-01-03 02:00:00+00:00,1.09513,1.09569,1.09451,1.09502,3204.38
1735869900,2025-01-03 02:05:00+00:00,1.09502,1.09582,1.09353,1.09368,9830.49
1735870200,2025-01-03 02:10:00+00:00,1.09369,1.09373,1.09315,1.09364,3472.0
1735870500,2025-01-03 02:15:00+00:00,1.09365,1.09422,1.09364,1.09391,8433.86
1735870800,2025-01-03 02:20:00+00:00,1.09391,1.09635,1.09363,1.09423,4953.19
1735871100,2025-01-03 02:25:00+00:00,1.09424,1.09433,1.09385,1.09424,3537.61
1735871400,2025-01-03 02:30:00+00:00,1.09422,1.0943,1.09391,1.09415,5388.63
1735871700,2025-01-03 02:35:00+00:00,1.09415,1.0944,1.09365,1.094,3546.92
1735872000,2025-01-03 02:40:00+00:00,1.09399,1.094,1.09348,1.09394,7514.31
1735872300,2025-01-03 02:45:00+00:00,1.09393,1.09542,1.09352,1.09542,21693.32
1735872600,2025-01-03 02:50:00+00:00,1.09541,1.09554,1.09331,1.09486,10879.38
1735872900,2025-01-03 02:55:00+00:00,1.09486,1.09489,1.09378,1.09432,12135.54
1735873200,2025-01-03 03:00:00+00:00,1.09432,1.09483,1.0935,1.09452,11839.03
1735873500,2025-01-03 03:05:00+00:00,1.09451,1.09525,1.09332,1.09382,12857.92
1735873800,2025-01-03 03:10:00+00:00,1.09381,1.09439,1.09197,1.093,15065.12
1735874100,2025-01-03 03:15:00+00:00,1.09301,1.0934,1.09295,1.09318,3575.36
1735874400,2025-01-03 03:20:00+00:00,1.09317,1.09415,1.09308,1.0937,8897.3
1735874700,2025-01-03 03:25:00+00:00,1.09371,1.09403,1.09319,1.09334,9804.91
1735875000,2025-01-03 03:30:00+00:00,1.09335,1.09474,1.09296,1.09382,15286.47
1735875300,2025-01-03 03:35:00+00:00,1.09382,1.09529,1.09356,1.09486,19867.9
1735875600,2025-01-03 03:40:00+00:00,1.09487,1.09556,1.09328,1.09422,10926.86
1735875900,2025-01-03 03:45:00+00:00,1.09418,1.09496,1.093,1.09461,8586.9
1735876200,2025-01-03 03:50:00+00:00,1.09461,1.09492,1.0945,1.09469,4680.01
1735876500,2025-01-03 03:55:00+00:00,1.09468,1.095,1.09389,1.09426,4739.85
1735876800,2025-01-03 04:00:00+00:00,1.09426,1.09583,1.09398,1.09501,10762.04
1735877100,2025-01-03 04:05:00+00:00,1.09501,1.09544,1.09457,1.09506,10693.76
1735877400,2025-01-03 04:10:00+00:00,1.09505,1.09666,1.09463,1.09598,14727.1
1735877700,2025-01-03 04:15:00+00:00,1.09599,1.0968,1.09478,1.09569,15112.87
1735878000,2025-01-03 04:20:00+00:00,1.0957,1.09652,1.09535,1.09547,8965.85
1735878300,2025-01-03 04:25:00+00:00,1.09548,1.09613,1.09407,1.09557,8180.13
1735878600,2025-01-03 04:30:00+00:00,1.09558,1.09642,1.09525,1.09609,6960.14
1735878900,2025-01-03 04:35:00+00:00,1.09609,1.09638,1.09494,1.09586,3394.48
1735879200,2025-01-03 04:40:00+00:00,1.09586,1.0962,1.09487,1.09521,10740.51
1735879500,2025-01-03 04:45:00+00:00,1.09521,1.09522,1.09444,1.09503,4341.1
1735879800,2025-01-03 04:50:00+00:00,1.09502,1.09621,1.095,1.09569,9577.94
1735880100,2025-01-03 04:55:00+00:00,1.09571,1.09572,1.09332,1.09391,7559.94
1735880400,2025-01-03 05:00:00+00:00,1.09391,1.09394,1.09163,1.0925,7984.15
1735880700,2025-01-03 05:05:00+00:00,1.09251,1.0949,1.09179,1.09195,29702.04
1735881000,2025-01-03 05:10:00+00:00,1.09195,1.09253,1.09154,1.09245,11760.46
1735881300,2025-01-03 05:15:00+00:00,1.09244,1.09336,1.0914,1.09198,5211.73
1735881600,2025-01-03 05:20:00+00:00,1.09197,1.09286,1.09106,1.09254,12783.35
1735881900,2025-01-03 05:25:00+00:00,1.09255,1.09315,1.09243,1.09286,18317.11
1735882200,2025-01-03 05:30:00+00:00,1.09287,1.09559,1.09273,1.09311,6207.99
1735882500,2025-01-03 05:35:00+00:00,1.09311,1.0934,1.0927,1.09337,5389.96
1735882800,2025-01-03 05:40:00+00:00,1.09336,1.09396,1.09335,1.09387,3770.32
1735883100,2025-01-03 05:45:00+00:00,1.09387,1.09436,1.09358,1.09361,12438.66
1735883400,2025-01-03 05:50:00+00:00,1.0936,1.09553,1.09356,1.09468,18533.01
1735883700,2025-01-03 05:55:00+00:00,1.09469,1.09497,1.09464,1.09488,4021.17
1735884000,2025-01-03 06:00:00+00:00,1.0949,1.09551,1.09445,1.09536,15058.98
1735884300,2025-01-03 06:05:00+00:00,1.09536,1.0958,1.09527,1.09537,6955.58
1735884600,2025-01-03 06:10:00+00:00,1.0954,1.09842,1.09456,1.09648,18537.69
1735884900,2025-01-03 06:15:00+00:00,1.09644,1.0968,1.09614,1.09674,4849.87
1735885200,2025-01-03 06:20:00+00:00,1.09675,1.0968,1.09584,1.09628,17415.91
1735885500,2025-01-03 06:25:00+00:00,1.09628,1.09639,1.09583,1.09623,5540.27
1735885800,2025-01-03 06:30:00+00:00,1.09621,1.09645,1.09543,1.09596,8409.87
1735886100,2025-01-03 06:35:00+00:00,1.09596,1.09651,1.09592,1.09636,7946.08
1735886400,2025-01-03 06:40:00+00:00,1.09637,1.09697,1.09598,1.0965,10811.1
1735886700,2025-01-03 06:45:00+00:00,1.0965,1.09667,1.09649,1.09659,4049.21
1735887000,2025-01-03 06:50:00+00:00,1.0966,1.09695,1.09616,1.0965,6221.94
1735887300,2025-01-03 06:55:00+00:00,1.09648,1.09654,1.09636,1.0964,4615.72
1735887600,2025-01-03 07:00:00+00:00,1.09638,1.09647,1.09493,1.09518,8166.05
1735887900,2025-01-03 07:05:00+00:00,1.09516,1.09557,1.09451,1.09486,5922.65
1735888200,2025-01-03 07:10:00+00:00,1.09486,1.09587,1.09414,1.09415,14838.71
1735888500,2025-01-03 07:15:00+00:00,1.09414,1.09439,1.09347,1.09432,7688.5
1735888800,2025-01-03 07:20:00+00:00,1.09431,1.09462,1.09328,1.09357,11071.35
1735889100,2025-01-03 07:25:00+00:00,1.09356,1.09453,1.09325,1.09396,10209.82
1735889400,2025-01-03 07:30:00+00:00,1.09398,1.09422,1.09382,1.09391,9847.94
1735889700,2025-01-03 07:35:00+00:00,1.09391,1.09432,1.09345,1.09355,15211.52
1735890000,2025-01-03 07:40:00+00:00,1.09355,1.09514,1.09348,1.09473,19288.65
1735890300,2025-01-03 07:45:00+00:00,1.09475,1.09479,1.09403,1.09443,4614.18
1735890600,2025-01-03 07:50:00+00:00,1.09443,1.09522,1.09437,1.09499,11549.83
1735890900,2025-01-03 07:55:00+00:00,1.09499,1.09568,1.09397,1.09489,1485.96
1735891200,2025-01-03 08:00:00+00:00,1.09487,1.09545,1.09481,1.09507,2894.35
1735891500,2025-01-03 08:05:00+00:00,1.09508,1.09611,1.09488,1.09599,4694.05
1735891800,2025-01-03 08:10:00+00:00,1.09599,1.09644,1.09503,1.09543,22455.49
1735892100,2025-01-03 08:15:00+00:00,1.09543,1.09562,1.09495,1.09525,5449.43
1735892400,2025-01-03 08:20:00+00:00,1.09526,1.09618,1.0949,1.09536,4302.02
1735892700,2025-01-03 08:25:00+00:00,1.09539,1.09553,1.09533,1.09543,8376.18
1735893000,2025-01-03 08:30:00+00:00,1.0954,1.09644,1.09471,1.09614,12377.23
1735893300,2025-01-03 08:35:00+00:00,1.09611,1.09659,1.09529,1.09572,2982.32
1735893600,2025-01-03 08:40:00+00:00,1.09573,1.09681,1.09541,1.09616,11612.82
1735893900,2025-01-03 08:45:00+00:00,1.09616,1.09616,1.09547,1.09557,9927.02
1735894200,2025-01-03 08:50:00+00:00,1.09557,1.09813,1.09553,1.09581,2787.61
1735894500,2025-01-03 08:55:00+00:00,1.09583,1.09638,1.09521,1.09613,6241.05
1735894800,2025-01-03 09:00:00+00:00,1.09612,1.09623,1.09543,1.0959,6928.93
1735895100,2025-01-03 09:05:00+00:00,1.09591,1.09657,1.09496,1.09605,6507.57
1735895400,2025-01-03 09:10:00+00:00,1.09606,1.09669,1.09589,1.09663,11288.05
1735895700,2025-01-03 09:15:00+00:00,1.09663,1.09722,1.09551,1.09699,18083.54
1735896000,2025-01-03 09:20:00+00:00,1.09698,1.09719,1.09639,1.09655,8953.53
1735896300,2025-01-03 09:25:00+00:00,1.09656,1.09662,1.0959,1.09613,14971.44
1735896600,2025-01-03 09:30:00+00:00,1.09613,1.09686,1.09546,1.09661,9586.65
1735896900,2025-01-03 09:35:00+00:00,1.09661,1.09681,1.09646,1.0966,5018.07
1735897200,2025-01-03 09:40:00+00:00,1.09661,1.09756,1.09635,1.09659,5019.58
1735897500,2025-01-03 09:45:00+00:00,1.09658,1.097,1.09566,1.09668,2373.14
1735897800,2025-01-03 09:50:00+00:00,1.09668,1.09754,1.09616,1.09638,4286.39
1735898100,2025-01-03 09:55:00+00:00,1.09639,1.09686,1.09623,1.09672,4515.26
1735898400,2025-01-03 10:00:00+00:00,1.09673,1.09693,1.09612,1.09624,6611.8
1735898700,2025-01-03 10:05:00+00:00,1.09625,1.09687,1.09583,1.09656,14655.38
1735899000,2025-01-03 10:10:00+00:00,1.09657,1.09853,1.09618,1.09635,10044.27
1735899300,2025-01-03 10:15:00+00:00,1.09635,1.09752,1.09574,1.09608,7412.2
1735899600,2025-01-03 10:20:00+00:00,1.0961,1.09682,1.09549,1.09667,8141.79
1735899900,2025-01-03 10:25:00+00:00,1.09664,1.09712,1.09635,1.09674,10501.35
1735900200,2025-01-03 10:30:00+00:00,1.09672,1.09789,1.09666,1.09673,4262.18
1735900500,2025-01-03 10:35:00+00:00,1.09674,1.09724,1.09603,1.09618,10881.03
1735900800,2025-01-03 10:40:00+00:00,1.09617,1.0966,1.09569,1.09656,8220.59
1735901100,2025-01-03 10:45:00+00:00,1.09653,1.09653,1.09638,1.09638,9201.13
1735901400,2025-01-03 10:50:00+00:00,1.09639,1.09711,1.09625,1.09632,3239.74
1735901700,2025-01-03 10:55:00+00:00,1.09633,1.09812,1.09583,1.09693,24330.84
1735902000,2025-01-03 11:00:00+00:00,1.09692,1.09782,1.09526,1.09701,5057.78
1735902300,2025-01-03 11:05:00+00:00,1.09702,1.09737,1.09655,1.09674,8524.16
1735902600,2025-01-03 11:10:00+00:00,1.09674,1.0968,1.0963,1.09632,7886.23
1735902900,2025-01-03 11:15:00+00:00,1.09632,1.09653,1.09506,1.09516,21097.33
1735903200,2025-01-03 11:20:00+00:00,1.09516,1.09521,1.09386,1.09496,6840.31
1735903500,2025-01-03 11:25:00+00:00,1.09495,1.09644,1.09491,1.09545,14177.71
1735903800,2025-01-03 11:30:00+00:00,1.09545,1.09562,1.09501,1.09559,6489.21
1735904100,2025-01-03 11:35:00+00:00,1.0956,1.09607,1.0946,1.09589,7097.87
1735904400,2025-01-03 11:40:00+00:00,1.0959,1.09794,1.09581,1.09654,15357.78
1735904700,2025-01-03 11:45:00+00:00,1.09656,1.09719,1.09612,1.09618,5067.06
1735905000,2025-01-03 11:50:00+00:00,1.09617,1.09738,1.09527,1.09684,11683.14
1735905300,2025-01-03 11:55:00+00:00,1.09684,1.09763,1.09662,1.09746,7856.3
1735905600,2025-01-03 12:00:00+00:00,1.09745,1.09748,1.09709,1.09727,5020.1
1735905900,2025-01-03 12:05:00+00:00,1.09724,1.09746,1.0963,1.09655,6657.81
1735906200,2025-01-03 12:10:00+00:00,1.09655,1.09679,1.09476,1.09615,9683.32
1735906500,2025-01-03 12:15:00+00:00,1.09615,1.0967,1.09582,1.0959,2989.94
1735906800,2025-01-03 12:20:00+00:00,1.0959,1.09601,1.09522,1.09532,14497.73
1735907100,2025-01-03 12:25:00+00:00,1.09532,1.09564,1.0937,1.09493,4878.06
1735907400,2025-01-03 12:30:00+00:00,1.09497,1.09502,1.09364,1.09388,13176.09
1735907700,2025-01-03 12:35:00+00:00,1.09387,1.09447,1.09361,1.09367,3836.18
1735908000,2025-01-03 12:40:00+00:00,1.09367,1.0963,1.09356,1.09474,15125.02
1735908300,2025-01-03 12:45:00+00:00,1.09474,1.09519,1.09425,1.09481,3148.37
1735908600,2025-01-03 12:50:00+00:00,1.09481,1.09633,1.09468,1.09599,11962.09
1735908900,2025-01-03 12:55:00+00:00,1.09599,1.09602,1.09522,1.09523,3804.68
1735909200,2025-01-03 13:00:00+00:00,1.09524,1.09546,1.09524,1.09524,7296.24
1735909500,2025-01-03 13:05:00+00:00,1.09524,1.09548,1.09349,1.09464,8539.2
1735909800,2025-01-03 13:10:00+00:00,1.09464,1.09473,1.09399,1.09453,8408.73
1735910100,2025-01-03 13:15:00+00:00,1.09454,1.09538,1.09442,1.09526,8742.02
1735910400,2025-01-03 13:20:00+00:00,1.09524,1.09564,1.09494,1.09515,6977.14
1735910700,2025-01-03 13:25:00+00:00,1.09514,1.09638,1.09476,1.09514,7149.98
1735911000,2025-01-03 13:30:00+00:00,1.0951,1.09542,1.09451,1.09482,10386.41
1735911300,2025-01-03 13:35:00+00:00,1.09482,1.0951,1.09332,1.09393,7246.67
1735911600,2025-01-03 13:40:00+00:00,1.09394,1.09396,1.09365,1.09373,7936.94
1735911900,2025-01-03 13:45:00+00:00,1.09374,1.09468,1.09341,1.09435,12140.46
1735912200,2025-01-03 13:50:00+00:00,1.09434,1.09467,1.09336,1.09458,5725.23
1735912500,2025-01-03 13:55:00+00:00,1.09459,1.0949,1.09436,1.09489,7180.15
1735912800,2025-01-03 14:00:00+00:00,1.09489,1.09537,1.09304,1.094,13181.94
1735913100,2025-01-03 14:05:00+00:00,1.094,1.09442,1.09259,1.09382,6996.95
1735913400,2025-01-03 14:10:00+00:00,1.09381,1.0943,1.09362,1.09419,8395.04
1735913700,2025-01-03 14:15:00+00:00,1.09419,1.09448,1.09297,1.09419,12301.55
1735914000,2025-01-03 14:20:00+00:00,1.09418,1.09429,1.09388,1.09393,11673.29
1735914300,2025-01-03 14:25:00+00:00,1.09394,1.09435,1.09365,1.09429,6423.31
1735914600,2025-01-03 14:30:00+00:00,1.09428,1.09449,1.0939,1.09406,5541.21
1735914900,2025-01-03 14:35:00+00:00,1.09406,1.09503,1.09263,1.09279,27289.63
1735915200,2025-01-03 14:40:00+00:00,1.09278,1.09321,1.09218,1.09238,5084.5
1735915500,2025-01-03 14:45:00+00:00,1.09237,1.09261,1.09051,1.09073,16850.56
1735915800,2025-01-03 14:50:00+00:00,1.09071,1.09151,1.09046,1.09087,3991.55
1735916100,2025-01-03 14:55:00+00:00,1.0909,1.09148,1.09046,1.09135,17754.25
1735916400,2025-01-03 15:00:00+00:00,1.09133,1.09197,1.09125,1.09151,12401.1
1735916700,2025-01-03 15:05:00+00:00,1.09152,1.09159,1.09104,1.09126,4922.21
1735917000,2025-01-03 15:10:00+00:00,1.09125,1.09128,1.08898,1.09061,9613.27
1735917300,2025-01-03 15:15:00+00:00,1.0906,1.09089,1.09021,1.09076,2126.87
1735917600,2025-01-03 15:20:00+00:00,1.09076,1.09087,1.0904,1.09066,3698.41
1735917900,2025-01-03 15:25:00+00:00,1.09068,1.09073,1.08924,1.0899,14030.3
1735918200,2025-01-03 15:30:00+00:00,1.0899,1.08995,1.08899,1.08946,10121.86
1735918500,2025-01-03 15:35:00+00:00,1.08945,1.09017,1.08935,1.08983,11987.73
1735918800,2025-01-03 15:40:00+00:00,1.08984,1.09002,1.08934,1.08942,8540.19
1735919100,2025-01-03 15:45:00+00:00,1.08942,1.09053,1.08859,1.08998,10404.81
1735919400,2025-01-03 15:50:00+00:00,1.08999,1.09099,1.0892,1.09038,3953.83
1735919700,2025-01-03 15:55:00+00:00,1.09039,1.09097,1.08999,1.09035,3070.79
1735920000,2025-01-03 16:00:00+00:00,1.09037,1.0916,1.09032,1.0906,15461.05
1735920300,2025-01-03 16:05:00+00:00,1.09062,1.09104,1.08919,1.09068,1616.0
1735920600,2025-01-03 16:10:00+00:00,1.09066,1.09111,1.08917,1.09044,6631.66
1735920900,2025-01-03 16:15:00+00:00,1.09044,1.09078,1.09033,1.09072,9107.07
1735921200,2025-01-03 16:20:00+00:00,1.09072,1.09202,1.09018,1.09142,5773.74
1735921500,2025-01-03 16:25:00+00:00,1.09141,1.09145,1.09115,1.09131,5052.81
1735921800,2025-01-03 16:30:00+00:00,1.09128,1.09195,1.09,1.09174,11484.55
1735922100,2025-01-03 16:35:00+00:00,1.09176,1.09186,1.08991,1.09156,10571.19
1735922400,2025-01-03 16:40:00+00:00,1.09156,1.09385,1.09096,1.09327,35525.0
1735922700,2025-01-03 16:45:00+00:00,1.09326,1.09355,1.09194,1.09222,11683.04
1735923000,2025-01-03 16:50:00+00:00,1.09222,1.09241,1.0908,1.09231,3429.29
1735923300,2025-01-03 16:55:00+00:00,1.0923,1.09312,1.09215,1.09304,12023.4
1735923600,2025-01-03 17:00:00+00:00,1.09304,1.0939,1.09219,1.09288,10995.54
1735923900,2025-01-03 17:05:00+00:00,1.09287,1.09422,1.09269,1.0939,24170.55
1735924200,2025-01-03 17:10:00+00:00,1.09391,1.09543,1.09363,1.09502,11066.93
1735924500,2025-01-03 17:15:00+00:00,1.09501,1.09526,1.09249,1.09433,4491.56
1735924800,2025-01-03 17:20:00+00:00,1.09433,1.09485,1.09335,1.09394,15876.84
1735925100,2025-01-03 17:25:00+00:00,1.09393,1.09456,1.09365,1.09411,11305.06
1735925400,2025-01-03 17:30:00+00:00,1.09411,1.09533,1.09299,1.09391,5488.9
1735925700,2025-01-03 17:35:00+00:00,1.09392,1.09426,1.09105,1.09271,8967.16
1735926000,2025-01-03 17:40:00+00:00,1.0927,1.0944,1.09198,1.09346,7209.2
1735926300,2025-01-03 17:45:00+00:00,1.09347,1.09352,1.09167,1.09308,6213.87
1735926600,2025-01-03 17:50:00+00:00,1.09308,1.09356,1.09175,1.09251,5144.73
1735926900,2025-01-03 17:55:00+00:00,1.09251,1.09286,1.09245,1.09283,11153.45
1735927200,2025-01-03 18:00:00+00:00,1.09284,1.09364,1.09211,1.09313,7187.95
1735927500,2025-01-03 18:05:00+00:00,1.09312,1.09366,1.09219,1.09223,2571.74
1735927800,2025-01-03 18:10:00+00:00,1.09226,1.09261,1.09111,1.0912,12475.82
1735928100,2025-01-03 18:15:00+00:00,1.09121,1.09145,1.09076,1.09085,4230.02
1735928400,2025-01-03 18:20:00+00:00,1.09088,1.09109,1.09065,1.0907,12130.94
1735928700,2025-01-03 18:25:00+00:00,1.09068,1.09314,1.09053,1.09204,19470.89
1735929000,2025-01-03 18:30:00+00:00,1.09205,1.09226,1.09134,1.09163,3755.29
1735929300,2025-01-03 18:35:00+00:00,1.09163,1.09164,1.09008,1.09117,5490.69
1735929600,2025-01-03 18:40:00+00:00,1.09119,1.09181,1.09036,1.09045,12119.57
1735929900,2025-01-03 18:45:00+00:00,1.09044,1.0915,1.09039,1.09138,4237.85
1735930200,2025-01-03 18:50:00+00:00,1.09136,1.09145,1.08983,1.09027,11313.57
1735930500,2025-01-03 18:55:00+00:00,1.09026,1.0903,1.08972,1.09003,16271.28
1735930800,2025-01-03 19:00:00+00:00,1.09002,1.09095,1.0898,1.09068,6402.19
1735931100,2025-01-03 19:05:00+00:00,1.09067,1.09075,1.09009,1.09029,6467.28
1735931400,2025-01-03 19:10:00+00:00,1.09031,1.09074,1.08942,1.08961,5662.38
1735931700,2025-01-03 19:15:00+00:00,1.08962,1.08971,1.08543,1.08871,12831.09
1735932000,2025-01-03 19:20:00+00:00,1.08871,1.0891,1.08831,1.089,6931.83
1735932300,2025-01-03 19:25:00+00:00,1.089,1.08978,1.08883,1.08918,5052.88
1735932600,2025-01-03 19:30:00+00:00,1.08919,1.08929,1.08899,1.0891,4868.97
1735932900,2025-01-03 19:35:00+00:00,1.0891,1.08985,1.08895,1.08943,6033.74
1735933200,2025-01-03 19:40:00+00:00,1.08945,1.09018,1.0888,1.08889,11296.98
1735933500,2025-01-03 19:45:00+00:00,1.08888,1.09039,1.08863,1.08931,6381.12
1735933800,2025-01-03 19:50:00+00:00,1.08929,1.08985,1.08891,1.08965,23130.65
1735934100,2025-01-03 19:55:00+00:00,1.08963,1.09005,1.08839,1.0887,9379.91
1735934400,2025-01-03 20:00:00+00:00,1.08871,1.08938,1.08809,1.08931,6253.48
1735934700,2025-01-03 20:05:00+00:00,1.08929,1.08983,1.08917,1.08943,4546.88
1735935000,2025-01-03 20:10:00+00:00,1.08944,1.09011,1.08937,1.08993,22049.53
1735935300,2025-01-03 20:15:00+00:00,1.08993,1.09056,1.08834,1.08842,29387.72
1735935600,2025-01-03 20:20:00+00:00,1.08842,1.08873,1.0877,1.08797,4381.08
1735935900,2025-01-03 20:25:00+00:00,1.08799,1.08847,1.08731,1.08803,4442.46
1735936200,2025-01-03 20:30:00+00:00,1.08802,1.08964,1.08756,1.08919,15914.38
1735936500,2025-01-03 20:35:00+00:00,1.08921,1.08964,1.08914,1.08959,6903.89
1735936800,2025-01-03 20:40:00+00:00,1.08959,1.09046,1.08957,1.09018,15800.5
1735937100,2025-01-03 20:45:00+00:00,1.09019,1.09032,1.08723,1.0891,15951.38
1735937400,2025-01-03 20:50:00+00:00,1.08909,1.08985,1.08898,1.08958,9027.09
1735937700,2025-01-03 20:55:00+00:00,1.08959,1.08987,1.08814,1.08818,28802.91
1735938000,2025-01-03 21:00:00+00:00,1.08818,1.08922,1.08772,1.08861,11641.71
1735938300,2025-01-03 21:05:00+00:00,1.08862,1.09055,1.08854,1.0893,8573.95
1735938600,2025-01-03 21:10:00+00:00,1.0893,1.08936,1.08869,1.08932,2706.56
1735938900,2025-01-03 21:15:00+00:00,1.08932,1.0898,1.0891,1.0894,6398.84
1735939200,2025-01-03 21:20:00+00:00,1.08941,1.09041,1.08904,1.08974,7267.6
1735939500,2025-01-03 21:25:00+00:00,1.08974,1.08993,1.08923,1.08926,5242.52
1735939800,2025-01-03 21:30:00+00:00,1.08925,1.08986,1.08806,1.08843,13471.35
1735940100,2025-01-03 21:35:00+00:00,1.08842,1.08954,1.08816,1.08854,7824.64
1735940400,2025-01-03 21:40:00+00:00,1.08855,1.089,1.08832,1.08843,4568.06
1735940700,2025-01-03 21:45:00+00:00,1.08844,1.08882,1.08843,1.08855,6810.04
1735941000,2025-01-03 21:50:00+00:00,1.08855,1.08875,1.08811,1.0882,6066.91
1735941300,2025-01-03 21:55:00+00:00,1.0882,1.08902,1.08738,1.0874,10308.21
1735941600,2025-01-03 22:00:00+00:00,1.0874,1.08886,1.0868,1.0885,12671.96
1735941900,2025-01-03 22:05:00+00:00,1.08848,1.08882,1.08822,1.08852,6330.99
1735942200,2025-01-03 22:10:00+00:00,1.08853,1.0892,1.08814,1.08852,7202.04
1735942500,2025-01-03 22:15:00+00:00,1.08851,1.08864,1.08817,1.08833,4475.27
1735942800,2025-01-03 22:20:00+00:00,1.08833,1.08845,1.0871,1.08712,8456.72
1735943100,2025-01-03 22:25:00+00:00,1.08711,1.0874,1.08685,1.08722,15684.86
1735943400,2025-01-03 22:30:00+00:00,1.08721,1.08817,1.08703,1.08792,10451.13
1735943700,2025-01-03 22:35:00+00:00,1.08792,1.08793,1.08708,1.08736,8305.02
1735944000,2025-01-03 22:40:00+00:00,1.08736,1.08815,1.08734,1.08792,12417.71
1735944300,2025-01-03 22:45:00+00:00,1.08791,1.08866,1.08723,1.08841,7293.95
1735944600,2025-01-03 22:50:00+00:00,1.08843,1.08868,1.08712,1.08773,8832.58
1735944900,2025-01-03 22:55:00+00:00,1.08774,1.08866,1.08763,1.08849,15973.27
1735945200,2025-01-03 23:00:00+00:00,1.08849,1.08967,1.08815,1.08944,26633.36
1735945500,2025-01-03 23:05:00+00:00,1.08943,1.08965,1.08891,1.08954,1721.72
1735945800,2025-01-03 23:10:00+00:00,1.08954,1.09038,1.08937,1.08968,4699.11
1735946100,2025-01-03 23:15:00+00:00,1.08967,1.09161,1.08869,1.08931,8057.83
1735946400,2025-01-03 23:20:00+00:00,1.08931,1.0896,1.08808,1.08861,9860.22
1735946700,2025-01-03 23:25:00+00:00,1.08862,1.08937,1.08817,1.08906,30976.01
1735947000,2025-01-03 23:30:00+00:00,1.08904,1.08921,1.08851,1.0888,7580.65
1735947300,2025-01-03 23:35:00+00:00,1.08879,1.0888,1.08834,1.08872,4281.3
1735947600,2025-01-03 23:40:00+00:00,1.08869,1.08918,1.08773,1.08877,2740.53
1735947900,2025-01-03 23:45:00+00:00,1.08874,1.08874,1.08755,1.08785,18597.13
1735948200,2025-01-03 23:50:00+00:00,1.08786,1.08797,1.08656,1.08689,13969.6
1735948500,2025-01-03 23:55:00+00:00,1.0869,1.08726,1.08537,1.08676,10905.36
1735948800,2025-01-04 00:00:00+00:00,1.08675,1.08792,1.08648,1.08706,4786.17
1735949100,2025-01-04 00:05:00+00:00,1.08707,1.0886,1.08628,1.08795,14622.95
1735949400,2025-01-04 00:10:00+00:00,1.08796,1.08912,1.08789,1.08891,7482.03
1735949700,2025-01-04 00:15:00+00:00,1.08891,1.08953,1.08834,1.08841,12826.07
1735950000,2025-01-04 00:20:00+00:00,1.08842,1.08926,1.08728,1.08768,2805.99
1735950300,2025-01-04 00:25:00+00:00,1.08769,1.08812,1.08724,1.08746,11656.29
1735950600,2025-01-04 00:30:00+00:00,1.08746,1.08772,1.08626,1.08654,16977.41
1735950900,2025-01-04 00:35:00+00:00,1.08655,1.08703,1.08604,1.087,13018.15
1735951200,2025-01-04 00:40:00+00:00,1.087,1.08716,1.08674,1.08711,9493.32
1735951500,2025-01-04 00:45:00+00:00,1.0871,1.08714,1.0857,1.08647,15795.14
1735951800,2025-01-04 00:50:00+00:00,1.08647,1.08791,1.08644,1.08748,6337.55
1735952100,2025-01-04 00:55:00+00:00,1.08747,1.08818,1.08713,1.08793,5714.52
1735952400,2025-01-04 01:00:00+00:00,1.08792,1.0887,1.08754,1.08864,26269.58
1735952700,2025-01-04 01:05:00+00:00,1.08865,1.09053,1.08861,1.08929,21227.58
1735953000,2025-01-04 01:10:00+00:00,1.08928,1.0902,1.08913,1.08992,9933.93
1735953300,2025-01-04 01:15:00+00:00,1.08992,1.09056,1.08892,1.09048,4548.76
1735953600,2025-01-04 01:20:00+00:00,1.09049,1.09097,1.08862,1.08894,10347.77
1735953900,2025-01-04 01:25:00+00:00,1.08895,1.08957,1.08818,1.08834,4565.35
1735954200,2025-01-04 01:30:00+00:00,1.08833,1.0889,1.08739,1.08824,2935.27
1735954500,2025-01-04 01:35:00+00:00,1.08824,1.08855,1.08804,1.08835,5019.46
1735954800,2025-01-04 01:40:00+00:00,1.08833,1.08862,1.08744,1.08762,7387.47
1735955100,2025-01-04 01:45:00+00:00,1.0876,1.08773,1.08671,1.08693,10774.28
1735955400,2025-01-04 01:50:00+00:00,1.08691,1.08726,1.0856,1.08566,12857.76
1735955700,2025-01-04 01:55:00+00:00,1.08566,1.08691,1.08418,1.08462,3950.76
1735956000,2025-01-04 02:00:00+00:00,1.08463,1.08575,1.08431,1.08504,8835.96
1735956300,2025-01-04 02:05:00+00:00,1.08506,1.08628,1.08415,1.08422,20130.48
1735956600,2025-01-04 02:10:00+00:00,1.08422,1.0845,1.08368,1.08379,6561.83
1735956900,2025-01-04 02:15:00+00:00,1.0838,1.08396,1.0836,1.08377,2909.41
1735957200,2025-01-04 02:20:00+00:00,1.08377,1.08416,1.08237,1.08385,5783.82
1735957500,2025-01-04 02:25:00+00:00,1.08383,1.08443,1.08319,1.08343,5103.8
1735957800,2025-01-04 02:30:00+00:00,1.08343,1.08408,1.08284,1.08313,10459.96
1735958100,2025-01-04 02:35:00+00:00,1.08313,1.0848,1.08246,1.08455,32427.21
1735958400,2025-01-04 02:40:00+00:00,1.08454,1.08535,1.08452,1.08493,5079.68
1735958700,2025-01-04 02:45:00+00:00,1.08492,1.08494,1.08428,1.0843,9657.89
1735959000,2025-01-04 02:50:00+00:00,1.08432,1.0852,1.08364,1.0851,5007.74
1735959300,2025-01-04 02:55:00+00:00,1.08511,1.08614,1.08481,1.08484,3740.05
1735959600,2025-01-04 03:00:00+00:00,1.08485,1.08494,1.08387,1.08452,1749.9
1735959900,2025-01-04 03:05:00+00:00,1.08453,1.08547,1.0835,1.08404,8020.61
1735960200,2025-01-04 03:10:00+00:00,1.08403,1.08438,1.08323,1.08413,6272.56
1735960500,2025-01-04 03:15:00+00:00,1.08413,1.08508,1.08412,1.08466,10175.67
1735960800,2025-01-04 03:20:00+00:00,1.08464,1.08485,1.08348,1.08367,9184.48
1735961100,2025-01-04 03:25:00+00:00,1.08368,1.08417,1.08294,1.08314,13459.45
1735961400,2025-01-04 03:30:00+00:00,1.08314,1.08355,1.08308,1.08341,6570.31
1735961700,2025-01-04 03:35:00+00:00,1.0834,1.0846,1.08271,1.08371,5638.66
1735962000,2025-01-04 03:40:00+00:00,1.08371,1.08371,1.08181,1.08332,5299.61
1735962300,2025-01-04 03:45:00+00:00,1.08334,1.0835,1.0832,1.08339,4285.67
1735962600,2025-01-04 03:50:00+00:00,1.08339,1.08436,1.08231,1.08428,6751.0
1735962900,2025-01-04 03:55:00+00:00,1.08427,1.08458,1.08378,1.08406,6972.65
1735963200,2025-01-04 04:00:00+00:00,1.08407,1.0845,1.08327,1.0835,20856.14
1735963500,2025-01-04 04:05:00+00:00,1.08351,1.08424,1.08247,1.08411,14124.89
1735963800,2025-01-04 04:10:00+00:00,1.08411,1.08494,1.08284,1.08308,30453.89
1735964100,2025-01-04 04:15:00+00:00,1.08309,1.08357,1.08144,1.08245,23202.57
1735964400,2025-01-04 04:20:00+00:00,1.08247,1.08268,1.08087,1.08156,16668.07
1735964700,2025-01-04 04:25:00+00:00,1.08156,1.0819,1.08054,1.0808,10197.36
1735965000,2025-01-04 04:30:00+00:00,1.08079,1.08168,1.07909,1.07988,7786.71
1735965300,2025-01-04 04:35:00+00:00,1.07989,1.07993,1.07901,1.07906,10034.5
1735965600,2025-01-04 04:40:00+00:00,1.07906,1.07911,1.07747,1.07811,9356.36
1735965900,2025-01-04 04:45:00+00:00,1.07808,1.07812,1.07641,1.0775,5358.81
1735966200,2025-01-04 04:50:00+00:00,1.07751,1.07754,1.07656,1.07691,15915.0
1735966500,2025-01-04 04:55:00+00:00,1.07693,1.07785,1.07636,1.0774,4693.37
1735966800,2025-01-04 05:00:00+00:00,1.07742,1.07824,1.07719,1.07797,8034.01
1735967100,2025-01-04 05:05:00+00:00,1.07799,1.07886,1.07757,1.07774,4896.93
1735967400,2025-01-04 05:10:00+00:00,1.07773,1.0781,1.07763,1.07774,4848.31
1735967700,2025-01-04 05:15:00+00:00,1.07776,1.07791,1.07668,1.07757,10031.87
1735968000,2025-01-04 05:20:00+00:00,1.07757,1.07796,1.07676,1.07686,13598.62
1735968300,2025-01-04 05:25:00+00:00,1.07685,1.07884,1.07628,1.0783,24189.63
1735968600,2025-01-04 05:30:00+00:00,1.07831,1.07834,1.07806,1.07809,4452.06
1735968900,2025-01-04 05:35:00+00:00,1.07808,1.07895,1.07769,1.07875,19813.78
1735969200,2025-01-04 05:40:00+00:00,1.07877,1.07974,1.07877,1.07907,8568.22
1735969500,2025-01-04 05:45:00+00:00,1.07909,1.07916,1.07882,1.0791,4126.95
1735969800,2025-01-04 05:50:00+00:00,1.0791,1.07942,1.07779,1.07828,12639.36
1735970100,2025-01-04 05:55:00+00:00,1.07827,1.07921,1.07763,1.07918,23136.5
1735970400,2025-01-04 06:00:00+00:00,1.07917,1.08003,1.07823,1.07864,7820.26
1735970700,2025-01-04 06:05:00+00:00,1.07864,1.0788,1.07835,1.07848,2814.81
1735971000,2025-01-04 06:10:00+00:00,1.07847,1.07956,1.07844,1.0793,8599.59
1735971300,2025-01-04 06:15:00+00:00,1.07929,1.08049,1.07824,1.07846,6303.17
1735971600,2025-01-04 06:20:00+00:00,1.07846,1.07904,1.07828,1.07866,6997.39
1735971900,2025-01-04 06:25:00+00:00,1.07866,1.07904,1.07793,1.07805,10787.75
1735972200,2025-01-04 06:30:00+00:00,1.07806,1.07849,1.07726,1.07733,15761.2
1735972500,2025-01-04 06:35:00+00:00,1.07731,1.07779,1.07685,1.07715,3775.19
1735972800,2025-01-04 06:40:00+00:00,1.07715,1.07738,1.07546,1.07657,23701.66
1735973100,2025-01-04 06:45:00+00:00,1.07658,1.07659,1.07588,1.07653,3632.73
1735973400,2025-01-04 06:50:00+00:00,1.07653,1.07708,1.07506,1.07537,9360.48
1735973700,2025-01-04 06:55:00+00:00,1.07536,1.07635,1.07508,1.0753,4467.38
1735974000,2025-01-04 07:00:00+00:00,1.07529,1.07658,1.07485,1.07495,3250.26
1735974300,2025-01-04 07:05:00+00:00,1.07496,1.07615,1.07332,1.07416,10412.64
1735974600,2025-01-04 07:10:00+00:00,1.07416,1.07428,1.07135,1.07335,7787.48
1735974900,2025-01-04 07:15:00+00:00,1.07336,1.07371,1.07278,1.07347,13671.52
1735975200,2025-01-04 07:20:00+00:00,1.07347,1.07366,1.07262,1.07364,6401.46
1735975500,2025-01-04 07:25:00+00:00,1.07363,1.07376,1.07355,1.07363,4544.3
1735975800,2025-01-04 07:30:00+00:00,1.07363,1.07394,1.07344,1.07369,11402.37
1735976100,2025-01-04 07:35:00+00:00,1.07368,1.07408,1.07236,1.07316,12138.79
1735976400,2025-01-04 07:40:00+00:00,1.07316,1.07332,1.07281,1.07323,12400.21
1735976700,2025-01-04 07:45:00+00:00,1.07321,1.07323,1.07121,1.07239,13370.61
1735977000,2025-01-04 07:50:00+00:00,1.0724,1.07301,1.07238,1.07291,8444.21
1735977300,2025-01-04 07:55:00+00:00,1.07291,1.07311,1.07252,1.07292,4727.71
1735977600,2025-01-04 08:00:00+00:00,1.07293,1.07328,1.07289,1.07314,4110.38
1735977900,2025-01-04 08:05:00+00:00,1.07315,1.07339,1.07263,1.07282,3700.99
1735978200,2025-01-04 08:10:00+00:00,1.07283,1.07454,1.07276,1.07384,10061.48
1735978500,2025-01-04 08:15:00+00:00,1.07386,1.07425,1.07385,1.07409,5769.63
1735978800,2025-01-04 08:20:00+00:00,1.07411,1.07445,1.07352,1.07356,6933.48
1735979100,2025-01-04 08:25:00+00:00,1.07356,1.07439,1.07262,1.07282,15426.63
1735979400,2025-01-04 08:30:00+00:00,1.07282,1.07372,1.07231,1.07365,12429.86
1735979700,2025-01-04 08:35:00+00:00,1.07365,1.07393,1.07289,1.07386,5610.47
1735980000,2025-01-04 08:40:00+00:00,1.07388,1.07417,1.07194,1.07294,10834.01
1735980300,2025-01-04 08:45:00+00:00,1.07295,1.07416,1.07275,1.07361,7251.52
1735980600,2025-01-04 08:50:00+00:00,1.07361,1.07405,1.0734,1.07366,10117.54
1735980900,2025-01-04 08:55:00+00:00,1.07366,1.07477,1.07315,1.07402,13663.18
1735981200,2025-01-04 09:00:00+00:00,1.07401,1.07432,1.07267,1.07327,12866.97
1735981500,2025-01-04 09:05:00+00:00,1.07327,1.07481,1.07252,1.07398,8109.07
1735981800,2025-01-04 09:10:00+00:00,1.074,1.07405,1.0733,1.07341,15266.29
1735982100,2025-01-04 09:15:00+00:00,1.07341,1.0745,1.07321,1.07345,5875.59
1735982400,2025-01-04 09:20:00+00:00,1.07343,1.07374,1.07285,1.0731,2882.11
1735982700,2025-01-04 09:25:00+00:00,1.07311,1.0739,1.07189,1.07211,7712.46
1735983000,2025-01-04 09:30:00+00:00,1.07212,1.07245,1.07137,1.07209,7280.94
1735983300,2025-01-04 09:35:00+00:00,1.0721,1.07234,1.07108,1.07134,13072.32
1735983600,2025-01-04 09:40:00+00:00,1.07133,1.07218,1.06912,1.0719,6575.16
1735983900,2025-01-04 09:45:00+00:00,1.0719,1.07221,1.07136,1.07179,11343.29
1735984200,2025-01-04 09:50:00+00:00,1.0718,1.07349,1.07142,1.07273,7911.0
1735984500,2025-01-04 09:55:00+00:00,1.07274,1.073,1.07173,1.07203,10366.34
1735984800,2025-01-04 10:00:00+00:00,1.07202,1.0732,1.07202,1.0732,39033.01
1735985100,2025-01-04 10:05:00+00:00,1.0732,1.07325,1.07299,1.07303,7965.9
1735985400,2025-01-04 10:10:00+00:00,1.073,1.07389,1.07283,1.07377,9231.69
1735985700,2025-01-04 10:15:00+00:00,1.07375,1.07442,1.07359,1.0741,9138.0
1735986000,2025-01-04 10:20:00+00:00,1.0741,1.07551,1.07369,1.07378,11323.44
1735986300,2025-01-04 10:25:00+00:00,1.07379,1.07552,1.07218,1.07452,7790.9
1735986600,2025-01-04 10:30:00+00:00,1.07451,1.07569,1.07443,1.07531,8514.15
1735986900,2025-01-04 10:35:00+00:00,1.07532,1.07539,1.07395,1.07422,20246.6
1735987200,2025-01-04 10:40:00+00:00,1.07422,1.07554,1.07408,1.07533,17848.91
1735987500,2025-01-04 10:45:00+00:00,1.07534,1.07584,1.07477,1.07551,9149.24
1735987800,2025-01-04 10:50:00+00:00,1.07551,1.07554,1.07545,1.07549,8248.94
1735988100,2025-01-04 10:55:00+00:00,1.07547,1.0774,1.07438,1.07691,8436.44
1735988400,2025-01-04 11:00:00+00:00,1.07692,1.07714,1.07611,1.07666,5589.93
1735988700,2025-01-04 11:05:00+00:00,1.07667,1.07729,1.0763,1.07707,7010.45
1735989000,2025-01-04 11:10:00+00:00,1.07706,1.07732,1.07704,1.0771,4977.62
1735989300,2025-01-04 11:15:00+00:00,1.0771,1.07736,1.07643,1.07706,2379.87
1735989600,2025-01-04 11:20:00+00:00,1.07707,1.07795,1.07671,1.07762,4147.02
1735989900,2025-01-04 11:25:00+00:00,1.07761,1.07795,1.07721,1.07733,7861.67
1735990200,2025-01-04 11:30:00+00:00,1.07731,1.07798,1.07622,1.07645,16065.86
1735990500,2025-01-04 11:35:00+00:00,1.07647,1.07653,1.0758,1.07591,3920.61
1735990800,2025-01-04 11:40:00+00:00,1.07591,1.07641,1.07493,1.07571,12328.32
1735991100,2025-01-04 11:45:00+00:00,1.07571,1.07577,1.07513,1.07518,14882.2
1735991400,2025-01-04 11:50:00+00:00,1.07516,1.07572,1.07342,1.07384,8669.86
1735991700,2025-01-04 11:55:00+00:00,1.07385,1.07461,1.07335,1.07373,5676.19
1735992000,2025-01-04 12:00:00+00:00,1.07372,1.075,1.07319,1.07498,38759.52
1735992300,2025-01-04 12:05:00+00:00,1.07497,1.07642,1.0737,1.07542,6146.15
1735992600,2025-01-04 12:10:00+00:00,1.07542,1.07544,1.0743,1.0751,6770.45
1735992900,2025-01-04 12:15:00+00:00,1.07511,1.07618,1.07483,1.07585,30835.82
1735993200,2025-01-04 12:20:00+00:00,1.07585,1.07757,1.07546,1.07639,8026.56
1735993500,2025-01-04 12:25:00+00:00,1.07639,1.07705,1.0759,1.0765,6196.08
1735993800,2025-01-04 12:30:00+00:00,1.07652,1.07706,1.07647,1.07691,8280.38
1735994100,2025-01-04 12:35:00+00:00,1.0769,1.07817,1.07672,1.0773,12489.09
1735994400,2025-01-04 12:40:00+00:00,1.07731,1.07764,1.07596,1.07622,3837.46
1735994700,2025-01-04 12:45:00+00:00,1.07622,1.07623,1.0746,1.0759,15980.28
1735995000,2025-01-04 12:50:00+00:00,1.07591,1.076,1.07503,1.07513,11569.97
1735995300,2025-01-04 12:55:00+00:00,1.07513,1.07522,1.07494,1.07522,3671.22
1735995600,2025-01-04 13:00:00+00:00,1.07522,1.07591,1.07445,1.07464,7842.31
1735995900,2025-01-04 13:05:00+00:00,1.07463,1.0755,1.07417,1.07513,5048.79
1735996200,2025-01-04 13:10:00+00:00,1.07516,1.07554,1.07455,1.07482,4010.79
1735996500,2025-01-04 13:15:00+00:00,1.07483,1.07486,1.07407,1.07431,7918.75
1735996800,2025-01-04 13:20:00+00:00,1.07431,1.07443,1.07353,1.07421,3876.15
1735997100,2025-01-04 13:25:00+00:00,1.07418,1.07462,1.07372,1.07428,4413.32
1735997400,2025-01-04 13:30:00+00:00,1.07429,1.07473,1.0736,1.07416,7607.1
1735997700,2025-01-04 13:35:00+00:00,1.07418,1.0753,1.07393,1.07521,36127.9
1735998000,2025-01-04 13:40:00+00:00,1.07522,1.07525,1.07455,1.07523,7885.04
1735998300,2025-01-04 13:45:00+00:00,1.07522,1.07668,1.0736,1.07578,4695.61
1735998600,2025-01-04 13:50:00+00:00,1.07579,1.07661,1.07539,1.07629,2821.76
1735998900,2025-01-04 13:55:00+00:00,1.07629,1.07716,1.07612,1.07662,3125.87
1735999200,2025-01-04 14:00:00+00:00,1.0766,1.07696,1.07658,1.07677,8666.75
1735999500,2025-01-04 14:05:00+00:00,1.07677,1.07682,1.07591,1.07609,17057.7
1735999800,2025-01-04 14:10:00+00:00,1.07609,1.0764,1.07492,1.07591,4803.72
1736000100,2025-01-04 14:15:00+00:00,1.0759,1.07621,1.07561,1.07572,4165.41
1736000400,2025-01-04 14:20:00+00:00,1.07574,1.0766,1.07504,1.07653,7657.21
1736000700,2025-01-04 14:25:00+00:00,1.07652,1.0772,1.07612,1.07636,15418.18
1736001000,2025-01-04 14:30:00+00:00,1.07635,1.07826,1.07596,1.0776,34069.88
1736001300,2025-01-04 14:35:00+00:00,1.07761,1.0778,1.07571,1.07573,15429.1
1736001600,2025-01-04 14:40:00+00:00,1.07573,1.07632,1.07539,1.07617,6069.68
1736001900,2025-01-04 14:45:00+00:00,1.07617,1.07619,1.07525,1.0753,27450.31
1736002200,2025-01-04 14:50:00+00:00,1.07528,1.07564,1.07517,1.07536,5416.68
1736002500,2025-01-04 14:55:00+00:00,1.07538,1.07698,1.07515,1.07669,14000.48
1736002800,2025-01-04 15:00:00+00:00,1.07667,1.07701,1.07649,1.07681,6120.78
1736003100,2025-01-04 15:05:00+00:00,1.07682,1.07731,1.07588,1.07636,22118.14
1736003400,2025-01-04 15:10:00+00:00,1.07633,1.077,1.07616,1.07642,5862.39
1736003700,2025-01-04 15:15:00+00:00,1.07642,1.07681,1.07556,1.07677,7909.97
1736004000,2025-01-04 15:20:00+00:00,1.07676,1.07801,1.07665,1.0776,6167.86
1736004300,2025-01-04 15:25:00+00:00,1.07761,1.07846,1.07756,1.07789,11017.0
1736004600,2025-01-04 15:30:00+00:00,1.07789,1.0783,1.07759,1.07764,14968.55
1736004900,2025-01-04 15:35:00+00:00,1.07765,1.07905,1.07757,1.07863,11666.73
1736005200,2025-01-04 15:40:00+00:00,1.07863,1.0788,1.07803,1.07821,2845.12
1736005500,2025-01-04 15:45:00+00:00,1.0782,1.07843,1.07791,1.07836,4905.88
1736005800,2025-01-04 15:50:00+00:00,1.07836,1.079,1.07658,1.077,8415.72
1736006100,2025-01-04 15:55:00+00:00,1.077,1.07819,1.07691,1.07778,7609.08
1736006400,2025-01-04 16:00:00+00:00,1.07777,1.07803,1.07704,1.07802,18731.61
1736006700,2025-01-04 16:05:00+00:00,1.07803,1.07808,1.07604,1.07718,8662.61
1736007000,2025-01-04 16:10:00+00:00,1.0772,1.07726,1.0766,1.07663,4606.76
1736007300,2025-01-04 16:15:00+00:00,1.07661,1.07697,1.07472,1.0754,9630.16
1736007600,2025-01-04 16:20:00+00:00,1.07539,1.07594,1.07404,1.07541,5732.02
1736007900,2025-01-04 16:25:00+00:00,1.07539,1.07546,1.07491,1.07495,11811.25
1736008200,2025-01-04 16:30:00+00:00,1.07496,1.07644,1.0741,1.07579,6140.16
1736008500,2025-01-04 16:35:00+00:00,1.0758,1.07677,1.07577,1.07635,4835.03
1736008800,2025-01-04 16:40:00+00:00,1.07636,1.07668,1.07636,1.07637,2854.2
1736009100,2025-01-04 16:45:00+00:00,1.07637,1.07646,1.07418,1.07555,11228.87
1736009400,2025-01-04 16:50:00+00:00,1.07555,1.07569,1.07415,1.07495,6233.26
1736009700,2025-01-04 16:55:00+00:00,1.07496,1.07498,1.07377,1.07402,9041.47
1736010000,2025-01-04 17:00:00+00:00,1.07402,1.07463,1.07266,1.07411,6161.06
1736010300,2025-01-04 17:05:00+00:00,1.07409,1.07433,1.07277,1.07295,24805.3
1736010600,2025-01-04 17:10:00+00:00,1.07296,1.07327,1.07273,1.07285,5821.9
1736010900,2025-01-04 17:15:00+00:00,1.07286,1.07402,1.07267,1.07307,3688.0
1736011200,2025-01-04 17:20:00+00:00,1.07306,1.07332,1.07245,1.07329,3955.37
1736011500,2025-01-04 17:25:00+00:00,1.07331,1.07374,1.07314,1.07355,19351.57
1736011800,2025-01-04 17:30:00+00:00,1.07354,1.07397,1.07184,1.073,11255.34
1736012100,2025-01-04 17:35:00+00:00,1.07299,1.07309,1.07281,1.07288,5142.25
1736012400,2025-01-04 17:40:00+00:00,1.07285,1.07304,1.07213,1.07242,8216.18
1736012700,2025-01-04 17:45:00+00:00,1.07244,1.07356,1.07205,1.07289,4882.93
1736013000,2025-01-04 17:50:00+00:00,1.0729,1.07301,1.07255,1.07265,7791.57
1736013300,2025-01-04 17:55:00+00:00,1.07265,1.07307,1.07243,1.07256,3357.35
1736013600,2025-01-04 18:00:00+00:00,1.07257,1.07335,1.07224,1.07295,7658.79
1736013900,2025-01-04 18:05:00+00:00,1.07294,1.0732,1.07135,1.07189,17596.93
1736014200,2025-01-04 18:10:00+00:00,1.07188,1.07227,1.0717,1.07225,8745.16
1736014500,2025-01-04 18:15:00+00:00,1.07229,1.07344,1.07223,1.07306,15058.47
1736014800,2025-01-04 18:20:00+00:00,1.07306,1.0733,1.07182,1.07322,15735.84
1736015100,2025-01-04 18:25:00+00:00,1.07323,1.07469,1.07303,1.07375,20356.2
1736015400,2025-01-04 18:30:00+00:00,1.07374,1.0741,1.07311,1.07334,3498.71
1736015700,2025-01-04 18:35:00+00:00,1.07335,1.07338,1.07281,1.07331,4620.25
1736016000,2025-01-04 18:40:00+00:00,1.07331,1.07404,1.07288,1.07382,3893.51
1736016300,2025-01-04 18:45:00+00:00,1.07382,1.07469,1.07364,1.07442,28303.1
1736016600,2025-01-04 18:50:00+00:00,1.07444,1.0746,1.07396,1.07426,14749.76
1736016900,2025-01-04 18:55:00+00:00,1.07425,1.07461,1.07233,1.07423,8455.54
1736017200,2025-01-04 19:00:00+00:00,1.07424,1.07502,1.07385,1.07475,4378.27
1736017500,2025-01-04 19:05:00+00:00,1.07477,1.07817,1.07451,1.0761,9963.02
1736017800,2025-01-04 19:10:00+00:00,1.0761,1.07683,1.07544,1.0758,8196.08
1736018100,2025-01-04 19:15:00+00:00,1.0758,1.07584,1.07537,1.07542,4899.32
1736018400,2025-01-04 19:20:00+00:00,1.07545,1.07575,1.07512,1.07518,6655.8
1736018700,2025-01-04 19:25:00+00:00,1.0752,1.07625,1.07329,1.0742,15913.82
1736019000,2025-01-04 19:30:00+00:00,1.07422,1.07451,1.07297,1.07305,9040.97
1736019300,2025-01-04 19:35:00+00:00,1.07304,1.07322,1.07251,1.07267,6485.01
1736019600,2025-01-04 19:40:00+00:00,1.07268,1.07282,1.07197,1.07217,23949.29
1736019900,2025-01-04 19:45:00+00:00,1.07218,1.07314,1.07161,1.07247,14179.09
1736020200,2025-01-04 19:50:00+00:00,1.07246,1.07362,1.0704,1.07172,8035.47
1736020500,2025-01-04 19:55:00+00:00,1.07174,1.07287,1.07094,1.07195,24487.68
1736020800,2025-01-04 20:00:00+00:00,1.07193,1.0733,1.07164,1.07254,6710.04
1736021100,2025-01-04 20:05:00+00:00,1.07254,1.07355,1.07174,1.07324,8636.26
1736021400,2025-01-04 20:10:00+00:00,1.07325,1.07397,1.07324,1.07388,6769.85
1736021700,2025-01-04 20:15:00+00:00,1.07386,1.07402,1.0722,1.07342,9152.98
1736022000,2025-01-04 20:20:00+00:00,1.07342,1.07343,1.07291,1.07309,6728.66
1736022300,2025-01-04 20:25:00+00:00,1.07309,1.07336,1.07217,1.07237,10379.46
1736022600,2025-01-04 20:30:00+00:00,1.07235,1.07305,1.07093,1.07117,41462.59
1736022900,2025-01-04 20:35:00+00:00,1.07117,1.07234,1.07049,1.07079,8490.12
1736023200,2025-01-04 20:40:00+00:00,1.07078,1.07273,1.07063,1.07121,8456.16
1736023500,2025-01-04 20:45:00+00:00,1.0712,1.07261,1.06979,1.07065,10043.97
1736023800,2025-01-04 20:50:00+00:00,1.07064,1.07122,1.06966,1.07039,16113.54
1736024100,2025-01-04 20:55:00+00:00,1.07038,1.07075,1.06997,1.07054,5756.05
1736024400,2025-01-04 21:00:00+00:00,1.07052,1.07109,1.0687,1.07067,5603.35
1736024700,2025-01-04 21:05:00+00:00,1.07065,1.07151,1.0705,1.07105,5554.9
1736025000,2025-01-04 21:10:00+00:00,1.07105,1.0714,1.07046,1.07068,11422.99
1736025300,2025-01-04 21:15:00+00:00,1.07069,1.071,1.06919,1.06982,20835.15
1736025600,2025-01-04 21:20:00+00:00,1.0698,1.07025,1.06967,1.07021,4568.35
1736025900,2025-01-04 21:25:00+00:00,1.07022,1.07117,1.06964,1.06984,12462.69
1736026200,2025-01-04 21:30:00+00:00,1.06984,1.07017,1.06891,1.06971,3302.95
1736026500,2025-01-04 21:35:00+00:00,1.06971,1.07049,1.06941,1.07001,7032.16
1736026800,2025-01-04 21:40:00+00:00,1.06999,1.07007,1.06975,1.06998,3869.35
1736027100,2025-01-04 21:45:00+00:00,1.06997,1.07051,1.06994,1.07024,8472.83
1736027400,2025-01-04 21:50:00+00:00,1.07023,1.07065,1.06856,1.06881,23548.9
1736027700,2025-01-04 21:55:00+00:00,1.06881,1.06931,1.06865,1.06929,9750.68
1736028000,2025-01-04 22:00:00+00:00,1.06929,1.07044,1.0683,1.0692,2834.76
1736028300,2025-01-04 22:05:00+00:00,1.0692,1.07122,1.06911,1.0708,9868.25
1736028600,2025-01-04 22:10:00+00:00,1.0708,1.0708,1.07025,1.07075,2699.68
1736028900,2025-01-04 22:15:00+00:00,1.07075,1.0709,1.06998,1.06999,8652.62
1736029200,2025-01-04 22:20:00+00:00,1.07,1.07061,1.06966,1.07009,5691.91
1736029500,2025-01-04 22:25:00+00:00,1.07007,1.0707,1.06913,1.0701,4150.42
1736029800,2025-01-04 22:30:00+00:00,1.07008,1.07141,1.06989,1.07097,13932.19
1736030100,2025-01-04 22:35:00+00:00,1.07098,1.071,1.07024,1.07051,11211.63
1736030400,2025-01-04 22:40:00+00:00,1.07051,1.07189,1.07041,1.07151,6212.67
1736030700,2025-01-04 22:45:00+00:00,1.07149,1.07188,1.07097,1.07103,10848.46
1736031000,2025-01-04 22:50:00+00:00,1.07103,1.0721,1.07082,1.07124,9536.31
1736031300,2025-01-04 22:55:00+00:00,1.07123,1.07146,1.07093,1.07138,3706.28
1736031600,2025-01-04 23:00:00+00:00,1.0714,1.07298,1.07134,1.07227,23345.82
1736031900,2025-01-04 23:05:00+00:00,1.07225,1.0723,1.07101,1.07145,5369.92
1736032200,2025-01-04 23:10:00+00:00,1.07143,1.07233,1.0706,1.07071,10484.35
1736032500,2025-01-04 23:15:00+00:00,1.07072,1.07122,1.06963,1.07115,15570.15
1736032800,2025-01-04 23:20:00+00:00,1.07116,1.07188,1.07034,1.07115,2917.88
1736033100,2025-01-04 23:25:00+00:00,1.07116,1.07165,1.07101,1.07114,4664.63
1736033400,2025-01-04 23:30:00+00:00,1.07115,1.07133,1.07047,1.07068,5241.1
1736033700,2025-01-04 23:35:00+00:00,1.07067,1.07193,1.0699,1.07004,17220.7
1736034000,2025-01-04 23:40:00+00:00,1.07006,1.07047,1.06883,1.06913,17548.66
1736034300,2025-01-04 23:45:00+00:00,1.06914,1.07037,1.06887,1.06995,10939.39
1736034600,2025-01-04 23:50:00+00:00,1.06997,1.07034,1.0689,1.07021,3150.66
1736034900,2025-01-04 23:55:00+00:00,1.07022,1.07084,1.06992,1.07009,6170.27
1736035200,2025-01-05 00:00:00+00:00,1.07008,1.07069,1.06867,1.06892,2873.09
1736035500,2025-01-05 00:05:00+00:00,1.06893,1.07037,1.0687,1.06926,11443.63
1736035800,2025-01-05 00:10:00+00:00,1.06927,1.0703,1.06807,1.07015,20903.17
1736036100,2025-01-05 00:15:00+00:00,1.07015,1.07085,1.06966,1.07046,19404.18
1736036400,2025-01-05 00:20:00+00:00,1.07045,1.07118,1.07004,1.07043,5774.4
1736036700,2025-01-05 00:25:00+00:00,1.0704,1.0711,1.07022,1.07051,11663.16
1736037000,2025-01-05 00:30:00+00:00,1.07052,1.07104,1.06904,1.07018,6485.18
1736037300,2025-01-05 00:35:00+00:00,1.07017,1.0721,1.07011,1.07081,29427.75
1736037600,2025-01-05 00:40:00+00:00,1.07081,1.07084,1.07054,1.07062,10061.9
1736037900,2025-01-05 00:45:00+00:00,1.07063,1.07084,1.06943,1.06971,11158.93
1736038200,2025-01-05 00:50:00+00:00,1.06973,1.06995,1.06711,1.06873,18574.06
1736038500,2025-01-05 00:55:00+00:00,1.06873,1.06948,1.06787,1.06819,6716.12
1736038800,2025-01-05 01:00:00+00:00,1.0682,1.06821,1.06763,1.06802,9598.19
1736039100,2025-01-05 01:05:00+00:00,1.06802,1.06988,1.06738,1.06862,7273.42
1736039400,2025-01-05 01:10:00+00:00,1.06861,1.06943,1.0685,1.06905,5534.04
1736039700,2025-01-05 01:15:00+00:00,1.06906,1.06947,1.06821,1.06834,7059.37
1736040000,2025-01-05 01:20:00+00:00,1.06834,1.06837,1.06696,1.06704,20435.65
1736040300,2025-01-05 01:25:00+00:00,1.06704,1.06784,1.06701,1.06721,7535.09
1736040600,2025-01-05 01:30:00+00:00,1.06719,1.06743,1.06631,1.06663,7812.1
1736040900,2025-01-05 01:35:00+00:00,1.06664,1.06741,1.06648,1.0665,8039.06
1736041200,2025-01-05 01:40:00+00:00,1.0665,1.06657,1.06467,1.06557,10776.89
1736041500,2025-01-05 01:45:00+00:00,1.06558,1.06619,1.06469,1.0652,1354.43
1736041800,2025-01-05 01:50:00+00:00,1.0652,1.06547,1.0639,1.06419,15271.04
1736042100,2025-01-05 01:55:00+00:00,1.06418,1.06505,1.06381,1.06495,20080.46
1736042400,2025-01-05 02:00:00+00:00,1.06496,1.06674,1.06481,1.06532,8119.29
1736042700,2025-01-05 02:05:00+00:00,1.06534,1.06681,1.06518,1.06638,8992.95
1736043000,2025-01-05 02:10:00+00:00,1.06637,1.06656,1.06483,1.06567,12723.27
1736043300,2025-01-05 02:15:00+00:00,1.06567,1.0658,1.06549,1.06557,6259.28
1736043600,2025-01-05 02:20:00+00:00,1.06558,1.06611,1.06383,1.0642,13997.44
1736043900,2025-01-05 02:25:00+00:00,1.06419,1.0644,1.06334,1.06381,10923.24
1736044200,2025-01-05 02:30:00+00:00,1.06381,1.06423,1.06342,1.06411,4381.56
1736044500,2025-01-05 02:35:00+00:00,1.06411,1.0652,1.06328,1.06334,12412.7
1736044800,2025-01-05 02:40:00+00:00,1.06335,1.06375,1.06331,1.0636,4916.15
1736045100,2025-01-05 02:45:00+00:00,1.0636,1.06372,1.0634,1.06361,19020.45
1736045400,2025-01-05 02:50:00+00:00,1.06363,1.06445,1.06349,1.06417,7822.04
1736045700,2025-01-05 02:55:00+00:00,1.06417,1.06477,1.06259,1.06365,8986.34
1736046000,2025-01-05 03:00:00+00:00,1.06366,1.06622,1.06366,1.06423,8741.36
1736046300,2025-01-05 03:05:00+00:00,1.06424,1.06433,1.06323,1.06395,9941.1
1736046600,2025-01-05 03:10:00+00:00,1.06396,1.06804,1.06371,1.0648,6420.45
1736046900,2025-01-05 03:15:00+00:00,1.0648,1.0648,1.06371,1.06476,4621.33
1736047200,2025-01-05 03:20:00+00:00,1.06476,1.06482,1.06367,1.06375,27170.28
1736047500,2025-01-05 03:25:00+00:00,1.06374,1.06503,1.06374,1.06394,4210.7
1736047800,2025-01-05 03:30:00+00:00,1.06393,1.06401,1.06344,1.06344,11864.69
1736048100,2025-01-05 03:35:00+00:00,1.06344,1.06398,1.06202,1.06255,15489.32
1736048400,2025-01-05 03:40:00+00:00,1.06254,1.06372,1.06206,1.06316,10494.81
1736048700,2025-01-05 03:45:00+00:00,1.06316,1.06374,1.06204,1.06243,4811.94
1736049000,2025-01-05 03:50:00+00:00,1.06244,1.06274,1.06238,1.0627,6506.71
1736049300,2025-01-05 03:55:00+00:00,1.06268,1.06366,1.0622,1.06332,17570.24
1736049600,2025-01-05 04:00:00+00:00,1.06335,1.064,1.06293,1.06301,20422.25
1736049900,2025-01-05 04:05:00+00:00,1.06302,1.06359,1.06188,1.062,13844.55
1736050200,2025-01-05 04:10:00+00:00,1.062,1.06242,1.06145,1.06153,6298.56
1736050500,2025-01-05 04:15:00+00:00,1.06153,1.06195,1.0614,1.06167,11558.09
1736050800,2025-01-05 04:20:00+00:00,1.06168,1.06303,1.0605,1.06119,12172.58
1736051100,2025-01-05 04:25:00+00:00,1.06119,1.06271,1.0608,1.06217,7713.88
1736051400,2025-01-05 04:30:00+00:00,1.06216,1.06451,1.06153,1.06182,4563.21
1736051700,2025-01-05 04:35:00+00:00,1.06182,1.06238,1.06178,1.06192,8621.76
1736052000,2025-01-05 04:40:00+00:00,1.06192,1.06207,1.06137,1.06175,5934.12
1736052300,2025-01-05 04:45:00+00:00,1.06176,1.06204,1.06088,1.06089,7409.29
1736052600,2025-01-05 04:50:00+00:00,1.0609,1.06279,1.06064,1.06188,13402.5
1736052900,2025-01-05 04:55:00+00:00,1.06187,1.06313,1.06167,1.06263,10644.43
1736053200,2025-01-05 05:00:00+00:00,1.06261,1.06294,1.06203,1.06243,19154.85
1736053500,2025-01-05 05:05:00+00:00,1.06244,1.06331,1.06234,1.06295,5939.27
1736053800,2025-01-05 05:10:00+00:00,1.06297,1.06353,1.06293,1.06329,16895.21
1736054100,2025-01-05 05:15:00+00:00,1.06328,1.06425,1.06289,1.06403,3976.33
1736054400,2025-01-05 05:20:00+00:00,1.06404,1.06439,1.06318,1.06319,6873.84
1736054700,2025-01-05 05:25:00+00:00,1.0632,1.06374,1.0623,1.06359,7285.21
1736055000,2025-01-05 05:30:00+00:00,1.06359,1.06413,1.06321,1.06323,4692.26
1736055300,2025-01-05 05:35:00+00:00,1.06324,1.06379,1.06235,1.06293,11329.19
1736055600,2025-01-05 05:40:00+00:00,1.06291,1.06506,1.06272,1.06413,16175.4
1736055900,2025-01-05 05:45:00+00:00,1.06412,1.06609,1.06342,1.06491,12950.23
1736056200,2025-01-05 05:50:00+00:00,1.06492,1.06497,1.06454,1.06476,4674.22
1736056500,2025-01-05 05:55:00+00:00,1.06475,1.06559,1.06414,1.06524,7602.35
1736056800,2025-01-05 06:00:00+00:00,1.06525,1.06565,1.06445,1.06535,1861.81
1736057100,2025-01-05 06:05:00+00:00,1.06533,1.06544,1.06512,1.06543,10078.5
1736057400,2025-01-05 06:10:00+00:00,1.06543,1.0663,1.06412,1.06625,10927.39
1736057700,2025-01-05 06:15:00+00:00,1.06624,1.06627,1.06581,1.06616,7229.46
1736058000,2025-01-05 06:20:00+00:00,1.06617,1.06661,1.06583,1.06592,6845.19
1736058300,2025-01-05 06:25:00+00:00,1.06593,1.06677,1.06565,1.06624,5829.1
1736058600,2025-01-05 06:30:00+00:00,1.06625,1.06667,1.06606,1.06645,7076.08
1736058900,2025-01-05 06:35:00+00:00,1.06645,1.06663,1.06586,1.06598,12197.38
1736059200,2025-01-05 06:40:00+00:00,1.06597,1.06631,1.0644,1.06517,11126.3
1736059500,2025-01-05 06:45:00+00:00,1.06517,1.06556,1.06451,1.06541,4521.09
1736059800,2025-01-05 06:50:00+00:00,1.06542,1.0667,1.06537,1.0664,4066.38
1736060100,2025-01-05 06:55:00+00:00,1.06643,1.06732,1.06466,1.06534,17135.1
1736060400,2025-01-05 07:00:00+00:00,1.06536,1.06655,1.06415,1.06484,6570.65
1736060700,2025-01-05 07:05:00+00:00,1.06485,1.06492,1.06474,1.06479,9153.06
1736061000,2025-01-05 07:10:00+00:00,1.06481,1.06528,1.06461,1.06499,9150.49
1736061300,2025-01-05 07:15:00+00:00,1.06496,1.06509,1.06465,1.06469,4414.8
1736061600,2025-01-05 07:20:00+00:00,1.0647,1.06503,1.06433,1.06467,5166.07
1736061900,2025-01-05 07:25:00+00:00,1.06467,1.06482,1.06385,1.06441,5696.05
1736062200,2025-01-05 07:30:00+00:00,1.06441,1.06489,1.0632,1.06357,10850.66
1736062500,2025-01-05 07:35:00+00:00,1.06357,1.06497,1.06325,1.06428,22539.95
1736062800,2025-01-05 07:40:00+00:00,1.06428,1.06575,1.06394,1.0649,17235.57
1736063100,2025-01-05 07:45:00+00:00,1.0649,1.06548,1.0645,1.06508,3197.73
1736063400,2025-01-05 07:50:00+00:00,1.06507,1.06524,1.06455,1.06471,4771.19
1736063700,2025-01-05 07:55:00+00:00,1.06472,1.06554,1.0646,1.06525,8235.65
1736064000,2025-01-05 08:00:00+00:00,1.06526,1.06711,1.06411,1.06689,16990.31
1736064300,2025-01-05 08:05:00+00:00,1.06692,1.06765,1.06683,1.067,3553.1
1736064600,2025-01-05 08:10:00+00:00,1.067,1.06704,1.06676,1.06685,6333.84
1736064900,2025-01-05 08:15:00+00:00,1.06685,1.06691,1.06581,1.06667,8595.05
1736065200,2025-01-05 08:20:00+00:00,1.06669,1.06709,1.06572,1.06635,10317.13
1736065500,2025-01-05 08:25:00+00:00,1.06637,1.06675,1.06589,1.06672,6063.39
1736065800,2025-01-05 08:30:00+00:00,1.06669,1.06745,1.06643,1.067,12172.81
1736066100,2025-01-05 08:35:00+00:00,1.067,1.06817,1.06658,1.06808,6112.68
1736066400,2025-01-05 08:40:00+00:00,1.0681,1.0688,1.06684,1.06685,18551.08
1736066700,2025-01-05 08:45:00+00:00,1.06684,1.06772,1.06597,1.06661,2147.32
1736067000,2025-01-05 08:50:00+00:00,1.06661,1.0667,1.06538,1.06565,15492.51
1736067300,2025-01-05 08:55:00+00:00,1.06565,1.06713,1.06561,1.06648,11232.98
1736067600,2025-01-05 09:00:00+00:00,1.06648,1.06751,1.06613,1.0665,5796.21
1736067900,2025-01-05 09:05:00+00:00,1.0665,1.06674,1.06604,1.06647,3981.71
1736068200,2025-01-05 09:10:00+00:00,1.06647,1.06688,1.06586,1.06614,2867.37
1736068500,2025-01-05 09:15:00+00:00,1.06615,1.06803,1.06614,1.0663,5574.96
1736068800,2025-01-05 09:20:00+00:00,1.06631,1.06751,1.06404,1.0646,19565.1
1736069100,2025-01-05 09:25:00+00:00,1.06462,1.06497,1.06342,1.06348,37497.57
1736069400,2025-01-05 09:30:00+00:00,1.0635,1.06355,1.06165,1.06237,88641.02
1736069700,2025-01-05 09:35:00+00:00,1.06235,1.06283,1.06182,1.06182,16948.12
1736070000,2025-01-05 09:40:00+00:00,1.06181,1.06311,1.06152,1.06176,16298.42
1736070300,2025-01-05 09:45:00+00:00,1.06177,1.06223,1.06117,1.06168,10974.99
1736070600,2025-01-05 09:50:00+00:00,1.06167,1.06232,1.06058,1.06204,5067.79
1736070900,2025-01-05 09:55:00+00:00,1.06204,1.06267,1.06186,1.06238,10943.81
1736071200,2025-01-05 10:00:00+00:00,1.06239,1.06279,1.06237,1.06248,4372.88
1736071500,2025-01-05 10:05:00+00:00,1.06246,1.06378,1.06171,1.06335,7197.94
1736071800,2025-01-05 10:10:00+00:00,1.06337,1.06483,1.06269,1.06483,18796.91
1736072100,2025-01-05 10:15:00+00:00,1.06484,1.06537,1.0641,1.06416,9022.85
1736072400,2025-01-05 10:20:00+00:00,1.06415,1.06531,1.06362,1.06518,11592.82
1736072700,2025-01-05 10:25:00+00:00,1.06519,1.0653,1.06398,1.06511,6640.95
1736073000,2025-01-05 10:30:00+00:00,1.06513,1.06514,1.06407,1.06442,17945.66
1736073300,2025-01-05 10:35:00+00:00,1.06442,1.0651,1.06237,1.06304,21324.87
1736073600,2025-01-05 10:40:00+00:00,1.06303,1.06403,1.063,1.064,23258.37
1736073900,2025-01-05 10:45:00+00:00,1.064,1.06499,1.06391,1.06442,11137.02
1736074200,2025-01-05 10:50:00+00:00,1.0644,1.06489,1.06427,1.06444,8118.2
1736074500,2025-01-05 10:55:00+00:00,1.06445,1.06464,1.06399,1.06458,8317.0
1736074800,2025-01-05 11:00:00+00:00,1.06457,1.06487,1.06433,1.06435,6210.22
1736075100,2025-01-05 11:05:00+00:00,1.06435,1.0651,1.06228,1.06427,2652.71
1736075400,2025-01-05 11:10:00+00:00,1.06426,1.06451,1.06365,1.06371,13180.71
1736075700,2025-01-05 11:15:00+00:00,1.0637,1.06415,1.06334,1.064,5207.46
1736076000,2025-01-05 11:20:00+00:00,1.064,1.06504,1.06365,1.06471,17743.13
1736076300,2025-01-05 11:25:00+00:00,1.06469,1.06529,1.06454,1.06525,10478.0
1736076600,2025-01-05 11:30:00+00:00,1.06526,1.06594,1.06397,1.06467,3742.86
1736076900,2025-01-05 11:35:00+00:00,1.06467,1.06478,1.06408,1.06467,9291.07
1736077200,2025-01-05 11:40:00+00:00,1.06469,1.06571,1.06465,1.06557,23631.16
1736077500,2025-01-05 11:45:00+00:00,1.06558,1.06567,1.06491,1.06535,12779.45
1736077800,2025-01-05 11:50:00+00:00,1.06534,1.06556,1.06478,1.06503,8116.23
1736078100,2025-01-05 11:55:00+00:00,1.06505,1.06605,1.06458,1.06567,18323.26
1736078400,2025-01-05 12:00:00+00:00,1.06567,1.06637,1.06508,1.06509,15948.78
1736078700,2025-01-05 12:05:00+00:00,1.06507,1.0652,1.06457,1.06489,15889.3
1736079000,2025-01-05 12:10:00+00:00,1.06489,1.0656,1.0644,1.06546,11892.6
1736079300,2025-01-05 12:15:00+00:00,1.06545,1.06581,1.06378,1.06476,16505.27
1736079600,2025-01-05 12:20:00+00:00,1.06475,1.06654,1.06453,1.06609,17004.24
1736079900,2025-01-05 12:25:00+00:00,1.06608,1.06647,1.0655,1.06584,3974.7
1736080200,2025-01-05 12:30:00+00:00,1.06585,1.06649,1.06526,1.06576,4844.2
1736080500,2025-01-05 12:35:00+00:00,1.06578,1.06637,1.06562,1.06612,10301.35
1736080800,2025-01-05 12:40:00+00:00,1.06612,1.06637,1.06578,1.0662,2778.49
1736081100,2025-01-05 12:45:00+00:00,1.0662,1.06636,1.06509,1.06548,9977.89
1736081400,2025-01-05 12:50:00+00:00,1.0655,1.06554,1.06424,1.06478,3576.58
1736081700,2025-01-05 12:55:00+00:00,1.06477,1.06573,1.06354,1.06527,17290.72
1736082000,2025-01-05 13:00:00+00:00,1.06527,1.06533,1.0643,1.06431,25662.96
1736082300,2025-01-05 13:05:00+00:00,1.06432,1.06457,1.0641,1.0644,3945.22
1736082600,2025-01-05 13:10:00+00:00,1.06439,1.06467,1.06422,1.06465,7665.03
1736082900,2025-01-05 13:15:00+00:00,1.06466,1.06474,1.0642,1.0646,2370.46
1736083200,2025-01-05 13:20:00+00:00,1.06459,1.06516,1.06336,1.06402,21868.93
1736083500,2025-01-05 13:25:00+00:00,1.06403,1.06454,1.06296,1.0637,9353.04
1736083800,2025-01-05 13:30:00+00:00,1.06369,1.06427,1.06268,1.0633,4257.75
1736084100,2025-01-05 13:35:00+00:00,1.06329,1.06397,1.06203,1.06282,7900.87
1736084400,2025-01-05 13:40:00+00:00,1.06282,1.06532,1.06276,1.06379,21562.36
1736084700,2025-01-05 13:45:00+00:00,1.06381,1.06491,1.06367,1.06471,11785.2
1736085000,2025-01-05 13:50:00+00:00,1.06472,1.06521,1.06388,1.06418,13158.4
1736085300,2025-01-05 13:55:00+00:00,1.06418,1.0642,1.06332,1.06408,7028.28
1736085600,2025-01-05 14:00:00+00:00,1.06407,1.06478,1.06359,1.06375,16897.82
1736085900,2025-01-05 14:05:00+00:00,1.06377,1.06444,1.0636,1.06374,10655.11
1736086200,2025-01-05 14:10:00+00:00,1.06374,1.06397,1.06316,1.0635,6819.04
1736086500,2025-01-05 14:15:00+00:00,1.06349,1.06383,1.06271,1.06277,16791.65
1736086800,2025-01-05 14:20:00+00:00,1.06279,1.06306,1.06229,1.06254,3899.56
1736087100,2025-01-05 14:25:00+00:00,1.06254,1.06301,1.06185,1.06226,10733.54
1736087400,2025-01-05 14:30:00+00:00,1.06227,1.06411,1.06124,1.06296,9673.36
1736087700,2025-01-05 14:35:00+00:00,1.06296,1.06306,1.06191,1.06232,8025.54
1736088000,2025-01-05 14:40:00+00:00,1.06232,1.0626,1.06203,1.06247,5928.92
1736088300,2025-01-05 14:45:00+00:00,1.06248,1.06323,1.0624,1.06315,7292.76
1736088600,2025-01-05 14:50:00+00:00,1.06316,1.06317,1.06298,1.063,1031.31
1736088900,2025-01-05 14:55:00+00:00,1.06302,1.06354,1.0623,1.06277,10496.39
1736089200,2025-01-05 15:00:00+00:00,1.06278,1.06291,1.06237,1.06284,10702.69
1736089500,2025-01-05 15:05:00+00:00,1.06282,1.06282,1.06259,1.06266,10061.5
1736089800,2025-01-05 15:10:00+00:00,1.06267,1.06333,1.06235,1.06276,8202.09
1736090100,2025-01-05 15:15:00+00:00,1.06277,1.06317,1.06253,1.06258,19117.42
1736090400,2025-01-05 15:20:00+00:00,1.06259,1.0629,1.06224,1.06231,5073.55
1736090700,2025-01-05 15:25:00+00:00,1.0623,1.0636,1.06158,1.06349,16050.57
1736091000,2025-01-05 15:30:00+00:00,1.0635,1.06447,1.0631,1.06412,11387.07
1736091300,2025-01-05 15:35:00+00:00,1.06413,1.06461,1.06274,1.06286,18883.94
1736091600,2025-01-05 15:40:00+00:00,1.06284,1.06393,1.06274,1.06331,3106.48
1736091900,2025-01-05 15:45:00+00:00,1.06332,1.06363,1.06322,1.06347,7825.92
1736092200,2025-01-05 15:50:00+00:00,1.06349,1.06356,1.06181,1.06194,18244.23
1736092500,2025-01-05 15:55:00+00:00,1.06193,1.06197,1.06135,1.06136,15105.41
1736092800,2025-01-05 16:00:00+00:00,1.06134,1.06139,1.06003,1.06041,16015.52
1736093100,2025-01-05 16:05:00+00:00,1.06041,1.06177,1.05962,1.06144,21067.1
1736093400,2025-01-05 16:10:00+00:00,1.06144,1.0626,1.06138,1.06142,3122.56
1736093700,2025-01-05 16:15:00+00:00,1.06141,1.06188,1.06024,1.06043,31341.91
1736094000,2025-01-05 16:20:00+00:00,1.06042,1.06188,1.05894,1.06066,9846.15
1736094300,2025-01-05 16:25:00+00:00,1.06066,1.06116,1.06023,1.06068,3283.03
1736094600,2025-01-05 16:30:00+00:00,1.0607,1.06139,1.06031,1.06125,7372.34
1736094900,2025-01-05 16:35:00+00:00,1.06126,1.06164,1.06043,1.0606,10714.97
1736095200,2025-01-05 16:40:00+00:00,1.0606,1.06145,1.06057,1.061,9907.58
1736095500,2025-01-05 16:45:00+00:00,1.061,1.0616,1.0599,1.06042,21958.43
1736095800,2025-01-05 16:50:00+00:00,1.06041,1.06087,1.05941,1.05956,9089.04
1736096100,2025-01-05 16:55:00+00:00,1.05956,1.06207,1.05896,1.061,19006.7
1736096400,2025-01-05 17:00:00+00:00,1.061,1.061,1.06066,1.06073,4532.29
1736096700,2025-01-05 17:05:00+00:00,1.06074,1.0609,1.06038,1.06055,6456.41
1736097000,2025-01-05 17:10:00+00:00,1.06056,1.06142,1.06016,1.06113,5359.3
1736097300,2025-01-05 17:15:00+00:00,1.06113,1.0612,1.06028,1.06043,7025.62
1736097600,2025-01-05 17:20:00+00:00,1.06044,1.0605,1.05841,1.05962,23458.19
1736097900,2025-01-05 17:25:00+00:00,1.05964,1.06053,1.05955,1.05961,4547.63
1736098200,2025-01-05 17:30:00+00:00,1.05961,1.06052,1.05925,1.06043,5188.22
1736098500,2025-01-05 17:35:00+00:00,1.06043,1.0616,1.06005,1.0607,5163.35
1736098800,2025-01-05 17:40:00+00:00,1.06068,1.06174,1.0606,1.06075,6021.73
1736099100,2025-01-05 17:45:00+00:00,1.06075,1.06123,1.06011,1.0602,16409.15
1736099400,2025-01-05 17:50:00+00:00,1.06017,1.06084,1.0593,1.05986,5559.34
1736099700,2025-01-05 17:55:00+00:00,1.05985,1.06059,1.05951,1.06054,8542.85
1736100000,2025-01-05 18:00:00+00:00,1.06055,1.06122,1.05984,1.06007,41050.33
1736100300,2025-01-05 18:05:00+00:00,1.06005,1.06071,1.05934,1.0606,13366.47
1736100600,2025-01-05 18:10:00+00:00,1.06061,1.06107,1.05988,1.05997,12231.1
1736100900,2025-01-05 18:15:00+00:00,1.05998,1.06091,1.05989,1.0601,7565.0
1736101200,2025-01-05 18:20:00+00:00,1.06011,1.06011,1.0583,1.05948,20975.85
1736101500,2025-01-05 18:25:00+00:00,1.05948,1.06021,1.05925,1.05993,7111.36
1736101800,2025-01-05 18:30:00+00:00,1.05993,1.06085,1.05914,1.06062,27757.9
1736102100,2025-01-05 18:35:00+00:00,1.06064,1.06098,1.06008,1.06085,3503.4
1736102400,2025-01-05 18:40:00+00:00,1.06084,1.061,1.06073,1.06094,1996.38
1736102700,2025-01-05 18:45:00+00:00,1.06093,1.06154,1.06069,1.0611,4504.58
1736103000,2025-01-05 18:50:00+00:00,1.0611,1.0616,1.06,1.06014,5418.53
1736103300,2025-01-05 18:55:00+00:00,1.06014,1.06051,1.05984,1.06042,8865.07
1736103600,2025-01-05 19:00:00+00:00,1.06042,1.06126,1.06016,1.06027,6284.74
1736103900,2025-01-05 19:05:00+00:00,1.06027,1.06075,1.0601,1.06054,3365.97
1736104200,2025-01-05 19:10:00+00:00,1.06057,1.06086,1.0603,1.06045,2486.28
1736104500,2025-01-05 19:15:00+00:00,1.06045,1.06168,1.06017,1.061,8040.54
1736104800,2025-01-05 19:20:00+00:00,1.06099,1.0614,1.06059,1.06093,4033.91
1736105100,2025-01-05 19:25:00+00:00,1.06093,1.06107,1.06039,1.06061,5773.48
1736105400,2025-01-05 19:30:00+00:00,1.06061,1.0611,1.0601,1.06105,10138.62
1736105700,2025-01-05 19:35:00+00:00,1.06103,1.06211,1.06057,1.06086,2678.52
1736106000,2025-01-05 19:40:00+00:00,1.06087,1.06145,1.06074,1.06126,4059.21
1736106300,2025-01-05 19:45:00+00:00,1.06127,1.06204,1.05988,1.06017,19864.65
1736106600,2025-01-05 19:50:00+00:00,1.06016,1.06037,1.05965,1.05985,7070.93
1736106900,2025-01-05 19:55:00+00:00,1.05982,1.06024,1.05814,1.05943,13212.38
1736107200,2025-01-05 20:00:00+00:00,1.05944,1.06055,1.05936,1.05951,9639.37
1736107500,2025-01-05 20:05:00+00:00,1.05952,1.0602,1.0594,1.05982,2474.96
1736107800,2025-01-05 20:10:00+00:00,1.05982,1.06002,1.05789,1.05859,11756.02
1736108100,2025-01-05 20:15:00+00:00,1.0586,1.0603,1.05824,1.05983,23640.36
1736108400,2025-01-05 20:20:00+00:00,1.05983,1.0599,1.05916,1.05948,7799.33
1736108700,2025-01-05 20:25:00+00:00,1.0595,1.0598,1.05804,1.05861,14225.01
1736109000,2025-01-05 20:30:00+00:00,1.0586,1.05911,1.05841,1.05894,8980.1
1736109300,2025-01-05 20:35:00+00:00,1.05895,1.05971,1.05852,1.05881,6514.17
1736109600,2025-01-05 20:40:00+00:00,1.05881,1.0598,1.05753,1.05976,10137.25
1736109900,2025-01-05 20:45:00+00:00,1.05975,1.06109,1.05899,1.06063,11171.02
1736110200,2025-01-05 20:50:00+00:00,1.06063,1.06121,1.05908,1.06075,6548.14
1736110500,2025-01-05 20:55:00+00:00,1.06076,1.06128,1.05968,1.06086,6180.34
1736110800,2025-01-05 21:00:00+00:00,1.06088,1.06098,1.05952,1.06023,9140.7
1736111100,2025-01-05 21:05:00+00:00,1.06022,1.06049,1.05942,1.06043,11631.33
1736111400,2025-01-05 21:10:00+00:00,1.06044,1.06046,1.05776,1.05972,19012.96
1736111700,2025-01-05 21:15:00+00:00,1.05972,1.06041,1.05936,1.05952,21790.02
1736112000,2025-01-05 21:20:00+00:00,1.05953,1.06075,1.05913,1.05943,4855.11
1736112300,2025-01-05 21:25:00+00:00,1.05943,1.05993,1.05738,1.05742,21524.93
1736112600,2025-01-05 21:30:00+00:00,1.05741,1.05807,1.05734,1.05793,13431.79
1736112900,2025-01-05 21:35:00+00:00,1.05791,1.05888,1.05791,1.05849,21333.07
1736113200,2025-01-05 21:40:00+00:00,1.0585,1.06024,1.05825,1.05942,11867.12
1736113500,2025-01-05 21:45:00+00:00,1.05942,1.06037,1.05909,1.06028,10344.22
1736113800,2025-01-05 21:50:00+00:00,1.06028,1.06058,1.06023,1.06045,7503.83
1736114100,2025-01-05 21:55:00+00:00,1.06043,1.06212,1.06027,1.06198,15865.25
1736114400,2025-01-05 22:00:00+00:00,1.06197,1.06226,1.06187,1.06193,2749.24
1736114700,2025-01-05 22:05:00+00:00,1.06193,1.06211,1.06021,1.06208,4529.05
1736115000,2025-01-05 22:10:00+00:00,1.06206,1.0621,1.06134,1.06176,11740.15
1736115300,2025-01-05 22:15:00+00:00,1.06177,1.06315,1.06141,1.06252,8109.22
1736115600,2025-01-05 22:20:00+00:00,1.06253,1.06406,1.06211,1.0622,15701.9
1736115900,2025-01-05 22:25:00+00:00,1.06221,1.06456,1.06196,1.06279,9726.08
1736116200,2025-01-05 22:30:00+00:00,1.06278,1.0629,1.06144,1.06225,11389.55
1736116500,2025-01-05 22:35:00+00:00,1.06224,1.0623,1.06183,1.06188,8030.33
1736116800,2025-01-05 22:40:00+00:00,1.06189,1.06298,1.06126,1.06217,9929.2
1736117100,2025-01-05 22:45:00+00:00,1.06218,1.06293,1.06139,1.06185,18870.69
1736117400,2025-01-05 22:50:00+00:00,1.06183,1.06233,1.0616,1.06195,8511.86
1736117700,2025-01-05 22:55:00+00:00,1.06196,1.06304,1.06141,1.06157,8956.83
1736118000,2025-01-05 23:00:00+00:00,1.06158,1.06171,1.06061,1.06109,12173.97
1736118300,2025-01-05 23:05:00+00:00,1.0611,1.06119,1.06068,1.06096,9123.37
1736118600,2025-01-05 23:10:00+00:00,1.06096,1.06227,1.06052,1.06205,14370.39
1736118900,2025-01-05 23:15:00+00:00,1.06204,1.06238,1.06037,1.06166,7654.04
1736119200,2025-01-05 23:20:00+00:00,1.06166,1.06388,1.06089,1.06368,20213.01
1736119500,2025-01-05 23:25:00+00:00,1.0637,1.06391,1.06319,1.06345,7401.53
1736119800,2025-01-05 23:30:00+00:00,1.06345,1.06394,1.06287,1.06324,7416.95
1736120100,2025-01-05 23:35:00+00:00,1.06325,1.06357,1.06212,1.06239,11350.4
1736120400,2025-01-05 23:40:00+00:00,1.06238,1.0635,1.06207,1.06332,10382.9
1736120700,2025-01-05 23:45:00+00:00,1.06332,1.06339,1.06288,1.06329,5929.02
1736121000,2025-01-05 23:50:00+00:00,1.06331,1.0635,1.06278,1.06295,7459.0
1736121300,2025-01-05 23:55:00+00:00,1.06295,1.06426,1.06244,1.06353,5919.59
1736121600,2025-01-06 00:00:00+00:00,1.06353,1.06424,1.06321,1.06331,18080.88
1736121900,2025-01-06 00:05:00+00:00,1.06329,1.06407,1.06268,1.06335,8344.93
1736122200,2025-01-06 00:10:00+00:00,1.06335,1.06392,1.06309,1.06354,7174.32
1736122500,2025-01-06 00:15:00+00:00,1.06352,1.06562,1.06313,1.06426,9580.8
1736122800,2025-01-06 00:20:00+00:00,1.06426,1.0648,1.06314,1.06465,10778.71
1736123100,2025-01-06 00:25:00+00:00,1.06466,1.06467,1.06242,1.06437,14101.74
1736123400,2025-01-06 00:30:00+00:00,1.06436,1.06521,1.0643,1.06505,7472.62
1736123700,2025-01-06 00:35:00+00:00,1.06506,1.06564,1.06498,1.06544,4846.36
1736124000,2025-01-06 00:40:00+00:00,1.06543,1.06625,1.06542,1.06561,5813.19
1736124300,2025-01-06 00:45:00+00:00,1.06558,1.06577,1.06461,1.06483,13075.62
1736124600,2025-01-06 00:50:00+00:00,1.06483,1.06631,1.06398,1.06451,6283.83
1736124900,2025-01-06 00:55:00+00:00,1.06452,1.06537,1.06388,1.06391,9618.21
1736125200,2025-01-06 01:00:00+00:00,1.06392,1.06498,1.06358,1.06386,16416.17
1736125500,2025-01-06 01:05:00+00:00,1.06386,1.06457,1.06378,1.06379,1857.42
1736125800,2025-01-06 01:10:00+00:00,1.06379,1.06442,1.06305,1.06319,14540.68
1736126100,2025-01-06 01:15:00+00:00,1.0632,1.06506,1.06314,1.0638,11015.03
1736126400,2025-01-06 01:20:00+00:00,1.06378,1.06457,1.06374,1.06442,11362.77
1736126700,2025-01-06 01:25:00+00:00,1.06443,1.06566,1.06292,1.06496,12704.24
1736127000,2025-01-06 01:30:00+00:00,1.06498,1.06513,1.06469,1.06472,6425.42
1736127300,2025-01-06 01:35:00+00:00,1.06472,1.06576,1.06455,1.06505,8262.69
1736127600,2025-01-06 01:40:00+00:00,1.06505,1.06611,1.0647,1.06591,9320.96
1736127900,2025-01-06 01:45:00+00:00,1.0659,1.06675,1.06533,1.06582,3682.05
1736128200,2025-01-06 01:50:00+00:00,1.06581,1.06656,1.06506,1.06545,3556.17
1736128500,2025-01-06 01:55:00+00:00,1.06546,1.06612,1.0642,1.0643,14734.75
1736128800,2025-01-06 02:00:00+00:00,1.06433,1.06441,1.06358,1.06395,8519.76
1736129100,2025-01-06 02:05:00+00:00,1.06395,1.06436,1.06373,1.06375,11334.12
1736129400,2025-01-06 02:10:00+00:00,1.06375,1.06416,1.06294,1.06312,11678.3
1736129700,2025-01-06 02:15:00+00:00,1.06311,1.06346,1.05914,1.06261,8862.4
1736130000,2025-01-06 02:20:00+00:00,1.06261,1.0631,1.06205,1.06247,3439.76
1736130300,2025-01-06 02:25:00+00:00,1.06247,1.06308,1.06226,1.06263,6231.64
1736130600,2025-01-06 02:30:00+00:00,1.06265,1.06326,1.06144,1.06205,13429.27
1736130900,2025-01-06 02:35:00+00:00,1.06205,1.06333,1.06196,1.06244,9335.14
1736131200,2025-01-06 02:40:00+00:00,1.06245,1.06325,1.06127,1.06317,10433.93
1736131500,2025-01-06 02:45:00+00:00,1.06317,1.06337,1.06231,1.0625,5686.09
1736131800,2025-01-06 02:50:00+00:00,1.0625,1.06361,1.06205,1.06274,16244.66
1736132100,2025-01-06 02:55:00+00:00,1.06273,1.06314,1.06069,1.06076,13130.92
1736132400,2025-01-06 03:00:00+00:00,1.06077,1.06244,1.06025,1.06204,16230.61
1736132700,2025-01-06 03:05:00+00:00,1.06204,1.06234,1.06176,1.06203,3031.03
1736133000,2025-01-06 03:10:00+00:00,1.06203,1.06215,1.06014,1.06103,8765.8
1736133300,2025-01-06 03:15:00+00:00,1.06102,1.06123,1.06079,1.06081,7118.32
1736133600,2025-01-06 03:20:00+00:00,1.06081,1.06174,1.05989,1.06031,13006.16
1736133900,2025-01-06 03:25:00+00:00,1.06031,1.0617,1.06006,1.06168,14122.61
1736134200,2025-01-06 03:30:00+00:00,1.06168,1.06197,1.06083,1.06098,24679.96
1736134500,2025-01-06 03:35:00+00:00,1.06098,1.06111,1.06,1.06006,13700.53
1736134800,2025-01-06 03:40:00+00:00,1.06004,1.06009,1.05976,1.05978,6812.16
1736135100,2025-01-06 03:45:00+00:00,1.05978,1.06036,1.05922,1.06019,11242.75
1736135400,2025-01-06 03:50:00+00:00,1.0602,1.06034,1.05993,1.05997,10146.83
1736135700,2025-01-06 03:55:00+00:00,1.05994,1.06036,1.05965,1.05968,15238.46
1736136000,2025-01-06 04:00:00+00:00,1.05969,1.06106,1.05794,1.05965,8977.97
1736136300,2025-01-06 04:05:00+00:00,1.05967,1.05977,1.0587,1.05904,5851.14
1736136600,2025-01-06 04:10:00+00:00,1.05904,1.05984,1.05841,1.05963,6825.12
1736136900,2025-01-06 04:15:00+00:00,1.05963,1.05965,1.05837,1.05933,9725.34
1736137200,2025-01-06 04:20:00+00:00,1.05933,1.05943,1.05829,1.05859,5168.0
1736137500,2025-01-06 04:25:00+00:00,1.05859,1.05866,1.05773,1.05806,18454.22
1736137800,2025-01-06 04:30:00+00:00,1.05804,1.05864,1.05735,1.05823,13572.24
1736138100,2025-01-06 04:35:00+00:00,1.05824,1.05874,1.05764,1.05849,5619.54
1736138400,2025-01-06 04:40:00+00:00,1.05848,1.05874,1.05812,1.05859,5851.77
1736138700,2025-01-06 04:45:00+00:00,1.05858,1.06047,1.05719,1.05772,5011.38
1736139000,2025-01-06 04:50:00+00:00,1.05772,1.05932,1.05746,1.05808,7180.2
1736139300,2025-01-06 04:55:00+00:00,1.05807,1.05976,1.05793,1.05937,13219.99
