timestamp,datetime,open,high,low,close,volume
1735689600,2025-01-01 00:00:00+00:00,2000.0,2004.09,1999.8,2004.06,5074.35
1735689660,2025-01-01 00:01:00+00:00,2004.09,2005.23,2001.73,2004.84,981.6
1735689720,2025-01-01 00:02:00+00:00,2004.86,2005.07,2000.21,2001.83,4372.43
1735689780,2025-01-01 00:03:00+00:00,2001.84,2003.21,2000.36,2000.7,1936.17
1735689840,2025-01-01 00:04:00+00:00,2000.76,2006.06,1999.94,2004.67,5076.08
1735689900,2025-01-01 00:05:00+00:00,2004.62,2007.83,2002.44,2002.88,2347.99
1735689960,2025-01-01 00:06:00+00:00,2002.89,2004.2,2002.77,2004.1,1873.79
1735690020,2025-01-01 00:07:00+00:00,2004.12,2004.8,2003.78,2004.61,827.76
1735690080,2025-01-01 00:08:00+00:00,2004.62,2005.82,2003.68,2004.45,2881.28
1735690140,2025-01-01 00:09:00+00:00,2004.42,2005.44,2004.26,2004.72,2004.34
1735690200,2025-01-01 00:10:00+00:00,2004.72,2005.36,2003.6,2004.67,1430.04
1735690260,2025-01-01 00:11:00+00:00,2004.65,2004.7,2003.06,2004.13,1780.72
1735690320,2025-01-01 00:12:00+00:00,2004.16,2005.28,2002.53,2002.77,4890.15
1735690380,2025-01-01 00:13:00+00:00,2002.78,2007.36,2002.68,2005.91,4339.23
1735690440,2025-01-01 00:14:00+00:00,2005.94,2009.83,2005.66,2005.89,2725.78
1735690500,2025-01-01 00:15:00+00:00,2005.86,2005.91,2002.29,2004.75,1910.66
1735690560,2025-01-01 00:16:00+00:00,2004.73,2004.74,2000.71,2002.65,5008.54
1735690620,2025-01-01 00:17:00+00:00,2002.68,2003.98,1998.29,1999.47,1860.48
1735690680,2025-01-01 00:18:00+00:00,1999.51,2003.15,1996.95,1997.31,1926.72
1735690740,2025-01-01 00:19:00+00:00,1997.31,1999.42,1994.73,1998.03,965.07
1735690800,2025-01-01 00:20:00+00:00,1998.08,2000.58,1997.55,1999.08,1273.42
1735690860,2025-01-01 00:21:00+00:00,1999.1,2001.06,1997.26,1997.74,711.1
1735690920,2025-01-01 00:22:00+00:00,1997.71,1999.32,1996.59,1998.8,936.74
1735690980,2025-01-01 00:23:00+00:00,1998.76,1998.99,1992.18,1996.76,2382.21
1735691040,2025-01-01 00:24:00+00:00,1996.75,1999.09,1995.47,1995.59,1874.05
1735691100,2025-01-01 00:25:00+00:00,1995.57,1997.25,1993.33,1995.95,730.21
1735691160,2025-01-01 00:26:00+00:00,1995.98,1996.69,1993.97,1996.22,1759.33
1735691220,2025-01-01 00:27:00+00:00,1996.24,1996.29,1992.91,1995.18,2288.66
1735691280,2025-01-01 00:28:00+00:00,1995.13,1996.98,1994.81,1996.15,1702.07
1735691340,2025-01-01 00:29:00+00:00,1996.13,2000.36,1995.38,1999.31,4492.21
1735691400,2025-01-01 00:30:00+00:00,1999.28,2000.12,1998.3,1999.74,1475.61
1735691460,2025-01-01 00:31:00+00:00,1999.73,2001.51,1996.7,1998.87,1853.58
1735691520,2025-01-01 00:32:00+00:00,1998.89,1999.08,1998.42,1998.63,1733.11
1735691580,2025-01-01 00:33:00+00:00,1998.64,1999.91,1998.0,1998.93,734.22
1735691640,2025-01-01 00:34:00+00:00,1998.88,2000.73,1997.51,2000.58,2778.13
1735691700,2025-01-01 00:35:00+00:00,2000.54,2001.59,2000.19,2000.21,1278.47
1735691760,2025-01-01 00:36:00+00:00,2000.25,2000.57,1997.98,1998.6,808.91
1735691820,2025-01-01 00:37:00+00:00,1998.52,2000.88,1997.49,2000.8,2072.41
1735691880,2025-01-01 00:38:00+00:00,2000.85,2002.72,1999.87,2002.55,3342.05
1735691940,2025-01-01 00:39:00+00:00,2002.55,2003.15,2000.11,2001.13,1012.96
1735692000,2025-01-01 00:40:00+00:00,2001.08,2002.5,1997.48,2002.28,781.94
1735692060,2025-01-01 00:41:00+00:00,2002.3,2003.7,2001.59,2002.73,978.66
1735692120,2025-01-01 00:42:00+00:00,2002.74,2003.02,1999.39,2000.89,1498.23
1735692180,2025-01-01 00:43:00+00:00,2000.89,2001.95,1999.95,2001.92,1732.53
1735692240,2025-01-01 00:44:00+00:00,2001.86,2002.76,2000.2,2001.44,2177.58
1735692300,2025-01-01 00:45:00+00:00,2001.44,2003.23,2001.09,2001.7,1842.75
1735692360,2025-01-01 00:46:00+00:00,2001.68,2001.7,1998.93,1999.36,3165.82
1735692420,2025-01-01 00:47:00+00:00,1999.4,2001.77,1997.25,1998.73,2371.8
1735692480,2025-01-01 00:48:00+00:00,1998.75,1999.58,1997.34,1997.35,2952.63
1735692540,2025-01-01 00:49:00+00:00,1997.38,1997.62,1991.92,1994.62,4373.67
1735692600,2025-01-01 00:50:00+00:00,1994.59,1995.01,1992.29,1993.72,2891.97
1735692660,2025-01-01 00:51:00+00:00,1993.69,1994.93,1990.87,1991.4,2772.2
1735692720,2025-01-01 00:52:00+00:00,1991.37,1994.29,1990.56,1991.17,581.36
1735692780,2025-01-01 00:53:00+00:00,1991.13,1993.42,1989.91,1992.43,1417.25
1735692840,2025-01-01 00:54:00+00:00,1992.46,1993.08,1990.06,1991.0,1164.51
1735692900,2025-01-01 00:55:00+00:00,1990.98,1992.79,1989.82,1990.6,1864.27
1735692960,2025-01-01 00:56:00+00:00,1990.64,1992.6,1990.41,1991.8,2054.37
1735693020,2025-01-01 00:57:00+00:00,1991.78,1992.92,1990.02,1990.7,2841.56
1735693080,2025-01-01 00:58:00+00:00,1990.73,1993.02,1988.86,1989.11,2079.63
1735693140,2025-01-01 00:59:00+00:00,1989.14,1992.07,1988.02,1988.92,1405.86
1735693200,2025-01-01 01:00:00+00:00,1988.94,1989.08,1984.23,1984.84,2281.25
1735693260,2025-01-01 01:01:00+00:00,1984.81,1985.19,1978.64,1980.96,2241.91
1735693320,2025-01-01 01:02:00+00:00,1981.01,1983.05,1980.27,1980.31,2254.75
1735693380,2025-01-01 01:03:00+00:00,1980.32,1981.94,1979.9,1981.24,1290.93
1735693440,2025-01-01 01:04:00+00:00,1981.26,1987.58,1981.23,1985.44,8112.14
1735693500,2025-01-01 01:05:00+00:00,1985.48,1985.63,1981.44,1983.26,1218.7
1735693560,2025-01-01 01:06:00+00:00,1983.27,1986.09,1982.18,1984.78,2366.39
1735693620,2025-01-01 01:07:00+00:00,1984.77,1988.23,1984.66,1987.7,2878.68
1735693680,2025-01-01 01:08:00+00:00,1987.69,1988.53,1984.2,1985.44,4243.84
1735693740,2025-01-01 01:09:00+00:00,1985.44,1987.38,1983.35,1984.89,1247.85
1735693800,2025-01-01 01:10:00+00:00,1984.87,1985.09,1978.66,1981.04,3497.06
1735693860,2025-01-01 01:11:00+00:00,1981.08,1981.69,1980.72,1981.17,476.49
1735693920,2025-01-01 01:12:00+00:00,1981.11,1985.29,1978.51,1983.37,2735.45
1735693980,2025-01-01 01:13:00+00:00,1983.38,1985.21,1978.61,1980.07,5999.67
1735694040,2025-01-01 01:14:00+00:00,1980.04,1980.44,1975.7,1978.12,4316.92
1735694100,2025-01-01 01:15:00+00:00,1978.14,1985.65,1977.87,1980.78,3217.98
1735694160,2025-01-01 01:16:00+00:00,1980.8,1983.69,1980.71,1982.21,2817.36
1735694220,2025-01-01 01:17:00+00:00,1982.15,1982.84,1979.27,1980.18,981.38
1735694280,2025-01-01 01:18:00+00:00,1980.22,1982.93,1979.32,1982.92,1452.36
1735694340,2025-01-01 01:19:00+00:00,1982.91,1983.28,1981.46,1981.65,2425.8
1735694400,2025-01-01 01:20:00+00:00,1981.64,1982.07,1981.16,1981.99,1332.99
1735694460,2025-01-01 01:21:00+00:00,1981.96,1984.1,1981.36,1981.4,1362.41
1735694520,2025-01-01 01:22:00+00:00,1981.36,1982.22,1980.09,1980.18,2918.11
1735694580,2025-01-01 01:23:00+00:00,1980.14,1982.89,1978.42,1982.03,2407.06
1735694640,2025-01-01 01:24:00+00:00,1982.04,1982.37,1980.26,1981.84,794.4
1735694700,2025-01-01 01:25:00+00:00,1981.85,1984.41,1981.68,1983.76,2288.75
1735694760,2025-01-01 01:26:00+00:00,1983.7,1984.82,1982.58,1982.95,1554.8
1735694820,2025-01-01 01:27:00+00:00,1983.0,1985.9,1981.86,1985.22,4499.25
1735694880,2025-01-01 01:28:00+00:00,1985.23,1985.59,1982.75,1983.38,1391.99
1735694940,2025-01-01 01:29:00+00:00,1983.38,1987.12,1983.22,1983.43,4379.41
1735695000,2025-01-01 01:30:00+00:00,1983.44,1985.83,1983.39,1985.52,3156.26
1735695060,2025-01-01 01:31:00+00:00,1985.5,1985.84,1983.92,1984.05,3523.63
1735695120,2025-01-01 01:32:00+00:00,1984.09,1984.63,1983.4,1983.5,1231.09
1735695180,2025-01-01 01:33:00+00:00,1983.51,1985.58,1980.56,1982.68,1667.66
1735695240,2025-01-01 01:34:00+00:00,1982.66,1986.18,1982.13,1984.69,2639.82
1735695300,2025-01-01 01:35:00+00:00,1984.64,1985.64,1983.35,1984.44,1695.67
1735695360,2025-01-01 01:36:00+00:00,1984.44,1986.38,1983.15,1985.99,2946.64
1735695420,2025-01-01 01:37:00+00:00,1986.02,1986.03,1984.43,1984.65,1003.36
1735695480,2025-01-01 01:38:00+00:00,1984.65,1987.09,1984.26,1984.54,2048.36
1735695540,2025-01-01 01:39:00+00:00,1984.51,1986.7,1982.32,1982.64,8325.15
1735695600,2025-01-01 01:40:00+00:00,1982.61,1985.84,1981.59,1985.35,2448.31
1735695660,2025-01-01 01:41:00+00:00,1985.36,1985.91,1985.24,1985.6,1159.44
1735695720,2025-01-01 01:42:00+00:00,1985.6,1986.22,1982.05,1982.74,1542.92
1735695780,2025-01-01 01:43:00+00:00,1982.7,1988.31,1982.65,1983.82,2038.14
1735695840,2025-01-01 01:44:00+00:00,1983.79,1986.47,1983.56,1985.2,1931.95
1735695900,2025-01-01 01:45:00+00:00,1985.24,1986.36,1982.32,1984.71,1592.74
1735695960,2025-01-01 01:46:00+00:00,1984.67,1985.2,1978.69,1982.61,1353.32
1735696020,2025-01-01 01:47:00+00:00,1982.6,1985.11,1981.72,1984.55,785.02
1735696080,2025-01-01 01:48:00+00:00,1984.54,1985.64,1983.85,1985.2,1925.29
1735696140,2025-01-01 01:49:00+00:00,1985.26,1986.05,1979.91,1984.21,1439.88
1735696200,2025-01-01 01:50:00+00:00,1984.24,1986.83,1983.67,1986.15,1143.81
1735696260,2025-01-01 01:51:00+00:00,1986.16,1988.47,1985.18,1986.58,2137.59
1735696320,2025-01-01 01:52:00+00:00,1986.57,1987.01,1982.96,1984.48,1630.18
1735696380,2025-01-01 01:53:00+00:00,1984.51,1986.26,1983.4,1985.53,522.14
1735696440,2025-01-01 01:54:00+00:00,1985.59,1986.23,1984.0,1985.64,970.81
1735696500,2025-01-01 01:55:00+00:00,1985.61,1985.91,1982.97,1985.08,3372.65
1735696560,2025-01-01 01:56:00+00:00,1985.05,1985.92,1982.99,1983.88,891.55
1735696620,2025-01-01 01:57:00+00:00,1983.87,1984.79,1982.0,1982.53,2591.8
1735696680,2025-01-01 01:58:00+00:00,1982.55,1982.72,1981.24,1981.98,2533.15
1735696740,2025-01-01 01:59:00+00:00,1981.95,1983.32,1981.68,1982.35,784.3
1735696800,2025-01-01 02:00:00+00:00,1982.34,1982.6,1980.54,1981.52,1307.83
1735696860,2025-01-01 02:01:00+00:00,1981.5,1981.71,1978.96,1979.39,2568.26
1735696920,2025-01-01 02:02:00+00:00,1979.4,1982.82,1977.85,1982.31,2298.51
1735696980,2025-01-01 02:03:00+00:00,1982.29,1984.52,1981.04,1983.22,2091.95
1735697040,2025-01-01 02:04:00+00:00,1983.22,1986.22,1982.99,1985.88,2167.46
1735697100,2025-01-01 02:05:00+00:00,1985.84,1986.38,1983.86,1984.81,4053.64
1735697160,2025-01-01 02:06:00+00:00,1984.76,1986.94,1983.53,1986.37,522.33
1735697220,2025-01-01 02:07:00+00:00,1986.38,1987.87,1985.63,1986.25,1856.28
1735697280,2025-01-01 02:08:00+00:00,1986.25,1987.08,1980.56,1986.96,2369.73
1735697340,2025-01-01 02:09:00+00:00,1986.95,1988.67,1985.26,1988.24,1040.86
1735697400,2025-01-01 02:10:00+00:00,1988.25,1988.53,1986.86,1986.9,2359.01
1735697460,2025-01-01 02:11:00+00:00,1986.89,1989.43,1986.05,1988.41,3786.49
1735697520,2025-01-01 02:12:00+00:00,1988.43,1990.01,1986.51,1987.51,968.92
1735697580,2025-01-01 02:13:00+00:00,1987.54,1989.21,1986.88,1987.34,1291.15
1735697640,2025-01-01 02:14:00+00:00,1987.29,1989.79,1987.24,1989.62,838.87
1735697700,2025-01-01 02:15:00+00:00,1989.6,1989.86,1987.2,1988.99,994.8
1735697760,2025-01-01 02:16:00+00:00,1988.99,1992.87,1988.8,1990.72,1822.61
1735697820,2025-01-01 02:17:00+00:00,1990.78,1991.44,1990.6,1991.19,912.26
1735697880,2025-01-01 02:18:00+00:00,1991.21,1992.43,1990.18,1990.78,1186.16
1735697940,2025-01-01 02:19:00+00:00,1990.72,1992.85,1990.08,1990.22,1620.19
1735698000,2025-01-01 02:20:00+00:00,1990.23,1990.52,1987.98,1990.29,1519.41
1735698060,2025-01-01 02:21:00+00:00,1990.26,1991.28,1989.66,1990.77,2173.78
1735698120,2025-01-01 02:22:00+00:00,1990.76,1994.38,1990.0,1990.03,1347.26
1735698180,2025-01-01 02:23:00+00:00,1990.03,1991.02,1979.21,1989.54,1209.27
1735698240,2025-01-01 02:24:00+00:00,1989.55,1990.34,1988.45,1989.35,1480.07
1735698300,2025-01-01 02:25:00+00:00,1989.36,1991.67,1988.18,1989.53,1402.29
1735698360,2025-01-01 02:26:00+00:00,1989.57,1991.31,1989.45,1991.21,1904.43
1735698420,2025-01-01 02:27:00+00:00,1991.2,1991.95,1990.75,1991.95,3489.46
1735698480,2025-01-01 02:28:00+00:00,1991.92,1992.71,1991.65,1992.61,1425.02
1735698540,2025-01-01 02:29:00+00:00,1992.66,1994.34,1991.58,1994.28,3316.74
1735698600,2025-01-01 02:30:00+00:00,1994.29,1994.6,1992.84,1993.65,1164.49
1735698660,2025-01-01 02:31:00+00:00,1993.65,1995.44,1992.94,1993.23,876.36
1735698720,2025-01-01 02:32:00+00:00,1993.24,1995.69,1992.64,1992.66,1140.32
1735698780,2025-01-01 02:33:00+00:00,1992.65,1997.03,1991.8,1996.94,1728.2
1735698840,2025-01-01 02:34:00+00:00,1996.9,1998.14,1991.98,1995.41,1565.48
1735698900,2025-01-01 02:35:00+00:00,1995.4,1998.58,1995.24,1996.98,2022.26
1735698960,2025-01-01 02:36:00+00:00,1997.0,1998.98,1996.29,1997.76,1530.31
1735699020,2025-01-01 02:37:00+00:00,1997.76,1997.82,1993.7,1996.05,1598.92
1735699080,2025-01-01 02:38:00+00:00,1996.0,1997.8,1990.09,1995.03,789.56
1735699140,2025-01-01 02:39:00+00:00,1995.06,1998.54,1993.98,1998.43,2235.14
1735699200,2025-01-01 02:40:00+00:00,1998.39,1998.87,1994.34,1996.3,2109.22
1735699260,2025-01-01 02:41:00+00:00,1996.25,1999.43,1995.92,1999.42,1203.57
1735699320,2025-01-01 02:42:00+00:00,1999.44,2002.77,1998.58,2002.31,5313.81
1735699380,2025-01-01 02:43:00+00:00,2002.33,2002.57,2000.54,2001.26,916.63
1735699440,2025-01-01 02:44:00+00:00,2001.23,2004.71,2000.57,2004.11,1856.49
1735699500,2025-01-01 02:45:00+00:00,2004.16,2005.72,2003.48,2005.18,979.04
1735699560,2025-01-01 02:46:00+00:00,2005.16,2008.6,2004.25,2008.23,1952.93
1735699620,2025-01-01 02:47:00+00:00,2008.22,2010.06,2007.7,2009.75,2951.08
1735699680,2025-01-01 02:48:00+00:00,2009.77,2011.83,2009.6,2010.22,2284.5
1735699740,2025-01-01 02:49:00+00:00,2010.19,2010.63,2009.05,2009.79,937.04
1735699800,2025-01-01 02:50:00+00:00,2009.81,2014.15,2007.39,2007.42,1814.54
1735699860,2025-01-01 02:51:00+00:00,2007.42,2012.39,2005.63,2011.98,1840.84
1735699920,2025-01-01 02:52:00+00:00,2011.97,2013.88,2011.61,2012.02,1789.25
1735699980,2025-01-01 02:53:00+00:00,2012.05,2012.46,2009.51,2011.69,1257.28
1735700040,2025-01-01 02:54:00+00:00,2011.64,2012.13,2009.02,2011.71,1609.34
1735700100,2025-01-01 02:55:00+00:00,2011.74,2011.97,2010.23,2010.85,2240.52
1735700160,2025-01-01 02:56:00+00:00,2010.84,2011.54,2004.98,2011.19,1358.6
1735700220,2025-01-01 02:57:00+00:00,2011.19,2012.28,2008.39,2011.65,1724.61
1735700280,2025-01-01 02:58:00+00:00,2011.66,2013.72,2009.99,2012.53,1398.28
1735700340,2025-01-01 02:59:00+00:00,2012.5,2012.91,2011.68,2012.26,1043.22
1735700400,2025-01-01 03:00:00+00:00,2012.3,2015.38,2010.91,2013.32,1672.47
1735700460,2025-01-01 03:01:00+00:00,2013.36,2015.47,2012.39,2014.62,771.3
1735700520,2025-01-01 03:02:00+00:00,2014.62,2016.93,2014.35,2016.18,1845.58
1735700580,2025-01-01 03:03:00+00:00,2016.16,2018.3,2012.17,2012.82,4614.37
1735700640,2025-01-01 03:04:00+00:00,2012.84,2013.71,2010.97,2013.1,689.83
1735700700,2025-01-01 03:05:00+00:00,2013.08,2014.23,2011.78,2013.36,1418.6
1735700760,2025-01-01 03:06:00+00:00,2013.33,2017.19,2012.44,2016.27,4661.73
1735700820,2025-01-01 03:07:00+00:00,2016.23,2018.0,2015.33,2017.58,2280.2
1735700880,2025-01-01 03:08:00+00:00,2017.57,2018.04,2014.55,2014.58,4465.0
1735700940,2025-01-01 03:09:00+00:00,2014.6,2014.96,2013.62,2014.73,1615.47
1735701000,2025-01-01 03:10:00+00:00,2014.72,2015.06,2012.18,2013.18,1691.18
1735701060,2025-01-01 03:11:00+00:00,2013.2,2015.36,2012.5,2012.63,3523.61
1735701120,2025-01-01 03:12:00+00:00,2012.65,2014.83,2012.45,2013.15,2009.3
1735701180,2025-01-01 03:13:00+00:00,2013.14,2013.5,2009.33,2012.31,3056.22
1735701240,2025-01-01 03:14:00+00:00,2012.32,2013.35,2011.41,2012.84,1237.74
1735701300,2025-01-01 03:15:00+00:00,2012.78,2014.94,2008.53,2011.01,2201.04
1735701360,2025-01-01 03:16:00+00:00,2010.95,2011.25,2008.41,2009.36,2902.47
1735701420,2025-01-01 03:17:00+00:00,2009.38,2012.46,2008.26,2011.71,2961.49
1735701480,2025-01-01 03:18:00+00:00,2011.71,2015.61,2011.4,2014.26,3519.28
1735701540,2025-01-01 03:19:00+00:00,2014.24,2015.81,2014.05,2015.14,5436.56
1735701600,2025-01-01 03:20:00+00:00,2015.1,2017.52,2014.53,2015.46,2225.93
1735701660,2025-01-01 03:21:00+00:00,2015.47,2016.45,2014.46,2014.56,655.63
1735701720,2025-01-01 03:22:00+00:00,2014.52,2015.01,2013.93,2014.82,651.64
1735701780,2025-01-01 03:23:00+00:00,2014.86,2017.42,2012.01,2016.21,1454.06
1735701840,2025-01-01 03:24:00+00:00,2016.18,2019.84,2016.17,2019.37,4260.97
1735701900,2025-01-01 03:25:00+00:00,2019.37,2021.33,2018.26,2020.04,3368.91
1735701960,2025-01-01 03:26:00+00:00,2020.06,2020.65,2015.39,2018.83,1896.02
1735702020,2025-01-01 03:27:00+00:00,2018.83,2019.51,2012.76,2014.19,9711.35
1735702080,2025-01-01 03:28:00+00:00,2014.22,2015.71,2013.52,2014.84,3935.54
1735702140,2025-01-01 03:29:00+00:00,2014.84,2015.74,2011.98,2012.05,1144.51
1735702200,2025-01-01 03:30:00+00:00,2012.05,2012.25,2011.01,2011.35,1023.78
1735702260,2025-01-01 03:31:00+00:00,2011.36,2012.0,2006.44,2011.78,1195.3
1735702320,2025-01-01 03:32:00+00:00,2011.78,2013.52,2011.0,2012.25,1746.28
1735702380,2025-01-01 03:33:00+00:00,2012.3,2012.68,2010.36,2010.73,3017.95
1735702440,2025-01-01 03:34:00+00:00,2010.71,2013.02,2010.16,2012.5,1379.13
1735702500,2025-01-01 03:35:00+00:00,2012.45,2013.29,2010.74,2011.82,1513.66
1735702560,2025-01-01 03:36:00+00:00,2011.8,2013.1,2011.21,2011.29,904.13
1735702620,2025-01-01 03:37:00+00:00,2011.31,2011.93,2007.7,2010.77,1122.1
1735702680,2025-01-01 03:38:00+00:00,2010.78,2013.01,2009.31,2010.02,1570.81
1735702740,2025-01-01 03:39:00+00:00,2010.02,2011.12,2009.87,2010.55,2598.44
1735702800,2025-01-01 03:40:00+00:00,2010.59,2011.91,2010.29,2011.62,1288.07
1735702860,2025-01-01 03:41:00+00:00,2011.6,2012.42,2011.22,2012.16,759.38
1735702920,2025-01-01 03:42:00+00:00,2012.14,2012.63,2008.86,2009.02,1447.35
1735702980,2025-01-01 03:43:00+00:00,2009.07,2010.34,2007.16,2010.24,1982.14
1735703040,2025-01-01 03:44:00+00:00,2010.19,2010.77,2008.6,2009.42,2081.79
1735703100,2025-01-01 03:45:00+00:00,2009.46,2009.46,2008.92,2009.2,1855.31
1735703160,2025-01-01 03:46:00+00:00,2009.18,2010.74,2008.33,2009.09,579.17
1735703220,2025-01-01 03:47:00+00:00,2009.13,2010.88,2009.02,2010.37,1360.78
1735703280,2025-01-01 03:48:00+00:00,2010.38,2013.68,2009.99,2011.86,1099.1
1735703340,2025-01-01 03:49:00+00:00,2011.89,2013.81,2009.39,2010.07,4099.86
1735703400,2025-01-01 03:50:00+00:00,2010.06,2012.93,2010.02,2011.68,2503.11
1735703460,2025-01-01 03:51:00+00:00,2011.65,2014.67,2011.61,2014.19,1220.5
1735703520,2025-01-01 03:52:00+00:00,2014.18,2014.34,2011.77,2013.1,706.09
1735703580,2025-01-01 03:53:00+00:00,2013.13,2013.89,2010.59,2012.68,1182.77
1735703640,2025-01-01 03:54:00+00:00,2012.67,2014.14,2009.93,2011.4,1439.81
1735703700,2025-01-01 03:55:00+00:00,2011.4,2011.93,2011.0,2011.26,837.43
1735703760,2025-01-01 03:56:00+00:00,2011.22,2015.7,2010.63,2013.01,1981.46
1735703820,2025-01-01 03:57:00+00:00,2012.98,2014.67,2012.49,2014.01,616.87
1735703880,2025-01-01 03:58:00+00:00,2014.05,2015.25,2013.31,2015.16,1262.51
1735703940,2025-01-01 03:59:00+00:00,2015.17,2017.72,2015.03,2016.33,1156.25
1735704000,2025-01-01 04:00:00+00:00,2016.32,2023.5,2013.72,2016.65,1788.52
1735704060,2025-01-01 04:01:00+00:00,2016.63,2018.65,2015.18,2016.47,2232.53
1735704120,2025-01-01 04:02:00+00:00,2016.47,2020.6,2015.5,2019.36,1967.97
1735704180,2025-01-01 04:03:00+00:00,2019.42,2019.83,2018.76,2019.26,895.99
1735704240,2025-01-01 04:04:00+00:00,2019.21,2021.13,2017.06,2018.03,721.57
1735704300,2025-01-01 04:05:00+00:00,2018.03,2022.53,2017.65,2020.22,1530.18
1735704360,2025-01-01 04:06:00+00:00,2020.23,2022.32,2018.08,2021.46,2179.45
1735704420,2025-01-01 04:07:00+00:00,2021.46,2022.71,2019.71,2021.74,1510.87
1735704480,2025-01-01 04:08:00+00:00,2021.75,2025.56,2021.74,2023.54,680.67
1735704540,2025-01-01 04:09:00+00:00,2023.52,2023.87,2022.73,2023.62,2340.54
1735704600,2025-01-01 04:10:00+00:00,2023.63,2024.01,2021.79,2022.82,3128.52
1735704660,2025-01-01 04:11:00+00:00,2022.75,2024.16,2020.0,2021.45,2226.59
1735704720,2025-01-01 04:12:00+00:00,2021.48,2021.79,2019.81,2021.19,2188.81
1735704780,2025-01-01 04:13:00+00:00,2021.19,2023.21,2018.44,2021.32,1676.57
1735704840,2025-01-01 04:14:00+00:00,2021.29,2023.19,2020.78,2021.19,1428.41
1735704900,2025-01-01 04:15:00+00:00,2021.21,2026.35,2019.72,2020.36,1551.71
1735704960,2025-01-01 04:16:00+00:00,2020.33,2022.31,2018.91,2019.18,4307.93
1735705020,2025-01-01 04:17:00+00:00,2019.16,2019.79,2015.18,2016.23,3090.91
1735705080,2025-01-01 04:18:00+00:00,2016.2,2017.97,2015.36,2015.56,1351.16
1735705140,2025-01-01 04:19:00+00:00,2015.61,2015.89,2015.05,2015.09,2498.5
1735705200,2025-01-01 04:20:00+00:00,2015.07,2015.79,2014.82,2015.69,1047.42
1735705260,2025-01-01 04:21:00+00:00,2015.73,2017.09,2013.35,2016.77,2640.88
1735705320,2025-01-01 04:22:00+00:00,2016.8,2022.01,2016.31,2017.09,908.11
1735705380,2025-01-01 04:23:00+00:00,2017.1,2018.54,2014.95,2015.01,4090.47
1735705440,2025-01-01 04:24:00+00:00,2014.95,2016.85,2012.57,2016.74,1400.11
1735705500,2025-01-01 04:25:00+00:00,2016.72,2018.86,2015.87,2016.05,2043.16
1735705560,2025-01-01 04:26:00+00:00,2016.03,2019.02,2013.2,2017.37,3299.56
1735705620,2025-01-01 04:27:00+00:00,2017.4,2017.9,2014.35,2015.93,5836.49
1735705680,2025-01-01 04:28:00+00:00,2015.92,2016.08,2011.98,2012.57,5440.3
1735705740,2025-01-01 04:29:00+00:00,2012.54,2015.15,2012.2,2015.07,2951.87
1735705800,2025-01-01 04:30:00+00:00,2015.08,2015.79,2013.24,2013.31,2476.41
1735705860,2025-01-01 04:31:00+00:00,2013.31,2019.03,2012.55,2018.22,3717.27
1735705920,2025-01-01 04:32:00+00:00,2018.25,2019.23,2017.7,2018.62,2693.01
1735705980,2025-01-01 04:33:00+00:00,2018.57,2021.0,2018.43,2019.89,2228.09
1735706040,2025-01-01 04:34:00+00:00,2019.88,2021.68,2018.23,2021.28,1740.07
1735706100,2025-01-01 04:35:00+00:00,2021.29,2023.07,2021.02,2022.29,1418.38
1735706160,2025-01-01 04:36:00+00:00,2022.27,2027.02,2021.36,2025.98,5432.32
1735706220,2025-01-01 04:37:00+00:00,2026.0,2026.49,2023.94,2025.18,842.61
1735706280,2025-01-01 04:38:00+00:00,2025.19,2026.4,2024.84,2026.24,1203.12
1735706340,2025-01-01 04:39:00+00:00,2026.25,2029.52,2026.14,2026.23,820.75
1735706400,2025-01-01 04:40:00+00:00,2026.23,2027.89,2025.84,2027.83,1972.0
1735706460,2025-01-01 04:41:00+00:00,2027.88,2029.63,2026.04,2028.71,714.69
1735706520,2025-01-01 04:42:00+00:00,2028.7,2029.75,2028.17,2028.96,2175.55
1735706580,2025-01-01 04:43:00+00:00,2028.99,2029.77,2026.77,2027.48,1981.04
1735706640,2025-01-01 04:44:00+00:00,2027.46,2029.08,2026.97,2027.66,1861.38
1735706700,2025-01-01 04:45:00+00:00,2027.61,2029.24,2026.69,2027.43,1045.66
1735706760,2025-01-01 04:46:00+00:00,2027.43,2028.47,2026.27,2026.94,394.1
1735706820,2025-01-01 04:47:00+00:00,2026.94,2028.13,2025.59,2028.09,1504.39
1735706880,2025-01-01 04:48:00+00:00,2028.1,2028.26,2026.43,2027.69,844.65
1735706940,2025-01-01 04:49:00+00:00,2027.72,2029.04,2027.44,2028.74,3109.64
1735707000,2025-01-01 04:50:00+00:00,2028.77,2031.01,2028.04,2028.21,1257.34
1735707060,2025-01-01 04:51:00+00:00,2028.2,2031.55,2026.26,2030.27,1510.73
1735707120,2025-01-01 04:52:00+00:00,2030.24,2032.33,2029.58,2031.65,4470.31
1735707180,2025-01-01 04:53:00+00:00,2031.67,2032.96,2031.06,2031.3,641.32
1735707240,2025-01-01 04:54:00+00:00,2031.33,2033.57,2030.1,2030.67,3295.53
1735707300,2025-01-01 04:55:00+00:00,2030.66,2031.49,2029.14,2029.19,918.83
1735707360,2025-01-01 04:56:00+00:00,2029.22,2029.71,2028.75,2029.18,319.42
1735707420,2025-01-01 04:57:00+00:00,2029.15,2032.16,2028.79,2029.43,827.81
1735707480,2025-01-01 04:58:00+00:00,2029.46,2029.65,2027.3,2028.41,1129.38
1735707540,2025-01-01 04:59:00+00:00,2028.44,2031.05,2026.99,2030.71,1941.78
1735707600,2025-01-01 05:00:00+00:00,2030.73,2031.8,2029.25,2030.42,2404.04
1735707660,2025-01-01 05:01:00+00:00,2030.47,2032.08,2028.99,2029.22,4522.72
1735707720,2025-01-01 05:02:00+00:00,2029.19,2029.65,2028.14,2028.86,1565.66
1735707780,2025-01-01 05:03:00+00:00,2028.84,2029.01,2027.68,2028.16,1283.23
1735707840,2025-01-01 05:04:00+00:00,2028.1,2030.89,2026.06,2026.72,1454.02
1735707900,2025-01-01 05:05:00+00:00,2026.7,2027.7,2026.11,2027.46,1621.75
1735707960,2025-01-01 05:06:00+00:00,2027.47,2031.57,2026.53,2029.63,2350.6
1735708020,2025-01-01 05:07:00+00:00,2029.64,2031.28,2027.0,2027.29,2459.89
1735708080,2025-01-01 05:08:00+00:00,2027.3,2029.03,2027.06,2029.0,2437.15
1735708140,2025-01-01 05:09:00+00:00,2029.01,2029.03,2025.44,2028.83,1288.36
1735708200,2025-01-01 05:10:00+00:00,2028.83,2030.06,2028.09,2029.65,1396.86
1735708260,2025-01-01 05:11:00+00:00,2029.65,2030.09,2028.28,2028.37,1627.7
1735708320,2025-01-01 05:12:00+00:00,2028.4,2029.49,2027.78,2028.98,1280.9
1735708380,2025-01-01 05:13:00+00:00,2028.98,2032.94,2028.6,2031.78,2281.65
1735708440,2025-01-01 05:14:00+00:00,2031.76,2034.19,2028.56,2034.02,3636.05
1735708500,2025-01-01 05:15:00+00:00,2034.0,2036.04,2033.64,2034.64,3124.35
1735708560,2025-01-01 05:16:00+00:00,2034.62,2039.05,2033.68,2036.8,2137.63
1735708620,2025-01-01 05:17:00+00:00,2036.81,2036.94,2034.49,2034.77,2742.32
1735708680,2025-01-01 05:18:00+00:00,2034.79,2040.03,2030.73,2037.66,5452.38
1735708740,2025-01-01 05:19:00+00:00,2037.65,2038.36,2035.71,2037.74,387.07
1735708800,2025-01-01 05:20:00+00:00,2037.73,2038.0,2036.61,2036.97,1621.41
1735708860,2025-01-01 05:21:00+00:00,2036.95,2037.93,2033.89,2035.25,871.7
1735708920,2025-01-01 05:22:00+00:00,2035.25,2036.97,2034.38,2036.97,2991.69
1735708980,2025-01-01 05:23:00+00:00,2036.98,2037.27,2036.48,2036.94,1071.01
1735709040,2025-01-01 05:24:00+00:00,2036.95,2038.27,2036.03,2037.91,2452.28
1735709100,2025-01-01 05:25:00+00:00,2037.87,2039.62,2036.4,2039.29,1284.59
1735709160,2025-01-01 05:26:00+00:00,2039.29,2039.59,2034.85,2037.09,1723.44
1735709220,2025-01-01 05:27:00+00:00,2037.11,2038.19,2034.31,2035.17,1611.4
1735709280,2025-01-01 05:28:00+00:00,2035.19,2035.86,2030.4,2033.36,1392.9
1735709340,2025-01-01 05:29:00+00:00,2033.34,2034.26,2033.13,2033.56,2239.25
1735709400,2025-01-01 05:30:00+00:00,2033.58,2036.84,2030.82,2034.83,2142.77
1735709460,2025-01-01 05:31:00+00:00,2034.88,2036.2,2032.25,2032.56,6392.98
1735709520,2025-01-01 05:32:00+00:00,2032.58,2033.85,2030.82,2031.56,1561.9
1735709580,2025-01-01 05:33:00+00:00,2031.61,2033.67,2031.51,2033.49,4158.7
1735709640,2025-01-01 05:34:00+00:00,2033.43,2033.54,2031.5,2031.69,2167.08
1735709700,2025-01-01 05:35:00+00:00,2031.69,2035.08,2029.69,2033.95,3309.59
1735709760,2025-01-01 05:36:00+00:00,2033.95,2035.07,2033.82,2033.84,819.43
1735709820,2025-01-01 05:37:00+00:00,2033.84,2034.4,2030.07,2032.1,2206.14
1735709880,2025-01-01 05:38:00+00:00,2032.08,2032.22,2028.23,2030.12,2088.15
1735709940,2025-01-01 05:39:00+00:00,2030.12,2030.78,2028.16,2029.72,896.97
1735710000,2025-01-01 05:40:00+00:00,2029.74,2029.93,2028.71,2029.86,2942.59
1735710060,2025-01-01 05:41:00+00:00,2029.88,2031.46,2029.29,2030.71,847.31
1735710120,2025-01-01 05:42:00+00:00,2030.71,2032.41,2030.13,2031.24,1835.75
1735710180,2025-01-01 05:43:00+00:00,2031.21,2035.46,2027.6,2027.89,4271.78
1735710240,2025-01-01 05:44:00+00:00,2027.86,2028.97,2025.88,2026.04,3241.78
1735710300,2025-01-01 05:45:00+00:00,2026.03,2030.32,2024.39,2024.54,895.64
1735710360,2025-01-01 05:46:00+00:00,2024.47,2029.01,2022.64,2027.04,4593.79
1735710420,2025-01-01 05:47:00+00:00,2027.06,2028.15,2024.94,2027.47,2005.05
1735710480,2025-01-01 05:48:00+00:00,2027.42,2028.85,2022.47,2026.08,1708.25
1735710540,2025-01-01 05:49:00+00:00,2026.11,2027.93,2025.94,2027.55,1372.82
1735710600,2025-01-01 05:50:00+00:00,2027.54,2029.06,2026.81,2027.73,1275.21
1735710660,2025-01-01 05:51:00+00:00,2027.71,2030.85,2027.44,2030.48,3115.6
1735710720,2025-01-01 05:52:00+00:00,2030.56,2031.3,2029.39,2030.03,1464.52
1735710780,2025-01-01 05:53:00+00:00,2030.02,2034.5,2028.56,2031.0,3270.48
1735710840,2025-01-01 05:54:00+00:00,2030.98,2032.38,2028.65,2028.75,6404.09
1735710900,2025-01-01 05:55:00+00:00,2028.73,2028.87,2024.18,2028.39,757.78
1735710960,2025-01-01 05:56:00+00:00,2028.4,2029.31,2027.86,2028.16,2109.2
1735711020,2025-01-01 05:57:00+00:00,2028.14,2029.27,2026.96,2027.59,2008.31
1735711080,2025-01-01 05:58:00+00:00,2027.61,2029.23,2027.47,2029.21,1882.2
1735711140,2025-01-01 05:59:00+00:00,2029.19,2029.65,2028.81,2028.92,1573.19
1735711200,2025-01-01 06:00:00+00:00,2028.97,2030.87,2027.49,2029.69,2737.15
1735711260,2025-01-01 06:01:00+00:00,2029.71,2029.76,2026.3,2026.93,6812.07
1735711320,2025-01-01 06:02:00+00:00,2026.92,2029.78,2026.82,2029.62,1064.13
1735711380,2025-01-01 06:03:00+00:00,2029.64,2031.04,2028.01,2030.93,2623.74
1735711440,2025-01-01 06:04:00+00:00,2030.98,2031.09,2029.03,2030.45,1236.35
1735711500,2025-01-01 06:05:00+00:00,2030.48,2033.74,2028.18,2032.61,3102.91
1735711560,2025-01-01 06:06:00+00:00,2032.55,2032.96,2030.08,2031.24,811.72
1735711620,2025-01-01 06:07:00+00:00,2031.25,2034.67,2028.74,2033.81,1896.07
1735711680,2025-01-01 06:08:00+00:00,2033.79,2035.93,2033.73,2034.16,1528.14
1735711740,2025-01-01 06:09:00+00:00,2034.16,2034.78,2032.31,2032.62,1434.47
1735711800,2025-01-01 06:10:00+00:00,2032.66,2035.82,2031.92,2034.88,914.33
1735711860,2025-01-01 06:11:00+00:00,2034.92,2035.8,2032.11,2034.33,1584.45
1735711920,2025-01-01 06:12:00+00:00,2034.38,2035.82,2032.93,2033.13,3248.19
1735711980,2025-01-01 06:13:00+00:00,2033.13,2033.23,2033.11,2033.23,3785.74
1735712040,2025-01-01 06:14:00+00:00,2033.21,2037.59,2032.46,2035.71,1845.81
1735712100,2025-01-01 06:15:00+00:00,2035.71,2037.04,2035.71,2036.14,2017.1
1735712160,2025-01-01 06:16:00+00:00,2036.16,2040.36,2033.78,2035.16,2451.64
1735712220,2025-01-01 06:17:00+00:00,2035.17,2039.61,2035.13,2036.43,2559.17
1735712280,2025-01-01 06:18:00+00:00,2036.45,2037.5,2033.2,2035.71,1032.15
1735712340,2025-01-01 06:19:00+00:00,2035.75,2040.85,2035.65,2037.25,4478.81
1735712400,2025-01-01 06:20:00+00:00,2037.24,2038.71,2036.61,2036.89,1298.98
1735712460,2025-01-01 06:21:00+00:00,2036.96,2038.73,2035.41,2038.2,2932.27
1735712520,2025-01-01 06:22:00+00:00,2038.21,2039.55,2035.5,2036.04,2330.13
1735712580,2025-01-01 06:23:00+00:00,2035.97,2036.08,2034.18,2035.11,3083.44
1735712640,2025-01-01 06:24:00+00:00,2035.15,2036.2,2030.76,2035.86,1163.2
1735712700,2025-01-01 06:25:00+00:00,2035.83,2037.89,2033.68,2036.42,1329.27
1735712760,2025-01-01 06:26:00+00:00,2036.43,2036.48,2035.81,2035.86,1712.36
1735712820,2025-01-01 06:27:00+00:00,2035.87,2036.06,2035.56,2035.65,727.2
1735712880,2025-01-01 06:28:00+00:00,2035.63,2036.37,2035.62,2036.35,1934.93
1735712940,2025-01-01 06:29:00+00:00,2036.38,2036.67,2035.79,2036.23,1177.84
1735713000,2025-01-01 06:30:00+00:00,2036.3,2037.76,2034.75,2035.2,2007.27
1735713060,2025-01-01 06:31:00+00:00,2035.2,2038.41,2032.95,2038.18,2776.85
1735713120,2025-01-01 06:32:00+00:00,2038.12,2038.19,2036.58,2038.02,1636.78
1735713180,2025-01-01 06:33:00+00:00,2038.01,2038.91,2037.93,2038.24,852.69
1735713240,2025-01-01 06:34:00+00:00,2038.27,2039.01,2036.07,2036.88,1787.49
1735713300,2025-01-01 06:35:00+00:00,2036.88,2037.18,2035.84,2035.93,3317.82
1735713360,2025-01-01 06:36:00+00:00,2035.97,2038.72,2035.3,2038.4,1312.52
1735713420,2025-01-01 06:37:00+00:00,2038.49,2039.57,2038.29,2039.19,2590.03
1735713480,2025-01-01 06:38:00+00:00,2039.07,2039.93,2036.89,2037.35,1419.61
1735713540,2025-01-01 06:39:00+00:00,2037.32,2038.33,2034.47,2036.8,2380.97
1735713600,2025-01-01 06:40:00+00:00,2036.86,2037.91,2036.07,2037.3,1342.47
1735713660,2025-01-01 06:41:00+00:00,2037.28,2039.76,2037.16,2037.46,448.58
1735713720,2025-01-01 06:42:00+00:00,2037.47,2040.99,2037.39,2039.29,1758.15
1735713780,2025-01-01 06:43:00+00:00,2039.25,2039.45,2038.26,2038.95,427.11
1735713840,2025-01-01 06:44:00+00:00,2038.91,2040.72,2034.64,2035.72,2302.71
1735713900,2025-01-01 06:45:00+00:00,2035.77,2036.49,2034.62,2034.82,539.2
1735713960,2025-01-01 06:46:00+00:00,2034.79,2036.26,2034.54,2035.85,874.35
1735714020,2025-01-01 06:47:00+00:00,2035.84,2040.86,2035.76,2039.78,3800.25
1735714080,2025-01-01 06:48:00+00:00,2039.77,2040.15,2036.62,2039.16,2064.52
1735714140,2025-01-01 06:49:00+00:00,2039.2,2041.58,2038.9,2039.69,2063.64
1735714200,2025-01-01 06:50:00+00:00,2039.66,2040.54,2038.76,2039.76,1014.55
1735714260,2025-01-01 06:51:00+00:00,2039.75,2040.4,2039.51,2040.38,3965.68
1735714320,2025-01-01 06:52:00+00:00,2040.34,2043.56,2039.83,2041.65,3144.31
1735714380,2025-01-01 06:53:00+00:00,2041.64,2042.66,2039.51,2042.24,1334.1
1735714440,2025-01-01 06:54:00+00:00,2042.27,2043.36,2041.21,2041.7,610.71
1735714500,2025-01-01 06:55:00+00:00,2041.7,2043.42,2041.03,2042.97,1367.26
1735714560,2025-01-01 06:56:00+00:00,2042.93,2043.12,2040.33,2042.99,1722.78
1735714620,2025-01-01 06:57:00+00:00,2042.99,2044.19,2040.59,2040.66,2616.5
1735714680,2025-01-01 06:58:00+00:00,2040.64,2040.84,2039.37,2040.3,2041.13
1735714740,2025-01-01 06:59:00+00:00,2040.26,2042.44,2039.14,2041.05,1818.01
1735714800,2025-01-01 07:00:00+00:00,2041.06,2042.68,2040.75,2041.52,1132.63
1735714860,2025-01-01 07:01:00+00:00,2041.51,2043.42,2041.0,2043.25,2639.07
1735714920,2025-01-01 07:02:00+00:00,2043.25,2043.28,2040.01,2041.61,853.99
1735714980,2025-01-01 07:03:00+00:00,2041.62,2041.73,2037.78,2040.8,1860.19
1735715040,2025-01-01 07:04:00+00:00,2040.81,2041.84,2039.7,2041.73,1509.16
1735715100,2025-01-01 07:05:00+00:00,2041.77,2041.79,2037.66,2041.16,2610.82
1735715160,2025-01-01 07:06:00+00:00,2041.17,2043.98,2040.78,2042.36,4047.33
1735715220,2025-01-01 07:07:00+00:00,2042.35,2045.63,2042.04,2043.03,812.63
1735715280,2025-01-01 07:08:00+00:00,2043.05,2043.15,2040.28,2041.83,2299.81
1735715340,2025-01-01 07:09:00+00:00,2041.86,2044.43,2041.08,2043.78,4200.19
1735715400,2025-01-01 07:10:00+00:00,2043.79,2044.71,2042.87,2043.79,2737.36
1735715460,2025-01-01 07:11:00+00:00,2043.78,2045.9,2043.34,2045.31,1714.08
1735715520,2025-01-01 07:12:00+00:00,2045.31,2045.43,2043.17,2043.93,4517.2
1735715580,2025-01-01 07:13:00+00:00,2043.9,2046.91,2043.48,2044.29,993.64
1735715640,2025-01-01 07:14:00+00:00,2044.31,2047.32,2042.14,2046.18,1578.37
1735715700,2025-01-01 07:15:00+00:00,2046.19,2047.37,2043.32,2044.44,1010.03
1735715760,2025-01-01 07:16:00+00:00,2044.46,2051.7,2042.65,2050.85,5376.83
1735715820,2025-01-01 07:17:00+00:00,2050.8,2052.68,2045.64,2052.56,3425.3
1735715880,2025-01-01 07:18:00+00:00,2052.56,2053.42,2051.42,2052.24,483.99
1735715940,2025-01-01 07:19:00+00:00,2052.23,2053.55,2051.8,2052.89,1896.76
1735716000,2025-01-01 07:20:00+00:00,2052.87,2053.98,2051.24,2051.98,1154.46
1735716060,2025-01-01 07:21:00+00:00,2052.01,2053.25,2050.51,2051.38,1245.96
1735716120,2025-01-01 07:22:00+00:00,2051.37,2053.69,2048.19,2052.83,2003.33
1735716180,2025-01-01 07:23:00+00:00,2052.82,2057.68,2048.96,2057.4,2660.44
1735716240,2025-01-01 07:24:00+00:00,2057.39,2058.35,2056.85,2058.33,2523.55
1735716300,2025-01-01 07:25:00+00:00,2058.33,2058.58,2056.84,2057.88,1116.08
1735716360,2025-01-01 07:26:00+00:00,2057.89,2059.4,2057.09,2058.87,1631.72
1735716420,2025-01-01 07:27:00+00:00,2058.87,2060.42,2055.9,2057.73,4223.53
1735716480,2025-01-01 07:28:00+00:00,2057.7,2058.76,2055.01,2055.02,5628.07
1735716540,2025-01-01 07:29:00+00:00,2055.02,2055.45,2053.62,2054.5,996.39
1735716600,2025-01-01 07:30:00+00:00,2054.5,2054.71,2054.4,2054.42,1132.07
1735716660,2025-01-01 07:31:00+00:00,2054.44,2054.83,2054.19,2054.54,1317.45
1735716720,2025-01-01 07:32:00+00:00,2054.58,2054.78,2054.11,2054.31,2949.81
1735716780,2025-01-01 07:33:00+00:00,2054.31,2058.01,2053.97,2057.78,5651.27
1735716840,2025-01-01 07:34:00+00:00,2057.8,2058.57,2053.93,2056.31,2510.69
1735716900,2025-01-01 07:35:00+00:00,2056.33,2056.79,2055.83,2056.71,1488.57
1735716960,2025-01-01 07:36:00+00:00,2056.71,2058.07,2055.6,2055.71,2193.42
1735717020,2025-01-01 07:37:00+00:00,2055.77,2055.96,2054.2,2054.32,1779.34
1735717080,2025-01-01 07:38:00+00:00,2054.33,2054.7,2053.22,2053.78,1944.9
1735717140,2025-01-01 07:39:00+00:00,2053.75,2054.7,2051.44,2052.99,633.38
1735717200,2025-01-01 07:40:00+00:00,2052.95,2061.77,2052.67,2053.08,1656.61
1735717260,2025-01-01 07:41:00+00:00,2053.05,2054.32,2053.0,2053.56,1271.98
1735717320,2025-01-01 07:42:00+00:00,2053.61,2055.82,2050.65,2052.51,1363.66
1735717380,2025-01-01 07:43:00+00:00,2052.55,2054.68,2051.95,2052.07,2063.2
1735717440,2025-01-01 07:44:00+00:00,2052.04,2052.24,2049.65,2050.39,2579.32
1735717500,2025-01-01 07:45:00+00:00,2050.39,2054.06,2049.03,2052.5,1655.45
1735717560,2025-01-01 07:46:00+00:00,2052.51,2053.79,2051.48,2053.57,1189.65
1735717620,2025-01-01 07:47:00+00:00,2053.58,2054.23,2051.78,2052.96,1420.2
1735717680,2025-01-01 07:48:00+00:00,2052.93,2055.37,2052.32,2055.0,1202.18
1735717740,2025-01-01 07:49:00+00:00,2054.96,2057.95,2053.72,2056.01,2558.28
1735717800,2025-01-01 07:50:00+00:00,2056.02,2059.92,2055.94,2056.24,328.19
1735717860,2025-01-01 07:51:00+00:00,2056.24,2058.02,2053.55,2055.1,1441.91
1735717920,2025-01-01 07:52:00+00:00,2055.08,2058.24,2054.72,2056.67,1989.29
1735717980,2025-01-01 07:53:00+00:00,2056.68,2060.88,2056.53,2058.69,1834.65
1735718040,2025-01-01 07:54:00+00:00,2058.7,2060.04,2058.19,2059.44,2100.74
1735718100,2025-01-01 07:55:00+00:00,2059.47,2062.29,2059.47,2061.66,4923.75
1735718160,2025-01-01 07:56:00+00:00,2061.66,2062.52,2059.5,2062.36,870.85
1735718220,2025-01-01 07:57:00+00:00,2062.33,2063.73,2059.15,2061.15,4710.94
1735718280,2025-01-01 07:58:00+00:00,2061.15,2061.68,2059.22,2060.07,2080.64
1735718340,2025-01-01 07:59:00+00:00,2060.11,2060.55,2058.99,2059.05,1373.72
1735718400,2025-01-01 08:00:00+00:00,2059.03,2061.72,2056.15,2057.57,3546.77
1735718460,2025-01-01 08:01:00+00:00,2057.57,2058.35,2054.0,2055.87,2035.04
1735718520,2025-01-01 08:02:00+00:00,2055.84,2057.47,2055.37,2056.52,1854.77
1735718580,2025-01-01 08:03:00+00:00,2056.54,2058.42,2055.56,2058.24,2253.12
1735718640,2025-01-01 08:04:00+00:00,2058.26,2058.57,2058.04,2058.45,1405.52
1735718700,2025-01-01 08:05:00+00:00,2058.5,2061.91,2058.09,2061.7,11794.86
1735718760,2025-01-01 08:06:00+00:00,2061.71,2061.88,2058.67,2061.11,598.66
1735718820,2025-01-01 08:07:00+00:00,2061.18,2062.9,2059.98,2061.41,1303.15
1735718880,2025-01-01 08:08:00+00:00,2061.43,2064.16,2060.69,2063.19,1824.86
1735718940,2025-01-01 08:09:00+00:00,2063.18,2063.45,2055.63,2061.73,1927.9
1735719000,2025-01-01 08:10:00+00:00,2061.77,2062.83,2059.12,2059.33,3814.3
1735719060,2025-01-01 08:11:00+00:00,2059.31,2059.42,2056.52,2057.09,1608.22
1735719120,2025-01-01 08:12:00+00:00,2057.1,2058.82,2056.02,2058.1,1794.55
1735719180,2025-01-01 08:13:00+00:00,2058.07,2060.07,2054.8,2055.48,3348.41
1735719240,2025-01-01 08:14:00+00:00,2055.45,2059.76,2054.52,2055.31,665.98
1735719300,2025-01-01 08:15:00+00:00,2055.35,2056.24,2054.68,2054.69,1278.01
1735719360,2025-01-01 08:16:00+00:00,2054.66,2055.12,2053.55,2053.85,503.82
1735719420,2025-01-01 08:17:00+00:00,2053.85,2057.11,2050.24,2050.43,2080.97
1735719480,2025-01-01 08:18:00+00:00,2050.4,2056.25,2049.28,2054.36,4705.27
1735719540,2025-01-01 08:19:00+00:00,2054.34,2057.24,2051.64,2055.84,2885.6
1735719600,2025-01-01 08:20:00+00:00,2055.88,2055.95,2049.37,2053.07,2788.13
1735719660,2025-01-01 08:21:00+00:00,2053.16,2055.29,2051.84,2055.18,1699.87
1735719720,2025-01-01 08:22:00+00:00,2055.24,2056.11,2055.24,2055.95,935.15
1735719780,2025-01-01 08:23:00+00:00,2055.97,2056.34,2055.11,2055.28,973.41
1735719840,2025-01-01 08:24:00+00:00,2055.23,2058.28,2055.08,2056.3,1746.12
1735719900,2025-01-01 08:25:00+00:00,2056.24,2057.68,2050.47,2051.43,15428.59
1735719960,2025-01-01 08:26:00+00:00,2051.43,2052.55,2051.08,2051.78,696.06
1735720020,2025-01-01 08:27:00+00:00,2051.76,2054.09,2051.67,2052.06,1461.99
1735720080,2025-01-01 08:28:00+00:00,2052.02,2054.56,2050.84,2053.63,2854.69
1735720140,2025-01-01 08:29:00+00:00,2053.61,2053.78,2052.13,2052.82,2227.66
1735720200,2025-01-01 08:30:00+00:00,2052.82,2057.25,2052.22,2055.92,2392.73
1735720260,2025-01-01 08:31:00+00:00,2055.95,2057.3,2053.92,2054.14,1766.87
1735720320,2025-01-01 08:32:00+00:00,2054.14,2054.14,2053.07,2053.55,4713.29
1735720380,2025-01-01 08:33:00+00:00,2053.51,2054.87,2051.62,2051.65,2109.24
1735720440,2025-01-01 08:34:00+00:00,2051.66,2051.8,2050.54,2051.07,617.15
1735720500,2025-01-01 08:35:00+00:00,2051.11,2053.14,2050.98,2052.73,3360.77
1735720560,2025-01-01 08:36:00+00:00,2052.77,2053.77,2050.62,2051.47,3926.62
1735720620,2025-01-01 08:37:00+00:00,2051.5,2054.7,2047.84,2049.02,3284.59
1735720680,2025-01-01 08:38:00+00:00,2049.04,2049.44,2047.98,2048.67,1426.28
1735720740,2025-01-01 08:39:00+00:00,2048.66,2049.73,2046.22,2047.02,2197.49
1735720800,2025-01-01 08:40:00+00:00,2047.02,2052.88,2046.7,2046.9,976.26
1735720860,2025-01-01 08:41:00+00:00,2046.9,2047.58,2044.5,2046.87,883.2
1735720920,2025-01-01 08:42:00+00:00,2046.84,2047.12,2046.16,2046.23,1614.95
1735720980,2025-01-01 08:43:00+00:00,2046.26,2047.02,2046.26,2046.58,1496.06
1735721040,2025-01-01 08:44:00+00:00,2046.59,2048.11,2042.66,2044.39,2153.75
1735721100,2025-01-01 08:45:00+00:00,2044.4,2044.82,2042.01,2043.98,3155.85
1735721160,2025-01-01 08:46:00+00:00,2043.98,2048.67,2043.43,2045.52,1484.54
1735721220,2025-01-01 08:47:00+00:00,2045.52,2046.32,2043.55,2044.64,2258.18
1735721280,2025-01-01 08:48:00+00:00,2044.61,2047.68,2042.14,2044.27,988.89
1735721340,2025-01-01 08:49:00+00:00,2044.26,2044.8,2041.16,2043.27,3864.2
1735721400,2025-01-01 08:50:00+00:00,2043.28,2044.11,2042.48,2042.97,983.42
1735721460,2025-01-01 08:51:00+00:00,2042.91,2043.94,2040.08,2043.64,2168.79
1735721520,2025-01-01 08:52:00+00:00,2043.66,2045.06,2042.71,2042.8,2866.84
1735721580,2025-01-01 08:53:00+00:00,2042.81,2045.7,2041.45,2044.13,2381.22
1735721640,2025-01-01 08:54:00+00:00,2044.09,2044.74,2043.44,2043.89,1778.33
1735721700,2025-01-01 08:55:00+00:00,2043.86,2046.31,2041.69,2045.95,5386.71
1735721760,2025-01-01 08:56:00+00:00,2045.95,2048.24,2045.46,2048.19,2250.2
1735721820,2025-01-01 08:57:00+00:00,2048.23,2049.5,2048.1,2049.3,1759.89
1735721880,2025-01-01 08:58:00+00:00,2049.31,2053.16,2049.13,2050.32,2033.14
1735721940,2025-01-01 08:59:00+00:00,2050.42,2052.22,2048.14,2051.68,1638.92
1735722000,2025-01-01 09:00:00+00:00,2051.68,2051.74,2045.46,2049.5,2895.7
1735722060,2025-01-01 09:01:00+00:00,2049.49,2052.47,2047.24,2048.22,2462.85
1735722120,2025-01-01 09:02:00+00:00,2048.25,2048.42,2045.25,2045.44,2408.89
1735722180,2025-01-01 09:03:00+00:00,2045.47,2045.5,2041.97,2042.48,9288.39
1735722240,2025-01-01 09:04:00+00:00,2042.45,2043.38,2041.54,2042.13,2281.41
1735722300,2025-01-01 09:05:00+00:00,2042.15,2042.25,2041.92,2042.07,2093.22
1735722360,2025-01-01 09:06:00+00:00,2042.07,2046.37,2038.7,2039.79,1877.91
1735722420,2025-01-01 09:07:00+00:00,2039.76,2044.17,2039.71,2040.57,2270.61
1735722480,2025-01-01 09:08:00+00:00,2040.56,2041.92,2037.26,2040.47,1639.55
1735722540,2025-01-01 09:09:00+00:00,2040.45,2043.11,2036.75,2042.62,1315.66
1735722600,2025-01-01 09:10:00+00:00,2042.63,2044.2,2040.44,2043.4,1138.56
1735722660,2025-01-01 09:11:00+00:00,2043.42,2045.53,2042.81,2044.85,2466.93
1735722720,2025-01-01 09:12:00+00:00,2044.81,2048.99,2044.0,2044.8,3111.83
1735722780,2025-01-01 09:13:00+00:00,2044.8,2045.55,2044.58,2044.92,2251.21
1735722840,2025-01-01 09:14:00+00:00,2044.93,2047.13,2043.43,2046.39,2663.28
1735722900,2025-01-01 09:15:00+00:00,2046.39,2047.51,2044.07,2044.74,2552.12
1735722960,2025-01-01 09:16:00+00:00,2044.74,2044.84,2042.16,2042.82,2911.37
1735723020,2025-01-01 09:17:00+00:00,2042.8,2043.8,2040.66,2043.67,2117.07
1735723080,2025-01-01 09:18:00+00:00,2043.64,2045.89,2042.19,2045.56,2107.25
1735723140,2025-01-01 09:19:00+00:00,2045.53,2047.72,2040.4,2046.65,2502.03
1735723200,2025-01-01 09:20:00+00:00,2046.65,2046.99,2045.13,2045.61,1029.79
1735723260,2025-01-01 09:21:00+00:00,2045.64,2050.79,2042.0,2046.82,1782.42
1735723320,2025-01-01 09:22:00+00:00,2046.85,2046.91,2042.06,2044.94,2147.56
1735723380,2025-01-01 09:23:00+00:00,2044.94,2047.25,2042.28,2047.19,4320.27
1735723440,2025-01-01 09:24:00+00:00,2047.2,2047.42,2043.65,2046.57,1772.75
1735723500,2025-01-01 09:25:00+00:00,2046.58,2047.41,2045.98,2046.53,1546.66
1735723560,2025-01-01 09:26:00+00:00,2046.6,2047.66,2040.57,2045.04,892.7
1735723620,2025-01-01 09:27:00+00:00,2045.04,2046.58,2043.43,2045.55,1202.04
1735723680,2025-01-01 09:28:00+00:00,2045.5,2046.47,2045.07,2046.26,2030.11
1735723740,2025-01-01 09:29:00+00:00,2046.25,2048.98,2045.93,2047.75,2687.51
1735723800,2025-01-01 09:30:00+00:00,2047.81,2051.46,2047.57,2050.17,1641.11
1735723860,2025-01-01 09:31:00+00:00,2050.19,2050.82,2049.48,2049.97,2421.46
1735723920,2025-01-01 09:32:00+00:00,2049.98,2052.79,2045.77,2046.28,1168.07
1735723980,2025-01-01 09:33:00+00:00,2046.28,2046.37,2042.74,2044.81,1107.64
1735724040,2025-01-01 09:34:00+00:00,2044.81,2046.77,2043.06,2044.06,1111.67
1735724100,2025-01-01 09:35:00+00:00,2044.02,2049.12,2043.79,2046.77,2464.6
1735724160,2025-01-01 09:36:00+00:00,2046.73,2046.77,2045.8,2046.53,2723.08
1735724220,2025-01-01 09:37:00+00:00,2046.53,2049.39,2046.04,2047.6,2140.71
1735724280,2025-01-01 09:38:00+00:00,2047.61,2051.24,2046.21,2046.94,1339.28
1735724340,2025-01-01 09:39:00+00:00,2046.96,2049.16,2043.02,2047.92,1746.08
1735724400,2025-01-01 09:40:00+00:00,2047.95,2048.25,2044.77,2046.87,1262.87
1735724460,2025-01-01 09:41:00+00:00,2046.88,2048.49,2044.84,2047.97,2016.93
1735724520,2025-01-01 09:42:00+00:00,2047.99,2049.8,2047.12,2049.22,1107.37
1735724580,2025-01-01 09:43:00+00:00,2049.22,2049.52,2048.45,2048.58,1450.2
1735724640,2025-01-01 09:44:00+00:00,2048.6,2051.32,2046.84,2051.0,764.46
1735724700,2025-01-01 09:45:00+00:00,2050.99,2055.83,2050.66,2053.26,3778.14
1735724760,2025-01-01 09:46:00+00:00,2053.27,2056.68,2052.61,2054.91,2602.36
1735724820,2025-01-01 09:47:00+00:00,2054.92,2055.1,2054.15,2054.65,1978.22
1735724880,2025-01-01 09:48:00+00:00,2054.69,2057.37,2053.54,2056.95,2332.34
1735724940,2025-01-01 09:49:00+00:00,2056.94,2058.02,2055.79,2056.28,1503.51
1735725000,2025-01-01 09:50:00+00:00,2056.33,2059.56,2054.84,2058.62,6803.04
1735725060,2025-01-01 09:51:00+00:00,2058.57,2060.3,2057.19,2058.06,1040.85
1735725120,2025-01-01 09:52:00+00:00,2058.06,2059.73,2057.69,2059.72,1123.18
1735725180,2025-01-01 09:53:00+00:00,2059.71,2061.31,2057.61,2060.44,3081.6
1735725240,2025-01-01 09:54:00+00:00,2060.41,2060.79,2056.68,2057.54,3994.52
1735725300,2025-01-01 09:55:00+00:00,2057.52,2058.75,2056.09,2056.55,589.82
1735725360,2025-01-01 09:56:00+00:00,2056.57,2059.0,2055.39,2058.73,2279.7
1735725420,2025-01-01 09:57:00+00:00,2058.75,2064.03,2057.25,2057.29,4292.87
1735725480,2025-01-01 09:58:00+00:00,2057.32,2057.74,2055.27,2057.11,564.18
1735725540,2025-01-01 09:59:00+00:00,2057.12,2061.85,2054.15,2056.78,1484.9
1735725600,2025-01-01 10:00:00+00:00,2056.77,2057.73,2052.03,2053.72,3010.52
1735725660,2025-01-01 10:01:00+00:00,2053.7,2055.77,2051.9,2052.23,923.8
1735725720,2025-01-01 10:02:00+00:00,2052.28,2054.01,2048.66,2051.31,1402.75
1735725780,2025-01-01 10:03:00+00:00,2051.36,2051.57,2050.24,2050.79,773.27
1735725840,2025-01-01 10:04:00+00:00,2050.85,2052.3,2050.12,2051.66,2116.29
1735725900,2025-01-01 10:05:00+00:00,2051.73,2054.44,2047.64,2049.17,2497.57
1735725960,2025-01-01 10:06:00+00:00,2049.15,2050.77,2049.1,2050.19,1124.95
1735726020,2025-01-01 10:07:00+00:00,2050.22,2051.74,2049.74,2049.76,1023.42
1735726080,2025-01-01 10:08:00+00:00,2049.71,2051.71,2046.82,2047.12,1326.72
1735726140,2025-01-01 10:09:00+00:00,2047.09,2049.23,2045.19,2048.62,3528.83
1735726200,2025-01-01 10:10:00+00:00,2048.6,2049.9,2044.66,2045.17,6636.82
1735726260,2025-01-01 10:11:00+00:00,2045.14,2045.51,2040.99,2041.77,4712.55
1735726320,2025-01-01 10:12:00+00:00,2041.73,2043.34,2041.02,2041.33,2597.73
1735726380,2025-01-01 10:13:00+00:00,2041.36,2043.45,2039.49,2040.28,1680.26
1735726440,2025-01-01 10:14:00+00:00,2040.31,2043.72,2039.13,2042.33,3854.77
1735726500,2025-01-01 10:15:00+00:00,2042.31,2042.96,2042.17,2042.47,895.07
1735726560,2025-01-01 10:16:00+00:00,2042.49,2044.54,2036.94,2042.0,2116.98
1735726620,2025-01-01 10:17:00+00:00,2041.92,2044.88,2041.28,2044.43,3634.46
1735726680,2025-01-01 10:18:00+00:00,2044.45,2045.64,2044.37,2045.35,4266.96
1735726740,2025-01-01 10:19:00+00:00,2045.35,2046.65,2043.32,2043.75,2483.66
1735726800,2025-01-01 10:20:00+00:00,2043.73,2043.99,2042.03,2043.95,1916.34
1735726860,2025-01-01 10:21:00+00:00,2043.93,2046.98,2043.57,2043.79,1702.18
1735726920,2025-01-01 10:22:00+00:00,2043.82,2044.22,2038.86,2040.15,1985.97
1735726980,2025-01-01 10:23:00+00:00,2040.15,2042.77,2037.69,2042.68,3544.81
1735727040,2025-01-01 10:24:00+00:00,2042.69,2044.94,2041.78,2043.06,1245.74
1735727100,2025-01-01 10:25:00+00:00,2043.02,2045.75,2041.62,2042.83,1233.51
1735727160,2025-01-01 10:26:00+00:00,2042.82,2047.73,2041.46,2045.14,3932.11
1735727220,2025-01-01 10:27:00+00:00,2045.2,2048.18,2041.59,2045.52,1521.77
1735727280,2025-01-01 10:28:00+00:00,2045.49,2047.54,2044.84,2046.63,1774.0
1735727340,2025-01-01 10:29:00+00:00,2046.63,2047.89,2043.84,2047.87,1178.35
1735727400,2025-01-01 10:30:00+00:00,2047.92,2049.3,2047.38,2048.95,912.68
1735727460,2025-01-01 10:31:00+00:00,2048.93,2052.96,2048.26,2052.28,2044.54
1735727520,2025-01-01 10:32:00+00:00,2052.27,2052.98,2049.22,2052.33,545.9
1735727580,2025-01-01 10:33:00+00:00,2052.29,2053.31,2049.17,2052.95,649.2
1735727640,2025-01-01 10:34:00+00:00,2052.95,2053.04,2051.39,2051.47,1012.98
1735727700,2025-01-01 10:35:00+00:00,2051.47,2052.06,2048.57,2050.9,6222.36
1735727760,2025-01-01 10:36:00+00:00,2050.98,2051.09,2047.89,2049.62,1086.02
1735727820,2025-01-01 10:37:00+00:00,2049.64,2049.95,2048.09,2049.05,1971.3
1735727880,2025-01-01 10:38:00+00:00,2049.07,2049.58,2048.64,2048.81,1556.79
1735727940,2025-01-01 10:39:00+00:00,2048.79,2050.47,2048.31,2050.04,1360.77
1735728000,2025-01-01 10:40:00+00:00,2050.09,2052.41,2049.21,2049.22,1343.23
1735728060,2025-01-01 10:41:00+00:00,2049.19,2050.72,2048.8,2050.5,2337.42
1735728120,2025-01-01 10:42:00+00:00,2050.49,2050.61,2049.08,2049.15,2125.29
1735728180,2025-01-01 10:43:00+00:00,2049.17,2052.87,2048.34,2050.38,1307.2
1735728240,2025-01-01 10:44:00+00:00,2050.39,2052.55,2048.35,2048.52,976.26
1735728300,2025-01-01 10:45:00+00:00,2048.51,2050.68,2044.1,2049.22,1525.43
1735728360,2025-01-01 10:46:00+00:00,2049.2,2050.36,2044.97,2046.39,2042.92
1735728420,2025-01-01 10:47:00+00:00,2046.39,2048.21,2046.19,2046.68,1436.94
1735728480,2025-01-01 10:48:00+00:00,2046.64,2048.68,2044.51,2045.44,4407.66
1735728540,2025-01-01 10:49:00+00:00,2045.45,2047.52,2043.86,2043.97,2734.67
1735728600,2025-01-01 10:50:00+00:00,2043.99,2048.01,2043.79,2045.55,3138.31
1735728660,2025-01-01 10:51:00+00:00,2045.52,2046.57,2043.06,2046.4,3398.63
1735728720,2025-01-01 10:52:00+00:00,2046.35,2046.98,2046.16,2046.53,1142.69
1735728780,2025-01-01 10:53:00+00:00,2046.54,2053.9,2046.43,2049.42,2755.96
1735728840,2025-01-01 10:54:00+00:00,2049.42,2049.53,2048.1,2048.67,526.62
1735728900,2025-01-01 10:55:00+00:00,2048.7,2049.83,2045.98,2046.21,2400.71
1735728960,2025-01-01 10:56:00+00:00,2046.22,2047.47,2043.65,2047.16,1141.63
1735729020,2025-01-01 10:57:00+00:00,2047.14,2047.58,2045.75,2046.84,6429.84
1735729080,2025-01-01 10:58:00+00:00,2046.88,2048.31,2045.91,2046.0,1465.45
1735729140,2025-01-01 10:59:00+00:00,2046.0,2050.14,2045.89,2048.0,5013.16
1735729200,2025-01-01 11:00:00+00:00,2048.03,2048.31,2047.54,2047.77,1277.18
1735729260,2025-01-01 11:01:00+00:00,2047.81,2050.07,2047.43,2048.7,1742.34
1735729320,2025-01-01 11:02:00+00:00,2048.74,2048.91,2047.87,2047.94,1199.46
1735729380,2025-01-01 11:03:00+00:00,2047.95,2048.95,2047.29,2048.62,2240.11
1735729440,2025-01-01 11:04:00+00:00,2048.61,2053.08,2045.54,2052.61,2010.61
1735729500,2025-01-01 11:05:00+00:00,2052.63,2052.77,2049.94,2051.92,2430.94
1735729560,2025-01-01 11:06:00+00:00,2051.93,2053.24,2049.85,2050.02,1489.27
1735729620,2025-01-01 11:07:00+00:00,2050.03,2051.4,2049.89,2050.99,1454.55
1735729680,2025-01-01 11:08:00+00:00,2050.98,2052.83,2050.12,2051.34,2339.15
1735729740,2025-01-01 11:09:00+00:00,2051.35,2055.84,2042.23,2049.31,3382.36
1735729800,2025-01-01 11:10:00+00:00,2049.3,2049.64,2046.18,2046.9,4265.75
1735729860,2025-01-01 11:11:00+00:00,2046.86,2048.8,2046.6,2047.5,2109.51
1735729920,2025-01-01 11:12:00+00:00,2047.49,2052.95,2043.04,2048.21,1513.9
1735729980,2025-01-01 11:13:00+00:00,2048.22,2053.81,2047.97,2051.98,5753.77
1735730040,2025-01-01 11:14:00+00:00,2052.03,2052.48,2051.75,2052.44,1987.34
1735730100,2025-01-01 11:15:00+00:00,2052.46,2053.76,2049.26,2052.2,1082.53
1735730160,2025-01-01 11:16:00+00:00,2052.2,2052.24,2048.27,2048.76,7206.04
1735730220,2025-01-01 11:17:00+00:00,2048.78,2049.08,2046.23,2047.94,2845.53
1735730280,2025-01-01 11:18:00+00:00,2047.98,2048.21,2045.26,2048.01,942.36
1735730340,2025-01-01 11:19:00+00:00,2047.99,2048.39,2046.14,2046.9,2395.39
1735730400,2025-01-01 11:20:00+00:00,2046.93,2047.53,2046.26,2047.18,1345.74
1735730460,2025-01-01 11:21:00+00:00,2047.21,2047.31,2045.94,2045.96,984.54
1735730520,2025-01-01 11:22:00+00:00,2045.98,2045.99,2044.16,2044.99,1305.47
1735730580,2025-01-01 11:23:00+00:00,2044.99,2046.36,2043.59,2046.13,1140.63
1735730640,2025-01-01 11:24:00+00:00,2046.1,2046.11,2042.96,2043.24,2256.7
1735730700,2025-01-01 11:25:00+00:00,2043.2,2045.3,2042.69,2043.39,1000.81
1735730760,2025-01-01 11:26:00+00:00,2043.39,2043.71,2042.53,2042.89,608.63
1735730820,2025-01-01 11:27:00+00:00,2042.88,2043.22,2040.87,2042.5,828.42
1735730880,2025-01-01 11:28:00+00:00,2042.51,2043.51,2039.01,2040.21,6714.88
1735730940,2025-01-01 11:29:00+00:00,2040.18,2042.99,2040.03,2040.87,1503.88
1735731000,2025-01-01 11:30:00+00:00,2040.82,2042.36,2040.72,2041.83,1198.8
1735731060,2025-01-01 11:31:00+00:00,2041.86,2042.87,2041.0,2042.35,1037.95
1735731120,2025-01-01 11:32:00+00:00,2042.35,2043.51,2040.8,2041.24,1395.4
1735731180,2025-01-01 11:33:00+00:00,2041.26,2042.94,2041.14,2042.26,1592.71
1735731240,2025-01-01 11:34:00+00:00,2042.22,2042.58,2041.57,2041.88,821.89
1735731300,2025-01-01 11:35:00+00:00,2041.86,2043.59,2040.16,2042.68,7123.05
1735731360,2025-01-01 11:36:00+00:00,2042.64,2043.15,2040.32,2041.27,2358.92
1735731420,2025-01-01 11:37:00+00:00,2041.29,2041.38,2039.56,2039.96,1470.77
1735731480,2025-01-01 11:38:00+00:00,2039.93,2043.48,2037.48,2043.46,3509.22
1735731540,2025-01-01 11:39:00+00:00,2043.44,2043.46,2036.74,2038.81,6232.77
1735731600,2025-01-01 11:40:00+00:00,2038.82,2040.52,2036.05,2036.11,2164.69
1735731660,2025-01-01 11:41:00+00:00,2036.1,2041.35,2035.87,2037.04,527.12
1735731720,2025-01-01 11:42:00+00:00,2037.03,2037.72,2033.18,2037.17,438.5
1735731780,2025-01-01 11:43:00+00:00,2037.12,2037.41,2033.33,2036.59,1101.76
1735731840,2025-01-01 11:44:00+00:00,2036.58,2037.25,2035.19,2035.66,2187.36
1735731900,2025-01-01 11:45:00+00:00,2035.68,2036.45,2035.1,2036.4,1296.91
1735731960,2025-01-01 11:46:00+00:00,2036.36,2038.82,2036.23,2037.67,2218.19
1735732020,2025-01-01 11:47:00+00:00,2037.61,2038.8,2034.81,2035.9,1458.23
1735732080,2025-01-01 11:48:00+00:00,2035.88,2035.93,2033.33,2034.72,1445.14
1735732140,2025-01-01 11:49:00+00:00,2034.71,2035.59,2032.62,2035.05,1298.01
1735732200,2025-01-01 11:50:00+00:00,2035.01,2035.3,2030.54,2032.2,6435.81
1735732260,2025-01-01 11:51:00+00:00,2032.19,2032.81,2030.74,2031.83,1670.84
1735732320,2025-01-01 11:52:00+00:00,2031.82,2033.55,2030.94,2033.18,5363.84
1735732380,2025-01-01 11:53:00+00:00,2033.16,2034.32,2030.99,2033.83,959.38
1735732440,2025-01-01 11:54:00+00:00,2033.78,2033.97,2031.12,2031.4,6921.93
1735732500,2025-01-01 11:55:00+00:00,2031.38,2034.0,2030.95,2032.72,6671.62
1735732560,2025-01-01 11:56:00+00:00,2032.74,2034.63,2028.57,2029.38,1903.16
1735732620,2025-01-01 11:57:00+00:00,2029.36,2030.24,2028.15,2029.89,1173.11
1735732680,2025-01-01 11:58:00+00:00,2029.89,2031.22,2026.07,2026.93,1222.1
1735732740,2025-01-01 11:59:00+00:00,2026.96,2027.77,2022.23,2026.21,2026.25
1735732800,2025-01-01 12:00:00+00:00,2026.22,2027.87,2022.95,2024.23,939.07
1735732860,2025-01-01 12:01:00+00:00,2024.21,2025.73,2021.77,2023.87,807.37
1735732920,2025-01-01 12:02:00+00:00,2023.88,2025.51,2023.47,2023.6,731.06
1735732980,2025-01-01 12:03:00+00:00,2023.62,2025.57,2023.53,2024.92,1277.83
1735733040,2025-01-01 12:04:00+00:00,2024.95,2027.81,2022.5,2025.66,1530.0
1735733100,2025-01-01 12:05:00+00:00,2025.63,2027.99,2025.33,2027.72,2486.13
1735733160,2025-01-01 12:06:00+00:00,2027.74,2029.32,2027.65,2028.19,913.72
1735733220,2025-01-01 12:07:00+00:00,2028.2,2028.48,2027.84,2028.11,640.62
1735733280,2025-01-01 12:08:00+00:00,2028.15,2028.46,2025.81,2026.43,2866.61
1735733340,2025-01-01 12:09:00+00:00,2026.46,2026.46,2022.99,2025.13,2369.33
1735733400,2025-01-01 12:10:00+00:00,2025.12,2027.7,2024.27,2026.09,1023.64
1735733460,2025-01-01 12:11:00+00:00,2026.07,2029.67,2025.3,2029.12,4013.89
1735733520,2025-01-01 12:12:00+00:00,2029.11,2030.58,2028.08,2030.37,3464.0
1735733580,2025-01-01 12:13:00+00:00,2030.35,2033.61,2030.26,2032.41,2109.82
1735733640,2025-01-01 12:14:00+00:00,2032.34,2034.42,2029.93,2030.57,3354.56
1735733700,2025-01-01 12:15:00+00:00,2030.51,2031.5,2029.15,2030.22,1440.12
1735733760,2025-01-01 12:16:00+00:00,2030.25,2033.71,2029.02,2033.47,2900.15
1735733820,2025-01-01 12:17:00+00:00,2033.48,2033.79,2029.68,2032.15,5080.01
1735733880,2025-01-01 12:18:00+00:00,2032.12,2037.28,2031.52,2034.67,2033.27
1735733940,2025-01-01 12:19:00+00:00,2034.61,2038.04,2034.12,2037.21,2898.55
1735734000,2025-01-01 12:20:00+00:00,2037.22,2039.95,2035.72,2038.43,1942.05
1735734060,2025-01-01 12:21:00+00:00,2038.47,2039.98,2036.88,2039.49,1168.79
1735734120,2025-01-01 12:22:00+00:00,2039.46,2039.98,2037.38,2038.09,1253.53
1735734180,2025-01-01 12:23:00+00:00,2038.05,2038.37,2036.69,2038.12,729.0
1735734240,2025-01-01 12:24:00+00:00,2038.11,2040.57,2037.44,2038.26,1194.94
1735734300,2025-01-01 12:25:00+00:00,2038.24,2039.7,2037.27,2038.52,3368.25
1735734360,2025-01-01 12:26:00+00:00,2038.53,2039.28,2036.2,2036.84,9468.83
1735734420,2025-01-01 12:27:00+00:00,2036.85,2041.78,2035.93,2038.47,3070.21
1735734480,2025-01-01 12:28:00+00:00,2038.48,2040.67,2037.15,2039.03,1273.49
1735734540,2025-01-01 12:29:00+00:00,2039.04,2039.09,2033.3,2036.59,1733.73
1735734600,2025-01-01 12:30:00+00:00,2036.6,2038.57,2034.53,2035.37,6249.08
1735734660,2025-01-01 12:31:00+00:00,2035.39,2036.55,2035.37,2035.78,1237.11
1735734720,2025-01-01 12:32:00+00:00,2035.78,2039.19,2035.18,2038.53,1177.33
1735734780,2025-01-01 12:33:00+00:00,2038.48,2040.41,2038.28,2039.61,2548.62
1735734840,2025-01-01 12:34:00+00:00,2039.63,2043.82,2038.44,2041.42,2202.82
1735734900,2025-01-01 12:35:00+00:00,2041.39,2041.77,2040.4,2040.76,1468.21
1735734960,2025-01-01 12:36:00+00:00,2040.8,2043.56,2039.94,2043.01,1626.98
1735735020,2025-01-01 12:37:00+00:00,2043.01,2045.76,2042.61,2044.58,2754.67
1735735080,2025-01-01 12:38:00+00:00,2044.56,2046.12,2042.27,2043.15,3770.45
1735735140,2025-01-01 12:39:00+00:00,2043.17,2045.87,2042.93,2045.8,1794.3
1735735200,2025-01-01 12:40:00+00:00,2045.8,2046.37,2043.31,2044.57,2736.2
1735735260,2025-01-01 12:41:00+00:00,2044.56,2045.24,2044.42,2045.06,581.56
1735735320,2025-01-01 12:42:00+00:00,2045.07,2045.36,2043.75,2044.92,1815.26
1735735380,2025-01-01 12:43:00+00:00,2044.97,2047.12,2044.19,2046.27,2296.09
1735735440,2025-01-01 12:44:00+00:00,2046.29,2048.77,2046.19,2047.75,2011.35
1735735500,2025-01-01 12:45:00+00:00,2047.74,2048.77,2045.18,2047.56,974.79
1735735560,2025-01-01 12:46:00+00:00,2047.55,2051.78,2044.4,2049.27,1989.36
1735735620,2025-01-01 12:47:00+00:00,2049.25,2050.82,2047.26,2047.37,3524.38
1735735680,2025-01-01 12:48:00+00:00,2047.41,2048.22,2045.27,2046.45,2744.21
1735735740,2025-01-01 12:49:00+00:00,2046.43,2046.81,2045.1,2046.05,1727.03
1735735800,2025-01-01 12:50:00+00:00,2046.05,2046.14,2042.81,2044.79,3780.4
1735735860,2025-01-01 12:51:00+00:00,2044.77,2051.1,2043.59,2047.82,1435.16
1735735920,2025-01-01 12:52:00+00:00,2047.78,2048.28,2043.28,2044.78,2444.16
1735735980,2025-01-01 12:53:00+00:00,2044.79,2046.22,2044.7,2045.96,1111.0
1735736040,2025-01-01 12:54:00+00:00,2045.98,2046.45,2044.35,2046.41,1922.6
1735736100,2025-01-01 12:55:00+00:00,2046.4,2047.51,2044.11,2047.08,1443.29
1735736160,2025-01-01 12:56:00+00:00,2047.11,2048.48,2047.09,2047.81,916.77
1735736220,2025-01-01 12:57:00+00:00,2047.78,2048.01,2045.84,2046.39,2606.73
1735736280,2025-01-01 12:58:00+00:00,2046.4,2052.69,2046.13,2048.35,3506.03
1735736340,2025-01-01 12:59:00+00:00,2048.35,2048.69,2046.92,2047.34,1783.33
1735736400,2025-01-01 13:00:00+00:00,2047.33,2054.62,2046.57,2051.29,5795.16
1735736460,2025-01-01 13:01:00+00:00,2051.23,2053.3,2049.82,2052.26,1575.62
1735736520,2025-01-01 13:02:00+00:00,2052.25,2054.42,2051.69,2053.53,1946.44
1735736580,2025-01-01 13:03:00+00:00,2053.55,2056.6,2053.16,2053.2,2039.17
1735736640,2025-01-01 13:04:00+00:00,2053.21,2057.35,2052.66,2056.75,4668.5
1735736700,2025-01-01 13:05:00+00:00,2056.77,2057.96,2055.73,2056.06,1819.43
1735736760,2025-01-01 13:06:00+00:00,2056.01,2056.04,2055.45,2055.6,1665.45
1735736820,2025-01-01 13:07:00+00:00,2055.59,2056.21,2053.92,2055.2,1420.22
1735736880,2025-01-01 13:08:00+00:00,2055.17,2059.53,2053.23,2056.67,1850.68
1735736940,2025-01-01 13:09:00+00:00,2056.63,2060.25,2054.61,2059.7,2001.77
1735737000,2025-01-01 13:10:00+00:00,2059.63,2060.78,2059.37,2060.39,1226.25
1735737060,2025-01-01 13:11:00+00:00,2060.36,2061.06,2060.36,2060.99,1176.11
1735737120,2025-01-01 13:12:00+00:00,2060.95,2063.44,2058.94,2063.15,2279.79
1735737180,2025-01-01 13:13:00+00:00,2063.11,2064.19,2062.43,2063.17,2438.34
1735737240,2025-01-01 13:14:00+00:00,2063.25,2063.65,2062.85,2063.32,629.87
1735737300,2025-01-01 13:15:00+00:00,2063.29,2065.51,2062.04,2062.04,2623.3
1735737360,2025-01-01 13:16:00+00:00,2062.09,2062.11,2060.66,2060.97,1967.91
1735737420,2025-01-01 13:17:00+00:00,2060.93,2061.69,2057.63,2059.25,3903.08
1735737480,2025-01-01 13:18:00+00:00,2059.2,2059.75,2058.74,2059.09,690.0
1735737540,2025-01-01 13:19:00+00:00,2059.07,2060.18,2058.31,2059.42,1260.0
1735737600,2025-01-01 13:20:00+00:00,2059.41,2062.09,2057.2,2057.34,2765.29
1735737660,2025-01-01 13:21:00+00:00,2057.35,2057.78,2054.21,2057.09,1226.48
1735737720,2025-01-01 13:22:00+00:00,2057.03,2057.89,2055.28,2056.56,938.87
1735737780,2025-01-01 13:23:00+00:00,2056.56,2057.88,2055.31,2056.95,1836.5
1735737840,2025-01-01 13:24:00+00:00,2056.94,2057.99,2053.06,2055.36,6782.11
1735737900,2025-01-01 13:25:00+00:00,2055.39,2056.17,2054.4,2054.82,1594.66
1735737960,2025-01-01 13:26:00+00:00,2054.83,2057.36,2053.7,2056.46,1545.57
1735738020,2025-01-01 13:27:00+00:00,2056.49,2059.32,2056.48,2059.13,3731.65
1735738080,2025-01-01 13:28:00+00:00,2059.09,2063.41,2058.61,2061.06,1679.96
1735738140,2025-01-01 13:29:00+00:00,2061.06,2061.79,2060.01,2061.54,1167.03
1735738200,2025-01-01 13:30:00+00:00,2061.54,2065.05,2060.19,2063.96,1932.5
1735738260,2025-01-01 13:31:00+00:00,2063.95,2064.11,2062.83,2063.21,1458.11
1735738320,2025-01-01 13:32:00+00:00,2063.24,2067.3,2062.3,2064.24,1544.49
1735738380,2025-01-01 13:33:00+00:00,2064.21,2065.21,2063.95,2064.58,588.93
1735738440,2025-01-01 13:34:00+00:00,2064.56,2065.04,2061.86,2063.78,1307.99
1735738500,2025-01-01 13:35:00+00:00,2063.81,2065.21,2057.61,2064.98,1277.3
1735738560,2025-01-01 13:36:00+00:00,2064.98,2065.04,2064.88,2064.92,752.45
1735738620,2025-01-01 13:37:00+00:00,2064.92,2066.76,2060.85,2061.79,3606.22
1735738680,2025-01-01 13:38:00+00:00,2061.79,2063.22,2059.59,2059.61,3727.03
1735738740,2025-01-01 13:39:00+00:00,2059.63,2061.97,2058.04,2061.46,2037.19
1735738800,2025-01-01 13:40:00+00:00,2061.5,2061.83,2058.8,2059.09,3062.03
1735738860,2025-01-01 13:41:00+00:00,2059.11,2061.06,2058.13,2058.97,1896.09
1735738920,2025-01-01 13:42:00+00:00,2058.98,2059.77,2058.89,2059.76,2396.28
1735738980,2025-01-01 13:43:00+00:00,2059.73,2062.75,2056.88,2057.57,4553.93
1735739040,2025-01-01 13:44:00+00:00,2057.57,2060.14,2057.34,2059.24,2574.28
1735739100,2025-01-01 13:45:00+00:00,2059.28,2059.5,2056.47,2058.38,1456.96
1735739160,2025-01-01 13:46:00+00:00,2058.37,2059.88,2057.11,2058.52,595.97
1735739220,2025-01-01 13:47:00+00:00,2058.55,2060.21,2055.93,2057.17,2385.1
1735739280,2025-01-01 13:48:00+00:00,2057.15,2057.53,2056.38,2056.39,3055.17
1735739340,2025-01-01 13:49:00+00:00,2056.39,2056.7,2055.1,2055.32,2287.66
1735739400,2025-01-01 13:50:00+00:00,2055.26,2055.51,2051.98,2053.19,1099.43
1735739460,2025-01-01 13:51:00+00:00,2053.13,2053.26,2051.51,2052.79,916.83
1735739520,2025-01-01 13:52:00+00:00,2052.83,2055.06,2051.41,2055.01,2877.97
1735739580,2025-01-01 13:53:00+00:00,2055.0,2056.35,2051.49,2055.94,2820.73
1735739640,2025-01-01 13:54:00+00:00,2055.9,2056.77,2054.95,2056.08,1182.42
1735739700,2025-01-01 13:55:00+00:00,2056.1,2056.47,2052.46,2056.39,1135.69
1735739760,2025-01-01 13:56:00+00:00,2056.4,2059.43,2056.08,2059.06,3137.69
1735739820,2025-01-01 13:57:00+00:00,2059.1,2059.4,2057.7,2059.06,846.63
1735739880,2025-01-01 13:58:00+00:00,2059.01,2061.36,2057.59,2061.12,1228.15
1735739940,2025-01-01 13:59:00+00:00,2061.12,2061.65,2060.93,2061.44,962.35
1735740000,2025-01-01 14:00:00+00:00,2061.47,2063.75,2060.91,2063.69,861.15
1735740060,2025-01-01 14:01:00+00:00,2063.7,2066.25,2062.82,2064.47,1076.52
1735740120,2025-01-01 14:02:00+00:00,2064.46,2067.94,2064.41,2067.6,1903.04
1735740180,2025-01-01 14:03:00+00:00,2067.65,2069.77,2067.53,2069.23,2381.01
1735740240,2025-01-01 14:04:00+00:00,2069.23,2072.29,2069.01,2071.03,2144.81
1735740300,2025-01-01 14:05:00+00:00,2070.98,2074.78,2066.84,2067.01,3752.81
1735740360,2025-01-01 14:06:00+00:00,2066.99,2068.23,2066.55,2067.91,1233.57
1735740420,2025-01-01 14:07:00+00:00,2067.92,2069.01,2067.57,2068.69,1932.06
1735740480,2025-01-01 14:08:00+00:00,2068.71,2070.67,2066.98,2067.01,3963.94
1735740540,2025-01-01 14:09:00+00:00,2067.02,2068.5,2063.1,2066.75,1489.23
1735740600,2025-01-01 14:10:00+00:00,2066.72,2068.51,2066.33,2068.06,4394.1
1735740660,2025-01-01 14:11:00+00:00,2068.06,2068.17,2064.88,2065.28,4175.79
1735740720,2025-01-01 14:12:00+00:00,2065.34,2068.94,2064.85,2067.91,1998.67
1735740780,2025-01-01 14:13:00+00:00,2067.9,2068.34,2066.55,2066.89,1781.47
1735740840,2025-01-01 14:14:00+00:00,2066.9,2068.92,2065.29,2067.85,2125.91
1735740900,2025-01-01 14:15:00+00:00,2067.83,2072.43,2067.6,2068.7,2491.16
1735740960,2025-01-01 14:16:00+00:00,2068.65,2070.16,2068.53,2069.85,2086.63
1735741020,2025-01-01 14:17:00+00:00,2069.85,2070.64,2069.75,2070.43,1975.75
1735741080,2025-01-01 14:18:00+00:00,2070.41,2076.79,2069.54,2072.2,3025.56
1735741140,2025-01-01 14:19:00+00:00,2072.17,2074.14,2070.9,2073.71,2853.79
1735741200,2025-01-01 14:20:00+00:00,2073.75,2075.57,2071.04,2072.16,1625.07
1735741260,2025-01-01 14:21:00+00:00,2072.09,2072.11,2071.71,2071.84,948.26
1735741320,2025-01-01 14:22:00+00:00,2071.8,2073.54,2071.21,2072.8,1447.6
1735741380,2025-01-01 14:23:00+00:00,2072.83,2073.04,2071.93,2072.23,1468.05
1735741440,2025-01-01 14:24:00+00:00,2072.2,2073.54,2071.66,2073.37,1750.34
1735741500,2025-01-01 14:25:00+00:00,2073.35,2075.44,2066.9,2069.15,4568.84
1735741560,2025-01-01 14:26:00+00:00,2069.17,2072.75,2067.27,2068.26,4094.71
1735741620,2025-01-01 14:27:00+00:00,2068.23,2069.64,2066.43,2067.1,1489.19
1735741680,2025-01-01 14:28:00+00:00,2067.09,2069.24,2067.0,2067.42,1964.1
1735741740,2025-01-01 14:29:00+00:00,2067.42,2067.45,2064.49,2066.26,1796.96
1735741800,2025-01-01 14:30:00+00:00,2066.25,2069.01,2065.38,2066.18,1398.35
1735741860,2025-01-01 14:31:00+00:00,2066.19,2068.01,2065.34,2065.82,2757.91
1735741920,2025-01-01 14:32:00+00:00,2065.79,2066.52,2065.34,2065.69,1110.57
1735741980,2025-01-01 14:33:00+00:00,2065.69,2068.76,2064.6,2067.32,2384.17
1735742040,2025-01-01 14:34:00+00:00,2067.36,2067.63,2064.71,2065.29,2772.75
1735742100,2025-01-01 14:35:00+00:00,2065.31,2068.19,2063.18,2064.72,1328.47
1735742160,2025-01-01 14:36:00+00:00,2064.69,2064.73,2059.81,2062.72,6968.13
1735742220,2025-01-01 14:37:00+00:00,2062.73,2063.32,2061.23,2061.57,1488.52
1735742280,2025-01-01 14:38:00+00:00,2061.53,2061.58,2060.25,2061.57,789.82
1735742340,2025-01-01 14:39:00+00:00,2061.59,2063.84,2059.77,2061.28,1209.25
1735742400,2025-01-01 14:40:00+00:00,2061.28,2064.03,2061.12,2063.92,4008.24
1735742460,2025-01-01 14:41:00+00:00,2063.97,2064.93,2062.36,2062.57,1940.09
1735742520,2025-01-01 14:42:00+00:00,2062.54,2062.83,2060.01,2060.92,2938.61
1735742580,2025-01-01 14:43:00+00:00,2060.97,2062.92,2059.6,2062.74,780.89
1735742640,2025-01-01 14:44:00+00:00,2062.78,2066.55,2060.96,2065.34,2022.76
1735742700,2025-01-01 14:45:00+00:00,2065.37,2066.23,2062.75,2065.93,1108.45
1735742760,2025-01-01 14:46:00+00:00,2065.89,2067.14,2061.44,2062.59,6361.5
1735742820,2025-01-01 14:47:00+00:00,2062.57,2065.94,2060.0,2060.78,928.27
1735742880,2025-01-01 14:48:00+00:00,2060.72,2061.08,2059.4,2060.6,814.4
1735742940,2025-01-01 14:49:00+00:00,2060.66,2063.4,2057.15,2062.61,2466.1
1735743000,2025-01-01 14:50:00+00:00,2062.6,2062.88,2062.19,2062.83,1070.37
1735743060,2025-01-01 14:51:00+00:00,2062.81,2063.92,2062.55,2063.81,669.37
1735743120,2025-01-01 14:52:00+00:00,2063.78,2068.04,2063.53,2066.75,2862.81
1735743180,2025-01-01 14:53:00+00:00,2066.68,2068.45,2063.88,2065.01,1728.16
1735743240,2025-01-01 14:54:00+00:00,2065.03,2065.64,2061.54,2062.41,1336.33
1735743300,2025-01-01 14:55:00+00:00,2062.46,2062.68,2061.51,2062.47,552.89
1735743360,2025-01-01 14:56:00+00:00,2062.43,2063.53,2062.16,2062.91,1020.29
1735743420,2025-01-01 14:57:00+00:00,2062.92,2063.14,2058.5,2061.21,2090.64
1735743480,2025-01-01 14:58:00+00:00,2061.23,2061.95,2056.26,2057.87,3240.27
1735743540,2025-01-01 14:59:00+00:00,2057.86,2057.9,2055.42,2057.49,701.43
1735743600,2025-01-01 15:00:00+00:00,2057.49,2060.09,2055.52,2059.81,2664.37
1735743660,2025-01-01 15:01:00+00:00,2059.79,2060.83,2059.36,2060.47,1106.65
1735743720,2025-01-01 15:02:00+00:00,2060.41,2061.51,2058.56,2059.42,1349.61
1735743780,2025-01-01 15:03:00+00:00,2059.42,2062.33,2057.48,2057.81,2228.47
1735743840,2025-01-01 15:04:00+00:00,2057.86,2061.98,2057.06,2059.18,2785.05
1735743900,2025-01-01 15:05:00+00:00,2059.15,2060.28,2058.25,2059.28,1035.31
1735743960,2025-01-01 15:06:00+00:00,2059.3,2060.11,2056.16,2056.92,2119.41
1735744020,2025-01-01 15:07:00+00:00,2056.91,2061.18,2056.87,2059.03,2036.43
1735744080,2025-01-01 15:08:00+00:00,2059.02,2061.14,2058.85,2059.71,2082.86
1735744140,2025-01-01 15:09:00+00:00,2059.73,2060.42,2059.24,2059.72,1226.71
1735744200,2025-01-01 15:10:00+00:00,2059.7,2065.48,2059.68,2063.21,3405.31
1735744260,2025-01-01 15:11:00+00:00,2063.23,2066.34,2062.78,2065.47,662.13
1735744320,2025-01-01 15:12:00+00:00,2065.5,2069.01,2065.32,2065.76,812.18
1735744380,2025-01-01 15:13:00+00:00,2065.77,2068.82,2062.49,2068.81,4385.38
1735744440,2025-01-01 15:14:00+00:00,2068.88,2071.59,2067.98,2070.37,1402.15
1735744500,2025-01-01 15:15:00+00:00,2070.34,2073.31,2069.08,2073.27,2494.59
1735744560,2025-01-01 15:16:00+00:00,2073.3,2074.76,2073.08,2073.95,1023.81
1735744620,2025-01-01 15:17:00+00:00,2073.93,2076.0,2071.68,2072.87,1008.27
1735744680,2025-01-01 15:18:00+00:00,2072.86,2073.56,2072.51,2073.28,2679.72
1735744740,2025-01-01 15:19:00+00:00,2073.3,2073.87,2072.89,2073.74,3379.82
1735744800,2025-01-01 15:20:00+00:00,2073.74,2077.36,2073.0,2076.39,2885.67
1735744860,2025-01-01 15:21:00+00:00,2076.43,2077.26,2075.78,2076.02,849.05
1735744920,2025-01-01 15:22:00+00:00,2076.02,2077.14,2073.11,2074.8,2711.54
1735744980,2025-01-01 15:23:00+00:00,2074.88,2076.01,2074.46,2075.94,2647.26
1735745040,2025-01-01 15:24:00+00:00,2075.94,2077.64,2071.7,2074.5,1389.49
1735745100,2025-01-01 15:25:00+00:00,2074.5,2074.57,2074.03,2074.23,1201.19
1735745160,2025-01-01 15:26:00+00:00,2074.25,2075.63,2072.03,2073.2,2154.27
1735745220,2025-01-01 15:27:00+00:00,2073.14,2075.25,2071.48,2071.51,2527.25
1735745280,2025-01-01 15:28:00+00:00,2071.57,2072.05,2069.67,2070.34,3312.73
1735745340,2025-01-01 15:29:00+00:00,2070.34,2071.87,2067.02,2070.82,1136.84
1735745400,2025-01-01 15:30:00+00:00,2070.81,2073.17,2070.31,2072.48,1115.34
1735745460,2025-01-01 15:31:00+00:00,2072.47,2075.32,2070.31,2073.01,1033.68
1735745520,2025-01-01 15:32:00+00:00,2073.03,2077.31,2070.77,2070.85,3371.86
1735745580,2025-01-01 15:33:00+00:00,2070.84,2072.5,2070.48,2072.27,2067.73
1735745640,2025-01-01 15:34:00+00:00,2072.25,2074.6,2071.64,2073.29,2869.09
1735745700,2025-01-01 15:35:00+00:00,2073.24,2073.79,2071.17,2071.93,973.18
1735745760,2025-01-01 15:36:00+00:00,2071.92,2072.62,2071.75,2072.41,2172.4
1735745820,2025-01-01 15:37:00+00:00,2072.43,2075.46,2070.36,2070.39,1858.7
1735745880,2025-01-01 15:38:00+00:00,2070.41,2070.79,2069.83,2070.3,3411.12
1735745940,2025-01-01 15:39:00+00:00,2070.31,2072.63,2068.12,2068.31,2724.27
1735746000,2025-01-01 15:40:00+00:00,2068.28,2068.52,2065.69,2068.45,1559.16
1735746060,2025-01-01 15:41:00+00:00,2068.45,2069.99,2068.04,2068.93,4004.19
1735746120,2025-01-01 15:42:00+00:00,2068.96,2073.78,2068.85,2071.74,2751.2
1735746180,2025-01-01 15:43:00+00:00,2071.75,2076.79,2071.71,2073.72,1358.23
1735746240,2025-01-01 15:44:00+00:00,2073.71,2073.84,2071.93,2072.87,2038.27
1735746300,2025-01-01 15:45:00+00:00,2072.86,2074.41,2070.92,2072.39,706.9
1735746360,2025-01-01 15:46:00+00:00,2072.37,2072.98,2069.66,2070.69,3283.25
1735746420,2025-01-01 15:47:00+00:00,2070.68,2070.88,2068.34,2070.78,551.28
1735746480,2025-01-01 15:48:00+00:00,2070.82,2071.1,2068.49,2069.99,2312.35
1735746540,2025-01-01 15:49:00+00:00,2070.04,2071.18,2066.89,2070.9,2607.63
1735746600,2025-01-01 15:50:00+00:00,2070.86,2071.73,2069.91,2070.99,577.6
1735746660,2025-01-01 15:51:00+00:00,2070.97,2071.83,2067.37,2068.33,1449.02
1735746720,2025-01-01 15:52:00+00:00,2068.34,2068.7,2066.65,2067.43,3061.08
1735746780,2025-01-01 15:53:00+00:00,2067.45,2071.08,2066.55,2069.37,977.6
1735746840,2025-01-01 15:54:00+00:00,2069.4,2070.47,2066.68,2066.69,4097.84
1735746900,2025-01-01 15:55:00+00:00,2066.66,2067.81,2065.0,2065.7,2388.4
1735746960,2025-01-01 15:56:00+00:00,2065.74,2069.09,2062.23,2065.5,604.02
1735747020,2025-01-01 15:57:00+00:00,2065.47,2066.06,2061.21,2062.8,5001.59
1735747080,2025-01-01 15:58:00+00:00,2062.76,2064.73,2060.49,2063.13,629.83
1735747140,2025-01-01 15:59:00+00:00,2063.1,2067.96,2061.6,2066.18,2940.12
1735747200,2025-01-01 16:00:00+00:00,2066.18,2071.22,2065.68,2068.06,3833.23
1735747260,2025-01-01 16:01:00+00:00,2068.08,2070.82,2066.49,2067.27,1456.72
1735747320,2025-01-01 16:02:00+00:00,2067.22,2067.37,2065.87,2066.71,2009.06
1735747380,2025-01-01 16:03:00+00:00,2066.72,2066.87,2063.05,2063.17,5161.6
1735747440,2025-01-01 16:04:00+00:00,2063.14,2064.64,2061.43,2063.98,1689.26
1735747500,2025-01-01 16:05:00+00:00,2063.98,2065.24,2062.91,2065.07,1094.18
1735747560,2025-01-01 16:06:00+00:00,2065.07,2066.06,2062.49,2064.91,2678.51
1735747620,2025-01-01 16:07:00+00:00,2064.89,2066.67,2061.04,2063.44,2069.03
1735747680,2025-01-01 16:08:00+00:00,2063.42,2063.72,2060.52,2063.33,975.3
1735747740,2025-01-01 16:09:00+00:00,2063.34,2063.78,2062.59,2063.48,984.76
1735747800,2025-01-01 16:10:00+00:00,2063.49,2064.13,2061.41,2062.14,1295.34
1735747860,2025-01-01 16:11:00+00:00,2062.17,2063.0,2061.43,2061.76,1208.42
1735747920,2025-01-01 16:12:00+00:00,2061.73,2063.4,2060.11,2061.73,1029.45
1735747980,2025-01-01 16:13:00+00:00,2061.72,2064.67,2059.0,2059.88,2873.1
1735748040,2025-01-01 16:14:00+00:00,2059.91,2066.74,2059.49,2061.26,2798.73
1735748100,2025-01-01 16:15:00+00:00,2061.22,2061.22,2058.54,2059.88,1982.9
1735748160,2025-01-01 16:16:00+00:00,2059.84,2062.78,2059.63,2062.48,2261.09
1735748220,2025-01-01 16:17:00+00:00,2062.46,2062.89,2061.09,2061.7,946.17
1735748280,2025-01-01 16:18:00+00:00,2061.77,2062.19,2061.24,2061.85,3480.94
1735748340,2025-01-01 16:19:00+00:00,2061.83,2065.02,2060.8,2064.62,4043.82
1735748400,2025-01-01 16:20:00+00:00,2064.64,2066.08,2064.21,2066.06,2616.84
1735748460,2025-01-01 16:21:00+00:00,2066.08,2066.37,2064.64,2065.3,1142.32
1735748520,2025-01-01 16:22:00+00:00,2065.29,2067.05,2061.93,2066.99,2372.65
1735748580,2025-01-01 16:23:00+00:00,2067.01,2068.41,2066.73,2068.1,651.51
1735748640,2025-01-01 16:24:00+00:00,2068.11,2068.39,2067.68,2068.27,947.94
1735748700,2025-01-01 16:25:00+00:00,2068.27,2068.77,2068.18,2068.45,1005.19
1735748760,2025-01-01 16:26:00+00:00,2068.4,2071.89,2062.03,2070.66,3649.79
1735748820,2025-01-01 16:27:00+00:00,2070.71,2072.43,2066.39,2068.59,1553.57
1735748880,2025-01-01 16:28:00+00:00,2068.61,2068.83,2067.53,2068.05,834.24
1735748940,2025-01-01 16:29:00+00:00,2068.04,2070.07,2066.94,2067.04,1102.49
1735749000,2025-01-01 16:30:00+00:00,2067.04,2070.48,2066.15,2068.87,3982.32
1735749060,2025-01-01 16:31:00+00:00,2068.83,2069.97,2065.34,2068.67,2988.43
1735749120,2025-01-01 16:32:00+00:00,2068.6,2068.62,2066.48,2067.27,4919.58
1735749180,2025-01-01 16:33:00+00:00,2067.26,2069.88,2065.72,2068.84,1750.17
1735749240,2025-01-01 16:34:00+00:00,2068.84,2071.91,2067.05,2067.98,1097.45
1735749300,2025-01-01 16:35:00+00:00,2068.01,2069.44,2067.67,2069.43,2253.49
1735749360,2025-01-01 16:36:00+00:00,2069.4,2069.66,2068.17,2068.99,817.43
1735749420,2025-01-01 16:37:00+00:00,2069.01,2069.99,2067.53,2068.06,2564.23
1735749480,2025-01-01 16:38:00+00:00,2068.06,2070.22,2067.75,2068.8,1924.79
1735749540,2025-01-01 16:39:00+00:00,2068.75,2069.92,2065.8,2066.8,1429.13
1735749600,2025-01-01 16:40:00+00:00,2066.78,2068.87,2066.17,2067.91,1976.09
1735749660,2025-01-01 16:41:00+00:00,2067.91,2072.77,2067.1,2071.47,2536.35
1735749720,2025-01-01 16:42:00+00:00,2071.45,2072.04,2069.45,2069.47,3897.39
1735749780,2025-01-01 16:43:00+00:00,2069.47,2071.03,2068.29,2068.66,695.87
1735749840,2025-01-01 16:44:00+00:00,2068.66,2071.63,2068.41,2071.03,1481.38
1735749900,2025-01-01 16:45:00+00:00,2070.95,2071.39,2068.47,2069.12,2932.0
1735749960,2025-01-01 16:46:00+00:00,2069.13,2069.51,2067.45,2069.21,805.76
1735750020,2025-01-01 16:47:00+00:00,2069.14,2069.55,2068.1,2068.86,1075.66
1735750080,2025-01-01 16:48:00+00:00,2068.86,2069.15,2066.47,2069.0,1062.17
1735750140,2025-01-01 16:49:00+00:00,2069.0,2071.89,2068.85,2071.58,3783.22
1735750200,2025-01-01 16:50:00+00:00,2071.61,2071.76,2069.31,2071.68,1948.36
1735750260,2025-01-01 16:51:00+00:00,2071.69,2073.01,2068.94,2070.63,3505.35
1735750320,2025-01-01 16:52:00+00:00,2070.6,2073.52,2070.36,2071.94,1193.93
1735750380,2025-01-01 16:53:00+00:00,2071.96,2073.66,2071.79,2073.52,2082.51
1735750440,2025-01-01 16:54:00+00:00,2073.53,2076.13,2070.36,2071.4,1363.48
1735750500,2025-01-01 16:55:00+00:00,2071.39,2071.66,2070.85,2071.17,1498.17
1735750560,2025-01-01 16:56:00+00:00,2071.18,2072.26,2069.69,2071.79,945.79
1735750620,2025-01-01 16:57:00+00:00,2071.78,2072.61,2068.73,2068.75,2597.34
1735750680,2025-01-01 16:58:00+00:00,2068.79,2070.29,2068.22,2068.57,263.93
1735750740,2025-01-01 16:59:00+00:00,2068.57,2070.59,2065.59,2070.03,2684.37
1735750800,2025-01-01 17:00:00+00:00,2070.04,2072.96,2069.09,2069.58,814.99
1735750860,2025-01-01 17:01:00+00:00,2069.6,2073.74,2068.85,2072.18,7275.71
1735750920,2025-01-01 17:02:00+00:00,2072.21,2074.55,2071.31,2071.92,988.65
1735750980,2025-01-01 17:03:00+00:00,2071.93,2077.96,2070.92,2074.12,2451.1
1735751040,2025-01-01 17:04:00+00:00,2074.14,2075.91,2073.22,2075.81,786.82
1735751100,2025-01-01 17:05:00+00:00,2075.79,2079.07,2074.89,2078.81,1945.59
1735751160,2025-01-01 17:06:00+00:00,2078.82,2079.29,2078.75,2078.77,1280.44
1735751220,2025-01-01 17:07:00+00:00,2078.76,2081.04,2076.81,2077.59,1981.0
1735751280,2025-01-01 17:08:00+00:00,2077.57,2081.14,2077.55,2079.67,970.59
1735751340,2025-01-01 17:09:00+00:00,2079.65,2081.6,2078.21,2080.78,950.54
1735751400,2025-01-01 17:10:00+00:00,2080.78,2080.92,2077.5,2078.01,3334.36
1735751460,2025-01-01 17:11:00+00:00,2078.03,2078.45,2077.12,2078.01,1399.45
1735751520,2025-01-01 17:12:00+00:00,2078.04,2078.27,2073.6,2076.02,2860.26
1735751580,2025-01-01 17:13:00+00:00,2076.05,2078.92,2075.66,2076.89,515.59
1735751640,2025-01-01 17:14:00+00:00,2076.87,2078.05,2076.5,2076.64,1648.42
1735751700,2025-01-01 17:15:00+00:00,2076.67,2077.29,2074.23,2074.35,3892.2
1735751760,2025-01-01 17:16:00+00:00,2074.4,2075.69,2072.74,2073.28,1957.21
1735751820,2025-01-01 17:17:00+00:00,2073.28,2075.44,2070.79,2071.27,3147.02
1735751880,2025-01-01 17:18:00+00:00,2071.26,2072.37,2068.72,2069.14,2065.21
1735751940,2025-01-01 17:19:00+00:00,2069.18,2070.07,2068.75,2069.92,2176.51
1735752000,2025-01-01 17:20:00+00:00,2069.93,2072.75,2069.06,2071.34,661.58
1735752060,2025-01-01 17:21:00+00:00,2071.36,2071.8,2068.56,2070.46,1438.43
1735752120,2025-01-01 17:22:00+00:00,2070.52,2070.98,2070.19,2070.46,826.4
1735752180,2025-01-01 17:23:00+00:00,2070.46,2073.12,2070.28,2072.08,2253.18
1735752240,2025-01-01 17:24:00+00:00,2072.07,2072.2,2071.03,2071.48,2167.33
1735752300,2025-01-01 17:25:00+00:00,2071.48,2074.38,2070.94,2073.89,3866.21
1735752360,2025-01-01 17:26:00+00:00,2073.88,2076.97,2072.79,2073.34,1209.32
1735752420,2025-01-01 17:27:00+00:00,2073.34,2076.89,2072.82,2075.21,1358.65
1735752480,2025-01-01 17:28:00+00:00,2075.16,2075.9,2073.63,2073.88,1205.91
1735752540,2025-01-01 17:29:00+00:00,2073.88,2075.82,2073.73,2075.54,4438.13
1735752600,2025-01-01 17:30:00+00:00,2075.49,2078.57,2075.14,2077.31,1786.98
1735752660,2025-01-01 17:31:00+00:00,2077.3,2080.11,2076.73,2076.99,2459.58
1735752720,2025-01-01 17:32:00+00:00,2077.03,2079.79,2075.92,2077.98,2036.01
1735752780,2025-01-01 17:33:00+00:00,2077.98,2079.36,2074.5,2075.42,2227.64
1735752840,2025-01-01 17:34:00+00:00,2075.46,2077.44,2075.36,2076.95,1741.33
1735752900,2025-01-01 17:35:00+00:00,2076.91,2077.67,2076.19,2077.42,1523.57
1735752960,2025-01-01 17:36:00+00:00,2077.45,2078.45,2075.34,2077.25,589.9
1735753020,2025-01-01 17:37:00+00:00,2077.25,2080.31,2075.51,2078.89,5093.56
1735753080,2025-01-01 17:38:00+00:00,2078.9,2081.51,2075.49,2075.59,4241.14
1735753140,2025-01-01 17:39:00+00:00,2075.59,2077.03,2074.12,2075.94,1226.93
1735753200,2025-01-01 17:40:00+00:00,2075.94,2076.66,2074.92,2076.18,1935.36
1735753260,2025-01-01 17:41:00+00:00,2076.15,2077.18,2075.3,2075.85,2055.36
1735753320,2025-01-01 17:42:00+00:00,2075.89,2076.99,2075.29,2076.14,1774.67
1735753380,2025-01-01 17:43:00+00:00,2076.06,2077.18,2076.02,2076.78,2135.37
1735753440,2025-01-01 17:44:00+00:00,2076.78,2078.93,2076.54,2078.62,1679.25
1735753500,2025-01-01 17:45:00+00:00,2078.6,2083.28,2075.58,2078.02,768.89
1735753560,2025-01-01 17:46:00+00:00,2078.06,2080.36,2077.5,2078.92,1794.7
1735753620,2025-01-01 17:47:00+00:00,2078.92,2083.86,2075.5,2077.07,1224.78
1735753680,2025-01-01 17:48:00+00:00,2077.1,2080.64,2076.14,2079.31,1639.25
1735753740,2025-01-01 17:49:00+00:00,2079.33,2082.16,2079.09,2081.06,2944.6
1735753800,2025-01-01 17:50:00+00:00,2081.06,2081.23,2077.56,2078.79,4309.58
1735753860,2025-01-01 17:51:00+00:00,2078.81,2079.51,2078.27,2079.01,1971.83
1735753920,2025-01-01 17:52:00+00:00,2079.06,2081.68,2077.2,2077.65,1357.43
1735753980,2025-01-01 17:53:00+00:00,2077.67,2083.66,2076.42,2081.77,1709.28
1735754040,2025-01-01 17:54:00+00:00,2081.69,2083.05,2079.43,2080.44,540.35
1735754100,2025-01-01 17:55:00+00:00,2080.45,2081.84,2078.6,2078.96,3844.36
1735754160,2025-01-01 17:56:00+00:00,2078.99,2080.4,2076.3,2076.81,1833.32
1735754220,2025-01-01 17:57:00+00:00,2076.83,2077.39,2073.51,2074.81,1746.52
1735754280,2025-01-01 17:58:00+00:00,2074.82,2074.85,2072.78,2074.0,818.41
1735754340,2025-01-01 17:59:00+00:00,2074.05,2076.36,2073.45,2075.1,1939.6
1735754400,2025-01-01 18:00:00+00:00,2075.08,2076.48,2072.69,2072.89,1782.18
1735754460,2025-01-01 18:01:00+00:00,2072.87,2073.11,2069.95,2071.14,1365.61
1735754520,2025-01-01 18:02:00+00:00,2071.16,2072.28,2068.73,2069.66,1729.17
1735754580,2025-01-01 18:03:00+00:00,2069.64,2070.98,2069.54,2070.66,728.59
1735754640,2025-01-01 18:04:00+00:00,2070.7,2071.78,2069.99,2070.83,650.67
1735754700,2025-01-01 18:05:00+00:00,2070.85,2073.33,2069.8,2069.97,2679.11
1735754760,2025-01-01 18:06:00+00:00,2069.95,2071.26,2068.63,2071.19,2887.62
1735754820,2025-01-01 18:07:00+00:00,2071.25,2071.79,2068.2,2069.15,2444.22
1735754880,2025-01-01 18:08:00+00:00,2069.14,2071.05,2068.92,2071.03,1168.47
1735754940,2025-01-01 18:09:00+00:00,2071.02,2071.72,2068.37,2068.42,3005.77
1735755000,2025-01-01 18:10:00+00:00,2068.47,2068.48,2066.46,2066.59,2064.2
1735755060,2025-01-01 18:11:00+00:00,2066.64,2067.09,2064.13,2064.42,3263.23
1735755120,2025-01-01 18:12:00+00:00,2064.41,2066.76,2064.22,2066.04,2392.31
1735755180,2025-01-01 18:13:00+00:00,2066.01,2066.07,2062.69,2064.34,3347.02
1735755240,2025-01-01 18:14:00+00:00,2064.36,2064.68,2064.32,2064.66,1297.87
1735755300,2025-01-01 18:15:00+00:00,2064.69,2065.9,2063.52,2065.31,1735.57
1735755360,2025-01-01 18:16:00+00:00,2065.32,2065.9,2063.91,2063.93,2479.6
1735755420,2025-01-01 18:17:00+00:00,2063.94,2064.21,2062.96,2063.7,1514.51
1735755480,2025-01-01 18:18:00+00:00,2063.67,2064.66,2063.1,2063.51,676.51
1735755540,2025-01-01 18:19:00+00:00,2063.61,2064.65,2061.52,2063.38,1126.45
1735755600,2025-01-01 18:20:00+00:00,2063.43,2064.05,2062.31,2063.44,1677.45
1735755660,2025-01-01 18:21:00+00:00,2063.49,2064.13,2061.37,2061.58,3019.7
1735755720,2025-01-01 18:22:00+00:00,2061.59,2061.65,2058.7,2060.37,2554.34
1735755780,2025-01-01 18:23:00+00:00,2060.35,2063.0,2056.27,2059.21,1812.58
1735755840,2025-01-01 18:24:00+00:00,2059.24,2060.15,2058.42,2059.72,2101.52
1735755900,2025-01-01 18:25:00+00:00,2059.71,2061.24,2058.06,2058.25,1608.71
1735755960,2025-01-01 18:26:00+00:00,2058.27,2058.29,2055.49,2056.32,1567.46
1735756020,2025-01-01 18:27:00+00:00,2056.33,2058.79,2055.73,2058.42,1780.5
1735756080,2025-01-01 18:28:00+00:00,2058.45,2062.66,2056.32,2061.72,2567.78
1735756140,2025-01-01 18:29:00+00:00,2061.73,2063.59,2060.86,2061.35,1129.47
1735756200,2025-01-01 18:30:00+00:00,2061.35,2061.77,2056.66,2061.0,2453.35
1735756260,2025-01-01 18:31:00+00:00,2060.98,2062.11,2058.12,2061.8,3290.6
1735756320,2025-01-01 18:32:00+00:00,2061.83,2062.8,2059.96,2060.32,2417.35
1735756380,2025-01-01 18:33:00+00:00,2060.3,2060.38,2058.32,2059.0,1008.93
1735756440,2025-01-01 18:34:00+00:00,2059.0,2059.33,2056.24,2056.36,2306.57
1735756500,2025-01-01 18:35:00+00:00,2056.4,2057.34,2052.52,2054.66,1774.09
1735756560,2025-01-01 18:36:00+00:00,2054.66,2058.26,2054.12,2057.24,3720.16
1735756620,2025-01-01 18:37:00+00:00,2057.19,2061.74,2056.31,2059.39,2739.46
1735756680,2025-01-01 18:38:00+00:00,2059.34,2062.69,2058.69,2060.47,1579.97
1735756740,2025-01-01 18:39:00+00:00,2060.52,2060.59,2059.7,2059.89,694.47
1735756800,2025-01-01 18:40:00+00:00,2059.89,2060.94,2055.04,2056.79,2283.1
1735756860,2025-01-01 18:41:00+00:00,2056.81,2059.55,2055.07,2058.71,3493.69
1735756920,2025-01-01 18:42:00+00:00,2058.71,2058.97,2058.24,2058.42,1525.69
1735756980,2025-01-01 18:43:00+00:00,2058.44,2062.59,2057.9,2060.74,4879.14
1735757040,2025-01-01 18:44:00+00:00,2060.77,2061.96,2059.52,2061.32,859.09
1735757100,2025-01-01 18:45:00+00:00,2061.33,2061.51,2058.3,2058.77,1702.42
1735757160,2025-01-01 18:46:00+00:00,2058.79,2059.41,2058.08,2059.09,1839.94
1735757220,2025-01-01 18:47:00+00:00,2059.05,2060.3,2058.09,2058.28,532.67
1735757280,2025-01-01 18:48:00+00:00,2058.25,2059.37,2056.91,2058.91,2536.43
1735757340,2025-01-01 18:49:00+00:00,2058.92,2061.18,2057.19,2058.07,1342.22
1735757400,2025-01-01 18:50:00+00:00,2058.08,2064.44,2057.32,2061.32,4276.97
1735757460,2025-01-01 18:51:00+00:00,2061.35,2062.78,2057.14,2057.75,2362.47
1735757520,2025-01-01 18:52:00+00:00,2057.75,2058.76,2055.25,2055.39,1382.05
1735757580,2025-01-01 18:53:00+00:00,2055.38,2055.45,2054.56,2055.02,1203.07
1735757640,2025-01-01 18:54:00+00:00,2055.04,2057.81,2051.97,2056.41,1138.54
1735757700,2025-01-01 18:55:00+00:00,2056.45,2056.69,2054.33,2055.11,1438.1
1735757760,2025-01-01 18:56:00+00:00,2055.03,2055.64,2050.66,2053.35,1158.41
1735757820,2025-01-01 18:57:00+00:00,2053.39,2054.75,2052.1,2052.45,1769.2
1735757880,2025-01-01 18:58:00+00:00,2052.48,2054.28,2050.17,2051.84,1498.61
1735757940,2025-01-01 18:59:00+00:00,2051.86,2052.91,2049.28,2050.1,2848.6
1735758000,2025-01-01 19:00:00+00:00,2050.13,2050.79,2049.92,2050.64,540.18
1735758060,2025-01-01 19:01:00+00:00,2050.64,2052.26,2049.63,2049.65,776.42
1735758120,2025-01-01 19:02:00+00:00,2049.64,2050.54,2046.45,2048.85,2220.37
1735758180,2025-01-01 19:03:00+00:00,2048.91,2050.01,2047.98,2048.63,1481.22
1735758240,2025-01-01 19:04:00+00:00,2048.61,2049.76,2047.9,2048.46,990.47
1735758300,2025-01-01 19:05:00+00:00,2048.45,2051.27,2048.23,2049.82,3796.96
1735758360,2025-01-01 19:06:00+00:00,2049.83,2052.36,2046.77,2051.78,2504.22
1735758420,2025-01-01 19:07:00+00:00,2051.78,2054.33,2051.02,2051.5,1492.21
1735758480,2025-01-01 19:08:00+00:00,2051.53,2052.37,2049.45,2052.12,2992.62
1735758540,2025-01-01 19:09:00+00:00,2052.12,2052.26,2048.94,2051.0,1138.58
1735758600,2025-01-01 19:10:00+00:00,2051.05,2053.58,2050.7,2052.91,3885.85
1735758660,2025-01-01 19:11:00+00:00,2052.91,2055.6,2052.53,2053.9,1172.35
1735758720,2025-01-01 19:12:00+00:00,2053.95,2059.4,2053.8,2057.82,2346.21
1735758780,2025-01-01 19:13:00+00:00,2057.83,2058.47,2055.61,2058.21,1009.05
1735758840,2025-01-01 19:14:00+00:00,2058.21,2059.62,2056.6,2059.52,1085.15
1735758900,2025-01-01 19:15:00+00:00,2059.49,2061.23,2057.64,2057.87,2222.58
1735758960,2025-01-01 19:16:00+00:00,2057.85,2058.63,2057.79,2058.11,1501.83
1735759020,2025-01-01 19:17:00+00:00,2058.1,2059.06,2051.87,2054.64,5399.51
1735759080,2025-01-01 19:18:00+00:00,2054.64,2056.78,2052.46,2056.42,1318.55
1735759140,2025-01-01 19:19:00+00:00,2056.43,2059.55,2056.01,2057.12,1148.21
1735759200,2025-01-01 19:20:00+00:00,2057.13,2057.45,2055.53,2056.73,1218.52
1735759260,2025-01-01 19:21:00+00:00,2056.7,2057.76,2054.66,2057.37,2150.55
1735759320,2025-01-01 19:22:00+00:00,2057.41,2060.65,2051.79,2060.64,3057.84
1735759380,2025-01-01 19:23:00+00:00,2060.67,2065.23,2057.83,2061.68,2250.26
1735759440,2025-01-01 19:24:00+00:00,2061.67,2061.84,2059.27,2059.64,2737.18
1735759500,2025-01-01 19:25:00+00:00,2059.63,2062.36,2057.73,2062.0,6934.49
1735759560,2025-01-01 19:26:00+00:00,2062.0,2064.74,2060.74,2061.52,1696.14
1735759620,2025-01-01 19:27:00+00:00,2061.47,2066.06,2058.17,2059.23,4296.5
1735759680,2025-01-01 19:28:00+00:00,2059.2,2059.49,2054.99,2057.63,1558.68
1735759740,2025-01-01 19:29:00+00:00,2057.66,2058.39,2056.41,2057.05,1029.24
1735759800,2025-01-01 19:30:00+00:00,2057.03,2058.3,2054.65,2055.64,1052.25
1735759860,2025-01-01 19:31:00+00:00,2055.69,2055.94,2054.02,2054.2,2780.99
1735759920,2025-01-01 19:32:00+00:00,2054.23,2055.14,2052.13,2055.14,4389.19
1735759980,2025-01-01 19:33:00+00:00,2055.14,2055.97,2054.65,2055.8,1127.95
1735760040,2025-01-01 19:34:00+00:00,2055.78,2058.21,2055.04,2058.04,1149.55
1735760100,2025-01-01 19:35:00+00:00,2058.05,2060.02,2057.7,2058.57,1397.54
1735760160,2025-01-01 19:36:00+00:00,2058.56,2060.02,2057.33,2057.55,1880.16
1735760220,2025-01-01 19:37:00+00:00,2057.55,2058.32,2052.98,2056.49,5234.21
1735760280,2025-01-01 19:38:00+00:00,2056.47,2058.28,2056.09,2056.46,1274.22
1735760340,2025-01-01 19:39:00+00:00,2056.45,2059.9,2056.29,2058.23,4656.0
1735760400,2025-01-01 19:40:00+00:00,2058.21,2060.55,2058.04,2060.25,1893.26
1735760460,2025-01-01 19:41:00+00:00,2060.21,2062.92,2059.65,2062.78,2160.28
1735760520,2025-01-01 19:42:00+00:00,2062.79,2064.32,2061.54,2063.45,684.44
1735760580,2025-01-01 19:43:00+00:00,2063.43,2063.51,2062.79,2063.3,729.1
1735760640,2025-01-01 19:44:00+00:00,2063.35,2063.55,2061.56,2061.96,2304.1
1735760700,2025-01-01 19:45:00+00:00,2061.97,2063.56,2061.76,2062.28,1247.76
1735760760,2025-01-01 19:46:00+00:00,2062.27,2062.96,2060.17,2060.68,1765.59
1735760820,2025-01-01 19:47:00+00:00,2060.71,2064.16,2059.34,2060.16,1845.76
1735760880,2025-01-01 19:48:00+00:00,2060.16,2060.36,2059.33,2059.61,933.93
1735760940,2025-01-01 19:49:00+00:00,2059.57,2062.62,2056.49,2062.12,5127.97
1735761000,2025-01-01 19:50:00+00:00,2062.11,2065.46,2060.23,2061.26,3577.03
1735761060,2025-01-01 19:51:00+00:00,2061.26,2062.06,2060.08,2061.97,1001.31
1735761120,2025-01-01 19:52:00+00:00,2062.01,2064.74,2061.04,2062.58,1861.37
1735761180,2025-01-01 19:53:00+00:00,2062.61,2066.04,2059.39,2060.17,1980.7
1735761240,2025-01-01 19:54:00+00:00,2060.19,2060.21,2057.86,2058.48,2644.52
1735761300,2025-01-01 19:55:00+00:00,2058.52,2058.71,2054.49,2055.99,2113.42
1735761360,2025-01-01 19:56:00+00:00,2056.0,2057.34,2053.66,2055.9,2708.44
1735761420,2025-01-01 19:57:00+00:00,2055.91,2056.74,2054.3,2055.19,1024.86
1735761480,2025-01-01 19:58:00+00:00,2055.2,2055.79,2053.52,2054.39,784.51
1735761540,2025-01-01 19:59:00+00:00,2054.42,2055.73,2053.98,2054.97,948.26
1735761600,2025-01-01 20:00:00+00:00,2054.96,2057.72,2052.69,2053.73,1875.33
1735761660,2025-01-01 20:01:00+00:00,2053.75,2058.08,2053.48,2055.39,3407.59
1735761720,2025-01-01 20:02:00+00:00,2055.38,2058.08,2054.28,2056.41,1329.65
1735761780,2025-01-01 20:03:00+00:00,2056.38,2059.62,2056.14,2057.35,2956.4
1735761840,2025-01-01 20:04:00+00:00,2057.34,2058.16,2056.33,2056.98,3654.21
1735761900,2025-01-01 20:05:00+00:00,2057.05,2057.75,2053.7,2055.0,1626.69
1735761960,2025-01-01 20:06:00+00:00,2055.01,2055.96,2051.29,2053.18,2558.49
1735762020,2025-01-01 20:07:00+00:00,2053.24,2055.06,2052.84,2053.57,954.93
1735762080,2025-01-01 20:08:00+00:00,2053.57,2055.17,2053.15,2054.05,2129.98
1735762140,2025-01-01 20:09:00+00:00,2054.03,2057.31,2053.39,2056.27,1532.95
1735762200,2025-01-01 20:10:00+00:00,2056.26,2059.39,2055.56,2057.63,3395.92
1735762260,2025-01-01 20:11:00+00:00,2057.64,2063.4,2056.87,2058.99,1980.93
1735762320,2025-01-01 20:12:00+00:00,2058.93,2059.43,2057.63,2058.88,741.18
1735762380,2025-01-01 20:13:00+00:00,2058.85,2060.23,2058.69,2059.95,1075.42
1735762440,2025-01-01 20:14:00+00:00,2059.96,2060.18,2059.01,2060.05,869.11
1735762500,2025-01-01 20:15:00+00:00,2060.0,2060.05,2056.52,2057.03,2380.26
1735762560,2025-01-01 20:16:00+00:00,2057.06,2060.69,2055.45,2056.26,2708.0
1735762620,2025-01-01 20:17:00+00:00,2056.28,2056.96,2054.96,2055.68,525.1
1735762680,2025-01-01 20:18:00+00:00,2055.69,2057.21,2054.49,2057.14,885.64
1735762740,2025-01-01 20:19:00+00:00,2057.16,2059.22,2057.11,2058.1,1936.43
1735762800,2025-01-01 20:20:00+00:00,2058.09,2058.4,2054.05,2054.37,3501.87
1735762860,2025-01-01 20:21:00+00:00,2054.37,2055.84,2054.11,2054.95,1397.63
1735762920,2025-01-01 20:22:00+00:00,2054.97,2055.28,2053.99,2054.02,1470.77
1735762980,2025-01-01 20:23:00+00:00,2054.02,2054.04,2052.28,2052.5,2032.0
1735763040,2025-01-01 20:24:00+00:00,2052.48,2053.0,2051.26,2051.28,1176.78
1735763100,2025-01-01 20:25:00+00:00,2051.33,2054.42,2047.58,2052.13,1433.45
1735763160,2025-01-01 20:26:00+00:00,2052.1,2054.02,2049.07,2050.61,2990.89
1735763220,2025-01-01 20:27:00+00:00,2050.63,2054.6,2049.27,2053.48,1788.28
1735763280,2025-01-01 20:28:00+00:00,2053.45,2055.65,2052.47,2054.99,1939.82
1735763340,2025-01-01 20:29:00+00:00,2055.01,2058.14,2054.97,2057.91,2347.1
1735763400,2025-01-01 20:30:00+00:00,2057.92,2059.59,2056.8,2056.92,1991.01
1735763460,2025-01-01 20:31:00+00:00,2056.89,2058.18,2056.16,2058.17,1333.74
1735763520,2025-01-01 20:32:00+00:00,2058.2,2059.61,2055.95,2058.6,1322.53
1735763580,2025-01-01 20:33:00+00:00,2058.57,2058.61,2055.79,2056.95,1491.25
1735763640,2025-01-01 20:34:00+00:00,2056.99,2058.66,2052.62,2058.39,3071.62
1735763700,2025-01-01 20:35:00+00:00,2058.41,2060.93,2057.25,2059.17,800.78
1735763760,2025-01-01 20:36:00+00:00,2059.14,2060.47,2056.81,2057.39,962.68
1735763820,2025-01-01 20:37:00+00:00,2057.32,2057.55,2053.84,2055.71,2054.02
1735763880,2025-01-01 20:38:00+00:00,2055.71,2056.41,2055.4,2056.13,1054.27
1735763940,2025-01-01 20:39:00+00:00,2056.07,2056.8,2052.73,2053.64,8919.75
1735764000,2025-01-01 20:40:00+00:00,2053.61,2055.9,2052.67,2053.59,3071.0
1735764060,2025-01-01 20:41:00+00:00,2053.56,2059.1,2053.45,2055.87,2205.16
1735764120,2025-01-01 20:42:00+00:00,2055.88,2057.34,2054.96,2055.99,731.93
1735764180,2025-01-01 20:43:00+00:00,2055.99,2057.16,2054.42,2054.93,4296.29
1735764240,2025-01-01 20:44:00+00:00,2054.94,2055.78,2053.15,2053.63,2073.63
1735764300,2025-01-01 20:45:00+00:00,2053.66,2054.09,2050.86,2051.06,2886.93
1735764360,2025-01-01 20:46:00+00:00,2051.04,2052.25,2049.56,2051.98,874.7
1735764420,2025-01-01 20:47:00+00:00,2051.94,2052.02,2048.86,2050.91,2278.92
1735764480,2025-01-01 20:48:00+00:00,2050.88,2054.72,2050.83,2053.86,2655.65
1735764540,2025-01-01 20:49:00+00:00,2053.84,2057.9,2053.57,2054.62,2145.46
1735764600,2025-01-01 20:50:00+00:00,2054.63,2055.15,2052.89,2053.38,1072.16
1735764660,2025-01-01 20:51:00+00:00,2053.4,2054.36,2053.17,2053.32,3116.7
1735764720,2025-01-01 20:52:00+00:00,2053.35,2053.6,2049.58,2053.42,569.65
1735764780,2025-01-01 20:53:00+00:00,2053.41,2058.11,2052.5,2057.27,4239.24
1735764840,2025-01-01 20:54:00+00:00,2057.26,2058.28,2055.62,2057.96,833.27
1735764900,2025-01-01 20:55:00+00:00,2057.99,2058.75,2056.1,2056.19,3343.15
1735764960,2025-01-01 20:56:00+00:00,2056.18,2056.92,2051.97,2052.65,1157.06
1735765020,2025-01-01 20:57:00+00:00,2052.7,2055.74,2051.65,2054.3,4158.43
1735765080,2025-01-01 20:58:00+00:00,2054.31,2056.53,2053.35,2056.09,3026.81
1735765140,2025-01-01 20:59:00+00:00,2056.09,2057.61,2055.54,2056.99,1490.04
1735765200,2025-01-01 21:00:00+00:00,2056.99,2059.5,2053.93,2055.22,1717.62
1735765260,2025-01-01 21:01:00+00:00,2055.26,2055.74,2051.47,2053.09,852.73
1735765320,2025-01-01 21:02:00+00:00,2053.11,2054.56,2053.1,2053.41,1787.12
1735765380,2025-01-01 21:03:00+00:00,2053.37,2055.28,2051.79,2052.14,822.18
1735765440,2025-01-01 21:04:00+00:00,2052.16,2052.37,2050.42,2051.64,1472.56
1735765500,2025-01-01 21:05:00+00:00,2051.66,2053.87,2048.89,2053.86,2910.47
1735765560,2025-01-01 21:06:00+00:00,2053.89,2054.19,2051.78,2053.09,616.38
1735765620,2025-01-01 21:07:00+00:00,2053.08,2055.07,2052.75,2055.02,2389.47
1735765680,2025-01-01 21:08:00+00:00,2055.05,2058.87,2054.31,2057.76,3819.77
1735765740,2025-01-01 21:09:00+00:00,2057.71,2059.56,2057.1,2058.27,1163.96
1735765800,2025-01-01 21:10:00+00:00,2058.28,2060.72,2057.62,2060.67,2771.89
1735765860,2025-01-01 21:11:00+00:00,2060.64,2063.49,2057.92,2058.2,3262.51
1735765920,2025-01-01 21:12:00+00:00,2058.14,2060.82,2055.7,2056.16,2287.21
1735765980,2025-01-01 21:13:00+00:00,2056.14,2064.74,2055.51,2059.51,5783.16
1735766040,2025-01-01 21:14:00+00:00,2059.5,2059.67,2056.05,2059.6,1218.32
1735766100,2025-01-01 21:15:00+00:00,2059.58,2059.61,2056.44,2058.71,1583.82
1735766160,2025-01-01 21:16:00+00:00,2058.7,2059.15,2057.48,2058.22,513.03
1735766220,2025-01-01 21:17:00+00:00,2058.23,2059.68,2058.15,2058.23,1262.36
1735766280,2025-01-01 21:18:00+00:00,2058.2,2058.62,2057.1,2057.31,3207.26
1735766340,2025-01-01 21:19:00+00:00,2057.31,2057.34,2054.09,2057.13,1204.92
1735766400,2025-01-01 21:20:00+00:00,2057.14,2057.93,2055.19,2056.33,1698.31
1735766460,2025-01-01 21:21:00+00:00,2056.33,2057.86,2055.88,2056.29,1136.6
1735766520,2025-01-01 21:22:00+00:00,2056.25,2057.19,2056.21,2056.39,1419.36
1735766580,2025-01-01 21:23:00+00:00,2056.35,2058.25,2055.36,2056.29,1147.93
1735766640,2025-01-01 21:24:00+00:00,2056.27,2056.28,2054.19,2055.11,4415.43
1735766700,2025-01-01 21:25:00+00:00,2055.16,2058.5,2055.14,2057.39,4448.68
1735766760,2025-01-01 21:26:00+00:00,2057.39,2058.05,2056.28,2056.72,1588.36
1735766820,2025-01-01 21:27:00+00:00,2056.77,2058.62,2054.9,2056.31,426.47
1735766880,2025-01-01 21:28:00+00:00,2056.36,2057.78,2053.63,2054.0,1400.44
1735766940,2025-01-01 21:29:00+00:00,2054.04,2055.03,2049.54,2051.09,2719.6
1735767000,2025-01-01 21:30:00+00:00,2051.11,2051.71,2048.61,2049.5,3454.14
1735767060,2025-01-01 21:31:00+00:00,2049.5,2049.73,2048.46,2048.54,1331.47
1735767120,2025-01-01 21:32:00+00:00,2048.55,2050.17,2047.27,2049.68,2961.04
1735767180,2025-01-01 21:33:00+00:00,2049.69,2052.23,2049.23,2050.62,2640.73
1735767240,2025-01-01 21:34:00+00:00,2050.61,2051.58,2047.57,2048.13,8838.59
1735767300,2025-01-01 21:35:00+00:00,2048.1,2048.7,2046.83,2048.53,755.78
1735767360,2025-01-01 21:36:00+00:00,2048.54,2048.92,2047.88,2048.75,863.78
1735767420,2025-01-01 21:37:00+00:00,2048.73,2048.91,2045.98,2046.86,2025.91
1735767480,2025-01-01 21:38:00+00:00,2046.9,2048.83,2045.85,2048.42,2274.69
1735767540,2025-01-01 21:39:00+00:00,2048.38,2048.45,2045.43,2046.43,944.34
1735767600,2025-01-01 21:40:00+00:00,2046.46,2048.48,2045.15,2047.6,1702.27
1735767660,2025-01-01 21:41:00+00:00,2047.59,2052.83,2040.73,2045.26,2853.07
1735767720,2025-01-01 21:42:00+00:00,2045.26,2045.62,2042.75,2042.88,3545.71
1735767780,2025-01-01 21:43:00+00:00,2042.87,2043.9,2037.43,2042.22,1651.96
1735767840,2025-01-01 21:44:00+00:00,2042.22,2044.79,2037.7,2043.84,1362.39
1735767900,2025-01-01 21:45:00+00:00,2043.81,2044.18,2043.37,2043.6,1460.12
1735767960,2025-01-01 21:46:00+00:00,2043.6,2045.9,2041.84,2045.89,2011.3
1735768020,2025-01-01 21:47:00+00:00,2045.9,2048.28,2045.56,2045.62,889.88
1735768080,2025-01-01 21:48:00+00:00,2045.59,2048.16,2044.44,2047.42,1061.05
1735768140,2025-01-01 21:49:00+00:00,2047.35,2048.22,2044.83,2047.62,6581.28
1735768200,2025-01-01 21:50:00+00:00,2047.62,2047.88,2042.27,2046.55,767.89
1735768260,2025-01-01 21:51:00+00:00,2046.53,2047.77,2046.03,2047.59,1419.05
1735768320,2025-01-01 21:52:00+00:00,2047.58,2048.93,2042.32,2046.79,5424.94
1735768380,2025-01-01 21:53:00+00:00,2046.8,2050.05,2046.75,2050.04,1343.54
1735768440,2025-01-01 21:54:00+00:00,2050.04,2050.93,2049.61,2050.75,1596.73
1735768500,2025-01-01 21:55:00+00:00,2050.76,2052.25,2049.53,2051.26,1290.0
1735768560,2025-01-01 21:56:00+00:00,2051.27,2051.94,2050.0,2050.88,1309.48
1735768620,2025-01-01 21:57:00+00:00,2050.84,2053.35,2050.44,2053.22,3703.64
1735768680,2025-01-01 21:58:00+00:00,2053.2,2054.22,2050.5,2051.74,2202.78
1735768740,2025-01-01 21:59:00+00:00,2051.73,2052.5,2050.94,2052.33,992.62
1735768800,2025-01-01 22:00:00+00:00,2052.35,2056.35,2050.46,2054.76,5174.15
1735768860,2025-01-01 22:01:00+00:00,2054.73,2056.39,2053.12,2056.24,1502.92
1735768920,2025-01-01 22:02:00+00:00,2056.22,2058.06,2052.85,2055.8,1912.25
1735768980,2025-01-01 22:03:00+00:00,2055.84,2057.86,2055.24,2055.96,1416.75
1735769040,2025-01-01 22:04:00+00:00,2055.92,2056.13,2055.47,2056.01,3464.11
1735769100,2025-01-01 22:05:00+00:00,2056.03,2057.68,2055.59,2057.06,711.53
1735769160,2025-01-01 22:06:00+00:00,2057.09,2058.15,2054.67,2054.69,1891.37
1735769220,2025-01-01 22:07:00+00:00,2054.71,2055.39,2050.76,2054.45,1052.3
1735769280,2025-01-01 22:08:00+00:00,2054.42,2054.87,2053.01,2053.88,1379.87
1735769340,2025-01-01 22:09:00+00:00,2053.92,2056.1,2053.4,2054.89,1578.16
1735769400,2025-01-01 22:10:00+00:00,2054.85,2057.68,2051.72,2053.17,2714.71
1735769460,2025-01-01 22:11:00+00:00,2053.14,2053.47,2051.59,2051.69,3360.9
1735769520,2025-01-01 22:12:00+00:00,2051.7,2052.61,2050.11,2052.51,697.65
1735769580,2025-01-01 22:13:00+00:00,2052.55,2053.82,2048.08,2051.32,3062.04
1735769640,2025-01-01 22:14:00+00:00,2051.37,2051.69,2048.8,2051.58,1331.16
1735769700,2025-01-01 22:15:00+00:00,2051.57,2051.97,2043.08,2048.56,2222.21
1735769760,2025-01-01 22:16:00+00:00,2048.56,2051.86,2046.28,2049.31,525.24
1735769820,2025-01-01 22:17:00+00:00,2049.3,2050.79,2048.61,2050.74,3240.92
1735769880,2025-01-01 22:18:00+00:00,2050.76,2053.22,2048.09,2048.62,968.37
1735769940,2025-01-01 22:19:00+00:00,2048.6,2050.88,2044.28,2049.58,2121.43
1735770000,2025-01-01 22:20:00+00:00,2049.54,2051.76,2049.36,2049.62,579.69
1735770060,2025-01-01 22:21:00+00:00,2049.6,2050.82,2047.37,2050.67,7264.29
1735770120,2025-01-01 22:22:00+00:00,2050.68,2052.16,2043.8,2046.36,4393.94
1735770180,2025-01-01 22:23:00+00:00,2046.33,2047.48,2045.78,2047.01,1014.43
1735770240,2025-01-01 22:24:00+00:00,2047.01,2047.4,2045.08,2046.71,2406.05
1735770300,2025-01-01 22:25:00+00:00,2046.73,2051.67,2045.6,2045.67,3252.32
1735770360,2025-01-01 22:26:00+00:00,2045.64,2048.96,2043.07,2048.66,4924.03
1735770420,2025-01-01 22:27:00+00:00,2048.65,2048.85,2046.69,2048.43,786.53
1735770480,2025-01-01 22:28:00+00:00,2048.47,2049.43,2047.94,2048.32,399.31
1735770540,2025-01-01 22:29:00+00:00,2048.31,2049.06,2046.04,2048.92,1396.77
1735770600,2025-01-01 22:30:00+00:00,2048.95,2049.76,2048.68,2049.03,1478.47
1735770660,2025-01-01 22:31:00+00:00,2049.01,2049.18,2044.31,2046.71,2221.5
1735770720,2025-01-01 22:32:00+00:00,2046.74,2049.06,2046.64,2048.12,2609.4
1735770780,2025-01-01 22:33:00+00:00,2048.09,2048.69,2046.21,2047.21,1801.97
1735770840,2025-01-01 22:34:00+00:00,2047.15,2048.79,2045.27,2045.41,1675.06
1735770900,2025-01-01 22:35:00+00:00,2045.38,2047.49,2045.17,2046.05,577.38
1735770960,2025-01-01 22:36:00+00:00,2046.04,2048.16,2045.57,2047.09,1574.08
1735771020,2025-01-01 22:37:00+00:00,2047.07,2048.78,2047.0,2048.68,3792.62
1735771080,2025-01-01 22:38:00+00:00,2048.69,2049.15,2046.79,2049.12,995.44
1735771140,2025-01-01 22:39:00+00:00,2049.14,2049.15,2046.63,2046.97,1437.65
1735771200,2025-01-01 22:40:00+00:00,2046.93,2048.23,2042.4,2045.81,3611.67
1735771260,2025-01-01 22:41:00+00:00,2045.77,2046.65,2040.05,2043.53,1361.56
1735771320,2025-01-01 22:42:00+00:00,2043.51,2045.2,2039.85,2042.82,1805.15
1735771380,2025-01-01 22:43:00+00:00,2042.81,2045.99,2039.81,2044.84,1606.07
1735771440,2025-01-01 22:44:00+00:00,2044.79,2046.13,2043.5,2044.06,421.34
1735771500,2025-01-01 22:45:00+00:00,2044.09,2046.97,2043.53,2044.85,1915.47
1735771560,2025-01-01 22:46:00+00:00,2044.82,2046.51,2044.75,2046.07,1911.87
1735771620,2025-01-01 22:47:00+00:00,2046.07,2046.19,2045.01,2045.36,1004.69
1735771680,2025-01-01 22:48:00+00:00,2045.37,2045.85,2045.11,2045.79,1688.35
1735771740,2025-01-01 22:49:00+00:00,2045.73,2046.36,2043.86,2044.89,1593.42
1735771800,2025-01-01 22:50:00+00:00,2044.88,2046.52,2044.54,2045.59,1647.15
1735771860,2025-01-01 22:51:00+00:00,2045.63,2047.45,2043.67,2044.61,3422.54
1735771920,2025-01-01 22:52:00+00:00,2044.64,2046.97,2041.74,2043.96,2629.11
1735771980,2025-01-01 22:53:00+00:00,2043.95,2046.54,2042.83,2043.47,1237.26
1735772040,2025-01-01 22:54:00+00:00,2043.45,2044.37,2042.71,2042.91,889.49
1735772100,2025-01-01 22:55:00+00:00,2042.92,2042.99,2040.29,2040.93,1212.39
1735772160,2025-01-01 22:56:00+00:00,2040.92,2042.67,2040.07,2041.95,1828.3
1735772220,2025-01-01 22:57:00+00:00,2041.97,2048.7,2038.71,2042.57,425.43
1735772280,2025-01-01 22:58:00+00:00,2042.63,2044.49,2040.07,2044.32,1132.03
1735772340,2025-01-01 22:59:00+00:00,2044.28,2047.59,2041.63,2043.57,1047.04
1735772400,2025-01-01 23:00:00+00:00,2043.57,2045.26,2043.35,2045.05,2312.08
1735772460,2025-01-01 23:01:00+00:00,2045.04,2046.03,2044.72,2045.77,1194.7
1735772520,2025-01-01 23:02:00+00:00,2045.8,2046.59,2044.24,2044.61,507.16
1735772580,2025-01-01 23:03:00+00:00,2044.6,2047.16,2044.17,2046.35,1850.46
1735772640,2025-01-01 23:04:00+00:00,2046.37,2046.62,2036.84,2045.94,2834.07
1735772700,2025-01-01 23:05:00+00:00,2045.94,2048.93,2044.47,2048.54,2766.56
1735772760,2025-01-01 23:06:00+00:00,2048.51,2052.27,2047.86,2050.63,1811.55
1735772820,2025-01-01 23:07:00+00:00,2050.59,2051.47,2046.81,2047.4,5720.78
1735772880,2025-01-01 23:08:00+00:00,2047.39,2048.51,2044.39,2044.6,4840.05
1735772940,2025-01-01 23:09:00+00:00,2044.56,2048.58,2043.77,2047.11,2472.81
1735773000,2025-01-01 23:10:00+00:00,2047.08,2048.56,2045.66,2048.1,2164.01
1735773060,2025-01-01 23:11:00+00:00,2048.11,2048.82,2045.71,2046.42,4666.48
1735773120,2025-01-01 23:12:00+00:00,2046.35,2048.29,2046.21,2046.6,1075.57
1735773180,2025-01-01 23:13:00+00:00,2046.6,2049.43,2044.33,2045.42,1303.99
1735773240,2025-01-01 23:14:00+00:00,2045.4,2045.91,2044.45,2045.02,908.34
1735773300,2025-01-01 23:15:00+00:00,2045.01,2045.53,2042.62,2044.08,949.22
1735773360,2025-01-01 23:16:00+00:00,2044.07,2047.32,2042.55,2046.08,1201.24
1735773420,2025-01-01 23:17:00+00:00,2046.11,2046.54,2045.29,2045.3,1182.98
1735773480,2025-01-01 23:18:00+00:00,2045.26,2049.25,2045.21,2046.16,1059.2
1735773540,2025-01-01 23:19:00+00:00,2046.15,2046.26,2044.63,2044.83,1967.48
1735773600,2025-01-01 23:20:00+00:00,2044.84,2046.28,2043.19,2045.92,2355.62
1735773660,2025-01-01 23:21:00+00:00,2045.95,2047.43,2044.05,2045.09,2807.84
1735773720,2025-01-01 23:22:00+00:00,2045.08,2045.65,2042.12,2043.44,2089.03
1735773780,2025-01-01 23:23:00+00:00,2043.43,2044.65,2041.32,2044.18,2212.41
1735773840,2025-01-01 23:24:00+00:00,2044.17,2050.26,2044.12,2046.14,4405.04
1735773900,2025-01-01 23:25:00+00:00,2046.16,2049.16,2042.95,2045.58,1265.48
1735773960,2025-01-01 23:26:00+00:00,2045.61,2045.93,2044.58,2045.03,1924.41
1735774020,2025-01-01 23:27:00+00:00,2045.0,2049.5,2043.61,2046.36,1247.26
1735774080,2025-01-01 23:28:00+00:00,2046.36,2046.74,2043.84,2045.62,1779.89
1735774140,2025-01-01 23:29:00+00:00,2045.62,2045.77,2043.26,2044.73,763.78
1735774200,2025-01-01 23:30:00+00:00,2044.78,2049.4,2044.4,2045.52,1780.35
1735774260,2025-01-01 23:31:00+00:00,2045.5,2045.64,2044.54,2045.16,1757.91
1735774320,2025-01-01 23:32:00+00:00,2045.17,2047.01,2044.35,2046.72,2722.31
1735774380,2025-01-01 23:33:00+00:00,2046.67,2047.33,2044.31,2045.54,1694.26
1735774440,2025-01-01 23:34:00+00:00,2045.6,2045.98,2042.22,2045.18,1342.86
1735774500,2025-01-01 23:35:00+00:00,2045.2,2045.89,2043.41,2044.31,1245.59
1735774560,2025-01-01 23:36:00+00:00,2044.33,2045.43,2042.45,2045.4,1061.91
1735774620,2025-01-01 23:37:00+00:00,2045.41,2045.6,2042.86,2044.89,953.68
1735774680,2025-01-01 23:38:00+00:00,2044.9,2046.04,2044.28,2044.53,941.48
1735774740,2025-01-01 23:39:00+00:00,2044.53,2044.66,2041.89,2043.1,3499.38
1735774800,2025-01-01 23:40:00+00:00,2043.12,2043.31,2041.02,2042.37,1468.65
1735774860,2025-01-01 23:41:00+00:00,2042.37,2044.27,2041.34,2042.91,1941.22
1735774920,2025-01-01 23:42:00+00:00,2042.93,2046.56,2042.33,2045.84,1719.18
1735774980,2025-01-01 23:43:00+00:00,2045.85,2045.94,2042.72,2043.66,2988.97
1735775040,2025-01-01 23:44:00+00:00,2043.62,2043.64,2041.19,2043.28,1217.44
1735775100,2025-01-01 23:45:00+00:00,2043.31,2044.81,2042.79,2044.4,1208.23
1735775160,2025-01-01 23:46:00+00:00,2044.36,2048.53,2043.41,2045.29,1260.72
1735775220,2025-01-01 23:47:00+00:00,2045.24,2045.4,2042.84,2043.58,1824.65
1735775280,2025-01-01 23:48:00+00:00,2043.59,2046.61,2042.78,2045.34,1701.16
1735775340,2025-01-01 23:49:00+00:00,2045.32,2045.38,2043.25,2044.62,1612.98
1735775400,2025-01-01 23:50:00+00:00,2044.61,2046.79,2044.49,2046.6,2195.53
1735775460,2025-01-01 23:51:00+00:00,2046.58,2046.94,2043.7,2046.73,1194.04
1735775520,2025-01-01 23:52:00+00:00,2046.7,2051.35,2046.34,2047.11,735.42
1735775580,2025-01-01 23:53:00+00:00,2047.09,2049.01,2042.64,2044.99,1556.56
1735775640,2025-01-01 23:54:00+00:00,2044.98,2046.33,2041.25,2042.19,3617.9
1735775700,2025-01-01 23:55:00+00:00,2042.21,2043.05,2038.68,2042.81,619.82
1735775760,2025-01-01 23:56:00+00:00,2042.82,2044.18,2041.2,2041.68,1120.86
1735775820,2025-01-01 23:57:00+00:00,2041.68,2045.08,2040.46,2042.55,1888.35
1735775880,2025-01-01 23:58:00+00:00,2042.56,2046.38,2041.29,2043.75,3527.4
1735775940,2025-01-01 23:59:00+00:00,2043.75,2044.88,2042.86,2044.6,1567.55
1735776000,2025-01-02 00:00:00+00:00,2044.58,2045.73,2041.57,2042.27,2381.95
1735776060,2025-01-02 00:01:00+00:00,2042.25,2043.52,2041.79,2041.81,1180.0
1735776120,2025-01-02 00:02:00+00:00,2041.8,2042.87,2039.93,2041.68,563.37
1735776180,2025-01-02 00:03:00+00:00,2041.7,2041.83,2039.62,2040.56,1718.88
1735776240,2025-01-02 00:04:00+00:00,2040.56,2040.59,2038.59,2038.81,773.86
1735776300,2025-01-02 00:05:00+00:00,2038.81,2041.91,2038.13,2040.08,4590.71
1735776360,2025-01-02 00:06:00+00:00,2040.07,2042.81,2036.05,2038.01,3033.37
1735776420,2025-01-02 00:07:00+00:00,2037.99,2043.62,2035.16,2036.27,2378.04
1735776480,2025-01-02 00:08:00+00:00,2036.31,2038.09,2035.61,2035.8,875.96
1735776540,2025-01-02 00:09:00+00:00,2035.83,2036.61,2033.73,2036.45,947.3
1735776600,2025-01-02 00:10:00+00:00,2036.46,2041.27,2036.11,2039.16,6757.16
1735776660,2025-01-02 00:11:00+00:00,2039.15,2040.38,2037.59,2038.08,1143.46
1735776720,2025-01-02 00:12:00+00:00,2038.07,2040.36,2035.05,2040.06,1328.87
1735776780,2025-01-02 00:13:00+00:00,2040.07,2040.97,2036.91,2038.47,1892.06
1735776840,2025-01-02 00:14:00+00:00,2038.48,2040.82,2036.09,2036.76,1578.39
1735776900,2025-01-02 00:15:00+00:00,2036.77,2038.07,2036.73,2037.48,917.61
1735776960,2025-01-02 00:16:00+00:00,2037.5,2038.76,2036.06,2038.22,2169.74
1735777020,2025-01-02 00:17:00+00:00,2038.18,2038.91,2037.56,2038.84,1282.37
1735777080,2025-01-02 00:18:00+00:00,2038.82,2042.26,2038.55,2039.94,865.65
1735777140,2025-01-02 00:19:00+00:00,2039.95,2041.23,2039.44,2041.07,1600.9
1735777200,2025-01-02 00:20:00+00:00,2041.07,2041.44,2040.11,2041.38,677.53
1735777260,2025-01-02 00:21:00+00:00,2041.4,2041.79,2039.29,2039.41,5968.95
1735777320,2025-01-02 00:22:00+00:00,2039.42,2040.04,2037.28,2039.64,638.4
1735777380,2025-01-02 00:23:00+00:00,2039.67,2040.01,2037.07,2039.3,1307.52
1735777440,2025-01-02 00:24:00+00:00,2039.3,2040.23,2035.97,2036.21,3021.53
1735777500,2025-01-02 00:25:00+00:00,2036.22,2037.39,2031.42,2032.49,4224.86
1735777560,2025-01-02 00:26:00+00:00,2032.45,2034.58,2032.27,2033.21,1224.67
1735777620,2025-01-02 00:27:00+00:00,2033.29,2033.84,2030.22,2030.59,1386.1
1735777680,2025-01-02 00:28:00+00:00,2030.62,2032.04,2025.43,2027.99,2145.11
1735777740,2025-01-02 00:29:00+00:00,2027.96,2030.53,2027.9,2029.07,614.23
1735777800,2025-01-02 00:30:00+00:00,2029.12,2029.77,2027.34,2029.45,1318.46
1735777860,2025-01-02 00:31:00+00:00,2029.44,2030.7,2029.21,2029.69,1724.2
1735777920,2025-01-02 00:32:00+00:00,2029.68,2030.35,2027.31,2028.07,1377.11
1735777980,2025-01-02 00:33:00+00:00,2028.05,2029.39,2027.34,2027.98,1306.19
1735778040,2025-01-02 00:34:00+00:00,2028.0,2029.4,2027.04,2028.69,1577.14
1735778100,2025-01-02 00:35:00+00:00,2028.71,2029.06,2028.1,2028.86,1196.98
1735778160,2025-01-02 00:36:00+00:00,2028.88,2029.1,2027.49,2028.09,2257.38
1735778220,2025-01-02 00:37:00+00:00,2028.11,2028.84,2026.41,2027.51,3215.39
1735778280,2025-01-02 00:38:00+00:00,2027.56,2027.69,2022.36,2025.8,1748.8
1735778340,2025-01-02 00:39:00+00:00,2025.81,2025.88,2024.02,2025.18,1676.32
1735778400,2025-01-02 00:40:00+00:00,2025.19,2026.62,2022.51,2023.45,3444.36
1735778460,2025-01-02 00:41:00+00:00,2023.41,2027.48,2022.95,2025.56,1653.45
1735778520,2025-01-02 00:42:00+00:00,2025.59,2029.8,2025.27,2028.68,2162.84
1735778580,2025-01-02 00:43:00+00:00,2028.67,2028.71,2025.48,2026.73,2523.49
1735778640,2025-01-02 00:44:00+00:00,2026.73,2031.18,2025.22,2026.56,1786.03
1735778700,2025-01-02 00:45:00+00:00,2026.55,2030.86,2025.98,2029.06,3246.8
1735778760,2025-01-02 00:46:00+00:00,2029.02,2029.27,2025.6,2027.34,2748.19
1735778820,2025-01-02 00:47:00+00:00,2027.36,2030.74,2027.13,2027.74,1746.98
1735778880,2025-01-02 00:48:00+00:00,2027.75,2028.56,2025.64,2026.85,2199.92
1735778940,2025-01-02 00:49:00+00:00,2026.86,2027.22,2025.1,2025.26,2837.68
1735779000,2025-01-02 00:50:00+00:00,2025.32,2027.92,2024.46,2027.68,4359.87
1735779060,2025-01-02 00:51:00+00:00,2027.67,2028.17,2024.77,2025.74,2130.95
1735779120,2025-01-02 00:52:00+00:00,2025.79,2028.23,2025.09,2027.06,1105.47
1735779180,2025-01-02 00:53:00+00:00,2027.08,2027.49,2027.07,2027.38,2546.09
1735779240,2025-01-02 00:54:00+00:00,2027.4,2030.29,2027.28,2028.15,730.23
1735779300,2025-01-02 00:55:00+00:00,2028.15,2029.73,2028.15,2028.87,1687.94
1735779360,2025-01-02 00:56:00+00:00,2028.88,2030.3,2027.69,2030.23,1089.08
1735779420,2025-01-02 00:57:00+00:00,2030.27,2031.98,2030.2,2030.33,2081.51
1735779480,2025-01-02 00:58:00+00:00,2030.26,2033.95,2029.54,2031.8,5878.57
1735779540,2025-01-02 00:59:00+00:00,2031.83,2032.94,2031.44,2032.49,2072.66
1735779600,2025-01-02 01:00:00+00:00,2032.49,2032.89,2031.26,2031.37,1355.02
1735779660,2025-01-02 01:01:00+00:00,2031.42,2032.97,2031.09,2032.71,2157.88
1735779720,2025-01-02 01:02:00+00:00,2032.73,2033.85,2030.76,2032.09,1454.26
1735779780,2025-01-02 01:03:00+00:00,2032.04,2033.65,2031.47,2031.78,1019.03
1735779840,2025-01-02 01:04:00+00:00,2031.76,2034.23,2030.99,2033.09,2632.53
1735779900,2025-01-02 01:05:00+00:00,2033.12,2033.77,2032.27,2033.53,736.89
1735779960,2025-01-02 01:06:00+00:00,2033.55,2034.28,2032.94,2033.21,1841.93
1735780020,2025-01-02 01:07:00+00:00,2033.22,2033.26,2031.14,2033.07,2719.84
1735780080,2025-01-02 01:08:00+00:00,2033.04,2034.6,2032.94,2033.9,1904.43
1735780140,2025-01-02 01:09:00+00:00,2033.86,2034.87,2033.26,2033.71,1154.01
1735780200,2025-01-02 01:10:00+00:00,2033.67,2033.79,2032.99,2033.67,734.23
1735780260,2025-01-02 01:11:00+00:00,2033.69,2037.83,2032.99,2034.75,1640.24
1735780320,2025-01-02 01:12:00+00:00,2034.73,2036.62,2033.01,2035.71,2500.53
1735780380,2025-01-02 01:13:00+00:00,2035.72,2035.86,2034.62,2035.17,1283.97
1735780440,2025-01-02 01:14:00+00:00,2035.22,2037.15,2030.77,2033.3,1656.7
1735780500,2025-01-02 01:15:00+00:00,2033.33,2034.49,2033.31,2033.85,2093.68
1735780560,2025-01-02 01:16:00+00:00,2033.85,2036.34,2032.18,2035.81,4819.58
1735780620,2025-01-02 01:17:00+00:00,2035.87,2036.49,2035.85,2036.26,2466.32
1735780680,2025-01-02 01:18:00+00:00,2036.3,2038.95,2035.77,2036.94,1215.81
1735780740,2025-01-02 01:19:00+00:00,2036.95,2040.48,2036.33,2039.22,1761.41
1735780800,2025-01-02 01:20:00+00:00,2039.26,2041.69,2038.51,2041.22,1257.28
1735780860,2025-01-02 01:21:00+00:00,2041.2,2043.0,2039.25,2042.44,1069.87
1735780920,2025-01-02 01:22:00+00:00,2042.45,2046.92,2041.13,2045.35,1353.15
1735780980,2025-01-02 01:23:00+00:00,2045.34,2050.69,2043.55,2046.37,941.77
1735781040,2025-01-02 01:24:00+00:00,2046.38,2047.02,2044.2,2044.24,1938.64
1735781100,2025-01-02 01:25:00+00:00,2044.26,2045.54,2043.79,2045.45,1488.97
1735781160,2025-01-02 01:26:00+00:00,2045.46,2049.31,2043.53,2046.97,5964.04
1735781220,2025-01-02 01:27:00+00:00,2046.95,2048.96,2046.32,2047.91,1863.9
1735781280,2025-01-02 01:28:00+00:00,2047.91,2049.71,2047.24,2048.13,438.3
1735781340,2025-01-02 01:29:00+00:00,2048.12,2051.44,2046.61,2050.28,3270.94
1735781400,2025-01-02 01:30:00+00:00,2050.25,2052.81,2048.97,2051.94,1462.51
1735781460,2025-01-02 01:31:00+00:00,2051.95,2052.68,2051.15,2051.67,2424.92
1735781520,2025-01-02 01:32:00+00:00,2051.71,2053.82,2050.56,2052.57,5692.09
1735781580,2025-01-02 01:33:00+00:00,2052.57,2054.2,2050.75,2053.52,1120.82
1735781640,2025-01-02 01:34:00+00:00,2053.51,2054.03,2051.77,2052.01,1844.0
1735781700,2025-01-02 01:35:00+00:00,2051.97,2052.38,2050.9,2051.76,1555.32
1735781760,2025-01-02 01:36:00+00:00,2051.75,2052.7,2049.03,2051.25,570.96
1735781820,2025-01-02 01:37:00+00:00,2051.22,2053.6,2050.53,2052.85,2816.73
1735781880,2025-01-02 01:38:00+00:00,2052.75,2053.71,2051.1,2053.16,2064.81
1735781940,2025-01-02 01:39:00+00:00,2053.23,2054.89,2051.25,2054.52,1059.21
1735782000,2025-01-02 01:40:00+00:00,2054.52,2054.86,2053.26,2054.11,981.46
1735782060,2025-01-02 01:41:00+00:00,2054.13,2055.39,2052.87,2053.91,704.28
1735782120,2025-01-02 01:42:00+00:00,2053.88,2056.64,2051.03,2054.48,823.05
1735782180,2025-01-02 01:43:00+00:00,2054.47,2055.72,2053.3,2055.04,1583.83
1735782240,2025-01-02 01:44:00+00:00,2055.05,2058.25,2054.64,2055.58,688.39
1735782300,2025-01-02 01:45:00+00:00,2055.56,2057.82,2053.62,2053.64,3301.32
1735782360,2025-01-02 01:46:00+00:00,2053.61,2054.04,2051.98,2052.2,3810.96
1735782420,2025-01-02 01:47:00+00:00,2052.19,2053.6,2048.24,2048.33,5746.39
1735782480,2025-01-02 01:48:00+00:00,2048.32,2049.37,2047.99,2048.72,1257.28
1735782540,2025-01-02 01:49:00+00:00,2048.75,2051.67,2048.1,2051.66,3052.41
1735782600,2025-01-02 01:50:00+00:00,2051.68,2051.87,2051.54,2051.66,1098.48
1735782660,2025-01-02 01:51:00+00:00,2051.68,2057.15,2051.37,2056.55,1397.77
1735782720,2025-01-02 01:52:00+00:00,2056.58,2058.03,2056.31,2057.54,2221.74
1735782780,2025-01-02 01:53:00+00:00,2057.53,2058.48,2053.53,2056.31,1657.97
1735782840,2025-01-02 01:54:00+00:00,2056.31,2058.14,2055.72,2057.18,983.69
1735782900,2025-01-02 01:55:00+00:00,2057.21,2057.51,2054.9,2055.04,1415.95
1735782960,2025-01-02 01:56:00+00:00,2055.02,2059.46,2052.31,2058.79,5599.18
1735783020,2025-01-02 01:57:00+00:00,2058.8,2059.2,2055.28,2056.57,2350.33
1735783080,2025-01-02 01:58:00+00:00,2056.56,2057.7,2056.23,2057.46,936.14
1735783140,2025-01-02 01:59:00+00:00,2057.42,2058.41,2056.49,2057.44,1491.86
1735783200,2025-01-02 02:00:00+00:00,2057.47,2057.91,2055.75,2055.87,2902.27
1735783260,2025-01-02 02:01:00+00:00,2055.89,2057.63,2050.86,2053.12,1362.4
1735783320,2025-01-02 02:02:00+00:00,2053.12,2055.12,2052.3,2054.36,1113.24
1735783380,2025-01-02 02:03:00+00:00,2054.36,2055.35,2051.88,2053.42,2101.25
1735783440,2025-01-02 02:04:00+00:00,2053.42,2054.16,2045.69,2052.82,1572.71
1735783500,2025-01-02 02:05:00+00:00,2052.8,2053.97,2051.7,2053.46,1613.81
1735783560,2025-01-02 02:06:00+00:00,2053.46,2057.72,2053.17,2055.73,2688.57
1735783620,2025-01-02 02:07:00+00:00,2055.69,2056.93,2055.51,2056.91,1970.54
1735783680,2025-01-02 02:08:00+00:00,2056.95,2058.29,2054.02,2054.54,2751.68
1735783740,2025-01-02 02:09:00+00:00,2054.59,2060.56,2054.07,2054.18,894.86
1735783800,2025-01-02 02:10:00+00:00,2054.22,2057.26,2050.36,2055.76,2525.46
1735783860,2025-01-02 02:11:00+00:00,2055.76,2056.48,2054.49,2054.86,4294.97
1735783920,2025-01-02 02:12:00+00:00,2054.83,2055.43,2053.53,2055.11,1625.28
1735783980,2025-01-02 02:13:00+00:00,2055.08,2056.38,2051.77,2053.99,808.44
1735784040,2025-01-02 02:14:00+00:00,2054.0,2055.71,2047.59,2054.59,1459.65
1735784100,2025-01-02 02:15:00+00:00,2054.58,2056.28,2053.61,2053.83,673.86
1735784160,2025-01-02 02:16:00+00:00,2053.87,2055.11,2049.43,2049.45,3188.1
1735784220,2025-01-02 02:17:00+00:00,2049.44,2049.56,2047.09,2048.22,4181.28
1735784280,2025-01-02 02:18:00+00:00,2048.22,2048.26,2046.67,2047.21,1175.38
1735784340,2025-01-02 02:19:00+00:00,2047.19,2048.26,2043.1,2045.42,2870.06
1735784400,2025-01-02 02:20:00+00:00,2045.39,2045.66,2044.41,2045.21,330.06
1735784460,2025-01-02 02:21:00+00:00,2045.22,2047.34,2042.35,2046.6,1461.71
1735784520,2025-01-02 02:22:00+00:00,2046.64,2049.03,2045.04,2048.26,3206.82
1735784580,2025-01-02 02:23:00+00:00,2048.23,2048.99,2045.55,2048.95,2479.43
1735784640,2025-01-02 02:24:00+00:00,2048.96,2049.05,2048.35,2048.56,1271.79
1735784700,2025-01-02 02:25:00+00:00,2048.57,2049.48,2045.27,2048.54,1631.14
1735784760,2025-01-02 02:26:00+00:00,2048.56,2049.78,2046.44,2049.34,2669.55
1735784820,2025-01-02 02:27:00+00:00,2049.32,2049.63,2047.68,2048.54,668.57
1735784880,2025-01-02 02:28:00+00:00,2048.53,2050.55,2048.2,2050.15,2864.95
1735784940,2025-01-02 02:29:00+00:00,2050.14,2051.46,2048.32,2048.54,1972.03
1735785000,2025-01-02 02:30:00+00:00,2048.6,2048.66,2047.98,2048.33,830.33
1735785060,2025-01-02 02:31:00+00:00,2048.32,2049.31,2046.39,2048.42,809.26
1735785120,2025-01-02 02:32:00+00:00,2048.42,2050.75,2047.14,2048.11,324.8
1735785180,2025-01-02 02:33:00+00:00,2048.13,2049.59,2045.56,2048.64,639.3
1735785240,2025-01-02 02:34:00+00:00,2048.66,2050.87,2047.57,2048.51,793.76
1735785300,2025-01-02 02:35:00+00:00,2048.53,2050.25,2048.31,2049.3,1842.14
1735785360,2025-01-02 02:36:00+00:00,2049.26,2050.44,2047.98,2048.99,1820.78
1735785420,2025-01-02 02:37:00+00:00,2048.95,2050.09,2046.53,2047.59,1910.65
1735785480,2025-01-02 02:38:00+00:00,2047.61,2047.82,2046.24,2046.81,1688.02
1735785540,2025-01-02 02:39:00+00:00,2046.77,2048.49,2046.33,2047.29,702.44
1735785600,2025-01-02 02:40:00+00:00,2047.25,2049.19,2046.07,2048.84,1474.32
1735785660,2025-01-02 02:41:00+00:00,2048.84,2049.84,2048.32,2049.5,2283.27
1735785720,2025-01-02 02:42:00+00:00,2049.5,2051.32,2049.14,2051.13,3593.15
1735785780,2025-01-02 02:43:00+00:00,2051.1,2056.41,2050.89,2055.82,5585.0
1735785840,2025-01-02 02:44:00+00:00,2055.78,2057.91,2055.69,2056.46,1033.42
1735785900,2025-01-02 02:45:00+00:00,2056.43,2057.64,2055.59,2056.06,2086.4
1735785960,2025-01-02 02:46:00+00:00,2056.07,2058.73,2056.0,2058.43,1559.95
1735786020,2025-01-02 02:47:00+00:00,2058.4,2061.16,2057.67,2057.74,840.22
1735786080,2025-01-02 02:48:00+00:00,2057.7,2057.88,2054.17,2056.08,4369.53
1735786140,2025-01-02 02:49:00+00:00,2056.07,2056.66,2054.69,2054.8,2365.02
1735786200,2025-01-02 02:50:00+00:00,2054.82,2057.06,2053.11,2056.68,2014.3
1735786260,2025-01-02 02:51:00+00:00,2056.68,2056.91,2055.56,2056.8,782.93
1735786320,2025-01-02 02:52:00+00:00,2056.76,2058.72,2055.33,2055.58,891.68
1735786380,2025-01-02 02:53:00+00:00,2055.59,2059.83,2053.09,2057.33,2004.4
1735786440,2025-01-02 02:54:00+00:00,2057.37,2058.54,2055.81,2058.41,7877.99
1735786500,2025-01-02 02:55:00+00:00,2058.39,2060.68,2056.93,2059.21,1398.22
1735786560,2025-01-02 02:56:00+00:00,2059.18,2062.08,2059.17,2060.2,944.22
1735786620,2025-01-02 02:57:00+00:00,2060.2,2061.11,2059.44,2060.51,1903.24
1735786680,2025-01-02 02:58:00+00:00,2060.51,2062.67,2058.88,2059.02,3016.15
1735786740,2025-01-02 02:59:00+00:00,2059.0,2059.3,2057.54,2057.68,1886.26
1735786800,2025-01-02 03:00:00+00:00,2057.7,2057.83,2054.93,2055.15,2270.23
1735786860,2025-01-02 03:01:00+00:00,2055.17,2057.12,2052.39,2056.51,1808.54
1735786920,2025-01-02 03:02:00+00:00,2056.5,2057.19,2056.07,2056.74,945.11
1735786980,2025-01-02 03:03:00+00:00,2056.74,2056.86,2055.52,2055.59,1661.73
1735787040,2025-01-02 03:04:00+00:00,2055.59,2056.39,2054.13,2055.23,1983.51
1735787100,2025-01-02 03:05:00+00:00,2055.29,2055.48,2053.09,2053.95,1629.5
1735787160,2025-01-02 03:06:00+00:00,2053.95,2055.12,2053.45,2053.46,943.87
1735787220,2025-01-02 03:07:00+00:00,2053.49,2054.47,2052.62,2052.96,2271.19
1735787280,2025-01-02 03:08:00+00:00,2052.98,2053.68,2052.77,2053.67,413.09
1735787340,2025-01-02 03:09:00+00:00,2053.65,2055.03,2053.02,2053.45,1363.86
1735787400,2025-01-02 03:10:00+00:00,2053.43,2053.67,2051.2,2052.95,1067.43
1735787460,2025-01-02 03:11:00+00:00,2052.95,2053.23,2049.38,2050.22,3536.18
1735787520,2025-01-02 03:12:00+00:00,2050.26,2051.21,2049.25,2050.96,440.57
1735787580,2025-01-02 03:13:00+00:00,2050.93,2054.09,2049.87,2052.13,1698.99
1735787640,2025-01-02 03:14:00+00:00,2052.12,2052.66,2049.8,2050.57,1352.44
1735787700,2025-01-02 03:15:00+00:00,2050.55,2051.35,2049.62,2050.64,3155.87
1735787760,2025-01-02 03:16:00+00:00,2050.68,2055.1,2050.04,2053.38,2992.28
1735787820,2025-01-02 03:17:00+00:00,2053.38,2056.13,2052.23,2055.82,1570.47
1735787880,2025-01-02 03:18:00+00:00,2055.83,2056.0,2054.55,2055.58,2662.59
1735787940,2025-01-02 03:19:00+00:00,2055.53,2055.61,2052.21,2054.48,1245.75
1735788000,2025-01-02 03:20:00+00:00,2054.5,2057.19,2054.47,2054.72,869.87
1735788060,2025-01-02 03:21:00+00:00,2054.74,2055.82,2052.35,2053.34,964.67
1735788120,2025-01-02 03:22:00+00:00,2053.35,2054.48,2051.39,2051.91,2101.79
1735788180,2025-01-02 03:23:00+00:00,2051.95,2051.97,2050.84,2051.04,1775.49
1735788240,2025-01-02 03:24:00+00:00,2051.02,2051.07,2047.29,2048.82,1625.64
1735788300,2025-01-02 03:25:00+00:00,2048.82,2050.46,2047.32,2050.05,1135.54
1735788360,2025-01-02 03:26:00+00:00,2050.02,2052.68,2049.22,2051.48,959.74
1735788420,2025-01-02 03:27:00+00:00,2051.52,2051.94,2050.42,2051.19,1122.13
1735788480,2025-01-02 03:28:00+00:00,2051.21,2052.86,2047.28,2050.92,1070.46
1735788540,2025-01-02 03:29:00+00:00,2050.93,2051.08,2049.65,2050.8,1961.94
1735788600,2025-01-02 03:30:00+00:00,2050.78,2052.53,2050.56,2051.13,1448.99
1735788660,2025-01-02 03:31:00+00:00,2051.08,2051.31,2050.23,2050.53,2633.58
1735788720,2025-01-02 03:32:00+00:00,2050.45,2051.88,2048.39,2050.88,1675.21
1735788780,2025-01-02 03:33:00+00:00,2050.9,2052.0,2050.54,2050.86,2318.19
1735788840,2025-01-02 03:34:00+00:00,2050.87,2052.96,2049.79,2050.44,2048.74
1735788900,2025-01-02 03:35:00+00:00,2050.48,2052.42,2050.42,2051.51,2230.81
1735788960,2025-01-02 03:36:00+00:00,2051.54,2051.83,2048.77,2051.3,2694.97
1735789020,2025-01-02 03:37:00+00:00,2051.28,2053.37,2050.89,2053.09,6357.82
1735789080,2025-01-02 03:38:00+00:00,2053.13,2054.27,2050.35,2054.24,1811.89
1735789140,2025-01-02 03:39:00+00:00,2054.21,2057.35,2051.77,2055.64,3592.91
1735789200,2025-01-02 03:40:00+00:00,2055.66,2055.66,2049.66,2053.3,3667.62
1735789260,2025-01-02 03:41:00+00:00,2053.31,2054.07,2053.01,2053.77,3454.63
1735789320,2025-01-02 03:42:00+00:00,2053.77,2054.36,2051.51,2051.74,2872.18
1735789380,2025-01-02 03:43:00+00:00,2051.69,2051.8,2050.59,2050.92,1467.38
1735789440,2025-01-02 03:44:00+00:00,2050.93,2054.92,2049.51,2053.63,5298.4
1735789500,2025-01-02 03:45:00+00:00,2053.64,2054.43,2052.32,2053.51,758.09
1735789560,2025-01-02 03:46:00+00:00,2053.5,2055.4,2052.79,2054.76,1673.7
1735789620,2025-01-02 03:47:00+00:00,2054.73,2057.51,2051.98,2055.26,1371.51
1735789680,2025-01-02 03:48:00+00:00,2055.23,2057.08,2053.81,2056.48,1209.57
1735789740,2025-01-02 03:49:00+00:00,2056.45,2057.24,2054.15,2057.06,1118.68
1735789800,2025-01-02 03:50:00+00:00,2057.09,2059.53,2055.88,2059.44,2386.9
1735789860,2025-01-02 03:51:00+00:00,2059.43,2063.06,2059.33,2059.49,1026.98
1735789920,2025-01-02 03:52:00+00:00,2059.53,2061.77,2056.43,2060.28,789.32
1735789980,2025-01-02 03:53:00+00:00,2060.25,2062.12,2059.24,2061.1,621.58
1735790040,2025-01-02 03:54:00+00:00,2061.11,2065.24,2060.42,2063.44,3436.45
1735790100,2025-01-02 03:55:00+00:00,2063.48,2066.63,2062.1,2066.46,3018.24
1735790160,2025-01-02 03:56:00+00:00,2066.44,2067.24,2065.77,2066.38,819.16
1735790220,2025-01-02 03:57:00+00:00,2066.44,2066.65,2058.96,2064.07,1027.12
1735790280,2025-01-02 03:58:00+00:00,2064.08,2064.6,2062.46,2062.63,1132.21
1735790340,2025-01-02 03:59:00+00:00,2062.64,2063.01,2059.29,2060.92,2448.2
1735790400,2025-01-02 04:00:00+00:00,2060.91,2062.44,2056.12,2056.7,6242.11
1735790460,2025-01-02 04:01:00+00:00,2056.69,2057.48,2055.19,2055.65,1450.13
1735790520,2025-01-02 04:02:00+00:00,2055.64,2056.79,2053.22,2054.14,1601.66
1735790580,2025-01-02 04:03:00+00:00,2054.14,2054.98,2053.18,2054.14,763.48
1735790640,2025-01-02 04:04:00+00:00,2054.11,2054.34,2052.06,2053.44,2796.78
1735790700,2025-01-02 04:05:00+00:00,2053.4,2054.25,2051.88,2052.75,1493.18
1735790760,2025-01-02 04:06:00+00:00,2052.76,2054.94,2051.23,2051.42,1209.49
1735790820,2025-01-02 04:07:00+00:00,2051.44,2053.15,2049.45,2049.8,886.18
1735790880,2025-01-02 04:08:00+00:00,2049.8,2051.15,2045.28,2049.37,2688.21
1735790940,2025-01-02 04:09:00+00:00,2049.39,2051.24,2047.19,2051.07,1739.53
1735791000,2025-01-02 04:10:00+00:00,2051.06,2051.75,2049.24,2050.15,1682.44
1735791060,2025-01-02 04:11:00+00:00,2050.12,2056.63,2048.71,2049.13,1214.77
1735791120,2025-01-02 04:12:00+00:00,2049.11,2049.21,2047.68,2048.36,2632.3
1735791180,2025-01-02 04:13:00+00:00,2048.3,2048.44,2045.57,2047.37,681.48
1735791240,2025-01-02 04:14:00+00:00,2047.27,2048.26,2045.32,2046.11,2383.99
1735791300,2025-01-02 04:15:00+00:00,2046.15,2046.6,2043.64,2044.78,3985.62
1735791360,2025-01-02 04:16:00+00:00,2044.8,2046.54,2044.02,2046.32,2088.88
1735791420,2025-01-02 04:17:00+00:00,2046.28,2047.52,2045.7,2045.77,915.16
1735791480,2025-01-02 04:18:00+00:00,2045.8,2046.87,2045.59,2046.5,1708.87
1735791540,2025-01-02 04:19:00+00:00,2046.49,2048.74,2045.72,2046.85,1903.76
1735791600,2025-01-02 04:20:00+00:00,2046.88,2048.61,2043.71,2044.69,3259.9
1735791660,2025-01-02 04:21:00+00:00,2044.67,2045.99,2042.81,2044.48,541.63
1735791720,2025-01-02 04:22:00+00:00,2044.51,2047.41,2042.79,2044.22,1170.51
1735791780,2025-01-02 04:23:00+00:00,2044.23,2046.49,2041.72,2046.39,5885.94
1735791840,2025-01-02 04:24:00+00:00,2046.37,2048.36,2044.03,2044.23,3426.0
1735791900,2025-01-02 04:25:00+00:00,2044.27,2046.44,2043.5,2044.84,1529.83
1735791960,2025-01-02 04:26:00+00:00,2044.79,2045.25,2043.6,2044.29,1891.87
1735792020,2025-01-02 04:27:00+00:00,2044.26,2045.12,2041.32,2042.43,4271.56
1735792080,2025-01-02 04:28:00+00:00,2042.36,2042.74,2041.05,2041.14,3611.04
1735792140,2025-01-02 04:29:00+00:00,2041.17,2041.29,2039.63,2039.94,3875.19
1735792200,2025-01-02 04:30:00+00:00,2039.96,2042.02,2038.79,2041.75,1763.94
1735792260,2025-01-02 04:31:00+00:00,2041.73,2042.27,2038.54,2041.35,1266.38
1735792320,2025-01-02 04:32:00+00:00,2041.37,2041.6,2040.02,2040.69,4526.73
1735792380,2025-01-02 04:33:00+00:00,2040.69,2041.34,2039.29,2040.36,1821.14
1735792440,2025-01-02 04:34:00+00:00,2040.29,2041.28,2040.29,2041.23,2636.39
1735792500,2025-01-02 04:35:00+00:00,2041.22,2049.31,2039.91,2044.42,2956.59
1735792560,2025-01-02 04:36:00+00:00,2044.43,2044.87,2042.05,2042.84,1252.59
1735792620,2025-01-02 04:37:00+00:00,2042.85,2044.22,2040.7,2043.31,1339.97
1735792680,2025-01-02 04:38:00+00:00,2043.25,2044.97,2042.27,2042.42,724.77
1735792740,2025-01-02 04:39:00+00:00,2042.42,2046.26,2042.3,2045.36,2127.58
1735792800,2025-01-02 04:40:00+00:00,2045.36,2045.38,2044.41,2044.72,2123.52
1735792860,2025-01-02 04:41:00+00:00,2044.77,2047.58,2041.84,2042.33,464.72
1735792920,2025-01-02 04:42:00+00:00,2042.26,2047.05,2041.92,2043.67,2724.01
1735792980,2025-01-02 04:43:00+00:00,2043.64,2044.66,2043.16,2043.86,2414.48
1735793040,2025-01-02 04:44:00+00:00,2043.88,2044.75,2043.03,2044.73,1714.72
1735793100,2025-01-02 04:45:00+00:00,2044.76,2051.12,2044.56,2047.09,2826.71
1735793160,2025-01-02 04:46:00+00:00,2047.07,2048.61,2046.2,2047.86,814.46
1735793220,2025-01-02 04:47:00+00:00,2047.91,2051.13,2047.45,2049.55,2485.93
1735793280,2025-01-02 04:48:00+00:00,2049.52,2052.21,2048.47,2051.37,3225.32
1735793340,2025-01-02 04:49:00+00:00,2051.37,2054.33,2049.81,2053.98,4838.82
1735793400,2025-01-02 04:50:00+00:00,2053.98,2055.19,2053.38,2053.51,2141.87
1735793460,2025-01-02 04:51:00+00:00,2053.52,2056.65,2052.2,2053.65,1662.15
1735793520,2025-01-02 04:52:00+00:00,2053.67,2054.88,2053.09,2053.77,1258.0
1735793580,2025-01-02 04:53:00+00:00,2053.8,2053.8,2052.76,2053.44,1708.19
1735793640,2025-01-02 04:54:00+00:00,2053.42,2053.87,2050.64,2050.85,1887.93
1735793700,2025-01-02 04:55:00+00:00,2050.89,2050.93,2049.47,2050.23,2794.75
1735793760,2025-01-02 04:56:00+00:00,2050.26,2050.85,2049.54,2050.68,1001.36
1735793820,2025-01-02 04:57:00+00:00,2050.76,2051.12,2050.43,2050.97,1380.98
1735793880,2025-01-02 04:58:00+00:00,2050.99,2051.25,2049.62,2050.22,2857.02
1735793940,2025-01-02 04:59:00+00:00,2050.17,2050.68,2049.43,2050.49,2503.62
1735794000,2025-01-02 05:00:00+00:00,2050.45,2051.29,2049.56,2050.39,633.58
1735794060,2025-01-02 05:01:00+00:00,2050.43,2052.32,2047.05,2048.59,2775.4
1735794120,2025-01-02 05:02:00+00:00,2048.57,2053.14,2044.73,2051.46,3927.35
1735794180,2025-01-02 05:03:00+00:00,2051.46,2052.88,2048.69,2049.51,4237.04
1735794240,2025-01-02 05:04:00+00:00,2049.46,2049.51,2046.0,2047.41,3018.22
1735794300,2025-01-02 05:05:00+00:00,2047.38,2047.59,2046.12,2046.31,997.31
1735794360,2025-01-02 05:06:00+00:00,2046.28,2046.56,2043.91,2044.12,3184.4
1735794420,2025-01-02 05:07:00+00:00,2044.17,2047.86,2043.75,2047.39,2643.21
1735794480,2025-01-02 05:08:00+00:00,2047.41,2047.76,2045.41,2046.19,2226.73
1735794540,2025-01-02 05:09:00+00:00,2046.19,2046.28,2044.28,2045.18,1857.15
1735794600,2025-01-02 05:10:00+00:00,2045.15,2045.33,2042.25,2044.91,480.02
1735794660,2025-01-02 05:11:00+00:00,2044.97,2047.14,2044.4,2044.92,757.33
1735794720,2025-01-02 05:12:00+00:00,2044.85,2046.39,2044.02,2045.96,1681.86
1735794780,2025-01-02 05:13:00+00:00,2045.94,2046.57,2043.9,2044.31,2817.84
1735794840,2025-01-02 05:14:00+00:00,2044.32,2044.77,2042.63,2043.15,1433.21
1735794900,2025-01-02 05:15:00+00:00,2043.19,2045.48,2041.12,2045.23,490.03
1735794960,2025-01-02 05:16:00+00:00,2045.25,2048.87,2045.14,2046.52,1552.7
1735795020,2025-01-02 05:17:00+00:00,2046.53,2047.59,2046.37,2047.1,1112.15
1735795080,2025-01-02 05:18:00+00:00,2047.09,2047.38,2041.45,2045.27,1971.56
1735795140,2025-01-02 05:19:00+00:00,2045.24,2045.66,2042.92,2043.44,1723.8
1735795200,2025-01-02 05:20:00+00:00,2043.45,2043.49,2039.53,2042.86,1315.74
1735795260,2025-01-02 05:21:00+00:00,2042.84,2042.86,2041.52,2042.43,961.8
1735795320,2025-01-02 05:22:00+00:00,2042.4,2043.81,2041.49,2042.23,533.56
1735795380,2025-01-02 05:23:00+00:00,2042.25,2044.66,2039.28,2041.36,2051.59
1735795440,2025-01-02 05:24:00+00:00,2041.34,2041.5,2040.87,2040.87,2752.75
1735795500,2025-01-02 05:25:00+00:00,2040.82,2041.99,2040.16,2041.39,1016.49
1735795560,2025-01-02 05:26:00+00:00,2041.43,2041.74,2039.47,2041.28,1100.76
1735795620,2025-01-02 05:27:00+00:00,2041.25,2041.92,2039.66,2040.13,1583.98
1735795680,2025-01-02 05:28:00+00:00,2040.12,2041.7,2039.91,2041.55,4070.34
1735795740,2025-01-02 05:29:00+00:00,2041.53,2042.67,2040.94,2041.18,638.92
1735795800,2025-01-02 05:30:00+00:00,2041.19,2043.3,2037.81,2043.03,2532.48
1735795860,2025-01-02 05:31:00+00:00,2043.08,2043.52,2040.89,2041.07,1843.81
1735795920,2025-01-02 05:32:00+00:00,2041.08,2042.25,2037.21,2038.88,2341.97
1735795980,2025-01-02 05:33:00+00:00,2038.9,2040.59,2037.55,2037.7,960.45
1735796040,2025-01-02 05:34:00+00:00,2037.68,2037.89,2036.02,2037.11,1008.21
1735796100,2025-01-02 05:35:00+00:00,2037.08,2039.82,2036.1,2039.79,2491.93
1735796160,2025-01-02 05:36:00+00:00,2039.79,2041.39,2038.09,2039.55,1866.1
1735796220,2025-01-02 05:37:00+00:00,2039.57,2039.94,2036.19,2037.44,2601.82
1735796280,2025-01-02 05:38:00+00:00,2037.44,2040.59,2037.14,2040.02,2456.66
1735796340,2025-01-02 05:39:00+00:00,2040.07,2040.61,2039.66,2040.56,834.27
1735796400,2025-01-02 05:40:00+00:00,2040.55,2040.59,2039.76,2039.94,710.28
1735796460,2025-01-02 05:41:00+00:00,2039.9,2043.49,2039.19,2043.24,4134.63
1735796520,2025-01-02 05:42:00+00:00,2043.25,2044.89,2038.36,2044.67,1850.71
1735796580,2025-01-02 05:43:00+00:00,2044.67,2045.77,2043.52,2045.41,1273.45
1735796640,2025-01-02 05:44:00+00:00,2045.4,2047.86,2044.11,2044.97,1344.01
1735796700,2025-01-02 05:45:00+00:00,2044.94,2045.77,2042.59,2043.45,2646.26
1735796760,2025-01-02 05:46:00+00:00,2043.47,2043.99,2041.63,2042.48,2233.17
1735796820,2025-01-02 05:47:00+00:00,2042.5,2043.36,2042.27,2043.13,1367.12
1735796880,2025-01-02 05:48:00+00:00,2043.12,2043.21,2041.0,2042.28,1168.77
1735796940,2025-01-02 05:49:00+00:00,2042.32,2042.46,2040.04,2040.24,4252.06
1735797000,2025-01-02 05:50:00+00:00,2040.23,2042.45,2038.19,2038.73,1218.51
1735797060,2025-01-02 05:51:00+00:00,2038.76,2041.89,2038.75,2039.91,1992.4
1735797120,2025-01-02 05:52:00+00:00,2039.9,2041.45,2037.76,2038.25,1802.99
1735797180,2025-01-02 05:53:00+00:00,2038.21,2040.71,2033.62,2034.08,4841.03
1735797240,2025-01-02 05:54:00+00:00,2034.06,2034.08,2031.35,2034.0,1098.24
1735797300,2025-01-02 05:55:00+00:00,2034.06,2035.87,2033.51,2034.87,1085.02
1735797360,2025-01-02 05:56:00+00:00,2034.84,2036.98,2033.22,2035.41,705.15
1735797420,2025-01-02 05:57:00+00:00,2035.43,2040.96,2032.73,2037.78,2117.31
1735797480,2025-01-02 05:58:00+00:00,2037.78,2038.68,2037.65,2038.42,1382.57
1735797540,2025-01-02 05:59:00+00:00,2038.42,2043.56,2037.92,2041.17,5339.16
1735797600,2025-01-02 06:00:00+00:00,2041.15,2043.9,2040.35,2040.36,1096.07
1735797660,2025-01-02 06:01:00+00:00,2040.34,2042.3,2038.72,2041.68,3121.3
1735797720,2025-01-02 06:02:00+00:00,2041.66,2042.17,2041.13,2041.98,1188.9
1735797780,2025-01-02 06:03:00+00:00,2041.97,2043.02,2041.9,2042.85,1113.94
1735797840,2025-01-02 06:04:00+00:00,2042.81,2043.25,2041.11,2041.6,2007.21
1735797900,2025-01-02 06:05:00+00:00,2041.61,2042.96,2040.62,2041.15,451.38
1735797960,2025-01-02 06:06:00+00:00,2041.14,2042.24,2039.23,2039.87,3121.64
1735798020,2025-01-02 06:07:00+00:00,2039.88,2041.63,2039.46,2041.4,3852.29
1735798080,2025-01-02 06:08:00+00:00,2041.41,2042.31,2036.38,2042.09,839.24
1735798140,2025-01-02 06:09:00+00:00,2042.09,2043.37,2041.78,2042.66,2440.81
1735798200,2025-01-02 06:10:00+00:00,2042.68,2044.98,2042.48,2044.1,1716.23
1735798260,2025-01-02 06:11:00+00:00,2044.12,2044.55,2043.02,2043.08,1263.95
1735798320,2025-01-02 06:12:00+00:00,2043.14,2045.12,2039.77,2045.07,2733.15
1735798380,2025-01-02 06:13:00+00:00,2045.1,2045.38,2042.9,2043.9,873.86
1735798440,2025-01-02 06:14:00+00:00,2043.93,2046.22,2043.91,2046.17,4050.19
1735798500,2025-01-02 06:15:00+00:00,2046.19,2046.62,2041.22,2044.02,1356.5
1735798560,2025-01-02 06:16:00+00:00,2044.03,2044.17,2042.61,2043.37,1707.0
1735798620,2025-01-02 06:17:00+00:00,2043.36,2043.56,2041.88,2042.62,2459.21
1735798680,2025-01-02 06:18:00+00:00,2042.62,2044.51,2040.75,2042.56,648.93
1735798740,2025-01-02 06:19:00+00:00,2042.53,2043.21,2040.02,2041.14,811.3
1735798800,2025-01-02 06:20:00+00:00,2041.18,2046.2,2040.64,2043.6,1793.7
1735798860,2025-01-02 06:21:00+00:00,2043.51,2043.66,2041.31,2042.21,1861.95
1735798920,2025-01-02 06:22:00+00:00,2042.23,2044.74,2041.31,2044.37,1676.43
1735798980,2025-01-02 06:23:00+00:00,2044.44,2044.85,2042.79,2042.86,2867.79
1735799040,2025-01-02 06:24:00+00:00,2042.83,2044.24,2040.04,2042.03,1836.38
1735799100,2025-01-02 06:25:00+00:00,2042.01,2047.96,2040.61,2044.01,3855.11
1735799160,2025-01-02 06:26:00+00:00,2044.0,2044.53,2042.08,2042.48,2193.53
1735799220,2025-01-02 06:27:00+00:00,2042.47,2048.19,2041.51,2043.64,1216.39
1735799280,2025-01-02 06:28:00+00:00,2043.62,2044.22,2041.82,2041.92,1747.22
1735799340,2025-01-02 06:29:00+00:00,2041.93,2042.11,2038.19,2039.21,5772.76
1735799400,2025-01-02 06:30:00+00:00,2039.15,2039.81,2039.11,2039.75,1296.24
1735799460,2025-01-02 06:31:00+00:00,2039.71,2041.01,2038.37,2040.45,689.45
1735799520,2025-01-02 06:32:00+00:00,2040.48,2043.22,2040.37,2042.2,2508.21
1735799580,2025-01-02 06:33:00+00:00,2042.18,2045.44,2041.4,2043.62,600.97
1735799640,2025-01-02 06:34:00+00:00,2043.64,2044.8,2042.46,2043.53,2719.97
1735799700,2025-01-02 06:35:00+00:00,2043.55,2045.18,2042.52,2043.44,904.15
1735799760,2025-01-02 06:36:00+00:00,2043.48,2043.5,2040.11,2042.33,827.47
1735799820,2025-01-02 06:37:00+00:00,2042.39,2042.75,2038.39,2040.19,2296.68
1735799880,2025-01-02 06:38:00+00:00,2040.15,2045.14,2039.61,2044.74,5004.15
1735799940,2025-01-02 06:39:00+00:00,2044.8,2046.18,2044.56,2045.52,1474.04
1735800000,2025-01-02 06:40:00+00:00,2045.49,2048.22,2044.96,2045.95,468.29
1735800060,2025-01-02 06:41:00+00:00,2045.95,2046.76,2041.33,2046.48,740.51
1735800120,2025-01-02 06:42:00+00:00,2046.42,2048.62,2045.49,2048.12,1204.16
1735800180,2025-01-02 06:43:00+00:00,2048.08,2048.69,2046.29,2047.33,797.85
1735800240,2025-01-02 06:44:00+00:00,2047.35,2047.39,2043.83,2047.03,730.52
1735800300,2025-01-02 06:45:00+00:00,2047.05,2049.44,2046.72,2049.4,3604.7
1735800360,2025-01-02 06:46:00+00:00,2049.44,2049.49,2049.36,2049.48,682.97
1735800420,2025-01-02 06:47:00+00:00,2049.5,2050.52,2048.66,2050.14,1879.72
1735800480,2025-01-02 06:48:00+00:00,2050.16,2050.93,2047.82,2048.81,2179.51
1735800540,2025-01-02 06:49:00+00:00,2048.78,2048.85,2044.13,2048.25,5256.8
1735800600,2025-01-02 06:50:00+00:00,2048.21,2048.7,2047.16,2047.37,2361.17
1735800660,2025-01-02 06:51:00+00:00,2047.35,2048.95,2047.09,2047.82,1476.03
1735800720,2025-01-02 06:52:00+00:00,2047.86,2051.37,2045.21,2046.47,1798.09
1735800780,2025-01-02 06:53:00+00:00,2046.45,2047.34,2042.55,2045.02,2690.54
1735800840,2025-01-02 06:54:00+00:00,2045.01,2049.0,2043.97,2047.73,1635.86
1735800900,2025-01-02 06:55:00+00:00,2047.73,2048.41,2046.89,2047.76,556.11
1735800960,2025-01-02 06:56:00+00:00,2047.76,2047.99,2046.66,2046.68,1424.73
1735801020,2025-01-02 06:57:00+00:00,2046.64,2047.35,2046.61,2047.32,2613.43
1735801080,2025-01-02 06:58:00+00:00,2047.3,2048.72,2046.94,2047.76,965.98
1735801140,2025-01-02 06:59:00+00:00,2047.77,2047.98,2047.04,2047.48,758.23
1735801200,2025-01-02 07:00:00+00:00,2047.47,2048.42,2046.46,2047.28,1157.21
1735801260,2025-01-02 07:01:00+00:00,2047.22,2048.13,2045.73,2046.44,2539.76
1735801320,2025-01-02 07:02:00+00:00,2046.46,2047.9,2043.94,2045.53,945.19
1735801380,2025-01-02 07:03:00+00:00,2045.54,2048.53,2043.67,2043.94,1334.81
1735801440,2025-01-02 07:04:00+00:00,2043.91,2045.23,2043.45,2044.17,907.6
1735801500,2025-01-02 07:05:00+00:00,2044.16,2045.96,2040.03,2042.87,1792.89
1735801560,2025-01-02 07:06:00+00:00,2042.83,2044.84,2042.66,2044.72,910.04
1735801620,2025-01-02 07:07:00+00:00,2044.69,2044.97,2043.95,2044.79,1686.92
1735801680,2025-01-02 07:08:00+00:00,2044.8,2045.43,2041.68,2041.94,3710.7
1735801740,2025-01-02 07:09:00+00:00,2041.89,2044.88,2041.54,2042.73,870.68
1735801800,2025-01-02 07:10:00+00:00,2042.68,2044.05,2039.17,2039.48,7175.25
1735801860,2025-01-02 07:11:00+00:00,2039.47,2040.16,2036.36,2037.62,4613.11
1735801920,2025-01-02 07:12:00+00:00,2037.62,2038.48,2031.9,2037.87,1356.86
1735801980,2025-01-02 07:13:00+00:00,2037.88,2041.15,2036.86,2037.28,1713.4
1735802040,2025-01-02 07:14:00+00:00,2037.31,2039.87,2036.65,2038.2,1193.4
1735802100,2025-01-02 07:15:00+00:00,2038.22,2042.17,2037.95,2039.7,1769.83
1735802160,2025-01-02 07:16:00+00:00,2039.73,2040.01,2038.1,2039.69,483.68
1735802220,2025-01-02 07:17:00+00:00,2039.68,2046.18,2037.49,2040.22,2242.14
1735802280,2025-01-02 07:18:00+00:00,2040.21,2040.63,2039.67,2040.56,1556.89
1735802340,2025-01-02 07:19:00+00:00,2040.52,2041.06,2039.49,2040.66,737.33
1735802400,2025-01-02 07:20:00+00:00,2040.63,2043.89,2039.91,2042.15,2672.81
1735802460,2025-01-02 07:21:00+00:00,2042.13,2046.28,2040.31,2043.79,2583.59
1735802520,2025-01-02 07:22:00+00:00,2043.81,2043.98,2042.4,2043.9,891.76
1735802580,2025-01-02 07:23:00+00:00,2043.91,2044.74,2040.01,2042.15,2426.42
1735802640,2025-01-02 07:24:00+00:00,2042.21,2043.72,2041.9,2043.63,2160.93
1735802700,2025-01-02 07:25:00+00:00,2043.66,2045.32,2040.83,2042.45,2208.17
1735802760,2025-01-02 07:26:00+00:00,2042.43,2043.93,2040.9,2041.61,2310.58
1735802820,2025-01-02 07:27:00+00:00,2041.61,2043.46,2041.55,2042.11,635.33
1735802880,2025-01-02 07:28:00+00:00,2042.13,2044.03,2041.98,2043.98,1272.22
1735802940,2025-01-02 07:29:00+00:00,2043.99,2045.13,2043.75,2045.1,576.41
1735803000,2025-01-02 07:30:00+00:00,2045.07,2046.1,2044.59,2044.59,2077.87
1735803060,2025-01-02 07:31:00+00:00,2044.61,2045.09,2044.01,2044.63,224.32
1735803120,2025-01-02 07:32:00+00:00,2044.64,2046.93,2041.39,2043.84,1212.23
1735803180,2025-01-02 07:33:00+00:00,2043.84,2047.55,2043.66,2045.6,1335.23
1735803240,2025-01-02 07:34:00+00:00,2045.59,2048.0,2045.21,2047.93,3068.83
1735803300,2025-01-02 07:35:00+00:00,2047.9,2048.77,2044.77,2047.19,1686.8
1735803360,2025-01-02 07:36:00+00:00,2047.27,2047.95,2046.28,2046.32,3405.85
1735803420,2025-01-02 07:37:00+00:00,2046.28,2048.58,2044.43,2044.73,6281.81
1735803480,2025-01-02 07:38:00+00:00,2044.72,2045.48,2044.68,2045.46,2294.69
1735803540,2025-01-02 07:39:00+00:00,2045.47,2047.48,2045.03,2046.9,2017.04
1735803600,2025-01-02 07:40:00+00:00,2046.92,2047.17,2044.94,2046.85,472.4
1735803660,2025-01-02 07:41:00+00:00,2046.83,2047.53,2045.97,2046.22,1328.8
1735803720,2025-01-02 07:42:00+00:00,2046.23,2046.96,2045.18,2045.46,2256.1
1735803780,2025-01-02 07:43:00+00:00,2045.43,2047.22,2041.42,2043.73,2348.11
1735803840,2025-01-02 07:44:00+00:00,2043.72,2044.8,2043.15,2043.64,2860.54
1735803900,2025-01-02 07:45:00+00:00,2043.65,2044.04,2043.23,2044.0,1704.02
1735803960,2025-01-02 07:46:00+00:00,2044.04,2044.86,2040.14,2042.93,562.94
1735804020,2025-01-02 07:47:00+00:00,2042.9,2043.34,2042.67,2043.03,1697.14
1735804080,2025-01-02 07:48:00+00:00,2043.01,2044.19,2041.06,2043.66,733.64
1735804140,2025-01-02 07:49:00+00:00,2043.64,2043.68,2043.0,2043.13,689.31
1735804200,2025-01-02 07:50:00+00:00,2043.09,2044.34,2041.06,2044.11,2713.94
1735804260,2025-01-02 07:51:00+00:00,2044.08,2044.11,2041.54,2042.32,2453.19
1735804320,2025-01-02 07:52:00+00:00,2042.29,2044.1,2039.51,2040.22,2497.25
1735804380,2025-01-02 07:53:00+00:00,2040.27,2040.94,2039.68,2040.59,2166.58
1735804440,2025-01-02 07:54:00+00:00,2040.59,2042.89,2039.95,2040.18,3184.86
1735804500,2025-01-02 07:55:00+00:00,2040.18,2040.95,2040.11,2040.91,1623.4
1735804560,2025-01-02 07:56:00+00:00,2040.9,2041.74,2040.73,2040.84,2003.56
1735804620,2025-01-02 07:57:00+00:00,2040.88,2042.81,2040.03,2042.38,1656.95
1735804680,2025-01-02 07:58:00+00:00,2042.37,2042.99,2040.77,2040.87,1458.83
1735804740,2025-01-02 07:59:00+00:00,2040.87,2040.94,2039.48,2040.84,1076.94
1735804800,2025-01-02 08:00:00+00:00,2040.82,2042.6,2040.07,2041.17,447.86
1735804860,2025-01-02 08:01:00+00:00,2041.09,2043.68,2040.28,2041.91,2100.47
1735804920,2025-01-02 08:02:00+00:00,2041.93,2043.82,2041.82,2043.56,2641.27
1735804980,2025-01-02 08:03:00+00:00,2043.51,2045.29,2041.57,2041.64,4178.91
1735805040,2025-01-02 08:04:00+00:00,2041.68,2042.39,2040.38,2042.37,1338.48
1735805100,2025-01-02 08:05:00+00:00,2042.37,2042.84,2040.59,2040.97,2199.74
1735805160,2025-01-02 08:06:00+00:00,2040.99,2041.05,2035.23,2038.78,2110.53
1735805220,2025-01-02 08:07:00+00:00,2038.74,2041.24,2038.33,2038.64,336.99
1735805280,2025-01-02 08:08:00+00:00,2038.7,2041.33,2037.86,2040.91,3133.97
1735805340,2025-01-02 08:09:00+00:00,2040.91,2043.39,2040.43,2042.25,1114.16
1735805400,2025-01-02 08:10:00+00:00,2042.24,2044.36,2040.98,2043.69,1478.46
1735805460,2025-01-02 08:11:00+00:00,2043.61,2048.46,2043.3,2046.23,3048.27
1735805520,2025-01-02 08:12:00+00:00,2046.22,2046.97,2044.44,2046.07,905.51
1735805580,2025-01-02 08:13:00+00:00,2046.07,2046.98,2046.02,2046.77,2363.66
1735805640,2025-01-02 08:14:00+00:00,2046.75,2046.86,2046.28,2046.62,1442.6
1735805700,2025-01-02 08:15:00+00:00,2046.65,2047.28,2043.94,2046.49,597.05
1735805760,2025-01-02 08:16:00+00:00,2046.49,2049.61,2044.96,2048.11,2467.33
1735805820,2025-01-02 08:17:00+00:00,2048.11,2049.81,2047.41,2047.56,2825.53
1735805880,2025-01-02 08:18:00+00:00,2047.58,2051.3,2045.94,2046.09,1677.47
1735805940,2025-01-02 08:19:00+00:00,2046.02,2047.99,2045.64,2045.83,848.1
1735806000,2025-01-02 08:20:00+00:00,2045.8,2046.16,2044.23,2045.66,1531.26
1735806060,2025-01-02 08:21:00+00:00,2045.67,2046.83,2045.0,2046.8,1938.05
1735806120,2025-01-02 08:22:00+00:00,2046.82,2046.9,2044.73,2046.32,1745.24
1735806180,2025-01-02 08:23:00+00:00,2046.3,2047.02,2043.44,2045.17,1513.27
1735806240,2025-01-02 08:24:00+00:00,2045.25,2045.4,2044.34,2045.19,670.77
1735806300,2025-01-02 08:25:00+00:00,2045.17,2045.3,2042.93,2043.62,2764.75
1735806360,2025-01-02 08:26:00+00:00,2043.66,2044.04,2042.75,2043.65,849.25
1735806420,2025-01-02 08:27:00+00:00,2043.67,2049.44,2042.38,2042.57,2429.87
1735806480,2025-01-02 08:28:00+00:00,2042.54,2043.15,2041.75,2041.88,2423.03
1735806540,2025-01-02 08:29:00+00:00,2041.89,2042.66,2034.27,2038.85,4488.44
1735806600,2025-01-02 08:30:00+00:00,2038.87,2040.79,2037.01,2038.91,2016.89
1735806660,2025-01-02 08:31:00+00:00,2038.9,2039.4,2036.54,2038.38,904.3
1735806720,2025-01-02 08:32:00+00:00,2038.39,2041.97,2036.38,2041.57,1590.41
1735806780,2025-01-02 08:33:00+00:00,2041.56,2041.93,2038.85,2041.23,1013.15
1735806840,2025-01-02 08:34:00+00:00,2041.24,2041.56,2039.59,2041.0,1222.74
1735806900,2025-01-02 08:35:00+00:00,2040.99,2043.17,2039.65,2039.83,1505.6
1735806960,2025-01-02 08:36:00+00:00,2039.83,2040.21,2038.15,2039.92,656.16
1735807020,2025-01-02 08:37:00+00:00,2039.93,2043.08,2038.31,2041.97,2965.98
1735807080,2025-01-02 08:38:00+00:00,2042.02,2042.07,2040.55,2040.79,1650.09
1735807140,2025-01-02 08:39:00+00:00,2040.8,2041.86,2040.5,2041.66,1641.6
1735807200,2025-01-02 08:40:00+00:00,2041.64,2043.02,2040.09,2041.0,1205.64
1735807260,2025-01-02 08:41:00+00:00,2041.02,2043.26,2039.64,2041.74,920.43
1735807320,2025-01-02 08:42:00+00:00,2041.74,2041.87,2040.0,2040.01,4606.5
1735807380,2025-01-02 08:43:00+00:00,2040.04,2040.06,2038.28,2039.4,1133.74
1735807440,2025-01-02 08:44:00+00:00,2039.43,2040.63,2038.98,2040.55,1755.82
1735807500,2025-01-02 08:45:00+00:00,2040.55,2041.59,2039.6,2041.52,1792.42
1735807560,2025-01-02 08:46:00+00:00,2041.55,2041.71,2040.06,2040.83,3448.17
1735807620,2025-01-02 08:47:00+00:00,2040.87,2041.75,2038.13,2040.43,1286.37
1735807680,2025-01-02 08:48:00+00:00,2040.41,2041.74,2039.58,2041.73,9515.91
1735807740,2025-01-02 08:49:00+00:00,2041.74,2042.58,2040.26,2042.5,1261.29
1735807800,2025-01-02 08:50:00+00:00,2042.56,2042.66,2040.17,2040.71,2996.87
1735807860,2025-01-02 08:51:00+00:00,2040.73,2044.1,2039.74,2042.75,4462.08
1735807920,2025-01-02 08:52:00+00:00,2042.76,2045.4,2041.66,2044.74,1955.06
1735807980,2025-01-02 08:53:00+00:00,2044.68,2045.16,2043.18,2044.91,864.49
1735808040,2025-01-02 08:54:00+00:00,2044.88,2044.93,2043.05,2043.07,2781.82
1735808100,2025-01-02 08:55:00+00:00,2043.08,2043.93,2042.34,2043.72,1497.62
1735808160,2025-01-02 08:56:00+00:00,2043.67,2045.11,2042.06,2045.01,2511.79
1735808220,2025-01-02 08:57:00+00:00,2045.05,2045.25,2042.63,2043.3,1265.94
1735808280,2025-01-02 08:58:00+00:00,2043.29,2043.61,2043.04,2043.54,2262.06
1735808340,2025-01-02 08:59:00+00:00,2043.5,2043.77,2041.97,2042.13,1321.39
1735808400,2025-01-02 09:00:00+00:00,2042.15,2047.42,2039.8,2042.9,1676.89
1735808460,2025-01-02 09:01:00+00:00,2042.9,2043.3,2039.93,2041.54,1513.86
1735808520,2025-01-02 09:02:00+00:00,2041.5,2041.91,2040.07,2041.26,872.64
1735808580,2025-01-02 09:03:00+00:00,2041.22,2042.54,2040.71,2042.24,1845.13
1735808640,2025-01-02 09:04:00+00:00,2042.28,2042.74,2038.43,2042.5,1087.72
1735808700,2025-01-02 09:05:00+00:00,2042.55,2044.07,2040.31,2041.3,3255.99
1735808760,2025-01-02 09:06:00+00:00,2041.34,2044.09,2039.2,2039.84,4875.34
1735808820,2025-01-02 09:07:00+00:00,2039.85,2040.79,2038.83,2039.47,571.22
1735808880,2025-01-02 09:08:00+00:00,2039.44,2040.7,2037.87,2040.65,710.89
1735808940,2025-01-02 09:09:00+00:00,2040.6,2041.84,2037.26,2038.27,1690.66
1735809000,2025-01-02 09:10:00+00:00,2038.23,2038.83,2034.4,2034.91,1654.81
1735809060,2025-01-02 09:11:00+00:00,2034.95,2035.61,2033.17,2034.12,1084.68
1735809120,2025-01-02 09:12:00+00:00,2034.18,2036.78,2033.5,2036.74,2670.41
1735809180,2025-01-02 09:13:00+00:00,2036.75,2036.87,2035.71,2036.62,1661.13
1735809240,2025-01-02 09:14:00+00:00,2036.64,2038.44,2034.21,2035.62,818.67
1735809300,2025-01-02 09:15:00+00:00,2035.65,2037.12,2034.76,2036.96,2000.85
1735809360,2025-01-02 09:16:00+00:00,2036.89,2037.76,2036.62,2037.6,2092.49
1735809420,2025-01-02 09:17:00+00:00,2037.6,2038.31,2036.82,2038.11,1617.35
1735809480,2025-01-02 09:18:00+00:00,2038.13,2038.41,2034.8,2037.17,1893.42
1735809540,2025-01-02 09:19:00+00:00,2037.2,2042.6,2037.09,2039.99,2661.38
