timestamp,datetime,open,high,low,close,volume
1783606500,2026-07-09 14:15:00+00:00,1.1441,1.14411,1.14363,1.14391,3846
1783607400,2026-07-09 14:30:00+00:00,1.14391,1.1443,1.14356,1.14365,4615
1783608300,2026-07-09 14:45:00+00:00,1.1436600000000001,1.14371,1.14304,1.14329,4896
1783609200,2026-07-09 15:00:00+00:00,1.14329,1.14362,1.14292,1.1431499999999999,4320
1783610100,2026-07-09 15:15:00+00:00,1.14314,1.14346,1.1428,1.14333,3562
1783611000,2026-07-09 15:30:00+00:00,1.1433200000000001,1.1437599999999999,1.14309,1.1437599999999999,3277
1783611900,2026-07-09 15:45:00+00:00,1.1437599999999999,1.14407,1.14358,1.14387,3290
1783612800,2026-07-09 16:00:00+00:00,1.14388,1.14405,1.14374,1.14397,2800
1783613700,2026-07-09 16:15:00+00:00,1.14396,1.14414,1.14358,1.14371,2172
1783614600,2026-07-09 16:30:00+00:00,1.14371,1.14407,1.1435,1.14398,2370
1783615500,2026-07-09 16:45:00+00:00,1.14399,1.14409,1.14364,1.14368,1954
1783616400,2026-07-09 17:00:00+00:00,1.14368,1.14381,1.1434199999999999,1.14364,2121
1783617300,2026-07-09 17:15:00+00:00,1.14364,1.14408,1.14352,1.14402,2393
1783618200,2026-07-09 17:30:00+00:00,1.14402,1.14408,1.14348,1.14369,1838
1783619100,2026-07-09 17:45:00+00:00,1.14369,1.14383,1.14363,1.1437599999999999,1645
1783620000,2026-07-09 18:00:00+00:00,1.1437599999999999,1.14383,1.14347,1.1435,1624
1783620900,2026-07-09 18:15:00+00:00,1.1435,1.1436,1.14318,1.1432,1469
1783621800,2026-07-09 18:30:00+00:00,1.14321,1.14339,1.14312,1.1433200000000001,1300
1783622700,2026-07-09 18:45:00+00:00,1.1433200000000001,1.14346,1.14321,1.14337,1917
1783623600,2026-07-09 19:00:00+00:00,1.14337,1.14346,1.14306,1.1431499999999999,1676
1783624500,2026-07-09 19:15:00+00:00,1.1431499999999999,1.14325,1.14287,1.1429,1473
1783625400,2026-07-09 19:30:00+00:00,1.14291,1.14294,1.14262,1.14274,2072
1783626300,2026-07-09 19:45:00+00:00,1.14273,1.14285,1.14253,1.14276,2014
1783627200,2026-07-09 20:00:00+00:00,1.14276,1.14301,1.14272,1.14297,1317
1783628100,2026-07-09 20:15:00+00:00,1.14297,1.14303,1.1428,1.1429,856
1783629000,2026-07-09 20:30:00+00:00,1.1429,1.14301,1.14286,1.14297,992
1783629900,2026-07-09 20:45:00+00:00,1.14297,1.14304,1.14279,1.14299,1379
1783630800,2026-07-09 21:00:00+00:00,1.14288,1.1434199999999999,1.14167,1.14312,181
1783631700,2026-07-09 21:15:00+00:00,1.14312,1.14328,1.1426,1.14303,539
1783632600,2026-07-09 21:30:00+00:00,1.14303,1.1431499999999999,1.14258,1.1431,505
1783633500,2026-07-09 21:45:00+00:00,1.1431,1.14314,1.14248,1.143,447
1783634400,2026-07-09 22:00:00+00:00,1.143,1.14336,1.14291,1.1433,815
1783635300,2026-07-09 22:15:00+00:00,1.1433,1.14335,1.14312,1.14329,868
1783636200,2026-07-09 22:30:00+00:00,1.1433,1.14333,1.14327,1.14329,588
1783637100,2026-07-09 22:45:00+00:00,1.14329,1.14339,1.14327,1.14335,702
1783638000,2026-07-09 23:00:00+00:00,1.14335,1.1434199999999999,1.14319,1.14337,777
1783638900,2026-07-09 23:15:00+00:00,1.14337,1.14339,1.14313,1.1432,606
1783639800,2026-07-09 23:30:00+00:00,1.14322,1.14333,1.14317,1.1433,607
1783640700,2026-07-09 23:45:00+00:00,1.1433,1.14337,1.14313,1.1433200000000001,982
1783641600,2026-07-10 00:00:00+00:00,1.1433200000000001,1.14343,1.14308,1.1432,3029
1783642500,2026-07-10 00:15:00+00:00,1.14321,1.1433,1.14304,1.14313,1687
1783643400,2026-07-10 00:30:00+00:00,1.14313,1.14354,1.14303,1.14351,2307
1783644300,2026-07-10 00:45:00+00:00,1.14351,1.14423,1.14348,1.14401,4094
1783645200,2026-07-10 01:00:00+00:00,1.14401,1.14448,1.14372,1.14446,3717
1783646100,2026-07-10 01:15:00+00:00,1.14446,1.14473,1.14414,1.14425,3143
1783647000,2026-07-10 01:30:00+00:00,1.14425,1.14458,1.1442,1.14435,2878
1783647900,2026-07-10 01:45:00+00:00,1.14435,1.14501,1.14419,1.14473,3526
1783648800,2026-07-10 02:00:00+00:00,1.14473,1.14562,1.14456,1.14558,3555
1783649700,2026-07-10 02:15:00+00:00,1.14558,1.146,1.14548,1.14571,3510
1783650600,2026-07-10 02:30:00+00:00,1.14571,1.14594,1.14548,1.14587,2850
1783651500,2026-07-10 02:45:00+00:00,1.14587,1.14609,1.14572,1.14582,2561
1783652400,2026-07-10 03:00:00+00:00,1.14582,1.14595,1.14544,1.14561,2076
1783653300,2026-07-10 03:15:00+00:00,1.14561,1.14564,1.14528,1.14557,1756
1783654200,2026-07-10 03:30:00+00:00,1.14557,1.14569,1.1452,1.14544,1761
1783655100,2026-07-10 03:45:00+00:00,1.14544,1.14544,1.14473,1.14495,1985
1783656000,2026-07-10 04:00:00+00:00,1.14495,1.14496,1.14461,1.14489,1709
1783656900,2026-07-10 04:15:00+00:00,1.1449,1.14491,1.14442,1.14458,1735
1783657800,2026-07-10 04:30:00+00:00,1.14458,1.14459,1.14417,1.14418,1176
1783658700,2026-07-10 04:45:00+00:00,1.14418,1.1443,1.14395,1.14429,1727
1783659600,2026-07-10 05:00:00+00:00,1.14429,1.14447,1.1440299999999999,1.14404,1754
1783660500,2026-07-10 05:15:00+00:00,1.14404,1.1441,1.14373,1.1438,1497
1783661400,2026-07-10 05:30:00+00:00,1.1438,1.14385,1.14356,1.1437599999999999,1582
1783662300,2026-07-10 05:45:00+00:00,1.1437599999999999,1.14412,1.14363,1.14397,1432
1783663200,2026-07-10 06:00:00+00:00,1.14397,1.14443,1.14392,1.14428,2663
1783664100,2026-07-10 06:15:00+00:00,1.14428,1.14475,1.1440299999999999,1.1442,3212
1783665000,2026-07-10 06:30:00+00:00,1.1442,1.14462,1.144,1.14402,3475
1783665900,2026-07-10 06:45:00+00:00,1.14401,1.14432,1.14389,1.1442,2337
1783666800,2026-07-10 07:00:00+00:00,1.1442,1.14426,1.14375,1.14385,3086
1783667700,2026-07-10 07:15:00+00:00,1.14385,1.14424,1.14373,1.14398,3245
1783668600,2026-07-10 07:30:00+00:00,1.14398,1.14413,1.14372,1.14402,3343
1783669500,2026-07-10 07:45:00+00:00,1.14402,1.14416,1.14364,1.14372,3312
1783670400,2026-07-10 08:00:00+00:00,1.14372,1.14424,1.14352,1.14372,4618
1783671300,2026-07-10 08:15:00+00:00,1.14372,1.14372,1.1432,1.1434,3291
1783672200,2026-07-10 08:30:00+00:00,1.1434,1.1436,1.14317,1.14352,3748
1783673100,2026-07-10 08:45:00+00:00,1.14352,1.14355,1.143,1.14304,2727
1783674000,2026-07-10 09:00:00+00:00,1.1430500000000001,1.14344,1.14303,1.1433200000000001,3019
1783674900,2026-07-10 09:15:00+00:00,1.1433200000000001,1.14339,1.14307,1.14325,2159
1783675800,2026-07-10 09:30:00+00:00,1.14325,1.14333,1.14294,1.14295,2806
1783676700,2026-07-10 09:45:00+00:00,1.14295,1.14308,1.14266,1.14272,2271
1783677600,2026-07-10 10:00:00+00:00,1.14272,1.14294,1.14265,1.14288,1996
1783678500,2026-07-10 10:15:00+00:00,1.14288,1.14338,1.14276,1.14333,2365
1783679400,2026-07-10 10:30:00+00:00,1.14333,1.14339,1.14303,1.14318,2401
1783680300,2026-07-10 10:45:00+00:00,1.14318,1.14355,1.14303,1.14333,2341
1783681200,2026-07-10 11:00:00+00:00,1.14334,1.14354,1.14304,1.1430500000000001,2720
1783682100,2026-07-10 11:15:00+00:00,1.1430500000000001,1.14321,1.1427100000000001,1.14301,2406
1783683000,2026-07-10 11:30:00+00:00,1.14301,1.14312,1.14266,1.14296,2994
1783683900,2026-07-10 11:45:00+00:00,1.14297,1.14322,1.14289,1.1431,2778
1783684800,2026-07-10 12:00:00+00:00,1.1431,1.1442,1.14266,1.14353,4415
1783685700,2026-07-10 12:15:00+00:00,1.14353,1.14364,1.14287,1.14291,3491
1783686600,2026-07-10 12:30:00+00:00,1.14291,1.14306,1.14248,1.14261,4439
1783687500,2026-07-10 12:45:00+00:00,1.14261,1.14297,1.14229,1.14291,3505
1783688400,2026-07-10 13:00:00+00:00,1.14291,1.14297,1.14197,1.14221,4238
1783689300,2026-07-10 13:15:00+00:00,1.14221,1.14234,1.14192,1.142,3314
1783690200,2026-07-10 13:30:00+00:00,1.142,1.14267,1.14193,1.1426,4175
1783691100,2026-07-10 13:45:00+00:00,1.1426,1.14261,1.14187,1.14208,4374
1783692000,2026-07-10 14:00:00+00:00,1.14208,1.14238,1.14166,1.14236,3916
1783692900,2026-07-10 14:15:00+00:00,1.14236,1.14268,1.14202,1.14262,3491
1783693800,2026-07-10 14:30:00+00:00,1.14263,1.14286,1.14118,1.14206,7413
1783694700,2026-07-10 14:45:00+00:00,1.14206,1.14233,1.14184,1.14224,4875
1783695600,2026-07-10 15:00:00+00:00,1.14224,1.14288,1.14214,1.14264,4623
1783696500,2026-07-10 15:15:00+00:00,1.14264,1.1435,1.14264,1.14333,5014
1783697400,2026-07-10 15:30:00+00:00,1.14334,1.14351,1.1430500000000001,1.1431499999999999,4561
1783698300,2026-07-10 15:45:00+00:00,1.1431499999999999,1.14391,1.14306,1.14377,3415
1783699200,2026-07-10 16:00:00+00:00,1.1437599999999999,1.14405,1.14348,1.14396,4195
1783700100,2026-07-10 16:15:00+00:00,1.14396,1.14413,1.14358,1.14392,3204
1783701000,2026-07-10 16:30:00+00:00,1.14392,1.14396,1.14344,1.14346,2796
1783701900,2026-07-10 16:45:00+00:00,1.14346,1.14356,1.14295,1.14295,3287
1783702800,2026-07-10 17:00:00+00:00,1.14295,1.14314,1.1426,1.14273,3146
1783703700,2026-07-10 17:15:00+00:00,1.14273,1.14278,1.14212,1.1425,2299
1783704600,2026-07-10 17:30:00+00:00,1.1425,1.1425,1.1419,1.14216,2332
1783705500,2026-07-10 17:45:00+00:00,1.14216,1.14228,1.14164,1.14176,2046
1783706400,2026-07-10 18:00:00+00:00,1.14176,1.1418300000000001,1.1415,1.14166,2725
1783707300,2026-07-10 18:15:00+00:00,1.14166,1.14172,1.14141,1.14145,1925
1783708200,2026-07-10 18:30:00+00:00,1.14147,1.14163,1.14104,1.14128,2224
1783709100,2026-07-10 18:45:00+00:00,1.14128,1.14166,1.14128,1.14164,1685
1783710000,2026-07-10 19:00:00+00:00,1.14164,1.14165,1.14136,1.1414900000000001,1521
1783710900,2026-07-10 19:15:00+00:00,1.1414900000000001,1.14166,1.14144,1.1415899999999999,1360
1783711800,2026-07-10 19:30:00+00:00,1.1415899999999999,1.14171,1.14134,1.14151,2033
1783712700,2026-07-10 19:45:00+00:00,1.14151,1.1417,1.14138,1.14157,2164
1783713600,2026-07-10 20:00:00+00:00,1.14157,1.14184,1.14126,1.1415899999999999,1897
1783714500,2026-07-10 20:15:00+00:00,1.14157,1.14171,1.14139,1.14146,1012
1783715400,2026-07-10 20:30:00+00:00,1.14146,1.14146,1.14114,1.14129,1059
1783716300,2026-07-10 20:45:00+00:00,1.14129,1.14154,1.14126,1.1414,2145
1783890000,2026-07-12 21:00:00+00:00,1.14004,1.1408,1.13918,1.14062,207
1783890900,2026-07-12 21:15:00+00:00,1.14062,1.1406399999999999,1.14033,1.14056,171
1783891800,2026-07-12 21:30:00+00:00,1.14056,1.14056,1.14011,1.14035,141
1783892700,2026-07-12 21:45:00+00:00,1.14035,1.14065,1.14028,1.14034,216
1783893600,2026-07-12 22:00:00+00:00,1.14034,1.14044,1.13887,1.13904,3065
1783894500,2026-07-12 22:15:00+00:00,1.13904,1.13964,1.13892,1.13949,2490
1783895400,2026-07-12 22:30:00+00:00,1.13949,1.13958,1.13924,1.13941,2221
1783896300,2026-07-12 22:45:00+00:00,1.13941,1.13961,1.13875,1.13946,1731
1783897200,2026-07-12 23:00:00+00:00,1.13946,1.13972,1.13928,1.13969,1147
1783898100,2026-07-12 23:15:00+00:00,1.13969,1.13986,1.13956,1.13984,1195
1783899000,2026-07-12 23:30:00+00:00,1.13984,1.13992,1.1396,1.13984,1170
1783899900,2026-07-12 23:45:00+00:00,1.13984,1.14044,1.13983,1.14043,2599
1783900800,2026-07-13 00:00:00+00:00,1.14043,1.14046,1.1400299999999999,1.14006,3814
1783901700,2026-07-13 00:15:00+00:00,1.14006,1.14056,1.13974,1.14015,3111
1783902600,2026-07-13 00:30:00+00:00,1.14015,1.14034,1.13953,1.1397,3292
1783903500,2026-07-13 00:45:00+00:00,1.1397,1.13986,1.13947,1.13955,2900
1783904400,2026-07-13 01:00:00+00:00,1.13956,1.13956,1.13903,1.1390500000000001,3188
1783905300,2026-07-13 01:15:00+00:00,1.13906,1.13926,1.13845,1.13896,3553
1783906200,2026-07-13 01:30:00+00:00,1.13896,1.13953,1.13889,1.1395,3633
1783907100,2026-07-13 01:45:00+00:00,1.13951,1.13977,1.13935,1.13974,3639
1783908000,2026-07-13 02:00:00+00:00,1.13975,1.13984,1.13933,1.13949,2674
1783908900,2026-07-13 02:15:00+00:00,1.13949,1.13963,1.13929,1.13956,1990
1783909800,2026-07-13 02:30:00+00:00,1.13956,1.13999,1.1394199999999999,1.13997,2073
1783910700,2026-07-13 02:45:00+00:00,1.13997,1.13999,1.13936,1.13943,1941
1783911600,2026-07-13 03:00:00+00:00,1.13943,1.13955,1.13904,1.13933,2232
1783912500,2026-07-13 03:15:00+00:00,1.13933,1.13959,1.13928,1.1395,1907
1783913400,2026-07-13 03:30:00+00:00,1.1395,1.13971,1.13946,1.1396,1994
1783914300,2026-07-13 03:45:00+00:00,1.13961,1.13992,1.13954,1.13991,1617
1783915200,2026-07-13 04:00:00+00:00,1.13991,1.13994,1.13962,1.13991,1427
1783916100,2026-07-13 04:15:00+00:00,1.13991,1.14016,1.1397599999999999,1.14015,1695
1783917000,2026-07-13 04:30:00+00:00,1.14015,1.14028,1.14008,1.14012,1476
1783917900,2026-07-13 04:45:00+00:00,1.14012,1.14052,1.1401,1.14038,1546
1783918800,2026-07-13 05:00:00+00:00,1.14038,1.14093,1.14036,1.14081,2255
1783919700,2026-07-13 05:15:00+00:00,1.14081,1.14085,1.14004,1.14015,1905
1783920600,2026-07-13 05:30:00+00:00,1.14016,1.14035,1.13993,1.14011,2582
1783921500,2026-07-13 05:45:00+00:00,1.14012,1.14041,1.13967,1.13985,3081
1783922400,2026-07-13 06:00:00+00:00,1.13985,1.13995,1.13957,1.1396600000000001,3851
1783923300,2026-07-13 06:15:00+00:00,1.1396600000000001,1.14039,1.13965,1.14036,3374
1783924200,2026-07-13 06:30:00+00:00,1.14036,1.14076,1.1402700000000001,1.14048,3316
1783925100,2026-07-13 06:45:00+00:00,1.14048,1.1407,1.14001,1.14009,3215
1783926000,2026-07-13 07:00:00+00:00,1.14009,1.14105,1.14008,1.14082,5205
1783926900,2026-07-13 07:15:00+00:00,1.14082,1.14096,1.14065,1.14093,3357
1783927800,2026-07-13 07:30:00+00:00,1.14093,1.14223,1.14067,1.14167,4558
1783928700,2026-07-13 07:45:00+00:00,1.14167,1.14263,1.14166,1.14248,4364
1783929600,2026-07-13 08:00:00+00:00,1.14247,1.14434,1.1424,1.14398,6155
1783930500,2026-07-13 08:15:00+00:00,1.14398,1.1446,1.14371,1.14386,4990
1783931400,2026-07-13 08:30:00+00:00,1.14386,1.14408,1.14357,1.14394,3424
1783932300,2026-07-13 08:45:00+00:00,1.1439300000000001,1.14399,1.14357,1.1436,3239
1783933200,2026-07-13 09:00:00+00:00,1.14361,1.14375,1.14309,1.1431499999999999,3189
1783934100,2026-07-13 09:15:00+00:00,1.1431499999999999,1.14346,1.14285,1.14316,2728
1783935000,2026-07-13 09:30:00+00:00,1.14316,1.14331,1.14276,1.14296,2951
1783935900,2026-07-13 09:45:00+00:00,1.14296,1.14317,1.14273,1.14314,2857
1783936800,2026-07-13 10:00:00+00:00,1.14314,1.14349,1.1430500000000001,1.14319,2938
1783937700,2026-07-13 10:15:00+00:00,1.14319,1.14319,1.14278,1.14291,2471
1783938600,2026-07-13 10:30:00+00:00,1.14291,1.14317,1.14259,1.14291,2652
1783939500,2026-07-13 10:45:00+00:00,1.1429,1.14358,1.14282,1.14357,2965
1783940400,2026-07-13 11:00:00+00:00,1.14357,1.14374,1.14276,1.143,3937
1783941300,2026-07-13 11:15:00+00:00,1.143,1.14304,1.14251,1.1429,2831
1783942200,2026-07-13 11:30:00+00:00,1.1429,1.14311,1.14267,1.14301,2865
1783943100,2026-07-13 11:45:00+00:00,1.14301,1.14302,1.14266,1.14276,2840
1783944000,2026-07-13 12:00:00+00:00,1.14276,1.14307,1.14204,1.14223,4417
1783944900,2026-07-13 12:15:00+00:00,1.14222,1.14253,1.14209,1.1424,3331
1783945800,2026-07-13 12:30:00+00:00,1.1424,1.14288,1.14229,1.14255,3264
1783946700,2026-07-13 12:45:00+00:00,1.14255,1.1431,1.14217,1.14309,3533
1783947600,2026-07-13 13:00:00+00:00,1.14309,1.14334,1.1426,1.14266,4407
1783948500,2026-07-13 13:15:00+00:00,1.14266,1.14275,1.14228,1.14246,3468
1783949400,2026-07-13 13:30:00+00:00,1.14246,1.14298,1.14195,1.14209,5724
1783950300,2026-07-13 13:45:00+00:00,1.14208,1.14223,1.14143,1.14144,5323
1783951200,2026-07-13 14:00:00+00:00,1.14144,1.14162,1.14107,1.14138,5267
1783952100,2026-07-13 14:15:00+00:00,1.14137,1.14151,1.1401,1.14079,7467
1783953000,2026-07-13 14:30:00+00:00,1.14079,1.14092,1.13996,1.14031,4880
1783953900,2026-07-13 14:45:00+00:00,1.14031,1.14073,1.13983,1.1406100000000001,5226
1783954800,2026-07-13 15:00:00+00:00,1.1406100000000001,1.14067,1.13973,1.13981,3855
1783955700,2026-07-13 15:15:00+00:00,1.13982,1.1402,1.13964,1.13995,3581
1783956600,2026-07-13 15:30:00+00:00,1.13995,1.14011,1.13964,1.13997,3269
1783957500,2026-07-13 15:45:00+00:00,1.13997,1.1404,1.1397,1.14015,2852
1783958400,2026-07-13 16:00:00+00:00,1.14016,1.1402700000000001,1.13999,1.14014,2505
1783959300,2026-07-13 16:15:00+00:00,1.14014,1.14018,1.1389,1.1391,3001
1783960200,2026-07-13 16:30:00+00:00,1.1391,1.13913,1.13827,1.13898,6730
1783961100,2026-07-13 16:45:00+00:00,1.13898,1.13922,1.13834,1.13888,5212
1783962000,2026-07-13 17:00:00+00:00,1.13888,1.13909,1.13853,1.13871,3611
1783962900,2026-07-13 17:15:00+00:00,1.13871,1.13893,1.13856,1.13874,2714
1783963800,2026-07-13 17:30:00+00:00,1.13874,1.1389,1.1385399999999999,1.13887,2611
1783964700,2026-07-13 17:45:00+00:00,1.13887,1.13902,1.13859,1.13861,2191
1783965600,2026-07-13 18:00:00+00:00,1.13862,1.13889,1.13847,1.13866,2410
1783966500,2026-07-13 18:15:00+00:00,1.13866,1.13879,1.1385,1.13867,2088
1783967400,2026-07-13 18:30:00+00:00,1.13867,1.1389,1.1386,1.13878,1888
1783968300,2026-07-13 18:45:00+00:00,1.13878,1.13884,1.13858,1.13874,2109
1783969200,2026-07-13 19:00:00+00:00,1.13874,1.1388,1.1381999999999999,1.13822,2392
1783970100,2026-07-13 19:15:00+00:00,1.13822,1.13847,1.13817,1.1383,2177
1783971000,2026-07-13 19:30:00+00:00,1.1383,1.13847,1.13824,1.13834,2246
1783971900,2026-07-13 19:45:00+00:00,1.13834,1.1384,1.13822,1.13835,2581
1783972800,2026-07-13 20:00:00+00:00,1.13835,1.13845,1.1379299999999999,1.13797,1982
1783973700,2026-07-13 20:15:00+00:00,1.13797,1.13801,1.13774,1.13796,1267
1783974600,2026-07-13 20:30:00+00:00,1.13796,1.13802,1.13782,1.13796,997
1783975500,2026-07-13 20:45:00+00:00,1.13796,1.13811,1.1379,1.13798,958
1783976400,2026-07-13 21:00:00+00:00,1.13809,1.13879,1.13808,1.13818,150
1783977300,2026-07-13 21:15:00+00:00,1.13818,1.13853,1.13807,1.13842,264
1783978200,2026-07-13 21:30:00+00:00,1.13842,1.13875,1.13804,1.13848,648
1783979100,2026-07-13 21:45:00+00:00,1.13848,1.13859,1.13821,1.13836,406
1783980000,2026-07-13 22:00:00+00:00,1.13836,1.13864,1.13814,1.13829,1110
1783980900,2026-07-13 22:15:00+00:00,1.13828,1.13841,1.13828,1.13837,767
1783981800,2026-07-13 22:30:00+00:00,1.13838,1.13851,1.13831,1.1385,1019
1783982700,2026-07-13 22:45:00+00:00,1.1385,1.13851,1.13808,1.13809,1468
1783983600,2026-07-13 23:00:00+00:00,1.13809,1.13831,1.138,1.13814,1090
1783984500,2026-07-13 23:15:00+00:00,1.13814,1.13821,1.13801,1.13811,863
1783985400,2026-07-13 23:30:00+00:00,1.13811,1.13838,1.13802,1.13824,1205
1783986300,2026-07-13 23:45:00+00:00,1.13825,1.13839,1.13815,1.13834,2562
1783987200,2026-07-14 00:00:00+00:00,1.13834,1.13866,1.13811,1.13849,5024
1783988100,2026-07-14 00:15:00+00:00,1.13849,1.1385,1.13782,1.13802,4805
1783989000,2026-07-14 00:30:00+00:00,1.13803,1.13883,1.13797,1.13876,4295
1783989900,2026-07-14 00:45:00+00:00,1.13875,1.13896,1.13847,1.13848,4631
1783990800,2026-07-14 01:00:00+00:00,1.13847,1.13875,1.13845,1.13866,4134
1783991700,2026-07-14 01:15:00+00:00,1.13867,1.13902,1.1385,1.13851,3602
1783992600,2026-07-14 01:30:00+00:00,1.13851,1.13887,1.13849,1.13877,3489
1783993500,2026-07-14 01:45:00+00:00,1.13877,1.13908,1.13864,1.13888,2708
1783994400,2026-07-14 02:00:00+00:00,1.13888,1.13914,1.13888,1.1390500000000001,2996
1783995300,2026-07-14 02:15:00+00:00,1.13906,1.13941,1.13904,1.13935,2415
1783996200,2026-07-14 02:30:00+00:00,1.13935,1.13944,1.13923,1.13927,2748
1783997100,2026-07-14 02:45:00+00:00,1.13927,1.13933,1.13906,1.13908,2413
1783998000,2026-07-14 03:00:00+00:00,1.13908,1.13924,1.13883,1.13912,2151
1783998900,2026-07-14 03:15:00+00:00,1.13912,1.13934,1.13887,1.13932,2665
1783999800,2026-07-14 03:30:00+00:00,1.13932,1.13968,1.13925,1.1394,3353
1784000700,2026-07-14 03:45:00+00:00,1.1394,1.13953,1.13932,1.13935,2304
1784001600,2026-07-14 04:00:00+00:00,1.13936,1.13947,1.1390500000000001,1.13929,2304
1784002500,2026-07-14 04:15:00+00:00,1.13929,1.13947,1.13925,1.13926,1898
1784003400,2026-07-14 04:30:00+00:00,1.13926,1.1394199999999999,1.13918,1.1392,2622
1784004300,2026-07-14 04:45:00+00:00,1.1392,1.13922,1.13875,1.1390500000000001,1837
1784005200,2026-07-14 05:00:00+00:00,1.1390500000000001,1.13933,1.1390500000000001,1.13926,1802
1784006100,2026-07-14 05:15:00+00:00,1.13926,1.13948,1.13925,1.13939,2119
1784007000,2026-07-14 05:30:00+00:00,1.1394,1.13959,1.13926,1.1394199999999999,2400
1784007900,2026-07-14 05:45:00+00:00,1.1394199999999999,1.13944,1.13909,1.13918,2029
1784008800,2026-07-14 06:00:00+00:00,1.13918,1.13926,1.13879,1.13884,3127
1784009700,2026-07-14 06:15:00+00:00,1.13884,1.13896,1.13861,1.13873,2597
1784010600,2026-07-14 06:30:00+00:00,1.13872,1.13939,1.13866,1.13884,3691
1784011500,2026-07-14 06:45:00+00:00,1.13884,1.13887,1.13845,1.1386,2864
1784012400,2026-07-14 07:00:00+00:00,1.13861,1.13903,1.1384,1.13866,4463
1784013300,2026-07-14 07:15:00+00:00,1.13866,1.13949,1.13863,1.13937,3568
1784014200,2026-07-14 07:30:00+00:00,1.13937,1.13939,1.1389,1.13918,3931
1784015100,2026-07-14 07:45:00+00:00,1.13919,1.13977,1.13916,1.13959,4118
1784016000,2026-07-14 08:00:00+00:00,1.13959,1.13984,1.13932,1.1396600000000001,3960
1784016900,2026-07-14 08:15:00+00:00,1.1396600000000001,1.14007,1.13954,1.1400000000000001,3365
1784017800,2026-07-14 08:30:00+00:00,1.1400000000000001,1.1406,1.13982,1.14055,3578
1784018700,2026-07-14 08:45:00+00:00,1.14055,1.14058,1.13991,1.13996,3558
1784019600,2026-07-14 09:00:00+00:00,1.13996,1.14038,1.13992,1.14033,3336
1784020500,2026-07-14 09:15:00+00:00,1.14034,1.14034,1.1397599999999999,1.13983,2597
1784021400,2026-07-14 09:30:00+00:00,1.13983,1.13993,1.13949,1.13952,2260
1784022300,2026-07-14 09:45:00+00:00,1.13952,1.1403,1.13948,1.14009,3698
1784023200,2026-07-14 10:00:00+00:00,1.1401,1.14017,1.13968,1.13978,2931
1784024100,2026-07-14 10:15:00+00:00,1.13978,1.13992,1.1394,1.1395,2975
1784025000,2026-07-14 10:30:00+00:00,1.13951,1.13973,1.13933,1.13949,3141
1784025900,2026-07-14 10:45:00+00:00,1.13949,1.13957,1.13909,1.13919,2779
1784026800,2026-07-14 11:00:00+00:00,1.13919,1.13948,1.13897,1.13943,3680
1784027700,2026-07-14 11:15:00+00:00,1.13943,1.13971,1.13925,1.13953,2909
1784028600,2026-07-14 11:30:00+00:00,1.13953,1.14014,1.13952,1.14012,2449
1784029500,2026-07-14 11:45:00+00:00,1.14011,1.14094,1.1401,1.14066,3356
1784030400,2026-07-14 12:00:00+00:00,1.14066,1.14076,1.14039,1.1406100000000001,3847
1784031300,2026-07-14 12:15:00+00:00,1.1406100000000001,1.14152,1.14041,1.14138,4786
1784032200,2026-07-14 12:30:00+00:00,1.14139,1.14625,1.14089,1.14578,12141
1784033100,2026-07-14 12:45:00+00:00,1.14579,1.14593,1.14411,1.14459,7932
1784034000,2026-07-14 13:00:00+00:00,1.1446,1.14552,1.14415,1.14453,8611
1784034900,2026-07-14 13:15:00+00:00,1.14453,1.14535,1.14439,1.14501,7424
1784035800,2026-07-14 13:30:00+00:00,1.14501,1.14541,1.14467,1.14528,8179
1784036700,2026-07-14 13:45:00+00:00,1.14528,1.14545,1.14478,1.1451500000000001,5525
1784037600,2026-07-14 14:00:00+00:00,1.1451500000000001,1.14591,1.14504,1.1455,5334
1784038500,2026-07-14 14:15:00+00:00,1.14551,1.14553,1.1443699999999999,1.14444,6900
1784039400,2026-07-14 14:30:00+00:00,1.14444,1.14574,1.1441,1.14481,6333
1784040300,2026-07-14 14:45:00+00:00,1.1448,1.14496,1.144,1.14451,4998
1784041200,2026-07-14 15:00:00+00:00,1.14451,1.14535,1.1442,1.14484,6066
1784042100,2026-07-14 15:15:00+00:00,1.14484,1.14495,1.14409,1.14415,4404
1784043000,2026-07-14 15:30:00+00:00,1.14416,1.14438,1.14303,1.14331,5204
1784043900,2026-07-14 15:45:00+00:00,1.1433200000000001,1.14365,1.14257,1.1427100000000001,5214
1784044800,2026-07-14 16:00:00+00:00,1.1427100000000001,1.14291,1.14241,1.1428099999999999,4693
1784045700,2026-07-14 16:15:00+00:00,1.1428,1.1431,1.14266,1.14302,3133
1784046600,2026-07-14 16:30:00+00:00,1.14302,1.14345,1.14302,1.14325,2575
1784047500,2026-07-14 16:45:00+00:00,1.14325,1.14334,1.14297,1.14317,2706
1784048400,2026-07-14 17:00:00+00:00,1.14318,1.14335,1.14228,1.14231,3282
1784049300,2026-07-14 17:15:00+00:00,1.14231,1.14265,1.14193,1.14258,3225
1784050200,2026-07-14 17:30:00+00:00,1.14259,1.14268,1.14239,1.14258,2464
1784051100,2026-07-14 17:45:00+00:00,1.14258,1.14284,1.14228,1.14233,2677
1784052000,2026-07-14 18:00:00+00:00,1.14233,1.14253,1.1423,1.14241,2256
1784052900,2026-07-14 18:15:00+00:00,1.14241,1.14265,1.14202,1.14215,2436
1784053800,2026-07-14 18:30:00+00:00,1.14215,1.14233,1.14161,1.1419,3339
1784054700,2026-07-14 18:45:00+00:00,1.1419,1.14241,1.14188,1.14233,2676
1784055600,2026-07-14 19:00:00+00:00,1.14233,1.14262,1.14228,1.14254,2279
1784056500,2026-07-14 19:15:00+00:00,1.14254,1.14261,1.14231,1.1424400000000001,2816
1784057400,2026-07-14 19:30:00+00:00,1.14245,1.14248,1.1421000000000001,1.14228,3273
1784058300,2026-07-14 19:45:00+00:00,1.14228,1.14242,1.14202,1.14203,2557
1784059200,2026-07-14 20:00:00+00:00,1.14203,1.14227,1.1418300000000001,1.14204,2100
1784060100,2026-07-14 20:15:00+00:00,1.14204,1.14211,1.14189,1.14191,994
1784061000,2026-07-14 20:30:00+00:00,1.14191,1.14216,1.14189,1.14202,1148
1784061900,2026-07-14 20:45:00+00:00,1.14203,1.14216,1.14192,1.14206,1313
1784062800,2026-07-14 21:00:00+00:00,1.14206,1.14279,1.14175,1.14232,157
1784063700,2026-07-14 21:15:00+00:00,1.14232,1.14239,1.14216,1.14226,211
1784064600,2026-07-14 21:30:00+00:00,1.14226,1.14237,1.14208,1.14212,192
1784065500,2026-07-14 21:45:00+00:00,1.14212,1.14218,1.14191,1.14194,315
1784066400,2026-07-14 22:00:00+00:00,1.14194,1.1423,1.14173,1.14191,1159
1784067300,2026-07-14 22:15:00+00:00,1.14191,1.14206,1.14181,1.14202,1377
1784068200,2026-07-14 22:30:00+00:00,1.14202,1.1421999999999999,1.14197,1.14212,1344
1784069100,2026-07-14 22:45:00+00:00,1.14212,1.14212,1.14191,1.14208,1072
1784070000,2026-07-14 23:00:00+00:00,1.14208,1.14223,1.14199,1.14219,830
1784070900,2026-07-14 23:15:00+00:00,1.14219,1.14227,1.14204,1.14227,744
1784071800,2026-07-14 23:30:00+00:00,1.14227,1.14247,1.14215,1.1424400000000001,1053
1784072700,2026-07-14 23:45:00+00:00,1.1424400000000001,1.1425,1.14232,1.1424400000000001,1083
1784073600,2026-07-15 00:00:00+00:00,1.1424400000000001,1.14277,1.14239,1.14257,2445
1784074500,2026-07-15 00:15:00+00:00,1.14257,1.14304,1.14255,1.14294,1991
1784075400,2026-07-15 00:30:00+00:00,1.14294,1.14301,1.14262,1.14273,1990
1784076300,2026-07-15 00:45:00+00:00,1.14272,1.14343,1.1427,1.14331,2193
1784077200,2026-07-15 01:00:00+00:00,1.14329,1.14357,1.14323,1.14354,3156
1784078100,2026-07-15 01:15:00+00:00,1.14355,1.1437599999999999,1.1435,1.14361,2351
1784079000,2026-07-15 01:30:00+00:00,1.14361,1.14369,1.14331,1.14338,1984
1784079900,2026-07-15 01:45:00+00:00,1.14338,1.14359,1.14326,1.14355,2259
1784080800,2026-07-15 02:00:00+00:00,1.14355,1.1439300000000001,1.14341,1.14362,2091
1784081700,2026-07-15 02:15:00+00:00,1.14362,1.14364,1.1433200000000001,1.14351,1573
1784082600,2026-07-15 02:30:00+00:00,1.14351,1.14412,1.14348,1.14408,1967
1784083500,2026-07-15 02:45:00+00:00,1.14409,1.14423,1.14394,1.1440299999999999,2095
1784084400,2026-07-15 03:00:00+00:00,1.14402,1.14425,1.14375,1.14375,1999
1784085300,2026-07-15 03:15:00+00:00,1.14375,1.14378,1.14334,1.14349,2205
1784086200,2026-07-15 03:30:00+00:00,1.14349,1.14371,1.1434,1.1434199999999999,1804
1784087100,2026-07-15 03:45:00+00:00,1.14341,1.14386,1.1434,1.14381,1901
1784088000,2026-07-15 04:00:00+00:00,1.14381,1.14392,1.14367,1.14375,1734
1784088900,2026-07-15 04:15:00+00:00,1.14375,1.14405,1.14369,1.14394,1569
1784089800,2026-07-15 04:30:00+00:00,1.14394,1.14409,1.1437599999999999,1.14381,1209
1784090700,2026-07-15 04:45:00+00:00,1.14381,1.14398,1.14365,1.1437,1338
1784091600,2026-07-15 05:00:00+00:00,1.14371,1.1438,1.14352,1.14368,2621
1784092500,2026-07-15 05:15:00+00:00,1.14368,1.14386,1.14364,1.14377,1768
1784093400,2026-07-15 05:30:00+00:00,1.14377,1.1441,1.14372,1.14409,2022
1784094300,2026-07-15 05:45:00+00:00,1.14409,1.14433,1.1440299999999999,1.14405,1902
1784095200,2026-07-15 06:00:00+00:00,1.14405,1.14426,1.1439300000000001,1.14399,2527
1784096100,2026-07-15 06:15:00+00:00,1.14399,1.14438,1.14397,1.14419,2178
1784097000,2026-07-15 06:30:00+00:00,1.14419,1.14421,1.1437599999999999,1.14386,2496
1784097900,2026-07-15 06:45:00+00:00,1.14386,1.14388,1.1428,1.14288,4503
1784098800,2026-07-15 07:00:00+00:00,1.14288,1.14321,1.1426,1.143,4161
1784099700,2026-07-15 07:15:00+00:00,1.143,1.14306,1.14198,1.14225,3872
1784100600,2026-07-15 07:30:00+00:00,1.14225,1.14249,1.14211,1.1424,3470
1784101500,2026-07-15 07:45:00+00:00,1.14239,1.14252,1.14216,1.14234,2700
1784102400,2026-07-15 08:00:00+00:00,1.14235,1.14277,1.14214,1.14227,3242
1784103300,2026-07-15 08:15:00+00:00,1.14227,1.14256,1.14222,1.14253,2600
1784104200,2026-07-15 08:30:00+00:00,1.14253,1.14268,1.14238,1.14246,1992
1784105100,2026-07-15 08:45:00+00:00,1.14246,1.14256,1.1421000000000001,1.1424400000000001,2496
1784106000,2026-07-15 09:00:00+00:00,1.14245,1.1426,1.14202,1.1424400000000001,2760
1784106900,2026-07-15 09:15:00+00:00,1.1424400000000001,1.14253,1.14217,1.14218,2804
1784107800,2026-07-15 09:30:00+00:00,1.14219,1.14227,1.14179,1.14206,2428
1784108700,2026-07-15 09:45:00+00:00,1.14206,1.14223,1.14165,1.1417,2959
1784109600,2026-07-15 10:00:00+00:00,1.1417,1.14181,1.14135,1.1414900000000001,2856
1784110500,2026-07-15 10:15:00+00:00,1.1414900000000001,1.14185,1.1412200000000001,1.14133,3274
1784111400,2026-07-15 10:30:00+00:00,1.14133,1.14147,1.14106,1.14127,2678
1784112300,2026-07-15 10:45:00+00:00,1.14127,1.1416,1.14118,1.1416,2382
1784113200,2026-07-15 11:00:00+00:00,1.1416,1.14196,1.14153,1.14171,2873
1784114100,2026-07-15 11:15:00+00:00,1.14171,1.14186,1.14151,1.14158,2679
1784115000,2026-07-15 11:30:00+00:00,1.14158,1.14192,1.14145,1.14148,2362
1784115900,2026-07-15 11:45:00+00:00,1.1414900000000001,1.14158,1.141,1.14117,4697
1784116800,2026-07-15 12:00:00+00:00,1.14117,1.14146,1.1406,1.14092,4068
1784117700,2026-07-15 12:15:00+00:00,1.14092,1.14154,1.14077,1.1414,3551
1784118600,2026-07-15 12:30:00+00:00,1.14139,1.14254,1.14134,1.14251,5491
1784119500,2026-07-15 12:45:00+00:00,1.14251,1.14303,1.1424400000000001,1.14285,4917
1784120400,2026-07-15 13:00:00+00:00,1.14285,1.14339,1.1427,1.1427100000000001,4975
1784121300,2026-07-15 13:15:00+00:00,1.1427100000000001,1.14336,1.14235,1.14246,4072
1784122200,2026-07-15 13:30:00+00:00,1.14245,1.14282,1.14239,1.14265,4365
1784123100,2026-07-15 13:45:00+00:00,1.14265,1.14357,1.14251,1.143,5538
1784124000,2026-07-15 14:00:00+00:00,1.143,1.14357,1.143,1.1432,4235
1784124900,2026-07-15 14:15:00+00:00,1.1432,1.14357,1.14302,1.14323,5072
1784125800,2026-07-15 14:30:00+00:00,1.14325,1.14395,1.14323,1.14387,5617
1784126700,2026-07-15 14:45:00+00:00,1.14387,1.14415,1.14329,1.1437,6873
1784127600,2026-07-15 15:00:00+00:00,1.1437,1.14416,1.14355,1.14357,4418
1784128500,2026-07-15 15:15:00+00:00,1.14357,1.14402,1.1433200000000001,1.14395,4873
1784129400,2026-07-15 15:30:00+00:00,1.14394,1.14396,1.14317,1.14345,4736
1784130300,2026-07-15 15:45:00+00:00,1.14345,1.14372,1.14318,1.14352,3900
1784131200,2026-07-15 16:00:00+00:00,1.14353,1.14363,1.14302,1.14344,3701
1784132100,2026-07-15 16:15:00+00:00,1.14344,1.14399,1.14339,1.14388,3784
1784133000,2026-07-15 16:30:00+00:00,1.14388,1.14392,1.14343,1.14353,2965
1784133900,2026-07-15 16:45:00+00:00,1.14353,1.14423,1.14346,1.14422,4507
1784134800,2026-07-15 17:00:00+00:00,1.14422,1.14503,1.1442,1.14497,3797
1784135700,2026-07-15 17:15:00+00:00,1.14497,1.1455899999999999,1.14479,1.14558,3471
1784136600,2026-07-15 17:30:00+00:00,1.14558,1.1471,1.14556,1.14705,4858
1784137500,2026-07-15 17:45:00+00:00,1.14705,1.14749,1.14668,1.14733,3936
1784138400,2026-07-15 18:00:00+00:00,1.1473200000000001,1.1477,1.14721,1.14731,2723
1784139300,2026-07-15 18:15:00+00:00,1.14731,1.14788,1.14721,1.14784,2631
1784140200,2026-07-15 18:30:00+00:00,1.14785,1.1482700000000001,1.1473200000000001,1.14733,2518
1784141100,2026-07-15 18:45:00+00:00,1.14733,1.14744,1.14659,1.14666,3249
1784142000,2026-07-15 19:00:00+00:00,1.14666,1.14741,1.14657,1.1474,3229
1784142900,2026-07-15 19:15:00+00:00,1.1474,1.14747,1.14701,1.14729,2700
1784143800,2026-07-15 19:30:00+00:00,1.14729,1.14729,1.14624,1.1463,4245
1784144700,2026-07-15 19:45:00+00:00,1.1463,1.1465,1.14614,1.1464,3184
1784145600,2026-07-15 20:00:00+00:00,1.1464,1.1464699999999999,1.14608,1.14615,1868
1784146500,2026-07-15 20:15:00+00:00,1.14615,1.14643,1.14613,1.14636,1111
1784147400,2026-07-15 20:30:00+00:00,1.14636,1.14642,1.1461000000000001,1.14627,1330
1784148300,2026-07-15 20:45:00+00:00,1.14627,1.14642,1.14621,1.1463,1410
1784149200,2026-07-15 21:00:00+00:00,1.1463,1.14685,1.14619,1.14623,167
1784150100,2026-07-15 21:15:00+00:00,1.14623,1.14656,1.14615,1.14654,168
1784151000,2026-07-15 21:30:00+00:00,1.14654,1.14668,1.14646,1.14653,309
1784151900,2026-07-15 21:45:00+00:00,1.14656,1.14666,1.14633,1.1464699999999999,549
1784152800,2026-07-15 22:00:00+00:00,1.1464699999999999,1.14682,1.1463700000000001,1.14666,857
1784153700,2026-07-15 22:15:00+00:00,1.14666,1.14675,1.14654,1.14674,951
1784154600,2026-07-15 22:30:00+00:00,1.14673,1.14677,1.14662,1.14667,861
1784155500,2026-07-15 22:45:00+00:00,1.14668,1.14672,1.1465,1.14669,1075
1784156400,2026-07-15 23:00:00+00:00,1.14669,1.1469,1.14666,1.14688,682
1784157300,2026-07-15 23:15:00+00:00,1.14688,1.14698,1.14676,1.14693,722
1784158200,2026-07-15 23:30:00+00:00,1.14693,1.1470799999999999,1.14684,1.14705,641
1784159100,2026-07-15 23:45:00+00:00,1.14705,1.1471,1.14691,1.14698,1038
1784160000,2026-07-16 00:00:00+00:00,1.14698,1.14741,1.14692,1.14738,2186
1784160900,2026-07-16 00:15:00+00:00,1.14738,1.1474,1.14701,1.14718,2119
1784161800,2026-07-16 00:30:00+00:00,1.14719,1.14725,1.1468,1.14698,2238
1784162700,2026-07-16 00:45:00+00:00,1.14697,1.14747,1.14672,1.14738,4051
1784163600,2026-07-16 01:00:00+00:00,1.14737,1.14741,1.14705,1.14729,2155
1784164500,2026-07-16 01:15:00+00:00,1.14728,1.1473200000000001,1.14685,1.14697,2729
1784165400,2026-07-16 01:30:00+00:00,1.14697,1.1470799999999999,1.14652,1.14669,2757
1784166300,2026-07-16 01:45:00+00:00,1.14669,1.14673,1.1465,1.1466,2078
1784167200,2026-07-16 02:00:00+00:00,1.1466,1.14661,1.14603,1.14608,2079
1784168100,2026-07-16 02:15:00+00:00,1.14607,1.14648,1.14601,1.14643,1758
1784169000,2026-07-16 02:30:00+00:00,1.14643,1.14653,1.14621,1.14634,2139
1784169900,2026-07-16 02:45:00+00:00,1.14633,1.14649,1.14616,1.14648,1456
1784170800,2026-07-16 03:00:00+00:00,1.14648,1.1467,1.14633,1.14659,1638
1784171700,2026-07-16 03:15:00+00:00,1.14659,1.14685,1.14656,1.1468,1442
1784172600,2026-07-16 03:30:00+00:00,1.14679,1.1469,1.1467100000000001,1.1467100000000001,1442
1784173500,2026-07-16 03:45:00+00:00,1.1467100000000001,1.14677,1.14655,1.14665,1720
1784174400,2026-07-16 04:00:00+00:00,1.14666,1.14668,1.14638,1.14651,1532
1784175300,2026-07-16 04:15:00+00:00,1.14651,1.14653,1.1463,1.14631,1451
1784176200,2026-07-16 04:30:00+00:00,1.14631,1.14673,1.1463,1.1466,1526
1784177100,2026-07-16 04:45:00+00:00,1.1466,1.14669,1.14651,1.14662,1757
1784178000,2026-07-16 05:00:00+00:00,1.14662,1.14676,1.14656,1.14672,1984
1784178900,2026-07-16 05:15:00+00:00,1.14673,1.14685,1.14662,1.14667,1961
1784179800,2026-07-16 05:30:00+00:00,1.14667,1.14688,1.14661,1.1467100000000001,2992
1784180700,2026-07-16 05:45:00+00:00,1.1467100000000001,1.14672,1.14622,1.14634,2474
1784181600,2026-07-16 06:00:00+00:00,1.14634,1.14694,1.14632,1.14692,3544
1784182500,2026-07-16 06:15:00+00:00,1.14692,1.14694,1.14657,1.14682,2344
1784183400,2026-07-16 06:30:00+00:00,1.1468099999999999,1.14684,1.1465,1.14667,3180
1784184300,2026-07-16 06:45:00+00:00,1.14667,1.1471,1.14662,1.14686,2823
1784185200,2026-07-16 07:00:00+00:00,1.14687,1.14704,1.14666,1.1468099999999999,3511
1784186100,2026-07-16 07:15:00+00:00,1.1468099999999999,1.14723,1.14677,1.14691,2955
1784187000,2026-07-16 07:30:00+00:00,1.14691,1.14721,1.14673,1.14715,2313
1784187900,2026-07-16 07:45:00+00:00,1.14715,1.14765,1.14686,1.14692,3315
1784188800,2026-07-16 08:00:00+00:00,1.14692,1.1472,1.14635,1.14644,3336
1784189700,2026-07-16 08:15:00+00:00,1.14644,1.14665,1.14625,1.14651,3347
1784190600,2026-07-16 08:30:00+00:00,1.14651,1.14685,1.14648,1.14672,3099
1784191500,2026-07-16 08:45:00+00:00,1.14673,1.14677,1.14628,1.14659,2892
1784192400,2026-07-16 09:00:00+00:00,1.14659,1.14661,1.14626,1.14653,2685
1784193300,2026-07-16 09:15:00+00:00,1.14653,1.14669,1.14628,1.14634,2380
1784194200,2026-07-16 09:30:00+00:00,1.14634,1.14655,1.14605,1.14651,2860
1784195100,2026-07-16 09:45:00+00:00,1.14651,1.14683,1.14651,1.14662,1759
1784196000,2026-07-16 10:00:00+00:00,1.14662,1.14664,1.14643,1.14657,2347
1784196900,2026-07-16 10:15:00+00:00,1.14657,1.14685,1.14649,1.14653,1930
1784197800,2026-07-16 10:30:00+00:00,1.14653,1.14656,1.14621,1.14645,2130
1784198700,2026-07-16 10:45:00+00:00,1.14646,1.14664,1.14593,1.14598,2402
1784199600,2026-07-16 11:00:00+00:00,1.14598,1.14625,1.14588,1.14606,2473
1784200500,2026-07-16 11:15:00+00:00,1.14606,1.14632,1.14581,1.14602,2840
1784201400,2026-07-16 11:30:00+00:00,1.14602,1.14664,1.14601,1.14646,2848
1784202300,2026-07-16 11:45:00+00:00,1.14646,1.1469,1.14564,1.14687,5033
1784203200,2026-07-16 12:00:00+00:00,1.14686,1.1470799999999999,1.1463700000000001,1.1464699999999999,4048
1784204100,2026-07-16 12:15:00+00:00,1.1464699999999999,1.14655,1.14598,1.14633,3952
1784205000,2026-07-16 12:30:00+00:00,1.14633,1.14651,1.14511,1.14526,5388
1784205900,2026-07-16 12:45:00+00:00,1.14526,1.14562,1.14469,1.14477,4981
1784206800,2026-07-16 13:00:00+00:00,1.14477,1.14537,1.14444,1.14535,4546
1784207700,2026-07-16 13:15:00+00:00,1.14535,1.1458599999999999,1.14508,1.14581,3983
1784208600,2026-07-16 13:30:00+00:00,1.14582,1.14593,1.14533,1.14535,5492
1784209500,2026-07-16 13:45:00+00:00,1.14536,1.14562,1.14495,1.14497,4808
1784210400,2026-07-16 14:00:00+00:00,1.14497,1.1454,1.14449,1.14482,4940
1784211300,2026-07-16 14:15:00+00:00,1.14482,1.1452499999999999,1.14468,1.14493,4344
1784212200,2026-07-16 14:30:00+00:00,1.14493,1.14524,1.14423,1.14447,4467
1784213100,2026-07-16 14:45:00+00:00,1.14449,1.14462,1.14399,1.14429,4762
1784214000,2026-07-16 15:00:00+00:00,1.14428,1.14432,1.14365,1.14418,4211
1784214900,2026-07-16 15:15:00+00:00,1.14418,1.14441,1.14399,1.14404,4173
1784215800,2026-07-16 15:30:00+00:00,1.14404,1.14469,1.144,1.14466,3151
1784216700,2026-07-16 15:45:00+00:00,1.14466,1.14497,1.14455,1.1447,2711
1784217600,2026-07-16 16:00:00+00:00,1.1447,1.14472,1.14408,1.14419,2627
1784218500,2026-07-16 16:15:00+00:00,1.14419,1.14431,1.14355,1.14362,3639
1784219400,2026-07-16 16:30:00+00:00,1.14362,1.14387,1.14346,1.14371,2439
1784220300,2026-07-16 16:45:00+00:00,1.14371,1.14382,1.1434199999999999,1.14349,2516
1784221200,2026-07-16 17:00:00+00:00,1.14349,1.14352,1.14311,1.14319,2861
1784222100,2026-07-16 17:15:00+00:00,1.14319,1.14353,1.14317,1.14351,1687
1784223000,2026-07-16 17:30:00+00:00,1.14351,1.14358,1.14326,1.14347,2223
1784223900,2026-07-16 17:45:00+00:00,1.14347,1.14385,1.14344,1.14365,2377
1784224800,2026-07-16 18:00:00+00:00,1.14365,1.14381,1.14348,1.14377,2565
1784225700,2026-07-16 18:15:00+00:00,1.14377,1.1439300000000001,1.14363,1.1436600000000001,2430
1784226600,2026-07-16 18:30:00+00:00,1.1436600000000001,1.14378,1.14356,1.1437599999999999,1783
1784227500,2026-07-16 18:45:00+00:00,1.1437599999999999,1.14388,1.14368,1.14384,1886
1784228400,2026-07-16 19:00:00+00:00,1.14384,1.144,1.14373,1.14375,2195
1784229300,2026-07-16 19:15:00+00:00,1.14374,1.14377,1.14343,1.14352,1718
1784230200,2026-07-16 19:30:00+00:00,1.14352,1.1438,1.1435,1.14373,1866
1784231100,2026-07-16 19:45:00+00:00,1.14373,1.14418,1.14371,1.14405,2370
1784232000,2026-07-16 20:00:00+00:00,1.14405,1.14421,1.14398,1.1440299999999999,2065
1784232900,2026-07-16 20:15:00+00:00,1.1440299999999999,1.14409,1.14385,1.14396,874
1784233800,2026-07-16 20:30:00+00:00,1.14396,1.14442,1.1439300000000001,1.14429,1204
1784234700,2026-07-16 20:45:00+00:00,1.14429,1.14446,1.14426,1.14428,943
1784235600,2026-07-16 21:00:00+00:00,1.14418,1.14429,1.14395,1.14425,137
1784236500,2026-07-16 21:15:00+00:00,1.14424,1.14433,1.14412,1.1443,199
1784237400,2026-07-16 21:30:00+00:00,1.1443,1.1443699999999999,1.14417,1.14429,124
1784238300,2026-07-16 21:45:00+00:00,1.14429,1.14431,1.1442700000000001,1.1443,53
1784239200,2026-07-16 22:00:00+00:00,1.1443,1.14451,1.1442700000000001,1.14443,636
1784240100,2026-07-16 22:15:00+00:00,1.14443,1.14445,1.14432,1.14438,548
1784241000,2026-07-16 22:30:00+00:00,1.14438,1.14441,1.14429,1.14431,467
1784241900,2026-07-16 22:45:00+00:00,1.14431,1.1443699999999999,1.14422,1.14435,917
1784242800,2026-07-16 23:00:00+00:00,1.14435,1.14444,1.14426,1.14441,857
1784243700,2026-07-16 23:15:00+00:00,1.14441,1.14456,1.14438,1.14449,443
1784244600,2026-07-16 23:30:00+00:00,1.14449,1.14467,1.14443,1.14452,628
1784245500,2026-07-16 23:45:00+00:00,1.14452,1.14455,1.14436,1.14451,1106
1784246400,2026-07-17 00:00:00+00:00,1.14451,1.1446399999999999,1.14438,1.14444,2162
1784247300,2026-07-17 00:15:00+00:00,1.14444,1.14459,1.14417,1.1442,2138
1784248200,2026-07-17 00:30:00+00:00,1.1442,1.14435,1.14412,1.14414,2072
1784249100,2026-07-17 00:45:00+00:00,1.14414,1.1447,1.14413,1.14468,2409
1784250000,2026-07-17 01:00:00+00:00,1.14468,1.14482,1.14434,1.14445,2617
1784250900,2026-07-17 01:15:00+00:00,1.14445,1.14468,1.14433,1.1443699999999999,2261
1784251800,2026-07-17 01:30:00+00:00,1.1443699999999999,1.14446,1.14416,1.14432,2046
1784252700,2026-07-17 01:45:00+00:00,1.14432,1.14433,1.14373,1.14391,2313
1784253600,2026-07-17 02:00:00+00:00,1.14391,1.14416,1.14389,1.14412,2193
1784254500,2026-07-17 02:15:00+00:00,1.14412,1.14416,1.1439,1.1439,1511
1784255400,2026-07-17 02:30:00+00:00,1.1439,1.14402,1.1436600000000001,1.14381,2000
1784256300,2026-07-17 02:45:00+00:00,1.14381,1.14396,1.1436600000000001,1.14369,1699
1784257200,2026-07-17 03:00:00+00:00,1.14369,1.14402,1.14364,1.1438,1926
1784258100,2026-07-17 03:15:00+00:00,1.1438,1.14402,1.14379,1.1439300000000001,1533
1784259000,2026-07-17 03:30:00+00:00,1.1439300000000001,1.144,1.14358,1.14363,1484
1784259900,2026-07-17 03:45:00+00:00,1.14363,1.14396,1.14358,1.14394,1647
1784260800,2026-07-17 04:00:00+00:00,1.14394,1.14396,1.14377,1.1438,1607
1784261700,2026-07-17 04:15:00+00:00,1.1438,1.14385,1.1436,1.14365,1704
1784262600,2026-07-17 04:30:00+00:00,1.14364,1.14382,1.14358,1.14368,1917
1784263500,2026-07-17 04:45:00+00:00,1.14368,1.14381,1.14345,1.1436,1594
1784264400,2026-07-17 05:00:00+00:00,1.14361,1.14372,1.14357,1.14365,1242
1784265300,2026-07-17 05:15:00+00:00,1.14365,1.14382,1.14356,1.14371,1889
1784266200,2026-07-17 05:30:00+00:00,1.14372,1.14436,1.14369,1.14417,2634
1784267100,2026-07-17 05:45:00+00:00,1.14417,1.14435,1.14391,1.14398,1915
1784268000,2026-07-17 06:00:00+00:00,1.14397,1.14461,1.14396,1.1446,3224
1784268900,2026-07-17 06:15:00+00:00,1.1446,1.14513,1.14456,1.14485,2497
1784269800,2026-07-17 06:30:00+00:00,1.14485,1.14517,1.14477,1.14495,2874
1784270700,2026-07-17 06:45:00+00:00,1.14495,1.14522,1.14483,1.1449799999999999,3170
1784271600,2026-07-17 07:00:00+00:00,1.1449799999999999,1.14523,1.14472,1.1449,3196
1784272500,2026-07-17 07:15:00+00:00,1.1449,1.14493,1.14442,1.14468,2726
1784273400,2026-07-17 07:30:00+00:00,1.1447,1.14501,1.14444,1.1447,2723
1784274300,2026-07-17 07:45:00+00:00,1.14468,1.14496,1.14447,1.14447,2350
1784275200,2026-07-17 08:00:00+00:00,1.14448,1.1448,1.14401,1.14409,3333
1784276100,2026-07-17 08:15:00+00:00,1.14409,1.1441,1.14357,1.14402,4041
1784277000,2026-07-17 08:30:00+00:00,1.14402,1.14438,1.14396,1.14426,3782
1784277900,2026-07-17 08:45:00+00:00,1.14425,1.14434,1.14392,1.14413,2908
1784278800,2026-07-17 09:00:00+00:00,1.14413,1.14424,1.1437,1.14388,3590
1784279700,2026-07-17 09:15:00+00:00,1.14388,1.14426,1.14374,1.1442,2783
1784280600,2026-07-17 09:30:00+00:00,1.14418,1.1442,1.14362,1.14377,2798
1784281500,2026-07-17 09:45:00+00:00,1.14377,1.14407,1.14374,1.14405,2663
1784282400,2026-07-17 10:00:00+00:00,1.14405,1.14405,1.14357,1.14392,2894
1784283300,2026-07-17 10:15:00+00:00,1.14391,1.14405,1.14312,1.14323,2816
1784284200,2026-07-17 10:30:00+00:00,1.14323,1.14339,1.14308,1.14326,2419
1784285100,2026-07-17 10:45:00+00:00,1.14326,1.14333,1.14262,1.14269,3057
1784286000,2026-07-17 11:00:00+00:00,1.14269,1.14303,1.14245,1.14289,3176
1784286900,2026-07-17 11:15:00+00:00,1.14289,1.14308,1.14272,1.1430500000000001,2772
1784287800,2026-07-17 11:30:00+00:00,1.1430500000000001,1.14362,1.14299,1.14335,2648
1784288700,2026-07-17 11:45:00+00:00,1.14334,1.1435,1.14293,1.14303,2690
1784289600,2026-07-17 12:00:00+00:00,1.14303,1.14355,1.14301,1.1433,2996
1784290500,2026-07-17 12:15:00+00:00,1.1433,1.14346,1.14308,1.14343,2483
1784291400,2026-07-17 12:30:00+00:00,1.14343,1.14344,1.14259,1.14269,3039
1784292300,2026-07-17 12:45:00+00:00,1.14269,1.14294,1.14249,1.14292,3560
1784293200,2026-07-17 13:00:00+00:00,1.14291,1.1432,1.14257,1.14294,3962
1784294100,2026-07-17 13:15:00+00:00,1.14294,1.14299,1.1424400000000001,1.14253,4150
1784295000,2026-07-17 13:30:00+00:00,1.14253,1.14331,1.14248,1.1432,5742
1784295900,2026-07-17 13:45:00+00:00,1.1432,1.14368,1.14302,1.14361,5225
1784296800,2026-07-17 14:00:00+00:00,1.14361,1.1437599999999999,1.1433,1.14364,4366
1784297700,2026-07-17 14:15:00+00:00,1.14364,1.14412,1.14343,1.14356,3815
1784298600,2026-07-17 14:30:00+00:00,1.14354,1.14426,1.14349,1.14422,3946
1784299500,2026-07-17 14:45:00+00:00,1.14421,1.14442,1.1438,1.14399,4098
1784300400,2026-07-17 15:00:00+00:00,1.14399,1.14433,1.14386,1.14394,4572
1784301300,2026-07-17 15:15:00+00:00,1.14394,1.14446,1.14392,1.14416,3069
1784302200,2026-07-17 15:30:00+00:00,1.14416,1.1442700000000001,1.14371,1.14373,3870
1784303100,2026-07-17 15:45:00+00:00,1.14373,1.14412,1.14373,1.14401,3222
1784304000,2026-07-17 16:00:00+00:00,1.14401,1.14407,1.1434,1.14398,4477
1784304900,2026-07-17 16:15:00+00:00,1.14398,1.14417,1.14378,1.14411,3247
1784305800,2026-07-17 16:30:00+00:00,1.1441,1.14416,1.14388,1.14399,2647
1784306700,2026-07-17 16:45:00+00:00,1.144,1.144,1.14371,1.14383,2066
1784307600,2026-07-17 17:00:00+00:00,1.14384,1.14388,1.1434199999999999,1.14347,2178
1784308500,2026-07-17 17:15:00+00:00,1.14347,1.14362,1.14333,1.14359,2373
1784309400,2026-07-17 17:30:00+00:00,1.14359,1.14362,1.14337,1.1434,2105
1784310300,2026-07-17 17:45:00+00:00,1.1434,1.14351,1.14337,1.1434199999999999,2015
1784311200,2026-07-17 18:00:00+00:00,1.14343,1.14362,1.14336,1.14353,1582
1784312100,2026-07-17 18:15:00+00:00,1.14353,1.14375,1.14343,1.14368,2742
1784313000,2026-07-17 18:30:00+00:00,1.14368,1.14375,1.14354,1.14359,1833
1784313900,2026-07-17 18:45:00+00:00,1.14358,1.1436600000000001,1.14348,1.14353,1815
1784314800,2026-07-17 19:00:00+00:00,1.14353,1.1436600000000001,1.14349,1.1436,1310
1784315700,2026-07-17 19:15:00+00:00,1.14359,1.14371,1.14337,1.14359,2110
1784316600,2026-07-17 19:30:00+00:00,1.1436,1.14391,1.14339,1.14381,1946
1784317500,2026-07-17 19:45:00+00:00,1.14381,1.14416,1.14377,1.14409,2775
1784318400,2026-07-17 20:00:00+00:00,1.1441,1.14426,1.14391,1.14391,1568
1784319300,2026-07-17 20:15:00+00:00,1.14391,1.14398,1.14362,1.14377,920
1784320200,2026-07-17 20:30:00+00:00,1.14377,1.14387,1.14367,1.14375,812
1784321100,2026-07-17 20:45:00+00:00,1.14375,1.14388,1.14363,1.14381,2099
1784494800,2026-07-19 21:00:00+00:00,1.14269,1.143,1.14253,1.14295,78
1784495700,2026-07-19 21:15:00+00:00,1.14295,1.1431,1.14253,1.1431,346
1784496600,2026-07-19 21:30:00+00:00,1.1431,1.14316,1.14286,1.14306,112
1784497500,2026-07-19 21:45:00+00:00,1.14306,1.14316,1.14289,1.14295,80
1784498400,2026-07-19 22:00:00+00:00,1.14295,1.14312,1.14246,1.14297,1884
1784499300,2026-07-19 22:15:00+00:00,1.14297,1.1431499999999999,1.14262,1.14273,2341
1784500200,2026-07-19 22:30:00+00:00,1.14273,1.14301,1.14264,1.1428099999999999,1816
1784501100,2026-07-19 22:45:00+00:00,1.1428099999999999,1.14285,1.14262,1.14264,971
1784502000,2026-07-19 23:00:00+00:00,1.14264,1.1427100000000001,1.1425,1.14251,1344
1784502900,2026-07-19 23:15:00+00:00,1.14253,1.1426,1.14237,1.14253,1044
1784503800,2026-07-19 23:30:00+00:00,1.14253,1.1427100000000001,1.14247,1.14267,999
1784504700,2026-07-19 23:45:00+00:00,1.14267,1.14277,1.14252,1.14276,1910
1784505600,2026-07-20 00:00:00+00:00,1.14276,1.14313,1.14264,1.14296,2816
1784506500,2026-07-20 00:15:00+00:00,1.14296,1.1433,1.14296,1.14325,2547
1784507400,2026-07-20 00:30:00+00:00,1.14325,1.14325,1.14303,1.14317,2232
1784508300,2026-07-20 00:45:00+00:00,1.14316,1.14337,1.14316,1.14334,1937
1784509200,2026-07-20 01:00:00+00:00,1.14334,1.14357,1.1431499999999999,1.14321,2565
1784510100,2026-07-20 01:15:00+00:00,1.1432,1.14347,1.14314,1.14346,2798
1784511000,2026-07-20 01:30:00+00:00,1.14345,1.14358,1.1431499999999999,1.14331,2438
1784511900,2026-07-20 01:45:00+00:00,1.14331,1.1436600000000001,1.14323,1.14361,2079
1784512800,2026-07-20 02:00:00+00:00,1.1436,1.14383,1.14346,1.14364,2320
1784513700,2026-07-20 02:15:00+00:00,1.14364,1.1439300000000001,1.1436,1.14389,1905
1784514600,2026-07-20 02:30:00+00:00,1.14389,1.1443,1.14378,1.14407,2356
1784515500,2026-07-20 02:45:00+00:00,1.14408,1.14426,1.14396,1.1441,1657
1784516400,2026-07-20 03:00:00+00:00,1.1441,1.14415,1.14397,1.14408,1829
1784517300,2026-07-20 03:15:00+00:00,1.14408,1.14417,1.14401,1.14411,1385
1784518200,2026-07-20 03:30:00+00:00,1.14411,1.1442700000000001,1.1440299999999999,1.14423,1545
1784519100,2026-07-20 03:45:00+00:00,1.14423,1.1442700000000001,1.14416,1.14418,1312
1784520000,2026-07-20 04:00:00+00:00,1.14418,1.1443,1.14412,1.14424,1369
1784520900,2026-07-20 04:15:00+00:00,1.14424,1.14448,1.14424,1.14447,1172
1784521800,2026-07-20 04:30:00+00:00,1.14447,1.14452,1.1443699999999999,1.14449,1174
1784522700,2026-07-20 04:45:00+00:00,1.14449,1.14452,1.1444,1.14444,1710
1784523600,2026-07-20 05:00:00+00:00,1.14444,1.1445,1.14423,1.14433,1557
1784524500,2026-07-20 05:15:00+00:00,1.14433,1.14439,1.14418,1.14421,1767
1784525400,2026-07-20 05:30:00+00:00,1.14421,1.14423,1.14402,1.1440299999999999,1316
1784526300,2026-07-20 05:45:00+00:00,1.1440299999999999,1.14424,1.144,1.14401,1248
1784527200,2026-07-20 06:00:00+00:00,1.14401,1.14422,1.14361,1.14369,2160
1784528100,2026-07-20 06:15:00+00:00,1.14369,1.14394,1.14362,1.14365,2160
1784529000,2026-07-20 06:30:00+00:00,1.14365,1.1439300000000001,1.14341,1.14358,2731
1784529900,2026-07-20 06:45:00+00:00,1.14358,1.14396,1.14348,1.14352,2772
1784530800,2026-07-20 07:00:00+00:00,1.14352,1.14396,1.14341,1.14349,2722
1784531700,2026-07-20 07:15:00+00:00,1.14349,1.1442700000000001,1.14344,1.14426,3463
1784532600,2026-07-20 07:30:00+00:00,1.14426,1.14497,1.14418,1.14481,4207
1784533500,2026-07-20 07:45:00+00:00,1.14481,1.1449,1.1442,1.14442,3537
1784534400,2026-07-20 08:00:00+00:00,1.14441,1.14457,1.14416,1.14424,2606
1784535300,2026-07-20 08:15:00+00:00,1.14424,1.14432,1.14378,1.14381,2633
1784536200,2026-07-20 08:30:00+00:00,1.14381,1.1443699999999999,1.14373,1.14409,2092
1784537100,2026-07-20 08:45:00+00:00,1.14409,1.14417,1.1437599999999999,1.14391,2485
1784538000,2026-07-20 09:00:00+00:00,1.14391,1.14399,1.14331,1.14345,2240
1784538900,2026-07-20 09:15:00+00:00,1.1434199999999999,1.14355,1.1430500000000001,1.14307,1998
1784539800,2026-07-20 09:30:00+00:00,1.14306,1.14326,1.14291,1.14317,1962
1784540700,2026-07-20 09:45:00+00:00,1.14317,1.14317,1.14273,1.143,2289
1784541600,2026-07-20 10:00:00+00:00,1.14301,1.14334,1.14284,1.14316,2554
1784542500,2026-07-20 10:15:00+00:00,1.14316,1.14329,1.1431,1.14319,1636
1784543400,2026-07-20 10:30:00+00:00,1.14319,1.14363,1.14311,1.14345,1734
1784544300,2026-07-20 10:45:00+00:00,1.14345,1.14351,1.14304,1.14311,2255
1784545200,2026-07-20 11:00:00+00:00,1.14312,1.14337,1.14285,1.1430500000000001,2854
1784546100,2026-07-20 11:15:00+00:00,1.1430500000000001,1.14336,1.14302,1.14335,1853
1784547000,2026-07-20 11:30:00+00:00,1.14335,1.14405,1.14333,1.14352,5531
1784547900,2026-07-20 11:45:00+00:00,1.14352,1.14353,1.1428099999999999,1.14294,3051
1784548800,2026-07-20 12:00:00+00:00,1.14294,1.14302,1.1421000000000001,1.14224,3903
1784549700,2026-07-20 12:15:00+00:00,1.14224,1.14225,1.14172,1.14192,3345
1784550600,2026-07-20 12:30:00+00:00,1.14192,1.14238,1.14169,1.14198,3037
1784551500,2026-07-20 12:45:00+00:00,1.14198,1.1428099999999999,1.14198,1.14239,3086
1784552400,2026-07-20 13:00:00+00:00,1.14239,1.14248,1.14179,1.14196,3464
1784553300,2026-07-20 13:15:00+00:00,1.14196,1.14206,1.1417,1.14192,3046
1784554200,2026-07-20 13:30:00+00:00,1.14192,1.14201,1.14144,1.14151,4076
1784555100,2026-07-20 13:45:00+00:00,1.14151,1.14185,1.14144,1.14152,3516
1784556000,2026-07-20 14:00:00+00:00,1.14151,1.14165,1.1412,1.14143,3492
1784556900,2026-07-20 14:15:00+00:00,1.14145,1.14178,1.14126,1.14164,3590
1784557800,2026-07-20 14:30:00+00:00,1.14164,1.14164,1.1406399999999999,1.14065,3510
1784558700,2026-07-20 14:45:00+00:00,1.14065,1.14106,1.14024,1.14067,4013
1784559600,2026-07-20 15:00:00+00:00,1.14067,1.14106,1.14048,1.14075,4657
1784560500,2026-07-20 15:15:00+00:00,1.14076,1.14099,1.14053,1.14094,2848
1784561400,2026-07-20 15:30:00+00:00,1.14094,1.14114,1.1407,1.14083,2974
1784562300,2026-07-20 15:45:00+00:00,1.14083,1.14126,1.14081,1.14113,2801
1784563200,2026-07-20 16:00:00+00:00,1.14113,1.1416,1.14107,1.14157,2731
1784564100,2026-07-20 16:15:00+00:00,1.14157,1.14172,1.14133,1.1414,2315
1784565000,2026-07-20 16:30:00+00:00,1.14141,1.14154,1.14075,1.14111,3197
1784565900,2026-07-20 16:45:00+00:00,1.14111,1.14119,1.14097,1.14115,2281
1784566800,2026-07-20 17:00:00+00:00,1.14115,1.14148,1.14112,1.14118,2555
1784567700,2026-07-20 17:15:00+00:00,1.14117,1.14156,1.14117,1.1414900000000001,2171
1784568600,2026-07-20 17:30:00+00:00,1.1414900000000001,1.14152,1.14127,1.14134,1914
1784569500,2026-07-20 17:45:00+00:00,1.14133,1.1414900000000001,1.14126,1.14139,1732
1784570400,2026-07-20 18:00:00+00:00,1.14139,1.14169,1.14139,1.14169,1695
1784571300,2026-07-20 18:15:00+00:00,1.14169,1.1419,1.14163,1.14172,1814
1784572200,2026-07-20 18:30:00+00:00,1.14172,1.14174,1.14138,1.14141,1587
1784573100,2026-07-20 18:45:00+00:00,1.14141,1.14157,1.14131,1.14153,1538
1784574000,2026-07-20 19:00:00+00:00,1.14153,1.14165,1.14137,1.14143,1421
1784574900,2026-07-20 19:15:00+00:00,1.14143,1.14181,1.14133,1.14174,2049
1784575800,2026-07-20 19:30:00+00:00,1.14174,1.14182,1.14156,1.14161,1720
1784576700,2026-07-20 19:45:00+00:00,1.14161,1.14176,1.14146,1.14156,2101
1784577600,2026-07-20 20:00:00+00:00,1.14156,1.1417,1.14135,1.14141,1240
1784578500,2026-07-20 20:15:00+00:00,1.14141,1.1415,1.14126,1.14146,860
1784579400,2026-07-20 20:30:00+00:00,1.14146,1.14151,1.14126,1.14134,712
1784580300,2026-07-20 20:45:00+00:00,1.14134,1.14146,1.14128,1.14141,882
1784581200,2026-07-20 21:00:00+00:00,1.14136,1.1417,1.1412200000000001,1.14163,192
1784582100,2026-07-20 21:15:00+00:00,1.14163,1.14165,1.14124,1.1413,98
1784583000,2026-07-20 21:30:00+00:00,1.1413,1.14134,1.1411,1.1412200000000001,141
1784583900,2026-07-20 21:45:00+00:00,1.1412200000000001,1.1412499999999999,1.14115,1.1412,140
1784584800,2026-07-20 22:00:00+00:00,1.14116,1.14126,1.14101,1.1412,3384
1784585700,2026-07-20 22:15:00+00:00,1.14119,1.14128,1.14116,1.14118,667
1784586600,2026-07-20 22:30:00+00:00,1.14118,1.14123,1.14113,1.1412,631
1784587500,2026-07-20 22:45:00+00:00,1.1412,1.14139,1.1412,1.1413,1008
1784588400,2026-07-20 23:00:00+00:00,1.1413,1.14138,1.1412499999999999,1.14137,780
1784589300,2026-07-20 23:15:00+00:00,1.14137,1.14142,1.14127,1.1413,673
1784590200,2026-07-20 23:30:00+00:00,1.1413,1.14138,1.1413,1.14133,381
1784591100,2026-07-20 23:45:00+00:00,1.14133,1.14162,1.1413,1.1416,1072
1784592000,2026-07-21 00:00:00+00:00,1.1416,1.14185,1.14151,1.14161,2330
1784592900,2026-07-21 00:15:00+00:00,1.14161,1.14164,1.14121,1.1413,1380
1784593800,2026-07-21 00:30:00+00:00,1.14128,1.14144,1.14115,1.14144,1218
1784594700,2026-07-21 00:45:00+00:00,1.14144,1.14163,1.14131,1.14134,2185
1784595600,2026-07-21 01:00:00+00:00,1.14134,1.14156,1.1412200000000001,1.14132,1921
1784596500,2026-07-21 01:15:00+00:00,1.14132,1.14168,1.14129,1.14148,2359
1784597400,2026-07-21 01:30:00+00:00,1.14148,1.14163,1.1412499999999999,1.1415899999999999,2243
1784598300,2026-07-21 01:45:00+00:00,1.1415899999999999,1.14163,1.14142,1.14146,1937
1784599200,2026-07-21 02:00:00+00:00,1.14146,1.14163,1.14146,1.14151,1604
1784600100,2026-07-21 02:15:00+00:00,1.14151,1.14164,1.14134,1.14135,1619
1784601000,2026-07-21 02:30:00+00:00,1.14135,1.14154,1.14134,1.14134,1475
1784601900,2026-07-21 02:45:00+00:00,1.14134,1.14134,1.14104,1.14111,1200
1784602800,2026-07-21 03:00:00+00:00,1.14111,1.14127,1.14089,1.1409799999999999,1283
1784603700,2026-07-21 03:15:00+00:00,1.1409799999999999,1.14119,1.14094,1.1411,1448
1784604600,2026-07-21 03:30:00+00:00,1.1411,1.14133,1.1411,1.14129,1339
1784605500,2026-07-21 03:45:00+00:00,1.14129,1.14155,1.14123,1.14126,1250
1784606400,2026-07-21 04:00:00+00:00,1.14126,1.14154,1.1412200000000001,1.1415,1292
1784607300,2026-07-21 04:15:00+00:00,1.1414900000000001,1.1415899999999999,1.14145,1.14146,845
1784608200,2026-07-21 04:30:00+00:00,1.14146,1.14169,1.14146,1.14166,1152
1784609100,2026-07-21 04:45:00+00:00,1.14166,1.14182,1.14161,1.1418,1197
1784610000,2026-07-21 05:00:00+00:00,1.1418,1.14194,1.14158,1.1416,1558
1784610900,2026-07-21 05:15:00+00:00,1.1416,1.14178,1.1416,1.14173,1392
1784611800,2026-07-21 05:30:00+00:00,1.14173,1.14219,1.14172,1.14216,1519
1784612700,2026-07-21 05:45:00+00:00,1.14216,1.14217,1.14171,1.14177,1339
1784613600,2026-07-21 06:00:00+00:00,1.14177,1.14205,1.14174,1.14192,2070
1784614500,2026-07-21 06:15:00+00:00,1.14192,1.14221,1.14188,1.14201,1920
1784615400,2026-07-21 06:30:00+00:00,1.14202,1.14227,1.1419,1.1421999999999999,2133
1784616300,2026-07-21 06:45:00+00:00,1.1421999999999999,1.14238,1.142,1.14214,2530
1784617200,2026-07-21 07:00:00+00:00,1.14214,1.14268,1.14214,1.14222,3034
1784618100,2026-07-21 07:15:00+00:00,1.14221,1.14277,1.14219,1.1424400000000001,3003
1784619000,2026-07-21 07:30:00+00:00,1.1424400000000001,1.14253,1.14221,1.14227,2289
1784619900,2026-07-21 07:45:00+00:00,1.14227,1.14237,1.14206,1.14228,2761
1784620800,2026-07-21 08:00:00+00:00,1.14228,1.1424,1.14212,1.14233,2621
1784621700,2026-07-21 08:15:00+00:00,1.14233,1.14263,1.1421999999999999,1.14227,2590
1784622600,2026-07-21 08:30:00+00:00,1.14227,1.14235,1.1418300000000001,1.14233,2286
1784623500,2026-07-21 08:45:00+00:00,1.14233,1.14237,1.14204,1.14209,1993
1784624400,2026-07-21 09:00:00+00:00,1.14209,1.14234,1.14209,1.14224,1906
1784625300,2026-07-21 09:15:00+00:00,1.14224,1.14252,1.14206,1.14209,2214
1784626200,2026-07-21 09:30:00+00:00,1.1421000000000001,1.14287,1.14202,1.14235,2329
1784627100,2026-07-21 09:45:00+00:00,1.14236,1.14256,1.14224,1.14224,1998
1784628000,2026-07-21 10:00:00+00:00,1.14224,1.14278,1.14217,1.14243,2614
1784628900,2026-07-21 10:15:00+00:00,1.1424400000000001,1.14276,1.1424,1.14272,1923
1784629800,2026-07-21 10:30:00+00:00,1.14272,1.14287,1.14243,1.14248,1973
1784630700,2026-07-21 10:45:00+00:00,1.14248,1.14248,1.142,1.14203,2420
1784631600,2026-07-21 11:00:00+00:00,1.14203,1.14213,1.14164,1.14199,3505
1784632500,2026-07-21 11:15:00+00:00,1.14199,1.14217,1.14182,1.14205,2185
1784633400,2026-07-21 11:30:00+00:00,1.14205,1.1423,1.142,1.14226,1907
1784634300,2026-07-21 11:45:00+00:00,1.14226,1.14227,1.14177,1.14191,2696
1784635200,2026-07-21 12:00:00+00:00,1.14191,1.14206,1.14161,1.14171,2337
1784636100,2026-07-21 12:15:00+00:00,1.14172,1.14178,1.14148,1.14158,3072
1784637000,2026-07-21 12:30:00+00:00,1.14158,1.14189,1.14133,1.14154,3149
1784637900,2026-07-21 12:45:00+00:00,1.14154,1.14185,1.1414900000000001,1.14172,2913
1784638800,2026-07-21 13:00:00+00:00,1.14172,1.14181,1.14136,1.14165,2643
1784639700,2026-07-21 13:15:00+00:00,1.14165,1.14167,1.14095,1.14108,2556
1784640600,2026-07-21 13:30:00+00:00,1.14108,1.14137,1.14054,1.14063,4578
1784641500,2026-07-21 13:45:00+00:00,1.14062,1.14127,1.14058,1.14115,4625
1784642400,2026-07-21 14:00:00+00:00,1.14115,1.14196,1.14112,1.1419,3764
1784643300,2026-07-21 14:15:00+00:00,1.1419,1.1419,1.14096,1.14101,3008
1784644200,2026-07-21 14:30:00+00:00,1.14101,1.14112,1.1403699999999999,1.14079,3556
1784645100,2026-07-21 14:45:00+00:00,1.14079,1.1409,1.14025,1.14058,4468
1784646000,2026-07-21 15:00:00+00:00,1.14058,1.1406399999999999,1.1402700000000001,1.14055,3461
1784646900,2026-07-21 15:15:00+00:00,1.14055,1.14116,1.14052,1.1409,3083
1784647800,2026-07-21 15:30:00+00:00,1.1409,1.14116,1.14056,1.14059,2915
1784648700,2026-07-21 15:45:00+00:00,1.14059,1.14075,1.14038,1.14075,1824
1784649600,2026-07-21 16:00:00+00:00,1.14075,1.1409799999999999,1.14069,1.14081,1698
1784650500,2026-07-21 16:15:00+00:00,1.14081,1.14092,1.14073,1.14082,1328
1784651400,2026-07-21 16:30:00+00:00,1.14082,1.14109,1.14069,1.14099,1648
1784652300,2026-07-21 16:45:00+00:00,1.14099,1.14102,1.14077,1.14082,1431
1784653200,2026-07-21 17:00:00+00:00,1.14082,1.14095,1.14072,1.14091,1606
1784654100,2026-07-21 17:15:00+00:00,1.1409,1.14105,1.14079,1.14105,1052
1784655000,2026-07-21 17:30:00+00:00,1.14105,1.14107,1.14069,1.14077,856
1784655900,2026-07-21 17:45:00+00:00,1.14077,1.14085,1.14063,1.1407,1201
1784656800,2026-07-21 18:00:00+00:00,1.1407,1.14071,1.14011,1.14018,2352
1784657700,2026-07-21 18:15:00+00:00,1.14018,1.14034,1.13986,1.1402700000000001,1897
1784658600,2026-07-21 18:30:00+00:00,1.14026,1.1403,1.13991,1.14012,1736
1784659500,2026-07-21 18:45:00+00:00,1.14012,1.14031,1.14007,1.1403,1366
1784660400,2026-07-21 19:00:00+00:00,1.1403,1.14042,1.14008,1.14018,1645
1784661300,2026-07-21 19:15:00+00:00,1.14018,1.14041,1.14015,1.14032,1418
1784662200,2026-07-21 19:30:00+00:00,1.14032,1.14035,1.14002,1.1401,1355
1784663100,2026-07-21 19:45:00+00:00,1.1401,1.14031,1.14007,1.14016,1776
1784664000,2026-07-21 20:00:00+00:00,1.14016,1.14032,1.14008,1.14009,1232
1784664900,2026-07-21 20:15:00+00:00,1.14009,1.14015,1.13994,1.1401,744
1784665800,2026-07-21 20:30:00+00:00,1.1401,1.14014,1.14004,1.14005,657
1784666700,2026-07-21 20:45:00+00:00,1.14005,1.14012,1.13972,1.13978,1199
1784667600,2026-07-21 21:00:00+00:00,1.13978,1.13992,1.13959,1.13979,111
1784668500,2026-07-21 21:15:00+00:00,1.13979,1.13979,1.13971,1.13971,45
1784669400,2026-07-21 21:30:00+00:00,1.13971,1.14015,1.13971,1.14002,179
1784670300,2026-07-21 21:45:00+00:00,1.1400299999999999,1.14009,1.13996,1.14007,64
1784671200,2026-07-21 22:00:00+00:00,1.14007,1.14012,1.13989,1.1399,1209
1784672100,2026-07-21 22:15:00+00:00,1.13991,1.14006,1.13989,1.14001,796
1784673000,2026-07-21 22:30:00+00:00,1.14001,1.14006,1.13995,1.1400000000000001,832
1784673900,2026-07-21 22:45:00+00:00,1.14001,1.1400299999999999,1.1399,1.13995,751
1784674800,2026-07-21 23:00:00+00:00,1.13995,1.13998,1.1398,1.13991,489
1784675700,2026-07-21 23:15:00+00:00,1.13991,1.13998,1.13987,1.13991,349
1784676600,2026-07-21 23:30:00+00:00,1.13991,1.1401,1.13991,1.14007,458
1784677500,2026-07-21 23:45:00+00:00,1.14007,1.14026,1.13999,1.14022,797
1784678400,2026-07-22 00:00:00+00:00,1.14021,1.14042,1.1401,1.14038,2258
1784679300,2026-07-22 00:15:00+00:00,1.14038,1.14073,1.14034,1.14067,2316
1784680200,2026-07-22 00:30:00+00:00,1.14067,1.14073,1.14025,1.14033,2381
1784681100,2026-07-22 00:45:00+00:00,1.14033,1.14045,1.14016,1.14039,2063
1784682000,2026-07-22 01:00:00+00:00,1.14039,1.14068,1.14039,1.14057,2084
1784682900,2026-07-22 01:15:00+00:00,1.14057,1.1406399999999999,1.14023,1.14038,1499
1784683800,2026-07-22 01:30:00+00:00,1.14038,1.14039,1.13986,1.1401,2100
1784684700,2026-07-22 01:45:00+00:00,1.1401,1.14032,1.1401,1.14031,1606
1784685600,2026-07-22 02:00:00+00:00,1.14031,1.14051,1.1401,1.14046,1726
1784686500,2026-07-22 02:15:00+00:00,1.14046,1.14103,1.14039,1.14079,1516
1784687400,2026-07-22 02:30:00+00:00,1.14079,1.14084,1.14062,1.14072,1837
1784688300,2026-07-22 02:45:00+00:00,1.14072,1.14087,1.14055,1.14056,1459
1784689200,2026-07-22 03:00:00+00:00,1.14056,1.14075,1.14042,1.14058,1603
1784690100,2026-07-22 03:15:00+00:00,1.14057,1.14081,1.14055,1.14075,1337
1784691000,2026-07-22 03:30:00+00:00,1.14075,1.14079,1.14057,1.14062,1198
1784691900,2026-07-22 03:45:00+00:00,1.14062,1.14076,1.14057,1.14075,1058
1784692800,2026-07-22 04:00:00+00:00,1.14075,1.14077,1.14048,1.14057,1293
1784693700,2026-07-22 04:15:00+00:00,1.14057,1.14075,1.14056,1.14073,774
1784694600,2026-07-22 04:30:00+00:00,1.14073,1.14086,1.1407,1.14084,936
1784695500,2026-07-22 04:45:00+00:00,1.14083,1.14085,1.14072,1.14085,885
1784696400,2026-07-22 05:00:00+00:00,1.14085,1.14096,1.14075,1.1408,1368
1784697300,2026-07-22 05:15:00+00:00,1.14081,1.14097,1.1407,1.14073,1559
1784698200,2026-07-22 05:30:00+00:00,1.14073,1.14076,1.14054,1.14072,1613
1784699100,2026-07-22 05:45:00+00:00,1.14074,1.14097,1.14059,1.14096,1971
1784700000,2026-07-22 06:00:00+00:00,1.14096,1.14139,1.1408800000000001,1.14111,2438
1784700900,2026-07-22 06:15:00+00:00,1.14111,1.14124,1.14075,1.14084,2848
1784701800,2026-07-22 06:30:00+00:00,1.14084,1.14119,1.14071,1.14112,2151
1784702700,2026-07-22 06:45:00+00:00,1.14111,1.14124,1.14082,1.1412,2037
1784703600,2026-07-22 07:00:00+00:00,1.14119,1.14131,1.14086,1.1412499999999999,2405
1784704500,2026-07-22 07:15:00+00:00,1.1412499999999999,1.14151,1.14107,1.14131,2424
1784705400,2026-07-22 07:30:00+00:00,1.1413,1.14185,1.14056,1.14066,3755
1784706300,2026-07-22 07:45:00+00:00,1.14066,1.14113,1.14034,1.14095,2908
1784707200,2026-07-22 08:00:00+00:00,1.14095,1.14104,1.14052,1.14052,3325
1784708100,2026-07-22 08:15:00+00:00,1.14052,1.14099,1.14039,1.14084,2298
1784709000,2026-07-22 08:30:00+00:00,1.14084,1.14126,1.14083,1.14113,2937
1784709900,2026-07-22 08:45:00+00:00,1.14113,1.14124,1.14081,1.141,2380
1784710800,2026-07-22 09:00:00+00:00,1.14099,1.14124,1.14081,1.14095,2668
1784711700,2026-07-22 09:15:00+00:00,1.14096,1.14103,1.14076,1.14094,2261
1784712600,2026-07-22 09:30:00+00:00,1.14094,1.14135,1.14084,1.14086,2690
1784713500,2026-07-22 09:45:00+00:00,1.14086,1.14095,1.14042,1.14048,2623
1784714400,2026-07-22 10:00:00+00:00,1.14048,1.1406,1.14004,1.14029,2388
1784715300,2026-07-22 10:15:00+00:00,1.14029,1.14077,1.14022,1.14051,2506
1784716200,2026-07-22 10:30:00+00:00,1.14051,1.14063,1.14034,1.14052,1834
1784717100,2026-07-22 10:45:00+00:00,1.14052,1.14072,1.1402700000000001,1.14035,2463
1784718000,2026-07-22 11:00:00+00:00,1.1403699999999999,1.14051,1.14026,1.14045,2459
1784718900,2026-07-22 11:15:00+00:00,1.14045,1.14065,1.14024,1.14042,1935
1784719800,2026-07-22 11:30:00+00:00,1.14042,1.14067,1.14033,1.14051,3082
1784720700,2026-07-22 11:45:00+00:00,1.14051,1.14075,1.14039,1.14068,3075
1784721600,2026-07-22 12:00:00+00:00,1.14069,1.14116,1.14066,1.14113,3183
1784722500,2026-07-22 12:15:00+00:00,1.14113,1.14118,1.14087,1.14102,2865
1784723400,2026-07-22 12:30:00+00:00,1.14102,1.14139,1.141,1.14113,2760
1784724300,2026-07-22 12:45:00+00:00,1.14113,1.14113,1.14038,1.14078,3180
1784725200,2026-07-22 13:00:00+00:00,1.14078,1.1412499999999999,1.14073,1.14102,2945
1784726100,2026-07-22 13:15:00+00:00,1.14102,1.1417,1.14089,1.14153,3051
1784727000,2026-07-22 13:30:00+00:00,1.14153,1.14218,1.14153,1.14178,3805
1784727900,2026-07-22 13:45:00+00:00,1.14179,1.14185,1.14118,1.14136,3909
1784728800,2026-07-22 14:00:00+00:00,1.14136,1.14177,1.14106,1.14164,3404
1784729700,2026-07-22 14:15:00+00:00,1.14165,1.14186,1.14108,1.14115,3885
1784730600,2026-07-22 14:30:00+00:00,1.14115,1.14135,1.14099,1.14111,3350
1784731500,2026-07-22 14:45:00+00:00,1.1411,1.14132,1.14077,1.14092,3927
1784732400,2026-07-22 15:00:00+00:00,1.14092,1.14116,1.14082,1.14099,3089
1784733300,2026-07-22 15:15:00+00:00,1.14099,1.14141,1.14082,1.14136,2026
1784734200,2026-07-22 15:30:00+00:00,1.14137,1.1414,1.14075,1.14102,2756
1784735100,2026-07-22 15:45:00+00:00,1.14102,1.1414,1.14096,1.14138,2654
1784736000,2026-07-22 16:00:00+00:00,1.14138,1.14142,1.1406399999999999,1.14073,2230
1784736900,2026-07-22 16:15:00+00:00,1.14074,1.14119,1.14062,1.1411,2364
1784737800,2026-07-22 16:30:00+00:00,1.1411,1.14124,1.14075,1.1408800000000001,2117
1784738700,2026-07-22 16:45:00+00:00,1.1408800000000001,1.14102,1.14076,1.14092,1371
1784739600,2026-07-22 17:00:00+00:00,1.14092,1.14127,1.14087,1.14113,1585
1784740500,2026-07-22 17:15:00+00:00,1.14113,1.14128,1.14107,1.14114,2094
1784741400,2026-07-22 17:30:00+00:00,1.14114,1.14117,1.1408,1.1409799999999999,1569
1784742300,2026-07-22 17:45:00+00:00,1.1409799999999999,1.14114,1.1408800000000001,1.141,1710
1784743200,2026-07-22 18:00:00+00:00,1.141,1.14108,1.1408,1.1408800000000001,1393
1784744100,2026-07-22 18:15:00+00:00,1.1408800000000001,1.14108,1.14083,1.14103,1412
1784745000,2026-07-22 18:30:00+00:00,1.14103,1.14112,1.1409,1.14092,1566
1784745900,2026-07-22 18:45:00+00:00,1.14092,1.14113,1.1409,1.1411,1658
1784746800,2026-07-22 19:00:00+00:00,1.1411,1.1412499999999999,1.14096,1.14097,1331
1784747700,2026-07-22 19:15:00+00:00,1.14097,1.14119,1.14096,1.1411,1024
1784748600,2026-07-22 19:30:00+00:00,1.1411,1.14115,1.14102,1.14111,1095
1784749500,2026-07-22 19:45:00+00:00,1.14112,1.14123,1.14092,1.14114,1859
1784750400,2026-07-22 20:00:00+00:00,1.14114,1.14128,1.14105,1.14116,1876
1784751300,2026-07-22 20:15:00+00:00,1.14116,1.14127,1.14114,1.14115,794
1784752200,2026-07-22 20:30:00+00:00,1.14115,1.14126,1.14107,1.1412200000000001,945
1784753100,2026-07-22 20:45:00+00:00,1.1412200000000001,1.14126,1.14112,1.14117,1190
1784754000,2026-07-22 21:00:00+00:00,1.14108,1.14108,1.14036,1.14103,128
1784754900,2026-07-22 21:15:00+00:00,1.14103,1.14105,1.14073,1.14086,144
1784755800,2026-07-22 21:30:00+00:00,1.14086,1.1409799999999999,1.14072,1.14072,110
1784756700,2026-07-22 21:45:00+00:00,1.14072,1.1409,1.14069,1.14087,215
1784757600,2026-07-22 22:00:00+00:00,1.14087,1.14095,1.14071,1.14079,938
1784758500,2026-07-22 22:15:00+00:00,1.1408,1.14084,1.14072,1.14079,790
1784759400,2026-07-22 22:30:00+00:00,1.14079,1.14083,1.14059,1.1406399999999999,998
1784760300,2026-07-22 22:45:00+00:00,1.1406399999999999,1.14084,1.1406,1.14081,974
1784761200,2026-07-22 23:00:00+00:00,1.14081,1.14099,1.14081,1.14094,677
1784762100,2026-07-22 23:15:00+00:00,1.14094,1.14105,1.1408800000000001,1.14101,537
1784763000,2026-07-22 23:30:00+00:00,1.14101,1.14114,1.14097,1.14109,473
1784763900,2026-07-22 23:45:00+00:00,1.14109,1.14119,1.141,1.14114,1286
1784764800,2026-07-23 00:00:00+00:00,1.14114,1.14138,1.14111,1.14113,1980
1784765700,2026-07-23 00:15:00+00:00,1.14113,1.14142,1.14105,1.14119,1595
1784766600,2026-07-23 00:30:00+00:00,1.14119,1.1414,1.14118,1.14135,1285
1784767500,2026-07-23 00:45:00+00:00,1.14134,1.14177,1.14117,1.14174,1799
1784768400,2026-07-23 01:00:00+00:00,1.14174,1.14205,1.1417,1.14174,2066
1784769300,2026-07-23 01:15:00+00:00,1.14174,1.14189,1.14166,1.14175,1575
1784770200,2026-07-23 01:30:00+00:00,1.14175,1.14204,1.14169,1.14175,2911
1784771100,2026-07-23 01:45:00+00:00,1.14175,1.14181,1.1416,1.14165,2446
1784772000,2026-07-23 02:00:00+00:00,1.14165,1.14189,1.14161,1.14182,1647
1784772900,2026-07-23 02:15:00+00:00,1.1418300000000001,1.14206,1.14178,1.14204,1414
1784773800,2026-07-23 02:30:00+00:00,1.14204,1.14262,1.14203,1.14255,1678
1784774700,2026-07-23 02:45:00+00:00,1.14255,1.14284,1.14254,1.14275,1421
1784775600,2026-07-23 03:00:00+00:00,1.14275,1.14294,1.14235,1.14235,1746
1784776500,2026-07-23 03:15:00+00:00,1.14235,1.1429,1.14232,1.14288,1632
1784777400,2026-07-23 03:30:00+00:00,1.14287,1.14302,1.14277,1.14298,1491
1784778300,2026-07-23 03:45:00+00:00,1.14298,1.14307,1.14286,1.14291,1895
1784779200,2026-07-23 04:00:00+00:00,1.14291,1.14357,1.14283,1.1434,2234
1784780100,2026-07-23 04:15:00+00:00,1.1434,1.14351,1.14306,1.14349,1706
1784781000,2026-07-23 04:30:00+00:00,1.14349,1.14358,1.14319,1.14319,1226
1784781900,2026-07-23 04:45:00+00:00,1.14319,1.14343,1.14297,1.14326,1508
1784782800,2026-07-23 05:00:00+00:00,1.14326,1.14351,1.14324,1.14324,1486
1784783700,2026-07-23 05:15:00+00:00,1.14324,1.14326,1.14286,1.14306,1333
1784784600,2026-07-23 05:30:00+00:00,1.14306,1.14311,1.14289,1.143,1348
1784785500,2026-07-23 05:45:00+00:00,1.143,1.14318,1.14293,1.14299,1145
1784786400,2026-07-23 06:00:00+00:00,1.14299,1.14331,1.14283,1.1431499999999999,2454
1784787300,2026-07-23 06:15:00+00:00,1.1431499999999999,1.14319,1.14277,1.14286,2013
1784788200,2026-07-23 06:30:00+00:00,1.14286,1.14288,1.14245,1.14265,1955
1784789100,2026-07-23 06:45:00+00:00,1.14266,1.1428099999999999,1.14238,1.14254,2246
1784790000,2026-07-23 07:00:00+00:00,1.14254,1.1427100000000001,1.1421999999999999,1.1427,3606
1784790900,2026-07-23 07:15:00+00:00,1.14269,1.14277,1.14238,1.14256,2452
1784791800,2026-07-23 07:30:00+00:00,1.14256,1.14276,1.14222,1.14226,2334
1784792700,2026-07-23 07:45:00+00:00,1.14226,1.14257,1.14197,1.1424400000000001,3539
1784793600,2026-07-23 08:00:00+00:00,1.14245,1.14253,1.14193,1.14194,2865
1784794500,2026-07-23 08:15:00+00:00,1.14194,1.14196,1.14158,1.14172,2633
1784795400,2026-07-23 08:30:00+00:00,1.14172,1.14172,1.1407,1.14093,3389
1784796300,2026-07-23 08:45:00+00:00,1.14093,1.14121,1.14085,1.14105,2967
1784797200,2026-07-23 09:00:00+00:00,1.14105,1.14154,1.141,1.14107,2610
1784798100,2026-07-23 09:15:00+00:00,1.14106,1.14133,1.14097,1.14102,1929
1784799000,2026-07-23 09:30:00+00:00,1.14102,1.14146,1.14096,1.14143,2613
1784799900,2026-07-23 09:45:00+00:00,1.14142,1.1414900000000001,1.14115,1.14132,2078
1784800800,2026-07-23 10:00:00+00:00,1.14132,1.14135,1.14086,1.14102,2577
1784801700,2026-07-23 10:15:00+00:00,1.14102,1.14107,1.14058,1.14078,2501
1784802600,2026-07-23 10:30:00+00:00,1.14078,1.14101,1.14063,1.14068,2586
1784803500,2026-07-23 10:45:00+00:00,1.14068,1.14084,1.14031,1.14045,3155
1784804400,2026-07-23 11:00:00+00:00,1.14045,1.14068,1.14024,1.14059,2791
1784805300,2026-07-23 11:15:00+00:00,1.14059,1.14062,1.13971,1.1398,3117
1784806200,2026-07-23 11:30:00+00:00,1.13978,1.13988,1.13833,1.13873,4739
1784807100,2026-07-23 11:45:00+00:00,1.13874,1.13964,1.13873,1.13948,3682
1784808000,2026-07-23 12:00:00+00:00,1.13948,1.13952,1.139,1.13946,2978
1784808900,2026-07-23 12:15:00+00:00,1.13946,1.13959,1.13809,1.13849,3675
1784809800,2026-07-23 12:30:00+00:00,1.13849,1.13857,1.13769,1.1378300000000001,4424
1784810700,2026-07-23 12:45:00+00:00,1.13784,1.13859,1.13757,1.13852,3970
1784811600,2026-07-23 13:00:00+00:00,1.13851,1.13864,1.13681,1.13689,5379
1784812500,2026-07-23 13:15:00+00:00,1.13689,1.13789,1.13683,1.13784,4258
1784813400,2026-07-23 13:30:00+00:00,1.13784,1.13858,1.13774,1.13786,5454
1784814300,2026-07-23 13:45:00+00:00,1.13786,1.13796,1.1372200000000001,1.13726,4961
1784815200,2026-07-23 14:00:00+00:00,1.13726,1.13762,1.13676,1.13716,5642
1784816100,2026-07-23 14:15:00+00:00,1.13716,1.13726,1.13639,1.13703,5221
1784817000,2026-07-23 14:30:00+00:00,1.13703,1.13738,1.13674,1.13677,4311
1784817900,2026-07-23 14:45:00+00:00,1.13677,1.13717,1.13644,1.13715,4726
1784818800,2026-07-23 15:00:00+00:00,1.13715,1.13755,1.13702,1.13736,4667
1784819700,2026-07-23 15:15:00+00:00,1.13736,1.13757,1.1368,1.13713,4732
1784820600,2026-07-23 15:30:00+00:00,1.13713,1.13763,1.13659,1.13733,4964
1784821500,2026-07-23 15:45:00+00:00,1.13734,1.13756,1.13705,1.13726,3399
1784822400,2026-07-23 16:00:00+00:00,1.13727,1.13779,1.13724,1.13773,3180
1784823300,2026-07-23 16:15:00+00:00,1.13773,1.13786,1.13728,1.13784,2937
1784824200,2026-07-23 16:30:00+00:00,1.13784,1.13797,1.13758,1.13785,3150
1784825100,2026-07-23 16:45:00+00:00,1.13786,1.13804,1.13767,1.138,2714
1784826000,2026-07-23 17:00:00+00:00,1.138,1.13811,1.13767,1.13769,3358
1784826900,2026-07-23 17:15:00+00:00,1.13769,1.13786,1.13755,1.1376,2817
1784827800,2026-07-23 17:30:00+00:00,1.1376,1.13763,1.13738,1.13739,2659
1784828700,2026-07-23 17:45:00+00:00,1.13739,1.13752,1.13713,1.13714,2170
1784829600,2026-07-23 18:00:00+00:00,1.13714,1.13752,1.13711,1.13742,2365
1784830500,2026-07-23 18:15:00+00:00,1.13742,1.13756,1.13727,1.13751,2242
1784831400,2026-07-23 18:30:00+00:00,1.13751,1.13764,1.13738,1.13746,1861
1784832300,2026-07-23 18:45:00+00:00,1.13746,1.13765,1.1374,1.13763,1784
1784833200,2026-07-23 19:00:00+00:00,1.13762,1.13782,1.1375,1.13752,1240
1784834100,2026-07-23 19:15:00+00:00,1.13752,1.13771,1.13737,1.13769,2058
1784835000,2026-07-23 19:30:00+00:00,1.13769,1.138,1.13758,1.1376,2193
1784835900,2026-07-23 19:45:00+00:00,1.1375899999999999,1.13788,1.1375,1.13775,2422
1784836800,2026-07-23 20:00:00+00:00,1.13776,1.13796,1.13775,1.13781,1745
1784837700,2026-07-23 20:15:00+00:00,1.13781,1.1379299999999999,1.1377,1.13792,863
1784838600,2026-07-23 20:30:00+00:00,1.13792,1.13801,1.13767,1.13777,839
1784839500,2026-07-23 20:45:00+00:00,1.13777,1.1378300000000001,1.13765,1.13769,1120
1784840400,2026-07-23 21:00:00+00:00,1.1375,1.13774,1.1373,1.13764,156
1784841300,2026-07-23 21:15:00+00:00,1.13764,1.1378,1.13746,1.13771,62
1784842200,2026-07-23 21:30:00+00:00,1.13771,1.1379,1.13763,1.1378,131
1784843100,2026-07-23 21:45:00+00:00,1.1378,1.13802,1.13746,1.13761,239
1784844000,2026-07-23 22:00:00+00:00,1.13761,1.13792,1.13761,1.1378,1091
1784844900,2026-07-23 22:15:00+00:00,1.13779,1.13796,1.13776,1.13779,801
1784845800,2026-07-23 22:30:00+00:00,1.13779,1.13788,1.1377,1.13784,1024
1784846700,2026-07-23 22:45:00+00:00,1.13784,1.13801,1.1378300000000001,1.13794,609
1784847600,2026-07-23 23:00:00+00:00,1.13794,1.138,1.13787,1.13788,651
1784848500,2026-07-23 23:15:00+00:00,1.13788,1.13794,1.13787,1.1379,415
1784849400,2026-07-23 23:30:00+00:00,1.1379,1.138,1.13763,1.13773,1012
1784850300,2026-07-23 23:45:00+00:00,1.13773,1.13791,1.13756,1.13766,1844
1784851200,2026-07-24 00:00:00+00:00,1.13766,1.13805,1.13751,1.13789,3366
1784852100,2026-07-24 00:15:00+00:00,1.13789,1.13804,1.13782,1.13797,2102
1784853000,2026-07-24 00:30:00+00:00,1.13797,1.13798,1.1377,1.13775,1738
1784853900,2026-07-24 00:45:00+00:00,1.13775,1.13842,1.13765,1.13842,2443
1784854800,2026-07-24 01:00:00+00:00,1.13842,1.13864,1.13824,1.13841,2568
1784855700,2026-07-24 01:15:00+00:00,1.13841,1.13861,1.13819,1.1381999999999999,1932
1784856600,2026-07-24 01:30:00+00:00,1.13819,1.13865,1.13817,1.13862,2307
1784857500,2026-07-24 01:45:00+00:00,1.13861,1.13873,1.13834,1.13841,2016
1784858400,2026-07-24 02:00:00+00:00,1.13841,1.1385,1.13829,1.13849,1883
1784859300,2026-07-24 02:15:00+00:00,1.13849,1.13858,1.13834,1.13846,1277
1784860200,2026-07-24 02:30:00+00:00,1.13845,1.13877,1.13842,1.13847,1301
1784861100,2026-07-24 02:45:00+00:00,1.13847,1.13853,1.13808,1.13808,2055
1784862000,2026-07-24 03:00:00+00:00,1.13808,1.13816,1.13777,1.13785,1875
1784862900,2026-07-24 03:15:00+00:00,1.13785,1.13796,1.13778,1.13791,1653
1784863800,2026-07-24 03:30:00+00:00,1.13791,1.13826,1.13788,1.13822,1443
1784864700,2026-07-24 03:45:00+00:00,1.13822,1.13826,1.13806,1.13825,1330
1784865600,2026-07-24 04:00:00+00:00,1.13825,1.13837,1.1381999999999999,1.13835,1660
1784866500,2026-07-24 04:15:00+00:00,1.13835,1.13841,1.13807,1.13807,1622
1784867400,2026-07-24 04:30:00+00:00,1.13808,1.13816,1.13778,1.13778,1612
1784868300,2026-07-24 04:45:00+00:00,1.13778,1.13795,1.13767,1.13792,1635
1784869200,2026-07-24 05:00:00+00:00,1.13791,1.13814,1.1378300000000001,1.13803,1627
1784870100,2026-07-24 05:15:00+00:00,1.13803,1.13825,1.13802,1.13818,1306
1784871000,2026-07-24 05:30:00+00:00,1.13818,1.13835,1.13804,1.1381000000000001,1498
1784871900,2026-07-24 05:45:00+00:00,1.1381000000000001,1.13815,1.13764,1.13778,1610
1784872800,2026-07-24 06:00:00+00:00,1.13778,1.138,1.13773,1.138,2461
1784873700,2026-07-24 06:15:00+00:00,1.138,1.13866,1.13798,1.13856,2199
1784874600,2026-07-24 06:30:00+00:00,1.13856,1.13866,1.13834,1.13838,2762
1784875500,2026-07-24 06:45:00+00:00,1.13838,1.13871,1.13831,1.13869,3016
1784876400,2026-07-24 07:00:00+00:00,1.13869,1.1396,1.13864,1.13938,3330
1784877300,2026-07-24 07:15:00+00:00,1.13936,1.13997,1.13902,1.13973,2970
1784878200,2026-07-24 07:30:00+00:00,1.13973,1.14011,1.13897,1.13927,2926
1784879100,2026-07-24 07:45:00+00:00,1.13928,1.13929,1.13893,1.13899,2264
1784880000,2026-07-24 08:00:00+00:00,1.13899,1.13906,1.13859,1.13882,2443
1784880900,2026-07-24 08:15:00+00:00,1.13882,1.13885,1.13836,1.13876,2474
1784881800,2026-07-24 08:30:00+00:00,1.13876,1.13879,1.13847,1.13858,2963
1784882700,2026-07-24 08:45:00+00:00,1.13858,1.13863,1.13813,1.13835,3191
1784883600,2026-07-24 09:00:00+00:00,1.13835,1.13867,1.13824,1.13852,2280
1784884500,2026-07-24 09:15:00+00:00,1.13851,1.13878,1.13833,1.1387,2594
1784885400,2026-07-24 09:30:00+00:00,1.1387,1.13875,1.13835,1.13861,2340
1784886300,2026-07-24 09:45:00+00:00,1.13861,1.13893,1.13853,1.13891,2479
1784887200,2026-07-24 10:00:00+00:00,1.13891,1.13908,1.13873,1.1388,1901
1784888100,2026-07-24 10:15:00+00:00,1.1388,1.13931,1.13875,1.139,2236
1784889000,2026-07-24 10:30:00+00:00,1.139,1.13919,1.13869,1.13871,1699
1784889900,2026-07-24 10:45:00+00:00,1.13871,1.1388099999999999,1.13809,1.1383,2274
1784890800,2026-07-24 11:00:00+00:00,1.1383,1.13883,1.13815,1.1388099999999999,2755
1784891700,2026-07-24 11:15:00+00:00,1.1388099999999999,1.13883,1.13821,1.13823,2121
1784892600,2026-07-24 11:30:00+00:00,1.13822,1.13829,1.13782,1.13798,2056
1784893500,2026-07-24 11:45:00+00:00,1.13798,1.13812,1.13712,1.13747,3623
1784894400,2026-07-24 12:00:00+00:00,1.13746,1.13784,1.13718,1.13776,3260
1784895300,2026-07-24 12:15:00+00:00,1.13776,1.1378,1.13725,1.13743,2307
1784896200,2026-07-24 12:30:00+00:00,1.13743,1.13762,1.13674,1.13682,2722
1784897100,2026-07-24 12:45:00+00:00,1.13682,1.13717,1.13674,1.13703,2585
1784898000,2026-07-24 13:00:00+00:00,1.13682,1.13726,1.13648,1.13703,2687
1784898900,2026-07-24 13:15:00+00:00,1.13703,1.13741,1.13692,1.13706,3883
1784899800,2026-07-24 13:30:00+00:00,1.13706,1.13736,1.13676,1.13717,4351
1784900700,2026-07-24 13:45:00+00:00,1.13718,1.13768,1.13687,1.13766,4001
1784901600,2026-07-24 14:00:00+00:00,1.13766,1.13795,1.13704,1.1372,4046
1784902500,2026-07-24 14:15:00+00:00,1.1372,1.13785,1.1372,1.13754,4173
1784903400,2026-07-24 14:30:00+00:00,1.13754,1.13792,1.13747,1.13762,2925
1784904300,2026-07-24 14:45:00+00:00,1.13762,1.13809,1.1374900000000001,1.13781,4442
1784905200,2026-07-24 15:00:00+00:00,1.13781,1.13893,1.1377,1.13872,4808
1784906100,2026-07-24 15:15:00+00:00,1.13872,1.13908,1.13843,1.13847,4739
1784907000,2026-07-24 15:30:00+00:00,1.13847,1.13895,1.13837,1.13846,3606
1784907900,2026-07-24 15:45:00+00:00,1.13846,1.13867,1.13825,1.13848,2556
1784908800,2026-07-24 16:00:00+00:00,1.13848,1.1386,1.13816,1.13852,2100
1784909700,2026-07-24 16:15:00+00:00,1.13852,1.13866,1.13818,1.13834,1823
1784910600,2026-07-24 16:30:00+00:00,1.13834,1.1384,1.13794,1.13806,2568
1784911500,2026-07-24 16:45:00+00:00,1.13805,1.13807,1.13777,1.13778,2502
1784912400,2026-07-24 17:00:00+00:00,1.13778,1.1378,1.13703,1.13713,2874
1784913300,2026-07-24 17:15:00+00:00,1.13714,1.13726,1.13686,1.1372,2007
1784914200,2026-07-24 17:30:00+00:00,1.1372,1.13727,1.13683,1.13692,1849
1784915100,2026-07-24 17:45:00+00:00,1.13692,1.13704,1.13675,1.13695,1339
1784916000,2026-07-24 18:00:00+00:00,1.13696,1.13707,1.13678,1.13697,1618
1784916900,2026-07-24 18:15:00+00:00,1.13697,1.13713,1.13677,1.13691,1948
1784917800,2026-07-24 18:30:00+00:00,1.13691,1.137,1.13673,1.1368800000000001,1921
1784918700,2026-07-24 18:45:00+00:00,1.1368800000000001,1.13708,1.13687,1.13699,1587
1784919600,2026-07-24 19:00:00+00:00,1.1369799999999999,1.13714,1.13697,1.13703,2125
1784920500,2026-07-24 19:15:00+00:00,1.13704,1.13707,1.1368,1.13685,1990
1784921400,2026-07-24 19:30:00+00:00,1.13686,1.13723,1.13681,1.13714,2289
1784922300,2026-07-24 19:45:00+00:00,1.13714,1.13718,1.13699,1.13701,1696
1784923200,2026-07-24 20:00:00+00:00,1.13701,1.13707,1.13696,1.1369799999999999,1020
1784924100,2026-07-24 20:15:00+00:00,1.13699,1.13699,1.1368,1.13683,606
1784925000,2026-07-24 20:30:00+00:00,1.13683,1.13694,1.13673,1.13686,683
1784925900,2026-07-24 20:45:00+00:00,1.13685,1.13735,1.13669,1.13705,2116
1785099600,2026-07-26 21:00:00+00:00,1.13885,1.13957,1.13885,1.13921,347
1785100500,2026-07-26 21:15:00+00:00,1.13921,1.13955,1.13909,1.13916,355
1785101400,2026-07-26 21:30:00+00:00,1.13916,1.13938,1.13901,1.13929,168
1785102300,2026-07-26 21:45:00+00:00,1.13929,1.13964,1.13893,1.13898,355
1785103200,2026-07-26 22:00:00+00:00,1.13898,1.1400000000000001,1.13893,1.13933,2701
1785104100,2026-07-26 22:15:00+00:00,1.13934,1.13945,1.1390500000000001,1.13917,1877
1785105000,2026-07-26 22:30:00+00:00,1.13917,1.13923,1.1390500000000001,1.13918,1508
1785105900,2026-07-26 22:45:00+00:00,1.13918,1.1392,1.1388,1.13893,1208
1785106800,2026-07-26 23:00:00+00:00,1.13894,1.13913,1.13889,1.13892,960
1785107700,2026-07-26 23:15:00+00:00,1.13892,1.13901,1.13884,1.13893,904
1785108600,2026-07-26 23:30:00+00:00,1.13893,1.13932,1.13891,1.13926,789
1785109500,2026-07-26 23:45:00+00:00,1.13925,1.13954,1.13914,1.13946,1701
1785110400,2026-07-27 00:00:00+00:00,1.13946,1.14039,1.13946,1.14036,3607
1785111300,2026-07-27 00:15:00+00:00,1.14036,1.1412499999999999,1.14011,1.14109,3390
1785112200,2026-07-27 00:30:00+00:00,1.14109,1.14131,1.14042,1.14045,3158
1785113100,2026-07-27 00:45:00+00:00,1.14044,1.14055,1.14005,1.14017,2570
1785114000,2026-07-27 01:00:00+00:00,1.14017,1.14074,1.14016,1.14052,2619
1785114900,2026-07-27 01:15:00+00:00,1.14052,1.14077,1.14048,1.14062,2210
1785115800,2026-07-27 01:30:00+00:00,1.14062,1.14089,1.14034,1.14077,2133
1785116700,2026-07-27 01:45:00+00:00,1.14077,1.14145,1.14076,1.14143,2429
1785117600,2026-07-27 02:00:00+00:00,1.14143,1.14145,1.14097,1.14102,2826
1785118500,2026-07-27 02:15:00+00:00,1.14103,1.14109,1.14075,1.14104,1338
1785119400,2026-07-27 02:30:00+00:00,1.14104,1.14107,1.14077,1.14086,1811
1785120300,2026-07-27 02:45:00+00:00,1.14086,1.14091,1.14055,1.14055,1648
1785121200,2026-07-27 03:00:00+00:00,1.14055,1.14072,1.1403,1.14036,1631
1785122100,2026-07-27 03:15:00+00:00,1.14036,1.14048,1.1403,1.14036,1201
1785123000,2026-07-27 03:30:00+00:00,1.14036,1.14042,1.14012,1.14033,1459
1785123900,2026-07-27 03:45:00+00:00,1.14033,1.14049,1.14031,1.14038,1306
1785124800,2026-07-27 04:00:00+00:00,1.14038,1.14049,1.14031,1.14045,1407
1785125700,2026-07-27 04:15:00+00:00,1.14045,1.14054,1.14025,1.14031,1020
1785126600,2026-07-27 04:30:00+00:00,1.14031,1.1405,1.14029,1.14034,1098
1785127500,2026-07-27 04:45:00+00:00,1.14034,1.14045,1.1402,1.14035,1182
1785128400,2026-07-27 05:00:00+00:00,1.14036,1.14072,1.14025,1.1407,1487
1785129300,2026-07-27 05:15:00+00:00,1.1407,1.14077,1.14045,1.14063,1193
1785130200,2026-07-27 05:30:00+00:00,1.14062,1.14069,1.14035,1.14047,1445
1785131100,2026-07-27 05:45:00+00:00,1.14048,1.14072,1.14036,1.14062,1223
1785132000,2026-07-27 06:00:00+00:00,1.14062,1.14139,1.14055,1.1412,2587
1785132900,2026-07-27 06:15:00+00:00,1.1412,1.14135,1.14074,1.1413,2316
1785133800,2026-07-27 06:30:00+00:00,1.1413,1.14185,1.14096,1.14151,2795
1785134700,2026-07-27 06:45:00+00:00,1.14151,1.14154,1.14071,1.14082,2625
1785135600,2026-07-27 07:00:00+00:00,1.14082,1.141,1.14045,1.1409799999999999,3037
1785136500,2026-07-27 07:15:00+00:00,1.1409799999999999,1.14101,1.14057,1.14071,3330
1785137400,2026-07-27 07:30:00+00:00,1.14071,1.14071,1.14012,1.14026,3286
1785138300,2026-07-27 07:45:00+00:00,1.14026,1.14032,1.13962,1.13962,2970
1785139200,2026-07-27 08:00:00+00:00,1.13962,1.13996,1.13953,1.13965,3193
1785140100,2026-07-27 08:15:00+00:00,1.13964,1.13974,1.13947,1.13955,3004
1785141000,2026-07-27 08:30:00+00:00,1.13955,1.14016,1.13954,1.13989,2503
1785141900,2026-07-27 08:45:00+00:00,1.1399,1.14034,1.13965,1.14022,2350
1785142800,2026-07-27 09:00:00+00:00,1.14021,1.14035,1.1397599999999999,1.13979,1957
1785143700,2026-07-27 09:15:00+00:00,1.13979,1.13996,1.13952,1.13953,1946
1785144600,2026-07-27 09:30:00+00:00,1.13953,1.13985,1.13946,1.13973,2091
1785145500,2026-07-27 09:45:00+00:00,1.13973,1.13988,1.13957,1.13963,1914
1785146400,2026-07-27 10:00:00+00:00,1.13963,1.14015,1.13934,1.13952,2516
1785147300,2026-07-27 10:15:00+00:00,1.13952,1.14001,1.13952,1.13974,2598
1785148200,2026-07-27 10:30:00+00:00,1.13974,1.14016,1.13967,1.14006,2221
1785149100,2026-07-27 10:45:00+00:00,1.14005,1.14006,1.13944,1.13952,2361
1785150000,2026-07-27 11:00:00+00:00,1.13952,1.13961,1.13914,1.13917,2729
1785150900,2026-07-27 11:15:00+00:00,1.13917,1.13945,1.13912,1.13912,1959
1785151800,2026-07-27 11:30:00+00:00,1.13912,1.13954,1.13908,1.13916,2821
1785152700,2026-07-27 11:45:00+00:00,1.13916,1.13925,1.13851,1.13865,2560
1785153600,2026-07-27 12:00:00+00:00,1.13865,1.1390500000000001,1.13835,1.13843,3306
1785154500,2026-07-27 12:15:00+00:00,1.13843,1.13864,1.13832,1.13833,2703
1785155400,2026-07-27 12:30:00+00:00,1.13833,1.13839,1.13763,1.13805,2388
1785156300,2026-07-27 12:45:00+00:00,1.13805,1.13856,1.13798,1.13834,3245
1785157200,2026-07-27 13:00:00+00:00,1.13834,1.13867,1.13791,1.13837,4223
1785158100,2026-07-27 13:15:00+00:00,1.13838,1.1384,1.13774,1.1379299999999999,3371
1785159000,2026-07-27 13:30:00+00:00,1.13795,1.13837,1.13786,1.13804,4684
1785159900,2026-07-27 13:45:00+00:00,1.13804,1.13814,1.13724,1.13742,4125
1785160800,2026-07-27 14:00:00+00:00,1.13743,1.1377,1.1371,1.1376,4516
1785161700,2026-07-27 14:15:00+00:00,1.13761,1.13764,1.13704,1.13704,3881
1785162600,2026-07-27 14:30:00+00:00,1.13704,1.13745,1.13697,1.13712,3776
1785163500,2026-07-27 14:45:00+00:00,1.13712,1.1375,1.13689,1.13725,3694
1785164400,2026-07-27 15:00:00+00:00,1.13725,1.13735,1.13683,1.13714,3783
1785165300,2026-07-27 15:15:00+00:00,1.13714,1.13768,1.1371,1.13763,3321
1785166200,2026-07-27 15:30:00+00:00,1.13762,1.13765,1.13736,1.13754,2769
1785167100,2026-07-27 15:45:00+00:00,1.13754,1.1378300000000001,1.13735,1.13751,2491
1785168000,2026-07-27 16:00:00+00:00,1.13751,1.13776,1.13736,1.13764,2536
1785168900,2026-07-27 16:15:00+00:00,1.13764,1.13839,1.13761,1.13825,3696
1785169800,2026-07-27 16:30:00+00:00,1.13825,1.13853,1.13817,1.13827,2657
1785170700,2026-07-27 16:45:00+00:00,1.13827,1.13828,1.13787,1.13798,1795
1785171600,2026-07-27 17:00:00+00:00,1.13798,1.13798,1.13725,1.13735,3433
1785172500,2026-07-27 17:15:00+00:00,1.13735,1.13737,1.13695,1.13701,2149
1785173400,2026-07-27 17:30:00+00:00,1.13701,1.1373,1.13686,1.13694,2181
1785174300,2026-07-27 17:45:00+00:00,1.13694,1.13729,1.13687,1.1372200000000001,1892
1785175200,2026-07-27 18:00:00+00:00,1.1372200000000001,1.13739,1.13712,1.13728,1949
1785176100,2026-07-27 18:15:00+00:00,1.13728,1.1373,1.13691,1.13704,1901
1785177000,2026-07-27 18:30:00+00:00,1.13704,1.13727,1.13681,1.1369799999999999,2338
1785177900,2026-07-27 18:45:00+00:00,1.13697,1.13705,1.13673,1.13684,2610
1785178800,2026-07-27 19:00:00+00:00,1.13684,1.13701,1.13672,1.13675,2287
1785179700,2026-07-27 19:15:00+00:00,1.13676,1.13706,1.13672,1.13706,1649
1785180600,2026-07-27 19:30:00+00:00,1.13706,1.13735,1.13702,1.13724,1902
1785181500,2026-07-27 19:45:00+00:00,1.13724,1.13729,1.1369799999999999,1.1369799999999999,2042
1785182400,2026-07-27 20:00:00+00:00,1.1369799999999999,1.13721,1.13697,1.13721,1140
1785183300,2026-07-27 20:15:00+00:00,1.1372,1.13721,1.13701,1.13705,835
1785184200,2026-07-27 20:30:00+00:00,1.13705,1.13706,1.13669,1.13673,905
1785185100,2026-07-27 20:45:00+00:00,1.13673,1.13682,1.13669,1.13673,943
1785186000,2026-07-27 21:00:00+00:00,1.13675,1.13753,1.13665,1.1373199999999999,314
1785186900,2026-07-27 21:15:00+00:00,1.1373199999999999,1.13737,1.13713,1.13723,157
1785187800,2026-07-27 21:30:00+00:00,1.13723,1.13726,1.13692,1.13721,1010
1785188700,2026-07-27 21:45:00+00:00,1.13721,1.1373199999999999,1.13714,1.13724,467
1785189600,2026-07-27 22:00:00+00:00,1.13724,1.13726,1.1368800000000001,1.13701,1161
1785190500,2026-07-27 22:15:00+00:00,1.137,1.13713,1.13691,1.13693,1089
1785191400,2026-07-27 22:30:00+00:00,1.13692,1.13706,1.13691,1.13692,979
1785192300,2026-07-27 22:45:00+00:00,1.13692,1.13696,1.1368800000000001,1.13691,858
1785193200,2026-07-27 23:00:00+00:00,1.13692,1.13705,1.13682,1.13699,1051
1785194100,2026-07-27 23:15:00+00:00,1.137,1.13706,1.13696,1.13704,694
1785195000,2026-07-27 23:30:00+00:00,1.13704,1.13704,1.13687,1.13697,663
1785195900,2026-07-27 23:45:00+00:00,1.13697,1.13703,1.13677,1.13692,1577
1785196800,2026-07-28 00:00:00+00:00,1.13692,1.13695,1.13666,1.13683,2398
1785197700,2026-07-28 00:15:00+00:00,1.13683,1.1373,1.13679,1.13723,2067
1785198600,2026-07-28 00:30:00+00:00,1.13723,1.13738,1.13716,1.13723,1636
1785199500,2026-07-28 00:45:00+00:00,1.13723,1.13746,1.13701,1.13744,1822
1785200400,2026-07-28 01:00:00+00:00,1.13743,1.13774,1.13742,1.13752,2291
1785201300,2026-07-28 01:15:00+00:00,1.13752,1.1375899999999999,1.13737,1.13752,2030
1785202200,2026-07-28 01:30:00+00:00,1.13752,1.1375899999999999,1.13729,1.13734,1683
1785203100,2026-07-28 01:45:00+00:00,1.13734,1.1374,1.13705,1.13731,1798
1785204000,2026-07-28 02:00:00+00:00,1.13731,1.1374900000000001,1.13719,1.13741,1465
1785204900,2026-07-28 02:15:00+00:00,1.13741,1.13755,1.13717,1.13718,1468
1785205800,2026-07-28 02:30:00+00:00,1.13717,1.13734,1.13711,1.13731,1506
1785206700,2026-07-28 02:45:00+00:00,1.13731,1.13788,1.13725,1.13771,2041
1785207600,2026-07-28 03:00:00+00:00,1.13771,1.13779,1.1374900000000001,1.13756,2087
1785208500,2026-07-28 03:15:00+00:00,1.13756,1.13781,1.13753,1.13778,1846
1785209400,2026-07-28 03:30:00+00:00,1.13778,1.13803,1.13756,1.13762,2216
1785210300,2026-07-28 03:45:00+00:00,1.13764,1.13764,1.13738,1.13747,1646
1785211200,2026-07-28 04:00:00+00:00,1.13747,1.13748,1.13706,1.13707,2063
1785212100,2026-07-28 04:15:00+00:00,1.13707,1.1372,1.13696,1.13708,1366
1785213000,2026-07-28 04:30:00+00:00,1.13708,1.13713,1.13699,1.1371,1148
1785213900,2026-07-28 04:45:00+00:00,1.1371,1.13716,1.1368,1.13686,1339
1785214800,2026-07-28 05:00:00+00:00,1.13686,1.1369,1.13618,1.13622,2120
1785215700,2026-07-28 05:15:00+00:00,1.13622,1.13653,1.13617,1.13651,1413
1785216600,2026-07-28 05:30:00+00:00,1.13651,1.13664,1.13631,1.13654,1454
1785217500,2026-07-28 05:45:00+00:00,1.13654,1.13664,1.1364,1.13659,927
1785218400,2026-07-28 06:00:00+00:00,1.13659,1.1368,1.13648,1.13667,2000
1785219300,2026-07-28 06:15:00+00:00,1.13667,1.13712,1.13667,1.13707,1806
1785220200,2026-07-28 06:30:00+00:00,1.13707,1.13731,1.1368800000000001,1.1369799999999999,2449
1785221100,2026-07-28 06:45:00+00:00,1.13699,1.13716,1.13673,1.1368800000000001,2076
1785222000,2026-07-28 07:00:00+00:00,1.1368800000000001,1.13736,1.13669,1.1373,2731
1785222900,2026-07-28 07:15:00+00:00,1.1373,1.13736,1.13693,1.1369799999999999,2294
1785223800,2026-07-28 07:30:00+00:00,1.1369799999999999,1.1372200000000001,1.13684,1.13691,1684
1785224700,2026-07-28 07:45:00+00:00,1.13691,1.13693,1.13632,1.13648,2460
1785225600,2026-07-28 08:00:00+00:00,1.13648,1.13705,1.13646,1.13681,2797
1785226500,2026-07-28 08:15:00+00:00,1.13681,1.13724,1.1368,1.13701,2357
1785227400,2026-07-28 08:30:00+00:00,1.137,1.13716,1.13682,1.13713,2517
1785228300,2026-07-28 08:45:00+00:00,1.13713,1.13727,1.137,1.13727,2047
1785229200,2026-07-28 09:00:00+00:00,1.13725,1.1373199999999999,1.13664,1.13668,1732
1785230100,2026-07-28 09:15:00+00:00,1.13668,1.13682,1.13657,1.13659,1387
1785231000,2026-07-28 09:30:00+00:00,1.13659,1.13659,1.13623,1.13626,1747
1785231900,2026-07-28 09:45:00+00:00,1.13626,1.1362700000000001,1.13559,1.13565,2018
1785232800,2026-07-28 10:00:00+00:00,1.13565,1.13574,1.13533,1.13569,2306
1785233700,2026-07-28 10:15:00+00:00,1.13569,1.13577,1.13547,1.13564,1607
1785234600,2026-07-28 10:30:00+00:00,1.13564,1.13612,1.13561,1.13575,2180
1785235500,2026-07-28 10:45:00+00:00,1.13575,1.13632,1.13573,1.13607,2152
1785236400,2026-07-28 11:00:00+00:00,1.13607,1.13613,1.13567,1.13583,2258
1785237300,2026-07-28 11:15:00+00:00,1.13583,1.1366100000000001,1.13582,1.13653,2780
1785238200,2026-07-28 11:30:00+00:00,1.13655,1.13667,1.13632,1.13635,2104
1785239100,2026-07-28 11:45:00+00:00,1.13635,1.13679,1.1360999999999999,1.13654,2340
1785240000,2026-07-28 12:00:00+00:00,1.13654,1.13675,1.13617,1.13652,2339
1785240900,2026-07-28 12:15:00+00:00,1.13652,1.13662,1.13623,1.13628,2081
1785241800,2026-07-28 12:30:00+00:00,1.13628,1.13653,1.13608,1.13646,2298
1785242700,2026-07-28 12:45:00+00:00,1.13647,1.13686,1.13645,1.13659,2427
1785243600,2026-07-28 13:00:00+00:00,1.13658,1.13707,1.13658,1.1367,2350
1785244500,2026-07-28 13:15:00+00:00,1.1367099999999999,1.13708,1.13663,1.13673,2251
1785245400,2026-07-28 13:30:00+00:00,1.13673,1.13709,1.1367099999999999,1.13693,3664
1785246300,2026-07-28 13:45:00+00:00,1.13693,1.13742,1.13681,1.13724,3655
1785247200,2026-07-28 14:00:00+00:00,1.13724,1.1376,1.13711,1.13741,3570
1785248100,2026-07-28 14:15:00+00:00,1.13741,1.1378300000000001,1.13714,1.1378,3385
1785249000,2026-07-28 14:30:00+00:00,1.1378,1.13799,1.13758,1.13791,2704
1785249900,2026-07-28 14:45:00+00:00,1.13791,1.13866,1.13762,1.13857,4622
1785250800,2026-07-28 15:00:00+00:00,1.13857,1.13959,1.1384,1.13945,4835
1785251700,2026-07-28 15:15:00+00:00,1.13944,1.13993,1.13926,1.1396,4669
1785252600,2026-07-28 15:30:00+00:00,1.13959,1.14023,1.13941,1.14015,3854
1785253500,2026-07-28 15:45:00+00:00,1.14015,1.14016,1.13964,1.14005,2842
1785254400,2026-07-28 16:00:00+00:00,1.14004,1.14033,1.13987,1.14023,2920
1785255300,2026-07-28 16:15:00+00:00,1.14023,1.14053,1.14018,1.14049,1712
1785256200,2026-07-28 16:30:00+00:00,1.14049,1.14051,1.14002,1.14005,1669
1785257100,2026-07-28 16:45:00+00:00,1.14005,1.1401,1.13958,1.13959,2063
1785258000,2026-07-28 17:00:00+00:00,1.13959,1.13975,1.13936,1.13943,1936
1785258900,2026-07-28 17:15:00+00:00,1.13943,1.13981,1.13929,1.13932,2042
1785259800,2026-07-28 17:30:00+00:00,1.13932,1.13943,1.13916,1.1392,1305
1785260700,2026-07-28 17:45:00+00:00,1.13921,1.13925,1.13883,1.13892,1513
1785261600,2026-07-28 18:00:00+00:00,1.13891,1.13909,1.13878,1.13893,1771
1785262500,2026-07-28 18:15:00+00:00,1.13893,1.13916,1.13872,1.13879,1383
1785263400,2026-07-28 18:30:00+00:00,1.13879,1.13892,1.13876,1.13883,929
1785264300,2026-07-28 18:45:00+00:00,1.13883,1.13885,1.13861,1.13867,1279
1785265200,2026-07-28 19:00:00+00:00,1.13869,1.13904,1.13862,1.13882,1571
1785266100,2026-07-28 19:15:00+00:00,1.13882,1.13909,1.13879,1.1389,1286
1785267000,2026-07-28 19:30:00+00:00,1.1389,1.13907,1.13888,1.139,1762
1785267900,2026-07-28 19:45:00+00:00,1.139,1.13921,1.13872,1.13873,1541
1785268800,2026-07-28 20:00:00+00:00,1.13873,1.13887,1.13867,1.13884,1431
1785269700,2026-07-28 20:15:00+00:00,1.13884,1.13892,1.1385399999999999,1.13864,941
1785270600,2026-07-28 20:30:00+00:00,1.13864,1.13875,1.13855,1.13873,1115
1785271500,2026-07-28 20:45:00+00:00,1.13873,1.13879,1.13856,1.13862,1208
1785272400,2026-07-28 21:00:00+00:00,1.13862,1.13923,1.13862,1.13903,127
1785273300,2026-07-28 21:15:00+00:00,1.13903,1.13927,1.13895,1.13908,206
1785274200,2026-07-28 21:30:00+00:00,1.13908,1.13936,1.139,1.13935,136
1785275100,2026-07-28 21:45:00+00:00,1.13935,1.13938,1.13903,1.1390500000000001,143
1785276000,2026-07-28 22:00:00+00:00,1.1390500000000001,1.13911,1.13877,1.13879,1102
1785276900,2026-07-28 22:15:00+00:00,1.13879,1.13887,1.1384,1.1385,1705
1785277800,2026-07-28 22:30:00+00:00,1.13848,1.13867,1.13845,1.13852,1517
1785278700,2026-07-28 22:45:00+00:00,1.13851,1.13856,1.13842,1.13851,1499
1785279600,2026-07-28 23:00:00+00:00,1.13851,1.1385399999999999,1.13822,1.13843,1539
1785280500,2026-07-28 23:15:00+00:00,1.13843,1.13855,1.13837,1.13853,1024
1785281400,2026-07-28 23:30:00+00:00,1.13853,1.13866,1.13845,1.1386,911
1785282300,2026-07-28 23:45:00+00:00,1.13862,1.13865,1.13841,1.13859,1823
1785283200,2026-07-29 00:00:00+00:00,1.13859,1.13865,1.13828,1.13838,1979
1785284100,2026-07-29 00:15:00+00:00,1.13837,1.13903,1.13835,1.13894,1558
1785285000,2026-07-29 00:30:00+00:00,1.13894,1.13901,1.1388,1.1389,1079
1785285900,2026-07-29 00:45:00+00:00,1.1389,1.13916,1.1387,1.13911,2126
1785286800,2026-07-29 01:00:00+00:00,1.1391,1.13918,1.1388099999999999,1.13885,2055
1785287700,2026-07-29 01:15:00+00:00,1.13885,1.13926,1.13878,1.13901,1676
1785288600,2026-07-29 01:30:00+00:00,1.13901,1.13909,1.1385399999999999,1.13862,3601
1785289500,2026-07-29 01:45:00+00:00,1.13861,1.13918,1.13856,1.13916,2525
1785290400,2026-07-29 02:00:00+00:00,1.13916,1.1395,1.13903,1.13935,2333
1785291300,2026-07-29 02:15:00+00:00,1.13935,1.13959,1.13926,1.13939,1902
1785292200,2026-07-29 02:30:00+00:00,1.13939,1.13961,1.13936,1.13948,1698
1785293100,2026-07-29 02:45:00+00:00,1.13948,1.13958,1.13924,1.13948,1180
1785294000,2026-07-29 03:00:00+00:00,1.13948,1.1396600000000001,1.13944,1.13955,1416
1785294900,2026-07-29 03:15:00+00:00,1.13956,1.13995,1.13956,1.13989,1343
1785295800,2026-07-29 03:30:00+00:00,1.1399,1.14004,1.13986,1.13994,1293
1785296700,2026-07-29 03:45:00+00:00,1.13994,1.14009,1.13963,1.13972,1389
1785297600,2026-07-29 04:00:00+00:00,1.13972,1.14001,1.13963,1.13996,1698
1785298500,2026-07-29 04:15:00+00:00,1.13996,1.14026,1.13986,1.13992,1698
1785299400,2026-07-29 04:30:00+00:00,1.13992,1.1403699999999999,1.13983,1.1402700000000001,1898
1785300300,2026-07-29 04:45:00+00:00,1.1402700000000001,1.14038,1.1399,1.1401,1885
1785301200,2026-07-29 05:00:00+00:00,1.1401,1.14031,1.14005,1.14024,1361
1785302100,2026-07-29 05:15:00+00:00,1.14024,1.14028,1.13994,1.13997,1443
1785303000,2026-07-29 05:30:00+00:00,1.13997,1.14002,1.1397599999999999,1.13998,1484
1785303900,2026-07-29 05:45:00+00:00,1.13998,1.14017,1.1397599999999999,1.13983,1518
1785304800,2026-07-29 06:00:00+00:00,1.13983,1.14009,1.13951,1.1397599999999999,2363
1785305700,2026-07-29 06:15:00+00:00,1.1397599999999999,1.1399,1.1393,1.13937,1904
1785306600,2026-07-29 06:30:00+00:00,1.13938,1.13951,1.13928,1.13943,2134
1785307500,2026-07-29 06:45:00+00:00,1.13943,1.13943,1.13899,1.13921,2528
1785308400,2026-07-29 07:00:00+00:00,1.13921,1.13968,1.13902,1.13938,2597
1785309300,2026-07-29 07:15:00+00:00,1.13939,1.13973,1.13935,1.13969,2032
1785310200,2026-07-29 07:30:00+00:00,1.13968,1.14011,1.13958,1.1397599999999999,1989
1785311100,2026-07-29 07:45:00+00:00,1.1397599999999999,1.14012,1.1396600000000001,1.13978,1893
1785312000,2026-07-29 08:00:00+00:00,1.13978,1.13998,1.13953,1.13959,2619
1785312900,2026-07-29 08:15:00+00:00,1.13959,1.1398,1.1394199999999999,1.13958,2291
1785313800,2026-07-29 08:30:00+00:00,1.13959,1.1398,1.13932,1.13978,1857
1785314700,2026-07-29 08:45:00+00:00,1.13978,1.14006,1.13954,1.13964,1631
1785315600,2026-07-29 09:00:00+00:00,1.13965,1.13971,1.13945,1.1396,1967
1785316500,2026-07-29 09:15:00+00:00,1.1396,1.13965,1.13937,1.13954,1777
1785317400,2026-07-29 09:30:00+00:00,1.13953,1.13964,1.13918,1.13946,1896
1785318300,2026-07-29 09:45:00+00:00,1.13946,1.13964,1.13917,1.1392,2160
1785319200,2026-07-29 10:00:00+00:00,1.1392,1.1393,1.13904,1.13911,2507
1785320100,2026-07-29 10:15:00+00:00,1.13911,1.13916,1.13869,1.13903,2160
1785321000,2026-07-29 10:30:00+00:00,1.13903,1.13922,1.13872,1.13882,2062
1785321900,2026-07-29 10:45:00+00:00,1.13882,1.13883,1.13833,1.1385399999999999,1646
1785322800,2026-07-29 11:00:00+00:00,1.1385399999999999,1.1388099999999999,1.1385399999999999,1.13869,1946
1785323700,2026-07-29 11:15:00+00:00,1.13869,1.13886,1.13851,1.13871,1919
1785324600,2026-07-29 11:30:00+00:00,1.13872,1.1388099999999999,1.13815,1.1381999999999999,1637
1785325500,2026-07-29 11:45:00+00:00,1.1381999999999999,1.13847,1.13802,1.1381999999999999,2126
1785326400,2026-07-29 12:00:00+00:00,1.1381999999999999,1.1383,1.13778,1.13788,2985
1785327300,2026-07-29 12:15:00+00:00,1.13789,1.13799,1.13746,1.13768,3816
1785328200,2026-07-29 12:30:00+00:00,1.13768,1.13805,1.13746,1.13792,2933
1785329100,2026-07-29 12:45:00+00:00,1.13792,1.13804,1.13766,1.13784,2252
1785330000,2026-07-29 13:00:00+00:00,1.13784,1.13803,1.13765,1.13803,2451
1785330900,2026-07-29 13:15:00+00:00,1.13802,1.13872,1.13796,1.13855,2813
1785331800,2026-07-29 13:30:00+00:00,1.13855,1.13878,1.13833,1.13874,3637
1785332700,2026-07-29 13:45:00+00:00,1.13874,1.13924,1.13869,1.13918,3627
1785333600,2026-07-29 14:00:00+00:00,1.13918,1.13935,1.13879,1.13884,3707
1785334500,2026-07-29 14:15:00+00:00,1.13884,1.13947,1.13864,1.13943,3375
1785335400,2026-07-29 14:30:00+00:00,1.13943,1.13971,1.13896,1.13925,3081
1785336300,2026-07-29 14:45:00+00:00,1.13924,1.1393,1.13806,1.13809,5222
1785337200,2026-07-29 15:00:00+00:00,1.13809,1.13856,1.13792,1.13847,3736
1785338100,2026-07-29 15:15:00+00:00,1.13848,1.13856,1.13785,1.13797,3222
1785339000,2026-07-29 15:30:00+00:00,1.13797,1.13817,1.13778,1.13816,3100
1785339900,2026-07-29 15:45:00+00:00,1.13815,1.13834,1.13809,1.13829,2614
1785340800,2026-07-29 16:00:00+00:00,1.13829,1.13837,1.13779,1.1378,2382
1785341700,2026-07-29 16:15:00+00:00,1.1378,1.13828,1.13767,1.13823,2420
1785342600,2026-07-29 16:30:00+00:00,1.13823,1.13826,1.1379299999999999,1.13824,2090
1785343500,2026-07-29 16:45:00+00:00,1.13824,1.1386,1.13819,1.13851,1950
1785344400,2026-07-29 17:00:00+00:00,1.1385,1.1390500000000001,1.13845,1.13898,2076
1785345300,2026-07-29 17:15:00+00:00,1.13897,1.13933,1.13888,1.13912,2411
1785346200,2026-07-29 17:30:00+00:00,1.13912,1.1397,1.13901,1.13959,2666
1785347100,2026-07-29 17:45:00+00:00,1.13958,1.13999,1.1395,1.13958,2776
1785348000,2026-07-29 18:00:00+00:00,1.13953,1.14306,1.13912,1.14278,12150
1785348900,2026-07-29 18:15:00+00:00,1.14278,1.14298,1.14151,1.14224,6666
1785349800,2026-07-29 18:30:00+00:00,1.14224,1.14369,1.14069,1.14356,11748
1785350700,2026-07-29 18:45:00+00:00,1.14356,1.1452499999999999,1.14337,1.14519,9970
1785351600,2026-07-29 19:00:00+00:00,1.14518,1.14557,1.14399,1.14516,9956
1785352500,2026-07-29 19:15:00+00:00,1.14517,1.14668,1.14494,1.1452499999999999,9479
1785353400,2026-07-29 19:30:00+00:00,1.14526,1.14588,1.14458,1.14577,8408
1785354300,2026-07-29 19:45:00+00:00,1.14577,1.14584,1.14478,1.14479,6425
1785355200,2026-07-29 20:00:00+00:00,1.14479,1.14528,1.14468,1.1451500000000001,4124
1785356100,2026-07-29 20:15:00+00:00,1.1451500000000001,1.14562,1.14487,1.14555,3072
1785357000,2026-07-29 20:30:00+00:00,1.14555,1.14661,1.14553,1.14659,2552
1785357900,2026-07-29 20:45:00+00:00,1.14659,1.1471,1.14645,1.1468,2867
1785358800,2026-07-29 21:00:00+00:00,1.14653,1.14682,1.14571,1.14598,777
1785359700,2026-07-29 21:15:00+00:00,1.14598,1.14645,1.14598,1.14644,592
1785360600,2026-07-29 21:30:00+00:00,1.14644,1.14649,1.1463700000000001,1.14644,171
1785361500,2026-07-29 21:45:00+00:00,1.14645,1.14645,1.1461000000000001,1.14614,553
1785362400,2026-07-29 22:00:00+00:00,1.14614,1.14694,1.14611,1.14682,1780
1785363300,2026-07-29 22:15:00+00:00,1.14684,1.14694,1.14672,1.14679,1573
1785364200,2026-07-29 22:30:00+00:00,1.14679,1.14697,1.14676,1.14695,1087
1785365100,2026-07-29 22:45:00+00:00,1.14695,1.14716,1.14694,1.14715,1408
1785366000,2026-07-29 23:00:00+00:00,1.14715,1.14751,1.14701,1.14704,1455
1785366900,2026-07-29 23:15:00+00:00,1.14704,1.14705,1.14668,1.1467,964
1785367800,2026-07-29 23:30:00+00:00,1.1467,1.14676,1.14646,1.14648,969
1785368700,2026-07-29 23:45:00+00:00,1.14648,1.14696,1.14643,1.14668,1610
1785369600,2026-07-30 00:00:00+00:00,1.14668,1.1468099999999999,1.14635,1.14669,3074
1785370500,2026-07-30 00:15:00+00:00,1.14669,1.14677,1.14562,1.14569,3713
1785371400,2026-07-30 00:30:00+00:00,1.14569,1.14585,1.14558,1.14574,2494
1785372300,2026-07-30 00:45:00+00:00,1.14574,1.14584,1.1456,1.1458,2178
1785373200,2026-07-30 01:00:00+00:00,1.1458,1.14613,1.14574,1.14594,2492
1785374100,2026-07-30 01:15:00+00:00,1.14593,1.14596,1.14534,1.14553,2230
1785375000,2026-07-30 01:30:00+00:00,1.14553,1.14593,1.1454,1.14562,1705
1785375900,2026-07-30 01:45:00+00:00,1.1456,1.14585,1.14524,1.14534,1518
1785376800,2026-07-30 02:00:00+00:00,1.14534,1.14551,1.14516,1.14522,1690
1785377700,2026-07-30 02:15:00+00:00,1.14523,1.14532,1.14513,1.1452499999999999,1218
1785378600,2026-07-30 02:30:00+00:00,1.1452499999999999,1.14551,1.14522,1.1454,1538
1785379500,2026-07-30 02:45:00+00:00,1.1454,1.14554,1.14527,1.14529,1303
1785380400,2026-07-30 03:00:00+00:00,1.14529,1.14544,1.14512,1.14519,1463
1785381300,2026-07-30 03:15:00+00:00,1.14518,1.14522,1.14477,1.14502,1963
1785382200,2026-07-30 03:30:00+00:00,1.14502,1.14528,1.14492,1.1452,1664
1785383100,2026-07-30 03:45:00+00:00,1.1452,1.1452499999999999,1.14494,1.14499,1240
1785384000,2026-07-30 04:00:00+00:00,1.14499,1.1453,1.1449,1.14529,1514
1785384900,2026-07-30 04:15:00+00:00,1.14529,1.14536,1.14523,1.1453,1242
1785385800,2026-07-30 04:30:00+00:00,1.1453,1.14541,1.14523,1.14528,1345
1785386700,2026-07-30 04:45:00+00:00,1.14528,1.14535,1.1449799999999999,1.1451,1509
1785387600,2026-07-30 05:00:00+00:00,1.14509,1.14551,1.14502,1.1455,1537
1785388500,2026-07-30 05:15:00+00:00,1.1455,1.14568,1.14542,1.14556,1320
1785389400,2026-07-30 05:30:00+00:00,1.14556,1.14562,1.14514,1.1452499999999999,1330
1785390300,2026-07-30 05:45:00+00:00,1.1452499999999999,1.14555,1.14489,1.14501,2001
1785391200,2026-07-30 06:00:00+00:00,1.14501,1.1451500000000001,1.1443699999999999,1.14448,3146
1785392100,2026-07-30 06:15:00+00:00,1.14448,1.14465,1.1443699999999999,1.14449,2188
1785393000,2026-07-30 06:30:00+00:00,1.14449,1.14486,1.14432,1.14459,2791
1785393900,2026-07-30 06:45:00+00:00,1.14459,1.14512,1.14457,1.14468,2602
1785394800,2026-07-30 07:00:00+00:00,1.1447,1.14512,1.14424,1.1442700000000001,4728
1785395700,2026-07-30 07:15:00+00:00,1.14429,1.14451,1.14364,1.14373,3025
1785396600,2026-07-30 07:30:00+00:00,1.14373,1.1439,1.14343,1.14371,3301
1785397500,2026-07-30 07:45:00+00:00,1.14371,1.14389,1.14362,1.1437599999999999,2581
1785398400,2026-07-30 08:00:00+00:00,1.1437599999999999,1.14474,1.1437,1.14458,3479
1785399300,2026-07-30 08:15:00+00:00,1.14458,1.14548,1.14457,1.14544,2983
1785400200,2026-07-30 08:30:00+00:00,1.14544,1.14557,1.1445400000000001,1.14513,2850
1785401100,2026-07-30 08:45:00+00:00,1.14513,1.14543,1.14467,1.14485,3155
1785402000,2026-07-30 09:00:00+00:00,1.14485,1.14585,1.14481,1.14574,3119
1785402900,2026-07-30 09:15:00+00:00,1.14574,1.14641,1.14564,1.14615,3065
1785403800,2026-07-30 09:30:00+00:00,1.14615,1.14641,1.14596,1.14628,2441
1785404700,2026-07-30 09:45:00+00:00,1.14628,1.14677,1.14609,1.14649,3172
1785405600,2026-07-30 10:00:00+00:00,1.14649,1.1473,1.14613,1.14721,4208
1785406500,2026-07-30 10:15:00+00:00,1.14721,1.14798,1.14688,1.14722,5177
1785407400,2026-07-30 10:30:00+00:00,1.14723,1.14843,1.14719,1.14807,4432
1785408300,2026-07-30 10:45:00+00:00,1.14807,1.14838,1.14728,1.14729,4201
1785409200,2026-07-30 11:00:00+00:00,1.14729,1.14782,1.14719,1.14721,3324
1785410100,2026-07-30 11:15:00+00:00,1.14721,1.14731,1.14654,1.14678,2849
1785411000,2026-07-30 11:30:00+00:00,1.14678,1.1468099999999999,1.1465,1.14653,2455
1785411900,2026-07-30 11:45:00+00:00,1.14653,1.1476,1.14653,1.1476,2513
1785412800,2026-07-30 12:00:00+00:00,1.14759,1.14813,1.14754,1.14807,3480
1785413700,2026-07-30 12:15:00+00:00,1.14807,1.14807,1.1474199999999999,1.14762,3148
1785414600,2026-07-30 12:30:00+00:00,1.14759,1.14835,1.14725,1.14808,5667
1785415500,2026-07-30 12:45:00+00:00,1.14809,1.14816,1.14694,1.14726,5831
1785416400,2026-07-30 13:00:00+00:00,1.14726,1.14763,1.14695,1.14724,5556
1785417300,2026-07-30 13:15:00+00:00,1.14724,1.14811,1.14714,1.14801,4698
1785418200,2026-07-30 13:30:00+00:00,1.14801,1.1503700000000001,1.1479,1.15012,11009
1785419100,2026-07-30 13:45:00+00:00,1.15011,1.1524,1.14981,1.15237,10781
1785420000,2026-07-30 14:00:00+00:00,1.15237,1.15372,1.15175,1.1528,12599
1785420900,2026-07-30 14:15:00+00:00,1.1528,1.15311,1.15189,1.15215,8863
1785421800,2026-07-30 14:30:00+00:00,1.15215,1.15231,1.15097,1.15123,5609
1785422700,2026-07-30 14:45:00+00:00,1.15123,1.1515,1.15026,1.15029,7270
1785423600,2026-07-30 15:00:00+00:00,1.15029,1.15073,1.1498599999999999,1.15068,7228
1785424500,2026-07-30 15:15:00+00:00,1.15068,1.15162,1.15067,1.15156,5089
1785425400,2026-07-30 15:30:00+00:00,1.15156,1.15228,1.15133,1.15217,4737
1785426300,2026-07-30 15:45:00+00:00,1.15217,1.15251,1.15204,1.15211,3955
1785427200,2026-07-30 16:00:00+00:00,1.15211,1.15284,1.15211,1.15244,4428
1785428100,2026-07-30 16:15:00+00:00,1.15244,1.15303,1.15235,1.15297,3441
1785429000,2026-07-30 16:30:00+00:00,1.15297,1.15307,1.15252,1.15253,3533
1785429900,2026-07-30 16:45:00+00:00,1.1525400000000001,1.15288,1.15226,1.15288,2613
1785430800,2026-07-30 17:00:00+00:00,1.15288,1.15306,1.15207,1.15209,3058
1785431700,2026-07-30 17:15:00+00:00,1.15209,1.15211,1.15186,1.15191,2407
1785432600,2026-07-30 17:30:00+00:00,1.1519,1.15302,1.15137,1.15295,6594
1785433500,2026-07-30 17:45:00+00:00,1.15296,1.15309,1.15256,1.15295,4300
1785434400,2026-07-30 18:00:00+00:00,1.15296,1.15356,1.15294,1.1535199999999999,3133
1785435300,2026-07-30 18:15:00+00:00,1.1535199999999999,1.15353,1.15273,1.15303,2504
1785436200,2026-07-30 18:30:00+00:00,1.15303,1.15338,1.1529099999999999,1.1531500000000001,2218
1785437100,2026-07-30 18:45:00+00:00,1.1531500000000001,1.15357,1.15314,1.15355,2497
1785438000,2026-07-30 19:00:00+00:00,1.15354,1.15358,1.15285,1.15293,2531
1785438900,2026-07-30 19:15:00+00:00,1.15293,1.15344,1.1528,1.1532,2081
1785439800,2026-07-30 19:30:00+00:00,1.1532,1.15328,1.15298,1.15312,1947
1785440700,2026-07-30 19:45:00+00:00,1.15313,1.15326,1.15285,1.15311,2316
1785441600,2026-07-30 20:00:00+00:00,1.15311,1.15329,1.15293,1.15307,1984
1785442500,2026-07-30 20:15:00+00:00,1.15307,1.15312,1.15274,1.15276,1276
1785443400,2026-07-30 20:30:00+00:00,1.15276,1.15301,1.15263,1.15269,1841
1785444300,2026-07-30 20:45:00+00:00,1.15269,1.15296,1.15267,1.15283,1257
1785445200,2026-07-30 21:00:00+00:00,1.15283,1.15293,1.1524,1.15259,189
1785446100,2026-07-30 21:15:00+00:00,1.15259,1.1526,1.15242,1.15245,64
1785447000,2026-07-30 21:30:00+00:00,1.15245,1.15248,1.15241,1.15244,90
1785447900,2026-07-30 21:45:00+00:00,1.15244,1.15255,1.15244,1.15252,115
1785448800,2026-07-30 22:00:00+00:00,1.15252,1.15297,1.15252,1.15268,1116
1785449700,2026-07-30 22:15:00+00:00,1.15268,1.15284,1.15255,1.15271,1761
1785450600,2026-07-30 22:30:00+00:00,1.15271,1.1531500000000001,1.15261,1.15302,1725
1785451500,2026-07-30 22:45:00+00:00,1.15302,1.15309,1.1528100000000001,1.15288,1310
1785452400,2026-07-30 23:00:00+00:00,1.15288,1.1531,1.15246,1.15256,1496
1785453300,2026-07-30 23:15:00+00:00,1.15255,1.15274,1.15235,1.15242,1587
1785454200,2026-07-30 23:30:00+00:00,1.15242,1.15252,1.15221,1.15245,1277
1785455100,2026-07-30 23:45:00+00:00,1.15245,1.1526399999999999,1.15228,1.15232,1717
1785456000,2026-07-31 00:00:00+00:00,1.15232,1.15249,1.15207,1.15226,3495
1785456900,2026-07-31 00:15:00+00:00,1.15226,1.15266,1.15217,1.1522999999999999,2694
1785457800,2026-07-31 00:30:00+00:00,1.1522999999999999,1.15235,1.15153,1.15174,2663
1785458700,2026-07-31 00:45:00+00:00,1.15174,1.15204,1.1515900000000001,1.15178,3325
1785459600,2026-07-31 01:00:00+00:00,1.15177,1.15201,1.15152,1.15166,3554
1785460500,2026-07-31 01:15:00+00:00,1.15166,1.15192,1.15153,1.15173,2750
1785461400,2026-07-31 01:30:00+00:00,1.15172,1.15216,1.1514199999999999,1.15145,2866
1785462300,2026-07-31 01:45:00+00:00,1.15145,1.15151,1.151,1.15102,2622
1785463200,2026-07-31 02:00:00+00:00,1.15102,1.15165,1.15101,1.15151,2477
1785464100,2026-07-31 02:15:00+00:00,1.15152,1.15156,1.15127,1.15134,2075
1785465000,2026-07-31 02:30:00+00:00,1.15134,1.1515,1.15118,1.15126,1475
1785465900,2026-07-31 02:45:00+00:00,1.15126,1.1513,1.15104,1.15122,2239
1785466800,2026-07-31 03:00:00+00:00,1.15122,1.15136,1.15088,1.15106,2954
1785467700,2026-07-31 03:15:00+00:00,1.15105,1.15113,1.15082,1.15088,1776
1785468600,2026-07-31 03:30:00+00:00,1.15088,1.15104,1.15063,1.15077,1755
1785469500,2026-07-31 03:45:00+00:00,1.15077,1.15138,1.15077,1.15134,2018
1785470400,2026-07-31 04:00:00+00:00,1.15133,1.15143,1.15121,1.15133,1711
1785471300,2026-07-31 04:15:00+00:00,1.15133,1.1514199999999999,1.15109,1.15112,1386
1785472200,2026-07-31 04:30:00+00:00,1.15112,1.15113,1.15058,1.15063,1978
1785473100,2026-07-31 04:45:00+00:00,1.15063,1.15085,1.15043,1.15085,1975
1785474000,2026-07-31 05:00:00+00:00,1.15085,1.15094,1.15058,1.1506,1880
1785474900,2026-07-31 05:15:00+00:00,1.15061,1.15076,1.15048,1.15052,2136
1785475800,2026-07-31 05:30:00+00:00,1.15053,1.15097,1.15049,1.15074,1900
1785476700,2026-07-31 05:45:00+00:00,1.15073,1.15073,1.15046,1.15063,1824
1785477600,2026-07-31 06:00:00+00:00,1.15062,1.15171,1.15053,1.15167,3108
1785478500,2026-07-31 06:15:00+00:00,1.15167,1.15217,1.1514,1.15204,2713
1785479400,2026-07-31 06:30:00+00:00,1.15204,1.15205,1.15107,1.15129,3794
1785480300,2026-07-31 06:45:00+00:00,1.1513,1.15223,1.1513,1.15171,4840
1785481200,2026-07-31 07:00:00+00:00,1.15171,1.15178,1.15138,1.15171,3783
1785482100,2026-07-31 07:15:00+00:00,1.15171,1.15174,1.15122,1.1514,4413
1785483000,2026-07-31 07:30:00+00:00,1.1514,1.15194,1.15115,1.15186,3236
1785483900,2026-07-31 07:45:00+00:00,1.15187,1.1525,1.1512,1.15143,3677
1785484800,2026-07-31 08:00:00+00:00,1.15143,1.1516,1.1508099999999999,1.15105,3672
1785485700,2026-07-31 08:15:00+00:00,1.15106,1.1513200000000001,1.15074,1.15075,3705
1785486600,2026-07-31 08:30:00+00:00,1.15075,1.15103,1.15044,1.15093,3502
1785487500,2026-07-31 08:45:00+00:00,1.15093,1.1526399999999999,1.1509,1.15216,5655
1785488400,2026-07-31 09:00:00+00:00,1.15216,1.1525,1.15148,1.15166,8177
1785489300,2026-07-31 09:15:00+00:00,1.15167,1.15187,1.1509,1.15092,3896
1785490200,2026-07-31 09:30:00+00:00,1.15091,1.15125,1.15031,1.15035,3701
1785491100,2026-07-31 09:45:00+00:00,1.15035,1.15094,1.15034,1.15055,2959
1785492000,2026-07-31 10:00:00+00:00,1.15054,1.15083,1.15035,1.15069,3192
1785492900,2026-07-31 10:15:00+00:00,1.15069,1.1507100000000001,1.15014,1.15019,2706
1785493800,2026-07-31 10:30:00+00:00,1.15019,1.15045,1.1501000000000001,1.15029,2267
1785494700,2026-07-31 10:45:00+00:00,1.15029,1.15042,1.15013,1.15019,2332
1785495600,2026-07-31 11:00:00+00:00,1.15018,1.15022,1.14971,1.14984,2786
1785496500,2026-07-31 11:15:00+00:00,1.14984,1.1498599999999999,1.14923,1.1493,3153
1785497400,2026-07-31 11:30:00+00:00,1.1493,1.14937,1.14893,1.14905,2879
1785498300,2026-07-31 11:45:00+00:00,1.14905,1.1491,1.14846,1.14852,3040
1785499200,2026-07-31 12:00:00+00:00,1.14852,1.14869,1.14813,1.14869,3512
1785500100,2026-07-31 12:15:00+00:00,1.14869,1.14881,1.14838,1.14842,2884
1785501000,2026-07-31 12:30:00+00:00,1.14842,1.14872,1.14818,1.14853,3113
1785501900,2026-07-31 12:45:00+00:00,1.14853,1.14909,1.14838,1.14884,3280
1785502800,2026-07-31 13:00:00+00:00,1.14884,1.1492,1.14866,1.14878,3753
1785503700,2026-07-31 13:15:00+00:00,1.14878,1.15038,1.1484,1.15005,7597
1785504600,2026-07-31 13:30:00+00:00,1.15004,1.15015,1.14552,1.14709,10380
1785505500,2026-07-31 13:45:00+00:00,1.14711,1.14751,1.1465,1.14666,8522
1785506400,2026-07-31 14:00:00+00:00,1.14666,1.14749,1.14624,1.14748,8667
1785507300,2026-07-31 14:15:00+00:00,1.14748,1.14804,1.14721,1.14799,6885
1785508200,2026-07-31 14:30:00+00:00,1.14799,1.14924,1.14796,1.14924,5495
1785509100,2026-07-31 14:45:00+00:00,1.14924,1.15065,1.14894,1.15046,8497
1785510000,2026-07-31 15:00:00+00:00,1.15046,1.15077,1.14972,1.15038,6655
1785510900,2026-07-31 15:15:00+00:00,1.15038,1.1508099999999999,1.1499,1.15039,5442
1785511800,2026-07-31 15:30:00+00:00,1.15039,1.15103,1.15014,1.15089,5125
1785512700,2026-07-31 15:45:00+00:00,1.15089,1.15188,1.15087,1.15182,4023
1785513600,2026-07-31 16:00:00+00:00,1.15182,1.1519300000000001,1.15127,1.1516899999999999,3648
1785514500,2026-07-31 16:15:00+00:00,1.1516899999999999,1.15183,1.15124,1.15135,3977
1785515400,2026-07-31 16:30:00+00:00,1.15135,1.15176,1.15128,1.1514,3175
1785516300,2026-07-31 16:45:00+00:00,1.1514,1.15182,1.15138,1.15172,2876
1785517200,2026-07-31 17:00:00+00:00,1.15172,1.15234,1.1516899999999999,1.15227,3115
1785518100,2026-07-31 17:15:00+00:00,1.15227,1.1528,1.152,1.15272,4255
1785519000,2026-07-31 17:30:00+00:00,1.15272,1.1536,1.15272,1.15358,5750
1785519900,2026-07-31 17:45:00+00:00,1.15358,1.1537600000000001,1.15275,1.15335,6558
1785520800,2026-07-31 18:00:00+00:00,1.15334,1.15365,1.15278,1.1528,4923
1785521700,2026-07-31 18:15:00+00:00,1.1528,1.15307,1.15263,1.15295,3064
1785522600,2026-07-31 18:30:00+00:00,1.15295,1.15305,1.15272,1.15274,2461
1785523500,2026-07-31 18:45:00+00:00,1.15274,1.15312,1.15244,1.15308,2847
1785524400,2026-07-31 19:00:00+00:00,1.15308,1.15344,1.15308,1.15327,2459
1785525300,2026-07-31 19:15:00+00:00,1.15327,1.15327,1.15299,1.15311,2079
1785526200,2026-07-31 19:30:00+00:00,1.1531,1.1534200000000001,1.1527,1.15341,2700
1785527100,2026-07-31 19:45:00+00:00,1.15339,1.15363,1.15308,1.15312,3822
1785528000,2026-07-31 20:00:00+00:00,1.15312,1.15314,1.15238,1.15305,4151
1785528900,2026-07-31 20:15:00+00:00,1.15306,1.15385,1.15296,1.15364,4925
1785529800,2026-07-31 20:30:00+00:00,1.15364,1.1540300000000001,1.15333,1.15401,5007
1785530700,2026-07-31 20:45:00+00:00,1.15401,1.15472,1.15251,1.15267,6438
1785704400,2026-08-02 21:00:00+00:00,1.15446,1.15493,1.15428,1.15473,180
1785705300,2026-08-02 21:15:00+00:00,1.15473,1.15486,1.15461,1.15472,179
1785706200,2026-08-02 21:30:00+00:00,1.15472,1.15493,1.1546,1.15489,322
1785707100,2026-08-02 21:45:00+00:00,1.15489,1.15505,1.15466,1.1549800000000001,354
1785708000,2026-08-02 22:00:00+00:00,1.1549800000000001,1.15587,1.15486,1.1558,2891
1785708900,2026-08-02 22:15:00+00:00,1.1558,1.1559,1.15479,1.15505,4348
1785709800,2026-08-02 22:30:00+00:00,1.15505,1.15516,1.15476,1.15487,3412
1785710700,2026-08-02 22:45:00+00:00,1.15489,1.15521,1.15479,1.15483,2394
1785711600,2026-08-02 23:00:00+00:00,1.15483,1.15511,1.15433,1.15452,2506
1785712500,2026-08-02 23:15:00+00:00,1.15452,1.15459,1.15429,1.15446,2078
1785713400,2026-08-02 23:30:00+00:00,1.15446,1.15462,1.15425,1.15444,2174
1785714300,2026-08-02 23:45:00+00:00,1.15444,1.15448,1.15422,1.15439,2624
1785715200,2026-08-03 00:00:00+00:00,1.15439,1.15442,1.1535,1.15368,3653
1785716100,2026-08-03 00:15:00+00:00,1.15368,1.15484,1.15357,1.15473,4401
1785717000,2026-08-03 00:30:00+00:00,1.15473,1.15555,1.15462,1.15539,8784
1785717900,2026-08-03 00:45:00+00:00,1.15539,1.15562,1.15409,1.15425,8608
1785718800,2026-08-03 01:00:00+00:00,1.15425,1.15461,1.15361,1.15363,7027
1785719700,2026-08-03 01:15:00+00:00,1.15363,1.15382,1.1532,1.15321,4132
1785720600,2026-08-03 01:30:00+00:00,1.15321,1.1534,1.15304,1.15324,3727
1785721500,2026-08-03 01:45:00+00:00,1.15324,1.15334,1.15299,1.15324,2984
1785722400,2026-08-03 02:00:00+00:00,1.15324,1.15343,1.15294,1.153,2695
1785723300,2026-08-03 02:15:00+00:00,1.153,1.15335,1.15283,1.15329,2384
1785724200,2026-08-03 02:30:00+00:00,1.15328,1.15356,1.15318,1.15319,2779
1785725100,2026-08-03 02:45:00+00:00,1.15319,1.15333,1.15307,1.15311,2380
1785726000,2026-08-03 03:00:00+00:00,1.15311,1.15313,1.15272,1.1528,2292
1785726900,2026-08-03 03:15:00+00:00,1.1528,1.15297,1.15271,1.15293,2252
1785727800,2026-08-03 03:30:00+00:00,1.15293,1.15294,1.15269,1.15275,2227
1785728700,2026-08-03 03:45:00+00:00,1.15275,1.15304,1.1527,1.15299,1732
1785729600,2026-08-03 04:00:00+00:00,1.15299,1.15318,1.15289,1.15314,1999
1785730500,2026-08-03 04:15:00+00:00,1.15313,1.15332,1.1531,1.15327,1730
1785731400,2026-08-03 04:30:00+00:00,1.15327,1.15361,1.15317,1.1536,1793
1785732300,2026-08-03 04:45:00+00:00,1.1536,1.15362,1.15328,1.15343,1610
1785733200,2026-08-03 05:00:00+00:00,1.15343,1.15357,1.15317,1.15334,1877
1785734100,2026-08-03 05:15:00+00:00,1.15334,1.15345,1.15322,1.15335,1971
1785735000,2026-08-03 05:30:00+00:00,1.15335,1.15362,1.15332,1.1536,1679
1785735900,2026-08-03 05:45:00+00:00,1.15359,1.15377,1.15349,1.15371,1801
1785736800,2026-08-03 06:00:00+00:00,1.15371,1.15389,1.15328,1.15328,2788
1785737700,2026-08-03 06:15:00+00:00,1.15328,1.15359,1.15312,1.15338,3041
1785738600,2026-08-03 06:30:00+00:00,1.1534,1.15347,1.15239,1.1525400000000001,3350
1785739500,2026-08-03 06:45:00+00:00,1.1525400000000001,1.15285,1.15236,1.15271,3396
1785740400,2026-08-03 07:00:00+00:00,1.15269,1.15303,1.15222,1.15295,3897
1785741300,2026-08-03 07:15:00+00:00,1.15295,1.15307,1.15208,1.15288,4508
1785742200,2026-08-03 07:30:00+00:00,1.15288,1.15323,1.15234,1.15263,2855
1785743100,2026-08-03 07:45:00+00:00,1.15263,1.15275,1.15233,1.15261,3231
1785744000,2026-08-03 08:00:00+00:00,1.1526,1.15276,1.15231,1.1527,3011
1785744900,2026-08-03 08:15:00+00:00,1.15273,1.15275,1.15218,1.15245,2856
1785745800,2026-08-03 08:30:00+00:00,1.15245,1.15278,1.15233,1.1525,3161
1785746700,2026-08-03 08:45:00+00:00,1.15249,1.15257,1.1521,1.15227,3117
1785747600,2026-08-03 09:00:00+00:00,1.15227,1.15266,1.15199,1.15247,2873
1785748500,2026-08-03 09:15:00+00:00,1.15245,1.15247,1.15209,1.1524,2896
1785749400,2026-08-03 09:30:00+00:00,1.1524,1.15289,1.15233,1.15286,3013
1785750300,2026-08-03 09:45:00+00:00,1.15286,1.15304,1.15219,1.15221,3247
1785751200,2026-08-03 10:00:00+00:00,1.15221,1.15248,1.1521,1.1522999999999999,2953
1785752100,2026-08-03 10:15:00+00:00,1.1522999999999999,1.15245,1.1516899999999999,1.1522999999999999,3060
1785753000,2026-08-03 10:30:00+00:00,1.1522999999999999,1.15238,1.1520299999999999,1.1521,2505
1785753900,2026-08-03 10:45:00+00:00,1.1521,1.15247,1.15199,1.15223,2644
1785754800,2026-08-03 11:00:00+00:00,1.15222,1.15269,1.15219,1.15255,2579
1785755700,2026-08-03 11:15:00+00:00,1.15255,1.15258,1.15207,1.15219,2473
1785756600,2026-08-03 11:30:00+00:00,1.1522000000000001,1.15261,1.15213,1.15257,2168
1785757500,2026-08-03 11:45:00+00:00,1.15257,1.15326,1.15257,1.15324,2811
1785758400,2026-08-03 12:00:00+00:00,1.15324,1.1535199999999999,1.15306,1.15314,3771
1785759300,2026-08-03 12:15:00+00:00,1.15314,1.15333,1.1529,1.15298,3202
1785760200,2026-08-03 12:30:00+00:00,1.15298,1.15333,1.15239,1.15245,3384
1785761100,2026-08-03 12:45:00+00:00,1.15245,1.1529099999999999,1.15226,1.1528,3663
1785762000,2026-08-03 13:00:00+00:00,1.1528,1.15337,1.1528,1.15294,4337
1785762900,2026-08-03 13:15:00+00:00,1.15295,1.15317,1.15248,1.15316,4572
1785763800,2026-08-03 13:30:00+00:00,1.15316,1.15353,1.1525400000000001,1.15274,5204
1785764700,2026-08-03 13:45:00+00:00,1.15274,1.15307,1.15216,1.15271,4814
1785765600,2026-08-03 14:00:00+00:00,1.15271,1.15276,1.15163,1.15163,5130
1785766500,2026-08-03 14:15:00+00:00,1.15163,1.15232,1.15145,1.15151,4886
1785767400,2026-08-03 14:30:00+00:00,1.15151,1.1518,1.15101,1.15136,4565
1785768300,2026-08-03 14:45:00+00:00,1.15137,1.15163,1.15112,1.15141,5473
1785769200,2026-08-03 15:00:00+00:00,1.1514199999999999,1.15143,1.15023,1.15034,5166
1785770100,2026-08-03 15:15:00+00:00,1.15034,1.15073,1.15028,1.15041,3905
1785771000,2026-08-03 15:30:00+00:00,1.15041,1.15059,1.15004,1.15033,4228
1785771900,2026-08-03 15:45:00+00:00,1.15033,1.1509800000000001,1.15032,1.15095,3496
1785772800,2026-08-03 16:00:00+00:00,1.15095,1.15105,1.15058,1.15082,3111
1785773700,2026-08-03 16:15:00+00:00,1.15084,1.1509,1.15046,1.15056,3142
1785774600,2026-08-03 16:30:00+00:00,1.15056,1.15083,1.15043,1.15073,2531
1785775500,2026-08-03 16:45:00+00:00,1.15073,1.15086,1.15051,1.15069,2315
1785776400,2026-08-03 17:00:00+00:00,1.15069,1.1507,1.15031,1.15038,2219
1785777300,2026-08-03 17:15:00+00:00,1.15038,1.15039,1.15019,1.15035,2170
1785778200,2026-08-03 17:30:00+00:00,1.15035,1.15049,1.15028,1.15038,1535
1785779100,2026-08-03 17:45:00+00:00,1.1504,1.15061,1.15013,1.15021,1877
1785780000,2026-08-03 18:00:00+00:00,1.15021,1.15066,1.15014,1.15052,2636
1785780900,2026-08-03 18:15:00+00:00,1.15052,1.15103,1.15051,1.15096,2316
1785781800,2026-08-03 18:30:00+00:00,1.15096,1.15123,1.15084,1.15118,2233
1785782700,2026-08-03 18:45:00+00:00,1.15118,1.15148,1.15112,1.15138,2599
1785783600,2026-08-03 19:00:00+00:00,1.15136,1.15148,1.15126,1.15136,2210
1785784500,2026-08-03 19:15:00+00:00,1.15136,1.1514,1.15122,1.15124,1547
1785785400,2026-08-03 19:30:00+00:00,1.15124,1.15131,1.1510799999999999,1.15126,1546
1785786300,2026-08-03 19:45:00+00:00,1.15127,1.1513,1.15094,1.15103,2024
1785787200,2026-08-03 20:00:00+00:00,1.15103,1.1511,1.15068,1.15075,1858
1785788100,2026-08-03 20:15:00+00:00,1.15075,1.15093,1.15062,1.15073,1174
1785789000,2026-08-03 20:30:00+00:00,1.15073,1.15099,1.1507100000000001,1.15092,1057
1785789900,2026-08-03 20:45:00+00:00,1.15092,1.1509800000000001,1.15078,1.15084,1103
1785790800,2026-08-03 21:00:00+00:00,1.15075,1.15148,1.15072,1.15072,298
1785791700,2026-08-03 21:15:00+00:00,1.15072,1.15111,1.15065,1.15104,207
1785792600,2026-08-03 21:30:00+00:00,1.15104,1.1511,1.15082,1.15094,428
1785793500,2026-08-03 21:45:00+00:00,1.15094,1.15126,1.15084,1.15117,374
1785794400,2026-08-03 22:00:00+00:00,1.15117,1.15123,1.15067,1.15073,1039
1785795300,2026-08-03 22:15:00+00:00,1.15074,1.15085,1.15068,1.1507100000000001,1071
1785796200,2026-08-03 22:30:00+00:00,1.1507100000000001,1.15086,1.15066,1.15082,1160
1785797100,2026-08-03 22:45:00+00:00,1.15082,1.15097,1.15076,1.15089,986
1785798000,2026-08-03 23:00:00+00:00,1.15089,1.15101,1.15082,1.15099,897
1785798900,2026-08-03 23:15:00+00:00,1.15099,1.15105,1.15091,1.15093,691
1785799800,2026-08-03 23:30:00+00:00,1.15093,1.15096,1.15073,1.15078,1055
1785800700,2026-08-03 23:45:00+00:00,1.15079,1.15082,1.15063,1.15069,2200
1785801600,2026-08-04 00:00:00+00:00,1.1507,1.15139,1.1507,1.1509800000000001,3232
1785802500,2026-08-04 00:15:00+00:00,1.15099,1.15127,1.15094,1.15117,2428
1785803400,2026-08-04 00:30:00+00:00,1.15118,1.15152,1.15109,1.15126,2048
1785804300,2026-08-04 00:45:00+00:00,1.15126,1.15128,1.15048,1.15057,2916
1785805200,2026-08-04 01:00:00+00:00,1.15057,1.1506,1.15022,1.1505,2883
1785806100,2026-08-04 01:15:00+00:00,1.1505,1.15095,1.15048,1.15083,2192
1785807000,2026-08-04 01:30:00+00:00,1.15083,1.15146,1.15082,1.15143,2626
1785807900,2026-08-04 01:45:00+00:00,1.15143,1.15147,1.1512,1.15123,2125
1785808800,2026-08-04 02:00:00+00:00,1.15123,1.15139,1.15094,1.15123,2383
1785809700,2026-08-04 02:15:00+00:00,1.15123,1.15131,1.15078,1.15095,1881
1785810600,2026-08-04 02:30:00+00:00,1.15093,1.15121,1.15087,1.15113,1731
1785811500,2026-08-04 02:45:00+00:00,1.15113,1.15127,1.15077,1.1508099999999999,1859
1785812400,2026-08-04 03:00:00+00:00,1.1508099999999999,1.15114,1.15076,1.15093,1810
1785813300,2026-08-04 03:15:00+00:00,1.15093,1.15127,1.15092,1.15122,1815
1785814200,2026-08-04 03:30:00+00:00,1.15122,1.1514199999999999,1.15075,1.15084,2435
1785815100,2026-08-04 03:45:00+00:00,1.15084,1.15101,1.15076,1.1508,1529
1785816000,2026-08-04 04:00:00+00:00,1.1508,1.15088,1.15058,1.1507,1488
1785816900,2026-08-04 04:15:00+00:00,1.15068,1.15089,1.15066,1.1508099999999999,1360
1785817800,2026-08-04 04:30:00+00:00,1.1508099999999999,1.15101,1.1508099999999999,1.15091,1160
1785818700,2026-08-04 04:45:00+00:00,1.1509,1.15112,1.15085,1.15104,1598
1785819600,2026-08-04 05:00:00+00:00,1.15104,1.15106,1.15069,1.15072,1377
1785820500,2026-08-04 05:15:00+00:00,1.15072,1.151,1.15069,1.15093,1710
1785821400,2026-08-04 05:30:00+00:00,1.15093,1.15105,1.15053,1.15054,1807
1785822300,2026-08-04 05:45:00+00:00,1.15054,1.15075,1.15038,1.15074,2052
1785823200,2026-08-04 06:00:00+00:00,1.15074,1.15078,1.15042,1.15076,3245
1785824100,2026-08-04 06:15:00+00:00,1.15077,1.15105,1.15059,1.15061,3008
1785825000,2026-08-04 06:30:00+00:00,1.1506,1.15083,1.1503700000000001,1.15046,2864
1785825900,2026-08-04 06:45:00+00:00,1.15045,1.15077,1.15038,1.15075,2796
1785826800,2026-08-04 07:00:00+00:00,1.15075,1.15107,1.15062,1.15092,3032
1785827700,2026-08-04 07:15:00+00:00,1.15092,1.15172,1.15086,1.15126,3025
1785828600,2026-08-04 07:30:00+00:00,1.15126,1.1515,1.1509800000000001,1.151,2899
1785829500,2026-08-04 07:45:00+00:00,1.15099,1.1513200000000001,1.15087,1.1510799999999999,2654
1785830400,2026-08-04 08:00:00+00:00,1.1510799999999999,1.15145,1.15088,1.15096,3012
1785831300,2026-08-04 08:15:00+00:00,1.15096,1.15124,1.15078,1.15119,2517
1785832200,2026-08-04 08:30:00+00:00,1.1512,1.1512,1.15063,1.15095,2752
1785833100,2026-08-04 08:45:00+00:00,1.15095,1.1509800000000001,1.15063,1.15079,2430
1785834000,2026-08-04 09:00:00+00:00,1.15078,1.15083,1.15034,1.1507,2595
1785834900,2026-08-04 09:15:00+00:00,1.1507,1.15113,1.15068,1.15106,2782
1785835800,2026-08-04 09:30:00+00:00,1.15104,1.15113,1.15074,1.1508099999999999,2482
1785836700,2026-08-04 09:45:00+00:00,1.1508099999999999,1.15092,1.15055,1.1508099999999999,2291
1785837600,2026-08-04 10:00:00+00:00,1.1508,1.15112,1.15076,1.15101,2777
1785838500,2026-08-04 10:15:00+00:00,1.15101,1.15107,1.15079,1.15097,2409
1785839400,2026-08-04 10:30:00+00:00,1.15096,1.15176,1.15086,1.15143,2807
1785840300,2026-08-04 10:45:00+00:00,1.15143,1.1519,1.15127,1.15141,4337
1785841200,2026-08-04 11:00:00+00:00,1.15141,1.15165,1.15115,1.15164,2779
1785842100,2026-08-04 11:15:00+00:00,1.15164,1.15201,1.15158,1.15199,2792
1785843000,2026-08-04 11:30:00+00:00,1.15201,1.15236,1.15174,1.15229,4687
1785843900,2026-08-04 11:45:00+00:00,1.15229,1.15229,1.15149,1.15162,4773
1785844800,2026-08-04 12:00:00+00:00,1.15163,1.15187,1.15137,1.1514199999999999,4258
1785845700,2026-08-04 12:15:00+00:00,1.15143,1.1518,1.15134,1.15143,2821
1785846600,2026-08-04 12:30:00+00:00,1.15143,1.15234,1.15143,1.15217,3042
1785847500,2026-08-04 12:45:00+00:00,1.15217,1.15219,1.15145,1.15148,2520
1785848400,2026-08-04 13:00:00+00:00,1.15148,1.15153,1.15109,1.15128,2767
1785849300,2026-08-04 13:15:00+00:00,1.15128,1.15196,1.15093,1.15155,5549
1785850200,2026-08-04 13:30:00+00:00,1.15155,1.15252,1.15148,1.15233,5487
1785851100,2026-08-04 13:45:00+00:00,1.15233,1.15262,1.15212,1.15237,4119
1785852000,2026-08-04 14:00:00+00:00,1.15237,1.15305,1.15221,1.15297,4006
1785852900,2026-08-04 14:15:00+00:00,1.15297,1.15309,1.15263,1.15269,3807
1785853800,2026-08-04 14:30:00+00:00,1.1527,1.15287,1.15232,1.15233,3638
1785854700,2026-08-04 14:45:00+00:00,1.15233,1.15246,1.15189,1.15232,4405
1785855600,2026-08-04 15:00:00+00:00,1.15232,1.15255,1.15184,1.15184,4152
1785856500,2026-08-04 15:15:00+00:00,1.15184,1.15185,1.1514,1.15178,3091
1785857400,2026-08-04 15:30:00+00:00,1.15178,1.15227,1.15134,1.15212,4016
1785858300,2026-08-04 15:45:00+00:00,1.15212,1.15267,1.15202,1.15262,2585
1785859200,2026-08-04 16:00:00+00:00,1.15262,1.15267,1.15208,1.15217,2109
1785860100,2026-08-04 16:15:00+00:00,1.15217,1.15224,1.1519300000000001,1.15195,1776
1785861000,2026-08-04 16:30:00+00:00,1.15194,1.15199,1.15166,1.15187,1518
1785861900,2026-08-04 16:45:00+00:00,1.15188,1.15196,1.15164,1.15186,1905
1785862800,2026-08-04 17:00:00+00:00,1.15186,1.15226,1.15186,1.15222,2410
1785863700,2026-08-04 17:15:00+00:00,1.15222,1.15226,1.15197,1.15209,2074
1785864600,2026-08-04 17:30:00+00:00,1.15208,1.15259,1.15204,1.15255,1773
1785865500,2026-08-04 17:45:00+00:00,1.15256,1.15266,1.15241,1.15241,1998
1785866400,2026-08-04 18:00:00+00:00,1.15241,1.15268,1.15232,1.15244,2596
1785867300,2026-08-04 18:15:00+00:00,1.15242,1.15257,1.15227,1.15248,1581
1785868200,2026-08-04 18:30:00+00:00,1.15248,1.15274,1.15242,1.15272,1811
1785869100,2026-08-04 18:45:00+00:00,1.15274,1.15339,1.15269,1.15329,2599
1785870000,2026-08-04 19:00:00+00:00,1.15329,1.15336,1.15307,1.15309,2523
1785870900,2026-08-04 19:15:00+00:00,1.15309,1.1532499999999999,1.15297,1.15323,1955
1785871800,2026-08-04 19:30:00+00:00,1.15323,1.15329,1.15302,1.15314,1640
1785872700,2026-08-04 19:45:00+00:00,1.15313,1.15317,1.15295,1.15308,1873
1785873600,2026-08-04 20:00:00+00:00,1.15307,1.15323,1.15305,1.1531500000000001,2453
1785874500,2026-08-04 20:15:00+00:00,1.1531500000000001,1.1534,1.15313,1.15324,1347
1785875400,2026-08-04 20:30:00+00:00,1.15324,1.15329,1.15306,1.15309,907
1785876300,2026-08-04 20:45:00+00:00,1.15309,1.15339,1.15305,1.1532,1186
1785877200,2026-08-04 21:00:00+00:00,1.1532,1.1532,1.15269,1.15283,152
1785878100,2026-08-04 21:15:00+00:00,1.15283,1.15304,1.15283,1.15295,146
1785879000,2026-08-04 21:30:00+00:00,1.15294,1.15317,1.1529099999999999,1.15293,229
1785879900,2026-08-04 21:45:00+00:00,1.15293,1.15302,1.1529,1.15294,137
1785880800,2026-08-04 22:00:00+00:00,1.15294,1.15314,1.15292,1.15312,1188
1785881700,2026-08-04 22:15:00+00:00,1.15314,1.15314,1.15301,1.15309,859
1785882600,2026-08-04 22:30:00+00:00,1.15309,1.15327,1.15308,1.15322,847
1785883500,2026-08-04 22:45:00+00:00,1.15323,1.1533,1.15307,1.15328,1091
1785884400,2026-08-04 23:00:00+00:00,1.15328,1.15333,1.15301,1.15321,1092
1785885300,2026-08-04 23:15:00+00:00,1.15321,1.15321,1.15302,1.15303,576
1785886200,2026-08-04 23:30:00+00:00,1.15302,1.15312,1.15298,1.15302,638
1785887100,2026-08-04 23:45:00+00:00,1.15302,1.15327,1.15302,1.15322,942
1785888000,2026-08-05 00:00:00+00:00,1.15322,1.15348,1.15313,1.15329,2225
1785888900,2026-08-05 00:15:00+00:00,1.15329,1.15355,1.15323,1.15345,2339
1785889800,2026-08-05 00:30:00+00:00,1.15345,1.15356,1.15323,1.15324,1920
1785890700,2026-08-05 00:45:00+00:00,1.15323,1.15334,1.15296,1.1531500000000001,2728
1785891600,2026-08-05 01:00:00+00:00,1.1531500000000001,1.15317,1.15288,1.15301,2370
1785892500,2026-08-05 01:15:00+00:00,1.15303,1.15319,1.15268,1.15285,2576
1785893400,2026-08-05 01:30:00+00:00,1.15285,1.1529,1.1527,1.15282,2236
1785894300,2026-08-05 01:45:00+00:00,1.15282,1.15289,1.15268,1.15271,1915
1785895200,2026-08-05 02:00:00+00:00,1.15271,1.1531500000000001,1.15267,1.15298,3665
1785896100,2026-08-05 02:15:00+00:00,1.15298,1.15353,1.1529099999999999,1.15336,2870
1785897000,2026-08-05 02:30:00+00:00,1.15336,1.15407,1.1533,1.15405,3180
1785897900,2026-08-05 02:45:00+00:00,1.15405,1.15407,1.15347,1.15348,2319
1785898800,2026-08-05 03:00:00+00:00,1.15348,1.15406,1.15346,1.15396,1991
1785899700,2026-08-05 03:15:00+00:00,1.15395,1.15404,1.15372,1.15377,1602
1785900600,2026-08-05 03:30:00+00:00,1.15377,1.15378,1.1535199999999999,1.15355,1620
1785901500,2026-08-05 03:45:00+00:00,1.15358,1.15378,1.15354,1.15372,1712
1785902400,2026-08-05 04:00:00+00:00,1.15372,1.15395,1.15372,1.15387,2154
1785903300,2026-08-05 04:15:00+00:00,1.15387,1.15404,1.15381,1.15394,1775
1785904200,2026-08-05 04:30:00+00:00,1.15394,1.15401,1.15368,1.15371,2098
1785905100,2026-08-05 04:45:00+00:00,1.15371,1.15382,1.15346,1.15362,2005
1785906000,2026-08-05 05:00:00+00:00,1.15362,1.15363,1.15317,1.1534,1974
1785906900,2026-08-05 05:15:00+00:00,1.1534,1.15357,1.15331,1.15345,1508
1785907800,2026-08-05 05:30:00+00:00,1.15345,1.1537,1.15344,1.15359,1769
1785908700,2026-08-05 05:45:00+00:00,1.15359,1.15382,1.15343,1.15356,1935
1785909600,2026-08-05 06:00:00+00:00,1.15356,1.1537600000000001,1.15349,1.15363,2773
1785910500,2026-08-05 06:15:00+00:00,1.15363,1.15364,1.15323,1.15354,3212
1785911400,2026-08-05 06:30:00+00:00,1.15354,1.15425,1.1532499999999999,1.15421,3892
1785912300,2026-08-05 06:45:00+00:00,1.15421,1.1546,1.1542,1.15448,2730
1785913200,2026-08-05 07:00:00+00:00,1.15448,1.15469,1.15377,1.15384,4618
1785914100,2026-08-05 07:15:00+00:00,1.15384,1.15419,1.15339,1.15341,3632
1785915000,2026-08-05 07:30:00+00:00,1.15341,1.1538,1.15341,1.15359,3132
1785915900,2026-08-05 07:45:00+00:00,1.15359,1.15399,1.15347,1.15381,2957
1785916800,2026-08-05 08:00:00+00:00,1.15381,1.15404,1.15358,1.15365,2884
1785917700,2026-08-05 08:15:00+00:00,1.15364,1.15435,1.15364,1.15433,3067
1785918600,2026-08-05 08:30:00+00:00,1.15433,1.15445,1.15331,1.15349,2895
1785919500,2026-08-05 08:45:00+00:00,1.15349,1.15372,1.15311,1.15357,3364
1785920400,2026-08-05 09:00:00+00:00,1.15357,1.1538599999999999,1.15335,1.15374,3349
1785921300,2026-08-05 09:15:00+00:00,1.15374,1.15417,1.15367,1.15396,3860
1785922200,2026-08-05 09:30:00+00:00,1.15396,1.15427,1.15381,1.15416,3362
1785923100,2026-08-05 09:45:00+00:00,1.15418,1.1542,1.15396,1.15398,2100
1785924000,2026-08-05 10:00:00+00:00,1.15398,1.15404,1.15349,1.15365,2491
1785924900,2026-08-05 10:15:00+00:00,1.15365,1.15411,1.15359,1.15378,2445
1785925800,2026-08-05 10:30:00+00:00,1.15377,1.15394,1.15364,1.15379,2369
1785926700,2026-08-05 10:45:00+00:00,1.15379,1.15409,1.15361,1.15396,2632
1785927600,2026-08-05 11:00:00+00:00,1.15397,1.15464,1.15396,1.15459,2888
1785928500,2026-08-05 11:15:00+00:00,1.15459,1.15512,1.15436,1.15479,3542
1785929400,2026-08-05 11:30:00+00:00,1.15479,1.15553,1.15465,1.15529,3520
1785930300,2026-08-05 11:45:00+00:00,1.15529,1.15537,1.15489,1.15528,3083
1785931200,2026-08-05 12:00:00+00:00,1.15528,1.15552,1.15511,1.15518,3566
1785932100,2026-08-05 12:15:00+00:00,1.15518,1.15573,1.15518,1.15539,3549
1785933000,2026-08-05 12:30:00+00:00,1.15539,1.1555,1.15477,1.15478,3377
1785933900,2026-08-05 12:45:00+00:00,1.15478,1.15502,1.15448,1.15458,3187
1785934800,2026-08-05 13:00:00+00:00,1.15458,1.15475,1.15423,1.15461,3930
1785935700,2026-08-05 13:15:00+00:00,1.15461,1.1553499999999999,1.15457,1.15524,3956
1785936600,2026-08-05 13:30:00+00:00,1.15524,1.1554,1.15452,1.15455,6231
1785937500,2026-08-05 13:45:00+00:00,1.15455,1.15465,1.154,1.15435,4798
1785938400,2026-08-05 14:00:00+00:00,1.15435,1.15558,1.15422,1.1553200000000001,6598
1785939300,2026-08-05 14:15:00+00:00,1.1553200000000001,1.1556899999999999,1.155,1.15502,5287
1785940200,2026-08-05 14:30:00+00:00,1.15502,1.15528,1.15473,1.15517,4365
1785941100,2026-08-05 14:45:00+00:00,1.15517,1.1554,1.15451,1.1553499999999999,5376
1785942000,2026-08-05 15:00:00+00:00,1.15533,1.15566,1.15494,1.15494,5633
1785942900,2026-08-05 15:15:00+00:00,1.15494,1.15495,1.15453,1.15475,4638
1785943800,2026-08-05 15:30:00+00:00,1.15475,1.1551,1.15443,1.15492,3963
1785944700,2026-08-05 15:45:00+00:00,1.15492,1.15499,1.15427,1.15462,4510
1785945600,2026-08-05 16:00:00+00:00,1.15461,1.15481,1.15427,1.1547,3867
1785946500,2026-08-05 16:15:00+00:00,1.1547,1.15494,1.15461,1.15477,2335
1785947400,2026-08-05 16:30:00+00:00,1.15477,1.15479,1.15438,1.15457,1897
1785948300,2026-08-05 16:45:00+00:00,1.15457,1.1547,1.15436,1.15459,2612
1785949200,2026-08-05 17:00:00+00:00,1.15459,1.1547399999999999,1.15427,1.15442,2318
1785950100,2026-08-05 17:15:00+00:00,1.15442,1.15496,1.15442,1.15489,2383
1785951000,2026-08-05 17:30:00+00:00,1.1549,1.15541,1.15475,1.15536,2036
1785951900,2026-08-05 17:45:00+00:00,1.15536,1.15574,1.1553499999999999,1.15562,2322
1785952800,2026-08-05 18:00:00+00:00,1.15562,1.15586,1.15551,1.15551,2311
1785953700,2026-08-05 18:15:00+00:00,1.15551,1.1559599999999999,1.15542,1.1559,2132
1785954600,2026-08-05 18:30:00+00:00,1.1559,1.15595,1.1553200000000001,1.15536,2188
1785955500,2026-08-05 18:45:00+00:00,1.15537,1.15558,1.1553200000000001,1.15536,2565
1785956400,2026-08-05 19:00:00+00:00,1.15536,1.15549,1.1550799999999999,1.15512,2169
1785957300,2026-08-05 19:15:00+00:00,1.15512,1.15515,1.15475,1.15479,2154
1785958200,2026-08-05 19:30:00+00:00,1.15479,1.15509,1.15479,1.155,1979
1785959100,2026-08-05 19:45:00+00:00,1.155,1.15525,1.15486,1.1551,2365
1785960000,2026-08-05 20:00:00+00:00,1.1551,1.1553200000000001,1.15499,1.15501,1742
1785960900,2026-08-05 20:15:00+00:00,1.15501,1.15517,1.1549,1.1550799999999999,945
1785961800,2026-08-05 20:30:00+00:00,1.1550799999999999,1.15542,1.15505,1.15518,1043
1785962700,2026-08-05 20:45:00+00:00,1.15518,1.1554,1.15513,1.1553200000000001,1248
1785963600,2026-08-05 21:00:00+00:00,1.1553200000000001,1.15567,1.15527,1.15548,255
1785964500,2026-08-05 21:15:00+00:00,1.15548,1.1556899999999999,1.15517,1.1553499999999999,166
1785965400,2026-08-05 21:30:00+00:00,1.1553499999999999,1.15547,1.15516,1.15529,404
1785966300,2026-08-05 21:45:00+00:00,1.15529,1.15547,1.15517,1.1553200000000001,734
1785967200,2026-08-05 22:00:00+00:00,1.1553200000000001,1.15552,1.15509,1.1553499999999999,835
1785968100,2026-08-05 22:15:00+00:00,1.15534,1.15549,1.15531,1.15539,2345
1785969000,2026-08-05 22:30:00+00:00,1.15539,1.1555,1.15533,1.15546,1095
1785969900,2026-08-05 22:45:00+00:00,1.15546,1.15551,1.1554,1.1555,1098
1785970800,2026-08-05 23:00:00+00:00,1.1555,1.1556,1.15541,1.15557,773
1785971700,2026-08-05 23:15:00+00:00,1.15557,1.1555900000000001,1.15547,1.15548,588
1785972600,2026-08-05 23:30:00+00:00,1.15548,1.1556,1.15546,1.15557,746
1785973500,2026-08-05 23:45:00+00:00,1.15557,1.15579,1.15556,1.1557,1147
1785974400,2026-08-06 00:00:00+00:00,1.1557,1.15577,1.15546,1.15555,2558
1785975300,2026-08-06 00:15:00+00:00,1.15555,1.15582,1.15552,1.15563,2399
1785976200,2026-08-06 00:30:00+00:00,1.15563,1.15582,1.1556,1.15565,2031
1785977100,2026-08-06 00:45:00+00:00,1.15565,1.15598,1.15563,1.15566,2244
1785978000,2026-08-06 01:00:00+00:00,1.15566,1.15574,1.15536,1.15555,3594
1785978900,2026-08-06 01:15:00+00:00,1.15555,1.15576,1.15541,1.15553,2304
1785979800,2026-08-06 01:30:00+00:00,1.15553,1.15572,1.15546,1.1556899999999999,2289
1785980700,2026-08-06 01:45:00+00:00,1.1556899999999999,1.1556899999999999,1.15543,1.15549,2207
1785981600,2026-08-06 02:00:00+00:00,1.1555,1.15577,1.15547,1.1556,2096
1785982500,2026-08-06 02:15:00+00:00,1.1556,1.15581,1.15546,1.1556,1725
1785983400,2026-08-06 02:30:00+00:00,1.1556,1.15577,1.15549,1.15574,1610
1785984300,2026-08-06 02:45:00+00:00,1.15574,1.15579,1.15526,1.15538,1647
1785985200,2026-08-06 03:00:00+00:00,1.15538,1.1554,1.1552,1.15523,1737
1785986100,2026-08-06 03:15:00+00:00,1.15523,1.15525,1.15493,1.155,1762
1785987000,2026-08-06 03:30:00+00:00,1.15501,1.1551,1.15476,1.15479,1459
1785987900,2026-08-06 03:45:00+00:00,1.15479,1.1549,1.15468,1.15489,1299
1785988800,2026-08-06 04:00:00+00:00,1.15489,1.1549800000000001,1.1548,1.15493,1177
1785989700,2026-08-06 04:15:00+00:00,1.15493,1.15495,1.15476,1.15483,955
1785990600,2026-08-06 04:30:00+00:00,1.15483,1.15493,1.15475,1.15478,1162
1785991500,2026-08-06 04:45:00+00:00,1.15478,1.15493,1.15469,1.15491,1510
1785992400,2026-08-06 05:00:00+00:00,1.15492,1.15493,1.15446,1.15453,1788
1785993300,2026-08-06 05:15:00+00:00,1.15453,1.15463,1.1545,1.15456,1174
1785994200,2026-08-06 05:30:00+00:00,1.15456,1.15489,1.15451,1.15485,1442
1785995100,2026-08-06 05:45:00+00:00,1.15485,1.15505,1.15478,1.15493,1401
1785996000,2026-08-06 06:00:00+00:00,1.15493,1.15516,1.15456,1.15468,1951
1785996900,2026-08-06 06:15:00+00:00,1.15467,1.15479,1.15449,1.15464,2376
1785997800,2026-08-06 06:30:00+00:00,1.15464,1.15467,1.15431,1.15457,2458
1785998700,2026-08-06 06:45:00+00:00,1.15457,1.15473,1.15432,1.15449,2287
1785999600,2026-08-06 07:00:00+00:00,1.15449,1.1546,1.15422,1.15446,2765
1786000500,2026-08-06 07:15:00+00:00,1.15445,1.15467,1.15429,1.1544699999999999,2838
1786001400,2026-08-06 07:30:00+00:00,1.1544699999999999,1.15462,1.1543,1.1544699999999999,2620
1786002300,2026-08-06 07:45:00+00:00,1.15448,1.15452,1.1541,1.15441,3192
1786003200,2026-08-06 08:00:00+00:00,1.15442,1.15453,1.15389,1.15432,2685
1786004100,2026-08-06 08:15:00+00:00,1.15432,1.15449,1.15406,1.1541,2519
1786005000,2026-08-06 08:30:00+00:00,1.1541,1.15445,1.154,1.15433,2667
1786005900,2026-08-06 08:45:00+00:00,1.15432,1.15445,1.1541,1.15432,2814
1786006800,2026-08-06 09:00:00+00:00,1.15432,1.15441,1.15406,1.1543700000000001,2486
1786007700,2026-08-06 09:15:00+00:00,1.1543700000000001,1.15438,1.15401,1.15422,2104
1786008600,2026-08-06 09:30:00+00:00,1.15422,1.15432,1.15373,1.15378,2177
1786009500,2026-08-06 09:45:00+00:00,1.15378,1.15404,1.15364,1.15384,1902
1786010400,2026-08-06 10:00:00+00:00,1.15384,1.15411,1.15365,1.15367,2276
1786011300,2026-08-06 10:15:00+00:00,1.15367,1.15424,1.15365,1.1541299999999999,1997
1786012200,2026-08-06 10:30:00+00:00,1.1541299999999999,1.15429,1.15402,1.15408,1299
1786013100,2026-08-06 10:45:00+00:00,1.15408,1.15424,1.15391,1.15409,1465
1786014000,2026-08-06 11:00:00+00:00,1.15409,1.15452,1.15409,1.15429,2342
1786014900,2026-08-06 11:15:00+00:00,1.15429,1.1547,1.15422,1.15451,2198
1786015800,2026-08-06 11:30:00+00:00,1.15451,1.15458,1.15384,1.15385,2106
1786016700,2026-08-06 11:45:00+00:00,1.15385,1.15452,1.1537600000000001,1.15451,3761
1786017600,2026-08-06 12:00:00+00:00,1.15451,1.15457,1.15391,1.15396,3057
1786018500,2026-08-06 12:15:00+00:00,1.15396,1.15439,1.15396,1.15426,2304
1786019400,2026-08-06 12:30:00+00:00,1.15426,1.15453,1.154,1.15416,2691
1786020300,2026-08-06 12:45:00+00:00,1.15416,1.15425,1.15368,1.15385,3057
1786021200,2026-08-06 13:00:00+00:00,1.15385,1.15412,1.15357,1.15381,3525
1786022100,2026-08-06 13:15:00+00:00,1.15381,1.15409,1.15365,1.15387,2770
1786023000,2026-08-06 13:30:00+00:00,1.15387,1.15438,1.15377,1.15425,3428
1786023900,2026-08-06 13:45:00+00:00,1.15425,1.15451,1.15388,1.15428,4017
1786024800,2026-08-06 14:00:00+00:00,1.15429,1.15442,1.1532499999999999,1.15345,4281
1786025700,2026-08-06 14:15:00+00:00,1.15345,1.15389,1.15338,1.15347,4123
1786026600,2026-08-06 14:30:00+00:00,1.15347,1.15375,1.15336,1.15356,2998
1786027500,2026-08-06 14:45:00+00:00,1.15356,1.15356,1.15305,1.1535199999999999,3810
1786028400,2026-08-06 15:00:00+00:00,1.1535199999999999,1.15358,1.15275,1.15282,3892
1786029300,2026-08-06 15:15:00+00:00,1.15282,1.15288,1.15212,1.15236,4434
1786030200,2026-08-06 15:30:00+00:00,1.15236,1.15242,1.15197,1.15225,3224
1786031100,2026-08-06 15:45:00+00:00,1.15225,1.15245,1.15191,1.15208,4069
1786032000,2026-08-06 16:00:00+00:00,1.15208,1.15223,1.1519,1.15201,2817
1786032900,2026-08-06 16:15:00+00:00,1.15201,1.15202,1.15147,1.1519300000000001,3387
1786033800,2026-08-06 16:30:00+00:00,1.1519300000000001,1.15207,1.15168,1.15178,2347
1786034700,2026-08-06 16:45:00+00:00,1.15179,1.15229,1.15177,1.15206,2272
1786035600,2026-08-06 17:00:00+00:00,1.15207,1.15224,1.15192,1.15197,2653
1786036500,2026-08-06 17:15:00+00:00,1.15197,1.1521,1.15175,1.15202,2163
1786037400,2026-08-06 17:30:00+00:00,1.15202,1.15208,1.15174,1.15191,2332
1786038300,2026-08-06 17:45:00+00:00,1.15191,1.1522999999999999,1.15186,1.15229,1984
1786039200,2026-08-06 18:00:00+00:00,1.15228,1.15249,1.15223,1.15234,1639
1786040100,2026-08-06 18:15:00+00:00,1.15234,1.15243,1.15219,1.15223,1235
1786041000,2026-08-06 18:30:00+00:00,1.15224,1.15234,1.15215,1.15222,1303
1786041900,2026-08-06 18:45:00+00:00,1.15222,1.15239,1.15218,1.15238,1548
1786042800,2026-08-06 19:00:00+00:00,1.15237,1.15258,1.1522000000000001,1.15227,1787
1786043700,2026-08-06 19:15:00+00:00,1.15227,1.1524,1.15172,1.15189,2589
1786044600,2026-08-06 19:30:00+00:00,1.15189,1.15211,1.15179,1.15187,2058
1786045500,2026-08-06 19:45:00+00:00,1.15187,1.15258,1.15184,1.15232,2612
1786046400,2026-08-06 20:00:00+00:00,1.15232,1.1524,1.15209,1.15213,1392
1786047300,2026-08-06 20:15:00+00:00,1.15214,1.15215,1.15186,1.15204,1126
1786048200,2026-08-06 20:30:00+00:00,1.15204,1.15225,1.15201,1.1522000000000001,831
1786049100,2026-08-06 20:45:00+00:00,1.15221,1.15243,1.15218,1.15237,1673
1786050000,2026-08-06 21:00:00+00:00,1.15237,1.15253,1.15224,1.15228,104
1786050900,2026-08-06 21:15:00+00:00,1.15228,1.15229,1.15217,1.15217,99
1786051800,2026-08-06 21:30:00+00:00,1.15216,1.15225,1.15201,1.1521,325
1786052700,2026-08-06 21:45:00+00:00,1.15208,1.15212,1.15194,1.1520299999999999,191
1786053600,2026-08-06 22:00:00+00:00,1.1520299999999999,1.15232,1.15202,1.15217,785
1786054500,2026-08-06 22:15:00+00:00,1.15217,1.15225,1.15215,1.15221,914
1786055400,2026-08-06 22:30:00+00:00,1.15222,1.15227,1.15217,1.15223,936
1786056300,2026-08-06 22:45:00+00:00,1.15223,1.15227,1.15216,1.1522000000000001,919
1786057200,2026-08-06 23:00:00+00:00,1.1522000000000001,1.15236,1.15217,1.15234,411
1786058100,2026-08-06 23:15:00+00:00,1.15234,1.15237,1.15226,1.15232,293
1786059000,2026-08-06 23:30:00+00:00,1.15232,1.15238,1.15224,1.15237,362
1786059900,2026-08-06 23:45:00+00:00,1.15237,1.15245,1.15233,1.1524,669
1786060800,2026-08-07 00:00:00+00:00,1.1524,1.15243,1.15209,1.15213,2680
1786061700,2026-08-07 00:15:00+00:00,1.15215,1.15224,1.152,1.15216,2154
1786062600,2026-08-07 00:30:00+00:00,1.15215,1.15226,1.1520299999999999,1.1521,2343
1786063500,2026-08-07 00:45:00+00:00,1.1521,1.15221,1.1518,1.15191,2522
1786064400,2026-08-07 01:00:00+00:00,1.15191,1.15227,1.15184,1.1522000000000001,2314
1786065300,2026-08-07 01:15:00+00:00,1.1522000000000001,1.15223,1.15208,1.15215,1683
1786066200,2026-08-07 01:30:00+00:00,1.15217,1.15258,1.152,1.15246,2204
1786067100,2026-08-07 01:45:00+00:00,1.15246,1.15253,1.15213,1.15216,1822
1786068000,2026-08-07 02:00:00+00:00,1.15218,1.15231,1.15214,1.15218,1600
1786068900,2026-08-07 02:15:00+00:00,1.15218,1.15231,1.15206,1.15225,1108
1786069800,2026-08-07 02:30:00+00:00,1.15225,1.15228,1.15207,1.15214,1290
1786070700,2026-08-07 02:45:00+00:00,1.15213,1.15236,1.15209,1.15216,1238
1786071600,2026-08-07 03:00:00+00:00,1.15216,1.15226,1.15199,1.15211,1582
1786072500,2026-08-07 03:15:00+00:00,1.15211,1.15219,1.15202,1.15215,1680
1786073400,2026-08-07 03:30:00+00:00,1.15215,1.15224,1.1521,1.15215,1246
1786074300,2026-08-07 03:45:00+00:00,1.15215,1.15235,1.15212,1.15235,1231
1786075200,2026-08-07 04:00:00+00:00,1.15235,1.15235,1.15215,1.15221,1488
1786076100,2026-08-07 04:15:00+00:00,1.15221,1.15232,1.15216,1.15221,1974
1786077000,2026-08-07 04:30:00+00:00,1.15221,1.15242,1.15216,1.1524,1725
1786077900,2026-08-07 04:45:00+00:00,1.1524,1.15244,1.15228,1.15234,1307
1786078800,2026-08-07 05:00:00+00:00,1.15234,1.15255,1.15233,1.15247,1120
1786079700,2026-08-07 05:15:00+00:00,1.15247,1.15251,1.15214,1.15216,1002
1786080600,2026-08-07 05:30:00+00:00,1.15216,1.15241,1.15206,1.15234,1238
1786081500,2026-08-07 05:45:00+00:00,1.15233,1.15249,1.15222,1.15223,1404
1786082400,2026-08-07 06:00:00+00:00,1.15223,1.15243,1.15209,1.15235,1754
1786083300,2026-08-07 06:15:00+00:00,1.15235,1.15251,1.15213,1.1524,2249
1786084200,2026-08-07 06:30:00+00:00,1.1524,1.15243,1.15214,1.15221,2489
1786085100,2026-08-07 06:45:00+00:00,1.15221,1.15248,1.15215,1.15222,2144
1786086000,2026-08-07 07:00:00+00:00,1.15221,1.15235,1.15177,1.15226,2570
1786086900,2026-08-07 07:15:00+00:00,1.15226,1.15244,1.15217,1.15225,2219
1786087800,2026-08-07 07:30:00+00:00,1.15225,1.15234,1.15195,1.1520299999999999,2372
1786088700,2026-08-07 07:45:00+00:00,1.1520299999999999,1.15233,1.152,1.15225,1954
1786089600,2026-08-07 08:00:00+00:00,1.15225,1.1522999999999999,1.15181,1.15187,2725
1786090500,2026-08-07 08:15:00+00:00,1.15187,1.15214,1.15186,1.15192,2602
1786091400,2026-08-07 08:30:00+00:00,1.1519300000000001,1.15245,1.1519,1.15241,2526
1786092300,2026-08-07 08:45:00+00:00,1.15241,1.1525400000000001,1.15225,1.15236,2583
1786093200,2026-08-07 09:00:00+00:00,1.15235,1.15289,1.1522999999999999,1.15285,2740
1786094100,2026-08-07 09:15:00+00:00,1.15285,1.15297,1.1527,1.15274,2052
1786095000,2026-08-07 09:30:00+00:00,1.15274,1.15283,1.15257,1.15277,2001
1786095900,2026-08-07 09:45:00+00:00,1.15276,1.15313,1.15276,1.1529,2335
1786096800,2026-08-07 10:00:00+00:00,1.1529,1.15293,1.15259,1.15267,2050
1786097700,2026-08-07 10:15:00+00:00,1.15267,1.15285,1.1526,1.15277,1976
1786098600,2026-08-07 10:30:00+00:00,1.15277,1.15285,1.15257,1.1526,1950
1786099500,2026-08-07 10:45:00+00:00,1.15261,1.15292,1.15258,1.1527,2170
1786100400,2026-08-07 11:00:00+00:00,1.1527,1.15301,1.15269,1.1528100000000001,2617
1786101300,2026-08-07 11:15:00+00:00,1.1528100000000001,1.15297,1.1526399999999999,1.15268,2343
1786102200,2026-08-07 11:30:00+00:00,1.15268,1.15323,1.1526399999999999,1.15321,2065
1786103100,2026-08-07 11:45:00+00:00,1.15321,1.15334,1.15313,1.1533,2116
1786104000,2026-08-07 12:00:00+00:00,1.1533,1.15379,1.15329,1.15343,3026
1786104900,2026-08-07 12:15:00+00:00,1.15343,1.15348,1.15268,1.1528,3779
1786105800,2026-08-07 12:30:00+00:00,1.15277,1.15774,1.15276,1.15736,12211
1786106700,2026-08-07 12:45:00+00:00,1.15736,1.15794,1.15725,1.1575199999999999,4621
1786107600,2026-08-07 13:00:00+00:00,1.1575199999999999,1.1576,1.15679,1.15746,4169
1786108500,2026-08-07 13:15:00+00:00,1.15746,1.15755,1.15668,1.15699,5120
1786109400,2026-08-07 13:30:00+00:00,1.15701,1.15747,1.1562000000000001,1.15721,5461
1786110300,2026-08-07 13:45:00+00:00,1.1572,1.15724,1.15565,1.15576,5737
1786111200,2026-08-07 14:00:00+00:00,1.15576,1.15586,1.1552,1.15577,5568
1786112100,2026-08-07 14:15:00+00:00,1.15578,1.15644,1.15563,1.1557,4746
1786113000,2026-08-07 14:30:00+00:00,1.15571,1.15604,1.15504,1.15522,4603
1786113900,2026-08-07 14:45:00+00:00,1.15522,1.1555900000000001,1.1551,1.15531,5288
1786114800,2026-08-07 15:00:00+00:00,1.15531,1.15611,1.15501,1.15608,5361
1786115700,2026-08-07 15:15:00+00:00,1.15608,1.15639,1.15567,1.1557,4333
1786116600,2026-08-07 15:30:00+00:00,1.1556899999999999,1.15626,1.15543,1.15615,3753
1786117500,2026-08-07 15:45:00+00:00,1.15615,1.15632,1.15566,1.15585,3199
1786118400,2026-08-07 16:00:00+00:00,1.15585,1.1565400000000001,1.15574,1.15651,3348
1786119300,2026-08-07 16:15:00+00:00,1.15651,1.15659,1.15601,1.15624,3561
1786120200,2026-08-07 16:30:00+00:00,1.15625,1.15641,1.15611,1.15629,2696
1786121100,2026-08-07 16:45:00+00:00,1.15629,1.15674,1.15586,1.1559,2516
1786122000,2026-08-07 17:00:00+00:00,1.1559,1.15615,1.15575,1.1561,2070
1786122900,2026-08-07 17:15:00+00:00,1.1561,1.15632,1.1559300000000001,1.15611,2058
1786123800,2026-08-07 17:30:00+00:00,1.15611,1.15636,1.15599,1.15626,2115
1786124700,2026-08-07 17:45:00+00:00,1.15627,1.15634,1.15609,1.15612,1799
1786125600,2026-08-07 18:00:00+00:00,1.15612,1.15634,1.15589,1.15612,2165
1786126500,2026-08-07 18:15:00+00:00,1.15612,1.15628,1.15599,1.15624,2200
1786127400,2026-08-07 18:30:00+00:00,1.15624,1.15643,1.1562000000000001,1.15641,1532
1786128300,2026-08-07 18:45:00+00:00,1.15641,1.15663,1.15637,1.15651,1770
1786129200,2026-08-07 19:00:00+00:00,1.15651,1.15683,1.15639,1.15644,2497
1786130100,2026-08-07 19:15:00+00:00,1.15645,1.15702,1.15639,1.15697,2592
1786131000,2026-08-07 19:30:00+00:00,1.15697,1.15701,1.15658,1.15659,2067
1786131900,2026-08-07 19:45:00+00:00,1.15659,1.15669,1.15609,1.15617,2698
1786132800,2026-08-07 20:00:00+00:00,1.15616,1.15619,1.15586,1.15588,2026
1786133700,2026-08-07 20:15:00+00:00,1.15588,1.15592,1.15558,1.15567,1583
1786134600,2026-08-07 20:30:00+00:00,1.15567,1.15595,1.15555,1.15578,1338
1786135500,2026-08-07 20:45:00+00:00,1.15578,1.15598,1.15562,1.15571,2802
1786309200,2026-08-09 21:00:00+00:00,1.1562000000000001,1.15672,1.1562000000000001,1.15662,99
1786310100,2026-08-09 21:15:00+00:00,1.15662,1.15662,1.15638,1.15647,107
1786311000,2026-08-09 21:30:00+00:00,1.15647,1.15651,1.1561,1.15617,110
1786311900,2026-08-09 21:45:00+00:00,1.15617,1.15617,1.15601,1.15612,162
1786312800,2026-08-09 22:00:00+00:00,1.15613,1.15623,1.1556,1.15565,1205
1786313700,2026-08-09 22:15:00+00:00,1.15565,1.15571,1.15548,1.15549,1207
1786314600,2026-08-09 22:30:00+00:00,1.15549,1.15572,1.15549,1.15564,1136
1786315500,2026-08-09 22:45:00+00:00,1.15565,1.15572,1.1555,1.15553,1094
1786316400,2026-08-09 23:00:00+00:00,1.15553,1.15582,1.15553,1.15579,1235
1786317300,2026-08-09 23:15:00+00:00,1.15579,1.15584,1.1557,1.15574,799
1786318200,2026-08-09 23:30:00+00:00,1.15574,1.15578,1.15542,1.15577,952
1786319100,2026-08-09 23:45:00+00:00,1.15577,1.15584,1.15554,1.15554,1497
1786320000,2026-08-10 00:00:00+00:00,1.15554,1.15592,1.15554,1.15587,2838
1786320900,2026-08-10 00:15:00+00:00,1.15587,1.15587,1.1555,1.15558,2186
1786321800,2026-08-10 00:30:00+00:00,1.15558,1.15562,1.15543,1.15544,1799
1786322700,2026-08-10 00:45:00+00:00,1.15544,1.1559,1.1554,1.15583,2415
1786323600,2026-08-10 01:00:00+00:00,1.15583,1.15591,1.15527,1.15549,3363
1786324500,2026-08-10 01:15:00+00:00,1.15549,1.15567,1.15537,1.15546,2470
1786325400,2026-08-10 01:30:00+00:00,1.15546,1.1555,1.1552,1.15541,2245
1786326300,2026-08-10 01:45:00+00:00,1.15541,1.15555,1.15527,1.15541,2448
1786327200,2026-08-10 02:00:00+00:00,1.15541,1.1555,1.15527,1.15536,1446
1786328100,2026-08-10 02:15:00+00:00,1.15536,1.15552,1.15527,1.1554,1203
1786329000,2026-08-10 02:30:00+00:00,1.1554,1.15552,1.1552,1.1552,1184
1786329900,2026-08-10 02:45:00+00:00,1.15522,1.1553,1.1550799999999999,1.15517,1188
1786330800,2026-08-10 03:00:00+00:00,1.15517,1.15521,1.15493,1.1551,1610
1786331700,2026-08-10 03:15:00+00:00,1.1551,1.1553,1.1549800000000001,1.15513,1454
1786332600,2026-08-10 03:30:00+00:00,1.15513,1.15514,1.15488,1.15495,1232
1786333500,2026-08-10 03:45:00+00:00,1.15495,1.1550799999999999,1.15488,1.15492,1292
1786334400,2026-08-10 04:00:00+00:00,1.15492,1.1549800000000001,1.1548,1.15495,1401
1786335300,2026-08-10 04:15:00+00:00,1.15495,1.15503,1.15485,1.15499,1269
1786336200,2026-08-10 04:30:00+00:00,1.15499,1.15502,1.15483,1.15501,1132
1786337100,2026-08-10 04:45:00+00:00,1.15502,1.15526,1.15501,1.15515,1374
1786338000,2026-08-10 05:00:00+00:00,1.15515,1.15533,1.155,1.1551,1824
1786338900,2026-08-10 05:15:00+00:00,1.1551,1.1552,1.15504,1.15514,1280
1786339800,2026-08-10 05:30:00+00:00,1.15515,1.15534,1.15502,1.15517,1870
1786340700,2026-08-10 05:45:00+00:00,1.15517,1.15563,1.15514,1.15547,1803
1786341600,2026-08-10 06:00:00+00:00,1.15547,1.1555,1.15524,1.15541,2167
1786342500,2026-08-10 06:15:00+00:00,1.15541,1.15576,1.15536,1.1556,2539
1786343400,2026-08-10 06:30:00+00:00,1.1555900000000001,1.15564,1.15539,1.15546,2286
1786344300,2026-08-10 06:45:00+00:00,1.15546,1.15555,1.15524,1.15551,2392
1786345200,2026-08-10 07:00:00+00:00,1.1555,1.1556,1.15519,1.15537,3039
1786346100,2026-08-10 07:15:00+00:00,1.15538,1.15581,1.15533,1.15562,2888
1786347000,2026-08-10 07:30:00+00:00,1.15562,1.15632,1.15555,1.15632,2809
1786347900,2026-08-10 07:45:00+00:00,1.15632,1.1565699999999999,1.15583,1.1561,3075
1786348800,2026-08-10 08:00:00+00:00,1.15609,1.1565400000000001,1.15594,1.15651,2590
1786349700,2026-08-10 08:15:00+00:00,1.15651,1.15658,1.15633,1.15647,2185
1786350600,2026-08-10 08:30:00+00:00,1.15647,1.15651,1.15617,1.15626,2211
1786351500,2026-08-10 08:45:00+00:00,1.15626,1.15628,1.15607,1.1561,2415
1786352400,2026-08-10 09:00:00+00:00,1.1561,1.15638,1.1559300000000001,1.15636,2291
1786353300,2026-08-10 09:15:00+00:00,1.15636,1.15638,1.15609,1.15625,1781
1786354200,2026-08-10 09:30:00+00:00,1.15625,1.15626,1.15568,1.156,2333
1786355100,2026-08-10 09:45:00+00:00,1.156,1.15613,1.15568,1.1557,2559
1786356000,2026-08-10 10:00:00+00:00,1.1557,1.15576,1.15543,1.15553,2304
1786356900,2026-08-10 10:15:00+00:00,1.15552,1.15581,1.15549,1.15566,2200
1786357800,2026-08-10 10:30:00+00:00,1.15566,1.15574,1.15544,1.15566,2167
1786358700,2026-08-10 10:45:00+00:00,1.15566,1.15571,1.15548,1.15554,2145
1786359600,2026-08-10 11:00:00+00:00,1.15554,1.15566,1.1550799999999999,1.15524,2248
1786360500,2026-08-10 11:15:00+00:00,1.15524,1.1553,1.15499,1.15514,2104
1786361400,2026-08-10 11:30:00+00:00,1.15514,1.15531,1.15502,1.15509,2091
1786362300,2026-08-10 11:45:00+00:00,1.15509,1.15525,1.15489,1.15523,2073
1786363200,2026-08-10 12:00:00+00:00,1.15523,1.15552,1.1550799999999999,1.15516,3727
1786364100,2026-08-10 12:15:00+00:00,1.15516,1.15518,1.15468,1.15487,2862
1786365000,2026-08-10 12:30:00+00:00,1.15487,1.15503,1.15458,1.15459,2628
1786365900,2026-08-10 12:45:00+00:00,1.15459,1.15491,1.15453,1.1547,2514
1786366800,2026-08-10 13:00:00+00:00,1.1547,1.15523,1.15455,1.15521,3362
1786367700,2026-08-10 13:15:00+00:00,1.15521,1.15537,1.15495,1.15526,2827
1786368600,2026-08-10 13:30:00+00:00,1.15526,1.15536,1.15478,1.1548,3682
1786369500,2026-08-10 13:45:00+00:00,1.1548,1.15509,1.15438,1.15449,4628
1786370400,2026-08-10 14:00:00+00:00,1.15449,1.15505,1.15444,1.1549,3357
1786371300,2026-08-10 14:15:00+00:00,1.1549,1.1554,1.15475,1.15527,3187
1786372200,2026-08-10 14:30:00+00:00,1.15528,1.15547,1.15511,1.15533,2837
1786373100,2026-08-10 14:45:00+00:00,1.15533,1.15558,1.15499,1.1552,4114
1786374000,2026-08-10 15:00:00+00:00,1.1552,1.15524,1.1547399999999999,1.15512,3708
1786374900,2026-08-10 15:15:00+00:00,1.15512,1.15534,1.15465,1.15487,3263
1786375800,2026-08-10 15:30:00+00:00,1.15487,1.15497,1.15463,1.15472,2714
1786376700,2026-08-10 15:45:00+00:00,1.15472,1.15522,1.15467,1.15518,2635
1786377600,2026-08-10 16:00:00+00:00,1.15518,1.15543,1.15516,1.15527,2332
1786378500,2026-08-10 16:15:00+00:00,1.15526,1.15528,1.1549,1.15528,1891
1786379400,2026-08-10 16:30:00+00:00,1.15526,1.15533,1.15466,1.15469,2675
1786380300,2026-08-10 16:45:00+00:00,1.1547,1.15488,1.1545,1.15472,2247
1786381200,2026-08-10 17:00:00+00:00,1.15472,1.15478,1.15436,1.15449,1959
1786382100,2026-08-10 17:15:00+00:00,1.15449,1.1545,1.15409,1.1543700000000001,2399
1786383000,2026-08-10 17:30:00+00:00,1.15435,1.15468,1.15435,1.15446,1676
1786383900,2026-08-10 17:45:00+00:00,1.15446,1.15448,1.15419,1.15428,1574
1786384800,2026-08-10 18:00:00+00:00,1.15428,1.15449,1.15426,1.1543700000000001,1574
1786385700,2026-08-10 18:15:00+00:00,1.1543700000000001,1.15438,1.15411,1.15422,1349
1786386600,2026-08-10 18:30:00+00:00,1.15422,1.15449,1.15411,1.15446,2161
1786387500,2026-08-10 18:45:00+00:00,1.15446,1.15448,1.154,1.15423,2212
1786388400,2026-08-10 19:00:00+00:00,1.15423,1.15427,1.15402,1.15414,1343
1786389300,2026-08-10 19:15:00+00:00,1.15414,1.15431,1.15404,1.1542,1418
1786390200,2026-08-10 19:30:00+00:00,1.15422,1.15432,1.15409,1.15426,1739
1786391100,2026-08-10 19:45:00+00:00,1.15426,1.15432,1.1541,1.15414,1949
1786392000,2026-08-10 20:00:00+00:00,1.15414,1.15434,1.1541299999999999,1.1543,1292
1786392900,2026-08-10 20:15:00+00:00,1.1543,1.15431,1.15415,1.15416,688
1786393800,2026-08-10 20:30:00+00:00,1.15416,1.15429,1.15414,1.15424,517
1786394700,2026-08-10 20:45:00+00:00,1.15424,1.15428,1.15418,1.15424,785
1786395600,2026-08-10 21:00:00+00:00,1.15427,1.1549,1.15411,1.15426,166
1786396500,2026-08-10 21:15:00+00:00,1.15426,1.1543,1.15422,1.15428,50
1786397400,2026-08-10 21:30:00+00:00,1.15425,1.1543,1.15422,1.15427,107
1786398300,2026-08-10 21:45:00+00:00,1.15427,1.15434,1.15418,1.15427,119
1786399200,2026-08-10 22:00:00+00:00,1.15425,1.15444,1.15425,1.1543,739
1786400100,2026-08-10 22:15:00+00:00,1.1543,1.15433,1.15423,1.1543,911
1786401000,2026-08-10 22:30:00+00:00,1.1543,1.15439,1.15424,1.15434,878
1786401900,2026-08-10 22:45:00+00:00,1.15434,1.15441,1.15431,1.15438,781
1786402800,2026-08-10 23:00:00+00:00,1.15438,1.15443,1.1543,1.15433,581
1786403700,2026-08-10 23:15:00+00:00,1.15432,1.1543700000000001,1.15425,1.15429,462
1786404600,2026-08-10 23:30:00+00:00,1.1543,1.15435,1.15422,1.15431,674
1786405500,2026-08-10 23:45:00+00:00,1.15431,1.15468,1.15431,1.15461,1622
1786406400,2026-08-11 00:00:00+00:00,1.15461,1.1547399999999999,1.15453,1.15472,2088
1786407300,2026-08-11 00:15:00+00:00,1.15472,1.15487,1.15463,1.1548,1584
1786408200,2026-08-11 00:30:00+00:00,1.1548,1.15499,1.1547,1.15488,1808
1786409100,2026-08-11 00:45:00+00:00,1.15489,1.15492,1.1546,1.15462,1729
1786410000,2026-08-11 01:00:00+00:00,1.15463,1.15475,1.1543,1.15473,2271
1786410900,2026-08-11 01:15:00+00:00,1.15473,1.15493,1.15469,1.15485,1928
1786411800,2026-08-11 01:30:00+00:00,1.15485,1.15499,1.15463,1.15465,1695
1786412700,2026-08-11 01:45:00+00:00,1.15463,1.15488,1.15462,1.15465,1246
1786413600,2026-08-11 02:00:00+00:00,1.15465,1.15465,1.15434,1.1545,1346
1786414500,2026-08-11 02:15:00+00:00,1.15449,1.15451,1.15404,1.15412,1680
1786415400,2026-08-11 02:30:00+00:00,1.15412,1.15424,1.15407,1.15417,1171
1786416300,2026-08-11 02:45:00+00:00,1.15417,1.15419,1.15387,1.15398,1161
1786417200,2026-08-11 03:00:00+00:00,1.15399,1.15424,1.15395,1.15422,1395
1786418100,2026-08-11 03:15:00+00:00,1.15422,1.15446,1.15418,1.15444,1227
1786419000,2026-08-11 03:30:00+00:00,1.15444,1.15452,1.15433,1.15434,1041
1786419900,2026-08-11 03:45:00+00:00,1.15434,1.1543700000000001,1.15421,1.1543,1142
1786420800,2026-08-11 04:00:00+00:00,1.1543,1.15442,1.15427,1.1544,1114
1786421700,2026-08-11 04:15:00+00:00,1.1544,1.1545,1.15438,1.15446,1040
1786422600,2026-08-11 04:30:00+00:00,1.15446,1.15455,1.1540300000000001,1.1541,1662
1786423500,2026-08-11 04:45:00+00:00,1.1541,1.15433,1.15393,1.15428,1297
1786424400,2026-08-11 05:00:00+00:00,1.15429,1.15431,1.15404,1.15409,897
1786425300,2026-08-11 05:15:00+00:00,1.15409,1.15416,1.15399,1.1541299999999999,1241
1786426200,2026-08-11 05:30:00+00:00,1.1541299999999999,1.1543,1.15399,1.15427,1579
1786427100,2026-08-11 05:45:00+00:00,1.15427,1.15428,1.15387,1.1541,1763
1786428000,2026-08-11 06:00:00+00:00,1.15411,1.15435,1.154,1.15405,2507
1786428900,2026-08-11 06:15:00+00:00,1.15405,1.15411,1.15345,1.15367,2809
1786429800,2026-08-11 06:30:00+00:00,1.15367,1.15381,1.15329,1.15367,2185
1786430700,2026-08-11 06:45:00+00:00,1.15367,1.1537,1.15339,1.1537,2208
1786431600,2026-08-11 07:00:00+00:00,1.1537,1.15402,1.1537,1.1538599999999999,3010
1786432500,2026-08-11 07:15:00+00:00,1.1538599999999999,1.15388,1.15353,1.15377,2508
1786433400,2026-08-11 07:30:00+00:00,1.15377,1.15387,1.15326,1.15326,2482
1786434300,2026-08-11 07:45:00+00:00,1.15327,1.1535199999999999,1.15318,1.1532,2902
1786435200,2026-08-11 08:00:00+00:00,1.1532,1.1534200000000001,1.15313,1.15326,2966
1786436100,2026-08-11 08:15:00+00:00,1.15327,1.15344,1.15323,1.1534200000000001,2709
1786437000,2026-08-11 08:30:00+00:00,1.1534200000000001,1.15388,1.15338,1.15381,2243
1786437900,2026-08-11 08:45:00+00:00,1.15381,1.15383,1.1535199999999999,1.15363,2359
1786438800,2026-08-11 09:00:00+00:00,1.15363,1.15365,1.15336,1.15343,2180
1786439700,2026-08-11 09:15:00+00:00,1.15343,1.15353,1.15328,1.15338,2293
1786440600,2026-08-11 09:30:00+00:00,1.15338,1.15347,1.15329,1.15341,2086
1786441500,2026-08-11 09:45:00+00:00,1.15341,1.15375,1.15338,1.15372,1895
1786442400,2026-08-11 10:00:00+00:00,1.15372,1.15385,1.15343,1.15358,2081
1786443300,2026-08-11 10:15:00+00:00,1.15358,1.15383,1.15334,1.15365,2820
1786444200,2026-08-11 10:30:00+00:00,1.15365,1.1538599999999999,1.15354,1.1536,2399
1786445100,2026-08-11 10:45:00+00:00,1.1536,1.15367,1.15343,1.15366,2214
1786446000,2026-08-11 11:00:00+00:00,1.15366,1.1543700000000001,1.15345,1.15418,5514
1786446900,2026-08-11 11:15:00+00:00,1.15418,1.15421,1.15383,1.15392,3103
1786447800,2026-08-11 11:30:00+00:00,1.15392,1.15396,1.15361,1.15363,3020
1786448700,2026-08-11 11:45:00+00:00,1.15363,1.15378,1.15349,1.15364,2479
1786449600,2026-08-11 12:00:00+00:00,1.15365,1.15405,1.15355,1.15378,3283
1786450500,2026-08-11 12:15:00+00:00,1.15377,1.15394,1.15338,1.15369,3663
1786451400,2026-08-11 12:30:00+00:00,1.15369,1.15419,1.15364,1.15405,3244
1786452300,2026-08-11 12:45:00+00:00,1.15406,1.15443,1.154,1.15415,2999
1786453200,2026-08-11 13:00:00+00:00,1.15415,1.15452,1.15414,1.15418,2688
1786454100,2026-08-11 13:15:00+00:00,1.15418,1.15451,1.15408,1.15416,2795
1786455000,2026-08-11 13:30:00+00:00,1.15416,1.15448,1.15391,1.15445,3403
1786455900,2026-08-11 13:45:00+00:00,1.15445,1.15485,1.1543700000000001,1.15441,3509
1786456800,2026-08-11 14:00:00+00:00,1.15441,1.15442,1.1539,1.15417,3485
1786457700,2026-08-11 14:15:00+00:00,1.15417,1.15428,1.15377,1.15392,3188
1786458600,2026-08-11 14:30:00+00:00,1.15392,1.15427,1.15384,1.15424,2956
1786459500,2026-08-11 14:45:00+00:00,1.15423,1.15431,1.154,1.15427,3161
1786460400,2026-08-11 15:00:00+00:00,1.15427,1.15448,1.15374,1.15374,3157
1786461300,2026-08-11 15:15:00+00:00,1.15374,1.15412,1.15364,1.1540300000000001,2802
1786462200,2026-08-11 15:30:00+00:00,1.1540300000000001,1.1541299999999999,1.15364,1.15381,3669
1786463100,2026-08-11 15:45:00+00:00,1.15381,1.15438,1.15379,1.15431,2574
1786464000,2026-08-11 16:00:00+00:00,1.15431,1.15439,1.15399,1.15411,2212
1786464900,2026-08-11 16:15:00+00:00,1.15411,1.15418,1.15391,1.15415,1717
1786465800,2026-08-11 16:30:00+00:00,1.15414,1.15429,1.15406,1.15414,2015
1786466700,2026-08-11 16:45:00+00:00,1.15414,1.15417,1.15391,1.15395,2042
1786467600,2026-08-11 17:00:00+00:00,1.15395,1.15404,1.15353,1.15355,2232
1786468500,2026-08-11 17:15:00+00:00,1.15354,1.1538,1.15343,1.15353,1467
1786469400,2026-08-11 17:30:00+00:00,1.15353,1.15381,1.15347,1.15374,1441
1786470300,2026-08-11 17:45:00+00:00,1.15374,1.15391,1.15371,1.15381,1065
1786471200,2026-08-11 18:00:00+00:00,1.15381,1.15384,1.1536,1.15366,1671
1786472100,2026-08-11 18:15:00+00:00,1.15366,1.15373,1.15354,1.15368,2107
1786473000,2026-08-11 18:30:00+00:00,1.15368,1.15416,1.15364,1.15409,2203
1786473900,2026-08-11 18:45:00+00:00,1.15409,1.15423,1.15394,1.15407,1867
1786474800,2026-08-11 19:00:00+00:00,1.15406,1.15425,1.15401,1.15418,1542
1786475700,2026-08-11 19:15:00+00:00,1.1542,1.15426,1.15399,1.15424,1546
1786476600,2026-08-11 19:30:00+00:00,1.15424,1.1543,1.15416,1.15422,1379
1786477500,2026-08-11 19:45:00+00:00,1.15422,1.15431,1.15416,1.15428,1796
1786478400,2026-08-11 20:00:00+00:00,1.15428,1.15439,1.15421,1.15423,1409
1786479300,2026-08-11 20:15:00+00:00,1.15423,1.15425,1.15407,1.1541299999999999,637
1786480200,2026-08-11 20:30:00+00:00,1.1541299999999999,1.15417,1.15394,1.15398,856
1786481100,2026-08-11 20:45:00+00:00,1.15398,1.15433,1.15393,1.1542,1088
1786482000,2026-08-11 21:00:00+00:00,1.1540300000000001,1.15412,1.15382,1.15406,165
1786482900,2026-08-11 21:15:00+00:00,1.15405,1.1541,1.15387,1.154,180
1786483800,2026-08-11 21:30:00+00:00,1.154,1.15409,1.15394,1.15407,105
1786484700,2026-08-11 21:45:00+00:00,1.15407,1.15409,1.15389,1.154,54
1786485600,2026-08-11 22:00:00+00:00,1.154,1.15435,1.154,1.15432,683
1786486500,2026-08-11 22:15:00+00:00,1.15431,1.15432,1.15421,1.1543,524
1786487400,2026-08-11 22:30:00+00:00,1.1543,1.15433,1.15415,1.15424,822
1786488300,2026-08-11 22:45:00+00:00,1.15424,1.15435,1.15421,1.15434,889
1786489200,2026-08-11 23:00:00+00:00,1.15434,1.1543700000000001,1.15424,1.15424,548
1786490100,2026-08-11 23:15:00+00:00,1.15424,1.15433,1.15417,1.15418,521
1786491000,2026-08-11 23:30:00+00:00,1.15418,1.15434,1.15411,1.15434,629
1786491900,2026-08-11 23:45:00+00:00,1.15433,1.15438,1.15422,1.1543700000000001,932
1786492800,2026-08-12 00:00:00+00:00,1.1543700000000001,1.15448,1.15422,1.15438,2057
1786493700,2026-08-12 00:15:00+00:00,1.15438,1.15448,1.15433,1.15441,1710
1786494600,2026-08-12 00:30:00+00:00,1.15441,1.15444,1.15424,1.15426,1561
1786495500,2026-08-12 00:45:00+00:00,1.15426,1.1543,1.15395,1.15409,1899
1786496400,2026-08-12 01:00:00+00:00,1.15409,1.1541,1.15366,1.15377,2347
1786497300,2026-08-12 01:15:00+00:00,1.15377,1.15387,1.15367,1.15385,1679
1786498200,2026-08-12 01:30:00+00:00,1.1538599999999999,1.15398,1.15374,1.15397,1344
1786499100,2026-08-12 01:45:00+00:00,1.15397,1.15405,1.15378,1.15384,1567
1786500000,2026-08-12 02:00:00+00:00,1.15384,1.1538599999999999,1.15367,1.15369,1419
1786500900,2026-08-12 02:15:00+00:00,1.1537,1.15373,1.1535199999999999,1.15369,1610
1786501800,2026-08-12 02:30:00+00:00,1.15369,1.15402,1.15367,1.15388,1780
1786502700,2026-08-12 02:45:00+00:00,1.15387,1.15393,1.15372,1.15383,1338
1786503600,2026-08-12 03:00:00+00:00,1.15383,1.15388,1.15369,1.15375,1198
1786504500,2026-08-12 03:15:00+00:00,1.15373,1.15381,1.15363,1.15367,935
1786505400,2026-08-12 03:30:00+00:00,1.15367,1.15377,1.1536,1.1536,861
1786506300,2026-08-12 03:45:00+00:00,1.1536,1.15364,1.1535,1.15353,854
1786507200,2026-08-12 04:00:00+00:00,1.15353,1.15363,1.1534200000000001,1.15345,904
1786508100,2026-08-12 04:15:00+00:00,1.15346,1.15349,1.15328,1.15339,936
1786509000,2026-08-12 04:30:00+00:00,1.15339,1.15364,1.15338,1.1536,797
1786509900,2026-08-12 04:45:00+00:00,1.15359,1.15366,1.15348,1.15357,767
1786510800,2026-08-12 05:00:00+00:00,1.15357,1.1536,1.15332,1.15332,976
1786511700,2026-08-12 05:15:00+00:00,1.15332,1.15337,1.15321,1.15333,1126
1786512600,2026-08-12 05:30:00+00:00,1.15333,1.15353,1.15333,1.1534200000000001,1043
1786513500,2026-08-12 05:45:00+00:00,1.1534200000000001,1.15347,1.15327,1.15338,1153
1786514400,2026-08-12 06:00:00+00:00,1.15338,1.15356,1.15333,1.1535,1419
1786515300,2026-08-12 06:15:00+00:00,1.1535,1.1536,1.15344,1.15354,1772
1786516200,2026-08-12 06:30:00+00:00,1.15354,1.15362,1.15339,1.1535,2250
1786517100,2026-08-12 06:45:00+00:00,1.1535,1.15374,1.15341,1.15371,2610
1786518000,2026-08-12 07:00:00+00:00,1.15371,1.15394,1.15359,1.15382,2520
1786518900,2026-08-12 07:15:00+00:00,1.15382,1.15396,1.15371,1.15372,1579
1786519800,2026-08-12 07:30:00+00:00,1.15372,1.15391,1.15369,1.15375,1608
1786520700,2026-08-12 07:45:00+00:00,1.15375,1.15385,1.15358,1.15373,1663
1786521600,2026-08-12 08:00:00+00:00,1.15374,1.15377,1.15346,1.15368,2023
1786522500,2026-08-12 08:15:00+00:00,1.15367,1.15397,1.15357,1.15378,2039
1786523400,2026-08-12 08:30:00+00:00,1.15378,1.15401,1.15365,1.15399,1428
1786524300,2026-08-12 08:45:00+00:00,1.15399,1.15401,1.15367,1.15373,1701
1786525200,2026-08-12 09:00:00+00:00,1.15373,1.1541299999999999,1.15368,1.15412,1527
1786526100,2026-08-12 09:15:00+00:00,1.15412,1.155,1.15401,1.15428,3429
1786527000,2026-08-12 09:30:00+00:00,1.15428,1.15448,1.15383,1.15385,2422
1786527900,2026-08-12 09:45:00+00:00,1.1538599999999999,1.15402,1.15347,1.1536,2505
1786528800,2026-08-12 10:00:00+00:00,1.1536,1.1539,1.1535199999999999,1.15361,1605
1786529700,2026-08-12 10:15:00+00:00,1.15363,1.15392,1.15356,1.15378,1437
1786530600,2026-08-12 10:30:00+00:00,1.15378,1.15379,1.15358,1.1537,1394
1786531500,2026-08-12 10:45:00+00:00,1.1537,1.15382,1.15324,1.1535,2261
1786532400,2026-08-12 11:00:00+00:00,1.1535,1.15371,1.15339,1.15345,1610
1786533300,2026-08-12 11:15:00+00:00,1.15345,1.15393,1.15344,1.15389,1559
1786534200,2026-08-12 11:30:00+00:00,1.15389,1.15408,1.1538,1.15406,1644
1786535100,2026-08-12 11:45:00+00:00,1.15406,1.15457,1.15405,1.15436,2120
1786536000,2026-08-12 12:00:00+00:00,1.15435,1.15459,1.15422,1.1545,2228
1786536900,2026-08-12 12:15:00+00:00,1.1545,1.15482,1.15412,1.15465,2542
1786537800,2026-08-12 12:30:00+00:00,1.15465,1.15631,1.15328,1.1558,11816
1786538700,2026-08-12 12:45:00+00:00,1.15579,1.156,1.15517,1.15594,6288
1786539600,2026-08-12 13:00:00+00:00,1.15594,1.15629,1.15502,1.15504,5983
1786540500,2026-08-12 13:15:00+00:00,1.15504,1.1555900000000001,1.15492,1.15546,4579
1786541400,2026-08-12 13:30:00+00:00,1.15546,1.15568,1.15461,1.15469,4801
1786542300,2026-08-12 13:45:00+00:00,1.15469,1.15536,1.1546,1.15523,4252
1786543200,2026-08-12 14:00:00+00:00,1.15523,1.15541,1.15493,1.15502,3834
1786544100,2026-08-12 14:15:00+00:00,1.15502,1.15545,1.15479,1.1549,3035
1786545000,2026-08-12 14:30:00+00:00,1.1549,1.15514,1.15431,1.15448,3780
1786545900,2026-08-12 14:45:00+00:00,1.15449,1.15475,1.1539,1.1543,3900
1786546800,2026-08-12 15:00:00+00:00,1.15429,1.15441,1.15382,1.15425,3574
1786547700,2026-08-12 15:15:00+00:00,1.15425,1.15427,1.1539,1.15397,1973
1786548600,2026-08-12 15:30:00+00:00,1.15397,1.15406,1.15359,1.15369,1944
1786549500,2026-08-12 15:45:00+00:00,1.15368,1.15404,1.1535199999999999,1.15394,2294
1786550400,2026-08-12 16:00:00+00:00,1.15394,1.1540300000000001,1.15334,1.15359,2145
1786551300,2026-08-12 16:15:00+00:00,1.15359,1.15361,1.1531500000000001,1.15316,1887
1786552200,2026-08-12 16:30:00+00:00,1.15316,1.15323,1.15283,1.15302,1763
1786553100,2026-08-12 16:45:00+00:00,1.15302,1.15308,1.15245,1.1528100000000001,1923
1786554000,2026-08-12 17:00:00+00:00,1.1528100000000001,1.15308,1.15278,1.15279,1922
1786554900,2026-08-12 17:15:00+00:00,1.15279,1.15285,1.15263,1.15279,1283
1786555800,2026-08-12 17:30:00+00:00,1.15279,1.15289,1.15223,1.15226,1560
1786556700,2026-08-12 17:45:00+00:00,1.15226,1.15253,1.15213,1.15214,1616
1786557600,2026-08-12 18:00:00+00:00,1.15214,1.15256,1.15198,1.15245,1608
1786558500,2026-08-12 18:15:00+00:00,1.15244,1.1527,1.15238,1.15247,1215
1786559400,2026-08-12 18:30:00+00:00,1.15247,1.15252,1.1522999999999999,1.15235,945
1786560300,2026-08-12 18:45:00+00:00,1.15235,1.15243,1.15198,1.15211,1043
1786561200,2026-08-12 19:00:00+00:00,1.15211,1.15232,1.15206,1.15225,1198
1786562100,2026-08-12 19:15:00+00:00,1.15225,1.15248,1.1522000000000001,1.1522000000000001,1242
1786563000,2026-08-12 19:30:00+00:00,1.1522000000000001,1.15231,1.1521,1.15227,1082
1786563900,2026-08-12 19:45:00+00:00,1.15227,1.1522999999999999,1.15199,1.15226,1303
1786564800,2026-08-12 20:00:00+00:00,1.15226,1.15243,1.15217,1.15222,1165
1786565700,2026-08-12 20:15:00+00:00,1.15222,1.15229,1.15214,1.15227,467
1786566600,2026-08-12 20:30:00+00:00,1.15227,1.15246,1.15222,1.15244,710
1786567500,2026-08-12 20:45:00+00:00,1.15244,1.1526399999999999,1.15237,1.15247,1082
1786568400,2026-08-12 21:00:00+00:00,1.1524,1.15286,1.15216,1.1522000000000001,208
1786569300,2026-08-12 21:15:00+00:00,1.1522000000000001,1.15225,1.1522000000000001,1.15225,83
1786570200,2026-08-12 21:30:00+00:00,1.15225,1.15229,1.15221,1.15227,166
1786571100,2026-08-12 21:45:00+00:00,1.15227,1.15228,1.1522000000000001,1.15226,177
1786572000,2026-08-12 22:00:00+00:00,1.15226,1.1525400000000001,1.15225,1.15249,664
1786572900,2026-08-12 22:15:00+00:00,1.15249,1.1525400000000001,1.15244,1.15251,390
1786573800,2026-08-12 22:30:00+00:00,1.15251,1.1526,1.15249,1.15257,424
1786574700,2026-08-12 22:45:00+00:00,1.15257,1.1527,1.15255,1.15268,333
1786575600,2026-08-12 23:00:00+00:00,1.15268,1.15274,1.15263,1.15269,330
1786576500,2026-08-12 23:15:00+00:00,1.15269,1.15275,1.15267,1.15269,313
1786577400,2026-08-12 23:30:00+00:00,1.15269,1.15275,1.15263,1.1527,526
1786578300,2026-08-12 23:45:00+00:00,1.15271,1.15282,1.15262,1.15278,811
1786579200,2026-08-13 00:00:00+00:00,1.15278,1.15301,1.15278,1.15284,1291
1786580100,2026-08-13 00:15:00+00:00,1.15284,1.153,1.15283,1.15296,1056
1786581000,2026-08-13 00:30:00+00:00,1.15296,1.15314,1.15294,1.15304,1310
1786581900,2026-08-13 00:45:00+00:00,1.15304,1.15304,1.15266,1.15289,1230
1786582800,2026-08-13 01:00:00+00:00,1.15288,1.15298,1.15271,1.15287,1738
1786583700,2026-08-13 01:15:00+00:00,1.15287,1.15304,1.15287,1.15295,1366
1786584600,2026-08-13 01:30:00+00:00,1.15296,1.15311,1.15279,1.1528,1258
1786585500,2026-08-13 01:45:00+00:00,1.15279,1.15282,1.15235,1.1525,1413
1786586400,2026-08-13 02:00:00+00:00,1.1525,1.15257,1.15238,1.15239,984
1786587300,2026-08-13 02:15:00+00:00,1.1524,1.15242,1.15216,1.15218,843
1786588200,2026-08-13 02:30:00+00:00,1.15218,1.15228,1.15197,1.15217,1164
1786589100,2026-08-13 02:45:00+00:00,1.15217,1.15225,1.15209,1.15218,733
1786590000,2026-08-13 03:00:00+00:00,1.15217,1.15244,1.15207,1.15222,1460
1786590900,2026-08-13 03:15:00+00:00,1.15222,1.15224,1.152,1.15217,1176
1786591800,2026-08-13 03:30:00+00:00,1.15218,1.15233,1.15215,1.1522999999999999,646
1786592700,2026-08-13 03:45:00+00:00,1.1522999999999999,1.15232,1.15215,1.15225,756
1786593600,2026-08-13 04:00:00+00:00,1.15225,1.15226,1.15207,1.15211,888
1786594500,2026-08-13 04:15:00+00:00,1.15211,1.15218,1.152,1.15215,758
1786595400,2026-08-13 04:30:00+00:00,1.15215,1.1522000000000001,1.1521,1.15214,731
1786596300,2026-08-13 04:45:00+00:00,1.15214,1.1527,1.15214,1.15259,1885
1786597200,2026-08-13 05:00:00+00:00,1.15259,1.15266,1.15246,1.15259,1275
1786598100,2026-08-13 05:15:00+00:00,1.15259,1.15273,1.1525400000000001,1.15267,958
1786599000,2026-08-13 05:30:00+00:00,1.15267,1.15267,1.15238,1.15241,1048
1786599900,2026-08-13 05:45:00+00:00,1.15241,1.15258,1.15231,1.15249,1022
1786600800,2026-08-13 06:00:00+00:00,1.15249,1.15261,1.15204,1.15205,1894
1786601700,2026-08-13 06:15:00+00:00,1.15205,1.15224,1.15174,1.15181,1912
1786602600,2026-08-13 06:30:00+00:00,1.1518,1.15181,1.15118,1.15164,2061
1786603500,2026-08-13 06:45:00+00:00,1.15164,1.15186,1.15156,1.15182,1592
1786604400,2026-08-13 07:00:00+00:00,1.15182,1.15201,1.1516899999999999,1.15181,1859
1786605300,2026-08-13 07:15:00+00:00,1.15181,1.1522000000000001,1.15176,1.15216,1674
1786606200,2026-08-13 07:30:00+00:00,1.15215,1.15252,1.1520299999999999,1.1525,1843
1786607100,2026-08-13 07:45:00+00:00,1.1525,1.15279,1.15242,1.15257,2114
1786608000,2026-08-13 08:00:00+00:00,1.15257,1.15267,1.15227,1.15256,2387
1786608900,2026-08-13 08:15:00+00:00,1.15256,1.15257,1.15236,1.1525,1711
1786609800,2026-08-13 08:30:00+00:00,1.1525,1.15276,1.15246,1.15268,1623
1786610700,2026-08-13 08:45:00+00:00,1.15268,1.15286,1.15239,1.15241,1376
1786611600,2026-08-13 09:00:00+00:00,1.15241,1.15282,1.15232,1.1528,1429
1786612500,2026-08-13 09:15:00+00:00,1.1528,1.15323,1.15276,1.15311,1657
1786613400,2026-08-13 09:30:00+00:00,1.15312,1.15328,1.15299,1.15314,1238
1786614300,2026-08-13 09:45:00+00:00,1.15314,1.15349,1.15306,1.15344,1380
1786615200,2026-08-13 10:00:00+00:00,1.15344,1.15366,1.15341,1.15349,1817
1786616100,2026-08-13 10:15:00+00:00,1.15349,1.15375,1.15338,1.15374,1432
1786617000,2026-08-13 10:30:00+00:00,1.15374,1.15387,1.15367,1.1537,1362
1786617900,2026-08-13 10:45:00+00:00,1.1537,1.15373,1.15347,1.15359,1259
1786618800,2026-08-13 11:00:00+00:00,1.15359,1.15388,1.15346,1.15387,1412
1786619700,2026-08-13 11:15:00+00:00,1.1538599999999999,1.15388,1.15358,1.1537600000000001,1781
1786620600,2026-08-13 11:30:00+00:00,1.1537600000000001,1.15378,1.1535199999999999,1.15359,1222
1786621500,2026-08-13 11:45:00+00:00,1.15359,1.15369,1.1532499999999999,1.1534200000000001,1574
1786622400,2026-08-13 12:00:00+00:00,1.1534200000000001,1.1535,1.15323,1.15326,1922
1786623300,2026-08-13 12:15:00+00:00,1.15327,1.15328,1.15301,1.15314,1686
1786624200,2026-08-13 12:30:00+00:00,1.15314,1.1535,1.15256,1.15314,3918
1786625100,2026-08-13 12:45:00+00:00,1.15313,1.15445,1.15312,1.15441,3873
1786626000,2026-08-13 13:00:00+00:00,1.15441,1.15454,1.15378,1.15398,3307
1786626900,2026-08-13 13:15:00+00:00,1.15398,1.1542,1.15346,1.15353,2569
1786627800,2026-08-13 13:30:00+00:00,1.1535199999999999,1.15363,1.15307,1.1534200000000001,3231
1786628700,2026-08-13 13:45:00+00:00,1.15341,1.15364,1.15306,1.15344,3678
1786629600,2026-08-13 14:00:00+00:00,1.15344,1.15418,1.15314,1.15415,4496
1786630500,2026-08-13 14:15:00+00:00,1.15415,1.15456,1.15385,1.1538599999999999,3438
1786631400,2026-08-13 14:30:00+00:00,1.1538599999999999,1.15422,1.1537,1.1540300000000001,2915
1786632300,2026-08-13 14:45:00+00:00,1.1540300000000001,1.15452,1.15388,1.15438,3002
1786633200,2026-08-13 15:00:00+00:00,1.15438,1.15456,1.15378,1.15382,3161
1786634100,2026-08-13 15:15:00+00:00,1.15382,1.15385,1.15327,1.15336,3226
1786635000,2026-08-13 15:30:00+00:00,1.15336,1.15366,1.1532499999999999,1.15328,2620
1786635900,2026-08-13 15:45:00+00:00,1.15328,1.15349,1.15301,1.15306,1988
1786636800,2026-08-13 16:00:00+00:00,1.15306,1.1533,1.15278,1.15288,1788
1786637700,2026-08-13 16:15:00+00:00,1.15289,1.15293,1.15243,1.15262,1775
1786638600,2026-08-13 16:30:00+00:00,1.15262,1.15295,1.15251,1.15289,1432
1786639500,2026-08-13 16:45:00+00:00,1.15289,1.15306,1.15287,1.15294,1470
1786640400,2026-08-13 17:00:00+00:00,1.15295,1.15316,1.15276,1.15276,1642
1786641300,2026-08-13 17:15:00+00:00,1.15276,1.15293,1.15258,1.15265,1215
1786642200,2026-08-13 17:30:00+00:00,1.15265,1.15296,1.15261,1.15293,1380
1786643100,2026-08-13 17:45:00+00:00,1.15293,1.15295,1.15276,1.15278,1128
1786644000,2026-08-13 18:00:00+00:00,1.15278,1.15323,1.15263,1.15313,1543
1786644900,2026-08-13 18:15:00+00:00,1.15313,1.1531500000000001,1.15283,1.1529,1220
1786645800,2026-08-13 18:30:00+00:00,1.1529,1.15309,1.15282,1.15299,1219
1786646700,2026-08-13 18:45:00+00:00,1.15299,1.15307,1.15288,1.15289,1058
1786647600,2026-08-13 19:00:00+00:00,1.15289,1.15306,1.15288,1.153,1276
1786648500,2026-08-13 19:15:00+00:00,1.15299,1.15316,1.15297,1.15312,960
1786649400,2026-08-13 19:30:00+00:00,1.15313,1.15313,1.15279,1.15285,1376
1786650300,2026-08-13 19:45:00+00:00,1.15285,1.15295,1.15275,1.15288,1292
1786651200,2026-08-13 20:00:00+00:00,1.15289,1.15295,1.15262,1.15271,826
1786652100,2026-08-13 20:15:00+00:00,1.15271,1.15283,1.15266,1.15282,536
1786653000,2026-08-13 20:30:00+00:00,1.1528100000000001,1.15286,1.15272,1.15278,619
1786653900,2026-08-13 20:45:00+00:00,1.15279,1.15302,1.15279,1.15288,728
1786654800,2026-08-13 21:00:00+00:00,1.15288,1.15288,1.15247,1.15262,130
1786655700,2026-08-13 21:15:00+00:00,1.15262,1.1529,1.15262,1.1529,82
1786656600,2026-08-13 21:30:00+00:00,1.1529,1.15312,1.15288,1.15289,119
1786657500,2026-08-13 21:45:00+00:00,1.15289,1.15289,1.15251,1.15285,63
1786658400,2026-08-13 22:00:00+00:00,1.15285,1.1531,1.15283,1.15292,554
1786659300,2026-08-13 22:15:00+00:00,1.15294,1.15316,1.1529,1.15306,549
1786660200,2026-08-13 22:30:00+00:00,1.15306,1.1531500000000001,1.15302,1.15314,594
1786661100,2026-08-13 22:45:00+00:00,1.15314,1.1532,1.15308,1.1531500000000001,948
1786662000,2026-08-13 23:00:00+00:00,1.15314,1.15335,1.15314,1.1533,596
1786662900,2026-08-13 23:15:00+00:00,1.1533,1.15331,1.15323,1.15326,497
1786663800,2026-08-13 23:30:00+00:00,1.15326,1.15338,1.15323,1.15335,606
1786664700,2026-08-13 23:45:00+00:00,1.15335,1.15345,1.15332,1.15337,817
1786665600,2026-08-14 00:00:00+00:00,1.15338,1.15359,1.15334,1.15348,1646
1786666500,2026-08-14 00:15:00+00:00,1.15348,1.15372,1.15346,1.15367,1447
1786667400,2026-08-14 00:30:00+00:00,1.15367,1.15379,1.15361,1.15365,1174
1786668300,2026-08-14 00:45:00+00:00,1.15365,1.15394,1.15359,1.15384,1623
1786669200,2026-08-14 01:00:00+00:00,1.15384,1.15384,1.15333,1.15336,1819
1786670100,2026-08-14 01:15:00+00:00,1.15336,1.15356,1.1532,1.15338,1521
1786671000,2026-08-14 01:30:00+00:00,1.15339,1.1538,1.15334,1.15364,1129
1786671900,2026-08-14 01:45:00+00:00,1.15364,1.15374,1.1534,1.15341,1133
1786672800,2026-08-14 02:00:00+00:00,1.1534,1.15363,1.15339,1.1536,872
1786673700,2026-08-14 02:15:00+00:00,1.1536,1.15371,1.15349,1.15359,875
1786674600,2026-08-14 02:30:00+00:00,1.15359,1.15375,1.15357,1.15371,1043
1786675500,2026-08-14 02:45:00+00:00,1.15371,1.15373,1.15335,1.15344,1124
1786676400,2026-08-14 03:00:00+00:00,1.15344,1.15359,1.15338,1.15354,857
1786677300,2026-08-14 03:15:00+00:00,1.15354,1.15395,1.15351,1.15384,1108
1786678200,2026-08-14 03:30:00+00:00,1.15384,1.1538599999999999,1.15369,1.15374,1025
1786679100,2026-08-14 03:45:00+00:00,1.15374,1.15378,1.15361,1.15371,983
1786680000,2026-08-14 04:00:00+00:00,1.15371,1.15405,1.15369,1.15393,1126
1786680900,2026-08-14 04:15:00+00:00,1.15393,1.154,1.15367,1.15371,626
1786681800,2026-08-14 04:30:00+00:00,1.15371,1.15397,1.15367,1.15383,851
1786682700,2026-08-14 04:45:00+00:00,1.15383,1.154,1.15379,1.15387,568
1786683600,2026-08-14 05:00:00+00:00,1.15387,1.15402,1.15382,1.154,795
1786684500,2026-08-14 05:15:00+00:00,1.154,1.15414,1.15393,1.1541,891
1786685400,2026-08-14 05:30:00+00:00,1.1541,1.15431,1.15401,1.15409,1313
1786686300,2026-08-14 05:45:00+00:00,1.15409,1.15419,1.1540300000000001,1.15419,1133
1786687200,2026-08-14 06:00:00+00:00,1.15419,1.15442,1.15407,1.15412,2339
1786688100,2026-08-14 06:15:00+00:00,1.15412,1.15417,1.15388,1.15397,1527
1786689000,2026-08-14 06:30:00+00:00,1.15397,1.1543,1.15396,1.15426,1357
1786689900,2026-08-14 06:45:00+00:00,1.15426,1.15445,1.15409,1.15444,1688
1786690800,2026-08-14 07:00:00+00:00,1.15444,1.15472,1.15431,1.15451,2038
1786691700,2026-08-14 07:15:00+00:00,1.15451,1.15475,1.15442,1.15461,1778
1786692600,2026-08-14 07:30:00+00:00,1.15461,1.15492,1.1544699999999999,1.15484,1784
1786693500,2026-08-14 07:45:00+00:00,1.15484,1.15514,1.15481,1.15511,1964
1786694400,2026-08-14 08:00:00+00:00,1.15511,1.15556,1.15505,1.15542,2201
1786695300,2026-08-14 08:15:00+00:00,1.15542,1.15544,1.15504,1.1553,1846
1786696200,2026-08-14 08:30:00+00:00,1.1553,1.15578,1.15505,1.15545,1819
1786697100,2026-08-14 08:45:00+00:00,1.15545,1.1556,1.15522,1.15558,2047
1786698000,2026-08-14 09:00:00+00:00,1.15558,1.15571,1.15542,1.15547,1671
1786698900,2026-08-14 09:15:00+00:00,1.15547,1.15558,1.1553499999999999,1.15539,1463
1786699800,2026-08-14 09:30:00+00:00,1.15539,1.15552,1.1551,1.15522,1637
1786700700,2026-08-14 09:45:00+00:00,1.15522,1.1555,1.15514,1.15547,1788
1786701600,2026-08-14 10:00:00+00:00,1.15547,1.15555,1.15521,1.15544,1175
1786702500,2026-08-14 10:15:00+00:00,1.15545,1.15553,1.15531,1.15533,849
1786703400,2026-08-14 10:30:00+00:00,1.15533,1.15552,1.15529,1.15552,923
1786704300,2026-08-14 10:45:00+00:00,1.15552,1.15562,1.1554,1.15556,1075
1786705200,2026-08-14 11:00:00+00:00,1.15556,1.15588,1.15556,1.15588,1232
1786706100,2026-08-14 11:15:00+00:00,1.15588,1.15639,1.15586,1.15627,1841
1786707000,2026-08-14 11:30:00+00:00,1.15627,1.1571799999999999,1.15621,1.1569099999999999,1657
1786707900,2026-08-14 11:45:00+00:00,1.1569099999999999,1.15704,1.1565,1.1565400000000001,1925
1786708800,2026-08-14 12:00:00+00:00,1.1565400000000001,1.15711,1.15626,1.15642,2299
1786709700,2026-08-14 12:15:00+00:00,1.15641,1.15717,1.1564,1.15696,2531
1786710600,2026-08-14 12:30:00+00:00,1.15696,1.15786,1.1566,1.15661,4314
1786711500,2026-08-14 12:45:00+00:00,1.15661,1.15699,1.15637,1.1566,2375
1786712400,2026-08-14 13:00:00+00:00,1.1566,1.15668,1.15621,1.15631,2075
1786713300,2026-08-14 13:15:00+00:00,1.15631,1.15695,1.15622,1.15676,2169
1786714200,2026-08-14 13:30:00+00:00,1.15676,1.15825,1.15666,1.15815,3614
1786715100,2026-08-14 13:45:00+00:00,1.15815,1.1584699999999999,1.15759,1.15804,3251
1786716000,2026-08-14 14:00:00+00:00,1.15804,1.15843,1.15777,1.15793,3227
1786716900,2026-08-14 14:15:00+00:00,1.15793,1.15854,1.1577,1.15834,2999
1786717800,2026-08-14 14:30:00+00:00,1.15834,1.15841,1.15781,1.15823,2673
1786718700,2026-08-14 14:45:00+00:00,1.15823,1.15824,1.1578,1.15807,2716
1786719600,2026-08-14 15:00:00+00:00,1.15807,1.1584699999999999,1.15801,1.15808,2375
1786720500,2026-08-14 15:15:00+00:00,1.15808,1.15828,1.1577,1.1581,2257
1786721400,2026-08-14 15:30:00+00:00,1.15811,1.15853,1.15801,1.15816,2615
1786722300,2026-08-14 15:45:00+00:00,1.15815,1.15852,1.15797,1.15802,1964
1786723200,2026-08-14 16:00:00+00:00,1.15802,1.15819,1.15762,1.15767,1908
1786724100,2026-08-14 16:15:00+00:00,1.15767,1.15801,1.15756,1.15757,1483
1786725000,2026-08-14 16:30:00+00:00,1.15757,1.15784,1.15736,1.15741,1585
1786725900,2026-08-14 16:45:00+00:00,1.15741,1.15748,1.15702,1.15711,1391
1786726800,2026-08-14 17:00:00+00:00,1.15711,1.15714,1.1566,1.15671,1310
1786727700,2026-08-14 17:15:00+00:00,1.15671,1.1568100000000001,1.15639,1.15651,1591
1786728600,2026-08-14 17:30:00+00:00,1.15651,1.15661,1.15636,1.15636,1332
1786729500,2026-08-14 17:45:00+00:00,1.15636,1.15649,1.15629,1.15648,1055
1786730400,2026-08-14 18:00:00+00:00,1.15648,1.1566,1.15633,1.15633,1039
1786731300,2026-08-14 18:15:00+00:00,1.15633,1.15667,1.15631,1.15663,911
1786732200,2026-08-14 18:30:00+00:00,1.15663,1.15664,1.15644,1.1565400000000001,559
1786733100,2026-08-14 18:45:00+00:00,1.1565400000000001,1.15671,1.15645,1.1565400000000001,647
1786734000,2026-08-14 19:00:00+00:00,1.1565400000000001,1.1568,1.15644,1.15671,1007
1786734900,2026-08-14 19:15:00+00:00,1.15671,1.1569099999999999,1.15663,1.1568,723
1786735800,2026-08-14 19:30:00+00:00,1.1568,1.1569,1.15653,1.15663,884
1786736700,2026-08-14 19:45:00+00:00,1.15663,1.15687,1.15659,1.15684,995
1786737600,2026-08-14 20:00:00+00:00,1.15684,1.15693,1.15675,1.1568100000000001,556
1786738500,2026-08-14 20:15:00+00:00,1.1568,1.15695,1.15674,1.1569099999999999,482
1786739400,2026-08-14 20:30:00+00:00,1.1569099999999999,1.15699,1.15673,1.15677,374
1786740300,2026-08-14 20:45:00+00:00,1.15677,1.15705,1.15671,1.15704,1061
1786914000,2026-08-16 21:00:00+00:00,1.15619,1.15655,1.15619,1.15652,135
1786914900,2026-08-16 21:15:00+00:00,1.15652,1.15661,1.15614,1.15653,357
1786915800,2026-08-16 21:30:00+00:00,1.15653,1.15664,1.15651,1.1565699999999999,241
1786916700,2026-08-16 21:45:00+00:00,1.1565699999999999,1.15662,1.15645,1.15656,198
1786917600,2026-08-16 22:00:00+00:00,1.1565400000000001,1.15682,1.15652,1.15667,771
1786918500,2026-08-16 22:15:00+00:00,1.15667,1.15696,1.15664,1.15693,462
1786919400,2026-08-16 22:30:00+00:00,1.15693,1.15721,1.15693,1.15717,541
1786920300,2026-08-16 22:45:00+00:00,1.15716,1.15753,1.15713,1.15748,494
1786921200,2026-08-16 23:00:00+00:00,1.15748,1.15754,1.15743,1.15749,407
1786922100,2026-08-16 23:15:00+00:00,1.15749,1.15749,1.1574200000000001,1.15744,352
1786923000,2026-08-16 23:30:00+00:00,1.15744,1.1575199999999999,1.15737,1.15749,381
1786923900,2026-08-16 23:45:00+00:00,1.15749,1.15758,1.15726,1.15737,610
1786924800,2026-08-17 00:00:00+00:00,1.15736,1.15799,1.15736,1.15797,1622
1786925700,2026-08-17 00:15:00+00:00,1.15797,1.15805,1.1578,1.15796,1491
1786926600,2026-08-17 00:30:00+00:00,1.15796,1.1581,1.15783,1.15792,1053
1786927500,2026-08-17 00:45:00+00:00,1.15792,1.15805,1.15782,1.15801,1725
1786928400,2026-08-17 01:00:00+00:00,1.15802,1.15809,1.15781,1.15795,1507
1786929300,2026-08-17 01:15:00+00:00,1.15795,1.1583,1.15786,1.15819,1460
1786930200,2026-08-17 01:30:00+00:00,1.15819,1.15824,1.15781,1.15823,1251
1786931100,2026-08-17 01:45:00+00:00,1.15823,1.15836,1.15817,1.15835,886
1786932000,2026-08-17 02:00:00+00:00,1.15835,1.15842,1.15817,1.15832,1043
1786932900,2026-08-17 02:15:00+00:00,1.15832,1.15843,1.15821,1.15842,747
1786933800,2026-08-17 02:30:00+00:00,1.15843,1.15845,1.15804,1.15812,945
1786934700,2026-08-17 02:45:00+00:00,1.15812,1.15817,1.1579,1.15797,1159
1786935600,2026-08-17 03:00:00+00:00,1.15797,1.1580300000000001,1.15786,1.15791,817
1786936500,2026-08-17 03:15:00+00:00,1.15791,1.15806,1.1579,1.15798,833
1786937400,2026-08-17 03:30:00+00:00,1.15798,1.15805,1.15785,1.15798,967
1786938300,2026-08-17 03:45:00+00:00,1.15798,1.15836,1.15796,1.15835,1035
1786939200,2026-08-17 04:00:00+00:00,1.15835,1.15881,1.15826,1.1587,1024
1786940100,2026-08-17 04:15:00+00:00,1.1587,1.1587399999999999,1.15854,1.15867,867
1786941000,2026-08-17 04:30:00+00:00,1.15867,1.15871,1.15852,1.15866,805
1786941900,2026-08-17 04:45:00+00:00,1.15866,1.15872,1.15843,1.1584699999999999,897
1786942800,2026-08-17 05:00:00+00:00,1.1584699999999999,1.15859,1.15827,1.15833,1082
1786943700,2026-08-17 05:15:00+00:00,1.15833,1.1587399999999999,1.15831,1.15871,1328
1786944600,2026-08-17 05:30:00+00:00,1.15871,1.15878,1.15851,1.15871,1353
1786945500,2026-08-17 05:45:00+00:00,1.15871,1.15893,1.1586400000000001,1.15872,1844
1786946400,2026-08-17 06:00:00+00:00,1.15871,1.15894,1.15836,1.15849,1775
1786947300,2026-08-17 06:15:00+00:00,1.15849,1.15923,1.1584699999999999,1.15921,1730
1786948200,2026-08-17 06:30:00+00:00,1.15921,1.15922,1.15881,1.1590799999999999,1430
1786949100,2026-08-17 06:45:00+00:00,1.1590799999999999,1.15968,1.15907,1.15957,1852
1786950000,2026-08-17 07:00:00+00:00,1.15957,1.15978,1.15927,1.15972,2104
1786950900,2026-08-17 07:15:00+00:00,1.15972,1.16064,1.15968,1.16063,2271
1786951800,2026-08-17 07:30:00+00:00,1.16063,1.1612,1.16059,1.1609099999999999,2798
1786952700,2026-08-17 07:45:00+00:00,1.1609099999999999,1.16095,1.1605699999999999,1.16066,2121
1786953600,2026-08-17 08:00:00+00:00,1.16066,1.16077,1.16038,1.16063,1969
1786954500,2026-08-17 08:15:00+00:00,1.16063,1.1614,1.16062,1.16139,1657
1786955400,2026-08-17 08:30:00+00:00,1.16139,1.16141,1.16053,1.16056,2059
1786956300,2026-08-17 08:45:00+00:00,1.16056,1.16068,1.15954,1.15988,2491
1786957200,2026-08-17 09:00:00+00:00,1.15988,1.1601,1.15971,1.15987,2240
1786958100,2026-08-17 09:15:00+00:00,1.15987,1.16024,1.15982,1.16015,1486
1786959000,2026-08-17 09:30:00+00:00,1.16015,1.16024,1.15987,1.16001,1133
1786959900,2026-08-17 09:45:00+00:00,1.16,1.16009,1.1596,1.1596899999999999,1233
1786960800,2026-08-17 10:00:00+00:00,1.1596899999999999,1.1597,1.1592500000000001,1.15948,1471
1786961700,2026-08-17 10:15:00+00:00,1.15948,1.15981,1.15938,1.15975,1568
1786962600,2026-08-17 10:30:00+00:00,1.15975,1.15984,1.15912,1.15927,1662
1786963500,2026-08-17 10:45:00+00:00,1.15927,1.15936,1.15895,1.15904,1048
1786964400,2026-08-17 11:00:00+00:00,1.15905,1.15954,1.159,1.15907,1032
1786965300,2026-08-17 11:15:00+00:00,1.15907,1.15912,1.15875,1.15901,1180
1786966200,2026-08-17 11:30:00+00:00,1.15901,1.15918,1.15886,1.15888,1132
1786967100,2026-08-17 11:45:00+00:00,1.15888,1.15928,1.15879,1.15923,1415
1786968000,2026-08-17 12:00:00+00:00,1.15923,1.15963,1.15916,1.1592500000000001,2072
1786968900,2026-08-17 12:15:00+00:00,1.1592500000000001,1.1595900000000001,1.15871,1.15906,2331
1786969800,2026-08-17 12:30:00+00:00,1.15906,1.15944,1.1589,1.15941,1757
1786970700,2026-08-17 12:45:00+00:00,1.15941,1.15978,1.15907,1.15975,2095
1786971600,2026-08-17 13:00:00+00:00,1.15975,1.15998,1.15955,1.15957,2073
1786972500,2026-08-17 13:15:00+00:00,1.15957,1.15993,1.15947,1.15958,1790
1786973400,2026-08-17 13:30:00+00:00,1.15958,1.15993,1.15905,1.15905,2514
1786974300,2026-08-17 13:45:00+00:00,1.15905,1.15954,1.15877,1.15946,2376
1786975200,2026-08-17 14:00:00+00:00,1.15947,1.1596899999999999,1.1592500000000001,1.15962,2226
1786976100,2026-08-17 14:15:00+00:00,1.15962,1.15993,1.15911,1.1593,2428
1786977000,2026-08-17 14:30:00+00:00,1.1593,1.15938,1.15869,1.15887,1634
1786977900,2026-08-17 14:45:00+00:00,1.15887,1.15907,1.1586,1.15867,2297
1786978800,2026-08-17 15:00:00+00:00,1.15868,1.15871,1.15831,1.1584699999999999,2062
1786979700,2026-08-17 15:15:00+00:00,1.1584699999999999,1.15857,1.15818,1.1584699999999999,1609
1786980600,2026-08-17 15:30:00+00:00,1.1584699999999999,1.15863,1.15817,1.1582,1657
1786981500,2026-08-17 15:45:00+00:00,1.1582,1.15901,1.15817,1.159,1587
1786982400,2026-08-17 16:00:00+00:00,1.15901,1.15901,1.15851,1.15871,1185
1786983300,2026-08-17 16:15:00+00:00,1.15872,1.15906,1.1587,1.15887,1147
1786984200,2026-08-17 16:30:00+00:00,1.15887,1.15918,1.15883,1.15912,821
1786985100,2026-08-17 16:45:00+00:00,1.15912,1.15913,1.1588,1.15884,990
1786986000,2026-08-17 17:00:00+00:00,1.15884,1.15897,1.15863,1.15863,889
1786986900,2026-08-17 17:15:00+00:00,1.15863,1.15866,1.15826,1.15846,1262
1786987800,2026-08-17 17:30:00+00:00,1.15846,1.15855,1.15761,1.15796,1856
1786988700,2026-08-17 17:45:00+00:00,1.15796,1.15809,1.15769,1.15772,1192
1786989600,2026-08-17 18:00:00+00:00,1.15773,1.15783,1.1575199999999999,1.1577600000000001,1393
1786990500,2026-08-17 18:15:00+00:00,1.1577600000000001,1.15785,1.15731,1.15743,1206
1786991400,2026-08-17 18:30:00+00:00,1.15743,1.15744,1.15709,1.15721,1614
1786992300,2026-08-17 18:45:00+00:00,1.15721,1.15739,1.15712,1.15725,1159
1786993200,2026-08-17 19:00:00+00:00,1.15725,1.1577,1.15722,1.15768,1191
1786994100,2026-08-17 19:15:00+00:00,1.15768,1.15792,1.15767,1.15789,840
1786995000,2026-08-17 19:30:00+00:00,1.15789,1.15805,1.15771,1.15802,750
1786995900,2026-08-17 19:45:00+00:00,1.15802,1.15804,1.15771,1.15788,866
1786996800,2026-08-17 20:00:00+00:00,1.15787,1.15798,1.15775,1.1577600000000001,385
1786997700,2026-08-17 20:15:00+00:00,1.1577600000000001,1.15788,1.15775,1.1577600000000001,231
1786998600,2026-08-17 20:30:00+00:00,1.1577600000000001,1.15789,1.15772,1.15782,368
1786999500,2026-08-17 20:45:00+00:00,1.15782,1.15797,1.15779,1.15788,563
1787000400,2026-08-17 21:00:00+00:00,1.15819,1.15859,1.15779,1.15782,331
1787001300,2026-08-17 21:15:00+00:00,1.15782,1.15817,1.15779,1.15782,210
1787002200,2026-08-17 21:30:00+00:00,1.15782,1.15787,1.15772,1.15786,57
1787003100,2026-08-17 21:45:00+00:00,1.15786,1.15793,1.1578,1.1578,67
1787004000,2026-08-17 22:00:00+00:00,1.1578,1.158,1.1578,1.15787,409
1787004900,2026-08-17 22:15:00+00:00,1.15787,1.15801,1.15777,1.15798,429
1787005800,2026-08-17 22:30:00+00:00,1.15798,1.15798,1.15782,1.15788,327
1787006700,2026-08-17 22:45:00+00:00,1.15788,1.15794,1.15783,1.15787,251
1787007600,2026-08-17 23:00:00+00:00,1.15787,1.1580300000000001,1.15782,1.15801,464
1787008500,2026-08-17 23:15:00+00:00,1.15801,1.15812,1.15797,1.15811,209
1787009400,2026-08-17 23:30:00+00:00,1.15811,1.15832,1.15808,1.15827,470
1787010300,2026-08-17 23:45:00+00:00,1.15827,1.15836,1.1582,1.15827,618
1787011200,2026-08-18 00:00:00+00:00,1.15827,1.15849,1.15818,1.15825,1197
1787012100,2026-08-18 00:15:00+00:00,1.15825,1.15834,1.15795,1.15797,1101
1787013000,2026-08-18 00:30:00+00:00,1.15797,1.1582,1.1577600000000001,1.15811,1011
1787013900,2026-08-18 00:45:00+00:00,1.15812,1.15827,1.15796,1.15824,1119
1787014800,2026-08-18 01:00:00+00:00,1.15824,1.15858,1.1581299999999999,1.15852,1449
1787015700,2026-08-18 01:15:00+00:00,1.15853,1.15854,1.15795,1.15817,1322
1787016600,2026-08-18 01:30:00+00:00,1.15817,1.15842,1.1581,1.15811,908
1787017500,2026-08-18 01:45:00+00:00,1.15811,1.15814,1.15787,1.15796,1284
1787018400,2026-08-18 02:00:00+00:00,1.15796,1.15796,1.15766,1.15769,1211
1787019300,2026-08-18 02:15:00+00:00,1.15769,1.1577600000000001,1.15758,1.15771,1107
1787020200,2026-08-18 02:30:00+00:00,1.15772,1.15774,1.1575199999999999,1.15766,972
1787021100,2026-08-18 02:45:00+00:00,1.15766,1.15804,1.15765,1.15802,802
1787022000,2026-08-18 03:00:00+00:00,1.15802,1.1580300000000001,1.15775,1.15775,802
1787022900,2026-08-18 03:15:00+00:00,1.15775,1.15775,1.15746,1.15758,729
1787023800,2026-08-18 03:30:00+00:00,1.15758,1.15758,1.1572,1.15729,1031
1787024700,2026-08-18 03:45:00+00:00,1.15729,1.15741,1.1571500000000001,1.15732,828
1787025600,2026-08-18 04:00:00+00:00,1.15732,1.1574,1.15703,1.15705,1130
1787026500,2026-08-18 04:15:00+00:00,1.15706,1.15731,1.15698,1.15724,1145
1787027400,2026-08-18 04:30:00+00:00,1.15723,1.15733,1.15707,1.15729,782
1787028300,2026-08-18 04:45:00+00:00,1.15729,1.15748,1.15714,1.1571500000000001,787
1787029200,2026-08-18 05:00:00+00:00,1.1571500000000001,1.1571799999999999,1.15692,1.15698,1131
1787030100,2026-08-18 05:15:00+00:00,1.15698,1.15729,1.15693,1.15726,953
1787031000,2026-08-18 05:30:00+00:00,1.15726,1.15729,1.15703,1.15723,814
1787031900,2026-08-18 05:45:00+00:00,1.15723,1.15743,1.15721,1.1573,755
1787032800,2026-08-18 06:00:00+00:00,1.1573,1.15747,1.1567,1.15696,2375
1787033700,2026-08-18 06:15:00+00:00,1.15695,1.15726,1.15687,1.15724,1323
1787034600,2026-08-18 06:30:00+00:00,1.15724,1.15725,1.15666,1.15707,1511
1787035500,2026-08-18 06:45:00+00:00,1.15707,1.15721,1.1568,1.1572,1548
1787036400,2026-08-18 07:00:00+00:00,1.1572,1.15743,1.15706,1.15708,1858
1787037300,2026-08-18 07:15:00+00:00,1.15708,1.15762,1.15695,1.15746,1692
1787038200,2026-08-18 07:30:00+00:00,1.15746,1.1577,1.15735,1.15756,1346
1787039100,2026-08-18 07:45:00+00:00,1.15756,1.15775,1.15735,1.15739,1359
1787040000,2026-08-18 08:00:00+00:00,1.15739,1.15741,1.15701,1.15717,1639
1787040900,2026-08-18 08:15:00+00:00,1.15717,1.1572,1.1569099999999999,1.15714,1478
1787041800,2026-08-18 08:30:00+00:00,1.15714,1.15748,1.15713,1.15748,1144
1787042700,2026-08-18 08:45:00+00:00,1.15748,1.1577600000000001,1.15744,1.15762,1152
1787043600,2026-08-18 09:00:00+00:00,1.15761,1.15762,1.15736,1.15741,897
1787044500,2026-08-18 09:15:00+00:00,1.15741,1.15778,1.15726,1.15773,1482
1787045400,2026-08-18 09:30:00+00:00,1.15772,1.15793,1.15741,1.15761,1246
1787046300,2026-08-18 09:45:00+00:00,1.1576,1.15799,1.15755,1.15792,1132
1787047200,2026-08-18 10:00:00+00:00,1.15792,1.15793,1.15745,1.15748,1275
1787048100,2026-08-18 10:15:00+00:00,1.15748,1.15768,1.15739,1.15766,869
1787049000,2026-08-18 10:30:00+00:00,1.15766,1.15768,1.15745,1.15753,754
1787049900,2026-08-18 10:45:00+00:00,1.15753,1.15768,1.15745,1.15761,1238
1787050800,2026-08-18 11:00:00+00:00,1.15761,1.15766,1.15741,1.1574200000000001,1072
1787051700,2026-08-18 11:15:00+00:00,1.1574200000000001,1.1575199999999999,1.15726,1.1573,766
1787052600,2026-08-18 11:30:00+00:00,1.15729,1.15757,1.15725,1.1574,1087
1787053500,2026-08-18 11:45:00+00:00,1.1574,1.15769,1.1573,1.15766,1338
1787054400,2026-08-18 12:00:00+00:00,1.15766,1.15794,1.15748,1.1577600000000001,1671
1787055300,2026-08-18 12:15:00+00:00,1.1577600000000001,1.15793,1.15738,1.15741,1800
1787056200,2026-08-18 12:30:00+00:00,1.15741,1.15757,1.15716,1.15748,1627
1787057100,2026-08-18 12:45:00+00:00,1.15749,1.15781,1.15735,1.1574200000000001,1634
1787058000,2026-08-18 13:00:00+00:00,1.1574200000000001,1.15794,1.1574200000000001,1.15787,1952
1787058900,2026-08-18 13:15:00+00:00,1.15787,1.15791,1.1574,1.1575199999999999,1691
1787059800,2026-08-18 13:30:00+00:00,1.15751,1.1585,1.15707,1.15804,3471
1787060700,2026-08-18 13:45:00+00:00,1.15804,1.1583,1.15779,1.15805,2082
1787061600,2026-08-18 14:00:00+00:00,1.15805,1.1587,1.15802,1.15831,2715
1787062500,2026-08-18 14:15:00+00:00,1.15831,1.15884,1.1582,1.15851,2449
1787063400,2026-08-18 14:30:00+00:00,1.15851,1.15853,1.15804,1.15846,1976
1787064300,2026-08-18 14:45:00+00:00,1.15846,1.15883,1.15807,1.15809,3932
1787065200,2026-08-18 15:00:00+00:00,1.15809,1.15863,1.15773,1.15774,3132
1787066100,2026-08-18 15:15:00+00:00,1.15774,1.15814,1.15767,1.1578,2480
1787067000,2026-08-18 15:30:00+00:00,1.1578,1.15804,1.15766,1.1579,1932
1787067900,2026-08-18 15:45:00+00:00,1.15789,1.15818,1.15788,1.15792,1230
1787068800,2026-08-18 16:00:00+00:00,1.15791,1.15843,1.15785,1.15831,1493
1787069700,2026-08-18 16:15:00+00:00,1.15832,1.15857,1.1581,1.15812,1397
1787070600,2026-08-18 16:30:00+00:00,1.15809,1.1582,1.15785,1.15817,1006
1787071500,2026-08-18 16:45:00+00:00,1.15817,1.15828,1.15795,1.15795,1075
1787072400,2026-08-18 17:00:00+00:00,1.15796,1.1580300000000001,1.15756,1.15762,1119
1787073300,2026-08-18 17:15:00+00:00,1.15762,1.15781,1.15755,1.15771,1249
1787074200,2026-08-18 17:30:00+00:00,1.15771,1.15772,1.1574200000000001,1.15762,1071
1787075100,2026-08-18 17:45:00+00:00,1.15762,1.15769,1.15754,1.15765,610
1787076000,2026-08-18 18:00:00+00:00,1.15765,1.15775,1.15747,1.15773,729
1787076900,2026-08-18 18:15:00+00:00,1.15774,1.15788,1.1577,1.15771,869
1787077800,2026-08-18 18:30:00+00:00,1.15771,1.15774,1.15743,1.15744,753
1787078700,2026-08-18 18:45:00+00:00,1.15744,1.15762,1.15743,1.15757,860
1787079600,2026-08-18 19:00:00+00:00,1.15756,1.15779,1.15747,1.15768,1291
1787080500,2026-08-18 19:15:00+00:00,1.15768,1.15774,1.15759,1.15765,667
1787081400,2026-08-18 19:30:00+00:00,1.15766,1.15809,1.15762,1.15788,870
1787082300,2026-08-18 19:45:00+00:00,1.15788,1.15793,1.15739,1.15747,1114
1787083200,2026-08-18 20:00:00+00:00,1.15748,1.15748,1.1571799999999999,1.15728,600
1787084100,2026-08-18 20:15:00+00:00,1.15728,1.15733,1.15722,1.15731,444
1787085000,2026-08-18 20:30:00+00:00,1.15731,1.15749,1.15728,1.15738,294
1787085900,2026-08-18 20:45:00+00:00,1.15738,1.15765,1.1573,1.15748,670
1787086800,2026-08-18 21:00:00+00:00,1.15748,1.15768,1.15748,1.15767,323
1787087700,2026-08-18 21:15:00+00:00,1.15767,1.1578,1.15765,1.1577600000000001,98
1787088600,2026-08-18 21:30:00+00:00,1.1577600000000001,1.15781,1.15746,1.15748,296
1787089500,2026-08-18 21:45:00+00:00,1.15748,1.15751,1.15736,1.15747,460
1787090400,2026-08-18 22:00:00+00:00,1.15747,1.15765,1.15741,1.15746,690
1787091300,2026-08-18 22:15:00+00:00,1.15746,1.15762,1.15745,1.15748,396
1787092200,2026-08-18 22:30:00+00:00,1.15749,1.15758,1.15747,1.15751,227
1787093100,2026-08-18 22:45:00+00:00,1.15751,1.15768,1.15749,1.15762,163
1787094000,2026-08-18 23:00:00+00:00,1.15762,1.15783,1.15762,1.15768,325
1787094900,2026-08-18 23:15:00+00:00,1.15768,1.15773,1.15745,1.1575,446
1787095800,2026-08-18 23:30:00+00:00,1.1575,1.15757,1.15734,1.15741,407
1787096700,2026-08-18 23:45:00+00:00,1.15741,1.15761,1.15735,1.15761,577
1787097600,2026-08-19 00:00:00+00:00,1.1576,1.15817,1.1575199999999999,1.15804,1735
1787098500,2026-08-19 00:15:00+00:00,1.15804,1.15817,1.15789,1.15794,1268
1787099400,2026-08-19 00:30:00+00:00,1.15793,1.15797,1.1575,1.15753,1419
1787100300,2026-08-19 00:45:00+00:00,1.15754,1.15783,1.15734,1.15741,1649
1787101200,2026-08-19 01:00:00+00:00,1.1574200000000001,1.15746,1.15714,1.15723,1503
1787102100,2026-08-19 01:15:00+00:00,1.15723,1.1574,1.15701,1.15736,1503
1787103000,2026-08-19 01:30:00+00:00,1.15736,1.1577600000000001,1.15736,1.15767,1183
1787103900,2026-08-19 01:45:00+00:00,1.15768,1.15779,1.1575199999999999,1.15771,1033
1787104800,2026-08-19 02:00:00+00:00,1.15771,1.15804,1.15765,1.15791,913
1787105700,2026-08-19 02:15:00+00:00,1.15791,1.15853,1.15775,1.15821,2552
1787106600,2026-08-19 02:30:00+00:00,1.15821,1.1585,1.15807,1.15846,1183
1787107500,2026-08-19 02:45:00+00:00,1.15846,1.15872,1.15804,1.15824,1363
1787108400,2026-08-19 03:00:00+00:00,1.15824,1.15848,1.15817,1.15843,874
1787109300,2026-08-19 03:15:00+00:00,1.15844,1.15849,1.15831,1.1583700000000001,711
1787110200,2026-08-19 03:30:00+00:00,1.1583700000000001,1.15842,1.15816,1.15826,808
1787111100,2026-08-19 03:45:00+00:00,1.15827,1.15835,1.1581,1.15812,824
1787112000,2026-08-19 04:00:00+00:00,1.15812,1.1583700000000001,1.15808,1.15835,957
1787112900,2026-08-19 04:15:00+00:00,1.15835,1.15842,1.1583,1.15833,778
1787113800,2026-08-19 04:30:00+00:00,1.15833,1.15859,1.15821,1.15833,1198
1787114700,2026-08-19 04:45:00+00:00,1.15833,1.15868,1.15828,1.15857,1108
1787115600,2026-08-19 05:00:00+00:00,1.15857,1.15872,1.15845,1.15862,949
1787116500,2026-08-19 05:15:00+00:00,1.15862,1.15876,1.15856,1.15863,784
1787117400,2026-08-19 05:30:00+00:00,1.15863,1.15878,1.15853,1.15875,772
1787118300,2026-08-19 05:45:00+00:00,1.15875,1.15894,1.15863,1.15885,757
1787119200,2026-08-19 06:00:00+00:00,1.15885,1.15915,1.15877,1.1589800000000001,1290
1787120100,2026-08-19 06:15:00+00:00,1.1589800000000001,1.15987,1.15895,1.15978,1437
1787121000,2026-08-19 06:30:00+00:00,1.15978,1.15983,1.15946,1.1595900000000001,1932
1787121900,2026-08-19 06:45:00+00:00,1.1595900000000001,1.15973,1.15941,1.15945,2013
1787122800,2026-08-19 07:00:00+00:00,1.15945,1.15964,1.15918,1.15933,1891
1787123700,2026-08-19 07:15:00+00:00,1.15933,1.15951,1.15915,1.15947,1171
1787124600,2026-08-19 07:30:00+00:00,1.15947,1.15973,1.1593,1.1594,1294
1787125500,2026-08-19 07:45:00+00:00,1.15939,1.15977,1.15937,1.15965,1252
1787126400,2026-08-19 08:00:00+00:00,1.15965,1.16046,1.15955,1.16035,2066
1787127300,2026-08-19 08:15:00+00:00,1.16035,1.16054,1.15971,1.15984,1768
1787128200,2026-08-19 08:30:00+00:00,1.15984,1.16033,1.15966,1.16021,1552
1787129100,2026-08-19 08:45:00+00:00,1.16021,1.16032,1.1597,1.15981,1564
1787130000,2026-08-19 09:00:00+00:00,1.15981,1.16007,1.15964,1.1599599999999999,1431
1787130900,2026-08-19 09:15:00+00:00,1.1599599999999999,1.16048,1.15984,1.16041,1385
1787131800,2026-08-19 09:30:00+00:00,1.16041,1.16066,1.16035,1.1605,1100
1787132700,2026-08-19 09:45:00+00:00,1.1605,1.16082,1.16044,1.16064,1346
1787133600,2026-08-19 10:00:00+00:00,1.16064,1.16105,1.16051,1.16096,1360
1787134500,2026-08-19 10:15:00+00:00,1.16096,1.16115,1.16084,1.16104,1110
1787135400,2026-08-19 10:30:00+00:00,1.16104,1.16115,1.16094,1.1611,1036
1787136300,2026-08-19 10:45:00+00:00,1.1611,1.16119,1.16056,1.16065,1193
1787137200,2026-08-19 11:00:00+00:00,1.16065,1.16086,1.16028,1.16056,1367
1787138100,2026-08-19 11:15:00+00:00,1.16056,1.16067,1.16043,1.1604700000000001,1142
1787139000,2026-08-19 11:30:00+00:00,1.1604700000000001,1.16063,1.15993,1.16008,1506
1787139900,2026-08-19 11:45:00+00:00,1.16007,1.16055,1.16006,1.16028,1594
1787140800,2026-08-19 12:00:00+00:00,1.16028,1.1606,1.16024,1.1605699999999999,1645
1787141700,2026-08-19 12:15:00+00:00,1.16056,1.16101,1.16055,1.16066,1688
1787142600,2026-08-19 12:30:00+00:00,1.16066,1.1629800000000001,1.16058,1.1629,7274
1787143500,2026-08-19 12:45:00+00:00,1.1629,1.16435,1.16255,1.16357,5965
1787144400,2026-08-19 13:00:00+00:00,1.16357,1.16502,1.16355,1.16485,5557
1787145300,2026-08-19 13:15:00+00:00,1.16485,1.16527,1.16441,1.16526,5289
1787146200,2026-08-19 13:30:00+00:00,1.16526,1.16591,1.1648,1.16555,5843
1787147100,2026-08-19 13:45:00+00:00,1.16555,1.16596,1.16497,1.16564,5981
1787148000,2026-08-19 14:00:00+00:00,1.16564,1.1668,1.16537,1.16641,4990
1787148900,2026-08-19 14:15:00+00:00,1.16641,1.16721,1.16629,1.1672,5283
1787149800,2026-08-19 14:30:00+00:00,1.1672,1.16772,1.16704,1.16765,4161
1787150700,2026-08-19 14:45:00+00:00,1.16764,1.16765,1.16607,1.16633,4846
1787151600,2026-08-19 15:00:00+00:00,1.16634,1.16657,1.16591,1.16643,4234
1787152500,2026-08-19 15:15:00+00:00,1.16643,1.1666,1.16568,1.16602,3729
1787153400,2026-08-19 15:30:00+00:00,1.16602,1.16681,1.16594,1.16673,2718
1787154300,2026-08-19 15:45:00+00:00,1.16673,1.1668,1.16609,1.16638,2413
1787155200,2026-08-19 16:00:00+00:00,1.16638,1.16718,1.16637,1.16704,2645
1787156100,2026-08-19 16:15:00+00:00,1.16704,1.16717,1.16661,1.16676,2091
1787157000,2026-08-19 16:30:00+00:00,1.16676,1.16714,1.16672,1.1669,1897
1787157900,2026-08-19 16:45:00+00:00,1.1669,1.16721,1.16682,1.16684,1603
1787158800,2026-08-19 17:00:00+00:00,1.16684,1.16723,1.16638,1.16654,2837
1787159700,2026-08-19 17:15:00+00:00,1.16654,1.16655,1.16622,1.1663999999999999,1715
1787160600,2026-08-19 17:30:00+00:00,1.1663999999999999,1.16646,1.16608,1.16618,1392
1787161500,2026-08-19 17:45:00+00:00,1.16617,1.16622,1.16585,1.16591,1508
1787162400,2026-08-19 18:00:00+00:00,1.16591,1.16714,1.16587,1.16694,3859
1787163300,2026-08-19 18:15:00+00:00,1.16693,1.16697,1.16599,1.16611,2075
1787164200,2026-08-19 18:30:00+00:00,1.16611,1.16743,1.16608,1.1672,2310
1787165100,2026-08-19 18:45:00+00:00,1.1672,1.1675200000000001,1.16713,1.1673499999999999,1959
1787166000,2026-08-19 19:00:00+00:00,1.1673499999999999,1.16768,1.16698,1.1673499999999999,1988
1787166900,2026-08-19 19:15:00+00:00,1.1673499999999999,1.1678600000000001,1.16734,1.16778,1467
1787167800,2026-08-19 19:30:00+00:00,1.16778,1.16792,1.16728,1.1673499999999999,2302
1787168700,2026-08-19 19:45:00+00:00,1.1673499999999999,1.16779,1.16719,1.16772,1680
1787169600,2026-08-19 20:00:00+00:00,1.16772,1.16783,1.16756,1.16758,770
1787170500,2026-08-19 20:15:00+00:00,1.16758,1.16777,1.16751,1.16754,405
1787171400,2026-08-19 20:30:00+00:00,1.16754,1.16787,1.1675200000000001,1.16784,583
1787172300,2026-08-19 20:45:00+00:00,1.16784,1.16791,1.1677,1.16771,482
1787173200,2026-08-19 21:00:00+00:00,1.16771,1.16771,1.16743,1.1676,49
1787174100,2026-08-19 21:15:00+00:00,1.1676,1.1676,1.16744,1.16758,21
1787175000,2026-08-19 21:30:00+00:00,1.16758,1.16758,1.16751,1.16753,34
1787175900,2026-08-19 21:45:00+00:00,1.16754,1.16791,1.16754,1.16766,101
1787176800,2026-08-19 22:00:00+00:00,1.16766,1.16804,1.16764,1.1679,864
1787177700,2026-08-19 22:15:00+00:00,1.1679,1.16793,1.16774,1.16777,770
1787178600,2026-08-19 22:30:00+00:00,1.16777,1.16782,1.1676,1.16769,657
1787179500,2026-08-19 22:45:00+00:00,1.16769,1.1677,1.16749,1.16751,721
1787180400,2026-08-19 23:00:00+00:00,1.16751,1.16775,1.16742,1.16756,818
1787181300,2026-08-19 23:15:00+00:00,1.16756,1.16759,1.16738,1.16746,375
1787182200,2026-08-19 23:30:00+00:00,1.16746,1.16753,1.16729,1.1673,447
1787183100,2026-08-19 23:45:00+00:00,1.1673,1.16743,1.16726,1.16743,786
1787184000,2026-08-20 00:00:00+00:00,1.16743,1.16799,1.16743,1.16771,1892
1787184900,2026-08-20 00:15:00+00:00,1.16771,1.16795,1.1674,1.1675,1417
1787185800,2026-08-20 00:30:00+00:00,1.1675,1.16776,1.16746,1.1675,1430
1787186700,2026-08-20 00:45:00+00:00,1.1675,1.16758,1.16723,1.16744,1372
1787187600,2026-08-20 01:00:00+00:00,1.16744,1.16749,1.167,1.16724,2250
1787188500,2026-08-20 01:15:00+00:00,1.16724,1.16801,1.16724,1.16792,2021
1787189400,2026-08-20 01:30:00+00:00,1.16793,1.16828,1.16747,1.16783,2885
1787190300,2026-08-20 01:45:00+00:00,1.16784,1.1679599999999999,1.16736,1.16764,2395
1787191200,2026-08-20 02:00:00+00:00,1.16765,1.16839,1.16754,1.16772,2569
1787192100,2026-08-20 02:15:00+00:00,1.16772,1.16772,1.16728,1.16754,1622
1787193000,2026-08-20 02:30:00+00:00,1.16755,1.16783,1.16742,1.16761,1323
1787193900,2026-08-20 02:45:00+00:00,1.16761,1.1677,1.1674,1.1675,1204
1787194800,2026-08-20 03:00:00+00:00,1.16749,1.16789,1.16742,1.1678,1444
1787195700,2026-08-20 03:15:00+00:00,1.1678,1.16802,1.16756,1.1677,1246
1787196600,2026-08-20 03:30:00+00:00,1.1677,1.16785,1.16754,1.16779,1311
1787197500,2026-08-20 03:45:00+00:00,1.16779,1.16798,1.16777,1.16795,1064
1787198400,2026-08-20 04:00:00+00:00,1.16794,1.16803,1.16783,1.16793,911
1787199300,2026-08-20 04:15:00+00:00,1.16794,1.16797,1.16766,1.16771,1014
1787200200,2026-08-20 04:30:00+00:00,1.16771,1.16777,1.16759,1.16759,898
1787201100,2026-08-20 04:45:00+00:00,1.1676,1.16774,1.16717,1.16729,964
1787202000,2026-08-20 05:00:00+00:00,1.16729,1.16754,1.16728,1.16739,1117
1787202900,2026-08-20 05:15:00+00:00,1.16739,1.16751,1.16713,1.16715,958
1787203800,2026-08-20 05:30:00+00:00,1.16715,1.16736,1.16703,1.16707,1644
1787204700,2026-08-20 05:45:00+00:00,1.16707,1.16774,1.16702,1.16761,1651
1787205600,2026-08-20 06:00:00+00:00,1.16761,1.16803,1.16733,1.16793,1925
1787206500,2026-08-20 06:15:00+00:00,1.16793,1.168,1.16765,1.16771,1785
1787207400,2026-08-20 06:30:00+00:00,1.16771,1.16802,1.16761,1.168,1315
1787208300,2026-08-20 06:45:00+00:00,1.168,1.1688399999999999,1.16798,1.16879,2284
1787209200,2026-08-20 07:00:00+00:00,1.16879,1.16883,1.16809,1.16818,2612
1787210100,2026-08-20 07:15:00+00:00,1.16818,1.16833,1.16782,1.16797,2160
1787211000,2026-08-20 07:30:00+00:00,1.16797,1.1693500000000001,1.16797,1.16905,2509
1787211900,2026-08-20 07:45:00+00:00,1.16905,1.1693500000000001,1.16858,1.16926,2416
1787212800,2026-08-20 08:00:00+00:00,1.16927,1.1695,1.16907,1.1694499999999999,2041
1787213700,2026-08-20 08:15:00+00:00,1.1694499999999999,1.16948,1.169,1.16912,2058
1787214600,2026-08-20 08:30:00+00:00,1.16912,1.16997,1.16888,1.16975,2401
1787215500,2026-08-20 08:45:00+00:00,1.16976,1.16998,1.16948,1.16985,2348
1787216400,2026-08-20 09:00:00+00:00,1.16986,1.17048,1.16955,1.1703999999999999,2044
1787217300,2026-08-20 09:15:00+00:00,1.1703999999999999,1.17097,1.17036,1.17063,2404
1787218200,2026-08-20 09:30:00+00:00,1.17063,1.17074,1.17012,1.17046,2270
1787219100,2026-08-20 09:45:00+00:00,1.17046,1.1708,1.17007,1.17069,2038
1787220000,2026-08-20 10:00:00+00:00,1.1707,1.17106,1.1703999999999999,1.17081,1929
1787220900,2026-08-20 10:15:00+00:00,1.17081,1.171,1.17049,1.17089,1806
1787221800,2026-08-20 10:30:00+00:00,1.17089,1.1709,1.17023,1.17025,1809
1787222700,2026-08-20 10:45:00+00:00,1.17025,1.17028,1.16943,1.16971,2160
1787223600,2026-08-20 11:00:00+00:00,1.16971,1.16982,1.16903,1.16905,2039
1787224500,2026-08-20 11:15:00+00:00,1.16905,1.16968,1.16888,1.16913,1947
1787225400,2026-08-20 11:30:00+00:00,1.16913,1.16958,1.1687400000000001,1.16878,2620
1787226300,2026-08-20 11:45:00+00:00,1.16878,1.16882,1.16826,1.16846,3177
1787227200,2026-08-20 12:00:00+00:00,1.16846,1.16859,1.16778,1.16839,4484
1787228100,2026-08-20 12:15:00+00:00,1.16839,1.16901,1.16834,1.16864,3064
1787229000,2026-08-20 12:30:00+00:00,1.16866,1.16888,1.16788,1.16883,3791
1787229900,2026-08-20 12:45:00+00:00,1.16883,1.16903,1.16846,1.16886,2975
1787230800,2026-08-20 13:00:00+00:00,1.16886,1.16947,1.16867,1.16876,3752
1787231700,2026-08-20 13:15:00+00:00,1.16876,1.1690800000000001,1.16843,1.16869,3407
1787232600,2026-08-20 13:30:00+00:00,1.1687,1.16886,1.16815,1.16829,4367
1787233500,2026-08-20 13:45:00+00:00,1.16829,1.16837,1.16749,1.16753,3918
1787234400,2026-08-20 14:00:00+00:00,1.16753,1.16795,1.1672,1.16721,3772
1787235300,2026-08-20 14:15:00+00:00,1.16721,1.16809,1.16708,1.16788,3518
1787236200,2026-08-20 14:30:00+00:00,1.16788,1.16827,1.16788,1.16816,2822
1787237100,2026-08-20 14:45:00+00:00,1.16816,1.16852,1.16803,1.16829,3770
1787238000,2026-08-20 15:00:00+00:00,1.16829,1.16938,1.16775,1.16837,7832
1787238900,2026-08-20 15:15:00+00:00,1.16837,1.1684700000000001,1.16764,1.16843,4243
1787239800,2026-08-20 15:30:00+00:00,1.16843,1.16854,1.16723,1.16734,3543
1787240700,2026-08-20 15:45:00+00:00,1.16733,1.168,1.16723,1.1679,3373
1787241600,2026-08-20 16:00:00+00:00,1.16789,1.16801,1.16739,1.16745,2663
1787242500,2026-08-20 16:15:00+00:00,1.16745,1.16767,1.16723,1.16726,2302
1787243400,2026-08-20 16:30:00+00:00,1.16726,1.16732,1.16692,1.16703,2387
1787244300,2026-08-20 16:45:00+00:00,1.16703,1.16744,1.167,1.16732,2197
1787245200,2026-08-20 17:00:00+00:00,1.16732,1.16751,1.16705,1.16713,1796
1787246100,2026-08-20 17:15:00+00:00,1.16713,1.16736,1.167,1.1673499999999999,1577
1787247000,2026-08-20 17:30:00+00:00,1.1673499999999999,1.16742,1.16705,1.16723,1422
1787247900,2026-08-20 17:45:00+00:00,1.16722,1.16746,1.16718,1.16744,1083
1787248800,2026-08-20 18:00:00+00:00,1.16744,1.16759,1.16716,1.1672500000000001,1776
1787249700,2026-08-20 18:15:00+00:00,1.1672500000000001,1.16732,1.16707,1.16721,1185
1787250600,2026-08-20 18:30:00+00:00,1.16721,1.16749,1.1672,1.16737,972
1787251500,2026-08-20 18:45:00+00:00,1.16737,1.16765,1.1673499999999999,1.1676,1136
1787252400,2026-08-20 19:00:00+00:00,1.1676,1.16765,1.16732,1.16764,1277
1787253300,2026-08-20 19:15:00+00:00,1.16764,1.16775,1.16756,1.1676,1076
1787254200,2026-08-20 19:30:00+00:00,1.1676,1.16776,1.16751,1.16754,1105
1787255100,2026-08-20 19:45:00+00:00,1.16754,1.1678600000000001,1.16747,1.16779,1249
1787256000,2026-08-20 20:00:00+00:00,1.16779,1.16792,1.16765,1.16772,551
1787256900,2026-08-20 20:15:00+00:00,1.16772,1.16778,1.1676,1.16769,368
1787257800,2026-08-20 20:30:00+00:00,1.16769,1.16792,1.16769,1.16788,279
1787258700,2026-08-20 20:45:00+00:00,1.16788,1.16798,1.16778,1.16781,968
1787259600,2026-08-20 21:00:00+00:00,1.16781,1.16792,1.16765,1.16771,125
1787260500,2026-08-20 21:15:00+00:00,1.16771,1.16787,1.16767,1.1678600000000001,77
1787261400,2026-08-20 21:30:00+00:00,1.1678600000000001,1.16789,1.16778,1.16779,117
1787262300,2026-08-20 21:45:00+00:00,1.16779,1.16782,1.1677,1.16773,133
1787263200,2026-08-20 22:00:00+00:00,1.16773,1.1682299999999999,1.16773,1.16815,339
1787264100,2026-08-20 22:15:00+00:00,1.16815,1.1684,1.16808,1.16833,543
1787265000,2026-08-20 22:30:00+00:00,1.16833,1.16833,1.16818,1.16819,361
1787265900,2026-08-20 22:45:00+00:00,1.16819,1.16844,1.16819,1.16832,413
1787266800,2026-08-20 23:00:00+00:00,1.16832,1.16861,1.16832,1.16854,758
1787267700,2026-08-20 23:15:00+00:00,1.16855,1.16871,1.16852,1.16859,376
1787268600,2026-08-20 23:30:00+00:00,1.16858,1.16871,1.16843,1.16865,606
1787269500,2026-08-20 23:45:00+00:00,1.16865,1.1688,1.16858,1.16875,685
1787270400,2026-08-21 00:00:00+00:00,1.16875,1.16891,1.16843,1.16888,1681
1787271300,2026-08-21 00:15:00+00:00,1.16888,1.16897,1.16868,1.16879,1290
1787272200,2026-08-21 00:30:00+00:00,1.16879,1.16882,1.16839,1.1685,1159
1787273100,2026-08-21 00:45:00+00:00,1.1685,1.16863,1.1683,1.16832,1313
1787274000,2026-08-21 01:00:00+00:00,1.16832,1.1687400000000001,1.16829,1.16866,1867
1787274900,2026-08-21 01:15:00+00:00,1.16866,1.16912,1.16859,1.16909,1725
1787275800,2026-08-21 01:30:00+00:00,1.1690800000000001,1.1693,1.16885,1.1689,1459
1787276700,2026-08-21 01:45:00+00:00,1.16891,1.1690800000000001,1.1688,1.16904,1144
1787277600,2026-08-21 02:00:00+00:00,1.16904,1.16925,1.1688,1.16923,1114
1787278500,2026-08-21 02:15:00+00:00,1.16923,1.1696900000000001,1.1691,1.16947,1096
1787279400,2026-08-21 02:30:00+00:00,1.16947,1.16967,1.16943,1.16966,708
1787280300,2026-08-21 02:45:00+00:00,1.16966,1.17009,1.16958,1.16959,1161
1787281200,2026-08-21 03:00:00+00:00,1.1696,1.16984,1.1695,1.1697899999999999,1043
1787282100,2026-08-21 03:15:00+00:00,1.1697899999999999,1.16982,1.16947,1.16947,885
1787283000,2026-08-21 03:30:00+00:00,1.16947,1.16951,1.16917,1.16929,1004
1787283900,2026-08-21 03:45:00+00:00,1.1693,1.16946,1.16915,1.16942,891
1787284800,2026-08-21 04:00:00+00:00,1.16942,1.16954,1.16929,1.16938,1058
1787285700,2026-08-21 04:15:00+00:00,1.16938,1.16949,1.16923,1.16931,729
1787286600,2026-08-21 04:30:00+00:00,1.1693,1.16937,1.1691,1.16919,673
1787287500,2026-08-21 04:45:00+00:00,1.16919,1.16936,1.16911,1.16931,565
1787288400,2026-08-21 05:00:00+00:00,1.16931,1.16932,1.16911,1.16925,843
1787289300,2026-08-21 05:15:00+00:00,1.16925,1.16934,1.16907,1.16912,882
1787290200,2026-08-21 05:30:00+00:00,1.16912,1.16967,1.16902,1.16967,1147
1787291100,2026-08-21 05:45:00+00:00,1.16967,1.16994,1.16955,1.1697899999999999,1503
1787292000,2026-08-21 06:00:00+00:00,1.1697899999999999,1.16985,1.16917,1.16921,1876
1787292900,2026-08-21 06:15:00+00:00,1.16921,1.16949,1.16902,1.1692,1542
1787293800,2026-08-21 06:30:00+00:00,1.1692,1.16964,1.1691799999999999,1.16938,1625
1787294700,2026-08-21 06:45:00+00:00,1.16939,1.16981,1.1691799999999999,1.1698,1612
1787295600,2026-08-21 07:00:00+00:00,1.1698,1.17004,1.16943,1.16967,2029
1787296500,2026-08-21 07:15:00+00:00,1.16967,1.16994,1.16919,1.16934,2076
1787297400,2026-08-21 07:30:00+00:00,1.16934,1.16965,1.16892,1.16899,2283
1787298300,2026-08-21 07:45:00+00:00,1.16898,1.1691,1.16867,1.16907,2073
1787299200,2026-08-21 08:00:00+00:00,1.16907,1.16955,1.16891,1.1694499999999999,1589
1787300100,2026-08-21 08:15:00+00:00,1.1694499999999999,1.16967,1.16915,1.16957,2404
1787301000,2026-08-21 08:30:00+00:00,1.16957,1.1705,1.16949,1.17041,2259
1787301900,2026-08-21 08:45:00+00:00,1.17041,1.17064,1.17017,1.17052,2491
1787302800,2026-08-21 09:00:00+00:00,1.17052,1.17115,1.17025,1.17094,2905
1787303700,2026-08-21 09:15:00+00:00,1.17094,1.17114,1.17028,1.17047,1904
1787304600,2026-08-21 09:30:00+00:00,1.17047,1.17078,1.17037,1.17046,1561
1787305500,2026-08-21 09:45:00+00:00,1.17046,1.17048,1.17001,1.17002,1416
1787306400,2026-08-21 10:00:00+00:00,1.17003,1.1703999999999999,1.1699,1.17027,1694
1787307300,2026-08-21 10:15:00+00:00,1.17027,1.17087,1.1702,1.17084,1596
1787308200,2026-08-21 10:30:00+00:00,1.17084,1.17108,1.17066,1.17073,1395
1787309100,2026-08-21 10:45:00+00:00,1.17073,1.17079,1.17003,1.17019,1706
1787310000,2026-08-21 11:00:00+00:00,1.1702,1.17046,1.17001,1.1703999999999999,1718
1787310900,2026-08-21 11:15:00+00:00,1.17041,1.17098,1.17033,1.17088,2827
1787311800,2026-08-21 11:30:00+00:00,1.17087,1.17094,1.16967,1.1699,2879
1787312700,2026-08-21 11:45:00+00:00,1.16991,1.17008,1.16962,1.17007,1628
1787313600,2026-08-21 12:00:00+00:00,1.17007,1.17031,1.16971,1.16974,2367
1787314500,2026-08-21 12:15:00+00:00,1.16974,1.16996,1.16946,1.16946,2614
1787315400,2026-08-21 12:30:00+00:00,1.16946,1.16947,1.16851,1.16899,2863
1787316300,2026-08-21 12:45:00+00:00,1.16899,1.1691,1.1687400000000001,1.16905,2275
1787317200,2026-08-21 13:00:00+00:00,1.16905,1.16912,1.16841,1.16872,2598
1787318100,2026-08-21 13:15:00+00:00,1.16872,1.16882,1.16808,1.1684,2986
1787319000,2026-08-21 13:30:00+00:00,1.1684,1.16843,1.16787,1.16829,2826
1787319900,2026-08-21 13:45:00+00:00,1.16829,1.16856,1.1679599999999999,1.16833,2795
1787320800,2026-08-21 14:00:00+00:00,1.16833,1.16833,1.16766,1.16788,2723
1787321700,2026-08-21 14:15:00+00:00,1.16788,1.1681,1.16727,1.16728,2151
1787322600,2026-08-21 14:30:00+00:00,1.16727,1.16745,1.16688,1.1672,3012
1787323500,2026-08-21 14:45:00+00:00,1.1672,1.16776,1.16698,1.16731,3014
1787324400,2026-08-21 15:00:00+00:00,1.1673,1.16763,1.16708,1.16744,3044
1787325300,2026-08-21 15:15:00+00:00,1.16745,1.16774,1.16724,1.16763,2087
1787326200,2026-08-21 15:30:00+00:00,1.16764,1.16806,1.16753,1.16804,1972
1787327100,2026-08-21 15:45:00+00:00,1.16805,1.16839,1.16791,1.16832,1402
1787328000,2026-08-21 16:00:00+00:00,1.16832,1.16844,1.16797,1.16826,1436
1787328900,2026-08-21 16:15:00+00:00,1.16826,1.16875,1.16807,1.16832,2041
1787329800,2026-08-21 16:30:00+00:00,1.16833,1.16844,1.16807,1.16818,1279
1787330700,2026-08-21 16:45:00+00:00,1.16818,1.16835,1.16812,1.16817,1304
1787331600,2026-08-21 17:00:00+00:00,1.16817,1.16819,1.16772,1.16783,1381
1787332500,2026-08-21 17:15:00+00:00,1.16783,1.16819,1.16776,1.16811,1128
1787333400,2026-08-21 17:30:00+00:00,1.16811,1.16829,1.16801,1.16804,1092
1787334300,2026-08-21 17:45:00+00:00,1.16803,1.1681,1.16789,1.16803,757
1787335200,2026-08-21 18:00:00+00:00,1.16803,1.16841,1.16803,1.16811,831
1787336100,2026-08-21 18:15:00+00:00,1.16811,1.16828,1.16801,1.1682299999999999,837
1787337000,2026-08-21 18:30:00+00:00,1.1682299999999999,1.16832,1.16809,1.16828,646
1787337900,2026-08-21 18:45:00+00:00,1.16828,1.16834,1.16801,1.16828,595
1787338800,2026-08-21 19:00:00+00:00,1.16829,1.16832,1.16793,1.16802,799
1787339700,2026-08-21 19:15:00+00:00,1.16802,1.16802,1.16782,1.16787,527
1787340600,2026-08-21 19:30:00+00:00,1.16787,1.168,1.16778,1.16791,595
1787341500,2026-08-21 19:45:00+00:00,1.16791,1.16814,1.16776,1.16788,832
1787342400,2026-08-21 20:00:00+00:00,1.16788,1.16792,1.16773,1.16787,865
1787343300,2026-08-21 20:15:00+00:00,1.16787,1.16792,1.16758,1.16759,706
1787344200,2026-08-21 20:30:00+00:00,1.16759,1.1676199999999999,1.16741,1.16755,719
1787345100,2026-08-21 20:45:00+00:00,1.16755,1.16777,1.16749,1.1675,2411
1787518800,2026-08-23 21:00:00+00:00,1.16758,1.16768,1.16757,1.16764,28
1787519700,2026-08-23 21:15:00+00:00,1.16764,1.16785,1.16763,1.16784,51
1787520600,2026-08-23 21:30:00+00:00,1.16784,1.16784,1.16775,1.16777,36
1787521500,2026-08-23 21:45:00+00:00,1.16777,1.16778,1.16771,1.16778,26
1787522400,2026-08-23 22:00:00+00:00,1.16778,1.16795,1.16727,1.16788,959
1787523300,2026-08-23 22:15:00+00:00,1.16788,1.16791,1.16777,1.16788,685
1787524200,2026-08-23 22:30:00+00:00,1.16788,1.16798,1.16754,1.16761,704
1787525100,2026-08-23 22:45:00+00:00,1.1676199999999999,1.1676199999999999,1.1675200000000001,1.16756,263
1787526000,2026-08-23 23:00:00+00:00,1.16756,1.16768,1.16747,1.16756,492
1787526900,2026-08-23 23:15:00+00:00,1.16755,1.16763,1.16747,1.16758,352
1787527800,2026-08-23 23:30:00+00:00,1.16758,1.16764,1.16751,1.16761,455
1787528700,2026-08-23 23:45:00+00:00,1.16761,1.16825,1.16758,1.16825,845
1787529600,2026-08-24 00:00:00+00:00,1.16825,1.16864,1.16821,1.16853,1745
1787530500,2026-08-24 00:15:00+00:00,1.16853,1.16873,1.16836,1.16839,1502
1787531400,2026-08-24 00:30:00+00:00,1.16838,1.16846,1.16822,1.16836,1449
1787532300,2026-08-24 00:45:00+00:00,1.16836,1.1685699999999999,1.1682299999999999,1.16852,1585
1787533200,2026-08-24 01:00:00+00:00,1.16852,1.16864,1.16808,1.16811,2160
1787534100,2026-08-24 01:15:00+00:00,1.16811,1.16812,1.1677,1.16773,1939
1787535000,2026-08-24 01:30:00+00:00,1.16773,1.16787,1.16766,1.16785,1202
1787535900,2026-08-24 01:45:00+00:00,1.16785,1.1682299999999999,1.16783,1.16817,1338
1787536800,2026-08-24 02:00:00+00:00,1.16817,1.16843,1.16806,1.16838,1476
1787537700,2026-08-24 02:15:00+00:00,1.16838,1.16849,1.16822,1.16822,1165
1787538600,2026-08-24 02:30:00+00:00,1.16822,1.16824,1.16802,1.1681300000000001,709
1787539500,2026-08-24 02:45:00+00:00,1.1681300000000001,1.1683,1.16795,1.1682,1102
1787540400,2026-08-24 03:00:00+00:00,1.1682,1.16822,1.16791,1.1681,1327
1787541300,2026-08-24 03:15:00+00:00,1.1681,1.16819,1.168,1.16811,895
1787542200,2026-08-24 03:30:00+00:00,1.16811,1.16816,1.1679599999999999,1.1679599999999999,921
1787543100,2026-08-24 03:45:00+00:00,1.1679599999999999,1.16804,1.16781,1.16798,798
1787544000,2026-08-24 04:00:00+00:00,1.16798,1.16801,1.16754,1.16776,1189
1787544900,2026-08-24 04:15:00+00:00,1.16776,1.16816,1.16766,1.16807,1009
1787545800,2026-08-24 04:30:00+00:00,1.16807,1.16811,1.16798,1.16805,985
1787546700,2026-08-24 04:45:00+00:00,1.16805,1.16829,1.16798,1.16827,1100
1787547600,2026-08-24 05:00:00+00:00,1.16829,1.1683,1.16798,1.16803,989
1787548500,2026-08-24 05:15:00+00:00,1.16803,1.1682,1.16784,1.16791,1055
1787549400,2026-08-24 05:30:00+00:00,1.16791,1.16798,1.1676,1.16761,1040
1787550300,2026-08-24 05:45:00+00:00,1.16761,1.1681300000000001,1.1676,1.16805,987
1787551200,2026-08-24 06:00:00+00:00,1.16806,1.16809,1.16767,1.16785,2053
1787552100,2026-08-24 06:15:00+00:00,1.1678600000000001,1.16791,1.1674,1.16749,2261
1787553000,2026-08-24 06:30:00+00:00,1.1675,1.1678600000000001,1.16745,1.16772,1703
1787553900,2026-08-24 06:45:00+00:00,1.16772,1.16802,1.16755,1.16775,2085
1787554800,2026-08-24 07:00:00+00:00,1.16776,1.16806,1.16728,1.16733,2836
1787555700,2026-08-24 07:15:00+00:00,1.16734,1.16759,1.16707,1.16757,2366
1787556600,2026-08-24 07:30:00+00:00,1.16757,1.16768,1.16659,1.16661,2693
1787557500,2026-08-24 07:45:00+00:00,1.16661,1.16697,1.16647,1.16672,2465
1787558400,2026-08-24 08:00:00+00:00,1.16672,1.16685,1.16633,1.16637,3225
1787559300,2026-08-24 08:15:00+00:00,1.16636,1.16654,1.16607,1.16607,2472
1787560200,2026-08-24 08:30:00+00:00,1.16607,1.1667,1.16605,1.16657,1940
1787561100,2026-08-24 08:45:00+00:00,1.16657,1.1667399999999999,1.16624,1.16632,1752
1787562000,2026-08-24 09:00:00+00:00,1.16633,1.16671,1.16612,1.1663000000000001,2001
1787562900,2026-08-24 09:15:00+00:00,1.1663000000000001,1.16637,1.16611,1.1663000000000001,1395
1787563800,2026-08-24 09:30:00+00:00,1.1663000000000001,1.16645,1.1660300000000001,1.16626,1183
1787564700,2026-08-24 09:45:00+00:00,1.16625,1.16657,1.16625,1.16644,1456
1787565600,2026-08-24 10:00:00+00:00,1.16644,1.16666,1.16638,1.16655,1595
1787566500,2026-08-24 10:15:00+00:00,1.16655,1.16669,1.16644,1.16657,1283
1787567400,2026-08-24 10:30:00+00:00,1.16656,1.16663,1.16622,1.16631,1435
1787568300,2026-08-24 10:45:00+00:00,1.16631,1.16669,1.16619,1.16642,1490
1787569200,2026-08-24 11:00:00+00:00,1.16642,1.16656,1.16628,1.16642,1595
1787570100,2026-08-24 11:15:00+00:00,1.16642,1.16681,1.1663000000000001,1.16672,1463
1787571000,2026-08-24 11:30:00+00:00,1.16673,1.16737,1.16649,1.16658,3726
1787571900,2026-08-24 11:45:00+00:00,1.16658,1.16684,1.16642,1.16668,2021
1787572800,2026-08-24 12:00:00+00:00,1.16668,1.16673,1.16619,1.16649,2468
1787573700,2026-08-24 12:15:00+00:00,1.16649,1.1673499999999999,1.16642,1.16732,2649
1787574600,2026-08-24 12:30:00+00:00,1.16732,1.16738,1.16645,1.16685,3242
1787575500,2026-08-24 12:45:00+00:00,1.16685,1.16715,1.16666,1.16694,2558
1787576400,2026-08-24 13:00:00+00:00,1.16694,1.16736,1.16682,1.16732,2544
1787577300,2026-08-24 13:15:00+00:00,1.16732,1.16748,1.16698,1.1670099999999999,2444
1787578200,2026-08-24 13:30:00+00:00,1.1670099999999999,1.1672500000000001,1.16665,1.16669,3165
1787579100,2026-08-24 13:45:00+00:00,1.16669,1.167,1.16636,1.16651,3731
1787580000,2026-08-24 14:00:00+00:00,1.16651,1.16688,1.1663000000000001,1.16678,3396
1787580900,2026-08-24 14:15:00+00:00,1.16678,1.16717,1.16643,1.16711,2820
1787581800,2026-08-24 14:30:00+00:00,1.16712,1.16721,1.16653,1.16676,2104
1787582700,2026-08-24 14:45:00+00:00,1.16676,1.16704,1.16641,1.16655,2930
1787583600,2026-08-24 15:00:00+00:00,1.16655,1.16693,1.1665,1.16678,2233
1787584500,2026-08-24 15:15:00+00:00,1.16678,1.1672500000000001,1.16666,1.1671,2741
1787585400,2026-08-24 15:30:00+00:00,1.1671,1.16716,1.16676,1.16681,1890
1787586300,2026-08-24 15:45:00+00:00,1.16681,1.16692,1.16638,1.16645,1627
1787587200,2026-08-24 16:00:00+00:00,1.16645,1.16697,1.16628,1.16673,2990
1787588100,2026-08-24 16:15:00+00:00,1.16673,1.16685,1.16656,1.16662,1172
1787589000,2026-08-24 16:30:00+00:00,1.16662,1.16683,1.16651,1.16661,1147
1787589900,2026-08-24 16:45:00+00:00,1.16661,1.1666400000000001,1.16629,1.16648,1158
1787590800,2026-08-24 17:00:00+00:00,1.16649,1.16668,1.16617,1.16626,2734
1787591700,2026-08-24 17:15:00+00:00,1.16627,1.16636,1.16566,1.16585,2512
1787592600,2026-08-24 17:30:00+00:00,1.16586,1.16604,1.16576,1.16577,1240
1787593500,2026-08-24 17:45:00+00:00,1.16577,1.16595,1.16552,1.16593,1337
1787594400,2026-08-24 18:00:00+00:00,1.16593,1.16604,1.16572,1.16597,1248
1787595300,2026-08-24 18:15:00+00:00,1.16597,1.16653,1.16593,1.16649,1597
1787596200,2026-08-24 18:30:00+00:00,1.16649,1.16654,1.16612,1.16627,926
1787597100,2026-08-24 18:45:00+00:00,1.16627,1.16646,1.16616,1.1663999999999999,1499
1787598000,2026-08-24 19:00:00+00:00,1.1663999999999999,1.1663999999999999,1.16612,1.16618,631
1787598900,2026-08-24 19:15:00+00:00,1.16618,1.16621,1.16595,1.16597,690
1787599800,2026-08-24 19:30:00+00:00,1.16596,1.16618,1.16593,1.16617,781
1787600700,2026-08-24 19:45:00+00:00,1.16616,1.16634,1.16606,1.16614,924
1787601600,2026-08-24 20:00:00+00:00,1.16614,1.16633,1.16604,1.1663000000000001,550
1787602500,2026-08-24 20:15:00+00:00,1.1663000000000001,1.16638,1.16628,1.16635,309
1787603400,2026-08-24 20:30:00+00:00,1.16635,1.16638,1.16624,1.16626,300
1787604300,2026-08-24 20:45:00+00:00,1.16626,1.16645,1.16626,1.16635,679
1787605200,2026-08-24 21:00:00+00:00,1.16627,1.16631,1.16557,1.16619,437
1787606100,2026-08-24 21:15:00+00:00,1.16619,1.16643,1.16617,1.16641,262
1787607000,2026-08-24 21:30:00+00:00,1.16641,1.16648,1.16633,1.16646,58
1787607900,2026-08-24 21:45:00+00:00,1.16646,1.16657,1.16638,1.16641,62
1787608800,2026-08-24 22:00:00+00:00,1.16641,1.16651,1.16633,1.16646,431
1787609700,2026-08-24 22:15:00+00:00,1.16645,1.16652,1.1663999999999999,1.16641,228
1787610600,2026-08-24 22:30:00+00:00,1.16641,1.16649,1.16641,1.16647,274
1787611500,2026-08-24 22:45:00+00:00,1.16647,1.16651,1.16644,1.16644,211
1787612400,2026-08-24 23:00:00+00:00,1.16644,1.16655,1.16644,1.1665,236
1787613300,2026-08-24 23:15:00+00:00,1.1665,1.16658,1.16645,1.16645,177
1787614200,2026-08-24 23:30:00+00:00,1.16645,1.16651,1.16641,1.16651,390
1787615100,2026-08-24 23:45:00+00:00,1.16651,1.16686,1.1665,1.16679,693
1787616000,2026-08-25 00:00:00+00:00,1.16679,1.1671,1.16676,1.16705,1450
1787616900,2026-08-25 00:15:00+00:00,1.16705,1.16705,1.16678,1.16692,1401
1787617800,2026-08-25 00:30:00+00:00,1.16692,1.16702,1.1668,1.16695,1575
1787618700,2026-08-25 00:45:00+00:00,1.16695,1.16699,1.16672,1.16687,1806
1787619600,2026-08-25 01:00:00+00:00,1.16688,1.16688,1.16659,1.16672,1688
1787620500,2026-08-25 01:15:00+00:00,1.16672,1.16673,1.16637,1.16666,950
1787621400,2026-08-25 01:30:00+00:00,1.16666,1.16669,1.1663999999999999,1.16653,1239
1787622300,2026-08-25 01:45:00+00:00,1.16653,1.16653,1.16619,1.1663000000000001,1112
1787623200,2026-08-25 02:00:00+00:00,1.16631,1.16641,1.16615,1.16628,1426
1787624100,2026-08-25 02:15:00+00:00,1.16628,1.16648,1.16627,1.16646,1097
1787625000,2026-08-25 02:30:00+00:00,1.16647,1.16647,1.1662,1.16628,1323
1787625900,2026-08-25 02:45:00+00:00,1.16628,1.16636,1.16588,1.16605,1390
1787626800,2026-08-25 03:00:00+00:00,1.16605,1.16624,1.16602,1.16608,1302
1787627700,2026-08-25 03:15:00+00:00,1.16608,1.16617,1.16587,1.16591,834
1787628600,2026-08-25 03:30:00+00:00,1.16591,1.16609,1.16586,1.16601,517
1787629500,2026-08-25 03:45:00+00:00,1.16601,1.16609,1.16592,1.16604,487
1787630400,2026-08-25 04:00:00+00:00,1.16604,1.16605,1.16557,1.16577,866
1787631300,2026-08-25 04:15:00+00:00,1.16577,1.16577,1.16557,1.16559,593
1787632200,2026-08-25 04:30:00+00:00,1.16559,1.16567,1.16553,1.16561,1169
1787633100,2026-08-25 04:45:00+00:00,1.16562,1.16564,1.16549,1.16557,1202
1787634000,2026-08-25 05:00:00+00:00,1.16558,1.16568,1.16547,1.16557,1327
1787634900,2026-08-25 05:15:00+00:00,1.16557,1.16568,1.16547,1.16565,890
1787635800,2026-08-25 05:30:00+00:00,1.16564,1.16568,1.16546,1.16547,1004
1787636700,2026-08-25 05:45:00+00:00,1.16547,1.16562,1.16531,1.16537,1331
1787637600,2026-08-25 06:00:00+00:00,1.16537,1.16574,1.16531,1.16573,1644
1787638500,2026-08-25 06:15:00+00:00,1.16573,1.16581,1.1656,1.16577,1396
1787639400,2026-08-25 06:30:00+00:00,1.16577,1.16591,1.16534,1.16537,1632
1787640300,2026-08-25 06:45:00+00:00,1.16536,1.1654200000000001,1.1651,1.16527,1649
1787641200,2026-08-25 07:00:00+00:00,1.16527,1.16593,1.16526,1.16589,1916
1787642100,2026-08-25 07:15:00+00:00,1.16589,1.1663000000000001,1.16584,1.16586,1418
1787643000,2026-08-25 07:30:00+00:00,1.16586,1.16593,1.1656900000000001,1.16575,1506
1787643900,2026-08-25 07:45:00+00:00,1.16575,1.16604,1.16561,1.16587,1379
1787644800,2026-08-25 08:00:00+00:00,1.16587,1.1662,1.16575,1.16587,2111
1787645700,2026-08-25 08:15:00+00:00,1.16587,1.16652,1.16582,1.16621,3143
1787646600,2026-08-25 08:30:00+00:00,1.16621,1.16661,1.16612,1.16655,1917
1787647500,2026-08-25 08:45:00+00:00,1.16655,1.16678,1.16639,1.1667399999999999,1916
1787648400,2026-08-25 09:00:00+00:00,1.1667399999999999,1.16739,1.1666,1.16728,1952
1787649300,2026-08-25 09:15:00+00:00,1.16728,1.16729,1.16663,1.16667,1551
1787650200,2026-08-25 09:30:00+00:00,1.16668,1.16731,1.1666400000000001,1.16679,2291
1787651100,2026-08-25 09:45:00+00:00,1.16679,1.16715,1.16677,1.1668,1705
1787652000,2026-08-25 10:00:00+00:00,1.1668,1.16685,1.16641,1.16644,1435
1787652900,2026-08-25 10:15:00+00:00,1.16644,1.16658,1.166,1.1660300000000001,1523
1787653800,2026-08-25 10:30:00+00:00,1.1660300000000001,1.16647,1.16592,1.16628,1262
1787654700,2026-08-25 10:45:00+00:00,1.16628,1.16634,1.16599,1.16624,1299
1787655600,2026-08-25 11:00:00+00:00,1.16624,1.16634,1.16594,1.16607,1630
1787656500,2026-08-25 11:15:00+00:00,1.16607,1.16627,1.16584,1.16619,1431
1787657400,2026-08-25 11:30:00+00:00,1.16619,1.16632,1.16598,1.16602,1318
1787658300,2026-08-25 11:45:00+00:00,1.16602,1.16648,1.16591,1.16597,1908
1787659200,2026-08-25 12:00:00+00:00,1.16598,1.16645,1.16596,1.16632,2155
1787660100,2026-08-25 12:15:00+00:00,1.16632,1.16642,1.16616,1.16642,1789
1787661000,2026-08-25 12:30:00+00:00,1.16642,1.16649,1.1661299999999999,1.16642,1723
1787661900,2026-08-25 12:45:00+00:00,1.16642,1.16665,1.16628,1.16663,2166
1787662800,2026-08-25 13:00:00+00:00,1.16663,1.16754,1.16642,1.16718,2830
1787663700,2026-08-25 13:15:00+00:00,1.16718,1.16733,1.16686,1.16718,2130
1787664600,2026-08-25 13:30:00+00:00,1.16719,1.16748,1.1668,1.1670099999999999,2798
1787665500,2026-08-25 13:45:00+00:00,1.1670099999999999,1.16744,1.16685,1.16739,2265
1787666400,2026-08-25 14:00:00+00:00,1.16739,1.16748,1.16684,1.16731,3021
1787667300,2026-08-25 14:15:00+00:00,1.16731,1.16742,1.16685,1.16708,2725
1787668200,2026-08-25 14:30:00+00:00,1.16708,1.1672,1.16661,1.16702,3229
1787669100,2026-08-25 14:45:00+00:00,1.1670099999999999,1.16744,1.1666400000000001,1.16696,3183
1787670000,2026-08-25 15:00:00+00:00,1.16696,1.16715,1.16671,1.16707,2499
1787670900,2026-08-25 15:15:00+00:00,1.16707,1.16726,1.1669100000000001,1.16693,2004
1787671800,2026-08-25 15:30:00+00:00,1.16693,1.16757,1.16692,1.16723,2888
1787672700,2026-08-25 15:45:00+00:00,1.16723,1.16749,1.16709,1.1673,1981
1787673600,2026-08-25 16:00:00+00:00,1.1673,1.1674,1.16697,1.16702,1571
1787674500,2026-08-25 16:15:00+00:00,1.1670099999999999,1.16702,1.16679,1.16693,1123
1787675400,2026-08-25 16:30:00+00:00,1.16694,1.16719,1.16693,1.16707,1081
1787676300,2026-08-25 16:45:00+00:00,1.16707,1.1672,1.16692,1.16714,1041
1787677200,2026-08-25 17:00:00+00:00,1.16714,1.16726,1.1669,1.1670099999999999,1587
1787678100,2026-08-25 17:15:00+00:00,1.1670099999999999,1.16718,1.16692,1.16707,1173
1787679000,2026-08-25 17:30:00+00:00,1.16707,1.16728,1.16697,1.16712,1046
1787679900,2026-08-25 17:45:00+00:00,1.16712,1.16746,1.16711,1.16743,943
1787680800,2026-08-25 18:00:00+00:00,1.16743,1.16753,1.16717,1.16738,1174
1787681700,2026-08-25 18:15:00+00:00,1.16738,1.16744,1.16727,1.16739,847
1787682600,2026-08-25 18:30:00+00:00,1.16739,1.16747,1.16731,1.16737,624
1787683500,2026-08-25 18:45:00+00:00,1.16737,1.16748,1.16728,1.16742,896
1787684400,2026-08-25 19:00:00+00:00,1.16741,1.16771,1.16736,1.16767,1047
1787685300,2026-08-25 19:15:00+00:00,1.16767,1.16791,1.16736,1.16737,1361
1787686200,2026-08-25 19:30:00+00:00,1.16736,1.16737,1.16687,1.16702,1435
1787687100,2026-08-25 19:45:00+00:00,1.16702,1.16774,1.1670099999999999,1.16763,1867
1787688000,2026-08-25 20:00:00+00:00,1.16763,1.16797,1.1675,1.16778,861
1787688900,2026-08-25 20:15:00+00:00,1.16779,1.16787,1.16751,1.16766,633
1787689800,2026-08-25 20:30:00+00:00,1.16766,1.16773,1.16742,1.16747,519
1787690700,2026-08-25 20:45:00+00:00,1.16747,1.16758,1.16732,1.16734,457
1787691600,2026-08-25 21:00:00+00:00,1.16734,1.16751,1.16705,1.16727,291
1787692500,2026-08-25 21:15:00+00:00,1.16727,1.16743,1.16724,1.16741,49
1787693400,2026-08-25 21:30:00+00:00,1.16741,1.16775,1.16739,1.1677,83
1787694300,2026-08-25 21:45:00+00:00,1.1677,1.1677,1.1672500000000001,1.16727,81
1787695200,2026-08-25 22:00:00+00:00,1.16727,1.16757,1.16726,1.16745,341
1787696100,2026-08-25 22:15:00+00:00,1.16745,1.1676199999999999,1.16744,1.16753,360
1787697000,2026-08-25 22:30:00+00:00,1.16753,1.16768,1.16745,1.16767,224
1787697900,2026-08-25 22:45:00+00:00,1.16767,1.16769,1.16763,1.16767,213
1787698800,2026-08-25 23:00:00+00:00,1.16767,1.1677,1.1675,1.16754,292
1787699700,2026-08-25 23:15:00+00:00,1.16754,1.1676,1.16739,1.16743,211
1787700600,2026-08-25 23:30:00+00:00,1.16743,1.16745,1.1672500000000001,1.16733,232
1787701500,2026-08-25 23:45:00+00:00,1.16733,1.16745,1.16731,1.16743,601
1787702400,2026-08-26 00:00:00+00:00,1.16743,1.16751,1.16728,1.16747,921
1787703300,2026-08-26 00:15:00+00:00,1.16747,1.16756,1.16732,1.1673499999999999,755
1787704200,2026-08-26 00:30:00+00:00,1.1673499999999999,1.16748,1.16711,1.16736,718
1787705100,2026-08-26 00:45:00+00:00,1.1673499999999999,1.1675200000000001,1.16723,1.16726,966
1787706000,2026-08-26 01:00:00+00:00,1.16726,1.16742,1.16705,1.16708,1529
1787706900,2026-08-26 01:15:00+00:00,1.16708,1.16724,1.167,1.16703,860
1787707800,2026-08-26 01:30:00+00:00,1.16704,1.16722,1.16688,1.16697,1515
1787708700,2026-08-26 01:45:00+00:00,1.16697,1.16719,1.1669100000000001,1.16702,1253
1787709600,2026-08-26 02:00:00+00:00,1.16702,1.16729,1.1670099999999999,1.16726,1029
1787710500,2026-08-26 02:15:00+00:00,1.16728,1.16728,1.16682,1.1669,1126
1787711400,2026-08-26 02:30:00+00:00,1.1669100000000001,1.16706,1.16681,1.16702,856
1787712300,2026-08-26 02:45:00+00:00,1.16702,1.16704,1.16668,1.16675,640
1787713200,2026-08-26 03:00:00+00:00,1.16676,1.16685,1.16661,1.16665,893
1787714100,2026-08-26 03:15:00+00:00,1.16665,1.16683,1.16655,1.16662,785
1787715000,2026-08-26 03:30:00+00:00,1.16662,1.1666400000000001,1.16638,1.16661,856
1787715900,2026-08-26 03:45:00+00:00,1.16661,1.16661,1.1663999999999999,1.16646,440
1787716800,2026-08-26 04:00:00+00:00,1.16646,1.16649,1.16639,1.1663999999999999,303
1787717700,2026-08-26 04:15:00+00:00,1.1663999999999999,1.16648,1.16625,1.1663999999999999,685
1787718600,2026-08-26 04:30:00+00:00,1.1663999999999999,1.16648,1.16619,1.16622,616
1787719500,2026-08-26 04:45:00+00:00,1.16622,1.16625,1.16605,1.1662,786
1787720400,2026-08-26 05:00:00+00:00,1.16621,1.16627,1.16606,1.16611,725
1787721300,2026-08-26 05:15:00+00:00,1.16611,1.1665,1.16611,1.16642,663
1787722200,2026-08-26 05:30:00+00:00,1.16642,1.16669,1.16642,1.16657,620
1787723100,2026-08-26 05:45:00+00:00,1.16657,1.16665,1.16637,1.16643,670
1787724000,2026-08-26 06:00:00+00:00,1.16643,1.16649,1.16618,1.16623,1428
1787724900,2026-08-26 06:15:00+00:00,1.16623,1.1665,1.16617,1.16617,1698
1787725800,2026-08-26 06:30:00+00:00,1.16618,1.1663999999999999,1.16598,1.16638,1275
1787726700,2026-08-26 06:45:00+00:00,1.16638,1.16675,1.16637,1.16669,1236
1787727600,2026-08-26 07:00:00+00:00,1.16669,1.16708,1.16669,1.16689,1602
1787728500,2026-08-26 07:15:00+00:00,1.16689,1.16714,1.16687,1.16696,1344
1787729400,2026-08-26 07:30:00+00:00,1.16697,1.16731,1.16696,1.16704,1318
1787730300,2026-08-26 07:45:00+00:00,1.16704,1.16717,1.16677,1.1671,1501
1787731200,2026-08-26 08:00:00+00:00,1.16709,1.16753,1.167,1.16748,1667
1787732100,2026-08-26 08:15:00+00:00,1.16748,1.16769,1.16742,1.16768,1204
1787733000,2026-08-26 08:30:00+00:00,1.16767,1.16768,1.16717,1.16736,1332
1787733900,2026-08-26 08:45:00+00:00,1.16736,1.16743,1.16695,1.16711,1423
1787734800,2026-08-26 09:00:00+00:00,1.16711,1.16713,1.1666400000000001,1.16665,1414
1787735700,2026-08-26 09:15:00+00:00,1.16665,1.16675,1.16636,1.16641,1107
1787736600,2026-08-26 09:30:00+00:00,1.16641,1.16673,1.16641,1.1666400000000001,967
1787737500,2026-08-26 09:45:00+00:00,1.16663,1.16693,1.16657,1.16662,1343
1787738400,2026-08-26 10:00:00+00:00,1.16662,1.16663,1.16645,1.16652,1216
1787739300,2026-08-26 10:15:00+00:00,1.16652,1.1666,1.16622,1.16634,1490
1787740200,2026-08-26 10:30:00+00:00,1.16634,1.16657,1.16629,1.16648,1088
1787741100,2026-08-26 10:45:00+00:00,1.16648,1.1665,1.1661,1.16618,1202
1787742000,2026-08-26 11:00:00+00:00,1.16619,1.16659,1.16618,1.16656,1319
1787742900,2026-08-26 11:15:00+00:00,1.16656,1.16656,1.1660300000000001,1.16622,1556
1787743800,2026-08-26 11:30:00+00:00,1.16622,1.16658,1.16618,1.16654,1358
1787744700,2026-08-26 11:45:00+00:00,1.16654,1.16693,1.16648,1.1669,1262
1787745600,2026-08-26 12:00:00+00:00,1.1669,1.16733,1.16681,1.16727,1714
1787746500,2026-08-26 12:15:00+00:00,1.16727,1.16747,1.16705,1.1672,1834
1787747400,2026-08-26 12:30:00+00:00,1.1672,1.16751,1.16625,1.16634,4237
1787748300,2026-08-26 12:45:00+00:00,1.16635,1.16654,1.16556,1.16559,3380
1787749200,2026-08-26 13:00:00+00:00,1.16559,1.16574,1.16516,1.16566,3104
1787750100,2026-08-26 13:15:00+00:00,1.16566,1.1657899999999999,1.16536,1.16572,2273
1787751000,2026-08-26 13:30:00+00:00,1.16572,1.16589,1.1653,1.16554,2953
1787751900,2026-08-26 13:45:00+00:00,1.16554,1.16574,1.16524,1.16526,2624
1787752800,2026-08-26 14:00:00+00:00,1.16526,1.16533,1.1648,1.16507,3201
1787753700,2026-08-26 14:15:00+00:00,1.16506,1.16509,1.16426,1.16428,2662
1787754600,2026-08-26 14:30:00+00:00,1.16429,1.16503,1.1642000000000001,1.16482,2328
1787755500,2026-08-26 14:45:00+00:00,1.16482,1.1648399999999999,1.16443,1.1645,2697
1787756400,2026-08-26 15:00:00+00:00,1.1645,1.16526,1.16448,1.16498,2144
1787757300,2026-08-26 15:15:00+00:00,1.16498,1.16519,1.16488,1.16519,1705
1787758200,2026-08-26 15:30:00+00:00,1.16519,1.16544,1.16501,1.16524,1447
1787759100,2026-08-26 15:45:00+00:00,1.16524,1.16543,1.16477,1.16504,2884
1787760000,2026-08-26 16:00:00+00:00,1.16504,1.16534,1.1649,1.16528,1846
1787760900,2026-08-26 16:15:00+00:00,1.16528,1.16544,1.1652,1.16525,1239
1787761800,2026-08-26 16:30:00+00:00,1.16525,1.16536,1.16491,1.16505,1291
1787762700,2026-08-26 16:45:00+00:00,1.16506,1.16531,1.1649,1.16497,1433
1787763600,2026-08-26 17:00:00+00:00,1.16497,1.16517,1.16486,1.16506,1381
1787764500,2026-08-26 17:15:00+00:00,1.16507,1.16533,1.16497,1.16531,1030
1787765400,2026-08-26 17:30:00+00:00,1.16531,1.16544,1.16524,1.16533,815
1787766300,2026-08-26 17:45:00+00:00,1.16532,1.16533,1.16505,1.16528,951
1787767200,2026-08-26 18:00:00+00:00,1.16528,1.16543,1.16509,1.16536,790
1787768100,2026-08-26 18:15:00+00:00,1.16536,1.1654200000000001,1.16516,1.1652,720
1787769000,2026-08-26 18:30:00+00:00,1.1652,1.16524,1.16507,1.16516,539
1787769900,2026-08-26 18:45:00+00:00,1.16516,1.16527,1.16501,1.16513,879
1787770800,2026-08-26 19:00:00+00:00,1.16513,1.16525,1.16502,1.16523,826
1787771700,2026-08-26 19:15:00+00:00,1.16523,1.16531,1.16512,1.16525,467
1787772600,2026-08-26 19:30:00+00:00,1.16524,1.16535,1.16515,1.16519,600
1787773500,2026-08-26 19:45:00+00:00,1.16519,1.16537,1.1650800000000001,1.16534,796
1787774400,2026-08-26 20:00:00+00:00,1.16533,1.16537,1.16516,1.1651799999999999,718
1787775300,2026-08-26 20:15:00+00:00,1.1651799999999999,1.16536,1.16517,1.16527,669
1787776200,2026-08-26 20:30:00+00:00,1.16526,1.1655,1.16526,1.16548,557
1787777100,2026-08-26 20:45:00+00:00,1.16548,1.16548,1.16525,1.16526,514
1787778000,2026-08-26 21:00:00+00:00,1.16516,1.16529,1.1647,1.16509,690
1787778900,2026-08-26 21:15:00+00:00,1.16509,1.16538,1.16507,1.16525,246
1787779800,2026-08-26 21:30:00+00:00,1.16525,1.1654200000000001,1.16515,1.16535,147
1787780700,2026-08-26 21:45:00+00:00,1.16535,1.16541,1.16528,1.16533,72
1787781600,2026-08-26 22:00:00+00:00,1.16533,1.16557,1.16531,1.1654,803
1787782500,2026-08-26 22:15:00+00:00,1.1654,1.1655,1.16537,1.16548,421
1787783400,2026-08-26 22:30:00+00:00,1.16548,1.1655,1.1654200000000001,1.16546,397
1787784300,2026-08-26 22:45:00+00:00,1.16546,1.16548,1.16534,1.16544,379
1787785200,2026-08-26 23:00:00+00:00,1.16544,1.16552,1.16538,1.16551,537
1787786100,2026-08-26 23:15:00+00:00,1.16551,1.1656,1.16543,1.16547,824
1787787000,2026-08-26 23:30:00+00:00,1.16547,1.16564,1.16546,1.1656,828
1787787900,2026-08-26 23:45:00+00:00,1.1656,1.16563,1.16545,1.16554,501
1787788800,2026-08-27 00:00:00+00:00,1.16555,1.1656900000000001,1.16545,1.16553,1185
1787789700,2026-08-27 00:15:00+00:00,1.16553,1.1657899999999999,1.16549,1.16578,533
1787790600,2026-08-27 00:30:00+00:00,1.16578,1.16583,1.16551,1.16552,726
1787791500,2026-08-27 00:45:00+00:00,1.16552,1.16578,1.16539,1.16564,1150
1787792400,2026-08-27 01:00:00+00:00,1.16564,1.16575,1.16554,1.16571,1648
1787793300,2026-08-27 01:15:00+00:00,1.16571,1.16591,1.16562,1.16574,1041
1787794200,2026-08-27 01:30:00+00:00,1.16573,1.16591,1.1656,1.16567,1513
1787795100,2026-08-27 01:45:00+00:00,1.16568,1.16586,1.16566,1.1657899999999999,1070
1787796000,2026-08-27 02:00:00+00:00,1.1658,1.16595,1.16575,1.16576,896
1787796900,2026-08-27 02:15:00+00:00,1.16576,1.16578,1.1655,1.1655,523
1787797800,2026-08-27 02:30:00+00:00,1.16551,1.16568,1.16545,1.16555,726
1787798700,2026-08-27 02:45:00+00:00,1.16555,1.16562,1.16547,1.16555,521
1787799600,2026-08-27 03:00:00+00:00,1.16556,1.16563,1.16552,1.16557,808
1787800500,2026-08-27 03:15:00+00:00,1.16557,1.16561,1.1654,1.16541,533
1787801400,2026-08-27 03:30:00+00:00,1.16541,1.16548,1.16534,1.1654,664
1787802300,2026-08-27 03:45:00+00:00,1.1654,1.16556,1.1654,1.1654200000000001,347
1787803200,2026-08-27 04:00:00+00:00,1.1654200000000001,1.16559,1.1654200000000001,1.16555,431
1787804100,2026-08-27 04:15:00+00:00,1.16555,1.1656,1.16541,1.16553,428
1787805000,2026-08-27 04:30:00+00:00,1.16553,1.16553,1.16545,1.16546,264
1787805900,2026-08-27 04:45:00+00:00,1.16546,1.16556,1.1654200000000001,1.16556,639
1787806800,2026-08-27 05:00:00+00:00,1.16557,1.16566,1.16544,1.16561,469
1787807700,2026-08-27 05:15:00+00:00,1.16561,1.16573,1.16539,1.16572,501
1787808600,2026-08-27 05:30:00+00:00,1.16572,1.16577,1.16553,1.16562,496
1787809500,2026-08-27 05:45:00+00:00,1.16562,1.16566,1.16519,1.16544,1159
1787810400,2026-08-27 06:00:00+00:00,1.16543,1.16548,1.1652,1.16539,1463
1787811300,2026-08-27 06:15:00+00:00,1.16539,1.16558,1.16525,1.16549,1341
1787812200,2026-08-27 06:30:00+00:00,1.16549,1.16554,1.16529,1.16535,1341
1787813100,2026-08-27 06:45:00+00:00,1.16535,1.1655,1.16519,1.16534,1375
1787814000,2026-08-27 07:00:00+00:00,1.16534,1.16563,1.16534,1.16555,1632
1787814900,2026-08-27 07:15:00+00:00,1.16555,1.16557,1.1651799999999999,1.16522,1265
1787815800,2026-08-27 07:30:00+00:00,1.16521,1.16551,1.16517,1.1655,1209
1787816700,2026-08-27 07:45:00+00:00,1.16551,1.16557,1.1652,1.16549,1505
1787817600,2026-08-27 08:00:00+00:00,1.16549,1.16581,1.1654200000000001,1.16546,1530
1787818500,2026-08-27 08:15:00+00:00,1.16546,1.16558,1.165,1.16506,1725
1787819400,2026-08-27 08:30:00+00:00,1.16506,1.16521,1.16477,1.16517,1722
1787820300,2026-08-27 08:45:00+00:00,1.16517,1.16522,1.1648100000000001,1.16482,1805
1787821200,2026-08-27 09:00:00+00:00,1.16482,1.16485,1.16434,1.16468,1868
1787822100,2026-08-27 09:15:00+00:00,1.16468,1.16476,1.16446,1.16466,1422
1787823000,2026-08-27 09:30:00+00:00,1.16467,1.16467,1.16404,1.16418,1624
1787823900,2026-08-27 09:45:00+00:00,1.16418,1.16461,1.16407,1.16408,1501
1787824800,2026-08-27 10:00:00+00:00,1.16409,1.16443,1.1639,1.16442,1770
1787825700,2026-08-27 10:15:00+00:00,1.16443,1.16483,1.16427,1.16456,1361
1787826600,2026-08-27 10:30:00+00:00,1.1645699999999999,1.16461,1.16384,1.16419,1577
1787827500,2026-08-27 10:45:00+00:00,1.16419,1.16419,1.16394,1.16397,1305
1787828400,2026-08-27 11:00:00+00:00,1.16397,1.16407,1.16379,1.16391,1302
1787829300,2026-08-27 11:15:00+00:00,1.1639,1.16415,1.16387,1.16406,1057
1787830200,2026-08-27 11:30:00+00:00,1.16406,1.16444,1.16375,1.16395,1747
1787831100,2026-08-27 11:45:00+00:00,1.16394,1.16435,1.16364,1.1641,2054
1787832000,2026-08-27 12:00:00+00:00,1.1641,1.16458,1.1641,1.16419,2738
1787832900,2026-08-27 12:15:00+00:00,1.16419,1.1645,1.16409,1.16434,1755
1787833800,2026-08-27 12:30:00+00:00,1.16434,1.16443,1.1639599999999999,1.16426,2001
1787834700,2026-08-27 12:45:00+00:00,1.16426,1.16439,1.16398,1.16411,1716
1787835600,2026-08-27 13:00:00+00:00,1.16411,1.1649,1.164,1.1648399999999999,2242
1787836500,2026-08-27 13:15:00+00:00,1.1648399999999999,1.16599,1.16467,1.16584,2191
1787837400,2026-08-27 13:30:00+00:00,1.16584,1.16596,1.16517,1.16525,2865
1787838300,2026-08-27 13:45:00+00:00,1.16526,1.16552,1.16504,1.1654,2779
1787839200,2026-08-27 14:00:00+00:00,1.1654,1.1658,1.16504,1.16515,3238
1787840100,2026-08-27 14:15:00+00:00,1.16515,1.16533,1.16482,1.16491,2360
1787841000,2026-08-27 14:30:00+00:00,1.16491,1.16552,1.16489,1.16511,2346
1787841900,2026-08-27 14:45:00+00:00,1.16512,1.1654,1.16446,1.1644700000000001,3047
1787842800,2026-08-27 15:00:00+00:00,1.16448,1.16526,1.16444,1.16507,2626
1787843700,2026-08-27 15:15:00+00:00,1.16507,1.16524,1.1649,1.16506,2123
1787844600,2026-08-27 15:30:00+00:00,1.16506,1.16524,1.16501,1.16504,1323
1787845500,2026-08-27 15:45:00+00:00,1.16504,1.16543,1.1648,1.16533,1206
1787846400,2026-08-27 16:00:00+00:00,1.16533,1.16536,1.16494,1.16511,1377
1787847300,2026-08-27 16:15:00+00:00,1.16511,1.16533,1.16493,1.1653,972
1787848200,2026-08-27 16:30:00+00:00,1.1653,1.16545,1.16524,1.16535,822
1787849100,2026-08-27 16:45:00+00:00,1.16535,1.1654,1.16506,1.16521,1206
1787850000,2026-08-27 17:00:00+00:00,1.16521,1.1654,1.16507,1.1650800000000001,983
1787850900,2026-08-27 17:15:00+00:00,1.1650800000000001,1.1651799999999999,1.165,1.1650800000000001,943
1787851800,2026-08-27 17:30:00+00:00,1.1650800000000001,1.16513,1.16483,1.16489,836
1787852700,2026-08-27 17:45:00+00:00,1.16489,1.16497,1.16469,1.16491,1543
1787853600,2026-08-27 18:00:00+00:00,1.16491,1.16493,1.1646,1.16478,1381
1787854500,2026-08-27 18:15:00+00:00,1.16478,1.16485,1.16467,1.16469,839
1787855400,2026-08-27 18:30:00+00:00,1.16469,1.16478,1.16465,1.16477,573
1787856300,2026-08-27 18:45:00+00:00,1.16477,1.165,1.16475,1.16488,603
1787857200,2026-08-27 19:00:00+00:00,1.16489,1.16505,1.16487,1.16493,1018
1787858100,2026-08-27 19:15:00+00:00,1.16493,1.16501,1.1648399999999999,1.16488,645
1787859000,2026-08-27 19:30:00+00:00,1.16488,1.16496,1.16478,1.16494,699
1787859900,2026-08-27 19:45:00+00:00,1.16494,1.16504,1.16473,1.16492,781
1787860800,2026-08-27 20:00:00+00:00,1.16492,1.16524,1.16491,1.16513,318
1787861700,2026-08-27 20:15:00+00:00,1.16513,1.16514,1.16498,1.165,222
1787862600,2026-08-27 20:30:00+00:00,1.165,1.16515,1.16499,1.16513,228
1787863500,2026-08-27 20:45:00+00:00,1.16513,1.16521,1.1651,1.16519,304
1787864400,2026-08-27 21:00:00+00:00,1.16516,1.16523,1.16472,1.16515,326
1787865300,2026-08-27 21:15:00+00:00,1.16515,1.16544,1.16513,1.16543,136
1787866200,2026-08-27 21:30:00+00:00,1.16543,1.16547,1.16523,1.16524,413
1787867100,2026-08-27 21:45:00+00:00,1.16524,1.16537,1.16515,1.16523,186
1787868000,2026-08-27 22:00:00+00:00,1.16517,1.16541,1.16516,1.1654,709
1787868900,2026-08-27 22:15:00+00:00,1.1654,1.16547,1.16522,1.16523,271
1787869800,2026-08-27 22:30:00+00:00,1.16523,1.16531,1.1652,1.16524,357
1787870700,2026-08-27 22:45:00+00:00,1.16524,1.16537,1.16521,1.16533,298
1787871600,2026-08-27 23:00:00+00:00,1.16533,1.16545,1.16531,1.1654200000000001,316
1787872500,2026-08-27 23:15:00+00:00,1.1654200000000001,1.16543,1.16527,1.16527,215
1787873400,2026-08-27 23:30:00+00:00,1.16527,1.16544,1.16523,1.16533,376
1787874300,2026-08-27 23:45:00+00:00,1.16533,1.16549,1.16532,1.16536,513
1787875200,2026-08-28 00:00:00+00:00,1.16536,1.16543,1.1652,1.16527,1128
1787876100,2026-08-28 00:15:00+00:00,1.16527,1.1653,1.16506,1.16523,883
1787877000,2026-08-28 00:30:00+00:00,1.16524,1.16533,1.16514,1.16528,689
1787877900,2026-08-28 00:45:00+00:00,1.16528,1.1654,1.16523,1.16532,788
1787878800,2026-08-28 01:00:00+00:00,1.16532,1.16544,1.1652,1.16533,1121
1787879700,2026-08-28 01:15:00+00:00,1.16534,1.1654200000000001,1.16527,1.16529,1105
1787880600,2026-08-28 01:30:00+00:00,1.16528,1.16554,1.16524,1.16538,1162
1787881500,2026-08-28 01:45:00+00:00,1.16538,1.16538,1.16494,1.16496,1225
1787882400,2026-08-28 02:00:00+00:00,1.16497,1.16505,1.1647,1.16476,1199
1787883300,2026-08-28 02:15:00+00:00,1.16476,1.165,1.16463,1.16477,751
1787884200,2026-08-28 02:30:00+00:00,1.16477,1.1649,1.16473,1.16475,816
1787885100,2026-08-28 02:45:00+00:00,1.16475,1.16507,1.16472,1.16507,622
1787886000,2026-08-28 03:00:00+00:00,1.16507,1.16514,1.16498,1.16503,627
1787886900,2026-08-28 03:15:00+00:00,1.16502,1.16509,1.16492,1.16507,537
1787887800,2026-08-28 03:30:00+00:00,1.16507,1.16509,1.16477,1.16478,558
1787888700,2026-08-28 03:45:00+00:00,1.16478,1.16483,1.16455,1.16462,557
1787889600,2026-08-28 04:00:00+00:00,1.16464,1.16466,1.16451,1.16453,713
1787890500,2026-08-28 04:15:00+00:00,1.16453,1.16464,1.16451,1.16455,495
1787891400,2026-08-28 04:30:00+00:00,1.16455,1.16463,1.16451,1.1645699999999999,403
1787892300,2026-08-28 04:45:00+00:00,1.1645699999999999,1.16463,1.1645,1.16455,490
1787893200,2026-08-28 05:00:00+00:00,1.16455,1.1645699999999999,1.16433,1.16436,856
1787894100,2026-08-28 05:15:00+00:00,1.16436,1.16448,1.16436,1.1644,604
1787895000,2026-08-28 05:30:00+00:00,1.1644,1.1644700000000001,1.16427,1.16428,983
1787895900,2026-08-28 05:45:00+00:00,1.16428,1.16459,1.16427,1.16444,513
1787896800,2026-08-28 06:00:00+00:00,1.16444,1.16465,1.16441,1.16448,1732
1787897700,2026-08-28 06:15:00+00:00,1.16448,1.1648,1.1643,1.16474,1729
1787898600,2026-08-28 06:30:00+00:00,1.16474,1.1648399999999999,1.16444,1.16476,2165
1787899500,2026-08-28 06:45:00+00:00,1.16476,1.16492,1.16459,1.16482,1361
1787900400,2026-08-28 07:00:00+00:00,1.16482,1.16488,1.16437,1.1644700000000001,1412
1787901300,2026-08-28 07:15:00+00:00,1.1644700000000001,1.1645699999999999,1.16417,1.16421,1740
1787902200,2026-08-28 07:30:00+00:00,1.16421,1.16461,1.16421,1.16446,1604
1787903100,2026-08-28 07:45:00+00:00,1.16446,1.1648399999999999,1.16432,1.16464,1279
1787904000,2026-08-28 08:00:00+00:00,1.16464,1.16488,1.16459,1.16462,1504
1787904900,2026-08-28 08:15:00+00:00,1.16462,1.16471,1.16441,1.16443,1342
1787905800,2026-08-28 08:30:00+00:00,1.16443,1.16471,1.16437,1.16437,1364
1787906700,2026-08-28 08:45:00+00:00,1.16438,1.1644700000000001,1.16418,1.16443,1269
1787907600,2026-08-28 09:00:00+00:00,1.16443,1.16452,1.16418,1.16424,1405
1787908500,2026-08-28 09:15:00+00:00,1.16424,1.16439,1.16418,1.1642299999999999,1495
1787909400,2026-08-28 09:30:00+00:00,1.1642299999999999,1.1644,1.16403,1.16416,1319
1787910300,2026-08-28 09:45:00+00:00,1.16415,1.16428,1.16397,1.16399,1436
1787911200,2026-08-28 10:00:00+00:00,1.16399,1.16422,1.16393,1.16406,1402
1787912100,2026-08-28 10:15:00+00:00,1.16406,1.1644,1.164,1.1644,1531
1787913000,2026-08-28 10:30:00+00:00,1.1644,1.1647,1.16437,1.16465,1150
1787913900,2026-08-28 10:45:00+00:00,1.16465,1.16492,1.16451,1.16491,1052
1787914800,2026-08-28 11:00:00+00:00,1.16491,1.16496,1.16465,1.1647,1317
1787915700,2026-08-28 11:15:00+00:00,1.1647,1.1648,1.16453,1.16463,1392
1787916600,2026-08-28 11:30:00+00:00,1.16463,1.1648,1.16453,1.16476,1463
1787917500,2026-08-28 11:45:00+00:00,1.16476,1.16483,1.16446,1.16452,1556
1787918400,2026-08-28 12:00:00+00:00,1.16452,1.16461,1.16426,1.16436,1793
1787919300,2026-08-28 12:15:00+00:00,1.16436,1.16442,1.16418,1.1642299999999999,1484
1787920200,2026-08-28 12:30:00+00:00,1.1642299999999999,1.1642299999999999,1.16393,1.16411,1663
1787921100,2026-08-28 12:45:00+00:00,1.16411,1.16504,1.16411,1.16489,2853
1787922000,2026-08-28 13:00:00+00:00,1.16489,1.165,1.16441,1.16443,1998
1787922900,2026-08-28 13:15:00+00:00,1.16443,1.16455,1.16417,1.16433,1724
1787923800,2026-08-28 13:30:00+00:00,1.16433,1.16443,1.16406,1.16413,1870
1787924700,2026-08-28 13:45:00+00:00,1.16413,1.16471,1.16373,1.16383,2409
1787925600,2026-08-28 14:00:00+00:00,1.16385,1.16595,1.16102,1.16116,12043
1787926500,2026-08-28 14:15:00+00:00,1.16116,1.16164,1.15946,1.16019,7827
1787927400,2026-08-28 14:30:00+00:00,1.16019,1.16117,1.1601,1.16074,5870
1787928300,2026-08-28 14:45:00+00:00,1.16074,1.16225,1.1602000000000001,1.16175,5916
1787929200,2026-08-28 15:00:00+00:00,1.16174,1.16206,1.16058,1.16079,4969
1787930100,2026-08-28 15:15:00+00:00,1.16079,1.16106,1.16032,1.16042,4183
1787931000,2026-08-28 15:30:00+00:00,1.16043,1.16056,1.15963,1.16002,3272
1787931900,2026-08-28 15:45:00+00:00,1.16002,1.16027,1.15971,1.15977,3913
1787932800,2026-08-28 16:00:00+00:00,1.15977,1.15982,1.15897,1.15902,3280
1787933700,2026-08-28 16:15:00+00:00,1.15902,1.15907,1.15849,1.15857,3509
1787934600,2026-08-28 16:30:00+00:00,1.15857,1.15899,1.1585,1.15855,2844
1787935500,2026-08-28 16:45:00+00:00,1.15855,1.15896,1.1584699999999999,1.15869,2830
1787936400,2026-08-28 17:00:00+00:00,1.15868,1.15891,1.15826,1.15873,2354
1787937300,2026-08-28 17:15:00+00:00,1.15873,1.15875,1.15845,1.15854,1471
1787938200,2026-08-28 17:30:00+00:00,1.15854,1.15856,1.15782,1.1580300000000001,1704
1787939100,2026-08-28 17:45:00+00:00,1.15804,1.1581299999999999,1.15778,1.15808,1463
1787940000,2026-08-28 18:00:00+00:00,1.15808,1.15824,1.15784,1.15801,1766
1787940900,2026-08-28 18:15:00+00:00,1.15801,1.15846,1.1579,1.15827,1609
1787941800,2026-08-28 18:30:00+00:00,1.15827,1.1583,1.15781,1.15797,1261
1787942700,2026-08-28 18:45:00+00:00,1.15797,1.1581,1.15778,1.15804,1290
1787943600,2026-08-28 19:00:00+00:00,1.15804,1.15832,1.15797,1.15818,1469
1787944500,2026-08-28 19:15:00+00:00,1.15818,1.1586400000000001,1.1581,1.15859,1111
1787945400,2026-08-28 19:30:00+00:00,1.15859,1.15871,1.15849,1.1586400000000001,1257
1787946300,2026-08-28 19:45:00+00:00,1.1586400000000001,1.15878,1.15852,1.15859,1347
1787947200,2026-08-28 20:00:00+00:00,1.15859,1.15866,1.15834,1.15855,791
1787948100,2026-08-28 20:15:00+00:00,1.15855,1.1586,1.15832,1.1584699999999999,580
1787949000,2026-08-28 20:30:00+00:00,1.1584699999999999,1.15852,1.15795,1.1581299999999999,556
1787949900,2026-08-28 20:45:00+00:00,1.15814,1.1584,1.15807,1.1583,1150
1788123600,2026-08-30 21:00:00+00:00,1.15763,1.15805,1.15763,1.15795,163
1788124500,2026-08-30 21:15:00+00:00,1.15795,1.15795,1.15788,1.15795,65
1788125400,2026-08-30 21:30:00+00:00,1.15795,1.158,1.15764,1.158,53
1788126300,2026-08-30 21:45:00+00:00,1.158,1.15807,1.15782,1.15788,96
1788127200,2026-08-30 22:00:00+00:00,1.15788,1.15823,1.15781,1.15816,646
1788128100,2026-08-30 22:15:00+00:00,1.15816,1.15822,1.1581,1.15817,424
1788129000,2026-08-30 22:30:00+00:00,1.15817,1.15851,1.15814,1.15834,562
1788129900,2026-08-30 22:45:00+00:00,1.15834,1.15848,1.15834,1.15842,441
1788130800,2026-08-30 23:00:00+00:00,1.15842,1.15863,1.15836,1.15849,812
1788131700,2026-08-30 23:15:00+00:00,1.15849,1.15867,1.15845,1.15855,464
1788132600,2026-08-30 23:30:00+00:00,1.15855,1.15885,1.15855,1.15877,613
1788133500,2026-08-30 23:45:00+00:00,1.15877,1.15893,1.15866,1.15887,1115
1788134400,2026-08-31 00:00:00+00:00,1.15888,1.15934,1.15887,1.1592,1833
1788135300,2026-08-31 00:15:00+00:00,1.1592,1.15929,1.15856,1.15866,1371
1788136200,2026-08-31 00:30:00+00:00,1.15866,1.15919,1.15866,1.15909,1409
1788137100,2026-08-31 00:45:00+00:00,1.15909,1.15938,1.15907,1.15922,1486
1788138000,2026-08-31 01:00:00+00:00,1.15923,1.15929,1.15871,1.15882,2003
1788138900,2026-08-31 01:15:00+00:00,1.15882,1.15904,1.1587,1.15902,1598
1788139800,2026-08-31 01:30:00+00:00,1.15902,1.15945,1.15901,1.15932,1330
1788140700,2026-08-31 01:45:00+00:00,1.15932,1.15941,1.15905,1.15906,1268
1788141600,2026-08-31 02:00:00+00:00,1.15906,1.15927,1.1589800000000001,1.15917,1370
1788142500,2026-08-31 02:15:00+00:00,1.15918,1.15928,1.1589,1.15924,1267
1788143400,2026-08-31 02:30:00+00:00,1.15924,1.15927,1.15881,1.15892,1233
1788144300,2026-08-31 02:45:00+00:00,1.15892,1.1592500000000001,1.15892,1.15924,1117
1788145200,2026-08-31 03:00:00+00:00,1.15924,1.15929,1.15916,1.15918,773
1788146100,2026-08-31 03:15:00+00:00,1.15919,1.15937,1.15918,1.15919,411
1788147000,2026-08-31 03:30:00+00:00,1.15919,1.15919,1.15893,1.1590799999999999,514
1788147900,2026-08-31 03:45:00+00:00,1.15907,1.15917,1.15897,1.15913,478
1788148800,2026-08-31 04:00:00+00:00,1.15914,1.15928,1.15913,1.1592500000000001,481
1788149700,2026-08-31 04:15:00+00:00,1.1592500000000001,1.15926,1.15886,1.15888,481
1788150600,2026-08-31 04:30:00+00:00,1.15888,1.15909,1.15886,1.15907,960
1788151500,2026-08-31 04:45:00+00:00,1.15907,1.15913,1.159,1.15909,578
1788152400,2026-08-31 05:00:00+00:00,1.15909,1.1591,1.15886,1.15904,784
1788153300,2026-08-31 05:15:00+00:00,1.15904,1.15914,1.15886,1.15912,832
1788154200,2026-08-31 05:30:00+00:00,1.15912,1.15913,1.15873,1.15892,986
1788155100,2026-08-31 05:45:00+00:00,1.15893,1.15905,1.15873,1.15904,977
1788156000,2026-08-31 06:00:00+00:00,1.15904,1.15906,1.15869,1.15889,1453
1788156900,2026-08-31 06:15:00+00:00,1.15888,1.15914,1.15868,1.1587399999999999,1393
1788157800,2026-08-31 06:30:00+00:00,1.15875,1.15915,1.15869,1.15883,1177
1788158700,2026-08-31 06:45:00+00:00,1.15883,1.15893,1.15848,1.15889,1533
1788159600,2026-08-31 07:00:00+00:00,1.15889,1.15897,1.1584699999999999,1.15886,2123
1788160500,2026-08-31 07:15:00+00:00,1.15886,1.15963,1.15857,1.1594,2090
1788161400,2026-08-31 07:30:00+00:00,1.1594,1.1599599999999999,1.15936,1.1599,1814
1788162300,2026-08-31 07:45:00+00:00,1.1599,1.16034,1.15989,1.16026,1709
1788163200,2026-08-31 08:00:00+00:00,1.16026,1.16059,1.15977,1.15982,2653
1788164100,2026-08-31 08:15:00+00:00,1.15982,1.15992,1.15964,1.15981,1979
1788165000,2026-08-31 08:30:00+00:00,1.15981,1.15993,1.15967,1.15974,1886
1788165900,2026-08-31 08:45:00+00:00,1.15973,1.1599,1.1593,1.15941,2146
1788166800,2026-08-31 09:00:00+00:00,1.15941,1.16002,1.15941,1.15999,1090
1788167700,2026-08-31 09:15:00+00:00,1.15999,1.16011,1.15971,1.15982,1320
1788168600,2026-08-31 09:30:00+00:00,1.15981,1.15992,1.15952,1.15972,1614
1788169500,2026-08-31 09:45:00+00:00,1.15972,1.16,1.15966,1.15992,1218
1788170400,2026-08-31 10:00:00+00:00,1.15992,1.16021,1.1598600000000001,1.16012,1899
1788171300,2026-08-31 10:15:00+00:00,1.16012,1.16021,1.15988,1.16018,1261
1788172200,2026-08-31 10:30:00+00:00,1.16017,1.1602000000000001,1.15973,1.15973,1192
1788173100,2026-08-31 10:45:00+00:00,1.15973,1.16002,1.15966,1.15971,1622
1788174000,2026-08-31 11:00:00+00:00,1.15972,1.15998,1.15958,1.15988,1671
1788174900,2026-08-31 11:15:00+00:00,1.15988,1.16029,1.15985,1.16022,1523
1788175800,2026-08-31 11:30:00+00:00,1.16022,1.16028,1.15991,1.16,1839
1788176700,2026-08-31 11:45:00+00:00,1.16,1.16004,1.15957,1.15965,1761
1788177600,2026-08-31 12:00:00+00:00,1.15965,1.15985,1.1593499999999999,1.15982,2181
1788178500,2026-08-31 12:15:00+00:00,1.15982,1.16001,1.15942,1.15967,2377
1788179400,2026-08-31 12:30:00+00:00,1.15968,1.1596899999999999,1.15916,1.15938,2509
1788180300,2026-08-31 12:45:00+00:00,1.15938,1.15965,1.15926,1.15954,2292
1788181200,2026-08-31 13:00:00+00:00,1.15953,1.15982,1.15936,1.15965,1774
1788182100,2026-08-31 13:15:00+00:00,1.15965,1.16011,1.15957,1.15999,1776
1788183000,2026-08-31 13:30:00+00:00,1.15999,1.16011,1.15951,1.1595900000000001,2702
1788183900,2026-08-31 13:45:00+00:00,1.1595900000000001,1.15998,1.15945,1.1599599999999999,2688
1788184800,2026-08-31 14:00:00+00:00,1.1599599999999999,1.16025,1.15951,1.16012,2168
1788185700,2026-08-31 14:15:00+00:00,1.16012,1.16054,1.16,1.16026,1886
1788186600,2026-08-31 14:30:00+00:00,1.16027,1.16073,1.16016,1.16063,2574
1788187500,2026-08-31 14:45:00+00:00,1.16063,1.16182,1.1606,1.1614,4652
1788188400,2026-08-31 15:00:00+00:00,1.1614,1.16173,1.16126,1.16149,3588
1788189300,2026-08-31 15:15:00+00:00,1.16149,1.16168,1.16122,1.16166,2036
1788190200,2026-08-31 15:30:00+00:00,1.16166,1.162,1.16164,1.16176,2039
1788191100,2026-08-31 15:45:00+00:00,1.16176,1.16208,1.16156,1.16164,1503
1788192000,2026-08-31 16:00:00+00:00,1.16164,1.1617899999999999,1.16154,1.16161,1460
1788192900,2026-08-31 16:15:00+00:00,1.16161,1.16178,1.16151,1.16167,1216
1788193800,2026-08-31 16:30:00+00:00,1.16166,1.1616900000000001,1.16143,1.16145,1338
1788194700,2026-08-31 16:45:00+00:00,1.16145,1.1617,1.16138,1.16165,1037
1788195600,2026-08-31 17:00:00+00:00,1.16166,1.16173,1.16147,1.16168,920
1788196500,2026-08-31 17:15:00+00:00,1.16168,1.1617899999999999,1.16154,1.16154,720
1788197400,2026-08-31 17:30:00+00:00,1.16154,1.16165,1.16146,1.1616,838
1788198300,2026-08-31 17:45:00+00:00,1.16161,1.16175,1.16153,1.16154,813
1788199200,2026-08-31 18:00:00+00:00,1.16154,1.16174,1.16145,1.16174,807
1788200100,2026-08-31 18:15:00+00:00,1.16173,1.16174,1.16157,1.16158,583
1788201000,2026-08-31 18:30:00+00:00,1.16158,1.16165,1.16146,1.16151,1018
1788201900,2026-08-31 18:45:00+00:00,1.16151,1.16177,1.16149,1.16155,1239
1788202800,2026-08-31 19:00:00+00:00,1.16155,1.16173,1.16149,1.16162,764
1788203700,2026-08-31 19:15:00+00:00,1.16162,1.1617899999999999,1.16159,1.16168,680
1788204600,2026-08-31 19:30:00+00:00,1.16167,1.16177,1.16146,1.1615199999999999,609
1788205500,2026-08-31 19:45:00+00:00,1.1615199999999999,1.16183,1.16148,1.16164,1411
1788206400,2026-08-31 20:00:00+00:00,1.16164,1.1617899999999999,1.16154,1.16154,715
1788207300,2026-08-31 20:15:00+00:00,1.16153,1.16155,1.16143,1.16146,234
1788208200,2026-08-31 20:30:00+00:00,1.16146,1.16163,1.16143,1.16158,304
1788209100,2026-08-31 20:45:00+00:00,1.16157,1.16175,1.16157,1.16171,362
1788210000,2026-08-31 21:00:00+00:00,1.16171,1.16185,1.1614200000000001,1.1617,76
1788210900,2026-08-31 21:15:00+00:00,1.1617,1.16182,1.16164,1.16181,39
1788211800,2026-08-31 21:30:00+00:00,1.16181,1.16183,1.16175,1.16183,45
1788212700,2026-08-31 21:45:00+00:00,1.16183,1.16186,1.16175,1.16184,56
1788213600,2026-08-31 22:00:00+00:00,1.16184,1.1619,1.16168,1.16171,321
1788214500,2026-08-31 22:15:00+00:00,1.16171,1.16176,1.16165,1.16166,211
1788215400,2026-08-31 22:30:00+00:00,1.16166,1.16171,1.16151,1.16151,298
1788216300,2026-08-31 22:45:00+00:00,1.16151,1.16155,1.1614200000000001,1.16148,302
1788217200,2026-08-31 23:00:00+00:00,1.16148,1.16149,1.16125,1.16135,477
1788218100,2026-08-31 23:15:00+00:00,1.16136,1.16155,1.16131,1.16153,313
1788219000,2026-08-31 23:30:00+00:00,1.16153,1.16176,1.1615,1.16168,404
1788219900,2026-08-31 23:45:00+00:00,1.16168,1.16183,1.16165,1.16182,710
1788220800,2026-09-01 00:00:00+00:00,1.16182,1.16224,1.16158,1.16202,1301
1788221700,2026-09-01 00:15:00+00:00,1.16202,1.16243,1.16196,1.16235,1309
1788222600,2026-09-01 00:30:00+00:00,1.16235,1.16245,1.16211,1.16214,996
1788223500,2026-09-01 00:45:00+00:00,1.16214,1.1622,1.16176,1.16182,1264
1788224400,2026-09-01 01:00:00+00:00,1.16182,1.16189,1.16134,1.1614,1855
1788225300,2026-09-01 01:15:00+00:00,1.1614,1.16157,1.16106,1.1611,1088
1788226200,2026-09-01 01:30:00+00:00,1.1611,1.1613,1.16099,1.16129,827
1788227100,2026-09-01 01:45:00+00:00,1.16129,1.16131,1.16073,1.16101,866
1788228000,2026-09-01 02:00:00+00:00,1.161,1.16102,1.16061,1.16078,1162
1788228900,2026-09-01 02:15:00+00:00,1.16078,1.16106,1.16077,1.16101,669
1788229800,2026-09-01 02:30:00+00:00,1.16101,1.16101,1.16069,1.16078,798
1788230700,2026-09-01 02:45:00+00:00,1.16078,1.16101,1.16072,1.16099,613
1788231600,2026-09-01 03:00:00+00:00,1.16099,1.16099,1.16064,1.16092,743
1788232500,2026-09-01 03:15:00+00:00,1.16092,1.16099,1.1605699999999999,1.16071,690
1788233400,2026-09-01 03:30:00+00:00,1.16071,1.16079,1.16062,1.16068,808
1788234300,2026-09-01 03:45:00+00:00,1.16068,1.16074,1.16055,1.16055,489
1788235200,2026-09-01 04:00:00+00:00,1.16055,1.16069,1.16046,1.16052,598
1788236100,2026-09-01 04:15:00+00:00,1.16052,1.16053,1.16034,1.16035,458
1788237000,2026-09-01 04:30:00+00:00,1.16034,1.1604700000000001,1.16028,1.16046,478
1788237900,2026-09-01 04:45:00+00:00,1.16046,1.1605699999999999,1.16037,1.1605699999999999,561
1788238800,2026-09-01 05:00:00+00:00,1.1605699999999999,1.16094,1.16056,1.16082,628
1788239700,2026-09-01 05:15:00+00:00,1.16082,1.16082,1.16061,1.16079,731
1788240600,2026-09-01 05:30:00+00:00,1.16078,1.16099,1.16071,1.16084,891
1788241500,2026-09-01 05:45:00+00:00,1.16084,1.16102,1.16076,1.16083,868
1788242400,2026-09-01 06:00:00+00:00,1.16083,1.16087,1.16059,1.16067,1473
1788243300,2026-09-01 06:15:00+00:00,1.16067,1.16083,1.16017,1.1602000000000001,1657
1788244200,2026-09-01 06:30:00+00:00,1.1602000000000001,1.16034,1.16003,1.16029,1726
1788245100,2026-09-01 06:45:00+00:00,1.16029,1.1605,1.16013,1.16049,1413
1788246000,2026-09-01 07:00:00+00:00,1.16049,1.1607,1.16015,1.16035,2206
1788246900,2026-09-01 07:15:00+00:00,1.16034,1.16035,1.15978,1.15979,1679
1788247800,2026-09-01 07:30:00+00:00,1.15978,1.15983,1.15921,1.15922,1910
1788248700,2026-09-01 07:45:00+00:00,1.15922,1.1595900000000001,1.15919,1.15954,1640
1788249600,2026-09-01 08:00:00+00:00,1.15954,1.15975,1.15882,1.1589,2990
1788250500,2026-09-01 08:15:00+00:00,1.1589,1.15942,1.1588,1.15918,1953
1788251400,2026-09-01 08:30:00+00:00,1.15918,1.15945,1.15887,1.15932,2034
1788252300,2026-09-01 08:45:00+00:00,1.15931,1.15946,1.15915,1.1594,1876
1788253200,2026-09-01 09:00:00+00:00,1.1594,1.1598,1.15926,1.15966,1964
1788254100,2026-09-01 09:15:00+00:00,1.15966,1.15978,1.1595,1.15962,1919
1788255000,2026-09-01 09:30:00+00:00,1.15962,1.16003,1.1596,1.15984,1908
1788255900,2026-09-01 09:45:00+00:00,1.15984,1.16012,1.1593,1.15932,1916
1788256800,2026-09-01 10:00:00+00:00,1.15932,1.15946,1.15919,1.15926,1753
1788257700,2026-09-01 10:15:00+00:00,1.15926,1.15956,1.15923,1.15934,1514
1788258600,2026-09-01 10:30:00+00:00,1.15934,1.15937,1.15903,1.15905,1329
1788259500,2026-09-01 10:45:00+00:00,1.15905,1.15933,1.159,1.15922,1687
1788260400,2026-09-01 11:00:00+00:00,1.15922,1.15931,1.15899,1.15917,1725
1788261300,2026-09-01 11:15:00+00:00,1.15917,1.15962,1.1591,1.15951,1810
1788262200,2026-09-01 11:30:00+00:00,1.15951,1.1596,1.1593,1.15944,1427
1788263100,2026-09-01 11:45:00+00:00,1.15945,1.15954,1.15915,1.15927,1545
1788264000,2026-09-01 12:00:00+00:00,1.15927,1.15932,1.15882,1.15911,2042
1788264900,2026-09-01 12:15:00+00:00,1.15911,1.15945,1.15905,1.15922,1664
1788265800,2026-09-01 12:30:00+00:00,1.15923,1.1593499999999999,1.15902,1.15917,1755
1788266700,2026-09-01 12:45:00+00:00,1.15917,1.15945,1.15915,1.15931,1664
1788267600,2026-09-01 13:00:00+00:00,1.1593,1.15934,1.15892,1.1590799999999999,1556
1788268500,2026-09-01 13:15:00+00:00,1.15909,1.15927,1.15903,1.15924,1272
1788269400,2026-09-01 13:30:00+00:00,1.1592500000000001,1.1602000000000001,1.15924,1.16016,2531
1788270300,2026-09-01 13:45:00+00:00,1.16015,1.16022,1.15976,1.16011,2888
1788271200,2026-09-01 14:00:00+00:00,1.16011,1.1608100000000001,1.1599,1.16073,3229
1788272100,2026-09-01 14:15:00+00:00,1.16073,1.16079,1.1601,1.16011,2897
1788273000,2026-09-01 14:30:00+00:00,1.16011,1.16033,1.1599599999999999,1.16002,2116
1788273900,2026-09-01 14:45:00+00:00,1.16002,1.1602000000000001,1.15945,1.15962,2787
1788274800,2026-09-01 15:00:00+00:00,1.15963,1.15987,1.15941,1.15948,2710
1788275700,2026-09-01 15:15:00+00:00,1.15948,1.15954,1.15906,1.15936,1771
1788276600,2026-09-01 15:30:00+00:00,1.15936,1.1594,1.15907,1.15918,1285
1788277500,2026-09-01 15:45:00+00:00,1.15918,1.1592500000000001,1.15891,1.15922,1164
1788278400,2026-09-01 16:00:00+00:00,1.15922,1.15932,1.15903,1.15906,1284
1788279300,2026-09-01 16:15:00+00:00,1.15906,1.15918,1.15849,1.15872,2832
1788280200,2026-09-01 16:30:00+00:00,1.15872,1.1591,1.15853,1.15876,1719
1788281100,2026-09-01 16:45:00+00:00,1.15877,1.1588,1.15854,1.15855,1367
1788282000,2026-09-01 17:00:00+00:00,1.15856,1.15903,1.15849,1.15887,1423
1788282900,2026-09-01 17:15:00+00:00,1.15887,1.1593499999999999,1.15877,1.1593499999999999,1355
1788283800,2026-09-01 17:30:00+00:00,1.1593499999999999,1.15955,1.15873,1.15883,1414
1788284700,2026-09-01 17:45:00+00:00,1.15883,1.15886,1.15862,1.15876,962
1788285600,2026-09-01 18:00:00+00:00,1.15875,1.1590799999999999,1.15873,1.15881,923
1788286500,2026-09-01 18:15:00+00:00,1.15881,1.15897,1.15871,1.15877,1049
1788287400,2026-09-01 18:30:00+00:00,1.15878,1.15881,1.15854,1.15866,942
1788288300,2026-09-01 18:45:00+00:00,1.15866,1.15905,1.15866,1.15902,1316
1788289200,2026-09-01 19:00:00+00:00,1.15902,1.1593,1.15892,1.15924,1135
1788290100,2026-09-01 19:15:00+00:00,1.15926,1.15929,1.15904,1.1590799999999999,940
1788291000,2026-09-01 19:30:00+00:00,1.1590799999999999,1.15923,1.15888,1.15888,934
1788291900,2026-09-01 19:45:00+00:00,1.15888,1.15901,1.15881,1.15897,1018
1788292800,2026-09-01 20:00:00+00:00,1.1589800000000001,1.15899,1.15875,1.15876,490
1788293700,2026-09-01 20:15:00+00:00,1.15876,1.15904,1.15872,1.15899,342
1788294600,2026-09-01 20:30:00+00:00,1.15899,1.15924,1.15896,1.15914,392
1788295500,2026-09-01 20:45:00+00:00,1.15914,1.1593,1.15911,1.15926,528
1788296400,2026-09-01 21:00:00+00:00,1.15922,1.15922,1.15888,1.15903,191
1788297300,2026-09-01 21:15:00+00:00,1.15903,1.15914,1.15887,1.15901,124
1788298200,2026-09-01 21:30:00+00:00,1.15901,1.15922,1.15888,1.15909,117
1788299100,2026-09-01 21:45:00+00:00,1.15909,1.15924,1.15904,1.15918,68
1788300000,2026-09-01 22:00:00+00:00,1.15918,1.1596,1.15917,1.15953,435
1788300900,2026-09-01 22:15:00+00:00,1.15953,1.15962,1.15936,1.15938,343
1788301800,2026-09-01 22:30:00+00:00,1.15937,1.15942,1.1592500000000001,1.1592500000000001,1862
1788302700,2026-09-01 22:45:00+00:00,1.1592500000000001,1.15932,1.15917,1.15926,171
1788303600,2026-09-01 23:00:00+00:00,1.15926,1.15932,1.15922,1.15928,311
1788304500,2026-09-01 23:15:00+00:00,1.15928,1.1593,1.1592,1.15921,190
1788305400,2026-09-01 23:30:00+00:00,1.15921,1.1593,1.15915,1.15926,302
1788306300,2026-09-01 23:45:00+00:00,1.15926,1.15931,1.15904,1.15905,704
1788307200,2026-09-02 00:00:00+00:00,1.15905,1.15919,1.15869,1.15885,2051
1788308100,2026-09-02 00:15:00+00:00,1.15885,1.15915,1.15862,1.15868,1547
1788309000,2026-09-02 00:30:00+00:00,1.15869,1.15887,1.15856,1.15882,1613
1788309900,2026-09-02 00:45:00+00:00,1.15882,1.15884,1.15832,1.15833,1693
1788310800,2026-09-02 01:00:00+00:00,1.15833,1.15843,1.15812,1.15821,2253
1788311700,2026-09-02 01:15:00+00:00,1.15822,1.1584,1.15819,1.15827,1208
1788312600,2026-09-02 01:30:00+00:00,1.15827,1.15832,1.15769,1.1578,1619
1788313500,2026-09-02 01:45:00+00:00,1.15781,1.15793,1.1577,1.1579,1170
1788314400,2026-09-02 02:00:00+00:00,1.1579,1.1580300000000001,1.15761,1.15801,2644
1788315300,2026-09-02 02:15:00+00:00,1.15801,1.15816,1.1577600000000001,1.15802,1774
1788316200,2026-09-02 02:30:00+00:00,1.15802,1.15831,1.15791,1.15816,1391
1788317100,2026-09-02 02:45:00+00:00,1.15816,1.1582,1.15805,1.15816,711
1788318000,2026-09-02 03:00:00+00:00,1.15816,1.15827,1.15801,1.1580300000000001,873
1788318900,2026-09-02 03:15:00+00:00,1.1580300000000001,1.15809,1.15786,1.15786,1022
1788319800,2026-09-02 03:30:00+00:00,1.15786,1.15794,1.15779,1.15782,1194
1788320700,2026-09-02 03:45:00+00:00,1.15782,1.15799,1.15782,1.15799,645
1788321600,2026-09-02 04:00:00+00:00,1.15799,1.158,1.15761,1.15767,979
1788322500,2026-09-02 04:15:00+00:00,1.15767,1.15775,1.15741,1.15762,1087
1788323400,2026-09-02 04:30:00+00:00,1.15762,1.15772,1.15754,1.15763,558
1788324300,2026-09-02 04:45:00+00:00,1.15764,1.15783,1.15751,1.15758,808
1788325200,2026-09-02 05:00:00+00:00,1.15758,1.15771,1.15736,1.15768,1384
1788326100,2026-09-02 05:15:00+00:00,1.15767,1.15797,1.15766,1.15796,1243
1788327000,2026-09-02 05:30:00+00:00,1.15796,1.15809,1.15784,1.15797,1001
1788327900,2026-09-02 05:45:00+00:00,1.15797,1.15819,1.15796,1.15801,1167
1788328800,2026-09-02 06:00:00+00:00,1.15801,1.1585,1.15794,1.15825,2406
1788329700,2026-09-02 06:15:00+00:00,1.15824,1.15826,1.15771,1.1577600000000001,2816
1788330600,2026-09-02 06:30:00+00:00,1.15775,1.15786,1.15745,1.15775,2789
1788331500,2026-09-02 06:45:00+00:00,1.1577600000000001,1.15777,1.15674,1.15678,2013
1788332400,2026-09-02 07:00:00+00:00,1.15678,1.15739,1.15663,1.15732,2419
1788333300,2026-09-02 07:15:00+00:00,1.15732,1.15744,1.15711,1.15734,2084
1788334200,2026-09-02 07:30:00+00:00,1.15734,1.15785,1.15729,1.15762,2006
1788335100,2026-09-02 07:45:00+00:00,1.15762,1.1579,1.15758,1.15779,1393
1788336000,2026-09-02 08:00:00+00:00,1.15779,1.15811,1.15773,1.15787,1863
1788336900,2026-09-02 08:15:00+00:00,1.15787,1.1581,1.15781,1.15793,1486
1788337800,2026-09-02 08:30:00+00:00,1.15793,1.15822,1.15788,1.15807,1873
1788338700,2026-09-02 08:45:00+00:00,1.15807,1.1581299999999999,1.15727,1.15734,1976
1788339600,2026-09-02 09:00:00+00:00,1.15734,1.15779,1.15721,1.15745,2045
1788340500,2026-09-02 09:15:00+00:00,1.15746,1.15764,1.15736,1.15757,1803
1788341400,2026-09-02 09:30:00+00:00,1.15757,1.15764,1.1573,1.15739,1405
1788342300,2026-09-02 09:45:00+00:00,1.1574,1.15744,1.15706,1.15714,1492
1788343200,2026-09-02 10:00:00+00:00,1.15714,1.15727,1.15692,1.15725,1586
1788344100,2026-09-02 10:15:00+00:00,1.15725,1.15728,1.15687,1.15695,1550
1788345000,2026-09-02 10:30:00+00:00,1.15694,1.15697,1.15671,1.1568100000000001,1533
1788345900,2026-09-02 10:45:00+00:00,1.1568,1.15728,1.1567,1.15724,1597
1788346800,2026-09-02 11:00:00+00:00,1.15724,1.15768,1.1571,1.15758,2595
1788347700,2026-09-02 11:15:00+00:00,1.15758,1.15783,1.1574,1.15741,2046
1788348600,2026-09-02 11:30:00+00:00,1.15741,1.15792,1.15729,1.1575,2246
1788349500,2026-09-02 11:45:00+00:00,1.1575,1.15786,1.15743,1.15773,1858
1788350400,2026-09-02 12:00:00+00:00,1.15773,1.15814,1.15765,1.15786,2735
1788351300,2026-09-02 12:15:00+00:00,1.15786,1.15857,1.15767,1.15822,3670
1788352200,2026-09-02 12:30:00+00:00,1.15822,1.15824,1.15756,1.15764,2674
1788353100,2026-09-02 12:45:00+00:00,1.15764,1.15828,1.1576,1.15783,2454
1788354000,2026-09-02 13:00:00+00:00,1.15783,1.15817,1.15781,1.15787,2851
1788354900,2026-09-02 13:15:00+00:00,1.15787,1.16093,1.15781,1.15956,5290
1788355800,2026-09-02 13:30:00+00:00,1.15956,1.15977,1.15883,1.15972,3846
1788356700,2026-09-02 13:45:00+00:00,1.15972,1.16051,1.15921,1.16045,5249
1788357600,2026-09-02 14:00:00+00:00,1.16045,1.16045,1.15932,1.1594,4792
1788358500,2026-09-02 14:15:00+00:00,1.1594,1.1595900000000001,1.15886,1.15914,3686
1788359400,2026-09-02 14:30:00+00:00,1.15914,1.15944,1.15892,1.15906,3853
1788360300,2026-09-02 14:45:00+00:00,1.15906,1.15953,1.15888,1.15934,4040
1788361200,2026-09-02 15:00:00+00:00,1.15934,1.15971,1.15917,1.15926,3911
1788362100,2026-09-02 15:15:00+00:00,1.15927,1.15949,1.1589,1.15946,2550
1788363000,2026-09-02 15:30:00+00:00,1.15947,1.15963,1.15904,1.15904,2290
1788363900,2026-09-02 15:45:00+00:00,1.15904,1.15931,1.15895,1.1592,2083
1788364800,2026-09-02 16:00:00+00:00,1.1592,1.15936,1.15909,1.15936,2493
1788365700,2026-09-02 16:15:00+00:00,1.1593499999999999,1.15941,1.15889,1.15891,2074
1788366600,2026-09-02 16:30:00+00:00,1.15891,1.15912,1.15888,1.15901,1370
1788367500,2026-09-02 16:45:00+00:00,1.15902,1.15918,1.15871,1.15872,1339
1788368400,2026-09-02 17:00:00+00:00,1.15871,1.15891,1.15855,1.15861,1491
1788369300,2026-09-02 17:15:00+00:00,1.15861,1.15868,1.15834,1.15866,1102
1788370200,2026-09-02 17:30:00+00:00,1.15866,1.15885,1.15846,1.15867,1438
1788371100,2026-09-02 17:45:00+00:00,1.15867,1.159,1.15862,1.15867,1711
1788372000,2026-09-02 18:00:00+00:00,1.15867,1.15876,1.15859,1.1586400000000001,1134
1788372900,2026-09-02 18:15:00+00:00,1.15865,1.15897,1.15845,1.15861,1729
1788373800,2026-09-02 18:30:00+00:00,1.15861,1.15879,1.15845,1.15845,733
1788374700,2026-09-02 18:45:00+00:00,1.15845,1.15867,1.15845,1.15857,620
1788375600,2026-09-02 19:00:00+00:00,1.15857,1.15862,1.15827,1.15827,928
1788376500,2026-09-02 19:15:00+00:00,1.15827,1.1586400000000001,1.15826,1.15845,644
1788377400,2026-09-02 19:30:00+00:00,1.15846,1.15855,1.15843,1.15853,636
1788378300,2026-09-02 19:45:00+00:00,1.15853,1.15877,1.15834,1.1587399999999999,1172
1788379200,2026-09-02 20:00:00+00:00,1.1587399999999999,1.159,1.15871,1.15888,888
1788380100,2026-09-02 20:15:00+00:00,1.15888,1.15899,1.15877,1.15878,347
1788381000,2026-09-02 20:30:00+00:00,1.15878,1.15893,1.15876,1.1589,249
1788381900,2026-09-02 20:45:00+00:00,1.1589,1.15894,1.15872,1.15885,955
1788382800,2026-09-02 21:00:00+00:00,1.15882,1.15887,1.15868,1.15885,65
1788383700,2026-09-02 21:15:00+00:00,1.15885,1.15889,1.15884,1.15886,21
1788384600,2026-09-02 21:30:00+00:00,1.15886,1.15889,1.15884,1.15887,28
1788385500,2026-09-02 21:45:00+00:00,1.15887,1.15889,1.1587,1.15884,33
1788386400,2026-09-02 22:00:00+00:00,1.15884,1.15894,1.1586400000000001,1.15869,168
1788387300,2026-09-02 22:15:00+00:00,1.15869,1.15869,1.15855,1.15865,225
1788388200,2026-09-02 22:30:00+00:00,1.15865,1.15881,1.15862,1.1587,402
1788389100,2026-09-02 22:45:00+00:00,1.1587,1.1588,1.15863,1.15871,315
1788390000,2026-09-02 23:00:00+00:00,1.15871,1.1587399999999999,1.15852,1.15855,426
1788390900,2026-09-02 23:15:00+00:00,1.15855,1.15862,1.15851,1.15856,306
1788391800,2026-09-02 23:30:00+00:00,1.15856,1.15856,1.15844,1.15852,460
1788392700,2026-09-02 23:45:00+00:00,1.15852,1.15855,1.15846,1.15852,694
1788393600,2026-09-03 00:00:00+00:00,1.15852,1.15871,1.15835,1.15854,1140
1788394500,2026-09-03 00:15:00+00:00,1.15854,1.159,1.15854,1.15894,1028
1788395400,2026-09-03 00:30:00+00:00,1.15894,1.15897,1.15871,1.15875,1178
1788396300,2026-09-03 00:45:00+00:00,1.15876,1.15909,1.15869,1.15895,1163
1788397200,2026-09-03 01:00:00+00:00,1.15895,1.15902,1.15887,1.15894,1356
1788398100,2026-09-03 01:15:00+00:00,1.15894,1.15915,1.15875,1.15914,1151
1788399000,2026-09-03 01:30:00+00:00,1.15914,1.1593499999999999,1.15899,1.159,1334
1788399900,2026-09-03 01:45:00+00:00,1.159,1.15906,1.15851,1.15861,1129
1788400800,2026-09-03 02:00:00+00:00,1.15861,1.15883,1.15852,1.15871,1130
1788401700,2026-09-03 02:15:00+00:00,1.15871,1.15916,1.15854,1.15897,1625
1788402600,2026-09-03 02:30:00+00:00,1.15897,1.1595,1.15893,1.15909,1563
1788403500,2026-09-03 02:45:00+00:00,1.1590799999999999,1.1593499999999999,1.15895,1.15911,1433
1788404400,2026-09-03 03:00:00+00:00,1.15912,1.15974,1.15909,1.15956,1472
1788405300,2026-09-03 03:15:00+00:00,1.15956,1.15962,1.15943,1.15955,1057
1788406200,2026-09-03 03:30:00+00:00,1.15955,1.15978,1.15945,1.15976,803
1788407100,2026-09-03 03:45:00+00:00,1.15976,1.15979,1.15958,1.15966,740
1788408000,2026-09-03 04:00:00+00:00,1.15965,1.15976,1.1595,1.15971,740
1788408900,2026-09-03 04:15:00+00:00,1.15971,1.15975,1.1596,1.15974,451
1788409800,2026-09-03 04:30:00+00:00,1.15974,1.16003,1.1597,1.15995,997
1788410700,2026-09-03 04:45:00+00:00,1.1599599999999999,1.15997,1.15945,1.15955,798
1788411600,2026-09-03 05:00:00+00:00,1.15955,1.15962,1.1593499999999999,1.15944,724
1788412500,2026-09-03 05:15:00+00:00,1.15944,1.15992,1.15943,1.15977,1289
1788413400,2026-09-03 05:30:00+00:00,1.15977,1.15997,1.15971,1.15979,1266
1788414300,2026-09-03 05:45:00+00:00,1.1598,1.16005,1.15975,1.16001,1162
1788415200,2026-09-03 06:00:00+00:00,1.16,1.16002,1.15962,1.15975,2640
1788416100,2026-09-03 06:15:00+00:00,1.15975,1.16006,1.15965,1.16004,1896
1788417000,2026-09-03 06:30:00+00:00,1.16004,1.16079,1.16004,1.16069,2948
1788417900,2026-09-03 06:45:00+00:00,1.16069,1.16085,1.16044,1.16044,2128
1788418800,2026-09-03 07:00:00+00:00,1.16045,1.16148,1.16036,1.1607,3871
1788419700,2026-09-03 07:15:00+00:00,1.1607,1.16103,1.1604700000000001,1.16048,2544
1788420600,2026-09-03 07:30:00+00:00,1.16048,1.16082,1.16019,1.16025,4225
1788421500,2026-09-03 07:45:00+00:00,1.16025,1.16068,1.16018,1.1604,2402
1788422400,2026-09-03 08:00:00+00:00,1.1604,1.16086,1.15997,1.16013,3555
1788423300,2026-09-03 08:15:00+00:00,1.16012,1.1604700000000001,1.15998,1.16046,1763
1788424200,2026-09-03 08:30:00+00:00,1.16046,1.16066,1.1602000000000001,1.16065,1488
1788425100,2026-09-03 08:45:00+00:00,1.16065,1.16115,1.16065,1.1609,2166
1788426000,2026-09-03 09:00:00+00:00,1.1609,1.16124,1.16048,1.1605,3408
1788426900,2026-09-03 09:15:00+00:00,1.1605,1.16068,1.16021,1.16034,2266
1788427800,2026-09-03 09:30:00+00:00,1.16034,1.16051,1.16013,1.16045,1771
1788428700,2026-09-03 09:45:00+00:00,1.16045,1.16064,1.16035,1.1605699999999999,1936
1788429600,2026-09-03 10:00:00+00:00,1.16058,1.1607,1.16013,1.16015,2124
1788430500,2026-09-03 10:15:00+00:00,1.16014,1.16029,1.15999,1.16009,1949
1788431400,2026-09-03 10:30:00+00:00,1.16009,1.16015,1.15978,1.15987,1930
1788432300,2026-09-03 10:45:00+00:00,1.15987,1.16051,1.15983,1.16039,1402
1788433200,2026-09-03 11:00:00+00:00,1.16039,1.1608100000000001,1.16018,1.16075,2496
1788434100,2026-09-03 11:15:00+00:00,1.16075,1.16143,1.16074,1.161,2375
1788435000,2026-09-03 11:30:00+00:00,1.161,1.16117,1.16051,1.1609,1881
1788435900,2026-09-03 11:45:00+00:00,1.16089,1.16145,1.16079,1.16126,2416
1788436800,2026-09-03 12:00:00+00:00,1.16125,1.1617,1.16112,1.16132,2837
1788437700,2026-09-03 12:15:00+00:00,1.16133,1.16145,1.16083,1.16102,3292
1788438600,2026-09-03 12:30:00+00:00,1.16103,1.16253,1.161,1.16191,7172
1788439500,2026-09-03 12:45:00+00:00,1.16191,1.16303,1.16176,1.16257,5455
1788440400,2026-09-03 13:00:00+00:00,1.16257,1.16288,1.16214,1.16265,4445
1788441300,2026-09-03 13:15:00+00:00,1.16266,1.16279,1.16201,1.16233,3681
1788442200,2026-09-03 13:30:00+00:00,1.16233,1.16251,1.16187,1.16232,4414
1788443100,2026-09-03 13:45:00+00:00,1.16232,1.16281,1.16173,1.16268,3621
1788444000,2026-09-03 14:00:00+00:00,1.16268,1.16276,1.16201,1.16246,4708
1788444900,2026-09-03 14:15:00+00:00,1.16246,1.16255,1.16199,1.16231,3644
1788445800,2026-09-03 14:30:00+00:00,1.16231,1.16241,1.1614,1.1614,3759
1788446700,2026-09-03 14:45:00+00:00,1.1614,1.16206,1.16133,1.16183,4347
1788447600,2026-09-03 15:00:00+00:00,1.16183,1.16245,1.16176,1.16235,4010
1788448500,2026-09-03 15:15:00+00:00,1.16234,1.16248,1.16212,1.16241,3333
1788449400,2026-09-03 15:30:00+00:00,1.16241,1.16276,1.16185,1.16197,3004
1788450300,2026-09-03 15:45:00+00:00,1.16198,1.16237,1.16174,1.16229,2077
1788451200,2026-09-03 16:00:00+00:00,1.16229,1.1627399999999999,1.1621299999999999,1.16271,2096
1788452100,2026-09-03 16:15:00+00:00,1.16271,1.16356,1.16271,1.16353,1684
1788453000,2026-09-03 16:30:00+00:00,1.16352,1.16375,1.16339,1.16371,1697
1788453900,2026-09-03 16:45:00+00:00,1.1637,1.16413,1.16367,1.16369,1566
1788454800,2026-09-03 17:00:00+00:00,1.16369,1.1638600000000001,1.16354,1.16366,1518
1788455700,2026-09-03 17:15:00+00:00,1.16365,1.16382,1.16353,1.1637,1224
1788456600,2026-09-03 17:30:00+00:00,1.1637,1.1638,1.16361,1.16366,951
1788457500,2026-09-03 17:45:00+00:00,1.16366,1.16371,1.16327,1.16328,938
1788458400,2026-09-03 18:00:00+00:00,1.16328,1.16354,1.16317,1.16344,1076
1788459300,2026-09-03 18:15:00+00:00,1.16344,1.16364,1.1633499999999999,1.16351,873
1788460200,2026-09-03 18:30:00+00:00,1.16351,1.16354,1.16331,1.16332,945
1788461100,2026-09-03 18:45:00+00:00,1.16332,1.16348,1.16321,1.16346,803
1788462000,2026-09-03 19:00:00+00:00,1.16346,1.16352,1.1629,1.1629,960
1788462900,2026-09-03 19:15:00+00:00,1.1629,1.16297,1.16256,1.16268,1463
1788463800,2026-09-03 19:30:00+00:00,1.16268,1.16277,1.16253,1.16272,1540
1788464700,2026-09-03 19:45:00+00:00,1.16272,1.16306,1.16272,1.16287,1121
1788465600,2026-09-03 20:00:00+00:00,1.16287,1.16302,1.16279,1.16279,533
1788466500,2026-09-03 20:15:00+00:00,1.16279,1.16279,1.16259,1.1627,317
1788467400,2026-09-03 20:30:00+00:00,1.16271,1.16276,1.16259,1.16267,402
1788468300,2026-09-03 20:45:00+00:00,1.16267,1.16275,1.16252,1.16258,552
1788469200,2026-09-03 21:00:00+00:00,1.16255,1.16296,1.16251,1.16291,219
1788470100,2026-09-03 21:15:00+00:00,1.16291,1.16292,1.16246,1.1625,215
1788471000,2026-09-03 21:30:00+00:00,1.1625,1.16262,1.16246,1.16259,121
1788471900,2026-09-03 21:45:00+00:00,1.16259,1.1628,1.16257,1.16271,73
1788472800,2026-09-03 22:00:00+00:00,1.16271,1.16271,1.16244,1.1626400000000001,333
1788473700,2026-09-03 22:15:00+00:00,1.1626400000000001,1.16267,1.16255,1.1626,305
1788474600,2026-09-03 22:30:00+00:00,1.1626,1.16266,1.16249,1.16253,456
1788475500,2026-09-03 22:45:00+00:00,1.16253,1.16254,1.16229,1.16231,415
1788476400,2026-09-03 23:00:00+00:00,1.16231,1.1625,1.16229,1.16238,596
1788477300,2026-09-03 23:15:00+00:00,1.16238,1.16255,1.16238,1.1625,367
1788478200,2026-09-03 23:30:00+00:00,1.1625,1.16276,1.16248,1.16263,761
1788479100,2026-09-03 23:45:00+00:00,1.16262,1.16285,1.16259,1.16279,694
1788480000,2026-09-04 00:00:00+00:00,1.16279,1.16314,1.16275,1.16286,1850
1788480900,2026-09-04 00:15:00+00:00,1.16286,1.16291,1.1626,1.16261,1414
1788481800,2026-09-04 00:30:00+00:00,1.16261,1.16285,1.16252,1.16279,1354
1788482700,2026-09-04 00:45:00+00:00,1.16279,1.16311,1.16278,1.16278,1278
1788483600,2026-09-04 01:00:00+00:00,1.16279,1.16297,1.16273,1.1627399999999999,1272
1788484500,2026-09-04 01:15:00+00:00,1.1627399999999999,1.16315,1.1627,1.16292,1814
1788485400,2026-09-04 01:30:00+00:00,1.16292,1.16296,1.16278,1.16292,1181
1788486300,2026-09-04 01:45:00+00:00,1.16292,1.1630099999999999,1.1628,1.163,1051
1788487200,2026-09-04 02:00:00+00:00,1.1630099999999999,1.16331,1.16294,1.1630099999999999,1302
1788488100,2026-09-04 02:15:00+00:00,1.1630099999999999,1.16305,1.1626,1.1627399999999999,1004
1788489000,2026-09-04 02:30:00+00:00,1.1627399999999999,1.16291,1.1627,1.16281,723
1788489900,2026-09-04 02:45:00+00:00,1.16281,1.1629800000000001,1.16271,1.16276,623
1788490800,2026-09-04 03:00:00+00:00,1.16275,1.16284,1.16268,1.16281,1045
1788491700,2026-09-04 03:15:00+00:00,1.16281,1.16286,1.1627,1.16272,574
1788492600,2026-09-04 03:30:00+00:00,1.16272,1.16272,1.16229,1.16231,987
1788493500,2026-09-04 03:45:00+00:00,1.16231,1.16245,1.16225,1.16228,1114
1788494400,2026-09-04 04:00:00+00:00,1.16229,1.16277,1.16228,1.16255,1367
1788495300,2026-09-04 04:15:00+00:00,1.16255,1.16258,1.16235,1.16251,674
1788496200,2026-09-04 04:30:00+00:00,1.16251,1.16278,1.16245,1.16271,680
1788497100,2026-09-04 04:45:00+00:00,1.16271,1.16276,1.1626,1.16265,619
1788498000,2026-09-04 05:00:00+00:00,1.16265,1.16271,1.16246,1.1627,542
1788498900,2026-09-04 05:15:00+00:00,1.1627,1.16278,1.1626400000000001,1.16273,657
1788499800,2026-09-04 05:30:00+00:00,1.16273,1.16288,1.16263,1.16265,644
1788500700,2026-09-04 05:45:00+00:00,1.16265,1.16283,1.1625,1.16279,740
1788501600,2026-09-04 06:00:00+00:00,1.16279,1.16304,1.1627399999999999,1.1629800000000001,1586
1788502500,2026-09-04 06:15:00+00:00,1.1629800000000001,1.1629800000000001,1.16278,1.16291,1102
1788503400,2026-09-04 06:30:00+00:00,1.16291,1.163,1.1627,1.16286,1014
1788504300,2026-09-04 06:45:00+00:00,1.16286,1.16295,1.1627,1.16273,1099
1788505200,2026-09-04 07:00:00+00:00,1.1627399999999999,1.16299,1.1626,1.16261,1599
1788506100,2026-09-04 07:15:00+00:00,1.16261,1.16286,1.16256,1.16284,1433
1788507000,2026-09-04 07:30:00+00:00,1.16283,1.16289,1.1626,1.16282,1776
1788507900,2026-09-04 07:45:00+00:00,1.16283,1.16286,1.16211,1.16226,2106
1788508800,2026-09-04 08:00:00+00:00,1.16226,1.16235,1.16188,1.16196,1698
1788509700,2026-09-04 08:15:00+00:00,1.16195,1.16231,1.1619,1.16231,949
1788510600,2026-09-04 08:30:00+00:00,1.16231,1.16237,1.1621,1.16236,1171
1788511500,2026-09-04 08:45:00+00:00,1.16235,1.16255,1.16227,1.16251,1153
1788512400,2026-09-04 09:00:00+00:00,1.16251,1.16251,1.16215,1.16224,1461
1788513300,2026-09-04 09:15:00+00:00,1.16224,1.1623999999999999,1.16209,1.16218,1488
1788514200,2026-09-04 09:30:00+00:00,1.16218,1.16225,1.16189,1.16202,1885
1788515100,2026-09-04 09:45:00+00:00,1.1620300000000001,1.16209,1.16162,1.16171,1835
1788516000,2026-09-04 10:00:00+00:00,1.16171,1.16192,1.16167,1.1619,1263
1788516900,2026-09-04 10:15:00+00:00,1.1619,1.16209,1.16175,1.16181,1346
1788517800,2026-09-04 10:30:00+00:00,1.1618,1.1620300000000001,1.16171,1.162,1116
1788518700,2026-09-04 10:45:00+00:00,1.162,1.16233,1.162,1.16207,998
1788519600,2026-09-04 11:00:00+00:00,1.16207,1.16227,1.1620300000000001,1.16218,998
1788520500,2026-09-04 11:15:00+00:00,1.16218,1.16237,1.16209,1.16217,930
1788521400,2026-09-04 11:30:00+00:00,1.16217,1.16222,1.16195,1.16217,1343
1788522300,2026-09-04 11:45:00+00:00,1.16217,1.16239,1.16201,1.16205,1222
1788523200,2026-09-04 12:00:00+00:00,1.16206,1.16241,1.16204,1.16219,1637
1788524100,2026-09-04 12:15:00+00:00,1.16219,1.1627,1.16219,1.16259,2418
1788525000,2026-09-04 12:30:00+00:00,1.16259,1.16267,1.15849,1.15991,10706
1788525900,2026-09-04 12:45:00+00:00,1.15991,1.16045,1.15904,1.16017,8084
1788526800,2026-09-04 13:00:00+00:00,1.16017,1.1604,1.15964,1.16006,5319
1788527700,2026-09-04 13:15:00+00:00,1.16006,1.16156,1.16004,1.1615,4723
1788528600,2026-09-04 13:30:00+00:00,1.1615,1.16183,1.16096,1.16147,4864
1788529500,2026-09-04 13:45:00+00:00,1.16147,1.16232,1.16088,1.16102,4817
1788530400,2026-09-04 14:00:00+00:00,1.16102,1.16154,1.16087,1.16134,4925
1788531300,2026-09-04 14:15:00+00:00,1.16134,1.16176,1.16113,1.16155,3476
1788532200,2026-09-04 14:30:00+00:00,1.16155,1.16217,1.16147,1.16201,3896
1788533100,2026-09-04 14:45:00+00:00,1.16201,1.16211,1.16135,1.16154,4071
1788534000,2026-09-04 15:00:00+00:00,1.16154,1.16222,1.16123,1.16221,3507
1788534900,2026-09-04 15:15:00+00:00,1.16221,1.16227,1.16194,1.16195,2924
1788535800,2026-09-04 15:30:00+00:00,1.16195,1.16227,1.1619,1.162,1946
1788536700,2026-09-04 15:45:00+00:00,1.162,1.16233,1.16176,1.16177,1613
1788537600,2026-09-04 16:00:00+00:00,1.16177,1.16227,1.16176,1.16219,1617
1788538500,2026-09-04 16:15:00+00:00,1.16219,1.16246,1.16205,1.16212,1380
1788539400,2026-09-04 16:30:00+00:00,1.16212,1.16236,1.16201,1.16217,1153
1788540300,2026-09-04 16:45:00+00:00,1.16217,1.16228,1.16191,1.16206,1031
1788541200,2026-09-04 17:00:00+00:00,1.16206,1.16207,1.1615,1.16159,1637
1788542100,2026-09-04 17:15:00+00:00,1.16159,1.16177,1.16134,1.16136,1082
1788543000,2026-09-04 17:30:00+00:00,1.16136,1.16149,1.16126,1.16127,1239
1788543900,2026-09-04 17:45:00+00:00,1.16127,1.16143,1.1612,1.16124,988
1788544800,2026-09-04 18:00:00+00:00,1.16125,1.16134,1.16106,1.16112,1273
1788545700,2026-09-04 18:15:00+00:00,1.16112,1.16126,1.16103,1.16114,1018
1788546600,2026-09-04 18:30:00+00:00,1.16115,1.16125,1.16099,1.16099,897
1788547500,2026-09-04 18:45:00+00:00,1.161,1.16109,1.16085,1.16107,1026
1788548400,2026-09-04 19:00:00+00:00,1.16107,1.16128,1.16101,1.16121,735
1788549300,2026-09-04 19:15:00+00:00,1.16121,1.16147,1.16121,1.16147,709
1788550200,2026-09-04 19:30:00+00:00,1.16147,1.16159,1.16132,1.16156,887
1788551100,2026-09-04 19:45:00+00:00,1.16156,1.16156,1.16135,1.16145,988
1788552000,2026-09-04 20:00:00+00:00,1.16145,1.16153,1.16121,1.16126,378
1788552900,2026-09-04 20:15:00+00:00,1.16126,1.16137,1.1611799999999999,1.16132,298
1788553800,2026-09-04 20:30:00+00:00,1.16132,1.16133,1.16121,1.16126,165
1788554700,2026-09-04 20:45:00+00:00,1.16125,1.1614200000000001,1.16117,1.16132,727
1788728400,2026-09-06 21:00:00+00:00,1.16124,1.16132,1.16123,1.16123,65
1788729300,2026-09-06 21:15:00+00:00,1.16123,1.16123,1.16103,1.16104,24
1788730200,2026-09-06 21:30:00+00:00,1.16109,1.1611,1.1607,1.16098,296
1788731100,2026-09-06 21:45:00+00:00,1.16098,1.16103,1.16075,1.16077,205
1788732000,2026-09-06 22:00:00+00:00,1.16077,1.16127,1.16077,1.16126,640
1788732900,2026-09-06 22:15:00+00:00,1.16126,1.16133,1.16123,1.16128,470
1788733800,2026-09-06 22:30:00+00:00,1.16128,1.16128,1.16121,1.16126,264
1788734700,2026-09-06 22:45:00+00:00,1.16126,1.16138,1.16125,1.1613,192
1788735600,2026-09-06 23:00:00+00:00,1.1613,1.16156,1.16129,1.16153,367
1788736500,2026-09-06 23:15:00+00:00,1.16153,1.16154,1.16146,1.16146,261
1788737400,2026-09-06 23:30:00+00:00,1.16146,1.16161,1.1614,1.16156,541
1788738300,2026-09-06 23:45:00+00:00,1.16156,1.16157,1.1613,1.16131,695
1788739200,2026-09-07 00:00:00+00:00,1.16132,1.16153,1.16126,1.16145,1653
1788740100,2026-09-07 00:15:00+00:00,1.16145,1.16188,1.16144,1.16181,1250
1788741000,2026-09-07 00:30:00+00:00,1.16181,1.162,1.16176,1.16192,1105
1788741900,2026-09-07 00:45:00+00:00,1.16192,1.16202,1.1617,1.16183,1216
1788742800,2026-09-07 01:00:00+00:00,1.16183,1.16187,1.16156,1.16171,1988
1788743700,2026-09-07 01:15:00+00:00,1.16171,1.16176,1.16131,1.16163,1275
1788744600,2026-09-07 01:30:00+00:00,1.16163,1.16166,1.16131,1.16141,1098
1788745500,2026-09-07 01:45:00+00:00,1.16141,1.16164,1.1613,1.16135,943
1788746400,2026-09-07 02:00:00+00:00,1.16135,1.16137,1.16095,1.16097,1012
1788747300,2026-09-07 02:15:00+00:00,1.16096,1.16111,1.16088,1.16111,743
1788748200,2026-09-07 02:30:00+00:00,1.16111,1.1612,1.16089,1.16092,639
1788749100,2026-09-07 02:45:00+00:00,1.16092,1.16098,1.16074,1.16092,1006
1788750000,2026-09-07 03:00:00+00:00,1.16092,1.16102,1.16084,1.16094,855
1788750900,2026-09-07 03:15:00+00:00,1.16094,1.16121,1.16092,1.1612,890
1788751800,2026-09-07 03:30:00+00:00,1.1612,1.16122,1.16088,1.16095,700
1788752700,2026-09-07 03:45:00+00:00,1.16095,1.16117,1.1609,1.16116,625
1788753600,2026-09-07 04:00:00+00:00,1.16116,1.16119,1.161,1.16107,775
1788754500,2026-09-07 04:15:00+00:00,1.16107,1.16111,1.16098,1.16101,658
1788755400,2026-09-07 04:30:00+00:00,1.16101,1.16105,1.16083,1.16094,810
1788756300,2026-09-07 04:45:00+00:00,1.16094,1.1612,1.1609099999999999,1.16114,811
1788757200,2026-09-07 05:00:00+00:00,1.16113,1.16119,1.161,1.16104,858
1788758100,2026-09-07 05:15:00+00:00,1.16104,1.16112,1.1609099999999999,1.16104,552
1788759000,2026-09-07 05:30:00+00:00,1.16104,1.16116,1.16094,1.16105,989
1788759900,2026-09-07 05:45:00+00:00,1.16105,1.16144,1.16104,1.16144,1150
1788760800,2026-09-07 06:00:00+00:00,1.16144,1.16145,1.16103,1.16114,1907
1788761700,2026-09-07 06:15:00+00:00,1.16115,1.1616900000000001,1.1610800000000001,1.1616,2008
1788762600,2026-09-07 06:30:00+00:00,1.1616,1.16194,1.16159,1.1617,2086
1788763500,2026-09-07 06:45:00+00:00,1.1617,1.1617899999999999,1.16138,1.16146,1883
1788764400,2026-09-07 07:00:00+00:00,1.16147,1.16156,1.16113,1.16134,1858
1788765300,2026-09-07 07:15:00+00:00,1.16135,1.16177,1.16129,1.16172,1422
1788766200,2026-09-07 07:30:00+00:00,1.16172,1.16196,1.1614200000000001,1.16166,1952
1788767100,2026-09-07 07:45:00+00:00,1.16166,1.16239,1.1615,1.16236,2712
1788768000,2026-09-07 08:00:00+00:00,1.16236,1.16316,1.16217,1.16316,3731
1788768900,2026-09-07 08:15:00+00:00,1.16316,1.16358,1.16287,1.16324,4075
1788769800,2026-09-07 08:30:00+00:00,1.16324,1.16343,1.1625,1.16254,2809
1788770700,2026-09-07 08:45:00+00:00,1.16254,1.16262,1.16209,1.16211,1815
1788771600,2026-09-07 09:00:00+00:00,1.16211,1.16234,1.16202,1.16222,1312
1788772500,2026-09-07 09:15:00+00:00,1.16222,1.16251,1.16209,1.16241,1293
1788773400,2026-09-07 09:30:00+00:00,1.16241,1.1626,1.16208,1.16221,1110
1788774300,2026-09-07 09:45:00+00:00,1.16221,1.16231,1.16195,1.16204,1231
1788775200,2026-09-07 10:00:00+00:00,1.16204,1.16235,1.16198,1.16225,1156
1788776100,2026-09-07 10:15:00+00:00,1.16225,1.16252,1.1622,1.16237,1078
1788777000,2026-09-07 10:30:00+00:00,1.16237,1.16252,1.16228,1.16252,805
1788777900,2026-09-07 10:45:00+00:00,1.16252,1.16268,1.16233,1.16244,1635
1788778800,2026-09-07 11:00:00+00:00,1.16244,1.16256,1.1622,1.16235,1506
1788779700,2026-09-07 11:15:00+00:00,1.16235,1.16246,1.16223,1.16238,1184
1788780600,2026-09-07 11:30:00+00:00,1.16238,1.16249,1.16222,1.16234,1394
1788781500,2026-09-07 11:45:00+00:00,1.16234,1.16254,1.16219,1.1623,1267
1788782400,2026-09-07 12:00:00+00:00,1.1623,1.16248,1.16218,1.16221,1260
1788783300,2026-09-07 12:15:00+00:00,1.16221,1.16271,1.16209,1.16269,1598
1788784200,2026-09-07 12:30:00+00:00,1.16269,1.16282,1.16261,1.16279,1517
1788785100,2026-09-07 12:45:00+00:00,1.16279,1.16284,1.16246,1.1625,1656
1788786000,2026-09-07 13:00:00+00:00,1.1625,1.16265,1.1623999999999999,1.16265,1487
1788786900,2026-09-07 13:15:00+00:00,1.16265,1.16266,1.16239,1.16248,1141
1788787800,2026-09-07 13:30:00+00:00,1.16248,1.16266,1.16241,1.16261,1276
1788788700,2026-09-07 13:45:00+00:00,1.16261,1.16296,1.16261,1.16289,1872
1788789600,2026-09-07 14:00:00+00:00,1.16289,1.16321,1.1628,1.16311,1617
1788790500,2026-09-07 14:15:00+00:00,1.16311,1.1633,1.16295,1.16304,1806
1788791400,2026-09-07 14:30:00+00:00,1.16304,1.16308,1.16293,1.16299,1420
1788792300,2026-09-07 14:45:00+00:00,1.16299,1.16328,1.16271,1.16312,1804
1788793200,2026-09-07 15:00:00+00:00,1.16312,1.1632,1.1627,1.16275,2037
1788794100,2026-09-07 15:15:00+00:00,1.16275,1.16307,1.16268,1.16303,897
1788795000,2026-09-07 15:30:00+00:00,1.16303,1.16313,1.16285,1.16293,690
1788795900,2026-09-07 15:45:00+00:00,1.16293,1.16294,1.1626400000000001,1.16276,589
1788796800,2026-09-07 16:00:00+00:00,1.16276,1.16277,1.1626,1.1627,567
1788797700,2026-09-07 16:15:00+00:00,1.1627,1.1628,1.16263,1.16278,369
1788798600,2026-09-07 16:30:00+00:00,1.16278,1.16296,1.1627399999999999,1.16295,340
1788799500,2026-09-07 16:45:00+00:00,1.16295,1.16299,1.16281,1.16286,343
1788800400,2026-09-07 17:00:00+00:00,1.16286,1.16287,1.16259,1.16265,361
1788801300,2026-09-07 17:15:00+00:00,1.16265,1.16268,1.16253,1.16254,302
1788802200,2026-09-07 17:30:00+00:00,1.16254,1.16256,1.16247,1.16254,235
1788803100,2026-09-07 17:45:00+00:00,1.16254,1.16257,1.16244,1.16255,248
1788804000,2026-09-07 18:00:00+00:00,1.16255,1.16258,1.16246,1.16246,220
1788804900,2026-09-07 18:15:00+00:00,1.16246,1.1625,1.16235,1.16236,269
1788805800,2026-09-07 18:30:00+00:00,1.16236,1.16242,1.16235,1.1623999999999999,259
1788806700,2026-09-07 18:45:00+00:00,1.1623999999999999,1.16241,1.16229,1.16236,211
1788807600,2026-09-07 19:00:00+00:00,1.16236,1.16237,1.16229,1.16231,234
1788808500,2026-09-07 19:15:00+00:00,1.16231,1.16231,1.16224,1.16226,230
1788809400,2026-09-07 19:30:00+00:00,1.16226,1.16226,1.16211,1.16212,333
1788810300,2026-09-07 19:45:00+00:00,1.16212,1.16222,1.16211,1.16222,221
1788811200,2026-09-07 20:00:00+00:00,1.16222,1.16222,1.16214,1.16219,601
1788812100,2026-09-07 20:15:00+00:00,1.1622,1.16227,1.1622,1.16222,218
1788813000,2026-09-07 20:30:00+00:00,1.16222,1.16227,1.16219,1.16224,607
1788813900,2026-09-07 20:45:00+00:00,1.16224,1.16232,1.1622,1.16228,372
1788814800,2026-09-07 21:00:00+00:00,1.16232,1.1627,1.1621,1.16216,115
1788815700,2026-09-07 21:15:00+00:00,1.16216,1.16239,1.16216,1.16238,94
1788816600,2026-09-07 21:30:00+00:00,1.16238,1.16241,1.1622,1.16237,79
1788817500,2026-09-07 21:45:00+00:00,1.16237,1.16241,1.16217,1.16241,30
1788818400,2026-09-07 22:00:00+00:00,1.16241,1.16257,1.16235,1.16244,223
1788819300,2026-09-07 22:15:00+00:00,1.16243,1.16261,1.16241,1.1626,434
1788820200,2026-09-07 22:30:00+00:00,1.1626,1.1626,1.16245,1.16251,470
1788821100,2026-09-07 22:45:00+00:00,1.16251,1.16261,1.16245,1.16256,264
1788822000,2026-09-07 23:00:00+00:00,1.16256,1.16279,1.16254,1.16278,780
1788822900,2026-09-07 23:15:00+00:00,1.16278,1.16302,1.16271,1.16282,1181
1788823800,2026-09-07 23:30:00+00:00,1.16283,1.16294,1.16271,1.16293,1038
1788824700,2026-09-07 23:45:00+00:00,1.16293,1.16295,1.1626400000000001,1.16279,850
1788825600,2026-09-08 00:00:00+00:00,1.16278,1.16314,1.16247,1.1625,2455
1788826500,2026-09-08 00:15:00+00:00,1.16251,1.16278,1.1623999999999999,1.1627399999999999,1803
1788827400,2026-09-08 00:30:00+00:00,1.1627399999999999,1.16292,1.16261,1.16262,1249
1788828300,2026-09-08 00:45:00+00:00,1.16262,1.16276,1.16256,1.16265,1619
1788829200,2026-09-08 01:00:00+00:00,1.16265,1.16281,1.16257,1.16278,1520
1788830100,2026-09-08 01:15:00+00:00,1.16278,1.16329,1.16275,1.16318,1229
1788831000,2026-09-08 01:30:00+00:00,1.16319,1.16327,1.16296,1.16312,1540
1788831900,2026-09-08 01:45:00+00:00,1.16312,1.16334,1.16303,1.16333,1329
1788832800,2026-09-08 02:00:00+00:00,1.16333,1.16347,1.16305,1.16314,1770
1788833700,2026-09-08 02:15:00+00:00,1.16313,1.16334,1.16275,1.16286,1861
1788834600,2026-09-08 02:30:00+00:00,1.16286,1.16289,1.16238,1.16258,1511
1788835500,2026-09-08 02:45:00+00:00,1.16258,1.16262,1.16236,1.16239,997
1788836400,2026-09-08 03:00:00+00:00,1.16239,1.16256,1.1623,1.16244,882
1788837300,2026-09-08 03:15:00+00:00,1.16244,1.16263,1.16239,1.16254,791
1788838200,2026-09-08 03:30:00+00:00,1.16254,1.16261,1.1623999999999999,1.16259,777
1788839100,2026-09-08 03:45:00+00:00,1.16259,1.16273,1.16239,1.16244,1076
1788840000,2026-09-08 04:00:00+00:00,1.16243,1.16257,1.16238,1.16241,1078
1788840900,2026-09-08 04:15:00+00:00,1.16241,1.16252,1.16224,1.16232,783
1788841800,2026-09-08 04:30:00+00:00,1.16232,1.16248,1.16231,1.16247,758
1788842700,2026-09-08 04:45:00+00:00,1.16247,1.16252,1.1623,1.16249,739
1788843600,2026-09-08 05:00:00+00:00,1.16249,1.1626,1.16245,1.16254,652
1788844500,2026-09-08 05:15:00+00:00,1.16254,1.16266,1.16235,1.16237,1034
1788845400,2026-09-08 05:30:00+00:00,1.16237,1.1627,1.16233,1.16269,909
1788846300,2026-09-08 05:45:00+00:00,1.16269,1.16309,1.16266,1.16307,1316
1788847200,2026-09-08 06:00:00+00:00,1.16307,1.1636,1.16288,1.16302,2508
1788848100,2026-09-08 06:15:00+00:00,1.16302,1.16305,1.16232,1.16245,2489
1788849000,2026-09-08 06:30:00+00:00,1.16245,1.16259,1.1621299999999999,1.1625,1914
1788849900,2026-09-08 06:45:00+00:00,1.1625,1.16251,1.16208,1.16209,1390
1788850800,2026-09-08 07:00:00+00:00,1.16209,1.16234,1.16177,1.16189,2479
1788851700,2026-09-08 07:15:00+00:00,1.16189,1.16192,1.16133,1.16147,2323
1788852600,2026-09-08 07:30:00+00:00,1.16147,1.16166,1.16099,1.16124,1791
1788853500,2026-09-08 07:45:00+00:00,1.16124,1.16139,1.16098,1.16128,2016
1788854400,2026-09-08 08:00:00+00:00,1.16128,1.16165,1.161,1.16101,2774
1788855300,2026-09-08 08:15:00+00:00,1.16101,1.1615199999999999,1.16085,1.16135,1982
1788856200,2026-09-08 08:30:00+00:00,1.16134,1.16159,1.16116,1.16116,1782
1788857100,2026-09-08 08:45:00+00:00,1.16116,1.16144,1.16097,1.16106,2101
1788858000,2026-09-08 09:00:00+00:00,1.16106,1.1615199999999999,1.1609099999999999,1.1611799999999999,2005
1788858900,2026-09-08 09:15:00+00:00,1.1611799999999999,1.1613,1.16107,1.16116,1188
1788859800,2026-09-08 09:30:00+00:00,1.16116,1.16165,1.1610800000000001,1.1614,2272
1788860700,2026-09-08 09:45:00+00:00,1.1614,1.1615,1.16119,1.16141,1352
1788861600,2026-09-08 10:00:00+00:00,1.16141,1.1614200000000001,1.16114,1.16135,1269
1788862500,2026-09-08 10:15:00+00:00,1.16135,1.16166,1.16106,1.16116,2057
1788863400,2026-09-08 10:30:00+00:00,1.16116,1.16117,1.16089,1.16094,965
1788864300,2026-09-08 10:45:00+00:00,1.16094,1.16147,1.16092,1.16125,1066
1788865200,2026-09-08 11:00:00+00:00,1.16124,1.16144,1.1609099999999999,1.1610800000000001,1882
1788866100,2026-09-08 11:15:00+00:00,1.1610800000000001,1.16161,1.16103,1.16154,1448
1788867000,2026-09-08 11:30:00+00:00,1.16154,1.1619,1.16122,1.1613,1687
1788867900,2026-09-08 11:45:00+00:00,1.16131,1.16141,1.16079,1.16133,1721
1788868800,2026-09-08 12:00:00+00:00,1.16134,1.1615,1.1612,1.16128,2301
1788869700,2026-09-08 12:15:00+00:00,1.16128,1.16171,1.16107,1.16164,2636
1788870600,2026-09-08 12:30:00+00:00,1.16164,1.16191,1.16148,1.16158,3247
1788871500,2026-09-08 12:45:00+00:00,1.16158,1.1620300000000001,1.16148,1.1620300000000001,2658
1788872400,2026-09-08 13:00:00+00:00,1.1620300000000001,1.16251,1.16199,1.16238,2556
1788873300,2026-09-08 13:15:00+00:00,1.16238,1.16275,1.1622,1.16224,2530
1788874200,2026-09-08 13:30:00+00:00,1.16224,1.16244,1.16189,1.1621299999999999,3247
1788875100,2026-09-08 13:45:00+00:00,1.1621299999999999,1.16235,1.16197,1.16222,2496
1788876000,2026-09-08 14:00:00+00:00,1.16222,1.16251,1.1619,1.16198,2706
1788876900,2026-09-08 14:15:00+00:00,1.16198,1.1627399999999999,1.16189,1.1626,2059
1788877800,2026-09-08 14:30:00+00:00,1.1626,1.16309,1.16259,1.16304,2140
1788878700,2026-09-08 14:45:00+00:00,1.16304,1.16312,1.16262,1.1631,2682
1788879600,2026-09-08 15:00:00+00:00,1.1631,1.1634,1.16292,1.16313,2231
1788880500,2026-09-08 15:15:00+00:00,1.16313,1.1633,1.16288,1.16296,1973
1788881400,2026-09-08 15:30:00+00:00,1.16296,1.16312,1.16269,1.16276,1847
1788882300,2026-09-08 15:45:00+00:00,1.16276,1.16282,1.16263,1.16263,1516
1788883200,2026-09-08 16:00:00+00:00,1.16263,1.16266,1.16224,1.16224,1300
1788884100,2026-09-08 16:15:00+00:00,1.16224,1.16237,1.16209,1.16234,1452
1788885000,2026-09-08 16:30:00+00:00,1.16234,1.16241,1.16208,1.16214,972
1788885900,2026-09-08 16:45:00+00:00,1.16214,1.16242,1.16206,1.16234,1490
1788886800,2026-09-08 17:00:00+00:00,1.16234,1.1627399999999999,1.16234,1.1626400000000001,1352
1788887700,2026-09-08 17:15:00+00:00,1.1626400000000001,1.1627,1.1625,1.16261,675
1788888600,2026-09-08 17:30:00+00:00,1.16262,1.1626400000000001,1.16238,1.16243,684
1788889500,2026-09-08 17:45:00+00:00,1.16243,1.16266,1.16243,1.16261,583
1788890400,2026-09-08 18:00:00+00:00,1.16261,1.16269,1.16253,1.16256,697
1788891300,2026-09-08 18:15:00+00:00,1.16256,1.16278,1.16245,1.16277,1067
1788892200,2026-09-08 18:30:00+00:00,1.16277,1.16306,1.16272,1.16306,933
1788893100,2026-09-08 18:45:00+00:00,1.16306,1.16306,1.1622,1.16289,3538
1788894000,2026-09-08 19:00:00+00:00,1.1629,1.16303,1.16248,1.16261,1626
1788894900,2026-09-08 19:15:00+00:00,1.16261,1.16272,1.16253,1.16257,971
1788895800,2026-09-08 19:30:00+00:00,1.16257,1.16273,1.16248,1.1627,1013
1788896700,2026-09-08 19:45:00+00:00,1.1627,1.16271,1.16224,1.16232,1357
1788897600,2026-09-08 20:00:00+00:00,1.16232,1.16253,1.16226,1.16235,562
1788898500,2026-09-08 20:15:00+00:00,1.16235,1.16245,1.16218,1.16225,284
1788899400,2026-09-08 20:30:00+00:00,1.16225,1.16235,1.16217,1.16228,290
1788900300,2026-09-08 20:45:00+00:00,1.16228,1.16239,1.16222,1.16237,384
1788901200,2026-09-08 21:00:00+00:00,1.16242,1.16262,1.16237,1.1626,221
1788902100,2026-09-08 21:15:00+00:00,1.1626,1.1626,1.16229,1.16254,88
1788903000,2026-09-08 21:30:00+00:00,1.16254,1.16257,1.16237,1.1623999999999999,278
1788903900,2026-09-08 21:45:00+00:00,1.1623999999999999,1.16268,1.1623999999999999,1.16265,372
1788904800,2026-09-08 22:00:00+00:00,1.16265,1.16267,1.16243,1.16263,542
1788905700,2026-09-08 22:15:00+00:00,1.1626400000000001,1.1627399999999999,1.16263,1.1627399999999999,273
1788906600,2026-09-08 22:30:00+00:00,1.1627399999999999,1.16275,1.16254,1.16256,345
1788907500,2026-09-08 22:45:00+00:00,1.16256,1.16262,1.16252,1.16258,373
1788908400,2026-09-08 23:00:00+00:00,1.16258,1.1626400000000001,1.16252,1.16259,578
1788909300,2026-09-08 23:15:00+00:00,1.16259,1.16271,1.16257,1.16269,488
1788910200,2026-09-08 23:30:00+00:00,1.16269,1.16286,1.16257,1.16282,800
1788911100,2026-09-08 23:45:00+00:00,1.16282,1.16289,1.16267,1.16279,1186
1788912000,2026-09-09 00:00:00+00:00,1.16279,1.16316,1.16278,1.16305,1697
1788912900,2026-09-09 00:15:00+00:00,1.16305,1.16319,1.16299,1.16314,1534
1788913800,2026-09-09 00:30:00+00:00,1.16315,1.16316,1.16296,1.16306,1224
1788914700,2026-09-09 00:45:00+00:00,1.16306,1.16323,1.1629800000000001,1.16323,1076
1788915600,2026-09-09 01:00:00+00:00,1.16323,1.16324,1.16288,1.16314,1662
1788916500,2026-09-09 01:15:00+00:00,1.16313,1.16324,1.16277,1.16287,1040
1788917400,2026-09-09 01:30:00+00:00,1.16287,1.1629800000000001,1.16276,1.16288,1142
1788918300,2026-09-09 01:45:00+00:00,1.16288,1.16315,1.16288,1.16312,1265
1788919200,2026-09-09 02:00:00+00:00,1.16312,1.16313,1.16286,1.1630099999999999,921
1788920100,2026-09-09 02:15:00+00:00,1.1630099999999999,1.16303,1.16279,1.16284,1160
1788921000,2026-09-09 02:30:00+00:00,1.16284,1.16296,1.16281,1.16289,855
1788921900,2026-09-09 02:45:00+00:00,1.16289,1.16318,1.16288,1.16309,1028
1788922800,2026-09-09 03:00:00+00:00,1.16309,1.16318,1.1630099999999999,1.16308,1384
1788923700,2026-09-09 03:15:00+00:00,1.16309,1.16309,1.1629800000000001,1.16299,962
1788924600,2026-09-09 03:30:00+00:00,1.16299,1.16314,1.1629,1.16311,1173
1788925500,2026-09-09 03:45:00+00:00,1.16311,1.16321,1.16296,1.163,692
1788926400,2026-09-09 04:00:00+00:00,1.1630099999999999,1.16314,1.16296,1.16308,887
1788927300,2026-09-09 04:15:00+00:00,1.16309,1.16334,1.163,1.16326,890
1788928200,2026-09-09 04:30:00+00:00,1.16326,1.16332,1.1631,1.16313,815
1788929100,2026-09-09 04:45:00+00:00,1.16313,1.16329,1.16308,1.16328,888
1788930000,2026-09-09 05:00:00+00:00,1.16328,1.16351,1.16319,1.16339,1116
1788930900,2026-09-09 05:15:00+00:00,1.16339,1.16368,1.16333,1.16358,1169
1788931800,2026-09-09 05:30:00+00:00,1.16358,1.16364,1.16331,1.16333,902
1788932700,2026-09-09 05:45:00+00:00,1.16333,1.16351,1.1632,1.16342,1057
1788933600,2026-09-09 06:00:00+00:00,1.16342,1.16408,1.16342,1.16405,1674
1788934500,2026-09-09 06:15:00+00:00,1.16405,1.1645,1.16401,1.16402,2264
1788935400,2026-09-09 06:30:00+00:00,1.16402,1.1642299999999999,1.16372,1.16377,2014
1788936300,2026-09-09 06:45:00+00:00,1.16377,1.16398,1.1637,1.16383,1329
1788937200,2026-09-09 07:00:00+00:00,1.16383,1.16454,1.16383,1.16442,2494
1788938100,2026-09-09 07:15:00+00:00,1.16442,1.16456,1.16377,1.16393,2395
1788939000,2026-09-09 07:30:00+00:00,1.16393,1.1644700000000001,1.16374,1.1644700000000001,1924
1788939900,2026-09-09 07:45:00+00:00,1.1644700000000001,1.16494,1.16418,1.16427,2357
1788940800,2026-09-09 08:00:00+00:00,1.16427,1.16431,1.16361,1.16388,2499
1788941700,2026-09-09 08:15:00+00:00,1.16388,1.1639599999999999,1.1635900000000001,1.16367,1905
1788942600,2026-09-09 08:30:00+00:00,1.16368,1.16372,1.16338,1.16346,2046
1788943500,2026-09-09 08:45:00+00:00,1.16346,1.16369,1.1632500000000001,1.16327,1467
1788944400,2026-09-09 09:00:00+00:00,1.16327,1.1634,1.16305,1.16312,1568
1788945300,2026-09-09 09:15:00+00:00,1.16311,1.16347,1.1631,1.16331,1791
1788946200,2026-09-09 09:30:00+00:00,1.1633,1.16342,1.16299,1.163,1484
1788947100,2026-09-09 09:45:00+00:00,1.163,1.16304,1.16224,1.16236,2277
1788948000,2026-09-09 10:00:00+00:00,1.16236,1.16283,1.16218,1.1625,2014
1788948900,2026-09-09 10:15:00+00:00,1.1625,1.1627399999999999,1.16236,1.16265,1678
1788949800,2026-09-09 10:30:00+00:00,1.16265,1.16316,1.16261,1.16278,1560
1788950700,2026-09-09 10:45:00+00:00,1.16278,1.1633499999999999,1.16277,1.16303,1579
1788951600,2026-09-09 11:00:00+00:00,1.16303,1.16334,1.163,1.16331,1503
1788952500,2026-09-09 11:15:00+00:00,1.16331,1.16479,1.16321,1.16477,2001
1788953400,2026-09-09 11:30:00+00:00,1.16477,1.16479,1.1642299999999999,1.16437,1935
1788954300,2026-09-09 11:45:00+00:00,1.16437,1.1649,1.16428,1.16456,2939
1788955200,2026-09-09 12:00:00+00:00,1.1645699999999999,1.16543,1.1645699999999999,1.16524,2737
1788956100,2026-09-09 12:15:00+00:00,1.16524,1.16525,1.1645699999999999,1.16468,2384
1788957000,2026-09-09 12:30:00+00:00,1.16468,1.16489,1.16452,1.16464,2228
1788957900,2026-09-09 12:45:00+00:00,1.16464,1.1648,1.16426,1.16465,1828
1788958800,2026-09-09 13:00:00+00:00,1.16465,1.16488,1.16459,1.1648100000000001,2141
1788959700,2026-09-09 13:15:00+00:00,1.1648100000000001,1.1648100000000001,1.16448,1.16475,1983
1788960600,2026-09-09 13:30:00+00:00,1.16475,1.16495,1.16451,1.16486,2606
1788961500,2026-09-09 13:45:00+00:00,1.16486,1.165,1.16456,1.16474,2550
1788962400,2026-09-09 14:00:00+00:00,1.16474,1.16525,1.16465,1.16524,2920
1788963300,2026-09-09 14:15:00+00:00,1.16524,1.1653,1.1645,1.1647,3665
1788964200,2026-09-09 14:30:00+00:00,1.1647,1.16471,1.16444,1.16454,2363
1788965100,2026-09-09 14:45:00+00:00,1.16454,1.16485,1.16445,1.1648,2463
1788966000,2026-09-09 15:00:00+00:00,1.16479,1.16516,1.16229,1.16235,6898
1788966900,2026-09-09 15:15:00+00:00,1.16235,1.16256,1.16201,1.16251,4154
1788967800,2026-09-09 15:30:00+00:00,1.16251,1.16349,1.16235,1.16313,3236
1788968700,2026-09-09 15:45:00+00:00,1.16313,1.16329,1.16252,1.1627,2759
1788969600,2026-09-09 16:00:00+00:00,1.16271,1.1634,1.1627,1.1629800000000001,2768
1788970500,2026-09-09 16:15:00+00:00,1.1629800000000001,1.1630099999999999,1.16269,1.16295,2407
1788971400,2026-09-09 16:30:00+00:00,1.16295,1.1635900000000001,1.16287,1.1635,1604
1788972300,2026-09-09 16:45:00+00:00,1.1635,1.16397,1.16347,1.1635900000000001,1378
1788973200,2026-09-09 17:00:00+00:00,1.1635900000000001,1.16413,1.1635,1.16382,2166
1788974100,2026-09-09 17:15:00+00:00,1.16382,1.16408,1.16374,1.16404,1255
1788975000,2026-09-09 17:30:00+00:00,1.16404,1.16405,1.16363,1.16384,1216
1788975900,2026-09-09 17:45:00+00:00,1.16383,1.16389,1.16377,1.16382,797
1788976800,2026-09-09 18:00:00+00:00,1.16382,1.16397,1.16373,1.16381,883
1788977700,2026-09-09 18:15:00+00:00,1.16381,1.16382,1.1635,1.16357,750
1788978600,2026-09-09 18:30:00+00:00,1.16357,1.1635900000000001,1.16307,1.16308,1090
1788979500,2026-09-09 18:45:00+00:00,1.16308,1.1631,1.1628,1.16293,1038
1788980400,2026-09-09 19:00:00+00:00,1.16294,1.163,1.16257,1.16267,1194
1788981300,2026-09-09 19:15:00+00:00,1.16267,1.16296,1.16263,1.16275,1002
1788982200,2026-09-09 19:30:00+00:00,1.16275,1.16299,1.1627,1.1629800000000001,905
1788983100,2026-09-09 19:45:00+00:00,1.16299,1.16316,1.1629800000000001,1.16311,1277
1788984000,2026-09-09 20:00:00+00:00,1.16311,1.16312,1.16283,1.16291,391
1788984900,2026-09-09 20:15:00+00:00,1.16291,1.16294,1.16278,1.16294,230
1788985800,2026-09-09 20:30:00+00:00,1.16294,1.16317,1.16294,1.16312,345
1788986700,2026-09-09 20:45:00+00:00,1.16312,1.16337,1.16312,1.16334,642
1788987600,2026-09-09 21:00:00+00:00,1.16334,1.16365,1.16256,1.16361,373
1788988500,2026-09-09 21:15:00+00:00,1.16361,1.16361,1.16342,1.16355,97
1788989400,2026-09-09 21:30:00+00:00,1.16349,1.1635900000000001,1.16349,1.16355,92
1788990300,2026-09-09 21:45:00+00:00,1.16355,1.1635900000000001,1.16345,1.16349,266
1788991200,2026-09-09 22:00:00+00:00,1.16348,1.16372,1.1633499999999999,1.16356,266
1788992100,2026-09-09 22:15:00+00:00,1.16356,1.16385,1.16356,1.1638,501
1788993000,2026-09-09 22:30:00+00:00,1.1638,1.16384,1.1636199999999999,1.16376,507
1788993900,2026-09-09 22:45:00+00:00,1.16377,1.16381,1.16365,1.16377,842
1788994800,2026-09-09 23:00:00+00:00,1.16377,1.16382,1.16368,1.16378,406
1788995700,2026-09-09 23:15:00+00:00,1.16378,1.16381,1.16366,1.16368,310
1788996600,2026-09-09 23:30:00+00:00,1.16368,1.16374,1.1635,1.16361,431
1788997500,2026-09-09 23:45:00+00:00,1.1636199999999999,1.1636199999999999,1.16329,1.1634,569
1788998400,2026-09-10 00:00:00+00:00,1.1634,1.16344,1.16311,1.16337,1603
1788999300,2026-09-10 00:15:00+00:00,1.16336,1.16346,1.16306,1.16307,1126
1789000200,2026-09-10 00:30:00+00:00,1.16307,1.16323,1.16295,1.1632,1185
1789001100,2026-09-10 00:45:00+00:00,1.1632,1.1634,1.16308,1.16311,1562
1789002000,2026-09-10 01:00:00+00:00,1.16311,1.16356,1.16308,1.16353,1663
1789002900,2026-09-10 01:15:00+00:00,1.16353,1.16364,1.16322,1.16323,1467
1789003800,2026-09-10 01:30:00+00:00,1.16323,1.16344,1.1632,1.1634,1254
1789004700,2026-09-10 01:45:00+00:00,1.1634,1.16401,1.16336,1.1639599999999999,1320
1789005600,2026-09-10 02:00:00+00:00,1.1639599999999999,1.16411,1.16376,1.16382,1604
1789006500,2026-09-10 02:15:00+00:00,1.16382,1.16385,1.1636,1.16364,885
1789007400,2026-09-10 02:30:00+00:00,1.16364,1.16378,1.16341,1.16363,1018
1789008300,2026-09-10 02:45:00+00:00,1.1636199999999999,1.16399,1.16357,1.16399,896
1789009200,2026-09-10 03:00:00+00:00,1.16399,1.16402,1.16366,1.16367,901
1789010100,2026-09-10 03:15:00+00:00,1.16368,1.16378,1.1636199999999999,1.16374,925
1789011000,2026-09-10 03:30:00+00:00,1.16374,1.16379,1.16363,1.16369,595
1789011900,2026-09-10 03:45:00+00:00,1.16369,1.16389,1.16369,1.16387,350
1789012800,2026-09-10 04:00:00+00:00,1.16387,1.16404,1.16376,1.16393,663
1789013700,2026-09-10 04:15:00+00:00,1.16393,1.16399,1.16377,1.16378,710
1789014600,2026-09-10 04:30:00+00:00,1.16378,1.16391,1.16377,1.16378,929
1789015500,2026-09-10 04:45:00+00:00,1.16378,1.16383,1.1636199999999999,1.16368,687
1789016400,2026-09-10 05:00:00+00:00,1.16369,1.16383,1.16368,1.16383,868
1789017300,2026-09-10 05:15:00+00:00,1.16383,1.1639,1.16378,1.16388,819
1789018200,2026-09-10 05:30:00+00:00,1.16388,1.16403,1.16372,1.16374,1033
1789019100,2026-09-10 05:45:00+00:00,1.16374,1.16406,1.16374,1.16401,975
1789020000,2026-09-10 06:00:00+00:00,1.16401,1.16401,1.16376,1.16382,913
1789020900,2026-09-10 06:15:00+00:00,1.16382,1.16398,1.16376,1.16397,1048
1789021800,2026-09-10 06:30:00+00:00,1.16397,1.164,1.16378,1.16381,1070
1789022700,2026-09-10 06:45:00+00:00,1.16382,1.16402,1.16365,1.16399,1189
1789023600,2026-09-10 07:00:00+00:00,1.16398,1.16399,1.16356,1.16379,1606
1789024500,2026-09-10 07:15:00+00:00,1.16379,1.1639599999999999,1.16372,1.16389,1145
1789025400,2026-09-10 07:30:00+00:00,1.16389,1.16419,1.1638600000000001,1.16408,1453
1789026300,2026-09-10 07:45:00+00:00,1.16408,1.16414,1.16387,1.16398,1359
1789027200,2026-09-10 08:00:00+00:00,1.16398,1.164,1.16354,1.16357,1704
1789028100,2026-09-10 08:15:00+00:00,1.16357,1.16387,1.16354,1.1638600000000001,1497
1789029000,2026-09-10 08:30:00+00:00,1.1638600000000001,1.1639599999999999,1.16356,1.16365,1288
1789029900,2026-09-10 08:45:00+00:00,1.16365,1.16384,1.16343,1.16378,1436
1789030800,2026-09-10 09:00:00+00:00,1.16378,1.16403,1.1637,1.16402,1344
1789031700,2026-09-10 09:15:00+00:00,1.16402,1.16404,1.16352,1.16369,1208
1789032600,2026-09-10 09:30:00+00:00,1.16369,1.16369,1.16313,1.16331,1639
1789033500,2026-09-10 09:45:00+00:00,1.16331,1.16351,1.16313,1.16347,1596
1789034400,2026-09-10 10:00:00+00:00,1.16346,1.16381,1.1633499999999999,1.16353,1509
1789035300,2026-09-10 10:15:00+00:00,1.16353,1.1636199999999999,1.16304,1.16305,1488
1789036200,2026-09-10 10:30:00+00:00,1.16306,1.1631,1.16233,1.16239,2131
1789037100,2026-09-10 10:45:00+00:00,1.16238,1.16299,1.16233,1.16277,2149
1789038000,2026-09-10 11:00:00+00:00,1.16277,1.16286,1.16229,1.16244,1789
1789038900,2026-09-10 11:15:00+00:00,1.16244,1.16256,1.16216,1.16232,1861
1789039800,2026-09-10 11:30:00+00:00,1.16232,1.16263,1.16222,1.16262,1372
1789040700,2026-09-10 11:45:00+00:00,1.16263,1.16269,1.1615,1.1617,2112
1789041600,2026-09-10 12:00:00+00:00,1.1617,1.16194,1.16138,1.16154,2411
1789042500,2026-09-10 12:15:00+00:00,1.16153,1.16249,1.16102,1.16217,3261
1789043400,2026-09-10 12:30:00+00:00,1.16217,1.16278,1.15921,1.16013,6630
1789044300,2026-09-10 12:45:00+00:00,1.16013,1.16099,1.15999,1.1604700000000001,5509
1789045200,2026-09-10 13:00:00+00:00,1.1604700000000001,1.16075,1.16,1.16004,6347
1789046100,2026-09-10 13:15:00+00:00,1.16004,1.1605,1.15976,1.16028,4320
1789047000,2026-09-10 13:30:00+00:00,1.16028,1.1618,1.16017,1.16159,4562
1789047900,2026-09-10 13:45:00+00:00,1.16159,1.1619,1.16105,1.16113,3825
1789048800,2026-09-10 14:00:00+00:00,1.16113,1.16227,1.16113,1.16194,4567
1789049700,2026-09-10 14:15:00+00:00,1.16194,1.16252,1.16161,1.16214,4680
1789050600,2026-09-10 14:30:00+00:00,1.16214,1.16288,1.16199,1.16245,3801
1789051500,2026-09-10 14:45:00+00:00,1.16245,1.16295,1.16244,1.16294,3679
1789052400,2026-09-10 15:00:00+00:00,1.16294,1.16316,1.16252,1.16284,3612
1789053300,2026-09-10 15:15:00+00:00,1.16284,1.16311,1.16241,1.16249,2834
1789054200,2026-09-10 15:30:00+00:00,1.16249,1.16294,1.16247,1.16277,2147
1789055100,2026-09-10 15:45:00+00:00,1.16277,1.16303,1.16244,1.1628,2069
1789056000,2026-09-10 16:00:00+00:00,1.1628,1.16288,1.16236,1.16253,2382
1789056900,2026-09-10 16:15:00+00:00,1.16253,1.16287,1.16239,1.16259,1985
1789057800,2026-09-10 16:30:00+00:00,1.16259,1.1626400000000001,1.16196,1.16218,2272
1789058700,2026-09-10 16:45:00+00:00,1.16218,1.16221,1.16185,1.16194,1610
1789059600,2026-09-10 17:00:00+00:00,1.16194,1.16218,1.16164,1.16214,1753
1789060500,2026-09-10 17:15:00+00:00,1.16214,1.1623,1.16205,1.16212,1169
1789061400,2026-09-10 17:30:00+00:00,1.16212,1.16223,1.16186,1.16198,1268
1789062300,2026-09-10 17:45:00+00:00,1.16198,1.16215,1.16186,1.16194,1094
1789063200,2026-09-10 18:00:00+00:00,1.16194,1.16196,1.16127,1.16132,2278
1789064100,2026-09-10 18:15:00+00:00,1.16133,1.16167,1.16127,1.16153,1464
1789065000,2026-09-10 18:30:00+00:00,1.16153,1.16159,1.16131,1.16157,1293
1789065900,2026-09-10 18:45:00+00:00,1.16157,1.16161,1.16127,1.16137,1977
1789066800,2026-09-10 19:00:00+00:00,1.16137,1.16137,1.1609,1.16098,1861
1789067700,2026-09-10 19:15:00+00:00,1.16098,1.16128,1.16094,1.16117,1237
1789068600,2026-09-10 19:30:00+00:00,1.1611799999999999,1.16129,1.16101,1.16115,1226
1789069500,2026-09-10 19:45:00+00:00,1.16115,1.16123,1.16097,1.16102,846
1789070400,2026-09-10 20:00:00+00:00,1.16102,1.16102,1.16087,1.16094,583
1789071300,2026-09-10 20:15:00+00:00,1.16094,1.16096,1.16052,1.16067,483
1789072200,2026-09-10 20:30:00+00:00,1.16067,1.16093,1.16067,1.16072,602
1789073100,2026-09-10 20:45:00+00:00,1.16072,1.16119,1.16072,1.16117,840
1789074000,2026-09-10 21:00:00+00:00,1.16114,1.16166,1.16078,1.1609099999999999,354
1789074900,2026-09-10 21:15:00+00:00,1.1609099999999999,1.16096,1.16076,1.16089,302
1789075800,2026-09-10 21:30:00+00:00,1.16089,1.16099,1.1608,1.16092,336
1789076700,2026-09-10 21:45:00+00:00,1.16093,1.16109,1.16071,1.16101,439
1789077600,2026-09-10 22:00:00+00:00,1.16101,1.16113,1.16064,1.16086,853
1789078500,2026-09-10 22:15:00+00:00,1.16086,1.16103,1.16085,1.1609099999999999,627
1789079400,2026-09-10 22:30:00+00:00,1.1609099999999999,1.161,1.16084,1.16093,491
1789080300,2026-09-10 22:45:00+00:00,1.16093,1.16112,1.16093,1.16102,482
1789081200,2026-09-10 23:00:00+00:00,1.16102,1.16112,1.16085,1.16094,647
1789082100,2026-09-10 23:15:00+00:00,1.16094,1.16104,1.16085,1.16087,570
1789083000,2026-09-10 23:30:00+00:00,1.16087,1.16103,1.1608100000000001,1.16102,738
1789083900,2026-09-10 23:45:00+00:00,1.16102,1.16111,1.1609,1.16111,1213
1789084800,2026-09-11 00:00:00+00:00,1.16111,1.16146,1.16109,1.16128,1994
1789085700,2026-09-11 00:15:00+00:00,1.16128,1.16144,1.16112,1.16133,1649
1789086600,2026-09-11 00:30:00+00:00,1.16133,1.16141,1.16121,1.16133,1440
1789087500,2026-09-11 00:45:00+00:00,1.16133,1.16154,1.1613,1.16153,1513
1789088400,2026-09-11 01:00:00+00:00,1.16153,1.16171,1.16147,1.16164,2469
1789089300,2026-09-11 01:15:00+00:00,1.16164,1.16175,1.16146,1.16155,2036
1789090200,2026-09-11 01:30:00+00:00,1.16155,1.16167,1.1614,1.1614200000000001,2036
1789091100,2026-09-11 01:45:00+00:00,1.1614200000000001,1.16143,1.16109,1.16125,1849
1789092000,2026-09-11 02:00:00+00:00,1.16126,1.16127,1.16089,1.16097,1490
1789092900,2026-09-11 02:15:00+00:00,1.16097,1.16098,1.16059,1.16062,1598
1789093800,2026-09-11 02:30:00+00:00,1.16061,1.16083,1.16055,1.1607,1683
1789094700,2026-09-11 02:45:00+00:00,1.1607,1.16088,1.16069,1.16074,1155
1789095600,2026-09-11 03:00:00+00:00,1.16074,1.16079,1.16051,1.16071,1151
1789096500,2026-09-11 03:15:00+00:00,1.16071,1.16073,1.16011,1.16012,1709
1789097400,2026-09-11 03:30:00+00:00,1.16011,1.16025,1.16001,1.16016,1271
1789098300,2026-09-11 03:45:00+00:00,1.16017,1.1602999999999999,1.1599599999999999,1.16017,1040
1789099200,2026-09-11 04:00:00+00:00,1.16016,1.1607,1.16004,1.16062,1533
1789100100,2026-09-11 04:15:00+00:00,1.16062,1.1608,1.16061,1.16077,1309
1789101000,2026-09-11 04:30:00+00:00,1.16078,1.1608,1.16052,1.16061,1254
1789101900,2026-09-11 04:45:00+00:00,1.16061,1.16067,1.16045,1.16046,1375
1789102800,2026-09-11 05:00:00+00:00,1.16046,1.16092,1.16043,1.1609,1689
1789103700,2026-09-11 05:15:00+00:00,1.1609,1.16107,1.16088,1.16104,1401
1789104600,2026-09-11 05:30:00+00:00,1.16103,1.16138,1.16103,1.16116,2203
1789105500,2026-09-11 05:45:00+00:00,1.16116,1.16132,1.16093,1.16098,1835
1789106400,2026-09-11 06:00:00+00:00,1.16098,1.16134,1.16089,1.16126,2806
1789107300,2026-09-11 06:15:00+00:00,1.16126,1.16138,1.16104,1.16111,2413
1789108200,2026-09-11 06:30:00+00:00,1.16111,1.16125,1.1609099999999999,1.161,1726
1789109100,2026-09-11 06:45:00+00:00,1.16101,1.16123,1.1609,1.16099,1683
1789110000,2026-09-11 07:00:00+00:00,1.16099,1.16111,1.16071,1.16079,2082
1789110900,2026-09-11 07:15:00+00:00,1.1608,1.16107,1.1606,1.16072,1499
1789111800,2026-09-11 07:30:00+00:00,1.16072,1.1609,1.16041,1.16043,1598
1789112700,2026-09-11 07:45:00+00:00,1.16042,1.1605699999999999,1.16014,1.16055,1628
1789113600,2026-09-11 08:00:00+00:00,1.16055,1.16061,1.16025,1.16042,2110
1789114500,2026-09-11 08:15:00+00:00,1.16042,1.1608100000000001,1.16018,1.16018,2523
1789115400,2026-09-11 08:30:00+00:00,1.16019,1.16051,1.16015,1.1604700000000001,1830
1789116300,2026-09-11 08:45:00+00:00,1.1604700000000001,1.16052,1.15981,1.15991,1900
1789117200,2026-09-11 09:00:00+00:00,1.15991,1.16024,1.15958,1.15975,1996
1789118100,2026-09-11 09:15:00+00:00,1.15975,1.16017,1.15964,1.15999,1747
1789119000,2026-09-11 09:30:00+00:00,1.15999,1.16004,1.15975,1.15989,1245
1789119900,2026-09-11 09:45:00+00:00,1.15989,1.15989,1.15951,1.15962,1857
1789120800,2026-09-11 10:00:00+00:00,1.15962,1.15994,1.15939,1.15961,2147
1789121700,2026-09-11 10:15:00+00:00,1.15961,1.15962,1.15918,1.15921,1615
1789122600,2026-09-11 10:30:00+00:00,1.15922,1.15933,1.15901,1.15913,1863
1789123500,2026-09-11 10:45:00+00:00,1.15913,1.15923,1.159,1.15921,1522
1789124400,2026-09-11 11:00:00+00:00,1.15921,1.15949,1.15915,1.15941,1689
1789125300,2026-09-11 11:15:00+00:00,1.15941,1.15942,1.15914,1.1593499999999999,1657
1789126200,2026-09-11 11:30:00+00:00,1.1593499999999999,1.15948,1.15913,1.15937,1900
1789127100,2026-09-11 11:45:00+00:00,1.15936,1.15956,1.15907,1.15914,1880
1789128000,2026-09-11 12:00:00+00:00,1.15914,1.1595,1.15914,1.15926,2585
1789128900,2026-09-11 12:15:00+00:00,1.15926,1.15977,1.15909,1.15957,3153
1789129800,2026-09-11 12:30:00+00:00,1.15957,1.15966,1.15692,1.15943,10617
1789130700,2026-09-11 12:45:00+00:00,1.15943,1.1604,1.15938,1.16031,6118
1789131600,2026-09-11 13:00:00+00:00,1.16031,1.16092,1.15997,1.16028,6626
1789132500,2026-09-11 13:15:00+00:00,1.16028,1.16086,1.15985,1.16042,5666
1789133400,2026-09-11 13:30:00+00:00,1.16042,1.1610800000000001,1.16008,1.16033,5507
1789134300,2026-09-11 13:45:00+00:00,1.16034,1.16135,1.16027,1.16125,4476
1789135200,2026-09-11 14:00:00+00:00,1.16125,1.16154,1.16075,1.16109,5244
1789136100,2026-09-11 14:15:00+00:00,1.16109,1.16133,1.16071,1.1608,3897
1789137000,2026-09-11 14:30:00+00:00,1.1608,1.16112,1.1605699999999999,1.16094,4230
1789137900,2026-09-11 14:45:00+00:00,1.16093,1.16149,1.16089,1.1614,4532
1789138800,2026-09-11 15:00:00+00:00,1.1614,1.16153,1.16055,1.16075,4337
1789139700,2026-09-11 15:15:00+00:00,1.16075,1.16093,1.16041,1.16048,2812
1789140600,2026-09-11 15:30:00+00:00,1.16048,1.16055,1.16011,1.16026,2350
1789141500,2026-09-11 15:45:00+00:00,1.16026,1.16037,1.16002,1.16034,2224
1789142400,2026-09-11 16:00:00+00:00,1.16034,1.1605,1.16017,1.16021,2169
1789143300,2026-09-11 16:15:00+00:00,1.16019,1.16073,1.16019,1.16048,2528
1789144200,2026-09-11 16:30:00+00:00,1.16048,1.1605699999999999,1.15998,1.16002,3042
1789145100,2026-09-11 16:45:00+00:00,1.16002,1.16027,1.15984,1.1599599999999999,1796
1789146000,2026-09-11 17:00:00+00:00,1.15997,1.15998,1.15961,1.1597,1904
1789146900,2026-09-11 17:15:00+00:00,1.1597,1.16008,1.15964,1.15993,1815
1789147800,2026-09-11 17:30:00+00:00,1.15993,1.16005,1.15981,1.15993,1210
1789148700,2026-09-11 17:45:00+00:00,1.15993,1.16004,1.15977,1.15982,1222
1789149600,2026-09-11 18:00:00+00:00,1.15982,1.15998,1.1598,1.15984,1171
1789150500,2026-09-11 18:15:00+00:00,1.15984,1.15988,1.1595,1.1595900000000001,2075
1789151400,2026-09-11 18:30:00+00:00,1.1595900000000001,1.15963,1.15922,1.15928,1378
1789152300,2026-09-11 18:45:00+00:00,1.15928,1.15958,1.15918,1.15956,1488
1789153200,2026-09-11 19:00:00+00:00,1.15957,1.15973,1.15932,1.15971,1697
1789154100,2026-09-11 19:15:00+00:00,1.15971,1.15977,1.15954,1.1596,1103
1789155000,2026-09-11 19:30:00+00:00,1.1596,1.15972,1.15947,1.15957,820
1789155900,2026-09-11 19:45:00+00:00,1.15957,1.15965,1.15942,1.1595900000000001,1204
1789156800,2026-09-11 20:00:00+00:00,1.1595900000000001,1.15968,1.15928,1.15942,670
1789157700,2026-09-11 20:15:00+00:00,1.15942,1.15947,1.1593,1.15939,372
1789158600,2026-09-11 20:30:00+00:00,1.15939,1.15945,1.15917,1.15945,785
1789159500,2026-09-11 20:45:00+00:00,1.15945,1.1598600000000001,1.15937,1.15983,1539
1789333200,2026-09-13 21:00:00+00:00,1.1595,1.15975,1.1595,1.1596899999999999,123
1789334100,2026-09-13 21:15:00+00:00,1.1596899999999999,1.15985,1.15949,1.1597,72
1789335000,2026-09-13 21:30:00+00:00,1.1597,1.15977,1.1596899999999999,1.15974,148
1789335900,2026-09-13 21:45:00+00:00,1.15974,1.15977,1.1595,1.1595900000000001,289
1789336800,2026-09-13 22:00:00+00:00,1.1595900000000001,1.15975,1.15939,1.15946,1241
1789337700,2026-09-13 22:15:00+00:00,1.15946,1.15953,1.15901,1.15914,919
1789338600,2026-09-13 22:30:00+00:00,1.15914,1.15924,1.15896,1.15919,871
1789339500,2026-09-13 22:45:00+00:00,1.15919,1.1592,1.15895,1.1590799999999999,797
1789340400,2026-09-13 23:00:00+00:00,1.1590799999999999,1.15928,1.15905,1.1591,827
1789341300,2026-09-13 23:15:00+00:00,1.1591,1.15912,1.15896,1.15911,574
1789342200,2026-09-13 23:30:00+00:00,1.15911,1.15918,1.1589800000000001,1.15913,721
1789343100,2026-09-13 23:45:00+00:00,1.15912,1.15943,1.1591,1.15933,1216
1789344000,2026-09-14 00:00:00+00:00,1.15933,1.15957,1.15917,1.15927,2114
1789344900,2026-09-14 00:15:00+00:00,1.15927,1.15936,1.15852,1.15857,1929
1789345800,2026-09-14 00:30:00+00:00,1.15857,1.15879,1.15849,1.15858,1308
1789346700,2026-09-14 00:45:00+00:00,1.15858,1.15888,1.15857,1.15876,1167
1789347600,2026-09-14 01:00:00+00:00,1.15877,1.15881,1.15838,1.1584,2188
1789348500,2026-09-14 01:15:00+00:00,1.1584,1.15877,1.15834,1.15875,1503
1789349400,2026-09-14 01:30:00+00:00,1.15875,1.15886,1.1585,1.15886,1757
1789350300,2026-09-14 01:45:00+00:00,1.15886,1.15887,1.15856,1.1586,1252
1789351200,2026-09-14 02:00:00+00:00,1.1586,1.15885,1.15855,1.15873,896
1789352100,2026-09-14 02:15:00+00:00,1.15873,1.15879,1.15867,1.15872,853
1789353000,2026-09-14 02:30:00+00:00,1.15872,1.15876,1.15841,1.15849,1181
1789353900,2026-09-14 02:45:00+00:00,1.15849,1.15857,1.1581,1.15816,925
1789354800,2026-09-14 03:00:00+00:00,1.15816,1.15817,1.15751,1.15754,1381
1789355700,2026-09-14 03:15:00+00:00,1.15754,1.15762,1.15727,1.15738,1178
1789356600,2026-09-14 03:30:00+00:00,1.15737,1.15738,1.15694,1.15697,1121
1789357500,2026-09-14 03:45:00+00:00,1.15697,1.15712,1.1569,1.15705,675
1789358400,2026-09-14 04:00:00+00:00,1.15705,1.15708,1.1567,1.15682,852
1789359300,2026-09-14 04:15:00+00:00,1.15682,1.15688,1.15649,1.15652,882
1789360200,2026-09-14 04:30:00+00:00,1.15652,1.15665,1.15623,1.15627,901
1789361100,2026-09-14 04:45:00+00:00,1.15627,1.15664,1.15622,1.15655,932
1789362000,2026-09-14 05:00:00+00:00,1.15655,1.15656,1.15635,1.15648,695
1789362900,2026-09-14 05:15:00+00:00,1.15648,1.15686,1.15644,1.15677,758
1789363800,2026-09-14 05:30:00+00:00,1.15677,1.15702,1.15673,1.15695,1023
1789364700,2026-09-14 05:45:00+00:00,1.15695,1.15705,1.15677,1.15699,993
1789365600,2026-09-14 06:00:00+00:00,1.15699,1.15703,1.15568,1.15589,2538
1789366500,2026-09-14 06:15:00+00:00,1.15589,1.15589,1.15513,1.15551,2405
1789367400,2026-09-14 06:30:00+00:00,1.15551,1.15601,1.15551,1.1559,1986
1789368300,2026-09-14 06:45:00+00:00,1.1559,1.15597,1.1550799999999999,1.15526,2816
1789369200,2026-09-14 07:00:00+00:00,1.15526,1.15572,1.15514,1.15571,2650
1789370100,2026-09-14 07:15:00+00:00,1.15571,1.15579,1.15541,1.15544,1824
1789371000,2026-09-14 07:30:00+00:00,1.15545,1.15546,1.15477,1.15491,1749
1789371900,2026-09-14 07:45:00+00:00,1.15491,1.15501,1.15427,1.15445,2564
1789372800,2026-09-14 08:00:00+00:00,1.15445,1.15449,1.15364,1.15365,2621
1789373700,2026-09-14 08:15:00+00:00,1.15365,1.15377,1.15345,1.15355,2189
1789374600,2026-09-14 08:30:00+00:00,1.15354,1.15406,1.1534200000000001,1.15372,2035
1789375500,2026-09-14 08:45:00+00:00,1.15372,1.15408,1.1537,1.1538,1613
1789376400,2026-09-14 09:00:00+00:00,1.15381,1.15415,1.15374,1.15381,2125
1789377300,2026-09-14 09:15:00+00:00,1.15381,1.15434,1.15353,1.15432,2205
1789378200,2026-09-14 09:30:00+00:00,1.15432,1.15456,1.15407,1.15426,2429
1789379100,2026-09-14 09:45:00+00:00,1.15426,1.15439,1.15408,1.15418,2238
1789380000,2026-09-14 10:00:00+00:00,1.15418,1.15418,1.15378,1.15405,2248
1789380900,2026-09-14 10:15:00+00:00,1.15405,1.15419,1.1537,1.15411,1665
1789381800,2026-09-14 10:30:00+00:00,1.15411,1.15419,1.15397,1.15409,1478
1789382700,2026-09-14 10:45:00+00:00,1.15408,1.15417,1.15379,1.15404,1462
1789383600,2026-09-14 11:00:00+00:00,1.1540300000000001,1.1545,1.15402,1.1545,1587
1789384500,2026-09-14 11:15:00+00:00,1.1545,1.15487,1.15442,1.15482,1608
1789385400,2026-09-14 11:30:00+00:00,1.15482,1.1549800000000001,1.1547,1.1547,1675
1789386300,2026-09-14 11:45:00+00:00,1.1547,1.15484,1.15443,1.15479,1684
1789387200,2026-09-14 12:00:00+00:00,1.15478,1.15521,1.1547,1.15491,1762
1789388100,2026-09-14 12:15:00+00:00,1.15491,1.15511,1.1540300000000001,1.1541,2900
1789389000,2026-09-14 12:30:00+00:00,1.1541,1.15422,1.15296,1.15339,3340
1789389900,2026-09-14 12:45:00+00:00,1.15339,1.15358,1.15296,1.15323,2965
1789390800,2026-09-14 13:00:00+00:00,1.15324,1.15367,1.15294,1.15363,2853
1789391700,2026-09-14 13:15:00+00:00,1.15363,1.15371,1.15335,1.1535,2042
1789392600,2026-09-14 13:30:00+00:00,1.15349,1.15373,1.15321,1.1534200000000001,2479
1789393500,2026-09-14 13:45:00+00:00,1.1534200000000001,1.15349,1.15231,1.15252,3122
1789394400,2026-09-14 14:00:00+00:00,1.15252,1.15357,1.15237,1.1535199999999999,3159
1789395300,2026-09-14 14:15:00+00:00,1.1535199999999999,1.1537,1.15282,1.15318,3298
1789396200,2026-09-14 14:30:00+00:00,1.15317,1.15422,1.15313,1.1542,3120
1789397100,2026-09-14 14:45:00+00:00,1.15419,1.15428,1.15359,1.15371,2730
1789398000,2026-09-14 15:00:00+00:00,1.15371,1.15475,1.15359,1.15411,4471
1789398900,2026-09-14 15:15:00+00:00,1.1541,1.15434,1.15381,1.15416,2122
1789399800,2026-09-14 15:30:00+00:00,1.15416,1.15501,1.15391,1.15483,4289
1789400700,2026-09-14 15:45:00+00:00,1.15483,1.15494,1.1545,1.15481,3009
1789401600,2026-09-14 16:00:00+00:00,1.15481,1.15525,1.15478,1.15507,2476
1789402500,2026-09-14 16:15:00+00:00,1.15506,1.15536,1.15504,1.15511,2510
1789403400,2026-09-14 16:30:00+00:00,1.15511,1.1559,1.15494,1.15581,2904
1789404300,2026-09-14 16:45:00+00:00,1.15581,1.15635,1.15576,1.15602,4713
1789405200,2026-09-14 17:00:00+00:00,1.15601,1.15615,1.15582,1.15585,1736
1789406100,2026-09-14 17:15:00+00:00,1.15585,1.15594,1.15576,1.1558,1672
1789407000,2026-09-14 17:30:00+00:00,1.1558,1.15586,1.15548,1.15555,1382
1789407900,2026-09-14 17:45:00+00:00,1.15555,1.15581,1.15544,1.15561,963
1789408800,2026-09-14 18:00:00+00:00,1.15561,1.15584,1.15548,1.15575,2249
1789409700,2026-09-14 18:15:00+00:00,1.15576,1.15579,1.1556,1.15565,975
1789410600,2026-09-14 18:30:00+00:00,1.15565,1.1559300000000001,1.15564,1.15575,1126
1789411500,2026-09-14 18:45:00+00:00,1.15575,1.15576,1.1555,1.1557,1585
1789412400,2026-09-14 19:00:00+00:00,1.1557,1.15576,1.15556,1.15568,1424
1789413300,2026-09-14 19:15:00+00:00,1.15567,1.1556899999999999,1.15529,1.15529,3088
1789414200,2026-09-14 19:30:00+00:00,1.15529,1.1553,1.15509,1.15515,1777
1789415100,2026-09-14 19:45:00+00:00,1.15515,1.15516,1.15468,1.15473,2992
1789416000,2026-09-14 20:00:00+00:00,1.15472,1.15473,1.15445,1.15465,1360
1789416900,2026-09-14 20:15:00+00:00,1.15465,1.1547399999999999,1.15455,1.15467,376
1789417800,2026-09-14 20:30:00+00:00,1.15467,1.15489,1.15465,1.15489,719
1789418700,2026-09-14 20:45:00+00:00,1.15489,1.15506,1.15485,1.15493,374
1789419600,2026-09-14 21:00:00+00:00,1.15493,1.15519,1.15453,1.15514,160
1789420500,2026-09-14 21:15:00+00:00,1.15514,1.15515,1.15486,1.15515,190
1789421400,2026-09-14 21:30:00+00:00,1.15515,1.15515,1.15488,1.15497,145
1789422300,2026-09-14 21:45:00+00:00,1.15497,1.15521,1.15497,1.155,351
1789423200,2026-09-14 22:00:00+00:00,1.155,1.1550799999999999,1.15486,1.15497,472
1789424100,2026-09-14 22:15:00+00:00,1.15497,1.15503,1.15494,1.15497,404
1789425000,2026-09-14 22:30:00+00:00,1.15497,1.15516,1.15496,1.1550799999999999,425
1789425900,2026-09-14 22:45:00+00:00,1.1550799999999999,1.1552,1.15505,1.15517,366
1789426800,2026-09-14 23:00:00+00:00,1.15517,1.15521,1.15512,1.15514,544
1789427700,2026-09-14 23:15:00+00:00,1.15514,1.15514,1.15497,1.15499,398
1789428600,2026-09-14 23:30:00+00:00,1.15499,1.155,1.15477,1.15488,592
1789429500,2026-09-14 23:45:00+00:00,1.15488,1.1549,1.15467,1.15479,875
1789430400,2026-09-15 00:00:00+00:00,1.15479,1.15484,1.15459,1.15464,2299
1789431300,2026-09-15 00:15:00+00:00,1.15465,1.15469,1.15436,1.1543700000000001,1596
1789432200,2026-09-15 00:30:00+00:00,1.1543700000000001,1.15446,1.15431,1.15438,1206
1789433100,2026-09-15 00:45:00+00:00,1.1544,1.15455,1.15433,1.15436,1090
1789434000,2026-09-15 01:00:00+00:00,1.1543700000000001,1.1544,1.15414,1.15423,1424
1789434900,2026-09-15 01:15:00+00:00,1.15423,1.15435,1.15377,1.15384,979
1789435800,2026-09-15 01:30:00+00:00,1.15384,1.15398,1.15373,1.15373,1011
1789436700,2026-09-15 01:45:00+00:00,1.15373,1.15397,1.15372,1.15382,1059
1789437600,2026-09-15 02:00:00+00:00,1.15382,1.15398,1.15366,1.15368,1445
1789438500,2026-09-15 02:15:00+00:00,1.15368,1.1538,1.15363,1.15369,1122
1789439400,2026-09-15 02:30:00+00:00,1.15368,1.15371,1.15355,1.15363,939
1789440300,2026-09-15 02:45:00+00:00,1.15363,1.15409,1.15363,1.15405,881
1789441200,2026-09-15 03:00:00+00:00,1.15405,1.15409,1.15388,1.15389,1138
1789442100,2026-09-15 03:15:00+00:00,1.15389,1.154,1.15372,1.15389,992
1789443000,2026-09-15 03:30:00+00:00,1.15388,1.15394,1.15371,1.15378,729
1789443900,2026-09-15 03:45:00+00:00,1.15377,1.15383,1.15371,1.15374,840
1789444800,2026-09-15 04:00:00+00:00,1.15373,1.15379,1.15362,1.15368,873
1789445700,2026-09-15 04:15:00+00:00,1.15368,1.15371,1.15347,1.15358,874
1789446600,2026-09-15 04:30:00+00:00,1.15359,1.15383,1.15356,1.15369,950
1789447500,2026-09-15 04:45:00+00:00,1.1537,1.15379,1.15366,1.15369,729
1789448400,2026-09-15 05:00:00+00:00,1.15369,1.15375,1.1535,1.15366,464
1789449300,2026-09-15 05:15:00+00:00,1.15366,1.15369,1.15343,1.1536,634
1789450200,2026-09-15 05:30:00+00:00,1.1536,1.15375,1.15334,1.15371,880
1789451100,2026-09-15 05:45:00+00:00,1.15371,1.15381,1.15344,1.15351,756
1789452000,2026-09-15 06:00:00+00:00,1.15351,1.15361,1.15321,1.15346,1121
1789452900,2026-09-15 06:15:00+00:00,1.15346,1.15346,1.15272,1.15289,1340
1789453800,2026-09-15 06:30:00+00:00,1.15289,1.15301,1.15273,1.15283,1437
1789454700,2026-09-15 06:45:00+00:00,1.15283,1.1534,1.15271,1.15338,1454
1789455600,2026-09-15 07:00:00+00:00,1.15339,1.15378,1.15321,1.15366,1680
1789456500,2026-09-15 07:15:00+00:00,1.15366,1.15391,1.15358,1.15388,1549
1789457400,2026-09-15 07:30:00+00:00,1.15389,1.15399,1.15356,1.1539,1467
1789458300,2026-09-15 07:45:00+00:00,1.1539,1.15409,1.15367,1.15405,2061
1789459200,2026-09-15 08:00:00+00:00,1.15405,1.15407,1.1535199999999999,1.15378,2280
1789460100,2026-09-15 08:15:00+00:00,1.15378,1.15399,1.15363,1.15374,2411
1789461000,2026-09-15 08:30:00+00:00,1.15374,1.15398,1.1534200000000001,1.15343,1801
1789461900,2026-09-15 08:45:00+00:00,1.15343,1.1535199999999999,1.15322,1.15332,1631
1789462800,2026-09-15 09:00:00+00:00,1.15332,1.15369,1.15328,1.15364,1613
1789463700,2026-09-15 09:15:00+00:00,1.15364,1.15364,1.15324,1.15353,1522
1789464600,2026-09-15 09:30:00+00:00,1.15353,1.1536,1.15335,1.1534,1451
1789465500,2026-09-15 09:45:00+00:00,1.1534,1.15387,1.15339,1.15374,1097
1789466400,2026-09-15 10:00:00+00:00,1.15374,1.15397,1.1536,1.15365,1091
1789467300,2026-09-15 10:15:00+00:00,1.15365,1.15398,1.1536,1.15385,1069
1789468200,2026-09-15 10:30:00+00:00,1.15385,1.15399,1.15375,1.1537600000000001,672
1789469100,2026-09-15 10:45:00+00:00,1.1537600000000001,1.1538599999999999,1.15344,1.1535,1296
1789470000,2026-09-15 11:00:00+00:00,1.1535,1.15377,1.1534200000000001,1.15375,1282
1789470900,2026-09-15 11:15:00+00:00,1.15375,1.15429,1.15375,1.15415,1210
1789471800,2026-09-15 11:30:00+00:00,1.15415,1.15424,1.15399,1.15406,997
1789472700,2026-09-15 11:45:00+00:00,1.15406,1.15423,1.15387,1.15395,1260
1789473600,2026-09-15 12:00:00+00:00,1.15396,1.15422,1.15387,1.15402,2184
1789474500,2026-09-15 12:15:00+00:00,1.15402,1.15421,1.15383,1.15419,1510
1789475400,2026-09-15 12:30:00+00:00,1.15419,1.15475,1.15418,1.15458,1864
1789476300,2026-09-15 12:45:00+00:00,1.15458,1.15496,1.15448,1.15464,3512
1789477200,2026-09-15 13:00:00+00:00,1.15464,1.15483,1.1546,1.15473,2077
1789478100,2026-09-15 13:15:00+00:00,1.15473,1.1547399999999999,1.15416,1.15432,2561
1789479000,2026-09-15 13:30:00+00:00,1.15433,1.1544,1.15393,1.15439,3239
1789479900,2026-09-15 13:45:00+00:00,1.15439,1.15514,1.15433,1.15493,2401
1789480800,2026-09-15 14:00:00+00:00,1.15494,1.1549800000000001,1.15456,1.15484,2935
1789481700,2026-09-15 14:15:00+00:00,1.15484,1.155,1.15453,1.15477,2640
1789482600,2026-09-15 14:30:00+00:00,1.15477,1.15519,1.15404,1.15427,2961
1789483500,2026-09-15 14:45:00+00:00,1.15427,1.15478,1.15421,1.1543,3484
1789484400,2026-09-15 15:00:00+00:00,1.1543,1.15449,1.15395,1.15404,2323
1789485300,2026-09-15 15:15:00+00:00,1.1540300000000001,1.15463,1.15399,1.15452,2103
1789486200,2026-09-15 15:30:00+00:00,1.15452,1.15454,1.154,1.15404,2306
1789487100,2026-09-15 15:45:00+00:00,1.15404,1.15433,1.15389,1.15416,2238
1789488000,2026-09-15 16:00:00+00:00,1.15416,1.15427,1.15398,1.15406,1427
1789488900,2026-09-15 16:15:00+00:00,1.15406,1.15416,1.15391,1.15401,1754
1789489800,2026-09-15 16:30:00+00:00,1.15401,1.15427,1.15396,1.1541,1181
1789490700,2026-09-15 16:45:00+00:00,1.1541,1.15433,1.154,1.15429,1069
1789491600,2026-09-15 17:00:00+00:00,1.15429,1.1543700000000001,1.15393,1.1540300000000001,1416
1789492500,2026-09-15 17:15:00+00:00,1.1540300000000001,1.15409,1.15373,1.15378,1466
1789493400,2026-09-15 17:30:00+00:00,1.15378,1.15402,1.15378,1.15391,1141
1789494300,2026-09-15 17:45:00+00:00,1.15392,1.15396,1.15367,1.15374,702
1789495200,2026-09-15 18:00:00+00:00,1.15374,1.15406,1.15363,1.15398,934
1789496100,2026-09-15 18:15:00+00:00,1.15398,1.15436,1.15397,1.1543,1167
1789497000,2026-09-15 18:30:00+00:00,1.1543,1.1543,1.15398,1.15408,1095
1789497900,2026-09-15 18:45:00+00:00,1.15408,1.15436,1.1540300000000001,1.15427,1272
1789498800,2026-09-15 19:00:00+00:00,1.15428,1.15432,1.15412,1.15414,1154
1789499700,2026-09-15 19:15:00+00:00,1.15414,1.15419,1.15401,1.15408,738
1789500600,2026-09-15 19:30:00+00:00,1.15408,1.15427,1.15406,1.15418,807
1789501500,2026-09-15 19:45:00+00:00,1.15419,1.15427,1.15404,1.15408,1064
1789502400,2026-09-15 20:00:00+00:00,1.15408,1.15411,1.1539,1.15392,385
1789503300,2026-09-15 20:15:00+00:00,1.15392,1.15397,1.1538599999999999,1.15395,248
1789504200,2026-09-15 20:30:00+00:00,1.15395,1.15405,1.15394,1.15395,440
1789505100,2026-09-15 20:45:00+00:00,1.15395,1.15425,1.15395,1.15424,622
1789506000,2026-09-15 21:00:00+00:00,1.15431,1.15431,1.1535199999999999,1.15356,188
1789506900,2026-09-15 21:15:00+00:00,1.15356,1.15374,1.15355,1.1536,193
1789507800,2026-09-15 21:30:00+00:00,1.1536,1.15383,1.15358,1.1537600000000001,906
1789508700,2026-09-15 21:45:00+00:00,1.1537600000000001,1.15429,1.15364,1.15408,1031
1789509600,2026-09-15 22:00:00+00:00,1.15408,1.1544699999999999,1.15397,1.15424,862
1789510500,2026-09-15 22:15:00+00:00,1.15424,1.1543,1.15418,1.15428,421
1789511400,2026-09-15 22:30:00+00:00,1.15428,1.15428,1.15409,1.15409,450
1789512300,2026-09-15 22:45:00+00:00,1.15408,1.15411,1.15389,1.15389,227
1789513200,2026-09-15 23:00:00+00:00,1.15389,1.15392,1.1537,1.15375,570
1789514100,2026-09-15 23:15:00+00:00,1.15375,1.1538599999999999,1.15362,1.15369,302
1789515000,2026-09-15 23:30:00+00:00,1.15369,1.15373,1.15343,1.15359,710
1789515900,2026-09-15 23:45:00+00:00,1.15359,1.1538599999999999,1.15358,1.15366,537
1789516800,2026-09-16 00:00:00+00:00,1.15366,1.15382,1.15363,1.15371,1524
1789517700,2026-09-16 00:15:00+00:00,1.15372,1.1539,1.15371,1.15374,1520
1789518600,2026-09-16 00:30:00+00:00,1.15374,1.15378,1.15345,1.15346,1118
1789519500,2026-09-16 00:45:00+00:00,1.15346,1.15357,1.15337,1.15353,1103
1789520400,2026-09-16 01:00:00+00:00,1.1535199999999999,1.15363,1.1533,1.15347,989
1789521300,2026-09-16 01:15:00+00:00,1.15347,1.1535199999999999,1.15332,1.15332,695
1789522200,2026-09-16 01:30:00+00:00,1.15332,1.15347,1.15318,1.15345,721
1789523100,2026-09-16 01:45:00+00:00,1.15345,1.15348,1.15323,1.1532499999999999,765
1789524000,2026-09-16 02:00:00+00:00,1.1532499999999999,1.15371,1.15323,1.15365,987
1789524900,2026-09-16 02:15:00+00:00,1.15365,1.15391,1.15365,1.15382,1067
1789525800,2026-09-16 02:30:00+00:00,1.15382,1.15426,1.15382,1.15404,1232
1789526700,2026-09-16 02:45:00+00:00,1.15404,1.15423,1.15393,1.15422,938
1789527600,2026-09-16 03:00:00+00:00,1.15422,1.15436,1.15416,1.15424,902
1789528500,2026-09-16 03:15:00+00:00,1.15425,1.1543700000000001,1.15424,1.15425,801
1789529400,2026-09-16 03:30:00+00:00,1.15424,1.15425,1.15402,1.15406,664
1789530300,2026-09-16 03:45:00+00:00,1.15407,1.15414,1.15399,1.15414,780
1789531200,2026-09-16 04:00:00+00:00,1.1541299999999999,1.15432,1.1541299999999999,1.15427,716
1789532100,2026-09-16 04:15:00+00:00,1.15427,1.15441,1.15419,1.1544,653
1789533000,2026-09-16 04:30:00+00:00,1.1544,1.1546,1.15439,1.15446,724
1789533900,2026-09-16 04:45:00+00:00,1.15446,1.1544699999999999,1.15433,1.15446,483
1789534800,2026-09-16 05:00:00+00:00,1.15446,1.15459,1.15433,1.15451,667
1789535700,2026-09-16 05:15:00+00:00,1.15451,1.15483,1.15446,1.1547,659
1789536600,2026-09-16 05:30:00+00:00,1.1547,1.15479,1.1545,1.15457,839
1789537500,2026-09-16 05:45:00+00:00,1.15458,1.15516,1.15455,1.15496,1013
1789538400,2026-09-16 06:00:00+00:00,1.15496,1.1551,1.15463,1.15502,2068
1789539300,2026-09-16 06:15:00+00:00,1.15502,1.1551,1.15471,1.1548,1739
1789540200,2026-09-16 06:30:00+00:00,1.15481,1.15487,1.15457,1.15469,1162
1789541100,2026-09-16 06:45:00+00:00,1.15469,1.15479,1.15443,1.15472,1716
1789542000,2026-09-16 07:00:00+00:00,1.15472,1.15509,1.15464,1.15506,1898
1789542900,2026-09-16 07:15:00+00:00,1.15506,1.15511,1.15468,1.15504,1647
1789543800,2026-09-16 07:30:00+00:00,1.15504,1.15566,1.15502,1.15518,1918
1789544700,2026-09-16 07:45:00+00:00,1.15518,1.15526,1.15473,1.15478,1696
1789545600,2026-09-16 08:00:00+00:00,1.15478,1.15485,1.1544699999999999,1.15453,1902
1789546500,2026-09-16 08:15:00+00:00,1.15453,1.1549800000000001,1.1544699999999999,1.15461,2539
1789547400,2026-09-16 08:30:00+00:00,1.15461,1.15468,1.15432,1.15432,1793
1789548300,2026-09-16 08:45:00+00:00,1.15432,1.15433,1.15383,1.15396,1745
1789549200,2026-09-16 09:00:00+00:00,1.15395,1.15441,1.15377,1.15425,1622
1789550100,2026-09-16 09:15:00+00:00,1.15424,1.15425,1.15383,1.15414,2011
1789551000,2026-09-16 09:30:00+00:00,1.15414,1.15427,1.15397,1.15414,1566
1789551900,2026-09-16 09:45:00+00:00,1.15414,1.1542,1.15389,1.1539,998
1789552800,2026-09-16 10:00:00+00:00,1.15389,1.15402,1.15355,1.15373,1371
1789553700,2026-09-16 10:15:00+00:00,1.15373,1.15401,1.15357,1.15362,1187
1789554600,2026-09-16 10:30:00+00:00,1.15362,1.15374,1.1534200000000001,1.15373,1169
1789555500,2026-09-16 10:45:00+00:00,1.15373,1.1537600000000001,1.15344,1.1537600000000001,1052
1789556400,2026-09-16 11:00:00+00:00,1.1537600000000001,1.1538599999999999,1.15309,1.15332,2213
1789557300,2026-09-16 11:15:00+00:00,1.15333,1.15397,1.15324,1.15395,1602
1789558200,2026-09-16 11:30:00+00:00,1.15395,1.15406,1.15363,1.15385,2014
1789559100,2026-09-16 11:45:00+00:00,1.15385,1.154,1.15345,1.15348,1846
1789560000,2026-09-16 12:00:00+00:00,1.15349,1.15385,1.15348,1.15356,1622
1789560900,2026-09-16 12:15:00+00:00,1.15356,1.15361,1.153,1.15305,1387
1789561800,2026-09-16 12:30:00+00:00,1.15307,1.15374,1.1528,1.15357,2068
1789562700,2026-09-16 12:45:00+00:00,1.15357,1.15388,1.15345,1.15356,1691
1789563600,2026-09-16 13:00:00+00:00,1.15356,1.15372,1.15319,1.15366,2523
1789564500,2026-09-16 13:15:00+00:00,1.15367,1.15373,1.15334,1.15351,2121
1789565400,2026-09-16 13:30:00+00:00,1.15351,1.15388,1.15349,1.15372,2342
1789566300,2026-09-16 13:45:00+00:00,1.15372,1.15379,1.15316,1.15321,2100
1789567200,2026-09-16 14:00:00+00:00,1.15321,1.15378,1.15309,1.1537,2285
1789568100,2026-09-16 14:15:00+00:00,1.1537,1.15382,1.15326,1.1537,2066
1789569000,2026-09-16 14:30:00+00:00,1.1537,1.15412,1.15368,1.154,1951
1789569900,2026-09-16 14:45:00+00:00,1.15398,1.15402,1.15353,1.1539,2279
1789570800,2026-09-16 15:00:00+00:00,1.1539,1.15429,1.15382,1.15405,3349
1789571700,2026-09-16 15:15:00+00:00,1.15406,1.15407,1.15365,1.1537,1721
1789572600,2026-09-16 15:30:00+00:00,1.1537,1.15378,1.15348,1.1536,1483
1789573500,2026-09-16 15:45:00+00:00,1.1536,1.15415,1.15355,1.1537600000000001,2390
1789574400,2026-09-16 16:00:00+00:00,1.1537600000000001,1.15383,1.15341,1.15367,1567
1789575300,2026-09-16 16:15:00+00:00,1.15367,1.15384,1.1536,1.1536,1164
1789576200,2026-09-16 16:30:00+00:00,1.15361,1.15369,1.15349,1.15367,690
1789577100,2026-09-16 16:45:00+00:00,1.15367,1.15377,1.15346,1.15346,819
1789578000,2026-09-16 17:00:00+00:00,1.15346,1.15346,1.15304,1.15312,919
1789578900,2026-09-16 17:15:00+00:00,1.15312,1.15333,1.1531,1.15326,732
1789579800,2026-09-16 17:30:00+00:00,1.15326,1.15343,1.15319,1.15335,826
1789580700,2026-09-16 17:45:00+00:00,1.15335,1.15402,1.15314,1.15399,1318
1789581600,2026-09-16 18:00:00+00:00,1.15399,1.1547399999999999,1.15007,1.15011,10349
1789582500,2026-09-16 18:15:00+00:00,1.15012,1.15063,1.1497,1.14985,6714
1789583400,2026-09-16 18:30:00+00:00,1.14985,1.14999,1.1473200000000001,1.14857,10046
1789584300,2026-09-16 18:45:00+00:00,1.14857,1.14885,1.147,1.14704,8639
1789585200,2026-09-16 19:00:00+00:00,1.14704,1.14824,1.14676,1.14712,6559
1789586100,2026-09-16 19:15:00+00:00,1.14712,1.14718,1.14624,1.14657,4999
1789587000,2026-09-16 19:30:00+00:00,1.14657,1.14764,1.14648,1.14716,3969
1789587900,2026-09-16 19:45:00+00:00,1.14716,1.14747,1.14694,1.14718,2812
1789588800,2026-09-16 20:00:00+00:00,1.14718,1.14736,1.14664,1.1467,1168
1789589700,2026-09-16 20:15:00+00:00,1.14669,1.14678,1.14609,1.1464,842
1789590600,2026-09-16 20:30:00+00:00,1.1464,1.14677,1.14622,1.14645,1032
1789591500,2026-09-16 20:45:00+00:00,1.14645,1.14672,1.14624,1.14639,1272
1789592400,2026-09-16 21:00:00+00:00,1.14642,1.14706,1.14579,1.14624,367
1789593300,2026-09-16 21:15:00+00:00,1.14624,1.14627,1.14602,1.14618,192
1789594200,2026-09-16 21:30:00+00:00,1.14618,1.14623,1.14609,1.1461999999999999,325
1789595100,2026-09-16 21:45:00+00:00,1.1461999999999999,1.14642,1.14616,1.14631,519
1789596000,2026-09-16 22:00:00+00:00,1.14631,1.14646,1.14613,1.14643,723
1789596900,2026-09-16 22:15:00+00:00,1.14643,1.14682,1.14642,1.14673,644
1789597800,2026-09-16 22:30:00+00:00,1.14673,1.14682,1.14669,1.14678,718
1789598700,2026-09-16 22:45:00+00:00,1.14678,1.14685,1.14659,1.14667,428
1789599600,2026-09-16 23:00:00+00:00,1.14667,1.14683,1.14656,1.14676,683
1789600500,2026-09-16 23:15:00+00:00,1.14676,1.14689,1.14673,1.14673,604
1789601400,2026-09-16 23:30:00+00:00,1.14673,1.14707,1.14673,1.14694,981
1789602300,2026-09-16 23:45:00+00:00,1.14695,1.14712,1.14683,1.14684,1370
1789603200,2026-09-17 00:00:00+00:00,1.14684,1.14731,1.14677,1.14709,2005
1789604100,2026-09-17 00:15:00+00:00,1.14709,1.14711,1.14669,1.14675,1503
1789605000,2026-09-17 00:30:00+00:00,1.14675,1.1468,1.14638,1.14646,1297
1789605900,2026-09-17 00:45:00+00:00,1.14646,1.14654,1.14591,1.14593,1529
1789606800,2026-09-17 01:00:00+00:00,1.14593,1.14619,1.14575,1.14617,2219
1789607700,2026-09-17 01:15:00+00:00,1.14618,1.14642,1.14612,1.14626,1644
1789608600,2026-09-17 01:30:00+00:00,1.14626,1.14648,1.14577,1.14582,1383
1789609500,2026-09-17 01:45:00+00:00,1.14582,1.14602,1.14574,1.1458599999999999,1213
1789610400,2026-09-17 02:00:00+00:00,1.14585,1.1463,1.14584,1.14618,1580
1789611300,2026-09-17 02:15:00+00:00,1.14618,1.14623,1.14593,1.14593,1057
1789612200,2026-09-17 02:30:00+00:00,1.14594,1.146,1.1456,1.1459,1294
1789613100,2026-09-17 02:45:00+00:00,1.1459,1.14593,1.14566,1.14579,876
1789614000,2026-09-17 03:00:00+00:00,1.14579,1.1461000000000001,1.14573,1.14608,1638
1789614900,2026-09-17 03:15:00+00:00,1.14608,1.14611,1.14582,1.14584,1011
1789615800,2026-09-17 03:30:00+00:00,1.14584,1.14611,1.14583,1.14593,900
1789616700,2026-09-17 03:45:00+00:00,1.14593,1.14615,1.14583,1.14601,686
1789617600,2026-09-17 04:00:00+00:00,1.14601,1.14619,1.14594,1.14604,621
1789618500,2026-09-17 04:15:00+00:00,1.14604,1.14632,1.14597,1.14621,543
1789619400,2026-09-17 04:30:00+00:00,1.14622,1.14656,1.14618,1.14641,678
1789620300,2026-09-17 04:45:00+00:00,1.14641,1.14667,1.1464,1.14663,770
1789621200,2026-09-17 05:00:00+00:00,1.14663,1.14683,1.14645,1.14655,1080
1789622100,2026-09-17 05:15:00+00:00,1.14655,1.14656,1.14634,1.14651,718
1789623000,2026-09-17 05:30:00+00:00,1.14651,1.14654,1.14635,1.14654,1243
1789623900,2026-09-17 05:45:00+00:00,1.14654,1.14673,1.14642,1.14666,1202
1789624800,2026-09-17 06:00:00+00:00,1.14666,1.1470799999999999,1.14656,1.14705,1731
1789625700,2026-09-17 06:15:00+00:00,1.14705,1.14764,1.14692,1.14761,1513
1789626600,2026-09-17 06:30:00+00:00,1.14761,1.14797,1.14747,1.14796,1666
1789627500,2026-09-17 06:45:00+00:00,1.14796,1.14836,1.14784,1.14799,1447
1789628400,2026-09-17 07:00:00+00:00,1.14799,1.1481,1.14755,1.14778,1970
1789629300,2026-09-17 07:15:00+00:00,1.14778,1.14815,1.14777,1.14797,1579
1789630200,2026-09-17 07:30:00+00:00,1.14796,1.1480299999999999,1.14761,1.14774,1498
1789631100,2026-09-17 07:45:00+00:00,1.14774,1.14776,1.14701,1.14734,1786
1789632000,2026-09-17 08:00:00+00:00,1.14734,1.14735,1.14672,1.14682,1480
1789632900,2026-09-17 08:15:00+00:00,1.14682,1.14714,1.14674,1.14698,1548
1789633800,2026-09-17 08:30:00+00:00,1.14698,1.14735,1.14691,1.14715,1119
1789634700,2026-09-17 08:45:00+00:00,1.14714,1.14736,1.14702,1.14729,1499
1789635600,2026-09-17 09:00:00+00:00,1.14729,1.14782,1.14722,1.14765,1638
1789636500,2026-09-17 09:15:00+00:00,1.14765,1.1476600000000001,1.14723,1.14749,1650
1789637400,2026-09-17 09:30:00+00:00,1.14749,1.14768,1.14733,1.1475,1644
1789638300,2026-09-17 09:45:00+00:00,1.1475,1.1476,1.14718,1.14725,1220
1789639200,2026-09-17 10:00:00+00:00,1.14726,1.1480299999999999,1.14724,1.1477,1763
1789640100,2026-09-17 10:15:00+00:00,1.1476899999999999,1.14804,1.1476,1.14796,1346
1789641000,2026-09-17 10:30:00+00:00,1.14796,1.14807,1.14748,1.1476600000000001,1268
1789641900,2026-09-17 10:45:00+00:00,1.14767,1.14795,1.14765,1.14785,1375
1789642800,2026-09-17 11:00:00+00:00,1.14785,1.1479,1.14738,1.14743,3801
1789643700,2026-09-17 11:15:00+00:00,1.14743,1.14755,1.1469,1.14717,2506
1789644600,2026-09-17 11:30:00+00:00,1.14717,1.14719,1.14682,1.14711,1808
1789645500,2026-09-17 11:45:00+00:00,1.14711,1.14749,1.14684,1.14735,1788
1789646400,2026-09-17 12:00:00+00:00,1.14735,1.14845,1.14718,1.14828,3760
1789647300,2026-09-17 12:15:00+00:00,1.14828,1.14958,1.14815,1.14953,3021
1789648200,2026-09-17 12:30:00+00:00,1.14956,1.14957,1.14843,1.14845,2924
1789649100,2026-09-17 12:45:00+00:00,1.14844,1.14921,1.14843,1.14914,2162
1789650000,2026-09-17 13:00:00+00:00,1.14914,1.1493,1.14852,1.14868,2468
1789650900,2026-09-17 13:15:00+00:00,1.14868,1.1491,1.14867,1.14887,2116
1789651800,2026-09-17 13:30:00+00:00,1.14887,1.14909,1.1485,1.14862,3145
1789652700,2026-09-17 13:45:00+00:00,1.14862,1.14913,1.14861,1.14887,2963
1789653600,2026-09-17 14:00:00+00:00,1.14887,1.14979,1.14878,1.1495,3358
1789654500,2026-09-17 14:15:00+00:00,1.1495,1.14961,1.14901,1.14903,2639
1789655400,2026-09-17 14:30:00+00:00,1.14903,1.14935,1.14875,1.14917,2508
1789656300,2026-09-17 14:45:00+00:00,1.14917,1.14943,1.14851,1.14861,2932
1789657200,2026-09-17 15:00:00+00:00,1.14862,1.14879,1.14819,1.14828,2439
1789658100,2026-09-17 15:15:00+00:00,1.14828,1.14848,1.14791,1.14799,2387
1789659000,2026-09-17 15:30:00+00:00,1.14799,1.14802,1.14768,1.1478,2048
1789659900,2026-09-17 15:45:00+00:00,1.1478,1.14791,1.14755,1.14782,1787
1789660800,2026-09-17 16:00:00+00:00,1.14782,1.14797,1.14749,1.14779,1595
1789661700,2026-09-17 16:15:00+00:00,1.14779,1.14786,1.14758,1.14775,1284
1789662600,2026-09-17 16:30:00+00:00,1.14775,1.1478,1.1474199999999999,1.1478,1382
1789663500,2026-09-17 16:45:00+00:00,1.14779,1.1478,1.14738,1.1476,1477
1789664400,2026-09-17 17:00:00+00:00,1.14761,1.14774,1.14738,1.14755,1110
1789665300,2026-09-17 17:15:00+00:00,1.14755,1.1476899999999999,1.1475,1.14759,791
1789666200,2026-09-17 17:30:00+00:00,1.14759,1.14776,1.14754,1.14763,714
1789667100,2026-09-17 17:45:00+00:00,1.14763,1.14773,1.14752,1.14772,825
1789668000,2026-09-17 18:00:00+00:00,1.14772,1.14779,1.1475,1.1476899999999999,934
1789668900,2026-09-17 18:15:00+00:00,1.1476899999999999,1.14771,1.14735,1.14746,694
1789669800,2026-09-17 18:30:00+00:00,1.14746,1.14751,1.14737,1.14748,723
1789670700,2026-09-17 18:45:00+00:00,1.14748,1.1476,1.14734,1.14749,745
1789671600,2026-09-17 19:00:00+00:00,1.14749,1.14779,1.14747,1.14773,1030
1789672500,2026-09-17 19:15:00+00:00,1.14772,1.14789,1.14764,1.14779,926
1789673400,2026-09-17 19:30:00+00:00,1.14779,1.1480299999999999,1.14779,1.1479300000000001,1012
1789674300,2026-09-17 19:45:00+00:00,1.1479300000000001,1.1481,1.14787,1.14788,1049
1789675200,2026-09-17 20:00:00+00:00,1.14788,1.14797,1.14735,1.14752,523
1789676100,2026-09-17 20:15:00+00:00,1.14752,1.14773,1.1475,1.14768,253
1789677000,2026-09-17 20:30:00+00:00,1.14768,1.1478,1.1476600000000001,1.1476899999999999,239
1789677900,2026-09-17 20:45:00+00:00,1.1476899999999999,1.14774,1.14746,1.14752,460
1789678800,2026-09-17 21:00:00+00:00,1.14752,1.14787,1.14738,1.14787,175
1789679700,2026-09-17 21:15:00+00:00,1.14787,1.14787,1.14752,1.14756,81
1789680600,2026-09-17 21:30:00+00:00,1.14756,1.14772,1.14749,1.14771,257
1789681500,2026-09-17 21:45:00+00:00,1.14771,1.14775,1.14761,1.14774,442
1789682400,2026-09-17 22:00:00+00:00,1.14774,1.14783,1.14752,1.1476,439
1789683300,2026-09-17 22:15:00+00:00,1.1476,1.1476899999999999,1.14758,1.14768,155
1789684200,2026-09-17 22:30:00+00:00,1.1476899999999999,1.14779,1.14768,1.14775,244
1789685100,2026-09-17 22:45:00+00:00,1.14774,1.14783,1.1477,1.14779,246
1789686000,2026-09-17 23:00:00+00:00,1.14779,1.14787,1.14774,1.14783,327
1789686900,2026-09-17 23:15:00+00:00,1.14783,1.14784,1.1476600000000001,1.14768,245
1789687800,2026-09-17 23:30:00+00:00,1.14768,1.1476899999999999,1.14755,1.14759,553
1789688700,2026-09-17 23:45:00+00:00,1.1476,1.14774,1.14751,1.14757,672
1789689600,2026-09-18 00:00:00+00:00,1.14757,1.14797,1.14743,1.14786,1123
1789690500,2026-09-18 00:15:00+00:00,1.14786,1.14805,1.1478,1.14788,822
1789691400,2026-09-18 00:30:00+00:00,1.14787,1.14798,1.14777,1.14782,989
1789692300,2026-09-18 00:45:00+00:00,1.14782,1.14804,1.1477,1.14795,1087
1789693200,2026-09-18 01:00:00+00:00,1.14794,1.14814,1.14794,1.14799,1231
1789694100,2026-09-18 01:15:00+00:00,1.14799,1.14812,1.14788,1.1479,982
1789695000,2026-09-18 01:30:00+00:00,1.1479,1.14801,1.14768,1.1479300000000001,1077
1789695900,2026-09-18 01:45:00+00:00,1.1479300000000001,1.14825,1.14785,1.14824,877
1789696800,2026-09-18 02:00:00+00:00,1.14824,1.14825,1.14796,1.14807,589
1789697700,2026-09-18 02:15:00+00:00,1.14806,1.14816,1.14792,1.14814,699
1789698600,2026-09-18 02:30:00+00:00,1.14814,1.14819,1.14791,1.14792,849
1789699500,2026-09-18 02:45:00+00:00,1.14792,1.1480299999999999,1.14765,1.14797,1340
1789700400,2026-09-18 03:00:00+00:00,1.14797,1.14839,1.14789,1.14838,1518
1789701300,2026-09-18 03:15:00+00:00,1.14838,1.14848,1.14825,1.14839,1172
1789702200,2026-09-18 03:30:00+00:00,1.14839,1.14865,1.14832,1.14863,1359
1789703100,2026-09-18 03:45:00+00:00,1.14863,1.1488800000000001,1.14863,1.14887,815
1789704000,2026-09-18 04:00:00+00:00,1.14887,1.1491500000000001,1.14885,1.14913,830
1789704900,2026-09-18 04:15:00+00:00,1.14913,1.14919,1.14898,1.14902,977
1789705800,2026-09-18 04:30:00+00:00,1.14902,1.14904,1.14882,1.14892,777
1789706700,2026-09-18 04:45:00+00:00,1.14892,1.14893,1.14866,1.14868,1034
1789707600,2026-09-18 05:00:00+00:00,1.14868,1.14877,1.14846,1.14847,898
1789708500,2026-09-18 05:15:00+00:00,1.14847,1.1485400000000001,1.14817,1.14817,817
1789709400,2026-09-18 05:30:00+00:00,1.14818,1.14824,1.14801,1.14821,883
1789710300,2026-09-18 05:45:00+00:00,1.14822,1.14823,1.14785,1.14788,978
1789711200,2026-09-18 06:00:00+00:00,1.14788,1.14824,1.1478,1.14812,1583
1789712100,2026-09-18 06:15:00+00:00,1.14812,1.14835,1.14791,1.14825,1378
1789713000,2026-09-18 06:30:00+00:00,1.14825,1.14847,1.14802,1.14831,2275
1789713900,2026-09-18 06:45:00+00:00,1.14831,1.14843,1.1482,1.14835,1930
1789714800,2026-09-18 07:00:00+00:00,1.14835,1.1486,1.14782,1.14792,1952
1789715700,2026-09-18 07:15:00+00:00,1.14792,1.14821,1.14781,1.14792,2144
1789716600,2026-09-18 07:30:00+00:00,1.14792,1.1485400000000001,1.14781,1.1485,2068
1789717500,2026-09-18 07:45:00+00:00,1.14851,1.14875,1.14837,1.14855,2225
1789718400,2026-09-18 08:00:00+00:00,1.14855,1.14908,1.14846,1.14892,2658
1789719300,2026-09-18 08:15:00+00:00,1.14892,1.14892,1.14826,1.14829,1914
1789720200,2026-09-18 08:30:00+00:00,1.14829,1.14839,1.14786,1.14798,1943
1789721100,2026-09-18 08:45:00+00:00,1.14797,1.1482700000000001,1.14778,1.14826,1649
1789722000,2026-09-18 09:00:00+00:00,1.14826,1.14839,1.1481,1.14813,1525
1789722900,2026-09-18 09:15:00+00:00,1.14813,1.14829,1.14811,1.1482,1354
1789723800,2026-09-18 09:30:00+00:00,1.1482,1.14869,1.14817,1.1485400000000001,1502
1789724700,2026-09-18 09:45:00+00:00,1.1485400000000001,1.14865,1.14832,1.14833,2092
1789725600,2026-09-18 10:00:00+00:00,1.14834,1.1485400000000001,1.14825,1.14834,1550
1789726500,2026-09-18 10:15:00+00:00,1.14834,1.14851,1.14826,1.14831,1634
1789727400,2026-09-18 10:30:00+00:00,1.14831,1.14833,1.14727,1.14727,1886
1789728300,2026-09-18 10:45:00+00:00,1.14728,1.14741,1.1471,1.14737,1933
1789729200,2026-09-18 11:00:00+00:00,1.14737,1.1476899999999999,1.14697,1.1472,3614
1789730100,2026-09-18 11:15:00+00:00,1.1472,1.14723,1.14639,1.14646,2334
1789731000,2026-09-18 11:30:00+00:00,1.14646,1.14649,1.1458,1.14585,2591
1789731900,2026-09-18 11:45:00+00:00,1.14585,1.14629,1.14572,1.14607,2155
1789732800,2026-09-18 12:00:00+00:00,1.14607,1.1464,1.14582,1.14598,2275
1789733700,2026-09-18 12:15:00+00:00,1.14598,1.14622,1.14548,1.14574,2080
1789734600,2026-09-18 12:30:00+00:00,1.14574,1.14645,1.1457,1.14638,2333
1789735500,2026-09-18 12:45:00+00:00,1.14638,1.14698,1.14628,1.14683,2303
1789736400,2026-09-18 13:00:00+00:00,1.14682,1.14693,1.14649,1.14651,2205
1789737300,2026-09-18 13:15:00+00:00,1.14651,1.14669,1.14632,1.14668,1812
1789738200,2026-09-18 13:30:00+00:00,1.14668,1.14674,1.14607,1.1463700000000001,2344
1789739100,2026-09-18 13:45:00+00:00,1.1463700000000001,1.14668,1.1458,1.1458599999999999,2226
1789740000,2026-09-18 14:00:00+00:00,1.1458599999999999,1.14646,1.14583,1.14642,2509
1789740900,2026-09-18 14:15:00+00:00,1.14642,1.14648,1.14585,1.14616,2203
1789741800,2026-09-18 14:30:00+00:00,1.14616,1.14652,1.14607,1.14634,2543
1789742700,2026-09-18 14:45:00+00:00,1.14634,1.14653,1.14603,1.14618,5088
1789743600,2026-09-18 15:00:00+00:00,1.14618,1.14655,1.14585,1.14651,3632
1789744500,2026-09-18 15:15:00+00:00,1.14651,1.14691,1.14638,1.1467,2452
1789745400,2026-09-18 15:30:00+00:00,1.1467,1.14691,1.14638,1.1464699999999999,2627
1789746300,2026-09-18 15:45:00+00:00,1.1464699999999999,1.1466,1.14606,1.1463700000000001,2194
1789747200,2026-09-18 16:00:00+00:00,1.14638,1.14692,1.14623,1.14691,1907
1789748100,2026-09-18 16:15:00+00:00,1.14692,1.14719,1.1468099999999999,1.14716,1996
1789749000,2026-09-18 16:30:00+00:00,1.14716,1.14749,1.14712,1.14741,1904
1789749900,2026-09-18 16:45:00+00:00,1.14741,1.14752,1.14729,1.14737,1207
1789750800,2026-09-18 17:00:00+00:00,1.14737,1.14834,1.14737,1.14834,1623
1789751700,2026-09-18 17:15:00+00:00,1.14834,1.14851,1.14821,1.14839,1393
1789752600,2026-09-18 17:30:00+00:00,1.14839,1.1485400000000001,1.14813,1.14819,1501
1789753500,2026-09-18 17:45:00+00:00,1.14819,1.1482700000000001,1.14799,1.14808,982
1789754400,2026-09-18 18:00:00+00:00,1.14809,1.14831,1.14804,1.14824,1057
1789755300,2026-09-18 18:15:00+00:00,1.14823,1.14826,1.14806,1.14814,803
1789756200,2026-09-18 18:30:00+00:00,1.14815,1.1482999999999999,1.14806,1.14812,882
1789757100,2026-09-18 18:45:00+00:00,1.14812,1.14839,1.14812,1.14835,1055
1789758000,2026-09-18 19:00:00+00:00,1.14835,1.14858,1.14825,1.14855,1003
1789758900,2026-09-18 19:15:00+00:00,1.14855,1.14904,1.14852,1.1488,1289
1789759800,2026-09-18 19:30:00+00:00,1.1488,1.14885,1.14863,1.14867,883
1789760700,2026-09-18 19:45:00+00:00,1.14865,1.1488,1.14856,1.1486399999999999,1122
1789761600,2026-09-18 20:00:00+00:00,1.1486399999999999,1.1489099999999999,1.14859,1.14877,1075
1789762500,2026-09-18 20:15:00+00:00,1.14877,1.1489,1.14869,1.1488,468
1789763400,2026-09-18 20:30:00+00:00,1.1488,1.14886,1.14848,1.1486,335
1789764300,2026-09-18 20:45:00+00:00,1.14861,1.14865,1.14848,1.14865,1102
1789938000,2026-09-20 21:00:00+00:00,1.14819,1.14853,1.14819,1.14844,371
1789938900,2026-09-20 21:15:00+00:00,1.14844,1.14861,1.14797,1.14798,377
1789939800,2026-09-20 21:30:00+00:00,1.14798,1.14818,1.14781,1.14805,208
1789940700,2026-09-20 21:45:00+00:00,1.14805,1.14817,1.1477,1.14798,235
1789941600,2026-09-20 22:00:00+00:00,1.14798,1.14851,1.14792,1.14835,907
1789942500,2026-09-20 22:15:00+00:00,1.14835,1.1484,1.1482,1.14821,772
1789943400,2026-09-20 22:30:00+00:00,1.14821,1.14824,1.14807,1.1482,412
1789944300,2026-09-20 22:45:00+00:00,1.1482,1.14821,1.1480299999999999,1.14804,236
1789945200,2026-09-20 23:00:00+00:00,1.14804,1.14805,1.14791,1.1480299999999999,436
1789946100,2026-09-20 23:15:00+00:00,1.14804,1.14806,1.1479300000000001,1.14806,641
1789947000,2026-09-20 23:30:00+00:00,1.14805,1.14806,1.14784,1.14785,413
1789947900,2026-09-20 23:45:00+00:00,1.14785,1.14792,1.14778,1.14783,980
1789948800,2026-09-21 00:00:00+00:00,1.14784,1.1480299999999999,1.14768,1.14802,1243
1789949700,2026-09-21 00:15:00+00:00,1.14802,1.14818,1.14792,1.14817,1264
1789950600,2026-09-21 00:30:00+00:00,1.14816,1.1485400000000001,1.14812,1.14843,1280
1789951500,2026-09-21 00:45:00+00:00,1.14844,1.14848,1.14807,1.14807,1016
1789952400,2026-09-21 01:00:00+00:00,1.14807,1.14839,1.14804,1.1482999999999999,1183
1789953300,2026-09-21 01:15:00+00:00,1.1482999999999999,1.14853,1.14826,1.14843,1298
1789954200,2026-09-21 01:30:00+00:00,1.14843,1.14858,1.14832,1.14852,956
1789955100,2026-09-21 01:45:00+00:00,1.14852,1.1485400000000001,1.14831,1.14832,791
1789956000,2026-09-21 02:00:00+00:00,1.14832,1.14833,1.14805,1.14816,775
1789956900,2026-09-21 02:15:00+00:00,1.14816,1.14821,1.14808,1.14817,616
1789957800,2026-09-21 02:30:00+00:00,1.14818,1.14823,1.14807,1.14809,1120
1789958700,2026-09-21 02:45:00+00:00,1.14809,1.14812,1.1476600000000001,1.1477,1094
1789959600,2026-09-21 03:00:00+00:00,1.1477,1.14772,1.14746,1.14761,805
1789960500,2026-09-21 03:15:00+00:00,1.14761,1.14781,1.14757,1.14757,897
1789961400,2026-09-21 03:30:00+00:00,1.14757,1.14773,1.14751,1.14761,781
1789962300,2026-09-21 03:45:00+00:00,1.14761,1.14773,1.14745,1.14751,630
1789963200,2026-09-21 04:00:00+00:00,1.14751,1.14763,1.14745,1.14762,649
1789964100,2026-09-21 04:15:00+00:00,1.14762,1.14778,1.14746,1.1475,886
1789965000,2026-09-21 04:30:00+00:00,1.1475,1.1477,1.14736,1.1476,800
1789965900,2026-09-21 04:45:00+00:00,1.1476,1.1476600000000001,1.14745,1.14749,521
1789966800,2026-09-21 05:00:00+00:00,1.14749,1.14768,1.14741,1.14768,718
1789967700,2026-09-21 05:15:00+00:00,1.14768,1.14773,1.14747,1.14751,875
1789968600,2026-09-21 05:30:00+00:00,1.14751,1.14758,1.14721,1.14727,1198
1789969500,2026-09-21 05:45:00+00:00,1.14727,1.1474199999999999,1.14719,1.14731,1019
1789970400,2026-09-21 06:00:00+00:00,1.1473200000000001,1.14736,1.14712,1.14727,1850
1789971300,2026-09-21 06:15:00+00:00,1.14727,1.14751,1.14715,1.1475,1332
1789972200,2026-09-21 06:30:00+00:00,1.14751,1.14765,1.14735,1.14763,1076
1789973100,2026-09-21 06:45:00+00:00,1.14763,1.1479,1.14745,1.14748,1324
1789974000,2026-09-21 07:00:00+00:00,1.14748,1.14753,1.1471,1.14727,1934
1789974900,2026-09-21 07:15:00+00:00,1.14727,1.14764,1.14718,1.14759,1173
1789975800,2026-09-21 07:30:00+00:00,1.14758,1.14771,1.14748,1.14762,1296
1789976700,2026-09-21 07:45:00+00:00,1.14762,1.14785,1.14757,1.14761,1312
1789977600,2026-09-21 08:00:00+00:00,1.14761,1.14781,1.14747,1.14776,1898
1789978500,2026-09-21 08:15:00+00:00,1.14775,1.14799,1.14767,1.14797,1507
1789979400,2026-09-21 08:30:00+00:00,1.14797,1.14863,1.14797,1.14834,1686
1789980300,2026-09-21 08:45:00+00:00,1.14834,1.14859,1.148,1.14801,1656
1789981200,2026-09-21 09:00:00+00:00,1.14801,1.14811,1.14781,1.148,1511
1789982100,2026-09-21 09:15:00+00:00,1.14799,1.1480299999999999,1.1477,1.14776,1256
1789983000,2026-09-21 09:30:00+00:00,1.14776,1.14799,1.14771,1.14782,1300
1789983900,2026-09-21 09:45:00+00:00,1.14782,1.14808,1.1476600000000001,1.148,1302
1789984800,2026-09-21 10:00:00+00:00,1.14799,1.14813,1.14792,1.14806,1075
1789985700,2026-09-21 10:15:00+00:00,1.14806,1.1482,1.14796,1.14813,1187
1789986600,2026-09-21 10:30:00+00:00,1.14813,1.14843,1.148,1.14834,1103
1789987500,2026-09-21 10:45:00+00:00,1.14834,1.14836,1.148,1.14805,1033
1789988400,2026-09-21 11:00:00+00:00,1.14805,1.14818,1.14797,1.14815,1111
1789989300,2026-09-21 11:15:00+00:00,1.14815,1.1485,1.14811,1.14846,1151
1789990200,2026-09-21 11:30:00+00:00,1.14846,1.14893,1.14824,1.14884,1715
1789991100,2026-09-21 11:45:00+00:00,1.14884,1.14908,1.1486399999999999,1.14898,1729
1789992000,2026-09-21 12:00:00+00:00,1.14898,1.14958,1.14883,1.14886,2581
1789992900,2026-09-21 12:15:00+00:00,1.14887,1.14922,1.14865,1.14876,2088
1789993800,2026-09-21 12:30:00+00:00,1.14877,1.14886,1.1484,1.1487,1781
1789994700,2026-09-21 12:45:00+00:00,1.1487,1.14873,1.14836,1.1486,1372
1789995600,2026-09-21 13:00:00+00:00,1.1486,1.14868,1.14825,1.14831,2014
1789996500,2026-09-21 13:15:00+00:00,1.14831,1.14848,1.14808,1.14811,2002
1789997400,2026-09-21 13:30:00+00:00,1.14811,1.14813,1.14763,1.1476600000000001,2515
1789998300,2026-09-21 13:45:00+00:00,1.1476600000000001,1.14768,1.14716,1.14724,2877
1789999200,2026-09-21 14:00:00+00:00,1.14724,1.1473,1.14665,1.14696,2772
1790000100,2026-09-21 14:15:00+00:00,1.14696,1.14726,1.1467,1.14724,2497
1790001000,2026-09-21 14:30:00+00:00,1.14724,1.14759,1.14714,1.1473,2593
1790001900,2026-09-21 14:45:00+00:00,1.14731,1.14749,1.14694,1.14724,2541
1790002800,2026-09-21 15:00:00+00:00,1.14725,1.14738,1.14695,1.14705,2732
1790003700,2026-09-21 15:15:00+00:00,1.14705,1.14713,1.1468,1.14692,1935
1790004600,2026-09-21 15:30:00+00:00,1.14691,1.14702,1.14676,1.14685,1608
1790005500,2026-09-21 15:45:00+00:00,1.14685,1.14703,1.14668,1.1468099999999999,1526
1790006400,2026-09-21 16:00:00+00:00,1.1468099999999999,1.14709,1.14665,1.14705,1387
