timestamp,datetime,open,high,low,close,volume
1783607400,2026-07-09 14:30:00+00:00,1.3401,1.34048,1.33959,1.33988,5863
1783608300,2026-07-09 14:45:00+00:00,1.33988,1.3399,1.33875,1.3391199999999999,7054
1783609200,2026-07-09 15:00:00+00:00,1.3391199999999999,1.33995,1.33869,1.33959,6749
1783610100,2026-07-09 15:15:00+00:00,1.33959,1.33986,1.3391,1.33971,5516
1783611000,2026-07-09 15:30:00+00:00,1.33971,1.34048,1.33955,1.34048,5301
1783611900,2026-07-09 15:45:00+00:00,1.34048,1.3409,1.34019,1.34071,4809
1783612800,2026-07-09 16:00:00+00:00,1.34071,1.34112,1.34057,1.34103,4439
1783613700,2026-07-09 16:15:00+00:00,1.34104,1.3412,1.34024,1.34045,3666
1783614600,2026-07-09 16:30:00+00:00,1.34045,1.34106,1.34027,1.34098,3841
1783615500,2026-07-09 16:45:00+00:00,1.3409900000000001,1.34121,1.3409200000000001,1.34097,3527
1783616400,2026-07-09 17:00:00+00:00,1.34097,1.34121,1.34079,1.34101,3309
1783617300,2026-07-09 17:15:00+00:00,1.34101,1.3415,1.34089,1.34146,3711
1783618200,2026-07-09 17:30:00+00:00,1.34147,1.34159,1.34117,1.3413,3437
1783619100,2026-07-09 17:45:00+00:00,1.3413,1.34166,1.3413,1.34161,3038
1783620000,2026-07-09 18:00:00+00:00,1.34161,1.34192,1.3415599999999999,1.34186,3289
1783620900,2026-07-09 18:15:00+00:00,1.3418700000000001,1.3419400000000001,1.34119,1.34124,3116
1783621800,2026-07-09 18:30:00+00:00,1.34124,1.34142,1.34106,1.34137,2782
1783622700,2026-07-09 18:45:00+00:00,1.34137,1.34166,1.34134,1.34157,2912
1783623600,2026-07-09 19:00:00+00:00,1.34157,1.34175,1.3412600000000001,1.34138,2696
1783624500,2026-07-09 19:15:00+00:00,1.34138,1.34161,1.34101,1.34107,2484
1783625400,2026-07-09 19:30:00+00:00,1.34107,1.34109,1.34054,1.34057,3696
1783626300,2026-07-09 19:45:00+00:00,1.34057,1.34083,1.34046,1.34076,3226
1783627200,2026-07-09 20:00:00+00:00,1.34076,1.34113,1.3406799999999999,1.3409900000000001,2378
1783628100,2026-07-09 20:15:00+00:00,1.3409900000000001,1.34109,1.3409200000000001,1.34094,832
1783629000,2026-07-09 20:30:00+00:00,1.34094,1.34106,1.3409,1.34098,989
1783629900,2026-07-09 20:45:00+00:00,1.34098,1.341,1.3407499999999999,1.34082,1142
1783630800,2026-07-09 21:00:00+00:00,1.3406799999999999,1.34081,1.33989,1.3406,212
1783631700,2026-07-09 21:15:00+00:00,1.3406,1.34086,1.33992,1.34016,439
1783632600,2026-07-09 21:30:00+00:00,1.34016,1.34094,1.3401,1.3407499999999999,1466
1783633500,2026-07-09 21:45:00+00:00,1.3407499999999999,1.34116,1.34001,1.34051,3309
1783634400,2026-07-09 22:00:00+00:00,1.34051,1.34124,1.34051,1.34094,909
1783635300,2026-07-09 22:15:00+00:00,1.34094,1.3412600000000001,1.34094,1.34113,1021
1783636200,2026-07-09 22:30:00+00:00,1.34113,1.34127,1.34111,1.3412,891
1783637100,2026-07-09 22:45:00+00:00,1.3412,1.34131,1.34117,1.34124,801
1783638000,2026-07-09 23:00:00+00:00,1.34124,1.34131,1.3412,1.34128,844
1783638900,2026-07-09 23:15:00+00:00,1.34128,1.3412899999999999,1.34109,1.34113,695
1783639800,2026-07-09 23:30:00+00:00,1.34113,1.3413300000000001,1.34109,1.34131,448
1783640700,2026-07-09 23:45:00+00:00,1.34131,1.34137,1.34116,1.3413599999999999,951
1783641600,2026-07-10 00:00:00+00:00,1.3413599999999999,1.34137,1.34091,1.3409200000000001,4622
1783642500,2026-07-10 00:15:00+00:00,1.3409200000000001,1.34106,1.34085,1.34096,2879
1783643400,2026-07-10 00:30:00+00:00,1.34096,1.34154,1.34086,1.34146,2774
1783644300,2026-07-10 00:45:00+00:00,1.34146,1.34252,1.34146,1.34225,5375
1783645200,2026-07-10 01:00:00+00:00,1.3422399999999999,1.34291,1.3419699999999999,1.34288,6041
1783646100,2026-07-10 01:15:00+00:00,1.34288,1.34322,1.3425799999999999,1.34274,5748
1783647000,2026-07-10 01:30:00+00:00,1.34274,1.3431600000000001,1.34261,1.3428,5622
1783647900,2026-07-10 01:45:00+00:00,1.3428,1.34389,1.34267,1.34351,5911
1783648800,2026-07-10 02:00:00+00:00,1.34351,1.34475,1.34338,1.34474,5542
1783649700,2026-07-10 02:15:00+00:00,1.34474,1.34513,1.34457,1.34458,4080
1783650600,2026-07-10 02:30:00+00:00,1.34458,1.3449200000000001,1.34427,1.34479,4360
1783651500,2026-07-10 02:45:00+00:00,1.34479,1.34519,1.3447,1.34483,4807
1783652400,2026-07-10 03:00:00+00:00,1.34484,1.345,1.34453,1.34457,4100
1783653300,2026-07-10 03:15:00+00:00,1.34457,1.34462,1.34425,1.34457,3589
1783654200,2026-07-10 03:30:00+00:00,1.34457,1.34474,1.34439,1.3445,3334
1783655100,2026-07-10 03:45:00+00:00,1.3445,1.34451,1.34374,1.34395,3069
1783656000,2026-07-10 04:00:00+00:00,1.34395,1.34395,1.34358,1.34376,2770
1783656900,2026-07-10 04:15:00+00:00,1.34376,1.34376,1.34325,1.3434599999999999,3023
1783657800,2026-07-10 04:30:00+00:00,1.3434599999999999,1.3435000000000001,1.343,1.34301,2584
1783658700,2026-07-10 04:45:00+00:00,1.34301,1.3430900000000001,1.34276,1.34305,2282
1783659600,2026-07-10 05:00:00+00:00,1.34305,1.34334,1.34296,1.343,4017
1783660500,2026-07-10 05:15:00+00:00,1.343,1.3430900000000001,1.3426,1.34269,3525
1783661400,2026-07-10 05:30:00+00:00,1.34267,1.3427,1.3421699999999999,1.34245,3398
1783662300,2026-07-10 05:45:00+00:00,1.34245,1.34292,1.34244,1.34272,4049
1783663200,2026-07-10 06:00:00+00:00,1.34271,1.34361,1.34268,1.34338,4822
1783664100,2026-07-10 06:15:00+00:00,1.34337,1.34359,1.34275,1.34276,6105
1783665000,2026-07-10 06:30:00+00:00,1.34276,1.34344,1.3427,1.34271,5583
1783665900,2026-07-10 06:45:00+00:00,1.34271,1.34281,1.34241,1.34266,4324
1783666800,2026-07-10 07:00:00+00:00,1.34266,1.343,1.34237,1.3427,6066
1783667700,2026-07-10 07:15:00+00:00,1.34267,1.3429,1.34235,1.34256,4578
1783668600,2026-07-10 07:30:00+00:00,1.34256,1.3431,1.34237,1.34288,4632
1783669500,2026-07-10 07:45:00+00:00,1.34288,1.34294,1.34205,1.34215,4958
1783670400,2026-07-10 08:00:00+00:00,1.34215,1.34267,1.34175,1.34177,6734
1783671300,2026-07-10 08:15:00+00:00,1.34177,1.342,1.3412600000000001,1.34148,5142
1783672200,2026-07-10 08:30:00+00:00,1.34148,1.34182,1.34106,1.3413300000000001,5674
1783673100,2026-07-10 08:45:00+00:00,1.3413300000000001,1.34134,1.34085,1.34098,4796
1783674000,2026-07-10 09:00:00+00:00,1.34098,1.3416000000000001,1.3409,1.34139,5257
1783674900,2026-07-10 09:15:00+00:00,1.34139,1.34164,1.34122,1.34151,4020
1783675800,2026-07-10 09:30:00+00:00,1.34151,1.3416299999999999,1.34117,1.34118,4963
1783676700,2026-07-10 09:45:00+00:00,1.34118,1.34144,1.3409499999999999,1.3409900000000001,4960
1783677600,2026-07-10 10:00:00+00:00,1.3409900000000001,1.34155,1.3409900000000001,1.3414,4923
1783678500,2026-07-10 10:15:00+00:00,1.34141,1.34229,1.34137,1.3422,4740
1783679400,2026-07-10 10:30:00+00:00,1.3422,1.34234,1.34179,1.34205,3569
1783680300,2026-07-10 10:45:00+00:00,1.34205,1.34368,1.34176,1.34328,5352
1783681200,2026-07-10 11:00:00+00:00,1.34331,1.34376,1.34281,1.34295,2908
1783682100,2026-07-10 11:15:00+00:00,1.34295,1.34302,1.3421699999999999,1.34244,4843
1783683000,2026-07-10 11:30:00+00:00,1.34244,1.3425099999999999,1.34175,1.3422100000000001,6566
1783683900,2026-07-10 11:45:00+00:00,1.3422100000000001,1.34281,1.34215,1.3426,5166
1783684800,2026-07-10 12:00:00+00:00,1.34261,1.34371,1.34196,1.34287,7296
1783685700,2026-07-10 12:15:00+00:00,1.34287,1.34298,1.34228,1.34228,6292
1783686600,2026-07-10 12:30:00+00:00,1.34228,1.34244,1.34164,1.34171,6187
1783687500,2026-07-10 12:45:00+00:00,1.34171,1.3421699999999999,1.34141,1.34211,6362
1783688400,2026-07-10 13:00:00+00:00,1.34211,1.34215,1.3411,1.34147,6838
1783689300,2026-07-10 13:15:00+00:00,1.34147,1.34167,1.34106,1.34117,5750
1783690200,2026-07-10 13:30:00+00:00,1.34118,1.34181,1.341,1.34159,8293
1783691100,2026-07-10 13:45:00+00:00,1.34159,1.34162,1.34042,1.3406,7040
1783692000,2026-07-10 14:00:00+00:00,1.3406,1.34071,1.3401,1.3406799999999999,6281
1783692900,2026-07-10 14:15:00+00:00,1.34067,1.34137,1.34045,1.3412,6671
1783693800,2026-07-10 14:30:00+00:00,1.34118,1.3414,1.33921,1.3409200000000001,10319
1783694700,2026-07-10 14:45:00+00:00,1.3409200000000001,1.34109,1.3403,1.34096,6558
1783695600,2026-07-10 15:00:00+00:00,1.34097,1.34149,1.34077,1.34128,7424
1783696500,2026-07-10 15:15:00+00:00,1.34127,1.34209,1.34127,1.34199,7230
1783697400,2026-07-10 15:30:00+00:00,1.342,1.34219,1.34168,1.34184,6029
1783698300,2026-07-10 15:45:00+00:00,1.34184,1.34222,1.34168,1.34207,5402
1783699200,2026-07-10 16:00:00+00:00,1.34207,1.34231,1.34189,1.3421699999999999,6899
1783700100,2026-07-10 16:15:00+00:00,1.3421699999999999,1.34233,1.3415300000000001,1.34202,5407
1783701000,2026-07-10 16:30:00+00:00,1.34202,1.34214,1.34174,1.34177,3960
1783701900,2026-07-10 16:45:00+00:00,1.34177,1.3418700000000001,1.34109,1.3411,4985
1783702800,2026-07-10 17:00:00+00:00,1.34109,1.3413,1.34042,1.34063,5799
1783703700,2026-07-10 17:15:00+00:00,1.34063,1.34078,1.34006,1.34037,4742
1783704600,2026-07-10 17:30:00+00:00,1.34037,1.34046,1.33993,1.34023,4518
1783705500,2026-07-10 17:45:00+00:00,1.34023,1.3405,1.33993,1.34,3808
1783706400,2026-07-10 18:00:00+00:00,1.34002,1.34008,1.33982,1.33991,5465
1783707300,2026-07-10 18:15:00+00:00,1.33991,1.3400699999999999,1.33972,1.33976,3685
1783708200,2026-07-10 18:30:00+00:00,1.33978,1.33997,1.33926,1.33935,4083
1783709100,2026-07-10 18:45:00+00:00,1.33935,1.33987,1.33935,1.33985,4517
1783710000,2026-07-10 19:00:00+00:00,1.33985,1.33989,1.33948,1.3396,3258
1783710900,2026-07-10 19:15:00+00:00,1.3396,1.33979,1.33959,1.33972,3239
1783711800,2026-07-10 19:30:00+00:00,1.33971,1.33987,1.33961,1.33967,3423
1783712700,2026-07-10 19:45:00+00:00,1.33967,1.33997,1.33955,1.33985,4153
1783713600,2026-07-10 20:00:00+00:00,1.33985,1.34008,1.3397299999999999,1.3399,4472
1783714500,2026-07-10 20:15:00+00:00,1.3399,1.34003,1.33975,1.33979,1673
1783715400,2026-07-10 20:30:00+00:00,1.33979,1.33979,1.33941,1.33957,1719
1783716300,2026-07-10 20:45:00+00:00,1.33957,1.3403,1.33949,1.34,3446
1783890000,2026-07-12 21:00:00+00:00,1.3385,1.33906,1.3385,1.33884,112
1783890900,2026-07-12 21:15:00+00:00,1.33884,1.33898,1.33879,1.3388499999999999,116
1783891800,2026-07-12 21:30:00+00:00,1.3388499999999999,1.3389,1.33863,1.33879,150
1783892700,2026-07-12 21:45:00+00:00,1.33879,1.33891,1.33872,1.33879,138
1783893600,2026-07-12 22:00:00+00:00,1.33878,1.33879,1.33691,1.3372899999999999,3320
1783894500,2026-07-12 22:15:00+00:00,1.3372899999999999,1.3379699999999999,1.33715,1.33783,3575
1783895400,2026-07-12 22:30:00+00:00,1.33783,1.33795,1.3375,1.33753,2490
1783896300,2026-07-12 22:45:00+00:00,1.33753,1.33771,1.3374,1.33753,1843
1783897200,2026-07-12 23:00:00+00:00,1.33753,1.33762,1.33724,1.3376000000000001,1566
1783898100,2026-07-12 23:15:00+00:00,1.3376000000000001,1.33771,1.3375,1.33765,1605
1783899000,2026-07-12 23:30:00+00:00,1.33766,1.33798,1.33753,1.33783,1686
1783899900,2026-07-12 23:45:00+00:00,1.33783,1.33866,1.33782,1.33864,4375
1783900800,2026-07-13 00:00:00+00:00,1.33864,1.33869,1.33825,1.33835,7717
1783901700,2026-07-13 00:15:00+00:00,1.33835,1.33875,1.33788,1.3383099999999999,8113
1783902600,2026-07-13 00:30:00+00:00,1.3383099999999999,1.33849,1.33771,1.33785,7277
1783903500,2026-07-13 00:45:00+00:00,1.33785,1.33803,1.33753,1.33762,6427
1783904400,2026-07-13 01:00:00+00:00,1.33762,1.3376299999999999,1.3369900000000001,1.33717,8071
1783905300,2026-07-13 01:15:00+00:00,1.33717,1.33755,1.33666,1.3373,8432
1783906200,2026-07-13 01:30:00+00:00,1.3373,1.33801,1.33721,1.33795,7502
1783907100,2026-07-13 01:45:00+00:00,1.33795,1.33838,1.33784,1.33835,6851
1783908000,2026-07-13 02:00:00+00:00,1.33836,1.33847,1.33762,1.3378700000000001,5549
1783908900,2026-07-13 02:15:00+00:00,1.3378700000000001,1.33815,1.33773,1.33791,5272
1783909800,2026-07-13 02:30:00+00:00,1.33791,1.33841,1.33778,1.33832,5815
1783910700,2026-07-13 02:45:00+00:00,1.33832,1.33836,1.33768,1.33768,4793
1783911600,2026-07-13 03:00:00+00:00,1.33768,1.33781,1.33711,1.33746,5755
1783912500,2026-07-13 03:15:00+00:00,1.33746,1.33769,1.3374,1.33764,4749
1783913400,2026-07-13 03:30:00+00:00,1.33764,1.33783,1.33756,1.33771,4983
1783914300,2026-07-13 03:45:00+00:00,1.33771,1.33796,1.33762,1.33784,4647
1783915200,2026-07-13 04:00:00+00:00,1.33784,1.33785,1.3375,1.33782,4000
1783916100,2026-07-13 04:15:00+00:00,1.33782,1.33816,1.3377,1.33816,4325
1783917000,2026-07-13 04:30:00+00:00,1.33816,1.3382399999999999,1.33795,1.33799,3659
1783917900,2026-07-13 04:45:00+00:00,1.33799,1.3385099999999999,1.33795,1.33839,3763
1783918800,2026-07-13 05:00:00+00:00,1.3384,1.33878,1.33833,1.33866,5450
1783919700,2026-07-13 05:15:00+00:00,1.33866,1.33868,1.33789,1.33795,4690
1783920600,2026-07-13 05:30:00+00:00,1.33795,1.33834,1.33773,1.33793,6557
1783921500,2026-07-13 05:45:00+00:00,1.33793,1.33847,1.33781,1.3379699999999999,6590
1783922400,2026-07-13 06:00:00+00:00,1.3379699999999999,1.33811,1.33775,1.33795,7009
1783923300,2026-07-13 06:15:00+00:00,1.33795,1.33888,1.33791,1.33883,5936
1783924200,2026-07-13 06:30:00+00:00,1.33883,1.33925,1.33846,1.33853,6284
1783925100,2026-07-13 06:45:00+00:00,1.33853,1.33854,1.33743,1.33785,6145
1783926000,2026-07-13 07:00:00+00:00,1.33784,1.3389,1.33776,1.33854,7830
1783926900,2026-07-13 07:15:00+00:00,1.33854,1.33879,1.3382399999999999,1.33863,4493
1783927800,2026-07-13 07:30:00+00:00,1.33863,1.33937,1.3378700000000001,1.3385799999999999,7436
1783928700,2026-07-13 07:45:00+00:00,1.3385799999999999,1.33957,1.33845,1.33932,7148
1783929600,2026-07-13 08:00:00+00:00,1.33932,1.34066,1.33926,1.3403800000000001,8704
1783930500,2026-07-13 08:15:00+00:00,1.34037,1.34117,1.33984,1.33994,6833
1783931400,2026-07-13 08:30:00+00:00,1.33994,1.34017,1.33972,1.33995,5042
1783932300,2026-07-13 08:45:00+00:00,1.33993,1.34018,1.33941,1.3394300000000001,5157
1783933200,2026-07-13 09:00:00+00:00,1.3394300000000001,1.3396,1.3391,1.3392,3934
1783934100,2026-07-13 09:15:00+00:00,1.3392,1.33945,1.3385,1.33898,4768
1783935000,2026-07-13 09:30:00+00:00,1.33898,1.3394599999999999,1.33872,1.33905,5149
1783935900,2026-07-13 09:45:00+00:00,1.33905,1.33923,1.33871,1.33913,4959
1783936800,2026-07-13 10:00:00+00:00,1.33913,1.33937,1.33886,1.33894,5745
1783937700,2026-07-13 10:15:00+00:00,1.33894,1.33895,1.33816,1.3383099999999999,4641
1783938600,2026-07-13 10:30:00+00:00,1.33832,1.3388,1.3382100000000001,1.3386,4680
1783939500,2026-07-13 10:45:00+00:00,1.3386,1.33991,1.3385500000000001,1.33988,5207
1783940400,2026-07-13 11:00:00+00:00,1.33988,1.34026,1.33924,1.3395299999999999,6240
1783941300,2026-07-13 11:15:00+00:00,1.3395299999999999,1.33957,1.33854,1.33914,5910
1783942200,2026-07-13 11:30:00+00:00,1.33914,1.33957,1.33897,1.33955,5591
1783943100,2026-07-13 11:45:00+00:00,1.33955,1.3397000000000001,1.3392,1.33935,5636
1783944000,2026-07-13 12:00:00+00:00,1.33935,1.33964,1.33833,1.33856,7970
1783944900,2026-07-13 12:15:00+00:00,1.33857,1.33918,1.33847,1.33905,6690
1783945800,2026-07-13 12:30:00+00:00,1.33906,1.33974,1.33888,1.33944,5833
1783946700,2026-07-13 12:45:00+00:00,1.33944,1.33993,1.33902,1.33992,6809
1783947600,2026-07-13 13:00:00+00:00,1.3399,1.34023,1.33914,1.33936,6046
1783948500,2026-07-13 13:15:00+00:00,1.33937,1.3399,1.33923,1.3394300000000001,4982
1783949400,2026-07-13 13:30:00+00:00,1.3394300000000001,1.33984,1.33853,1.33875,8520
1783950300,2026-07-13 13:45:00+00:00,1.33875,1.33901,1.33836,1.3385099999999999,8361
1783951200,2026-07-13 14:00:00+00:00,1.33852,1.33875,1.33776,1.33796,8456
1783952100,2026-07-13 14:15:00+00:00,1.33796,1.33817,1.33635,1.33792,10003
1783953000,2026-07-13 14:30:00+00:00,1.33792,1.33802,1.3368,1.33723,6716
1783953900,2026-07-13 14:45:00+00:00,1.33723,1.33795,1.33669,1.33789,8686
1783954800,2026-07-13 15:00:00+00:00,1.33789,1.33795,1.3372,1.3373599999999999,8211
1783955700,2026-07-13 15:15:00+00:00,1.33735,1.33798,1.33703,1.3378700000000001,7458
1783956600,2026-07-13 15:30:00+00:00,1.3378700000000001,1.33803,1.33753,1.33783,7088
1783957500,2026-07-13 15:45:00+00:00,1.33784,1.33822,1.33749,1.33803,7656
1783958400,2026-07-13 16:00:00+00:00,1.33803,1.33845,1.33786,1.33822,6138
1783959300,2026-07-13 16:15:00+00:00,1.33822,1.3383099999999999,1.33687,1.33711,7146
1783960200,2026-07-13 16:30:00+00:00,1.33711,1.33717,1.33576,1.33682,11122
1783961100,2026-07-13 16:45:00+00:00,1.33682,1.33708,1.3357700000000001,1.3363,8695
1783962000,2026-07-13 17:00:00+00:00,1.3363,1.33666,1.33595,1.33624,7151
1783962900,2026-07-13 17:15:00+00:00,1.33624,1.3364099999999999,1.33592,1.33603,6045
1783963800,2026-07-13 17:30:00+00:00,1.33603,1.33618,1.33568,1.33605,5921
1783964700,2026-07-13 17:45:00+00:00,1.33605,1.33633,1.33574,1.33583,5636
1783965600,2026-07-13 18:00:00+00:00,1.33583,1.33606,1.33554,1.3357299999999999,6171
1783966500,2026-07-13 18:15:00+00:00,1.3357299999999999,1.3358400000000001,1.33547,1.3357700000000001,5816
1783967400,2026-07-13 18:30:00+00:00,1.3357700000000001,1.33609,1.33563,1.33592,5178
1783968300,2026-07-13 18:45:00+00:00,1.33592,1.33613,1.33581,1.33603,6043
1783969200,2026-07-13 19:00:00+00:00,1.33603,1.33612,1.33525,1.33527,5798
1783970100,2026-07-13 19:15:00+00:00,1.33527,1.33555,1.3352,1.33536,5579
1783971000,2026-07-13 19:30:00+00:00,1.33536,1.3354599999999999,1.33515,1.3354,5255
1783971900,2026-07-13 19:45:00+00:00,1.3354,1.3354599999999999,1.33517,1.33534,4238
1783972800,2026-07-13 20:00:00+00:00,1.33534,1.33549,1.3349,1.33493,2457
1783973700,2026-07-13 20:15:00+00:00,1.33493,1.33498,1.3342399999999999,1.3345,1771
1783974600,2026-07-13 20:30:00+00:00,1.3345,1.33469,1.33429,1.33465,1664
1783975500,2026-07-13 20:45:00+00:00,1.33465,1.33469,1.3344,1.33456,1477
1783976400,2026-07-13 21:00:00+00:00,1.33461,1.33572,1.33448,1.33526,209
1783977300,2026-07-13 21:15:00+00:00,1.33526,1.33635,1.33448,1.33504,272
1783978200,2026-07-13 21:30:00+00:00,1.33504,1.33569,1.33452,1.33496,554
1783979100,2026-07-13 21:45:00+00:00,1.33483,1.33531,1.33464,1.33479,847
1783980000,2026-07-13 22:00:00+00:00,1.33479,1.33525,1.3346,1.33491,1248
1783980900,2026-07-13 22:15:00+00:00,1.33491,1.33517,1.33487,1.33506,1006
1783981800,2026-07-13 22:30:00+00:00,1.33506,1.3353,1.33498,1.33527,960
1783982700,2026-07-13 22:45:00+00:00,1.33527,1.33528,1.3348200000000001,1.33483,1263
1783983600,2026-07-13 23:00:00+00:00,1.33483,1.335,1.33471,1.33486,1120
1783984500,2026-07-13 23:15:00+00:00,1.33486,1.33491,1.3347,1.33477,1017
1783985400,2026-07-13 23:30:00+00:00,1.33477,1.33515,1.33473,1.33486,1243
1783986300,2026-07-13 23:45:00+00:00,1.33486,1.33503,1.33462,1.335,4033
1783987200,2026-07-14 00:00:00+00:00,1.335,1.33533,1.33467,1.3351199999999999,8718
1783988100,2026-07-14 00:15:00+00:00,1.3351199999999999,1.3351600000000001,1.33423,1.33443,8113
1783989000,2026-07-14 00:30:00+00:00,1.33443,1.3355000000000001,1.33439,1.33545,7307
1783989900,2026-07-14 00:45:00+00:00,1.33544,1.33576,1.33515,1.33515,8242
1783990800,2026-07-14 01:00:00+00:00,1.33515,1.33544,1.33508,1.33524,6711
1783991700,2026-07-14 01:15:00+00:00,1.33525,1.33579,1.3352,1.33522,7292
1783992600,2026-07-14 01:30:00+00:00,1.33522,1.33545,1.33506,1.33539,6636
1783993500,2026-07-14 01:45:00+00:00,1.33539,1.33572,1.33531,1.33547,5529
1783994400,2026-07-14 02:00:00+00:00,1.33547,1.33586,1.3354300000000001,1.3357700000000001,5868
1783995300,2026-07-14 02:15:00+00:00,1.3357700000000001,1.336,1.33574,1.33593,4140
1783996200,2026-07-14 02:30:00+00:00,1.33593,1.33603,1.33571,1.33585,4393
1783997100,2026-07-14 02:45:00+00:00,1.33585,1.33594,1.33564,1.33566,3867
1783998000,2026-07-14 03:00:00+00:00,1.33566,1.33595,1.33545,1.33572,5863
1783998900,2026-07-14 03:15:00+00:00,1.33572,1.33593,1.3354599999999999,1.33589,5246
1783999800,2026-07-14 03:30:00+00:00,1.33589,1.33642,1.33583,1.33609,6290
1784000700,2026-07-14 03:45:00+00:00,1.33609,1.33629,1.3360400000000001,1.3360400000000001,4440
1784001600,2026-07-14 04:00:00+00:00,1.3360400000000001,1.33627,1.33578,1.33598,3711
1784002500,2026-07-14 04:15:00+00:00,1.33598,1.33624,1.33596,1.33599,4721
1784003400,2026-07-14 04:30:00+00:00,1.33598,1.33619,1.33593,1.3360699999999999,5444
1784004300,2026-07-14 04:45:00+00:00,1.3360699999999999,1.33612,1.33563,1.33591,4220
1784005200,2026-07-14 05:00:00+00:00,1.3359,1.33627,1.33587,1.33617,3723
1784006100,2026-07-14 05:15:00+00:00,1.33617,1.3366799999999999,1.33613,1.33658,4343
1784007000,2026-07-14 05:30:00+00:00,1.33658,1.337,1.33655,1.33682,4608
1784007900,2026-07-14 05:45:00+00:00,1.33682,1.33687,1.33626,1.3363,5166
1784008800,2026-07-14 06:00:00+00:00,1.3363,1.3365,1.33593,1.33597,6721
1784009700,2026-07-14 06:15:00+00:00,1.33597,1.33606,1.33525,1.33537,5336
1784010600,2026-07-14 06:30:00+00:00,1.33537,1.33618,1.3353,1.33569,6319
1784011500,2026-07-14 06:45:00+00:00,1.33569,1.33583,1.33535,1.33563,4968
1784012400,2026-07-14 07:00:00+00:00,1.33563,1.33605,1.33513,1.33524,6493
1784013300,2026-07-14 07:15:00+00:00,1.33523,1.3361100000000001,1.33514,1.33595,5795
1784014200,2026-07-14 07:30:00+00:00,1.33595,1.33622,1.3354300000000001,1.33606,6666
1784015100,2026-07-14 07:45:00+00:00,1.33606,1.33647,1.33563,1.33574,6850
1784016000,2026-07-14 08:00:00+00:00,1.33574,1.3360699999999999,1.3354,1.3357999999999999,6675
1784016900,2026-07-14 08:15:00+00:00,1.3357999999999999,1.33621,1.33549,1.3361399999999999,5572
1784017800,2026-07-14 08:30:00+00:00,1.33615,1.33748,1.33615,1.33745,6488
1784018700,2026-07-14 08:45:00+00:00,1.33744,1.3376700000000001,1.33716,1.33748,6239
1784019600,2026-07-14 09:00:00+00:00,1.33748,1.3381,1.33739,1.33805,5340
1784020500,2026-07-14 09:15:00+00:00,1.33805,1.33807,1.33741,1.33777,5093
1784021400,2026-07-14 09:30:00+00:00,1.33777,1.33805,1.33738,1.33741,4835
1784022300,2026-07-14 09:45:00+00:00,1.33741,1.33838,1.33737,1.33796,5282
1784023200,2026-07-14 10:00:00+00:00,1.33796,1.33826,1.3376299999999999,1.33768,4917
1784024100,2026-07-14 10:15:00+00:00,1.33768,1.33801,1.33749,1.33766,4852
1784025000,2026-07-14 10:30:00+00:00,1.33766,1.3378700000000001,1.33746,1.3377,4792
1784025900,2026-07-14 10:45:00+00:00,1.3377,1.33776,1.3369900000000001,1.3372600000000001,4732
1784026800,2026-07-14 11:00:00+00:00,1.33727,1.33732,1.33661,1.33718,6336
1784027700,2026-07-14 11:15:00+00:00,1.33718,1.33778,1.33704,1.3376000000000001,5239
1784028600,2026-07-14 11:30:00+00:00,1.3376000000000001,1.33807,1.33759,1.33795,4735
1784029500,2026-07-14 11:45:00+00:00,1.33795,1.33874,1.33793,1.33843,5933
1784030400,2026-07-14 12:00:00+00:00,1.33843,1.33871,1.3381,1.33814,7576
1784031300,2026-07-14 12:15:00+00:00,1.33814,1.33896,1.33802,1.3388200000000001,6747
1784032200,2026-07-14 12:30:00+00:00,1.3388499999999999,1.34439,1.33825,1.34332,14702
1784033100,2026-07-14 12:45:00+00:00,1.34332,1.34378,1.34029,1.3409200000000001,9016
1784034000,2026-07-14 13:00:00+00:00,1.3409200000000001,1.34192,1.33981,1.34028,9429
1784034900,2026-07-14 13:15:00+00:00,1.34028,1.34123,1.33991,1.3402,9905
1784035800,2026-07-14 13:30:00+00:00,1.34019,1.34151,1.34008,1.34138,10734
1784036700,2026-07-14 13:45:00+00:00,1.34138,1.34191,1.34093,1.34157,8418
1784037600,2026-07-14 14:00:00+00:00,1.34157,1.34233,1.34123,1.3416000000000001,8076
1784038500,2026-07-14 14:15:00+00:00,1.3416000000000001,1.34168,1.3399,1.33995,9487
1784039400,2026-07-14 14:30:00+00:00,1.33994,1.3418700000000001,1.33964,1.3409499999999999,9315
1784040300,2026-07-14 14:45:00+00:00,1.3409499999999999,1.3412600000000001,1.3404,1.3405,7505
1784041200,2026-07-14 15:00:00+00:00,1.34051,1.34141,1.34,1.34073,9321
1784042100,2026-07-14 15:15:00+00:00,1.3407200000000001,1.34078,1.3394300000000001,1.33979,6364
1784043000,2026-07-14 15:30:00+00:00,1.33979,1.33994,1.33823,1.33872,9484
1784043900,2026-07-14 15:45:00+00:00,1.33872,1.3391899999999999,1.3379699999999999,1.33826,9209
1784044800,2026-07-14 16:00:00+00:00,1.33827,1.33844,1.33756,1.33829,8430
1784045700,2026-07-14 16:15:00+00:00,1.33829,1.33875,1.3378999999999999,1.33862,7210
1784046600,2026-07-14 16:30:00+00:00,1.33862,1.33923,1.33861,1.33871,5324
1784047500,2026-07-14 16:45:00+00:00,1.33871,1.3391199999999999,1.33849,1.3388900000000001,5583
1784048400,2026-07-14 17:00:00+00:00,1.33888,1.33911,1.33752,1.33753,5931
1784049300,2026-07-14 17:15:00+00:00,1.33753,1.33774,1.3368,1.33771,6625
1784050200,2026-07-14 17:30:00+00:00,1.33772,1.33805,1.33757,1.33799,4932
1784051100,2026-07-14 17:45:00+00:00,1.33799,1.33839,1.33766,1.3377,4721
1784052000,2026-07-14 18:00:00+00:00,1.33771,1.33832,1.33768,1.33826,4577
1784052900,2026-07-14 18:15:00+00:00,1.33826,1.33844,1.33791,1.33804,4645
1784053800,2026-07-14 18:30:00+00:00,1.33804,1.3383,1.33709,1.33747,5916
1784054700,2026-07-14 18:45:00+00:00,1.33747,1.33826,1.33742,1.33818,4968
1784055600,2026-07-14 19:00:00+00:00,1.33818,1.33856,1.33811,1.33847,4539
1784056500,2026-07-14 19:15:00+00:00,1.33847,1.33875,1.33833,1.33867,5208
1784057400,2026-07-14 19:30:00+00:00,1.33867,1.33876,1.3382,1.33872,6180
1784058300,2026-07-14 19:45:00+00:00,1.33872,1.33915,1.33869,1.33876,4349
1784059200,2026-07-14 20:00:00+00:00,1.33875,1.33899,1.33861,1.33888,2918
1784060100,2026-07-14 20:15:00+00:00,1.33888,1.33894,1.33871,1.33876,1434
1784061000,2026-07-14 20:30:00+00:00,1.33876,1.33898,1.33871,1.33886,1916
1784061900,2026-07-14 20:45:00+00:00,1.33886,1.33924,1.33884,1.33906,1504
1784062800,2026-07-14 21:00:00+00:00,1.33897,1.33932,1.33818,1.33846,352
1784063700,2026-07-14 21:15:00+00:00,1.33846,1.33927,1.33812,1.33871,473
1784064600,2026-07-14 21:30:00+00:00,1.33865,1.33905,1.33841,1.33896,469
1784065500,2026-07-14 21:45:00+00:00,1.33896,1.33899,1.33844,1.33872,487
1784066400,2026-07-14 22:00:00+00:00,1.33872,1.33917,1.33861,1.33904,1240
1784067300,2026-07-14 22:15:00+00:00,1.33904,1.33944,1.3389199999999999,1.33944,2002
1784068200,2026-07-14 22:30:00+00:00,1.3394300000000001,1.3394599999999999,1.33923,1.33925,1765
1784069100,2026-07-14 22:45:00+00:00,1.33925,1.33925,1.33894,1.33908,1264
1784070000,2026-07-14 23:00:00+00:00,1.33908,1.33935,1.33904,1.33929,1613
1784070900,2026-07-14 23:15:00+00:00,1.33929,1.3394,1.3392,1.33938,1443
1784071800,2026-07-14 23:30:00+00:00,1.33938,1.33966,1.33926,1.33961,1863
1784072700,2026-07-14 23:45:00+00:00,1.33961,1.33969,1.33951,1.33966,1816
1784073600,2026-07-15 00:00:00+00:00,1.33966,1.33974,1.33944,1.33951,4977
1784074500,2026-07-15 00:15:00+00:00,1.33951,1.34001,1.3395000000000001,1.33989,4225
1784075400,2026-07-15 00:30:00+00:00,1.33989,1.33999,1.3394599999999999,1.33959,3688
1784076300,2026-07-15 00:45:00+00:00,1.33958,1.3404099999999999,1.33956,1.3403100000000001,4627
1784077200,2026-07-15 01:00:00+00:00,1.3403100000000001,1.34053,1.3401100000000001,1.3405,5924
1784078100,2026-07-15 01:15:00+00:00,1.34049,1.34057,1.34009,1.34022,2810
1784079000,2026-07-15 01:30:00+00:00,1.34022,1.34036,1.33989,1.3400400000000001,4878
1784079900,2026-07-15 01:45:00+00:00,1.34005,1.34028,1.33995,1.34025,3858
1784080800,2026-07-15 02:00:00+00:00,1.34025,1.34052,1.3401,1.34026,3667
1784081700,2026-07-15 02:15:00+00:00,1.34026,1.34027,1.33998,1.3402,3249
1784082600,2026-07-15 02:30:00+00:00,1.3402,1.34094,1.34012,1.34081,3820
1784083500,2026-07-15 02:45:00+00:00,1.34081,1.34084,1.34054,1.34059,4096
1784084400,2026-07-15 03:00:00+00:00,1.3406,1.34094,1.3403,1.3403100000000001,4241
1784085300,2026-07-15 03:15:00+00:00,1.34032,1.34035,1.33984,1.34008,4009
1784086200,2026-07-15 03:30:00+00:00,1.34008,1.34026,1.33992,1.33996,3692
1784087100,2026-07-15 03:45:00+00:00,1.33995,1.34051,1.33992,1.34036,3094
1784088000,2026-07-15 04:00:00+00:00,1.34036,1.34052,1.34021,1.34029,3217
1784088900,2026-07-15 04:15:00+00:00,1.34029,1.34053,1.34024,1.34044,2924
1784089800,2026-07-15 04:30:00+00:00,1.34044,1.34056,1.34028,1.34035,2426
1784090700,2026-07-15 04:45:00+00:00,1.34035,1.34053,1.34023,1.34025,1994
1784091600,2026-07-15 05:00:00+00:00,1.34025,1.3404,1.34003,1.3403100000000001,3926
1784092500,2026-07-15 05:15:00+00:00,1.3403100000000001,1.34056,1.34027,1.34042,2733
1784093400,2026-07-15 05:30:00+00:00,1.34042,1.34119,1.34039,1.34117,3629
1784094300,2026-07-15 05:45:00+00:00,1.34117,1.34146,1.3410199999999999,1.34104,3388
1784095200,2026-07-15 06:00:00+00:00,1.34103,1.34173,1.3410199999999999,1.3417,3909
1784096100,2026-07-15 06:15:00+00:00,1.3417,1.34201,1.34161,1.34173,4098
1784097000,2026-07-15 06:30:00+00:00,1.34176,1.34179,1.34109,1.34154,4871
1784097900,2026-07-15 06:45:00+00:00,1.34154,1.3419400000000001,1.34108,1.34151,7008
1784098800,2026-07-15 07:00:00+00:00,1.34151,1.34202,1.3409,1.34158,5718
1784099700,2026-07-15 07:15:00+00:00,1.34158,1.3416299999999999,1.34023,1.34082,4618
1784100600,2026-07-15 07:30:00+00:00,1.34082,1.34118,1.34047,1.34057,4604
1784101500,2026-07-15 07:45:00+00:00,1.34058,1.34061,1.3401100000000001,1.34021,3940
1784102400,2026-07-15 08:00:00+00:00,1.34021,1.34073,1.33957,1.33958,4389
1784103300,2026-07-15 08:15:00+00:00,1.33958,1.34001,1.33947,1.33997,4355
1784104200,2026-07-15 08:30:00+00:00,1.33997,1.34016,1.3394599999999999,1.33952,4611
1784105100,2026-07-15 08:45:00+00:00,1.33952,1.33965,1.3390900000000001,1.3396,4238
1784106000,2026-07-15 09:00:00+00:00,1.3396,1.33991,1.33923,1.33954,3575
1784106900,2026-07-15 09:15:00+00:00,1.33954,1.33971,1.3393,1.33932,3757
1784107800,2026-07-15 09:30:00+00:00,1.33932,1.33942,1.33887,1.3391600000000001,3705
1784108700,2026-07-15 09:45:00+00:00,1.3391600000000001,1.3394,1.33896,1.33902,4487
1784109600,2026-07-15 10:00:00+00:00,1.33902,1.3391,1.33847,1.33856,4179
1784110500,2026-07-15 10:15:00+00:00,1.33856,1.33899,1.33807,1.33822,4813
1784111400,2026-07-15 10:30:00+00:00,1.33822,1.33883,1.33817,1.33877,4456
1784112300,2026-07-15 10:45:00+00:00,1.33877,1.33999,1.33876,1.33996,3623
1784113200,2026-07-15 11:00:00+00:00,1.33996,1.34018,1.33969,1.33981,3841
1784114100,2026-07-15 11:15:00+00:00,1.33981,1.3400400000000001,1.33959,1.33983,3349
1784115000,2026-07-15 11:30:00+00:00,1.33981,1.3403800000000001,1.33964,1.34033,3885
1784115900,2026-07-15 11:45:00+00:00,1.34035,1.34154,1.34027,1.34101,6750
1784116800,2026-07-15 12:00:00+00:00,1.34101,1.3413300000000001,1.34027,1.34086,5565
1784117700,2026-07-15 12:15:00+00:00,1.34086,1.34131,1.34058,1.34098,5034
1784118600,2026-07-15 12:30:00+00:00,1.34098,1.3422100000000001,1.34083,1.34213,7835
1784119500,2026-07-15 12:45:00+00:00,1.34213,1.34304,1.34202,1.3428499999999999,5222
1784120400,2026-07-15 13:00:00+00:00,1.3428499999999999,1.34365,1.3425799999999999,1.34273,7220
1784121300,2026-07-15 13:15:00+00:00,1.34274,1.34329,1.34218,1.34244,5100
1784122200,2026-07-15 13:30:00+00:00,1.34244,1.34335,1.34236,1.34306,5897
1784123100,2026-07-15 13:45:00+00:00,1.34307,1.34496,1.34306,1.34412,6447
1784124000,2026-07-15 14:00:00+00:00,1.34412,1.34448,1.3437999999999999,1.34427,5907
1784124900,2026-07-15 14:15:00+00:00,1.34427,1.34476,1.34408,1.3445,6523
1784125800,2026-07-15 14:30:00+00:00,1.34451,1.34667,1.34449,1.34667,7668
1784126700,2026-07-15 14:45:00+00:00,1.34667,1.34826,1.34653,1.34785,9713
1784127600,2026-07-15 15:00:00+00:00,1.34785,1.34819,1.34733,1.34733,6925
1784128500,2026-07-15 15:15:00+00:00,1.34733,1.34891,1.34713,1.3488,6906
1784129400,2026-07-15 15:30:00+00:00,1.34879,1.34916,1.34837,1.34903,7803
1784130300,2026-07-15 15:45:00+00:00,1.3490199999999999,1.34979,1.349,1.34954,6245
1784131200,2026-07-15 16:00:00+00:00,1.34954,1.35002,1.34939,1.34957,6053
1784132100,2026-07-15 16:15:00+00:00,1.34957,1.35118,1.34948,1.35118,6796
1784133000,2026-07-15 16:30:00+00:00,1.35119,1.3514,1.35068,1.35091,5813
1784133900,2026-07-15 16:45:00+00:00,1.35092,1.35284,1.3508200000000001,1.35264,7309
1784134800,2026-07-15 17:00:00+00:00,1.35263,1.35419,1.35259,1.35333,6395
1784135700,2026-07-15 17:15:00+00:00,1.35332,1.35362,1.35294,1.35324,5244
1784136600,2026-07-15 17:30:00+00:00,1.35324,1.3545099999999999,1.3532199999999999,1.35442,6559
1784137500,2026-07-15 17:45:00+00:00,1.35442,1.35491,1.35391,1.3547500000000001,5502
1784138400,2026-07-15 18:00:00+00:00,1.3547500000000001,1.35542,1.35472,1.3551,4863
1784139300,2026-07-15 18:15:00+00:00,1.3551,1.35582,1.35498,1.3554,5045
1784140200,2026-07-15 18:30:00+00:00,1.3554,1.35561,1.3544399999999999,1.3544800000000001,5243
1784141100,2026-07-15 18:45:00+00:00,1.3544800000000001,1.35453,1.35358,1.35364,5220
1784142000,2026-07-15 19:00:00+00:00,1.3536299999999999,1.35447,1.35358,1.3542100000000001,5108
1784142900,2026-07-15 19:15:00+00:00,1.3542100000000001,1.35433,1.3535300000000001,1.35371,4887
1784143800,2026-07-15 19:30:00+00:00,1.35372,1.35379,1.35276,1.35298,7016
1784144700,2026-07-15 19:45:00+00:00,1.35298,1.35354,1.35289,1.3535,5126
1784145600,2026-07-15 20:00:00+00:00,1.3535,1.35373,1.35335,1.3535,3090
1784146500,2026-07-15 20:15:00+00:00,1.3535,1.35396,1.35346,1.35385,1504
1784147400,2026-07-15 20:30:00+00:00,1.35385,1.35385,1.35355,1.35358,2052
1784148300,2026-07-15 20:45:00+00:00,1.35358,1.35397,1.35346,1.3538299999999999,2041
1784149200,2026-07-15 21:00:00+00:00,1.3538299999999999,1.3538299999999999,1.353,1.35334,133
1784150100,2026-07-15 21:15:00+00:00,1.35334,1.35366,1.3532,1.35351,265
1784151000,2026-07-15 21:30:00+00:00,1.35351,1.35384,1.3529900000000001,1.35355,776
1784151900,2026-07-15 21:45:00+00:00,1.35355,1.35397,1.35307,1.35361,1138
1784152800,2026-07-15 22:00:00+00:00,1.35364,1.3541400000000001,1.35364,1.35402,1059
1784153700,2026-07-15 22:15:00+00:00,1.35402,1.3542100000000001,1.35396,1.35419,968
1784154600,2026-07-15 22:30:00+00:00,1.35419,1.35422,1.35402,1.35409,720
1784155500,2026-07-15 22:45:00+00:00,1.35409,1.35412,1.3537,1.35379,1122
1784156400,2026-07-15 23:00:00+00:00,1.35379,1.35402,1.3537,1.35398,996
1784157300,2026-07-15 23:15:00+00:00,1.35398,1.3541699999999999,1.3538700000000001,1.35409,1140
1784158200,2026-07-15 23:30:00+00:00,1.35409,1.35433,1.35396,1.35429,1478
1784159100,2026-07-15 23:45:00+00:00,1.3543,1.35437,1.35384,1.35388,2017
1784160000,2026-07-16 00:00:00+00:00,1.35388,1.3544399999999999,1.35376,1.35437,4988
1784160900,2026-07-16 00:15:00+00:00,1.35436,1.3544399999999999,1.35379,1.35389,4633
1784161800,2026-07-16 00:30:00+00:00,1.35388,1.35395,1.35308,1.35328,4567
1784162700,2026-07-16 00:45:00+00:00,1.35328,1.35346,1.35273,1.35338,6386
1784163600,2026-07-16 01:00:00+00:00,1.35338,1.35352,1.35311,1.3532899999999999,5592
1784164500,2026-07-16 01:15:00+00:00,1.3532899999999999,1.35334,1.35277,1.35288,5310
1784165400,2026-07-16 01:30:00+00:00,1.35288,1.35306,1.3526500000000001,1.35285,4735
1784166300,2026-07-16 01:45:00+00:00,1.35285,1.3529200000000001,1.35257,1.35272,3875
1784167200,2026-07-16 02:00:00+00:00,1.35272,1.35274,1.3521,1.35213,3455
1784168100,2026-07-16 02:15:00+00:00,1.35213,1.3525800000000001,1.3519700000000001,1.35252,3642
1784169000,2026-07-16 02:30:00+00:00,1.35252,1.3526099999999999,1.35212,1.35237,3812
1784169900,2026-07-16 02:45:00+00:00,1.3523800000000001,1.35273,1.35216,1.3527,3649
1784170800,2026-07-16 03:00:00+00:00,1.3527,1.3535,1.3525800000000001,1.3534,3028
1784171700,2026-07-16 03:15:00+00:00,1.3534,1.3536000000000001,1.35332,1.35345,3220
1784172600,2026-07-16 03:30:00+00:00,1.35345,1.35381,1.35343,1.35347,3355
1784173500,2026-07-16 03:45:00+00:00,1.35346,1.35349,1.3531,1.35332,3402
1784174400,2026-07-16 04:00:00+00:00,1.35332,1.35348,1.35313,1.35345,3543
1784175300,2026-07-16 04:15:00+00:00,1.35345,1.35347,1.35306,1.35309,3062
1784176200,2026-07-16 04:30:00+00:00,1.35308,1.35352,1.35307,1.35335,3370
1784177100,2026-07-16 04:45:00+00:00,1.35335,1.35343,1.35318,1.35324,3044
1784178000,2026-07-16 05:00:00+00:00,1.35325,1.35365,1.35325,1.35359,3202
1784178900,2026-07-16 05:15:00+00:00,1.35359,1.3538299999999999,1.35357,1.35369,2724
1784179800,2026-07-16 05:30:00+00:00,1.35369,1.35412,1.3533,1.35338,5318
1784180700,2026-07-16 05:45:00+00:00,1.35338,1.35347,1.35271,1.3529499999999999,4664
1784181600,2026-07-16 06:00:00+00:00,1.3529499999999999,1.35389,1.35282,1.3538700000000001,6216
1784182500,2026-07-16 06:15:00+00:00,1.3538700000000001,1.3538700000000001,1.3532899999999999,1.35359,4797
1784183400,2026-07-16 06:30:00+00:00,1.35359,1.3537,1.3532600000000001,1.35361,5354
1784184300,2026-07-16 06:45:00+00:00,1.35361,1.35423,1.35327,1.35403,5596
1784185200,2026-07-16 07:00:00+00:00,1.35402,1.35426,1.35358,1.3536299999999999,5959
1784186100,2026-07-16 07:15:00+00:00,1.3536299999999999,1.35411,1.35304,1.3532600000000001,4664
1784187000,2026-07-16 07:30:00+00:00,1.3532600000000001,1.35371,1.3532199999999999,1.35342,3970
1784187900,2026-07-16 07:45:00+00:00,1.35342,1.3538000000000001,1.35328,1.3533,5399
1784188800,2026-07-16 08:00:00+00:00,1.3533,1.35343,1.35216,1.35229,5058
1784189700,2026-07-16 08:15:00+00:00,1.35228,1.35245,1.35206,1.35218,4410
1784190600,2026-07-16 08:30:00+00:00,1.35218,1.3528,1.3521,1.35235,4702
1784191500,2026-07-16 08:45:00+00:00,1.35236,1.3524,1.35188,1.35209,4474
1784192400,2026-07-16 09:00:00+00:00,1.35209,1.35214,1.35149,1.3519,4296
1784193300,2026-07-16 09:15:00+00:00,1.3519,1.3519700000000001,1.35104,1.35108,3650
1784194200,2026-07-16 09:30:00+00:00,1.35108,1.35115,1.35057,1.3510900000000001,3852
1784195100,2026-07-16 09:45:00+00:00,1.35108,1.3511199999999999,1.35071,1.3507500000000001,3859
1784196000,2026-07-16 10:00:00+00:00,1.3507500000000001,1.35096,1.35058,1.3507799999999999,3802
1784196900,2026-07-16 10:15:00+00:00,1.3507799999999999,1.35094,1.35036,1.35045,3801
1784197800,2026-07-16 10:30:00+00:00,1.3504399999999999,1.35071,1.35026,1.35064,4049
1784198700,2026-07-16 10:45:00+00:00,1.35064,1.35086,1.35027,1.35037,4557
1784199600,2026-07-16 11:00:00+00:00,1.35038,1.35042,1.34974,1.35003,5060
1784200500,2026-07-16 11:15:00+00:00,1.35003,1.35013,1.34944,1.34961,4804
1784201400,2026-07-16 11:30:00+00:00,1.34961,1.35041,1.3496000000000001,1.3501400000000001,4736
1784202300,2026-07-16 11:45:00+00:00,1.3501400000000001,1.35072,1.34933,1.35069,6627
1784203200,2026-07-16 12:00:00+00:00,1.35069,1.35153,1.35049,1.35084,6396
1784204100,2026-07-16 12:15:00+00:00,1.35084,1.35113,1.35028,1.35046,5943
1784205000,2026-07-16 12:30:00+00:00,1.35046,1.3508,1.34989,1.3504,7033
1784205900,2026-07-16 12:45:00+00:00,1.3504,1.35061,1.34973,1.34976,5845
1784206800,2026-07-16 13:00:00+00:00,1.34975,1.3508,1.34965,1.35062,7067
1784207700,2026-07-16 13:15:00+00:00,1.35063,1.35101,1.35028,1.35086,6316
1784208600,2026-07-16 13:30:00+00:00,1.35087,1.35144,1.35052,1.35123,8527
1784209500,2026-07-16 13:45:00+00:00,1.35123,1.35174,1.35073,1.35081,8007
1784210400,2026-07-16 14:00:00+00:00,1.35081,1.35138,1.35036,1.35067,7924
1784211300,2026-07-16 14:15:00+00:00,1.35067,1.3511199999999999,1.35042,1.3508,8169
1784212200,2026-07-16 14:30:00+00:00,1.3508,1.3512,1.34992,1.35009,8058
1784213100,2026-07-16 14:45:00+00:00,1.3501,1.35026,1.3487,1.3488,7818
1784214000,2026-07-16 15:00:00+00:00,1.3488,1.34896,1.34801,1.3489499999999999,5877
1784214900,2026-07-16 15:15:00+00:00,1.3489499999999999,1.34914,1.3481,1.34811,5742
1784215800,2026-07-16 15:30:00+00:00,1.34811,1.34875,1.34801,1.34839,5217
1784216700,2026-07-16 15:45:00+00:00,1.34839,1.349,1.34809,1.3483,6043
1784217600,2026-07-16 16:00:00+00:00,1.3483,1.34836,1.34741,1.34742,5213
1784218500,2026-07-16 16:15:00+00:00,1.34742,1.34752,1.34668,1.34681,6037
1784219400,2026-07-16 16:30:00+00:00,1.34681,1.34717,1.34662,1.3469,4360
1784220300,2026-07-16 16:45:00+00:00,1.3469,1.34704,1.34652,1.3466,4998
1784221200,2026-07-16 17:00:00+00:00,1.34659,1.34663,1.34596,1.3461400000000001,4839
1784222100,2026-07-16 17:15:00+00:00,1.3461400000000001,1.34679,1.3461,1.34673,4047
1784223000,2026-07-16 17:30:00+00:00,1.34674,1.34687,1.3465500000000001,1.3467,4741
1784223900,2026-07-16 17:45:00+00:00,1.3467,1.3471899999999999,1.34662,1.34695,4287
1784224800,2026-07-16 18:00:00+00:00,1.34697,1.347,1.3464800000000001,1.3467500000000001,5578
1784225700,2026-07-16 18:15:00+00:00,1.34673,1.34699,1.3467,1.34679,5218
1784226600,2026-07-16 18:30:00+00:00,1.34679,1.3469,1.34664,1.34684,3944
1784227500,2026-07-16 18:45:00+00:00,1.34684,1.34713,1.34672,1.34704,4565
1784228400,2026-07-16 19:00:00+00:00,1.34703,1.34732,1.3468200000000001,1.3468499999999999,3792
1784229300,2026-07-16 19:15:00+00:00,1.34684,1.34699,1.34668,1.34677,3486
1784230200,2026-07-16 19:30:00+00:00,1.34676,1.34714,1.3467,1.34711,4515
1784231100,2026-07-16 19:45:00+00:00,1.34711,1.34757,1.34707,1.3474599999999999,4880
1784232000,2026-07-16 20:00:00+00:00,1.3474599999999999,1.34767,1.34735,1.3475,2495
1784232900,2026-07-16 20:15:00+00:00,1.34749,1.34762,1.34742,1.34752,1402
1784233800,2026-07-16 20:30:00+00:00,1.34753,1.34787,1.34752,1.3477999999999999,1850
1784234700,2026-07-16 20:45:00+00:00,1.3477999999999999,1.34806,1.3477999999999999,1.34786,1369
1784235600,2026-07-16 21:00:00+00:00,1.34764,1.3484,1.3469,1.34781,298
1784236500,2026-07-16 21:15:00+00:00,1.34781,1.34803,1.3471899999999999,1.34761,175
1784237400,2026-07-16 21:30:00+00:00,1.34759,1.34781,1.34735,1.34772,194
1784238300,2026-07-16 21:45:00+00:00,1.34772,1.34782,1.34764,1.34771,117
1784239200,2026-07-16 22:00:00+00:00,1.34771,1.34775,1.34747,1.34761,682
1784240100,2026-07-16 22:15:00+00:00,1.34761,1.34764,1.3475,1.34758,1086
1784241000,2026-07-16 22:30:00+00:00,1.34758,1.34761,1.34744,1.34744,733
1784241900,2026-07-16 22:45:00+00:00,1.34744,1.34745,1.34729,1.34738,1018
1784242800,2026-07-16 23:00:00+00:00,1.34738,1.34755,1.34733,1.34753,1168
1784243700,2026-07-16 23:15:00+00:00,1.34753,1.34772,1.3475,1.34765,1102
1784244600,2026-07-16 23:30:00+00:00,1.34765,1.3477700000000001,1.34754,1.34766,1063
1784245500,2026-07-16 23:45:00+00:00,1.34766,1.34784,1.34753,1.34779,2706
1784246400,2026-07-17 00:00:00+00:00,1.34779,1.34788,1.34737,1.34741,4295
1784247300,2026-07-17 00:15:00+00:00,1.34741,1.34767,1.3470900000000001,1.34713,4826
1784248200,2026-07-17 00:30:00+00:00,1.3471199999999999,1.34726,1.34696,1.34701,4235
1784249100,2026-07-17 00:45:00+00:00,1.34701,1.3477700000000001,1.34699,1.3477299999999999,5511
1784250000,2026-07-17 01:00:00+00:00,1.3477299999999999,1.3479999999999999,1.34753,1.34766,4805
1784250900,2026-07-17 01:15:00+00:00,1.34766,1.34788,1.34745,1.3475,4556
1784251800,2026-07-17 01:30:00+00:00,1.3475,1.34751,1.34701,1.3471899999999999,4579
1784252700,2026-07-17 01:45:00+00:00,1.3471899999999999,1.3472,1.34638,1.34662,6102
1784253600,2026-07-17 02:00:00+00:00,1.34661,1.34688,1.34659,1.34684,5332
1784254500,2026-07-17 02:15:00+00:00,1.34684,1.34693,1.34656,1.3466,3739
1784255400,2026-07-17 02:30:00+00:00,1.3466,1.3467799999999999,1.3463,1.3464800000000001,4155
1784256300,2026-07-17 02:45:00+00:00,1.3464800000000001,1.34665,1.34631,1.34637,5148
1784257200,2026-07-17 03:00:00+00:00,1.34637,1.34674,1.34629,1.3465099999999999,4925
1784258100,2026-07-17 03:15:00+00:00,1.3465099999999999,1.34692,1.3465099999999999,1.34677,4711
1784259000,2026-07-17 03:30:00+00:00,1.34677,1.3468,1.3462100000000001,1.34632,2847
1784259900,2026-07-17 03:45:00+00:00,1.34632,1.34661,1.34625,1.34653,4691
1784260800,2026-07-17 04:00:00+00:00,1.34653,1.34657,1.34634,1.34642,3818
1784261700,2026-07-17 04:15:00+00:00,1.34642,1.34647,1.34596,1.34603,3224
1784262600,2026-07-17 04:30:00+00:00,1.34603,1.3461699999999999,1.34586,1.34591,3061
1784263500,2026-07-17 04:45:00+00:00,1.34591,1.34611,1.3457,1.3458999999999999,2360
1784264400,2026-07-17 05:00:00+00:00,1.3458999999999999,1.34604,1.34575,1.3459400000000001,2286
1784265300,2026-07-17 05:15:00+00:00,1.3459400000000001,1.34612,1.3458,1.346,2874
1784266200,2026-07-17 05:30:00+00:00,1.346,1.34662,1.346,1.34642,4989
1784267100,2026-07-17 05:45:00+00:00,1.34642,1.34663,1.34622,1.3463,4232
1784268000,2026-07-17 06:00:00+00:00,1.3463,1.3467799999999999,1.34592,1.34677,5559
1784268900,2026-07-17 06:15:00+00:00,1.34677,1.34751,1.34671,1.3471199999999999,6700
1784269800,2026-07-17 06:30:00+00:00,1.34711,1.3476,1.34703,1.34721,5760
1784270700,2026-07-17 06:45:00+00:00,1.34721,1.34757,1.34699,1.3474300000000001,6249
1784271600,2026-07-17 07:00:00+00:00,1.3474300000000001,1.34808,1.34699,1.3470900000000001,4979
1784272500,2026-07-17 07:15:00+00:00,1.3470900000000001,1.3471899999999999,1.3462100000000001,1.34699,4764
1784273400,2026-07-17 07:30:00+00:00,1.34697,1.34737,1.34635,1.34667,5040
1784274300,2026-07-17 07:45:00+00:00,1.34667,1.3467799999999999,1.34571,1.34572,4283
1784275200,2026-07-17 08:00:00+00:00,1.34572,1.3462399999999999,1.34518,1.3453,5287
1784276100,2026-07-17 08:15:00+00:00,1.3453,1.34552,1.34487,1.3449200000000001,7331
1784277000,2026-07-17 08:30:00+00:00,1.3449200000000001,1.3452899999999999,1.34448,1.3447200000000001,6573
1784277900,2026-07-17 08:45:00+00:00,1.3447200000000001,1.34487,1.34419,1.3443100000000001,5251
1784278800,2026-07-17 09:00:00+00:00,1.3443100000000001,1.34448,1.34371,1.3441,5067
1784279700,2026-07-17 09:15:00+00:00,1.3441,1.34444,1.34356,1.3444,4718
1784280600,2026-07-17 09:30:00+00:00,1.34439,1.34442,1.34372,1.34401,4907
1784281500,2026-07-17 09:45:00+00:00,1.34401,1.34435,1.34391,1.3443100000000001,4805
1784282400,2026-07-17 10:00:00+00:00,1.3443,1.34432,1.34353,1.34406,5060
1784283300,2026-07-17 10:15:00+00:00,1.34406,1.34419,1.34338,1.34342,4883
1784284200,2026-07-17 10:30:00+00:00,1.3434300000000001,1.34353,1.3431,1.34323,4709
1784285100,2026-07-17 10:45:00+00:00,1.34323,1.34333,1.34261,1.34318,4838
1784286000,2026-07-17 11:00:00+00:00,1.34318,1.34364,1.34276,1.34353,5628
1784286900,2026-07-17 11:15:00+00:00,1.34353,1.34405,1.3433899999999999,1.34392,4647
1784287800,2026-07-17 11:30:00+00:00,1.34391,1.3446799999999999,1.34381,1.34396,4632
1784288700,2026-07-17 11:45:00+00:00,1.34396,1.3443,1.3437000000000001,1.34384,5029
1784289600,2026-07-17 12:00:00+00:00,1.34384,1.3440400000000001,1.34352,1.34374,5715
1784290500,2026-07-17 12:15:00+00:00,1.34374,1.3437999999999999,1.34313,1.34352,4828
1784291400,2026-07-17 12:30:00+00:00,1.34352,1.34355,1.3428200000000001,1.34337,5188
1784292300,2026-07-17 12:45:00+00:00,1.34337,1.34365,1.34292,1.34317,6129
1784293200,2026-07-17 13:00:00+00:00,1.34317,1.34356,1.34281,1.34334,7085
1784294100,2026-07-17 13:15:00+00:00,1.34334,1.34367,1.34296,1.34345,5799
1784295000,2026-07-17 13:30:00+00:00,1.34345,1.3446799999999999,1.34329,1.34428,9031
1784295900,2026-07-17 13:45:00+00:00,1.34428,1.34514,1.34408,1.34506,7867
1784296800,2026-07-17 14:00:00+00:00,1.34507,1.34542,1.34464,1.3446500000000001,7093
1784297700,2026-07-17 14:15:00+00:00,1.3446500000000001,1.34536,1.34451,1.3448,6438
1784298600,2026-07-17 14:30:00+00:00,1.3448,1.34535,1.3447,1.3453,7141
1784299500,2026-07-17 14:45:00+00:00,1.3452899999999999,1.34548,1.34427,1.34451,8107
1784300400,2026-07-17 15:00:00+00:00,1.34452,1.345,1.34444,1.3446,7608
1784301300,2026-07-17 15:15:00+00:00,1.34459,1.34536,1.34459,1.34535,6459
1784302200,2026-07-17 15:30:00+00:00,1.34535,1.3455,1.34461,1.34464,7933
1784303100,2026-07-17 15:45:00+00:00,1.34464,1.3447,1.34423,1.34448,7440
1784304000,2026-07-17 16:00:00+00:00,1.34448,1.34494,1.34375,1.34489,8005
1784304900,2026-07-17 16:15:00+00:00,1.3449,1.34539,1.34485,1.34532,6032
1784305800,2026-07-17 16:30:00+00:00,1.3453300000000001,1.34555,1.34504,1.34543,5679
1784306700,2026-07-17 16:45:00+00:00,1.34543,1.34559,1.34518,1.34558,5682
1784307600,2026-07-17 17:00:00+00:00,1.34559,1.34601,1.34549,1.34555,6188
1784308500,2026-07-17 17:15:00+00:00,1.34555,1.34559,1.34519,1.34548,4687
1784309400,2026-07-17 17:30:00+00:00,1.34548,1.34554,1.34511,1.34516,4485
1784310300,2026-07-17 17:45:00+00:00,1.34516,1.3454,1.34512,1.34534,4760
1784311200,2026-07-17 18:00:00+00:00,1.34534,1.34554,1.34513,1.34538,4595
1784312100,2026-07-17 18:15:00+00:00,1.34538,1.34559,1.3452899999999999,1.3455599999999999,4576
1784313000,2026-07-17 18:30:00+00:00,1.3455599999999999,1.34568,1.34528,1.34537,4128
1784313900,2026-07-17 18:45:00+00:00,1.34536,1.34552,1.34523,1.34541,3875
1784314800,2026-07-17 19:00:00+00:00,1.34541,1.34554,1.34525,1.34531,4425
1784315700,2026-07-17 19:15:00+00:00,1.34531,1.34548,1.3451,1.3453300000000001,5347
1784316600,2026-07-17 19:30:00+00:00,1.3453300000000001,1.34575,1.34515,1.34567,4742
1784317500,2026-07-17 19:45:00+00:00,1.34567,1.34599,1.34552,1.34585,4821
1784318400,2026-07-17 20:00:00+00:00,1.34585,1.346,1.3456000000000001,1.34561,2133
1784319300,2026-07-17 20:15:00+00:00,1.34561,1.34566,1.34519,1.34525,1520
1784320200,2026-07-17 20:30:00+00:00,1.3452600000000001,1.34546,1.3452600000000001,1.3454,1142
1784321100,2026-07-17 20:45:00+00:00,1.3454,1.34559,1.34503,1.34513,3292
1784494800,2026-07-19 21:00:00+00:00,1.34426,1.34593,1.34389,1.34518,31
1784495700,2026-07-19 21:15:00+00:00,1.34518,1.34531,1.34417,1.34498,2031
1784496600,2026-07-19 21:30:00+00:00,1.3449900000000001,1.34535,1.34451,1.34473,1347
1784497500,2026-07-19 21:45:00+00:00,1.34473,1.34503,1.34432,1.34442,1635
1784498400,2026-07-19 22:00:00+00:00,1.34442,1.34471,1.34383,1.34445,2025
1784499300,2026-07-19 22:15:00+00:00,1.34445,1.34471,1.3441100000000001,1.34443,2800
1784500200,2026-07-19 22:30:00+00:00,1.34443,1.34477,1.3443100000000001,1.34454,1844
1784501100,2026-07-19 22:45:00+00:00,1.34454,1.34458,1.34437,1.34439,1006
1784502000,2026-07-19 23:00:00+00:00,1.34439,1.34448,1.34432,1.34432,1439
1784502900,2026-07-19 23:15:00+00:00,1.34432,1.3444099999999999,1.34412,1.3443100000000001,1309
1784503800,2026-07-19 23:30:00+00:00,1.3443100000000001,1.34455,1.34419,1.34453,1510
1784504700,2026-07-19 23:45:00+00:00,1.34454,1.34455,1.34423,1.34452,2862
1784505600,2026-07-20 00:00:00+00:00,1.34452,1.34484,1.34432,1.34466,5342
1784506500,2026-07-20 00:15:00+00:00,1.34466,1.34522,1.34464,1.34507,4284
1784507400,2026-07-20 00:30:00+00:00,1.34506,1.34509,1.34478,1.34488,3823
1784508300,2026-07-20 00:45:00+00:00,1.34488,1.34515,1.3448,1.34507,3701
1784509200,2026-07-20 01:00:00+00:00,1.34508,1.3454,1.34486,1.3449499999999999,5934
1784510100,2026-07-20 01:15:00+00:00,1.3449499999999999,1.34531,1.34488,1.34525,5480
1784511000,2026-07-20 01:30:00+00:00,1.34525,1.3454,1.34487,1.34504,5319
1784511900,2026-07-20 01:45:00+00:00,1.34504,1.34545,1.3449200000000001,1.34541,4265
1784512800,2026-07-20 02:00:00+00:00,1.34541,1.34579,1.3453,1.34565,4651
1784513700,2026-07-20 02:15:00+00:00,1.34565,1.3459699999999999,1.34559,1.34592,3143
1784514600,2026-07-20 02:30:00+00:00,1.34592,1.34633,1.34583,1.3461400000000001,3736
1784515500,2026-07-20 02:45:00+00:00,1.3461400000000001,1.3462399999999999,1.34586,1.3458999999999999,3110
1784516400,2026-07-20 03:00:00+00:00,1.3458999999999999,1.34598,1.34577,1.34593,3782
1784517300,2026-07-20 03:15:00+00:00,1.34593,1.34601,1.34585,1.34595,2921
1784518200,2026-07-20 03:30:00+00:00,1.34595,1.34616,1.34585,1.3461400000000001,2794
1784519100,2026-07-20 03:45:00+00:00,1.3461400000000001,1.34619,1.34602,1.34608,2321
1784520000,2026-07-20 04:00:00+00:00,1.34608,1.34629,1.34606,1.34627,1615
1784520900,2026-07-20 04:15:00+00:00,1.34627,1.34664,1.34627,1.3465799999999999,1553
1784521800,2026-07-20 04:30:00+00:00,1.3465799999999999,1.34673,1.3465,1.34666,1866
1784522700,2026-07-20 04:45:00+00:00,1.34666,1.3468,1.3465799999999999,1.34664,2092
1784523600,2026-07-20 05:00:00+00:00,1.34664,1.34668,1.34635,1.34649,2456
1784524500,2026-07-20 05:15:00+00:00,1.34649,1.34679,1.34646,1.34667,2325
1784525400,2026-07-20 05:30:00+00:00,1.34667,1.34677,1.34654,1.34669,2456
1784526300,2026-07-20 05:45:00+00:00,1.3467,1.34677,1.34654,1.34664,3079
1784527200,2026-07-20 06:00:00+00:00,1.34664,1.34691,1.3461,1.3462,4465
1784528100,2026-07-20 06:15:00+00:00,1.3462,1.34664,1.34605,1.3461,5180
1784529000,2026-07-20 06:30:00+00:00,1.3461,1.3464800000000001,1.34585,1.34622,4808
1784529900,2026-07-20 06:45:00+00:00,1.3462100000000001,1.34647,1.34577,1.34585,4270
1784530800,2026-07-20 07:00:00+00:00,1.34585,1.3467,1.34576,1.34632,5090
1784531700,2026-07-20 07:15:00+00:00,1.34632,1.34706,1.34608,1.34703,5275
1784532600,2026-07-20 07:30:00+00:00,1.34704,1.34813,1.34697,1.34795,6408
1784533500,2026-07-20 07:45:00+00:00,1.34795,1.34796,1.3474,1.34764,4714
1784534400,2026-07-20 08:00:00+00:00,1.34764,1.3477000000000001,1.34729,1.3474,3804
1784535300,2026-07-20 08:15:00+00:00,1.3474,1.34762,1.3466,1.34672,3663
1784536200,2026-07-20 08:30:00+00:00,1.34672,1.34717,1.34661,1.3469,2699
1784537100,2026-07-20 08:45:00+00:00,1.3469,1.34722,1.34672,1.34698,3175
1784538000,2026-07-20 09:00:00+00:00,1.34697,1.34698,1.34598,1.34612,2843
1784538900,2026-07-20 09:15:00+00:00,1.34612,1.34627,1.34575,1.3458,3038
1784539800,2026-07-20 09:30:00+00:00,1.3458,1.34656,1.3458,1.34654,2841
1784540700,2026-07-20 09:45:00+00:00,1.34654,1.34667,1.34599,1.34631,3726
1784541600,2026-07-20 10:00:00+00:00,1.34631,1.34694,1.3458999999999999,1.34679,4122
1784542500,2026-07-20 10:15:00+00:00,1.34679,1.3471,1.34661,1.34671,3698
1784543400,2026-07-20 10:30:00+00:00,1.34671,1.34737,1.3466,1.3471,3142
1784544300,2026-07-20 10:45:00+00:00,1.3470900000000001,1.34724,1.34673,1.3468,3544
1784545200,2026-07-20 11:00:00+00:00,1.34681,1.34722,1.34652,1.3469,4855
1784546100,2026-07-20 11:15:00+00:00,1.3469,1.34703,1.34663,1.34692,3561
1784547000,2026-07-20 11:30:00+00:00,1.34692,1.34785,1.34681,1.34687,9639
1784547900,2026-07-20 11:45:00+00:00,1.34687,1.34688,1.34613,1.34625,4529
1784548800,2026-07-20 12:00:00+00:00,1.34625,1.34647,1.34555,1.34585,5558
1784549700,2026-07-20 12:15:00+00:00,1.34585,1.34589,1.34519,1.34528,4441
1784550600,2026-07-20 12:30:00+00:00,1.34528,1.34554,1.34485,1.34507,3675
1784551500,2026-07-20 12:45:00+00:00,1.34507,1.34576,1.34505,1.34547,5282
1784552400,2026-07-20 13:00:00+00:00,1.34547,1.34562,1.34521,1.34555,4508
1784553300,2026-07-20 13:15:00+00:00,1.3455599999999999,1.3458999999999999,1.34531,1.34575,3760
1784554200,2026-07-20 13:30:00+00:00,1.34575,1.34581,1.34481,1.34482,6171
1784555100,2026-07-20 13:45:00+00:00,1.34482,1.34548,1.34449,1.34523,4874
1784556000,2026-07-20 14:00:00+00:00,1.34523,1.3457,1.3447,1.34512,5123
1784556900,2026-07-20 14:15:00+00:00,1.34512,1.34543,1.34479,1.3452899999999999,4641
1784557800,2026-07-20 14:30:00+00:00,1.3452899999999999,1.3452899999999999,1.3441,1.3442,5196
1784558700,2026-07-20 14:45:00+00:00,1.3442,1.34421,1.34337,1.34393,5401
1784559600,2026-07-20 15:00:00+00:00,1.34393,1.34394,1.3419699999999999,1.34205,8079
1784560500,2026-07-20 15:15:00+00:00,1.34205,1.34213,1.34137,1.34208,4728
1784561400,2026-07-20 15:30:00+00:00,1.34208,1.34211,1.34145,1.34166,3964
1784562300,2026-07-20 15:45:00+00:00,1.34166,1.34204,1.34139,1.3418,4318
1784563200,2026-07-20 16:00:00+00:00,1.3418,1.34228,1.34138,1.34212,4186
1784564100,2026-07-20 16:15:00+00:00,1.34212,1.34238,1.34164,1.34202,3652
1784565000,2026-07-20 16:30:00+00:00,1.34202,1.34215,1.34122,1.34172,4356
1784565900,2026-07-20 16:45:00+00:00,1.34172,1.3421,1.34147,1.34203,3653
1784566800,2026-07-20 17:00:00+00:00,1.34203,1.34257,1.3418700000000001,1.34201,4198
1784567700,2026-07-20 17:15:00+00:00,1.34201,1.34301,1.34191,1.34293,3036
1784568600,2026-07-20 17:30:00+00:00,1.34293,1.34308,1.34261,1.34297,2973
1784569500,2026-07-20 17:45:00+00:00,1.34298,1.34328,1.34289,1.34313,3855
1784570400,2026-07-20 18:00:00+00:00,1.34313,1.34364,1.34311,1.34361,3320
1784571300,2026-07-20 18:15:00+00:00,1.34361,1.34396,1.34351,1.34369,3924
1784572200,2026-07-20 18:30:00+00:00,1.3437000000000001,1.34374,1.34333,1.34335,3249
1784573100,2026-07-20 18:45:00+00:00,1.34335,1.34363,1.34317,1.34362,4850
1784574000,2026-07-20 19:00:00+00:00,1.34362,1.34366,1.34322,1.34326,4140
1784574900,2026-07-20 19:15:00+00:00,1.34326,1.3439,1.3431899999999999,1.3437999999999999,4223
1784575800,2026-07-20 19:30:00+00:00,1.34379,1.34394,1.34368,1.34372,3486
1784576700,2026-07-20 19:45:00+00:00,1.34372,1.34388,1.34338,1.34352,3863
1784577600,2026-07-20 20:00:00+00:00,1.34352,1.34371,1.34311,1.3431199999999999,1713
1784578500,2026-07-20 20:15:00+00:00,1.3431199999999999,1.34314,1.34289,1.3430900000000001,963
1784579400,2026-07-20 20:30:00+00:00,1.3430900000000001,1.34318,1.34296,1.34296,888
1784580300,2026-07-20 20:45:00+00:00,1.34296,1.34313,1.34294,1.34303,921
1784581200,2026-07-20 21:00:00+00:00,1.34289,1.34351,1.3427,1.34318,88
1784582100,2026-07-20 21:15:00+00:00,1.34318,1.34355,1.34214,1.34241,121
1784583000,2026-07-20 21:30:00+00:00,1.34241,1.3425099999999999,1.3422,1.34247,157
1784583900,2026-07-20 21:45:00+00:00,1.34247,1.34269,1.3422,1.34252,314
1784584800,2026-07-20 22:00:00+00:00,1.34252,1.34263,1.34223,1.34244,1011
1784585700,2026-07-20 22:15:00+00:00,1.34244,1.3425,1.34228,1.34244,744
1784586600,2026-07-20 22:30:00+00:00,1.34243,1.3425,1.34241,1.34247,607
1784587500,2026-07-20 22:45:00+00:00,1.34247,1.34272,1.34245,1.34264,1227
1784588400,2026-07-20 23:00:00+00:00,1.34264,1.34288,1.3426,1.34281,919
1784589300,2026-07-20 23:15:00+00:00,1.34281,1.34286,1.34276,1.34281,784
1784590200,2026-07-20 23:30:00+00:00,1.34281,1.34294,1.3427799999999999,1.34281,660
1784591100,2026-07-20 23:45:00+00:00,1.34281,1.34318,1.34279,1.3431199999999999,1800
1784592000,2026-07-21 00:00:00+00:00,1.3431199999999999,1.34336,1.34299,1.34307,5232
1784592900,2026-07-21 00:15:00+00:00,1.34307,1.34314,1.34277,1.34284,3242
1784593800,2026-07-21 00:30:00+00:00,1.34284,1.34322,1.34269,1.34318,3587
1784594700,2026-07-21 00:45:00+00:00,1.34317,1.34351,1.3430900000000001,1.34314,3866
1784595600,2026-07-21 01:00:00+00:00,1.34313,1.34347,1.34298,1.34326,3636
1784596500,2026-07-21 01:15:00+00:00,1.34326,1.34369,1.34322,1.34347,5212
1784597400,2026-07-21 01:30:00+00:00,1.34347,1.34369,1.34324,1.34362,4269
1784598300,2026-07-21 01:45:00+00:00,1.34362,1.34372,1.34345,1.34352,4346
1784599200,2026-07-21 02:00:00+00:00,1.34352,1.34384,1.34349,1.34364,4320
1784600100,2026-07-21 02:15:00+00:00,1.34364,1.34385,1.3433899999999999,1.34341,3357
1784601000,2026-07-21 02:30:00+00:00,1.3434,1.3437299999999999,1.3434,1.3434599999999999,3880
1784601900,2026-07-21 02:45:00+00:00,1.3434599999999999,1.34348,1.34304,1.34314,3147
1784602800,2026-07-21 03:00:00+00:00,1.34314,1.34327,1.34294,1.3431199999999999,3356
1784603700,2026-07-21 03:15:00+00:00,1.3431199999999999,1.3434599999999999,1.34306,1.3434300000000001,4249
1784604600,2026-07-21 03:30:00+00:00,1.3434300000000001,1.34368,1.3434,1.34363,2687
1784605500,2026-07-21 03:45:00+00:00,1.34363,1.34397,1.34362,1.34366,2254
1784606400,2026-07-21 04:00:00+00:00,1.34366,1.34386,1.34359,1.34371,2428
1784607300,2026-07-21 04:15:00+00:00,1.34371,1.34382,1.34366,1.34369,2827
1784608200,2026-07-21 04:30:00+00:00,1.34369,1.3439999999999999,1.34365,1.34398,2601
1784609100,2026-07-21 04:45:00+00:00,1.34398,1.34409,1.3439,1.3440400000000001,3244
1784610000,2026-07-21 05:00:00+00:00,1.3440400000000001,1.34432,1.34392,1.34393,3042
1784610900,2026-07-21 05:15:00+00:00,1.34393,1.3441100000000001,1.34388,1.34405,2831
1784611800,2026-07-21 05:30:00+00:00,1.34406,1.34466,1.34402,1.3446,3454
1784612700,2026-07-21 05:45:00+00:00,1.3446,1.34462,1.34423,1.34425,3635
1784613600,2026-07-21 06:00:00+00:00,1.34423,1.3450199999999999,1.34414,1.34483,3396
1784614500,2026-07-21 06:15:00+00:00,1.34483,1.34509,1.34462,1.34473,4899
1784615400,2026-07-21 06:30:00+00:00,1.34473,1.34516,1.34462,1.34515,4991
1784616300,2026-07-21 06:45:00+00:00,1.34515,1.34531,1.3447,1.34477,4494
1784617200,2026-07-21 07:00:00+00:00,1.34477,1.34557,1.34469,1.34488,5255
1784618100,2026-07-21 07:15:00+00:00,1.34488,1.3449499999999999,1.3444099999999999,1.34443,4075
1784619000,2026-07-21 07:30:00+00:00,1.34443,1.34446,1.34366,1.34376,4251
1784619900,2026-07-21 07:45:00+00:00,1.34376,1.34416,1.34372,1.3440400000000001,4056
1784620800,2026-07-21 08:00:00+00:00,1.34405,1.34463,1.34393,1.34453,4411
1784621700,2026-07-21 08:15:00+00:00,1.34453,1.34486,1.3437000000000001,1.3437000000000001,4880
1784622600,2026-07-21 08:30:00+00:00,1.3437000000000001,1.3437000000000001,1.34275,1.3433,4174
1784623500,2026-07-21 08:45:00+00:00,1.3433,1.34342,1.34288,1.34288,2007
1784624400,2026-07-21 09:00:00+00:00,1.34288,1.34297,1.34252,1.34277,1904
1784625300,2026-07-21 09:15:00+00:00,1.34277,1.34301,1.3424800000000001,1.34249,2735
1784626200,2026-07-21 09:30:00+00:00,1.34249,1.34338,1.34249,1.34281,1889
1784627100,2026-07-21 09:45:00+00:00,1.34281,1.34314,1.34266,1.34272,2340
1784628000,2026-07-21 10:00:00+00:00,1.34272,1.3434,1.34247,1.34313,3731
1784628900,2026-07-21 10:15:00+00:00,1.34313,1.34315,1.3426,1.34279,2650
1784629800,2026-07-21 10:30:00+00:00,1.34279,1.34303,1.342,1.34214,2055
1784630700,2026-07-21 10:45:00+00:00,1.34214,1.34218,1.34139,1.34167,3369
1784631600,2026-07-21 11:00:00+00:00,1.34168,1.34209,1.34074,1.34097,3176
1784632500,2026-07-21 11:15:00+00:00,1.34097,1.34114,1.34067,1.34088,2445
1784633400,2026-07-21 11:30:00+00:00,1.34088,1.34146,1.3407200000000001,1.3411,3021
1784634300,2026-07-21 11:45:00+00:00,1.3411,1.34124,1.34016,1.34055,2772
1784635200,2026-07-21 12:00:00+00:00,1.34055,1.34071,1.33964,1.3397999999999999,5247
1784636100,2026-07-21 12:15:00+00:00,1.3397999999999999,1.3399,1.33835,1.33849,5788
1784637000,2026-07-21 12:30:00+00:00,1.33849,1.33924,1.33837,1.33876,6090
1784637900,2026-07-21 12:45:00+00:00,1.33876,1.33927,1.33819,1.3389,6185
1784638800,2026-07-21 13:00:00+00:00,1.3389,1.33926,1.3382399999999999,1.33921,6697
1784639700,2026-07-21 13:15:00+00:00,1.33922,1.3395299999999999,1.33774,1.3379400000000001,6754
1784640600,2026-07-21 13:30:00+00:00,1.33795,1.33806,1.33596,1.33643,8218
1784641500,2026-07-21 13:45:00+00:00,1.33643,1.33852,1.3363800000000001,1.33817,6175
1784642400,2026-07-21 14:00:00+00:00,1.33816,1.33994,1.3379699999999999,1.33989,6793
1784643300,2026-07-21 14:15:00+00:00,1.33989,1.3399,1.33854,1.33869,5360
1784644200,2026-07-21 14:30:00+00:00,1.33869,1.33902,1.33758,1.33804,5247
1784645100,2026-07-21 14:45:00+00:00,1.33804,1.3381,1.33659,1.33717,6426
1784646000,2026-07-21 15:00:00+00:00,1.33716,1.33755,1.3368,1.33743,4571
1784646900,2026-07-21 15:15:00+00:00,1.33743,1.33818,1.33738,1.33774,3963
1784647800,2026-07-21 15:30:00+00:00,1.33775,1.33801,1.33742,1.33757,4381
1784648700,2026-07-21 15:45:00+00:00,1.33757,1.33768,1.3371,1.3372899999999999,3431
1784649600,2026-07-21 16:00:00+00:00,1.3372899999999999,1.33745,1.33691,1.3370600000000001,3486
1784650500,2026-07-21 16:15:00+00:00,1.3370600000000001,1.33743,1.33696,1.33724,3408
1784651400,2026-07-21 16:30:00+00:00,1.33725,1.33834,1.33715,1.33825,2745
1784652300,2026-07-21 16:45:00+00:00,1.33825,1.33842,1.33803,1.3382399999999999,2552
1784653200,2026-07-21 17:00:00+00:00,1.3382399999999999,1.33852,1.33801,1.33829,2826
1784654100,2026-07-21 17:15:00+00:00,1.3383,1.33865,1.3382,1.33864,2618
1784655000,2026-07-21 17:30:00+00:00,1.33864,1.3387,1.33842,1.33861,1987
1784655900,2026-07-21 17:45:00+00:00,1.33861,1.33875,1.33844,1.33846,2376
1784656800,2026-07-21 18:00:00+00:00,1.33845,1.33849,1.33759,1.33771,3499
1784657700,2026-07-21 18:15:00+00:00,1.33771,1.33814,1.33749,1.338,2990
1784658600,2026-07-21 18:30:00+00:00,1.338,1.33811,1.3375,1.33784,2857
1784659500,2026-07-21 18:45:00+00:00,1.33785,1.33814,1.33773,1.33811,3074
1784660400,2026-07-21 19:00:00+00:00,1.33811,1.33827,1.3378999999999999,1.33809,3139
1784661300,2026-07-21 19:15:00+00:00,1.33809,1.33845,1.33808,1.33835,3169
1784662200,2026-07-21 19:30:00+00:00,1.33834,1.3384,1.33801,1.3381,2785
1784663100,2026-07-21 19:45:00+00:00,1.3381,1.33847,1.3379699999999999,1.33804,3553
1784664000,2026-07-21 20:00:00+00:00,1.33804,1.33808,1.33784,1.33785,2335
1784664900,2026-07-21 20:15:00+00:00,1.33785,1.33795,1.33765,1.3378700000000001,1018
1784665800,2026-07-21 20:30:00+00:00,1.33788,1.33793,1.33777,1.33777,1176
1784666700,2026-07-21 20:45:00+00:00,1.33777,1.3378700000000001,1.33737,1.33744,1150
1784667600,2026-07-21 21:00:00+00:00,1.33734,1.3384800000000001,1.33661,1.33783,159
1784668500,2026-07-21 21:15:00+00:00,1.33783,1.33803,1.33708,1.33751,270
1784669400,2026-07-21 21:30:00+00:00,1.33751,1.3379400000000001,1.33719,1.33755,1420
1784670300,2026-07-21 21:45:00+00:00,1.33755,1.338,1.33735,1.33776,2697
1784671200,2026-07-21 22:00:00+00:00,1.33776,1.33779,1.33748,1.33758,1009
1784672100,2026-07-21 22:15:00+00:00,1.33758,1.33778,1.33754,1.3377,728
1784673000,2026-07-21 22:30:00+00:00,1.3377,1.33774,1.33762,1.33766,538
1784673900,2026-07-21 22:45:00+00:00,1.33766,1.33769,1.33739,1.33741,750
1784674800,2026-07-21 23:00:00+00:00,1.33741,1.33752,1.33734,1.33747,618
1784675700,2026-07-21 23:15:00+00:00,1.33747,1.33752,1.33737,1.33743,852
1784676600,2026-07-21 23:30:00+00:00,1.33743,1.3376000000000001,1.33742,1.33755,1082
1784677500,2026-07-21 23:45:00+00:00,1.33755,1.33789,1.3375,1.33785,1569
1784678400,2026-07-22 00:00:00+00:00,1.33785,1.33825,1.33777,1.33823,3862
1784679300,2026-07-22 00:15:00+00:00,1.33823,1.3387,1.33815,1.33868,4456
1784680200,2026-07-22 00:30:00+00:00,1.33868,1.33873,1.33808,1.3382100000000001,3562
1784681100,2026-07-22 00:45:00+00:00,1.3382100000000001,1.33863,1.3381,1.33852,4031
1784682000,2026-07-22 01:00:00+00:00,1.33852,1.33881,1.33846,1.33868,4097
1784682900,2026-07-22 01:15:00+00:00,1.33869,1.33877,1.33827,1.33841,4125
1784683800,2026-07-22 01:30:00+00:00,1.33841,1.33842,1.3379400000000001,1.33823,3852
1784684700,2026-07-22 01:45:00+00:00,1.33823,1.33844,1.33819,1.33835,3292
1784685600,2026-07-22 02:00:00+00:00,1.33835,1.33852,1.33805,1.33843,3380
1784686500,2026-07-22 02:15:00+00:00,1.33843,1.33901,1.33833,1.33879,3616
1784687400,2026-07-22 02:30:00+00:00,1.33879,1.33888,1.33854,1.33865,3155
1784688300,2026-07-22 02:45:00+00:00,1.33865,1.33876,1.33847,1.33852,2772
1784689200,2026-07-22 03:00:00+00:00,1.33852,1.33867,1.33814,1.33826,3338
1784690100,2026-07-22 03:15:00+00:00,1.33826,1.33872,1.33825,1.33868,2927
1784691000,2026-07-22 03:30:00+00:00,1.33868,1.33873,1.33834,1.33837,2397
1784691900,2026-07-22 03:45:00+00:00,1.33837,1.3385,1.33823,1.3383099999999999,3031
1784692800,2026-07-22 04:00:00+00:00,1.3383099999999999,1.33834,1.33805,1.33817,2352
1784693700,2026-07-22 04:15:00+00:00,1.33817,1.33832,1.33809,1.33826,1877
1784694600,2026-07-22 04:30:00+00:00,1.33826,1.33854,1.33823,1.3384800000000001,1685
1784695500,2026-07-22 04:45:00+00:00,1.3384800000000001,1.3385,1.3382399999999999,1.33838,2157
1784696400,2026-07-22 05:00:00+00:00,1.33838,1.33863,1.33833,1.3384800000000001,2724
1784697300,2026-07-22 05:15:00+00:00,1.3384800000000001,1.33868,1.33833,1.33835,2373
1784698200,2026-07-22 05:30:00+00:00,1.33835,1.3384,1.33808,1.33815,3542
1784699100,2026-07-22 05:45:00+00:00,1.33815,1.3384,1.33793,1.33806,4024
1784700000,2026-07-22 06:00:00+00:00,1.33806,1.3391199999999999,1.33771,1.3384,5199
1784700900,2026-07-22 06:15:00+00:00,1.3384,1.33843,1.33701,1.3371,6055
1784701800,2026-07-22 06:30:00+00:00,1.3371,1.33753,1.33692,1.33746,3532
1784702700,2026-07-22 06:45:00+00:00,1.33746,1.33798,1.3372899999999999,1.33796,4188
1784703600,2026-07-22 07:00:00+00:00,1.33796,1.33856,1.33764,1.33846,5411
1784704500,2026-07-22 07:15:00+00:00,1.33846,1.33907,1.3382100000000001,1.33869,4433
1784705400,2026-07-22 07:30:00+00:00,1.33869,1.33952,1.3376700000000001,1.33793,5482
1784706300,2026-07-22 07:45:00+00:00,1.33793,1.33849,1.33754,1.33825,4354
1784707200,2026-07-22 08:00:00+00:00,1.33825,1.33837,1.33743,1.33748,4603
1784708100,2026-07-22 08:15:00+00:00,1.33748,1.33804,1.3373,1.33774,4105
1784709000,2026-07-22 08:30:00+00:00,1.33774,1.33839,1.33771,1.3381,5181
1784709900,2026-07-22 08:45:00+00:00,1.3381,1.33812,1.33715,1.33738,4038
1784710800,2026-07-22 09:00:00+00:00,1.33738,1.3375,1.33681,1.33688,4785
1784711700,2026-07-22 09:15:00+00:00,1.33688,1.33722,1.3367200000000001,1.337,3584
1784712600,2026-07-22 09:30:00+00:00,1.337,1.33744,1.33688,1.3371,3880
1784713500,2026-07-22 09:45:00+00:00,1.3371,1.33722,1.33664,1.33692,4262
1784714400,2026-07-22 10:00:00+00:00,1.33692,1.33725,1.33664,1.33711,4294
1784715300,2026-07-22 10:15:00+00:00,1.3371,1.33746,1.33688,1.33689,3995
1784716200,2026-07-22 10:30:00+00:00,1.33689,1.3370199999999999,1.33658,1.33671,3267
1784717100,2026-07-22 10:45:00+00:00,1.3367200000000001,1.3373,1.33661,1.33687,3436
1784718000,2026-07-22 11:00:00+00:00,1.33687,1.3373,1.33684,1.33689,4206
1784718900,2026-07-22 11:15:00+00:00,1.33688,1.33707,1.33635,1.33659,3575
1784719800,2026-07-22 11:30:00+00:00,1.33659,1.33697,1.33635,1.3367499999999999,4500
1784720700,2026-07-22 11:45:00+00:00,1.3367499999999999,1.33703,1.33654,1.3367200000000001,4578
1784721600,2026-07-22 12:00:00+00:00,1.3367200000000001,1.3370600000000001,1.33655,1.33705,4170
1784722500,2026-07-22 12:15:00+00:00,1.3370600000000001,1.3370600000000001,1.33655,1.33684,4036
1784723400,2026-07-22 12:30:00+00:00,1.33685,1.3372899999999999,1.33654,1.33679,3682
1784724300,2026-07-22 12:45:00+00:00,1.33679,1.3368,1.33548,1.3359,4507
1784725200,2026-07-22 13:00:00+00:00,1.3359,1.33676,1.3359,1.33655,4471
1784726100,2026-07-22 13:15:00+00:00,1.33655,1.33799,1.3364,1.33765,3776
1784727000,2026-07-22 13:30:00+00:00,1.33766,1.33894,1.33766,1.33865,5537
1784727900,2026-07-22 13:45:00+00:00,1.33865,1.33883,1.33812,1.33869,5349
1784728800,2026-07-22 14:00:00+00:00,1.33869,1.33908,1.3382,1.3389,5299
1784729700,2026-07-22 14:15:00+00:00,1.3389,1.33911,1.33803,1.3382399999999999,5316
1784730600,2026-07-22 14:30:00+00:00,1.3382399999999999,1.33846,1.33782,1.33791,5448
1784731500,2026-07-22 14:45:00+00:00,1.33791,1.33812,1.3372,1.33742,5630
1784732400,2026-07-22 15:00:00+00:00,1.33742,1.3379400000000001,1.33724,1.3376000000000001,4825
1784733300,2026-07-22 15:15:00+00:00,1.33761,1.3379400000000001,1.3372,1.33781,3791
1784734200,2026-07-22 15:30:00+00:00,1.33781,1.3378999999999999,1.33713,1.33753,5553
1784735100,2026-07-22 15:45:00+00:00,1.33753,1.33805,1.33735,1.33761,5085
1784736000,2026-07-22 16:00:00+00:00,1.3376000000000001,1.33765,1.33679,1.33686,3803
1784736900,2026-07-22 16:15:00+00:00,1.33686,1.33711,1.33654,1.3371,3392
1784737800,2026-07-22 16:30:00+00:00,1.3371,1.33731,1.3367200000000001,1.33703,3469
1784738700,2026-07-22 16:45:00+00:00,1.33703,1.33742,1.33685,1.3373,3353
1784739600,2026-07-22 17:00:00+00:00,1.3373,1.33744,1.33708,1.33709,3065
1784740500,2026-07-22 17:15:00+00:00,1.33708,1.33739,1.33704,1.33728,3286
1784741400,2026-07-22 17:30:00+00:00,1.33728,1.3373,1.33686,1.3371,3082
1784742300,2026-07-22 17:45:00+00:00,1.3371,1.3373300000000001,1.33697,1.33715,2714
1784743200,2026-07-22 18:00:00+00:00,1.33715,1.3373,1.33686,1.33698,2889
1784744100,2026-07-22 18:15:00+00:00,1.33698,1.3373,1.33694,1.33728,2520
1784745000,2026-07-22 18:30:00+00:00,1.33728,1.3373300000000001,1.3370600000000001,1.33723,3453
1784745900,2026-07-22 18:45:00+00:00,1.33723,1.33757,1.33722,1.33737,2816
1784746800,2026-07-22 19:00:00+00:00,1.33737,1.33747,1.3371,1.33711,2330
1784747700,2026-07-22 19:15:00+00:00,1.33711,1.3373300000000001,1.33707,1.33725,2243
1784748600,2026-07-22 19:30:00+00:00,1.33725,1.33732,1.33711,1.3372600000000001,1865
1784749500,2026-07-22 19:45:00+00:00,1.3372600000000001,1.3374,1.33703,1.33735,2856
1784750400,2026-07-22 20:00:00+00:00,1.33735,1.33772,1.33728,1.33761,2985
1784751300,2026-07-22 20:15:00+00:00,1.33761,1.33769,1.33757,1.33761,1021
1784752200,2026-07-22 20:30:00+00:00,1.3376000000000001,1.33764,1.33741,1.33757,1336
1784753100,2026-07-22 20:45:00+00:00,1.33757,1.33764,1.33744,1.33744,1522
1784754000,2026-07-22 21:00:00+00:00,1.33744,1.33789,1.3367200000000001,1.3373,96
1784754900,2026-07-22 21:15:00+00:00,1.3373,1.33791,1.33712,1.33724,375
1784755800,2026-07-22 21:30:00+00:00,1.33724,1.33755,1.3370600000000001,1.33738,240
1784756700,2026-07-22 21:45:00+00:00,1.33738,1.33764,1.33696,1.33731,765
1784757600,2026-07-22 22:00:00+00:00,1.33731,1.33759,1.3369,1.33693,612
1784758500,2026-07-22 22:15:00+00:00,1.33693,1.33705,1.33684,1.33696,740
1784759400,2026-07-22 22:30:00+00:00,1.33696,1.33701,1.33674,1.33683,1018
1784760300,2026-07-22 22:45:00+00:00,1.33683,1.3370600000000001,1.3368,1.33701,1255
1784761200,2026-07-22 23:00:00+00:00,1.33701,1.33728,1.33701,1.33724,1308
1784762100,2026-07-22 23:15:00+00:00,1.33724,1.33734,1.33721,1.3372600000000001,965
1784763000,2026-07-22 23:30:00+00:00,1.33725,1.33747,1.33724,1.33739,886
1784763900,2026-07-22 23:45:00+00:00,1.33739,1.3376000000000001,1.3373,1.3375,1829
1784764800,2026-07-23 00:00:00+00:00,1.3375,1.33778,1.33735,1.33743,4696
1784765700,2026-07-23 00:15:00+00:00,1.33742,1.33772,1.33731,1.33746,3876
1784766600,2026-07-23 00:30:00+00:00,1.33746,1.33774,1.33744,1.33768,2403
1784767500,2026-07-23 00:45:00+00:00,1.33768,1.33819,1.3374,1.33812,4142
1784768400,2026-07-23 01:00:00+00:00,1.33812,1.33839,1.3381,1.33815,5086
1784769300,2026-07-23 01:15:00+00:00,1.33815,1.33825,1.33801,1.33806,4056
1784770200,2026-07-23 01:30:00+00:00,1.33806,1.33863,1.33803,1.33829,6348
1784771100,2026-07-23 01:45:00+00:00,1.33829,1.33834,1.338,1.33816,5484
1784772000,2026-07-23 02:00:00+00:00,1.33816,1.3385799999999999,1.33813,1.33843,3848
1784772900,2026-07-23 02:15:00+00:00,1.33843,1.3386,1.3383,1.33839,3591
1784773800,2026-07-23 02:30:00+00:00,1.33839,1.3388,1.33837,1.33877,4472
1784774700,2026-07-23 02:45:00+00:00,1.33877,1.33903,1.33871,1.33897,3170
1784775600,2026-07-23 03:00:00+00:00,1.33897,1.33917,1.33841,1.33841,3789
1784776500,2026-07-23 03:15:00+00:00,1.33841,1.33901,1.33833,1.33897,4535
1784777400,2026-07-23 03:30:00+00:00,1.33897,1.33908,1.33887,1.33902,3312
1784778300,2026-07-23 03:45:00+00:00,1.33902,1.33911,1.33881,1.3388499999999999,4221
1784779200,2026-07-23 04:00:00+00:00,1.3388499999999999,1.33934,1.33877,1.33922,4746
1784780100,2026-07-23 04:15:00+00:00,1.33922,1.33926,1.33868,1.33899,3693
1784781000,2026-07-23 04:30:00+00:00,1.33899,1.33911,1.33877,1.33879,2827
1784781900,2026-07-23 04:45:00+00:00,1.33879,1.33895,1.33844,1.33869,3002
1784782800,2026-07-23 05:00:00+00:00,1.33869,1.33881,1.33853,1.33854,3521
1784783700,2026-07-23 05:15:00+00:00,1.33854,1.33857,1.3382,1.3385500000000001,3484
1784784600,2026-07-23 05:30:00+00:00,1.3385500000000001,1.33875,1.3384800000000001,1.33867,3461
1784785500,2026-07-23 05:45:00+00:00,1.33867,1.33881,1.33856,1.33859,3167
1784786400,2026-07-23 06:00:00+00:00,1.33859,1.3391199999999999,1.3385,1.33894,4976
1784787300,2026-07-23 06:15:00+00:00,1.33894,1.33905,1.33856,1.33875,5848
1784788200,2026-07-23 06:30:00+00:00,1.33875,1.33877,1.33753,1.338,3448
1784789100,2026-07-23 06:45:00+00:00,1.338,1.33816,1.33756,1.3377,3981
1784790000,2026-07-23 07:00:00+00:00,1.3377,1.33777,1.33716,1.33762,6747
1784790900,2026-07-23 07:15:00+00:00,1.33762,1.33803,1.33742,1.33762,3957
1784791800,2026-07-23 07:30:00+00:00,1.33762,1.33793,1.33711,1.3372600000000001,4071
1784792700,2026-07-23 07:45:00+00:00,1.3372600000000001,1.33737,1.33669,1.33735,5481
1784793600,2026-07-23 08:00:00+00:00,1.33735,1.3376700000000001,1.33705,1.33725,4248
1784794500,2026-07-23 08:15:00+00:00,1.33724,1.33727,1.33652,1.3366500000000001,4404
1784795400,2026-07-23 08:30:00+00:00,1.3366500000000001,1.33683,1.33609,1.3363800000000001,4719
1784796300,2026-07-23 08:45:00+00:00,1.3363800000000001,1.33703,1.33636,1.33687,4100
1784797200,2026-07-23 09:00:00+00:00,1.33686,1.33741,1.33671,1.3367200000000001,3684
1784798100,2026-07-23 09:15:00+00:00,1.3367200000000001,1.33714,1.33667,1.33677,3134
1784799000,2026-07-23 09:30:00+00:00,1.33677,1.33776,1.33661,1.33762,3391
1784799900,2026-07-23 09:45:00+00:00,1.33762,1.3377,1.33707,1.33722,3662
1784800800,2026-07-23 10:00:00+00:00,1.33722,1.33734,1.3367499999999999,1.33704,4420
1784801700,2026-07-23 10:15:00+00:00,1.33704,1.33717,1.33666,1.33688,3148
1784802600,2026-07-23 10:30:00+00:00,1.33688,1.33714,1.33649,1.33656,4089
1784803500,2026-07-23 10:45:00+00:00,1.33656,1.33715,1.3361,1.3367499999999999,4745
1784804400,2026-07-23 11:00:00+00:00,1.33674,1.33693,1.33637,1.33673,3987
1784805300,2026-07-23 11:15:00+00:00,1.33673,1.33676,1.33561,1.33588,4776
1784806200,2026-07-23 11:30:00+00:00,1.33588,1.33592,1.33399,1.3346,6829
1784807100,2026-07-23 11:45:00+00:00,1.3346,1.33566,1.3346,1.33555,5812
1784808000,2026-07-23 12:00:00+00:00,1.33554,1.33561,1.3348499999999999,1.33538,4966
1784808900,2026-07-23 12:15:00+00:00,1.33538,1.33545,1.33399,1.33462,5794
1784809800,2026-07-23 12:30:00+00:00,1.33462,1.33473,1.3336700000000001,1.33396,5584
1784810700,2026-07-23 12:45:00+00:00,1.3339699999999999,1.33439,1.33349,1.33425,6956
1784811600,2026-07-23 13:00:00+00:00,1.33425,1.33429,1.33269,1.33281,8001
1784812500,2026-07-23 13:15:00+00:00,1.33281,1.33365,1.33273,1.33358,7127
1784813400,2026-07-23 13:30:00+00:00,1.33358,1.33449,1.33344,1.3336299999999999,8659
1784814300,2026-07-23 13:45:00+00:00,1.3336299999999999,1.33401,1.33273,1.33284,6661
1784815200,2026-07-23 14:00:00+00:00,1.33285,1.33317,1.33218,1.33281,7890
1784816100,2026-07-23 14:15:00+00:00,1.33281,1.33298,1.332,1.3326500000000001,7590
1784817000,2026-07-23 14:30:00+00:00,1.3326500000000001,1.33297,1.33181,1.33181,7089
1784817900,2026-07-23 14:45:00+00:00,1.33181,1.3321,1.33124,1.33197,7514
1784818800,2026-07-23 15:00:00+00:00,1.33197,1.33244,1.33147,1.33185,8634
1784819700,2026-07-23 15:15:00+00:00,1.33185,1.3320400000000001,1.3306200000000001,1.33076,8439
1784820600,2026-07-23 15:30:00+00:00,1.33076,1.33136,1.32987,1.33086,8177
1784821500,2026-07-23 15:45:00+00:00,1.33086,1.3312,1.33059,1.33103,6781
1784822400,2026-07-23 16:00:00+00:00,1.33103,1.33202,1.33099,1.33194,5083
1784823300,2026-07-23 16:15:00+00:00,1.33194,1.33208,1.3313,1.33202,4858
1784824200,2026-07-23 16:30:00+00:00,1.33202,1.3324099999999999,1.33158,1.33236,5487
1784825100,2026-07-23 16:45:00+00:00,1.33236,1.33257,1.33228,1.33239,4959
1784826000,2026-07-23 17:00:00+00:00,1.33239,1.3324799999999999,1.33192,1.33198,5569
1784826900,2026-07-23 17:15:00+00:00,1.33198,1.33229,1.33192,1.33198,5065
1784827800,2026-07-23 17:30:00+00:00,1.33198,1.3320400000000001,1.33161,1.33166,5091
1784828700,2026-07-23 17:45:00+00:00,1.33167,1.33192,1.33133,1.33138,4784
1784829600,2026-07-23 18:00:00+00:00,1.33138,1.3318400000000001,1.33131,1.33158,3497
1784830500,2026-07-23 18:15:00+00:00,1.33158,1.33178,1.33135,1.33169,5085
1784831400,2026-07-23 18:30:00+00:00,1.33168,1.33189,1.33137,1.3314599999999999,5453
1784832300,2026-07-23 18:45:00+00:00,1.3314599999999999,1.33171,1.33136,1.33164,4227
1784833200,2026-07-23 19:00:00+00:00,1.33164,1.33192,1.33125,1.3312599999999999,2165
1784834100,2026-07-23 19:15:00+00:00,1.3312599999999999,1.33165,1.33115,1.33165,3477
1784835000,2026-07-23 19:30:00+00:00,1.33165,1.33198,1.33144,1.33147,4341
1784835900,2026-07-23 19:45:00+00:00,1.33147,1.3318400000000001,1.33142,1.33171,3264
1784836800,2026-07-23 20:00:00+00:00,1.33171,1.33195,1.33166,1.3317,1206
1784837700,2026-07-23 20:15:00+00:00,1.3317,1.33172,1.33151,1.33165,1040
1784838600,2026-07-23 20:30:00+00:00,1.33165,1.33176,1.3315000000000001,1.33157,908
1784839500,2026-07-23 20:45:00+00:00,1.33157,1.33166,1.33137,1.33137,1126
1784840400,2026-07-23 21:00:00+00:00,1.33115,1.33237,1.33027,1.33171,266
1784841300,2026-07-23 21:15:00+00:00,1.33171,1.33192,1.33148,1.33166,145
1784842200,2026-07-23 21:30:00+00:00,1.33166,1.3317,1.33135,1.33138,333
1784843100,2026-07-23 21:45:00+00:00,1.33138,1.33178,1.33125,1.33172,231
1784844000,2026-07-23 22:00:00+00:00,1.33172,1.33181,1.33141,1.33142,529
1784844900,2026-07-23 22:15:00+00:00,1.33142,1.33157,1.33131,1.33139,555
1784845800,2026-07-23 22:30:00+00:00,1.33139,1.33147,1.33132,1.33144,829
1784846700,2026-07-23 22:45:00+00:00,1.33144,1.33163,1.3314300000000001,1.33161,848
1784847600,2026-07-23 23:00:00+00:00,1.33161,1.33166,1.3314,1.33141,747
1784848500,2026-07-23 23:15:00+00:00,1.33141,1.33157,1.3314,1.3315299999999999,585
1784849400,2026-07-23 23:30:00+00:00,1.3315299999999999,1.33161,1.3311899999999999,1.33132,1148
1784850300,2026-07-23 23:45:00+00:00,1.33132,1.33154,1.3311,1.33121,3286
1784851200,2026-07-24 00:00:00+00:00,1.3312,1.33174,1.33112,1.3315299999999999,5388
1784852100,2026-07-24 00:15:00+00:00,1.3315299999999999,1.33178,1.33144,1.33166,4290
1784853000,2026-07-24 00:30:00+00:00,1.33166,1.33173,1.33142,1.3314599999999999,3241
1784853900,2026-07-24 00:45:00+00:00,1.3314599999999999,1.3324799999999999,1.33137,1.3324799999999999,3807
1784854800,2026-07-24 01:00:00+00:00,1.3324799999999999,1.3326799999999999,1.33225,1.33239,3327
1784855700,2026-07-24 01:15:00+00:00,1.33239,1.3324799999999999,1.33201,1.33203,3682
1784856600,2026-07-24 01:30:00+00:00,1.33203,1.33259,1.33195,1.33254,3921
1784857500,2026-07-24 01:45:00+00:00,1.33254,1.33258,1.33201,1.33206,3053
1784858400,2026-07-24 02:00:00+00:00,1.3320699999999999,1.33219,1.33179,1.3320400000000001,4007
1784859300,2026-07-24 02:15:00+00:00,1.3320400000000001,1.3321100000000001,1.33179,1.33192,3516
1784860200,2026-07-24 02:30:00+00:00,1.33192,1.33227,1.3318400000000001,1.3318400000000001,3169
1784861100,2026-07-24 02:45:00+00:00,1.3318400000000001,1.33188,1.3314,1.33141,3478
1784862000,2026-07-24 03:00:00+00:00,1.33141,1.33148,1.33112,1.33122,2601
1784862900,2026-07-24 03:15:00+00:00,1.33122,1.33134,1.33112,1.33117,2720
1784863800,2026-07-24 03:30:00+00:00,1.33117,1.33152,1.33113,1.3314300000000001,2967
1784864700,2026-07-24 03:45:00+00:00,1.3314300000000001,1.33154,1.33132,1.33142,2271
1784865600,2026-07-24 04:00:00+00:00,1.33142,1.33151,1.33133,1.3314300000000001,1866
1784866500,2026-07-24 04:15:00+00:00,1.3314300000000001,1.33151,1.33121,1.3312300000000001,2083
1784867400,2026-07-24 04:30:00+00:00,1.3312300000000001,1.3313,1.3309,1.33091,1811
1784868300,2026-07-24 04:45:00+00:00,1.33091,1.33107,1.33064,1.33103,2177
1784869200,2026-07-24 05:00:00+00:00,1.33103,1.33132,1.33093,1.3311899999999999,2836
1784870100,2026-07-24 05:15:00+00:00,1.3311899999999999,1.33151,1.33112,1.33141,2471
1784871000,2026-07-24 05:30:00+00:00,1.33142,1.33168,1.33138,1.33145,3025
1784871900,2026-07-24 05:45:00+00:00,1.33144,1.33157,1.3308499999999999,1.33088,2938
1784872800,2026-07-24 06:00:00+00:00,1.33088,1.33132,1.3308200000000001,1.3312,4155
1784873700,2026-07-24 06:15:00+00:00,1.3312,1.3323,1.33117,1.33208,4276
1784874600,2026-07-24 06:30:00+00:00,1.33208,1.33249,1.3318699999999999,1.3320699999999999,3688
1784875500,2026-07-24 06:45:00+00:00,1.3320699999999999,1.3326,1.33188,1.33258,4768
1784876400,2026-07-24 07:00:00+00:00,1.33259,1.33388,1.33226,1.33376,3857
1784877300,2026-07-24 07:15:00+00:00,1.33376,1.33418,1.33312,1.334,3394
1784878200,2026-07-24 07:30:00+00:00,1.334,1.33444,1.33311,1.33324,3896
1784879100,2026-07-24 07:45:00+00:00,1.33324,1.33381,1.3330199999999999,1.33357,3299
1784880000,2026-07-24 08:00:00+00:00,1.33356,1.33372,1.33304,1.3336000000000001,3905
1784880900,2026-07-24 08:15:00+00:00,1.3336000000000001,1.3336000000000001,1.3327499999999999,1.33322,3987
1784881800,2026-07-24 08:30:00+00:00,1.33322,1.33347,1.33259,1.33276,3679
1784882700,2026-07-24 08:45:00+00:00,1.33276,1.33278,1.332,1.33212,4238
1784883600,2026-07-24 09:00:00+00:00,1.33212,1.33224,1.33149,1.3315299999999999,3337
1784884500,2026-07-24 09:15:00+00:00,1.3315299999999999,1.33194,1.33128,1.3319,3160
1784885400,2026-07-24 09:30:00+00:00,1.3319,1.33222,1.3317,1.33188,3112
1784886300,2026-07-24 09:45:00+00:00,1.33188,1.3320400000000001,1.33137,1.33192,3220
1784887200,2026-07-24 10:00:00+00:00,1.33192,1.33198,1.33131,1.3316,3850
1784888100,2026-07-24 10:15:00+00:00,1.3316,1.33287,1.33156,1.33254,4035
1784889000,2026-07-24 10:30:00+00:00,1.33254,1.33287,1.3323800000000001,1.33246,2697
1784889900,2026-07-24 10:45:00+00:00,1.33246,1.3326500000000001,1.33191,1.33221,3189
1784890800,2026-07-24 11:00:00+00:00,1.33222,1.3328,1.33202,1.33279,3358
1784891700,2026-07-24 11:15:00+00:00,1.33279,1.33279,1.3324,1.33246,2388
1784892600,2026-07-24 11:30:00+00:00,1.33246,1.33255,1.33199,1.33216,3180
1784893500,2026-07-24 11:45:00+00:00,1.33216,1.33253,1.33141,1.33231,5163
1784894400,2026-07-24 12:00:00+00:00,1.33231,1.33255,1.3317700000000001,1.33244,4879
1784895300,2026-07-24 12:15:00+00:00,1.33244,1.3324500000000001,1.33142,1.3316,3415
1784896200,2026-07-24 12:30:00+00:00,1.3316,1.33173,1.3307,1.33088,4153
1784897100,2026-07-24 12:45:00+00:00,1.33088,1.33133,1.3305799999999999,1.33104,3953
1784898000,2026-07-24 13:00:00+00:00,1.33103,1.3314599999999999,1.3305799999999999,1.33122,4420
1784898900,2026-07-24 13:15:00+00:00,1.33122,1.33185,1.33108,1.33181,4377
1784899800,2026-07-24 13:30:00+00:00,1.33181,1.33206,1.33133,1.33188,6356
1784900700,2026-07-24 13:45:00+00:00,1.33188,1.33269,1.33163,1.33255,6448
1784901600,2026-07-24 14:00:00+00:00,1.33255,1.33297,1.33197,1.33253,5869
1784902500,2026-07-24 14:15:00+00:00,1.33253,1.33315,1.3321,1.33258,5536
1784903400,2026-07-24 14:30:00+00:00,1.33258,1.33291,1.3323800000000001,1.3325,5054
1784904300,2026-07-24 14:45:00+00:00,1.3325,1.33344,1.33239,1.3326500000000001,6393
1784905200,2026-07-24 15:00:00+00:00,1.3326500000000001,1.33454,1.33243,1.3343,7563
1784906100,2026-07-24 15:15:00+00:00,1.3343,1.3348900000000001,1.3338999999999999,1.33429,6071
1784907000,2026-07-24 15:30:00+00:00,1.33429,1.33453,1.33381,1.3339699999999999,4989
1784907900,2026-07-24 15:45:00+00:00,1.3339699999999999,1.33441,1.3338999999999999,1.3342100000000001,4164
1784908800,2026-07-24 16:00:00+00:00,1.3342100000000001,1.33447,1.3339699999999999,1.33437,2964
1784909700,2026-07-24 16:15:00+00:00,1.33437,1.3345500000000001,1.33401,1.33402,2794
1784910600,2026-07-24 16:30:00+00:00,1.33402,1.33413,1.33357,1.3336000000000001,3104
1784911500,2026-07-24 16:45:00+00:00,1.3336000000000001,1.33362,1.33312,1.33325,2965
1784912400,2026-07-24 17:00:00+00:00,1.33325,1.3333,1.33235,1.33256,4156
1784913300,2026-07-24 17:15:00+00:00,1.33256,1.33264,1.33217,1.33263,3139
1784914200,2026-07-24 17:30:00+00:00,1.33263,1.3327499999999999,1.33216,1.33236,2533
1784915100,2026-07-24 17:45:00+00:00,1.33236,1.33262,1.33216,1.33249,2366
1784916000,2026-07-24 18:00:00+00:00,1.33249,1.33285,1.3324500000000001,1.33282,2608
1784916900,2026-07-24 18:15:00+00:00,1.33282,1.33295,1.33255,1.3326,2924
1784917800,2026-07-24 18:30:00+00:00,1.3326,1.33273,1.3323800000000001,1.33253,3758
1784918700,2026-07-24 18:45:00+00:00,1.33253,1.33285,1.3325,1.33256,2262
1784919600,2026-07-24 19:00:00+00:00,1.33256,1.33276,1.3325,1.33255,3158
1784920500,2026-07-24 19:15:00+00:00,1.33256,1.3326500000000001,1.33222,1.33233,2702
1784921400,2026-07-24 19:30:00+00:00,1.33233,1.3326799999999999,1.33227,1.33242,3508
1784922300,2026-07-24 19:45:00+00:00,1.33242,1.33246,1.33213,1.33216,2534
1784923200,2026-07-24 20:00:00+00:00,1.33216,1.33224,1.33203,1.3320699999999999,1467
1784924100,2026-07-24 20:15:00+00:00,1.33208,1.33212,1.33193,1.33195,934
1784925000,2026-07-24 20:30:00+00:00,1.33195,1.33197,1.33167,1.3318400000000001,612
1784925900,2026-07-24 20:45:00+00:00,1.3318400000000001,1.33283,1.33181,1.3324,3071
1785099600,2026-07-26 21:00:00+00:00,1.33137,1.33381,1.33137,1.3333,109
1785100500,2026-07-26 21:15:00+00:00,1.3333,1.33355,1.33322,1.33355,48
1785101400,2026-07-26 21:30:00+00:00,1.33359,1.3336700000000001,1.33311,1.33365,143
1785102300,2026-07-26 21:45:00+00:00,1.33365,1.3344,1.33352,1.33361,213
1785103200,2026-07-26 22:00:00+00:00,1.33361,1.3357,1.33355,1.3347,2695
1785104100,2026-07-26 22:15:00+00:00,1.3347,1.33493,1.33437,1.3347,2139
1785105000,2026-07-26 22:30:00+00:00,1.3347,1.33473,1.33438,1.33456,1230
1785105900,2026-07-26 22:45:00+00:00,1.33457,1.3346,1.33416,1.3343,1319
1785106800,2026-07-26 23:00:00+00:00,1.3343,1.3345799999999999,1.3342100000000001,1.33444,1245
1785107700,2026-07-26 23:15:00+00:00,1.33444,1.33453,1.33426,1.33443,889
1785108600,2026-07-26 23:30:00+00:00,1.33443,1.3349199999999999,1.3344,1.33481,842
1785109500,2026-07-26 23:45:00+00:00,1.33481,1.3352,1.33469,1.33507,2620
1785110400,2026-07-27 00:00:00+00:00,1.33507,1.33587,1.33497,1.33585,5860
1785111300,2026-07-27 00:15:00+00:00,1.33585,1.33617,1.33548,1.33606,4790
1785112200,2026-07-27 00:30:00+00:00,1.33606,1.33632,1.33568,1.33575,4515
1785113100,2026-07-27 00:45:00+00:00,1.33575,1.3358400000000001,1.33503,1.3351,4342
1785114000,2026-07-27 01:00:00+00:00,1.3351199999999999,1.33568,1.3351,1.3354300000000001,4669
1785114900,2026-07-27 01:15:00+00:00,1.3354300000000001,1.33569,1.33531,1.33541,4328
1785115800,2026-07-27 01:30:00+00:00,1.33541,1.33578,1.3352,1.33555,4162
1785116700,2026-07-27 01:45:00+00:00,1.33555,1.33635,1.3355299999999999,1.3363399999999999,3834
1785117600,2026-07-27 02:00:00+00:00,1.3363399999999999,1.33637,1.33593,1.33595,4142
1785118500,2026-07-27 02:15:00+00:00,1.33595,1.3360400000000001,1.33564,1.33596,2642
1785119400,2026-07-27 02:30:00+00:00,1.33596,1.33602,1.3356,1.33572,2659
1785120300,2026-07-27 02:45:00+00:00,1.33572,1.33578,1.3354599999999999,1.33549,3172
1785121200,2026-07-27 03:00:00+00:00,1.33549,1.33569,1.33526,1.33532,3392
1785122100,2026-07-27 03:15:00+00:00,1.33532,1.33549,1.33524,1.33527,1901
1785123000,2026-07-27 03:30:00+00:00,1.33527,1.33528,1.335,1.33517,2469
1785123900,2026-07-27 03:45:00+00:00,1.33517,1.33531,1.33509,1.33525,1836
1785124800,2026-07-27 04:00:00+00:00,1.33525,1.33547,1.33523,1.33539,1938
1785125700,2026-07-27 04:15:00+00:00,1.33539,1.33549,1.335,1.33507,1577
1785126600,2026-07-27 04:30:00+00:00,1.33507,1.3354300000000001,1.33506,1.33521,2131
1785127500,2026-07-27 04:45:00+00:00,1.33521,1.33532,1.33505,1.33509,1671
1785128400,2026-07-27 05:00:00+00:00,1.33509,1.33561,1.33498,1.33557,2000
1785129300,2026-07-27 05:15:00+00:00,1.33557,1.33561,1.33521,1.33542,2889
1785130200,2026-07-27 05:30:00+00:00,1.33542,1.33554,1.3351899999999999,1.33526,2782
1785131100,2026-07-27 05:45:00+00:00,1.33526,1.33563,1.3351899999999999,1.33529,2330
1785132000,2026-07-27 06:00:00+00:00,1.33529,1.33588,1.33514,1.33563,4464
1785132900,2026-07-27 06:15:00+00:00,1.33563,1.33589,1.3351600000000001,1.3358400000000001,4125
1785133800,2026-07-27 06:30:00+00:00,1.3358400000000001,1.3361,1.33545,1.33581,3551
1785134700,2026-07-27 06:45:00+00:00,1.33581,1.33592,1.3348,1.33495,3822
1785135600,2026-07-27 07:00:00+00:00,1.33495,1.33525,1.33406,1.33479,5449
1785136500,2026-07-27 07:15:00+00:00,1.33479,1.33497,1.33411,1.33474,5191
1785137400,2026-07-27 07:30:00+00:00,1.33474,1.33476,1.33399,1.3342,5243
1785138300,2026-07-27 07:45:00+00:00,1.3342,1.33432,1.33342,1.33347,4345
1785139200,2026-07-27 08:00:00+00:00,1.33347,1.33384,1.33321,1.33332,4745
1785140100,2026-07-27 08:15:00+00:00,1.33332,1.3335,1.3330600000000001,1.33335,3964
1785141000,2026-07-27 08:30:00+00:00,1.33335,1.3339400000000001,1.33317,1.33359,3217
1785141900,2026-07-27 08:45:00+00:00,1.33358,1.33404,1.33343,1.33378,3156
1785142800,2026-07-27 09:00:00+00:00,1.33378,1.33411,1.33317,1.33328,3378
1785143700,2026-07-27 09:15:00+00:00,1.33328,1.33343,1.33305,1.33313,3323
1785144600,2026-07-27 09:30:00+00:00,1.33313,1.33355,1.33298,1.33338,3498
1785145500,2026-07-27 09:45:00+00:00,1.33338,1.33346,1.33298,1.3330899999999999,2876
1785146400,2026-07-27 10:00:00+00:00,1.3330899999999999,1.33365,1.3327499999999999,1.3329900000000001,4387
1785147300,2026-07-27 10:15:00+00:00,1.3329900000000001,1.3333599999999999,1.33286,1.33287,3607
1785148200,2026-07-27 10:30:00+00:00,1.33287,1.33331,1.33276,1.33308,3163
1785149100,2026-07-27 10:45:00+00:00,1.33308,1.3330899999999999,1.33167,1.33189,3794
1785150000,2026-07-27 11:00:00+00:00,1.33188,1.33215,1.33102,1.33132,4099
1785150900,2026-07-27 11:15:00+00:00,1.33132,1.33194,1.33124,1.3314,2564
1785151800,2026-07-27 11:30:00+00:00,1.3314,1.33202,1.33096,1.33158,4675
1785152700,2026-07-27 11:45:00+00:00,1.33158,1.33168,1.3311600000000001,1.33138,3713
1785153600,2026-07-27 12:00:00+00:00,1.33138,1.33182,1.33081,1.33091,4470
1785154500,2026-07-27 12:15:00+00:00,1.33091,1.33152,1.33075,1.33129,3584
1785155400,2026-07-27 12:30:00+00:00,1.33129,1.33139,1.33043,1.33097,3567
1785156300,2026-07-27 12:45:00+00:00,1.33098,1.33174,1.33087,1.33137,4943
1785157200,2026-07-27 13:00:00+00:00,1.33137,1.33169,1.33087,1.3315299999999999,4986
1785158100,2026-07-27 13:15:00+00:00,1.3315299999999999,1.33155,1.33115,1.33138,3751
1785159000,2026-07-27 13:30:00+00:00,1.33138,1.33212,1.33138,1.33167,5697
1785159900,2026-07-27 13:45:00+00:00,1.33167,1.33188,1.33084,1.33106,5975
1785160800,2026-07-27 14:00:00+00:00,1.33106,1.33173,1.3306,1.3317,5986
1785161700,2026-07-27 14:15:00+00:00,1.3317,1.33172,1.3305799999999999,1.33059,5263
1785162600,2026-07-27 14:30:00+00:00,1.33059,1.33112,1.33048,1.33052,6002
1785163500,2026-07-27 14:45:00+00:00,1.33052,1.33091,1.32991,1.33027,5749
1785164400,2026-07-27 15:00:00+00:00,1.33027,1.3305500000000001,1.32993,1.3303,6460
1785165300,2026-07-27 15:15:00+00:00,1.3303,1.33072,1.33025,1.3305799999999999,5689
1785166200,2026-07-27 15:30:00+00:00,1.3305799999999999,1.3306,1.33016,1.3304,4792
1785167100,2026-07-27 15:45:00+00:00,1.33041,1.33066,1.33002,1.3302,4512
1785168000,2026-07-27 16:00:00+00:00,1.33019,1.33044,1.32996,1.33014,4745
1785168900,2026-07-27 16:15:00+00:00,1.33014,1.33144,1.33006,1.33105,5766
1785169800,2026-07-27 16:30:00+00:00,1.33105,1.33117,1.33066,1.33068,4217
1785170700,2026-07-27 16:45:00+00:00,1.33068,1.33069,1.33015,1.3303099999999999,4057
1785171600,2026-07-27 17:00:00+00:00,1.3303099999999999,1.33036,1.32858,1.32916,5217
1785172500,2026-07-27 17:15:00+00:00,1.32916,1.32921,1.3284500000000001,1.32855,3492
1785173400,2026-07-27 17:30:00+00:00,1.32855,1.329,1.32842,1.32858,3374
1785174300,2026-07-27 17:45:00+00:00,1.32858,1.32918,1.32852,1.32913,2346
1785175200,2026-07-27 18:00:00+00:00,1.32913,1.32925,1.32898,1.32915,2661
1785176100,2026-07-27 18:15:00+00:00,1.32915,1.32919,1.3288,1.32897,3826
1785177000,2026-07-27 18:30:00+00:00,1.32897,1.32941,1.3287900000000001,1.329,3398
1785177900,2026-07-27 18:45:00+00:00,1.329,1.32922,1.32869,1.32884,3545
1785178800,2026-07-27 19:00:00+00:00,1.32884,1.32914,1.32882,1.32893,2026
1785179700,2026-07-27 19:15:00+00:00,1.32893,1.32931,1.32893,1.3293,1466
1785180600,2026-07-27 19:30:00+00:00,1.3293,1.3296700000000001,1.32924,1.32951,1993
1785181500,2026-07-27 19:45:00+00:00,1.32951,1.3296000000000001,1.32915,1.32918,2976
1785182400,2026-07-27 20:00:00+00:00,1.32918,1.32929,1.32898,1.32918,1585
1785183300,2026-07-27 20:15:00+00:00,1.32918,1.3292,1.32895,1.3290199999999999,829
1785184200,2026-07-27 20:30:00+00:00,1.3290199999999999,1.3290199999999999,1.32864,1.32868,1125
1785185100,2026-07-27 20:45:00+00:00,1.32868,1.32894,1.3286,1.32878,919
1785186000,2026-07-27 21:00:00+00:00,1.3287200000000001,1.33007,1.3287200000000001,1.3290199999999999,282
1785186900,2026-07-27 21:15:00+00:00,1.32903,1.3305,1.32883,1.33047,264
1785187800,2026-07-27 21:30:00+00:00,1.33047,1.33047,1.3289900000000001,1.3293300000000001,1276
1785188700,2026-07-27 21:45:00+00:00,1.3293300000000001,1.3296000000000001,1.3289900000000001,1.32913,577
1785189600,2026-07-27 22:00:00+00:00,1.32913,1.3294000000000001,1.32876,1.329,1189
1785190500,2026-07-27 22:15:00+00:00,1.329,1.3290600000000001,1.32889,1.32889,1019
1785191400,2026-07-27 22:30:00+00:00,1.32889,1.32901,1.32887,1.32888,628
1785192300,2026-07-27 22:45:00+00:00,1.32888,1.32891,1.3287900000000001,1.32886,413
1785193200,2026-07-27 23:00:00+00:00,1.32886,1.32896,1.32869,1.32889,861
1785194100,2026-07-27 23:15:00+00:00,1.32889,1.329,1.32885,1.32897,510
1785195000,2026-07-27 23:30:00+00:00,1.32897,1.3290199999999999,1.32889,1.32897,766
1785195900,2026-07-27 23:45:00+00:00,1.32897,1.32904,1.32871,1.3289900000000001,1618
1785196800,2026-07-28 00:00:00+00:00,1.3289900000000001,1.32907,1.32857,1.32878,4546
1785197700,2026-07-28 00:15:00+00:00,1.32878,1.3293300000000001,1.32874,1.32925,4049
1785198600,2026-07-28 00:30:00+00:00,1.32925,1.3294000000000001,1.32908,1.32915,2479
1785199500,2026-07-28 00:45:00+00:00,1.32915,1.3293599999999999,1.32885,1.32932,3620
1785200400,2026-07-28 01:00:00+00:00,1.32932,1.32982,1.32926,1.3293300000000001,3265
1785201300,2026-07-28 01:15:00+00:00,1.32932,1.32953,1.32916,1.32946,2713
1785202200,2026-07-28 01:30:00+00:00,1.32947,1.32958,1.3292,1.32929,2686
1785203100,2026-07-28 01:45:00+00:00,1.32929,1.3293599999999999,1.32897,1.32919,2718
1785204000,2026-07-28 02:00:00+00:00,1.32919,1.32962,1.32908,1.32951,2669
1785204900,2026-07-28 02:15:00+00:00,1.3295,1.3296299999999999,1.32925,1.32928,2469
1785205800,2026-07-28 02:30:00+00:00,1.32928,1.32948,1.32922,1.32944,2398
1785206700,2026-07-28 02:45:00+00:00,1.32944,1.33009,1.32931,1.32984,3762
1785207600,2026-07-28 03:00:00+00:00,1.32984,1.32996,1.32952,1.32974,2978
1785208500,2026-07-28 03:15:00+00:00,1.32974,1.33013,1.32969,1.33008,2490
1785209400,2026-07-28 03:30:00+00:00,1.33008,1.33044,1.33,1.33009,3205
1785210300,2026-07-28 03:45:00+00:00,1.33009,1.33009,1.32971,1.32982,2463
1785211200,2026-07-28 04:00:00+00:00,1.32982,1.32983,1.32925,1.32931,3003
1785212100,2026-07-28 04:15:00+00:00,1.32931,1.32961,1.32926,1.32945,3197
1785213000,2026-07-28 04:30:00+00:00,1.32945,1.3295,1.32931,1.32946,2164
1785213900,2026-07-28 04:45:00+00:00,1.32946,1.3296299999999999,1.32924,1.32943,2138
1785214800,2026-07-28 05:00:00+00:00,1.32943,1.32953,1.3287200000000001,1.32877,3217
1785215700,2026-07-28 05:15:00+00:00,1.32877,1.3290600000000001,1.32865,1.32905,2376
1785216600,2026-07-28 05:30:00+00:00,1.32905,1.32912,1.32857,1.32893,2695
1785217500,2026-07-28 05:45:00+00:00,1.32893,1.32897,1.32859,1.3287900000000001,2804
1785218400,2026-07-28 06:00:00+00:00,1.32878,1.32903,1.32861,1.32901,4382
1785219300,2026-07-28 06:15:00+00:00,1.32901,1.32961,1.32895,1.32957,4487
1785220200,2026-07-28 06:30:00+00:00,1.32957,1.32973,1.3292,1.3295,3473
1785221100,2026-07-28 06:45:00+00:00,1.3295,1.33018,1.32923,1.32988,3437
1785222000,2026-07-28 07:00:00+00:00,1.32988,1.33022,1.32937,1.33018,3515
1785222900,2026-07-28 07:15:00+00:00,1.33018,1.33049,1.33013,1.3303,2922
1785223800,2026-07-28 07:30:00+00:00,1.3303,1.33052,1.32972,1.32981,2239
1785224700,2026-07-28 07:45:00+00:00,1.32981,1.32983,1.32916,1.32917,3459
1785225600,2026-07-28 08:00:00+00:00,1.32917,1.33027,1.32914,1.32991,4166
1785226500,2026-07-28 08:15:00+00:00,1.32991,1.33054,1.3299,1.33012,3552
1785227400,2026-07-28 08:30:00+00:00,1.33013,1.33019,1.32966,1.33003,2864
1785228300,2026-07-28 08:45:00+00:00,1.33003,1.33034,1.32988,1.33027,2812
1785229200,2026-07-28 09:00:00+00:00,1.33027,1.33033,1.32927,1.32944,2538
1785230100,2026-07-28 09:15:00+00:00,1.32944,1.32959,1.32921,1.32928,2513
1785231000,2026-07-28 09:30:00+00:00,1.32928,1.32934,1.3287900000000001,1.32882,2830
1785231900,2026-07-28 09:45:00+00:00,1.32882,1.32891,1.32798,1.32802,2689
1785232800,2026-07-28 10:00:00+00:00,1.32801,1.32801,1.32736,1.32769,2539
1785233700,2026-07-28 10:15:00+00:00,1.32769,1.32803,1.32735,1.32779,2421
1785234600,2026-07-28 10:30:00+00:00,1.32779,1.32819,1.32766,1.3277,3924
1785235500,2026-07-28 10:45:00+00:00,1.3277,1.32826,1.32747,1.32795,3671
1785236400,2026-07-28 11:00:00+00:00,1.32795,1.32816,1.32745,1.32758,3597
1785237300,2026-07-28 11:15:00+00:00,1.32758,1.3283,1.32755,1.32805,4019
1785238200,2026-07-28 11:30:00+00:00,1.32805,1.3283800000000001,1.32798,1.328,2623
1785239100,2026-07-28 11:45:00+00:00,1.328,1.32815,1.32743,1.32793,4158
1785240000,2026-07-28 12:00:00+00:00,1.32793,1.3287200000000001,1.32791,1.32855,3635
1785240900,2026-07-28 12:15:00+00:00,1.32855,1.329,1.32843,1.32851,3092
1785241800,2026-07-28 12:30:00+00:00,1.32851,1.32946,1.32835,1.32938,3142
1785242700,2026-07-28 12:45:00+00:00,1.32938,1.32993,1.3293599999999999,1.32981,2843
1785243600,2026-07-28 13:00:00+00:00,1.32981,1.33033,1.32957,1.32966,3062
1785244500,2026-07-28 13:15:00+00:00,1.32966,1.3300100000000001,1.32944,1.32964,2929
1785245400,2026-07-28 13:30:00+00:00,1.32964,1.3299,1.32942,1.32969,4060
1785246300,2026-07-28 13:45:00+00:00,1.32969,1.33033,1.32954,1.33003,4421
1785247200,2026-07-28 14:00:00+00:00,1.33004,1.3302100000000001,1.32948,1.32951,4106
1785248100,2026-07-28 14:15:00+00:00,1.32951,1.32964,1.32915,1.32958,4415
1785249000,2026-07-28 14:30:00+00:00,1.32958,1.3299,1.32919,1.3293300000000001,4627
1785249900,2026-07-28 14:45:00+00:00,1.3293300000000001,1.32946,1.32855,1.32916,6626
1785250800,2026-07-28 15:00:00+00:00,1.32916,1.33054,1.32885,1.3302100000000001,7457
1785251700,2026-07-28 15:15:00+00:00,1.3302100000000001,1.33073,1.33006,1.33042,6731
1785252600,2026-07-28 15:30:00+00:00,1.33042,1.33105,1.33025,1.33097,5309
1785253500,2026-07-28 15:45:00+00:00,1.33096,1.33112,1.3305,1.3309199999999999,4648
1785254400,2026-07-28 16:00:00+00:00,1.3309199999999999,1.33112,1.33061,1.33069,5177
1785255300,2026-07-28 16:15:00+00:00,1.33069,1.3309,1.3305,1.33079,3294
1785256200,2026-07-28 16:30:00+00:00,1.3308,1.33102,1.33045,1.33047,3852
1785257100,2026-07-28 16:45:00+00:00,1.33048,1.3305799999999999,1.33005,1.33012,3805
1785258000,2026-07-28 17:00:00+00:00,1.33012,1.33051,1.32981,1.33,4399
1785258900,2026-07-28 17:15:00+00:00,1.33,1.33059,1.32986,1.32996,3991
1785259800,2026-07-28 17:30:00+00:00,1.32996,1.33004,1.32953,1.32959,2580
1785260700,2026-07-28 17:45:00+00:00,1.32959,1.32964,1.3290899999999999,1.32917,2935
1785261600,2026-07-28 18:00:00+00:00,1.32917,1.32934,1.32887,1.32905,2818
1785262500,2026-07-28 18:15:00+00:00,1.32905,1.32922,1.32864,1.32878,2748
1785263400,2026-07-28 18:30:00+00:00,1.32878,1.32912,1.32877,1.3290600000000001,2766
1785264300,2026-07-28 18:45:00+00:00,1.3290600000000001,1.3290899999999999,1.32878,1.32889,3006
1785265200,2026-07-28 19:00:00+00:00,1.32889,1.32932,1.32883,1.32912,2072
1785266100,2026-07-28 19:15:00+00:00,1.32911,1.32951,1.32905,1.32907,2396
1785267000,2026-07-28 19:30:00+00:00,1.32907,1.32924,1.3290199999999999,1.32918,2718
1785267900,2026-07-28 19:45:00+00:00,1.32918,1.32953,1.32876,1.3287900000000001,2956
1785268800,2026-07-28 20:00:00+00:00,1.3287900000000001,1.3291,1.32873,1.32907,2350
1785269700,2026-07-28 20:15:00+00:00,1.32907,1.32915,1.32867,1.32883,1199
1785270600,2026-07-28 20:30:00+00:00,1.32884,1.32888,1.32863,1.32886,1347
1785271500,2026-07-28 20:45:00+00:00,1.32886,1.32912,1.32866,1.3288,1359
1785272400,2026-07-28 21:00:00+00:00,1.3288,1.33006,1.32825,1.32891,208
1785273300,2026-07-28 21:15:00+00:00,1.32891,1.32987,1.32891,1.32923,335
1785274200,2026-07-28 21:30:00+00:00,1.32923,1.3293599999999999,1.3289900000000001,1.32908,680
1785275100,2026-07-28 21:45:00+00:00,1.32914,1.32921,1.32877,1.3287900000000001,521
1785276000,2026-07-28 22:00:00+00:00,1.3287900000000001,1.32914,1.3287499999999999,1.32878,1134
1785276900,2026-07-28 22:15:00+00:00,1.3287900000000001,1.3289,1.32833,1.32849,1413
1785277800,2026-07-28 22:30:00+00:00,1.32849,1.32861,1.32833,1.32839,1387
1785278700,2026-07-28 22:45:00+00:00,1.32839,1.32851,1.32832,1.32849,1156
1785279600,2026-07-28 23:00:00+00:00,1.32849,1.32849,1.3280699999999999,1.3283800000000001,1496
1785280500,2026-07-28 23:15:00+00:00,1.3283800000000001,1.32852,1.32828,1.3285,1385
1785281400,2026-07-28 23:30:00+00:00,1.3284799999999999,1.32869,1.32835,1.32865,1062
1785282300,2026-07-28 23:45:00+00:00,1.32865,1.3287200000000001,1.3284500000000001,1.32867,2702
1785283200,2026-07-29 00:00:00+00:00,1.32868,1.32881,1.3283,1.32853,4373
1785284100,2026-07-29 00:15:00+00:00,1.32853,1.32929,1.32849,1.32914,3983
1785285000,2026-07-29 00:30:00+00:00,1.32914,1.32925,1.3289900000000001,1.3292,3673
1785285900,2026-07-29 00:45:00+00:00,1.3292,1.32945,1.32887,1.32924,3898
1785286800,2026-07-29 01:00:00+00:00,1.32925,1.3294000000000001,1.3287200000000001,1.32878,3910
1785287700,2026-07-29 01:15:00+00:00,1.32878,1.32928,1.32869,1.32889,3994
1785288600,2026-07-29 01:30:00+00:00,1.32889,1.3289,1.32817,1.32828,5762
1785289500,2026-07-29 01:45:00+00:00,1.32828,1.32892,1.32822,1.32886,4425
1785290400,2026-07-29 02:00:00+00:00,1.32886,1.32939,1.32876,1.32925,4126
1785291300,2026-07-29 02:15:00+00:00,1.32925,1.32982,1.32925,1.32947,3772
1785292200,2026-07-29 02:30:00+00:00,1.32947,1.3298,1.32944,1.3296299999999999,3297
1785293100,2026-07-29 02:45:00+00:00,1.3296299999999999,1.32964,1.32928,1.3294000000000001,2611
1785294000,2026-07-29 03:00:00+00:00,1.3294000000000001,1.3296700000000001,1.32935,1.32953,3596
1785294900,2026-07-29 03:15:00+00:00,1.32953,1.32984,1.3295,1.32975,3867
1785295800,2026-07-29 03:30:00+00:00,1.32975,1.32983,1.32962,1.32977,3507
1785296700,2026-07-29 03:45:00+00:00,1.32977,1.3299400000000001,1.3294000000000001,1.32952,3455
1785297600,2026-07-29 04:00:00+00:00,1.32952,1.32992,1.32943,1.32981,3622
1785298500,2026-07-29 04:15:00+00:00,1.32981,1.3300100000000001,1.32964,1.32973,3761
1785299400,2026-07-29 04:30:00+00:00,1.32973,1.33015,1.32965,1.33,3771
1785300300,2026-07-29 04:45:00+00:00,1.33,1.3301,1.32955,1.32976,3188
1785301200,2026-07-29 05:00:00+00:00,1.32976,1.33013,1.32975,1.3301,3441
1785302100,2026-07-29 05:15:00+00:00,1.3301,1.33013,1.32979,1.32979,3036
1785303000,2026-07-29 05:30:00+00:00,1.32979,1.32999,1.32964,1.32996,2786
1785303900,2026-07-29 05:45:00+00:00,1.32996,1.3302,1.32984,1.32989,2812
1785304800,2026-07-29 06:00:00+00:00,1.32988,1.33035,1.32971,1.33023,4374
1785305700,2026-07-29 06:15:00+00:00,1.33023,1.33043,1.32947,1.32961,4146
1785306600,2026-07-29 06:30:00+00:00,1.32962,1.32995,1.32947,1.32992,4431
1785307500,2026-07-29 06:45:00+00:00,1.32991,1.32993,1.32951,1.32971,3888
1785308400,2026-07-29 07:00:00+00:00,1.32971,1.33013,1.32951,1.32968,3663
1785309300,2026-07-29 07:15:00+00:00,1.32968,1.33035,1.3296700000000001,1.3302399999999999,3165
1785310200,2026-07-29 07:30:00+00:00,1.33025,1.33075,1.33,1.33032,3567
1785311100,2026-07-29 07:45:00+00:00,1.3303099999999999,1.3303099999999999,1.32993,1.33022,3046
1785312000,2026-07-29 08:00:00+00:00,1.33022,1.33049,1.3296700000000001,1.32969,3358
1785312900,2026-07-29 08:15:00+00:00,1.32969,1.33042,1.32968,1.33018,3092
1785313800,2026-07-29 08:30:00+00:00,1.33018,1.33064,1.32982,1.33063,2683
1785314700,2026-07-29 08:45:00+00:00,1.33063,1.3309,1.33051,1.3306,3039
1785315600,2026-07-29 09:00:00+00:00,1.3306,1.3306,1.33018,1.33047,3345
1785316500,2026-07-29 09:15:00+00:00,1.33048,1.3305500000000001,1.33015,1.33039,3076
1785317400,2026-07-29 09:30:00+00:00,1.33038,1.33041,1.32953,1.3302,2912
1785318300,2026-07-29 09:45:00+00:00,1.3302,1.33025,1.32968,1.32971,3548
1785319200,2026-07-29 10:00:00+00:00,1.3296999999999999,1.32974,1.3291,1.32922,4071
1785320100,2026-07-29 10:15:00+00:00,1.32924,1.32942,1.32889,1.32907,3438
1785321000,2026-07-29 10:30:00+00:00,1.32907,1.32943,1.329,1.32942,3120
1785321900,2026-07-29 10:45:00+00:00,1.32942,1.32942,1.32885,1.3290899999999999,2641
1785322800,2026-07-29 11:00:00+00:00,1.3290899999999999,1.32951,1.32901,1.32948,2823
1785323700,2026-07-29 11:15:00+00:00,1.32948,1.32974,1.32918,1.32973,2437
1785324600,2026-07-29 11:30:00+00:00,1.32973,1.32979,1.32916,1.32934,2928
1785325500,2026-07-29 11:45:00+00:00,1.32934,1.32955,1.32898,1.32929,3905
1785326400,2026-07-29 12:00:00+00:00,1.32929,1.3294000000000001,1.32839,1.32858,4305
1785327300,2026-07-29 12:15:00+00:00,1.32858,1.32861,1.3278699999999999,1.32836,4829
1785328200,2026-07-29 12:30:00+00:00,1.32835,1.32881,1.32806,1.32864,4179
1785329100,2026-07-29 12:45:00+00:00,1.32864,1.3287900000000001,1.3281,1.32839,2994
1785330000,2026-07-29 13:00:00+00:00,1.32839,1.32858,1.3280699999999999,1.32833,3807
1785330900,2026-07-29 13:15:00+00:00,1.32833,1.32892,1.32813,1.32881,4000
1785331800,2026-07-29 13:30:00+00:00,1.32881,1.32924,1.32825,1.32889,4740
1785332700,2026-07-29 13:45:00+00:00,1.3289,1.32944,1.32876,1.32941,5016
1785333600,2026-07-29 14:00:00+00:00,1.32943,1.3296700000000001,1.32908,1.32918,4643
1785334500,2026-07-29 14:15:00+00:00,1.32919,1.32992,1.3288,1.32981,4060
1785335400,2026-07-29 14:30:00+00:00,1.32981,1.33045,1.32944,1.32986,3762
1785336300,2026-07-29 14:45:00+00:00,1.32986,1.32991,1.32817,1.3287,6633
1785337200,2026-07-29 15:00:00+00:00,1.3287,1.3293,1.3284,1.32898,5799
1785338100,2026-07-29 15:15:00+00:00,1.32898,1.32931,1.32819,1.3284799999999999,5792
1785339000,2026-07-29 15:30:00+00:00,1.3284799999999999,1.32903,1.32843,1.3288,5145
1785339900,2026-07-29 15:45:00+00:00,1.3287900000000001,1.32894,1.32847,1.32863,4409
1785340800,2026-07-29 16:00:00+00:00,1.32863,1.3287900000000001,1.3281100000000001,1.3281399999999999,4269
1785341700,2026-07-29 16:15:00+00:00,1.3281399999999999,1.32861,1.32803,1.3285,4662
1785342600,2026-07-29 16:30:00+00:00,1.3285,1.32853,1.32798,1.32829,3847
1785343500,2026-07-29 16:45:00+00:00,1.32828,1.32894,1.32822,1.32888,3705
1785344400,2026-07-29 17:00:00+00:00,1.32888,1.32958,1.32878,1.32951,4169
1785345300,2026-07-29 17:15:00+00:00,1.32951,1.33004,1.32939,1.32979,3891
1785346200,2026-07-29 17:30:00+00:00,1.3298,1.33056,1.32969,1.33042,4014
1785347100,2026-07-29 17:45:00+00:00,1.33042,1.3307,1.32999,1.3301,3516
1785348000,2026-07-29 18:00:00+00:00,1.3301,1.33461,1.32917,1.33382,12928
1785348900,2026-07-29 18:15:00+00:00,1.33382,1.33402,1.33234,1.33313,7903
1785349800,2026-07-29 18:30:00+00:00,1.33313,1.33478,1.33131,1.33466,12267
1785350700,2026-07-29 18:45:00+00:00,1.33466,1.33662,1.33449,1.33652,11075
1785351600,2026-07-29 19:00:00+00:00,1.33652,1.33708,1.33555,1.33701,10911
1785352500,2026-07-29 19:15:00+00:00,1.33701,1.33874,1.33574,1.33591,9965
1785353400,2026-07-29 19:30:00+00:00,1.33592,1.33618,1.33499,1.33576,10515
1785354300,2026-07-29 19:45:00+00:00,1.33575,1.33597,1.33462,1.33464,9223
1785355200,2026-07-29 20:00:00+00:00,1.33464,1.3351199999999999,1.33427,1.3347,6090
1785356100,2026-07-29 20:15:00+00:00,1.3347,1.33501,1.33441,1.33463,2337
1785357000,2026-07-29 20:30:00+00:00,1.33463,1.3363,1.3345099999999999,1.33623,2762
1785357900,2026-07-29 20:45:00+00:00,1.33623,1.3369,1.3360699999999999,1.33677,4583
1785358800,2026-07-29 21:00:00+00:00,1.33677,1.33749,1.3338,1.33603,464
1785359700,2026-07-29 21:15:00+00:00,1.33603,1.33673,1.33595,1.33632,1122
1785360600,2026-07-29 21:30:00+00:00,1.33632,1.33669,1.33601,1.3362,690
1785361500,2026-07-29 21:45:00+00:00,1.3363800000000001,1.33682,1.33581,1.33621,2172
1785362400,2026-07-29 22:00:00+00:00,1.33621,1.33705,1.33597,1.33686,3688
1785363300,2026-07-29 22:15:00+00:00,1.33686,1.33687,1.33666,1.33674,1133
1785364200,2026-07-29 22:30:00+00:00,1.33674,1.33691,1.3367200000000001,1.33684,1260
1785365100,2026-07-29 22:45:00+00:00,1.33684,1.3369900000000001,1.33673,1.33697,965
1785366000,2026-07-29 23:00:00+00:00,1.33697,1.33758,1.33694,1.33695,2548
1785366900,2026-07-29 23:15:00+00:00,1.33695,1.33698,1.33658,1.33662,1430
1785367800,2026-07-29 23:30:00+00:00,1.33662,1.33676,1.33648,1.33655,1642
1785368700,2026-07-29 23:45:00+00:00,1.33655,1.33691,1.3364099999999999,1.33667,3423
1785369600,2026-07-30 00:00:00+00:00,1.33667,1.33685,1.33625,1.33661,5723
1785370500,2026-07-30 00:15:00+00:00,1.3366,1.3367200000000001,1.33535,1.33545,6678
1785371400,2026-07-30 00:30:00+00:00,1.3354599999999999,1.3357299999999999,1.33529,1.3354300000000001,4451
1785372300,2026-07-30 00:45:00+00:00,1.3354300000000001,1.33562,1.33534,1.33552,4389
1785373200,2026-07-30 01:00:00+00:00,1.33552,1.33594,1.33551,1.3357700000000001,4443
1785374100,2026-07-30 01:15:00+00:00,1.3357700000000001,1.3357700000000001,1.33523,1.33544,3534
1785375000,2026-07-30 01:30:00+00:00,1.33544,1.33587,1.33533,1.33544,3412
1785375900,2026-07-30 01:45:00+00:00,1.33544,1.3357299999999999,1.3351199999999999,1.33522,3317
1785376800,2026-07-30 02:00:00+00:00,1.33522,1.33562,1.3351899999999999,1.33524,3437
1785377700,2026-07-30 02:15:00+00:00,1.33524,1.33527,1.33488,1.33495,2449
1785378600,2026-07-30 02:30:00+00:00,1.33495,1.33518,1.3348900000000001,1.33506,2793
1785379500,2026-07-30 02:45:00+00:00,1.33506,1.33527,1.33487,1.33488,2449
1785380400,2026-07-30 03:00:00+00:00,1.33488,1.33503,1.33443,1.33456,3366
1785381300,2026-07-30 03:15:00+00:00,1.33456,1.33459,1.33417,1.33445,3338
1785382200,2026-07-30 03:30:00+00:00,1.33445,1.33481,1.33435,1.33472,3644
1785383100,2026-07-30 03:45:00+00:00,1.33472,1.33481,1.33452,1.33454,2583
1785384000,2026-07-30 04:00:00+00:00,1.33454,1.3348,1.3344,1.33476,3165
1785384900,2026-07-30 04:15:00+00:00,1.33476,1.33486,1.33468,1.33484,3140
1785385800,2026-07-30 04:30:00+00:00,1.33484,1.33493,1.3345799999999999,1.3346,1943
1785386700,2026-07-30 04:45:00+00:00,1.3346,1.33476,1.33436,1.33442,2679
1785387600,2026-07-30 05:00:00+00:00,1.33442,1.33487,1.3343099999999999,1.33471,3550
1785388500,2026-07-30 05:15:00+00:00,1.33471,1.33563,1.33469,1.33556,2674
1785389400,2026-07-30 05:30:00+00:00,1.33555,1.33558,1.33515,1.33544,2547
1785390300,2026-07-30 05:45:00+00:00,1.33544,1.3357,1.33465,1.33493,4376
1785391200,2026-07-30 06:00:00+00:00,1.33493,1.33523,1.33344,1.3336299999999999,5815
1785392100,2026-07-30 06:15:00+00:00,1.3336299999999999,1.3339699999999999,1.33349,1.33362,4343
1785393000,2026-07-30 06:30:00+00:00,1.33362,1.33405,1.3332899999999999,1.33377,4126
1785393900,2026-07-30 06:45:00+00:00,1.33377,1.3345500000000001,1.33373,1.3342100000000001,3647
1785394800,2026-07-30 07:00:00+00:00,1.33422,1.33509,1.33414,1.33454,7544
1785395700,2026-07-30 07:15:00+00:00,1.33453,1.335,1.33389,1.3339400000000001,4303
1785396600,2026-07-30 07:30:00+00:00,1.3339400000000001,1.3344,1.33364,1.33415,4201
1785397500,2026-07-30 07:45:00+00:00,1.33415,1.33441,1.33371,1.33381,3649
1785398400,2026-07-30 08:00:00+00:00,1.33381,1.3351199999999999,1.33378,1.3349199999999999,5153
1785399300,2026-07-30 08:15:00+00:00,1.3349199999999999,1.3357299999999999,1.3348499999999999,1.33567,5274
1785400200,2026-07-30 08:30:00+00:00,1.33568,1.33616,1.3351600000000001,1.3359,4672
1785401100,2026-07-30 08:45:00+00:00,1.3359,1.33623,1.33541,1.33558,3841
1785402000,2026-07-30 09:00:00+00:00,1.33558,1.33716,1.33556,1.33712,4371
1785402900,2026-07-30 09:15:00+00:00,1.33712,1.3376299999999999,1.33703,1.33734,3985
1785403800,2026-07-30 09:30:00+00:00,1.33734,1.33804,1.33715,1.33793,4174
1785404700,2026-07-30 09:45:00+00:00,1.33793,1.33844,1.33761,1.33806,5059
1785405600,2026-07-30 10:00:00+00:00,1.33806,1.33886,1.3376000000000001,1.33872,5478
1785406500,2026-07-30 10:15:00+00:00,1.33872,1.3396,1.3376700000000001,1.33823,7085
1785407400,2026-07-30 10:30:00+00:00,1.33823,1.34023,1.33815,1.33987,5507
1785408300,2026-07-30 10:45:00+00:00,1.33987,1.34071,1.33898,1.33906,5714
1785409200,2026-07-30 11:00:00+00:00,1.33906,1.34019,1.33816,1.33826,5287
1785410100,2026-07-30 11:15:00+00:00,1.33825,1.33847,1.33737,1.3376700000000001,4280
1785411000,2026-07-30 11:30:00+00:00,1.33768,1.33804,1.33731,1.3373599999999999,3975
1785411900,2026-07-30 11:45:00+00:00,1.3373599999999999,1.33883,1.33732,1.33879,3707
1785412800,2026-07-30 12:00:00+00:00,1.33879,1.33951,1.33875,1.33923,5377
1785413700,2026-07-30 12:15:00+00:00,1.33923,1.33945,1.3382800000000001,1.3389,5098
1785414600,2026-07-30 12:30:00+00:00,1.3389,1.33956,1.33751,1.33871,9111
1785415500,2026-07-30 12:45:00+00:00,1.33871,1.33876,1.33671,1.33713,9288
1785416400,2026-07-30 13:00:00+00:00,1.33713,1.33799,1.3368,1.3370199999999999,9011
1785417300,2026-07-30 13:15:00+00:00,1.3370199999999999,1.33765,1.3367200000000001,1.33723,6416
1785418200,2026-07-30 13:30:00+00:00,1.3372,1.34173,1.33691,1.34144,16678
1785419100,2026-07-30 13:45:00+00:00,1.34143,1.3428499999999999,1.34006,1.3428200000000001,15762
1785420000,2026-07-30 14:00:00+00:00,1.34283,1.3448,1.34266,1.34447,16544
1785420900,2026-07-30 14:15:00+00:00,1.34446,1.34451,1.3428499999999999,1.34314,10453
1785421800,2026-07-30 14:30:00+00:00,1.34314,1.34361,1.34235,1.34315,7778
1785422700,2026-07-30 14:45:00+00:00,1.34315,1.34344,1.34239,1.3424800000000001,9749
1785423600,2026-07-30 15:00:00+00:00,1.3425,1.34341,1.34216,1.34311,11115
1785424500,2026-07-30 15:15:00+00:00,1.34311,1.3443399999999999,1.34308,1.34428,9018
1785425400,2026-07-30 15:30:00+00:00,1.34428,1.34579,1.34395,1.34571,7093
1785426300,2026-07-30 15:45:00+00:00,1.34571,1.34631,1.3455,1.3458999999999999,5844
1785427200,2026-07-30 16:00:00+00:00,1.3458999999999999,1.34669,1.3458999999999999,1.34645,7874
1785428100,2026-07-30 16:15:00+00:00,1.34644,1.34702,1.34631,1.34667,5016
1785429000,2026-07-30 16:30:00+00:00,1.34667,1.34706,1.34608,1.34609,5108
1785429900,2026-07-30 16:45:00+00:00,1.34609,1.34647,1.3457,1.34647,3759
1785430800,2026-07-30 17:00:00+00:00,1.34647,1.34671,1.34608,1.34611,5062
1785431700,2026-07-30 17:15:00+00:00,1.34612,1.34622,1.34576,1.34582,4425
1785432600,2026-07-30 17:30:00+00:00,1.34582,1.34703,1.34544,1.34703,8706
1785433500,2026-07-30 17:45:00+00:00,1.34702,1.34735,1.34664,1.34724,5210
1785434400,2026-07-30 18:00:00+00:00,1.34724,1.34742,1.3467,1.34729,4317
1785435300,2026-07-30 18:15:00+00:00,1.34729,1.3473,1.34661,1.34696,4205
1785436200,2026-07-30 18:30:00+00:00,1.34695,1.34727,1.3467799999999999,1.34701,3279
1785437100,2026-07-30 18:45:00+00:00,1.34701,1.34761,1.347,1.34759,3488
1785438000,2026-07-30 19:00:00+00:00,1.3476,1.34768,1.34698,1.34704,3636
1785438900,2026-07-30 19:15:00+00:00,1.34704,1.34757,1.34688,1.3471899999999999,3383
1785439800,2026-07-30 19:30:00+00:00,1.3471899999999999,1.34729,1.347,1.34718,3329
1785440700,2026-07-30 19:45:00+00:00,1.34718,1.34735,1.34667,1.34699,3956
1785441600,2026-07-30 20:00:00+00:00,1.34699,1.3473,1.34681,1.34707,2361
1785442500,2026-07-30 20:15:00+00:00,1.34707,1.34711,1.3465099999999999,1.34654,1448
1785443400,2026-07-30 20:30:00+00:00,1.34653,1.34703,1.34647,1.34669,1738
1785444300,2026-07-30 20:45:00+00:00,1.34669,1.3468,1.34635,1.34652,2323
1785445200,2026-07-30 21:00:00+00:00,1.34642,1.34662,1.3459400000000001,1.34631,113
1785446100,2026-07-30 21:15:00+00:00,1.34634,1.34635,1.34601,1.34625,154
1785447000,2026-07-30 21:30:00+00:00,1.34625,1.34632,1.34601,1.34618,440
1785447900,2026-07-30 21:45:00+00:00,1.34618,1.34638,1.34612,1.34615,200
1785448800,2026-07-30 22:00:00+00:00,1.34615,1.34694,1.34615,1.3466,1109
1785449700,2026-07-30 22:15:00+00:00,1.3466,1.34676,1.34649,1.34666,758
1785450600,2026-07-30 22:30:00+00:00,1.34666,1.34713,1.3465099999999999,1.34687,1017
1785451500,2026-07-30 22:45:00+00:00,1.34687,1.34692,1.3465799999999999,1.34673,785
1785452400,2026-07-30 23:00:00+00:00,1.34673,1.34696,1.34622,1.34635,1440
1785453300,2026-07-30 23:15:00+00:00,1.34635,1.34657,1.3461400000000001,1.3461699999999999,1593
1785454200,2026-07-30 23:30:00+00:00,1.3461699999999999,1.34631,1.34591,1.34616,2020
1785455100,2026-07-30 23:45:00+00:00,1.34616,1.34641,1.34603,1.34607,2601
1785456000,2026-07-31 00:00:00+00:00,1.34607,1.34632,1.34573,1.34607,6134
1785456900,2026-07-31 00:15:00+00:00,1.34607,1.3465,1.34581,1.3461400000000001,4889
1785457800,2026-07-31 00:30:00+00:00,1.3461400000000001,1.34627,1.34536,1.34559,4601
1785458700,2026-07-31 00:45:00+00:00,1.34559,1.34611,1.3453,1.34584,4487
1785459600,2026-07-31 01:00:00+00:00,1.34584,1.34627,1.34559,1.34578,4937
1785460500,2026-07-31 01:15:00+00:00,1.34578,1.34584,1.34541,1.34566,4661
1785461400,2026-07-31 01:30:00+00:00,1.34565,1.34604,1.34516,1.34518,4438
1785462300,2026-07-31 01:45:00+00:00,1.34518,1.34528,1.34482,1.3451,3973
1785463200,2026-07-31 02:00:00+00:00,1.3451,1.346,1.345,1.34583,5350
1785464100,2026-07-31 02:15:00+00:00,1.34583,1.3458999999999999,1.34541,1.3455599999999999,3711
1785465000,2026-07-31 02:30:00+00:00,1.34557,1.34576,1.34516,1.34532,2985
1785465900,2026-07-31 02:45:00+00:00,1.34532,1.34532,1.3449499999999999,1.34507,3676
1785466800,2026-07-31 03:00:00+00:00,1.34507,1.34523,1.34458,1.34471,3690
1785467700,2026-07-31 03:15:00+00:00,1.34471,1.34494,1.34452,1.34463,3058
1785468600,2026-07-31 03:30:00+00:00,1.34463,1.34493,1.34456,1.34479,3054
1785469500,2026-07-31 03:45:00+00:00,1.34479,1.34516,1.34477,1.34515,3516
1785470400,2026-07-31 04:00:00+00:00,1.34515,1.34527,1.3449,1.34503,3766
1785471300,2026-07-31 04:15:00+00:00,1.34503,1.34511,1.3448,1.34481,3588
1785472200,2026-07-31 04:30:00+00:00,1.34481,1.34488,1.3443800000000001,1.3444099999999999,4029
1785473100,2026-07-31 04:45:00+00:00,1.3444099999999999,1.34462,1.3442,1.34459,2874
1785474000,2026-07-31 05:00:00+00:00,1.34458,1.34494,1.34446,1.34461,3929
1785474900,2026-07-31 05:15:00+00:00,1.34461,1.3447200000000001,1.3443100000000001,1.3443399999999999,3558
1785475800,2026-07-31 05:30:00+00:00,1.3443399999999999,1.3447200000000001,1.34421,1.3443,4426
1785476700,2026-07-31 05:45:00+00:00,1.3443,1.34453,1.3440400000000001,1.3443,3955
1785477600,2026-07-31 06:00:00+00:00,1.3443,1.34547,1.34428,1.34544,4841
1785478500,2026-07-31 06:15:00+00:00,1.34544,1.34612,1.3451,1.34598,4931
1785479400,2026-07-31 06:30:00+00:00,1.34598,1.34598,1.34455,1.34493,6475
1785480300,2026-07-31 06:45:00+00:00,1.34494,1.34616,1.34491,1.34511,8009
1785481200,2026-07-31 07:00:00+00:00,1.34511,1.3455599999999999,1.3450199999999999,1.34548,6089
1785482100,2026-07-31 07:15:00+00:00,1.34548,1.3455300000000001,1.34448,1.34512,5395
1785483000,2026-07-31 07:30:00+00:00,1.34512,1.34522,1.34457,1.34513,4286
1785483900,2026-07-31 07:45:00+00:00,1.34513,1.34625,1.34503,1.34524,5156
1785484800,2026-07-31 08:00:00+00:00,1.34524,1.34532,1.3439999999999999,1.34425,4765
1785485700,2026-07-31 08:15:00+00:00,1.34425,1.3446799999999999,1.34365,1.3437299999999999,4465
1785486600,2026-07-31 08:30:00+00:00,1.3437299999999999,1.34455,1.34353,1.34446,3796
1785487500,2026-07-31 08:45:00+00:00,1.34446,1.34644,1.3444,1.34595,6924
1785488400,2026-07-31 09:00:00+00:00,1.34595,1.34681,1.34561,1.3458,9054
1785489300,2026-07-31 09:15:00+00:00,1.3458,1.34623,1.34537,1.34543,5786
1785490200,2026-07-31 09:30:00+00:00,1.34542,1.34571,1.34461,1.34464,5430
1785491100,2026-07-31 09:45:00+00:00,1.34462,1.34542,1.34459,1.34501,4396
1785492000,2026-07-31 10:00:00+00:00,1.34501,1.34523,1.34442,1.34482,4161
1785492900,2026-07-31 10:15:00+00:00,1.34483,1.34501,1.3443100000000001,1.34457,3785
1785493800,2026-07-31 10:30:00+00:00,1.34457,1.34493,1.34446,1.34476,4086
1785494700,2026-07-31 10:45:00+00:00,1.34476,1.34491,1.34437,1.34444,3496
1785495600,2026-07-31 11:00:00+00:00,1.34444,1.34447,1.34366,1.34406,4292
1785496500,2026-07-31 11:15:00+00:00,1.34405,1.3441,1.34335,1.34335,4986
1785497400,2026-07-31 11:30:00+00:00,1.34335,1.3434599999999999,1.34225,1.34239,4514
1785498300,2026-07-31 11:45:00+00:00,1.34239,1.34253,1.34173,1.3418,4375
1785499200,2026-07-31 12:00:00+00:00,1.3418,1.34233,1.3415300000000001,1.34209,4443
1785500100,2026-07-31 12:15:00+00:00,1.34209,1.34225,1.34178,1.34182,3473
1785501000,2026-07-31 12:30:00+00:00,1.34182,1.34223,1.34142,1.3419699999999999,4373
1785501900,2026-07-31 12:45:00+00:00,1.3419699999999999,1.3428200000000001,1.3419699999999999,1.34206,4672
1785502800,2026-07-31 13:00:00+00:00,1.34207,1.34242,1.34142,1.3415,4977
1785503700,2026-07-31 13:15:00+00:00,1.34149,1.34333,1.3409499999999999,1.34308,9254
1785504600,2026-07-31 13:30:00+00:00,1.34308,1.34326,1.34003,1.34119,10749
1785505500,2026-07-31 13:45:00+00:00,1.34119,1.34213,1.34055,1.34081,8400
1785506400,2026-07-31 14:00:00+00:00,1.34081,1.34173,1.34021,1.34172,10652
1785507300,2026-07-31 14:15:00+00:00,1.34172,1.34238,1.34125,1.34228,9027
1785508200,2026-07-31 14:30:00+00:00,1.34228,1.34458,1.34227,1.34453,6741
1785509100,2026-07-31 14:45:00+00:00,1.34453,1.34608,1.34396,1.34564,10474
1785510000,2026-07-31 15:00:00+00:00,1.34564,1.34659,1.34538,1.34632,8190
1785510900,2026-07-31 15:15:00+00:00,1.34632,1.34687,1.34579,1.34615,5937
1785511800,2026-07-31 15:30:00+00:00,1.34615,1.34687,1.34585,1.3465,6834
1785512700,2026-07-31 15:45:00+00:00,1.3465,1.34728,1.34626,1.3467799999999999,6361
1785513600,2026-07-31 16:00:00+00:00,1.34679,1.3471,1.34637,1.34679,5997
1785514500,2026-07-31 16:15:00+00:00,1.34679,1.34701,1.34615,1.3463,6014
1785515400,2026-07-31 16:30:00+00:00,1.3463,1.34677,1.34626,1.3464,4000
1785516300,2026-07-31 16:45:00+00:00,1.3464,1.34686,1.34638,1.34647,4144
1785517200,2026-07-31 17:00:00+00:00,1.34647,1.3474300000000001,1.34645,1.34722,5024
1785518100,2026-07-31 17:15:00+00:00,1.34722,1.34776,1.34689,1.34771,6268
1785519000,2026-07-31 17:30:00+00:00,1.34771,1.34848,1.34768,1.34843,7490
1785519900,2026-07-31 17:45:00+00:00,1.34843,1.34881,1.3474599999999999,1.34835,8749
1785520800,2026-07-31 18:00:00+00:00,1.34835,1.34884,1.34754,1.34762,7154
1785521700,2026-07-31 18:15:00+00:00,1.34762,1.3480400000000001,1.3474599999999999,1.34785,4259
1785522600,2026-07-31 18:30:00+00:00,1.34785,1.3479999999999999,1.34759,1.3477299999999999,3574
1785523500,2026-07-31 18:45:00+00:00,1.3477299999999999,1.34833,1.34749,1.34827,4441
1785524400,2026-07-31 19:00:00+00:00,1.34826,1.34869,1.34826,1.34836,3230
1785525300,2026-07-31 19:15:00+00:00,1.34835,1.34839,1.34811,1.34829,2494
1785526200,2026-07-31 19:30:00+00:00,1.34829,1.3486500000000001,1.34782,1.34863,3235
1785527100,2026-07-31 19:45:00+00:00,1.34863,1.34872,1.34766,1.34768,4674
1785528000,2026-07-31 20:00:00+00:00,1.34768,1.34785,1.34728,1.34783,4562
1785528900,2026-07-31 20:15:00+00:00,1.34785,1.34883,1.34779,1.34844,7476
1785529800,2026-07-31 20:30:00+00:00,1.34845,1.34918,1.3483399999999999,1.34913,4809
1785530700,2026-07-31 20:45:00+00:00,1.34913,1.34952,1.34788,1.34799,10572
1785704400,2026-08-02 21:00:00+00:00,1.34911,1.34946,1.34877,1.34877,207
1785705300,2026-08-02 21:15:00+00:00,1.34877,1.34906,1.34877,1.34901,85
1785706200,2026-08-02 21:30:00+00:00,1.34901,1.34933,1.3485,1.34906,226
1785707100,2026-08-02 21:45:00+00:00,1.3491,1.34935,1.34866,1.34897,415
1785708000,2026-08-02 22:00:00+00:00,1.34897,1.35064,1.34886,1.35049,2523
1785708900,2026-08-02 22:15:00+00:00,1.35049,1.35056,1.34969,1.35001,3770
1785709800,2026-08-02 22:30:00+00:00,1.35001,1.3501,1.34945,1.34955,2644
1785710700,2026-08-02 22:45:00+00:00,1.34955,1.34995,1.34939,1.34958,2047
1785711600,2026-08-02 23:00:00+00:00,1.34958,1.34978,1.34904,1.34921,2796
1785712500,2026-08-02 23:15:00+00:00,1.34921,1.34928,1.3489499999999999,1.3491900000000001,2632
1785713400,2026-08-02 23:30:00+00:00,1.3491900000000001,1.34934,1.34884,1.34925,2253
1785714300,2026-08-02 23:45:00+00:00,1.34925,1.34933,1.3490199999999999,1.34912,3895
1785715200,2026-08-03 00:00:00+00:00,1.34911,1.34916,1.3483,1.34842,5746
1785716100,2026-08-03 00:15:00+00:00,1.34842,1.34965,1.3483800000000001,1.34947,5729
1785717000,2026-08-03 00:30:00+00:00,1.34945,1.35029,1.34928,1.35013,10657
1785717900,2026-08-03 00:45:00+00:00,1.35013,1.3502399999999999,1.34856,1.34875,11199
1785718800,2026-08-03 01:00:00+00:00,1.34875,1.34917,1.34757,1.34759,8998
1785719700,2026-08-03 01:15:00+00:00,1.34759,1.34775,1.3470900000000001,1.34727,6462
1785720600,2026-08-03 01:30:00+00:00,1.34727,1.34751,1.34707,1.34741,6177
1785721500,2026-08-03 01:45:00+00:00,1.34741,1.34744,1.34702,1.34737,3955
1785722400,2026-08-03 02:00:00+00:00,1.34737,1.34767,1.34706,1.3470900000000001,4179
1785723300,2026-08-03 02:15:00+00:00,1.3470900000000001,1.3474,1.34692,1.3471600000000001,4684
1785724200,2026-08-03 02:30:00+00:00,1.34718,1.34757,1.3471,1.34713,4524
1785725100,2026-08-03 02:45:00+00:00,1.34713,1.34724,1.34684,1.34702,4245
1785726000,2026-08-03 03:00:00+00:00,1.34702,1.34713,1.34662,1.3468200000000001,4039
1785726900,2026-08-03 03:15:00+00:00,1.3468200000000001,1.34689,1.3465500000000001,1.34681,4172
1785727800,2026-08-03 03:30:00+00:00,1.34681,1.34683,1.34639,1.34656,4126
1785728700,2026-08-03 03:45:00+00:00,1.34656,1.34683,1.3465,1.3467500000000001,3554
1785729600,2026-08-03 04:00:00+00:00,1.3467500000000001,1.34702,1.34666,1.34691,3857
1785730500,2026-08-03 04:15:00+00:00,1.34691,1.34701,1.34672,1.34687,3865
1785731400,2026-08-03 04:30:00+00:00,1.34687,1.34738,1.3467799999999999,1.34738,3095
1785732300,2026-08-03 04:45:00+00:00,1.34738,1.34738,1.34699,1.34723,2286
1785733200,2026-08-03 05:00:00+00:00,1.34723,1.34742,1.34697,1.3471899999999999,2845
1785734100,2026-08-03 05:15:00+00:00,1.3471899999999999,1.34725,1.34707,1.34724,2299
1785735000,2026-08-03 05:30:00+00:00,1.34724,1.34761,1.3472,1.34755,3657
1785735900,2026-08-03 05:45:00+00:00,1.34755,1.34778,1.34731,1.34759,2867
1785736800,2026-08-03 06:00:00+00:00,1.34759,1.34779,1.34729,1.3473600000000001,4051
1785737700,2026-08-03 06:15:00+00:00,1.3473600000000001,1.34755,1.34693,1.34721,5370
1785738600,2026-08-03 06:30:00+00:00,1.34721,1.34728,1.34586,1.34596,5009
1785739500,2026-08-03 06:45:00+00:00,1.34596,1.34635,1.34575,1.34607,4453
1785740400,2026-08-03 07:00:00+00:00,1.34607,1.34652,1.34579,1.3465,5162
1785741300,2026-08-03 07:15:00+00:00,1.3465,1.34663,1.34531,1.34642,5376
1785742200,2026-08-03 07:30:00+00:00,1.34642,1.34705,1.3463,1.3465500000000001,4433
1785743100,2026-08-03 07:45:00+00:00,1.3465500000000001,1.34662,1.34591,1.34611,4632
1785744000,2026-08-03 08:00:00+00:00,1.34611,1.3462399999999999,1.3456299999999999,1.3461400000000001,3296
1785744900,2026-08-03 08:15:00+00:00,1.34613,1.34613,1.34561,1.3457,4637
1785745800,2026-08-03 08:30:00+00:00,1.34574,1.3461400000000001,1.3456000000000001,1.34591,4586
1785746700,2026-08-03 08:45:00+00:00,1.34591,1.34592,1.34538,1.34547,4242
1785747600,2026-08-03 09:00:00+00:00,1.34546,1.34576,1.34496,1.34544,3996
1785748500,2026-08-03 09:15:00+00:00,1.34544,1.34555,1.34493,1.34542,4533
1785749400,2026-08-03 09:30:00+00:00,1.34542,1.34572,1.3451,1.34566,4167
1785750300,2026-08-03 09:45:00+00:00,1.34566,1.34591,1.34498,1.3449900000000001,4087
1785751200,2026-08-03 10:00:00+00:00,1.3449900000000001,1.34541,1.34481,1.34532,3918
1785752100,2026-08-03 10:15:00+00:00,1.34532,1.34576,1.34486,1.34566,4370
1785753000,2026-08-03 10:30:00+00:00,1.34566,1.34623,1.34547,1.34602,3389
1785753900,2026-08-03 10:45:00+00:00,1.34602,1.34629,1.34559,1.34596,4210
1785754800,2026-08-03 11:00:00+00:00,1.34595,1.34653,1.34592,1.3465,3865
1785755700,2026-08-03 11:15:00+00:00,1.3465,1.3465,1.34555,1.34585,3862
1785756600,2026-08-03 11:30:00+00:00,1.34585,1.34635,1.34576,1.34629,3210
1785757500,2026-08-03 11:45:00+00:00,1.3463,1.3468,1.34623,1.3467799999999999,4942
1785758400,2026-08-03 12:00:00+00:00,1.3467799999999999,1.34704,1.34647,1.34665,5644
1785759300,2026-08-03 12:15:00+00:00,1.34665,1.3468,1.3462,1.34626,4253
1785760200,2026-08-03 12:30:00+00:00,1.34626,1.34715,1.34603,1.34616,4181
1785761100,2026-08-03 12:45:00+00:00,1.34616,1.34657,1.34583,1.34643,4986
1785762000,2026-08-03 13:00:00+00:00,1.34643,1.34673,1.34602,1.34607,5439
1785762900,2026-08-03 13:15:00+00:00,1.34607,1.3465799999999999,1.34583,1.34654,6282
1785763800,2026-08-03 13:30:00+00:00,1.34656,1.34656,1.34542,1.34558,7403
1785764700,2026-08-03 13:45:00+00:00,1.34557,1.34561,1.34476,1.3452,6054
1785765600,2026-08-03 14:00:00+00:00,1.34521,1.3456299999999999,1.3445,1.34452,6575
1785766500,2026-08-03 14:15:00+00:00,1.34452,1.3455300000000001,1.34447,1.345,6789
1785767400,2026-08-03 14:30:00+00:00,1.345,1.34527,1.34427,1.34467,5355
1785768300,2026-08-03 14:45:00+00:00,1.3446799999999999,1.34498,1.3437299999999999,1.3437700000000001,6193
1785769200,2026-08-03 15:00:00+00:00,1.3437700000000001,1.3437999999999999,1.3424800000000001,1.34268,6227
1785770100,2026-08-03 15:15:00+00:00,1.34268,1.34297,1.34236,1.3425,5367
1785771000,2026-08-03 15:30:00+00:00,1.3425,1.34299,1.34226,1.34261,5545
1785771900,2026-08-03 15:45:00+00:00,1.34261,1.3434599999999999,1.34245,1.3433899999999999,5679
1785772800,2026-08-03 16:00:00+00:00,1.3433899999999999,1.34364,1.34306,1.34317,4365
1785773700,2026-08-03 16:15:00+00:00,1.34317,1.3431899999999999,1.34263,1.3427,4182
1785774600,2026-08-03 16:30:00+00:00,1.3427,1.34306,1.3424800000000001,1.34287,3465
1785775500,2026-08-03 16:45:00+00:00,1.34287,1.34294,1.3424800000000001,1.34254,3578
1785776400,2026-08-03 17:00:00+00:00,1.34254,1.34274,1.3424,1.34263,4344
1785777300,2026-08-03 17:15:00+00:00,1.34263,1.34263,1.34218,1.34244,4059
1785778200,2026-08-03 17:30:00+00:00,1.34244,1.34257,1.34223,1.34231,4118
1785779100,2026-08-03 17:45:00+00:00,1.34231,1.34254,1.34185,1.34191,3779
1785780000,2026-08-03 18:00:00+00:00,1.34191,1.3423,1.34176,1.34208,3819
1785780900,2026-08-03 18:15:00+00:00,1.34208,1.34273,1.34208,1.34259,4308
1785781800,2026-08-03 18:30:00+00:00,1.34259,1.34294,1.3425,1.34293,3052
1785782700,2026-08-03 18:45:00+00:00,1.34293,1.34325,1.34281,1.34313,3329
1785783600,2026-08-03 19:00:00+00:00,1.34314,1.3434599999999999,1.34304,1.34331,3811
1785784500,2026-08-03 19:15:00+00:00,1.34332,1.34345,1.34322,1.34331,3241
1785785400,2026-08-03 19:30:00+00:00,1.34331,1.34333,1.3430900000000001,1.34325,3128
1785786300,2026-08-03 19:45:00+00:00,1.34325,1.34337,1.34306,1.34311,2660
1785787200,2026-08-03 20:00:00+00:00,1.34311,1.34332,1.34293,1.34295,2419
1785788100,2026-08-03 20:15:00+00:00,1.34295,1.34317,1.34283,1.34294,1124
1785789000,2026-08-03 20:30:00+00:00,1.34294,1.34318,1.34289,1.3431,797
1785789900,2026-08-03 20:45:00+00:00,1.3431,1.34345,1.34299,1.34322,1341
1785790800,2026-08-03 21:00:00+00:00,1.3426,1.34327,1.34216,1.34301,120
1785791700,2026-08-03 21:15:00+00:00,1.34301,1.34301,1.34265,1.34279,94
1785792600,2026-08-03 21:30:00+00:00,1.34279,1.3431,1.34276,1.34297,889
1785793500,2026-08-03 21:45:00+00:00,1.34297,1.3431899999999999,1.34271,1.34306,646
1785794400,2026-08-03 22:00:00+00:00,1.34306,1.34322,1.3428,1.34281,522
1785795300,2026-08-03 22:15:00+00:00,1.34281,1.34301,1.3428,1.34284,782
1785796200,2026-08-03 22:30:00+00:00,1.34284,1.34303,1.3428,1.34298,1115
1785797100,2026-08-03 22:45:00+00:00,1.34298,1.3431,1.34292,1.343,677
1785798000,2026-08-03 23:00:00+00:00,1.343,1.3430900000000001,1.34288,1.34302,927
1785798900,2026-08-03 23:15:00+00:00,1.34302,1.34314,1.34291,1.34292,875
1785799800,2026-08-03 23:30:00+00:00,1.34291,1.34298,1.3426,1.34268,1279
1785800700,2026-08-03 23:45:00+00:00,1.34267,1.3428499999999999,1.34243,1.3427,3144
1785801600,2026-08-04 00:00:00+00:00,1.34269,1.34323,1.3425799999999999,1.34273,5151
1785802500,2026-08-04 00:15:00+00:00,1.34273,1.34305,1.34267,1.34287,3874
1785803400,2026-08-04 00:30:00+00:00,1.34287,1.3433,1.34276,1.34314,3466
1785804300,2026-08-04 00:45:00+00:00,1.34314,1.34315,1.34238,1.34244,4994
1785805200,2026-08-04 01:00:00+00:00,1.34244,1.3425099999999999,1.34202,1.34236,5253
1785806100,2026-08-04 01:15:00+00:00,1.34236,1.34271,1.34233,1.3425,3539
1785807000,2026-08-04 01:30:00+00:00,1.3425,1.34314,1.34249,1.34311,5587
1785807900,2026-08-04 01:45:00+00:00,1.34311,1.34314,1.34275,1.34277,4867
1785808800,2026-08-04 02:00:00+00:00,1.34277,1.3431899999999999,1.34256,1.34303,4329
1785809700,2026-08-04 02:15:00+00:00,1.34303,1.3432,1.34259,1.34277,4046
1785810600,2026-08-04 02:30:00+00:00,1.34277,1.34304,1.34268,1.343,3409
1785811500,2026-08-04 02:45:00+00:00,1.343,1.34331,1.34265,1.34273,3404
1785812400,2026-08-04 03:00:00+00:00,1.34271,1.34315,1.34263,1.34274,3426
1785813300,2026-08-04 03:15:00+00:00,1.34274,1.34317,1.34269,1.34308,3848
1785814200,2026-08-04 03:30:00+00:00,1.34308,1.34331,1.34249,1.34257,4586
1785815100,2026-08-04 03:45:00+00:00,1.34257,1.34281,1.34253,1.34262,3779
1785816000,2026-08-04 04:00:00+00:00,1.34262,1.34272,1.34237,1.3425,2622
1785816900,2026-08-04 04:15:00+00:00,1.3425,1.34266,1.34246,1.34247,2124
1785817800,2026-08-04 04:30:00+00:00,1.34247,1.34259,1.34237,1.34243,2020
1785818700,2026-08-04 04:45:00+00:00,1.34243,1.34273,1.34241,1.34262,2300
1785819600,2026-08-04 05:00:00+00:00,1.34262,1.34263,1.3421699999999999,1.34219,3303
1785820500,2026-08-04 05:15:00+00:00,1.3422100000000001,1.34254,1.3421,1.34249,3214
1785821400,2026-08-04 05:30:00+00:00,1.34249,1.34268,1.34206,1.34215,3307
1785822300,2026-08-04 05:45:00+00:00,1.34215,1.34266,1.34195,1.3425099999999999,3726
1785823200,2026-08-04 06:00:00+00:00,1.3425099999999999,1.34279,1.34231,1.3427799999999999,4611
1785824100,2026-08-04 06:15:00+00:00,1.34279,1.34324,1.34259,1.34277,4796
1785825000,2026-08-04 06:30:00+00:00,1.34277,1.34324,1.34268,1.3428200000000001,4622
1785825900,2026-08-04 06:45:00+00:00,1.3428200000000001,1.34302,1.34269,1.3428200000000001,4449
1785826800,2026-08-04 07:00:00+00:00,1.3428200000000001,1.34334,1.34273,1.3431899999999999,5147
1785827700,2026-08-04 07:15:00+00:00,1.3431899999999999,1.3439,1.3430900000000001,1.34342,5411
1785828600,2026-08-04 07:30:00+00:00,1.34342,1.3437700000000001,1.34331,1.3434300000000001,5453
1785829500,2026-08-04 07:45:00+00:00,1.3434300000000001,1.34385,1.3432,1.34362,4068
1785830400,2026-08-04 08:00:00+00:00,1.34362,1.34391,1.34329,1.34341,3713
1785831300,2026-08-04 08:15:00+00:00,1.34341,1.34402,1.34329,1.34389,4387
1785832200,2026-08-04 08:30:00+00:00,1.34389,1.34409,1.3433899999999999,1.34403,4147
1785833100,2026-08-04 08:45:00+00:00,1.34403,1.34425,1.34359,1.34421,3886
1785834000,2026-08-04 09:00:00+00:00,1.34421,1.34427,1.34361,1.34399,4166
1785834900,2026-08-04 09:15:00+00:00,1.34399,1.3443100000000001,1.34384,1.3442,3834
1785835800,2026-08-04 09:30:00+00:00,1.34423,1.34427,1.34389,1.34393,3180
1785836700,2026-08-04 09:45:00+00:00,1.34394,1.34428,1.3437700000000001,1.34416,3291
1785837600,2026-08-04 10:00:00+00:00,1.34416,1.34447,1.34405,1.34435,3346
1785838500,2026-08-04 10:15:00+00:00,1.34436,1.34436,1.34392,1.34399,2963
1785839400,2026-08-04 10:30:00+00:00,1.34399,1.34471,1.34375,1.34439,3470
1785840300,2026-08-04 10:45:00+00:00,1.34439,1.34488,1.3442,1.34427,6603
1785841200,2026-08-04 11:00:00+00:00,1.34427,1.34449,1.34403,1.34439,4496
1785842100,2026-08-04 11:15:00+00:00,1.34439,1.34498,1.34435,1.34496,4070
1785843000,2026-08-04 11:30:00+00:00,1.34494,1.34549,1.34481,1.34523,5518
1785843900,2026-08-04 11:45:00+00:00,1.34523,1.34527,1.34446,1.34466,6690
1785844800,2026-08-04 12:00:00+00:00,1.34466,1.3449499999999999,1.34445,1.34463,6049
1785845700,2026-08-04 12:15:00+00:00,1.34462,1.3449200000000001,1.34445,1.34451,3640
1785846600,2026-08-04 12:30:00+00:00,1.34451,1.34543,1.34451,1.3452600000000001,4005
1785847500,2026-08-04 12:45:00+00:00,1.3452600000000001,1.34527,1.34417,1.34427,4246
1785848400,2026-08-04 13:00:00+00:00,1.34427,1.3444099999999999,1.34386,1.34421,4022
1785849300,2026-08-04 13:15:00+00:00,1.34421,1.34509,1.3437700000000001,1.34428,6998
1785850200,2026-08-04 13:30:00+00:00,1.34428,1.34504,1.34425,1.3449499999999999,7727
1785851100,2026-08-04 13:45:00+00:00,1.3449499999999999,1.34525,1.34449,1.3446799999999999,5899
1785852000,2026-08-04 14:00:00+00:00,1.3446799999999999,1.3455300000000001,1.34461,1.34516,5449
1785852900,2026-08-04 14:15:00+00:00,1.34517,1.3455599999999999,1.34496,1.34515,5526
1785853800,2026-08-04 14:30:00+00:00,1.34516,1.34539,1.34473,1.34513,5493
1785854700,2026-08-04 14:45:00+00:00,1.34513,1.34516,1.34425,1.34474,5806
1785855600,2026-08-04 15:00:00+00:00,1.34474,1.3449,1.34439,1.34442,5864
1785856500,2026-08-04 15:15:00+00:00,1.34442,1.3446500000000001,1.34419,1.34459,5358
1785857400,2026-08-04 15:30:00+00:00,1.34458,1.34512,1.3442,1.34498,6255
1785858300,2026-08-04 15:45:00+00:00,1.34498,1.34554,1.34491,1.34543,4796
1785859200,2026-08-04 16:00:00+00:00,1.34543,1.3456299999999999,1.34481,1.3453,4837
1785860100,2026-08-04 16:15:00+00:00,1.34531,1.34541,1.34498,1.34514,4196
1785861000,2026-08-04 16:30:00+00:00,1.34514,1.34514,1.3446799999999999,1.34494,3472
1785861900,2026-08-04 16:45:00+00:00,1.34494,1.34506,1.34456,1.34464,3263
1785862800,2026-08-04 17:00:00+00:00,1.34464,1.34486,1.3444099999999999,1.3446500000000001,3800
1785863700,2026-08-04 17:15:00+00:00,1.34466,1.34469,1.34418,1.34422,3775
1785864600,2026-08-04 17:30:00+00:00,1.34422,1.34458,1.34409,1.34451,2754
1785865500,2026-08-04 17:45:00+00:00,1.3445,1.34457,1.34433,1.34433,2794
1785866400,2026-08-04 18:00:00+00:00,1.34433,1.34446,1.34408,1.34414,4472
1785867300,2026-08-04 18:15:00+00:00,1.34414,1.34433,1.3440699999999999,1.3441100000000001,4120
1785868200,2026-08-04 18:30:00+00:00,1.3441100000000001,1.3443399999999999,1.34396,1.3443100000000001,1920
1785869100,2026-08-04 18:45:00+00:00,1.3443100000000001,1.34531,1.34429,1.34514,3256
1785870000,2026-08-04 19:00:00+00:00,1.34514,1.34542,1.34503,1.34505,3602
1785870900,2026-08-04 19:15:00+00:00,1.34505,1.34515,1.3449,1.34514,4854
1785871800,2026-08-04 19:30:00+00:00,1.34512,1.34517,1.34486,1.34503,4592
1785872700,2026-08-04 19:45:00+00:00,1.34503,1.34512,1.34487,1.34503,4593
1785873600,2026-08-04 20:00:00+00:00,1.34503,1.34524,1.34501,1.34517,4912
1785874500,2026-08-04 20:15:00+00:00,1.34517,1.34544,1.34509,1.34527,1655
1785875400,2026-08-04 20:30:00+00:00,1.34527,1.34527,1.34507,1.34509,620
1785876300,2026-08-04 20:45:00+00:00,1.34509,1.34547,1.34507,1.34518,906
1785877200,2026-08-04 21:00:00+00:00,1.34505,1.34505,1.34409,1.34483,124
1785878100,2026-08-04 21:15:00+00:00,1.34483,1.34542,1.34479,1.34497,236
1785879000,2026-08-04 21:30:00+00:00,1.34497,1.34503,1.3446,1.3449499999999999,193
1785879900,2026-08-04 21:45:00+00:00,1.34482,1.34525,1.34463,1.34501,877
1785880800,2026-08-04 22:00:00+00:00,1.34501,1.3452600000000001,1.34475,1.34511,879
1785881700,2026-08-04 22:15:00+00:00,1.34511,1.34512,1.345,1.34509,571
1785882600,2026-08-04 22:30:00+00:00,1.34509,1.34528,1.34508,1.34518,537
1785883500,2026-08-04 22:45:00+00:00,1.34518,1.34525,1.34496,1.34514,1341
1785884400,2026-08-04 23:00:00+00:00,1.34514,1.34521,1.34481,1.3451,1314
1785885300,2026-08-04 23:15:00+00:00,1.3451,1.34513,1.34487,1.34488,1077
1785886200,2026-08-04 23:30:00+00:00,1.34488,1.34496,1.34476,1.3448,941
1785887100,2026-08-04 23:45:00+00:00,1.3448,1.34512,1.34479,1.34504,1754
1785888000,2026-08-05 00:00:00+00:00,1.34504,1.3453,1.34496,1.34513,4931
1785888900,2026-08-05 00:15:00+00:00,1.34513,1.3456000000000001,1.34506,1.3455300000000001,3463
1785889800,2026-08-05 00:30:00+00:00,1.3455300000000001,1.34564,1.34518,1.34519,3079
1785890700,2026-08-05 00:45:00+00:00,1.34519,1.3453300000000001,1.34487,1.34507,4472
1785891600,2026-08-05 01:00:00+00:00,1.34507,1.34514,1.34476,1.34493,3919
1785892500,2026-08-05 01:15:00+00:00,1.34493,1.34504,1.34447,1.34463,3557
1785893400,2026-08-05 01:30:00+00:00,1.34463,1.34471,1.3444,1.34456,2768
1785894300,2026-08-05 01:45:00+00:00,1.34456,1.34471,1.34446,1.34456,2316
1785895200,2026-08-05 02:00:00+00:00,1.34456,1.34507,1.34451,1.34481,5082
1785896100,2026-08-05 02:15:00+00:00,1.34481,1.34539,1.3447200000000001,1.34513,4146
1785897000,2026-08-05 02:30:00+00:00,1.34513,1.34583,1.34508,1.34578,4788
1785897900,2026-08-05 02:45:00+00:00,1.34578,1.34584,1.3453,1.3453,4512
1785898800,2026-08-05 03:00:00+00:00,1.3453,1.346,1.3452899999999999,1.3458999999999999,3306
1785899700,2026-08-05 03:15:00+00:00,1.3458999999999999,1.3459699999999999,1.3456000000000001,1.34564,2960
1785900600,2026-08-05 03:30:00+00:00,1.34564,1.34567,1.34548,1.3455300000000001,2962
1785901500,2026-08-05 03:45:00+00:00,1.3455300000000001,1.3457,1.34551,1.34557,2361
1785902400,2026-08-05 04:00:00+00:00,1.34557,1.34588,1.3455599999999999,1.34582,3393
1785903300,2026-08-05 04:15:00+00:00,1.34582,1.34599,1.34574,1.34592,2442
1785904200,2026-08-05 04:30:00+00:00,1.34592,1.3459699999999999,1.34562,1.3456299999999999,2516
1785905100,2026-08-05 04:45:00+00:00,1.3456299999999999,1.34576,1.34538,1.34548,2888
1785906000,2026-08-05 05:00:00+00:00,1.34548,1.3455,1.34512,1.34543,2622
1785906900,2026-08-05 05:15:00+00:00,1.34543,1.34565,1.34537,1.34544,2862
1785907800,2026-08-05 05:30:00+00:00,1.34544,1.34569,1.34542,1.34558,3483
1785908700,2026-08-05 05:45:00+00:00,1.34558,1.34586,1.3454,1.3456000000000001,3665
1785909600,2026-08-05 06:00:00+00:00,1.3456000000000001,1.34593,1.34552,1.34579,4531
1785910500,2026-08-05 06:15:00+00:00,1.34578,1.34579,1.34515,1.34538,5645
1785911400,2026-08-05 06:30:00+00:00,1.34538,1.34642,1.34509,1.34636,5208
1785912300,2026-08-05 06:45:00+00:00,1.34636,1.34681,1.34627,1.34673,3806
1785913200,2026-08-05 07:00:00+00:00,1.34673,1.34695,1.34573,1.3458,5667
1785914100,2026-08-05 07:15:00+00:00,1.3458,1.3462399999999999,1.34578,1.34582,5150
1785915000,2026-08-05 07:30:00+00:00,1.34582,1.3464,1.34576,1.3462,4697
1785915900,2026-08-05 07:45:00+00:00,1.3462,1.34683,1.3459699999999999,1.34679,3988
1785916800,2026-08-05 08:00:00+00:00,1.34679,1.34706,1.34609,1.34611,3548
1785917700,2026-08-05 08:15:00+00:00,1.34611,1.34683,1.34611,1.34669,4990
1785918600,2026-08-05 08:30:00+00:00,1.3467,1.34699,1.3456299999999999,1.34584,3613
1785919500,2026-08-05 08:45:00+00:00,1.34584,1.34591,1.34537,1.34566,4555
1785920400,2026-08-05 09:00:00+00:00,1.34566,1.34615,1.34548,1.34599,3729
1785921300,2026-08-05 09:15:00+00:00,1.34599,1.34642,1.34586,1.34634,3723
1785922200,2026-08-05 09:30:00+00:00,1.34634,1.3467500000000001,1.3461,1.34659,3337
1785923100,2026-08-05 09:45:00+00:00,1.34659,1.3467799999999999,1.34644,1.34667,3194
1785924000,2026-08-05 10:00:00+00:00,1.34667,1.34699,1.34639,1.34652,3820
1785924900,2026-08-05 10:15:00+00:00,1.34652,1.34692,1.34637,1.34649,4985
1785925800,2026-08-05 10:30:00+00:00,1.3465,1.34666,1.3463,1.3464800000000001,3620
1785926700,2026-08-05 10:45:00+00:00,1.3464800000000001,1.34681,1.34632,1.34669,3304
1785927600,2026-08-05 11:00:00+00:00,1.34669,1.3476,1.34669,1.34757,3298
1785928500,2026-08-05 11:15:00+00:00,1.34757,1.34799,1.34732,1.34753,3806
1785929400,2026-08-05 11:30:00+00:00,1.34755,1.34825,1.34747,1.34796,4590
1785930300,2026-08-05 11:45:00+00:00,1.34795,1.34814,1.3477000000000001,1.3479,3668
1785931200,2026-08-05 12:00:00+00:00,1.3479,1.34813,1.3474,1.34748,4282
1785932100,2026-08-05 12:15:00+00:00,1.34748,1.3483800000000001,1.34748,1.34818,3865
1785933000,2026-08-05 12:30:00+00:00,1.34818,1.3484099999999999,1.34747,1.3475,3980
1785933900,2026-08-05 12:45:00+00:00,1.34751,1.34766,1.34671,1.34698,4129
1785934800,2026-08-05 13:00:00+00:00,1.34698,1.34729,1.3467799999999999,1.34703,5212
1785935700,2026-08-05 13:15:00+00:00,1.34704,1.34748,1.34663,1.34741,4096
1785936600,2026-08-05 13:30:00+00:00,1.34741,1.34762,1.34662,1.34669,7601
1785937500,2026-08-05 13:45:00+00:00,1.34671,1.3469,1.3459699999999999,1.34644,6841
1785938400,2026-08-05 14:00:00+00:00,1.34644,1.34822,1.34639,1.34784,8131
1785939300,2026-08-05 14:15:00+00:00,1.34784,1.34862,1.34778,1.34803,6521
1785940200,2026-08-05 14:30:00+00:00,1.34803,1.34811,1.34749,1.34772,5763
1785941100,2026-08-05 14:45:00+00:00,1.34772,1.34793,1.34698,1.34786,7543
1785942000,2026-08-05 15:00:00+00:00,1.34786,1.3483399999999999,1.34696,1.34697,7516
1785942900,2026-08-05 15:15:00+00:00,1.34697,1.34697,1.34659,1.34677,6677
1785943800,2026-08-05 15:30:00+00:00,1.34677,1.34694,1.34636,1.34661,5215
1785944700,2026-08-05 15:45:00+00:00,1.34661,1.34662,1.34569,1.3462100000000001,5892
1785945600,2026-08-05 16:00:00+00:00,1.3462100000000001,1.3466,1.34595,1.34642,7435
1785946500,2026-08-05 16:15:00+00:00,1.34642,1.3467799999999999,1.34626,1.34646,3765
1785947400,2026-08-05 16:30:00+00:00,1.34646,1.3464800000000001,1.34615,1.34633,3070
1785948300,2026-08-05 16:45:00+00:00,1.34633,1.34637,1.34592,1.34599,3646
1785949200,2026-08-05 17:00:00+00:00,1.34599,1.34612,1.34552,1.34585,4073
1785950100,2026-08-05 17:15:00+00:00,1.34585,1.3465,1.34582,1.34646,3559
1785951000,2026-08-05 17:30:00+00:00,1.34646,1.34695,1.3463,1.3469,2761
1785951900,2026-08-05 17:45:00+00:00,1.3469,1.34714,1.34679,1.34699,3280
1785952800,2026-08-05 18:00:00+00:00,1.34699,1.3471899999999999,1.34684,1.34688,3389
1785953700,2026-08-05 18:15:00+00:00,1.34688,1.34729,1.34676,1.34728,3526
1785954600,2026-08-05 18:30:00+00:00,1.34728,1.34734,1.34668,1.3467,3880
1785955500,2026-08-05 18:45:00+00:00,1.3467,1.34707,1.34667,1.34689,3789
1785956400,2026-08-05 19:00:00+00:00,1.34689,1.3471,1.34662,1.34668,2224
1785957300,2026-08-05 19:15:00+00:00,1.34669,1.34671,1.34635,1.34639,2129
1785958200,2026-08-05 19:30:00+00:00,1.34639,1.3466,1.34638,1.34649,2065
1785959100,2026-08-05 19:45:00+00:00,1.34649,1.34657,1.34629,1.34638,2576
1785960000,2026-08-05 20:00:00+00:00,1.34638,1.34665,1.34636,1.34639,1605
1785960900,2026-08-05 20:15:00+00:00,1.34639,1.34649,1.3461699999999999,1.34644,531
1785961800,2026-08-05 20:30:00+00:00,1.34644,1.34669,1.3464,1.34652,879
1785962700,2026-08-05 20:45:00+00:00,1.34652,1.34694,1.34652,1.3467500000000001,1018
1785963600,2026-08-05 21:00:00+00:00,1.34667,1.34707,1.34603,1.34671,150
1785964500,2026-08-05 21:15:00+00:00,1.34671,1.34715,1.34609,1.34672,424
1785965400,2026-08-05 21:30:00+00:00,1.34672,1.3469,1.3458999999999999,1.34625,889
1785966300,2026-08-05 21:45:00+00:00,1.34625,1.3468499999999999,1.34618,1.34629,588
1785967200,2026-08-05 22:00:00+00:00,1.34646,1.3467500000000001,1.34645,1.34662,1485
1785968100,2026-08-05 22:15:00+00:00,1.34662,1.34679,1.34662,1.34673,857
1785969000,2026-08-05 22:30:00+00:00,1.34677,1.34679,1.34659,1.3467,654
1785969900,2026-08-05 22:45:00+00:00,1.3467,1.34676,1.3466,1.34671,876
1785970800,2026-08-05 23:00:00+00:00,1.34671,1.34692,1.34666,1.34688,906
1785971700,2026-08-05 23:15:00+00:00,1.34688,1.3469,1.34673,1.3467500000000001,828
1785972600,2026-08-05 23:30:00+00:00,1.3467500000000001,1.34689,1.34671,1.34687,1249
1785973500,2026-08-05 23:45:00+00:00,1.34687,1.3471199999999999,1.34677,1.34694,1754
1785974400,2026-08-06 00:00:00+00:00,1.34694,1.347,1.34656,1.34667,5099
1785975300,2026-08-06 00:15:00+00:00,1.34667,1.34701,1.34664,1.34667,4117
1785976200,2026-08-06 00:30:00+00:00,1.34667,1.34701,1.34665,1.34681,3921
1785977100,2026-08-06 00:45:00+00:00,1.34681,1.34713,1.34657,1.34668,4869
1785978000,2026-08-06 01:00:00+00:00,1.34668,1.34684,1.34636,1.34671,6007
1785978900,2026-08-06 01:15:00+00:00,1.34671,1.34713,1.3465799999999999,1.34683,5517
1785979800,2026-08-06 01:30:00+00:00,1.34683,1.34708,1.34676,1.34702,4981
1785980700,2026-08-06 01:45:00+00:00,1.34702,1.34702,1.34676,1.34686,4429
1785981600,2026-08-06 02:00:00+00:00,1.34686,1.34726,1.34683,1.34696,4342
1785982500,2026-08-06 02:15:00+00:00,1.34696,1.3471899999999999,1.34683,1.34696,3591
1785983400,2026-08-06 02:30:00+00:00,1.34695,1.34707,1.3468,1.34706,3569
1785984300,2026-08-06 02:45:00+00:00,1.34706,1.3471,1.34663,1.34674,3680
1785985200,2026-08-06 03:00:00+00:00,1.34674,1.34676,1.34643,1.34646,3304
1785986100,2026-08-06 03:15:00+00:00,1.34646,1.3465,1.34606,1.34615,3508
1785987000,2026-08-06 03:30:00+00:00,1.34615,1.34633,1.3458999999999999,1.34592,2592
1785987900,2026-08-06 03:45:00+00:00,1.34592,1.34603,1.34581,1.34603,3252
1785988800,2026-08-06 04:00:00+00:00,1.34603,1.34619,1.34599,1.3461400000000001,2790
1785989700,2026-08-06 04:15:00+00:00,1.3461400000000001,1.3461699999999999,1.34593,1.346,2171
1785990600,2026-08-06 04:30:00+00:00,1.346,1.34612,1.34586,1.3459400000000001,2702
1785991500,2026-08-06 04:45:00+00:00,1.3459400000000001,1.34605,1.34582,1.34602,2927
1785992400,2026-08-06 05:00:00+00:00,1.34602,1.34605,1.34558,1.34567,2637
1785993300,2026-08-06 05:15:00+00:00,1.34567,1.34572,1.34557,1.3456000000000001,2262
1785994200,2026-08-06 05:30:00+00:00,1.3456000000000001,1.3461400000000001,1.34552,1.3461,3007
1785995100,2026-08-06 05:45:00+00:00,1.3461,1.34634,1.34605,1.3463,2962
1785996000,2026-08-06 06:00:00+00:00,1.3463,1.34656,1.34603,1.3461699999999999,3725
1785996900,2026-08-06 06:15:00+00:00,1.3461699999999999,1.3462399999999999,1.34592,1.34609,5616
1785997800,2026-08-06 06:30:00+00:00,1.34609,1.34611,1.34546,1.34585,3608
1785998700,2026-08-06 06:45:00+00:00,1.34585,1.34604,1.3456299999999999,1.3459699999999999,3894
1785999600,2026-08-06 07:00:00+00:00,1.3459699999999999,1.3461400000000001,1.3455599999999999,1.34606,3966
1786000500,2026-08-06 07:15:00+00:00,1.34606,1.34626,1.3459699999999999,1.34608,3925
1786001400,2026-08-06 07:30:00+00:00,1.34608,1.34611,1.34561,1.34584,4806
1786002300,2026-08-06 07:45:00+00:00,1.34584,1.3461400000000001,1.34551,1.34596,4673
1786003200,2026-08-06 08:00:00+00:00,1.34596,1.3465,1.34568,1.3462399999999999,4649
1786004100,2026-08-06 08:15:00+00:00,1.3462399999999999,1.3465,1.34619,1.3462100000000001,4358
1786005000,2026-08-06 08:30:00+00:00,1.3462100000000001,1.34659,1.3459699999999999,1.34643,4868
1786005900,2026-08-06 08:45:00+00:00,1.34643,1.3465799999999999,1.34616,1.34642,4429
1786006800,2026-08-06 09:00:00+00:00,1.34642,1.34664,1.34609,1.34649,4154
1786007700,2026-08-06 09:15:00+00:00,1.34649,1.34657,1.34615,1.34629,3036
1786008600,2026-08-06 09:30:00+00:00,1.34628,1.34632,1.34527,1.3452899999999999,4190
1786009500,2026-08-06 09:45:00+00:00,1.3452899999999999,1.34573,1.34521,1.34566,3190
1786010400,2026-08-06 10:00:00+00:00,1.34566,1.34575,1.3454,1.3455,3467
1786011300,2026-08-06 10:15:00+00:00,1.34549,1.34615,1.3454,1.34601,3286
1786012200,2026-08-06 10:30:00+00:00,1.34602,1.34612,1.3458,1.34595,2579
1786013100,2026-08-06 10:45:00+00:00,1.3459400000000001,1.34629,1.34588,1.34611,2989
1786014000,2026-08-06 11:00:00+00:00,1.34611,1.34662,1.34611,1.34636,4420
1786014900,2026-08-06 11:15:00+00:00,1.34634,1.34663,1.34626,1.34642,4605
1786015800,2026-08-06 11:30:00+00:00,1.34642,1.3465099999999999,1.34589,1.3458999999999999,3995
1786016700,2026-08-06 11:45:00+00:00,1.3458999999999999,1.34686,1.34577,1.34686,5656
1786017600,2026-08-06 12:00:00+00:00,1.34686,1.34695,1.3462100000000001,1.34632,4759
1786018500,2026-08-06 12:15:00+00:00,1.34632,1.34705,1.3463,1.34692,4415
1786019400,2026-08-06 12:30:00+00:00,1.34692,1.3472,1.3467500000000001,1.3470900000000001,3920
1786020300,2026-08-06 12:45:00+00:00,1.3470900000000001,1.3471199999999999,1.34649,1.34694,5182
1786021200,2026-08-06 13:00:00+00:00,1.34694,1.34714,1.34647,1.3465799999999999,5432
1786022100,2026-08-06 13:15:00+00:00,1.3465799999999999,1.3471,1.34646,1.3469,4199
1786023000,2026-08-06 13:30:00+00:00,1.3469,1.34758,1.34686,1.34742,6580
1786023900,2026-08-06 13:45:00+00:00,1.34742,1.34795,1.34708,1.34772,5661
1786024800,2026-08-06 14:00:00+00:00,1.34774,1.34795,1.3465799999999999,1.3467,6390
1786025700,2026-08-06 14:15:00+00:00,1.3467,1.3471600000000001,1.3465099999999999,1.34689,6220
1786026600,2026-08-06 14:30:00+00:00,1.34689,1.3472,1.3465,1.34707,5261
1786027500,2026-08-06 14:45:00+00:00,1.34707,1.34707,1.34636,1.3466,5949
1786028400,2026-08-06 15:00:00+00:00,1.3466,1.34666,1.3457,1.34579,7140
1786029300,2026-08-06 15:15:00+00:00,1.34579,1.34593,1.34517,1.34532,7157
1786030200,2026-08-06 15:30:00+00:00,1.34532,1.34548,1.34494,1.3453300000000001,5530
1786031100,2026-08-06 15:45:00+00:00,1.3453300000000001,1.34571,1.34504,1.34537,7373
1786032000,2026-08-06 16:00:00+00:00,1.34537,1.34591,1.34519,1.34542,6602
1786032900,2026-08-06 16:15:00+00:00,1.34542,1.34559,1.34494,1.34557,6028
1786033800,2026-08-06 16:30:00+00:00,1.34557,1.34562,1.34508,1.34516,4455
1786034700,2026-08-06 16:45:00+00:00,1.34516,1.34575,1.34515,1.3456000000000001,4647
1786035600,2026-08-06 17:00:00+00:00,1.3456000000000001,1.3458999999999999,1.3455,1.34562,5195
1786036500,2026-08-06 17:15:00+00:00,1.34562,1.34562,1.34516,1.34559,4133
1786037400,2026-08-06 17:30:00+00:00,1.34559,1.3456000000000001,1.34518,1.34531,4126
1786038300,2026-08-06 17:45:00+00:00,1.34531,1.34565,1.34524,1.34561,4009
1786039200,2026-08-06 18:00:00+00:00,1.34561,1.3459400000000001,1.3455599999999999,1.34573,3437
1786040100,2026-08-06 18:15:00+00:00,1.34573,1.3458700000000001,1.3454,1.34554,3016
1786041000,2026-08-06 18:30:00+00:00,1.34554,1.34568,1.34528,1.34535,2581
1786041900,2026-08-06 18:45:00+00:00,1.34535,1.34572,1.34523,1.34567,3707
1786042800,2026-08-06 19:00:00+00:00,1.34566,1.3459400000000001,1.3455300000000001,1.34562,3165
1786043700,2026-08-06 19:15:00+00:00,1.34562,1.34577,1.34497,1.34514,4432
1786044600,2026-08-06 19:30:00+00:00,1.34515,1.34531,1.34487,1.3449,3986
1786045500,2026-08-06 19:45:00+00:00,1.34491,1.34569,1.34487,1.3455,3982
1786046400,2026-08-06 20:00:00+00:00,1.34549,1.34559,1.34524,1.3452600000000001,1232
1786047300,2026-08-06 20:15:00+00:00,1.3452600000000001,1.34528,1.34484,1.34493,771
1786048200,2026-08-06 20:30:00+00:00,1.34493,1.34511,1.34486,1.3451,1014
1786049100,2026-08-06 20:45:00+00:00,1.3451,1.34552,1.34503,1.34536,1843
1786050000,2026-08-06 21:00:00+00:00,1.34535,1.34631,1.34489,1.34546,584
1786050900,2026-08-06 21:15:00+00:00,1.34546,1.3456299999999999,1.34463,1.3455300000000001,206
1786051800,2026-08-06 21:30:00+00:00,1.3455300000000001,1.34566,1.34481,1.34488,355
1786052700,2026-08-06 21:45:00+00:00,1.34488,1.34554,1.34454,1.34546,493
1786053600,2026-08-06 22:00:00+00:00,1.34546,1.34546,1.3450199999999999,1.34522,1092
1786054500,2026-08-06 22:15:00+00:00,1.34522,1.34522,1.34509,1.34517,890
1786055400,2026-08-06 22:30:00+00:00,1.34517,1.34521,1.34509,1.34515,664
1786056300,2026-08-06 22:45:00+00:00,1.34515,1.34521,1.34509,1.34514,737
1786057200,2026-08-06 23:00:00+00:00,1.34514,1.34537,1.34513,1.34536,516
1786058100,2026-08-06 23:15:00+00:00,1.34535,1.34542,1.34531,1.34537,1053
1786059000,2026-08-06 23:30:00+00:00,1.34537,1.34547,1.34528,1.34546,688
1786059900,2026-08-06 23:45:00+00:00,1.34546,1.34555,1.34538,1.34546,1514
1786060800,2026-08-07 00:00:00+00:00,1.34546,1.34554,1.34512,1.34517,3335
1786061700,2026-08-07 00:15:00+00:00,1.34517,1.34522,1.345,1.3451,3787
1786062600,2026-08-07 00:30:00+00:00,1.3451,1.3452600000000001,1.3449900000000001,1.34507,3932
1786063500,2026-08-07 00:45:00+00:00,1.34507,1.34517,1.34475,1.34498,4554
1786064400,2026-08-07 01:00:00+00:00,1.34498,1.34532,1.34485,1.34525,4520
1786065300,2026-08-07 01:15:00+00:00,1.34525,1.34532,1.3451,1.34525,3002
1786066200,2026-08-07 01:30:00+00:00,1.34525,1.34567,1.3450199999999999,1.3455300000000001,4142
1786067100,2026-08-07 01:45:00+00:00,1.3455300000000001,1.34559,1.34524,1.3452899999999999,4399
1786068000,2026-08-07 02:00:00+00:00,1.3452899999999999,1.34543,1.34525,1.34527,2599
1786068900,2026-08-07 02:15:00+00:00,1.34527,1.34541,1.34516,1.34536,2851
1786069800,2026-08-07 02:30:00+00:00,1.34536,1.3454,1.34511,1.34513,2681
1786070700,2026-08-07 02:45:00+00:00,1.34512,1.3454,1.34508,1.34518,2191
1786071600,2026-08-07 03:00:00+00:00,1.34518,1.34532,1.34506,1.34516,2315
1786072500,2026-08-07 03:15:00+00:00,1.34516,1.34518,1.34505,1.3451,2457
1786073400,2026-08-07 03:30:00+00:00,1.3451,1.34523,1.34505,1.34509,1290
1786074300,2026-08-07 03:45:00+00:00,1.34509,1.34532,1.34506,1.3453,1973
1786075200,2026-08-07 04:00:00+00:00,1.3453,1.34539,1.3452,1.3452600000000001,3110
1786076100,2026-08-07 04:15:00+00:00,1.3452600000000001,1.34545,1.3452,1.34534,2827
1786077000,2026-08-07 04:30:00+00:00,1.34534,1.34551,1.34527,1.34541,2810
1786077900,2026-08-07 04:45:00+00:00,1.34541,1.34551,1.3452899999999999,1.34536,1498
1786078800,2026-08-07 05:00:00+00:00,1.34536,1.3456000000000001,1.34532,1.34555,1607
1786079700,2026-08-07 05:15:00+00:00,1.34555,1.3455599999999999,1.34516,1.34517,1658
1786080600,2026-08-07 05:30:00+00:00,1.34517,1.34541,1.34512,1.34524,2911
1786081500,2026-08-07 05:45:00+00:00,1.34524,1.34548,1.34514,1.34525,4186
1786082400,2026-08-07 06:00:00+00:00,1.34525,1.34559,1.34516,1.34559,3972
1786083300,2026-08-07 06:15:00+00:00,1.34559,1.34582,1.3452899999999999,1.34559,4529
1786084200,2026-08-07 06:30:00+00:00,1.34561,1.3456299999999999,1.34524,1.3454,4049
1786085100,2026-08-07 06:45:00+00:00,1.3454,1.34565,1.34525,1.34536,3570
1786086000,2026-08-07 07:00:00+00:00,1.34536,1.34539,1.34484,1.34511,4438
1786086900,2026-08-07 07:15:00+00:00,1.34511,1.3453300000000001,1.34479,1.34483,3773
1786087800,2026-08-07 07:30:00+00:00,1.34483,1.34507,1.34455,1.34466,3549
1786088700,2026-08-07 07:45:00+00:00,1.34466,1.34507,1.3446500000000001,1.34479,2640
1786089600,2026-08-07 08:00:00+00:00,1.34479,1.34501,1.34447,1.34454,3575
1786090500,2026-08-07 08:15:00+00:00,1.34454,1.34475,1.34443,1.34448,2713
1786091400,2026-08-07 08:30:00+00:00,1.34448,1.34491,1.34432,1.34483,3376
1786092300,2026-08-07 08:45:00+00:00,1.34483,1.34494,1.34428,1.34428,3101
1786093200,2026-08-07 09:00:00+00:00,1.34429,1.34462,1.34406,1.3446,3550
1786094100,2026-08-07 09:15:00+00:00,1.3446,1.3446799999999999,1.34439,1.34443,3803
1786095000,2026-08-07 09:30:00+00:00,1.34443,1.34444,1.34395,1.3439999999999999,3053
1786095900,2026-08-07 09:45:00+00:00,1.3439999999999999,1.34439,1.34395,1.34419,3099
1786096800,2026-08-07 10:00:00+00:00,1.34419,1.34429,1.34366,1.34371,2580
1786097700,2026-08-07 10:15:00+00:00,1.34371,1.34401,1.34365,1.34375,2563
1786098600,2026-08-07 10:30:00+00:00,1.34375,1.34389,1.34341,1.34345,2488
1786099500,2026-08-07 10:45:00+00:00,1.34345,1.34389,1.34344,1.34374,3034
1786100400,2026-08-07 11:00:00+00:00,1.34374,1.3443399999999999,1.3437299999999999,1.34418,3676
1786101300,2026-08-07 11:15:00+00:00,1.34418,1.34443,1.3439,1.34394,2666
1786102200,2026-08-07 11:30:00+00:00,1.34394,1.34476,1.34393,1.34471,2377
1786103100,2026-08-07 11:45:00+00:00,1.34471,1.3449900000000001,1.34458,1.34497,2928
1786104000,2026-08-07 12:00:00+00:00,1.34497,1.34523,1.34471,1.34473,3781
1786104900,2026-08-07 12:15:00+00:00,1.34474,1.34506,1.34442,1.3446500000000001,4966
1786105800,2026-08-07 12:30:00+00:00,1.3446500000000001,1.35036,1.34458,1.34985,12940
1786106700,2026-08-07 12:45:00+00:00,1.34985,1.3507,1.34981,1.35029,5480
1786107600,2026-08-07 13:00:00+00:00,1.35029,1.35039,1.34951,1.35032,6211
1786108500,2026-08-07 13:15:00+00:00,1.35032,1.3509,1.34945,1.35038,6444
1786109400,2026-08-07 13:30:00+00:00,1.35038,1.35083,1.34935,1.35039,6803
1786110300,2026-08-07 13:45:00+00:00,1.3504,1.35045,1.34873,1.34897,6912
1786111200,2026-08-07 14:00:00+00:00,1.34897,1.34943,1.3483100000000001,1.34938,7911
1786112100,2026-08-07 14:15:00+00:00,1.34938,1.3501699999999999,1.3491900000000001,1.34942,6268
1786113000,2026-08-07 14:30:00+00:00,1.34942,1.34966,1.34885,1.34904,5891
1786113900,2026-08-07 14:45:00+00:00,1.34904,1.3492,1.34836,1.34888,6903
1786114800,2026-08-07 15:00:00+00:00,1.34886,1.3495599999999999,1.34828,1.34955,6715
1786115700,2026-08-07 15:15:00+00:00,1.34955,1.35002,1.34938,1.34947,6193
1786116600,2026-08-07 15:30:00+00:00,1.34947,1.35005,1.34916,1.34984,5871
1786117500,2026-08-07 15:45:00+00:00,1.34984,1.34996,1.34918,1.34961,6045
1786118400,2026-08-07 16:00:00+00:00,1.34961,1.35016,1.34945,1.3501400000000001,5575
1786119300,2026-08-07 16:15:00+00:00,1.3501400000000001,1.35038,1.34969,1.34993,5431
1786120200,2026-08-07 16:30:00+00:00,1.34993,1.35007,1.34966,1.34993,4317
1786121100,2026-08-07 16:45:00+00:00,1.34993,1.35039,1.34951,1.34964,4572
1786122000,2026-08-07 17:00:00+00:00,1.34964,1.34976,1.34945,1.34967,4434
1786122900,2026-08-07 17:15:00+00:00,1.34967,1.34984,1.3494,1.34962,4200
1786123800,2026-08-07 17:30:00+00:00,1.34962,1.3498700000000001,1.34941,1.34977,3309
1786124700,2026-08-07 17:45:00+00:00,1.34977,1.34988,1.34951,1.3495300000000001,2785
1786125600,2026-08-07 18:00:00+00:00,1.3495300000000001,1.34968,1.3491900000000001,1.34937,3312
1786126500,2026-08-07 18:15:00+00:00,1.34937,1.34957,1.34916,1.34955,3179
1786127400,2026-08-07 18:30:00+00:00,1.34955,1.34989,1.3495300000000001,1.3498700000000001,2724
1786128300,2026-08-07 18:45:00+00:00,1.3498700000000001,1.35007,1.3498299999999999,1.34996,2287
1786129200,2026-08-07 19:00:00+00:00,1.34996,1.3503,1.34979,1.34991,4360
1786130100,2026-08-07 19:15:00+00:00,1.34991,1.35038,1.34984,1.35026,5315
1786131000,2026-08-07 19:30:00+00:00,1.35026,1.35035,1.3498700000000001,1.3498999999999999,3788
1786131900,2026-08-07 19:45:00+00:00,1.3498999999999999,1.3501,1.34964,1.34978,4474
1786132800,2026-08-07 20:00:00+00:00,1.34978,1.34985,1.34934,1.34937,3634
1786133700,2026-08-07 20:15:00+00:00,1.34937,1.3494,1.34905,1.34911,1948
1786134600,2026-08-07 20:30:00+00:00,1.34911,1.34916,1.34893,1.34906,780
1786135500,2026-08-07 20:45:00+00:00,1.34906,1.34936,1.34896,1.34896,5294
1786309200,2026-08-09 21:00:00+00:00,1.3490199999999999,1.35001,1.3490199999999999,1.34984,116
1786310100,2026-08-09 21:15:00+00:00,1.34984,1.34984,1.34958,1.34969,226
1786311000,2026-08-09 21:30:00+00:00,1.34969,1.34975,1.34883,1.3492199999999999,520
1786311900,2026-08-09 21:45:00+00:00,1.3492199999999999,1.34941,1.34866,1.3492,2231
1786312800,2026-08-09 22:00:00+00:00,1.3492,1.34938,1.34885,1.34908,1009
1786313700,2026-08-09 22:15:00+00:00,1.34908,1.34911,1.34878,1.34881,1941
1786314600,2026-08-09 22:30:00+00:00,1.34881,1.34903,1.34881,1.3489900000000001,1044
1786315500,2026-08-09 22:45:00+00:00,1.3489900000000001,1.3491,1.34887,1.3489200000000001,894
1786316400,2026-08-09 23:00:00+00:00,1.3489200000000001,1.3492899999999999,1.34891,1.34923,1780
1786317300,2026-08-09 23:15:00+00:00,1.34923,1.3493,1.34916,1.34917,1016
1786318200,2026-08-09 23:30:00+00:00,1.34917,1.34923,1.34882,1.34916,1535
1786319100,2026-08-09 23:45:00+00:00,1.34916,1.34927,1.34883,1.34885,2672
1786320000,2026-08-10 00:00:00+00:00,1.34885,1.34939,1.34885,1.34933,5599
1786320900,2026-08-10 00:15:00+00:00,1.34933,1.34936,1.3489,1.34901,4047
1786321800,2026-08-10 00:30:00+00:00,1.34901,1.3491,1.34882,1.34883,2837
1786322700,2026-08-10 00:45:00+00:00,1.34884,1.34927,1.34879,1.34906,4466
1786323600,2026-08-10 01:00:00+00:00,1.34904,1.3491900000000001,1.34842,1.34869,5414
1786324500,2026-08-10 01:15:00+00:00,1.34869,1.34896,1.3486500000000001,1.34879,2919
1786325400,2026-08-10 01:30:00+00:00,1.34879,1.3488,1.34844,1.34869,3930
1786326300,2026-08-10 01:45:00+00:00,1.34869,1.3489900000000001,1.34866,1.34888,4274
1786327200,2026-08-10 02:00:00+00:00,1.34888,1.34898,1.34872,1.34879,3306
1786328100,2026-08-10 02:15:00+00:00,1.34879,1.34894,1.34867,1.34879,2768
1786329000,2026-08-10 02:30:00+00:00,1.34879,1.34897,1.34863,1.34863,2359
1786329900,2026-08-10 02:45:00+00:00,1.34864,1.34876,1.34853,1.3486,2649
1786330800,2026-08-10 03:00:00+00:00,1.3486,1.34872,1.34832,1.34849,2089
1786331700,2026-08-10 03:15:00+00:00,1.34849,1.34867,1.34837,1.34853,2663
1786332600,2026-08-10 03:30:00+00:00,1.34853,1.34855,1.34833,1.34842,1985
1786333500,2026-08-10 03:45:00+00:00,1.34842,1.3486500000000001,1.3484099999999999,1.34851,2182
1786334400,2026-08-10 04:00:00+00:00,1.34851,1.3486099999999999,1.34836,1.34853,2189
1786335300,2026-08-10 04:15:00+00:00,1.34853,1.34866,1.34842,1.34859,1848
1786336200,2026-08-10 04:30:00+00:00,1.34859,1.3486799999999999,1.34846,1.3486799999999999,1620
1786337100,2026-08-10 04:45:00+00:00,1.3486799999999999,1.34903,1.34864,1.34885,2466
1786338000,2026-08-10 05:00:00+00:00,1.34885,1.34915,1.34874,1.34893,2945
1786338900,2026-08-10 05:15:00+00:00,1.34893,1.34897,1.34875,1.34886,2224
1786339800,2026-08-10 05:30:00+00:00,1.34887,1.34918,1.34873,1.34897,3774
1786340700,2026-08-10 05:45:00+00:00,1.34897,1.34946,1.34889,1.34939,4062
1786341600,2026-08-10 06:00:00+00:00,1.34939,1.34972,1.34925,1.34941,3709
1786342500,2026-08-10 06:15:00+00:00,1.34941,1.3498,1.34938,1.34958,4635
1786343400,2026-08-10 06:30:00+00:00,1.34958,1.34969,1.3492,1.3493,3578
1786344300,2026-08-10 06:45:00+00:00,1.3493,1.34952,1.34918,1.34949,2633
1786345200,2026-08-10 07:00:00+00:00,1.34949,1.34976,1.34918,1.34944,4354
1786346100,2026-08-10 07:15:00+00:00,1.34944,1.3496299999999999,1.34916,1.34918,4315
1786347000,2026-08-10 07:30:00+00:00,1.34918,1.34988,1.34916,1.34986,3945
1786347900,2026-08-10 07:45:00+00:00,1.34986,1.35015,1.34938,1.34961,4065
1786348800,2026-08-10 08:00:00+00:00,1.34961,1.3505,1.34944,1.35046,3679
1786349700,2026-08-10 08:15:00+00:00,1.35045,1.35056,1.3501400000000001,1.35032,2573
1786350600,2026-08-10 08:30:00+00:00,1.35032,1.35042,1.35011,1.35018,3032
1786351500,2026-08-10 08:45:00+00:00,1.35018,1.35036,1.34997,1.35034,2971
1786352400,2026-08-10 09:00:00+00:00,1.35034,1.35068,1.35018,1.35065,3649
1786353300,2026-08-10 09:15:00+00:00,1.35065,1.35068,1.3503,1.35054,2863
1786354200,2026-08-10 09:30:00+00:00,1.35054,1.35057,1.34955,1.34968,2940
1786355100,2026-08-10 09:45:00+00:00,1.34968,1.34997,1.34952,1.34955,3237
1786356000,2026-08-10 10:00:00+00:00,1.34954,1.34974,1.34924,1.3496000000000001,3896
1786356900,2026-08-10 10:15:00+00:00,1.3496000000000001,1.34997,1.34951,1.34966,3009
1786357800,2026-08-10 10:30:00+00:00,1.34966,1.35004,1.3495,1.34998,3007
1786358700,2026-08-10 10:45:00+00:00,1.34998,1.35015,1.3498700000000001,1.35007,3267
1786359600,2026-08-10 11:00:00+00:00,1.35007,1.35025,1.34962,1.34982,3281
1786360500,2026-08-10 11:15:00+00:00,1.34982,1.35012,1.34969,1.3498700000000001,3182
1786361400,2026-08-10 11:30:00+00:00,1.34988,1.35029,1.34976,1.35007,3184
1786362300,2026-08-10 11:45:00+00:00,1.35008,1.3501400000000001,1.34978,1.35012,2816
1786363200,2026-08-10 12:00:00+00:00,1.35012,1.3504399999999999,1.34975,1.34982,4275
1786364100,2026-08-10 12:15:00+00:00,1.34982,1.34992,1.34928,1.34944,3352
1786365000,2026-08-10 12:30:00+00:00,1.34943,1.34966,1.3490199999999999,1.34923,3405
1786365900,2026-08-10 12:45:00+00:00,1.34923,1.34973,1.34917,1.34949,4021
1786366800,2026-08-10 13:00:00+00:00,1.34948,1.35039,1.34947,1.35036,4484
1786367700,2026-08-10 13:15:00+00:00,1.35036,1.35077,1.3501699999999999,1.35039,3643
1786368600,2026-08-10 13:30:00+00:00,1.35039,1.3508200000000001,1.3501699999999999,1.35031,5221
1786369500,2026-08-10 13:45:00+00:00,1.35031,1.35066,1.34984,1.35045,6746
1786370400,2026-08-10 14:00:00+00:00,1.35046,1.35186,1.35039,1.3516599999999999,5810
1786371300,2026-08-10 14:15:00+00:00,1.35167,1.35188,1.35125,1.3518,4394
1786372200,2026-08-10 14:30:00+00:00,1.3518,1.3526,1.35157,1.35247,3949
1786373100,2026-08-10 14:45:00+00:00,1.35247,1.35308,1.3517700000000001,1.3520699999999999,6368
1786374000,2026-08-10 15:00:00+00:00,1.3520699999999999,1.35228,1.35156,1.35227,6190
1786374900,2026-08-10 15:15:00+00:00,1.35227,1.35274,1.3518,1.35219,5694
1786375800,2026-08-10 15:30:00+00:00,1.35219,1.35263,1.35209,1.3526099999999999,5414
1786376700,2026-08-10 15:45:00+00:00,1.3526099999999999,1.35275,1.3521,1.35257,4457
1786377600,2026-08-10 16:00:00+00:00,1.35257,1.3527,1.35226,1.3523800000000001,3430
1786378500,2026-08-10 16:15:00+00:00,1.3523800000000001,1.35241,1.3519,1.35233,2720
1786379400,2026-08-10 16:30:00+00:00,1.35233,1.35245,1.35162,1.35167,4119
1786380300,2026-08-10 16:45:00+00:00,1.35167,1.35172,1.35134,1.35138,2705
1786381200,2026-08-10 17:00:00+00:00,1.35138,1.35149,1.35095,1.35114,3261
1786382100,2026-08-10 17:15:00+00:00,1.35114,1.35115,1.35068,1.35096,4048
1786383000,2026-08-10 17:30:00+00:00,1.35094,1.35114,1.3508499999999999,1.35086,3130
1786383900,2026-08-10 17:45:00+00:00,1.35086,1.35088,1.35053,1.35065,2710
1786384800,2026-08-10 18:00:00+00:00,1.35065,1.35084,1.35058,1.35079,2453
1786385700,2026-08-10 18:15:00+00:00,1.35079,1.35091,1.35068,1.35079,2167
1786386600,2026-08-10 18:30:00+00:00,1.3507799999999999,1.35119,1.35066,1.3511600000000001,2617
1786387500,2026-08-10 18:45:00+00:00,1.3511600000000001,1.35119,1.35069,1.3509,3717
1786388400,2026-08-10 19:00:00+00:00,1.3509,1.35098,1.3506,1.3508,2622
1786389300,2026-08-10 19:15:00+00:00,1.3508,1.35095,1.35063,1.35076,1882
1786390200,2026-08-10 19:30:00+00:00,1.35076,1.35088,1.35056,1.3507500000000001,2415
1786391100,2026-08-10 19:45:00+00:00,1.35074,1.35092,1.35068,1.35079,2476
1786392000,2026-08-10 20:00:00+00:00,1.35079,1.35104,1.35079,1.3509,1199
1786392900,2026-08-10 20:15:00+00:00,1.3509,1.35093,1.35063,1.35063,603
1786393800,2026-08-10 20:30:00+00:00,1.35063,1.35083,1.35061,1.3507799999999999,433
1786394700,2026-08-10 20:45:00+00:00,1.35079,1.35081,1.35059,1.35067,1020
1786395600,2026-08-10 21:00:00+00:00,1.35064,1.3507500000000001,1.3498999999999999,1.35042,158
1786396500,2026-08-10 21:15:00+00:00,1.35042,1.35107,1.35042,1.3507799999999999,215
1786397400,2026-08-10 21:30:00+00:00,1.3507799999999999,1.35086,1.3504,1.35062,462
1786398300,2026-08-10 21:45:00+00:00,1.35062,1.35076,1.35055,1.35066,453
1786399200,2026-08-10 22:00:00+00:00,1.35066,1.35091,1.35062,1.3508,733
1786400100,2026-08-10 22:15:00+00:00,1.3508,1.35083,1.35064,1.35069,668
1786401000,2026-08-10 22:30:00+00:00,1.3507,1.35081,1.35067,1.35081,875
1786401900,2026-08-10 22:45:00+00:00,1.35081,1.35093,1.35079,1.3509,648
1786402800,2026-08-10 23:00:00+00:00,1.3509,1.35099,1.35077,1.35083,1224
1786403700,2026-08-10 23:15:00+00:00,1.35083,1.35087,1.35072,1.35077,870
1786404600,2026-08-10 23:30:00+00:00,1.35077,1.35086,1.35064,1.35072,1383
1786405500,2026-08-10 23:45:00+00:00,1.35072,1.35117,1.35068,1.35108,2837
1786406400,2026-08-11 00:00:00+00:00,1.35108,1.35133,1.35103,1.35119,3853
1786407300,2026-08-11 00:15:00+00:00,1.35119,1.35135,1.3510900000000001,1.35132,3009
1786408200,2026-08-11 00:30:00+00:00,1.35132,1.35154,1.3512,1.3514599999999999,3087
1786409100,2026-08-11 00:45:00+00:00,1.3514599999999999,1.3515,1.3510499999999999,1.35111,2667
1786410000,2026-08-11 01:00:00+00:00,1.35111,1.35119,1.35061,1.35119,3839
1786410900,2026-08-11 01:15:00+00:00,1.35118,1.35142,1.35108,1.35132,3373
1786411800,2026-08-11 01:30:00+00:00,1.35132,1.35153,1.35104,1.35106,2853
1786412700,2026-08-11 01:45:00+00:00,1.3510499999999999,1.35142,1.35103,1.35108,2650
1786413600,2026-08-11 02:00:00+00:00,1.35108,1.35118,1.35084,1.35106,3302
1786414500,2026-08-11 02:15:00+00:00,1.35106,1.35108,1.3506,1.35068,2770
1786415400,2026-08-11 02:30:00+00:00,1.35068,1.3508200000000001,1.35061,1.35073,2624
1786416300,2026-08-11 02:45:00+00:00,1.35073,1.35077,1.35026,1.35047,2472
1786417200,2026-08-11 03:00:00+00:00,1.35047,1.35089,1.35047,1.3508499999999999,2565
1786418100,2026-08-11 03:15:00+00:00,1.3508499999999999,1.35126,1.35081,1.35122,2605
1786419000,2026-08-11 03:30:00+00:00,1.35122,1.35131,1.35108,1.3510900000000001,2293
1786419900,2026-08-11 03:45:00+00:00,1.3510900000000001,1.35114,1.35094,1.35103,1939
1786420800,2026-08-11 04:00:00+00:00,1.35103,1.3512,1.351,1.35113,2246
1786421700,2026-08-11 04:15:00+00:00,1.35113,1.35128,1.3510900000000001,1.35125,1810
1786422600,2026-08-11 04:30:00+00:00,1.35126,1.3513899999999999,1.35083,1.35089,4002
1786423500,2026-08-11 04:45:00+00:00,1.3509,1.35117,1.3507,1.35117,3165
1786424400,2026-08-11 05:00:00+00:00,1.35117,1.35119,1.35079,1.35087,2513
1786425300,2026-08-11 05:15:00+00:00,1.35087,1.35093,1.3507500000000001,1.3508499999999999,1720
1786426200,2026-08-11 05:30:00+00:00,1.3508499999999999,1.3514300000000001,1.35073,1.3514,2832
1786427100,2026-08-11 05:45:00+00:00,1.3514,1.3514,1.35099,1.35125,3873
1786428000,2026-08-11 06:00:00+00:00,1.35126,1.35159,1.35125,1.3513600000000001,4245
1786428900,2026-08-11 06:15:00+00:00,1.35137,1.35152,1.35041,1.35068,5030
1786429800,2026-08-11 06:30:00+00:00,1.35067,1.3509,1.35016,1.35064,4994
1786430700,2026-08-11 06:45:00+00:00,1.35064,1.35067,1.3502100000000001,1.35055,3800
1786431600,2026-08-11 07:00:00+00:00,1.35055,1.35086,1.3504,1.35061,3980
1786432500,2026-08-11 07:15:00+00:00,1.3506,1.3506,1.3498700000000001,1.35008,3646
1786433400,2026-08-11 07:30:00+00:00,1.35008,1.35025,1.34944,1.34967,3786
1786434300,2026-08-11 07:45:00+00:00,1.34967,1.34999,1.34958,1.34964,4034
1786435200,2026-08-11 08:00:00+00:00,1.34967,1.35004,1.3495300000000001,1.34991,4262
1786436100,2026-08-11 08:15:00+00:00,1.34991,1.35022,1.34991,1.3501699999999999,3726
1786437000,2026-08-11 08:30:00+00:00,1.35016,1.35088,1.35013,1.35062,2899
1786437900,2026-08-11 08:45:00+00:00,1.35062,1.35077,1.3502,1.35041,3971
1786438800,2026-08-11 09:00:00+00:00,1.35043,1.35045,1.34989,1.34992,4170
1786439700,2026-08-11 09:15:00+00:00,1.34992,1.3502100000000001,1.3498700000000001,1.35002,3217
1786440600,2026-08-11 09:30:00+00:00,1.35002,1.35026,1.34994,1.35022,2903
1786441500,2026-08-11 09:45:00+00:00,1.35022,1.35054,1.3501699999999999,1.3504399999999999,2688
1786442400,2026-08-11 10:00:00+00:00,1.3504399999999999,1.35053,1.35003,1.35011,2900
1786443300,2026-08-11 10:15:00+00:00,1.35011,1.35032,1.34974,1.35003,3871
1786444200,2026-08-11 10:30:00+00:00,1.35003,1.3503,1.34999,1.35007,2904
1786445100,2026-08-11 10:45:00+00:00,1.35007,1.35019,1.34965,1.34984,3673
1786446000,2026-08-11 11:00:00+00:00,1.3498299999999999,1.35065,1.34966,1.34994,7381
1786446900,2026-08-11 11:15:00+00:00,1.34994,1.3502,1.34972,1.35003,3644
1786447800,2026-08-11 11:30:00+00:00,1.35003,1.35011,1.34968,1.34974,4230
1786448700,2026-08-11 11:45:00+00:00,1.34974,1.34977,1.34931,1.34935,3567
1786449600,2026-08-11 12:00:00+00:00,1.34935,1.35005,1.34921,1.3496299999999999,4409
1786450500,2026-08-11 12:15:00+00:00,1.3496299999999999,1.34992,1.34927,1.34962,5423
1786451400,2026-08-11 12:30:00+00:00,1.34962,1.35029,1.34961,1.34982,4411
1786452300,2026-08-11 12:45:00+00:00,1.34982,1.35012,1.34969,1.34992,4228
1786453200,2026-08-11 13:00:00+00:00,1.34992,1.3504,1.34986,1.34992,4727
1786454100,2026-08-11 13:15:00+00:00,1.34992,1.35022,1.34976,1.35006,4303
1786455000,2026-08-11 13:30:00+00:00,1.35007,1.35049,1.34968,1.3504,5281
1786455900,2026-08-11 13:45:00+00:00,1.3504,1.3507,1.35007,1.35009,5030
1786456800,2026-08-11 14:00:00+00:00,1.35009,1.35032,1.3498,1.3502100000000001,4913
1786457700,2026-08-11 14:15:00+00:00,1.3502100000000001,1.35062,1.35016,1.35032,5024
1786458600,2026-08-11 14:30:00+00:00,1.35031,1.3509,1.35023,1.35089,4611
1786459500,2026-08-11 14:45:00+00:00,1.3509,1.351,1.3505,1.35086,4905
1786460400,2026-08-11 15:00:00+00:00,1.35087,1.351,1.3503,1.35031,4832
1786461300,2026-08-11 15:15:00+00:00,1.35031,1.35101,1.3502,1.35091,4663
1786462200,2026-08-11 15:30:00+00:00,1.35091,1.3511600000000001,1.35036,1.35053,5443
1786463100,2026-08-11 15:45:00+00:00,1.35053,1.35149,1.35046,1.35149,4744
1786464000,2026-08-11 16:00:00+00:00,1.35149,1.35159,1.35076,1.35076,3375
1786464900,2026-08-11 16:15:00+00:00,1.35076,1.3508200000000001,1.35056,1.35073,3356
1786465800,2026-08-11 16:30:00+00:00,1.35074,1.35074,1.35037,1.3505,2489
1786466700,2026-08-11 16:45:00+00:00,1.3505,1.35074,1.35041,1.35059,1902
1786467600,2026-08-11 17:00:00+00:00,1.35059,1.35067,1.34979,1.3498,2248
1786468500,2026-08-11 17:15:00+00:00,1.3498,1.35012,1.3497,1.3498700000000001,2581
1786469400,2026-08-11 17:30:00+00:00,1.3498700000000001,1.3502399999999999,1.34975,1.35019,2644
1786470300,2026-08-11 17:45:00+00:00,1.35019,1.35043,1.35007,1.3502100000000001,1533
1786471200,2026-08-11 18:00:00+00:00,1.3502100000000001,1.35023,1.34985,1.34993,2471
1786472100,2026-08-11 18:15:00+00:00,1.34993,1.34995,1.34964,1.34973,2422
1786473000,2026-08-11 18:30:00+00:00,1.34973,1.35031,1.34968,1.35026,2947
1786473900,2026-08-11 18:45:00+00:00,1.35026,1.35038,1.35007,1.35034,3350
1786474800,2026-08-11 19:00:00+00:00,1.35034,1.35057,1.35027,1.35049,2574
1786475700,2026-08-11 19:15:00+00:00,1.35049,1.35063,1.35027,1.35058,1651
1786476600,2026-08-11 19:30:00+00:00,1.35058,1.35069,1.35047,1.35058,1889
1786477500,2026-08-11 19:45:00+00:00,1.35058,1.3508499999999999,1.35053,1.3508200000000001,2095
1786478400,2026-08-11 20:00:00+00:00,1.3508200000000001,1.35093,1.3507,1.35073,1970
1786479300,2026-08-11 20:15:00+00:00,1.35073,1.35073,1.35049,1.3505099999999999,276
1786480200,2026-08-11 20:30:00+00:00,1.3505099999999999,1.35059,1.35039,1.35042,676
1786481100,2026-08-11 20:45:00+00:00,1.35042,1.35087,1.35037,1.35073,1255
1786482000,2026-08-11 21:00:00+00:00,1.3505099999999999,1.35057,1.3501400000000001,1.35043,102
1786482900,2026-08-11 21:15:00+00:00,1.35043,1.35059,1.3502,1.35059,155
1786483800,2026-08-11 21:30:00+00:00,1.35059,1.3506,1.35035,1.35042,233
1786484700,2026-08-11 21:45:00+00:00,1.35042,1.3507500000000001,1.35039,1.35073,201
1786485600,2026-08-11 22:00:00+00:00,1.35073,1.35104,1.3505,1.35102,1437
1786486500,2026-08-11 22:15:00+00:00,1.35102,1.3510499999999999,1.35094,1.35102,353
1786487400,2026-08-11 22:30:00+00:00,1.35103,1.3511,1.35089,1.35092,749
1786488300,2026-08-11 22:45:00+00:00,1.35092,1.3510499999999999,1.3509,1.35103,1346
1786489200,2026-08-11 23:00:00+00:00,1.35103,1.3511,1.35092,1.35094,1400
1786490100,2026-08-11 23:15:00+00:00,1.35094,1.35103,1.35088,1.35088,1057
1786491000,2026-08-11 23:30:00+00:00,1.35088,1.35098,1.35077,1.35084,801
1786491900,2026-08-11 23:45:00+00:00,1.35084,1.35095,1.35077,1.35095,1798
1786492800,2026-08-12 00:00:00+00:00,1.35095,1.35113,1.35077,1.35106,4193
1786493700,2026-08-12 00:15:00+00:00,1.35104,1.3511600000000001,1.35097,1.35106,2668
1786494600,2026-08-12 00:30:00+00:00,1.35106,1.35111,1.35091,1.35098,2354
1786495500,2026-08-12 00:45:00+00:00,1.35098,1.35098,1.35064,1.3507799999999999,3137
1786496400,2026-08-12 01:00:00+00:00,1.3507799999999999,1.35081,1.35027,1.3504,3934
1786497300,2026-08-12 01:15:00+00:00,1.3504,1.35053,1.35027,1.3504800000000001,2933
1786498200,2026-08-12 01:30:00+00:00,1.3504800000000001,1.35067,1.35041,1.35064,2668
1786499100,2026-08-12 01:45:00+00:00,1.35064,1.35093,1.35052,1.35065,3036
1786500000,2026-08-12 02:00:00+00:00,1.35065,1.35068,1.35033,1.35036,3215
1786500900,2026-08-12 02:15:00+00:00,1.35036,1.35049,1.35016,1.35046,3206
1786501800,2026-08-12 02:30:00+00:00,1.35046,1.35079,1.35042,1.35067,2813
1786502700,2026-08-12 02:45:00+00:00,1.35067,1.35073,1.35057,1.35068,2720
1786503600,2026-08-12 03:00:00+00:00,1.35068,1.35083,1.35055,1.35073,2050
1786504500,2026-08-12 03:15:00+00:00,1.35073,1.35079,1.35064,1.35072,1873
1786505400,2026-08-12 03:30:00+00:00,1.35072,1.35079,1.35053,1.35056,1779
1786506300,2026-08-12 03:45:00+00:00,1.35056,1.35066,1.35046,1.35056,1553
1786507200,2026-08-12 04:00:00+00:00,1.35058,1.35069,1.3504399999999999,1.3505099999999999,1492
1786508100,2026-08-12 04:15:00+00:00,1.3505099999999999,1.35055,1.35032,1.3504800000000001,2019
1786509000,2026-08-12 04:30:00+00:00,1.3504800000000001,1.3507500000000001,1.35045,1.35071,1596
1786509900,2026-08-12 04:45:00+00:00,1.35071,1.35076,1.35061,1.35073,1354
1786510800,2026-08-12 05:00:00+00:00,1.35073,1.35074,1.3505,1.35054,2224
1786511700,2026-08-12 05:15:00+00:00,1.35054,1.3506,1.3502399999999999,1.35036,2427
1786512600,2026-08-12 05:30:00+00:00,1.35037,1.35061,1.35034,1.35043,1839
1786513500,2026-08-12 05:45:00+00:00,1.35043,1.35064,1.35034,1.35056,2041
1786514400,2026-08-12 06:00:00+00:00,1.35055,1.35072,1.35045,1.3506,2598
1786515300,2026-08-12 06:15:00+00:00,1.3506,1.3507,1.3504399999999999,1.35046,2113
1786516200,2026-08-12 06:30:00+00:00,1.35046,1.35074,1.35026,1.35068,2758
1786517100,2026-08-12 06:45:00+00:00,1.35068,1.35091,1.35043,1.3509,2936
1786518000,2026-08-12 07:00:00+00:00,1.3509,1.35114,1.35076,1.3510499999999999,3163
1786518900,2026-08-12 07:15:00+00:00,1.3510499999999999,1.35117,1.3509,1.351,2120
1786519800,2026-08-12 07:30:00+00:00,1.35101,1.3510900000000001,1.35079,1.3508,3020
1786520700,2026-08-12 07:45:00+00:00,1.3508,1.35104,1.3506,1.3508200000000001,2604
1786521600,2026-08-12 08:00:00+00:00,1.3508200000000001,1.35096,1.35069,1.35091,2890
1786522500,2026-08-12 08:15:00+00:00,1.35091,1.35119,1.35079,1.351,2871
1786523400,2026-08-12 08:30:00+00:00,1.351,1.35119,1.35081,1.35117,2579
1786524300,2026-08-12 08:45:00+00:00,1.35117,1.35126,1.35095,1.3510900000000001,2103
1786525200,2026-08-12 09:00:00+00:00,1.3510900000000001,1.3519700000000001,1.35103,1.35189,2828
1786526100,2026-08-12 09:15:00+00:00,1.35189,1.35296,1.3516599999999999,1.35181,5068
1786527000,2026-08-12 09:30:00+00:00,1.35181,1.35198,1.35145,1.35155,3275
1786527900,2026-08-12 09:45:00+00:00,1.35155,1.35184,1.3510900000000001,1.35129,3666
1786528800,2026-08-12 10:00:00+00:00,1.35129,1.3521,1.35122,1.35193,2810
1786529700,2026-08-12 10:15:00+00:00,1.35193,1.35224,1.35187,1.3521,2176
1786530600,2026-08-12 10:30:00+00:00,1.3521,1.35222,1.35192,1.35219,1843
1786531500,2026-08-12 10:45:00+00:00,1.35219,1.35228,1.35142,1.35152,3062
1786532400,2026-08-12 11:00:00+00:00,1.35152,1.35189,1.3513899999999999,1.3516599999999999,2731
1786533300,2026-08-12 11:15:00+00:00,1.35165,1.35203,1.35157,1.35196,2366
1786534200,2026-08-12 11:30:00+00:00,1.35195,1.35224,1.3518,1.35219,2376
1786535100,2026-08-12 11:45:00+00:00,1.35219,1.3529200000000001,1.35219,1.3526500000000001,3021
1786536000,2026-08-12 12:00:00+00:00,1.3526500000000001,1.35285,1.35229,1.35269,3276
1786536900,2026-08-12 12:15:00+00:00,1.3526799999999999,1.3529499999999999,1.35186,1.35287,4330
1786537800,2026-08-12 12:30:00+00:00,1.35287,1.35453,1.35074,1.3538000000000001,13229
1786538700,2026-08-12 12:45:00+00:00,1.35379,1.35384,1.35288,1.35376,7521
1786539600,2026-08-12 13:00:00+00:00,1.35376,1.35412,1.35255,1.35263,7946
1786540500,2026-08-12 13:15:00+00:00,1.35263,1.35335,1.3523,1.35309,6795
1786541400,2026-08-12 13:30:00+00:00,1.35309,1.35339,1.3517000000000001,1.35188,7922
1786542300,2026-08-12 13:45:00+00:00,1.35186,1.35279,1.35168,1.35251,5105
1786543200,2026-08-12 14:00:00+00:00,1.35251,1.3529900000000001,1.3519999999999999,1.3522,5750
1786544100,2026-08-12 14:15:00+00:00,1.3522,1.35264,1.3516,1.3517299999999999,5214
1786545000,2026-08-12 14:30:00+00:00,1.35174,1.3519700000000001,1.35071,1.35122,4314
1786545900,2026-08-12 14:45:00+00:00,1.35122,1.35148,1.35039,1.3509,4680
1786546800,2026-08-12 15:00:00+00:00,1.35092,1.35102,1.3501699999999999,1.3508200000000001,5484
1786547700,2026-08-12 15:15:00+00:00,1.3508200000000001,1.35095,1.35057,1.35066,3869
1786548600,2026-08-12 15:30:00+00:00,1.35066,1.3508499999999999,1.35034,1.35047,3386
1786549500,2026-08-12 15:45:00+00:00,1.35047,1.35117,1.35026,1.35096,4008
1786550400,2026-08-12 16:00:00+00:00,1.35096,1.35115,1.35031,1.35092,3682
1786551300,2026-08-12 16:15:00+00:00,1.35092,1.35093,1.35026,1.35029,3647
1786552200,2026-08-12 16:30:00+00:00,1.35029,1.35035,1.34992,1.3501,3689
1786553100,2026-08-12 16:45:00+00:00,1.3501,1.35016,1.34945,1.34971,3782
1786554000,2026-08-12 17:00:00+00:00,1.34971,1.3501699999999999,1.3496299999999999,1.34967,3304
1786554900,2026-08-12 17:15:00+00:00,1.34967,1.34975,1.34948,1.34962,2912
1786555800,2026-08-12 17:30:00+00:00,1.34962,1.34977,1.34921,1.34928,2599
1786556700,2026-08-12 17:45:00+00:00,1.34927,1.3495,1.34918,1.34927,2876
1786557600,2026-08-12 18:00:00+00:00,1.34927,1.3496299999999999,1.34894,1.34947,2580
1786558500,2026-08-12 18:15:00+00:00,1.34947,1.34974,1.34931,1.34954,2862
1786559400,2026-08-12 18:30:00+00:00,1.34954,1.34955,1.34909,1.34913,1887
1786560300,2026-08-12 18:45:00+00:00,1.34913,1.3492,1.34876,1.34881,1908
1786561200,2026-08-12 19:00:00+00:00,1.34882,1.34907,1.34877,1.34903,2279
1786562100,2026-08-12 19:15:00+00:00,1.34903,1.3494,1.34896,1.34911,1825
1786563000,2026-08-12 19:30:00+00:00,1.34911,1.34918,1.34891,1.34912,2005
1786563900,2026-08-12 19:45:00+00:00,1.34912,1.34927,1.34884,1.3492600000000001,2175
1786564800,2026-08-12 20:00:00+00:00,1.3492600000000001,1.34928,1.34903,1.34903,951
1786565700,2026-08-12 20:15:00+00:00,1.34903,1.34917,1.3489900000000001,1.34912,438
1786566600,2026-08-12 20:30:00+00:00,1.34912,1.34937,1.3491,1.34937,474
1786567500,2026-08-12 20:45:00+00:00,1.34936,1.3496299999999999,1.34936,1.34944,1226
1786568400,2026-08-12 21:00:00+00:00,1.34944,1.3497,1.34889,1.34949,81
1786569300,2026-08-12 21:15:00+00:00,1.34949,1.34957,1.34886,1.34913,320
1786570200,2026-08-12 21:30:00+00:00,1.34913,1.34951,1.34904,1.34947,162
1786571100,2026-08-12 21:45:00+00:00,1.34947,1.34961,1.34932,1.34937,292
1786572000,2026-08-12 22:00:00+00:00,1.34937,1.34943,1.34914,1.34934,603
1786572900,2026-08-12 22:15:00+00:00,1.34934,1.34941,1.3493,1.34936,552
1786573800,2026-08-12 22:30:00+00:00,1.34936,1.34948,1.34933,1.34942,605
1786574700,2026-08-12 22:45:00+00:00,1.34942,1.3496299999999999,1.34942,1.3496000000000001,594
1786575600,2026-08-12 23:00:00+00:00,1.3496000000000001,1.34972,1.34958,1.34962,777
1786576500,2026-08-12 23:15:00+00:00,1.34962,1.34975,1.34961,1.34971,563
1786577400,2026-08-12 23:30:00+00:00,1.34971,1.34974,1.3495300000000001,1.3496000000000001,889
1786578300,2026-08-12 23:45:00+00:00,1.3496000000000001,1.3498,1.3495,1.34974,1618
1786579200,2026-08-13 00:00:00+00:00,1.34974,1.34998,1.34969,1.34973,3165
1786580100,2026-08-13 00:15:00+00:00,1.34974,1.35,1.34972,1.34984,2502
1786581000,2026-08-13 00:30:00+00:00,1.34984,1.35009,1.3498299999999999,1.34995,3224
1786581900,2026-08-13 00:45:00+00:00,1.34995,1.34996,1.34945,1.34978,2782
1786582800,2026-08-13 01:00:00+00:00,1.34978,1.3498700000000001,1.3495599999999999,1.3497,3557
1786583700,2026-08-13 01:15:00+00:00,1.3497,1.34992,1.34967,1.34978,2863
1786584600,2026-08-13 01:30:00+00:00,1.34978,1.34997,1.34951,1.34954,2364
1786585500,2026-08-13 01:45:00+00:00,1.34954,1.34957,1.34909,1.34924,3131
1786586400,2026-08-13 02:00:00+00:00,1.34924,1.34932,1.34905,1.34912,2036
1786587300,2026-08-13 02:15:00+00:00,1.34912,1.34912,1.34883,1.34885,1878
1786588200,2026-08-13 02:30:00+00:00,1.34885,1.34896,1.34867,1.34885,2043
1786589100,2026-08-13 02:45:00+00:00,1.34885,1.3489200000000001,1.34872,1.34882,1685
1786590000,2026-08-13 03:00:00+00:00,1.34882,1.34914,1.34867,1.34891,3054
1786590900,2026-08-13 03:15:00+00:00,1.34891,1.3489499999999999,1.3486799999999999,1.34888,2469
1786591800,2026-08-13 03:30:00+00:00,1.34888,1.34913,1.34885,1.34911,2502
1786592700,2026-08-13 03:45:00+00:00,1.34911,1.34915,1.34897,1.34903,1959
1786593600,2026-08-13 04:00:00+00:00,1.34903,1.34903,1.34874,1.34883,2342
1786594500,2026-08-13 04:15:00+00:00,1.34883,1.34884,1.3486799999999999,1.34881,1644
1786595400,2026-08-13 04:30:00+00:00,1.34881,1.3489900000000001,1.34878,1.34891,1886
1786596300,2026-08-13 04:45:00+00:00,1.34891,1.34968,1.34889,1.34954,3562
1786597200,2026-08-13 05:00:00+00:00,1.34954,1.34962,1.3494,1.3495599999999999,2926
1786598100,2026-08-13 05:15:00+00:00,1.3495599999999999,1.34978,1.34943,1.34962,2229
1786599000,2026-08-13 05:30:00+00:00,1.34962,1.34965,1.34924,1.3492899999999999,1988
1786599900,2026-08-13 05:45:00+00:00,1.3492899999999999,1.34964,1.34918,1.34934,2253
1786600800,2026-08-13 06:00:00+00:00,1.34934,1.34993,1.34897,1.349,3531
1786601700,2026-08-13 06:15:00+00:00,1.349,1.34941,1.3485,1.34863,4100
1786602600,2026-08-13 06:30:00+00:00,1.34862,1.34866,1.34742,1.34794,3933
1786603500,2026-08-13 06:45:00+00:00,1.34795,1.34835,1.34789,1.34826,3407
1786604400,2026-08-13 07:00:00+00:00,1.34826,1.34844,1.34753,1.34779,3631
1786605300,2026-08-13 07:15:00+00:00,1.34779,1.34849,1.34778,1.34843,2105
1786606200,2026-08-13 07:30:00+00:00,1.34843,1.3486099999999999,1.34802,1.34854,2474
1786607100,2026-08-13 07:45:00+00:00,1.34854,1.34882,1.34821,1.34826,3177
1786608000,2026-08-13 08:00:00+00:00,1.34827,1.34835,1.34781,1.34805,3556
1786608900,2026-08-13 08:15:00+00:00,1.34805,1.34813,1.34776,1.34794,2529
1786609800,2026-08-13 08:30:00+00:00,1.34794,1.34837,1.34788,1.34818,2721
1786610700,2026-08-13 08:45:00+00:00,1.34818,1.3483100000000001,1.3477700000000001,1.34785,2443
1786611600,2026-08-13 09:00:00+00:00,1.34785,1.34817,1.34752,1.3480699999999999,2632
1786612500,2026-08-13 09:15:00+00:00,1.3480699999999999,1.34884,1.34799,1.34874,2286
1786613400,2026-08-13 09:30:00+00:00,1.34875,1.34901,1.34866,1.34876,1660
1786614300,2026-08-13 09:45:00+00:00,1.34876,1.34917,1.3486099999999999,1.34915,2848
1786615200,2026-08-13 10:00:00+00:00,1.34916,1.34964,1.34906,1.34961,2228
1786616100,2026-08-13 10:15:00+00:00,1.34962,1.34988,1.3495300000000001,1.34985,2358
1786617000,2026-08-13 10:30:00+00:00,1.34985,1.35012,1.34969,1.3497,2586
1786617900,2026-08-13 10:45:00+00:00,1.3497,1.34974,1.34884,1.3489499999999999,1853
1786618800,2026-08-13 11:00:00+00:00,1.3489499999999999,1.34945,1.34874,1.34936,2183
1786619700,2026-08-13 11:15:00+00:00,1.34936,1.3495,1.34917,1.34948,1699
1786620600,2026-08-13 11:30:00+00:00,1.34948,1.34964,1.3492899999999999,1.34937,1857
1786621500,2026-08-13 11:45:00+00:00,1.34937,1.34966,1.34906,1.34923,2718
1786622400,2026-08-13 12:00:00+00:00,1.34923,1.34927,1.34896,1.34906,2702
1786623300,2026-08-13 12:15:00+00:00,1.34906,1.34923,1.3487,1.3490199999999999,2214
1786624200,2026-08-13 12:30:00+00:00,1.3490199999999999,1.35,1.34836,1.34961,4983
1786625100,2026-08-13 12:45:00+00:00,1.34961,1.351,1.34957,1.35088,5006
1786626000,2026-08-13 13:00:00+00:00,1.35088,1.35102,1.35022,1.35059,5305
1786626900,2026-08-13 13:15:00+00:00,1.35059,1.35087,1.35015,1.35025,3560
1786627800,2026-08-13 13:30:00+00:00,1.35025,1.35034,1.34971,1.3501,4684
1786628700,2026-08-13 13:45:00+00:00,1.3501,1.3502399999999999,1.34948,1.34986,5296
1786629600,2026-08-13 14:00:00+00:00,1.34986,1.35074,1.34984,1.35061,5611
1786630500,2026-08-13 14:15:00+00:00,1.35059,1.35132,1.35039,1.35039,5143
1786631400,2026-08-13 14:30:00+00:00,1.35039,1.35057,1.35005,1.35025,3830
1786632300,2026-08-13 14:45:00+00:00,1.35025,1.351,1.3498700000000001,1.35073,4494
1786633200,2026-08-13 15:00:00+00:00,1.35073,1.35094,1.35016,1.35027,5375
1786634100,2026-08-13 15:15:00+00:00,1.35027,1.35034,1.34949,1.3496299999999999,4861
1786635000,2026-08-13 15:30:00+00:00,1.3496299999999999,1.34989,1.34947,1.3495,4078
1786635900,2026-08-13 15:45:00+00:00,1.3495,1.34977,1.34938,1.3495599999999999,3060
1786636800,2026-08-13 16:00:00+00:00,1.3495599999999999,1.34964,1.34876,1.34888,3703
1786637700,2026-08-13 16:15:00+00:00,1.34888,1.34897,1.34828,1.34853,3215
1786638600,2026-08-13 16:30:00+00:00,1.34853,1.34863,1.34828,1.34839,3338
1786639500,2026-08-13 16:45:00+00:00,1.34839,1.34875,1.3483800000000001,1.3485800000000001,2303
1786640400,2026-08-13 17:00:00+00:00,1.3485800000000001,1.34893,1.34811,1.34815,3192
1786641300,2026-08-13 17:15:00+00:00,1.34815,1.34843,1.34808,1.34818,2476
1786642200,2026-08-13 17:30:00+00:00,1.34818,1.34842,1.34795,1.34839,3179
1786643100,2026-08-13 17:45:00+00:00,1.34839,1.34853,1.34817,1.34822,2598
1786644000,2026-08-13 18:00:00+00:00,1.34822,1.34872,1.34795,1.34857,2486
1786644900,2026-08-13 18:15:00+00:00,1.34857,1.34864,1.3483100000000001,1.34854,2142
1786645800,2026-08-13 18:30:00+00:00,1.34854,1.34876,1.34836,1.34862,2589
1786646700,2026-08-13 18:45:00+00:00,1.34862,1.3486500000000001,1.34836,1.3483800000000001,2244
1786647600,2026-08-13 19:00:00+00:00,1.3483800000000001,1.34863,1.34835,1.34846,2058
1786648500,2026-08-13 19:15:00+00:00,1.34846,1.34878,1.3483800000000001,1.34873,2393
1786649400,2026-08-13 19:30:00+00:00,1.34873,1.34885,1.3483800000000001,1.34848,2067
1786650300,2026-08-13 19:45:00+00:00,1.34848,1.34879,1.34837,1.34872,2651
1786651200,2026-08-13 20:00:00+00:00,1.34872,1.3488,1.34845,1.3485800000000001,1340
1786652100,2026-08-13 20:15:00+00:00,1.3485800000000001,1.34869,1.34848,1.34863,538
1786653000,2026-08-13 20:30:00+00:00,1.34863,1.34864,1.34849,1.34853,639
1786653900,2026-08-13 20:45:00+00:00,1.34853,1.3488,1.34851,1.34854,771
1786654800,2026-08-13 21:00:00+00:00,1.34854,1.34898,1.34767,1.34821,704
1786655700,2026-08-13 21:15:00+00:00,1.3482,1.34873,1.34819,1.34857,113
1786656600,2026-08-13 21:30:00+00:00,1.34857,1.34917,1.34852,1.34906,1143
1786657500,2026-08-13 21:45:00+00:00,1.34905,1.34906,1.3483800000000001,1.34846,445
1786658400,2026-08-13 22:00:00+00:00,1.34853,1.3488,1.34849,1.34856,705
1786659300,2026-08-13 22:15:00+00:00,1.34856,1.34882,1.34854,1.34873,422
1786660200,2026-08-13 22:30:00+00:00,1.34873,1.34881,1.3486799999999999,1.3488,414
1786661100,2026-08-13 22:45:00+00:00,1.3488,1.34887,1.34873,1.34885,482
1786662000,2026-08-13 23:00:00+00:00,1.34885,1.3490199999999999,1.34885,1.3489900000000001,945
1786662900,2026-08-13 23:15:00+00:00,1.3489900000000001,1.3489900000000001,1.34878,1.34881,769
1786663800,2026-08-13 23:30:00+00:00,1.34881,1.3490199999999999,1.3488,1.34893,1122
1786664700,2026-08-13 23:45:00+00:00,1.34893,1.34912,1.34891,1.3489900000000001,1816
1786665600,2026-08-14 00:00:00+00:00,1.3489900000000001,1.34932,1.34898,1.34915,4261
1786666500,2026-08-14 00:15:00+00:00,1.34915,1.3495,1.3491,1.34943,4187
1786667400,2026-08-14 00:30:00+00:00,1.34943,1.34962,1.34938,1.34948,3870
1786668300,2026-08-14 00:45:00+00:00,1.34948,1.3498299999999999,1.34939,1.34975,3163
1786669200,2026-08-14 01:00:00+00:00,1.34975,1.34981,1.3491,1.34914,4133
1786670100,2026-08-14 01:15:00+00:00,1.34914,1.34934,1.34896,1.34913,3063
1786671000,2026-08-14 01:30:00+00:00,1.34912,1.34958,1.3489900000000001,1.34939,2781
1786671900,2026-08-14 01:45:00+00:00,1.34939,1.34948,1.3489200000000001,1.34894,2827
1786672800,2026-08-14 02:00:00+00:00,1.34893,1.34918,1.3489,1.34909,2447
1786673700,2026-08-14 02:15:00+00:00,1.34909,1.34938,1.34906,1.34916,2012
1786674600,2026-08-14 02:30:00+00:00,1.34916,1.34941,1.34909,1.34938,2256
1786675500,2026-08-14 02:45:00+00:00,1.34938,1.3494,1.34886,1.34898,2418
1786676400,2026-08-14 03:00:00+00:00,1.34898,1.34928,1.3489,1.34924,1967
1786677300,2026-08-14 03:15:00+00:00,1.34924,1.34971,1.34918,1.34969,2527
1786678200,2026-08-14 03:30:00+00:00,1.34969,1.34977,1.34949,1.34957,2553
1786679100,2026-08-14 03:45:00+00:00,1.34957,1.34958,1.34935,1.34952,2475
1786680000,2026-08-14 04:00:00+00:00,1.34952,1.34984,1.34946,1.34968,2743
1786680900,2026-08-14 04:15:00+00:00,1.34968,1.34978,1.3495,1.34955,2627
1786681800,2026-08-14 04:30:00+00:00,1.34955,1.35002,1.34947,1.34964,2457
1786682700,2026-08-14 04:45:00+00:00,1.34964,1.34982,1.3495599999999999,1.34974,2034
1786683600,2026-08-14 05:00:00+00:00,1.34974,1.34992,1.34969,1.34979,2040
1786684500,2026-08-14 05:15:00+00:00,1.34979,1.35004,1.34974,1.34998,2049
1786685400,2026-08-14 05:30:00+00:00,1.34998,1.35027,1.3498299999999999,1.34989,4127
1786686300,2026-08-14 05:45:00+00:00,1.34989,1.35011,1.34982,1.35011,2552
1786687200,2026-08-14 06:00:00+00:00,1.35011,1.35031,1.35005,1.35016,3806
1786688100,2026-08-14 06:15:00+00:00,1.35016,1.35027,1.3498,1.34995,3157
1786689000,2026-08-14 06:30:00+00:00,1.34995,1.35038,1.34992,1.35028,3215
1786689900,2026-08-14 06:45:00+00:00,1.35028,1.3505,1.35012,1.35045,2210
1786690800,2026-08-14 07:00:00+00:00,1.35046,1.35087,1.35036,1.35058,3291
1786691700,2026-08-14 07:15:00+00:00,1.35058,1.35074,1.35034,1.3504399999999999,2431
1786692600,2026-08-14 07:30:00+00:00,1.3504399999999999,1.351,1.35029,1.35076,2169
1786693500,2026-08-14 07:45:00+00:00,1.35076,1.3513600000000001,1.35069,1.35126,3709
1786694400,2026-08-14 08:00:00+00:00,1.35126,1.35201,1.35121,1.35168,3355
1786695300,2026-08-14 08:15:00+00:00,1.35168,1.3523,1.35155,1.35221,2232
1786696200,2026-08-14 08:30:00+00:00,1.35221,1.35272,1.35195,1.35222,3154
1786697100,2026-08-14 08:45:00+00:00,1.35222,1.35242,1.35186,1.35228,3331
1786698000,2026-08-14 09:00:00+00:00,1.35228,1.3526,1.35195,1.35218,3020
1786698900,2026-08-14 09:15:00+00:00,1.35218,1.3523399999999999,1.35205,1.35225,2371
1786699800,2026-08-14 09:30:00+00:00,1.35225,1.35239,1.35199,1.35219,2423
1786700700,2026-08-14 09:45:00+00:00,1.35219,1.35253,1.35216,1.3525,1971
1786701600,2026-08-14 10:00:00+00:00,1.3525,1.3528,1.3523100000000001,1.3526500000000001,1970
1786702500,2026-08-14 10:15:00+00:00,1.3526500000000001,1.3528,1.3526,1.3526799999999999,1400
1786703400,2026-08-14 10:30:00+00:00,1.3526799999999999,1.35293,1.35266,1.35288,1457
1786704300,2026-08-14 10:45:00+00:00,1.35288,1.35298,1.35267,1.35276,2018
1786705200,2026-08-14 11:00:00+00:00,1.35276,1.3531,1.35267,1.35306,2332
1786706100,2026-08-14 11:15:00+00:00,1.35306,1.35368,1.35301,1.35346,2707
1786707000,2026-08-14 11:30:00+00:00,1.35346,1.35428,1.35345,1.35405,3217
1786707900,2026-08-14 11:45:00+00:00,1.35405,1.35415,1.35347,1.35351,2594
1786708800,2026-08-14 12:00:00+00:00,1.35351,1.35413,1.3532899999999999,1.3535599999999999,3182
1786709700,2026-08-14 12:15:00+00:00,1.3535599999999999,1.35446,1.35352,1.35431,3479
1786710600,2026-08-14 12:30:00+00:00,1.35431,1.3551199999999999,1.35357,1.35358,4903
1786711500,2026-08-14 12:45:00+00:00,1.35358,1.35415,1.35349,1.35382,3526
1786712400,2026-08-14 13:00:00+00:00,1.35382,1.35398,1.35341,1.35365,3818
1786713300,2026-08-14 13:15:00+00:00,1.35365,1.35452,1.35348,1.35431,3491
1786714200,2026-08-14 13:30:00+00:00,1.35431,1.35561,1.35412,1.35552,5150
1786715100,2026-08-14 13:45:00+00:00,1.35552,1.35618,1.35504,1.35518,4984
1786716000,2026-08-14 14:00:00+00:00,1.35518,1.35577,1.35506,1.3550900000000001,4123
1786716900,2026-08-14 14:15:00+00:00,1.3550900000000001,1.35614,1.35501,1.35584,4684
1786717800,2026-08-14 14:30:00+00:00,1.35584,1.35589,1.35492,1.35517,3675
1786718700,2026-08-14 14:45:00+00:00,1.35518,1.35518,1.35455,1.35483,4732
1786719600,2026-08-14 15:00:00+00:00,1.35483,1.35534,1.35472,1.35487,4716
1786720500,2026-08-14 15:15:00+00:00,1.35487,1.35493,1.35398,1.3548200000000001,4892
1786721400,2026-08-14 15:30:00+00:00,1.3548200000000001,1.35548,1.35481,1.35511,4184
1786722300,2026-08-14 15:45:00+00:00,1.35511,1.35572,1.3550499999999999,1.3554,3867
1786723200,2026-08-14 16:00:00+00:00,1.3554,1.3556599999999999,1.35495,1.35498,3399
1786724100,2026-08-14 16:15:00+00:00,1.35498,1.35541,1.35486,1.35489,3504
1786725000,2026-08-14 16:30:00+00:00,1.35488,1.3553,1.35462,1.35468,3340
1786725900,2026-08-14 16:45:00+00:00,1.35468,1.35471,1.35384,1.35394,2432
1786726800,2026-08-14 17:00:00+00:00,1.35394,1.35395,1.35311,1.3532,2718
1786727700,2026-08-14 17:15:00+00:00,1.3532,1.35333,1.35272,1.353,2467
1786728600,2026-08-14 17:30:00+00:00,1.353,1.35324,1.35289,1.35289,2564
1786729500,2026-08-14 17:45:00+00:00,1.3529,1.35331,1.35283,1.35323,2349
1786730400,2026-08-14 18:00:00+00:00,1.35323,1.35334,1.3529499999999999,1.35302,2383
1786731300,2026-08-14 18:15:00+00:00,1.35302,1.35348,1.3529900000000001,1.35345,1807
1786732200,2026-08-14 18:30:00+00:00,1.35345,1.35351,1.35327,1.35341,1385
1786733100,2026-08-14 18:45:00+00:00,1.35341,1.35358,1.35327,1.35332,1422
1786734000,2026-08-14 19:00:00+00:00,1.35332,1.3536000000000001,1.35321,1.35348,2029
1786734900,2026-08-14 19:15:00+00:00,1.35348,1.35374,1.35342,1.3536299999999999,1809
1786735800,2026-08-14 19:30:00+00:00,1.3536299999999999,1.35371,1.35336,1.35346,1863
1786736700,2026-08-14 19:45:00+00:00,1.35346,1.35362,1.3533,1.35348,1577
1786737600,2026-08-14 20:00:00+00:00,1.35348,1.35361,1.35337,1.35344,1031
1786738500,2026-08-14 20:15:00+00:00,1.35344,1.35366,1.35342,1.35362,937
1786739400,2026-08-14 20:30:00+00:00,1.35362,1.35362,1.35336,1.35343,345
1786740300,2026-08-14 20:45:00+00:00,1.35342,1.35348,1.35314,1.3534,4978
1786914000,2026-08-16 21:00:00+00:00,1.35262,1.3542399999999999,1.3524,1.35391,266
1786914900,2026-08-16 21:15:00+00:00,1.35391,1.35401,1.35373,1.35391,400
1786915800,2026-08-16 21:30:00+00:00,1.35391,1.35391,1.35358,1.35369,413
1786916700,2026-08-16 21:45:00+00:00,1.35369,1.35373,1.3531,1.35341,379
1786917600,2026-08-16 22:00:00+00:00,1.35341,1.3536000000000001,1.35307,1.3532199999999999,625
1786918500,2026-08-16 22:15:00+00:00,1.3532199999999999,1.35377,1.3532199999999999,1.35376,654
1786919400,2026-08-16 22:30:00+00:00,1.35376,1.35402,1.35375,1.35397,611
1786920300,2026-08-16 22:45:00+00:00,1.35397,1.35436,1.35393,1.35433,689
1786921200,2026-08-16 23:00:00+00:00,1.35433,1.35453,1.35431,1.3544100000000001,866
1786922100,2026-08-16 23:15:00+00:00,1.3544100000000001,1.3544399999999999,1.35431,1.3544100000000001,458
1786923000,2026-08-16 23:30:00+00:00,1.3544100000000001,1.35454,1.3543,1.3545099999999999,475
1786923900,2026-08-16 23:45:00+00:00,1.3545099999999999,1.35472,1.35446,1.35462,662
1786924800,2026-08-17 00:00:00+00:00,1.35462,1.35523,1.35462,1.35521,2721
1786925700,2026-08-17 00:15:00+00:00,1.35521,1.3554,1.35507,1.35531,2531
1786926600,2026-08-17 00:30:00+00:00,1.35532,1.35561,1.35525,1.35533,2285
1786927500,2026-08-17 00:45:00+00:00,1.35533,1.3556,1.35521,1.35552,2767
1786928400,2026-08-17 01:00:00+00:00,1.35552,1.35561,1.35519,1.3553,3115
1786929300,2026-08-17 01:15:00+00:00,1.3553,1.35567,1.3552,1.3553899999999999,2676
1786930200,2026-08-17 01:30:00+00:00,1.3553899999999999,1.3554300000000001,1.35503,1.3553899999999999,2576
1786931100,2026-08-17 01:45:00+00:00,1.3553899999999999,1.35561,1.35534,1.35554,2215
1786932000,2026-08-17 02:00:00+00:00,1.35554,1.35562,1.35518,1.3553899999999999,2245
1786932900,2026-08-17 02:15:00+00:00,1.3553899999999999,1.35554,1.35529,1.35551,1986
1786933800,2026-08-17 02:30:00+00:00,1.35552,1.35559,1.35497,1.35508,1924
1786934700,2026-08-17 02:45:00+00:00,1.3550900000000001,1.35522,1.35495,1.35498,1418
1786935600,2026-08-17 03:00:00+00:00,1.35497,1.3550200000000001,1.3548,1.35496,1999
1786936500,2026-08-17 03:15:00+00:00,1.35496,1.3550900000000001,1.35487,1.35492,1142
1786937400,2026-08-17 03:30:00+00:00,1.35493,1.35501,1.35467,1.3548,1583
1786938300,2026-08-17 03:45:00+00:00,1.3548,1.35521,1.35477,1.35518,1780
1786939200,2026-08-17 04:00:00+00:00,1.35519,1.35565,1.35507,1.35556,2612
1786940100,2026-08-17 04:15:00+00:00,1.35556,1.35558,1.35537,1.35547,1470
1786941000,2026-08-17 04:30:00+00:00,1.35547,1.35554,1.35537,1.3555,1258
1786941900,2026-08-17 04:45:00+00:00,1.3555,1.35552,1.3550900000000001,1.35513,1267
1786942800,2026-08-17 05:00:00+00:00,1.35513,1.35527,1.35496,1.35503,1762
1786943700,2026-08-17 05:15:00+00:00,1.35503,1.35549,1.35498,1.3554300000000001,1736
1786944600,2026-08-17 05:30:00+00:00,1.3554300000000001,1.35554,1.35528,1.35533,2495
1786945500,2026-08-17 05:45:00+00:00,1.35533,1.35587,1.35526,1.35537,3356
1786946400,2026-08-17 06:00:00+00:00,1.35537,1.35567,1.35506,1.3552,3590
1786947300,2026-08-17 06:15:00+00:00,1.35521,1.35559,1.35508,1.35555,3623
1786948200,2026-08-17 06:30:00+00:00,1.35555,1.35561,1.35508,1.3553600000000001,2434
1786949100,2026-08-17 06:45:00+00:00,1.3553600000000001,1.3560400000000001,1.35529,1.35585,3439
1786950000,2026-08-17 07:00:00+00:00,1.35586,1.35601,1.35545,1.35582,2851
1786950900,2026-08-17 07:15:00+00:00,1.35582,1.35655,1.3558,1.35651,2963
1786951800,2026-08-17 07:30:00+00:00,1.35651,1.35712,1.35646,1.35676,3219
1786952700,2026-08-17 07:45:00+00:00,1.35676,1.35677,1.3561,1.3563100000000001,2574
1786953600,2026-08-17 08:00:00+00:00,1.3563100000000001,1.35657,1.3559999999999999,1.35647,2569
1786954500,2026-08-17 08:15:00+00:00,1.35647,1.35707,1.35644,1.35706,2162
1786955400,2026-08-17 08:30:00+00:00,1.35706,1.35709,1.3559999999999999,1.35606,2229
1786956300,2026-08-17 08:45:00+00:00,1.35606,1.35617,1.35491,1.35538,3558
1786957200,2026-08-17 09:00:00+00:00,1.35537,1.35571,1.35514,1.3556,2827
1786958100,2026-08-17 09:15:00+00:00,1.3556,1.35585,1.35541,1.35577,2665
1786959000,2026-08-17 09:30:00+00:00,1.35577,1.35621,1.3557299999999999,1.35614,2390
1786959900,2026-08-17 09:45:00+00:00,1.35614,1.35617,1.3558,1.35587,2522
1786960800,2026-08-17 10:00:00+00:00,1.35587,1.35612,1.3555,1.35591,2544
1786961700,2026-08-17 10:15:00+00:00,1.35591,1.35647,1.35571,1.35636,2514
1786962600,2026-08-17 10:30:00+00:00,1.35636,1.35652,1.35577,1.35596,2568
1786963500,2026-08-17 10:45:00+00:00,1.35596,1.35598,1.35537,1.35562,1481
1786964400,2026-08-17 11:00:00+00:00,1.3556300000000001,1.35612,1.35557,1.35558,2022
1786965300,2026-08-17 11:15:00+00:00,1.35558,1.35593,1.35518,1.35588,2161
1786966200,2026-08-17 11:30:00+00:00,1.35588,1.35592,1.3553899999999999,1.35541,2213
1786967100,2026-08-17 11:45:00+00:00,1.35541,1.35569,1.35522,1.3556300000000001,2039
1786968000,2026-08-17 12:00:00+00:00,1.3556300000000001,1.3562400000000001,1.35558,1.35595,2768
1786968900,2026-08-17 12:15:00+00:00,1.35595,1.3562,1.3553,1.35557,2627
1786969800,2026-08-17 12:30:00+00:00,1.35557,1.35587,1.35538,1.35583,2076
1786970700,2026-08-17 12:45:00+00:00,1.35583,1.35609,1.35537,1.35606,2740
1786971600,2026-08-17 13:00:00+00:00,1.35606,1.35664,1.35586,1.35617,3228
1786972500,2026-08-17 13:15:00+00:00,1.35617,1.3566,1.3560400000000001,1.35617,2853
1786973400,2026-08-17 13:30:00+00:00,1.35617,1.35651,1.35554,1.35555,3761
1786974300,2026-08-17 13:45:00+00:00,1.35555,1.35603,1.3551199999999999,1.3559999999999999,3548
1786975200,2026-08-17 14:00:00+00:00,1.3559999999999999,1.35663,1.35587,1.35651,3594
1786976100,2026-08-17 14:15:00+00:00,1.35651,1.3568799999999999,1.35588,1.35609,4068
1786977000,2026-08-17 14:30:00+00:00,1.35609,1.3562,1.3555,1.35555,3049
1786977900,2026-08-17 14:45:00+00:00,1.35555,1.35569,1.3550200000000001,1.35528,4556
1786978800,2026-08-17 15:00:00+00:00,1.35528,1.3554599999999999,1.35506,1.3553,3842
1786979700,2026-08-17 15:15:00+00:00,1.3553,1.3556599999999999,1.35515,1.35561,3418
1786980600,2026-08-17 15:30:00+00:00,1.35561,1.35581,1.35516,1.35522,3812
1786981500,2026-08-17 15:45:00+00:00,1.35522,1.3562,1.35515,1.35619,2902
1786982400,2026-08-17 16:00:00+00:00,1.35619,1.35623,1.35571,1.35588,2558
1786983300,2026-08-17 16:15:00+00:00,1.35588,1.35633,1.35585,1.3561,2178
1786984200,2026-08-17 16:30:00+00:00,1.3561,1.35647,1.35609,1.3562,1772
1786985100,2026-08-17 16:45:00+00:00,1.3562,1.35621,1.35576,1.35587,2278
1786986000,2026-08-17 17:00:00+00:00,1.35587,1.3559999999999999,1.35568,1.35575,2654
1786986900,2026-08-17 17:15:00+00:00,1.35575,1.35577,1.35519,1.3554599999999999,2568
1786987800,2026-08-17 17:30:00+00:00,1.3554599999999999,1.35556,1.35442,1.35476,3060
1786988700,2026-08-17 17:45:00+00:00,1.35476,1.35494,1.3544,1.3544399999999999,1785
1786989600,2026-08-17 18:00:00+00:00,1.35443,1.35453,1.35418,1.35442,2600
1786990500,2026-08-17 18:15:00+00:00,1.35442,1.35455,1.35379,1.354,1992
1786991400,2026-08-17 18:30:00+00:00,1.354,1.35403,1.3537,1.35378,2686
1786992300,2026-08-17 18:45:00+00:00,1.35378,1.35393,1.35357,1.35377,2378
1786993200,2026-08-17 19:00:00+00:00,1.35377,1.35409,1.35362,1.35408,2043
1786994100,2026-08-17 19:15:00+00:00,1.35408,1.35432,1.35408,1.35429,1955
1786995000,2026-08-17 19:30:00+00:00,1.35429,1.35449,1.35411,1.35446,2313
1786995900,2026-08-17 19:45:00+00:00,1.35446,1.3544800000000001,1.35415,1.35433,1797
1786996800,2026-08-17 20:00:00+00:00,1.35433,1.35449,1.35412,1.35412,639
1786997700,2026-08-17 20:15:00+00:00,1.35413,1.3545099999999999,1.35411,1.35438,222
1786998600,2026-08-17 20:30:00+00:00,1.35438,1.3544100000000001,1.35428,1.3543,328
1786999500,2026-08-17 20:45:00+00:00,1.3543,1.35438,1.35403,1.35431,685
1787000400,2026-08-17 21:00:00+00:00,1.35435,1.35494,1.3538299999999999,1.35459,511
1787001300,2026-08-17 21:15:00+00:00,1.35459,1.35504,1.35416,1.35453,1106
1787002200,2026-08-17 21:30:00+00:00,1.35453,1.35453,1.35401,1.35442,408
1787003100,2026-08-17 21:45:00+00:00,1.35442,1.35446,1.35402,1.35418,330
1787004000,2026-08-17 22:00:00+00:00,1.35418,1.3544100000000001,1.35415,1.35439,685
1787004900,2026-08-17 22:15:00+00:00,1.35439,1.35454,1.35429,1.3545,563
1787005800,2026-08-17 22:30:00+00:00,1.3545,1.3545,1.35426,1.35439,434
1787006700,2026-08-17 22:45:00+00:00,1.3544,1.35442,1.35431,1.3544,532
1787007600,2026-08-17 23:00:00+00:00,1.3544,1.3546,1.35436,1.35457,422
1787008500,2026-08-17 23:15:00+00:00,1.35457,1.3547799999999999,1.35455,1.35477,468
1787009400,2026-08-17 23:30:00+00:00,1.35476,1.35514,1.35472,1.3551199999999999,448
1787010300,2026-08-17 23:45:00+00:00,1.3551199999999999,1.35521,1.35491,1.35504,1021
1787011200,2026-08-18 00:00:00+00:00,1.35504,1.35542,1.35501,1.35515,2686
1787012100,2026-08-18 00:15:00+00:00,1.35515,1.35527,1.35477,1.35479,2313
1787013000,2026-08-18 00:30:00+00:00,1.35479,1.35497,1.3545,1.3549,2379
1787013900,2026-08-18 00:45:00+00:00,1.3549,1.35504,1.35466,1.35503,2354
1787014800,2026-08-18 01:00:00+00:00,1.35503,1.3553600000000001,1.3548200000000001,1.35529,3007
1787015700,2026-08-18 01:15:00+00:00,1.35529,1.35531,1.35458,1.3548499999999999,2161
1787016600,2026-08-18 01:30:00+00:00,1.3548499999999999,1.35522,1.3548200000000001,1.35484,1882
1787017500,2026-08-18 01:45:00+00:00,1.35484,1.35488,1.35452,1.35463,2225
1787018400,2026-08-18 02:00:00+00:00,1.35463,1.3547,1.35436,1.35438,2596
1787019300,2026-08-18 02:15:00+00:00,1.35438,1.35447,1.3541400000000001,1.35425,2381
1787020200,2026-08-18 02:30:00+00:00,1.35425,1.35428,1.35394,1.35423,2339
1787021100,2026-08-18 02:45:00+00:00,1.35423,1.35462,1.35416,1.3546,1941
1787022000,2026-08-18 03:00:00+00:00,1.3546,1.35461,1.35416,1.35419,1809
1787022900,2026-08-18 03:15:00+00:00,1.35419,1.3542,1.35371,1.3538000000000001,1679
1787023800,2026-08-18 03:30:00+00:00,1.3538000000000001,1.35381,1.35354,1.35362,1842
1787024700,2026-08-18 03:45:00+00:00,1.35362,1.3536299999999999,1.3534,1.35352,1763
1787025600,2026-08-18 04:00:00+00:00,1.35351,1.35361,1.35311,1.35316,1809
1787026500,2026-08-18 04:15:00+00:00,1.35316,1.3538000000000001,1.3531,1.35366,2009
1787027400,2026-08-18 04:30:00+00:00,1.35367,1.3537,1.35337,1.35361,951
1787028300,2026-08-18 04:45:00+00:00,1.35361,1.3538000000000001,1.35351,1.35352,1283
1787029200,2026-08-18 05:00:00+00:00,1.35352,1.3535599999999999,1.35336,1.35338,1424
1787030100,2026-08-18 05:15:00+00:00,1.35338,1.35388,1.3532899999999999,1.3538000000000001,1309
1787031000,2026-08-18 05:30:00+00:00,1.3538000000000001,1.35388,1.3535300000000001,1.3537,1282
1787031900,2026-08-18 05:45:00+00:00,1.3537,1.35392,1.35355,1.35355,1116
1787032800,2026-08-18 06:00:00+00:00,1.35355,1.35431,1.35218,1.35279,4353
1787033700,2026-08-18 06:15:00+00:00,1.35279,1.35331,1.35255,1.3532600000000001,3431
1787034600,2026-08-18 06:30:00+00:00,1.3532600000000001,1.35331,1.35255,1.35282,3521
1787035500,2026-08-18 06:45:00+00:00,1.35282,1.35284,1.35212,1.3526799999999999,3456
1787036400,2026-08-18 07:00:00+00:00,1.3527,1.35289,1.3520400000000001,1.35216,3713
1787037300,2026-08-18 07:15:00+00:00,1.35215,1.35274,1.35195,1.35249,2560
1787038200,2026-08-18 07:30:00+00:00,1.35249,1.35304,1.35236,1.35289,2774
1787039100,2026-08-18 07:45:00+00:00,1.35289,1.35313,1.35259,1.35287,2332
1787040000,2026-08-18 08:00:00+00:00,1.35287,1.35288,1.35236,1.35255,2905
1787040900,2026-08-18 08:15:00+00:00,1.35255,1.35282,1.35235,1.3528,2513
1787041800,2026-08-18 08:30:00+00:00,1.3528,1.35305,1.3526500000000001,1.3529499999999999,2096
1787042700,2026-08-18 08:45:00+00:00,1.3529499999999999,1.35336,1.35282,1.35321,1949
1787043600,2026-08-18 09:00:00+00:00,1.3531900000000001,1.35321,1.35284,1.35287,1717
1787044500,2026-08-18 09:15:00+00:00,1.35287,1.35328,1.35263,1.35318,2378
1787045400,2026-08-18 09:30:00+00:00,1.3531900000000001,1.35335,1.35272,1.35301,2495
1787046300,2026-08-18 09:45:00+00:00,1.35301,1.35336,1.35296,1.3531900000000001,2625
1787047200,2026-08-18 10:00:00+00:00,1.3532,1.35321,1.35257,1.35257,2410
1787048100,2026-08-18 10:15:00+00:00,1.3525800000000001,1.3529200000000001,1.35245,1.35288,2072
1787049000,2026-08-18 10:30:00+00:00,1.35287,1.35302,1.35269,1.35271,1462
1787049900,2026-08-18 10:45:00+00:00,1.35271,1.35305,1.35242,1.3525800000000001,2751
1787050800,2026-08-18 11:00:00+00:00,1.3525800000000001,1.35275,1.35222,1.35239,1646
1787051700,2026-08-18 11:15:00+00:00,1.35239,1.3524,1.35196,1.35202,1495
1787052600,2026-08-18 11:30:00+00:00,1.35202,1.3523800000000001,1.35199,1.35215,1790
1787053500,2026-08-18 11:45:00+00:00,1.35215,1.35276,1.35215,1.35271,1913
1787054400,2026-08-18 12:00:00+00:00,1.35271,1.3529,1.35248,1.35278,3128
1787055300,2026-08-18 12:15:00+00:00,1.35278,1.35321,1.3526,1.35275,2784
1787056200,2026-08-18 12:30:00+00:00,1.35275,1.35301,1.35236,1.35288,2268
1787057100,2026-08-18 12:45:00+00:00,1.35288,1.35342,1.35278,1.35314,2800
1787058000,2026-08-18 13:00:00+00:00,1.35314,1.3538000000000001,1.35311,1.35373,3095
1787058900,2026-08-18 13:15:00+00:00,1.35374,1.35376,1.3532199999999999,1.35335,2743
1787059800,2026-08-18 13:30:00+00:00,1.35335,1.35437,1.35282,1.35388,5599
1787060700,2026-08-18 13:45:00+00:00,1.35388,1.35409,1.35327,1.35408,3673
1787061600,2026-08-18 14:00:00+00:00,1.35408,1.35458,1.35394,1.3542,4536
1787062500,2026-08-18 14:15:00+00:00,1.3542,1.35487,1.35405,1.35439,3210
1787063400,2026-08-18 14:30:00+00:00,1.35439,1.35463,1.3538999999999999,1.35459,3083
1787064300,2026-08-18 14:45:00+00:00,1.35459,1.35511,1.35422,1.35427,5160
1787065200,2026-08-18 15:00:00+00:00,1.35427,1.35483,1.35366,1.35368,5683
1787066100,2026-08-18 15:15:00+00:00,1.35368,1.3542100000000001,1.35364,1.35394,4881
1787067000,2026-08-18 15:30:00+00:00,1.35394,1.35407,1.35362,1.35381,3831
1787067900,2026-08-18 15:45:00+00:00,1.35381,1.3544399999999999,1.3538000000000001,1.35427,3066
1787068800,2026-08-18 16:00:00+00:00,1.35428,1.35462,1.35406,1.35438,2793
1787069700,2026-08-18 16:15:00+00:00,1.35438,1.35471,1.35416,1.3542100000000001,3029
1787070600,2026-08-18 16:30:00+00:00,1.35427,1.35449,1.35409,1.3544100000000001,2643
1787071500,2026-08-18 16:45:00+00:00,1.3544100000000001,1.3544800000000001,1.35405,1.35405,2174
1787072400,2026-08-18 17:00:00+00:00,1.35406,1.3541400000000001,1.35338,1.35345,2234
1787073300,2026-08-18 17:15:00+00:00,1.35345,1.35376,1.35342,1.35358,2064
1787074200,2026-08-18 17:30:00+00:00,1.35358,1.35358,1.35321,1.35347,2395
1787075100,2026-08-18 17:45:00+00:00,1.35346,1.35358,1.35337,1.35347,2131
1787076000,2026-08-18 18:00:00+00:00,1.35347,1.35355,1.35325,1.35351,1757
1787076900,2026-08-18 18:15:00+00:00,1.35351,1.35381,1.3535,1.35372,1832
1787077800,2026-08-18 18:30:00+00:00,1.35372,1.35373,1.35334,1.35335,1429
1787078700,2026-08-18 18:45:00+00:00,1.35335,1.35341,1.35325,1.35339,1441
1787079600,2026-08-18 19:00:00+00:00,1.35339,1.3537,1.35325,1.35357,1898
1787080500,2026-08-18 19:15:00+00:00,1.35357,1.35364,1.35345,1.35351,1541
1787081400,2026-08-18 19:30:00+00:00,1.35351,1.35397,1.35347,1.35371,1746
1787082300,2026-08-18 19:45:00+00:00,1.35371,1.35377,1.35313,1.35327,2025
1787083200,2026-08-18 20:00:00+00:00,1.35327,1.35328,1.35288,1.35306,1357
1787084100,2026-08-18 20:15:00+00:00,1.35306,1.35308,1.35286,1.35297,616
1787085000,2026-08-18 20:30:00+00:00,1.35296,1.3532,1.3529499999999999,1.35316,952
1787085900,2026-08-18 20:45:00+00:00,1.35316,1.3532199999999999,1.35307,1.35315,895
1787086800,2026-08-18 21:00:00+00:00,1.3531900000000001,1.3538700000000001,1.35256,1.3535599999999999,612
1787087700,2026-08-18 21:15:00+00:00,1.3535599999999999,1.3536000000000001,1.35303,1.35341,331
1787088600,2026-08-18 21:30:00+00:00,1.35339,1.35346,1.35315,1.3532,667
1787089500,2026-08-18 21:45:00+00:00,1.3532,1.35364,1.3529,1.3535300000000001,443
1787090400,2026-08-18 22:00:00+00:00,1.3535300000000001,1.35372,1.35311,1.35312,1038
1787091300,2026-08-18 22:15:00+00:00,1.35312,1.35325,1.35309,1.35317,508
1787092200,2026-08-18 22:30:00+00:00,1.35317,1.35327,1.35309,1.35317,391
1787093100,2026-08-18 22:45:00+00:00,1.35317,1.35342,1.35317,1.35337,315
1787094000,2026-08-18 23:00:00+00:00,1.35337,1.3536299999999999,1.35337,1.35351,646
1787094900,2026-08-18 23:15:00+00:00,1.35351,1.35354,1.3532,1.3532899999999999,426
1787095800,2026-08-18 23:30:00+00:00,1.3532899999999999,1.35342,1.3531900000000001,1.35323,782
1787096700,2026-08-18 23:45:00+00:00,1.35323,1.35362,1.35316,1.35362,988
1787097600,2026-08-19 00:00:00+00:00,1.35362,1.35416,1.3535,1.35402,3794
1787098500,2026-08-19 00:15:00+00:00,1.35402,1.3541,1.35376,1.35382,3255
1787099400,2026-08-19 00:30:00+00:00,1.35382,1.35386,1.35335,1.35346,3060
1787100300,2026-08-19 00:45:00+00:00,1.35346,1.3535,1.3529,1.3529,3892
1787101200,2026-08-19 01:00:00+00:00,1.3529,1.35301,1.3526,1.3526500000000001,3874
1787102100,2026-08-19 01:15:00+00:00,1.3526500000000001,1.35279,1.3523399999999999,1.35279,3408
1787103000,2026-08-19 01:30:00+00:00,1.35278,1.3529900000000001,1.35275,1.35288,2783
1787103900,2026-08-19 01:45:00+00:00,1.35288,1.35315,1.35275,1.35307,2618
1787104800,2026-08-19 02:00:00+00:00,1.35307,1.35351,1.35301,1.35346,2580
1787105700,2026-08-19 02:15:00+00:00,1.35346,1.35415,1.35318,1.35364,4085
1787106600,2026-08-19 02:30:00+00:00,1.35364,1.3541699999999999,1.35351,1.3541,2723
1787107500,2026-08-19 02:45:00+00:00,1.3541,1.35437,1.3537,1.35397,3068
1787108400,2026-08-19 03:00:00+00:00,1.35398,1.35416,1.3537,1.3538999999999999,2412
1787109300,2026-08-19 03:15:00+00:00,1.3538999999999999,1.35411,1.35389,1.35402,2323
1787110200,2026-08-19 03:30:00+00:00,1.35402,1.3541,1.35375,1.35388,1499
1787111100,2026-08-19 03:45:00+00:00,1.35388,1.35396,1.35369,1.35371,1785
1787112000,2026-08-19 04:00:00+00:00,1.35371,1.354,1.35361,1.35398,1470
1787112900,2026-08-19 04:15:00+00:00,1.35398,1.35399,1.3538000000000001,1.3538700000000001,2456
1787113800,2026-08-19 04:30:00+00:00,1.3538700000000001,1.35418,1.35365,1.35386,2308
1787114700,2026-08-19 04:45:00+00:00,1.35386,1.35425,1.35381,1.35418,2151
1787115600,2026-08-19 05:00:00+00:00,1.35418,1.35431,1.35395,1.35416,2351
1787116500,2026-08-19 05:15:00+00:00,1.35416,1.35431,1.35406,1.35418,2550
1787117400,2026-08-19 05:30:00+00:00,1.35418,1.3544,1.35409,1.35436,3098
1787118300,2026-08-19 05:45:00+00:00,1.35436,1.35449,1.35419,1.35434,2685
1787119200,2026-08-19 06:00:00+00:00,1.35438,1.35491,1.35406,1.35437,2607
1787120100,2026-08-19 06:15:00+00:00,1.35437,1.3558,1.35434,1.35538,3433
1787121000,2026-08-19 06:30:00+00:00,1.35538,1.35548,1.35489,1.35517,3317
1787121900,2026-08-19 06:45:00+00:00,1.35517,1.35535,1.35495,1.3551,3527
1787122800,2026-08-19 07:00:00+00:00,1.35511,1.35559,1.35479,1.35479,3292
1787123700,2026-08-19 07:15:00+00:00,1.3548,1.35522,1.3544800000000001,1.35499,2570
1787124600,2026-08-19 07:30:00+00:00,1.35499,1.35542,1.35489,1.35517,2671
1787125500,2026-08-19 07:45:00+00:00,1.35516,1.3556,1.35513,1.35558,2479
1787126400,2026-08-19 08:00:00+00:00,1.35559,1.35651,1.35542,1.35628,3402
1787127300,2026-08-19 08:15:00+00:00,1.35628,1.3566099999999999,1.35552,1.3556300000000001,2563
1787128200,2026-08-19 08:30:00+00:00,1.3556300000000001,1.35613,1.35534,1.35608,2128
1787129100,2026-08-19 08:45:00+00:00,1.35608,1.35629,1.35526,1.35532,2256
1787130000,2026-08-19 09:00:00+00:00,1.35532,1.35571,1.35497,1.3553600000000001,2320
1787130900,2026-08-19 09:15:00+00:00,1.3553600000000001,1.35576,1.35511,1.35551,2188
1787131800,2026-08-19 09:30:00+00:00,1.35551,1.35567,1.3552,1.35542,2617
1787132700,2026-08-19 09:45:00+00:00,1.35542,1.35593,1.35535,1.35583,2414
1787133600,2026-08-19 10:00:00+00:00,1.35583,1.35618,1.35556,1.35616,2372
1787134500,2026-08-19 10:15:00+00:00,1.35616,1.3563100000000001,1.35593,1.35625,2114
1787135400,2026-08-19 10:30:00+00:00,1.35625,1.35642,1.35615,1.3563100000000001,1752
1787136300,2026-08-19 10:45:00+00:00,1.3563100000000001,1.35644,1.3554599999999999,1.35562,2030
1787137200,2026-08-19 11:00:00+00:00,1.35562,1.35606,1.35518,1.35556,2204
1787138100,2026-08-19 11:15:00+00:00,1.35556,1.35565,1.35537,1.35541,2114
1787139000,2026-08-19 11:30:00+00:00,1.35541,1.35556,1.3547500000000001,1.35495,2244
1787139900,2026-08-19 11:45:00+00:00,1.35495,1.35554,1.35495,1.3553,2493
1787140800,2026-08-19 12:00:00+00:00,1.3553,1.35579,1.35524,1.35578,2649
1787141700,2026-08-19 12:15:00+00:00,1.35578,1.35648,1.35576,1.3560699999999999,2625
1787142600,2026-08-19 12:30:00+00:00,1.3560699999999999,1.3589,1.35605,1.3589,8509
1787143500,2026-08-19 12:45:00+00:00,1.3589,1.36032,1.35856,1.35949,7007
1787144400,2026-08-19 13:00:00+00:00,1.35948,1.36173,1.35948,1.3614899999999999,8280
1787145300,2026-08-19 13:15:00+00:00,1.3614899999999999,1.36222,1.36115,1.3622,6354
1787146200,2026-08-19 13:30:00+00:00,1.36219,1.36242,1.3612600000000001,1.36186,7146
1787147100,2026-08-19 13:45:00+00:00,1.36186,1.36237,1.36097,1.36175,8866
1787148000,2026-08-19 14:00:00+00:00,1.36175,1.36249,1.36134,1.36197,7548
1787148900,2026-08-19 14:15:00+00:00,1.36197,1.3624399999999999,1.36148,1.36237,6384
1787149800,2026-08-19 14:30:00+00:00,1.36238,1.3630499999999999,1.36201,1.3625099999999999,6495
1787150700,2026-08-19 14:45:00+00:00,1.3625099999999999,1.36254,1.36064,1.36087,7828
1787151600,2026-08-19 15:00:00+00:00,1.3608799999999999,1.36138,1.36046,1.36137,7102
1787152500,2026-08-19 15:15:00+00:00,1.36137,1.3615599999999999,1.36009,1.36075,6182
1787153400,2026-08-19 15:30:00+00:00,1.36075,1.36112,1.36063,1.36097,4743
1787154300,2026-08-19 15:45:00+00:00,1.36097,1.36107,1.36018,1.36068,3777
1787155200,2026-08-19 16:00:00+00:00,1.36068,1.36123,1.36041,1.36102,4479
1787156100,2026-08-19 16:15:00+00:00,1.36102,1.36125,1.36066,1.36079,4208
1787157000,2026-08-19 16:30:00+00:00,1.36079,1.3612199999999999,1.36072,1.3609499999999999,2773
1787157900,2026-08-19 16:45:00+00:00,1.3609499999999999,1.36157,1.36086,1.36102,3329
1787158800,2026-08-19 17:00:00+00:00,1.36102,1.36159,1.36021,1.36037,5260
1787159700,2026-08-19 17:15:00+00:00,1.36037,1.36038,1.35957,1.35982,2735
1787160600,2026-08-19 17:30:00+00:00,1.35982,1.35991,1.35934,1.35951,3314
1787161500,2026-08-19 17:45:00+00:00,1.35951,1.35974,1.35904,1.3591,3162
1787162400,2026-08-19 18:00:00+00:00,1.3591,1.36032,1.35899,1.35999,5029
1787163300,2026-08-19 18:15:00+00:00,1.35999,1.36012,1.35897,1.35913,3491
1787164200,2026-08-19 18:30:00+00:00,1.3591199999999999,1.36078,1.3590900000000001,1.3605800000000001,3437
1787165100,2026-08-19 18:45:00+00:00,1.3605800000000001,1.361,1.3605,1.3607,3282
1787166000,2026-08-19 19:00:00+00:00,1.3607,1.36107,1.3602699999999999,1.36067,3247
1787166900,2026-08-19 19:15:00+00:00,1.36067,1.3612,1.36066,1.36113,3335
1787167800,2026-08-19 19:30:00+00:00,1.36113,1.3611900000000001,1.36038,1.36067,4650
1787168700,2026-08-19 19:45:00+00:00,1.36067,1.36108,1.36048,1.36077,3872
1787169600,2026-08-19 20:00:00+00:00,1.36077,1.361,1.36038,1.3604,1328
1787170500,2026-08-19 20:15:00+00:00,1.3604,1.36041,1.36023,1.36026,675
1787171400,2026-08-19 20:30:00+00:00,1.36025,1.36072,1.36022,1.3606099999999999,905
1787172300,2026-08-19 20:45:00+00:00,1.3606099999999999,1.36077,1.36053,1.36053,756
1787173200,2026-08-19 21:00:00+00:00,1.36053,1.36086,1.35976,1.36035,285
1787174100,2026-08-19 21:15:00+00:00,1.36035,1.36135,1.36028,1.3607,856
1787175000,2026-08-19 21:30:00+00:00,1.3607,1.3608799999999999,1.3605,1.36078,713
1787175900,2026-08-19 21:45:00+00:00,1.36078,1.36089,1.3602,1.36072,637
1787176800,2026-08-19 22:00:00+00:00,1.36072,1.36099,1.36062,1.36079,673
1787177700,2026-08-19 22:15:00+00:00,1.36079,1.36081,1.36069,1.36078,656
1787178600,2026-08-19 22:30:00+00:00,1.36078,1.36086,1.3606,1.36063,768
1787179500,2026-08-19 22:45:00+00:00,1.36063,1.36067,1.36033,1.36033,779
1787180400,2026-08-19 23:00:00+00:00,1.36033,1.36068,1.36018,1.36038,1436
1787181300,2026-08-19 23:15:00+00:00,1.36038,1.36043,1.36016,1.36019,967
1787182200,2026-08-19 23:30:00+00:00,1.36019,1.36028,1.35999,1.35999,860
1787183100,2026-08-19 23:45:00+00:00,1.35999,1.36013,1.35987,1.36001,965
1787184000,2026-08-20 00:00:00+00:00,1.36001,1.3607,1.35995,1.36028,4723
1787184900,2026-08-20 00:15:00+00:00,1.3602699999999999,1.36059,1.35999,1.36009,3596
1787185800,2026-08-20 00:30:00+00:00,1.36009,1.36048,1.36005,1.36008,3098
1787186700,2026-08-20 00:45:00+00:00,1.36007,1.36009,1.35976,1.35995,3357
1787187600,2026-08-20 01:00:00+00:00,1.35995,1.36001,1.35947,1.35979,4271
1787188500,2026-08-20 01:15:00+00:00,1.35979,1.36069,1.35976,1.36057,3984
1787189400,2026-08-20 01:30:00+00:00,1.36057,1.36084,1.35998,1.36057,5891
1787190300,2026-08-20 01:45:00+00:00,1.36057,1.36078,1.36026,1.36077,3562
1787191200,2026-08-20 02:00:00+00:00,1.36077,1.3615,1.36068,1.36082,4194
1787192100,2026-08-20 02:15:00+00:00,1.36081,1.36083,1.36019,1.36047,3274
1787193000,2026-08-20 02:30:00+00:00,1.36048,1.36074,1.3603100000000001,1.36045,2924
1787193900,2026-08-20 02:45:00+00:00,1.36046,1.36059,1.36033,1.3605,2257
1787194800,2026-08-20 03:00:00+00:00,1.3605,1.36107,1.36045,1.36099,2188
1787195700,2026-08-20 03:15:00+00:00,1.36099,1.3614,1.36072,1.36106,2530
1787196600,2026-08-20 03:30:00+00:00,1.36106,1.36129,1.36096,1.36125,2722
1787197500,2026-08-20 03:45:00+00:00,1.36125,1.36147,1.36121,1.36139,1985
1787198400,2026-08-20 04:00:00+00:00,1.3614,1.36166,1.3612,1.36154,1726
1787199300,2026-08-20 04:15:00+00:00,1.36154,1.36158,1.36118,1.36125,2223
1787200200,2026-08-20 04:30:00+00:00,1.36125,1.36132,1.36104,1.36105,1939
1787201100,2026-08-20 04:45:00+00:00,1.36105,1.36115,1.36059,1.36072,2625
1787202000,2026-08-20 05:00:00+00:00,1.36073,1.36102,1.36069,1.3608,2724
1787202900,2026-08-20 05:15:00+00:00,1.3608,1.3608799999999999,1.36042,1.36045,2974
1787203800,2026-08-20 05:30:00+00:00,1.36045,1.36069,1.3601,1.36017,3752
1787204700,2026-08-20 05:45:00+00:00,1.36017,1.36064,1.35999,1.36046,3455
1787205600,2026-08-20 06:00:00+00:00,1.36047,1.3612600000000001,1.3602699999999999,1.36108,4474
1787206500,2026-08-20 06:15:00+00:00,1.36108,1.36111,1.36059,1.36072,3842
1787207400,2026-08-20 06:30:00+00:00,1.36072,1.36097,1.36049,1.3609,3597
1787208300,2026-08-20 06:45:00+00:00,1.3609,1.3617,1.36089,1.36165,4832
1787209200,2026-08-20 07:00:00+00:00,1.36165,1.3618299999999999,1.36087,1.36129,4196
1787210100,2026-08-20 07:15:00+00:00,1.36129,1.36147,1.36107,1.36131,3270
1787211000,2026-08-20 07:30:00+00:00,1.36131,1.36314,1.3612600000000001,1.3627500000000001,4322
1787211900,2026-08-20 07:45:00+00:00,1.3627500000000001,1.36285,1.36202,1.36249,4337
1787212800,2026-08-20 08:00:00+00:00,1.36249,1.36303,1.36231,1.363,3757
1787213700,2026-08-20 08:15:00+00:00,1.363,1.3636300000000001,1.36295,1.36333,2580
1787214600,2026-08-20 08:30:00+00:00,1.36333,1.36362,1.36295,1.36327,3494
1787215500,2026-08-20 08:45:00+00:00,1.36327,1.36374,1.36321,1.36354,3154
1787216400,2026-08-20 09:00:00+00:00,1.36355,1.36416,1.36315,1.3639700000000001,3294
1787217300,2026-08-20 09:15:00+00:00,1.3639700000000001,1.36455,1.36391,1.36437,3776
1787218200,2026-08-20 09:30:00+00:00,1.36437,1.36457,1.36394,1.36448,2764
1787219100,2026-08-20 09:45:00+00:00,1.36448,1.36478,1.36419,1.36476,3228
1787220000,2026-08-20 10:00:00+00:00,1.36477,1.36595,1.36418,1.36539,3281
1787220900,2026-08-20 10:15:00+00:00,1.36539,1.36567,1.36501,1.36562,2046
1787221800,2026-08-20 10:30:00+00:00,1.36562,1.36571,1.36475,1.36478,2990
1787222700,2026-08-20 10:45:00+00:00,1.36478,1.36483,1.36408,1.36444,2787
1787223600,2026-08-20 11:00:00+00:00,1.36444,1.36459,1.36316,1.3633899999999999,2883
1787224500,2026-08-20 11:15:00+00:00,1.3633899999999999,1.36403,1.3632900000000001,1.36355,2303
1787225400,2026-08-20 11:30:00+00:00,1.36355,1.36429,1.36323,1.36326,3234
1787226300,2026-08-20 11:45:00+00:00,1.36326,1.36349,1.3629,1.36318,3977
1787227200,2026-08-20 12:00:00+00:00,1.36318,1.36343,1.36204,1.3632900000000001,5639
1787228100,2026-08-20 12:15:00+00:00,1.36331,1.36404,1.3632900000000001,1.3636,3855
1787229000,2026-08-20 12:30:00+00:00,1.3636,1.36388,1.36256,1.36383,4557
1787229900,2026-08-20 12:45:00+00:00,1.36383,1.36455,1.36354,1.36422,5572
1787230800,2026-08-20 13:00:00+00:00,1.36423,1.36528,1.36423,1.36437,4929
1787231700,2026-08-20 13:15:00+00:00,1.36437,1.3649499999999999,1.36385,1.3642,4030
1787232600,2026-08-20 13:30:00+00:00,1.3642,1.36443,1.36351,1.36389,6068
1787233500,2026-08-20 13:45:00+00:00,1.36389,1.36404,1.3632900000000001,1.3633899999999999,4302
1787234400,2026-08-20 14:00:00+00:00,1.3633899999999999,1.36399,1.36276,1.36285,4542
1787235300,2026-08-20 14:15:00+00:00,1.36285,1.36368,1.36266,1.3635,4588
1787236200,2026-08-20 14:30:00+00:00,1.3635,1.36368,1.3630900000000001,1.36325,3301
1787237100,2026-08-20 14:45:00+00:00,1.36325,1.36364,1.36295,1.36317,3848
1787238000,2026-08-20 15:00:00+00:00,1.36317,1.36479,1.36303,1.36379,8527
1787238900,2026-08-20 15:15:00+00:00,1.36379,1.36421,1.36296,1.3642,6688
1787239800,2026-08-20 15:30:00+00:00,1.3642,1.36444,1.36273,1.36296,7234
1787240700,2026-08-20 15:45:00+00:00,1.36296,1.36381,1.36282,1.36368,6333
1787241600,2026-08-20 16:00:00+00:00,1.36368,1.36378,1.3630900000000001,1.3631199999999999,5039
1787242500,2026-08-20 16:15:00+00:00,1.36313,1.3632900000000001,1.36272,1.3627500000000001,3888
1787243400,2026-08-20 16:30:00+00:00,1.3627500000000001,1.36289,1.36237,1.36274,3952
1787244300,2026-08-20 16:45:00+00:00,1.36274,1.36335,1.3627,1.36306,3355
1787245200,2026-08-20 17:00:00+00:00,1.36306,1.36316,1.36245,1.3624800000000001,3428
1787246100,2026-08-20 17:15:00+00:00,1.36249,1.3627,1.36235,1.3626800000000001,2853
1787247000,2026-08-20 17:30:00+00:00,1.3626800000000001,1.36272,1.3623,1.3624800000000001,2308
1787247900,2026-08-20 17:45:00+00:00,1.3624800000000001,1.36277,1.36245,1.36274,2339
1787248800,2026-08-20 18:00:00+00:00,1.36274,1.36284,1.36216,1.36228,2694
1787249700,2026-08-20 18:15:00+00:00,1.36228,1.36242,1.36206,1.36231,2130
1787250600,2026-08-20 18:30:00+00:00,1.36231,1.36255,1.36229,1.36237,2430
1787251500,2026-08-20 18:45:00+00:00,1.36237,1.36282,1.36236,1.36277,2404
1787252400,2026-08-20 19:00:00+00:00,1.36277,1.363,1.3625099999999999,1.36298,2864
1787253300,2026-08-20 19:15:00+00:00,1.36298,1.36304,1.36284,1.3629,2112
1787254200,2026-08-20 19:30:00+00:00,1.3629,1.3630200000000001,1.3627099999999999,1.3628,2400
1787255100,2026-08-20 19:45:00+00:00,1.3628,1.36308,1.36273,1.36285,2186
1787256000,2026-08-20 20:00:00+00:00,1.36285,1.3630200000000001,1.36285,1.3629,810
1787256900,2026-08-20 20:15:00+00:00,1.3629,1.36292,1.36274,1.36284,439
1787257800,2026-08-20 20:30:00+00:00,1.36284,1.36327,1.36283,1.3632,500
1787258700,2026-08-20 20:45:00+00:00,1.3632,1.3633,1.36299,1.363,812
1787259600,2026-08-20 21:00:00+00:00,1.363,1.36317,1.36226,1.3630200000000001,360
1787260500,2026-08-20 21:15:00+00:00,1.36295,1.36307,1.36281,1.36299,201
1787261400,2026-08-20 21:30:00+00:00,1.36299,1.36324,1.36276,1.3629,685
1787262300,2026-08-20 21:45:00+00:00,1.3629,1.36322,1.36283,1.36311,1158
1787263200,2026-08-20 22:00:00+00:00,1.36311,1.36351,1.3630900000000001,1.3634,595
1787264100,2026-08-20 22:15:00+00:00,1.3634,1.36361,1.36324,1.3635,465
1787265000,2026-08-20 22:30:00+00:00,1.3635,1.36351,1.3633600000000001,1.36344,425
1787265900,2026-08-20 22:45:00+00:00,1.36344,1.36369,1.36344,1.36361,458
1787266800,2026-08-20 23:00:00+00:00,1.36361,1.36399,1.36359,1.36388,1094
1787267700,2026-08-20 23:15:00+00:00,1.36388,1.3641,1.36385,1.3639700000000001,695
1787268600,2026-08-20 23:30:00+00:00,1.36398,1.36413,1.36379,1.36405,1009
1787269500,2026-08-20 23:45:00+00:00,1.36405,1.36438,1.3639700000000001,1.3643,1373
1787270400,2026-08-21 00:00:00+00:00,1.3643,1.3645399999999999,1.3639000000000001,1.36448,2359
1787271300,2026-08-21 00:15:00+00:00,1.36449,1.36467,1.3641,1.3642,2345
1787272200,2026-08-21 00:30:00+00:00,1.36421,1.36436,1.36384,1.36396,2813
1787273100,2026-08-21 00:45:00+00:00,1.36396,1.36411,1.36375,1.36378,3275
1787274000,2026-08-21 01:00:00+00:00,1.36378,1.36411,1.36367,1.36403,3835
1787274900,2026-08-21 01:15:00+00:00,1.36403,1.3646,1.36391,1.36457,3436
1787275800,2026-08-21 01:30:00+00:00,1.36457,1.3649200000000001,1.36438,1.36443,3294
1787276700,2026-08-21 01:45:00+00:00,1.36443,1.3646099999999999,1.3642400000000001,1.36446,2372
1787277600,2026-08-21 02:00:00+00:00,1.36446,1.36459,1.36406,1.36453,2677
1787278500,2026-08-21 02:15:00+00:00,1.36453,1.36505,1.36438,1.36482,2837
1787279400,2026-08-21 02:30:00+00:00,1.36482,1.3651499999999999,1.36481,1.36502,2043
1787280300,2026-08-21 02:45:00+00:00,1.36503,1.36555,1.3648500000000001,1.36487,2211
1787281200,2026-08-21 03:00:00+00:00,1.36487,1.3651200000000001,1.36474,1.36502,1570
1787282100,2026-08-21 03:15:00+00:00,1.36502,1.36508,1.3646,1.3646099999999999,1736
1787283000,2026-08-21 03:30:00+00:00,1.3646099999999999,1.36467,1.3643,1.36447,2236
1787283900,2026-08-21 03:45:00+00:00,1.36447,1.3646099999999999,1.36433,1.36456,1553
1787284800,2026-08-21 04:00:00+00:00,1.36456,1.3646,1.36435,1.3644,1707
1787285700,2026-08-21 04:15:00+00:00,1.3644,1.36449,1.36406,1.36414,1226
1787286600,2026-08-21 04:30:00+00:00,1.36414,1.36423,1.36396,1.36419,1168
1787287500,2026-08-21 04:45:00+00:00,1.36419,1.36436,1.36406,1.3643399999999999,1455
1787288400,2026-08-21 05:00:00+00:00,1.3643399999999999,1.36438,1.36407,1.36425,1451
1787289300,2026-08-21 05:15:00+00:00,1.36425,1.36439,1.36413,1.36416,1425
1787290200,2026-08-21 05:30:00+00:00,1.36417,1.36482,1.36407,1.36482,2368
1787291100,2026-08-21 05:45:00+00:00,1.36482,1.36534,1.3645800000000001,1.36518,2867
1787292000,2026-08-21 06:00:00+00:00,1.36516,1.36526,1.36428,1.3644,3743
1787292900,2026-08-21 06:15:00+00:00,1.3644,1.36475,1.36405,1.36444,2937
1787293800,2026-08-21 06:30:00+00:00,1.36444,1.36505,1.36442,1.36457,3014
1787294700,2026-08-21 06:45:00+00:00,1.36457,1.36497,1.36433,1.36494,3329
1787295600,2026-08-21 07:00:00+00:00,1.36494,1.36527,1.36436,1.36483,3380
1787296500,2026-08-21 07:15:00+00:00,1.36483,1.36529,1.36467,1.36496,2805
1787297400,2026-08-21 07:30:00+00:00,1.36496,1.36535,1.36425,1.36438,2931
1787298300,2026-08-21 07:45:00+00:00,1.36438,1.36438,1.36376,1.36411,4515
1787299200,2026-08-21 08:00:00+00:00,1.36411,1.36432,1.36354,1.36407,3084
1787300100,2026-08-21 08:15:00+00:00,1.36407,1.36472,1.3638,1.36463,3304
1787301000,2026-08-21 08:30:00+00:00,1.36463,1.36588,1.36462,1.3657,3047
1787301900,2026-08-21 08:45:00+00:00,1.3657,1.36654,1.36544,1.36646,3029
1787302800,2026-08-21 09:00:00+00:00,1.36646,1.36757,1.3663,1.3672,3947
1787303700,2026-08-21 09:15:00+00:00,1.3672,1.36737,1.36595,1.36612,2532
1787304600,2026-08-21 09:30:00+00:00,1.36612,1.36634,1.36585,1.36588,1857
1787305500,2026-08-21 09:45:00+00:00,1.36588,1.36606,1.3654899999999999,1.36552,1873
1787306400,2026-08-21 10:00:00+00:00,1.36552,1.36603,1.36537,1.36577,2430
1787307300,2026-08-21 10:15:00+00:00,1.36577,1.36665,1.36569,1.3664399999999999,1962
1787308200,2026-08-21 10:30:00+00:00,1.3664399999999999,1.36654,1.36604,1.36611,2083
1787309100,2026-08-21 10:45:00+00:00,1.36611,1.3661400000000001,1.36433,1.36484,2808
1787310000,2026-08-21 11:00:00+00:00,1.36484,1.36547,1.36464,1.36545,2096
1787310900,2026-08-21 11:15:00+00:00,1.36545,1.3665,1.36543,1.36627,3852
1787311800,2026-08-21 11:30:00+00:00,1.36627,1.36638,1.36534,1.3655300000000001,3688
1787312700,2026-08-21 11:45:00+00:00,1.3655300000000001,1.36578,1.36506,1.36574,2758
1787313600,2026-08-21 12:00:00+00:00,1.36574,1.366,1.36533,1.36534,3602
1787314500,2026-08-21 12:15:00+00:00,1.36534,1.36589,1.3652,1.36537,3869
1787315400,2026-08-21 12:30:00+00:00,1.36537,1.36537,1.36351,1.36445,4685
1787316300,2026-08-21 12:45:00+00:00,1.36445,1.3645399999999999,1.3639000000000001,1.36433,4420
1787317200,2026-08-21 13:00:00+00:00,1.36433,1.3646,1.36357,1.36377,5783
1787318100,2026-08-21 13:15:00+00:00,1.36377,1.3639299999999999,1.36343,1.36359,4151
1787319000,2026-08-21 13:30:00+00:00,1.36359,1.36398,1.36343,1.3639299999999999,4503
1787319900,2026-08-21 13:45:00+00:00,1.3639299999999999,1.36472,1.36371,1.36444,4061
1787320800,2026-08-21 14:00:00+00:00,1.36444,1.36444,1.36368,1.36403,3665
1787321700,2026-08-21 14:15:00+00:00,1.36403,1.36429,1.36322,1.36324,3529
1787322600,2026-08-21 14:30:00+00:00,1.36324,1.36325,1.3618299999999999,1.36227,6280
1787323500,2026-08-21 14:45:00+00:00,1.36227,1.36318,1.36206,1.3624100000000001,6129
1787324400,2026-08-21 15:00:00+00:00,1.3624100000000001,1.36292,1.3622,1.36264,5752
1787325300,2026-08-21 15:15:00+00:00,1.36264,1.36315,1.36234,1.36296,4147
1787326200,2026-08-21 15:30:00+00:00,1.36296,1.36382,1.36294,1.36377,3230
1787327100,2026-08-21 15:45:00+00:00,1.36377,1.36422,1.36347,1.36418,2934
1787328000,2026-08-21 16:00:00+00:00,1.36418,1.36441,1.36369,1.3639700000000001,2902
1787328900,2026-08-21 16:15:00+00:00,1.3639700000000001,1.36464,1.36368,1.36418,3836
1787329800,2026-08-21 16:30:00+00:00,1.36418,1.36447,1.36406,1.36418,2641
1787330700,2026-08-21 16:45:00+00:00,1.36418,1.3643399999999999,1.36401,1.36422,2649
1787331600,2026-08-21 17:00:00+00:00,1.36422,1.3642699999999999,1.36396,1.36405,2573
1787332500,2026-08-21 17:15:00+00:00,1.36405,1.3646,1.36401,1.3645,2331
1787333400,2026-08-21 17:30:00+00:00,1.3645,1.3649200000000001,1.36439,1.3645,2227
1787334300,2026-08-21 17:45:00+00:00,1.3645,1.36497,1.36447,1.36487,1370
1787335200,2026-08-21 18:00:00+00:00,1.36486,1.36538,1.36486,1.36499,1502
1787336100,2026-08-21 18:15:00+00:00,1.36499,1.36528,1.3648799999999999,1.36516,1223
1787337000,2026-08-21 18:30:00+00:00,1.36516,1.36525,1.36499,1.3651200000000001,1189
1787337900,2026-08-21 18:45:00+00:00,1.3651200000000001,1.3652199999999999,1.3648799999999999,1.3651499999999999,1567
1787338800,2026-08-21 19:00:00+00:00,1.3651499999999999,1.36528,1.36476,1.3648799999999999,1911
1787339700,2026-08-21 19:15:00+00:00,1.36489,1.36491,1.36467,1.36477,1397
1787340600,2026-08-21 19:30:00+00:00,1.36477,1.3649,1.36459,1.36469,2056
1787341500,2026-08-21 19:45:00+00:00,1.36469,1.36504,1.36453,1.3647,2309
1787342400,2026-08-21 20:00:00+00:00,1.36469,1.36486,1.36459,1.36479,723
1787343300,2026-08-21 20:15:00+00:00,1.36479,1.36481,1.36448,1.3645,444
1787344200,2026-08-21 20:30:00+00:00,1.3645,1.3645,1.36416,1.36437,1343
1787345100,2026-08-21 20:45:00+00:00,1.36438,1.36449,1.36399,1.36399,6117
1787518800,2026-08-23 21:00:00+00:00,1.36185,1.36358,1.36185,1.36327,225
1787519700,2026-08-23 21:15:00+00:00,1.36327,1.3637299999999999,1.36324,1.36352,64
1787520600,2026-08-23 21:30:00+00:00,1.36352,1.36484,1.36346,1.36395,574
1787521500,2026-08-23 21:45:00+00:00,1.36395,1.36399,1.36343,1.36349,357
1787522400,2026-08-23 22:00:00+00:00,1.36349,1.3646,1.36349,1.36447,947
1787523300,2026-08-23 22:15:00+00:00,1.36447,1.36453,1.36442,1.3645100000000001,800
1787524200,2026-08-23 22:30:00+00:00,1.3645100000000001,1.36465,1.36436,1.3644,772
1787525100,2026-08-23 22:45:00+00:00,1.3644,1.36441,1.36428,1.36429,560
1787526000,2026-08-23 23:00:00+00:00,1.36429,1.36447,1.3642699999999999,1.3644,830
1787526900,2026-08-23 23:15:00+00:00,1.3644,1.36459,1.36428,1.36453,711
1787527800,2026-08-23 23:30:00+00:00,1.36453,1.3647,1.36448,1.36463,686
1787528700,2026-08-23 23:45:00+00:00,1.36463,1.36541,1.3646099999999999,1.36538,2633
1787529600,2026-08-24 00:00:00+00:00,1.36538,1.36559,1.36518,1.36537,4540
1787530500,2026-08-24 00:15:00+00:00,1.36537,1.3655,1.3651,1.36514,3370
1787531400,2026-08-24 00:30:00+00:00,1.36513,1.36521,1.36496,1.3651,3026
1787532300,2026-08-24 00:45:00+00:00,1.3651,1.3655599999999999,1.3649499999999999,1.36547,3682
1787533200,2026-08-24 01:00:00+00:00,1.36548,1.36561,1.36474,1.36475,5228
1787534100,2026-08-24 01:15:00+00:00,1.36475,1.3648500000000001,1.36426,1.36433,4419
1787535000,2026-08-24 01:30:00+00:00,1.36433,1.36441,1.36417,1.36435,3062
1787535900,2026-08-24 01:45:00+00:00,1.36435,1.36486,1.3643,1.36478,4225
1787536800,2026-08-24 02:00:00+00:00,1.36478,1.36511,1.36464,1.36507,4798
1787537700,2026-08-24 02:15:00+00:00,1.36507,1.3652199999999999,1.36497,1.36499,2617
1787538600,2026-08-24 02:30:00+00:00,1.36499,1.36501,1.3645800000000001,1.36478,3031
1787539500,2026-08-24 02:45:00+00:00,1.36478,1.36503,1.3646,1.36496,2978
1787540400,2026-08-24 03:00:00+00:00,1.36496,1.36506,1.3645399999999999,1.36476,2456
1787541300,2026-08-24 03:15:00+00:00,1.36477,1.36493,1.36467,1.36471,1939
1787542200,2026-08-24 03:30:00+00:00,1.36472,1.36482,1.36456,1.36457,2494
1787543100,2026-08-24 03:45:00+00:00,1.36457,1.36464,1.36436,1.36455,2171
1787544000,2026-08-24 04:00:00+00:00,1.3645399999999999,1.3646,1.36412,1.36439,3345
1787544900,2026-08-24 04:15:00+00:00,1.36439,1.36472,1.36425,1.36468,3204
1787545800,2026-08-24 04:30:00+00:00,1.36468,1.36469,1.36446,1.36452,2486
1787546700,2026-08-24 04:45:00+00:00,1.36452,1.36475,1.36445,1.36474,2119
1787547600,2026-08-24 05:00:00+00:00,1.36474,1.36477,1.36444,1.3645,2382
1787548500,2026-08-24 05:15:00+00:00,1.3645,1.36469,1.36429,1.36435,2304
1787549400,2026-08-24 05:30:00+00:00,1.36435,1.36439,1.3639299999999999,1.36396,2681
1787550300,2026-08-24 05:45:00+00:00,1.36396,1.36449,1.36389,1.36439,2895
1787551200,2026-08-24 06:00:00+00:00,1.36439,1.3645,1.36417,1.3643100000000001,4176
1787552100,2026-08-24 06:15:00+00:00,1.3643100000000001,1.36443,1.36385,1.3639000000000001,3568
1787553000,2026-08-24 06:30:00+00:00,1.3639000000000001,1.36422,1.36388,1.3641,3265
1787553900,2026-08-24 06:45:00+00:00,1.3641,1.36462,1.36377,1.36433,4063
1787554800,2026-08-24 07:00:00+00:00,1.3643399999999999,1.3649200000000001,1.36425,1.36441,3630
1787555700,2026-08-24 07:15:00+00:00,1.36441,1.36464,1.36412,1.36449,3363
1787556600,2026-08-24 07:30:00+00:00,1.36449,1.3649,1.36335,1.3633600000000001,3489
1787557500,2026-08-24 07:45:00+00:00,1.3633600000000001,1.36394,1.36319,1.36327,4056
1787558400,2026-08-24 08:00:00+00:00,1.36326,1.36392,1.36295,1.36297,4012
1787559300,2026-08-24 08:15:00+00:00,1.36297,1.3632900000000001,1.36247,1.36261,2790
1787560200,2026-08-24 08:30:00+00:00,1.3626,1.3633,1.3626,1.3631199999999999,3069
1787561100,2026-08-24 08:45:00+00:00,1.3631199999999999,1.3633899999999999,1.36211,1.36215,3096
1787562000,2026-08-24 09:00:00+00:00,1.36215,1.36296,1.36215,1.36277,2829
1787562900,2026-08-24 09:15:00+00:00,1.36277,1.36297,1.36264,1.36294,2104
1787563800,2026-08-24 09:30:00+00:00,1.36294,1.36316,1.3626,1.3629,1929
1787564700,2026-08-24 09:45:00+00:00,1.3629,1.36344,1.36289,1.36343,2399
1787565600,2026-08-24 10:00:00+00:00,1.36343,1.3635,1.3630900000000001,1.36326,2335
1787566500,2026-08-24 10:15:00+00:00,1.36326,1.36354,1.36311,1.36331,2111
1787567400,2026-08-24 10:30:00+00:00,1.36331,1.36335,1.3626,1.3627099999999999,1947
1787568300,2026-08-24 10:45:00+00:00,1.3627099999999999,1.3630200000000001,1.36257,1.36259,2844
1787569200,2026-08-24 11:00:00+00:00,1.36258,1.36289,1.36228,1.36273,3183
1787570100,2026-08-24 11:15:00+00:00,1.36273,1.3631199999999999,1.36256,1.36307,2230
1787571000,2026-08-24 11:30:00+00:00,1.36307,1.3641,1.36294,1.36345,5989
1787571900,2026-08-24 11:45:00+00:00,1.36346,1.36402,1.36325,1.36387,3191
1787572800,2026-08-24 12:00:00+00:00,1.36387,1.36392,1.36317,1.36348,3367
1787573700,2026-08-24 12:15:00+00:00,1.36348,1.36449,1.36327,1.36446,3694
1787574600,2026-08-24 12:30:00+00:00,1.36446,1.36475,1.36359,1.3639999999999999,4068
1787575500,2026-08-24 12:45:00+00:00,1.3639999999999999,1.36463,1.36371,1.36425,3275
1787576400,2026-08-24 13:00:00+00:00,1.36426,1.36481,1.36425,1.36477,3594
1787577300,2026-08-24 13:15:00+00:00,1.36477,1.36498,1.36428,1.36428,3608
1787578200,2026-08-24 13:30:00+00:00,1.36428,1.36479,1.36408,1.36413,4865
1787579100,2026-08-24 13:45:00+00:00,1.36412,1.36455,1.36382,1.3641,4889
1787580000,2026-08-24 14:00:00+00:00,1.36411,1.36419,1.36365,1.3639999999999999,4621
1787580900,2026-08-24 14:15:00+00:00,1.3639999999999999,1.3643100000000001,1.36343,1.36418,3965
1787581800,2026-08-24 14:30:00+00:00,1.36418,1.36419,1.36374,1.36409,3329
1787582700,2026-08-24 14:45:00+00:00,1.36409,1.3642699999999999,1.36326,1.3634,4221
1787583600,2026-08-24 15:00:00+00:00,1.3634,1.3641,1.36334,1.36395,4699
1787584500,2026-08-24 15:15:00+00:00,1.36395,1.36449,1.36361,1.3642400000000001,5558
1787585400,2026-08-24 15:30:00+00:00,1.36425,1.3643100000000001,1.36343,1.36344,3549
1787586300,2026-08-24 15:45:00+00:00,1.36343,1.36359,1.36288,1.36297,3732
1787587200,2026-08-24 16:00:00+00:00,1.36297,1.36367,1.36287,1.3633,5526
1787588100,2026-08-24 16:15:00+00:00,1.3633,1.36362,1.36326,1.36345,2863
1787589000,2026-08-24 16:30:00+00:00,1.36345,1.36378,1.36335,1.36347,2316
1787589900,2026-08-24 16:45:00+00:00,1.36347,1.36352,1.36294,1.36347,3549
1787590800,2026-08-24 17:00:00+00:00,1.36347,1.36371,1.36306,1.36328,4669
1787591700,2026-08-24 17:15:00+00:00,1.36328,1.36341,1.36266,1.36283,4637
1787592600,2026-08-24 17:30:00+00:00,1.36284,1.3630900000000001,1.36272,1.36277,2123
1787593500,2026-08-24 17:45:00+00:00,1.36277,1.3629,1.3625099999999999,1.36288,2949
1787594400,2026-08-24 18:00:00+00:00,1.36288,1.36295,1.36247,1.36281,2919
1787595300,2026-08-24 18:15:00+00:00,1.36281,1.36345,1.3627799999999999,1.3633899999999999,2914
1787596200,2026-08-24 18:30:00+00:00,1.3634,1.36347,1.36294,1.36314,2414
1787597100,2026-08-24 18:45:00+00:00,1.36314,1.36322,1.36284,1.3631199999999999,2746
1787598000,2026-08-24 19:00:00+00:00,1.3631199999999999,1.36314,1.36273,1.36283,1935
1787598900,2026-08-24 19:15:00+00:00,1.36283,1.36287,1.36255,1.36256,1678
1787599800,2026-08-24 19:30:00+00:00,1.36256,1.36287,1.3624800000000001,1.3628,1457
1787600700,2026-08-24 19:45:00+00:00,1.36282,1.3630499999999999,1.36274,1.3628,1424
1787601600,2026-08-24 20:00:00+00:00,1.3628,1.36313,1.3627500000000001,1.36304,1079
1787602500,2026-08-24 20:15:00+00:00,1.36304,1.3630900000000001,1.36299,1.36306,406
1787603400,2026-08-24 20:30:00+00:00,1.36306,1.36307,1.36294,1.36295,448
1787604300,2026-08-24 20:45:00+00:00,1.36295,1.36314,1.36295,1.36304,431
1787605200,2026-08-24 21:00:00+00:00,1.36298,1.36371,1.36246,1.3630499999999999,261
1787606100,2026-08-24 21:15:00+00:00,1.3630499999999999,1.3637000000000001,1.36294,1.3633600000000001,672
1787607000,2026-08-24 21:30:00+00:00,1.36335,1.36344,1.36281,1.36342,1148
1787607900,2026-08-24 21:45:00+00:00,1.36342,1.36357,1.36328,1.36352,868
1787608800,2026-08-24 22:00:00+00:00,1.36352,1.36352,1.36316,1.36328,477
1787609700,2026-08-24 22:15:00+00:00,1.36328,1.36334,1.36319,1.36328,306
1787610600,2026-08-24 22:30:00+00:00,1.36327,1.3633899999999999,1.36325,1.36338,269
1787611500,2026-08-24 22:45:00+00:00,1.36338,1.36342,1.3633600000000001,1.3633899999999999,172
1787612400,2026-08-24 23:00:00+00:00,1.3633899999999999,1.36351,1.36338,1.36346,518
1787613300,2026-08-24 23:15:00+00:00,1.36346,1.36354,1.36345,1.36347,507
1787614200,2026-08-24 23:30:00+00:00,1.36347,1.36348,1.3633600000000001,1.36344,967
1787615100,2026-08-24 23:45:00+00:00,1.36344,1.36382,1.36343,1.36375,1375
1787616000,2026-08-25 00:00:00+00:00,1.36376,1.36402,1.3636599999999999,1.36392,3171
1787616900,2026-08-25 00:15:00+00:00,1.36392,1.36392,1.36372,1.3639000000000001,3050
1787617800,2026-08-25 00:30:00+00:00,1.3639000000000001,1.36407,1.36383,1.36396,2172
1787618700,2026-08-25 00:45:00+00:00,1.36396,1.36399,1.36359,1.36394,2530
1787619600,2026-08-25 01:00:00+00:00,1.36395,1.36398,1.36364,1.36388,2974
1787620500,2026-08-25 01:15:00+00:00,1.36388,1.36388,1.36334,1.36368,2794
1787621400,2026-08-25 01:30:00+00:00,1.36368,1.36381,1.36346,1.36362,2569
1787622300,2026-08-25 01:45:00+00:00,1.36362,1.36362,1.3631,1.36322,2981
1787623200,2026-08-25 02:00:00+00:00,1.36322,1.36349,1.36304,1.3633600000000001,3346
1787624100,2026-08-25 02:15:00+00:00,1.3633600000000001,1.36357,1.36327,1.36356,2196
1787625000,2026-08-25 02:30:00+00:00,1.36356,1.36359,1.36325,1.36343,2717
1787625900,2026-08-25 02:45:00+00:00,1.36343,1.36354,1.36296,1.36318,3775
1787626800,2026-08-25 03:00:00+00:00,1.36318,1.36335,1.36306,1.36316,2369
1787627700,2026-08-25 03:15:00+00:00,1.36316,1.36327,1.36289,1.36295,2145
1787628600,2026-08-25 03:30:00+00:00,1.36295,1.36311,1.36285,1.3630200000000001,1558
1787629500,2026-08-25 03:45:00+00:00,1.3630200000000001,1.3630200000000001,1.36283,1.36289,1676
1787630400,2026-08-25 04:00:00+00:00,1.36289,1.3629,1.36243,1.36259,1903
1787631300,2026-08-25 04:15:00+00:00,1.36259,1.3626,1.36238,1.36254,1581
1787632200,2026-08-25 04:30:00+00:00,1.36254,1.36274,1.36247,1.36266,1871
1787633100,2026-08-25 04:45:00+00:00,1.36265,1.3627,1.36255,1.36263,1559
1787634000,2026-08-25 05:00:00+00:00,1.36263,1.36289,1.3625,1.36269,2033
1787634900,2026-08-25 05:15:00+00:00,1.36269,1.36276,1.36264,1.36274,1760
1787635800,2026-08-25 05:30:00+00:00,1.3627500000000001,1.36277,1.3624100000000001,1.36245,1912
1787636700,2026-08-25 05:45:00+00:00,1.36245,1.36253,1.36221,1.36228,2603
1787637600,2026-08-25 06:00:00+00:00,1.36228,1.3627099999999999,1.36219,1.36267,3012
1787638500,2026-08-25 06:15:00+00:00,1.36267,1.36273,1.36239,1.36269,2505
1787639400,2026-08-25 06:30:00+00:00,1.36269,1.36286,1.36234,1.36258,3119
1787640300,2026-08-25 06:45:00+00:00,1.36258,1.36279,1.36234,1.36276,2933
1787641200,2026-08-25 07:00:00+00:00,1.36276,1.36417,1.36276,1.36405,2966
1787642100,2026-08-25 07:15:00+00:00,1.36405,1.36445,1.3638,1.36381,2102
1787643000,2026-08-25 07:30:00+00:00,1.36381,1.3639000000000001,1.36365,1.36381,2081
1787643900,2026-08-25 07:45:00+00:00,1.36381,1.36401,1.36365,1.36385,2372
1787644800,2026-08-25 08:00:00+00:00,1.36385,1.36399,1.36287,1.36325,2237
1787645700,2026-08-25 08:15:00+00:00,1.36325,1.36413,1.36313,1.36341,4561
1787646600,2026-08-25 08:30:00+00:00,1.36341,1.3637299999999999,1.36323,1.36368,3809
1787647500,2026-08-25 08:45:00+00:00,1.36368,1.36423,1.3636599999999999,1.36414,2599
1787648400,2026-08-25 09:00:00+00:00,1.36414,1.36496,1.3639700000000001,1.36479,3222
1787649300,2026-08-25 09:15:00+00:00,1.36479,1.36482,1.36408,1.36414,2634
1787650200,2026-08-25 09:30:00+00:00,1.36413,1.36489,1.36406,1.36414,3607
1787651100,2026-08-25 09:45:00+00:00,1.36415,1.36476,1.36414,1.36428,2861
1787652000,2026-08-25 10:00:00+00:00,1.36428,1.36429,1.36361,1.36369,2000
1787652900,2026-08-25 10:15:00+00:00,1.36369,1.36398,1.36341,1.3635,2444
1787653800,2026-08-25 10:30:00+00:00,1.3635,1.36395,1.36338,1.36385,2959
1787654700,2026-08-25 10:45:00+00:00,1.36385,1.36387,1.3631199999999999,1.36327,2535
1787655600,2026-08-25 11:00:00+00:00,1.36327,1.36338,1.36285,1.3630200000000001,3137
1787656500,2026-08-25 11:15:00+00:00,1.3630200000000001,1.36324,1.3627500000000001,1.36297,2222
1787657400,2026-08-25 11:30:00+00:00,1.36297,1.36322,1.36283,1.36285,2363
1787658300,2026-08-25 11:45:00+00:00,1.36286,1.36377,1.36285,1.36321,2986
1787659200,2026-08-25 12:00:00+00:00,1.36321,1.36369,1.36295,1.3633600000000001,3238
1787660100,2026-08-25 12:15:00+00:00,1.3633600000000001,1.36364,1.36311,1.36334,2512
1787661000,2026-08-25 12:30:00+00:00,1.36334,1.36344,1.3626,1.36299,2668
1787661900,2026-08-25 12:45:00+00:00,1.36299,1.3636,1.36299,1.36357,2625
1787662800,2026-08-25 13:00:00+00:00,1.36358,1.3653,1.3634,1.36469,3731
1787663700,2026-08-25 13:15:00+00:00,1.3647,1.3648799999999999,1.36423,1.36437,3592
1787664600,2026-08-25 13:30:00+00:00,1.36437,1.36489,1.36398,1.36406,4494
1787665500,2026-08-25 13:45:00+00:00,1.36405,1.36436,1.36386,1.36428,3630
1787666400,2026-08-25 14:00:00+00:00,1.36428,1.36437,1.3636300000000001,1.36418,5221
1787667300,2026-08-25 14:15:00+00:00,1.36418,1.36428,1.36295,1.36345,3724
1787668200,2026-08-25 14:30:00+00:00,1.36345,1.36371,1.36272,1.36357,3960
1787669100,2026-08-25 14:45:00+00:00,1.36356,1.36438,1.36303,1.36328,5699
1787670000,2026-08-25 15:00:00+00:00,1.36328,1.36355,1.36307,1.3632900000000001,4468
1787670900,2026-08-25 15:15:00+00:00,1.3632900000000001,1.3636,1.3630200000000001,1.36345,3756
1787671800,2026-08-25 15:30:00+00:00,1.36345,1.36401,1.36314,1.36333,5051
1787672700,2026-08-25 15:45:00+00:00,1.3633199999999999,1.36398,1.3633199999999999,1.36398,3451
1787673600,2026-08-25 16:00:00+00:00,1.3639700000000001,1.36411,1.36358,1.36358,2863
1787674500,2026-08-25 16:15:00+00:00,1.36358,1.36361,1.36321,1.36352,2592
1787675400,2026-08-25 16:30:00+00:00,1.36352,1.36398,1.36351,1.36367,1732
1787676300,2026-08-25 16:45:00+00:00,1.36367,1.3637000000000001,1.36324,1.36349,1758
1787677200,2026-08-25 17:00:00+00:00,1.3635,1.36372,1.36335,1.36351,2685
1787678100,2026-08-25 17:15:00+00:00,1.36351,1.36391,1.36351,1.36378,2082
1787679000,2026-08-25 17:30:00+00:00,1.36378,1.36422,1.3636599999999999,1.36398,2406
1787679900,2026-08-25 17:45:00+00:00,1.36398,1.36446,1.36394,1.36438,2093
1787680800,2026-08-25 18:00:00+00:00,1.36438,1.36469,1.36423,1.36448,2232
1787681700,2026-08-25 18:15:00+00:00,1.36448,1.36462,1.36433,1.36447,1608
1787682600,2026-08-25 18:30:00+00:00,1.36447,1.36452,1.36429,1.36441,1257
1787683500,2026-08-25 18:45:00+00:00,1.36441,1.3646099999999999,1.3642699999999999,1.36459,2420
1787684400,2026-08-25 19:00:00+00:00,1.36459,1.36481,1.3644,1.36478,2164
1787685300,2026-08-25 19:15:00+00:00,1.36479,1.3651900000000001,1.36468,1.36471,2681
1787686200,2026-08-25 19:30:00+00:00,1.36471,1.36471,1.36436,1.36457,2425
1787687100,2026-08-25 19:45:00+00:00,1.36456,1.36543,1.3645399999999999,1.36527,3324
1787688000,2026-08-25 20:00:00+00:00,1.36527,1.36548,1.36496,1.36528,1329
1787688900,2026-08-25 20:15:00+00:00,1.36527,1.36539,1.3651,1.3652199999999999,1260
1787689800,2026-08-25 20:30:00+00:00,1.3652199999999999,1.36529,1.36489,1.36489,1085
1787690700,2026-08-25 20:45:00+00:00,1.3649,1.36507,1.36472,1.36472,1284
1787691600,2026-08-25 21:00:00+00:00,1.36472,1.36518,1.36391,1.36503,979
1787692500,2026-08-25 21:15:00+00:00,1.36503,1.36514,1.36475,1.3649200000000001,1202
1787693400,2026-08-25 21:30:00+00:00,1.36491,1.36508,1.3645399999999999,1.36473,779
1787694300,2026-08-25 21:45:00+00:00,1.36473,1.36483,1.36416,1.36467,882
1787695200,2026-08-25 22:00:00+00:00,1.36467,1.36484,1.36453,1.36469,747
1787696100,2026-08-25 22:15:00+00:00,1.36469,1.36496,1.36468,1.3648799999999999,1365
1787697000,2026-08-25 22:30:00+00:00,1.3648799999999999,1.365,1.36482,1.36499,520
1787697900,2026-08-25 22:45:00+00:00,1.36499,1.36501,1.36496,1.365,303
1787698800,2026-08-25 23:00:00+00:00,1.365,1.365,1.36478,1.3648799999999999,400
1787699700,2026-08-25 23:15:00+00:00,1.3648799999999999,1.36491,1.36468,1.36477,343
1787700600,2026-08-25 23:30:00+00:00,1.36477,1.36478,1.36446,1.3645800000000001,587
1787701500,2026-08-25 23:45:00+00:00,1.3645800000000001,1.36468,1.3645,1.3645800000000001,2055
1787702400,2026-08-26 00:00:00+00:00,1.3645800000000001,1.36477,1.36443,1.36475,3137
1787703300,2026-08-26 00:15:00+00:00,1.36475,1.3648500000000001,1.36459,1.36466,2976
1787704200,2026-08-26 00:30:00+00:00,1.36466,1.3648799999999999,1.36444,1.36477,2389
1787705100,2026-08-26 00:45:00+00:00,1.36477,1.3649,1.36449,1.36452,3311
1787706000,2026-08-26 01:00:00+00:00,1.36452,1.36471,1.36438,1.36443,2865
1787706900,2026-08-26 01:15:00+00:00,1.36443,1.36467,1.36442,1.36443,2189
1787707800,2026-08-26 01:30:00+00:00,1.36443,1.36474,1.3644,1.36443,3136
1787708700,2026-08-26 01:45:00+00:00,1.36443,1.36477,1.36441,1.36444,3443
1787709600,2026-08-26 02:00:00+00:00,1.36445,1.36474,1.36443,1.36459,2797
1787710500,2026-08-26 02:15:00+00:00,1.3646,1.36466,1.3642,1.3642699999999999,2440
1787711400,2026-08-26 02:30:00+00:00,1.3642699999999999,1.36444,1.36413,1.36437,2375
1787712300,2026-08-26 02:45:00+00:00,1.36437,1.3644,1.36394,1.36398,2033
1787713200,2026-08-26 03:00:00+00:00,1.36398,1.36416,1.3638,1.36388,2286
1787714100,2026-08-26 03:15:00+00:00,1.36388,1.3641,1.36386,1.36386,2307
1787715000,2026-08-26 03:30:00+00:00,1.36386,1.36389,1.36364,1.36388,2353
1787715900,2026-08-26 03:45:00+00:00,1.36388,1.36388,1.36364,1.36368,1515
1787716800,2026-08-26 04:00:00+00:00,1.36368,1.36371,1.36349,1.36349,788
1787717700,2026-08-26 04:15:00+00:00,1.36349,1.36369,1.3633899999999999,1.36358,1264
1787718600,2026-08-26 04:30:00+00:00,1.36358,1.36369,1.36337,1.36338,1064
1787719500,2026-08-26 04:45:00+00:00,1.36338,1.3633899999999999,1.36319,1.36327,1822
1787720400,2026-08-26 05:00:00+00:00,1.36327,1.3633600000000001,1.36304,1.36308,1610
1787721300,2026-08-26 05:15:00+00:00,1.36308,1.36344,1.36307,1.36327,1905
1787722200,2026-08-26 05:30:00+00:00,1.36327,1.36369,1.36327,1.36353,2316
1787723100,2026-08-26 05:45:00+00:00,1.36353,1.36364,1.36333,1.36349,1877
1787724000,2026-08-26 06:00:00+00:00,1.36349,1.36353,1.36289,1.36296,2493
1787724900,2026-08-26 06:15:00+00:00,1.36296,1.3632,1.3629,1.36297,2862
1787725800,2026-08-26 06:30:00+00:00,1.36297,1.36319,1.36258,1.36281,2116
1787726700,2026-08-26 06:45:00+00:00,1.36281,1.36333,1.36249,1.36323,2997
1787727600,2026-08-26 07:00:00+00:00,1.36323,1.36398,1.36321,1.3638,3084
1787728500,2026-08-26 07:15:00+00:00,1.36379,1.36407,1.36346,1.36353,2541
1787729400,2026-08-26 07:30:00+00:00,1.36353,1.36377,1.36341,1.36346,2073
1787730300,2026-08-26 07:45:00+00:00,1.36346,1.36357,1.3630200000000001,1.36318,2676
1787731200,2026-08-26 08:00:00+00:00,1.36317,1.3637000000000001,1.3629,1.36346,3948
1787732100,2026-08-26 08:15:00+00:00,1.36346,1.36365,1.36334,1.36346,2213
1787733000,2026-08-26 08:30:00+00:00,1.36346,1.36346,1.36297,1.36318,2159
1787733900,2026-08-26 08:45:00+00:00,1.36318,1.3632,1.36263,1.36286,1847
1787734800,2026-08-26 09:00:00+00:00,1.36286,1.3629,1.36231,1.36246,2225
1787735700,2026-08-26 09:15:00+00:00,1.36246,1.36263,1.36229,1.36247,1547
1787736600,2026-08-26 09:30:00+00:00,1.36247,1.3628,1.36247,1.36274,1636
1787737500,2026-08-26 09:45:00+00:00,1.36274,1.36299,1.36265,1.3626800000000001,1860
1787738400,2026-08-26 10:00:00+00:00,1.36269,1.36269,1.36234,1.36235,1225
1787739300,2026-08-26 10:15:00+00:00,1.36235,1.36236,1.3617,1.3618000000000001,1994
1787740200,2026-08-26 10:30:00+00:00,1.3618000000000001,1.36226,1.36179,1.3622,1496
1787741100,2026-08-26 10:45:00+00:00,1.3622,1.36225,1.3618700000000001,1.36205,1525
1787742000,2026-08-26 11:00:00+00:00,1.36205,1.36256,1.36203,1.3624800000000001,1986
1787742900,2026-08-26 11:15:00+00:00,1.3624800000000001,1.36257,1.36213,1.36242,2087
1787743800,2026-08-26 11:30:00+00:00,1.36242,1.36276,1.36235,1.36249,2743
1787744700,2026-08-26 11:45:00+00:00,1.36249,1.36306,1.36246,1.36291,3426
1787745600,2026-08-26 12:00:00+00:00,1.36291,1.3634,1.36281,1.36326,3098
1787746500,2026-08-26 12:15:00+00:00,1.36326,1.36356,1.3626,1.36294,3215
1787747400,2026-08-26 12:30:00+00:00,1.36298,1.36335,1.36125,1.36147,6314
1787748300,2026-08-26 12:45:00+00:00,1.36147,1.36162,1.36066,1.3607,5028
1787749200,2026-08-26 13:00:00+00:00,1.3607,1.3609,1.36039,1.3608,5999
1787750100,2026-08-26 13:15:00+00:00,1.3608,1.36087,1.3603,1.3606500000000001,4416
1787751000,2026-08-26 13:30:00+00:00,1.3606500000000001,1.36076,1.36018,1.36028,5016
1787751900,2026-08-26 13:45:00+00:00,1.36028,1.3608,1.36018,1.3602,5633
1787752800,2026-08-26 14:00:00+00:00,1.3602,1.36026,1.3596300000000001,1.35988,5097
1787753700,2026-08-26 14:15:00+00:00,1.35988,1.35993,1.35846,1.35864,5014
1787754600,2026-08-26 14:30:00+00:00,1.35864,1.35961,1.35842,1.35945,3544
1787755500,2026-08-26 14:45:00+00:00,1.35945,1.35946,1.35831,1.35877,5807
1787756400,2026-08-26 15:00:00+00:00,1.35877,1.35951,1.35867,1.35901,5382
1787757300,2026-08-26 15:15:00+00:00,1.35901,1.3591199999999999,1.35867,1.35911,4101
1787758200,2026-08-26 15:30:00+00:00,1.35911,1.35987,1.35898,1.35962,2730
1787759100,2026-08-26 15:45:00+00:00,1.35962,1.35979,1.35896,1.3593600000000001,4457
1787760000,2026-08-26 16:00:00+00:00,1.35935,1.35972,1.35915,1.35962,4387
1787760900,2026-08-26 16:15:00+00:00,1.35962,1.35968,1.35941,1.35942,3638
1787761800,2026-08-26 16:30:00+00:00,1.35942,1.35948,1.35886,1.35901,3839
1787762700,2026-08-26 16:45:00+00:00,1.35901,1.35942,1.35883,1.3590499999999999,2925
1787763600,2026-08-26 17:00:00+00:00,1.3590499999999999,1.35937,1.35886,1.35918,2591
1787764500,2026-08-26 17:15:00+00:00,1.35918,1.35948,1.35913,1.3593899999999999,2984
1787765400,2026-08-26 17:30:00+00:00,1.3593899999999999,1.3596,1.35927,1.3594300000000001,4557
1787766300,2026-08-26 17:45:00+00:00,1.3594300000000001,1.3594300000000001,1.35918,1.3593899999999999,2060
1787767200,2026-08-26 18:00:00+00:00,1.3593899999999999,1.35959,1.35918,1.35949,2087
1787768100,2026-08-26 18:15:00+00:00,1.35949,1.3596,1.35925,1.35927,1709
1787769000,2026-08-26 18:30:00+00:00,1.35926,1.35928,1.35898,1.35907,1819
1787769900,2026-08-26 18:45:00+00:00,1.35906,1.35926,1.35899,1.35915,1959
1787770800,2026-08-26 19:00:00+00:00,1.35915,1.35924,1.35904,1.35917,2400
1787771700,2026-08-26 19:15:00+00:00,1.35917,1.35937,1.35903,1.35928,1316
1787772600,2026-08-26 19:30:00+00:00,1.35928,1.35938,1.35916,1.35925,2265
1787773500,2026-08-26 19:45:00+00:00,1.35925,1.35942,1.3590900000000001,1.3593899999999999,2330
1787774400,2026-08-26 20:00:00+00:00,1.3593899999999999,1.3595,1.35928,1.35928,1352
1787775300,2026-08-26 20:15:00+00:00,1.35928,1.3594,1.35925,1.35931,980
1787776200,2026-08-26 20:30:00+00:00,1.35931,1.3596300000000001,1.3593,1.35957,795
1787777100,2026-08-26 20:45:00+00:00,1.35957,1.35984,1.3594300000000001,1.35964,1050
1787778000,2026-08-26 21:00:00+00:00,1.35921,1.35947,1.35861,1.35928,176
1787778900,2026-08-26 21:15:00+00:00,1.35928,1.35947,1.35918,1.35926,609
1787779800,2026-08-26 21:30:00+00:00,1.35926,1.35959,1.3590900000000001,1.3594,1063
1787780700,2026-08-26 21:45:00+00:00,1.3594,1.35953,1.35889,1.3593600000000001,1423
1787781600,2026-08-26 22:00:00+00:00,1.3593600000000001,1.35975,1.3593,1.35949,2091
1787782500,2026-08-26 22:15:00+00:00,1.35949,1.35965,1.35945,1.35958,1144
1787783400,2026-08-26 22:30:00+00:00,1.35958,1.3597000000000001,1.3595,1.35964,891
1787784300,2026-08-26 22:45:00+00:00,1.35964,1.35967,1.3595,1.35953,891
1787785200,2026-08-26 23:00:00+00:00,1.35953,1.35975,1.35947,1.35975,984
1787786100,2026-08-26 23:15:00+00:00,1.35975,1.35985,1.35958,1.35961,1815
1787787000,2026-08-26 23:30:00+00:00,1.35961,1.35978,1.35957,1.3597000000000001,1417
1787787900,2026-08-26 23:45:00+00:00,1.3597000000000001,1.35975,1.35955,1.35967,1836
1787788800,2026-08-27 00:00:00+00:00,1.3597000000000001,1.35978,1.35921,1.35926,9007
1787789700,2026-08-27 00:15:00+00:00,1.35926,1.35957,1.3592,1.35955,2093
1787790600,2026-08-27 00:30:00+00:00,1.35955,1.35964,1.35918,1.35919,2900
1787791500,2026-08-27 00:45:00+00:00,1.3592,1.35934,1.359,1.35923,3530
1787792400,2026-08-27 01:00:00+00:00,1.35923,1.35933,1.3590200000000001,1.35915,3136
1787793300,2026-08-27 01:15:00+00:00,1.35915,1.35947,1.35903,1.3592,2657
1787794200,2026-08-27 01:30:00+00:00,1.3592,1.35938,1.35894,1.35907,3242
1787795100,2026-08-27 01:45:00+00:00,1.35907,1.3593600000000001,1.35903,1.3593199999999999,2620
1787796000,2026-08-27 02:00:00+00:00,1.3593199999999999,1.3595,1.35922,1.3593199999999999,2256
1787796900,2026-08-27 02:15:00+00:00,1.3593199999999999,1.35935,1.35897,1.35897,1662
1787797800,2026-08-27 02:30:00+00:00,1.35897,1.35917,1.35887,1.3591199999999999,2200
1787798700,2026-08-27 02:45:00+00:00,1.3591199999999999,1.35929,1.35901,1.35914,1893
1787799600,2026-08-27 03:00:00+00:00,1.35914,1.35927,1.3590900000000001,1.35926,1969
1787800500,2026-08-27 03:15:00+00:00,1.35926,1.35929,1.35903,1.35907,1298
1787801400,2026-08-27 03:30:00+00:00,1.35907,1.3590900000000001,1.35881,1.35891,1954
1787802300,2026-08-27 03:45:00+00:00,1.35891,1.35906,1.35873,1.35877,1818
1787803200,2026-08-27 04:00:00+00:00,1.35877,1.35908,1.35876,1.3590499999999999,1819
1787804100,2026-08-27 04:15:00+00:00,1.35906,1.3590900000000001,1.35879,1.35899,1365
1787805000,2026-08-27 04:30:00+00:00,1.35899,1.35899,1.35869,1.35873,1360
1787805900,2026-08-27 04:45:00+00:00,1.35873,1.35884,1.35867,1.3587799999999999,1457
1787806800,2026-08-27 05:00:00+00:00,1.35877,1.35887,1.35868,1.35879,2041
1787807700,2026-08-27 05:15:00+00:00,1.35879,1.35908,1.35857,1.35906,2082
1787808600,2026-08-27 05:30:00+00:00,1.35906,1.35914,1.35885,1.35897,2163
1787809500,2026-08-27 05:45:00+00:00,1.35897,1.359,1.35866,1.35888,2595
1787810400,2026-08-27 06:00:00+00:00,1.35888,1.3590200000000001,1.35869,1.35888,2488
1787811300,2026-08-27 06:15:00+00:00,1.35888,1.35917,1.3588,1.35906,3266
1787812200,2026-08-27 06:30:00+00:00,1.35906,1.3591,1.35867,1.35897,2413
1787813100,2026-08-27 06:45:00+00:00,1.35897,1.3591199999999999,1.3586,1.35899,3001
1787814000,2026-08-27 07:00:00+00:00,1.35899,1.35968,1.35899,1.35953,3141
1787814900,2026-08-27 07:15:00+00:00,1.35953,1.35955,1.35868,1.3587099999999999,2476
1787815800,2026-08-27 07:30:00+00:00,1.3587099999999999,1.35922,1.35864,1.35917,2409
1787816700,2026-08-27 07:45:00+00:00,1.35917,1.35927,1.35866,1.3587500000000001,2762
1787817600,2026-08-27 08:00:00+00:00,1.3587500000000001,1.35953,1.35865,1.35906,2206
1787818500,2026-08-27 08:15:00+00:00,1.35906,1.35925,1.35849,1.35858,2870
1787819400,2026-08-27 08:30:00+00:00,1.35858,1.35865,1.35804,1.35847,2533
1787820300,2026-08-27 08:45:00+00:00,1.35847,1.35861,1.35797,1.35801,3524
1787821200,2026-08-27 09:00:00+00:00,1.35801,1.35804,1.35733,1.35789,3906
1787822100,2026-08-27 09:15:00+00:00,1.35789,1.35812,1.35763,1.35805,2589
1787823000,2026-08-27 09:30:00+00:00,1.35804,1.35807,1.35715,1.35757,3226
1787823900,2026-08-27 09:45:00+00:00,1.35757,1.35818,1.35746,1.35752,2751
1787824800,2026-08-27 10:00:00+00:00,1.35752,1.35788,1.35707,1.3578299999999999,3602
1787825700,2026-08-27 10:15:00+00:00,1.3578299999999999,1.35824,1.35763,1.35813,2441
1787826600,2026-08-27 10:30:00+00:00,1.35813,1.35818,1.35745,1.35778,4117
1787827500,2026-08-27 10:45:00+00:00,1.35779,1.35798,1.35754,1.35755,2182
1787828400,2026-08-27 11:00:00+00:00,1.3575599999999999,1.35794,1.35732,1.3578999999999999,2441
1787829300,2026-08-27 11:15:00+00:00,1.3578999999999999,1.35831,1.35788,1.35807,2663
1787830200,2026-08-27 11:30:00+00:00,1.35808,1.35837,1.35736,1.35746,4192
1787831100,2026-08-27 11:45:00+00:00,1.35746,1.35816,1.35708,1.35781,3671
1787832000,2026-08-27 12:00:00+00:00,1.35781,1.35824,1.35777,1.35796,5046
1787832900,2026-08-27 12:15:00+00:00,1.35796,1.35838,1.3578299999999999,1.35815,3493
1787833800,2026-08-27 12:30:00+00:00,1.35815,1.35823,1.35754,1.35792,4287
1787834700,2026-08-27 12:45:00+00:00,1.35792,1.35795,1.35734,1.35745,5190
1787835600,2026-08-27 13:00:00+00:00,1.35745,1.3590900000000001,1.35734,1.35876,5520
1787836500,2026-08-27 13:15:00+00:00,1.35876,1.3602699999999999,1.35865,1.35995,4554
1787837400,2026-08-27 13:30:00+00:00,1.35995,1.36013,1.3592,1.35927,7112
1787838300,2026-08-27 13:45:00+00:00,1.35926,1.35959,1.35891,1.35931,5865
1787839200,2026-08-27 14:00:00+00:00,1.3593199999999999,1.35974,1.3589,1.359,6578
1787840100,2026-08-27 14:15:00+00:00,1.359,1.35929,1.35831,1.3584399999999999,3925
1787841000,2026-08-27 14:30:00+00:00,1.3584399999999999,1.35914,1.35843,1.35866,4613
1787841900,2026-08-27 14:45:00+00:00,1.35866,1.35896,1.35801,1.3582,5239
1787842800,2026-08-27 15:00:00+00:00,1.3582,1.35894,1.3581699999999999,1.35876,5132
1787843700,2026-08-27 15:15:00+00:00,1.35876,1.35891,1.35856,1.35888,4588
1787844600,2026-08-27 15:30:00+00:00,1.35888,1.35913,1.3587500000000001,1.3590200000000001,3656
1787845500,2026-08-27 15:45:00+00:00,1.3590200000000001,1.35993,1.35887,1.35986,3030
1787846400,2026-08-27 16:00:00+00:00,1.35985,1.35994,1.35944,1.35958,2753
1787847300,2026-08-27 16:15:00+00:00,1.35958,1.3599999999999999,1.3593899999999999,1.3599700000000001,2987
1787848200,2026-08-27 16:30:00+00:00,1.3599700000000001,1.36017,1.35975,1.35979,2399
1787849100,2026-08-27 16:45:00+00:00,1.35979,1.35988,1.35915,1.35935,2954
1787850000,2026-08-27 17:00:00+00:00,1.35935,1.35969,1.3592,1.35921,3002
1787850900,2026-08-27 17:15:00+00:00,1.35921,1.3593,1.35913,1.3592,2229
1787851800,2026-08-27 17:30:00+00:00,1.3592,1.3593199999999999,1.35896,1.3590499999999999,2172
1787852700,2026-08-27 17:45:00+00:00,1.3590499999999999,1.3591,1.35877,1.35887,2955
1787853600,2026-08-27 18:00:00+00:00,1.35887,1.35896,1.35857,1.3587500000000001,2364
1787854500,2026-08-27 18:15:00+00:00,1.3587500000000001,1.35884,1.35842,1.35845,2121
1787855400,2026-08-27 18:30:00+00:00,1.3584399999999999,1.35865,1.35832,1.35857,1661
1787856300,2026-08-27 18:45:00+00:00,1.35856,1.35899,1.35854,1.35889,1945
1787857200,2026-08-27 19:00:00+00:00,1.35889,1.3590499999999999,1.35881,1.35889,2184
1787858100,2026-08-27 19:15:00+00:00,1.35889,1.35899,1.35874,1.3587799999999999,1562
1787859000,2026-08-27 19:30:00+00:00,1.3587799999999999,1.35885,1.35866,1.3587799999999999,1462
1787859900,2026-08-27 19:45:00+00:00,1.3587799999999999,1.35901,1.3585099999999999,1.35886,1648
1787860800,2026-08-27 20:00:00+00:00,1.35886,1.35929,1.3588,1.35923,735
1787861700,2026-08-27 20:15:00+00:00,1.35923,1.35929,1.35906,1.3590900000000001,538
1787862600,2026-08-27 20:30:00+00:00,1.3590900000000001,1.3593199999999999,1.35908,1.3592,253
1787863500,2026-08-27 20:45:00+00:00,1.35918,1.35942,1.35918,1.35926,796
1787864400,2026-08-27 21:00:00+00:00,1.3590900000000001,1.35923,1.35811,1.3589,260
1787865300,2026-08-27 21:15:00+00:00,1.3589,1.35958,1.35889,1.35946,565
1787866200,2026-08-27 21:30:00+00:00,1.35946,1.35977,1.3591199999999999,1.35916,547
1787867100,2026-08-27 21:45:00+00:00,1.35916,1.35948,1.35887,1.35921,907
1787868000,2026-08-27 22:00:00+00:00,1.35921,1.35957,1.35921,1.3595,717
1787868900,2026-08-27 22:15:00+00:00,1.3595,1.35962,1.35938,1.35938,640
1787869800,2026-08-27 22:30:00+00:00,1.35938,1.35958,1.35938,1.35953,660
1787870700,2026-08-27 22:45:00+00:00,1.35953,1.35967,1.35947,1.35965,468
1787871600,2026-08-27 23:00:00+00:00,1.35965,1.3598,1.35962,1.35978,499
1787872500,2026-08-27 23:15:00+00:00,1.35978,1.3598,1.35957,1.35957,464
1787873400,2026-08-27 23:30:00+00:00,1.35957,1.35979,1.35957,1.35976,539
1787874300,2026-08-27 23:45:00+00:00,1.35976,1.35985,1.3596,1.35971,1504
1787875200,2026-08-28 00:00:00+00:00,1.35971,1.3598,1.35956,1.3596599999999999,2658
1787876100,2026-08-28 00:15:00+00:00,1.3596599999999999,1.35968,1.35935,1.35956,2091
1787877000,2026-08-28 00:30:00+00:00,1.35956,1.35969,1.35944,1.35959,1657
1787877900,2026-08-28 00:45:00+00:00,1.35959,1.35974,1.3595,1.3596,2089
1787878800,2026-08-28 01:00:00+00:00,1.3596,1.35981,1.35947,1.35949,3084
1787879700,2026-08-28 01:15:00+00:00,1.35949,1.35962,1.3593600000000001,1.35938,2165
1787880600,2026-08-28 01:30:00+00:00,1.3593899999999999,1.35969,1.35933,1.3595,2428
1787881500,2026-08-28 01:45:00+00:00,1.3595,1.35952,1.35903,1.3590499999999999,2691
1787882400,2026-08-28 02:00:00+00:00,1.3590499999999999,1.35913,1.3587799999999999,1.35891,2520
1787883300,2026-08-28 02:15:00+00:00,1.35891,1.3593199999999999,1.35881,1.35906,2228
1787884200,2026-08-28 02:30:00+00:00,1.35906,1.35914,1.35895,1.35897,2011
1787885100,2026-08-28 02:45:00+00:00,1.35897,1.35937,1.35894,1.3593600000000001,1812
1787886000,2026-08-28 03:00:00+00:00,1.3593600000000001,1.3595,1.3593,1.35935,1565
1787886900,2026-08-28 03:15:00+00:00,1.35935,1.35942,1.35925,1.35938,1595
1787887800,2026-08-28 03:30:00+00:00,1.35938,1.35941,1.35899,1.3590200000000001,1115
1787888700,2026-08-28 03:45:00+00:00,1.3590200000000001,1.35906,1.35889,1.35898,993
1787889600,2026-08-28 04:00:00+00:00,1.35898,1.35901,1.35885,1.35887,916
1787890500,2026-08-28 04:15:00+00:00,1.35887,1.35899,1.35884,1.35888,763
1787891400,2026-08-28 04:30:00+00:00,1.35888,1.35891,1.35876,1.35886,821
1787892300,2026-08-28 04:45:00+00:00,1.35886,1.35892,1.35877,1.35886,1102
1787893200,2026-08-28 05:00:00+00:00,1.35886,1.35888,1.35872,1.35876,1255
1787894100,2026-08-28 05:15:00+00:00,1.35876,1.35889,1.35874,1.3588,988
1787895000,2026-08-28 05:30:00+00:00,1.3588,1.35888,1.3587099999999999,1.35876,1334
1787895900,2026-08-28 05:45:00+00:00,1.35876,1.35914,1.35873,1.35888,1598
1787896800,2026-08-28 06:00:00+00:00,1.35888,1.35927,1.35883,1.35916,2938
1787897700,2026-08-28 06:15:00+00:00,1.35916,1.35948,1.35889,1.3593899999999999,3449
1787898600,2026-08-28 06:30:00+00:00,1.3593899999999999,1.3594300000000001,1.35895,1.35938,4201
1787899500,2026-08-28 06:45:00+00:00,1.3593899999999999,1.35949,1.35913,1.35929,2554
1787900400,2026-08-28 07:00:00+00:00,1.35928,1.35935,1.3587099999999999,1.3588,2906
1787901300,2026-08-28 07:15:00+00:00,1.3588,1.35887,1.35805,1.35808,2938
1787902200,2026-08-28 07:30:00+00:00,1.35808,1.3589,1.35806,1.3587500000000001,2721
1787903100,2026-08-28 07:45:00+00:00,1.3587500000000001,1.35915,1.35865,1.35874,2337
1787904000,2026-08-28 08:00:00+00:00,1.35873,1.35908,1.35837,1.3584100000000001,2629
1787904900,2026-08-28 08:15:00+00:00,1.3584100000000001,1.35868,1.35837,1.35852,2868
1787905800,2026-08-28 08:30:00+00:00,1.35852,1.3587099999999999,1.35843,1.3584399999999999,2648
1787906700,2026-08-28 08:45:00+00:00,1.3584399999999999,1.35876,1.35831,1.3587500000000001,2275
1787907600,2026-08-28 09:00:00+00:00,1.3587500000000001,1.35876,1.35826,1.35859,2674
1787908500,2026-08-28 09:15:00+00:00,1.35859,1.3587,1.3583,1.35839,3058
1787909400,2026-08-28 09:30:00+00:00,1.35838,1.35865,1.35824,1.35845,2668
1787910300,2026-08-28 09:45:00+00:00,1.35845,1.35858,1.3580999999999999,1.35812,3163
1787911200,2026-08-28 10:00:00+00:00,1.35812,1.35855,1.35801,1.35824,2974
1787912100,2026-08-28 10:15:00+00:00,1.35824,1.3587799999999999,1.35813,1.35872,2310
1787913000,2026-08-28 10:30:00+00:00,1.35872,1.3592,1.35865,1.35914,2070
1787913900,2026-08-28 10:45:00+00:00,1.35914,1.3592,1.3588,1.35918,1773
1787914800,2026-08-28 11:00:00+00:00,1.35918,1.35919,1.35876,1.35892,1931
1787915700,2026-08-28 11:15:00+00:00,1.35892,1.35892,1.35853,1.35864,1925
1787916600,2026-08-28 11:30:00+00:00,1.35864,1.35873,1.35852,1.35861,2101
1787917500,2026-08-28 11:45:00+00:00,1.35861,1.3587799999999999,1.35846,1.3585099999999999,3119
1787918400,2026-08-28 12:00:00+00:00,1.3585099999999999,1.35862,1.35824,1.35834,2968
1787919300,2026-08-28 12:15:00+00:00,1.35834,1.3584,1.35794,1.35798,2443
1787920200,2026-08-28 12:30:00+00:00,1.35798,1.35802,1.35737,1.35772,3096
1787921100,2026-08-28 12:45:00+00:00,1.35772,1.35854,1.35769,1.3584,4622
1787922000,2026-08-28 13:00:00+00:00,1.3584100000000001,1.3586,1.358,1.35818,3624
1787922900,2026-08-28 13:15:00+00:00,1.35818,1.35832,1.35754,1.35789,2696
1787923800,2026-08-28 13:30:00+00:00,1.35789,1.35812,1.35768,1.3578299999999999,2993
1787924700,2026-08-28 13:45:00+00:00,1.3578299999999999,1.3587799999999999,1.35711,1.35712,3714
1787925600,2026-08-28 14:00:00+00:00,1.35712,1.35987,1.35449,1.35547,16034
1787926500,2026-08-28 14:15:00+00:00,1.35547,1.35552,1.35294,1.3538700000000001,11539
1787927400,2026-08-28 14:30:00+00:00,1.3538700000000001,1.35497,1.35373,1.35472,8762
1787928300,2026-08-28 14:45:00+00:00,1.35472,1.35785,1.3542399999999999,1.35718,9533
1787929200,2026-08-28 15:00:00+00:00,1.3571900000000001,1.35766,1.35556,1.35577,6256
1787930100,2026-08-28 15:15:00+00:00,1.35577,1.35625,1.3555,1.35593,7100
1787931000,2026-08-28 15:30:00+00:00,1.35593,1.35643,1.35515,1.35575,7421
1787931900,2026-08-28 15:45:00+00:00,1.35575,1.35628,1.35527,1.35533,7096
1787932800,2026-08-28 16:00:00+00:00,1.35533,1.35534,1.35423,1.35425,6339
1787933700,2026-08-28 16:15:00+00:00,1.35425,1.35431,1.35345,1.35368,6898
1787934600,2026-08-28 16:30:00+00:00,1.35368,1.35429,1.35346,1.35359,5112
1787935500,2026-08-28 16:45:00+00:00,1.35359,1.35438,1.3535599999999999,1.35371,4300
1787936400,2026-08-28 17:00:00+00:00,1.35371,1.35374,1.35289,1.35371,3989
1787937300,2026-08-28 17:15:00+00:00,1.35371,1.35375,1.3532899999999999,1.35346,3577
1787938200,2026-08-28 17:30:00+00:00,1.35346,1.35347,1.3526799999999999,1.35286,3229
1787939100,2026-08-28 17:45:00+00:00,1.35286,1.3532,1.35275,1.353,3120
1787940000,2026-08-28 18:00:00+00:00,1.353,1.3531900000000001,1.35271,1.35281,3099
1787940900,2026-08-28 18:15:00+00:00,1.35281,1.35321,1.35276,1.35303,2623
1787941800,2026-08-28 18:30:00+00:00,1.35303,1.35315,1.3528,1.3529499999999999,2145
1787942700,2026-08-28 18:45:00+00:00,1.3529499999999999,1.35312,1.35277,1.35305,2495
1787943600,2026-08-28 19:00:00+00:00,1.35306,1.35339,1.3529900000000001,1.3532600000000001,2534
1787944500,2026-08-28 19:15:00+00:00,1.3532600000000001,1.35379,1.35307,1.35369,2500
1787945400,2026-08-28 19:30:00+00:00,1.35368,1.35393,1.35349,1.35384,2698
1787946300,2026-08-28 19:45:00+00:00,1.3538299999999999,1.35405,1.35365,1.3538299999999999,2455
1787947200,2026-08-28 20:00:00+00:00,1.35382,1.3538700000000001,1.35358,1.35379,950
1787948100,2026-08-28 20:15:00+00:00,1.35379,1.35391,1.35347,1.3535599999999999,790
1787949000,2026-08-28 20:30:00+00:00,1.35355,1.3536000000000001,1.35305,1.35317,654
1787949900,2026-08-28 20:45:00+00:00,1.35317,1.35361,1.35308,1.35339,2761
1788123600,2026-08-30 21:00:00+00:00,1.3531,1.35372,1.35306,1.35364,102
1788124500,2026-08-30 21:15:00+00:00,1.35364,1.35388,1.35321,1.35354,210
1788125400,2026-08-30 21:30:00+00:00,1.35354,1.35406,1.35321,1.35364,370
1788126300,2026-08-30 21:45:00+00:00,1.35364,1.35384,1.35332,1.35351,395
1788127200,2026-08-30 22:00:00+00:00,1.35351,1.35371,1.35296,1.35318,603
1788128100,2026-08-30 22:15:00+00:00,1.35318,1.35331,1.35313,1.35325,929
1788129000,2026-08-30 22:30:00+00:00,1.35325,1.35372,1.35325,1.35351,886
1788129900,2026-08-30 22:45:00+00:00,1.35351,1.35367,1.35349,1.35361,435
1788130800,2026-08-30 23:00:00+00:00,1.35361,1.35378,1.3535,1.35366,907
1788131700,2026-08-30 23:15:00+00:00,1.35366,1.35381,1.35359,1.35368,1019
1788132600,2026-08-30 23:30:00+00:00,1.35368,1.35399,1.35367,1.35388,1044
1788133500,2026-08-30 23:45:00+00:00,1.35388,1.35408,1.35376,1.35401,2042
1788134400,2026-08-31 00:00:00+00:00,1.35401,1.35428,1.35399,1.3541699999999999,3482
1788135300,2026-08-31 00:15:00+00:00,1.3541699999999999,1.35429,1.35336,1.35347,3030
1788136200,2026-08-31 00:30:00+00:00,1.35346,1.35435,1.35346,1.35427,2309
1788137100,2026-08-31 00:45:00+00:00,1.35427,1.35472,1.3541699999999999,1.35452,2984
1788138000,2026-08-31 01:00:00+00:00,1.35452,1.35452,1.3537,1.35386,3280
1788138900,2026-08-31 01:15:00+00:00,1.35386,1.35434,1.35375,1.3543,3454
1788139800,2026-08-31 01:30:00+00:00,1.3543,1.35473,1.35411,1.35461,3178
1788140700,2026-08-31 01:45:00+00:00,1.35461,1.35468,1.35428,1.35434,2711
1788141600,2026-08-31 02:00:00+00:00,1.35434,1.35457,1.3542100000000001,1.3544800000000001,2771
1788142500,2026-08-31 02:15:00+00:00,1.3544800000000001,1.35459,1.35409,1.35449,3218
1788143400,2026-08-31 02:30:00+00:00,1.35449,1.35459,1.35385,1.35395,2740
1788144300,2026-08-31 02:45:00+00:00,1.35395,1.35447,1.35393,1.35446,2066
1788145200,2026-08-31 03:00:00+00:00,1.35446,1.35462,1.35442,1.35457,1709
1788146100,2026-08-31 03:15:00+00:00,1.35457,1.35472,1.3545099999999999,1.3545099999999999,1412
1788147000,2026-08-31 03:30:00+00:00,1.3545099999999999,1.35452,1.3541400000000001,1.3544,1780
1788147900,2026-08-31 03:45:00+00:00,1.3544,1.35445,1.35426,1.35439,1373
1788148800,2026-08-31 04:00:00+00:00,1.35439,1.35465,1.35438,1.3546,1231
1788149700,2026-08-31 04:15:00+00:00,1.3546,1.35464,1.35418,1.3542399999999999,1501
1788150600,2026-08-31 04:30:00+00:00,1.3542399999999999,1.35439,1.35415,1.35437,1546
1788151500,2026-08-31 04:45:00+00:00,1.35437,1.35449,1.35429,1.3544800000000001,1432
1788152400,2026-08-31 05:00:00+00:00,1.3544800000000001,1.3545,1.35415,1.3543,2012
1788153300,2026-08-31 05:15:00+00:00,1.3543,1.35469,1.35427,1.35468,1283
1788154200,2026-08-31 05:30:00+00:00,1.35468,1.35469,1.35422,1.35446,2674
1788155100,2026-08-31 05:45:00+00:00,1.35446,1.35469,1.3543,1.35468,2224
1788156000,2026-08-31 06:00:00+00:00,1.35468,1.35468,1.35435,1.35467,2353
1788156900,2026-08-31 06:15:00+00:00,1.35467,1.35489,1.35445,1.3545,2014
1788157800,2026-08-31 06:30:00+00:00,1.3545,1.3548200000000001,1.3544,1.35446,2197
1788158700,2026-08-31 06:45:00+00:00,1.35446,1.35456,1.3538700000000001,1.35438,2679
1788159600,2026-08-31 07:00:00+00:00,1.35438,1.35443,1.35367,1.35393,2985
1788160500,2026-08-31 07:15:00+00:00,1.35393,1.3548200000000001,1.35374,1.35456,2867
1788161400,2026-08-31 07:30:00+00:00,1.35456,1.35461,1.35418,1.35454,2637
1788162300,2026-08-31 07:45:00+00:00,1.35454,1.35479,1.35447,1.35463,2306
1788163200,2026-08-31 08:00:00+00:00,1.35462,1.35558,1.3544100000000001,1.35456,3337
1788164100,2026-08-31 08:15:00+00:00,1.35456,1.35473,1.35435,1.35469,2587
1788165000,2026-08-31 08:30:00+00:00,1.35469,1.35481,1.3542100000000001,1.35426,1806
1788165900,2026-08-31 08:45:00+00:00,1.35427,1.35443,1.35381,1.35402,2204
1788166800,2026-08-31 09:00:00+00:00,1.35402,1.35443,1.35402,1.35439,1862
1788167700,2026-08-31 09:15:00+00:00,1.35439,1.35459,1.35411,1.35433,1880
1788168600,2026-08-31 09:30:00+00:00,1.35433,1.3544,1.35396,1.35426,1690
1788169500,2026-08-31 09:45:00+00:00,1.35426,1.3544,1.3541400000000001,1.35423,1768
1788170400,2026-08-31 10:00:00+00:00,1.35423,1.35468,1.35418,1.35447,2427
1788171300,2026-08-31 10:15:00+00:00,1.35447,1.3544800000000001,1.35418,1.35438,2392
1788172200,2026-08-31 10:30:00+00:00,1.35438,1.35438,1.35382,1.35382,1726
1788173100,2026-08-31 10:45:00+00:00,1.35382,1.35425,1.35359,1.35398,2191
1788174000,2026-08-31 11:00:00+00:00,1.35398,1.35409,1.35367,1.35406,2902
1788174900,2026-08-31 11:15:00+00:00,1.35406,1.35457,1.35404,1.35453,3474
1788175800,2026-08-31 11:30:00+00:00,1.35453,1.35463,1.35401,1.35418,4031
1788176700,2026-08-31 11:45:00+00:00,1.35418,1.35432,1.35372,1.35384,2501
1788177600,2026-08-31 12:00:00+00:00,1.35384,1.35436,1.35361,1.35432,2918
1788178500,2026-08-31 12:15:00+00:00,1.35432,1.35468,1.35371,1.35436,3768
1788179400,2026-08-31 12:30:00+00:00,1.35436,1.3544,1.35369,1.35373,3729
1788180300,2026-08-31 12:45:00+00:00,1.35373,1.35394,1.3535599999999999,1.35384,2808
1788181200,2026-08-31 13:00:00+00:00,1.3538299999999999,1.35443,1.35379,1.3542,3205
1788182100,2026-08-31 13:15:00+00:00,1.3542,1.3548499999999999,1.3541,1.3547799999999999,2601
1788183000,2026-08-31 13:30:00+00:00,1.3547799999999999,1.3548200000000001,1.3541699999999999,1.35431,3845
1788183900,2026-08-31 13:45:00+00:00,1.35432,1.35447,1.35399,1.35427,3748
1788184800,2026-08-31 14:00:00+00:00,1.35427,1.35428,1.35359,1.35394,3405
1788185700,2026-08-31 14:15:00+00:00,1.35394,1.3545,1.35377,1.35419,3532
1788186600,2026-08-31 14:30:00+00:00,1.35419,1.3548200000000001,1.35385,1.35419,4211
1788187500,2026-08-31 14:45:00+00:00,1.35419,1.35654,1.35418,1.3554599999999999,8501
1788188400,2026-08-31 15:00:00+00:00,1.35547,1.3559700000000001,1.3548499999999999,1.35515,5849
1788189300,2026-08-31 15:15:00+00:00,1.35515,1.35518,1.35455,1.3550499999999999,3733
1788190200,2026-08-31 15:30:00+00:00,1.3550499999999999,1.35541,1.35496,1.35504,3675
1788191100,2026-08-31 15:45:00+00:00,1.35504,1.35551,1.35479,1.35486,2730
1788192000,2026-08-31 16:00:00+00:00,1.35486,1.35516,1.3548200000000001,1.35496,2236
1788192900,2026-08-31 16:15:00+00:00,1.35496,1.35525,1.35486,1.35504,1991
1788193800,2026-08-31 16:30:00+00:00,1.3550499999999999,1.35511,1.35464,1.35473,2645
1788194700,2026-08-31 16:45:00+00:00,1.35473,1.35498,1.35461,1.35486,2916
1788195600,2026-08-31 17:00:00+00:00,1.35487,1.35495,1.35461,1.35489,1865
1788196500,2026-08-31 17:15:00+00:00,1.35488,1.3552,1.35484,1.35493,1925
1788197400,2026-08-31 17:30:00+00:00,1.35493,1.35519,1.3548200000000001,1.35517,1507
1788198300,2026-08-31 17:45:00+00:00,1.35517,1.35533,1.35498,1.35499,1798
1788199200,2026-08-31 18:00:00+00:00,1.35499,1.35516,1.35483,1.35515,2062
1788200100,2026-08-31 18:15:00+00:00,1.35515,1.35516,1.35489,1.35489,1543
1788201000,2026-08-31 18:30:00+00:00,1.35489,1.355,1.35467,1.35477,1692
1788201900,2026-08-31 18:45:00+00:00,1.35477,1.35517,1.35473,1.35494,2344
1788202800,2026-08-31 19:00:00+00:00,1.35494,1.35498,1.3547500000000001,1.35477,1993
1788203700,2026-08-31 19:15:00+00:00,1.35477,1.35507,1.3547,1.3548499999999999,1581
1788204600,2026-08-31 19:30:00+00:00,1.3548499999999999,1.35498,1.35462,1.35479,2100
1788205500,2026-08-31 19:45:00+00:00,1.35479,1.35518,1.3547,1.35497,2661
1788206400,2026-08-31 20:00:00+00:00,1.35496,1.35516,1.35473,1.35473,1057
1788207300,2026-08-31 20:15:00+00:00,1.35473,1.3547799999999999,1.35462,1.3547500000000001,586
1788208200,2026-08-31 20:30:00+00:00,1.3547500000000001,1.35489,1.35467,1.3548499999999999,699
1788209100,2026-08-31 20:45:00+00:00,1.3548499999999999,1.35496,1.35479,1.35492,528
1788210000,2026-08-31 21:00:00+00:00,1.35492,1.35503,1.35432,1.3547500000000001,151
1788210900,2026-08-31 21:15:00+00:00,1.3547500000000001,1.3550900000000001,1.35462,1.35506,363
1788211800,2026-08-31 21:30:00+00:00,1.35506,1.35529,1.35462,1.35507,934
1788212700,2026-08-31 21:45:00+00:00,1.35507,1.35544,1.3549,1.3553600000000001,728
1788213600,2026-08-31 22:00:00+00:00,1.3553600000000001,1.35541,1.35494,1.35497,589
1788214500,2026-08-31 22:15:00+00:00,1.35497,1.355,1.3548200000000001,1.35486,489
1788215400,2026-08-31 22:30:00+00:00,1.35486,1.35488,1.35464,1.35465,469
1788216300,2026-08-31 22:45:00+00:00,1.35465,1.35467,1.35455,1.35464,589
1788217200,2026-08-31 23:00:00+00:00,1.35464,1.35464,1.35438,1.3544399999999999,902
1788218100,2026-08-31 23:15:00+00:00,1.3544399999999999,1.35457,1.35442,1.35455,656
1788219000,2026-08-31 23:30:00+00:00,1.35455,1.3547799999999999,1.35454,1.35469,1119
1788219900,2026-08-31 23:45:00+00:00,1.35469,1.35492,1.35462,1.35487,2014
1788220800,2026-09-01 00:00:00+00:00,1.35487,1.35557,1.35465,1.35531,4030
1788221700,2026-09-01 00:15:00+00:00,1.35531,1.3559700000000001,1.35521,1.35587,3030
1788222600,2026-09-01 00:30:00+00:00,1.35587,1.35592,1.3554300000000001,1.35549,2434
1788223500,2026-09-01 00:45:00+00:00,1.35549,1.35564,1.35521,1.35527,2775
1788224400,2026-09-01 01:00:00+00:00,1.35527,1.35534,1.35467,1.3548200000000001,3970
1788225300,2026-09-01 01:15:00+00:00,1.3548200000000001,1.35497,1.35434,1.35442,3729
1788226200,2026-09-01 01:30:00+00:00,1.35442,1.35496,1.3544100000000001,1.35496,2416
1788227100,2026-09-01 01:45:00+00:00,1.35496,1.35498,1.3542100000000001,1.35456,2944
1788228000,2026-09-01 02:00:00+00:00,1.35457,1.35458,1.3541400000000001,1.35426,4336
1788228900,2026-09-01 02:15:00+00:00,1.35426,1.3546,1.35423,1.35455,2593
1788229800,2026-09-01 02:30:00+00:00,1.35455,1.35457,1.3541400000000001,1.35431,2504
1788230700,2026-09-01 02:45:00+00:00,1.35431,1.35461,1.3542399999999999,1.3546,2377
1788231600,2026-09-01 03:00:00+00:00,1.3546,1.35461,1.3542100000000001,1.35446,3244
1788232500,2026-09-01 03:15:00+00:00,1.35446,1.35458,1.3541,1.35423,2853
1788233400,2026-09-01 03:30:00+00:00,1.3542399999999999,1.35434,1.3541699999999999,1.35432,2152
1788234300,2026-09-01 03:45:00+00:00,1.35433,1.3544100000000001,1.35406,1.35408,1625
1788235200,2026-09-01 04:00:00+00:00,1.35407,1.35427,1.35403,1.35412,2348
1788236100,2026-09-01 04:15:00+00:00,1.35412,1.3541400000000001,1.3538700000000001,1.3538999999999999,2131
1788237000,2026-09-01 04:30:00+00:00,1.3538999999999999,1.35404,1.35382,1.354,1686
1788237900,2026-09-01 04:45:00+00:00,1.354,1.35428,1.35394,1.35427,1812
1788238800,2026-09-01 05:00:00+00:00,1.35427,1.3547,1.35425,1.35468,1120
1788239700,2026-09-01 05:15:00+00:00,1.35468,1.35468,1.35437,1.35463,1553
1788240600,2026-09-01 05:30:00+00:00,1.35463,1.35489,1.35452,1.35468,2771
1788241500,2026-09-01 05:45:00+00:00,1.35468,1.35497,1.35461,1.35467,3179
1788242400,2026-09-01 06:00:00+00:00,1.35467,1.35477,1.35433,1.3544399999999999,3284
1788243300,2026-09-01 06:15:00+00:00,1.3544399999999999,1.35461,1.3535599999999999,1.35357,3286
1788244200,2026-09-01 06:30:00+00:00,1.35357,1.35428,1.35354,1.35427,3305
1788245100,2026-09-01 06:45:00+00:00,1.35427,1.35432,1.35394,1.35408,4083
1788246000,2026-09-01 07:00:00+00:00,1.35408,1.35437,1.35393,1.3541699999999999,4444
1788246900,2026-09-01 07:15:00+00:00,1.3541699999999999,1.35418,1.35346,1.35347,2589
1788247800,2026-09-01 07:30:00+00:00,1.35346,1.35347,1.35317,1.3532199999999999,2809
1788248700,2026-09-01 07:45:00+00:00,1.3532199999999999,1.35374,1.35311,1.35364,3484
1788249600,2026-09-01 08:00:00+00:00,1.35365,1.35401,1.35291,1.3531,4853
1788250500,2026-09-01 08:15:00+00:00,1.3531,1.35358,1.35303,1.35347,3107
1788251400,2026-09-01 08:30:00+00:00,1.35346,1.35401,1.35308,1.35395,3019
1788252300,2026-09-01 08:45:00+00:00,1.35395,1.35423,1.35374,1.35413,3233
1788253200,2026-09-01 09:00:00+00:00,1.35415,1.3544100000000001,1.3538999999999999,1.35422,3589
1788254100,2026-09-01 09:15:00+00:00,1.35422,1.35467,1.35416,1.35442,2891
1788255000,2026-09-01 09:30:00+00:00,1.35442,1.3548499999999999,1.35431,1.35454,2965
1788255900,2026-09-01 09:45:00+00:00,1.35454,1.3547500000000001,1.35392,1.35396,3106
1788256800,2026-09-01 10:00:00+00:00,1.35396,1.35431,1.35382,1.3541699999999999,2743
1788257700,2026-09-01 10:15:00+00:00,1.3541699999999999,1.35439,1.35404,1.3541699999999999,4129
1788258600,2026-09-01 10:30:00+00:00,1.3541699999999999,1.35418,1.35351,1.35352,2344
1788259500,2026-09-01 10:45:00+00:00,1.3535300000000001,1.35374,1.35333,1.3535599999999999,3327
1788260400,2026-09-01 11:00:00+00:00,1.3535599999999999,1.35358,1.35304,1.35334,3482
1788261300,2026-09-01 11:15:00+00:00,1.35334,1.35398,1.3532199999999999,1.35375,4749
1788262200,2026-09-01 11:30:00+00:00,1.35375,1.35396,1.35357,1.35379,3429
1788263100,2026-09-01 11:45:00+00:00,1.35379,1.3538299999999999,1.35338,1.35357,3525
1788264000,2026-09-01 12:00:00+00:00,1.35357,1.35357,1.35291,1.35316,3867
1788264900,2026-09-01 12:15:00+00:00,1.35316,1.35361,1.35311,1.35334,3999
1788265800,2026-09-01 12:30:00+00:00,1.35334,1.35347,1.35297,1.35313,4020
1788266700,2026-09-01 12:45:00+00:00,1.35313,1.35352,1.35291,1.35297,4016
1788267600,2026-09-01 13:00:00+00:00,1.35297,1.35306,1.35252,1.35285,3541
1788268500,2026-09-01 13:15:00+00:00,1.35285,1.3535300000000001,1.35283,1.3535,3137
1788269400,2026-09-01 13:30:00+00:00,1.3535,1.35462,1.35349,1.3544800000000001,4787
1788270300,2026-09-01 13:45:00+00:00,1.3544800000000001,1.35457,1.3536000000000001,1.3544800000000001,3942
1788271200,2026-09-01 14:00:00+00:00,1.3544800000000001,1.35523,1.35408,1.35508,5042
1788272100,2026-09-01 14:15:00+00:00,1.35508,1.3550900000000001,1.3542,1.3542100000000001,4411
1788273000,2026-09-01 14:30:00+00:00,1.3542100000000001,1.35445,1.35406,1.35426,3805
1788273900,2026-09-01 14:45:00+00:00,1.35426,1.35447,1.3535599999999999,1.35377,5241
1788274800,2026-09-01 15:00:00+00:00,1.35378,1.35407,1.35281,1.3532199999999999,5577
1788275700,2026-09-01 15:15:00+00:00,1.3532199999999999,1.3532899999999999,1.35248,1.3528,4416
1788276600,2026-09-01 15:30:00+00:00,1.3528,1.35309,1.35262,1.35286,3470
1788277500,2026-09-01 15:45:00+00:00,1.35287,1.35293,1.35237,1.35267,3225
1788278400,2026-09-01 16:00:00+00:00,1.35267,1.3528,1.35249,1.35266,3309
1788279300,2026-09-01 16:15:00+00:00,1.35267,1.35279,1.3520699999999999,1.35227,4841
1788280200,2026-09-01 16:30:00+00:00,1.35227,1.35277,1.35212,1.35225,4448
1788281100,2026-09-01 16:45:00+00:00,1.35225,1.3523100000000001,1.3514300000000001,1.35147,3700
1788282000,2026-09-01 17:00:00+00:00,1.35147,1.35181,1.35135,1.35165,3630
1788282900,2026-09-01 17:15:00+00:00,1.35165,1.3519700000000001,1.3513600000000001,1.3519700000000001,3404
1788283800,2026-09-01 17:30:00+00:00,1.3519700000000001,1.35211,1.35131,1.3514599999999999,3429
1788284700,2026-09-01 17:45:00+00:00,1.3514599999999999,1.35147,1.3511600000000001,1.3513600000000001,2184
1788285600,2026-09-01 18:00:00+00:00,1.3513600000000001,1.3516,1.35121,1.35124,2980
1788286500,2026-09-01 18:15:00+00:00,1.35124,1.35144,1.35103,1.35103,2474
1788287400,2026-09-01 18:30:00+00:00,1.35103,1.35104,1.3506,1.35084,3080
1788288300,2026-09-01 18:45:00+00:00,1.35084,1.3514599999999999,1.35084,1.3514,3012
1788289200,2026-09-01 19:00:00+00:00,1.3514,1.35158,1.35121,1.35149,3034
1788290100,2026-09-01 19:15:00+00:00,1.35149,1.35158,1.35128,1.3513,2170
1788291000,2026-09-01 19:30:00+00:00,1.3513,1.35147,1.35106,1.35106,2385
1788291900,2026-09-01 19:45:00+00:00,1.35107,1.35129,1.35098,1.35118,1690
1788292800,2026-09-01 20:00:00+00:00,1.35118,1.35128,1.35097,1.35103,823
1788293700,2026-09-01 20:15:00+00:00,1.35103,1.3512,1.35097,1.35118,710
1788294600,2026-09-01 20:30:00+00:00,1.35118,1.35156,1.3511600000000001,1.3514300000000001,824
1788295500,2026-09-01 20:45:00+00:00,1.3514300000000001,1.35169,1.3513899999999999,1.35154,733
1788296400,2026-09-01 21:00:00+00:00,1.35154,1.35154,1.35091,1.35151,208
1788297300,2026-09-01 21:15:00+00:00,1.35151,1.35185,1.35111,1.35171,540
1788298200,2026-09-01 21:30:00+00:00,1.35171,1.35175,1.35135,1.3513899999999999,439
1788299100,2026-09-01 21:45:00+00:00,1.3513899999999999,1.35181,1.35133,1.35169,581
1788300000,2026-09-01 22:00:00+00:00,1.35169,1.3519700000000001,1.35157,1.35181,776
1788300900,2026-09-01 22:15:00+00:00,1.35181,1.35189,1.35156,1.35162,259
1788301800,2026-09-01 22:30:00+00:00,1.35162,1.35168,1.3515,1.35151,356
1788302700,2026-09-01 22:45:00+00:00,1.35151,1.35159,1.3514599999999999,1.35153,346
1788303600,2026-09-01 23:00:00+00:00,1.35153,1.35154,1.35145,1.3514599999999999,501
1788304500,2026-09-01 23:15:00+00:00,1.3514599999999999,1.35148,1.35142,1.35144,417
1788305400,2026-09-01 23:30:00+00:00,1.35144,1.3516599999999999,1.35141,1.35162,385
1788306300,2026-09-01 23:45:00+00:00,1.35163,1.35168,1.35132,1.35133,1739
1788307200,2026-09-02 00:00:00+00:00,1.35133,1.35148,1.35093,1.35106,3150
1788308100,2026-09-02 00:15:00+00:00,1.35106,1.35147,1.35088,1.35096,3274
1788309000,2026-09-02 00:30:00+00:00,1.35096,1.35126,1.35084,1.35121,2638
1788309900,2026-09-02 00:45:00+00:00,1.35121,1.35122,1.35068,1.35069,3357
1788310800,2026-09-02 01:00:00+00:00,1.35068,1.35081,1.35038,1.35046,4009
1788311700,2026-09-02 01:15:00+00:00,1.35046,1.35083,1.35039,1.3507799999999999,2735
1788312600,2026-09-02 01:30:00+00:00,1.3507799999999999,1.35086,1.35028,1.35047,2822
1788313500,2026-09-02 01:45:00+00:00,1.35047,1.35054,1.35023,1.3505099999999999,1907
1788314400,2026-09-02 02:00:00+00:00,1.3505099999999999,1.35065,1.35007,1.35057,3345
1788315300,2026-09-02 02:15:00+00:00,1.35058,1.35079,1.35027,1.3506,2921
1788316200,2026-09-02 02:30:00+00:00,1.35059,1.35084,1.35045,1.3507500000000001,2405
1788317100,2026-09-02 02:45:00+00:00,1.3507500000000001,1.3507799999999999,1.35062,1.35069,1424
1788318000,2026-09-02 03:00:00+00:00,1.35069,1.35079,1.35054,1.35057,2065
1788318900,2026-09-02 03:15:00+00:00,1.35057,1.35064,1.35033,1.35034,1984
1788319800,2026-09-02 03:30:00+00:00,1.35034,1.3504399999999999,1.3501,1.35015,2232
1788320700,2026-09-02 03:45:00+00:00,1.35015,1.35029,1.3501,1.35027,1462
1788321600,2026-09-02 04:00:00+00:00,1.35027,1.35029,1.34993,1.34999,1815
1788322500,2026-09-02 04:15:00+00:00,1.34999,1.35015,1.34981,1.3498700000000001,1701
1788323400,2026-09-02 04:30:00+00:00,1.3498700000000001,1.34996,1.34975,1.34981,1696
1788324300,2026-09-02 04:45:00+00:00,1.3498299999999999,1.35,1.3496299999999999,1.34966,2519
1788325200,2026-09-02 05:00:00+00:00,1.34966,1.34991,1.34945,1.34988,1624
1788326100,2026-09-02 05:15:00+00:00,1.34989,1.35022,1.34986,1.3502100000000001,2234
1788327000,2026-09-02 05:30:00+00:00,1.3502100000000001,1.35037,1.34997,1.35016,2739
1788327900,2026-09-02 05:45:00+00:00,1.35016,1.35049,1.35007,1.3503,2566
1788328800,2026-09-02 06:00:00+00:00,1.3503,1.35076,1.35004,1.3504,3947
1788329700,2026-09-02 06:15:00+00:00,1.3504,1.3508499999999999,1.3498999999999999,1.35039,3960
1788330600,2026-09-02 06:30:00+00:00,1.35039,1.35065,1.3502,1.35047,4027
1788331500,2026-09-02 06:45:00+00:00,1.35047,1.3504800000000001,1.34925,1.3492600000000001,4298
1788332400,2026-09-02 07:00:00+00:00,1.3492600000000001,1.35005,1.34897,1.34993,4078
1788333300,2026-09-02 07:15:00+00:00,1.34993,1.35069,1.34982,1.35037,2882
1788334200,2026-09-02 07:30:00+00:00,1.35036,1.35128,1.35028,1.3508499999999999,2893
1788335100,2026-09-02 07:45:00+00:00,1.3508499999999999,1.35113,1.3508,1.35107,2987
1788336000,2026-09-02 08:00:00+00:00,1.35107,1.35148,1.35092,1.3511600000000001,2511
1788336900,2026-09-02 08:15:00+00:00,1.3511600000000001,1.35135,1.35093,1.35099,2698
1788337800,2026-09-02 08:30:00+00:00,1.35099,1.35133,1.3508200000000001,1.3513,3007
1788338700,2026-09-02 08:45:00+00:00,1.35131,1.35135,1.35009,1.35009,3122
1788339600,2026-09-02 09:00:00+00:00,1.35009,1.3507,1.34999,1.35004,3477
1788340500,2026-09-02 09:15:00+00:00,1.35004,1.35029,1.3498299999999999,1.35005,2650
1788341400,2026-09-02 09:30:00+00:00,1.35005,1.35011,1.34937,1.34939,2557
1788342300,2026-09-02 09:45:00+00:00,1.34939,1.34946,1.3485800000000001,1.3486500000000001,2261
1788343200,2026-09-02 10:00:00+00:00,1.3486500000000001,1.34879,1.34824,1.34837,2449
1788344100,2026-09-02 10:15:00+00:00,1.34837,1.34848,1.3480400000000001,1.34823,2530
1788345000,2026-09-02 10:30:00+00:00,1.34823,1.34849,1.34793,1.34794,2735
1788345900,2026-09-02 10:45:00+00:00,1.34794,1.34846,1.34769,1.34842,2691
1788346800,2026-09-02 11:00:00+00:00,1.34842,1.3489499999999999,1.34826,1.34887,3551
1788347700,2026-09-02 11:15:00+00:00,1.34887,1.3489499999999999,1.34825,1.34827,4046
1788348600,2026-09-02 11:30:00+00:00,1.34827,1.34881,1.34806,1.3486500000000001,3296
1788349500,2026-09-02 11:45:00+00:00,1.3486500000000001,1.34918,1.34832,1.34847,3086
1788350400,2026-09-02 12:00:00+00:00,1.34847,1.34889,1.3479999999999999,1.3483399999999999,4618
1788351300,2026-09-02 12:15:00+00:00,1.34835,1.34881,1.34775,1.34806,5673
1788352200,2026-09-02 12:30:00+00:00,1.34806,1.34813,1.34763,1.3477299999999999,2886
1788353100,2026-09-02 12:45:00+00:00,1.3477299999999999,1.3483800000000001,1.3474599999999999,1.3475,3594
1788354000,2026-09-02 13:00:00+00:00,1.34749,1.34813,1.34748,1.34812,3854
1788354900,2026-09-02 13:15:00+00:00,1.34812,1.35091,1.34809,1.34977,5662
1788355800,2026-09-02 13:30:00+00:00,1.34977,1.35074,1.34928,1.35072,5077
1788356700,2026-09-02 13:45:00+00:00,1.35072,1.35137,1.3498999999999999,1.35129,7658
1788357600,2026-09-02 14:00:00+00:00,1.35127,1.35131,1.35012,1.35037,7308
1788358500,2026-09-02 14:15:00+00:00,1.35037,1.35057,1.3498,1.35025,5985
1788359400,2026-09-02 14:30:00+00:00,1.35025,1.35059,1.34995,1.35013,6267
1788360300,2026-09-02 14:45:00+00:00,1.35013,1.3509,1.34965,1.35052,6858
1788361200,2026-09-02 15:00:00+00:00,1.35052,1.3510499999999999,1.35025,1.35034,6415
1788362100,2026-09-02 15:15:00+00:00,1.35034,1.35055,1.34988,1.35053,4678
1788363000,2026-09-02 15:30:00+00:00,1.35053,1.3507500000000001,1.34957,1.34958,4883
1788363900,2026-09-02 15:45:00+00:00,1.34958,1.3501699999999999,1.34945,1.35016,3903
1788364800,2026-09-02 16:00:00+00:00,1.35016,1.3504,1.34994,1.35038,4050
1788365700,2026-09-02 16:15:00+00:00,1.35038,1.35038,1.34959,1.34961,3992
1788366600,2026-09-02 16:30:00+00:00,1.3496000000000001,1.34988,1.3495599999999999,1.3498,3120
1788367500,2026-09-02 16:45:00+00:00,1.34979,1.34995,1.34942,1.34942,2915
1788368400,2026-09-02 17:00:00+00:00,1.34942,1.3495599999999999,1.3489900000000001,1.34913,2727
1788369300,2026-09-02 17:15:00+00:00,1.34912,1.34916,1.34852,1.3489900000000001,2584
1788370200,2026-09-02 17:30:00+00:00,1.3489900000000001,1.34904,1.34852,1.34887,2915
1788371100,2026-09-02 17:45:00+00:00,1.34887,1.3492600000000001,1.34856,1.34873,3113
1788372000,2026-09-02 18:00:00+00:00,1.34873,1.3489200000000001,1.3486099999999999,1.34866,2250
1788372900,2026-09-02 18:15:00+00:00,1.34866,1.34921,1.34845,1.34867,2764
1788373800,2026-09-02 18:30:00+00:00,1.34867,1.34889,1.34863,1.3486500000000001,1495
1788374700,2026-09-02 18:45:00+00:00,1.3486500000000001,1.34884,1.34849,1.3486500000000001,1634
1788375600,2026-09-02 19:00:00+00:00,1.3486500000000001,1.34874,1.3484099999999999,1.34843,1524
1788376500,2026-09-02 19:15:00+00:00,1.34843,1.34879,1.3484099999999999,1.34852,1853
1788377400,2026-09-02 19:30:00+00:00,1.34852,1.34863,1.34845,1.34856,2407
1788378300,2026-09-02 19:45:00+00:00,1.34856,1.34884,1.3483399999999999,1.34881,2299
1788379200,2026-09-02 20:00:00+00:00,1.34881,1.34912,1.34877,1.34897,1069
1788380100,2026-09-02 20:15:00+00:00,1.34897,1.3489900000000001,1.34877,1.3488,1064
1788381000,2026-09-02 20:30:00+00:00,1.3488,1.3489,1.34874,1.34883,526
1788381900,2026-09-02 20:45:00+00:00,1.34883,1.34906,1.34835,1.34854,1455
1788382800,2026-09-02 21:00:00+00:00,1.34854,1.349,1.34782,1.34883,214
1788383700,2026-09-02 21:15:00+00:00,1.34883,1.34896,1.34822,1.34827,218
1788384600,2026-09-02 21:30:00+00:00,1.34827,1.3488,1.3480400000000001,1.34808,371
1788385500,2026-09-02 21:45:00+00:00,1.34808,1.34842,1.3479999999999999,1.34828,217
1788386400,2026-09-02 22:00:00+00:00,1.34828,1.3485,1.34814,1.34824,351
1788387300,2026-09-02 22:15:00+00:00,1.34824,1.34827,1.3481,1.34821,454
1788388200,2026-09-02 22:30:00+00:00,1.34821,1.34845,1.3482,1.3483100000000001,699
1788389100,2026-09-02 22:45:00+00:00,1.3483100000000001,1.34845,1.34822,1.34835,339
1788390000,2026-09-02 23:00:00+00:00,1.34835,1.34842,1.3481,1.34815,667
1788390900,2026-09-02 23:15:00+00:00,1.34815,1.34828,1.34812,1.34815,677
1788391800,2026-09-02 23:30:00+00:00,1.34815,1.34816,1.34802,1.34812,1061
1788392700,2026-09-02 23:45:00+00:00,1.34812,1.3483399999999999,1.34808,1.34826,2001
1788393600,2026-09-03 00:00:00+00:00,1.34826,1.34835,1.34805,1.34822,3693
1788394500,2026-09-03 00:15:00+00:00,1.34821,1.34863,1.34819,1.34856,2540
1788395400,2026-09-03 00:30:00+00:00,1.34856,1.3486099999999999,1.34837,1.34842,2061
1788396300,2026-09-03 00:45:00+00:00,1.34842,1.34898,1.3483399999999999,1.34878,3263
1788397200,2026-09-03 01:00:00+00:00,1.34878,1.34889,1.34874,1.34877,3080
1788398100,2026-09-03 01:15:00+00:00,1.34877,1.34896,1.34846,1.34894,2972
1788399000,2026-09-03 01:30:00+00:00,1.34894,1.34917,1.3486500000000001,1.34866,4351
1788399900,2026-09-03 01:45:00+00:00,1.34866,1.34876,1.34805,1.34816,2925
1788400800,2026-09-03 02:00:00+00:00,1.34817,1.34844,1.34806,1.34827,3374
1788401700,2026-09-03 02:15:00+00:00,1.34827,1.34878,1.34815,1.34866,3753
1788402600,2026-09-03 02:30:00+00:00,1.34866,1.34923,1.3485800000000001,1.34876,4169
1788403500,2026-09-03 02:45:00+00:00,1.34876,1.34904,1.34862,1.34889,3854
1788404400,2026-09-03 03:00:00+00:00,1.34889,1.34967,1.34886,1.34946,3134
1788405300,2026-09-03 03:15:00+00:00,1.34946,1.34957,1.3492600000000001,1.34945,2542
1788406200,2026-09-03 03:30:00+00:00,1.34945,1.34958,1.34924,1.34949,2619
1788407100,2026-09-03 03:45:00+00:00,1.34949,1.3496000000000001,1.34933,1.34947,2772
1788408000,2026-09-03 04:00:00+00:00,1.34947,1.34955,1.3492600000000001,1.34946,1946
1788408900,2026-09-03 04:15:00+00:00,1.34946,1.3496299999999999,1.34935,1.34958,1846
1788409800,2026-09-03 04:30:00+00:00,1.34958,1.34986,1.34945,1.34973,2395
1788410700,2026-09-03 04:45:00+00:00,1.34973,1.34976,1.3492199999999999,1.34936,1994
1788411600,2026-09-03 05:00:00+00:00,1.34936,1.34944,1.34904,1.34916,2514
1788412500,2026-09-03 05:15:00+00:00,1.34916,1.34968,1.34914,1.34948,3109
1788413400,2026-09-03 05:30:00+00:00,1.34948,1.3496000000000001,1.3492199999999999,1.34925,2623
1788414300,2026-09-03 05:45:00+00:00,1.34925,1.34946,1.34897,1.34916,3016
1788415200,2026-09-03 06:00:00+00:00,1.34916,1.34921,1.34839,1.34872,5076
1788416100,2026-09-03 06:15:00+00:00,1.34872,1.3488,1.34833,1.34859,3530
1788417000,2026-09-03 06:30:00+00:00,1.34859,1.34946,1.34859,1.34934,4668
1788417900,2026-09-03 06:45:00+00:00,1.34934,1.34988,1.34918,1.34918,3978
1788418800,2026-09-03 07:00:00+00:00,1.34918,1.35034,1.34898,1.34949,5334
1788419700,2026-09-03 07:15:00+00:00,1.34949,1.35,1.34916,1.34935,3539
1788420600,2026-09-03 07:30:00+00:00,1.34935,1.35,1.34915,1.34988,4675
1788421500,2026-09-03 07:45:00+00:00,1.34988,1.35046,1.34985,1.35029,4029
1788422400,2026-09-03 08:00:00+00:00,1.3503,1.35074,1.34986,1.34999,5512
1788423300,2026-09-03 08:15:00+00:00,1.34999,1.35026,1.34968,1.3501699999999999,3266
1788424200,2026-09-03 08:30:00+00:00,1.3501699999999999,1.35019,1.34964,1.35006,2321
1788425100,2026-09-03 08:45:00+00:00,1.35006,1.35045,1.3498,1.34999,3639
1788426000,2026-09-03 09:00:00+00:00,1.34999,1.35038,1.34962,1.34996,4377
1788426900,2026-09-03 09:15:00+00:00,1.34996,1.35005,1.34932,1.34947,3432
1788427800,2026-09-03 09:30:00+00:00,1.34947,1.34955,1.34896,1.34936,4242
1788428700,2026-09-03 09:45:00+00:00,1.34936,1.34982,1.34935,1.34981,4129
1788429600,2026-09-03 10:00:00+00:00,1.34981,1.34998,1.3490199999999999,1.34903,3396
1788430500,2026-09-03 10:15:00+00:00,1.34903,1.34948,1.3489,1.34923,2985
1788431400,2026-09-03 10:30:00+00:00,1.34923,1.34923,1.34843,1.34866,3137
1788432300,2026-09-03 10:45:00+00:00,1.34866,1.3495300000000001,1.34866,1.34944,3512
1788433200,2026-09-03 11:00:00+00:00,1.34945,1.34976,1.34907,1.34967,4602
1788434100,2026-09-03 11:15:00+00:00,1.34967,1.35006,1.3489499999999999,1.34927,3963
1788435000,2026-09-03 11:30:00+00:00,1.34927,1.34938,1.34866,1.34898,2917
1788435900,2026-09-03 11:45:00+00:00,1.34898,1.3496299999999999,1.34888,1.34946,3651
1788436800,2026-09-03 12:00:00+00:00,1.34946,1.34989,1.3492600000000001,1.34965,4260
1788437700,2026-09-03 12:15:00+00:00,1.34965,1.34967,1.34893,1.3492,4498
1788438600,2026-09-03 12:30:00+00:00,1.3492,1.35124,1.3492,1.3507799999999999,7759
1788439500,2026-09-03 12:45:00+00:00,1.3507799999999999,1.35219,1.35065,1.35183,7734
1788440400,2026-09-03 13:00:00+00:00,1.35183,1.3519700000000001,1.35108,1.35149,6860
1788441300,2026-09-03 13:15:00+00:00,1.35149,1.3516,1.35079,1.35099,5480
1788442200,2026-09-03 13:30:00+00:00,1.35099,1.3510900000000001,1.35029,1.35107,6303
1788443100,2026-09-03 13:45:00+00:00,1.35107,1.35178,1.3502399999999999,1.35171,5210
1788444000,2026-09-03 14:00:00+00:00,1.35171,1.35171,1.35087,1.35147,6402
1788444900,2026-09-03 14:15:00+00:00,1.35147,1.35152,1.35067,1.3511,6477
1788445800,2026-09-03 14:30:00+00:00,1.3511,1.35126,1.35004,1.35022,5148
1788446700,2026-09-03 14:45:00+00:00,1.35022,1.3520699999999999,1.3501400000000001,1.35178,7114
1788447600,2026-09-03 15:00:00+00:00,1.35178,1.35391,1.35178,1.35354,7066
1788448500,2026-09-03 15:15:00+00:00,1.35352,1.3541,1.35324,1.35375,6175
1788449400,2026-09-03 15:30:00+00:00,1.35375,1.35405,1.35293,1.35323,6102
1788450300,2026-09-03 15:45:00+00:00,1.35323,1.35331,1.3527,1.35325,4341
1788451200,2026-09-03 16:00:00+00:00,1.35325,1.35403,1.3531,1.35399,4034
1788452100,2026-09-03 16:15:00+00:00,1.35399,1.3545099999999999,1.35393,1.35449,4254
1788453000,2026-09-03 16:30:00+00:00,1.35449,1.35479,1.35418,1.35446,3571
1788453900,2026-09-03 16:45:00+00:00,1.35446,1.3548200000000001,1.3544100000000001,1.35442,3100
1788454800,2026-09-03 17:00:00+00:00,1.35442,1.35452,1.35406,1.35426,3574
1788455700,2026-09-03 17:15:00+00:00,1.35426,1.35463,1.35425,1.35458,2720
1788456600,2026-09-03 17:30:00+00:00,1.35458,1.3547,1.35427,1.35436,2189
1788457500,2026-09-03 17:45:00+00:00,1.35436,1.3544,1.3538700000000001,1.35389,2475
1788458400,2026-09-03 18:00:00+00:00,1.35389,1.35436,1.35386,1.35428,3152
1788459300,2026-09-03 18:15:00+00:00,1.35428,1.3544100000000001,1.35401,1.35406,2919
1788460200,2026-09-03 18:30:00+00:00,1.35406,1.35409,1.35381,1.35384,3191
1788461100,2026-09-03 18:45:00+00:00,1.35384,1.35401,1.35374,1.35388,2579
1788462000,2026-09-03 19:00:00+00:00,1.35388,1.35399,1.35324,1.35325,3251
1788462900,2026-09-03 19:15:00+00:00,1.35325,1.35328,1.3523399999999999,1.35245,3861
1788463800,2026-09-03 19:30:00+00:00,1.35246,1.35262,1.35223,1.3526,3515
1788464700,2026-09-03 19:45:00+00:00,1.3526,1.35288,1.35253,1.35257,2672
1788465600,2026-09-03 20:00:00+00:00,1.35257,1.35291,1.35251,1.3526500000000001,1657
1788466500,2026-09-03 20:15:00+00:00,1.3526500000000001,1.3526799999999999,1.35248,1.35264,712
1788467400,2026-09-03 20:30:00+00:00,1.35264,1.35271,1.35249,1.35266,704
1788468300,2026-09-03 20:45:00+00:00,1.35267,1.35271,1.35235,1.35248,681
1788469200,2026-09-03 21:00:00+00:00,1.35245,1.35294,1.35195,1.35278,158
1788470100,2026-09-03 21:15:00+00:00,1.35278,1.35289,1.35278,1.35283,118
1788471000,2026-09-03 21:30:00+00:00,1.35283,1.35291,1.35254,1.35279,256
1788471900,2026-09-03 21:45:00+00:00,1.35279,1.35293,1.35251,1.35253,1065
1788472800,2026-09-03 22:00:00+00:00,1.35253,1.35263,1.3523399999999999,1.35247,655
1788473700,2026-09-03 22:15:00+00:00,1.35247,1.35251,1.35235,1.35235,472
1788474600,2026-09-03 22:30:00+00:00,1.35235,1.35247,1.35235,1.35241,674
1788475500,2026-09-03 22:45:00+00:00,1.35241,1.35243,1.35233,1.35239,632
1788476400,2026-09-03 23:00:00+00:00,1.35239,1.35259,1.35237,1.35251,547
1788477300,2026-09-03 23:15:00+00:00,1.35251,1.35272,1.35247,1.35269,502
1788478200,2026-09-03 23:30:00+00:00,1.35269,1.35301,1.3525800000000001,1.35266,1161
1788479100,2026-09-03 23:45:00+00:00,1.35267,1.3529,1.3526099999999999,1.35283,2284
1788480000,2026-09-04 00:00:00+00:00,1.35283,1.35306,1.35267,1.35285,4474
1788480900,2026-09-04 00:15:00+00:00,1.35284,1.35288,1.35254,1.35255,3378
1788481800,2026-09-04 00:30:00+00:00,1.35255,1.35287,1.3525,1.35282,2968
1788482700,2026-09-04 00:45:00+00:00,1.35283,1.35337,1.3528,1.35301,3220
1788483600,2026-09-04 01:00:00+00:00,1.35301,1.3532,1.35284,1.35286,4962
1788484500,2026-09-04 01:15:00+00:00,1.35286,1.35349,1.35282,1.35327,3754
1788485400,2026-09-04 01:30:00+00:00,1.35327,1.35339,1.35309,1.35328,3610
1788486300,2026-09-04 01:45:00+00:00,1.35328,1.35349,1.35315,1.35349,2249
1788487200,2026-09-04 02:00:00+00:00,1.35349,1.35377,1.35337,1.35346,2176
1788488100,2026-09-04 02:15:00+00:00,1.35346,1.35352,1.35294,1.35307,1809
1788489000,2026-09-04 02:30:00+00:00,1.35307,1.3532899999999999,1.35298,1.35317,2513
1788489900,2026-09-04 02:45:00+00:00,1.35317,1.35341,1.35309,1.35314,2034
1788490800,2026-09-04 03:00:00+00:00,1.35314,1.35337,1.35311,1.35334,2128
1788491700,2026-09-04 03:15:00+00:00,1.35334,1.35347,1.35305,1.35309,1439
1788492600,2026-09-04 03:30:00+00:00,1.35309,1.3531,1.3526799999999999,1.3526799999999999,2619
1788493500,2026-09-04 03:45:00+00:00,1.3526799999999999,1.35306,1.35267,1.3529499999999999,2462
1788494400,2026-09-04 04:00:00+00:00,1.3529499999999999,1.35331,1.35294,1.3531,2924
1788495300,2026-09-04 04:15:00+00:00,1.3531,1.35316,1.35297,1.3531,1865
1788496200,2026-09-04 04:30:00+00:00,1.3531,1.35331,1.3529900000000001,1.35317,1832
1788497100,2026-09-04 04:45:00+00:00,1.35317,1.3532600000000001,1.35307,1.35318,1227
1788498000,2026-09-04 05:00:00+00:00,1.35318,1.3532600000000001,1.35298,1.35325,1676
1788498900,2026-09-04 05:15:00+00:00,1.35325,1.35333,1.35313,1.3532199999999999,1737
1788499800,2026-09-04 05:30:00+00:00,1.3532199999999999,1.3535,1.3532,1.35328,1896
1788500700,2026-09-04 05:45:00+00:00,1.35328,1.35358,1.35318,1.35355,2218
1788501600,2026-09-04 06:00:00+00:00,1.35355,1.35437,1.3535,1.35434,3292
1788502500,2026-09-04 06:15:00+00:00,1.35434,1.3544100000000001,1.35403,1.35436,3103
1788503400,2026-09-04 06:30:00+00:00,1.35436,1.35449,1.35401,1.3543,3290
1788504300,2026-09-04 06:45:00+00:00,1.3543,1.3544800000000001,1.35409,1.35418,3338
1788505200,2026-09-04 07:00:00+00:00,1.35418,1.35468,1.35411,1.35415,3685
1788506100,2026-09-04 07:15:00+00:00,1.35415,1.35466,1.35413,1.35464,2464
1788507000,2026-09-04 07:30:00+00:00,1.35464,1.35493,1.35413,1.35467,3257
1788507900,2026-09-04 07:45:00+00:00,1.35467,1.35477,1.3532899999999999,1.35342,3766
1788508800,2026-09-04 08:00:00+00:00,1.35341,1.3538299999999999,1.35332,1.35347,3826
1788509700,2026-09-04 08:15:00+00:00,1.35347,1.35431,1.3532899999999999,1.35428,2189
1788510600,2026-09-04 08:30:00+00:00,1.35428,1.35429,1.35296,1.35328,3454
1788511500,2026-09-04 08:45:00+00:00,1.35328,1.35351,1.35308,1.35328,2494
1788512400,2026-09-04 09:00:00+00:00,1.35328,1.35328,1.35274,1.3528,2761
1788513300,2026-09-04 09:15:00+00:00,1.3528,1.35302,1.35249,1.35267,2725
1788514200,2026-09-04 09:30:00+00:00,1.35267,1.35279,1.35224,1.35227,2934
1788515100,2026-09-04 09:45:00+00:00,1.35227,1.35269,1.35218,1.35229,3930
1788516000,2026-09-04 10:00:00+00:00,1.3523,1.35255,1.3522,1.35246,2869
1788516900,2026-09-04 10:15:00+00:00,1.35246,1.35294,1.3523800000000001,1.3526,3188
1788517800,2026-09-04 10:30:00+00:00,1.3526,1.35316,1.35256,1.35314,2884
1788518700,2026-09-04 10:45:00+00:00,1.35314,1.3535300000000001,1.35312,1.35314,2567
1788519600,2026-09-04 11:00:00+00:00,1.35314,1.3536299999999999,1.35314,1.35358,3052
1788520500,2026-09-04 11:15:00+00:00,1.35357,1.3538700000000001,1.35344,1.3536299999999999,2604
1788521400,2026-09-04 11:30:00+00:00,1.35364,1.35365,1.35321,1.35344,2881
1788522300,2026-09-04 11:45:00+00:00,1.35344,1.35372,1.35323,1.35324,3108
1788523200,2026-09-04 12:00:00+00:00,1.35324,1.35364,1.35269,1.35296,3802
1788524100,2026-09-04 12:15:00+00:00,1.35296,1.35328,1.35285,1.3532,4295
1788525000,2026-09-04 12:30:00+00:00,1.3532,1.3532199999999999,1.3482,1.34979,13567
1788525900,2026-09-04 12:45:00+00:00,1.34979,1.35057,1.34884,1.35039,11844
1788526800,2026-09-04 13:00:00+00:00,1.35038,1.35046,1.34949,1.34996,8798
1788527700,2026-09-04 13:15:00+00:00,1.34996,1.35156,1.34986,1.3514300000000001,8000
1788528600,2026-09-04 13:30:00+00:00,1.3514300000000001,1.35176,1.35079,1.35123,6566
1788529500,2026-09-04 13:45:00+00:00,1.35123,1.35244,1.35033,1.35057,6575
1788530400,2026-09-04 14:00:00+00:00,1.35057,1.35133,1.35053,1.3510900000000001,6212
1788531300,2026-09-04 14:15:00+00:00,1.3510900000000001,1.35147,1.35079,1.35118,5402
1788532200,2026-09-04 14:30:00+00:00,1.35118,1.35226,1.35115,1.35208,5611
1788533100,2026-09-04 14:45:00+00:00,1.35208,1.35237,1.35127,1.35144,5703
1788534000,2026-09-04 15:00:00+00:00,1.35144,1.35194,1.35103,1.3519,6063
1788534900,2026-09-04 15:15:00+00:00,1.35189,1.35239,1.35179,1.35206,4913
1788535800,2026-09-04 15:30:00+00:00,1.35206,1.35251,1.3519700000000001,1.35218,4007
1788536700,2026-09-04 15:45:00+00:00,1.35218,1.35252,1.35195,1.35203,3730
1788537600,2026-09-04 16:00:00+00:00,1.3520400000000001,1.35242,1.35193,1.35236,3215
1788538500,2026-09-04 16:15:00+00:00,1.35236,1.35248,1.35178,1.35183,3522
1788539400,2026-09-04 16:30:00+00:00,1.35183,1.35228,1.35178,1.35198,2562
1788540300,2026-09-04 16:45:00+00:00,1.35198,1.35218,1.35181,1.35199,2671
1788541200,2026-09-04 17:00:00+00:00,1.35199,1.3519999999999999,1.35121,1.35154,4027
1788542100,2026-09-04 17:15:00+00:00,1.35154,1.35176,1.35137,1.35142,2872
1788543000,2026-09-04 17:30:00+00:00,1.35142,1.35163,1.35127,1.3513,2853
1788543900,2026-09-04 17:45:00+00:00,1.3513,1.3514300000000001,1.3511600000000001,1.35135,2047
1788544800,2026-09-04 18:00:00+00:00,1.35135,1.3514599999999999,1.35118,1.3513600000000001,2669
1788545700,2026-09-04 18:15:00+00:00,1.35135,1.3513899999999999,1.35115,1.35127,2330
1788546600,2026-09-04 18:30:00+00:00,1.35127,1.35141,1.3511,1.35121,2636
1788547500,2026-09-04 18:45:00+00:00,1.35121,1.35142,1.35107,1.35137,2336
1788548400,2026-09-04 19:00:00+00:00,1.35137,1.35164,1.35132,1.35156,2282
1788549300,2026-09-04 19:15:00+00:00,1.35156,1.3519,1.35156,1.35186,1669
1788550200,2026-09-04 19:30:00+00:00,1.35186,1.35218,1.3518,1.35217,3043
1788551100,2026-09-04 19:45:00+00:00,1.35217,1.35217,1.35183,1.35189,1943
1788552000,2026-09-04 20:00:00+00:00,1.35189,1.3519700000000001,1.3514599999999999,1.35158,765
1788552900,2026-09-04 20:15:00+00:00,1.35158,1.35183,1.35156,1.3517299999999999,640
1788553800,2026-09-04 20:30:00+00:00,1.35172,1.35174,1.35148,1.35154,517
1788554700,2026-09-04 20:45:00+00:00,1.35154,1.35179,1.3513899999999999,1.35154,1910
1788728400,2026-09-06 21:00:00+00:00,1.35084,1.35202,1.35084,1.35174,155
1788729300,2026-09-06 21:15:00+00:00,1.35174,1.35194,1.3514,1.35175,260
1788730200,2026-09-06 21:30:00+00:00,1.35175,1.35201,1.35153,1.35192,1210
1788731100,2026-09-06 21:45:00+00:00,1.35192,1.35199,1.35162,1.35181,1014
1788732000,2026-09-06 22:00:00+00:00,1.35181,1.35186,1.3514300000000001,1.35157,462
1788732900,2026-09-06 22:15:00+00:00,1.35157,1.35165,1.35154,1.35156,705
1788733800,2026-09-06 22:30:00+00:00,1.35156,1.35156,1.35145,1.35151,262
1788734700,2026-09-06 22:45:00+00:00,1.35151,1.35168,1.35149,1.35162,459
1788735600,2026-09-06 23:00:00+00:00,1.35162,1.3519,1.35157,1.35185,516
1788736500,2026-09-06 23:15:00+00:00,1.35185,1.35187,1.35176,1.35184,233
1788737400,2026-09-06 23:30:00+00:00,1.35184,1.35199,1.35176,1.3519700000000001,622
1788738300,2026-09-06 23:45:00+00:00,1.3519700000000001,1.35199,1.35165,1.35168,1795
1788739200,2026-09-07 00:00:00+00:00,1.35168,1.35193,1.35155,1.35184,3745
1788740100,2026-09-07 00:15:00+00:00,1.35184,1.35214,1.3516599999999999,1.35205,3001
1788741000,2026-09-07 00:30:00+00:00,1.35205,1.35221,1.35189,1.35214,2943
1788741900,2026-09-07 00:45:00+00:00,1.35214,1.35219,1.35185,1.35201,2492
1788742800,2026-09-07 01:00:00+00:00,1.35201,1.35206,1.35156,1.35169,3476
1788743700,2026-09-07 01:15:00+00:00,1.35168,1.3517700000000001,1.35126,1.35165,2338
1788744600,2026-09-07 01:30:00+00:00,1.35165,1.35169,1.35125,1.3513899999999999,2452
1788745500,2026-09-07 01:45:00+00:00,1.3513899999999999,1.35156,1.35119,1.35125,2893
1788746400,2026-09-07 02:00:00+00:00,1.35125,1.35127,1.35073,1.3507500000000001,2132
1788747300,2026-09-07 02:15:00+00:00,1.3507500000000001,1.35092,1.35065,1.35087,1358
1788748200,2026-09-07 02:30:00+00:00,1.35087,1.35099,1.35063,1.35065,1039
1788749100,2026-09-07 02:45:00+00:00,1.35065,1.3507799999999999,1.35054,1.35073,1374
1788750000,2026-09-07 03:00:00+00:00,1.35073,1.35094,1.35068,1.35088,1350
1788750900,2026-09-07 03:15:00+00:00,1.35088,1.35126,1.3508499999999999,1.35124,1148
1788751800,2026-09-07 03:30:00+00:00,1.35123,1.35124,1.35077,1.35084,1264
1788752700,2026-09-07 03:45:00+00:00,1.35084,1.35113,1.3507799999999999,1.3511199999999999,1199
1788753600,2026-09-07 04:00:00+00:00,1.3511199999999999,1.35117,1.35096,1.35108,1157
1788754500,2026-09-07 04:15:00+00:00,1.35108,1.35111,1.3509,1.351,746
1788755400,2026-09-07 04:30:00+00:00,1.351,1.35103,1.3508200000000001,1.35096,1001
1788756300,2026-09-07 04:45:00+00:00,1.35096,1.35126,1.35094,1.3512,1177
1788757200,2026-09-07 05:00:00+00:00,1.3512,1.35128,1.35108,1.3510900000000001,1729
1788758100,2026-09-07 05:15:00+00:00,1.3511,1.35129,1.35098,1.35124,1300
1788759000,2026-09-07 05:30:00+00:00,1.35125,1.35142,1.35115,1.35138,1935
1788759900,2026-09-07 05:45:00+00:00,1.35138,1.35195,1.3513600000000001,1.35188,2206
1788760800,2026-09-07 06:00:00+00:00,1.35188,1.35188,1.3513600000000001,1.3517299999999999,2260
1788761700,2026-09-07 06:15:00+00:00,1.3517299999999999,1.35267,1.35163,1.3526,2138
1788762600,2026-09-07 06:30:00+00:00,1.3526,1.35314,1.35255,1.35286,3185
1788763500,2026-09-07 06:45:00+00:00,1.35286,1.3529499999999999,1.35257,1.35263,2925
1788764400,2026-09-07 07:00:00+00:00,1.35263,1.35287,1.35221,1.3523800000000001,3491
1788765300,2026-09-07 07:15:00+00:00,1.3523800000000001,1.35266,1.3523100000000001,1.35249,2579
1788766200,2026-09-07 07:30:00+00:00,1.35249,1.35276,1.35225,1.3526,2486
1788767100,2026-09-07 07:45:00+00:00,1.3526,1.35338,1.35256,1.35327,3414
1788768000,2026-09-07 08:00:00+00:00,1.35327,1.35402,1.35304,1.3538299999999999,4352
1788768900,2026-09-07 08:15:00+00:00,1.3538299999999999,1.3545099999999999,1.35357,1.3541400000000001,3179
1788769800,2026-09-07 08:30:00+00:00,1.35415,1.35439,1.35349,1.35349,2978
1788770700,2026-09-07 08:45:00+00:00,1.35349,1.35367,1.35317,1.35355,2361
1788771600,2026-09-07 09:00:00+00:00,1.35355,1.35368,1.35327,1.35359,1949
1788772500,2026-09-07 09:15:00+00:00,1.35359,1.35408,1.35358,1.35397,2004
1788773400,2026-09-07 09:30:00+00:00,1.35397,1.35438,1.35366,1.35369,1919
1788774300,2026-09-07 09:45:00+00:00,1.35369,1.35389,1.35336,1.35359,2384
1788775200,2026-09-07 10:00:00+00:00,1.35359,1.3537,1.35336,1.35341,2101
1788776100,2026-09-07 10:15:00+00:00,1.35341,1.35388,1.35335,1.3535599999999999,1385
1788777000,2026-09-07 10:30:00+00:00,1.3535599999999999,1.35397,1.35345,1.3538999999999999,1276
1788777900,2026-09-07 10:45:00+00:00,1.3538999999999999,1.3541,1.3536000000000001,1.3538700000000001,1876
1788778800,2026-09-07 11:00:00+00:00,1.3538700000000001,1.35399,1.35348,1.35361,2039
1788779700,2026-09-07 11:15:00+00:00,1.35361,1.35372,1.35349,1.3536000000000001,1674
1788780600,2026-09-07 11:30:00+00:00,1.3536000000000001,1.35374,1.35341,1.3536000000000001,1660
1788781500,2026-09-07 11:45:00+00:00,1.3536000000000001,1.35375,1.35317,1.3532199999999999,1857
1788782400,2026-09-07 12:00:00+00:00,1.3532199999999999,1.35334,1.35293,1.35301,2226
1788783300,2026-09-07 12:15:00+00:00,1.35301,1.35357,1.35291,1.3535599999999999,2131
1788784200,2026-09-07 12:30:00+00:00,1.3535599999999999,1.35389,1.3535,1.35388,2237
1788785100,2026-09-07 12:45:00+00:00,1.35388,1.35392,1.35343,1.35375,2694
1788786000,2026-09-07 13:00:00+00:00,1.35375,1.35398,1.35358,1.3538999999999999,1494
1788786900,2026-09-07 13:15:00+00:00,1.3538999999999999,1.35391,1.35357,1.35367,1483
1788787800,2026-09-07 13:30:00+00:00,1.35367,1.35386,1.35357,1.35375,1821
1788788700,2026-09-07 13:45:00+00:00,1.35376,1.35402,1.35373,1.35388,2136
1788789600,2026-09-07 14:00:00+00:00,1.35388,1.35418,1.35364,1.35401,2843
1788790500,2026-09-07 14:15:00+00:00,1.35401,1.35428,1.35386,1.35395,2711
1788791400,2026-09-07 14:30:00+00:00,1.35395,1.3541699999999999,1.35382,1.35395,2752
1788792300,2026-09-07 14:45:00+00:00,1.35395,1.35461,1.35382,1.35456,3171
1788793200,2026-09-07 15:00:00+00:00,1.35456,1.35473,1.35415,1.35431,3949
1788794100,2026-09-07 15:15:00+00:00,1.35431,1.35447,1.3541400000000001,1.35432,1141
1788795000,2026-09-07 15:30:00+00:00,1.35432,1.35439,1.35407,1.35423,680
1788795900,2026-09-07 15:45:00+00:00,1.35423,1.35423,1.35394,1.35398,743
1788796800,2026-09-07 16:00:00+00:00,1.35398,1.35418,1.35385,1.35416,588
1788797700,2026-09-07 16:15:00+00:00,1.35416,1.3543,1.35403,1.35429,378
1788798600,2026-09-07 16:30:00+00:00,1.35429,1.35461,1.35428,1.35458,461
1788799500,2026-09-07 16:45:00+00:00,1.35459,1.35477,1.35459,1.35467,314
1788800400,2026-09-07 17:00:00+00:00,1.35467,1.35467,1.35436,1.3544399999999999,388
1788801300,2026-09-07 17:15:00+00:00,1.3544399999999999,1.35445,1.3542399999999999,1.35428,246
1788802200,2026-09-07 17:30:00+00:00,1.35428,1.35431,1.35425,1.3543,228
1788803100,2026-09-07 17:45:00+00:00,1.35431,1.35431,1.3541699999999999,1.35427,266
1788804000,2026-09-07 18:00:00+00:00,1.35427,1.3543,1.35416,1.35418,304
1788804900,2026-09-07 18:15:00+00:00,1.35418,1.3542,1.35405,1.35409,282
1788805800,2026-09-07 18:30:00+00:00,1.35409,1.35423,1.35406,1.3542100000000001,249
1788806700,2026-09-07 18:45:00+00:00,1.3542100000000001,1.3542100000000001,1.35406,1.35416,204
1788807600,2026-09-07 19:00:00+00:00,1.35416,1.3541699999999999,1.35406,1.35408,394
1788808500,2026-09-07 19:15:00+00:00,1.35408,1.35411,1.35395,1.35402,405
1788809400,2026-09-07 19:30:00+00:00,1.35402,1.35403,1.35389,1.35396,578
1788810300,2026-09-07 19:45:00+00:00,1.35396,1.35401,1.35394,1.354,254
1788811200,2026-09-07 20:00:00+00:00,1.354,1.354,1.35396,1.35399,231
1788812100,2026-09-07 20:15:00+00:00,1.35399,1.3541,1.35399,1.35408,118
1788813000,2026-09-07 20:30:00+00:00,1.35408,1.35413,1.35405,1.35409,151
1788813900,2026-09-07 20:45:00+00:00,1.35408,1.35413,1.35403,1.35403,901
1788814800,2026-09-07 21:00:00+00:00,1.35402,1.35443,1.35312,1.35418,450
1788815700,2026-09-07 21:15:00+00:00,1.35418,1.35443,1.35399,1.35427,713
1788816600,2026-09-07 21:30:00+00:00,1.35427,1.3545099999999999,1.35398,1.35409,382
1788817500,2026-09-07 21:45:00+00:00,1.35409,1.35434,1.35408,1.35419,165
1788818400,2026-09-07 22:00:00+00:00,1.35419,1.35442,1.35405,1.35423,285
1788819300,2026-09-07 22:15:00+00:00,1.35422,1.35435,1.35415,1.35435,478
1788820200,2026-09-07 22:30:00+00:00,1.35435,1.35435,1.35412,1.35415,734
1788821100,2026-09-07 22:45:00+00:00,1.35415,1.35433,1.35412,1.35428,366
1788822000,2026-09-07 23:00:00+00:00,1.35428,1.35459,1.35428,1.35457,557
1788822900,2026-09-07 23:15:00+00:00,1.35457,1.35477,1.35439,1.35468,1058
1788823800,2026-09-07 23:30:00+00:00,1.35468,1.35487,1.35458,1.35487,655
1788824700,2026-09-07 23:45:00+00:00,1.35487,1.35488,1.3545,1.35467,858
1788825600,2026-09-08 00:00:00+00:00,1.35467,1.3549,1.35413,1.35413,3637
1788826500,2026-09-08 00:15:00+00:00,1.35413,1.3545099999999999,1.35405,1.35447,2255
1788827400,2026-09-08 00:30:00+00:00,1.35447,1.3546,1.35427,1.35428,1652
1788828300,2026-09-08 00:45:00+00:00,1.35429,1.35453,1.35422,1.35427,1929
1788829200,2026-09-08 01:00:00+00:00,1.35426,1.3544800000000001,1.35407,1.35437,2541
1788830100,2026-09-08 01:15:00+00:00,1.35437,1.35498,1.35436,1.35477,2150
1788831000,2026-09-08 01:30:00+00:00,1.35477,1.35477,1.35433,1.35456,1942
1788831900,2026-09-08 01:45:00+00:00,1.35456,1.35483,1.35438,1.35483,1913
1788832800,2026-09-08 02:00:00+00:00,1.35483,1.3549,1.3542,1.35427,2553
1788833700,2026-09-08 02:15:00+00:00,1.35427,1.35458,1.35388,1.35404,2421
1788834600,2026-09-08 02:30:00+00:00,1.35404,1.35407,1.35349,1.35374,2802
1788835500,2026-09-08 02:45:00+00:00,1.35374,1.35377,1.3534,1.35344,1859
1788836400,2026-09-08 03:00:00+00:00,1.35344,1.35367,1.35335,1.35361,1488
1788837300,2026-09-08 03:15:00+00:00,1.35361,1.35386,1.35354,1.35378,1128
1788838200,2026-09-08 03:30:00+00:00,1.35378,1.35394,1.35359,1.35392,1470
1788839100,2026-09-08 03:45:00+00:00,1.35392,1.35405,1.35365,1.35376,1655
1788840000,2026-09-08 04:00:00+00:00,1.35376,1.3538700000000001,1.35367,1.35368,1732
1788840900,2026-09-08 04:15:00+00:00,1.35368,1.35388,1.3535599999999999,1.35368,1377
1788841800,2026-09-08 04:30:00+00:00,1.35367,1.3538299999999999,1.35357,1.3538299999999999,1282
1788842700,2026-09-08 04:45:00+00:00,1.3538299999999999,1.35402,1.35374,1.35397,1135
1788843600,2026-09-08 05:00:00+00:00,1.35397,1.35408,1.35395,1.35397,1375
1788844500,2026-09-08 05:15:00+00:00,1.35397,1.35419,1.35372,1.35372,1737
1788845400,2026-09-08 05:30:00+00:00,1.35372,1.35409,1.35367,1.35407,1717
1788846300,2026-09-08 05:45:00+00:00,1.35407,1.35438,1.35385,1.35436,2476
1788847200,2026-09-08 06:00:00+00:00,1.35436,1.35528,1.35432,1.35453,3602
1788848100,2026-09-08 06:15:00+00:00,1.35453,1.35454,1.35354,1.35372,4158
1788849000,2026-09-08 06:30:00+00:00,1.35372,1.35419,1.35351,1.35403,2956
1788849900,2026-09-08 06:45:00+00:00,1.35403,1.35409,1.35365,1.35368,2797
1788850800,2026-09-08 07:00:00+00:00,1.35367,1.35419,1.35344,1.354,3300
1788851700,2026-09-08 07:15:00+00:00,1.354,1.354,1.3533,1.35347,3406
1788852600,2026-09-08 07:30:00+00:00,1.35347,1.35385,1.35263,1.35296,2791
1788853500,2026-09-08 07:45:00+00:00,1.3529499999999999,1.3532899999999999,1.35278,1.35316,2097
1788854400,2026-09-08 08:00:00+00:00,1.35316,1.35358,1.35254,1.35254,3211
1788855300,2026-09-08 08:15:00+00:00,1.35254,1.3531,1.35222,1.35289,2848
1788856200,2026-09-08 08:30:00+00:00,1.35289,1.35328,1.35269,1.3527,2084
1788857100,2026-09-08 08:45:00+00:00,1.3527,1.35303,1.35227,1.35255,3834
1788858000,2026-09-08 09:00:00+00:00,1.35253,1.35307,1.3523,1.3525,3487
1788858900,2026-09-08 09:15:00+00:00,1.3525,1.3526099999999999,1.35232,1.35254,2361
1788859800,2026-09-08 09:30:00+00:00,1.35253,1.35343,1.35251,1.35287,2785
1788860700,2026-09-08 09:45:00+00:00,1.35287,1.3531900000000001,1.35263,1.35305,2452
1788861600,2026-09-08 10:00:00+00:00,1.35305,1.35307,1.35251,1.35288,2189
1788862500,2026-09-08 10:15:00+00:00,1.35288,1.3538299999999999,1.35278,1.3529499999999999,2935
1788863400,2026-09-08 10:30:00+00:00,1.3529499999999999,1.35297,1.35215,1.35228,1826
1788864300,2026-09-08 10:45:00+00:00,1.35228,1.35297,1.35228,1.35278,1705
1788865200,2026-09-08 11:00:00+00:00,1.35278,1.35301,1.35224,1.35247,3110
1788866100,2026-09-08 11:15:00+00:00,1.35247,1.35362,1.3523800000000001,1.35355,2490
1788867000,2026-09-08 11:30:00+00:00,1.35355,1.35429,1.35348,1.35372,2673
1788867900,2026-09-08 11:45:00+00:00,1.35372,1.35459,1.35337,1.3544800000000001,2895
1788868800,2026-09-08 12:00:00+00:00,1.3544800000000001,1.35476,1.3542399999999999,1.35454,3800
1788869700,2026-09-08 12:15:00+00:00,1.35454,1.35517,1.3542100000000001,1.35514,3926
1788870600,2026-09-08 12:30:00+00:00,1.35514,1.3553,1.35473,1.35506,4186
1788871500,2026-09-08 12:45:00+00:00,1.3550499999999999,1.35556,1.35488,1.3554300000000001,3882
1788872400,2026-09-08 13:00:00+00:00,1.3554300000000001,1.3559999999999999,1.3551199999999999,1.35564,4501
1788873300,2026-09-08 13:15:00+00:00,1.35564,1.3562,1.35538,1.35542,3899
1788874200,2026-09-08 13:30:00+00:00,1.35542,1.35559,1.355,1.35523,4171
1788875100,2026-09-08 13:45:00+00:00,1.35524,1.35534,1.3547500000000001,1.35518,4863
1788876000,2026-09-08 14:00:00+00:00,1.35518,1.3553600000000001,1.35425,1.35435,4889
1788876900,2026-09-08 14:15:00+00:00,1.35435,1.3554,1.35434,1.35527,3407
1788877800,2026-09-08 14:30:00+00:00,1.35527,1.35567,1.35519,1.3554599999999999,4144
1788878700,2026-09-08 14:45:00+00:00,1.3554599999999999,1.3556599999999999,1.3547799999999999,1.35528,4016
1788879600,2026-09-08 15:00:00+00:00,1.35528,1.35548,1.3548499999999999,1.35496,3971
1788880500,2026-09-08 15:15:00+00:00,1.35496,1.35518,1.35462,1.35468,3472
1788881400,2026-09-08 15:30:00+00:00,1.35469,1.35484,1.35411,1.35419,2854
1788882300,2026-09-08 15:45:00+00:00,1.35419,1.35427,1.3538999999999999,1.35406,2102
1788883200,2026-09-08 16:00:00+00:00,1.35405,1.35416,1.35333,1.35344,1968
1788884100,2026-09-08 16:15:00+00:00,1.35344,1.3536000000000001,1.35328,1.35347,2515
1788885000,2026-09-08 16:30:00+00:00,1.35347,1.3536299999999999,1.35309,1.35318,1860
1788885900,2026-09-08 16:45:00+00:00,1.35318,1.35366,1.35305,1.35364,2083
1788886800,2026-09-08 17:00:00+00:00,1.35364,1.35397,1.35362,1.35378,2239
1788887700,2026-09-08 17:15:00+00:00,1.35378,1.35392,1.35357,1.35378,1293
1788888600,2026-09-08 17:30:00+00:00,1.35378,1.35389,1.3536299999999999,1.35367,921
1788889500,2026-09-08 17:45:00+00:00,1.35367,1.35425,1.35367,1.35418,1106
1788890400,2026-09-08 18:00:00+00:00,1.35418,1.3543,1.35404,1.35416,1472
1788891300,2026-09-08 18:15:00+00:00,1.35416,1.3544800000000001,1.35395,1.35447,1877
1788892200,2026-09-08 18:30:00+00:00,1.35447,1.35498,1.3544399999999999,1.35496,1773
1788893100,2026-09-08 18:45:00+00:00,1.35496,1.35507,1.35388,1.35467,5152
1788894000,2026-09-08 19:00:00+00:00,1.35467,1.35476,1.35425,1.35438,2503
1788894900,2026-09-08 19:15:00+00:00,1.35438,1.35446,1.35415,1.3542,1698
1788895800,2026-09-08 19:30:00+00:00,1.3542,1.35434,1.35407,1.35426,1889
1788896700,2026-09-08 19:45:00+00:00,1.35426,1.35428,1.35377,1.35396,2294
1788897600,2026-09-08 20:00:00+00:00,1.35396,1.3541699999999999,1.35376,1.3538700000000001,915
1788898500,2026-09-08 20:15:00+00:00,1.3538700000000001,1.3542,1.35372,1.35382,416
1788899400,2026-09-08 20:30:00+00:00,1.35381,1.35418,1.35373,1.35409,424
1788900300,2026-09-08 20:45:00+00:00,1.35409,1.3541400000000001,1.35391,1.35405,696
1788901200,2026-09-08 21:00:00+00:00,1.35405,1.35409,1.35336,1.35357,264
1788902100,2026-09-08 21:15:00+00:00,1.35357,1.35369,1.35344,1.35352,100
1788903000,2026-09-08 21:30:00+00:00,1.35352,1.35367,1.35337,1.35355,102
1788903900,2026-09-08 21:45:00+00:00,1.35355,1.35367,1.3535,1.35357,225
1788904800,2026-09-08 22:00:00+00:00,1.35357,1.35409,1.35357,1.35406,286
1788905700,2026-09-08 22:15:00+00:00,1.35406,1.35419,1.35405,1.35419,492
1788906600,2026-09-08 22:30:00+00:00,1.35419,1.35423,1.354,1.35404,399
1788907500,2026-09-08 22:45:00+00:00,1.35404,1.3541699999999999,1.35403,1.35406,423
1788908400,2026-09-08 23:00:00+00:00,1.35406,1.3542,1.35404,1.35416,536
1788909300,2026-09-08 23:15:00+00:00,1.35416,1.3542399999999999,1.35406,1.35418,1227
1788910200,2026-09-08 23:30:00+00:00,1.35418,1.35431,1.35403,1.3542399999999999,778
1788911100,2026-09-08 23:45:00+00:00,1.3542399999999999,1.3544,1.35418,1.35436,1533
1788912000,2026-09-09 00:00:00+00:00,1.35436,1.35474,1.35436,1.3546,2825
1788912900,2026-09-09 00:15:00+00:00,1.3546,1.35473,1.3544800000000001,1.35466,2915
1788913800,2026-09-09 00:30:00+00:00,1.35466,1.35467,1.35433,1.35449,3019
1788914700,2026-09-09 00:45:00+00:00,1.35449,1.3548,1.35443,1.3548,2781
1788915600,2026-09-09 01:00:00+00:00,1.3548,1.35483,1.35429,1.35465,3046
1788916500,2026-09-09 01:15:00+00:00,1.35465,1.35477,1.35426,1.35434,1699
1788917400,2026-09-09 01:30:00+00:00,1.35434,1.35435,1.35415,1.3542100000000001,1308
1788918300,2026-09-09 01:45:00+00:00,1.3542100000000001,1.35465,1.35419,1.3546,2654
1788919200,2026-09-09 02:00:00+00:00,1.3546,1.3546,1.35419,1.35434,2599
1788920100,2026-09-09 02:15:00+00:00,1.35434,1.3544100000000001,1.3541400000000001,1.3542,2126
1788921000,2026-09-09 02:30:00+00:00,1.3542,1.3544,1.35415,1.35437,1765
1788921900,2026-09-09 02:45:00+00:00,1.35437,1.35471,1.35436,1.35467,2000
1788922800,2026-09-09 03:00:00+00:00,1.35467,1.35473,1.35447,1.35456,2111
1788923700,2026-09-09 03:15:00+00:00,1.35456,1.35463,1.3544399999999999,1.3545099999999999,1768
1788924600,2026-09-09 03:30:00+00:00,1.3545099999999999,1.3547799999999999,1.35438,1.35474,2064
1788925500,2026-09-09 03:45:00+00:00,1.35474,1.35487,1.35445,1.3545,2053
1788926400,2026-09-09 04:00:00+00:00,1.3545,1.35469,1.35445,1.35466,1898
1788927300,2026-09-09 04:15:00+00:00,1.35467,1.35491,1.35453,1.3548200000000001,2131
1788928200,2026-09-09 04:30:00+00:00,1.3548200000000001,1.35489,1.35465,1.35476,1667
1788929100,2026-09-09 04:45:00+00:00,1.35476,1.35507,1.35468,1.35504,1754
1788930000,2026-09-09 05:00:00+00:00,1.35504,1.35528,1.35491,1.35516,1897
1788930900,2026-09-09 05:15:00+00:00,1.35516,1.35547,1.3550200000000001,1.3553600000000001,2223
1788931800,2026-09-09 05:30:00+00:00,1.35537,1.3554599999999999,1.35503,1.3550499999999999,2667
1788932700,2026-09-09 05:45:00+00:00,1.3550499999999999,1.35532,1.35484,1.35516,3104
1788933600,2026-09-09 06:00:00+00:00,1.35516,1.35574,1.35516,1.35567,4284
1788934500,2026-09-09 06:15:00+00:00,1.35567,1.3562699999999999,1.35564,1.35585,4395
1788935400,2026-09-09 06:30:00+00:00,1.35585,1.35619,1.35561,1.35565,3587
1788936300,2026-09-09 06:45:00+00:00,1.35565,1.35599,1.3556,1.35592,3189
1788937200,2026-09-09 07:00:00+00:00,1.35592,1.35671,1.35588,1.35656,4361
1788938100,2026-09-09 07:15:00+00:00,1.35656,1.3568,1.35591,1.35613,4084
1788939000,2026-09-09 07:30:00+00:00,1.35613,1.35637,1.35582,1.35635,2348
1788939900,2026-09-09 07:45:00+00:00,1.35635,1.35652,1.35565,1.35591,3605
1788940800,2026-09-09 08:00:00+00:00,1.35591,1.35594,1.35461,1.35492,3461
1788941700,2026-09-09 08:15:00+00:00,1.35492,1.35516,1.35446,1.35461,2104
1788942600,2026-09-09 08:30:00+00:00,1.35461,1.35479,1.35431,1.35447,2753
1788943500,2026-09-09 08:45:00+00:00,1.35447,1.35469,1.35419,1.35428,2448
1788944400,2026-09-09 09:00:00+00:00,1.35428,1.35445,1.35408,1.35426,2389
1788945300,2026-09-09 09:15:00+00:00,1.35426,1.35486,1.35423,1.35474,2439
1788946200,2026-09-09 09:30:00+00:00,1.35474,1.3547500000000001,1.35413,1.35429,2419
1788947100,2026-09-09 09:45:00+00:00,1.35429,1.35436,1.3532199999999999,1.35328,2972
1788948000,2026-09-09 10:00:00+00:00,1.35328,1.35372,1.35304,1.3532600000000001,2888
1788948900,2026-09-09 10:15:00+00:00,1.3532600000000001,1.3537,1.35305,1.35359,2196
1788949800,2026-09-09 10:30:00+00:00,1.35359,1.35419,1.35341,1.35389,2888
1788950700,2026-09-09 10:45:00+00:00,1.35388,1.3542100000000001,1.35342,1.3536299999999999,2409
1788951600,2026-09-09 11:00:00+00:00,1.3536299999999999,1.35403,1.3535,1.35389,2053
1788952500,2026-09-09 11:15:00+00:00,1.35389,1.35647,1.35388,1.35646,3494
1788953400,2026-09-09 11:30:00+00:00,1.35646,1.35659,1.35574,1.35584,3376
1788954300,2026-09-09 11:45:00+00:00,1.35584,1.3566500000000001,1.35571,1.35611,3048
1788955200,2026-09-09 12:00:00+00:00,1.35611,1.35662,1.35601,1.35613,4774
1788956100,2026-09-09 12:15:00+00:00,1.35613,1.35619,1.35551,1.35552,3325
1788957000,2026-09-09 12:30:00+00:00,1.35552,1.35568,1.35515,1.35517,2837
1788957900,2026-09-09 12:45:00+00:00,1.35517,1.35562,1.35474,1.3551,3019
1788958800,2026-09-09 13:00:00+00:00,1.3551,1.35578,1.355,1.35568,4026
1788959700,2026-09-09 13:15:00+00:00,1.35567,1.35567,1.35492,1.35521,3456
1788960600,2026-09-09 13:30:00+00:00,1.35521,1.3559700000000001,1.35516,1.35594,4036
1788961500,2026-09-09 13:45:00+00:00,1.35594,1.35617,1.35549,1.35581,4135
1788962400,2026-09-09 14:00:00+00:00,1.35581,1.35639,1.35565,1.35625,3841
1788963300,2026-09-09 14:15:00+00:00,1.35625,1.35628,1.35574,1.35626,3940
1788964200,2026-09-09 14:30:00+00:00,1.35626,1.3562699999999999,1.35585,1.3559,2782
1788965100,2026-09-09 14:45:00+00:00,1.3559,1.3563,1.35585,1.35625,3403
1788966000,2026-09-09 15:00:00+00:00,1.35625,1.35652,1.35388,1.35411,8809
1788966900,2026-09-09 15:15:00+00:00,1.35411,1.35459,1.35344,1.35454,6631
1788967800,2026-09-09 15:30:00+00:00,1.35455,1.3555,1.3541400000000001,1.35497,4767
1788968700,2026-09-09 15:45:00+00:00,1.35497,1.35513,1.35455,1.35469,3682
1788969600,2026-09-09 16:00:00+00:00,1.35469,1.35554,1.35467,1.35484,3969
1788970500,2026-09-09 16:15:00+00:00,1.3548499999999999,1.35494,1.3544800000000001,1.35467,4518
1788971400,2026-09-09 16:30:00+00:00,1.35466,1.35508,1.35462,1.35503,3550
1788972300,2026-09-09 16:45:00+00:00,1.35503,1.35557,1.35501,1.35516,2892
1788973200,2026-09-09 17:00:00+00:00,1.35516,1.35584,1.35511,1.3556599999999999,4032
1788974100,2026-09-09 17:15:00+00:00,1.35565,1.35608,1.35561,1.35598,2577
1788975000,2026-09-09 17:30:00+00:00,1.35598,1.35606,1.35564,1.35596,2498
1788975900,2026-09-09 17:45:00+00:00,1.35596,1.35601,1.35576,1.35585,1900
1788976800,2026-09-09 18:00:00+00:00,1.35585,1.35599,1.35575,1.35582,1907
1788977700,2026-09-09 18:15:00+00:00,1.35583,1.35584,1.3554300000000001,1.3555,2033
1788978600,2026-09-09 18:30:00+00:00,1.3555,1.35552,1.35496,1.3550200000000001,2614
1788979500,2026-09-09 18:45:00+00:00,1.3550200000000001,1.3550499999999999,1.35445,1.35456,2421
1788980400,2026-09-09 19:00:00+00:00,1.35456,1.35467,1.35416,1.35426,2568
1788981300,2026-09-09 19:15:00+00:00,1.35425,1.3545099999999999,1.3542100000000001,1.3542399999999999,1787
1788982200,2026-09-09 19:30:00+00:00,1.3542399999999999,1.3545,1.3541699999999999,1.35449,2027
1788983100,2026-09-09 19:45:00+00:00,1.35449,1.35476,1.35443,1.35457,2204
1788984000,2026-09-09 20:00:00+00:00,1.35457,1.35459,1.3543,1.35437,491
1788984900,2026-09-09 20:15:00+00:00,1.35437,1.3544800000000001,1.35415,1.35446,340
1788985800,2026-09-09 20:30:00+00:00,1.35446,1.35466,1.35446,1.35462,439
1788986700,2026-09-09 20:45:00+00:00,1.35462,1.3547799999999999,1.35457,1.35462,552
1788987600,2026-09-09 21:00:00+00:00,1.35462,1.35589,1.3535599999999999,1.35561,2169
1788988500,2026-09-09 21:15:00+00:00,1.35561,1.35561,1.35434,1.35458,826
1788989400,2026-09-09 21:30:00+00:00,1.35446,1.3548200000000001,1.35438,1.3544800000000001,444
1788990300,2026-09-09 21:45:00+00:00,1.3544800000000001,1.35472,1.35432,1.35468,845
1788991200,2026-09-09 22:00:00+00:00,1.35468,1.3550200000000001,1.35456,1.35494,318
1788992100,2026-09-09 22:15:00+00:00,1.35494,1.35521,1.35494,1.35514,492
1788993000,2026-09-09 22:30:00+00:00,1.35514,1.35516,1.35497,1.35513,326
1788993900,2026-09-09 22:45:00+00:00,1.35514,1.35524,1.35506,1.35518,519
1788994800,2026-09-09 23:00:00+00:00,1.35518,1.35526,1.35513,1.35526,381
1788995700,2026-09-09 23:15:00+00:00,1.35526,1.35527,1.35514,1.35522,547
1788996600,2026-09-09 23:30:00+00:00,1.35522,1.35528,1.35506,1.35518,334
1788997500,2026-09-09 23:45:00+00:00,1.35519,1.35522,1.3548499999999999,1.35496,1644
1788998400,2026-09-10 00:00:00+00:00,1.35496,1.35503,1.35457,1.35481,3520
1788999300,2026-09-10 00:15:00+00:00,1.35481,1.35492,1.35453,1.35454,2947
1789000200,2026-09-10 00:30:00+00:00,1.35454,1.35479,1.35447,1.35477,2160
1789001100,2026-09-10 00:45:00+00:00,1.35477,1.35499,1.35455,1.35455,2808
1789002000,2026-09-10 01:00:00+00:00,1.35455,1.3550499999999999,1.35452,1.35497,3867
1789002900,2026-09-10 01:15:00+00:00,1.35497,1.35516,1.3547,1.3547,2934
1789003800,2026-09-10 01:30:00+00:00,1.3547,1.35495,1.35461,1.35493,2234
1789004700,2026-09-10 01:45:00+00:00,1.35493,1.35579,1.35488,1.35575,2235
1789005600,2026-09-10 02:00:00+00:00,1.35575,1.35603,1.35561,1.3556599999999999,1981
1789006500,2026-09-10 02:15:00+00:00,1.3556599999999999,1.35569,1.3554300000000001,1.35547,1744
1789007400,2026-09-10 02:30:00+00:00,1.35548,1.35568,1.35522,1.35553,2366
1789008300,2026-09-10 02:45:00+00:00,1.35553,1.3559700000000001,1.3554599999999999,1.35596,2644
1789009200,2026-09-10 03:00:00+00:00,1.35596,1.35599,1.35547,1.35553,1881
1789010100,2026-09-10 03:15:00+00:00,1.35553,1.35562,1.3554300000000001,1.35556,2038
1789011000,2026-09-10 03:30:00+00:00,1.35556,1.35561,1.3554,1.35545,2384
1789011900,2026-09-10 03:45:00+00:00,1.35545,1.35568,1.35542,1.3556599999999999,1707
1789012800,2026-09-10 04:00:00+00:00,1.3556599999999999,1.35574,1.35548,1.35564,1277
1789013700,2026-09-10 04:15:00+00:00,1.35564,1.35572,1.3554599999999999,1.3554599999999999,1437
1789014600,2026-09-10 04:30:00+00:00,1.35547,1.35565,1.35544,1.35544,1336
1789015500,2026-09-10 04:45:00+00:00,1.35545,1.35547,1.35525,1.35533,1366
1789016400,2026-09-10 05:00:00+00:00,1.35534,1.35552,1.35522,1.35537,2145
1789017300,2026-09-10 05:15:00+00:00,1.35537,1.35554,1.35533,1.35554,1471
1789018200,2026-09-10 05:30:00+00:00,1.35553,1.35565,1.35524,1.35527,2335
1789019100,2026-09-10 05:45:00+00:00,1.35527,1.35585,1.35524,1.35583,2414
1789020000,2026-09-10 06:00:00+00:00,1.35583,1.35595,1.3554599999999999,1.35548,3344
1789020900,2026-09-10 06:15:00+00:00,1.35548,1.35569,1.35544,1.3556300000000001,3254
1789021800,2026-09-10 06:30:00+00:00,1.35562,1.35578,1.35542,1.35554,2520
1789022700,2026-09-10 06:45:00+00:00,1.35553,1.35578,1.3554599999999999,1.3557299999999999,2932
1789023600,2026-09-10 07:00:00+00:00,1.3557299999999999,1.35574,1.3551,1.35533,2978
1789024500,2026-09-10 07:15:00+00:00,1.35533,1.35556,1.3552,1.35533,2143
1789025400,2026-09-10 07:30:00+00:00,1.35534,1.35567,1.35527,1.35553,2627
1789026300,2026-09-10 07:45:00+00:00,1.35553,1.3556300000000001,1.3552,1.35537,2627
1789027200,2026-09-10 08:00:00+00:00,1.35537,1.3554,1.35473,1.3548499999999999,3078
1789028100,2026-09-10 08:15:00+00:00,1.3548499999999999,1.35511,1.3547,1.35494,2047
1789029000,2026-09-10 08:30:00+00:00,1.35494,1.35526,1.35472,1.3550499999999999,2151
1789029900,2026-09-10 08:45:00+00:00,1.3550499999999999,1.35568,1.35499,1.3556599999999999,2353
1789030800,2026-09-10 09:00:00+00:00,1.3556599999999999,1.35577,1.35528,1.35565,2001
1789031700,2026-09-10 09:15:00+00:00,1.35565,1.35568,1.35495,1.3550200000000001,1932
1789032600,2026-09-10 09:30:00+00:00,1.3550200000000001,1.3550200000000001,1.35416,1.35452,2857
1789033500,2026-09-10 09:45:00+00:00,1.35452,1.35497,1.35432,1.35494,2302
1789034400,2026-09-10 10:00:00+00:00,1.35494,1.35529,1.35481,1.35496,1848
1789035300,2026-09-10 10:15:00+00:00,1.35496,1.3551199999999999,1.3542,1.35422,2856
1789036200,2026-09-10 10:30:00+00:00,1.35422,1.35423,1.3536299999999999,1.35376,3670
1789037100,2026-09-10 10:45:00+00:00,1.35376,1.35433,1.35371,1.35393,3460
1789038000,2026-09-10 11:00:00+00:00,1.35393,1.35395,1.3529499999999999,1.3532600000000001,3695
1789038900,2026-09-10 11:15:00+00:00,1.3532600000000001,1.35352,1.35311,1.35317,2977
1789039800,2026-09-10 11:30:00+00:00,1.35317,1.35364,1.35308,1.3532600000000001,3052
1789040700,2026-09-10 11:45:00+00:00,1.35327,1.35347,1.3526,1.35287,3481
1789041600,2026-09-10 12:00:00+00:00,1.35287,1.35305,1.35192,1.35206,4378
1789042500,2026-09-10 12:15:00+00:00,1.35205,1.3523399999999999,1.35141,1.3523,4786
1789043400,2026-09-10 12:30:00+00:00,1.3523,1.35294,1.34912,1.35005,9113
1789044300,2026-09-10 12:45:00+00:00,1.35005,1.35118,1.35,1.35111,7933
1789045200,2026-09-10 13:00:00+00:00,1.35111,1.3512,1.34985,1.34993,8055
1789046100,2026-09-10 13:15:00+00:00,1.34993,1.35056,1.3496299999999999,1.35016,7167
1789047000,2026-09-10 13:30:00+00:00,1.35016,1.35174,1.34991,1.3515,7510
1789047900,2026-09-10 13:45:00+00:00,1.3515,1.3520400000000001,1.35141,1.35154,4779
1789048800,2026-09-10 14:00:00+00:00,1.35154,1.3520699999999999,1.35134,1.35152,5135
1789049700,2026-09-10 14:15:00+00:00,1.35152,1.35241,1.35127,1.3517700000000001,6741
1789050600,2026-09-10 14:30:00+00:00,1.3517700000000001,1.35254,1.35163,1.35228,4040
1789051500,2026-09-10 14:45:00+00:00,1.35228,1.35307,1.35228,1.35302,3525
1789052400,2026-09-10 15:00:00+00:00,1.35302,1.35345,1.3525,1.35286,5257
1789053300,2026-09-10 15:15:00+00:00,1.35286,1.35333,1.3527,1.35277,4298
1789054200,2026-09-10 15:30:00+00:00,1.35276,1.35328,1.35263,1.35316,4149
1789055100,2026-09-10 15:45:00+00:00,1.35316,1.35334,1.35262,1.35308,3303
1789056000,2026-09-10 16:00:00+00:00,1.35309,1.3532199999999999,1.35246,1.35273,3858
1789056900,2026-09-10 16:15:00+00:00,1.35273,1.35318,1.35252,1.353,3169
1789057800,2026-09-10 16:30:00+00:00,1.353,1.35313,1.35223,1.35241,3984
1789058700,2026-09-10 16:45:00+00:00,1.35241,1.35253,1.3522,1.35235,3573
1789059600,2026-09-10 17:00:00+00:00,1.35235,1.35286,1.35196,1.35284,3993
1789060500,2026-09-10 17:15:00+00:00,1.35284,1.35306,1.35264,1.35293,2376
1789061400,2026-09-10 17:30:00+00:00,1.35293,1.3529900000000001,1.35244,1.35248,2738
1789062300,2026-09-10 17:45:00+00:00,1.35248,1.3525,1.35201,1.35209,2831
1789063200,2026-09-10 18:00:00+00:00,1.35209,1.35212,1.3511600000000001,1.35123,4200
1789064100,2026-09-10 18:15:00+00:00,1.35123,1.3517299999999999,1.35114,1.35153,2936
1789065000,2026-09-10 18:30:00+00:00,1.35153,1.35154,1.35111,1.35137,2780
1789065900,2026-09-10 18:45:00+00:00,1.35137,1.35159,1.35103,1.35135,2843
1789066800,2026-09-10 19:00:00+00:00,1.35135,1.35135,1.35072,1.35086,3378
1789067700,2026-09-10 19:15:00+00:00,1.35086,1.35119,1.35081,1.35107,1938
1789068600,2026-09-10 19:30:00+00:00,1.35107,1.35118,1.35093,1.35104,2243
1789069500,2026-09-10 19:45:00+00:00,1.35104,1.35113,1.3508200000000001,1.35094,2299
1789070400,2026-09-10 20:00:00+00:00,1.35094,1.35096,1.3507799999999999,1.3508499999999999,907
1789071300,2026-09-10 20:15:00+00:00,1.3508499999999999,1.35087,1.35045,1.35061,596
1789072200,2026-09-10 20:30:00+00:00,1.35061,1.35107,1.35061,1.35076,624
1789073100,2026-09-10 20:45:00+00:00,1.35076,1.3512,1.3507500000000001,1.35108,790
1789074000,2026-09-10 21:00:00+00:00,1.35108,1.3516599999999999,1.3504,1.351,342
1789074900,2026-09-10 21:15:00+00:00,1.351,1.35125,1.3506,1.35104,679
1789075800,2026-09-10 21:30:00+00:00,1.35104,1.35133,1.35088,1.35115,514
1789076700,2026-09-10 21:45:00+00:00,1.35115,1.3514300000000001,1.3508,1.35098,277
1789077600,2026-09-10 22:00:00+00:00,1.35098,1.35141,1.35088,1.3511,631
1789078500,2026-09-10 22:15:00+00:00,1.3511,1.35126,1.35107,1.35111,393
1789079400,2026-09-10 22:30:00+00:00,1.35111,1.3512,1.35103,1.35111,399
1789080300,2026-09-10 22:45:00+00:00,1.35111,1.35129,1.3511,1.35119,386
1789081200,2026-09-10 23:00:00+00:00,1.35119,1.35127,1.35092,1.35102,592
1789082100,2026-09-10 23:15:00+00:00,1.35102,1.35111,1.35089,1.35091,618
1789083000,2026-09-10 23:30:00+00:00,1.35091,1.35101,1.3508200000000001,1.35101,902
1789083900,2026-09-10 23:45:00+00:00,1.35101,1.3510499999999999,1.35084,1.35103,1461
1789084800,2026-09-11 00:00:00+00:00,1.35103,1.35149,1.351,1.35118,2867
1789085700,2026-09-11 00:15:00+00:00,1.35118,1.3514300000000001,1.3510900000000001,1.35131,2096
1789086600,2026-09-11 00:30:00+00:00,1.35131,1.35149,1.3512,1.3513899999999999,1772
1789087500,2026-09-11 00:45:00+00:00,1.3513899999999999,1.35159,1.35127,1.35157,2687
1789088400,2026-09-11 01:00:00+00:00,1.35157,1.35165,1.3513899999999999,1.35147,3793
1789089300,2026-09-11 01:15:00+00:00,1.35147,1.3516,1.35121,1.35127,3761
1789090200,2026-09-11 01:30:00+00:00,1.35127,1.3514300000000001,1.3510900000000001,1.3512,3585
1789091100,2026-09-11 01:45:00+00:00,1.3512,1.35121,1.35068,1.35087,2908
1789092000,2026-09-11 02:00:00+00:00,1.35088,1.3509,1.3504399999999999,1.35069,2818
1789092900,2026-09-11 02:15:00+00:00,1.3507,1.35071,1.35023,1.3502399999999999,2052
1789093800,2026-09-11 02:30:00+00:00,1.3502399999999999,1.35042,1.35006,1.35028,2994
1789094700,2026-09-11 02:45:00+00:00,1.35028,1.3505,1.35028,1.35038,2868
1789095600,2026-09-11 03:00:00+00:00,1.35038,1.35046,1.35,1.35029,2853
1789096500,2026-09-11 03:15:00+00:00,1.35029,1.35032,1.34972,1.34975,2545
1789097400,2026-09-11 03:30:00+00:00,1.34975,1.3498999999999999,1.3495599999999999,1.3498,2398
1789098300,2026-09-11 03:45:00+00:00,1.34981,1.35015,1.34965,1.34996,2490
1789099200,2026-09-11 04:00:00+00:00,1.34996,1.35065,1.3498299999999999,1.3505099999999999,3463
1789100100,2026-09-11 04:15:00+00:00,1.3505,1.3507,1.35045,1.35055,3748
1789101000,2026-09-11 04:30:00+00:00,1.35055,1.35065,1.35029,1.3504800000000001,1817
1789101900,2026-09-11 04:45:00+00:00,1.3504800000000001,1.35053,1.35026,1.35027,2360
1789102800,2026-09-11 05:00:00+00:00,1.35027,1.35072,1.35018,1.3507,2702
1789103700,2026-09-11 05:15:00+00:00,1.3507,1.35099,1.35062,1.35079,1974
1789104600,2026-09-11 05:30:00+00:00,1.35079,1.35142,1.35079,1.35133,2905
1789105500,2026-09-11 05:45:00+00:00,1.35133,1.35141,1.35097,1.3510499999999999,2828
1789106400,2026-09-11 06:00:00+00:00,1.3510499999999999,1.35244,1.3510499999999999,1.35232,4122
1789107300,2026-09-11 06:15:00+00:00,1.35232,1.3526500000000001,1.35209,1.3523800000000001,3691
1789108200,2026-09-11 06:30:00+00:00,1.3523800000000001,1.3526,1.35186,1.3523100000000001,3350
1789109100,2026-09-11 06:45:00+00:00,1.3523100000000001,1.3526500000000001,1.35225,1.35245,2725
1789110000,2026-09-11 07:00:00+00:00,1.35245,1.35262,1.35183,1.35206,3761
1789110900,2026-09-11 07:15:00+00:00,1.3520699999999999,1.35245,1.35182,1.35198,2683
1789111800,2026-09-11 07:30:00+00:00,1.35198,1.35217,1.35167,1.35171,2843
1789112700,2026-09-11 07:45:00+00:00,1.35171,1.35176,1.35137,1.35159,2454
1789113600,2026-09-11 08:00:00+00:00,1.35159,1.35165,1.3510499999999999,1.35132,3036
1789114500,2026-09-11 08:15:00+00:00,1.35132,1.35174,1.35092,1.35098,3559
1789115400,2026-09-11 08:30:00+00:00,1.35098,1.35119,1.35069,1.35101,2292
1789116300,2026-09-11 08:45:00+00:00,1.35101,1.35118,1.35053,1.35058,2299
1789117200,2026-09-11 09:00:00+00:00,1.35058,1.35098,1.34977,1.35029,2653
1789118100,2026-09-11 09:15:00+00:00,1.35029,1.3515,1.3502,1.3509,2186
1789119000,2026-09-11 09:30:00+00:00,1.3509,1.35092,1.35049,1.3508200000000001,1702
1789119900,2026-09-11 09:45:00+00:00,1.3508200000000001,1.35098,1.35035,1.35087,2590
1789120800,2026-09-11 10:00:00+00:00,1.35087,1.35132,1.35064,1.35097,2738
1789121700,2026-09-11 10:15:00+00:00,1.35097,1.35097,1.35041,1.3505,1871
1789122600,2026-09-11 10:30:00+00:00,1.3505,1.35061,1.35009,1.35031,2765
1789123500,2026-09-11 10:45:00+00:00,1.35031,1.3506,1.35018,1.35052,2390
1789124400,2026-09-11 11:00:00+00:00,1.35052,1.35102,1.35042,1.35088,2498
1789125300,2026-09-11 11:15:00+00:00,1.35088,1.35103,1.35057,1.35066,3213
1789126200,2026-09-11 11:30:00+00:00,1.35066,1.35083,1.35037,1.35063,2824
1789127100,2026-09-11 11:45:00+00:00,1.35063,1.35081,1.3501699999999999,1.35037,2800
1789128000,2026-09-11 12:00:00+00:00,1.35038,1.35118,1.35036,1.35113,3431
1789128900,2026-09-11 12:15:00+00:00,1.35113,1.35176,1.35097,1.35164,4047
1789129800,2026-09-11 12:30:00+00:00,1.35164,1.3518,1.34812,1.35084,13046
1789130700,2026-09-11 12:45:00+00:00,1.35084,1.35241,1.35084,1.3524,10186
1789131600,2026-09-11 13:00:00+00:00,1.3524,1.35294,1.35169,1.35217,9355
1789132500,2026-09-11 13:15:00+00:00,1.35216,1.3525,1.35137,1.3519999999999999,7772
1789133400,2026-09-11 13:30:00+00:00,1.3519999999999999,1.35283,1.3516599999999999,1.3519999999999999,8967
1789134300,2026-09-11 13:45:00+00:00,1.35201,1.35349,1.35191,1.35321,6031
1789135200,2026-09-11 14:00:00+00:00,1.35321,1.35345,1.35229,1.35267,7626
1789136100,2026-09-11 14:15:00+00:00,1.35267,1.35304,1.35241,1.35249,5276
1789137000,2026-09-11 14:30:00+00:00,1.35249,1.35278,1.35217,1.35243,5149
1789137900,2026-09-11 14:45:00+00:00,1.35242,1.3531,1.3524,1.35293,6276
1789138800,2026-09-11 15:00:00+00:00,1.3529499999999999,1.35311,1.35235,1.35255,5389
1789139700,2026-09-11 15:15:00+00:00,1.35255,1.35284,1.35227,1.3523399999999999,4518
1789140600,2026-09-11 15:30:00+00:00,1.35233,1.35237,1.35191,1.35208,3106
1789141500,2026-09-11 15:45:00+00:00,1.35208,1.35214,1.3517700000000001,1.35203,3856
1789142400,2026-09-11 16:00:00+00:00,1.35203,1.3523800000000001,1.35203,1.35213,3714
1789143300,2026-09-11 16:15:00+00:00,1.35213,1.35259,1.3520699999999999,1.35218,3396
1789144200,2026-09-11 16:30:00+00:00,1.35218,1.35249,1.3519700000000001,1.35214,3949
1789145100,2026-09-11 16:45:00+00:00,1.35214,1.35247,1.35201,1.35232,2370
1789146000,2026-09-11 17:00:00+00:00,1.35232,1.35232,1.35172,1.3519700000000001,3343
1789146900,2026-09-11 17:15:00+00:00,1.3519700000000001,1.35237,1.35194,1.35223,2674
1789147800,2026-09-11 17:30:00+00:00,1.35222,1.3525,1.35221,1.35242,2476
1789148700,2026-09-11 17:45:00+00:00,1.35242,1.35269,1.35225,1.35235,1997
1789149600,2026-09-11 18:00:00+00:00,1.35235,1.35278,1.3523100000000001,1.3525800000000001,1385
1789150500,2026-09-11 18:15:00+00:00,1.3525800000000001,1.35272,1.35225,1.35254,2291
1789151400,2026-09-11 18:30:00+00:00,1.35254,1.3525800000000001,1.35192,1.35206,1762
1789152300,2026-09-11 18:45:00+00:00,1.35205,1.35247,1.35196,1.35245,1876
1789153200,2026-09-11 19:00:00+00:00,1.35245,1.35271,1.3523100000000001,1.35266,2427
1789154100,2026-09-11 19:15:00+00:00,1.35266,1.35283,1.35253,1.3526,1508
1789155000,2026-09-11 19:30:00+00:00,1.3526,1.3526799999999999,1.35239,1.35255,1523
1789155900,2026-09-11 19:45:00+00:00,1.35255,1.3528,1.35242,1.35266,1287
1789156800,2026-09-11 20:00:00+00:00,1.35266,1.35286,1.35257,1.35263,683
1789157700,2026-09-11 20:15:00+00:00,1.35264,1.35271,1.35253,1.35262,530
1789158600,2026-09-11 20:30:00+00:00,1.35262,1.35264,1.35225,1.35245,1032
1789159500,2026-09-11 20:45:00+00:00,1.35245,1.35278,1.35228,1.35264,1962
1789333200,2026-09-13 21:00:00+00:00,1.3508499999999999,1.35357,1.3508499999999999,1.35218,1144
1789334100,2026-09-13 21:15:00+00:00,1.35218,1.35254,1.35203,1.3524,1908
1789335000,2026-09-13 21:30:00+00:00,1.3524,1.35281,1.35211,1.35252,1307
1789335900,2026-09-13 21:45:00+00:00,1.35252,1.35279,1.35219,1.35249,1754
1789336800,2026-09-13 22:00:00+00:00,1.35249,1.35282,1.35219,1.35224,3023
1789337700,2026-09-13 22:15:00+00:00,1.35223,1.3523100000000001,1.35183,1.3519700000000001,1576
1789338600,2026-09-13 22:30:00+00:00,1.3519700000000001,1.35219,1.35186,1.35218,941
1789339500,2026-09-13 22:45:00+00:00,1.35218,1.3523800000000001,1.35213,1.35228,1071
1789340400,2026-09-13 23:00:00+00:00,1.35228,1.3525,1.35222,1.35227,1398
1789341300,2026-09-13 23:15:00+00:00,1.35227,1.3523,1.3520400000000001,1.35216,949
1789342200,2026-09-13 23:30:00+00:00,1.35216,1.35226,1.35196,1.35216,1359
1789343100,2026-09-13 23:45:00+00:00,1.35216,1.3526799999999999,1.35208,1.35253,3810
1789344000,2026-09-14 00:00:00+00:00,1.35253,1.35285,1.35235,1.35252,4168
1789344900,2026-09-14 00:15:00+00:00,1.35252,1.3526500000000001,1.3517000000000001,1.35179,3098
1789345800,2026-09-14 00:30:00+00:00,1.35179,1.35193,1.35153,1.35169,2619
1789346700,2026-09-14 00:45:00+00:00,1.35168,1.35196,1.3516,1.35182,3457
1789347600,2026-09-14 01:00:00+00:00,1.35183,1.35189,1.35131,1.35132,4584
1789348500,2026-09-14 01:15:00+00:00,1.35132,1.3516599999999999,1.35129,1.35165,4204
1789349400,2026-09-14 01:30:00+00:00,1.35165,1.35185,1.35127,1.35184,3099
1789350300,2026-09-14 01:45:00+00:00,1.35184,1.35195,1.3516,1.3516599999999999,2518
1789351200,2026-09-14 02:00:00+00:00,1.3516599999999999,1.35199,1.35155,1.35181,2830
1789352100,2026-09-14 02:15:00+00:00,1.35182,1.35187,1.35158,1.35168,2543
1789353000,2026-09-14 02:30:00+00:00,1.35168,1.35174,1.35123,1.35134,3262
1789353900,2026-09-14 02:45:00+00:00,1.35134,1.35149,1.35122,1.35128,3548
1789354800,2026-09-14 03:00:00+00:00,1.35127,1.35128,1.3507500000000001,1.3507799999999999,3691
1789355700,2026-09-14 03:15:00+00:00,1.35079,1.3508499999999999,1.3506,1.3508200000000001,2757
1789356600,2026-09-14 03:30:00+00:00,1.3508200000000001,1.35083,1.35031,1.35039,3029
1789357500,2026-09-14 03:45:00+00:00,1.35039,1.35062,1.35035,1.35055,1974
1789358400,2026-09-14 04:00:00+00:00,1.35055,1.35071,1.3504,1.35062,2346
1789359300,2026-09-14 04:15:00+00:00,1.35061,1.35066,1.35031,1.35032,2114
1789360200,2026-09-14 04:30:00+00:00,1.35032,1.35057,1.3502,1.3502100000000001,2321
1789361100,2026-09-14 04:45:00+00:00,1.3502100000000001,1.35049,1.3501400000000001,1.35034,2145
1789362000,2026-09-14 05:00:00+00:00,1.35035,1.35042,1.35007,1.3501400000000001,1994
1789362900,2026-09-14 05:15:00+00:00,1.35015,1.35046,1.3501400000000001,1.35037,2085
1789363800,2026-09-14 05:30:00+00:00,1.35037,1.35063,1.3503,1.35045,3085
1789364700,2026-09-14 05:45:00+00:00,1.35045,1.35064,1.3503,1.35058,2434
1789365600,2026-09-14 06:00:00+00:00,1.35058,1.35058,1.3492199999999999,1.34951,4488
1789366500,2026-09-14 06:15:00+00:00,1.34951,1.34951,1.3486099999999999,1.34924,4790
1789367400,2026-09-14 06:30:00+00:00,1.34924,1.35016,1.3492,1.35001,3676
1789368300,2026-09-14 06:45:00+00:00,1.35001,1.35007,1.34891,1.34913,4775
1789369200,2026-09-14 07:00:00+00:00,1.34913,1.34976,1.34873,1.34974,4871
1789370100,2026-09-14 07:15:00+00:00,1.34973,1.34992,1.3492600000000001,1.34927,4141
1789371000,2026-09-14 07:30:00+00:00,1.34927,1.3495300000000001,1.3489900000000001,1.34914,3098
1789371900,2026-09-14 07:45:00+00:00,1.34914,1.34943,1.34885,1.34921,4617
1789372800,2026-09-14 08:00:00+00:00,1.34921,1.34932,1.34824,1.34826,5001
1789373700,2026-09-14 08:15:00+00:00,1.34826,1.34837,1.34795,1.34806,3618
1789374600,2026-09-14 08:30:00+00:00,1.34806,1.34836,1.34795,1.34814,4219
1789375500,2026-09-14 08:45:00+00:00,1.34815,1.34845,1.34806,1.34835,3306
1789376400,2026-09-14 09:00:00+00:00,1.34836,1.34866,1.34767,1.34772,4119
1789377300,2026-09-14 09:15:00+00:00,1.34772,1.34843,1.34733,1.34837,4663
1789378200,2026-09-14 09:30:00+00:00,1.34837,1.34886,1.34788,1.34873,3733
1789379100,2026-09-14 09:45:00+00:00,1.34873,1.34908,1.34844,1.34876,4556
1789380000,2026-09-14 10:00:00+00:00,1.34877,1.34877,1.34805,1.34826,4226
1789380900,2026-09-14 10:15:00+00:00,1.34826,1.3483800000000001,1.34782,1.34835,3874
1789381800,2026-09-14 10:30:00+00:00,1.34835,1.34881,1.34828,1.34848,3333
1789382700,2026-09-14 10:45:00+00:00,1.34848,1.34885,1.34824,1.34864,4281
1789383600,2026-09-14 11:00:00+00:00,1.34864,1.3493,1.34855,1.34901,3398
1789384500,2026-09-14 11:15:00+00:00,1.34901,1.34924,1.34882,1.34915,3209
1789385400,2026-09-14 11:30:00+00:00,1.34915,1.3496299999999999,1.34907,1.3492600000000001,3196
1789386300,2026-09-14 11:45:00+00:00,1.3492600000000001,1.34932,1.34859,1.34907,3834
1789387200,2026-09-14 12:00:00+00:00,1.34907,1.3495599999999999,1.34893,1.3492199999999999,3692
1789388100,2026-09-14 12:15:00+00:00,1.3492199999999999,1.34949,1.3486099999999999,1.34877,3920
1789389000,2026-09-14 12:30:00+00:00,1.34877,1.3489900000000001,1.34758,1.34809,6076
1789389900,2026-09-14 12:45:00+00:00,1.34809,1.34809,1.34666,1.34692,4628
1789390800,2026-09-14 13:00:00+00:00,1.34692,1.34733,1.3464,1.34729,4137
1789391700,2026-09-14 13:15:00+00:00,1.34728,1.34775,1.3471,1.3476,3035
1789392600,2026-09-14 13:30:00+00:00,1.3476,1.34775,1.34711,1.34749,4509
1789393500,2026-09-14 13:45:00+00:00,1.34749,1.34758,1.3465099999999999,1.34676,4755
1789394400,2026-09-14 14:00:00+00:00,1.34676,1.34776,1.34649,1.3477299999999999,5680
1789395300,2026-09-14 14:15:00+00:00,1.34774,1.34825,1.34691,1.34737,5559
1789396200,2026-09-14 14:30:00+00:00,1.34737,1.34771,1.347,1.34766,4680
1789397100,2026-09-14 14:45:00+00:00,1.34766,1.34787,1.34721,1.34754,4457
1789398000,2026-09-14 15:00:00+00:00,1.34754,1.34904,1.3473,1.3482,7822
1789398900,2026-09-14 15:15:00+00:00,1.3482,1.3483800000000001,1.34796,1.34801,5088
1789399800,2026-09-14 15:30:00+00:00,1.34802,1.349,1.34791,1.34889,7665
1789400700,2026-09-14 15:45:00+00:00,1.34889,1.34937,1.34869,1.3492600000000001,5337
1789401600,2026-09-14 16:00:00+00:00,1.3492600000000001,1.34945,1.34906,1.34915,5471
1789402500,2026-09-14 16:15:00+00:00,1.34915,1.34969,1.34914,1.34945,4158
1789403400,2026-09-14 16:30:00+00:00,1.34945,1.35029,1.34927,1.3502399999999999,4364
1789404300,2026-09-14 16:45:00+00:00,1.3502399999999999,1.35089,1.35009,1.35055,6921
1789405200,2026-09-14 17:00:00+00:00,1.35054,1.35092,1.35042,1.35065,3878
1789406100,2026-09-14 17:15:00+00:00,1.35065,1.35084,1.35053,1.35073,3040
1789407000,2026-09-14 17:30:00+00:00,1.35073,1.35087,1.35052,1.35059,2977
1789407900,2026-09-14 17:45:00+00:00,1.35059,1.35097,1.35047,1.3508,2816
1789408800,2026-09-14 18:00:00+00:00,1.3508,1.3511,1.35056,1.35108,3546
1789409700,2026-09-14 18:15:00+00:00,1.35108,1.3512,1.35091,1.35094,2626
1789410600,2026-09-14 18:30:00+00:00,1.35094,1.35138,1.35092,1.3511199999999999,2475
1789411500,2026-09-14 18:45:00+00:00,1.3511199999999999,1.35122,1.35094,1.35113,3034
1789412400,2026-09-14 19:00:00+00:00,1.35113,1.35119,1.35083,1.35095,3731
1789413300,2026-09-14 19:15:00+00:00,1.35095,1.35099,1.3506,1.35061,3265
1789414200,2026-09-14 19:30:00+00:00,1.35061,1.35064,1.35034,1.35036,4031
1789415100,2026-09-14 19:45:00+00:00,1.35035,1.35037,1.34994,1.34998,3402
1789416000,2026-09-14 20:00:00+00:00,1.34998,1.34999,1.34961,1.34982,1834
1789416900,2026-09-14 20:15:00+00:00,1.34982,1.34988,1.34971,1.34977,1406
1789417800,2026-09-14 20:30:00+00:00,1.34977,1.34996,1.34971,1.34991,1511
1789418700,2026-09-14 20:45:00+00:00,1.34991,1.35008,1.3498999999999999,1.34996,936
1789419600,2026-09-14 21:00:00+00:00,1.34989,1.35047,1.34939,1.35007,341
1789420500,2026-09-14 21:15:00+00:00,1.35007,1.35029,1.34986,1.3501699999999999,233
1789421400,2026-09-14 21:30:00+00:00,1.3501699999999999,1.3501699999999999,1.34981,1.34981,511
1789422300,2026-09-14 21:45:00+00:00,1.34981,1.35025,1.34977,1.34995,741
1789423200,2026-09-14 22:00:00+00:00,1.34995,1.35016,1.3498700000000001,1.34994,601
1789424100,2026-09-14 22:15:00+00:00,1.34994,1.35022,1.34994,1.35005,1329
1789425000,2026-09-14 22:30:00+00:00,1.35005,1.35029,1.35005,1.3502399999999999,337
1789425900,2026-09-14 22:45:00+00:00,1.3502399999999999,1.3504800000000001,1.3501699999999999,1.35045,320
1789426800,2026-09-14 23:00:00+00:00,1.35045,1.35047,1.35035,1.35035,1232
1789427700,2026-09-14 23:15:00+00:00,1.35035,1.35035,1.35007,1.35016,609
1789428600,2026-09-14 23:30:00+00:00,1.35016,1.3502399999999999,1.34994,1.3501699999999999,970
1789429500,2026-09-14 23:45:00+00:00,1.3501699999999999,1.3502,1.3498299999999999,1.35004,2268
1789430400,2026-09-15 00:00:00+00:00,1.35004,1.35011,1.34985,1.34995,4276
1789431300,2026-09-15 00:15:00+00:00,1.34995,1.35003,1.3496299999999999,1.3496299999999999,4359
1789432200,2026-09-15 00:30:00+00:00,1.34964,1.34977,1.34957,1.34966,2411
1789433100,2026-09-15 00:45:00+00:00,1.34966,1.34979,1.34947,1.34954,2676
1789434000,2026-09-15 01:00:00+00:00,1.34954,1.34965,1.34933,1.3494,3324
1789434900,2026-09-15 01:15:00+00:00,1.3494,1.34952,1.34881,1.34885,3492
1789435800,2026-09-15 01:30:00+00:00,1.34885,1.34901,1.3486099999999999,1.34862,4699
1789436700,2026-09-15 01:45:00+00:00,1.34862,1.34885,1.34859,1.34864,2715
1789437600,2026-09-15 02:00:00+00:00,1.34864,1.3489,1.3485,1.34851,2511
1789438500,2026-09-15 02:15:00+00:00,1.34852,1.34869,1.34849,1.34855,2089
1789439400,2026-09-15 02:30:00+00:00,1.34855,1.34859,1.34833,1.34843,2436
1789440300,2026-09-15 02:45:00+00:00,1.34844,1.34891,1.34843,1.34887,2469
1789441200,2026-09-15 03:00:00+00:00,1.34887,1.34898,1.34875,1.34876,2400
1789442100,2026-09-15 03:15:00+00:00,1.34876,1.34888,1.34855,1.34874,2319
1789443000,2026-09-15 03:30:00+00:00,1.34874,1.34884,1.34853,1.34863,2244
1789443900,2026-09-15 03:45:00+00:00,1.34863,1.34879,1.34856,1.34857,3580
1789444800,2026-09-15 04:00:00+00:00,1.34857,1.34867,1.34836,1.34846,2491
1789445700,2026-09-15 04:15:00+00:00,1.34846,1.34855,1.34827,1.34836,2285
1789446600,2026-09-15 04:30:00+00:00,1.34836,1.34871,1.34833,1.3485800000000001,2075
1789447500,2026-09-15 04:45:00+00:00,1.3485800000000001,1.34863,1.34836,1.3483800000000001,2923
1789448400,2026-09-15 05:00:00+00:00,1.3483800000000001,1.34857,1.34824,1.34847,1911
1789449300,2026-09-15 05:15:00+00:00,1.34847,1.34849,1.34822,1.34845,2566
1789450200,2026-09-15 05:30:00+00:00,1.34846,1.34856,1.34813,1.34853,2805
1789451100,2026-09-15 05:45:00+00:00,1.34853,1.34867,1.34815,1.34815,2492
1789452000,2026-09-15 06:00:00+00:00,1.34815,1.34833,1.34753,1.34808,3164
1789452900,2026-09-15 06:15:00+00:00,1.34808,1.34808,1.34718,1.34723,3416
1789453800,2026-09-15 06:30:00+00:00,1.34723,1.34727,1.34668,1.34671,3395
1789454700,2026-09-15 06:45:00+00:00,1.34671,1.34694,1.34642,1.34692,3198
1789455600,2026-09-15 07:00:00+00:00,1.34692,1.34775,1.34654,1.34735,3093
1789456500,2026-09-15 07:15:00+00:00,1.34735,1.34758,1.34721,1.34755,2228
1789457400,2026-09-15 07:30:00+00:00,1.34755,1.34765,1.347,1.34764,2611
1789458300,2026-09-15 07:45:00+00:00,1.34764,1.34798,1.3473,1.34795,3671
1789459200,2026-09-15 08:00:00+00:00,1.34795,1.3479700000000001,1.3468499999999999,1.34738,3827
1789460100,2026-09-15 08:15:00+00:00,1.34738,1.34796,1.34723,1.34771,3671
1789461000,2026-09-15 08:30:00+00:00,1.34771,1.34794,1.34727,1.34751,3477
1789461900,2026-09-15 08:45:00+00:00,1.34751,1.34776,1.3473899999999999,1.3474300000000001,3123
1789462800,2026-09-15 09:00:00+00:00,1.3474300000000001,1.34755,1.3471899999999999,1.3474300000000001,3459
1789463700,2026-09-15 09:15:00+00:00,1.3474300000000001,1.34749,1.34681,1.34744,3464
1789464600,2026-09-15 09:30:00+00:00,1.34744,1.3476,1.34715,1.34742,2888
1789465500,2026-09-15 09:45:00+00:00,1.34742,1.34814,1.3474,1.34782,3067
1789466400,2026-09-15 10:00:00+00:00,1.34782,1.34819,1.34761,1.34766,3085
1789467300,2026-09-15 10:15:00+00:00,1.34766,1.34789,1.34749,1.34761,3119
1789468200,2026-09-15 10:30:00+00:00,1.34761,1.34793,1.34755,1.34761,2249
1789469100,2026-09-15 10:45:00+00:00,1.34761,1.34781,1.3474300000000001,1.34749,2700
1789470000,2026-09-15 11:00:00+00:00,1.34749,1.34806,1.3473899999999999,1.34801,3499
1789470900,2026-09-15 11:15:00+00:00,1.34801,1.34883,1.34801,1.34883,3219
1789471800,2026-09-15 11:30:00+00:00,1.34883,1.34898,1.34855,1.34857,2689
1789472700,2026-09-15 11:45:00+00:00,1.34857,1.34869,1.34819,1.34833,3194
1789473600,2026-09-15 12:00:00+00:00,1.34833,1.34862,1.34816,1.34848,4138
1789474500,2026-09-15 12:15:00+00:00,1.34848,1.34851,1.34798,1.3482,4157
1789475400,2026-09-15 12:30:00+00:00,1.3482,1.34862,1.34818,1.34839,3823
1789476300,2026-09-15 12:45:00+00:00,1.34839,1.34888,1.34818,1.3482,6061
1789477200,2026-09-15 13:00:00+00:00,1.3482,1.34872,1.34817,1.34843,3947
1789478100,2026-09-15 13:15:00+00:00,1.34843,1.34853,1.34801,1.34837,3663
1789479000,2026-09-15 13:30:00+00:00,1.34837,1.34885,1.34795,1.34883,4769
1789479900,2026-09-15 13:45:00+00:00,1.34883,1.34966,1.3487,1.34933,3654
1789480800,2026-09-15 14:00:00+00:00,1.34933,1.34943,1.34887,1.34916,4612
1789481700,2026-09-15 14:15:00+00:00,1.34916,1.34937,1.34872,1.3491,4111
1789482600,2026-09-15 14:30:00+00:00,1.3491,1.34959,1.34882,1.34913,4401
1789483500,2026-09-15 14:45:00+00:00,1.34913,1.34942,1.34876,1.34876,5265
1789484400,2026-09-15 15:00:00+00:00,1.34877,1.34906,1.34827,1.3484,4886
1789485300,2026-09-15 15:15:00+00:00,1.3484,1.34864,1.34822,1.34853,3722
1789486200,2026-09-15 15:30:00+00:00,1.34853,1.34857,1.3473899999999999,1.34751,4382
1789487100,2026-09-15 15:45:00+00:00,1.34751,1.3480699999999999,1.3474,1.3477299999999999,4545
1789488000,2026-09-15 16:00:00+00:00,1.3477299999999999,1.34788,1.34733,1.3474599999999999,3774
1789488900,2026-09-15 16:15:00+00:00,1.34745,1.34753,1.34697,1.34727,3368
1789489800,2026-09-15 16:30:00+00:00,1.34727,1.34771,1.34724,1.34768,2700
1789490700,2026-09-15 16:45:00+00:00,1.34768,1.34817,1.34756,1.34812,2753
1789491600,2026-09-15 17:00:00+00:00,1.34811,1.34826,1.34765,1.34783,3519
1789492500,2026-09-15 17:15:00+00:00,1.34783,1.34791,1.34745,1.34762,3089
1789493400,2026-09-15 17:30:00+00:00,1.34762,1.34793,1.34759,1.34783,3018
1789494300,2026-09-15 17:45:00+00:00,1.34783,1.34788,1.3473600000000001,1.3474599999999999,2439
1789495200,2026-09-15 18:00:00+00:00,1.3474599999999999,1.34771,1.34721,1.34763,2332
1789496100,2026-09-15 18:15:00+00:00,1.34763,1.34817,1.3476,1.34813,2635
1789497000,2026-09-15 18:30:00+00:00,1.34814,1.34814,1.34757,1.34772,2461
1789497900,2026-09-15 18:45:00+00:00,1.34772,1.34815,1.34763,1.34805,2599
1789498800,2026-09-15 19:00:00+00:00,1.34805,1.3480699999999999,1.34764,1.34776,3082
1789499700,2026-09-15 19:15:00+00:00,1.34776,1.34787,1.34757,1.34766,2009
1789500600,2026-09-15 19:30:00+00:00,1.34765,1.34788,1.34759,1.3477299999999999,1983
1789501500,2026-09-15 19:45:00+00:00,1.3477299999999999,1.34774,1.3473600000000001,1.34741,2197
1789502400,2026-09-15 20:00:00+00:00,1.34741,1.34748,1.3472,1.34722,711
1789503300,2026-09-15 20:15:00+00:00,1.34722,1.34728,1.3471199999999999,1.34728,479
1789504200,2026-09-15 20:30:00+00:00,1.34728,1.3474,1.34724,1.34727,468
1789505100,2026-09-15 20:45:00+00:00,1.34727,1.34779,1.34726,1.3477700000000001,757
1789506000,2026-09-15 21:00:00+00:00,1.3477700000000001,1.34801,1.3468499999999999,1.3475,186
1789506900,2026-09-15 21:15:00+00:00,1.3475,1.34767,1.34737,1.34737,140
1789507800,2026-09-15 21:30:00+00:00,1.34737,1.3474599999999999,1.34715,1.34718,221
1789508700,2026-09-15 21:45:00+00:00,1.34718,1.34723,1.34705,1.34707,427
1789509600,2026-09-15 22:00:00+00:00,1.34707,1.34789,1.34707,1.3476,1514
1789510500,2026-09-15 22:15:00+00:00,1.3476,1.34778,1.34756,1.3477700000000001,827
1789511400,2026-09-15 22:30:00+00:00,1.34776,1.3479,1.34769,1.3477299999999999,381
1789512300,2026-09-15 22:45:00+00:00,1.3477299999999999,1.34774,1.34753,1.34754,362
1789513200,2026-09-15 23:00:00+00:00,1.34754,1.34756,1.34732,1.34733,686
1789514100,2026-09-15 23:15:00+00:00,1.34733,1.3475,1.34713,1.34725,651
1789515000,2026-09-15 23:30:00+00:00,1.34725,1.34732,1.34693,1.34705,1402
1789515900,2026-09-15 23:45:00+00:00,1.34705,1.34735,1.34703,1.34705,1665
1789516800,2026-09-16 00:00:00+00:00,1.34705,1.3471,1.34663,1.34684,3855
1789517700,2026-09-16 00:15:00+00:00,1.34684,1.34735,1.34684,1.34711,3559
1789518600,2026-09-16 00:30:00+00:00,1.3471199999999999,1.34717,1.34671,1.34672,2747
1789519500,2026-09-16 00:45:00+00:00,1.34673,1.34696,1.34665,1.34694,3177
1789520400,2026-09-16 01:00:00+00:00,1.34694,1.34707,1.34663,1.34693,2753
1789521300,2026-09-16 01:15:00+00:00,1.34693,1.34706,1.34683,1.34683,2311
1789522200,2026-09-16 01:30:00+00:00,1.34683,1.34689,1.34665,1.3468499999999999,1977
1789523100,2026-09-16 01:45:00+00:00,1.3468499999999999,1.34693,1.34654,1.3466,2226
1789524000,2026-09-16 02:00:00+00:00,1.3466,1.34725,1.3465799999999999,1.34718,2342
1789524900,2026-09-16 02:15:00+00:00,1.34718,1.34751,1.34718,1.34738,2351
1789525800,2026-09-16 02:30:00+00:00,1.34738,1.34791,1.34738,1.34763,3048
1789526700,2026-09-16 02:45:00+00:00,1.34763,1.3479700000000001,1.34759,1.34794,2282
1789527600,2026-09-16 03:00:00+00:00,1.34794,1.34816,1.34793,1.3479700000000001,1882
1789528500,2026-09-16 03:15:00+00:00,1.3479700000000001,1.34818,1.34796,1.34805,2257
1789529400,2026-09-16 03:30:00+00:00,1.34805,1.34808,1.3477299999999999,1.34784,1850
1789530300,2026-09-16 03:45:00+00:00,1.34784,1.34803,1.34779,1.3479700000000001,2338
1789531200,2026-09-16 04:00:00+00:00,1.3479700000000001,1.34818,1.34795,1.34813,1733
1789532100,2026-09-16 04:15:00+00:00,1.34814,1.34826,1.3479999999999999,1.34825,1398
1789533000,2026-09-16 04:30:00+00:00,1.34826,1.3486,1.34822,1.3483399999999999,1482
1789533900,2026-09-16 04:45:00+00:00,1.3483399999999999,1.34846,1.34825,1.34846,1400
1789534800,2026-09-16 05:00:00+00:00,1.34845,1.34866,1.34833,1.34857,2007
1789535700,2026-09-16 05:15:00+00:00,1.34857,1.34886,1.34853,1.34874,1652
1789536600,2026-09-16 05:30:00+00:00,1.34874,1.3489,1.34863,1.3487,2349
1789537500,2026-09-16 05:45:00+00:00,1.3487,1.34949,1.3487,1.34915,2139
1789538400,2026-09-16 06:00:00+00:00,1.34915,1.34978,1.34785,1.34856,4120
1789539300,2026-09-16 06:15:00+00:00,1.34855,1.34869,1.34783,1.34795,2987
1789540200,2026-09-16 06:30:00+00:00,1.34795,1.3480699999999999,1.34771,1.34784,2413
1789541100,2026-09-16 06:45:00+00:00,1.34784,1.34808,1.34758,1.3480400000000001,2634
1789542000,2026-09-16 07:00:00+00:00,1.3480400000000001,1.34822,1.34764,1.3482,4180
1789542900,2026-09-16 07:15:00+00:00,1.3482,1.34824,1.34762,1.34801,3296
1789543800,2026-09-16 07:30:00+00:00,1.34801,1.34846,1.34768,1.34778,3536
1789544700,2026-09-16 07:45:00+00:00,1.34778,1.34792,1.3471,1.3471600000000001,3385
1789545600,2026-09-16 08:00:00+00:00,1.3471600000000001,1.34724,1.34667,1.3468,3575
1789546500,2026-09-16 08:15:00+00:00,1.3468,1.3475,1.3467,1.34723,4221
1789547400,2026-09-16 08:30:00+00:00,1.34723,1.34724,1.34692,1.34701,3241
1789548300,2026-09-16 08:45:00+00:00,1.34701,1.34722,1.34695,1.34704,2743
1789549200,2026-09-16 09:00:00+00:00,1.34704,1.3471899999999999,1.34673,1.34714,3457
1789550100,2026-09-16 09:15:00+00:00,1.34714,1.34715,1.3467799999999999,1.34702,3349
1789551000,2026-09-16 09:30:00+00:00,1.34702,1.34733,1.34688,1.3471199999999999,3104
1789551900,2026-09-16 09:45:00+00:00,1.3471199999999999,1.34722,1.34672,1.34673,2831
1789552800,2026-09-16 10:00:00+00:00,1.34673,1.3469,1.3465799999999999,1.34671,2106
1789553700,2026-09-16 10:15:00+00:00,1.34671,1.34708,1.34665,1.34679,2443
1789554600,2026-09-16 10:30:00+00:00,1.34679,1.3471199999999999,1.3466,1.3471199999999999,1847
1789555500,2026-09-16 10:45:00+00:00,1.3471199999999999,1.3471899999999999,1.34664,1.3471899999999999,1742
1789556400,2026-09-16 11:00:00+00:00,1.3471899999999999,1.34731,1.34588,1.3462,4749
1789557300,2026-09-16 11:15:00+00:00,1.3462,1.34664,1.34605,1.3465,4027
1789558200,2026-09-16 11:30:00+00:00,1.3465099999999999,1.34663,1.34583,1.34603,3867
1789559100,2026-09-16 11:45:00+00:00,1.34603,1.34613,1.34547,1.34558,3782
1789560000,2026-09-16 12:00:00+00:00,1.34557,1.34582,1.34532,1.34546,4065
1789560900,2026-09-16 12:15:00+00:00,1.34546,1.34552,1.34478,1.34484,3002
1789561800,2026-09-16 12:30:00+00:00,1.34484,1.34564,1.34461,1.34543,3368
1789562700,2026-09-16 12:45:00+00:00,1.34543,1.34603,1.34532,1.34576,3483
1789563600,2026-09-16 13:00:00+00:00,1.34576,1.34613,1.34542,1.34593,4119
1789564500,2026-09-16 13:15:00+00:00,1.34593,1.346,1.34544,1.34558,3564
1789565400,2026-09-16 13:30:00+00:00,1.34558,1.34605,1.3455,1.34561,3696
1789566300,2026-09-16 13:45:00+00:00,1.34561,1.34577,1.3449499999999999,1.3449499999999999,4011
1789567200,2026-09-16 14:00:00+00:00,1.3449499999999999,1.34558,1.34459,1.3455599999999999,3723
1789568100,2026-09-16 14:15:00+00:00,1.3455599999999999,1.34557,1.345,1.34541,3265
1789569000,2026-09-16 14:30:00+00:00,1.34541,1.34631,1.34532,1.34609,2451
1789569900,2026-09-16 14:45:00+00:00,1.3461,1.3461699999999999,1.34509,1.34539,4271
1789570800,2026-09-16 15:00:00+00:00,1.3454,1.34583,1.34501,1.3455599999999999,5467
1789571700,2026-09-16 15:15:00+00:00,1.34557,1.3456000000000001,1.34481,1.34482,3382
1789572600,2026-09-16 15:30:00+00:00,1.34483,1.3450199999999999,1.34455,1.3446,3389
1789573500,2026-09-16 15:45:00+00:00,1.3446,1.34523,1.34448,1.34451,4675
1789574400,2026-09-16 16:00:00+00:00,1.34453,1.34459,1.34423,1.3444099999999999,3718
1789575300,2026-09-16 16:15:00+00:00,1.3444099999999999,1.34512,1.3444,1.34487,3006
1789576200,2026-09-16 16:30:00+00:00,1.34487,1.3450199999999999,1.34467,1.3448,2490
1789577100,2026-09-16 16:45:00+00:00,1.3448,1.34491,1.3445,1.3445,3110
1789578000,2026-09-16 17:00:00+00:00,1.3445,1.34452,1.34395,1.3439999999999999,3634
1789578900,2026-09-16 17:15:00+00:00,1.3439999999999999,1.34427,1.34398,1.34422,2632
1789579800,2026-09-16 17:30:00+00:00,1.34421,1.34445,1.3442,1.34439,2531
1789580700,2026-09-16 17:45:00+00:00,1.34439,1.345,1.34428,1.345,3436
1789581600,2026-09-16 18:00:00+00:00,1.345,1.3461,1.34103,1.34111,13571
1789582500,2026-09-16 18:15:00+00:00,1.34111,1.34196,1.34069,1.341,10500
1789583400,2026-09-16 18:30:00+00:00,1.34101,1.34121,1.33859,1.33992,12101
1789584300,2026-09-16 18:45:00+00:00,1.33992,1.34044,1.33807,1.33815,11978
1789585200,2026-09-16 19:00:00+00:00,1.33815,1.33928,1.3379400000000001,1.3383099999999999,11264
1789586100,2026-09-16 19:15:00+00:00,1.33832,1.3385,1.33724,1.33776,9852
1789587000,2026-09-16 19:30:00+00:00,1.33776,1.3391,1.33768,1.33853,7823
1789587900,2026-09-16 19:45:00+00:00,1.33852,1.33883,1.3382800000000001,1.33867,6602
1789588800,2026-09-16 20:00:00+00:00,1.33867,1.33897,1.33805,1.3381,2078
1789589700,2026-09-16 20:15:00+00:00,1.3381,1.3382800000000001,1.33748,1.33768,1500
1789590600,2026-09-16 20:30:00+00:00,1.33768,1.33827,1.33762,1.33807,1363
1789591500,2026-09-16 20:45:00+00:00,1.33807,1.33829,1.33788,1.338,1675
1789592400,2026-09-16 21:00:00+00:00,1.338,1.33844,1.33717,1.33815,408
1789593300,2026-09-16 21:15:00+00:00,1.33815,1.33878,1.33793,1.33849,352
1789594200,2026-09-16 21:30:00+00:00,1.33849,1.33869,1.33788,1.33819,429
1789595100,2026-09-16 21:45:00+00:00,1.33819,1.33887,1.33764,1.3377,1004
1789596000,2026-09-16 22:00:00+00:00,1.3377,1.3378999999999999,1.33746,1.3377,1116
1789596900,2026-09-16 22:15:00+00:00,1.3377,1.33811,1.33769,1.33799,997
1789597800,2026-09-16 22:30:00+00:00,1.33799,1.3381,1.33791,1.338,943
1789598700,2026-09-16 22:45:00+00:00,1.338,1.33822,1.33793,1.33801,914
1789599600,2026-09-16 23:00:00+00:00,1.33801,1.3382399999999999,1.33786,1.33818,1303
1789600500,2026-09-16 23:15:00+00:00,1.33818,1.33833,1.3381,1.33812,830
1789601400,2026-09-16 23:30:00+00:00,1.33812,1.33854,1.33811,1.33834,1511
1789602300,2026-09-16 23:45:00+00:00,1.33834,1.33861,1.33817,1.33817,2788
1789603200,2026-09-17 00:00:00+00:00,1.33817,1.33872,1.33813,1.33838,3551
1789604100,2026-09-17 00:15:00+00:00,1.33838,1.33841,1.33803,1.33808,2533
1789605000,2026-09-17 00:30:00+00:00,1.33808,1.33825,1.3378,1.33792,2245
1789605900,2026-09-17 00:45:00+00:00,1.33792,1.3379699999999999,1.33721,1.33724,2638
1789606800,2026-09-17 01:00:00+00:00,1.33724,1.33766,1.33709,1.33765,2902
1789607700,2026-09-17 01:15:00+00:00,1.33765,1.33791,1.33749,1.33761,2279
1789608600,2026-09-17 01:30:00+00:00,1.33761,1.33788,1.33701,1.3371,2496
1789609500,2026-09-17 01:45:00+00:00,1.3371,1.33727,1.33698,1.33708,2817
1789610400,2026-09-17 02:00:00+00:00,1.33708,1.33769,1.33707,1.33766,2526
1789611300,2026-09-17 02:15:00+00:00,1.33766,1.33771,1.33735,1.33737,1725
1789612200,2026-09-17 02:30:00+00:00,1.33737,1.33751,1.33707,1.33738,2399
1789613100,2026-09-17 02:45:00+00:00,1.33738,1.33741,1.33694,1.33707,2358
1789614000,2026-09-17 03:00:00+00:00,1.33708,1.33742,1.33694,1.33742,2404
1789614900,2026-09-17 03:15:00+00:00,1.33742,1.33747,1.33704,1.3370600000000001,1859
1789615800,2026-09-17 03:30:00+00:00,1.3370600000000001,1.33744,1.33704,1.3372,1531
1789616700,2026-09-17 03:45:00+00:00,1.3372,1.33746,1.33707,1.3373599999999999,1896
1789617600,2026-09-17 04:00:00+00:00,1.3373599999999999,1.3376299999999999,1.33727,1.33741,1542
1789618500,2026-09-17 04:15:00+00:00,1.33741,1.33781,1.3372899999999999,1.33768,1426
1789619400,2026-09-17 04:30:00+00:00,1.33768,1.3381,1.33759,1.33779,1514
1789620300,2026-09-17 04:45:00+00:00,1.33779,1.33812,1.33779,1.33809,1502
1789621200,2026-09-17 05:00:00+00:00,1.33809,1.3383,1.33786,1.338,1654
1789622100,2026-09-17 05:15:00+00:00,1.338,1.33822,1.33778,1.33819,1659
1789623000,2026-09-17 05:30:00+00:00,1.33819,1.3383,1.33802,1.33822,2108
1789623900,2026-09-17 05:45:00+00:00,1.33822,1.33832,1.33804,1.33817,2452
1789624800,2026-09-17 06:00:00+00:00,1.33817,1.3386,1.33796,1.3385799999999999,3439
1789625700,2026-09-17 06:15:00+00:00,1.3385799999999999,1.33932,1.33836,1.33922,2977
1789626600,2026-09-17 06:30:00+00:00,1.33922,1.33942,1.33899,1.3394,3110
1789627500,2026-09-17 06:45:00+00:00,1.3394,1.34022,1.33925,1.33986,2258
1789628400,2026-09-17 07:00:00+00:00,1.33986,1.33992,1.33902,1.3391199999999999,3323
1789629300,2026-09-17 07:15:00+00:00,1.33913,1.33958,1.33903,1.33933,2969
1789630200,2026-09-17 07:30:00+00:00,1.33933,1.3394300000000001,1.33894,1.33915,2732
1789631100,2026-09-17 07:45:00+00:00,1.33915,1.33915,1.33856,1.33886,2994
1789632000,2026-09-17 08:00:00+00:00,1.33886,1.33886,1.3378999999999999,1.338,2902
1789632900,2026-09-17 08:15:00+00:00,1.338,1.33825,1.3378999999999999,1.33818,2941
1789633800,2026-09-17 08:30:00+00:00,1.33818,1.33867,1.3381,1.33859,2640
1789634700,2026-09-17 08:45:00+00:00,1.33859,1.33961,1.33847,1.33949,2687
1789635600,2026-09-17 09:00:00+00:00,1.33949,1.34,1.33932,1.33976,2614
1789636500,2026-09-17 09:15:00+00:00,1.33976,1.33989,1.33922,1.33947,2556
1789637400,2026-09-17 09:30:00+00:00,1.33947,1.33979,1.33928,1.33935,2781
1789638300,2026-09-17 09:45:00+00:00,1.33935,1.33971,1.33926,1.3394599999999999,2524
1789639200,2026-09-17 10:00:00+00:00,1.3394599999999999,1.3403100000000001,1.33941,1.3400699999999999,2517
1789640100,2026-09-17 10:15:00+00:00,1.3400699999999999,1.34049,1.33998,1.34036,3155
1789641000,2026-09-17 10:30:00+00:00,1.34036,1.34054,1.34002,1.34017,1975
1789641900,2026-09-17 10:45:00+00:00,1.34017,1.34064,1.34013,1.34044,2567
1789642800,2026-09-17 11:00:00+00:00,1.34042,1.34043,1.33601,1.33653,8088
1789643700,2026-09-17 11:15:00+00:00,1.33652,1.33669,1.33498,1.33656,6369
1789644600,2026-09-17 11:30:00+00:00,1.33656,1.33738,1.33598,1.3370600000000001,3635
1789645500,2026-09-17 11:45:00+00:00,1.3370600000000001,1.33724,1.33644,1.33697,3967
1789646400,2026-09-17 12:00:00+00:00,1.33697,1.33859,1.33685,1.33835,6866
1789647300,2026-09-17 12:15:00+00:00,1.33836,1.3395299999999999,1.33803,1.3394599999999999,5144
1789648200,2026-09-17 12:30:00+00:00,1.3394599999999999,1.33957,1.33814,1.33834,4100
1789649100,2026-09-17 12:45:00+00:00,1.33834,1.33867,1.33801,1.33864,4947
1789650000,2026-09-17 13:00:00+00:00,1.33864,1.3388200000000001,1.33724,1.33738,4800
1789650900,2026-09-17 13:15:00+00:00,1.33738,1.33785,1.3372,1.3376700000000001,4548
1789651800,2026-09-17 13:30:00+00:00,1.3376700000000001,1.3381,1.33704,1.33715,5764
1789652700,2026-09-17 13:45:00+00:00,1.33715,1.33779,1.33711,1.3373599999999999,6009
1789653600,2026-09-17 14:00:00+00:00,1.3373599999999999,1.33806,1.33697,1.33773,6397
1789654500,2026-09-17 14:15:00+00:00,1.33773,1.33785,1.33632,1.3363399999999999,5122
1789655400,2026-09-17 14:30:00+00:00,1.3363399999999999,1.33664,1.33533,1.33533,3294
1789656300,2026-09-17 14:45:00+00:00,1.33533,1.33605,1.33511,1.33526,4041
1789657200,2026-09-17 15:00:00+00:00,1.33528,1.33579,1.33509,1.33545,4689
1789658100,2026-09-17 15:15:00+00:00,1.33545,1.336,1.33499,1.33515,4337
1789659000,2026-09-17 15:30:00+00:00,1.33515,1.33515,1.33401,1.33403,4154
1789659900,2026-09-17 15:45:00+00:00,1.33403,1.33465,1.3336299999999999,1.33453,4223
1789660800,2026-09-17 16:00:00+00:00,1.33453,1.33466,1.3338,1.33445,3214
1789661700,2026-09-17 16:15:00+00:00,1.33445,1.3348,1.3342399999999999,1.33478,2683
1789662600,2026-09-17 16:30:00+00:00,1.33478,1.3351,1.3345500000000001,1.3351,2588
1789663500,2026-09-17 16:45:00+00:00,1.33508,1.3351,1.33457,1.33487,3305
1789664400,2026-09-17 17:00:00+00:00,1.33487,1.3352,1.33453,1.33498,3304
1789665300,2026-09-17 17:15:00+00:00,1.33498,1.33527,1.33493,1.33517,2342
1789666200,2026-09-17 17:30:00+00:00,1.33517,1.33526,1.3348900000000001,1.33498,2060
1789667100,2026-09-17 17:45:00+00:00,1.33498,1.33503,1.33457,1.33498,2394
1789668000,2026-09-17 18:00:00+00:00,1.33498,1.33547,1.33488,1.3354599999999999,2201
1789668900,2026-09-17 18:15:00+00:00,1.3354599999999999,1.3355000000000001,1.33524,1.33526,2175
1789669800,2026-09-17 18:30:00+00:00,1.33526,1.3354300000000001,1.33517,1.33538,1667
1789670700,2026-09-17 18:45:00+00:00,1.33537,1.33558,1.33504,1.33527,2549
1789671600,2026-09-17 19:00:00+00:00,1.33527,1.33562,1.33525,1.33547,2921
1789672500,2026-09-17 19:15:00+00:00,1.33547,1.33575,1.33533,1.33567,2169
1789673400,2026-09-17 19:30:00+00:00,1.33567,1.33589,1.33566,1.33576,1807
1789674300,2026-09-17 19:45:00+00:00,1.33576,1.33592,1.33572,1.33578,1728
1789675200,2026-09-17 20:00:00+00:00,1.33578,1.33589,1.33529,1.33542,1209
1789676100,2026-09-17 20:15:00+00:00,1.33542,1.33561,1.33537,1.33558,442
1789677000,2026-09-17 20:30:00+00:00,1.33558,1.33568,1.33549,1.33559,513
1789677900,2026-09-17 20:45:00+00:00,1.33559,1.33592,1.33556,1.33582,805
1789678800,2026-09-17 21:00:00+00:00,1.33582,1.33582,1.33499,1.33539,353
1789679700,2026-09-17 21:15:00+00:00,1.33539,1.33555,1.33527,1.3354599999999999,173
1789680600,2026-09-17 21:30:00+00:00,1.33545,1.3360699999999999,1.33545,1.3357999999999999,620
1789681500,2026-09-17 21:45:00+00:00,1.3357999999999999,1.33613,1.33524,1.33551,896
1789682400,2026-09-17 22:00:00+00:00,1.33551,1.33602,1.33549,1.3359,744
1789683300,2026-09-17 22:15:00+00:00,1.33589,1.33592,1.33578,1.33591,424
1789684200,2026-09-17 22:30:00+00:00,1.33591,1.336,1.33588,1.33598,461
1789685100,2026-09-17 22:45:00+00:00,1.33597,1.33599,1.33587,1.33589,287
1789686000,2026-09-17 23:00:00+00:00,1.33589,1.33599,1.33587,1.33596,337
1789686900,2026-09-17 23:15:00+00:00,1.33596,1.33599,1.33586,1.33589,448
1789687800,2026-09-17 23:30:00+00:00,1.33589,1.33601,1.33568,1.3357700000000001,988
1789688700,2026-09-17 23:45:00+00:00,1.3357700000000001,1.33592,1.33556,1.33561,2138
1789689600,2026-09-18 00:00:00+00:00,1.33561,1.33612,1.33551,1.3360699999999999,3245
1789690500,2026-09-18 00:15:00+00:00,1.3360699999999999,1.33616,1.33585,1.3359,1984
1789691400,2026-09-18 00:30:00+00:00,1.3359,1.33598,1.33567,1.33581,2159
1789692300,2026-09-18 00:45:00+00:00,1.33581,1.33622,1.33568,1.33612,2925
1789693200,2026-09-18 01:00:00+00:00,1.33612,1.33637,1.33578,1.33581,3861
1789694100,2026-09-18 01:15:00+00:00,1.33581,1.3360699999999999,1.33575,1.33583,3813
1789695000,2026-09-18 01:30:00+00:00,1.33583,1.33594,1.3356,1.33581,3232
1789695900,2026-09-18 01:45:00+00:00,1.33581,1.33628,1.33571,1.33626,2818
1789696800,2026-09-18 02:00:00+00:00,1.33626,1.33627,1.33582,1.33593,1731
1789697700,2026-09-18 02:15:00+00:00,1.33593,1.33598,1.33576,1.33597,1830
1789698600,2026-09-18 02:30:00+00:00,1.33597,1.33605,1.33572,1.33575,2477
1789699500,2026-09-18 02:45:00+00:00,1.33575,1.33609,1.33571,1.33609,3229
1789700400,2026-09-18 03:00:00+00:00,1.33609,1.3367,1.33595,1.33659,3958
1789701300,2026-09-18 03:15:00+00:00,1.33659,1.33667,1.33636,1.33661,2611
1789702200,2026-09-18 03:30:00+00:00,1.33661,1.3369900000000001,1.33656,1.33696,2656
1789703100,2026-09-18 03:45:00+00:00,1.33697,1.33724,1.33696,1.33719,1946
1789704000,2026-09-18 04:00:00+00:00,1.33719,1.33759,1.33716,1.33741,2384
1789704900,2026-09-18 04:15:00+00:00,1.33741,1.33747,1.33712,1.33718,1644
1789705800,2026-09-18 04:30:00+00:00,1.33718,1.33727,1.33705,1.33714,1925
1789706700,2026-09-18 04:45:00+00:00,1.33714,1.33718,1.33689,1.3369,2139
1789707600,2026-09-18 05:00:00+00:00,1.3369,1.3370600000000001,1.3367,1.33674,1949
1789708500,2026-09-18 05:15:00+00:00,1.33676,1.33684,1.33637,1.33639,2376
1789709400,2026-09-18 05:30:00+00:00,1.33639,1.3364,1.33616,1.33627,2720
1789710300,2026-09-18 05:45:00+00:00,1.33627,1.33633,1.33613,1.33616,2795
1789711200,2026-09-18 06:00:00+00:00,1.33616,1.33688,1.3361100000000001,1.33678,2791
1789712100,2026-09-18 06:15:00+00:00,1.33678,1.3374,1.33649,1.3372600000000001,3087
1789713000,2026-09-18 06:30:00+00:00,1.3372600000000001,1.33751,1.33683,1.3372,4530
1789713900,2026-09-18 06:45:00+00:00,1.3372,1.3374,1.33695,1.3370199999999999,4383
1789714800,2026-09-18 07:00:00+00:00,1.3370199999999999,1.3372899999999999,1.33669,1.33677,4193
1789715700,2026-09-18 07:15:00+00:00,1.33678,1.33696,1.33635,1.33669,3362
1789716600,2026-09-18 07:30:00+00:00,1.3367,1.33697,1.3360699999999999,1.3369,2901
1789717500,2026-09-18 07:45:00+00:00,1.33691,1.33721,1.33671,1.33673,2529
1789718400,2026-09-18 08:00:00+00:00,1.33673,1.3372899999999999,1.33661,1.33714,3730
1789719300,2026-09-18 08:15:00+00:00,1.33714,1.33728,1.33683,1.33709,3326
1789720200,2026-09-18 08:30:00+00:00,1.33709,1.33721,1.33655,1.33671,3321
1789721100,2026-09-18 08:45:00+00:00,1.33671,1.33709,1.33651,1.33708,3223
1789722000,2026-09-18 09:00:00+00:00,1.33708,1.33714,1.33667,1.33679,2982
1789722900,2026-09-18 09:15:00+00:00,1.33679,1.3368,1.33654,1.3366,1525
1789723800,2026-09-18 09:30:00+00:00,1.3366,1.33686,1.33646,1.3366799999999999,1944
1789724700,2026-09-18 09:45:00+00:00,1.3366799999999999,1.3372899999999999,1.33642,1.3370600000000001,3318
1789725600,2026-09-18 10:00:00+00:00,1.3370600000000001,1.3372,1.33677,1.33696,2799
1789726500,2026-09-18 10:15:00+00:00,1.33696,1.3370199999999999,1.33658,1.33663,3131
1789727400,2026-09-18 10:30:00+00:00,1.33663,1.3366799999999999,1.3354599999999999,1.33547,2615
1789728300,2026-09-18 10:45:00+00:00,1.33547,1.33579,1.33497,1.3357700000000001,3612
1789729200,2026-09-18 11:00:00+00:00,1.33578,1.33644,1.33555,1.33601,4959
1789730100,2026-09-18 11:15:00+00:00,1.33601,1.33608,1.33523,1.33525,4219
1789731000,2026-09-18 11:30:00+00:00,1.33525,1.3354,1.33452,1.33457,3491
1789731900,2026-09-18 11:45:00+00:00,1.33457,1.33495,1.33425,1.33473,3239
1789732800,2026-09-18 12:00:00+00:00,1.33473,1.33488,1.3339699999999999,1.33441,5099
1789733700,2026-09-18 12:15:00+00:00,1.33441,1.33442,1.33355,1.33365,4091
1789734600,2026-09-18 12:30:00+00:00,1.33365,1.33441,1.33356,1.33427,3664
1789735500,2026-09-18 12:45:00+00:00,1.33427,1.33511,1.3342,1.33487,4745
1789736400,2026-09-18 13:00:00+00:00,1.33486,1.3348900000000001,1.33426,1.33426,5048
1789737300,2026-09-18 13:15:00+00:00,1.33426,1.33491,1.33417,1.3349,3453
1789738200,2026-09-18 13:30:00+00:00,1.3349,1.33499,1.33406,1.33468,4794
1789739100,2026-09-18 13:45:00+00:00,1.33468,1.33507,1.3339400000000001,1.33396,3982
1789740000,2026-09-18 14:00:00+00:00,1.33396,1.33496,1.33392,1.33496,4035
1789740900,2026-09-18 14:15:00+00:00,1.33496,1.335,1.33416,1.3348499999999999,4066
1789741800,2026-09-18 14:30:00+00:00,1.3348499999999999,1.33569,1.33479,1.33557,3884
1789742700,2026-09-18 14:45:00+00:00,1.33557,1.3366,1.33556,1.33605,6381
1789743600,2026-09-18 15:00:00+00:00,1.33605,1.33654,1.3356,1.33654,5893
1789744500,2026-09-18 15:15:00+00:00,1.33654,1.33756,1.33635,1.33743,5423
1789745400,2026-09-18 15:30:00+00:00,1.33743,1.33768,1.33676,1.3369900000000001,5070
1789746300,2026-09-18 15:45:00+00:00,1.3369900000000001,1.33735,1.3366500000000001,1.3370600000000001,3997
1789747200,2026-09-18 16:00:00+00:00,1.3370600000000001,1.33765,1.33692,1.33762,3773
1789748100,2026-09-18 16:15:00+00:00,1.33762,1.338,1.33749,1.33789,3869
1789749000,2026-09-18 16:30:00+00:00,1.33789,1.33849,1.33775,1.3383,3631
1789749900,2026-09-18 16:45:00+00:00,1.3383,1.3386,1.3382100000000001,1.3382399999999999,2696
1789750800,2026-09-18 17:00:00+00:00,1.3382399999999999,1.33932,1.3382399999999999,1.33931,3032
1789751700,2026-09-18 17:15:00+00:00,1.33931,1.33941,1.33914,1.33917,2035
1789752600,2026-09-18 17:30:00+00:00,1.33918,1.33941,1.33898,1.33931,2929
1789753500,2026-09-18 17:45:00+00:00,1.33931,1.33932,1.3388499999999999,1.33895,2870
1789754400,2026-09-18 18:00:00+00:00,1.33895,1.3391899999999999,1.33883,1.33905,2438
1789755300,2026-09-18 18:15:00+00:00,1.33905,1.33914,1.33883,1.33899,2312
1789756200,2026-09-18 18:30:00+00:00,1.33899,1.33917,1.33873,1.33875,2870
1789757100,2026-09-18 18:45:00+00:00,1.33875,1.33928,1.33874,1.33903,2890
1789758000,2026-09-18 19:00:00+00:00,1.33902,1.33956,1.33902,1.33949,2202
1789758900,2026-09-18 19:15:00+00:00,1.33948,1.33976,1.33937,1.33948,2635
1789759800,2026-09-18 19:30:00+00:00,1.33948,1.3396,1.33938,1.3394599999999999,2572
1789760700,2026-09-18 19:45:00+00:00,1.33945,1.3396,1.33933,1.3394,2816
1789761600,2026-09-18 20:00:00+00:00,1.3394,1.3397700000000001,1.33939,1.33956,2166
1789762500,2026-09-18 20:15:00+00:00,1.33956,1.33982,1.33947,1.3397000000000001,1095
1789763400,2026-09-18 20:30:00+00:00,1.3397000000000001,1.33979,1.33939,1.3395299999999999,440
1789764300,2026-09-18 20:45:00+00:00,1.3395299999999999,1.33966,1.33917,1.33945,2548
1789938000,2026-09-20 21:00:00+00:00,1.33834,1.3391,1.33834,1.33891,207
1789938900,2026-09-20 21:15:00+00:00,1.33891,1.33924,1.33861,1.33878,2712
1789939800,2026-09-20 21:30:00+00:00,1.33878,1.33913,1.3385799999999999,1.33873,3550
1789940700,2026-09-20 21:45:00+00:00,1.33872,1.33922,1.33852,1.33857,2503
1789941600,2026-09-20 22:00:00+00:00,1.33857,1.33933,1.33857,1.3393,473
1789942500,2026-09-20 22:15:00+00:00,1.3393,1.3394,1.33917,1.3392,692
1789943400,2026-09-20 22:30:00+00:00,1.3392,1.33924,1.33898,1.3391199999999999,724
1789944300,2026-09-20 22:45:00+00:00,1.3391199999999999,1.3391199999999999,1.3389,1.33893,608
1789945200,2026-09-20 23:00:00+00:00,1.33893,1.33897,1.33876,1.33897,853
1789946100,2026-09-20 23:15:00+00:00,1.33897,1.33911,1.33884,1.3391,797
1789947000,2026-09-20 23:30:00+00:00,1.3391,1.33911,1.33891,1.3389199999999999,383
1789947900,2026-09-20 23:45:00+00:00,1.3389199999999999,1.33901,1.3388200000000001,1.33891,1428
1789948800,2026-09-21 00:00:00+00:00,1.33891,1.33901,1.33877,1.33899,2819
1789949700,2026-09-21 00:15:00+00:00,1.33899,1.3390900000000001,1.33875,1.33908,2250
1789950600,2026-09-21 00:30:00+00:00,1.33908,1.3393,1.33897,1.33908,2373
1789951500,2026-09-21 00:45:00+00:00,1.33908,1.33917,1.33877,1.33878,2215
1789952400,2026-09-21 01:00:00+00:00,1.33877,1.33924,1.33877,1.33906,2694
1789953300,2026-09-21 01:15:00+00:00,1.33906,1.33922,1.33897,1.3391199999999999,2881
1789954200,2026-09-21 01:30:00+00:00,1.3391199999999999,1.33932,1.33898,1.33927,2779
1789955100,2026-09-21 01:45:00+00:00,1.33927,1.33933,1.33888,1.33891,2872
1789956000,2026-09-21 02:00:00+00:00,1.3389,1.33896,1.33868,1.33871,1901
1789956900,2026-09-21 02:15:00+00:00,1.33871,1.3388,1.33857,1.3386,1559
1789957800,2026-09-21 02:30:00+00:00,1.3386,1.33866,1.33849,1.33857,1592
1789958700,2026-09-21 02:45:00+00:00,1.3385799999999999,1.33864,1.3382100000000001,1.33827,1785
1789959600,2026-09-21 03:00:00+00:00,1.33827,1.3384800000000001,1.33807,1.33847,1644
1789960500,2026-09-21 03:15:00+00:00,1.33847,1.33871,1.33795,1.33827,1611
1789961400,2026-09-21 03:30:00+00:00,1.33827,1.33841,1.33808,1.33825,1591
1789962300,2026-09-21 03:45:00+00:00,1.33826,1.33844,1.33815,1.33823,1196
1789963200,2026-09-21 04:00:00+00:00,1.3382399999999999,1.3383,1.33807,1.33829,1050
1789964100,2026-09-21 04:15:00+00:00,1.33829,1.33839,1.3376299999999999,1.3377,1976
1789965000,2026-09-21 04:30:00+00:00,1.3377,1.33798,1.3373599999999999,1.33786,1420
1789965900,2026-09-21 04:45:00+00:00,1.33786,1.33795,1.33776,1.33781,841
1789966800,2026-09-21 05:00:00+00:00,1.33781,1.33788,1.33773,1.3378700000000001,991
1789967700,2026-09-21 05:15:00+00:00,1.3378700000000001,1.3378999999999999,1.3376000000000001,1.3376700000000001,1127
1789968600,2026-09-21 05:30:00+00:00,1.3376700000000001,1.33777,1.33755,1.33762,1422
1789969500,2026-09-21 05:45:00+00:00,1.33762,1.3377,1.33753,1.33758,1301
1789970400,2026-09-21 06:00:00+00:00,1.33758,1.33764,1.33725,1.33745,3000
1789971300,2026-09-21 06:15:00+00:00,1.33745,1.33793,1.33732,1.33788,1956
1789972200,2026-09-21 06:30:00+00:00,1.33788,1.33807,1.33766,1.338,2019
1789973100,2026-09-21 06:45:00+00:00,1.338,1.33833,1.3376700000000001,1.33773,2497
1789974000,2026-09-21 07:00:00+00:00,1.33772,1.33778,1.33685,1.33725,3626
1789974900,2026-09-21 07:15:00+00:00,1.33725,1.33796,1.33719,1.33785,2382
1789975800,2026-09-21 07:30:00+00:00,1.33785,1.33802,1.33755,1.3378999999999999,2116
1789976700,2026-09-21 07:45:00+00:00,1.33788,1.33827,1.33779,1.33796,2347
1789977600,2026-09-21 08:00:00+00:00,1.33795,1.33869,1.33795,1.3384800000000001,3075
1789978500,2026-09-21 08:15:00+00:00,1.3384800000000001,1.33859,1.3382800000000001,1.33843,1936
1789979400,2026-09-21 08:30:00+00:00,1.33844,1.33884,1.33841,1.33869,2457
1789980300,2026-09-21 08:45:00+00:00,1.33869,1.33888,1.33825,1.33829,2785
1789981200,2026-09-21 09:00:00+00:00,1.3383,1.33867,1.33818,1.33865,2196
1789982100,2026-09-21 09:15:00+00:00,1.33865,1.3387,1.33827,1.33835,1966
1789983000,2026-09-21 09:30:00+00:00,1.33835,1.33866,1.33814,1.33827,1929
1789983900,2026-09-21 09:45:00+00:00,1.33827,1.33843,1.3379699999999999,1.33836,2064
1789984800,2026-09-21 10:00:00+00:00,1.33836,1.3385,1.33823,1.3384,2054
1789985700,2026-09-21 10:15:00+00:00,1.3384,1.3384800000000001,1.33829,1.33834,2075
1789986600,2026-09-21 10:30:00+00:00,1.33834,1.3385099999999999,1.33805,1.33838,1635
1789987500,2026-09-21 10:45:00+00:00,1.33838,1.3384,1.33796,1.33806,1775
1789988400,2026-09-21 11:00:00+00:00,1.33806,1.3385500000000001,1.33805,1.3385099999999999,1765
1789989300,2026-09-21 11:15:00+00:00,1.3385099999999999,1.33895,1.3385,1.3389199999999999,1914
1789990200,2026-09-21 11:30:00+00:00,1.3389199999999999,1.33962,1.33876,1.33952,2540
1789991100,2026-09-21 11:45:00+00:00,1.33952,1.3397299999999999,1.33929,1.33948,2901
1789992000,2026-09-21 12:00:00+00:00,1.33948,1.34003,1.33934,1.33937,3909
1789992900,2026-09-21 12:15:00+00:00,1.33937,1.33978,1.33925,1.33935,2933
1789993800,2026-09-21 12:30:00+00:00,1.33935,1.33947,1.3389199999999999,1.33925,2700
1789994700,2026-09-21 12:45:00+00:00,1.33925,1.33927,1.33895,1.3391,2536
1789995600,2026-09-21 13:00:00+00:00,1.3391,1.33928,1.33903,1.33917,3015
1789996500,2026-09-21 13:15:00+00:00,1.33917,1.3394300000000001,1.33904,1.33932,3130
1789997400,2026-09-21 13:30:00+00:00,1.33932,1.33937,1.3385799999999999,1.33866,3991
1789998300,2026-09-21 13:45:00+00:00,1.33866,1.33866,1.3378700000000001,1.3379699999999999,4197
1789999200,2026-09-21 14:00:00+00:00,1.33796,1.33798,1.33685,1.33734,4456
1790000100,2026-09-21 14:15:00+00:00,1.33734,1.33784,1.3370199999999999,1.33778,4222
1790001000,2026-09-21 14:30:00+00:00,1.33778,1.33791,1.33747,1.3375,3849
1790001900,2026-09-21 14:45:00+00:00,1.3375,1.33778,1.33714,1.3373599999999999,3513
1790002800,2026-09-21 15:00:00+00:00,1.3373599999999999,1.33755,1.33705,1.3373599999999999,3660
1790003700,2026-09-21 15:15:00+00:00,1.3373599999999999,1.33746,1.3370199999999999,1.33714,2995
1790004600,2026-09-21 15:30:00+00:00,1.33714,1.33719,1.3367499999999999,1.33698,2969
1790005500,2026-09-21 15:45:00+00:00,1.33698,1.3372600000000001,1.3367200000000001,1.33703,2370
1790006400,2026-09-21 16:00:00+00:00,1.33703,1.3373599999999999,1.33683,1.33717,3302
1790007300,2026-09-21 16:15:00+00:00,1.33717,1.33734,1.33717,1.33717,397
