timestamp,datetime,open,high,low,close,volume
1767225600,2026-01-01 00:00:00+00:00,1.34742,1.34742,1.34742,1.34742,1744.93
1767227400,2026-01-01 00:30:00+00:00,1.34742,1.34742,1.34742,1.34742,1796.65
1767229200,2026-01-01 01:00:00+00:00,1.34742,1.34742,1.34742,1.34742,1679.02
1767231000,2026-01-01 01:30:00+00:00,1.34742,1.34742,1.34742,1.34742,1727.77
1767240000,2026-01-01 04:00:00+00:00,1.34742,1.34742,1.34742,1.34742,1741.21
1767241800,2026-01-01 04:30:00+00:00,1.34742,1.34742,1.34742,1.34742,1755.61
1767243600,2026-01-01 05:00:00+00:00,1.34742,1.34742,1.34742,1.34742,1742.84
1767245400,2026-01-01 05:30:00+00:00,1.34742,1.34742,1.34742,1.34742,1694.36
1767261600,2026-01-01 10:00:00+00:00,1.34742,1.34742,1.34742,1.34742,1757.08
1767263400,2026-01-01 10:30:00+00:00,1.34742,1.34742,1.34742,1.34742,1776.54
1767290400,2026-01-01 18:00:00+00:00,1.34564,1.34573,1.34564,1.34572,1727.85
1767292200,2026-01-01 18:30:00+00:00,1.34572,1.34579,1.3457,1.34579,1775.51
1767304800,2026-01-01 22:00:00+00:00,1.34807,1.34807,1.34742,1.3476,1730.06
1767306600,2026-01-01 22:30:00+00:00,1.3476,1.34766,1.34618,1.34706,1699.19
1767308400,2026-01-01 23:00:00+00:00,1.34767,1.34767,1.34734,1.34762,1716.77
1767310200,2026-01-01 23:30:00+00:00,1.34762,1.34764,1.34713,1.34733,1715.63
1767312000,2026-01-02 00:00:00+00:00,1.34745,1.34779,1.34724,1.34761,1746.76
1767313800,2026-01-02 00:30:00+00:00,1.34761,1.34827,1.34741,1.34818,1690.41
1767315600,2026-01-02 01:00:00+00:00,1.34824,1.34864,1.34807,1.34821,1759.8799999999999
1767317400,2026-01-02 01:30:00+00:00,1.34821,1.34878,1.34817,1.34878,1697.84
1767319200,2026-01-02 02:00:00+00:00,1.34898,1.34915,1.34887,1.34913,1765.73
1767321000,2026-01-02 02:30:00+00:00,1.34913,1.34915,1.34873,1.34885,1700.39
1767322800,2026-01-02 03:00:00+00:00,1.34896,1.34904,1.3487,1.34873,1772.19
1767324600,2026-01-02 03:30:00+00:00,1.34873,1.34878,1.34853,1.34864,1731.03
1767326400,2026-01-02 04:00:00+00:00,1.3488,1.3488,1.34791,1.34794,1737.73
1767328200,2026-01-02 04:30:00+00:00,1.34794,1.34872,1.34791,1.34793,1702.09
1767330000,2026-01-02 05:00:00+00:00,1.34784,1.34811,1.34769,1.348,1778.78
1767331800,2026-01-02 05:30:00+00:00,1.348,1.348,1.34707,1.3472,1727.0
1767333600,2026-01-02 06:00:00+00:00,1.34706,1.34706,1.3464,1.34667,1716.71
1767335400,2026-01-02 06:30:00+00:00,1.34667,1.34706,1.34657,1.34686,1780.71
1767337200,2026-01-02 07:00:00+00:00,1.34682,1.34702,1.34629,1.34652,1799.1
1767339000,2026-01-02 07:30:00+00:00,1.34652,1.34683,1.34586,1.34664,1711.68
1767340800,2026-01-02 08:00:00+00:00,1.34649,1.34657,1.34573,1.34602,1736.49
1767342600,2026-01-02 08:30:00+00:00,1.34602,1.34612,1.34504,1.3455,1688.62
1767344400,2026-01-02 09:00:00+00:00,1.34566,1.34642,1.34545,1.34622,1769.46
1767346200,2026-01-02 09:30:00+00:00,1.34622,1.34642,1.34526,1.34553,1795.57
1767348000,2026-01-02 10:00:00+00:00,1.34548,1.34577,1.34498,1.34498,1730.15
1767349800,2026-01-02 10:30:00+00:00,1.34498,1.34555,1.3445,1.34515,1734.07
1767351600,2026-01-02 11:00:00+00:00,1.34504,1.34519,1.34371,1.34463,1755.76
1767353400,2026-01-02 11:30:00+00:00,1.34463,1.34523,1.34347,1.34414,1702.5
1767355200,2026-01-02 12:00:00+00:00,1.34416,1.34434,1.34396,1.34423,1736.44
1767357000,2026-01-02 12:30:00+00:00,1.34423,1.34497,1.34389,1.34459,1792.32
1767358800,2026-01-02 13:00:00+00:00,1.34459,1.34531,1.3443,1.34507,1716.67
1767360600,2026-01-02 13:30:00+00:00,1.34507,1.3459,1.34489,1.3459,1722.05
1767362400,2026-01-02 14:00:00+00:00,1.34541,1.34666,1.34541,1.34649,1747.58
1767364200,2026-01-02 14:30:00+00:00,1.34649,1.34664,1.34631,1.34657,1709.27
1767366000,2026-01-02 15:00:00+00:00,1.34677,1.34951,1.34669,1.34926,1800.51
1767367800,2026-01-02 15:30:00+00:00,1.34926,1.35015,1.34915,1.34975,1701.82
1767369600,2026-01-02 16:00:00+00:00,1.34982,1.34986,1.34797,1.34833,1784.27
1767371400,2026-01-02 16:30:00+00:00,1.34833,1.34973,1.34742,1.34775,1771.09
1767373200,2026-01-02 17:00:00+00:00,1.34784,1.34784,1.34653,1.3466,1696.15
1767375000,2026-01-02 17:30:00+00:00,1.3466,1.34669,1.34622,1.34638,1745.02
1767376800,2026-01-02 18:00:00+00:00,1.34629,1.34633,1.34531,1.34605,1737.68
1767378600,2026-01-02 18:30:00+00:00,1.34605,1.34622,1.34472,1.34521,1768.18
1767380400,2026-01-02 19:00:00+00:00,1.34512,1.34564,1.34481,1.3456,1790.63
1767382200,2026-01-02 19:30:00+00:00,1.3456,1.34573,1.34524,1.34551,1694.51
1767384000,2026-01-02 20:00:00+00:00,1.34542,1.34575,1.34529,1.34544,1733.99
1767385800,2026-01-02 20:30:00+00:00,1.34544,1.34575,1.34504,1.34575,1738.52
1767387600,2026-01-02 21:00:00+00:00,1.34591,1.34673,1.34573,1.34583,1759.07
1767389400,2026-01-02 21:30:00+00:00,1.34583,1.34646,1.34573,1.34617,1714.44
1767391200,2026-01-02 22:00:00+00:00,1.34629,1.34629,1.34629,1.34629,1731.67
1767393000,2026-01-02 22:30:00+00:00,1.34629,1.34629,1.34629,1.34629,1687.6200000000001
1767571200,2026-01-05 00:00:00+00:00,1.34432,1.34479,1.34401,1.34446,1775.56
1767573000,2026-01-05 00:30:00+00:00,1.34446,1.34468,1.34433,1.34436,1711.8
1767574800,2026-01-05 01:00:00+00:00,1.34421,1.3449,1.34415,1.34436,1735.25
1767576600,2026-01-05 01:30:00+00:00,1.34436,1.34449,1.34396,1.34401,1768.26
1767578400,2026-01-05 02:00:00+00:00,1.34416,1.34419,1.34312,1.34333,1751.91
1767580200,2026-01-05 02:30:00+00:00,1.34333,1.34401,1.34262,1.34315,1743.33
1767582000,2026-01-05 03:00:00+00:00,1.34335,1.34355,1.34278,1.34313,1806.43
1767583800,2026-01-05 03:30:00+00:00,1.34313,1.3436,1.34153,1.34167,1683.43
1767585600,2026-01-05 04:00:00+00:00,1.34154,1.34255,1.34154,1.34172,1739.28
1767587400,2026-01-05 04:30:00+00:00,1.34172,1.34284,1.34155,1.34264,1743.56
1767589200,2026-01-05 05:00:00+00:00,1.34255,1.34281,1.34237,1.34265,1777.96
1767591000,2026-01-05 05:30:00+00:00,1.34265,1.34322,1.34258,1.34293,1705.68
1767592800,2026-01-05 06:00:00+00:00,1.34293,1.34348,1.34225,1.34311,1712.0
1767594600,2026-01-05 06:30:00+00:00,1.34311,1.34374,1.34284,1.34363,1724.67
1767596400,2026-01-05 07:00:00+00:00,1.34356,1.34362,1.34221,1.34242,1745.2
1767598200,2026-01-05 07:30:00+00:00,1.34242,1.34342,1.34233,1.34235,1672.83
1767600000,2026-01-05 08:00:00+00:00,1.34243,1.34389,1.34201,1.34236,1723.56
1767601800,2026-01-05 08:30:00+00:00,1.34236,1.34318,1.3423,1.34255,1730.93
1767603600,2026-01-05 09:00:00+00:00,1.34273,1.34348,1.34235,1.34341,1734.1
1767605400,2026-01-05 09:30:00+00:00,1.34341,1.34436,1.34275,1.34436,1711.85
1767607200,2026-01-05 10:00:00+00:00,1.34427,1.34532,1.34412,1.3452,1725.58
1767609000,2026-01-05 10:30:00+00:00,1.3452,1.34644,1.34483,1.34631,1741.3
1767610800,2026-01-05 11:00:00+00:00,1.34624,1.34682,1.34619,1.34652,1743.47
1767612600,2026-01-05 11:30:00+00:00,1.34652,1.34707,1.34588,1.34599,1696.29
1767614400,2026-01-05 12:00:00+00:00,1.34586,1.34744,1.34554,1.34639,1722.34
1767616200,2026-01-05 12:30:00+00:00,1.34639,1.34693,1.34541,1.34564,1718.1200000000001
1767618000,2026-01-05 13:00:00+00:00,1.34557,1.34557,1.34261,1.34332,1735.81
1767619800,2026-01-05 13:30:00+00:00,1.34332,1.34557,1.34282,1.3453,1843.71
1767621600,2026-01-05 14:00:00+00:00,1.34526,1.34714,1.34526,1.34688,1709.99
1767623400,2026-01-05 14:30:00+00:00,1.34688,1.34753,1.34627,1.34733,1700.65
1767625200,2026-01-05 15:00:00+00:00,1.34756,1.35005,1.34742,1.34958,1775.77
1767627000,2026-01-05 15:30:00+00:00,1.34958,1.3504,1.3477,1.35031,1719.87
1767628800,2026-01-05 16:00:00+00:00,1.35051,1.35248,1.35048,1.35081,1734.55
1767630600,2026-01-05 16:30:00+00:00,1.35081,1.35248,1.35042,1.35247,1725.0
1767632400,2026-01-05 17:00:00+00:00,1.35265,1.35314,1.35263,1.35313,1764.02
1767634200,2026-01-05 17:30:00+00:00,1.35313,1.35382,1.35302,1.35333,1756.48
1767636000,2026-01-05 18:00:00+00:00,1.35311,1.35332,1.35302,1.35318,1740.31
1767637800,2026-01-05 18:30:00+00:00,1.35318,1.35395,1.35314,1.35395,1721.6100000000001
1767639600,2026-01-05 19:00:00+00:00,1.35411,1.35425,1.35364,1.35416,1717.74
1767641400,2026-01-05 19:30:00+00:00,1.35416,1.35455,1.3536,1.35435,1753.1299999999999
1767643200,2026-01-05 20:00:00+00:00,1.35437,1.3547,1.35433,1.35435,1678.5
1767645000,2026-01-05 20:30:00+00:00,1.35435,1.35449,1.35428,1.35443,1760.96
1767646800,2026-01-05 21:00:00+00:00,1.35435,1.35485,1.35403,1.35404,1704.14
1767648600,2026-01-05 21:30:00+00:00,1.35404,1.35478,1.35402,1.35424,1729.94
1767650400,2026-01-05 22:00:00+00:00,1.35406,1.35426,1.354,1.3541,1772.57
1767652200,2026-01-05 22:30:00+00:00,1.3541,1.35437,1.35404,1.35417,1802.82
1767654000,2026-01-05 23:00:00+00:00,1.35411,1.35413,1.35377,1.35383,1717.96
1767655800,2026-01-05 23:30:00+00:00,1.35383,1.35391,1.35329,1.35329,1745.99
1767657600,2026-01-06 00:00:00+00:00,1.35355,1.35362,1.35344,1.3536,1744.44
1767659400,2026-01-06 00:30:00+00:00,1.3536,1.35362,1.35291,1.35362,1724.34
1767661200,2026-01-06 01:00:00+00:00,1.35375,1.35468,1.35374,1.35467,1734.49
1767663000,2026-01-06 01:30:00+00:00,1.35467,1.35468,1.35323,1.35468,1742.8
1767664800,2026-01-06 02:00:00+00:00,1.35465,1.35571,1.35428,1.35505,1742.58
1767666600,2026-01-06 02:30:00+00:00,1.35505,1.35571,1.35438,1.35571,1761.75
1767668400,2026-01-06 03:00:00+00:00,1.3556,1.35623,1.35518,1.35562,1746.29
1767670200,2026-01-06 03:30:00+00:00,1.35562,1.35617,1.35557,1.35595,1832.91
1767672000,2026-01-06 04:00:00+00:00,1.3561,1.35624,1.35582,1.3559,1704.67
1767673800,2026-01-06 04:30:00+00:00,1.3559,1.35595,1.35545,1.35562,1748.97
1767675600,2026-01-06 05:00:00+00:00,1.35553,1.35577,1.35477,1.35479,1719.02
1767677400,2026-01-06 05:30:00+00:00,1.35479,1.35539,1.35472,1.35498,1802.09
1767679200,2026-01-06 06:00:00+00:00,1.35492,1.35568,1.35492,1.3555,1776.45
1767681000,2026-01-06 06:30:00+00:00,1.3555,1.35582,1.35538,1.35566,1709.36
1767682800,2026-01-06 07:00:00+00:00,1.35621,1.35678,1.35479,1.3552,1714.98
1767684600,2026-01-06 07:30:00+00:00,1.3552,1.35583,1.35479,1.35503,1746.66
1767686400,2026-01-06 08:00:00+00:00,1.35501,1.35665,1.35501,1.35551,1719.85
1767688200,2026-01-06 08:30:00+00:00,1.35551,1.3556,1.35501,1.35556,1749.12
1767690000,2026-01-06 09:00:00+00:00,1.35542,1.35542,1.35375,1.35399,1717.99
1767691800,2026-01-06 09:30:00+00:00,1.35399,1.3546,1.35375,1.35375,1774.91
1767693600,2026-01-06 10:00:00+00:00,1.35367,1.35393,1.35353,1.3539,1756.18
1767695400,2026-01-06 10:30:00+00:00,1.3539,1.35393,1.35311,1.35334,1724.2
1767697200,2026-01-06 11:00:00+00:00,1.35303,1.3534,1.35239,1.35286,1712.82
1767699000,2026-01-06 11:30:00+00:00,1.35286,1.35293,1.35186,1.3521,1732.13
1767700800,2026-01-06 12:00:00+00:00,1.35241,1.35248,1.35097,1.35201,1695.87
1767702600,2026-01-06 12:30:00+00:00,1.35201,1.35294,1.35119,1.35126,1713.2
1767704400,2026-01-06 13:00:00+00:00,1.35106,1.35243,1.35075,1.35215,1757.01
1767706200,2026-01-06 13:30:00+00:00,1.35215,1.35243,1.35091,1.35243,1724.79
1767708000,2026-01-06 14:00:00+00:00,1.3525,1.35342,1.35164,1.3527,1712.5
1767709800,2026-01-06 14:30:00+00:00,1.3527,1.35311,1.35197,1.35269,1706.1200000000001
1767711600,2026-01-06 15:00:00+00:00,1.35258,1.35258,1.34981,1.35172,1701.1200000000001
1767713400,2026-01-06 15:30:00+00:00,1.35172,1.35205,1.34953,1.3508,1711.79
1767715200,2026-01-06 16:00:00+00:00,1.35093,1.35093,1.34988,1.35039,1775.15
1767717000,2026-01-06 16:30:00+00:00,1.35039,1.35093,1.34935,1.34969,1717.02
1767718800,2026-01-06 17:00:00+00:00,1.34966,1.35014,1.34942,1.34977,1752.7
1767720600,2026-01-06 17:30:00+00:00,1.34977,1.35106,1.34969,1.35106,1672.67
1767722400,2026-01-06 18:00:00+00:00,1.35121,1.35121,1.35071,1.35076,1745.5
1767724200,2026-01-06 18:30:00+00:00,1.35076,1.3511,1.34989,1.34991,1720.84
1767726000,2026-01-06 19:00:00+00:00,1.34991,1.35007,1.34944,1.34958,1762.56
1767727800,2026-01-06 19:30:00+00:00,1.34958,1.35007,1.34929,1.35007,1731.27
1767729600,2026-01-06 20:00:00+00:00,1.35027,1.35058,1.35016,1.3504,1720.46
1767731400,2026-01-06 20:30:00+00:00,1.3504,1.35041,1.35009,1.35009,1751.02
1767733200,2026-01-06 21:00:00+00:00,1.34986,1.35029,1.34982,1.34995,1745.73
1767735000,2026-01-06 21:30:00+00:00,1.34995,1.35018,1.34982,1.35017,1753.3400000000001
1767736800,2026-01-06 22:00:00+00:00,1.35062,1.35066,1.35038,1.35045,1751.73
1767738600,2026-01-06 22:30:00+00:00,1.35045,1.3506,1.34964,1.35009,1748.14
1767740400,2026-01-06 23:00:00+00:00,1.3502,1.35027,1.34996,1.35016,1800.89
1767742200,2026-01-06 23:30:00+00:00,1.35016,1.35038,1.35004,1.35006,1732.81
1767744000,2026-01-07 00:00:00+00:00,1.35031,1.35038,1.34989,1.35024,1788.7
1767745800,2026-01-07 00:30:00+00:00,1.35024,1.35053,1.3501,1.35024,1765.17
1767747600,2026-01-07 01:00:00+00:00,1.35042,1.35069,1.35024,1.35026,1746.7
1767749400,2026-01-07 01:30:00+00:00,1.35026,1.35102,1.35011,1.35064,1744.8799999999999
1767751200,2026-01-07 02:00:00+00:00,1.35077,1.35139,1.35077,1.3513,1758.98
1767753000,2026-01-07 02:30:00+00:00,1.3513,1.3513,1.35077,1.35106,1745.61
1767754800,2026-01-07 03:00:00+00:00,1.35121,1.35134,1.35113,1.35119,1722.6200000000001
1767756600,2026-01-07 03:30:00+00:00,1.35119,1.35172,1.35113,1.35152,1731.53
1767758400,2026-01-07 04:00:00+00:00,1.35144,1.35166,1.35072,1.35146,1765.58
1767760200,2026-01-07 04:30:00+00:00,1.35146,1.35156,1.35048,1.35057,1723.14
1767762000,2026-01-07 05:00:00+00:00,1.35058,1.35099,1.3504,1.35084,1733.29
1767763800,2026-01-07 05:30:00+00:00,1.35084,1.35094,1.35042,1.35084,1749.86
1767765600,2026-01-07 06:00:00+00:00,1.35093,1.35172,1.35044,1.35164,1728.01
1767767400,2026-01-07 06:30:00+00:00,1.35164,1.35172,1.35074,1.35139,1775.8600000000001
1767769200,2026-01-07 07:00:00+00:00,1.35144,1.35166,1.35066,1.35112,1748.23
1767771000,2026-01-07 07:30:00+00:00,1.35112,1.35159,1.34924,1.34931,1740.4
1767772800,2026-01-07 08:00:00+00:00,1.34907,1.34967,1.34862,1.34913,1712.57
1767774600,2026-01-07 08:30:00+00:00,1.34913,1.3498,1.34863,1.34971,1774.33
1767776400,2026-01-07 09:00:00+00:00,1.34969,1.34982,1.34901,1.34905,1729.33
1767778200,2026-01-07 09:30:00+00:00,1.34905,1.34974,1.34869,1.34947,1688.2
1767780000,2026-01-07 10:00:00+00:00,1.34949,1.35034,1.34949,1.35032,1730.79
1767781800,2026-01-07 10:30:00+00:00,1.35032,1.35044,1.3496,1.34982,1692.8
1767783600,2026-01-07 11:00:00+00:00,1.34986,1.35058,1.34936,1.35033,1803.94
1767785400,2026-01-07 11:30:00+00:00,1.35033,1.35058,1.34981,1.35011,1765.55
1767787200,2026-01-07 12:00:00+00:00,1.35018,1.35019,1.34908,1.34926,1693.43
1767789000,2026-01-07 12:30:00+00:00,1.34926,1.35026,1.34869,1.34924,1752.58
1767790800,2026-01-07 13:00:00+00:00,1.349,1.35,1.34842,1.34915,1735.27
1767792600,2026-01-07 13:30:00+00:00,1.34915,1.34991,1.34857,1.34951,1759.71
1767794400,2026-01-07 14:00:00+00:00,1.34964,1.35009,1.34844,1.34998,1785.35
1767796200,2026-01-07 14:30:00+00:00,1.34998,1.35009,1.34965,1.35009,1719.96
1767798000,2026-01-07 15:00:00+00:00,1.34896,1.34926,1.34752,1.34901,1745.83
1767799800,2026-01-07 15:30:00+00:00,1.34901,1.34971,1.3474,1.34807,1761.82
1767801600,2026-01-07 16:00:00+00:00,1.34842,1.34856,1.34725,1.34732,1718.43
1767803400,2026-01-07 16:30:00+00:00,1.34732,1.34774,1.347,1.34716,1769.0
1767805200,2026-01-07 17:00:00+00:00,1.34745,1.34789,1.34714,1.34759,1773.58
1767807000,2026-01-07 17:30:00+00:00,1.34759,1.34784,1.34702,1.34742,1741.93
1767808800,2026-01-07 18:00:00+00:00,1.34702,1.34736,1.34691,1.34718,1756.06
1767810600,2026-01-07 18:30:00+00:00,1.34718,1.34727,1.34693,1.34702,1755.7
1767812400,2026-01-07 19:00:00+00:00,1.34704,1.34707,1.34651,1.3468,1687.78
1767814200,2026-01-07 19:30:00+00:00,1.3468,1.34695,1.34629,1.3466,1736.0
1767816000,2026-01-07 20:00:00+00:00,1.34651,1.34682,1.34628,1.34647,1738.92
1767817800,2026-01-07 20:30:00+00:00,1.34647,1.34672,1.34628,1.34638,1750.59
1767819600,2026-01-07 21:00:00+00:00,1.34628,1.34631,1.34613,1.34624,1703.46
1767821400,2026-01-07 21:30:00+00:00,1.34624,1.34624,1.34579,1.34584,1729.18
1767823200,2026-01-07 22:00:00+00:00,1.34618,1.34638,1.346,1.34628,1740.16
1767825000,2026-01-07 22:30:00+00:00,1.34628,1.34638,1.34595,1.34608,1762.92
1767826800,2026-01-07 23:00:00+00:00,1.34586,1.34597,1.34561,1.34596,1683.69
1767828600,2026-01-07 23:30:00+00:00,1.34596,1.34597,1.34581,1.3459,1765.17
1767830400,2026-01-08 00:00:00+00:00,1.34588,1.34609,1.3457,1.34574,1682.31
1767832200,2026-01-08 00:30:00+00:00,1.34574,1.34592,1.3457,1.3459,1750.91
1767834000,2026-01-08 01:00:00+00:00,1.3458,1.34611,1.34537,1.34608,1701.88
1767835800,2026-01-08 01:30:00+00:00,1.34608,1.34611,1.34559,1.34562,1738.64
1767837600,2026-01-08 02:00:00+00:00,1.34571,1.34575,1.34515,1.34537,1714.8
1767839400,2026-01-08 02:30:00+00:00,1.34537,1.34593,1.3453,1.3458,1741.2
1767841200,2026-01-08 03:00:00+00:00,1.34573,1.34625,1.34573,1.34586,1732.13
1767843000,2026-01-08 03:30:00+00:00,1.34586,1.3466,1.34579,1.34638,1696.74
1767844800,2026-01-08 04:00:00+00:00,1.34631,1.34638,1.34615,1.34619,1725.56
1767846600,2026-01-08 04:30:00+00:00,1.34619,1.34622,1.34591,1.34608,1719.06
1767848400,2026-01-08 05:00:00+00:00,1.34608,1.34608,1.34601,1.34605,1762.49
1767850200,2026-01-08 05:30:00+00:00,1.34605,1.34607,1.34532,1.34591,1791.05
1767852000,2026-01-08 06:00:00+00:00,1.34586,1.34618,1.34528,1.34605,1704.99
1767853800,2026-01-08 06:30:00+00:00,1.34605,1.34615,1.34564,1.34602,1725.6
1767855600,2026-01-08 07:00:00+00:00,1.34602,1.34602,1.34556,1.3457,1781.61
1767857400,2026-01-08 07:30:00+00:00,1.3457,1.3457,1.34472,1.34472,1706.3700000000001
1767859200,2026-01-08 08:00:00+00:00,1.34439,1.34461,1.34402,1.34428,1756.83
1767861000,2026-01-08 08:30:00+00:00,1.34428,1.34457,1.34363,1.34391,1757.48
1767862800,2026-01-08 09:00:00+00:00,1.34382,1.34383,1.3434,1.34377,1775.72
1767864600,2026-01-08 09:30:00+00:00,1.34377,1.34457,1.34348,1.34385,1745.77
1767866400,2026-01-08 10:00:00+00:00,1.344,1.34465,1.34362,1.3441,1763.83
1767868200,2026-01-08 10:30:00+00:00,1.3441,1.34475,1.34395,1.34475,1737.46
1767870000,2026-01-08 11:00:00+00:00,1.34475,1.34508,1.34475,1.34494,1754.15
1767871800,2026-01-08 11:30:00+00:00,1.34494,1.34506,1.34448,1.34454,1689.86
1767873600,2026-01-08 12:00:00+00:00,1.34454,1.34468,1.34441,1.34461,1721.08
1767875400,2026-01-08 12:30:00+00:00,1.34461,1.34477,1.34382,1.34382,1726.6799999999998
1767877200,2026-01-08 13:00:00+00:00,1.34405,1.34475,1.34167,1.34332,1756.74
1767879000,2026-01-08 13:30:00+00:00,1.34332,1.34401,1.34201,1.34243,1773.77
1767880800,2026-01-08 14:00:00+00:00,1.34225,1.34334,1.34194,1.3432,1750.8700000000001
1767882600,2026-01-08 14:30:00+00:00,1.3432,1.34358,1.34317,1.34358,1693.19
1767884400,2026-01-08 15:00:00+00:00,1.34329,1.34449,1.34277,1.34377,1753.08
1767886200,2026-01-08 15:30:00+00:00,1.34377,1.34463,1.34357,1.34418,1800.24
1767888000,2026-01-08 16:00:00+00:00,1.3441,1.34436,1.34297,1.34436,1765.96
1767889800,2026-01-08 16:30:00+00:00,1.34436,1.34436,1.34297,1.34315,1753.21
1767891600,2026-01-08 17:00:00+00:00,1.34309,1.34362,1.34268,1.34322,1721.6
1767893400,2026-01-08 17:30:00+00:00,1.34322,1.34363,1.3427,1.34362,1699.93
1767895200,2026-01-08 18:00:00+00:00,1.34372,1.34372,1.34302,1.34331,1771.57
1767897000,2026-01-08 18:30:00+00:00,1.34331,1.34346,1.3423,1.34235,1704.8600000000001
1767898800,2026-01-08 19:00:00+00:00,1.34221,1.34267,1.34205,1.3426,1760.47
1767900600,2026-01-08 19:30:00+00:00,1.3426,1.34315,1.34249,1.34315,1732.99
1767902400,2026-01-08 20:00:00+00:00,1.34315,1.34327,1.34315,1.34319,1753.79
1767904200,2026-01-08 20:30:00+00:00,1.34319,1.34382,1.34316,1.34371,1697.96
1767906000,2026-01-08 21:00:00+00:00,1.34374,1.34454,1.3437,1.34388,1722.86
1767907800,2026-01-08 21:30:00+00:00,1.34388,1.34438,1.34365,1.34392,1768.25
1767909600,2026-01-08 22:00:00+00:00,1.34376,1.34377,1.34291,1.34336,1687.69
1767911400,2026-01-08 22:30:00+00:00,1.34336,1.34418,1.34335,1.34369,1790.72
1767913200,2026-01-08 23:00:00+00:00,1.34374,1.34414,1.34347,1.34352,1730.94
1767915000,2026-01-08 23:30:00+00:00,1.34352,1.34409,1.34347,1.34362,1732.26
1767916800,2026-01-09 00:00:00+00:00,1.34369,1.34372,1.34352,1.3436,1748.75
1767918600,2026-01-09 00:30:00+00:00,1.3436,1.3437,1.34322,1.34331,1796.77
1767920400,2026-01-09 01:00:00+00:00,1.34335,1.3436,1.34287,1.34294,1715.99
1767922200,2026-01-09 01:30:00+00:00,1.34294,1.34348,1.3427,1.34288,1824.23
1767924000,2026-01-09 02:00:00+00:00,1.34297,1.34333,1.3425,1.34327,1780.16
1767925800,2026-01-09 02:30:00+00:00,1.34327,1.34333,1.34317,1.34329,1742.27
1767927600,2026-01-09 03:00:00+00:00,1.34335,1.34358,1.34313,1.34358,1731.64
1767929400,2026-01-09 03:30:00+00:00,1.34358,1.34378,1.34343,1.34372,1701.9
1767931200,2026-01-09 04:00:00+00:00,1.34369,1.34371,1.34322,1.34354,1776.29
1767933000,2026-01-09 04:30:00+00:00,1.34354,1.34372,1.34344,1.34362,1692.43
1767934800,2026-01-09 05:00:00+00:00,1.34365,1.34382,1.34308,1.34309,1729.72
1767936600,2026-01-09 05:30:00+00:00,1.34309,1.34368,1.34282,1.34309,1725.1
1767938400,2026-01-09 06:00:00+00:00,1.34297,1.34327,1.34292,1.34311,1762.76
1767940200,2026-01-09 06:30:00+00:00,1.34311,1.34322,1.34257,1.34282,1724.6100000000001
1767942000,2026-01-09 07:00:00+00:00,1.34264,1.34295,1.34156,1.34194,1759.01
1767943800,2026-01-09 07:30:00+00:00,1.34194,1.34295,1.34185,1.34295,1753.04
1767945600,2026-01-09 08:00:00+00:00,1.34304,1.34333,1.34189,1.34284,1729.17
1767947400,2026-01-09 08:30:00+00:00,1.34284,1.34328,1.34127,1.34154,1774.57
1767949200,2026-01-09 09:00:00+00:00,1.34162,1.34203,1.34157,1.34173,1774.54
1767951000,2026-01-09 09:30:00+00:00,1.34173,1.34184,1.34057,1.34108,1727.62
1767952800,2026-01-09 10:00:00+00:00,1.34115,1.34131,1.34085,1.34128,1739.3
1767954600,2026-01-09 10:30:00+00:00,1.34128,1.3413,1.34048,1.34091,1681.51
1767956400,2026-01-09 11:00:00+00:00,1.34088,1.34129,1.34057,1.34116,1745.71
1767958200,2026-01-09 11:30:00+00:00,1.34116,1.34133,1.34091,1.34129,1807.61
1767960000,2026-01-09 12:00:00+00:00,1.34122,1.34151,1.34102,1.34118,1727.17
1767961800,2026-01-09 12:30:00+00:00,1.34118,1.34198,1.34117,1.34198,1725.31
1767963600,2026-01-09 13:00:00+00:00,1.34208,1.34512,1.34151,1.34159,1731.02
1767965400,2026-01-09 13:30:00+00:00,1.34159,1.34431,1.34151,1.34338,1773.36
1767967200,2026-01-09 14:00:00+00:00,1.34391,1.34414,1.34203,1.34234,1733.78
1767969000,2026-01-09 14:30:00+00:00,1.34234,1.34263,1.34072,1.34126,1777.2
1767970800,2026-01-09 15:00:00+00:00,1.3414,1.3419,1.33995,1.34184,1722.9
1767972600,2026-01-09 15:30:00+00:00,1.34184,1.3419,1.33935,1.3419,1740.22
1767974400,2026-01-09 16:00:00+00:00,1.34185,1.34221,1.34055,1.34145,1747.42
1767976200,2026-01-09 16:30:00+00:00,1.34145,1.34206,1.341,1.34113,1775.82
1767978000,2026-01-09 17:00:00+00:00,1.34102,1.34104,1.34007,1.34091,1799.26
1767979800,2026-01-09 17:30:00+00:00,1.34091,1.34104,1.34031,1.34037,1693.21
1767981600,2026-01-09 18:00:00+00:00,1.34032,1.34149,1.34003,1.34034,1831.32
1767983400,2026-01-09 18:30:00+00:00,1.34034,1.34062,1.3401,1.34059,1698.32
1767985200,2026-01-09 19:00:00+00:00,1.34055,1.34103,1.34041,1.34102,1780.79
1767987000,2026-01-09 19:30:00+00:00,1.34102,1.3412,1.34065,1.34075,1755.6200000000001
1767988800,2026-01-09 20:00:00+00:00,1.34084,1.34099,1.34061,1.3408,1715.94
1767990600,2026-01-09 20:30:00+00:00,1.3408,1.34096,1.34069,1.34072,1761.7
1767992400,2026-01-09 21:00:00+00:00,1.34072,1.34095,1.33971,1.3407,1760.5
1767994200,2026-01-09 21:30:00+00:00,1.3407,1.34092,1.33971,1.34039,1744.32
1767996000,2026-01-09 22:00:00+00:00,1.34045,1.34045,1.34045,1.34045,1792.04
1767997800,2026-01-09 22:30:00+00:00,1.34045,1.34045,1.34045,1.34045,1762.03
1768176000,2026-01-12 00:00:00+00:00,1.33923,1.34314,1.33923,1.34277,1741.93
1768177800,2026-01-12 00:30:00+00:00,1.34277,1.34356,1.34227,1.34356,1760.33
1768179600,2026-01-12 01:00:00+00:00,1.34365,1.34407,1.34305,1.34332,1733.15
1768181400,2026-01-12 01:30:00+00:00,1.34332,1.34334,1.34279,1.34291,1719.41
1768183200,2026-01-12 02:00:00+00:00,1.34282,1.34323,1.34277,1.34309,1767.17
1768185000,2026-01-12 02:30:00+00:00,1.34309,1.34342,1.34243,1.34243,1727.54
1768186800,2026-01-12 03:00:00+00:00,1.34237,1.34282,1.34218,1.34222,1708.46
1768188600,2026-01-12 03:30:00+00:00,1.34222,1.34224,1.34214,1.34214,1729.8600000000001
1768190400,2026-01-12 04:00:00+00:00,1.34205,1.34211,1.34172,1.34198,1749.9
1768192200,2026-01-12 04:30:00+00:00,1.34198,1.34241,1.34197,1.34217,1707.45
1768194000,2026-01-12 05:00:00+00:00,1.34232,1.34351,1.34228,1.343,1703.45
1768195800,2026-01-12 05:30:00+00:00,1.343,1.34365,1.3428,1.3434,1707.98
1768197600,2026-01-12 06:00:00+00:00,1.34342,1.34365,1.34319,1.34341,1676.62
1768199400,2026-01-12 06:30:00+00:00,1.34341,1.34414,1.34302,1.34392,1755.87
1768201200,2026-01-12 07:00:00+00:00,1.34369,1.34419,1.34349,1.34415,1677.28
1768203000,2026-01-12 07:30:00+00:00,1.34415,1.3447,1.34406,1.34448,1771.19
1768204800,2026-01-12 08:00:00+00:00,1.34447,1.34608,1.34447,1.34592,1712.58
1768206600,2026-01-12 08:30:00+00:00,1.34592,1.34608,1.34504,1.34571,1665.41
1768208400,2026-01-12 09:00:00+00:00,1.34568,1.34654,1.3455,1.34621,1729.08
1768210200,2026-01-12 09:30:00+00:00,1.34621,1.34693,1.3451,1.34539,1715.45
1768212000,2026-01-12 10:00:00+00:00,1.34551,1.34709,1.3449,1.34687,1746.18
1768213800,2026-01-12 10:30:00+00:00,1.34687,1.34713,1.34551,1.34711,1783.3700000000001
1768215600,2026-01-12 11:00:00+00:00,1.34709,1.34755,1.34651,1.34656,1720.8
1768217400,2026-01-12 11:30:00+00:00,1.34656,1.34681,1.34557,1.34593,1704.85
1768219200,2026-01-12 12:00:00+00:00,1.34591,1.34733,1.34591,1.34733,1757.99
1768221000,2026-01-12 12:30:00+00:00,1.34733,1.34733,1.34634,1.34655,1769.8999999999999
1768222800,2026-01-12 13:00:00+00:00,1.34658,1.34762,1.34631,1.34757,1811.8899999999999
1768224600,2026-01-12 13:30:00+00:00,1.34757,1.34862,1.34711,1.34798,1740.34
1768226400,2026-01-12 14:00:00+00:00,1.34818,1.34833,1.34765,1.34784,1713.27
1768228200,2026-01-12 14:30:00+00:00,1.34784,1.34795,1.34646,1.34731,1743.76
1768230000,2026-01-12 15:00:00+00:00,1.3474,1.348,1.34691,1.3471,1711.64
1768231800,2026-01-12 15:30:00+00:00,1.3471,1.34763,1.34701,1.3476,1705.68
1768233600,2026-01-12 16:00:00+00:00,1.34764,1.34767,1.34735,1.34755,1754.25
1768235400,2026-01-12 16:30:00+00:00,1.34755,1.34761,1.34658,1.34658,1708.24
1768237200,2026-01-12 17:00:00+00:00,1.34642,1.34643,1.34559,1.34571,1775.15
1768239000,2026-01-12 17:30:00+00:00,1.34571,1.34716,1.34561,1.34647,1704.3
1768240800,2026-01-12 18:00:00+00:00,1.34646,1.34646,1.346,1.34602,1786.49
1768242600,2026-01-12 18:30:00+00:00,1.34602,1.34612,1.3458,1.3459,1690.31
1768244400,2026-01-12 19:00:00+00:00,1.34595,1.34649,1.34579,1.34647,1773.28
1768246200,2026-01-12 19:30:00+00:00,1.34647,1.34667,1.34603,1.34667,1753.29
1768248000,2026-01-12 20:00:00+00:00,1.34662,1.34695,1.34651,1.34689,1750.51
1768249800,2026-01-12 20:30:00+00:00,1.34689,1.3469,1.34629,1.34633,1756.79
1768251600,2026-01-12 21:00:00+00:00,1.34642,1.34671,1.34627,1.34635,1757.24
1768253400,2026-01-12 21:30:00+00:00,1.34635,1.34706,1.34626,1.34671,1779.1
1768255200,2026-01-12 22:00:00+00:00,1.34666,1.34678,1.34664,1.34677,1736.02
1768257000,2026-01-12 22:30:00+00:00,1.34677,1.34678,1.34626,1.34647,1798.71
1768258800,2026-01-12 23:00:00+00:00,1.34642,1.34657,1.34637,1.34655,1729.21
1768260600,2026-01-12 23:30:00+00:00,1.34655,1.3468,1.34637,1.34655,1745.93
1768262400,2026-01-13 00:00:00+00:00,1.34666,1.34738,1.34631,1.34733,1753.46
1768264200,2026-01-13 00:30:00+00:00,1.34733,1.3474,1.34723,1.3474,1765.73
1768266000,2026-01-13 01:00:00+00:00,1.3476,1.34773,1.34703,1.34713,1722.07
1768267800,2026-01-13 01:30:00+00:00,1.34713,1.34715,1.34682,1.34707,1835.96
1768269600,2026-01-13 02:00:00+00:00,1.34702,1.34758,1.34702,1.34718,1742.66
1768271400,2026-01-13 02:30:00+00:00,1.34718,1.34764,1.34712,1.34733,1751.28
1768273200,2026-01-13 03:00:00+00:00,1.34735,1.34772,1.34702,1.34769,1744.68
1768275000,2026-01-13 03:30:00+00:00,1.34769,1.34789,1.34702,1.34711,1695.29
1768276800,2026-01-13 04:00:00+00:00,1.34706,1.34736,1.34706,1.34707,1722.82
1768278600,2026-01-13 04:30:00+00:00,1.34707,1.34775,1.34706,1.34735,1703.71
1768280400,2026-01-13 05:00:00+00:00,1.34742,1.34771,1.34724,1.34746,1783.1
1768282200,2026-01-13 05:30:00+00:00,1.34746,1.34749,1.34716,1.34716,1768.47
1768284000,2026-01-13 06:00:00+00:00,1.34724,1.34727,1.3472,1.34727,1700.6
1768285800,2026-01-13 06:30:00+00:00,1.34727,1.34727,1.34651,1.34727,1744.16
1768287600,2026-01-13 07:00:00+00:00,1.34735,1.34735,1.34643,1.34672,1748.93
1768289400,2026-01-13 07:30:00+00:00,1.34672,1.34735,1.34633,1.34689,1721.31
1768291200,2026-01-13 08:00:00+00:00,1.34662,1.34694,1.34644,1.34691,1769.9
1768293000,2026-01-13 08:30:00+00:00,1.34691,1.34773,1.34691,1.34764,1747.23
1768294800,2026-01-13 09:00:00+00:00,1.34765,1.34836,1.34747,1.34836,1748.81
1768296600,2026-01-13 09:30:00+00:00,1.34836,1.34856,1.34804,1.34807,1713.83
1768298400,2026-01-13 10:00:00+00:00,1.34824,1.34833,1.34731,1.34742,1703.09
1768300200,2026-01-13 10:30:00+00:00,1.34742,1.34767,1.34702,1.34733,1725.17
1768302000,2026-01-13 11:00:00+00:00,1.34718,1.3474,1.34706,1.34727,1771.87
1768303800,2026-01-13 11:30:00+00:00,1.34727,1.34733,1.34677,1.34715,1778.66
1768305600,2026-01-13 12:00:00+00:00,1.34729,1.34733,1.34626,1.34628,1705.17
1768307400,2026-01-13 12:30:00+00:00,1.34628,1.34658,1.34593,1.34635,1685.67
1768309200,2026-01-13 13:00:00+00:00,1.346,1.34945,1.34593,1.34771,1756.58
1768311000,2026-01-13 13:30:00+00:00,1.34771,1.3486,1.34555,1.3476,1703.4
1768312800,2026-01-13 14:00:00+00:00,1.34755,1.34755,1.34665,1.34704,1723.16
1768314600,2026-01-13 14:30:00+00:00,1.34704,1.34704,1.34539,1.346,1721.51
1768316400,2026-01-13 15:00:00+00:00,1.34591,1.34591,1.34499,1.34547,1722.24
1768318200,2026-01-13 15:30:00+00:00,1.34547,1.34553,1.3436,1.3436,1750.41
1768320000,2026-01-13 16:00:00+00:00,1.34423,1.34438,1.34329,1.34332,1741.69
1768321800,2026-01-13 16:30:00+00:00,1.34332,1.3442,1.34261,1.34335,1743.3
1768323600,2026-01-13 17:00:00+00:00,1.34351,1.34372,1.34348,1.34363,1717.81
1768325400,2026-01-13 17:30:00+00:00,1.34363,1.34367,1.34282,1.34331,1731.22
1768327200,2026-01-13 18:00:00+00:00,1.34333,1.34379,1.34253,1.34316,1746.67
1768329000,2026-01-13 18:30:00+00:00,1.34316,1.34416,1.34288,1.34401,1730.78
1768330800,2026-01-13 19:00:00+00:00,1.34405,1.34405,1.34286,1.34317,1717.03
1768332600,2026-01-13 19:30:00+00:00,1.34317,1.3437,1.34292,1.34363,1725.08
1768334400,2026-01-13 20:00:00+00:00,1.34353,1.34363,1.34306,1.34315,1764.16
1768336200,2026-01-13 20:30:00+00:00,1.34315,1.34354,1.34298,1.34326,1801.92
1768338000,2026-01-13 21:00:00+00:00,1.34309,1.34315,1.34228,1.34241,1734.16
1768339800,2026-01-13 21:30:00+00:00,1.34241,1.34246,1.34228,1.34228,1730.04
1768341600,2026-01-13 22:00:00+00:00,1.34176,1.34291,1.34176,1.34182,1762.13
1768343400,2026-01-13 22:30:00+00:00,1.34182,1.34274,1.34178,1.34255,1718.9
1768345200,2026-01-13 23:00:00+00:00,1.34253,1.34286,1.34246,1.34253,1681.72
1768347000,2026-01-13 23:30:00+00:00,1.34253,1.34278,1.34243,1.34262,1719.17
1768348800,2026-01-14 00:00:00+00:00,1.34262,1.34271,1.34226,1.34233,1756.8899999999999
1768350600,2026-01-14 00:30:00+00:00,1.34233,1.34264,1.34219,1.34261,1729.55
1768352400,2026-01-14 01:00:00+00:00,1.34273,1.34273,1.34253,1.34257,1804.55
1768354200,2026-01-14 01:30:00+00:00,1.34257,1.34263,1.34201,1.34234,1768.63
1768356000,2026-01-14 02:00:00+00:00,1.34234,1.34316,1.34219,1.34256,1745.85
1768357800,2026-01-14 02:30:00+00:00,1.34256,1.34367,1.34253,1.34362,1785.4
1768359600,2026-01-14 03:00:00+00:00,1.34369,1.34477,1.34369,1.3446,1745.96
1768361400,2026-01-14 03:30:00+00:00,1.3446,1.34469,1.34435,1.34459,1719.31
1768363200,2026-01-14 04:00:00+00:00,1.34454,1.34465,1.34441,1.34445,1715.36
1768365000,2026-01-14 04:30:00+00:00,1.34445,1.3445,1.34401,1.34401,1721.38
1768366800,2026-01-14 05:00:00+00:00,1.34403,1.34418,1.34365,1.34401,1761.26
1768368600,2026-01-14 05:30:00+00:00,1.34401,1.34406,1.3436,1.34363,1766.01
1768370400,2026-01-14 06:00:00+00:00,1.3436,1.34466,1.34353,1.34371,1764.58
1768372200,2026-01-14 06:30:00+00:00,1.34371,1.34483,1.3436,1.34483,1790.61
1768374000,2026-01-14 07:00:00+00:00,1.34475,1.34494,1.34395,1.34461,1742.6299999999999
1768375800,2026-01-14 07:30:00+00:00,1.34461,1.34476,1.34382,1.34394,1745.0
1768377600,2026-01-14 08:00:00+00:00,1.34396,1.34439,1.34382,1.34382,1743.92
1768379400,2026-01-14 08:30:00+00:00,1.34382,1.34492,1.34382,1.34486,1743.0
1768381200,2026-01-14 09:00:00+00:00,1.34504,1.34548,1.34485,1.34546,1703.74
1768383000,2026-01-14 09:30:00+00:00,1.34546,1.34584,1.34544,1.3458,1767.37
1768384800,2026-01-14 10:00:00+00:00,1.34557,1.34582,1.34554,1.34562,1786.14
1768386600,2026-01-14 10:30:00+00:00,1.34562,1.34571,1.34517,1.34544,1753.19
1768388400,2026-01-14 11:00:00+00:00,1.34544,1.34544,1.34465,1.34521,1698.46
1768390200,2026-01-14 11:30:00+00:00,1.34521,1.34544,1.3448,1.3449,1745.15
1768392000,2026-01-14 12:00:00+00:00,1.34495,1.3451,1.3443,1.34478,1742.88
1768393800,2026-01-14 12:30:00+00:00,1.34478,1.34555,1.34465,1.34513,1706.32
1768395600,2026-01-14 13:00:00+00:00,1.34526,1.34526,1.34403,1.3445,1701.3
1768397400,2026-01-14 13:30:00+00:00,1.3445,1.345,1.3441,1.34456,1720.35
1768399200,2026-01-14 14:00:00+00:00,1.34456,1.34553,1.34453,1.34468,1760.52
1768401000,2026-01-14 14:30:00+00:00,1.34468,1.34637,1.34447,1.34566,1719.63
1768402800,2026-01-14 15:00:00+00:00,1.34537,1.34572,1.34456,1.34568,1718.21
1768404600,2026-01-14 15:30:00+00:00,1.34568,1.34588,1.34559,1.34564,1721.42
1768406400,2026-01-14 16:00:00+00:00,1.34564,1.34586,1.34414,1.34486,1759.6599999999999
1768408200,2026-01-14 16:30:00+00:00,1.34486,1.34531,1.34429,1.34434,1718.1299999999999
1768410000,2026-01-14 17:00:00+00:00,1.34436,1.34438,1.34355,1.34415,1750.18
1768411800,2026-01-14 17:30:00+00:00,1.34415,1.34441,1.34309,1.34324,1732.72
1768413600,2026-01-14 18:00:00+00:00,1.34324,1.34326,1.34299,1.34305,1768.15
1768415400,2026-01-14 18:30:00+00:00,1.34305,1.34315,1.34284,1.34291,1740.86
1768417200,2026-01-14 19:00:00+00:00,1.34268,1.34333,1.34261,1.34262,1693.44
1768419000,2026-01-14 19:30:00+00:00,1.34262,1.34315,1.34259,1.34311,1732.26
1768420800,2026-01-14 20:00:00+00:00,1.34311,1.3441,1.34309,1.34391,1714.59
1768422600,2026-01-14 20:30:00+00:00,1.34391,1.34393,1.34309,1.3432,1732.92
1768424400,2026-01-14 21:00:00+00:00,1.34331,1.34483,1.34331,1.34471,1737.4
1768426200,2026-01-14 21:30:00+00:00,1.34471,1.34483,1.34388,1.34483,1795.77
1768428000,2026-01-14 22:00:00+00:00,1.34401,1.34457,1.344,1.34406,1793.3600000000001
1768429800,2026-01-14 22:30:00+00:00,1.34406,1.3443,1.34382,1.34387,1765.16
1768431600,2026-01-14 23:00:00+00:00,1.34376,1.34424,1.34376,1.3441,1721.52
1768433400,2026-01-14 23:30:00+00:00,1.3441,1.34438,1.34388,1.3441,1771.8700000000001
1768435200,2026-01-15 00:00:00+00:00,1.34405,1.34405,1.34317,1.34385,1734.96
1768437000,2026-01-15 00:30:00+00:00,1.34385,1.34405,1.3433,1.34363,1710.58
1768438800,2026-01-15 01:00:00+00:00,1.34374,1.34377,1.34289,1.34289,1784.13
1768440600,2026-01-15 01:30:00+00:00,1.34289,1.34385,1.34289,1.34362,1771.92
1768442400,2026-01-15 02:00:00+00:00,1.34351,1.34352,1.34306,1.34343,1743.17
1768444200,2026-01-15 02:30:00+00:00,1.34343,1.34353,1.34328,1.34342,1745.68
1768446000,2026-01-15 03:00:00+00:00,1.34336,1.34336,1.3431,1.34315,1799.36
1768447800,2026-01-15 03:30:00+00:00,1.34315,1.34326,1.34266,1.34275,1717.41
1768449600,2026-01-15 04:00:00+00:00,1.34286,1.34286,1.34251,1.34272,1817.86
1768451400,2026-01-15 04:30:00+00:00,1.34272,1.34284,1.34241,1.34252,1731.1299999999999
1768453200,2026-01-15 05:00:00+00:00,1.34243,1.34322,1.34241,1.34322,1723.07
1768455000,2026-01-15 05:30:00+00:00,1.34322,1.34322,1.34266,1.34268,1762.21
1768456800,2026-01-15 06:00:00+00:00,1.3428,1.34326,1.34275,1.34307,1713.07
1768458600,2026-01-15 06:30:00+00:00,1.34307,1.34333,1.34248,1.34282,1758.03
1768460400,2026-01-15 07:00:00+00:00,1.34336,1.34394,1.34291,1.34324,1729.43
1768462200,2026-01-15 07:30:00+00:00,1.34324,1.34369,1.34266,1.3434,1741.27
1768464000,2026-01-15 08:00:00+00:00,1.3434,1.34407,1.3428,1.34391,1731.98
1768465800,2026-01-15 08:30:00+00:00,1.34391,1.34434,1.34366,1.34401,1759.13
1768467600,2026-01-15 09:00:00+00:00,1.34394,1.34456,1.34377,1.34381,1752.35
1768469400,2026-01-15 09:30:00+00:00,1.34381,1.34385,1.34371,1.34371,1677.82
1768471200,2026-01-15 10:00:00+00:00,1.34378,1.34387,1.34242,1.34373,1738.1100000000001
1768473000,2026-01-15 10:30:00+00:00,1.34373,1.34391,1.34172,1.34223,1711.21
1768474800,2026-01-15 11:00:00+00:00,1.34217,1.34261,1.34186,1.34189,1720.85
1768476600,2026-01-15 11:30:00+00:00,1.34189,1.34275,1.3418,1.34185,1868.22
1768478400,2026-01-15 12:00:00+00:00,1.34185,1.3421,1.34025,1.34128,1716.43
1768480200,2026-01-15 12:30:00+00:00,1.34128,1.34155,1.34035,1.34037,1735.12
1768482000,2026-01-15 13:00:00+00:00,1.34043,1.34043,1.33809,1.33864,1743.89
1768483800,2026-01-15 13:30:00+00:00,1.33864,1.33932,1.33702,1.33702,1728.75
1768485600,2026-01-15 14:00:00+00:00,1.33733,1.33854,1.33723,1.3377,1723.35
1768487400,2026-01-15 14:30:00+00:00,1.3377,1.33792,1.33645,1.33708,1756.26
1768489200,2026-01-15 15:00:00+00:00,1.33724,1.33881,1.33708,1.33746,1770.46
1768491000,2026-01-15 15:30:00+00:00,1.33746,1.33868,1.33708,1.33851,1712.23
1768492800,2026-01-15 16:00:00+00:00,1.33865,1.33933,1.33841,1.33864,1790.92
1768494600,2026-01-15 16:30:00+00:00,1.33864,1.33869,1.33803,1.33863,1755.21
1768496400,2026-01-15 17:00:00+00:00,1.33854,1.33907,1.33828,1.33828,1729.43
1768498200,2026-01-15 17:30:00+00:00,1.33828,1.33932,1.33828,1.33858,1749.48
1768500000,2026-01-15 18:00:00+00:00,1.3388,1.33944,1.3388,1.33929,1721.08
1768501800,2026-01-15 18:30:00+00:00,1.33929,1.33938,1.33886,1.33897,1737.77
1768503600,2026-01-15 19:00:00+00:00,1.33915,1.33921,1.33872,1.33895,1751.19
1768505400,2026-01-15 19:30:00+00:00,1.33895,1.33896,1.33847,1.33854,1789.57
1768507200,2026-01-15 20:00:00+00:00,1.3386,1.3386,1.33751,1.33785,1704.54
1768509000,2026-01-15 20:30:00+00:00,1.33785,1.33828,1.33761,1.33765,1757.26
1768510800,2026-01-15 21:00:00+00:00,1.33761,1.33838,1.3376,1.33833,1748.91
1768512600,2026-01-15 21:30:00+00:00,1.33833,1.33838,1.33766,1.33817,1693.68
1768514400,2026-01-15 22:00:00+00:00,1.33803,1.33819,1.33761,1.33811,1706.37
1768516200,2026-01-15 22:30:00+00:00,1.33811,1.33829,1.33778,1.33795,1778.62
1768518000,2026-01-15 23:00:00+00:00,1.33811,1.33824,1.33794,1.33817,1733.58
1768519800,2026-01-15 23:30:00+00:00,1.33817,1.33824,1.33796,1.33815,1743.04
1768521600,2026-01-16 00:00:00+00:00,1.33815,1.33831,1.33751,1.33813,1707.86
1768523400,2026-01-16 00:30:00+00:00,1.33813,1.33831,1.33722,1.33765,1774.63
1768525200,2026-01-16 01:00:00+00:00,1.33763,1.33835,1.33761,1.33831,1737.31
1768527000,2026-01-16 01:30:00+00:00,1.33831,1.33838,1.33779,1.33799,1787.81
1768528800,2026-01-16 02:00:00+00:00,1.33804,1.33847,1.33794,1.33813,1781.8700000000001
1768530600,2026-01-16 02:30:00+00:00,1.33813,1.33881,1.33804,1.33842,1743.37
1768532400,2026-01-16 03:00:00+00:00,1.33849,1.33873,1.33833,1.33867,1791.33
1768534200,2026-01-16 03:30:00+00:00,1.33867,1.33905,1.33866,1.33901,1756.2
1768536000,2026-01-16 04:00:00+00:00,1.33912,1.33914,1.33887,1.33899,1725.43
1768537800,2026-01-16 04:30:00+00:00,1.33899,1.33915,1.33897,1.33899,1754.58
1768539600,2026-01-16 05:00:00+00:00,1.33894,1.33899,1.33846,1.33855,1765.89
1768541400,2026-01-16 05:30:00+00:00,1.33855,1.33876,1.33822,1.33837,1746.06
1768543200,2026-01-16 06:00:00+00:00,1.33833,1.3384,1.33779,1.33814,1785.93
1768545000,2026-01-16 06:30:00+00:00,1.33814,1.33819,1.33787,1.33808,1744.84
1768546800,2026-01-16 07:00:00+00:00,1.33808,1.3384,1.33797,1.33833,1738.5
1768548600,2026-01-16 07:30:00+00:00,1.33833,1.33926,1.3382,1.33892,1755.45
1768550400,2026-01-16 08:00:00+00:00,1.33915,1.33962,1.33903,1.33955,1762.91
1768552200,2026-01-16 08:30:00+00:00,1.33955,1.33982,1.33933,1.33935,1758.5
1768554000,2026-01-16 09:00:00+00:00,1.33933,1.34055,1.33928,1.33999,1712.93
1768555800,2026-01-16 09:30:00+00:00,1.33999,1.3402,1.33921,1.33984,1649.35
1768557600,2026-01-16 10:00:00+00:00,1.33976,1.34126,1.33976,1.34053,1787.75
1768559400,2026-01-16 10:30:00+00:00,1.34053,1.34115,1.33976,1.34072,1766.29
1768561200,2026-01-16 11:00:00+00:00,1.34061,1.34093,1.34061,1.34061,1729.46
1768563000,2026-01-16 11:30:00+00:00,1.34061,1.34126,1.34061,1.34082,1759.16
1768564800,2026-01-16 12:00:00+00:00,1.34082,1.34091,1.34063,1.34072,1788.56
1768566600,2026-01-16 12:30:00+00:00,1.34072,1.34082,1.33951,1.34016,1739.19
1768568400,2026-01-16 13:00:00+00:00,1.34007,1.34067,1.33896,1.34016,1741.15
1768570200,2026-01-16 13:30:00+00:00,1.34016,1.34077,1.33985,1.34046,1717.52
1768572000,2026-01-16 14:00:00+00:00,1.34032,1.34052,1.33958,1.3399,1702.23
1768573800,2026-01-16 14:30:00+00:00,1.3399,1.34052,1.33979,1.33996,1735.44
1768575600,2026-01-16 15:00:00+00:00,1.34039,1.34039,1.33686,1.33741,1709.19
1768577400,2026-01-16 15:30:00+00:00,1.33741,1.33815,1.33705,1.33777,1752.35
1768579200,2026-01-16 16:00:00+00:00,1.33788,1.33897,1.33785,1.3379,1803.75
1768581000,2026-01-16 16:30:00+00:00,1.3379,1.33806,1.33785,1.33801,1796.73
1768582800,2026-01-16 17:00:00+00:00,1.3382,1.33834,1.33781,1.338,1766.08
1768584600,2026-01-16 17:30:00+00:00,1.338,1.33863,1.33791,1.33794,1709.07
1768586400,2026-01-16 18:00:00+00:00,1.33788,1.33792,1.33745,1.33782,1744.01
1768588200,2026-01-16 18:30:00+00:00,1.33782,1.33872,1.3378,1.33819,1727.39
1768590000,2026-01-16 19:00:00+00:00,1.3381,1.33845,1.33767,1.33793,1693.65
1768591800,2026-01-16 19:30:00+00:00,1.33793,1.33854,1.33765,1.33819,1782.19
1768593600,2026-01-16 20:00:00+00:00,1.33822,1.33824,1.33803,1.3381,1719.06
1768595400,2026-01-16 20:30:00+00:00,1.3381,1.33867,1.33803,1.33811,1750.22
1768597200,2026-01-16 21:00:00+00:00,1.33804,1.33805,1.33754,1.33767,1812.34
1768599000,2026-01-16 21:30:00+00:00,1.33767,1.33833,1.3376,1.33774,1760.73
1768600800,2026-01-16 22:00:00+00:00,1.33777,1.33777,1.33777,1.33777,1702.51
1768602600,2026-01-16 22:30:00+00:00,1.33777,1.33777,1.33777,1.33777,1721.16
1768780800,2026-01-19 00:00:00+00:00,1.34041,1.34084,1.3386,1.33946,1749.74
1768782600,2026-01-19 00:30:00+00:00,1.33946,1.34091,1.33899,1.34021,1747.21
1768784400,2026-01-19 01:00:00+00:00,1.34018,1.34021,1.33923,1.33942,1778.26
1768786200,2026-01-19 01:30:00+00:00,1.33942,1.34014,1.33923,1.33923,1695.9
1768788000,2026-01-19 02:00:00+00:00,1.33912,1.33923,1.33823,1.33903,1682.1299999999999
1768789800,2026-01-19 02:30:00+00:00,1.33903,1.33924,1.33819,1.33865,1707.83
1768791600,2026-01-19 03:00:00+00:00,1.33874,1.33915,1.33865,1.33885,1732.1
1768793400,2026-01-19 03:30:00+00:00,1.33885,1.33923,1.33883,1.3389,1783.66
1768795200,2026-01-19 04:00:00+00:00,1.33899,1.33966,1.33892,1.33945,1768.53
1768797000,2026-01-19 04:30:00+00:00,1.33945,1.33964,1.33926,1.33955,1756.99
1768798800,2026-01-19 05:00:00+00:00,1.33967,1.34018,1.33942,1.33942,1741.99
1768800600,2026-01-19 05:30:00+00:00,1.33942,1.34059,1.33942,1.33951,1752.16
1768802400,2026-01-19 06:00:00+00:00,1.33953,1.34014,1.33953,1.33969,1716.22
1768804200,2026-01-19 06:30:00+00:00,1.33969,1.33996,1.33969,1.33991,1754.58
1768806000,2026-01-19 07:00:00+00:00,1.33973,1.34104,1.33911,1.33955,1711.03
1768807800,2026-01-19 07:30:00+00:00,1.33955,1.34104,1.33849,1.33896,1758.83
1768809600,2026-01-19 08:00:00+00:00,1.33912,1.33986,1.3389,1.33984,1758.82
1768811400,2026-01-19 08:30:00+00:00,1.33984,1.3409,1.33927,1.3409,1757.0
1768813200,2026-01-19 09:00:00+00:00,1.34097,1.34151,1.33919,1.33933,1732.0
1768815000,2026-01-19 09:30:00+00:00,1.33933,1.34107,1.33926,1.34061,1707.1200000000001
1768816800,2026-01-19 10:00:00+00:00,1.34072,1.34106,1.34061,1.34099,1747.98
1768818600,2026-01-19 10:30:00+00:00,1.34099,1.34136,1.34086,1.34106,1738.02
1768820400,2026-01-19 11:00:00+00:00,1.34109,1.34109,1.3405,1.3405,1704.76
1768822200,2026-01-19 11:30:00+00:00,1.3405,1.34092,1.34028,1.3409,1733.85
1768824000,2026-01-19 12:00:00+00:00,1.34066,1.34086,1.34061,1.34064,1727.72
1768825800,2026-01-19 12:30:00+00:00,1.34064,1.34144,1.34061,1.34079,1710.41
1768827600,2026-01-19 13:00:00+00:00,1.3407,1.34139,1.3407,1.34135,1704.51
1768829400,2026-01-19 13:30:00+00:00,1.34135,1.34169,1.34104,1.34136,1778.47
1768831200,2026-01-19 14:00:00+00:00,1.34135,1.34186,1.34113,1.3417,1753.55
1768833000,2026-01-19 14:30:00+00:00,1.3417,1.34237,1.34163,1.34205,1765.8899999999999
1768834800,2026-01-19 15:00:00+00:00,1.34214,1.34258,1.34194,1.34199,1727.58
1768836600,2026-01-19 15:30:00+00:00,1.34199,1.34298,1.34194,1.34225,1714.65
1768838400,2026-01-19 16:00:00+00:00,1.34221,1.34326,1.3421,1.34282,1709.1299999999999
1768840200,2026-01-19 16:30:00+00:00,1.34282,1.34336,1.34225,1.34279,1733.93
1768842000,2026-01-19 17:00:00+00:00,1.34289,1.34332,1.34268,1.34321,1798.12
1768843800,2026-01-19 17:30:00+00:00,1.34321,1.34344,1.34306,1.3432,1722.91
1768845600,2026-01-19 18:00:00+00:00,1.3432,1.34338,1.34287,1.34325,1754.21
1768847400,2026-01-19 18:30:00+00:00,1.34325,1.3433,1.3427,1.3427,1701.1
1768849200,2026-01-19 19:00:00+00:00,1.34271,1.343,1.34262,1.34265,1775.9
1768851000,2026-01-19 19:30:00+00:00,1.34265,1.34289,1.34257,1.34266,1715.55
1768852800,2026-01-19 20:00:00+00:00,1.34264,1.34278,1.34255,1.34264,1693.83
1768854600,2026-01-19 20:30:00+00:00,1.34264,1.34288,1.34256,1.34284,1778.19
1768856400,2026-01-19 21:00:00+00:00,1.34279,1.34297,1.34263,1.34284,1681.35
1768858200,2026-01-19 21:30:00+00:00,1.34284,1.34294,1.34241,1.34261,1721.64
1768860000,2026-01-19 22:00:00+00:00,1.34178,1.34308,1.34178,1.34308,1709.39
1768861800,2026-01-19 22:30:00+00:00,1.34308,1.34308,1.3423,1.34262,1703.45
1768863600,2026-01-19 23:00:00+00:00,1.34257,1.34257,1.34218,1.34228,1661.2
1768865400,2026-01-19 23:30:00+00:00,1.34228,1.34257,1.34172,1.34183,1783.59
1768867200,2026-01-20 00:00:00+00:00,1.34194,1.34197,1.34111,1.34173,1728.17
1768869000,2026-01-20 00:30:00+00:00,1.34173,1.34205,1.3417,1.34205,1736.31
1768870800,2026-01-20 01:00:00+00:00,1.34208,1.34218,1.34169,1.34211,1790.7
1768872600,2026-01-20 01:30:00+00:00,1.34211,1.34243,1.34209,1.34243,1671.46
1768874400,2026-01-20 02:00:00+00:00,1.34253,1.34289,1.34251,1.34263,1689.07
1768876200,2026-01-20 02:30:00+00:00,1.34263,1.34289,1.34201,1.34252,1720.08
1768878000,2026-01-20 03:00:00+00:00,1.34244,1.34271,1.34237,1.34255,1736.72
1768879800,2026-01-20 03:30:00+00:00,1.34255,1.34401,1.34242,1.34353,1716.25
1768881600,2026-01-20 04:00:00+00:00,1.34356,1.34413,1.34356,1.34412,1743.75
1768883400,2026-01-20 04:30:00+00:00,1.34412,1.3443,1.344,1.34421,1733.61
1768885200,2026-01-20 05:00:00+00:00,1.34412,1.34429,1.34412,1.34412,1771.93
1768887000,2026-01-20 05:30:00+00:00,1.34412,1.34499,1.34412,1.34425,1777.63
1768888800,2026-01-20 06:00:00+00:00,1.3441,1.34439,1.34358,1.34373,1727.12
1768890600,2026-01-20 06:30:00+00:00,1.34373,1.34375,1.34322,1.34353,1744.74
1768892400,2026-01-20 07:00:00+00:00,1.34326,1.34831,1.34268,1.3471,1671.5
1768894200,2026-01-20 07:30:00+00:00,1.3471,1.34831,1.3451,1.34758,1720.13
1768896000,2026-01-20 08:00:00+00:00,1.34789,1.34888,1.34758,1.34865,1721.3
1768897800,2026-01-20 08:30:00+00:00,1.34865,1.34918,1.3479,1.348,1767.84
1768899600,2026-01-20 09:00:00+00:00,1.3482,1.34882,1.34755,1.34764,1771.65
1768901400,2026-01-20 09:30:00+00:00,1.34764,1.34782,1.3472,1.34742,1745.13
1768903200,2026-01-20 10:00:00+00:00,1.34773,1.34834,1.3468,1.34718,1709.51
1768905000,2026-01-20 10:30:00+00:00,1.34718,1.34847,1.34695,1.34805,1768.6000000000001
1768906800,2026-01-20 11:00:00+00:00,1.34804,1.34831,1.34604,1.34653,1722.6
1768908600,2026-01-20 11:30:00+00:00,1.34653,1.34792,1.34619,1.34631,1731.29
1768910400,2026-01-20 12:00:00+00:00,1.34635,1.34658,1.34412,1.34447,1728.17
1768912200,2026-01-20 12:30:00+00:00,1.34447,1.34621,1.34412,1.34474,1687.31
1768914000,2026-01-20 13:00:00+00:00,1.34485,1.34643,1.34418,1.34642,1689.42
1768915800,2026-01-20 13:30:00+00:00,1.34642,1.34778,1.34484,1.34526,1727.8700000000001
1768917600,2026-01-20 14:00:00+00:00,1.3453,1.34631,1.34476,1.34568,1747.77
1768919400,2026-01-20 14:30:00+00:00,1.34568,1.34581,1.34412,1.34566,1704.96
1768921200,2026-01-20 15:00:00+00:00,1.34548,1.34771,1.34548,1.34559,1764.42
1768923000,2026-01-20 15:30:00+00:00,1.34559,1.3464,1.34548,1.34593,1692.58
1768924800,2026-01-20 16:00:00+00:00,1.3458,1.34709,1.34551,1.34702,1737.83
1768926600,2026-01-20 16:30:00+00:00,1.34702,1.34709,1.34667,1.34709,1811.04
1768928400,2026-01-20 17:00:00+00:00,1.34691,1.34753,1.34575,1.34575,1667.15
1768930200,2026-01-20 17:30:00+00:00,1.34575,1.34648,1.34575,1.34579,1771.13
1768932000,2026-01-20 18:00:00+00:00,1.3457,1.34573,1.34465,1.34504,1767.84
1768933800,2026-01-20 18:30:00+00:00,1.34504,1.34555,1.34439,1.34447,1752.18
1768935600,2026-01-20 19:00:00+00:00,1.34459,1.34459,1.34287,1.34378,1786.0
1768937400,2026-01-20 19:30:00+00:00,1.34378,1.34446,1.34279,1.3428,1677.05
1768939200,2026-01-20 20:00:00+00:00,1.3427,1.34295,1.34261,1.34291,1725.34
1768941000,2026-01-20 20:30:00+00:00,1.34291,1.3436,1.34285,1.34329,1742.16
1768942800,2026-01-20 21:00:00+00:00,1.34333,1.34432,1.34333,1.34371,1697.43
1768944600,2026-01-20 21:30:00+00:00,1.34371,1.34429,1.34333,1.34423,1706.54
1768946400,2026-01-20 22:00:00+00:00,1.34457,1.34473,1.34383,1.34444,1683.07
1768948200,2026-01-20 22:30:00+00:00,1.34444,1.34508,1.34398,1.34457,1717.8
1768950000,2026-01-20 23:00:00+00:00,1.3443,1.3443,1.344,1.34414,1729.59
1768951800,2026-01-20 23:30:00+00:00,1.34414,1.34432,1.34407,1.34409,1745.55
1768953600,2026-01-21 00:00:00+00:00,1.34387,1.34389,1.34338,1.34378,1716.29
1768955400,2026-01-21 00:30:00+00:00,1.34378,1.34418,1.34364,1.34418,1749.73
1768957200,2026-01-21 01:00:00+00:00,1.34428,1.34543,1.34396,1.3449,1732.09
1768959000,2026-01-21 01:30:00+00:00,1.3449,1.3457,1.34396,1.3451,1773.52
1768960800,2026-01-21 02:00:00+00:00,1.34521,1.3455,1.34482,1.34504,1751.42
1768962600,2026-01-21 02:30:00+00:00,1.34504,1.34523,1.34443,1.34443,1739.67
1768964400,2026-01-21 03:00:00+00:00,1.34463,1.34463,1.34347,1.34437,1792.81
1768966200,2026-01-21 03:30:00+00:00,1.34437,1.34452,1.34369,1.34405,1812.62
1768968000,2026-01-21 04:00:00+00:00,1.34403,1.34403,1.3434,1.34362,1755.61
1768969800,2026-01-21 04:30:00+00:00,1.34362,1.34402,1.34353,1.34385,1752.73
1768971600,2026-01-21 05:00:00+00:00,1.34378,1.34401,1.34363,1.3437,1780.09
1768973400,2026-01-21 05:30:00+00:00,1.3437,1.34401,1.34369,1.34376,1724.01
1768975200,2026-01-21 06:00:00+00:00,1.34376,1.34428,1.3436,1.34386,1672.78
1768977000,2026-01-21 06:30:00+00:00,1.34386,1.34421,1.34381,1.34385,1775.03
1768978800,2026-01-21 07:00:00+00:00,1.34311,1.34494,1.34311,1.34484,1731.68
1768980600,2026-01-21 07:30:00+00:00,1.34484,1.34494,1.34311,1.34428,1716.09
1768982400,2026-01-21 08:00:00+00:00,1.3443,1.34432,1.3434,1.34409,1755.62
1768984200,2026-01-21 08:30:00+00:00,1.34409,1.3447,1.34386,1.34403,1730.93
1768986000,2026-01-21 09:00:00+00:00,1.34376,1.34387,1.34148,1.34216,1706.83
1768987800,2026-01-21 09:30:00+00:00,1.34216,1.34219,1.34102,1.34111,1723.17
1768989600,2026-01-21 10:00:00+00:00,1.34113,1.34149,1.34041,1.34111,1740.3
1768991400,2026-01-21 10:30:00+00:00,1.34111,1.3414,1.34043,1.34079,1727.72
1768993200,2026-01-21 11:00:00+00:00,1.34061,1.34201,1.3406,1.34201,1810.1499999999999
1768995000,2026-01-21 11:30:00+00:00,1.34201,1.34201,1.34027,1.34104,1725.78
1768996800,2026-01-21 12:00:00+00:00,1.34073,1.34184,1.34054,1.34113,1729.18
1768998600,2026-01-21 12:30:00+00:00,1.34113,1.34262,1.34107,1.34253,1777.17
1769000400,2026-01-21 13:00:00+00:00,1.34248,1.34436,1.34136,1.34291,1744.8799999999999
1769002200,2026-01-21 13:30:00+00:00,1.34291,1.34436,1.3415,1.34409,1754.6
1769004000,2026-01-21 14:00:00+00:00,1.34234,1.34557,1.34234,1.3454,1716.6
1769005800,2026-01-21 14:30:00+00:00,1.3454,1.34557,1.34482,1.34521,1742.71
1769007600,2026-01-21 15:00:00+00:00,1.3453,1.34582,1.34435,1.34451,1732.37
1769009400,2026-01-21 15:30:00+00:00,1.34451,1.34458,1.34277,1.34277,1754.68
1769011200,2026-01-21 16:00:00+00:00,1.34273,1.34369,1.3427,1.34303,1756.91
1769013000,2026-01-21 16:30:00+00:00,1.34303,1.34412,1.3427,1.34279,1746.98
1769014800,2026-01-21 17:00:00+00:00,1.34286,1.34343,1.34181,1.34329,1725.99
1769016600,2026-01-21 17:30:00+00:00,1.34329,1.3438,1.34265,1.34289,1706.54
1769018400,2026-01-21 18:00:00+00:00,1.34271,1.34273,1.34235,1.34236,1753.64
1769020200,2026-01-21 18:30:00+00:00,1.34236,1.34248,1.34201,1.34219,1724.16
1769022000,2026-01-21 19:00:00+00:00,1.34219,1.343,1.34173,1.34279,1786.79
1769023800,2026-01-21 19:30:00+00:00,1.34279,1.34304,1.34106,1.3419,1769.17
1769025600,2026-01-21 20:00:00+00:00,1.34232,1.34254,1.3414,1.34219,1748.56
1769027400,2026-01-21 20:30:00+00:00,1.34219,1.34266,1.34181,1.34266,1698.41
1769029200,2026-01-21 21:00:00+00:00,1.34261,1.34308,1.34239,1.34307,1690.32
1769031000,2026-01-21 21:30:00+00:00,1.34307,1.34326,1.34294,1.34297,1731.1
1769032800,2026-01-21 22:00:00+00:00,1.34297,1.34326,1.34237,1.3431,1785.66
1769034600,2026-01-21 22:30:00+00:00,1.3431,1.34326,1.34271,1.34315,1784.6
1769036400,2026-01-21 23:00:00+00:00,1.34289,1.34293,1.34207,1.3425,1764.32
1769038200,2026-01-21 23:30:00+00:00,1.3425,1.34311,1.34189,1.34189,1759.06
1769040000,2026-01-22 00:00:00+00:00,1.34185,1.34282,1.34185,1.34197,1746.2
1769041800,2026-01-22 00:30:00+00:00,1.34197,1.34311,1.34196,1.34298,1738.28
1769043600,2026-01-22 01:00:00+00:00,1.34286,1.34317,1.34253,1.34312,1704.72
1769045400,2026-01-22 01:30:00+00:00,1.34312,1.34322,1.34277,1.34309,1731.81
1769047200,2026-01-22 02:00:00+00:00,1.34308,1.34351,1.34234,1.34319,1739.12
1769049000,2026-01-22 02:30:00+00:00,1.34319,1.34342,1.34252,1.34259,1764.25
1769050800,2026-01-22 03:00:00+00:00,1.34268,1.34301,1.34264,1.3428,1711.41
1769052600,2026-01-22 03:30:00+00:00,1.3428,1.34333,1.34272,1.34326,1748.58
1769054400,2026-01-22 04:00:00+00:00,1.34329,1.34398,1.3431,1.34317,1748.05
1769056200,2026-01-22 04:30:00+00:00,1.34317,1.34326,1.34308,1.34322,1717.29
1769058000,2026-01-22 05:00:00+00:00,1.34308,1.34308,1.34232,1.34285,1742.29
1769059800,2026-01-22 05:30:00+00:00,1.34285,1.34304,1.34284,1.34291,1743.7
1769061600,2026-01-22 06:00:00+00:00,1.34293,1.34293,1.34278,1.34285,1733.99
1769063400,2026-01-22 06:30:00+00:00,1.34285,1.34292,1.34212,1.34262,1769.3
1769065200,2026-01-22 07:00:00+00:00,1.34279,1.34381,1.34275,1.34367,1732.99
1769067000,2026-01-22 07:30:00+00:00,1.34367,1.34382,1.34241,1.34349,1714.99
1769068800,2026-01-22 08:00:00+00:00,1.34318,1.34318,1.34127,1.3416,1803.98
1769070600,2026-01-22 08:30:00+00:00,1.3416,1.34235,1.34109,1.34199,1708.03
1769072400,2026-01-22 09:00:00+00:00,1.34178,1.34307,1.34178,1.34302,1795.15
1769074200,2026-01-22 09:30:00+00:00,1.34302,1.34459,1.34278,1.34443,1708.29
1769076000,2026-01-22 10:00:00+00:00,1.34463,1.34505,1.34371,1.34496,1701.8
1769077800,2026-01-22 10:30:00+00:00,1.34496,1.34508,1.34398,1.34477,1764.44
1769079600,2026-01-22 11:00:00+00:00,1.34479,1.3453,1.34332,1.34507,1696.57
1769081400,2026-01-22 11:30:00+00:00,1.34507,1.3453,1.34037,1.34255,1700.57
1769083200,2026-01-22 12:00:00+00:00,1.34198,1.34332,1.34189,1.34332,1718.85
1769085000,2026-01-22 12:30:00+00:00,1.34332,1.34353,1.34199,1.34264,1766.04
1769086800,2026-01-22 13:00:00+00:00,1.34268,1.34367,1.34138,1.3416,1834.78
1769088600,2026-01-22 13:30:00+00:00,1.3416,1.34253,1.34152,1.34212,1703.92
1769090400,2026-01-22 14:00:00+00:00,1.34232,1.3441,1.34232,1.34348,1747.23
1769092200,2026-01-22 14:30:00+00:00,1.34348,1.34519,1.34299,1.34474,1723.22
1769094000,2026-01-22 15:00:00+00:00,1.3449,1.34578,1.34477,1.34492,1691.3
1769095800,2026-01-22 15:30:00+00:00,1.34492,1.34831,1.34477,1.34776,1813.43
1769097600,2026-01-22 16:00:00+00:00,1.34784,1.34989,1.34784,1.34979,1721.64
1769099400,2026-01-22 16:30:00+00:00,1.34979,1.34989,1.34881,1.349,1694.53
1769101200,2026-01-22 17:00:00+00:00,1.34893,1.34948,1.34825,1.34944,1750.6200000000001
1769103000,2026-01-22 17:30:00+00:00,1.34944,1.34958,1.34909,1.34933,1767.8600000000001
1769104800,2026-01-22 18:00:00+00:00,1.3492,1.34948,1.34918,1.34945,1756.18
1769106600,2026-01-22 18:30:00+00:00,1.34945,1.35024,1.34942,1.34995,1687.27
1769108400,2026-01-22 19:00:00+00:00,1.35,1.35,1.34869,1.34923,1775.09
1769110200,2026-01-22 19:30:00+00:00,1.34923,1.34944,1.34886,1.34916,1754.48
1769112000,2026-01-22 20:00:00+00:00,1.34905,1.35035,1.34895,1.34917,1746.05
1769113800,2026-01-22 20:30:00+00:00,1.34917,1.34983,1.34895,1.34982,1704.51
1769115600,2026-01-22 21:00:00+00:00,1.34969,1.35075,1.34969,1.35022,1700.21
1769117400,2026-01-22 21:30:00+00:00,1.35022,1.35052,1.35008,1.35031,1765.34
1769119200,2026-01-22 22:00:00+00:00,1.34966,1.35007,1.34936,1.34983,1719.73
1769121000,2026-01-22 22:30:00+00:00,1.34983,1.35044,1.34982,1.35033,1747.19
1769122800,2026-01-22 23:00:00+00:00,1.35049,1.35071,1.35029,1.35062,1842.33
1769124600,2026-01-22 23:30:00+00:00,1.35062,1.35071,1.34995,1.35,1759.47
1769126400,2026-01-23 00:00:00+00:00,1.35002,1.35002,1.34953,1.34953,1704.6399999999999
1769128200,2026-01-23 00:30:00+00:00,1.34953,1.3498,1.34953,1.34962,1715.13
1769130000,2026-01-23 01:00:00+00:00,1.34971,1.35044,1.34966,1.34968,1792.18
1769131800,2026-01-23 01:30:00+00:00,1.34968,1.3502,1.34966,1.34982,1762.74
1769133600,2026-01-23 02:00:00+00:00,1.34982,1.34982,1.34931,1.34966,1710.51
1769135400,2026-01-23 02:30:00+00:00,1.34966,1.34982,1.34936,1.34938,1721.68
1769137200,2026-01-23 03:00:00+00:00,1.34935,1.34955,1.34896,1.34906,1732.9
1769139000,2026-01-23 03:30:00+00:00,1.34906,1.3494,1.34895,1.34913,1789.26
1769140800,2026-01-23 04:00:00+00:00,1.34922,1.34945,1.34902,1.34942,1799.25
1769142600,2026-01-23 04:30:00+00:00,1.34942,1.34982,1.34938,1.34971,1745.73
1769144400,2026-01-23 05:00:00+00:00,1.34993,1.35009,1.3498,1.34981,1765.05
1769146200,2026-01-23 05:30:00+00:00,1.34981,1.35008,1.34964,1.34986,1753.43
1769148000,2026-01-23 06:00:00+00:00,1.34975,1.34995,1.34939,1.34949,1715.44
1769149800,2026-01-23 06:30:00+00:00,1.34949,1.34963,1.34838,1.34838,1721.64
1769151600,2026-01-23 07:00:00+00:00,1.34933,1.34938,1.34878,1.34879,1725.6200000000001
1769153400,2026-01-23 07:30:00+00:00,1.34879,1.35075,1.34878,1.34933,1753.5
1769155200,2026-01-23 08:00:00+00:00,1.34842,1.35024,1.34842,1.3502,1775.83
1769157000,2026-01-23 08:30:00+00:00,1.3502,1.35024,1.34997,1.3502,1710.06
1769158800,2026-01-23 09:00:00+00:00,1.35007,1.35168,1.35,1.35142,1750.06
1769160600,2026-01-23 09:30:00+00:00,1.35142,1.35344,1.35098,1.35294,1757.58
1769162400,2026-01-23 10:00:00+00:00,1.35296,1.35327,1.35232,1.35322,1779.87
1769164200,2026-01-23 10:30:00+00:00,1.35322,1.3536,1.35232,1.35261,1819.8
1769166000,2026-01-23 11:00:00+00:00,1.35269,1.35322,1.35216,1.35254,1723.92
1769167800,2026-01-23 11:30:00+00:00,1.35254,1.35259,1.35155,1.35195,1735.88
1769169600,2026-01-23 12:00:00+00:00,1.35195,1.35316,1.35195,1.35286,1756.93
1769171400,2026-01-23 12:30:00+00:00,1.35286,1.35307,1.35236,1.35278,1705.44
1769173200,2026-01-23 13:00:00+00:00,1.35302,1.35351,1.35258,1.35279,1693.89
1769175000,2026-01-23 13:30:00+00:00,1.35279,1.35326,1.35258,1.35261,1714.06
1769176800,2026-01-23 14:00:00+00:00,1.35254,1.35378,1.35217,1.35341,1759.04
1769178600,2026-01-23 14:30:00+00:00,1.35341,1.35378,1.35312,1.35378,1856.83
1769180400,2026-01-23 15:00:00+00:00,1.35369,1.35616,1.35366,1.35445,1714.24
1769182200,2026-01-23 15:30:00+00:00,1.35445,1.35674,1.3544,1.35656,1761.53
1769184000,2026-01-23 16:00:00+00:00,1.35645,1.35962,1.35615,1.35621,1724.2
1769185800,2026-01-23 16:30:00+00:00,1.35621,1.35973,1.35615,1.3589,1704.96
1769187600,2026-01-23 17:00:00+00:00,1.35879,1.36138,1.35879,1.3588,1779.7
1769189400,2026-01-23 17:30:00+00:00,1.3588,1.36216,1.35879,1.3609,1719.87
1769191200,2026-01-23 18:00:00+00:00,1.36053,1.36061,1.35945,1.3597,1740.49
1769193000,2026-01-23 18:30:00+00:00,1.3597,1.36091,1.3595,1.36056,1720.01
1769194800,2026-01-23 19:00:00+00:00,1.36067,1.36239,1.36067,1.36177,1736.16
1769196600,2026-01-23 19:30:00+00:00,1.36177,1.36281,1.36147,1.36255,1701.81
1769198400,2026-01-23 20:00:00+00:00,1.36242,1.36313,1.36227,1.36268,1762.06
1769200200,2026-01-23 20:30:00+00:00,1.36268,1.36381,1.3626,1.36381,1744.58
1769202000,2026-01-23 21:00:00+00:00,1.36379,1.36444,1.36357,1.36376,1727.9
1769203800,2026-01-23 21:30:00+00:00,1.36376,1.3645,1.36349,1.3645,1753.53
1769205600,2026-01-23 22:00:00+00:00,1.36455,1.36455,1.36455,1.36455,1773.01
1769207400,2026-01-23 22:30:00+00:00,1.36455,1.36455,1.36455,1.36455,1720.32
1769385600,2026-01-26 00:00:00+00:00,1.36569,1.36634,1.36454,1.3657,1743.21
1769387400,2026-01-26 00:30:00+00:00,1.3657,1.36677,1.36569,1.36677,1767.93
1769389200,2026-01-26 01:00:00+00:00,1.36709,1.36733,1.3661,1.36625,1714.92
1769391000,2026-01-26 01:30:00+00:00,1.36625,1.36686,1.36612,1.36616,1727.56
1769392800,2026-01-26 02:00:00+00:00,1.36599,1.36795,1.36599,1.36749,1715.8700000000001
1769394600,2026-01-26 02:30:00+00:00,1.36749,1.36795,1.36623,1.3669,1834.8700000000001
1769396400,2026-01-26 03:00:00+00:00,1.36677,1.36687,1.36607,1.36679,1714.51
1769398200,2026-01-26 03:30:00+00:00,1.36679,1.36687,1.3656,1.36608,1734.08
1769400000,2026-01-26 04:00:00+00:00,1.36595,1.36599,1.36545,1.36573,1754.65
1769401800,2026-01-26 04:30:00+00:00,1.36573,1.36668,1.36564,1.36605,1715.37
1769403600,2026-01-26 05:00:00+00:00,1.36614,1.36665,1.36595,1.36612,1751.3999999999999
1769405400,2026-01-26 05:30:00+00:00,1.36612,1.36692,1.36595,1.36674,1766.52
1769407200,2026-01-26 06:00:00+00:00,1.36666,1.36681,1.36615,1.36617,1752.37
1769409000,2026-01-26 06:30:00+00:00,1.36617,1.36619,1.36565,1.36565,1720.42
1769410800,2026-01-26 07:00:00+00:00,1.36582,1.36742,1.3647,1.36615,1734.6200000000001
1769412600,2026-01-26 07:30:00+00:00,1.36615,1.36758,1.3647,1.3647,1774.94
1769414400,2026-01-26 08:00:00+00:00,1.36515,1.36611,1.36446,1.36598,1747.88
1769416200,2026-01-26 08:30:00+00:00,1.36598,1.36661,1.36489,1.36619,1792.26
1769418000,2026-01-26 09:00:00+00:00,1.36655,1.36756,1.36591,1.36706,1777.73
1769419800,2026-01-26 09:30:00+00:00,1.36706,1.36767,1.36651,1.36726,1774.3
1769421600,2026-01-26 10:00:00+00:00,1.36717,1.36756,1.3669,1.36708,1696.02
1769423400,2026-01-26 10:30:00+00:00,1.36708,1.36724,1.36697,1.36722,1762.11
1769425200,2026-01-26 11:00:00+00:00,1.367,1.36739,1.36661,1.36667,1792.27
1769427000,2026-01-26 11:30:00+00:00,1.36667,1.36675,1.36659,1.36668,1776.8
1769428800,2026-01-26 12:00:00+00:00,1.36666,1.36732,1.36493,1.36581,1715.8
1769430600,2026-01-26 12:30:00+00:00,1.36581,1.36683,1.36517,1.36532,1728.59
1769432400,2026-01-26 13:00:00+00:00,1.36517,1.36619,1.36489,1.3659,1718.39
1769434200,2026-01-26 13:30:00+00:00,1.3659,1.36619,1.36448,1.36619,1763.59
1769436000,2026-01-26 14:00:00+00:00,1.36616,1.36798,1.36598,1.3678,1703.26
1769437800,2026-01-26 14:30:00+00:00,1.3678,1.36917,1.36591,1.36917,1811.24
1769439600,2026-01-26 15:00:00+00:00,1.36921,1.37125,1.369,1.37026,1704.19
1769441400,2026-01-26 15:30:00+00:00,1.37026,1.37089,1.369,1.37082,1765.28
1769443200,2026-01-26 16:00:00+00:00,1.3708,1.3711,1.37066,1.37083,1748.1
1769445000,2026-01-26 16:30:00+00:00,1.37083,1.37095,1.36956,1.36977,1772.23
1769446800,2026-01-26 17:00:00+00:00,1.36977,1.37031,1.36937,1.36945,1742.69
1769448600,2026-01-26 17:30:00+00:00,1.36945,1.37012,1.36868,1.36891,1710.86
1769450400,2026-01-26 18:00:00+00:00,1.36874,1.36966,1.36855,1.36944,1819.29
1769452200,2026-01-26 18:30:00+00:00,1.36944,1.37013,1.36876,1.36894,1706.67
1769454000,2026-01-26 19:00:00+00:00,1.36891,1.36891,1.36763,1.36797,1738.78
1769455800,2026-01-26 19:30:00+00:00,1.36797,1.36844,1.36777,1.36819,1687.45
1769457600,2026-01-26 20:00:00+00:00,1.36849,1.36864,1.36841,1.36845,1717.12
1769459400,2026-01-26 20:30:00+00:00,1.36845,1.36846,1.36795,1.36806,1688.19
1769461200,2026-01-26 21:00:00+00:00,1.36812,1.36826,1.36754,1.368,1753.85
1769463000,2026-01-26 21:30:00+00:00,1.368,1.3687,1.36766,1.36799,1770.13
1769464800,2026-01-26 22:00:00+00:00,1.36838,1.36838,1.36713,1.36713,1746.99
1769466600,2026-01-26 22:30:00+00:00,1.36713,1.36803,1.36713,1.36771,1748.5
1769468400,2026-01-26 23:00:00+00:00,1.36788,1.36803,1.36766,1.36766,1733.53
1769470200,2026-01-26 23:30:00+00:00,1.36766,1.36774,1.36758,1.36769,1735.81
1769472000,2026-01-27 00:00:00+00:00,1.36748,1.36818,1.36732,1.36756,1755.41
1769473800,2026-01-27 00:30:00+00:00,1.36756,1.36811,1.36732,1.36735,1783.06
1769475600,2026-01-27 01:00:00+00:00,1.36745,1.36829,1.36719,1.36732,1755.47
1769477400,2026-01-27 01:30:00+00:00,1.36732,1.36829,1.36713,1.36801,1710.31
1769479200,2026-01-27 02:00:00+00:00,1.36797,1.36848,1.3678,1.36829,1784.94
1769481000,2026-01-27 02:30:00+00:00,1.36829,1.37011,1.36818,1.36966,1715.43
1769482800,2026-01-27 03:00:00+00:00,1.36954,1.36954,1.36916,1.36917,1690.23
1769484600,2026-01-27 03:30:00+00:00,1.36917,1.36947,1.36833,1.36838,1714.9
1769486400,2026-01-27 04:00:00+00:00,1.3684,1.36868,1.3673,1.36773,1719.0
1769488200,2026-01-27 04:30:00+00:00,1.36773,1.36798,1.36735,1.36756,1714.67
1769490000,2026-01-27 05:00:00+00:00,1.36752,1.36819,1.3673,1.36809,1721.32
1769491800,2026-01-27 05:30:00+00:00,1.36809,1.36813,1.36759,1.36797,1760.21
1769493600,2026-01-27 06:00:00+00:00,1.36793,1.3681,1.36793,1.36808,1751.67
1769495400,2026-01-27 06:30:00+00:00,1.36808,1.36906,1.36804,1.36825,1761.67
1769497200,2026-01-27 07:00:00+00:00,1.36818,1.36904,1.36726,1.3677,1719.11
1769499000,2026-01-27 07:30:00+00:00,1.3677,1.36881,1.36726,1.36741,1685.37
1769500800,2026-01-27 08:00:00+00:00,1.36754,1.36771,1.36748,1.36769,1775.72
1769502600,2026-01-27 08:30:00+00:00,1.36769,1.36771,1.36649,1.36745,1725.41
1769504400,2026-01-27 09:00:00+00:00,1.36732,1.37001,1.36692,1.36952,1709.59
1769506200,2026-01-27 09:30:00+00:00,1.36952,1.37001,1.36732,1.37001,1767.04
1769508000,2026-01-27 10:00:00+00:00,1.36983,1.3701,1.36855,1.36927,1735.87
1769509800,2026-01-27 10:30:00+00:00,1.36927,1.37037,1.36849,1.37037,1729.52
1769511600,2026-01-27 11:00:00+00:00,1.37046,1.37079,1.37014,1.37029,1799.83
1769513400,2026-01-27 11:30:00+00:00,1.37029,1.37118,1.37014,1.37112,1747.91
1769515200,2026-01-27 12:00:00+00:00,1.37107,1.37235,1.37097,1.37136,1757.07
1769517000,2026-01-27 12:30:00+00:00,1.37136,1.37406,1.37097,1.37406,1733.15
1769518800,2026-01-27 13:00:00+00:00,1.37434,1.37438,1.37268,1.3742,1758.68
1769520600,2026-01-27 13:30:00+00:00,1.3742,1.37476,1.37286,1.37357,1708.93
1769522400,2026-01-27 14:00:00+00:00,1.3737,1.37452,1.37342,1.37424,1712.48
1769524200,2026-01-27 14:30:00+00:00,1.37424,1.37758,1.37368,1.37713,1712.93
1769526000,2026-01-27 15:00:00+00:00,1.37777,1.37904,1.37633,1.37782,1734.14
1769527800,2026-01-27 15:30:00+00:00,1.37782,1.37801,1.37501,1.37521,1708.79
1769529600,2026-01-27 16:00:00+00:00,1.3754,1.37852,1.3754,1.37637,1709.77
1769531400,2026-01-27 16:30:00+00:00,1.37637,1.37904,1.3754,1.37807,1691.31
1769533200,2026-01-27 17:00:00+00:00,1.37798,1.37887,1.37625,1.37846,1774.58
1769535000,2026-01-27 17:30:00+00:00,1.37846,1.37887,1.3767,1.37887,1755.72
1769536800,2026-01-27 18:00:00+00:00,1.37876,1.37914,1.37847,1.37864,1735.52
1769538600,2026-01-27 18:30:00+00:00,1.37864,1.37878,1.37771,1.37792,1759.68
1769540400,2026-01-27 19:00:00+00:00,1.37777,1.3783,1.37756,1.3781,1809.5
1769542200,2026-01-27 19:30:00+00:00,1.3781,1.37844,1.37756,1.3784,1726.21
1769544000,2026-01-27 20:00:00+00:00,1.37821,1.38687,1.37821,1.3794,1696.56
1769545800,2026-01-27 20:30:00+00:00,1.3794,1.38489,1.37821,1.38378,1692.15
1769547600,2026-01-27 21:00:00+00:00,1.38357,1.38534,1.38355,1.38446,1758.08
1769549400,2026-01-27 21:30:00+00:00,1.38446,1.38552,1.38311,1.385,1740.69
1769551200,2026-01-27 22:00:00+00:00,1.38339,1.38508,1.38339,1.38428,1740.67
1769553000,2026-01-27 22:30:00+00:00,1.38428,1.38508,1.3838,1.3846,1758.19
1769554800,2026-01-27 23:00:00+00:00,1.38479,1.38479,1.38255,1.38304,1715.95
1769556600,2026-01-27 23:30:00+00:00,1.38304,1.38346,1.38236,1.38263,1756.0
1769558400,2026-01-28 00:00:00+00:00,1.38255,1.38309,1.38178,1.38279,1781.95
1769560200,2026-01-28 00:30:00+00:00,1.38279,1.38287,1.3815,1.38177,1715.25
1769562000,2026-01-28 01:00:00+00:00,1.38154,1.38172,1.38059,1.38163,1731.4
1769563800,2026-01-28 01:30:00+00:00,1.38163,1.38173,1.38007,1.38011,1723.66
1769565600,2026-01-28 02:00:00+00:00,1.38038,1.38072,1.38033,1.38066,1732.81
1769567400,2026-01-28 02:30:00+00:00,1.38066,1.38071,1.37927,1.38045,1755.47
1769569200,2026-01-28 03:00:00+00:00,1.38043,1.38108,1.37979,1.3802,1728.61
1769571000,2026-01-28 03:30:00+00:00,1.3802,1.38108,1.37988,1.38003,1707.65
1769572800,2026-01-28 04:00:00+00:00,1.37994,1.38026,1.3795,1.38022,1747.65
1769574600,2026-01-28 04:30:00+00:00,1.38022,1.38026,1.37953,1.38026,1750.47
1769576400,2026-01-28 05:00:00+00:00,1.3803,1.38053,1.37904,1.38018,1759.21
1769578200,2026-01-28 05:30:00+00:00,1.38018,1.38061,1.3793,1.38061,1768.41
1769580000,2026-01-28 06:00:00+00:00,1.38066,1.38141,1.38049,1.38089,1721.89
1769581800,2026-01-28 06:30:00+00:00,1.38089,1.38148,1.38058,1.38064,1716.16
1769583600,2026-01-28 07:00:00+00:00,1.38078,1.38315,1.37948,1.38061,1689.26
1769585400,2026-01-28 07:30:00+00:00,1.38061,1.38168,1.37948,1.38007,1781.33
1769587200,2026-01-28 08:00:00+00:00,1.37965,1.38086,1.37826,1.37826,1703.73
1769589000,2026-01-28 08:30:00+00:00,1.37826,1.38099,1.37762,1.37861,1726.14
1769590800,2026-01-28 09:00:00+00:00,1.37897,1.37924,1.37779,1.37919,1715.8
1769592600,2026-01-28 09:30:00+00:00,1.37919,1.37925,1.37822,1.37889,1722.51
1769594400,2026-01-28 10:00:00+00:00,1.37883,1.37986,1.3779,1.37978,1712.39
1769596200,2026-01-28 10:30:00+00:00,1.37978,1.37986,1.37822,1.37933,1756.3799999999999
1769598000,2026-01-28 11:00:00+00:00,1.37897,1.37897,1.37771,1.37897,1810.07
1769599800,2026-01-28 11:30:00+00:00,1.37897,1.37897,1.37692,1.37709,1716.18
1769601600,2026-01-28 12:00:00+00:00,1.37705,1.37887,1.37694,1.37868,1820.02
1769603400,2026-01-28 12:30:00+00:00,1.37868,1.37946,1.37837,1.37946,1795.8899999999999
1769605200,2026-01-28 13:00:00+00:00,1.37933,1.37933,1.37891,1.37893,1795.3
1769607000,2026-01-28 13:30:00+00:00,1.37893,1.37894,1.3768,1.37692,1745.6100000000001
1769608800,2026-01-28 14:00:00+00:00,1.37707,1.38003,1.37686,1.37718,1764.37
1769610600,2026-01-28 14:30:00+00:00,1.37718,1.37916,1.37686,1.37863,1774.16
1769612400,2026-01-28 15:00:00+00:00,1.37882,1.37994,1.37519,1.37706,1741.49
1769614200,2026-01-28 15:30:00+00:00,1.37706,1.37926,1.37574,1.37904,1697.45
1769616000,2026-01-28 16:00:00+00:00,1.37912,1.37929,1.37732,1.37893,1767.34
1769617800,2026-01-28 16:30:00+00:00,1.37893,1.37929,1.37654,1.3784,1710.65
1769619600,2026-01-28 17:00:00+00:00,1.37861,1.37903,1.37748,1.37902,1706.79
1769621400,2026-01-28 17:30:00+00:00,1.37902,1.37903,1.37745,1.37893,1709.18
1769623200,2026-01-28 18:00:00+00:00,1.37903,1.37931,1.37804,1.37841,1704.92
1769625000,2026-01-28 18:30:00+00:00,1.37841,1.37861,1.37658,1.37762,1740.08
1769626800,2026-01-28 19:00:00+00:00,1.3787,1.37892,1.37593,1.37662,1695.18
1769628600,2026-01-28 19:30:00+00:00,1.37662,1.37969,1.37629,1.37942,1803.7
1769630400,2026-01-28 20:00:00+00:00,1.3796,1.38022,1.37868,1.38015,1700.69
1769632200,2026-01-28 20:30:00+00:00,1.38015,1.38022,1.37918,1.37994,1763.98
1769634000,2026-01-28 21:00:00+00:00,1.37986,1.38047,1.37986,1.38014,1775.22
1769635800,2026-01-28 21:30:00+00:00,1.38014,1.3812,1.38001,1.38066,1718.3
1769637600,2026-01-28 22:00:00+00:00,1.38022,1.38087,1.37996,1.38086,1717.64
1769639400,2026-01-28 22:30:00+00:00,1.38086,1.38086,1.38012,1.38015,1737.36
1769641200,2026-01-28 23:00:00+00:00,1.38047,1.38208,1.38015,1.38194,1726.37
1769643000,2026-01-28 23:30:00+00:00,1.38194,1.38305,1.38183,1.38238,1700.97
1769644800,2026-01-29 00:00:00+00:00,1.38246,1.38334,1.38206,1.3822,1785.92
1769646600,2026-01-29 00:30:00+00:00,1.3822,1.38295,1.38148,1.38209,1733.04
1769648400,2026-01-29 01:00:00+00:00,1.38188,1.3819,1.38067,1.38179,1788.22
1769650200,2026-01-29 01:30:00+00:00,1.38179,1.3819,1.38019,1.38038,1721.83
1769652000,2026-01-29 02:00:00+00:00,1.38022,1.38139,1.37956,1.38123,1718.58
1769653800,2026-01-29 02:30:00+00:00,1.38123,1.38158,1.38088,1.38131,1817.93
1769655600,2026-01-29 03:00:00+00:00,1.38118,1.38259,1.38118,1.38204,1781.75
1769657400,2026-01-29 03:30:00+00:00,1.38204,1.38336,1.38167,1.38336,1745.54
1769659200,2026-01-29 04:00:00+00:00,1.38357,1.38404,1.38271,1.38324,1719.01
1769661000,2026-01-29 04:30:00+00:00,1.38324,1.38401,1.38283,1.38399,1752.72
1769662800,2026-01-29 05:00:00+00:00,1.38404,1.3843,1.3837,1.38429,1727.39
1769664600,2026-01-29 05:30:00+00:00,1.38429,1.38441,1.38373,1.38383,1714.11
1769666400,2026-01-29 06:00:00+00:00,1.38381,1.38404,1.38301,1.38322,1804.0
1769668200,2026-01-29 06:30:00+00:00,1.38322,1.38396,1.38297,1.38387,1728.41
1769670000,2026-01-29 07:00:00+00:00,1.38399,1.38453,1.38259,1.38451,1738.97
1769671800,2026-01-29 07:30:00+00:00,1.38451,1.38458,1.38305,1.38326,1760.05
1769673600,2026-01-29 08:00:00+00:00,1.38368,1.38458,1.38146,1.38429,1706.23
1769675400,2026-01-29 08:30:00+00:00,1.38429,1.38457,1.38185,1.38198,1761.45
1769677200,2026-01-29 09:00:00+00:00,1.38234,1.38234,1.38028,1.38038,1744.02
1769679000,2026-01-29 09:30:00+00:00,1.38038,1.38145,1.38028,1.38038,1686.82
1769680800,2026-01-29 10:00:00+00:00,1.38068,1.38068,1.37836,1.37854,1770.6499999999999
1769682600,2026-01-29 10:30:00+00:00,1.37854,1.37924,1.37828,1.37828,1746.15
1769684400,2026-01-29 11:00:00+00:00,1.37834,1.37982,1.37832,1.37911,1712.79
1769686200,2026-01-29 11:30:00+00:00,1.37911,1.37965,1.37823,1.37954,1748.6
1769688000,2026-01-29 12:00:00+00:00,1.37922,1.38069,1.37899,1.38018,1656.45
1769689800,2026-01-29 12:30:00+00:00,1.38018,1.38144,1.38011,1.38144,1791.21
1769691600,2026-01-29 13:00:00+00:00,1.38139,1.38142,1.38013,1.38048,1763.68
1769693400,2026-01-29 13:30:00+00:00,1.38048,1.38177,1.38035,1.38064,1726.13
1769695200,2026-01-29 14:00:00+00:00,1.38076,1.38337,1.38073,1.38113,1680.49
1769697000,2026-01-29 14:30:00+00:00,1.38113,1.38334,1.38059,1.38257,1737.81
1769698800,2026-01-29 15:00:00+00:00,1.38227,1.38227,1.37509,1.37735,1689.81
1769700600,2026-01-29 15:30:00+00:00,1.37735,1.38227,1.37432,1.37642,1741.45
1769702400,2026-01-29 16:00:00+00:00,1.37667,1.37807,1.37635,1.37773,1803.72
1769704200,2026-01-29 16:30:00+00:00,1.37773,1.37984,1.37702,1.37937,1704.55
1769706000,2026-01-29 17:00:00+00:00,1.37965,1.38066,1.37964,1.38016,1732.83
1769707800,2026-01-29 17:30:00+00:00,1.38016,1.38058,1.37944,1.37981,1782.33
1769709600,2026-01-29 18:00:00+00:00,1.37973,1.37982,1.37895,1.37915,1728.3600000000001
1769711400,2026-01-29 18:30:00+00:00,1.37915,1.38051,1.37896,1.38,1743.58
1769713200,2026-01-29 19:00:00+00:00,1.37954,1.38007,1.37938,1.37948,1735.97
1769715000,2026-01-29 19:30:00+00:00,1.37948,1.37962,1.37933,1.37946,1727.67
1769716800,2026-01-29 20:00:00+00:00,1.37939,1.37974,1.37899,1.37929,1711.26
1769718600,2026-01-29 20:30:00+00:00,1.37929,1.38072,1.37917,1.38047,1752.24
1769720400,2026-01-29 21:00:00+00:00,1.38064,1.38087,1.38005,1.38013,1737.41
1769722200,2026-01-29 21:30:00+00:00,1.38013,1.38139,1.38012,1.38108,1698.59
1769724000,2026-01-29 22:00:00+00:00,1.38021,1.38097,1.37931,1.37958,1725.4
1769725800,2026-01-29 22:30:00+00:00,1.37958,1.38116,1.37957,1.38099,1734.85
1769727600,2026-01-29 23:00:00+00:00,1.38097,1.38143,1.38094,1.38105,1772.33
1769729400,2026-01-29 23:30:00+00:00,1.38105,1.38143,1.38062,1.38068,1754.37
1769731200,2026-01-30 00:00:00+00:00,1.38087,1.38146,1.37941,1.37988,1717.78
1769733000,2026-01-30 00:30:00+00:00,1.37988,1.37993,1.37775,1.37775,1726.72
1769734800,2026-01-30 01:00:00+00:00,1.37749,1.37792,1.37688,1.37702,1765.75
1769736600,2026-01-30 01:30:00+00:00,1.37702,1.37722,1.3761,1.3761,1753.13
1769738400,2026-01-30 02:00:00+00:00,1.37561,1.37625,1.37325,1.37625,1793.34
1769740200,2026-01-30 02:30:00+00:00,1.37625,1.37625,1.37591,1.37616,1758.28
1769742000,2026-01-30 03:00:00+00:00,1.3761,1.37617,1.37493,1.3754,1760.01
1769743800,2026-01-30 03:30:00+00:00,1.3754,1.37658,1.37507,1.37546,1735.71
1769745600,2026-01-30 04:00:00+00:00,1.3755,1.37678,1.37511,1.37626,1791.01
1769747400,2026-01-30 04:30:00+00:00,1.37626,1.3763,1.37497,1.37538,1793.06
1769749200,2026-01-30 05:00:00+00:00,1.37538,1.37541,1.37465,1.37511,1706.94
1769751000,2026-01-30 05:30:00+00:00,1.37511,1.37633,1.3749,1.37557,1714.06
1769752800,2026-01-30 06:00:00+00:00,1.37574,1.37603,1.37421,1.37542,1746.28
1769754600,2026-01-30 06:30:00+00:00,1.37542,1.37641,1.37489,1.37508,1762.28
1769756400,2026-01-30 07:00:00+00:00,1.37529,1.37594,1.37499,1.37591,1703.66
1769758200,2026-01-30 07:30:00+00:00,1.37591,1.37819,1.37587,1.37694,1792.09
1769760000,2026-01-30 08:00:00+00:00,1.37718,1.37797,1.37612,1.37615,1685.04
1769761800,2026-01-30 08:30:00+00:00,1.37615,1.37804,1.37612,1.37641,1765.03
1769763600,2026-01-30 09:00:00+00:00,1.37608,1.37648,1.37263,1.37371,1734.15
1769765400,2026-01-30 09:30:00+00:00,1.37371,1.37566,1.37334,1.37348,1729.72
1769767200,2026-01-30 10:00:00+00:00,1.37361,1.37454,1.37344,1.37417,1741.24
1769769000,2026-01-30 10:30:00+00:00,1.37417,1.37501,1.37412,1.37491,1758.22
1769770800,2026-01-30 11:00:00+00:00,1.37485,1.37591,1.37468,1.37583,1753.09
1769772600,2026-01-30 11:30:00+00:00,1.37583,1.37794,1.3756,1.37794,1766.89
1769774400,2026-01-30 12:00:00+00:00,1.37836,1.37878,1.37681,1.37702,1756.28
1769776200,2026-01-30 12:30:00+00:00,1.37702,1.3772,1.37586,1.37622,1742.39
1769778000,2026-01-30 13:00:00+00:00,1.37625,1.37673,1.37492,1.37498,1782.61
1769779800,2026-01-30 13:30:00+00:00,1.37498,1.37531,1.37376,1.37451,1774.54
1769781600,2026-01-30 14:00:00+00:00,1.37478,1.37517,1.37376,1.37516,1721.47
1769783400,2026-01-30 14:30:00+00:00,1.37516,1.37572,1.37383,1.37402,1772.5
1769785200,2026-01-30 15:00:00+00:00,1.37372,1.37421,1.3717,1.37179,1692.33
1769787000,2026-01-30 15:30:00+00:00,1.37179,1.37335,1.37178,1.37214,1781.17
1769788800,2026-01-30 16:00:00+00:00,1.37266,1.37287,1.37163,1.37168,1767.08
1769790600,2026-01-30 16:30:00+00:00,1.37168,1.37287,1.3715,1.37282,1781.49
1769792400,2026-01-30 17:00:00+00:00,1.37268,1.37268,1.372,1.37201,1743.27
1769794200,2026-01-30 17:30:00+00:00,1.37201,1.37223,1.37011,1.37084,1768.84
1769796000,2026-01-30 18:00:00+00:00,1.37078,1.37155,1.36827,1.36913,1705.52
1769797800,2026-01-30 18:30:00+00:00,1.36913,1.3713,1.36904,1.37118,1745.7
1769799600,2026-01-30 19:00:00+00:00,1.37161,1.3717,1.36911,1.3706,1719.3600000000001
1769801400,2026-01-30 19:30:00+00:00,1.3706,1.37165,1.36953,1.36977,1736.73
1769803200,2026-01-30 20:00:00+00:00,1.36971,1.36971,1.36873,1.36913,1732.54
1769805000,2026-01-30 20:30:00+00:00,1.36913,1.36917,1.36844,1.36844,1759.71
1769806800,2026-01-30 21:00:00+00:00,1.3684,1.36907,1.36804,1.36902,1700.32
1769808600,2026-01-30 21:30:00+00:00,1.36902,1.36908,1.36803,1.36851,1674.0
1769810400,2026-01-30 22:00:00+00:00,1.36853,1.36853,1.36853,1.36853,1693.08
1769812200,2026-01-30 22:30:00+00:00,1.36853,1.36853,1.36853,1.36853,1732.79
1769990400,2026-02-02 00:00:00+00:00,1.36791,1.3695,1.36791,1.36944,1737.86
1769992200,2026-02-02 00:30:00+00:00,1.36944,1.37039,1.36932,1.36999,1718.09
1769994000,2026-02-02 01:00:00+00:00,1.36979,1.36979,1.36775,1.36887,1789.69
1769995800,2026-02-02 01:30:00+00:00,1.36887,1.36967,1.36786,1.36947,1696.57
1769997600,2026-02-02 02:00:00+00:00,1.36943,1.36992,1.36911,1.36916,1733.97
1769999400,2026-02-02 02:30:00+00:00,1.36916,1.36967,1.36836,1.36836,1794.66
1770001200,2026-02-02 03:00:00+00:00,1.36829,1.36831,1.36801,1.36813,1730.31
1770003000,2026-02-02 03:30:00+00:00,1.36813,1.36923,1.36807,1.36848,1770.37
1770004800,2026-02-02 04:00:00+00:00,1.36846,1.36861,1.36794,1.36853,1693.91
1770006600,2026-02-02 04:30:00+00:00,1.36853,1.36857,1.36788,1.36816,1720.65
1770008400,2026-02-02 05:00:00+00:00,1.36823,1.36829,1.36788,1.36795,1801.6399999999999
1770010200,2026-02-02 05:30:00+00:00,1.36795,1.36798,1.36625,1.36722,1714.42
1770012000,2026-02-02 06:00:00+00:00,1.36745,1.36756,1.36709,1.36748,1733.54
1770013800,2026-02-02 06:30:00+00:00,1.36748,1.36756,1.36634,1.36748,1767.25
1770015600,2026-02-02 07:00:00+00:00,1.36758,1.36833,1.36752,1.36825,1759.44
1770017400,2026-02-02 07:30:00+00:00,1.36825,1.36866,1.36815,1.36818,1738.3799999999999
1770019200,2026-02-02 08:00:00+00:00,1.36827,1.36999,1.36816,1.36999,1773.84
1770021000,2026-02-02 08:30:00+00:00,1.36999,1.36999,1.36824,1.36878,1689.97
1770022800,2026-02-02 09:00:00+00:00,1.36924,1.37056,1.36853,1.37004,1710.13
1770024600,2026-02-02 09:30:00+00:00,1.37004,1.37105,1.36911,1.37093,1755.74
1770026400,2026-02-02 10:00:00+00:00,1.37076,1.37148,1.36977,1.37014,1709.75
1770028200,2026-02-02 10:30:00+00:00,1.37014,1.37058,1.3699,1.37028,1763.25
1770030000,2026-02-02 11:00:00+00:00,1.37026,1.37039,1.36964,1.36976,1727.27
1770031800,2026-02-02 11:30:00+00:00,1.36976,1.37101,1.36972,1.37011,1734.81
1770033600,2026-02-02 12:00:00+00:00,1.37001,1.37069,1.36883,1.36895,1734.01
1770035400,2026-02-02 12:30:00+00:00,1.36895,1.36908,1.36874,1.36887,1702.32
1770037200,2026-02-02 13:00:00+00:00,1.36868,1.36868,1.36669,1.36768,1739.64
1770039000,2026-02-02 13:30:00+00:00,1.36768,1.36836,1.36526,1.36526,1765.44
1770040800,2026-02-02 14:00:00+00:00,1.36528,1.36613,1.36321,1.36611,1728.94
1770042600,2026-02-02 14:30:00+00:00,1.36611,1.3675,1.36499,1.36683,1738.81
1770044400,2026-02-02 15:00:00+00:00,1.36575,1.36601,1.36351,1.36366,1739.7
1770046200,2026-02-02 15:30:00+00:00,1.36366,1.36382,1.36275,1.36275,1778.57
1770048000,2026-02-02 16:00:00+00:00,1.36282,1.36422,1.36245,1.36416,1781.24
1770049800,2026-02-02 16:30:00+00:00,1.36416,1.36571,1.36415,1.36536,1686.14
1770051600,2026-02-02 17:00:00+00:00,1.36539,1.36548,1.36517,1.36517,1777.53
1770053400,2026-02-02 17:30:00+00:00,1.36517,1.36627,1.36517,1.36584,1722.51
1770055200,2026-02-02 18:00:00+00:00,1.36601,1.36614,1.36557,1.36597,1706.8
1770057000,2026-02-02 18:30:00+00:00,1.36597,1.36614,1.36489,1.36504,1722.34
1770058800,2026-02-02 19:00:00+00:00,1.36506,1.36621,1.36442,1.3659,1703.44
1770060600,2026-02-02 19:30:00+00:00,1.3659,1.36621,1.36454,1.36619,1770.0
1770062400,2026-02-02 20:00:00+00:00,1.36586,1.36618,1.36556,1.36609,1745.36
1770064200,2026-02-02 20:30:00+00:00,1.36609,1.36676,1.36587,1.36666,1726.56
1770066000,2026-02-02 21:00:00+00:00,1.36674,1.36689,1.36672,1.36685,1725.12
1770067800,2026-02-02 21:30:00+00:00,1.36685,1.3669,1.36651,1.3669,1780.9
1770069600,2026-02-02 22:00:00+00:00,1.367,1.367,1.36635,1.36694,1806.76
1770071400,2026-02-02 22:30:00+00:00,1.36694,1.367,1.36575,1.36674,1746.3700000000001
1770073200,2026-02-02 23:00:00+00:00,1.36634,1.3672,1.36608,1.36695,1670.2
1770075000,2026-02-02 23:30:00+00:00,1.36695,1.36732,1.36671,1.36732,1776.09
1770076800,2026-02-03 00:00:00+00:00,1.36722,1.36804,1.36722,1.36781,1692.77
1770078600,2026-02-03 00:30:00+00:00,1.36781,1.36806,1.36769,1.36806,1809.12
1770080400,2026-02-03 01:00:00+00:00,1.36761,1.3686,1.36761,1.36851,1733.7
1770082200,2026-02-03 01:30:00+00:00,1.36851,1.36861,1.36838,1.36859,1722.51
1770084000,2026-02-03 02:00:00+00:00,1.36864,1.36864,1.36812,1.36864,1809.03
1770085800,2026-02-03 02:30:00+00:00,1.36864,1.36864,1.36722,1.36733,1749.55
1770087600,2026-02-03 03:00:00+00:00,1.36732,1.36885,1.36726,1.36745,1690.55
1770089400,2026-02-03 03:30:00+00:00,1.36745,1.3688,1.36726,1.36874,1767.3700000000001
1770091200,2026-02-03 04:00:00+00:00,1.36857,1.36898,1.36857,1.36865,1790.09
1770093000,2026-02-03 04:30:00+00:00,1.36865,1.36943,1.36859,1.36885,1752.54
1770094800,2026-02-03 05:00:00+00:00,1.36879,1.36919,1.36842,1.36913,1729.8
1770096600,2026-02-03 05:30:00+00:00,1.36913,1.36921,1.36864,1.36908,1739.99
1770098400,2026-02-03 06:00:00+00:00,1.36904,1.37007,1.36896,1.36961,1733.99
1770100200,2026-02-03 06:30:00+00:00,1.36961,1.37,1.36896,1.36923,1753.07
1770102000,2026-02-03 07:00:00+00:00,1.36917,1.37065,1.36913,1.37038,1751.3
1770103800,2026-02-03 07:30:00+00:00,1.37038,1.37065,1.36849,1.36984,1667.95
1770105600,2026-02-03 08:00:00+00:00,1.36983,1.36983,1.36887,1.36948,1728.15
1770107400,2026-02-03 08:30:00+00:00,1.36948,1.36983,1.36782,1.36883,1726.32
1770109200,2026-02-03 09:00:00+00:00,1.36902,1.36902,1.36703,1.3671,1761.58
1770111000,2026-02-03 09:30:00+00:00,1.3671,1.36733,1.36685,1.36685,1766.62
1770112800,2026-02-03 10:00:00+00:00,1.36681,1.3673,1.36635,1.36658,1688.61
1770114600,2026-02-03 10:30:00+00:00,1.36658,1.36666,1.36577,1.36577,1690.89
1770116400,2026-02-03 11:00:00+00:00,1.3656,1.36618,1.3653,1.36536,1783.92
1770118200,2026-02-03 11:30:00+00:00,1.36536,1.36556,1.36521,1.36521,1753.84
1770120000,2026-02-03 12:00:00+00:00,1.36541,1.36782,1.36534,1.36773,1731.84
1770121800,2026-02-03 12:30:00+00:00,1.36773,1.36821,1.36672,1.36821,1762.28
1770123600,2026-02-03 13:00:00+00:00,1.36821,1.36896,1.36718,1.36737,1672.04
1770125400,2026-02-03 13:30:00+00:00,1.36737,1.36804,1.36718,1.36718,1762.68
1770127200,2026-02-03 14:00:00+00:00,1.36702,1.36747,1.3659,1.36649,1748.6
1770129000,2026-02-03 14:30:00+00:00,1.36649,1.36844,1.36642,1.367,1695.03
1770130800,2026-02-03 15:00:00+00:00,1.36704,1.36873,1.36659,1.36864,1725.27
1770132600,2026-02-03 15:30:00+00:00,1.36864,1.37037,1.36784,1.37037,1711.57
1770134400,2026-02-03 16:00:00+00:00,1.37035,1.37069,1.36938,1.36957,1741.86
1770136200,2026-02-03 16:30:00+00:00,1.36957,1.37065,1.36939,1.37009,1745.37
1770138000,2026-02-03 17:00:00+00:00,1.36999,1.37065,1.36951,1.36956,1711.07
1770139800,2026-02-03 17:30:00+00:00,1.36956,1.36974,1.36951,1.36962,1728.96
1770141600,2026-02-03 18:00:00+00:00,1.36958,1.37014,1.36871,1.36892,1777.1200000000001
1770143400,2026-02-03 18:30:00+00:00,1.36892,1.37012,1.36791,1.36799,1751.3999999999999
1770145200,2026-02-03 19:00:00+00:00,1.36763,1.36798,1.36745,1.36787,1759.98
1770147000,2026-02-03 19:30:00+00:00,1.36787,1.36906,1.36777,1.36889,1761.02
1770148800,2026-02-03 20:00:00+00:00,1.36844,1.36998,1.36844,1.36971,1836.85
1770150600,2026-02-03 20:30:00+00:00,1.36971,1.36986,1.36915,1.36964,1744.44
1770152400,2026-02-03 21:00:00+00:00,1.36958,1.37022,1.36958,1.36959,1774.75
1770154200,2026-02-03 21:30:00+00:00,1.36959,1.36978,1.36958,1.36975,1706.3
1770156000,2026-02-03 22:00:00+00:00,1.36913,1.36976,1.36868,1.36961,1716.45
1770157800,2026-02-03 22:30:00+00:00,1.36961,1.37031,1.36881,1.36992,1751.72
1770159600,2026-02-03 23:00:00+00:00,1.36966,1.3702,1.36924,1.36934,1693.16
1770161400,2026-02-03 23:30:00+00:00,1.36934,1.36991,1.36928,1.36966,1675.18
1770163200,2026-02-04 00:00:00+00:00,1.36973,1.36979,1.36935,1.36936,1749.51
1770165000,2026-02-04 00:30:00+00:00,1.36936,1.36951,1.36926,1.36947,1667.83
1770166800,2026-02-04 01:00:00+00:00,1.36945,1.37035,1.36924,1.36979,1774.73
1770168600,2026-02-04 01:30:00+00:00,1.36979,1.37103,1.36969,1.3708,1742.8799999999999
1770170400,2026-02-04 02:00:00+00:00,1.37118,1.37118,1.36983,1.36989,1740.56
1770172200,2026-02-04 02:30:00+00:00,1.36989,1.37014,1.36981,1.36999,1771.61
1770174000,2026-02-04 03:00:00+00:00,1.37024,1.37054,1.36977,1.37051,1760.7
1770175800,2026-02-04 03:30:00+00:00,1.37051,1.37054,1.37001,1.3705,1750.21
1770177600,2026-02-04 04:00:00+00:00,1.37046,1.3707,1.37045,1.37047,1713.31
1770179400,2026-02-04 04:30:00+00:00,1.37047,1.3717,1.37045,1.3717,1735.87
1770181200,2026-02-04 05:00:00+00:00,1.37167,1.37201,1.37164,1.37201,1744.7
1770183000,2026-02-04 05:30:00+00:00,1.37201,1.37201,1.37133,1.37165,1760.39
1770184800,2026-02-04 06:00:00+00:00,1.37163,1.37205,1.37135,1.37147,1687.96
1770186600,2026-02-04 06:30:00+00:00,1.37147,1.37216,1.37135,1.37138,1725.59
1770188400,2026-02-04 07:00:00+00:00,1.37152,1.37177,1.37071,1.37148,1736.47
1770190200,2026-02-04 07:30:00+00:00,1.37148,1.3718,1.37128,1.37176,1766.68
1770192000,2026-02-04 08:00:00+00:00,1.37169,1.37303,1.37146,1.37291,1712.8
1770193800,2026-02-04 08:30:00+00:00,1.37291,1.37329,1.37192,1.37314,1748.69
1770195600,2026-02-04 09:00:00+00:00,1.37302,1.37327,1.37196,1.37211,1702.24
1770197400,2026-02-04 09:30:00+00:00,1.37211,1.37227,1.37018,1.37093,1847.06
1770199200,2026-02-04 10:00:00+00:00,1.37093,1.37165,1.36968,1.37134,1759.0
1770201000,2026-02-04 10:30:00+00:00,1.37134,1.37165,1.37124,1.37159,1770.25
1770202800,2026-02-04 11:00:00+00:00,1.37152,1.37156,1.37031,1.37137,1748.34
1770204600,2026-02-04 11:30:00+00:00,1.37137,1.37157,1.37097,1.37099,1791.18
1770206400,2026-02-04 12:00:00+00:00,1.37101,1.37186,1.37086,1.37174,1777.62
1770208200,2026-02-04 12:30:00+00:00,1.37174,1.37246,1.37145,1.37212,1711.25
1770210000,2026-02-04 13:00:00+00:00,1.37201,1.37265,1.37086,1.37091,1732.92
1770211800,2026-02-04 13:30:00+00:00,1.37091,1.3723,1.37039,1.37144,1751.51
1770213600,2026-02-04 14:00:00+00:00,1.37144,1.3717,1.36925,1.36952,1745.1100000000001
1770215400,2026-02-04 14:30:00+00:00,1.36952,1.36963,1.36883,1.36908,1807.47
1770217200,2026-02-04 15:00:00+00:00,1.36938,1.36938,1.36678,1.36686,1713.77
1770219000,2026-02-04 15:30:00+00:00,1.36686,1.3683,1.36631,1.36646,1761.46
1770220800,2026-02-04 16:00:00+00:00,1.36646,1.36646,1.36605,1.36617,1666.97
1770222600,2026-02-04 16:30:00+00:00,1.36617,1.3663,1.36448,1.36577,1706.18
1770224400,2026-02-04 17:00:00+00:00,1.36571,1.36726,1.36517,1.36555,1772.77
1770226200,2026-02-04 17:30:00+00:00,1.36555,1.3661,1.36474,1.36474,1689.77
1770228000,2026-02-04 18:00:00+00:00,1.36452,1.36528,1.36431,1.36454,1730.52
1770229800,2026-02-04 18:30:00+00:00,1.36454,1.3655,1.36431,1.36517,1744.6399999999999
1770231600,2026-02-04 19:00:00+00:00,1.36526,1.36567,1.36455,1.36549,1743.61
1770233400,2026-02-04 19:30:00+00:00,1.36549,1.36621,1.36534,1.36621,1727.61
1770235200,2026-02-04 20:00:00+00:00,1.36634,1.3664,1.36517,1.36549,1724.59
1770237000,2026-02-04 20:30:00+00:00,1.36549,1.36558,1.36493,1.365,1747.94
1770238800,2026-02-04 21:00:00+00:00,1.36511,1.36569,1.36498,1.36545,1687.86
1770240600,2026-02-04 21:30:00+00:00,1.36545,1.36564,1.36503,1.36532,1778.87
1770242400,2026-02-04 22:00:00+00:00,1.36519,1.36569,1.365,1.36562,1709.15
1770244200,2026-02-04 22:30:00+00:00,1.36562,1.36601,1.36521,1.36537,1693.56
1770246000,2026-02-04 23:00:00+00:00,1.36522,1.36526,1.36485,1.36493,1736.29
1770247800,2026-02-04 23:30:00+00:00,1.36493,1.36521,1.36444,1.36444,1723.57
1770249600,2026-02-05 00:00:00+00:00,1.36468,1.36501,1.36455,1.36497,1735.73
1770251400,2026-02-05 00:30:00+00:00,1.36497,1.36526,1.36462,1.36521,1791.61
1770253200,2026-02-05 01:00:00+00:00,1.36524,1.36541,1.36459,1.36462,1757.02
1770255000,2026-02-05 01:30:00+00:00,1.36462,1.36502,1.36459,1.36493,1718.73
1770256800,2026-02-05 02:00:00+00:00,1.36487,1.36487,1.36325,1.36363,1715.59
1770258600,2026-02-05 02:30:00+00:00,1.36363,1.36369,1.36234,1.36234,1697.38
1770260400,2026-02-05 03:00:00+00:00,1.36212,1.36305,1.36212,1.36301,1771.47
1770262200,2026-02-05 03:30:00+00:00,1.36301,1.36304,1.36229,1.36253,1782.57
1770264000,2026-02-05 04:00:00+00:00,1.36251,1.3629,1.36231,1.36234,1762.49
1770265800,2026-02-05 04:30:00+00:00,1.36234,1.36282,1.36231,1.36273,1729.83
1770267600,2026-02-05 05:00:00+00:00,1.36258,1.36264,1.36199,1.36235,1736.53
1770269400,2026-02-05 05:30:00+00:00,1.36235,1.36264,1.36177,1.36195,1742.76
1770271200,2026-02-05 06:00:00+00:00,1.36208,1.36208,1.36175,1.36197,1729.21
1770273000,2026-02-05 06:30:00+00:00,1.36197,1.36202,1.36082,1.36177,1747.25
1770274800,2026-02-05 07:00:00+00:00,1.36182,1.36294,1.36175,1.36181,1730.11
1770276600,2026-02-05 07:30:00+00:00,1.36181,1.36294,1.36175,1.36203,1745.8
1770278400,2026-02-05 08:00:00+00:00,1.36206,1.36325,1.36045,1.36048,1728.53
1770280200,2026-02-05 08:30:00+00:00,1.36048,1.36277,1.36025,1.36032,1731.87
1770282000,2026-02-05 09:00:00+00:00,1.36025,1.36029,1.35686,1.35971,1804.46
1770283800,2026-02-05 09:30:00+00:00,1.35971,1.36029,1.35571,1.35676,1716.02
1770285600,2026-02-05 10:00:00+00:00,1.35659,1.35898,1.35637,1.35793,1728.65
1770287400,2026-02-05 10:30:00+00:00,1.35793,1.35966,1.35722,1.35884,1706.71
1770289200,2026-02-05 11:00:00+00:00,1.35862,1.36145,1.35829,1.36134,1785.19
1770291000,2026-02-05 11:30:00+00:00,1.36134,1.36145,1.35986,1.3613,1722.99
1770292800,2026-02-05 12:00:00+00:00,1.35452,1.35836,1.35452,1.35815,1685.87
1770294600,2026-02-05 12:30:00+00:00,1.35815,1.35836,1.35719,1.35799,1782.53
1770296400,2026-02-05 13:00:00+00:00,1.35836,1.35912,1.35682,1.35712,1793.92
1770298200,2026-02-05 13:30:00+00:00,1.35712,1.35942,1.35704,1.35873,1741.14
1770300000,2026-02-05 14:00:00+00:00,1.35816,1.3587,1.355,1.35659,1716.42
1770301800,2026-02-05 14:30:00+00:00,1.35659,1.35662,1.35369,1.35369,1649.3799999999999
1770303600,2026-02-05 15:00:00+00:00,1.35534,1.35558,1.35422,1.35475,1715.95
1770305400,2026-02-05 15:30:00+00:00,1.35475,1.35503,1.35261,1.35278,1755.81
1770307200,2026-02-05 16:00:00+00:00,1.35296,1.35485,1.35206,1.35478,1738.64
1770309000,2026-02-05 16:30:00+00:00,1.35478,1.35562,1.35404,1.35505,1736.87
1770310800,2026-02-05 17:00:00+00:00,1.35411,1.35567,1.35411,1.35552,1719.34
1770312600,2026-02-05 17:30:00+00:00,1.35552,1.35563,1.35489,1.355,1762.05
1770314400,2026-02-05 18:00:00+00:00,1.35531,1.35577,1.35391,1.35412,1780.79
1770316200,2026-02-05 18:30:00+00:00,1.35412,1.35454,1.35391,1.35406,1721.03
1770318000,2026-02-05 19:00:00+00:00,1.35433,1.35516,1.35433,1.35492,1767.3
1770319800,2026-02-05 19:30:00+00:00,1.35492,1.35522,1.3545,1.3549,1692.59
1770321600,2026-02-05 20:00:00+00:00,1.35529,1.35529,1.35386,1.35391,1746.68
1770323400,2026-02-05 20:30:00+00:00,1.35391,1.35424,1.35386,1.35388,1699.9
1770325200,2026-02-05 21:00:00+00:00,1.35384,1.35395,1.35343,1.35395,1745.99
1770327000,2026-02-05 21:30:00+00:00,1.35395,1.35395,1.35265,1.35329,1719.19
1770328800,2026-02-05 22:00:00+00:00,1.35303,1.35363,1.3527,1.35342,1812.83
1770330600,2026-02-05 22:30:00+00:00,1.35342,1.35419,1.35296,1.35391,1728.83
1770332400,2026-02-05 23:00:00+00:00,1.35369,1.35369,1.35216,1.35243,1748.73
1770334200,2026-02-05 23:30:00+00:00,1.35243,1.35337,1.35216,1.35216,1724.08
1770336000,2026-02-06 00:00:00+00:00,1.35216,1.35293,1.351,1.3524,1755.69
1770337800,2026-02-06 00:30:00+00:00,1.3524,1.35303,1.35127,1.35302,1736.21
1770339600,2026-02-06 01:00:00+00:00,1.35267,1.35399,1.35267,1.35378,1737.96
1770341400,2026-02-06 01:30:00+00:00,1.35378,1.35428,1.35328,1.35386,1746.13
1770343200,2026-02-06 02:00:00+00:00,1.35415,1.35434,1.35415,1.35422,1740.95
1770345000,2026-02-06 02:30:00+00:00,1.35422,1.35501,1.35421,1.35466,1749.08
1770346800,2026-02-06 03:00:00+00:00,1.35465,1.35488,1.35446,1.35454,1719.08
1770348600,2026-02-06 03:30:00+00:00,1.35454,1.3549,1.35453,1.35472,1713.06
1770350400,2026-02-06 04:00:00+00:00,1.3547,1.35599,1.3547,1.35577,1761.9099999999999
1770352200,2026-02-06 04:30:00+00:00,1.35577,1.35602,1.35529,1.35575,1713.58
1770354000,2026-02-06 05:00:00+00:00,1.35595,1.35668,1.35595,1.35655,1767.8999999999999
1770355800,2026-02-06 05:30:00+00:00,1.35655,1.35687,1.3562,1.35685,1730.4
1770357600,2026-02-06 06:00:00+00:00,1.35696,1.35775,1.35685,1.35753,1777.0
1770359400,2026-02-06 06:30:00+00:00,1.35753,1.35774,1.35726,1.35729,1711.87
1770361200,2026-02-06 07:00:00+00:00,1.35717,1.35719,1.35645,1.35655,1749.81
1770363000,2026-02-06 07:30:00+00:00,1.35655,1.35768,1.35645,1.35682,1733.37
1770364800,2026-02-06 08:00:00+00:00,1.35654,1.35717,1.35614,1.35635,1720.62
1770366600,2026-02-06 08:30:00+00:00,1.35635,1.35726,1.35595,1.35693,1771.15
1770368400,2026-02-06 09:00:00+00:00,1.35698,1.35781,1.35672,1.35777,1796.17
1770370200,2026-02-06 09:30:00+00:00,1.35777,1.35822,1.35767,1.35785,1748.59
1770372000,2026-02-06 10:00:00+00:00,1.35775,1.3578,1.35726,1.35751,1733.34
1770373800,2026-02-06 10:30:00+00:00,1.35751,1.35836,1.35738,1.35796,1767.04
1770375600,2026-02-06 11:00:00+00:00,1.3577,1.35917,1.3577,1.35907,1706.2
1770377400,2026-02-06 11:30:00+00:00,1.35907,1.35923,1.35843,1.35849,1754.17
1770379200,2026-02-06 12:00:00+00:00,1.35858,1.3588,1.35844,1.35871,1704.67
1770381000,2026-02-06 12:30:00+00:00,1.35871,1.35951,1.35853,1.35908,1761.59
1770382800,2026-02-06 13:00:00+00:00,1.35882,1.3596,1.35822,1.35897,1723.48
1770384600,2026-02-06 13:30:00+00:00,1.35897,1.3595,1.35847,1.35875,1711.29
1770386400,2026-02-06 14:00:00+00:00,1.35897,1.35998,1.35897,1.35974,1760.43
1770388200,2026-02-06 14:30:00+00:00,1.35974,1.36088,1.35968,1.36056,1714.56
1770390000,2026-02-06 15:00:00+00:00,1.36099,1.36153,1.36095,1.3613,1708.48
1770391800,2026-02-06 15:30:00+00:00,1.3613,1.36153,1.35953,1.36153,1728.24
1770393600,2026-02-06 16:00:00+00:00,1.36147,1.3616,1.36029,1.3605,1711.62
1770395400,2026-02-06 16:30:00+00:00,1.3605,1.36069,1.36023,1.36036,1758.96
1770397200,2026-02-06 17:00:00+00:00,1.36019,1.36074,1.36019,1.36024,1745.23
1770399000,2026-02-06 17:30:00+00:00,1.36024,1.36227,1.36021,1.36221,1778.1
1770400800,2026-02-06 18:00:00+00:00,1.36193,1.36229,1.36156,1.36168,1795.78
1770402600,2026-02-06 18:30:00+00:00,1.36168,1.3621,1.36143,1.36149,1745.67
1770404400,2026-02-06 19:00:00+00:00,1.36147,1.36162,1.3613,1.36139,1743.74
1770406200,2026-02-06 19:30:00+00:00,1.36139,1.36206,1.36129,1.36169,1748.7
1770408000,2026-02-06 20:00:00+00:00,1.36171,1.36189,1.36136,1.36181,1751.64
1770409800,2026-02-06 20:30:00+00:00,1.36181,1.36199,1.36162,1.36193,1817.85
1770411600,2026-02-06 21:00:00+00:00,1.36184,1.36225,1.36069,1.36103,1771.98
1770413400,2026-02-06 21:30:00+00:00,1.36103,1.36214,1.36069,1.36099,1727.12
1770415200,2026-02-06 22:00:00+00:00,1.36108,1.36108,1.36108,1.36108,1712.24
1770417000,2026-02-06 22:30:00+00:00,1.36108,1.36108,1.36108,1.36108,1668.18
1770595200,2026-02-09 00:00:00+00:00,1.3611,1.36192,1.36079,1.36108,1699.99
1770597000,2026-02-09 00:30:00+00:00,1.36108,1.36199,1.36067,1.36125,1742.26
1770598800,2026-02-09 01:00:00+00:00,1.36117,1.36125,1.36097,1.36101,1711.83
1770600600,2026-02-09 01:30:00+00:00,1.36101,1.36103,1.36001,1.3601,1737.93
1770602400,2026-02-09 02:00:00+00:00,1.36014,1.36026,1.35921,1.36024,1693.3700000000001
1770604200,2026-02-09 02:30:00+00:00,1.36024,1.36093,1.35969,1.36051,1785.6200000000001
1770606000,2026-02-09 03:00:00+00:00,1.36045,1.36082,1.36004,1.36012,1677.67
1770607800,2026-02-09 03:30:00+00:00,1.36012,1.36015,1.35993,1.35993,1746.47
1770609600,2026-02-09 04:00:00+00:00,1.35995,1.36038,1.35995,1.36036,1691.75
1770611400,2026-02-09 04:30:00+00:00,1.36036,1.36056,1.36035,1.36043,1686.41
1770613200,2026-02-09 05:00:00+00:00,1.36049,1.3612,1.36038,1.36092,1738.04
1770615000,2026-02-09 05:30:00+00:00,1.36092,1.36175,1.36083,1.36143,1747.48
1770616800,2026-02-09 06:00:00+00:00,1.36143,1.36281,1.3614,1.36252,1728.1
1770618600,2026-02-09 06:30:00+00:00,1.36252,1.36269,1.36056,1.36188,1723.78
1770620400,2026-02-09 07:00:00+00:00,1.36164,1.36164,1.35905,1.36152,1757.8
1770622200,2026-02-09 07:30:00+00:00,1.36152,1.36156,1.36036,1.36051,1746.87
1770624000,2026-02-09 08:00:00+00:00,1.36045,1.36097,1.35994,1.36043,1704.83
1770625800,2026-02-09 08:30:00+00:00,1.36043,1.36054,1.35875,1.35995,1707.44
1770627600,2026-02-09 09:00:00+00:00,1.36019,1.36073,1.36014,1.36062,1745.97
1770629400,2026-02-09 09:30:00+00:00,1.36062,1.36114,1.35982,1.36006,1735.48
1770631200,2026-02-09 10:00:00+00:00,1.36012,1.36124,1.35961,1.36105,1727.77
1770633000,2026-02-09 10:30:00+00:00,1.36105,1.36151,1.35956,1.36117,1739.98
1770634800,2026-02-09 11:00:00+00:00,1.36086,1.36184,1.3603,1.36151,1698.0
1770636600,2026-02-09 11:30:00+00:00,1.36151,1.36429,1.3603,1.36405,1707.78
1770638400,2026-02-09 12:00:00+00:00,1.36394,1.36613,1.36394,1.36536,1783.62
1770640200,2026-02-09 12:30:00+00:00,1.36536,1.36614,1.36518,1.36606,1788.44
1770642000,2026-02-09 13:00:00+00:00,1.36618,1.36692,1.36439,1.36452,1753.06
1770643800,2026-02-09 13:30:00+00:00,1.36452,1.36632,1.36448,1.36489,1707.96
1770645600,2026-02-09 14:00:00+00:00,1.36515,1.36519,1.36256,1.36387,1742.88
1770647400,2026-02-09 14:30:00+00:00,1.36387,1.36513,1.36337,1.36416,1763.86
1770649200,2026-02-09 15:00:00+00:00,1.36452,1.36754,1.36452,1.36676,1760.85
1770651000,2026-02-09 15:30:00+00:00,1.36676,1.36866,1.36537,1.36803,1775.11
1770652800,2026-02-09 16:00:00+00:00,1.36791,1.36906,1.36678,1.36689,1738.91
1770654600,2026-02-09 16:30:00+00:00,1.36689,1.36741,1.36633,1.36676,1737.91
1770656400,2026-02-09 17:00:00+00:00,1.3667,1.36741,1.36644,1.36711,1746.98
1770658200,2026-02-09 17:30:00+00:00,1.36711,1.36756,1.36698,1.36733,1711.71
1770660000,2026-02-09 18:00:00+00:00,1.36717,1.36912,1.36666,1.36893,1725.38
1770661800,2026-02-09 18:30:00+00:00,1.36893,1.36915,1.36852,1.36896,1770.92
1770663600,2026-02-09 19:00:00+00:00,1.36911,1.37003,1.36853,1.36967,1708.99
1770665400,2026-02-09 19:30:00+00:00,1.36967,1.36997,1.36904,1.3696,1769.58
1770667200,2026-02-09 20:00:00+00:00,1.36968,1.36994,1.3693,1.36984,1767.93
1770669000,2026-02-09 20:30:00+00:00,1.36984,1.36991,1.36941,1.36962,1714.47
1770670800,2026-02-09 21:00:00+00:00,1.36954,1.36999,1.36919,1.36985,1739.81
1770672600,2026-02-09 21:30:00+00:00,1.36985,1.36999,1.36973,1.36979,1712.93
1770674400,2026-02-09 22:00:00+00:00,1.36936,1.36977,1.36891,1.36975,1781.16
1770676200,2026-02-09 22:30:00+00:00,1.36975,1.36977,1.36922,1.36949,1717.24
1770678000,2026-02-09 23:00:00+00:00,1.36954,1.36975,1.36836,1.36881,1679.51
1770679800,2026-02-09 23:30:00+00:00,1.36881,1.36895,1.36829,1.36829,1716.35
1770681600,2026-02-10 00:00:00+00:00,1.36831,1.36846,1.36774,1.36836,1728.16
1770683400,2026-02-10 00:30:00+00:00,1.36836,1.36842,1.36733,1.36801,1743.91
1770685200,2026-02-10 01:00:00+00:00,1.36818,1.36893,1.36755,1.36863,1705.96
1770687000,2026-02-10 01:30:00+00:00,1.36863,1.36872,1.36752,1.36842,1719.86
1770688800,2026-02-10 02:00:00+00:00,1.36853,1.36915,1.36851,1.36914,1778.04
1770690600,2026-02-10 02:30:00+00:00,1.36914,1.36936,1.36902,1.36936,1753.0
1770692400,2026-02-10 03:00:00+00:00,1.36936,1.36946,1.36886,1.3692,1772.84
1770694200,2026-02-10 03:30:00+00:00,1.3692,1.36966,1.36853,1.36853,1686.95
1770696000,2026-02-10 04:00:00+00:00,1.36859,1.36866,1.36837,1.36849,1727.24
1770697800,2026-02-10 04:30:00+00:00,1.36849,1.36868,1.3681,1.36827,1813.32
1770699600,2026-02-10 05:00:00+00:00,1.36834,1.3684,1.36782,1.36791,1788.31
1770701400,2026-02-10 05:30:00+00:00,1.36791,1.36835,1.36754,1.36786,1801.24
1770703200,2026-02-10 06:00:00+00:00,1.3678,1.36808,1.36697,1.36719,1764.77
1770705000,2026-02-10 06:30:00+00:00,1.36719,1.36814,1.36689,1.36707,1699.35
1770706800,2026-02-10 07:00:00+00:00,1.36739,1.36795,1.36685,1.3678,1721.29
1770708600,2026-02-10 07:30:00+00:00,1.3678,1.36785,1.36697,1.36698,1725.68
1770710400,2026-02-10 08:00:00+00:00,1.36728,1.36793,1.36648,1.36669,1770.21
1770712200,2026-02-10 08:30:00+00:00,1.36669,1.36773,1.36646,1.36707,1741.91
1770714000,2026-02-10 09:00:00+00:00,1.36709,1.36763,1.36666,1.36707,1771.16
1770715800,2026-02-10 09:30:00+00:00,1.36707,1.36836,1.36679,1.3669,1764.51
1770717600,2026-02-10 10:00:00+00:00,1.36689,1.36732,1.36583,1.36585,1730.79
1770719400,2026-02-10 10:30:00+00:00,1.36585,1.36707,1.3658,1.3667,1730.08
1770721200,2026-02-10 11:00:00+00:00,1.36655,1.36655,1.36646,1.3665,1750.47
1770723000,2026-02-10 11:30:00+00:00,1.3665,1.36651,1.36601,1.36634,1709.2
1770724800,2026-02-10 12:00:00+00:00,1.36642,1.36917,1.36629,1.36895,1739.73
1770726600,2026-02-10 12:30:00+00:00,1.36895,1.36917,1.36652,1.36913,1698.17
1770728400,2026-02-10 13:00:00+00:00,1.36857,1.369,1.36672,1.36787,1734.05
1770730200,2026-02-10 13:30:00+00:00,1.36787,1.36829,1.36672,1.36818,1758.17
1770732000,2026-02-10 14:00:00+00:00,1.3684,1.36867,1.36718,1.36761,1733.6
1770733800,2026-02-10 14:30:00+00:00,1.36761,1.36951,1.36723,1.36799,1685.3
1770735600,2026-02-10 15:00:00+00:00,1.36775,1.36797,1.36741,1.36785,1725.06
1770737400,2026-02-10 15:30:00+00:00,1.36785,1.36794,1.36545,1.36763,1746.61
1770739200,2026-02-10 16:00:00+00:00,1.36747,1.36747,1.36627,1.36629,1771.69
1770741000,2026-02-10 16:30:00+00:00,1.36629,1.36662,1.36608,1.36625,1707.55
1770742800,2026-02-10 17:00:00+00:00,1.36651,1.36653,1.36452,1.36527,1755.46
1770744600,2026-02-10 17:30:00+00:00,1.36527,1.36615,1.36472,1.36552,1735.83
1770746400,2026-02-10 18:00:00+00:00,1.36545,1.36545,1.36512,1.36514,1717.27
1770748200,2026-02-10 18:30:00+00:00,1.36514,1.36538,1.36435,1.3645,1741.42
1770750000,2026-02-10 19:00:00+00:00,1.36424,1.36565,1.36424,1.36547,1720.93
1770751800,2026-02-10 19:30:00+00:00,1.36547,1.36565,1.36531,1.36565,1741.02
1770753600,2026-02-10 20:00:00+00:00,1.36562,1.36575,1.36467,1.36471,1751.44
1770755400,2026-02-10 20:30:00+00:00,1.36471,1.36488,1.36446,1.36446,1726.08
1770757200,2026-02-10 21:00:00+00:00,1.36433,1.36444,1.36396,1.36411,1774.78
1770759000,2026-02-10 21:30:00+00:00,1.36411,1.36429,1.36394,1.36428,1747.11
1770760800,2026-02-10 22:00:00+00:00,1.36383,1.36572,1.36383,1.36539,1697.51
1770762600,2026-02-10 22:30:00+00:00,1.36539,1.36599,1.364,1.36411,1726.78
1770764400,2026-02-10 23:00:00+00:00,1.36387,1.36387,1.36339,1.36371,1715.21
1770766200,2026-02-10 23:30:00+00:00,1.36371,1.36377,1.3632,1.36344,1725.35
1770768000,2026-02-11 00:00:00+00:00,1.36333,1.36391,1.36312,1.36347,1777.92
1770769800,2026-02-11 00:30:00+00:00,1.36347,1.36429,1.36341,1.3639,1844.81
1770771600,2026-02-11 01:00:00+00:00,1.36403,1.3648,1.36401,1.36466,1736.68
1770773400,2026-02-11 01:30:00+00:00,1.36466,1.36491,1.36417,1.36448,1743.1
1770775200,2026-02-11 02:00:00+00:00,1.36452,1.36618,1.36452,1.36574,1727.78
1770777000,2026-02-11 02:30:00+00:00,1.36574,1.36618,1.36555,1.36578,1803.05
1770778800,2026-02-11 03:00:00+00:00,1.36584,1.36675,1.36556,1.36559,1712.6
1770780600,2026-02-11 03:30:00+00:00,1.36559,1.36676,1.36556,1.36646,1719.4
1770782400,2026-02-11 04:00:00+00:00,1.36655,1.36656,1.36597,1.36604,1713.7
1770784200,2026-02-11 04:30:00+00:00,1.36604,1.36696,1.36597,1.36606,1790.6
1770786000,2026-02-11 05:00:00+00:00,1.36601,1.36681,1.3659,1.36677,1737.75
1770787800,2026-02-11 05:30:00+00:00,1.36677,1.36704,1.36667,1.36698,1727.59
1770789600,2026-02-11 06:00:00+00:00,1.36707,1.3678,1.36683,1.36741,1768.23
1770791400,2026-02-11 06:30:00+00:00,1.36741,1.36755,1.36708,1.36713,1723.21
1770793200,2026-02-11 07:00:00+00:00,1.36696,1.36729,1.36659,1.3667,1735.54
1770795000,2026-02-11 07:30:00+00:00,1.3667,1.36737,1.36664,1.36733,1747.0
1770796800,2026-02-11 08:00:00+00:00,1.36747,1.36904,1.36698,1.36904,1718.69
1770798600,2026-02-11 08:30:00+00:00,1.36904,1.36934,1.36843,1.36915,1795.58
1770800400,2026-02-11 09:00:00+00:00,1.36939,1.36945,1.36851,1.3691,1731.29
1770802200,2026-02-11 09:30:00+00:00,1.3691,1.36994,1.36908,1.36962,1733.76
1770804000,2026-02-11 10:00:00+00:00,1.36962,1.37127,1.36868,1.36957,1716.89
1770805800,2026-02-11 10:30:00+00:00,1.36957,1.37127,1.36909,1.37076,1739.16
1770807600,2026-02-11 11:00:00+00:00,1.37065,1.37065,1.3693,1.36951,1715.26
1770809400,2026-02-11 11:30:00+00:00,1.36951,1.36962,1.36921,1.36921,1733.66
1770811200,2026-02-11 12:00:00+00:00,1.36919,1.36919,1.36861,1.36882,1713.81
1770813000,2026-02-11 12:30:00+00:00,1.36882,1.36887,1.36775,1.36806,1726.82
1770814800,2026-02-11 13:00:00+00:00,1.36806,1.36909,1.36615,1.36813,1709.34
1770816600,2026-02-11 13:30:00+00:00,1.36813,1.36819,1.36143,1.36482,1719.66
1770818400,2026-02-11 14:00:00+00:00,1.36413,1.36696,1.36413,1.36458,1760.3700000000001
1770820200,2026-02-11 14:30:00+00:00,1.36458,1.36629,1.36447,1.36534,1723.54
1770822000,2026-02-11 15:00:00+00:00,1.36575,1.36672,1.36481,1.36602,1745.6799999999998
1770823800,2026-02-11 15:30:00+00:00,1.36602,1.36624,1.36292,1.36321,1764.47
1770825600,2026-02-11 16:00:00+00:00,1.36333,1.36408,1.36297,1.36399,1804.8700000000001
1770827400,2026-02-11 16:30:00+00:00,1.36399,1.36554,1.36371,1.36517,1715.1200000000001
1770829200,2026-02-11 17:00:00+00:00,1.3653,1.36674,1.36459,1.36501,1744.32
1770831000,2026-02-11 17:30:00+00:00,1.36501,1.36666,1.36459,1.36584,1742.36
1770832800,2026-02-11 18:00:00+00:00,1.36582,1.36586,1.36519,1.36524,1765.67
1770834600,2026-02-11 18:30:00+00:00,1.36524,1.3653,1.36424,1.36424,1682.31
1770836400,2026-02-11 19:00:00+00:00,1.36394,1.36398,1.36333,1.36369,1679.92
1770838200,2026-02-11 19:30:00+00:00,1.36369,1.3637,1.36333,1.36333,1733.1
1770840000,2026-02-11 20:00:00+00:00,1.36336,1.36348,1.36288,1.36304,1693.28
1770841800,2026-02-11 20:30:00+00:00,1.36304,1.36311,1.36219,1.36219,1785.67
1770843600,2026-02-11 21:00:00+00:00,1.36216,1.36269,1.36192,1.36227,1717.27
1770845400,2026-02-11 21:30:00+00:00,1.36227,1.36292,1.36225,1.36292,1762.24
1770847200,2026-02-11 22:00:00+00:00,1.36281,1.36361,1.36264,1.36267,1710.71
1770849000,2026-02-11 22:30:00+00:00,1.36267,1.363,1.36249,1.36262,1704.22
1770850800,2026-02-11 23:00:00+00:00,1.36243,1.36286,1.36229,1.36239,1773.89
1770852600,2026-02-11 23:30:00+00:00,1.36239,1.36277,1.3621,1.36231,1814.49
1770854400,2026-02-12 00:00:00+00:00,1.36234,1.36312,1.36164,1.36297,1769.15
1770856200,2026-02-12 00:30:00+00:00,1.36297,1.36314,1.36247,1.36314,1759.43
1770858000,2026-02-12 01:00:00+00:00,1.3631,1.36324,1.36275,1.36279,1690.65
1770859800,2026-02-12 01:30:00+00:00,1.36279,1.36394,1.36275,1.36387,1738.35
1770861600,2026-02-12 02:00:00+00:00,1.36414,1.36414,1.36388,1.36411,1716.58
1770863400,2026-02-12 02:30:00+00:00,1.36411,1.36414,1.36312,1.3634,1760.42
1770865200,2026-02-12 03:00:00+00:00,1.36355,1.36375,1.36294,1.36351,1701.17
1770867000,2026-02-12 03:30:00+00:00,1.36351,1.36372,1.36284,1.3632,1721.49
1770868800,2026-02-12 04:00:00+00:00,1.36323,1.36355,1.36269,1.36298,1709.21
1770870600,2026-02-12 04:30:00+00:00,1.36298,1.36336,1.36214,1.36249,1666.27
1770872400,2026-02-12 05:00:00+00:00,1.3626,1.3626,1.3621,1.36213,1798.39
1770874200,2026-02-12 05:30:00+00:00,1.36213,1.36227,1.36182,1.36214,1754.94
1770876000,2026-02-12 06:00:00+00:00,1.36223,1.36247,1.36164,1.36233,1711.58
1770877800,2026-02-12 06:30:00+00:00,1.36233,1.36245,1.36056,1.36173,1745.54
1770879600,2026-02-12 07:00:00+00:00,1.3614,1.3621,1.3614,1.36181,1662.57
1770881400,2026-02-12 07:30:00+00:00,1.36181,1.36348,1.36168,1.3632,1779.44
1770883200,2026-02-12 08:00:00+00:00,1.36349,1.36386,1.36281,1.36335,1719.06
1770885000,2026-02-12 08:30:00+00:00,1.36335,1.36467,1.3632,1.36387,1744.43
1770886800,2026-02-12 09:00:00+00:00,1.36377,1.36433,1.36377,1.36411,1767.58
1770888600,2026-02-12 09:30:00+00:00,1.36411,1.36539,1.36407,1.36478,1767.69
1770890400,2026-02-12 10:00:00+00:00,1.36502,1.36502,1.36426,1.36436,1733.24
1770892200,2026-02-12 10:30:00+00:00,1.36436,1.36447,1.36377,1.36392,1715.8999999999999
1770894000,2026-02-12 11:00:00+00:00,1.3639,1.3645,1.36364,1.36448,1759.87
1770895800,2026-02-12 11:30:00+00:00,1.36448,1.36506,1.36407,1.36506,1707.29
1770897600,2026-02-12 12:00:00+00:00,1.365,1.365,1.36387,1.36433,1727.0
1770899400,2026-02-12 12:30:00+00:00,1.36433,1.36474,1.36236,1.3629,1744.56
1770901200,2026-02-12 13:00:00+00:00,1.36307,1.36395,1.36303,1.36366,1765.92
1770903000,2026-02-12 13:30:00+00:00,1.36366,1.36513,1.36353,1.36487,1739.49
1770904800,2026-02-12 14:00:00+00:00,1.36506,1.36601,1.36444,1.36587,1764.48
1770906600,2026-02-12 14:30:00+00:00,1.36587,1.36676,1.36529,1.36621,1779.34
1770908400,2026-02-12 15:00:00+00:00,1.36653,1.36715,1.36622,1.36663,1735.62
1770910200,2026-02-12 15:30:00+00:00,1.36663,1.36677,1.36508,1.36556,1722.39
1770912000,2026-02-12 16:00:00+00:00,1.36567,1.36567,1.36347,1.36359,1799.68
1770913800,2026-02-12 16:30:00+00:00,1.36359,1.36369,1.36173,1.36288,1698.2
1770915600,2026-02-12 17:00:00+00:00,1.36308,1.36308,1.36229,1.36276,1759.54
1770917400,2026-02-12 17:30:00+00:00,1.36276,1.3628,1.36197,1.36201,1718.04
1770919200,2026-02-12 18:00:00+00:00,1.36197,1.36218,1.36143,1.36181,1704.93
1770921000,2026-02-12 18:30:00+00:00,1.36181,1.36194,1.36062,1.36182,1716.75
1770922800,2026-02-12 19:00:00+00:00,1.36171,1.36268,1.36164,1.36247,1775.06
1770924600,2026-02-12 19:30:00+00:00,1.36247,1.36267,1.36201,1.36243,1763.31
1770926400,2026-02-12 20:00:00+00:00,1.36245,1.36253,1.3616,1.36232,1708.03
1770928200,2026-02-12 20:30:00+00:00,1.36232,1.36239,1.36173,1.36218,1758.21
1770930000,2026-02-12 21:00:00+00:00,1.36216,1.36225,1.36198,1.36211,1732.44
1770931800,2026-02-12 21:30:00+00:00,1.36211,1.36245,1.36182,1.36232,1790.01
1770933600,2026-02-12 22:00:00+00:00,1.36119,1.36269,1.36119,1.3623,1689.42
1770935400,2026-02-12 22:30:00+00:00,1.3623,1.36266,1.36191,1.36231,1748.63
1770937200,2026-02-12 23:00:00+00:00,1.36225,1.36225,1.36187,1.36223,1747.79
1770939000,2026-02-12 23:30:00+00:00,1.36223,1.36231,1.36175,1.3618,1701.77
1770940800,2026-02-13 00:00:00+00:00,1.36192,1.36216,1.36165,1.36207,1695.46
1770942600,2026-02-13 00:30:00+00:00,1.36207,1.36211,1.36156,1.3621,1783.07
1770944400,2026-02-13 01:00:00+00:00,1.36214,1.36223,1.36136,1.36146,1698.4
1770946200,2026-02-13 01:30:00+00:00,1.36146,1.36175,1.36136,1.36143,1706.56
1770948000,2026-02-13 02:00:00+00:00,1.36175,1.36229,1.36143,1.36185,1747.4
1770949800,2026-02-13 02:30:00+00:00,1.36185,1.36243,1.36136,1.36205,1740.54
1770951600,2026-02-13 03:00:00+00:00,1.36218,1.36232,1.36156,1.36168,1676.11
1770953400,2026-02-13 03:30:00+00:00,1.36168,1.36198,1.36156,1.36156,1746.96
1770955200,2026-02-13 04:00:00+00:00,1.36156,1.36177,1.36111,1.36114,1722.23
1770957000,2026-02-13 04:30:00+00:00,1.36114,1.3613,1.36097,1.36116,1706.55
1770958800,2026-02-13 05:00:00+00:00,1.36123,1.36141,1.36003,1.36082,1735.6
1770960600,2026-02-13 05:30:00+00:00,1.36082,1.36135,1.36033,1.36038,1727.23
1770962400,2026-02-13 06:00:00+00:00,1.3604,1.36067,1.35997,1.36011,1753.08
1770964200,2026-02-13 06:30:00+00:00,1.36011,1.36033,1.3596,1.36025,1719.73
1770966000,2026-02-13 07:00:00+00:00,1.3601,1.36052,1.35925,1.36049,1768.73
1770967800,2026-02-13 07:30:00+00:00,1.36049,1.36175,1.36042,1.36143,1766.39
1770969600,2026-02-13 08:00:00+00:00,1.36149,1.36267,1.36127,1.36267,1779.31
1770971400,2026-02-13 08:30:00+00:00,1.36267,1.36286,1.36206,1.36251,1744.1100000000001
1770973200,2026-02-13 09:00:00+00:00,1.36238,1.36288,1.36226,1.36232,1767.71
1770975000,2026-02-13 09:30:00+00:00,1.36232,1.36252,1.36218,1.36236,1718.95
1770976800,2026-02-13 10:00:00+00:00,1.36231,1.36266,1.36158,1.36168,1756.01
1770978600,2026-02-13 10:30:00+00:00,1.36168,1.36266,1.36158,1.36184,1721.02
1770980400,2026-02-13 11:00:00+00:00,1.36188,1.36197,1.36072,1.36082,1673.57
1770982200,2026-02-13 11:30:00+00:00,1.36082,1.36087,1.36025,1.36025,1760.32
1770984000,2026-02-13 12:00:00+00:00,1.36034,1.36095,1.36006,1.36075,1729.91
1770985800,2026-02-13 12:30:00+00:00,1.36075,1.36095,1.36028,1.36066,1701.87
1770987600,2026-02-13 13:00:00+00:00,1.36084,1.3627,1.36054,1.36227,1751.94
1770989400,2026-02-13 13:30:00+00:00,1.36227,1.36387,1.36178,1.36353,1722.64
1770991200,2026-02-13 14:00:00+00:00,1.36355,1.36362,1.36177,1.36193,1772.84
1770993000,2026-02-13 14:30:00+00:00,1.36193,1.36396,1.36188,1.36279,1754.7
1770994800,2026-02-13 15:00:00+00:00,1.36273,1.36403,1.36162,1.36393,1718.91
1770996600,2026-02-13 15:30:00+00:00,1.36393,1.3647,1.36123,1.36147,1724.66
1770998400,2026-02-13 16:00:00+00:00,1.36136,1.36282,1.36097,1.36261,1775.42
1771000200,2026-02-13 16:30:00+00:00,1.36261,1.36435,1.3626,1.36435,1766.63
1771002000,2026-02-13 17:00:00+00:00,1.36433,1.36548,1.3639,1.36536,1775.43
1771003800,2026-02-13 17:30:00+00:00,1.36536,1.36577,1.36463,1.36506,1723.56
1771005600,2026-02-13 18:00:00+00:00,1.36491,1.36543,1.36489,1.36538,1694.83
1771007400,2026-02-13 18:30:00+00:00,1.36538,1.36545,1.36468,1.36517,1735.86
1771009200,2026-02-13 19:00:00+00:00,1.36532,1.3655,1.36435,1.3655,1753.9
1771011000,2026-02-13 19:30:00+00:00,1.3655,1.3655,1.36435,1.36435,1737.73
1771012800,2026-02-13 20:00:00+00:00,1.36446,1.36554,1.36428,1.36531,1773.64
1771014600,2026-02-13 20:30:00+00:00,1.36531,1.36554,1.36472,1.3655,1772.01
1771016400,2026-02-13 21:00:00+00:00,1.36567,1.36569,1.36493,1.36515,1678.05
1771018200,2026-02-13 21:30:00+00:00,1.36515,1.36586,1.36514,1.36554,1756.52
1771020000,2026-02-13 22:00:00+00:00,1.36565,1.36565,1.36565,1.36565,1720.04
1771021800,2026-02-13 22:30:00+00:00,1.36565,1.36565,1.36565,1.36565,1760.04
1771200000,2026-02-16 00:00:00+00:00,1.36474,1.36483,1.3642,1.36456,1757.67
1771201800,2026-02-16 00:30:00+00:00,1.36456,1.36473,1.36413,1.36413,1751.07
1771203600,2026-02-16 01:00:00+00:00,1.36411,1.3643,1.36387,1.36396,1736.96
1771205400,2026-02-16 01:30:00+00:00,1.36396,1.36444,1.36387,1.36444,1778.42
1771207200,2026-02-16 02:00:00+00:00,1.36457,1.36457,1.36394,1.36426,1751.95
1771209000,2026-02-16 02:30:00+00:00,1.36426,1.36444,1.364,1.36428,1764.79
1771210800,2026-02-16 03:00:00+00:00,1.36428,1.36454,1.36385,1.36405,1735.81
1771212600,2026-02-16 03:30:00+00:00,1.36405,1.36424,1.36397,1.36422,1719.52
1771214400,2026-02-16 04:00:00+00:00,1.36424,1.36437,1.36366,1.36366,1740.54
1771216200,2026-02-16 04:30:00+00:00,1.36366,1.36422,1.36366,1.36398,1761.6
1771218000,2026-02-16 05:00:00+00:00,1.36398,1.36407,1.36362,1.36405,1747.34
1771219800,2026-02-16 05:30:00+00:00,1.36405,1.36407,1.36373,1.364,1705.6000000000001
1771221600,2026-02-16 06:00:00+00:00,1.36388,1.36469,1.36388,1.3643,1723.76
1771223400,2026-02-16 06:30:00+00:00,1.3643,1.36487,1.36388,1.36428,1754.95
1771225200,2026-02-16 07:00:00+00:00,1.36431,1.36438,1.36377,1.3643,1724.45
1771227000,2026-02-16 07:30:00+00:00,1.3643,1.36485,1.36396,1.36441,1706.56
1771228800,2026-02-16 08:00:00+00:00,1.36446,1.36557,1.36418,1.36555,1731.44
1771230600,2026-02-16 08:30:00+00:00,1.36555,1.36597,1.3652,1.36528,1756.93
1771232400,2026-02-16 09:00:00+00:00,1.36517,1.36549,1.36435,1.36474,1722.16
1771234200,2026-02-16 09:30:00+00:00,1.36474,1.36614,1.36455,1.36463,1714.15
1771236000,2026-02-16 10:00:00+00:00,1.36446,1.36498,1.36439,1.36492,1753.09
1771237800,2026-02-16 10:30:00+00:00,1.36492,1.36511,1.36483,1.36511,1696.17
1771239600,2026-02-16 11:00:00+00:00,1.36506,1.36506,1.3644,1.36454,1703.34
1771241400,2026-02-16 11:30:00+00:00,1.36454,1.3649,1.36435,1.36448,1710.72
1771243200,2026-02-16 12:00:00+00:00,1.36468,1.36515,1.36414,1.36441,1734.38
1771245000,2026-02-16 12:30:00+00:00,1.36441,1.36469,1.36401,1.36424,1686.98
1771246800,2026-02-16 13:00:00+00:00,1.36444,1.36474,1.36407,1.36414,1720.3899999999999
1771248600,2026-02-16 13:30:00+00:00,1.36414,1.36422,1.36295,1.36336,1785.09
1771250400,2026-02-16 14:00:00+00:00,1.36342,1.36409,1.36308,1.36397,1769.62
1771252200,2026-02-16 14:30:00+00:00,1.36397,1.36409,1.36326,1.36359,1680.57
1771254000,2026-02-16 15:00:00+00:00,1.36379,1.36379,1.3631,1.3633,1741.81
1771255800,2026-02-16 15:30:00+00:00,1.3633,1.36349,1.36295,1.36335,1709.74
1771257600,2026-02-16 16:00:00+00:00,1.36336,1.36349,1.36286,1.36339,1766.3799999999999
1771259400,2026-02-16 16:30:00+00:00,1.36339,1.36347,1.36262,1.36286,1757.77
1771261200,2026-02-16 17:00:00+00:00,1.36299,1.3631,1.36269,1.36271,1734.72
1771263000,2026-02-16 17:30:00+00:00,1.36271,1.3631,1.36266,1.36277,1708.82
1771264800,2026-02-16 18:00:00+00:00,1.36279,1.36318,1.36273,1.36312,1736.21
1771266600,2026-02-16 18:30:00+00:00,1.36312,1.36317,1.36284,1.36292,1770.96
1771268400,2026-02-16 19:00:00+00:00,1.36292,1.36315,1.36292,1.36312,1704.0
1771270200,2026-02-16 19:30:00+00:00,1.36312,1.36335,1.3631,1.36329,1742.49
1771272000,2026-02-16 20:00:00+00:00,1.36325,1.36329,1.36312,1.36323,1799.44
1771273800,2026-02-16 20:30:00+00:00,1.36323,1.36325,1.36307,1.36314,1724.79
1771275600,2026-02-16 21:00:00+00:00,1.36307,1.36308,1.36262,1.36308,1755.03
1771277400,2026-02-16 21:30:00+00:00,1.36308,1.36308,1.36273,1.36303,1699.43
1771279200,2026-02-16 22:00:00+00:00,1.36379,1.36379,1.36286,1.36312,1739.73
1771281000,2026-02-16 22:30:00+00:00,1.36312,1.36346,1.36286,1.36336,1748.87
1771282800,2026-02-16 23:00:00+00:00,1.36288,1.36288,1.36249,1.3628,1793.82
1771284600,2026-02-16 23:30:00+00:00,1.3628,1.36287,1.36203,1.36269,1679.45
1771286400,2026-02-17 00:00:00+00:00,1.36279,1.36292,1.36244,1.36292,1761.3899999999999
1771288200,2026-02-17 00:30:00+00:00,1.36292,1.36292,1.36195,1.36203,1793.51
1771290000,2026-02-17 01:00:00+00:00,1.36218,1.36218,1.36196,1.36197,1712.91
1771291800,2026-02-17 01:30:00+00:00,1.36197,1.36212,1.36154,1.36167,1723.35
1771293600,2026-02-17 02:00:00+00:00,1.36182,1.36208,1.36146,1.36148,1716.31
1771295400,2026-02-17 02:30:00+00:00,1.36148,1.36197,1.36125,1.36145,1754.14
1771297200,2026-02-17 03:00:00+00:00,1.36145,1.36145,1.36112,1.36116,1741.11
1771299000,2026-02-17 03:30:00+00:00,1.36116,1.36144,1.36067,1.36127,1829.73
1771300800,2026-02-17 04:00:00+00:00,1.36132,1.36134,1.36071,1.36133,1705.32
1771302600,2026-02-17 04:30:00+00:00,1.36133,1.36136,1.36111,1.36121,1750.59
1771304400,2026-02-17 05:00:00+00:00,1.36125,1.36125,1.36085,1.36115,1746.51
1771306200,2026-02-17 05:30:00+00:00,1.36115,1.36122,1.36045,1.36077,1715.48
1771308000,2026-02-17 06:00:00+00:00,1.36093,1.36104,1.36093,1.36099,1740.3
1771309800,2026-02-17 06:30:00+00:00,1.36099,1.36154,1.36098,1.36127,1678.86
1771311600,2026-02-17 07:00:00+00:00,1.35897,1.35897,1.35666,1.35677,1774.16
1771313400,2026-02-17 07:30:00+00:00,1.35677,1.35897,1.35534,1.35615,1815.64
1771315200,2026-02-17 08:00:00+00:00,1.35615,1.35827,1.35615,1.35719,1713.53
1771317000,2026-02-17 08:30:00+00:00,1.35719,1.35906,1.35672,1.35871,1772.08
1771318800,2026-02-17 09:00:00+00:00,1.35882,1.3595,1.35858,1.35886,1729.56
1771320600,2026-02-17 09:30:00+00:00,1.35886,1.35969,1.35882,1.35916,1727.9
1771322400,2026-02-17 10:00:00+00:00,1.35905,1.36051,1.35905,1.35917,1773.67
1771324200,2026-02-17 10:30:00+00:00,1.35917,1.36051,1.35905,1.35942,1730.24
1771326000,2026-02-17 11:00:00+00:00,1.3596,1.3597,1.35652,1.35923,1713.64
1771327800,2026-02-17 11:30:00+00:00,1.35923,1.35988,1.35624,1.35656,1731.91
1771329600,2026-02-17 12:00:00+00:00,1.35645,1.35707,1.35481,1.3554,1769.33
1771331400,2026-02-17 12:30:00+00:00,1.3554,1.35562,1.35481,1.35487,1787.65
1771333200,2026-02-17 13:00:00+00:00,1.35492,1.35494,1.35286,1.35292,1723.01
1771335000,2026-02-17 13:30:00+00:00,1.35292,1.35453,1.35258,1.35258,1726.1299999999999
1771336800,2026-02-17 14:00:00+00:00,1.35217,1.35223,1.35195,1.35198,1703.76
1771338600,2026-02-17 14:30:00+00:00,1.35198,1.35298,1.35195,1.35203,1737.15
1771340400,2026-02-17 15:00:00+00:00,1.35188,1.35237,1.3514,1.35155,1755.62
1771342200,2026-02-17 15:30:00+00:00,1.35155,1.35164,1.34982,1.3504,1700.69
1771344000,2026-02-17 16:00:00+00:00,1.35037,1.35168,1.35037,1.35106,1714.92
1771345800,2026-02-17 16:30:00+00:00,1.35106,1.35404,1.35104,1.35384,1777.41
1771347600,2026-02-17 17:00:00+00:00,1.35356,1.35496,1.35356,1.35392,1717.5
1771349400,2026-02-17 17:30:00+00:00,1.35392,1.35494,1.35356,1.35487,1767.83
1771351200,2026-02-17 18:00:00+00:00,1.35474,1.35521,1.35444,1.35477,1746.26
1771353000,2026-02-17 18:30:00+00:00,1.35477,1.35615,1.35475,1.35604,1703.4
1771354800,2026-02-17 19:00:00+00:00,1.35601,1.35613,1.35585,1.35605,1808.16
1771356600,2026-02-17 19:30:00+00:00,1.35605,1.35623,1.35564,1.35615,1700.51
1771358400,2026-02-17 20:00:00+00:00,1.35613,1.35643,1.35613,1.35634,1686.42
1771360200,2026-02-17 20:30:00+00:00,1.35634,1.35638,1.35577,1.35626,1703.8799999999999
1771362000,2026-02-17 21:00:00+00:00,1.35634,1.35668,1.35606,1.35657,1708.97
1771363800,2026-02-17 21:30:00+00:00,1.35657,1.35693,1.35656,1.35691,1678.31
1771365600,2026-02-17 22:00:00+00:00,1.35584,1.35693,1.35584,1.35659,1720.3600000000001
1771367400,2026-02-17 22:30:00+00:00,1.35659,1.35667,1.35604,1.35639,1768.93
1771369200,2026-02-17 23:00:00+00:00,1.35676,1.35702,1.35632,1.35701,1762.03
1771371000,2026-02-17 23:30:00+00:00,1.35701,1.35722,1.35632,1.35637,1696.83
1771372800,2026-02-18 00:00:00+00:00,1.35652,1.35666,1.35638,1.35665,1765.58
1771374600,2026-02-18 00:30:00+00:00,1.35665,1.35667,1.35623,1.35636,1725.37
1771376400,2026-02-18 01:00:00+00:00,1.35599,1.35623,1.35594,1.35605,1765.8799999999999
1771378200,2026-02-18 01:30:00+00:00,1.35605,1.35607,1.35549,1.35595,1716.42
1771380000,2026-02-18 02:00:00+00:00,1.35556,1.35584,1.35549,1.35584,1704.24
1771381800,2026-02-18 02:30:00+00:00,1.35584,1.35584,1.35533,1.35553,1701.92
1771383600,2026-02-18 03:00:00+00:00,1.35553,1.35563,1.35536,1.35542,1706.85
1771385400,2026-02-18 03:30:00+00:00,1.35542,1.35582,1.35536,1.35536,1733.4
1771387200,2026-02-18 04:00:00+00:00,1.35536,1.3556,1.35515,1.35555,1737.46
1771389000,2026-02-18 04:30:00+00:00,1.35555,1.3556,1.35503,1.35542,1724.15
1771390800,2026-02-18 05:00:00+00:00,1.35551,1.35597,1.35549,1.35565,1793.8
1771392600,2026-02-18 05:30:00+00:00,1.35565,1.35597,1.35564,1.35597,1762.15
1771394400,2026-02-18 06:00:00+00:00,1.35601,1.35669,1.35563,1.35567,1742.65
1771396200,2026-02-18 06:30:00+00:00,1.35567,1.35669,1.35551,1.35669,1767.44
1771398000,2026-02-18 07:00:00+00:00,1.35748,1.35748,1.35553,1.35553,1724.48
1771399800,2026-02-18 07:30:00+00:00,1.35553,1.35732,1.35553,1.35613,1800.32
1771401600,2026-02-18 08:00:00+00:00,1.35636,1.35664,1.35582,1.35663,1766.29
1771403400,2026-02-18 08:30:00+00:00,1.35663,1.3568,1.35642,1.35669,1714.06
1771405200,2026-02-18 09:00:00+00:00,1.35682,1.35785,1.35675,1.35705,1710.3600000000001
1771407000,2026-02-18 09:30:00+00:00,1.35705,1.35755,1.35667,1.3575,1736.39
1771408800,2026-02-18 10:00:00+00:00,1.35761,1.35823,1.35708,1.35757,1778.2
1771410600,2026-02-18 10:30:00+00:00,1.35757,1.35758,1.35663,1.35674,1729.87
1771412400,2026-02-18 11:00:00+00:00,1.35669,1.35692,1.35656,1.35667,1725.9
1771414200,2026-02-18 11:30:00+00:00,1.35667,1.35746,1.35656,1.35742,1792.3799999999999
1771416000,2026-02-18 12:00:00+00:00,1.35766,1.35803,1.35708,1.35711,1745.83
1771417800,2026-02-18 12:30:00+00:00,1.35711,1.35752,1.35704,1.35748,1791.08
1771419600,2026-02-18 13:00:00+00:00,1.35744,1.35814,1.35651,1.35781,1717.68
1771421400,2026-02-18 13:30:00+00:00,1.35781,1.35788,1.35527,1.35527,1720.96
1771423200,2026-02-18 14:00:00+00:00,1.35529,1.35586,1.35426,1.35463,1711.33
1771425000,2026-02-18 14:30:00+00:00,1.35463,1.35586,1.35349,1.35371,1710.9
1771426800,2026-02-18 15:00:00+00:00,1.35369,1.35533,1.35369,1.35503,1706.06
1771428600,2026-02-18 15:30:00+00:00,1.35503,1.35519,1.35378,1.35466,1733.22
1771430400,2026-02-18 16:00:00+00:00,1.35454,1.35506,1.35356,1.35406,1752.65
1771432200,2026-02-18 16:30:00+00:00,1.35406,1.35573,1.35356,1.35356,1766.37
1771434000,2026-02-18 17:00:00+00:00,1.35353,1.35363,1.35137,1.35192,1737.4
1771435800,2026-02-18 17:30:00+00:00,1.35192,1.35367,1.35183,1.35203,1745.46
1771437600,2026-02-18 18:00:00+00:00,1.35227,1.35241,1.351,1.35199,1716.56
1771439400,2026-02-18 18:30:00+00:00,1.35199,1.35202,1.35071,1.35128,1692.92
1771441200,2026-02-18 19:00:00+00:00,1.35073,1.35131,1.35015,1.35032,1696.27
1771443000,2026-02-18 19:30:00+00:00,1.35032,1.35053,1.3498,1.35007,1715.04
1771444800,2026-02-18 20:00:00+00:00,1.35011,1.35044,1.35006,1.35026,1739.83
1771446600,2026-02-18 20:30:00+00:00,1.35026,1.35036,1.34969,1.34995,1732.93
1771448400,2026-02-18 21:00:00+00:00,1.35004,1.35022,1.34939,1.3495,1732.05
1771450200,2026-02-18 21:30:00+00:00,1.3495,1.35015,1.34931,1.34945,1761.92
1771452000,2026-02-18 22:00:00+00:00,1.34933,1.35004,1.349,1.34928,1804.75
1771453800,2026-02-18 22:30:00+00:00,1.34928,1.35024,1.34923,1.34989,1757.35
1771455600,2026-02-18 23:00:00+00:00,1.34982,1.34991,1.34951,1.34952,1758.99
1771457400,2026-02-18 23:30:00+00:00,1.34952,1.34961,1.34947,1.34958,1757.46
1771459200,2026-02-19 00:00:00+00:00,1.3496,1.34973,1.34918,1.34918,1693.04
1771461000,2026-02-19 00:30:00+00:00,1.34918,1.34934,1.34895,1.34895,1736.28
1771462800,2026-02-19 01:00:00+00:00,1.34915,1.34974,1.34915,1.34969,1686.53
1771464600,2026-02-19 01:30:00+00:00,1.34969,1.34984,1.34966,1.34973,1698.13
1771466400,2026-02-19 02:00:00+00:00,1.34962,1.34964,1.34929,1.34939,1712.0
1771468200,2026-02-19 02:30:00+00:00,1.34939,1.34978,1.34929,1.34951,1700.88
1771470000,2026-02-19 03:00:00+00:00,1.34953,1.34978,1.34905,1.34962,1714.78
1771471800,2026-02-19 03:30:00+00:00,1.34962,1.34978,1.34893,1.34913,1777.08
1771473600,2026-02-19 04:00:00+00:00,1.34931,1.34931,1.34902,1.3491,1684.82
1771475400,2026-02-19 04:30:00+00:00,1.3491,1.3492,1.34825,1.34845,1780.08
1771477200,2026-02-19 05:00:00+00:00,1.34836,1.34848,1.34814,1.34846,1775.2
1771479000,2026-02-19 05:30:00+00:00,1.34846,1.3488,1.34843,1.34876,1762.44
1771480800,2026-02-19 06:00:00+00:00,1.34876,1.34954,1.34862,1.34877,1792.43
1771482600,2026-02-19 06:30:00+00:00,1.34877,1.35026,1.34862,1.35007,1721.54
1771484400,2026-02-19 07:00:00+00:00,1.34982,1.35086,1.3496,1.35035,1685.43
1771486200,2026-02-19 07:30:00+00:00,1.35035,1.35122,1.34998,1.35111,1741.8799999999999
1771488000,2026-02-19 08:00:00+00:00,1.35108,1.35161,1.35031,1.35153,1765.93
1771489800,2026-02-19 08:30:00+00:00,1.35153,1.35161,1.35041,1.35057,1718.55
1771491600,2026-02-19 09:00:00+00:00,1.35077,1.35163,1.34964,1.35107,1706.44
1771493400,2026-02-19 09:30:00+00:00,1.35107,1.35125,1.34964,1.35038,1764.8799999999999
1771495200,2026-02-19 10:00:00+00:00,1.35049,1.35068,1.34964,1.35016,1719.3899999999999
1771497000,2026-02-19 10:30:00+00:00,1.35016,1.35068,1.34858,1.34873,1718.61
1771498800,2026-02-19 11:00:00+00:00,1.34871,1.34918,1.3471,1.34721,1779.67
1771500600,2026-02-19 11:30:00+00:00,1.34721,1.34729,1.34666,1.34671,1708.02
1771502400,2026-02-19 12:00:00+00:00,1.34649,1.34722,1.34646,1.34717,1730.8
1771504200,2026-02-19 12:30:00+00:00,1.34717,1.34727,1.34597,1.34637,1783.82
1771506000,2026-02-19 13:00:00+00:00,1.34637,1.34662,1.34508,1.34586,1715.02
1771507800,2026-02-19 13:30:00+00:00,1.34586,1.34698,1.34553,1.34666,1764.95
1771509600,2026-02-19 14:00:00+00:00,1.34651,1.34651,1.34353,1.34448,1804.6
1771511400,2026-02-19 14:30:00+00:00,1.34448,1.34504,1.34353,1.34423,1741.21
1771513200,2026-02-19 15:00:00+00:00,1.34448,1.34738,1.34448,1.34469,1772.72
1771515000,2026-02-19 15:30:00+00:00,1.34469,1.34572,1.34448,1.3455,1713.91
1771516800,2026-02-19 16:00:00+00:00,1.34541,1.34561,1.34401,1.34457,1681.3600000000001
1771518600,2026-02-19 16:30:00+00:00,1.34457,1.34481,1.3441,1.34457,1806.43
1771520400,2026-02-19 17:00:00+00:00,1.34443,1.34553,1.34396,1.34553,1741.0
1771522200,2026-02-19 17:30:00+00:00,1.34553,1.34557,1.34503,1.34532,1727.5900000000001
1771524000,2026-02-19 18:00:00+00:00,1.34535,1.3462,1.34523,1.34617,1740.47
1771525800,2026-02-19 18:30:00+00:00,1.34617,1.34658,1.34601,1.34602,1704.48
1771527600,2026-02-19 19:00:00+00:00,1.34658,1.34658,1.34505,1.34519,1690.71
1771529400,2026-02-19 19:30:00+00:00,1.34519,1.34568,1.34494,1.34513,1737.06
1771531200,2026-02-19 20:00:00+00:00,1.3453,1.34568,1.3453,1.3453,1732.82
1771533000,2026-02-19 20:30:00+00:00,1.3453,1.34599,1.3453,1.34582,1729.47
1771534800,2026-02-19 21:00:00+00:00,1.34593,1.34735,1.34593,1.34601,1723.6
1771536600,2026-02-19 21:30:00+00:00,1.34601,1.34658,1.34593,1.34647,1760.95
1771538400,2026-02-19 22:00:00+00:00,1.34666,1.347,1.34622,1.3463,1778.95
1771540200,2026-02-19 22:30:00+00:00,1.3463,1.34673,1.34609,1.34667,1707.1399999999999
1771542000,2026-02-19 23:00:00+00:00,1.34671,1.34698,1.34628,1.34634,1720.99
1771543800,2026-02-19 23:30:00+00:00,1.34634,1.34642,1.34606,1.34617,1723.7
1771545600,2026-02-20 00:00:00+00:00,1.34606,1.34642,1.34601,1.34637,1769.52
1771547400,2026-02-20 00:30:00+00:00,1.34637,1.34646,1.34564,1.34611,1739.24
1771549200,2026-02-20 01:00:00+00:00,1.34608,1.34633,1.34458,1.3447,1680.57
1771551000,2026-02-20 01:30:00+00:00,1.3447,1.34512,1.3443,1.34472,1699.82
1771552800,2026-02-20 02:00:00+00:00,1.34474,1.34474,1.34358,1.3439,1733.34
1771554600,2026-02-20 02:30:00+00:00,1.3439,1.34432,1.3436,1.34427,1784.16
1771556400,2026-02-20 03:00:00+00:00,1.34421,1.34454,1.34394,1.34438,1776.2
1771558200,2026-02-20 03:30:00+00:00,1.34438,1.34463,1.34423,1.34436,1753.73
1771560000,2026-02-20 04:00:00+00:00,1.34434,1.34477,1.34391,1.34411,1758.13
1771561800,2026-02-20 04:30:00+00:00,1.34411,1.34474,1.34391,1.34403,1801.85
1771563600,2026-02-20 05:00:00+00:00,1.34403,1.34464,1.34383,1.34389,1719.57
1771565400,2026-02-20 05:30:00+00:00,1.34389,1.34474,1.34389,1.34463,1776.62
1771567200,2026-02-20 06:00:00+00:00,1.34454,1.34488,1.34439,1.34453,1738.06
1771569000,2026-02-20 06:30:00+00:00,1.34453,1.34484,1.34421,1.34481,1732.75
1771570800,2026-02-20 07:00:00+00:00,1.34557,1.34664,1.34476,1.34488,1719.23
1771572600,2026-02-20 07:30:00+00:00,1.34488,1.3461,1.34457,1.34472,1774.48
1771574400,2026-02-20 08:00:00+00:00,1.34479,1.34561,1.34405,1.34422,1723.6100000000001
1771576200,2026-02-20 08:30:00+00:00,1.34422,1.34526,1.3438,1.34515,1706.52
1771578000,2026-02-20 09:00:00+00:00,1.34533,1.34782,1.34523,1.34648,1695.56
1771579800,2026-02-20 09:30:00+00:00,1.34648,1.34708,1.34607,1.34693,1747.81
1771581600,2026-02-20 10:00:00+00:00,1.34677,1.34712,1.34629,1.34631,1709.1200000000001
1771583400,2026-02-20 10:30:00+00:00,1.34631,1.34824,1.34629,1.34764,1701.3600000000001
1771585200,2026-02-20 11:00:00+00:00,1.34756,1.34773,1.34669,1.34727,1731.58
1771587000,2026-02-20 11:30:00+00:00,1.34727,1.34755,1.3467,1.34716,1669.64
1771588800,2026-02-20 12:00:00+00:00,1.34715,1.34814,1.34708,1.3475,1746.0
1771590600,2026-02-20 12:30:00+00:00,1.3475,1.34778,1.34696,1.34762,1696.22
1771592400,2026-02-20 13:00:00+00:00,1.34753,1.34915,1.34691,1.34915,1710.73
1771594200,2026-02-20 13:30:00+00:00,1.34915,1.34915,1.34739,1.34844,1746.32
1771596000,2026-02-20 14:00:00+00:00,1.34876,1.34876,1.34818,1.34844,1759.18
1771597800,2026-02-20 14:30:00+00:00,1.34844,1.34847,1.34702,1.34776,1728.48
1771599600,2026-02-20 15:00:00+00:00,1.34791,1.3486,1.34637,1.34823,1752.97
1771601400,2026-02-20 15:30:00+00:00,1.34823,1.35139,1.34707,1.35,1736.54
1771603200,2026-02-20 16:00:00+00:00,1.35015,1.35137,1.34884,1.34993,1679.03
1771605000,2026-02-20 16:30:00+00:00,1.34993,1.3501,1.34894,1.34989,1746.26
1771606800,2026-02-20 17:00:00+00:00,1.34982,1.34993,1.34934,1.34965,1724.19
1771608600,2026-02-20 17:30:00+00:00,1.34965,1.34988,1.34773,1.34909,1753.01
1771610400,2026-02-20 18:00:00+00:00,1.34909,1.34993,1.34879,1.34881,1763.96
1771612200,2026-02-20 18:30:00+00:00,1.34881,1.35058,1.34878,1.34955,1708.36
1771614000,2026-02-20 19:00:00+00:00,1.34953,1.34978,1.34857,1.34876,1708.45
1771615800,2026-02-20 19:30:00+00:00,1.34876,1.34891,1.34851,1.34856,1740.47
1771617600,2026-02-20 20:00:00+00:00,1.34844,1.34855,1.34825,1.34853,1722.8
1771619400,2026-02-20 20:30:00+00:00,1.34853,1.34902,1.34834,1.34889,1661.8
1771621200,2026-02-20 21:00:00+00:00,1.34893,1.34976,1.34762,1.34814,1770.6100000000001
1771623000,2026-02-20 21:30:00+00:00,1.34814,1.34926,1.34765,1.34809,1786.09
1771624800,2026-02-20 22:00:00+00:00,1.34813,1.34813,1.34813,1.34813,1751.73
1771626600,2026-02-20 22:30:00+00:00,1.34813,1.34813,1.34813,1.34813,1748.99
1771804800,2026-02-23 00:00:00+00:00,1.35318,1.35318,1.35264,1.35283,1755.89
1771806600,2026-02-23 00:30:00+00:00,1.35283,1.35302,1.35216,1.35263,1714.8
1771808400,2026-02-23 01:00:00+00:00,1.3528,1.3528,1.35252,1.35257,1679.53
1771810200,2026-02-23 01:30:00+00:00,1.35257,1.35261,1.35168,1.3519,1754.97
1771812000,2026-02-23 02:00:00+00:00,1.35197,1.35267,1.35196,1.35262,1711.49
1771813800,2026-02-23 02:30:00+00:00,1.35262,1.35287,1.35175,1.35225,1728.65
1771815600,2026-02-23 03:00:00+00:00,1.35236,1.35236,1.3518,1.35215,1800.38
1771817400,2026-02-23 03:30:00+00:00,1.35215,1.35218,1.35111,1.35181,1725.2
1771819200,2026-02-23 04:00:00+00:00,1.35183,1.35187,1.35138,1.35163,1642.84
1771821000,2026-02-23 04:30:00+00:00,1.35163,1.3521,1.35133,1.35206,1765.66
1771822800,2026-02-23 05:00:00+00:00,1.35203,1.35212,1.3513,1.35181,1774.23
1771824600,2026-02-23 05:30:00+00:00,1.35181,1.35212,1.35177,1.35212,1721.66
1771826400,2026-02-23 06:00:00+00:00,1.35201,1.35353,1.3519,1.35199,1746.58
1771828200,2026-02-23 06:30:00+00:00,1.35199,1.35335,1.35197,1.35302,1736.66
1771830000,2026-02-23 07:00:00+00:00,1.35294,1.35322,1.35223,1.35227,1752.31
1771831800,2026-02-23 07:30:00+00:00,1.35227,1.35331,1.35223,1.35265,1742.37
1771833600,2026-02-23 08:00:00+00:00,1.35285,1.35285,1.35111,1.35151,1787.27
1771835400,2026-02-23 08:30:00+00:00,1.35151,1.35216,1.35137,1.35183,1698.04
1771837200,2026-02-23 09:00:00+00:00,1.35157,1.35181,1.35066,1.3515,1698.41
1771839000,2026-02-23 09:30:00+00:00,1.3515,1.35165,1.3509,1.35093,1742.71
1771840800,2026-02-23 10:00:00+00:00,1.35082,1.35131,1.35026,1.35104,1793.59
1771842600,2026-02-23 10:30:00+00:00,1.35104,1.35131,1.35079,1.35102,1754.41
1771844400,2026-02-23 11:00:00+00:00,1.35071,1.35104,1.35047,1.35071,1724.78
1771846200,2026-02-23 11:30:00+00:00,1.35071,1.35104,1.34871,1.34913,1738.75
1771848000,2026-02-23 12:00:00+00:00,1.34907,1.34907,1.34787,1.34838,1748.01
1771849800,2026-02-23 12:30:00+00:00,1.34838,1.34888,1.34773,1.34869,1749.19
1771851600,2026-02-23 13:00:00+00:00,1.34871,1.35075,1.3486,1.35047,1748.48
1771853400,2026-02-23 13:30:00+00:00,1.35047,1.35075,1.34998,1.35055,1743.43
1771855200,2026-02-23 14:00:00+00:00,1.35075,1.35232,1.35031,1.3507,1771.31
1771857000,2026-02-23 14:30:00+00:00,1.3507,1.35217,1.35067,1.35206,1735.21
1771858800,2026-02-23 15:00:00+00:00,1.35221,1.35243,1.35069,1.35098,1651.66
1771860600,2026-02-23 15:30:00+00:00,1.35098,1.35159,1.34958,1.34966,1746.29
1771862400,2026-02-23 16:00:00+00:00,1.34953,1.35141,1.34924,1.35137,1721.63
1771864200,2026-02-23 16:30:00+00:00,1.35137,1.35141,1.34895,1.35062,1713.37
1771866000,2026-02-23 17:00:00+00:00,1.35071,1.35075,1.34864,1.3488,1672.33
1771867800,2026-02-23 17:30:00+00:00,1.3488,1.34994,1.34865,1.34956,1724.33
1771869600,2026-02-23 18:00:00+00:00,1.34958,1.35011,1.34958,1.3496,1791.18
1771871400,2026-02-23 18:30:00+00:00,1.3496,1.34977,1.34959,1.34975,1736.71
1771873200,2026-02-23 19:00:00+00:00,1.3498,1.34991,1.34942,1.34942,1744.03
1771875000,2026-02-23 19:30:00+00:00,1.34942,1.34948,1.34862,1.34891,1707.08
1771876800,2026-02-23 20:00:00+00:00,1.34904,1.34906,1.34889,1.34899,1745.74
1771878600,2026-02-23 20:30:00+00:00,1.34899,1.34944,1.34898,1.3492,1719.82
1771880400,2026-02-23 21:00:00+00:00,1.34922,1.35004,1.34898,1.34912,1776.51
1771882200,2026-02-23 21:30:00+00:00,1.34912,1.34994,1.34904,1.3492,1720.61
1771884000,2026-02-23 22:00:00+00:00,1.34936,1.34953,1.34847,1.34876,1787.8799999999999
1771885800,2026-02-23 22:30:00+00:00,1.34876,1.34953,1.3482,1.34929,1723.45
1771887600,2026-02-23 23:00:00+00:00,1.34929,1.34995,1.34929,1.3498,1703.46
1771889400,2026-02-23 23:30:00+00:00,1.3498,1.34987,1.34956,1.34966,1773.75
1771891200,2026-02-24 00:00:00+00:00,1.3496,1.34993,1.34942,1.34949,1780.55
1771893000,2026-02-24 00:30:00+00:00,1.34949,1.34958,1.34936,1.34953,1766.24
1771894800,2026-02-24 01:00:00+00:00,1.34936,1.34936,1.34789,1.3479,1732.56
1771896600,2026-02-24 01:30:00+00:00,1.3479,1.34891,1.34789,1.34884,1776.34
1771898400,2026-02-24 02:00:00+00:00,1.34882,1.34981,1.34882,1.34971,1749.05
1771900200,2026-02-24 02:30:00+00:00,1.34971,1.34986,1.34966,1.34986,1757.6
1771902000,2026-02-24 03:00:00+00:00,1.34991,1.35011,1.34933,1.34966,1741.33
1771903800,2026-02-24 03:30:00+00:00,1.34966,1.34968,1.34884,1.34884,1750.53
1771905600,2026-02-24 04:00:00+00:00,1.34885,1.34902,1.34855,1.34857,1757.32
1771907400,2026-02-24 04:30:00+00:00,1.34857,1.34862,1.34798,1.34838,1728.92
1771909200,2026-02-24 05:00:00+00:00,1.34831,1.34887,1.34807,1.34883,1757.19
1771911000,2026-02-24 05:30:00+00:00,1.34883,1.34887,1.34876,1.34887,1744.75
1771912800,2026-02-24 06:00:00+00:00,1.34895,1.3492,1.34872,1.34882,1714.8700000000001
1771914600,2026-02-24 06:30:00+00:00,1.34882,1.34901,1.34854,1.34889,1711.21
1771916400,2026-02-24 07:00:00+00:00,1.34878,1.34878,1.34744,1.34762,1751.07
1771918200,2026-02-24 07:30:00+00:00,1.34762,1.34829,1.34744,1.34784,1711.91
1771920000,2026-02-24 08:00:00+00:00,1.34791,1.34904,1.34713,1.34866,1740.28
1771921800,2026-02-24 08:30:00+00:00,1.34866,1.34898,1.34767,1.3488,1692.29
1771923600,2026-02-24 09:00:00+00:00,1.3486,1.35026,1.34856,1.34931,1687.98
1771925400,2026-02-24 09:30:00+00:00,1.34931,1.35026,1.34914,1.3502,1684.71
1771927200,2026-02-24 10:00:00+00:00,1.35004,1.35053,1.34952,1.34996,1721.93
1771929000,2026-02-24 10:30:00+00:00,1.34996,1.35046,1.34925,1.34949,1774.58
1771930800,2026-02-24 11:00:00+00:00,1.3494,1.3494,1.34853,1.34924,1761.69
1771932600,2026-02-24 11:30:00+00:00,1.34924,1.3494,1.34865,1.34871,1690.1200000000001
1771934400,2026-02-24 12:00:00+00:00,1.34865,1.34896,1.34798,1.34887,1773.21
1771936200,2026-02-24 12:30:00+00:00,1.34887,1.34895,1.34806,1.34891,1748.42
1771938000,2026-02-24 13:00:00+00:00,1.34874,1.3492,1.34787,1.34814,1728.49
1771939800,2026-02-24 13:30:00+00:00,1.34814,1.34886,1.34799,1.34873,1690.12
1771941600,2026-02-24 14:00:00+00:00,1.34858,1.34894,1.34805,1.34888,1755.63
1771943400,2026-02-24 14:30:00+00:00,1.34888,1.34935,1.34853,1.34929,1753.8799999999999
1771945200,2026-02-24 15:00:00+00:00,1.34984,1.35239,1.34931,1.35092,1705.31
1771947000,2026-02-24 15:30:00+00:00,1.35092,1.35166,1.34931,1.35148,1716.9
1771948800,2026-02-24 16:00:00+00:00,1.35142,1.35366,1.35142,1.35322,1693.67
1771950600,2026-02-24 16:30:00+00:00,1.35322,1.35333,1.35142,1.353,1780.51
1771952400,2026-02-24 17:00:00+00:00,1.35305,1.35305,1.35213,1.35217,1685.91
1771954200,2026-02-24 17:30:00+00:00,1.35217,1.35224,1.35155,1.35183,1745.3799999999999
1771956000,2026-02-24 18:00:00+00:00,1.35184,1.35194,1.35118,1.35121,1690.97
1771957800,2026-02-24 18:30:00+00:00,1.35121,1.35124,1.35073,1.35079,1780.1
1771959600,2026-02-24 19:00:00+00:00,1.35079,1.35124,1.35018,1.35114,1687.45
1771961400,2026-02-24 19:30:00+00:00,1.35114,1.35115,1.35018,1.35024,1672.54
1771963200,2026-02-24 20:00:00+00:00,1.35022,1.35022,1.34982,1.34992,1803.9
1771965000,2026-02-24 20:30:00+00:00,1.34992,1.35093,1.3498,1.34989,1789.88
1771966800,2026-02-24 21:00:00+00:00,1.3498,1.34993,1.34901,1.34917,1769.12
1771968600,2026-02-24 21:30:00+00:00,1.34917,1.34957,1.34895,1.34895,1749.95
1771970400,2026-02-24 22:00:00+00:00,1.34949,1.34991,1.34922,1.34989,1854.3
1771972200,2026-02-24 22:30:00+00:00,1.34989,1.35002,1.34948,1.34951,1721.76
1771974000,2026-02-24 23:00:00+00:00,1.34936,1.34967,1.34931,1.34942,1717.48
1771975800,2026-02-24 23:30:00+00:00,1.34942,1.34987,1.34938,1.34971,1711.78
1771977600,2026-02-25 00:00:00+00:00,1.34964,1.35046,1.3492,1.34949,1756.0
1771979400,2026-02-25 00:30:00+00:00,1.34949,1.35048,1.3493,1.35048,1761.09
1771981200,2026-02-25 01:00:00+00:00,1.35046,1.35064,1.35015,1.35029,1700.07
1771983000,2026-02-25 01:30:00+00:00,1.35029,1.35049,1.35015,1.35033,1709.66
1771984800,2026-02-25 02:00:00+00:00,1.35031,1.35193,1.35031,1.35089,1739.96
1771986600,2026-02-25 02:30:00+00:00,1.35089,1.35216,1.3505,1.35184,1703.68
1771988400,2026-02-25 03:00:00+00:00,1.35199,1.35214,1.35093,1.35204,1771.06
1771990200,2026-02-25 03:30:00+00:00,1.35204,1.35211,1.35139,1.35141,1755.6000000000001
1771992000,2026-02-25 04:00:00+00:00,1.3513,1.35182,1.35102,1.3518,1766.97
1771993800,2026-02-25 04:30:00+00:00,1.3518,1.3519,1.35159,1.35177,1753.5
1771995600,2026-02-25 05:00:00+00:00,1.35166,1.35244,1.35166,1.35171,1800.6399999999999
1771997400,2026-02-25 05:30:00+00:00,1.35171,1.35252,1.35166,1.35223,1734.53
1771999200,2026-02-25 06:00:00+00:00,1.35223,1.35272,1.35195,1.35256,1716.69
1772001000,2026-02-25 06:30:00+00:00,1.35256,1.35265,1.35243,1.35259,1760.1399999999999
1772002800,2026-02-25 07:00:00+00:00,1.35272,1.35292,1.35161,1.3529,1746.87
1772004600,2026-02-25 07:30:00+00:00,1.3529,1.35292,1.35227,1.35292,1787.15
1772006400,2026-02-25 08:00:00+00:00,1.35278,1.35331,1.35182,1.35195,1718.16
1772008200,2026-02-25 08:30:00+00:00,1.35195,1.35248,1.3511,1.35175,1782.03
1772010000,2026-02-25 09:00:00+00:00,1.35155,1.35217,1.35119,1.35214,1809.97
1772011800,2026-02-25 09:30:00+00:00,1.35214,1.35219,1.35199,1.35205,1782.73
1772013600,2026-02-25 10:00:00+00:00,1.35181,1.35214,1.35073,1.35112,1728.76
1772015400,2026-02-25 10:30:00+00:00,1.35112,1.35153,1.35085,1.35137,1684.43
1772017200,2026-02-25 11:00:00+00:00,1.35104,1.35122,1.3502,1.35094,1745.42
1772019000,2026-02-25 11:30:00+00:00,1.35094,1.35106,1.34918,1.35038,1783.13
1772020800,2026-02-25 12:00:00+00:00,1.35053,1.3513,1.35046,1.35055,1787.53
1772022600,2026-02-25 12:30:00+00:00,1.35055,1.35234,1.35049,1.35232,1810.4
1772024400,2026-02-25 13:00:00+00:00,1.35236,1.35351,1.35132,1.35139,1703.01
1772026200,2026-02-25 13:30:00+00:00,1.35139,1.35142,1.35088,1.35088,1700.38
1772028000,2026-02-25 14:00:00+00:00,1.35084,1.35247,1.35073,1.35216,1728.17
1772029800,2026-02-25 14:30:00+00:00,1.35216,1.35247,1.35182,1.35243,1757.14
1772031600,2026-02-25 15:00:00+00:00,1.35217,1.35276,1.35188,1.35256,1737.26
1772033400,2026-02-25 15:30:00+00:00,1.35256,1.35344,1.3523,1.35333,1736.51
1772035200,2026-02-25 16:00:00+00:00,1.35353,1.35442,1.35329,1.35373,1745.46
1772037000,2026-02-25 16:30:00+00:00,1.35373,1.35518,1.35344,1.355,1758.78
1772038800,2026-02-25 17:00:00+00:00,1.35503,1.3565,1.35496,1.35611,1723.5
1772040600,2026-02-25 17:30:00+00:00,1.35611,1.35648,1.35532,1.35562,1799.99
1772042400,2026-02-25 18:00:00+00:00,1.35558,1.3561,1.35517,1.35543,1740.36
1772044200,2026-02-25 18:30:00+00:00,1.35543,1.35582,1.35512,1.35523,1780.43
1772046000,2026-02-25 19:00:00+00:00,1.35529,1.35555,1.35526,1.35541,1701.54
1772047800,2026-02-25 19:30:00+00:00,1.35541,1.35541,1.35488,1.35529,1682.74
1772049600,2026-02-25 20:00:00+00:00,1.35511,1.35567,1.35503,1.35566,1754.48
1772051400,2026-02-25 20:30:00+00:00,1.35566,1.35567,1.35508,1.35533,1725.75
1772053200,2026-02-25 21:00:00+00:00,1.35542,1.35556,1.35522,1.35536,1755.16
1772055000,2026-02-25 21:30:00+00:00,1.35536,1.35608,1.35525,1.35602,1791.67
1772056800,2026-02-25 22:00:00+00:00,1.35579,1.3559,1.35527,1.35585,1696.45
1772058600,2026-02-25 22:30:00+00:00,1.35585,1.35595,1.35559,1.35562,1779.56
1772060400,2026-02-25 23:00:00+00:00,1.35567,1.35586,1.3556,1.3557,1708.78
1772062200,2026-02-25 23:30:00+00:00,1.3557,1.35602,1.35564,1.3558,1731.04
1772064000,2026-02-26 00:00:00+00:00,1.35588,1.35614,1.3554,1.35613,1738.4
1772065800,2026-02-26 00:30:00+00:00,1.35613,1.35634,1.35592,1.35634,1772.67
1772067600,2026-02-26 01:00:00+00:00,1.3563,1.35699,1.35628,1.35693,1749.65
1772069400,2026-02-26 01:30:00+00:00,1.35693,1.35735,1.35685,1.35729,1702.54
1772071200,2026-02-26 02:00:00+00:00,1.35739,1.35744,1.35571,1.35571,1721.97
1772073000,2026-02-26 02:30:00+00:00,1.35571,1.35729,1.35571,1.3565,1810.69
1772074800,2026-02-26 03:00:00+00:00,1.35643,1.35659,1.35606,1.35636,1709.98
1772076600,2026-02-26 03:30:00+00:00,1.35636,1.35659,1.35566,1.35571,1751.1
1772078400,2026-02-26 04:00:00+00:00,1.35562,1.35588,1.35511,1.35585,1754.06
1772080200,2026-02-26 04:30:00+00:00,1.35585,1.3559,1.3553,1.3559,1738.94
1772082000,2026-02-26 05:00:00+00:00,1.35584,1.3562,1.35563,1.35608,1729.61
1772083800,2026-02-26 05:30:00+00:00,1.35608,1.3563,1.35545,1.3559,1748.3
1772085600,2026-02-26 06:00:00+00:00,1.35608,1.35623,1.35553,1.35561,1717.3700000000001
1772087400,2026-02-26 06:30:00+00:00,1.35561,1.35578,1.35533,1.3556,1715.26
1772089200,2026-02-26 07:00:00+00:00,1.35562,1.35562,1.35466,1.35466,1708.51
1772091000,2026-02-26 07:30:00+00:00,1.35466,1.35538,1.35466,1.3549,1718.21
1772092800,2026-02-26 08:00:00+00:00,1.35476,1.35476,1.35368,1.35393,1713.44
1772094600,2026-02-26 08:30:00+00:00,1.35393,1.35458,1.3521,1.35265,1679.24
1772096400,2026-02-26 09:00:00+00:00,1.35239,1.35305,1.35199,1.35269,1720.51
1772098200,2026-02-26 09:30:00+00:00,1.35269,1.35338,1.35213,1.35287,1715.89
1772100000,2026-02-26 10:00:00+00:00,1.35283,1.35308,1.35248,1.35304,1711.84
1772101800,2026-02-26 10:30:00+00:00,1.35304,1.3536,1.3525,1.35358,1756.68
1772103600,2026-02-26 11:00:00+00:00,1.3536,1.35361,1.35303,1.35308,1747.44
1772105400,2026-02-26 11:30:00+00:00,1.35308,1.35444,1.35303,1.35309,1762.33
1772107200,2026-02-26 12:00:00+00:00,1.353,1.35507,1.35287,1.35428,1718.8
1772109000,2026-02-26 12:30:00+00:00,1.35428,1.35507,1.3541,1.35488,1744.62
1772110800,2026-02-26 13:00:00+00:00,1.35488,1.35493,1.35371,1.35382,1709.31
1772112600,2026-02-26 13:30:00+00:00,1.35382,1.35564,1.35364,1.35364,1725.4
1772114400,2026-02-26 14:00:00+00:00,1.35362,1.35523,1.35345,1.35463,1687.06
1772116200,2026-02-26 14:30:00+00:00,1.35463,1.35493,1.35358,1.35459,1770.34
1772118000,2026-02-26 15:00:00+00:00,1.35465,1.35472,1.35125,1.35472,1759.58
1772119800,2026-02-26 15:30:00+00:00,1.35472,1.35472,1.34986,1.35122,1743.13
1772121600,2026-02-26 16:00:00+00:00,1.35148,1.35155,1.35063,1.35078,1784.7
1772123400,2026-02-26 16:30:00+00:00,1.35078,1.35105,1.34978,1.35004,1746.14
1772125200,2026-02-26 17:00:00+00:00,1.35031,1.35038,1.34636,1.34705,1747.58
1772127000,2026-02-26 17:30:00+00:00,1.34705,1.3475,1.34504,1.34504,1797.25
1772128800,2026-02-26 18:00:00+00:00,1.34515,1.3459,1.3447,1.3458,1718.36
1772130600,2026-02-26 18:30:00+00:00,1.3458,1.34682,1.34511,1.34647,1752.51
1772132400,2026-02-26 19:00:00+00:00,1.3466,1.34841,1.3466,1.34795,1739.88
1772134200,2026-02-26 19:30:00+00:00,1.34795,1.34887,1.34772,1.34887,1728.81
1772136000,2026-02-26 20:00:00+00:00,1.34878,1.34891,1.34869,1.34886,1788.59
1772137800,2026-02-26 20:30:00+00:00,1.34886,1.34935,1.34884,1.3492,1697.8
1772139600,2026-02-26 21:00:00+00:00,1.34918,1.34933,1.34891,1.34919,1820.39
1772141400,2026-02-26 21:30:00+00:00,1.34919,1.34928,1.34813,1.3484,1723.42
1772143200,2026-02-26 22:00:00+00:00,1.34796,1.34916,1.34771,1.34797,1794.18
1772145000,2026-02-26 22:30:00+00:00,1.34797,1.34916,1.34783,1.34824,1661.16
1772146800,2026-02-26 23:00:00+00:00,1.34807,1.34898,1.34807,1.34898,1773.61
1772148600,2026-02-26 23:30:00+00:00,1.34898,1.34913,1.34858,1.34911,1788.49
1772150400,2026-02-27 00:00:00+00:00,1.34918,1.34919,1.3484,1.34854,1746.93
1772152200,2026-02-27 00:30:00+00:00,1.34854,1.34938,1.34847,1.34878,1738.57
1772154000,2026-02-27 01:00:00+00:00,1.34867,1.34927,1.34861,1.34883,1687.98
1772155800,2026-02-27 01:30:00+00:00,1.34883,1.34883,1.34785,1.34785,1722.83
1772157600,2026-02-27 02:00:00+00:00,1.3478,1.34829,1.3478,1.34826,1784.04
1772159400,2026-02-27 02:30:00+00:00,1.34826,1.3488,1.34818,1.34876,1774.91
1772161200,2026-02-27 03:00:00+00:00,1.34882,1.34914,1.34882,1.34913,1710.2
1772163000,2026-02-27 03:30:00+00:00,1.34913,1.34958,1.34883,1.34925,1747.03
1772164800,2026-02-27 04:00:00+00:00,1.34918,1.35009,1.34918,1.34934,1722.71
1772166600,2026-02-27 04:30:00+00:00,1.34934,1.34967,1.34918,1.34958,1708.71
1772168400,2026-02-27 05:00:00+00:00,1.34962,1.34962,1.34887,1.34936,1673.13
1772170200,2026-02-27 05:30:00+00:00,1.34936,1.34962,1.34908,1.34911,1736.89
1772172000,2026-02-27 06:00:00+00:00,1.34893,1.34918,1.34773,1.34851,1746.52
1772173800,2026-02-27 06:30:00+00:00,1.34851,1.34918,1.3468,1.34706,1690.77
1772175600,2026-02-27 07:00:00+00:00,1.34686,1.34874,1.34679,1.34827,1748.1299999999999
1772177400,2026-02-27 07:30:00+00:00,1.34827,1.34951,1.34631,1.34889,1753.09
1772179200,2026-02-27 08:00:00+00:00,1.34882,1.35073,1.34882,1.35004,1806.72
1772181000,2026-02-27 08:30:00+00:00,1.35004,1.35027,1.34882,1.34956,1687.49
1772182800,2026-02-27 09:00:00+00:00,1.34947,1.34973,1.34889,1.34901,1806.29
1772184600,2026-02-27 09:30:00+00:00,1.34901,1.34925,1.34833,1.34833,1700.56
1772186400,2026-02-27 10:00:00+00:00,1.34847,1.34856,1.34773,1.34796,1701.68
1772188200,2026-02-27 10:30:00+00:00,1.34796,1.34831,1.34735,1.34749,1741.46
1772190000,2026-02-27 11:00:00+00:00,1.34764,1.34814,1.34696,1.34789,1774.26
1772191800,2026-02-27 11:30:00+00:00,1.34789,1.3479,1.34662,1.34662,1749.23
1772193600,2026-02-27 12:00:00+00:00,1.34669,1.3475,1.34669,1.34748,1720.98
1772195400,2026-02-27 12:30:00+00:00,1.34748,1.34784,1.34669,1.34709,1735.94
1772197200,2026-02-27 13:00:00+00:00,1.34711,1.34731,1.34506,1.34528,1720.74
1772199000,2026-02-27 13:30:00+00:00,1.34528,1.3459,1.34421,1.34461,1711.6200000000001
1772200800,2026-02-27 14:00:00+00:00,1.34456,1.3472,1.34447,1.34689,1683.53
1772202600,2026-02-27 14:30:00+00:00,1.34689,1.34749,1.3443,1.34501,1720.55
1772204400,2026-02-27 15:00:00+00:00,1.34508,1.34722,1.34458,1.34471,1757.21
1772206200,2026-02-27 15:30:00+00:00,1.34471,1.34609,1.34456,1.34456,1731.99
1772208000,2026-02-27 16:00:00+00:00,1.34443,1.3449,1.34441,1.34462,1756.94
1772209800,2026-02-27 16:30:00+00:00,1.34462,1.34675,1.34448,1.34561,1696.02
1772211600,2026-02-27 17:00:00+00:00,1.34557,1.34655,1.34481,1.34576,1742.84
1772213400,2026-02-27 17:30:00+00:00,1.34576,1.34682,1.34518,1.3462,1705.5
1772215200,2026-02-27 18:00:00+00:00,1.34609,1.34673,1.34609,1.34662,1785.85
1772217000,2026-02-27 18:30:00+00:00,1.34662,1.34727,1.34644,1.34725,1731.93
1772218800,2026-02-27 19:00:00+00:00,1.34733,1.34834,1.34722,1.34734,1703.29
1772220600,2026-02-27 19:30:00+00:00,1.34734,1.34808,1.3472,1.34805,1760.44
1772222400,2026-02-27 20:00:00+00:00,1.34814,1.34836,1.34785,1.34799,1764.41
1772224200,2026-02-27 20:30:00+00:00,1.34799,1.34909,1.34785,1.34785,1725.75
1772226000,2026-02-27 21:00:00+00:00,1.34778,1.34818,1.34716,1.34817,1720.29
1772227800,2026-02-27 21:30:00+00:00,1.34817,1.34838,1.34794,1.34838,1709.29
1772229600,2026-02-27 22:00:00+00:00,1.34833,1.34833,1.34833,1.34833,1751.92
1772231400,2026-02-27 22:30:00+00:00,1.34833,1.34833,1.34833,1.34833,1701.29
1772409600,2026-03-02 00:00:00+00:00,1.34057,1.3425,1.34032,1.34217,1731.73
1772411400,2026-03-02 00:30:00+00:00,1.34217,1.34306,1.34214,1.34306,1726.86
1772413200,2026-03-02 01:00:00+00:00,1.34326,1.34528,1.34324,1.34392,1749.21
1772415000,2026-03-02 01:30:00+00:00,1.34392,1.34512,1.343,1.34503,1704.27
1772416800,2026-03-02 02:00:00+00:00,1.34503,1.34503,1.34399,1.34423,1738.6599999999999
1772418600,2026-03-02 02:30:00+00:00,1.34423,1.34483,1.34394,1.34459,1731.73
1772420400,2026-03-02 03:00:00+00:00,1.34454,1.3451,1.34452,1.34466,1741.32
1772422200,2026-03-02 03:30:00+00:00,1.34466,1.34559,1.34452,1.34481,1704.43
1772424000,2026-03-02 04:00:00+00:00,1.34492,1.34492,1.34363,1.34433,1794.77
1772425800,2026-03-02 04:30:00+00:00,1.34433,1.34513,1.34363,1.34383,1738.45
1772427600,2026-03-02 05:00:00+00:00,1.34378,1.34378,1.3416,1.34224,1702.76
1772429400,2026-03-02 05:30:00+00:00,1.34224,1.34378,1.3416,1.3416,1727.01
1772431200,2026-03-02 06:00:00+00:00,1.34153,1.34153,1.33935,1.34046,1739.66
1772433000,2026-03-02 06:30:00+00:00,1.34046,1.34102,1.33772,1.33819,1752.8600000000001
1772434800,2026-03-02 07:00:00+00:00,1.33801,1.33842,1.33723,1.33759,1729.58
1772436600,2026-03-02 07:30:00+00:00,1.33759,1.33776,1.33479,1.33609,1751.4
1772438400,2026-03-02 08:00:00+00:00,1.33636,1.33692,1.33179,1.33662,1798.17
1772440200,2026-03-02 08:30:00+00:00,1.33662,1.33682,1.33329,1.33508,1715.27
1772442000,2026-03-02 09:00:00+00:00,1.33479,1.33736,1.33479,1.33735,1735.8700000000001
1772443800,2026-03-02 09:30:00+00:00,1.33735,1.33792,1.33689,1.33718,1692.51
1772445600,2026-03-02 10:00:00+00:00,1.33752,1.33884,1.33752,1.33857,1698.26
1772447400,2026-03-02 10:30:00+00:00,1.33857,1.34081,1.33835,1.34046,1741.47
1772449200,2026-03-02 11:00:00+00:00,1.34041,1.34248,1.33993,1.34003,1796.58
1772451000,2026-03-02 11:30:00+00:00,1.34003,1.34215,1.33993,1.34122,1754.35
1772452800,2026-03-02 12:00:00+00:00,1.34102,1.34172,1.34049,1.34157,1748.43
1772454600,2026-03-02 12:30:00+00:00,1.34157,1.3418,1.33928,1.33978,1813.83
1772456400,2026-03-02 13:00:00+00:00,1.33967,1.33974,1.33801,1.33948,1745.65
1772458200,2026-03-02 13:30:00+00:00,1.33948,1.34039,1.33799,1.33822,1778.91
1772460000,2026-03-02 14:00:00+00:00,1.33808,1.33956,1.33761,1.33942,1742.77
1772461800,2026-03-02 14:30:00+00:00,1.33942,1.34226,1.33839,1.34138,1721.6
1772463600,2026-03-02 15:00:00+00:00,1.34068,1.34089,1.33672,1.33825,1742.69
1772465400,2026-03-02 15:30:00+00:00,1.33825,1.34104,1.33702,1.33722,1772.81
1772467200,2026-03-02 16:00:00+00:00,1.33715,1.33768,1.33602,1.3371,1738.4
1772469000,2026-03-02 16:30:00+00:00,1.3371,1.3393,1.33691,1.3393,1718.67
1772470800,2026-03-02 17:00:00+00:00,1.33896,1.34182,1.33896,1.34142,1803.25
1772472600,2026-03-02 17:30:00+00:00,1.34142,1.34183,1.34127,1.34183,1685.26
1772474400,2026-03-02 18:00:00+00:00,1.34151,1.34151,1.34126,1.34143,1665.46
1772476200,2026-03-02 18:30:00+00:00,1.34143,1.34148,1.33955,1.34063,1752.33
1772478000,2026-03-02 19:00:00+00:00,1.34059,1.34214,1.34059,1.34213,1705.1
1772479800,2026-03-02 19:30:00+00:00,1.34213,1.34315,1.34203,1.34289,1701.05
1772481600,2026-03-02 20:00:00+00:00,1.34293,1.343,1.33986,1.34038,1749.77
1772483400,2026-03-02 20:30:00+00:00,1.34038,1.34069,1.3388,1.34032,1692.23
1772485200,2026-03-02 21:00:00+00:00,1.34023,1.3408,1.34023,1.34049,1757.21
1772487000,2026-03-02 21:30:00+00:00,1.34049,1.34104,1.34036,1.34057,1790.13
1772488800,2026-03-02 22:00:00+00:00,1.34066,1.34066,1.34059,1.34065,1725.82
1772490600,2026-03-02 22:30:00+00:00,1.34065,1.34066,1.33996,1.34032,1728.53
1772492400,2026-03-02 23:00:00+00:00,1.34039,1.34072,1.34039,1.34062,1749.33
1772494200,2026-03-02 23:30:00+00:00,1.34062,1.3412,1.34057,1.341,1787.19
1772496000,2026-03-03 00:00:00+00:00,1.34081,1.34117,1.33989,1.34113,1687.99
1772497800,2026-03-03 00:30:00+00:00,1.34113,1.34117,1.34106,1.34117,1686.71
1772499600,2026-03-03 01:00:00+00:00,1.34122,1.34252,1.34089,1.34097,1705.55
1772501400,2026-03-03 01:30:00+00:00,1.34097,1.34153,1.34073,1.341,1754.51
1772503200,2026-03-03 02:00:00+00:00,1.34082,1.3412,1.34039,1.34041,1840.4
1772505000,2026-03-03 02:30:00+00:00,1.34041,1.34069,1.33944,1.34052,1766.01
1772506800,2026-03-03 03:00:00+00:00,1.34068,1.34104,1.33988,1.34039,1748.7
1772508600,2026-03-03 03:30:00+00:00,1.34039,1.34066,1.33962,1.34003,1676.38
1772510400,2026-03-03 04:00:00+00:00,1.34,1.34028,1.33831,1.3384,1739.14
1772512200,2026-03-03 04:30:00+00:00,1.3384,1.33943,1.33831,1.33831,1745.44
1772514000,2026-03-03 05:00:00+00:00,1.3384,1.33887,1.33668,1.33674,1743.0
1772515800,2026-03-03 05:30:00+00:00,1.33674,1.33705,1.3362,1.33645,1750.6100000000001
1772517600,2026-03-03 06:00:00+00:00,1.33643,1.33656,1.33547,1.33555,1728.45
1772519400,2026-03-03 06:30:00+00:00,1.33555,1.3365,1.33543,1.33634,1731.02
1772521200,2026-03-03 07:00:00+00:00,1.33611,1.33611,1.33389,1.33454,1735.94
1772523000,2026-03-03 07:30:00+00:00,1.33454,1.33475,1.33362,1.33364,1755.3600000000001
1772524800,2026-03-03 08:00:00+00:00,1.33346,1.33346,1.33104,1.33202,1754.22
1772526600,2026-03-03 08:30:00+00:00,1.33202,1.3326,1.33009,1.33016,1644.48
1772528400,2026-03-03 09:00:00+00:00,1.33048,1.33154,1.33044,1.33117,1761.41
1772530200,2026-03-03 09:30:00+00:00,1.33117,1.33122,1.32832,1.32996,1747.91
1772532000,2026-03-03 10:00:00+00:00,1.32991,1.33097,1.32855,1.32881,1721.71
1772533800,2026-03-03 10:30:00+00:00,1.32881,1.32908,1.32855,1.32859,1710.44
1772535600,2026-03-03 11:00:00+00:00,1.32859,1.32989,1.3279,1.32901,1666.55
1772537400,2026-03-03 11:30:00+00:00,1.32901,1.32978,1.32645,1.32938,1734.92
1772539200,2026-03-03 12:00:00+00:00,1.3292,1.3326,1.32908,1.33022,1727.6200000000001
1772541000,2026-03-03 12:30:00+00:00,1.33022,1.33275,1.3289,1.33257,1735.29
1772542800,2026-03-03 13:00:00+00:00,1.33225,1.33252,1.32986,1.33047,1781.19
1772544600,2026-03-03 13:30:00+00:00,1.33047,1.33082,1.32986,1.33016,1748.26
1772546400,2026-03-03 14:00:00+00:00,1.33113,1.33113,1.32859,1.32905,1752.83
1772548200,2026-03-03 14:30:00+00:00,1.32905,1.32956,1.32859,1.32867,1739.42
1772550000,2026-03-03 15:00:00+00:00,1.32882,1.33046,1.32558,1.32976,1694.18
1772551800,2026-03-03 15:30:00+00:00,1.32976,1.33042,1.3254,1.33009,1829.01
1772553600,2026-03-03 16:00:00+00:00,1.33026,1.33171,1.32995,1.33009,1769.3700000000001
1772555400,2026-03-03 16:30:00+00:00,1.33009,1.3331,1.32995,1.3331,1709.62
1772557200,2026-03-03 17:00:00+00:00,1.3325,1.3326,1.33104,1.33139,1707.83
1772559000,2026-03-03 17:30:00+00:00,1.33139,1.33365,1.33104,1.33257,1779.09
1772560800,2026-03-03 18:00:00+00:00,1.33243,1.33613,1.33243,1.33441,1696.19
1772562600,2026-03-03 18:30:00+00:00,1.33441,1.33565,1.33331,1.33533,1702.66
1772564400,2026-03-03 19:00:00+00:00,1.33542,1.33542,1.33358,1.33387,1779.77
1772566200,2026-03-03 19:30:00+00:00,1.33387,1.33667,1.33375,1.33584,1780.39
1772568000,2026-03-03 20:00:00+00:00,1.3357,1.33699,1.3357,1.33668,1733.05
1772569800,2026-03-03 20:30:00+00:00,1.33668,1.33668,1.3357,1.33622,1775.7
1772571600,2026-03-03 21:00:00+00:00,1.33622,1.33661,1.33588,1.33623,1802.11
1772573400,2026-03-03 21:30:00+00:00,1.33623,1.33626,1.33568,1.33574,1732.76
1772575200,2026-03-03 22:00:00+00:00,1.33551,1.33631,1.33549,1.3361,1697.02
1772577000,2026-03-03 22:30:00+00:00,1.3361,1.33618,1.3349,1.33531,1762.77
1772578800,2026-03-03 23:00:00+00:00,1.33517,1.33638,1.3349,1.3349,1727.26
1772580600,2026-03-03 23:30:00+00:00,1.3349,1.3354,1.3349,1.33529,1774.65
1772582400,2026-03-04 00:00:00+00:00,1.33515,1.33515,1.33466,1.33481,1735.18
1772584200,2026-03-04 00:30:00+00:00,1.33481,1.33482,1.33285,1.33305,1736.97
1772586000,2026-03-04 01:00:00+00:00,1.33301,1.33355,1.3305,1.33104,1763.8
1772587800,2026-03-04 01:30:00+00:00,1.33104,1.33355,1.33041,1.3326,1734.53
1772589600,2026-03-04 02:00:00+00:00,1.33262,1.33401,1.33259,1.33329,1733.27
1772591400,2026-03-04 02:30:00+00:00,1.33329,1.33376,1.33239,1.33314,1706.37
1772593200,2026-03-04 03:00:00+00:00,1.333,1.33373,1.33243,1.33268,1738.2
1772595000,2026-03-04 03:30:00+00:00,1.33268,1.33397,1.33249,1.33392,1719.42
1772596800,2026-03-04 04:00:00+00:00,1.33403,1.33415,1.33146,1.33213,1757.05
1772598600,2026-03-04 04:30:00+00:00,1.33213,1.33274,1.33145,1.33152,1708.98
1772600400,2026-03-04 05:00:00+00:00,1.33122,1.33197,1.3312,1.33182,1746.96
1772602200,2026-03-04 05:30:00+00:00,1.33182,1.33243,1.33149,1.33182,1702.97
1772604000,2026-03-04 06:00:00+00:00,1.33166,1.3318,1.33071,1.33071,1791.7
1772605800,2026-03-04 06:30:00+00:00,1.33071,1.33412,1.33071,1.33339,1718.97
1772607600,2026-03-04 07:00:00+00:00,1.33353,1.33444,1.33346,1.33427,1739.99
1772609400,2026-03-04 07:30:00+00:00,1.33427,1.33733,1.33395,1.33617,1759.25
1772611200,2026-03-04 08:00:00+00:00,1.33622,1.33622,1.33356,1.33545,1758.16
1772613000,2026-03-04 08:30:00+00:00,1.33545,1.33622,1.3339,1.33397,1743.34
1772614800,2026-03-04 09:00:00+00:00,1.33397,1.33668,1.33367,1.33665,1820.75
1772616600,2026-03-04 09:30:00+00:00,1.33665,1.33699,1.33555,1.33601,1719.79
1772618400,2026-03-04 10:00:00+00:00,1.33624,1.33686,1.33624,1.33665,1755.85
1772620200,2026-03-04 10:30:00+00:00,1.33665,1.33978,1.33657,1.33783,1834.34
1772622000,2026-03-04 11:00:00+00:00,1.33781,1.33791,1.33745,1.33754,1788.27
1772623800,2026-03-04 11:30:00+00:00,1.33754,1.34028,1.33745,1.33776,1810.85
1772625600,2026-03-04 12:00:00+00:00,1.33783,1.33883,1.33553,1.33555,1799.14
1772627400,2026-03-04 12:30:00+00:00,1.33555,1.33792,1.33515,1.33517,1729.75
1772629200,2026-03-04 13:00:00+00:00,1.33547,1.33833,1.33547,1.33577,1680.69
1772631000,2026-03-04 13:30:00+00:00,1.33577,1.33741,1.33547,1.33649,1742.33
1772632800,2026-03-04 14:00:00+00:00,1.33618,1.3384,1.33614,1.33727,1735.11
1772634600,2026-03-04 14:30:00+00:00,1.33727,1.33816,1.33601,1.33627,1764.84
1772636400,2026-03-04 15:00:00+00:00,1.33618,1.33628,1.33556,1.33566,1788.94
1772638200,2026-03-04 15:30:00+00:00,1.33566,1.33813,1.33556,1.33654,1752.41
1772640000,2026-03-04 16:00:00+00:00,1.33565,1.3376,1.33565,1.33744,1747.79
1772641800,2026-03-04 16:30:00+00:00,1.33744,1.3376,1.33665,1.33679,1773.42
1772643600,2026-03-04 17:00:00+00:00,1.33676,1.33708,1.33504,1.33534,1698.14
1772645400,2026-03-04 17:30:00+00:00,1.33534,1.33645,1.33488,1.33599,1697.72
1772647200,2026-03-04 18:00:00+00:00,1.33609,1.33609,1.33582,1.33595,1733.55
1772649000,2026-03-04 18:30:00+00:00,1.33595,1.33597,1.33474,1.33481,1711.53
1772650800,2026-03-04 19:00:00+00:00,1.33522,1.3365,1.33522,1.3359,1721.82
1772652600,2026-03-04 19:30:00+00:00,1.3359,1.33765,1.3358,1.33765,1723.45
1772654400,2026-03-04 20:00:00+00:00,1.33758,1.33761,1.33724,1.33753,1811.2
1772656200,2026-03-04 20:30:00+00:00,1.33753,1.33808,1.33738,1.33794,1765.6100000000001
1772658000,2026-03-04 21:00:00+00:00,1.33751,1.33794,1.33743,1.33759,1736.59
1772659800,2026-03-04 21:30:00+00:00,1.33759,1.33761,1.33711,1.33711,1666.47
1772661600,2026-03-04 22:00:00+00:00,1.33701,1.33764,1.33674,1.33732,1730.52
1772663400,2026-03-04 22:30:00+00:00,1.33732,1.33769,1.33693,1.33726,1764.04
1772665200,2026-03-04 23:00:00+00:00,1.33736,1.33745,1.33669,1.33672,1731.93
1772667000,2026-03-04 23:30:00+00:00,1.33672,1.33706,1.33668,1.33699,1759.71
1772668800,2026-03-05 00:00:00+00:00,1.33693,1.33787,1.33659,1.33784,1730.04
1772670600,2026-03-05 00:30:00+00:00,1.33784,1.33849,1.33708,1.33844,1773.39
1772672400,2026-03-05 01:00:00+00:00,1.33837,1.33862,1.33802,1.33815,1726.71
1772674200,2026-03-05 01:30:00+00:00,1.33815,1.33837,1.33663,1.33686,1745.88
1772676000,2026-03-05 02:00:00+00:00,1.33661,1.33715,1.33637,1.33687,1770.8700000000001
1772677800,2026-03-05 02:30:00+00:00,1.33687,1.33695,1.33601,1.33642,1741.04
1772679600,2026-03-05 03:00:00+00:00,1.33638,1.3366,1.33451,1.33618,1677.47
1772681400,2026-03-05 03:30:00+00:00,1.33618,1.33661,1.3339,1.33401,1717.17
1772683200,2026-03-05 04:00:00+00:00,1.33413,1.33437,1.33296,1.33296,1822.6399999999999
1772685000,2026-03-05 04:30:00+00:00,1.33296,1.33412,1.33296,1.33353,1750.53
1772686800,2026-03-05 05:00:00+00:00,1.33353,1.3339,1.33169,1.33173,1730.59
1772688600,2026-03-05 05:30:00+00:00,1.33173,1.33223,1.33161,1.33161,1794.8600000000001
1772690400,2026-03-05 06:00:00+00:00,1.33159,1.33307,1.33065,1.33189,1693.42
1772692200,2026-03-05 06:30:00+00:00,1.33189,1.33314,1.3317,1.3331,1708.98
1772694000,2026-03-05 07:00:00+00:00,1.33356,1.33568,1.33326,1.33374,1702.16
1772695800,2026-03-05 07:30:00+00:00,1.33374,1.33531,1.33326,1.33413,1716.17
1772697600,2026-03-05 08:00:00+00:00,1.33401,1.33401,1.33242,1.33365,1737.41
1772699400,2026-03-05 08:30:00+00:00,1.33365,1.33401,1.33166,1.33278,1718.74
1772701200,2026-03-05 09:00:00+00:00,1.3326,1.33553,1.33243,1.33297,1721.32
1772703000,2026-03-05 09:30:00+00:00,1.33297,1.33724,1.33292,1.33542,1749.87
1772704800,2026-03-05 10:00:00+00:00,1.33549,1.33597,1.33477,1.33565,1729.84
1772706600,2026-03-05 10:30:00+00:00,1.33565,1.3359,1.33339,1.3349,1660.47
1772708400,2026-03-05 11:00:00+00:00,1.33517,1.33651,1.33463,1.33567,1738.28
1772710200,2026-03-05 11:30:00+00:00,1.33567,1.33651,1.33546,1.33601,1740.0
1772712000,2026-03-05 12:00:00+00:00,1.33581,1.33729,1.33524,1.33712,1740.66
1772713800,2026-03-05 12:30:00+00:00,1.33712,1.33729,1.33635,1.33686,1767.14
1772715600,2026-03-05 13:00:00+00:00,1.33701,1.33701,1.33473,1.33527,1707.46
1772717400,2026-03-05 13:30:00+00:00,1.33527,1.33549,1.33412,1.3346,1720.89
1772719200,2026-03-05 14:00:00+00:00,1.33474,1.33568,1.33353,1.33527,1710.76
1772721000,2026-03-05 14:30:00+00:00,1.33527,1.33601,1.3343,1.33454,1749.4
1772722800,2026-03-05 15:00:00+00:00,1.33476,1.33524,1.33446,1.33493,1711.28
1772724600,2026-03-05 15:30:00+00:00,1.33493,1.33502,1.33117,1.33234,1774.31
1772726400,2026-03-05 16:00:00+00:00,1.3323,1.3323,1.33098,1.33214,1713.42
1772728200,2026-03-05 16:30:00+00:00,1.33214,1.33227,1.33002,1.33189,1757.14
1772730000,2026-03-05 17:00:00+00:00,1.33184,1.33318,1.3315,1.33318,1756.98
1772731800,2026-03-05 17:30:00+00:00,1.33318,1.33332,1.33158,1.33316,1761.93
1772733600,2026-03-05 18:00:00+00:00,1.33189,1.33377,1.33189,1.3336,1723.34
1772735400,2026-03-05 18:30:00+00:00,1.3336,1.33401,1.33312,1.33323,1778.82
1772737200,2026-03-05 19:00:00+00:00,1.3331,1.3333,1.33216,1.33227,1740.68
1772739000,2026-03-05 19:30:00+00:00,1.33227,1.33244,1.33193,1.33193,1764.42
1772740800,2026-03-05 20:00:00+00:00,1.33198,1.33578,1.33198,1.33547,1725.91
1772742600,2026-03-05 20:30:00+00:00,1.33547,1.33618,1.33502,1.33561,1774.13
1772744400,2026-03-05 21:00:00+00:00,1.3357,1.33634,1.33545,1.33617,1732.32
1772746200,2026-03-05 21:30:00+00:00,1.33617,1.33647,1.33591,1.33602,1701.78
1772748000,2026-03-05 22:00:00+00:00,1.33593,1.33593,1.33433,1.33437,1779.94
1772749800,2026-03-05 22:30:00+00:00,1.33437,1.33486,1.33433,1.33481,1746.5
1772751600,2026-03-05 23:00:00+00:00,1.33527,1.33578,1.3347,1.33567,1726.98
1772753400,2026-03-05 23:30:00+00:00,1.33567,1.33593,1.33556,1.33581,1750.04
1772755200,2026-03-06 00:00:00+00:00,1.33563,1.33606,1.33563,1.33606,1806.91
1772757000,2026-03-06 00:30:00+00:00,1.33606,1.33643,1.33588,1.33604,1725.76
1772758800,2026-03-06 01:00:00+00:00,1.33609,1.3367,1.33558,1.33636,1699.29
1772760600,2026-03-06 01:30:00+00:00,1.33636,1.33717,1.3361,1.33668,1704.02
1772762400,2026-03-06 02:00:00+00:00,1.33654,1.3371,1.33645,1.33684,1696.8
1772764200,2026-03-06 02:30:00+00:00,1.33684,1.33704,1.33649,1.33659,1731.07
1772766000,2026-03-06 03:00:00+00:00,1.33663,1.33709,1.33656,1.33703,1713.41
1772767800,2026-03-06 03:30:00+00:00,1.33703,1.33731,1.33686,1.33717,1729.8600000000001
1772769600,2026-03-06 04:00:00+00:00,1.3372,1.33724,1.33633,1.33675,1745.3600000000001
1772771400,2026-03-06 04:30:00+00:00,1.33675,1.33724,1.33635,1.33638,1701.55
1772773200,2026-03-06 05:00:00+00:00,1.3367,1.3367,1.33565,1.3358,1721.35
1772775000,2026-03-06 05:30:00+00:00,1.3358,1.33589,1.33565,1.33565,1793.25
1772776800,2026-03-06 06:00:00+00:00,1.33581,1.33583,1.33527,1.33536,1776.92
1772778600,2026-03-06 06:30:00+00:00,1.33536,1.33699,1.33527,1.33667,1790.51
1772780400,2026-03-06 07:00:00+00:00,1.3369,1.33715,1.33622,1.33623,1724.15
1772782200,2026-03-06 07:30:00+00:00,1.33623,1.33694,1.33618,1.33692,1756.91
1772784000,2026-03-06 08:00:00+00:00,1.33701,1.33788,1.33697,1.33736,1757.81
1772785800,2026-03-06 08:30:00+00:00,1.33736,1.33748,1.33627,1.33661,1740.41
1772787600,2026-03-06 09:00:00+00:00,1.33634,1.33643,1.33512,1.33516,1778.81
1772789400,2026-03-06 09:30:00+00:00,1.33516,1.33554,1.33191,1.33252,1733.36
1772791200,2026-03-06 10:00:00+00:00,1.33253,1.33416,1.33225,1.33411,1731.06
1772793000,2026-03-06 10:30:00+00:00,1.33411,1.33426,1.33283,1.33426,1734.56
1772794800,2026-03-06 11:00:00+00:00,1.33433,1.33433,1.33238,1.33238,1746.03
1772796600,2026-03-06 11:30:00+00:00,1.33238,1.33348,1.33191,1.33191,1740.65
1772798400,2026-03-06 12:00:00+00:00,1.33205,1.33428,1.33196,1.33276,1741.38
1772800200,2026-03-06 12:30:00+00:00,1.33276,1.33389,1.33129,1.33275,1696.45
1772802000,2026-03-06 13:00:00+00:00,1.33282,1.33524,1.33282,1.33523,1707.41
1772803800,2026-03-06 13:30:00+00:00,1.33523,1.33801,1.33368,1.33429,1763.84
1772805600,2026-03-06 14:00:00+00:00,1.33419,1.33457,1.33307,1.33425,1731.51
1772807400,2026-03-06 14:30:00+00:00,1.33425,1.33477,1.33284,1.33397,1791.41
1772809200,2026-03-06 15:00:00+00:00,1.33474,1.33765,1.33474,1.3354,1723.39
1772811000,2026-03-06 15:30:00+00:00,1.3354,1.33731,1.33502,1.33593,1750.35
1772812800,2026-03-06 16:00:00+00:00,1.33613,1.3409,1.33613,1.33998,1753.48
1772814600,2026-03-06 16:30:00+00:00,1.33998,1.3409,1.33719,1.33987,1674.8
1772816400,2026-03-06 17:00:00+00:00,1.33985,1.34045,1.3388,1.33958,1740.0
1772818200,2026-03-06 17:30:00+00:00,1.33958,1.33966,1.33869,1.33885,1692.86
1772820000,2026-03-06 18:00:00+00:00,1.3388,1.34057,1.33869,1.3403,1763.39
1772821800,2026-03-06 18:30:00+00:00,1.3403,1.34049,1.3381,1.33903,1723.97
1772823600,2026-03-06 19:00:00+00:00,1.33867,1.33957,1.33856,1.33874,1742.75
1772825400,2026-03-06 19:30:00+00:00,1.33874,1.33908,1.33831,1.33892,1746.81
1772827200,2026-03-06 20:00:00+00:00,1.33897,1.33937,1.33867,1.33929,1736.91
1772829000,2026-03-06 20:30:00+00:00,1.33929,1.33937,1.33795,1.33923,1743.04
1772830800,2026-03-06 21:00:00+00:00,1.33912,1.34086,1.33912,1.34082,1720.06
1772832600,2026-03-06 21:30:00+00:00,1.34082,1.34126,1.34075,1.34126,1768.98
1772834400,2026-03-06 22:00:00+00:00,1.34136,1.34136,1.34136,1.34136,1750.2
1772836200,2026-03-06 22:30:00+00:00,1.34136,1.34136,1.34136,1.34136,1738.66
1773014400,2026-03-09 00:00:00+00:00,1.33041,1.3317,1.33006,1.33011,1733.0
1773016200,2026-03-09 00:30:00+00:00,1.33011,1.33125,1.32989,1.33003,1749.1000000000001
1773018000,2026-03-09 01:00:00+00:00,1.32945,1.3295,1.32846,1.32853,1717.17
1773019800,2026-03-09 01:30:00+00:00,1.32853,1.32989,1.32846,1.32862,1742.39
1773021600,2026-03-09 02:00:00+00:00,1.32896,1.33055,1.32881,1.32989,1766.57
1773023400,2026-03-09 02:30:00+00:00,1.32989,1.33074,1.32867,1.33055,1740.44
1773025200,2026-03-09 03:00:00+00:00,1.3309,1.33097,1.33026,1.33045,1747.7
1773027000,2026-03-09 03:30:00+00:00,1.33045,1.33097,1.32913,1.32956,1713.48
1773028800,2026-03-09 04:00:00+00:00,1.32986,1.33078,1.32957,1.32967,1695.27
1773030600,2026-03-09 04:30:00+00:00,1.32967,1.33024,1.32949,1.3298,1763.9
1773032400,2026-03-09 05:00:00+00:00,1.3298,1.33226,1.3298,1.33197,1818.82
1773034200,2026-03-09 05:30:00+00:00,1.33197,1.33376,1.32997,1.33342,1754.8899999999999
1773036000,2026-03-09 06:00:00+00:00,1.33412,1.33412,1.33127,1.33137,1791.33
1773037800,2026-03-09 06:30:00+00:00,1.33137,1.33179,1.33127,1.33127,1773.31
1773039600,2026-03-09 07:00:00+00:00,1.33179,1.33385,1.33088,1.33383,1750.64
1773041400,2026-03-09 07:30:00+00:00,1.33383,1.33472,1.33241,1.33438,1754.18
1773043200,2026-03-09 08:00:00+00:00,1.3349,1.3349,1.33039,1.33069,1683.41
1773045000,2026-03-09 08:30:00+00:00,1.33069,1.33222,1.33039,1.33193,1666.99
1773046800,2026-03-09 09:00:00+00:00,1.33193,1.33364,1.33186,1.33208,1750.6399999999999
1773048600,2026-03-09 09:30:00+00:00,1.33208,1.33597,1.33165,1.33399,1738.02
1773050400,2026-03-09 10:00:00+00:00,1.33403,1.33497,1.33287,1.33486,1755.44
1773052200,2026-03-09 10:30:00+00:00,1.33486,1.33497,1.33312,1.33461,1705.58
1773054000,2026-03-09 11:00:00+00:00,1.33463,1.33543,1.33421,1.3353,1716.99
1773055800,2026-03-09 11:30:00+00:00,1.3353,1.33565,1.3341,1.3347,1732.79
1773057600,2026-03-09 12:00:00+00:00,1.33481,1.33535,1.33481,1.33513,1715.3600000000001
1773059400,2026-03-09 12:30:00+00:00,1.33513,1.33593,1.33497,1.33529,1748.26
1773061200,2026-03-09 13:00:00+00:00,1.33547,1.3371,1.33524,1.33709,1758.76
1773063000,2026-03-09 13:30:00+00:00,1.33709,1.33826,1.33666,1.33727,1746.1000000000001
1773064800,2026-03-09 14:00:00+00:00,1.33702,1.33785,1.33486,1.33769,1783.44
1773066600,2026-03-09 14:30:00+00:00,1.33769,1.33803,1.33752,1.33783,1780.47
1773068400,2026-03-09 15:00:00+00:00,1.33842,1.33975,1.33842,1.33974,1725.74
1773070200,2026-03-09 15:30:00+00:00,1.33974,1.33987,1.33904,1.33923,1757.41
1773072000,2026-03-09 16:00:00+00:00,1.3409,1.3409,1.3388,1.33904,1735.79
1773073800,2026-03-09 16:30:00+00:00,1.33904,1.3392,1.3388,1.33914,1747.8
1773075600,2026-03-09 17:00:00+00:00,1.33915,1.33919,1.33835,1.33901,1643.79
1773077400,2026-03-09 17:30:00+00:00,1.33901,1.33906,1.33842,1.33854,1674.8
1773079200,2026-03-09 18:00:00+00:00,1.33858,1.33913,1.33851,1.33888,1739.22
1773081000,2026-03-09 18:30:00+00:00,1.33888,1.33962,1.33851,1.33851,1700.37
1773082800,2026-03-09 19:00:00+00:00,1.33844,1.33973,1.33844,1.33903,1805.59
1773084600,2026-03-09 19:30:00+00:00,1.33903,1.34439,1.33844,1.343,1724.42
1773086400,2026-03-09 20:00:00+00:00,1.34308,1.34345,1.34252,1.34281,1788.12
1773088200,2026-03-09 20:30:00+00:00,1.34281,1.34472,1.34252,1.34396,1700.7
1773090000,2026-03-09 21:00:00+00:00,1.343,1.34426,1.343,1.34422,1787.02
1773091800,2026-03-09 21:30:00+00:00,1.34422,1.34459,1.34415,1.34459,1745.35
1773093600,2026-03-09 22:00:00+00:00,1.34479,1.34483,1.3439,1.34458,1726.68
1773095400,2026-03-09 22:30:00+00:00,1.34458,1.34464,1.34277,1.34326,1709.93
1773097200,2026-03-09 23:00:00+00:00,1.3432,1.34378,1.34241,1.34247,1750.08
1773099000,2026-03-09 23:30:00+00:00,1.34247,1.34267,1.34223,1.34239,1745.3799999999999
1773100800,2026-03-10 00:00:00+00:00,1.34244,1.34441,1.34208,1.34388,1691.69
1773102600,2026-03-10 00:30:00+00:00,1.34388,1.34406,1.34194,1.34362,1760.5
1773104400,2026-03-10 01:00:00+00:00,1.3436,1.34378,1.3431,1.34316,1772.14
1773106200,2026-03-10 01:30:00+00:00,1.34316,1.34335,1.34234,1.34315,1736.32
1773108000,2026-03-10 02:00:00+00:00,1.3434,1.34382,1.34205,1.34239,1721.02
1773109800,2026-03-10 02:30:00+00:00,1.34239,1.34334,1.34205,1.34216,1748.66
1773111600,2026-03-10 03:00:00+00:00,1.34216,1.34257,1.34189,1.34202,1739.61
1773113400,2026-03-10 03:30:00+00:00,1.34202,1.34202,1.34145,1.34169,1777.47
1773115200,2026-03-10 04:00:00+00:00,1.34154,1.34257,1.34154,1.34207,1722.39
1773117000,2026-03-10 04:30:00+00:00,1.34207,1.34288,1.34199,1.34252,1746.89
1773118800,2026-03-10 05:00:00+00:00,1.34264,1.34356,1.34264,1.34327,1788.86
1773120600,2026-03-10 05:30:00+00:00,1.34327,1.34356,1.3429,1.34356,1742.31
1773122400,2026-03-10 06:00:00+00:00,1.34391,1.34565,1.34371,1.34564,1793.24
1773124200,2026-03-10 06:30:00+00:00,1.34564,1.34575,1.3448,1.3451,1723.54
1773126000,2026-03-10 07:00:00+00:00,1.34492,1.34696,1.34486,1.34552,1710.49
1773127800,2026-03-10 07:30:00+00:00,1.34552,1.34796,1.34551,1.3478,1755.52
1773129600,2026-03-10 08:00:00+00:00,1.34767,1.34813,1.34635,1.34662,1792.5
1773131400,2026-03-10 08:30:00+00:00,1.34662,1.34702,1.34532,1.34602,1735.83
1773133200,2026-03-10 09:00:00+00:00,1.34571,1.34623,1.3457,1.34573,1781.4
1773135000,2026-03-10 09:30:00+00:00,1.34573,1.34682,1.3457,1.34582,1740.75
1773136800,2026-03-10 10:00:00+00:00,1.34579,1.34579,1.34396,1.34444,1736.68
1773138600,2026-03-10 10:30:00+00:00,1.34444,1.34555,1.34396,1.34513,1711.41
1773140400,2026-03-10 11:00:00+00:00,1.34512,1.3468,1.34493,1.34573,1745.43
1773142200,2026-03-10 11:30:00+00:00,1.34573,1.34624,1.34438,1.34443,1693.15
1773144000,2026-03-10 12:00:00+00:00,1.34485,1.34485,1.34315,1.34341,1733.85
1773145800,2026-03-10 12:30:00+00:00,1.34341,1.34453,1.34323,1.34421,1686.26
1773147600,2026-03-10 13:00:00+00:00,1.34456,1.34657,1.34456,1.34575,1793.8799999999999
1773149400,2026-03-10 13:30:00+00:00,1.34575,1.34643,1.34473,1.34486,1745.66
1773151200,2026-03-10 14:00:00+00:00,1.34403,1.34651,1.34403,1.3463,1718.15
1773153000,2026-03-10 14:30:00+00:00,1.3463,1.34682,1.34472,1.34682,1777.47
1773154800,2026-03-10 15:00:00+00:00,1.34702,1.34729,1.34568,1.3458,1732.31
1773156600,2026-03-10 15:30:00+00:00,1.3458,1.34603,1.34553,1.34584,1761.94
1773158400,2026-03-10 16:00:00+00:00,1.3457,1.34666,1.34481,1.34663,1719.15
1773160200,2026-03-10 16:30:00+00:00,1.34663,1.34669,1.34618,1.34633,1776.5
1773162000,2026-03-10 17:00:00+00:00,1.34647,1.34655,1.34575,1.34591,1737.3600000000001
1773163800,2026-03-10 17:30:00+00:00,1.34591,1.348,1.34571,1.34617,1744.12
1773165600,2026-03-10 18:00:00+00:00,1.34597,1.34604,1.34494,1.3456,1760.47
1773167400,2026-03-10 18:30:00+00:00,1.3456,1.34566,1.34288,1.34289,1724.34
1773169200,2026-03-10 19:00:00+00:00,1.34284,1.34354,1.34249,1.34328,1731.01
1773171000,2026-03-10 19:30:00+00:00,1.34328,1.34339,1.34142,1.34187,1793.08
1773172800,2026-03-10 20:00:00+00:00,1.34194,1.34232,1.34152,1.34205,1752.92
1773174600,2026-03-10 20:30:00+00:00,1.34205,1.34224,1.34138,1.34181,1805.8700000000001
1773176400,2026-03-10 21:00:00+00:00,1.34104,1.34232,1.34104,1.34222,1742.78
1773178200,2026-03-10 21:30:00+00:00,1.34222,1.34232,1.34213,1.34223,1782.59
1773180000,2026-03-10 22:00:00+00:00,1.34198,1.3421,1.34136,1.34175,1692.15
1773181800,2026-03-10 22:30:00+00:00,1.34175,1.34207,1.34106,1.34133,1667.8
1773183600,2026-03-10 23:00:00+00:00,1.34135,1.3421,1.34135,1.34208,1760.3
1773185400,2026-03-10 23:30:00+00:00,1.34208,1.3421,1.34177,1.34192,1787.03
1773187200,2026-03-11 00:00:00+00:00,1.34226,1.34258,1.34165,1.34188,1683.56
1773189000,2026-03-11 00:30:00+00:00,1.34188,1.34378,1.34181,1.34308,1764.83
1773190800,2026-03-11 01:00:00+00:00,1.34317,1.34431,1.34266,1.34428,1766.94
1773192600,2026-03-11 01:30:00+00:00,1.34428,1.34463,1.344,1.34461,1738.95
1773194400,2026-03-11 02:00:00+00:00,1.3447,1.34472,1.34378,1.34387,1735.8
1773196200,2026-03-11 02:30:00+00:00,1.34387,1.34495,1.34383,1.34466,1827.41
1773198000,2026-03-11 03:00:00+00:00,1.34481,1.34518,1.34434,1.34515,1739.45
1773199800,2026-03-11 03:30:00+00:00,1.34515,1.3453,1.34486,1.34528,1779.56
1773201600,2026-03-11 04:00:00+00:00,1.34521,1.34565,1.34493,1.345,1754.53
1773203400,2026-03-11 04:30:00+00:00,1.345,1.34575,1.34492,1.34548,1690.21
1773205200,2026-03-11 05:00:00+00:00,1.34546,1.34573,1.34536,1.34541,1792.75
1773207000,2026-03-11 05:30:00+00:00,1.34541,1.34558,1.3447,1.34492,1733.0
1773208800,2026-03-11 06:00:00+00:00,1.34474,1.34555,1.34449,1.3447,1824.47
1773210600,2026-03-11 06:30:00+00:00,1.3447,1.34511,1.34441,1.34495,1756.85
1773212400,2026-03-11 07:00:00+00:00,1.3449,1.34517,1.34309,1.34347,1725.97
1773214200,2026-03-11 07:30:00+00:00,1.34347,1.34417,1.34309,1.34358,1673.17
1773216000,2026-03-11 08:00:00+00:00,1.34333,1.34347,1.34109,1.3433,1756.2
1773217800,2026-03-11 08:30:00+00:00,1.3433,1.34347,1.3427,1.34273,1699.47
1773219600,2026-03-11 09:00:00+00:00,1.34171,1.34177,1.3405,1.34131,1733.1
1773221400,2026-03-11 09:30:00+00:00,1.34131,1.34277,1.34081,1.34171,1793.43
1773223200,2026-03-11 10:00:00+00:00,1.34142,1.34358,1.34142,1.34323,1738.8
1773225000,2026-03-11 10:30:00+00:00,1.34323,1.34472,1.343,1.34461,1740.07
1773226800,2026-03-11 11:00:00+00:00,1.34474,1.34474,1.34294,1.34306,1811.46
1773228600,2026-03-11 11:30:00+00:00,1.34306,1.34396,1.34255,1.34289,1770.73
1773230400,2026-03-11 12:00:00+00:00,1.34284,1.34326,1.34028,1.34111,1752.69
1773232200,2026-03-11 12:30:00+00:00,1.34111,1.34245,1.33967,1.34,1688.98
1773234000,2026-03-11 13:00:00+00:00,1.34054,1.34174,1.34021,1.34032,1688.88
1773235800,2026-03-11 13:30:00+00:00,1.34032,1.34219,1.34029,1.34187,1768.4
1773237600,2026-03-11 14:00:00+00:00,1.3427,1.34419,1.34268,1.34419,1723.58
1773239400,2026-03-11 14:30:00+00:00,1.34419,1.34419,1.3421,1.3423,1697.17
1773241200,2026-03-11 15:00:00+00:00,1.34252,1.34252,1.34103,1.34178,1761.24
1773243000,2026-03-11 15:30:00+00:00,1.34178,1.34252,1.33951,1.3398,1795.53
1773244800,2026-03-11 16:00:00+00:00,1.33971,1.3412,1.33951,1.34109,1738.64
1773246600,2026-03-11 16:30:00+00:00,1.34109,1.3412,1.34006,1.34108,1703.33
1773248400,2026-03-11 17:00:00+00:00,1.34109,1.34171,1.34027,1.34031,1791.45
1773250200,2026-03-11 17:30:00+00:00,1.34031,1.34111,1.34016,1.34109,1718.65
1773252000,2026-03-11 18:00:00+00:00,1.34111,1.34181,1.34078,1.34091,1812.48
1773253800,2026-03-11 18:30:00+00:00,1.34091,1.34163,1.34023,1.34154,1712.3799999999999
1773255600,2026-03-11 19:00:00+00:00,1.34142,1.34186,1.3412,1.34181,1702.47
1773257400,2026-03-11 19:30:00+00:00,1.34181,1.34225,1.34156,1.34187,1715.05
1773259200,2026-03-11 20:00:00+00:00,1.34165,1.3419,1.34106,1.34169,1688.57
1773261000,2026-03-11 20:30:00+00:00,1.34169,1.3418,1.34108,1.34135,1801.19
1773262800,2026-03-11 21:00:00+00:00,1.34115,1.34169,1.34108,1.34114,1769.98
1773264600,2026-03-11 21:30:00+00:00,1.34114,1.34171,1.34108,1.34144,1704.16
1773266400,2026-03-11 22:00:00+00:00,1.34138,1.34138,1.34008,1.34014,1696.64
1773268200,2026-03-11 22:30:00+00:00,1.34014,1.34028,1.33894,1.33899,1804.6100000000001
1773270000,2026-03-11 23:00:00+00:00,1.33926,1.33928,1.33828,1.33828,1733.8899999999999
1773271800,2026-03-11 23:30:00+00:00,1.33828,1.3386,1.33776,1.3382,1743.83
1773273600,2026-03-12 00:00:00+00:00,1.33819,1.33915,1.33711,1.33882,1781.13
1773275400,2026-03-12 00:30:00+00:00,1.33882,1.33935,1.33814,1.33837,1766.07
1773277200,2026-03-12 01:00:00+00:00,1.33856,1.3393,1.33826,1.33929,1762.97
1773279000,2026-03-12 01:30:00+00:00,1.33929,1.33967,1.33882,1.33885,1715.99
1773280800,2026-03-12 02:00:00+00:00,1.3391,1.33935,1.33746,1.33803,1757.36
1773282600,2026-03-12 02:30:00+00:00,1.33803,1.33876,1.3367,1.33717,1788.57
1773284400,2026-03-12 03:00:00+00:00,1.3371,1.33738,1.33667,1.3372,1754.46
1773286200,2026-03-12 03:30:00+00:00,1.3372,1.33735,1.33698,1.33717,1720.02
1773288000,2026-03-12 04:00:00+00:00,1.3372,1.33729,1.33654,1.33666,1715.28
1773289800,2026-03-12 04:30:00+00:00,1.33666,1.33673,1.33617,1.33631,1719.57
1773291600,2026-03-12 05:00:00+00:00,1.33636,1.33763,1.33634,1.33662,1737.73
1773293400,2026-03-12 05:30:00+00:00,1.33662,1.33696,1.33634,1.3369,1724.02
1773295200,2026-03-12 06:00:00+00:00,1.33704,1.33788,1.33659,1.33702,1710.1399999999999
1773297000,2026-03-12 06:30:00+00:00,1.33702,1.3382,1.33698,1.33817,1733.85
1773298800,2026-03-12 07:00:00+00:00,1.33822,1.33918,1.33781,1.33913,1725.38
1773300600,2026-03-12 07:30:00+00:00,1.33913,1.3393,1.338,1.3393,1733.29
1773302400,2026-03-12 08:00:00+00:00,1.3396,1.3396,1.33821,1.33955,1743.65
1773304200,2026-03-12 08:30:00+00:00,1.33955,1.3396,1.33731,1.33783,1748.48
1773306000,2026-03-12 09:00:00+00:00,1.33777,1.33888,1.3374,1.33779,1762.57
1773307800,2026-03-12 09:30:00+00:00,1.33779,1.33953,1.3374,1.33941,1739.4
1773309600,2026-03-12 10:00:00+00:00,1.33946,1.33962,1.33941,1.33959,1720.16
1773311400,2026-03-12 10:30:00+00:00,1.33959,1.33962,1.33842,1.33937,1726.35
1773313200,2026-03-12 11:00:00+00:00,1.33935,1.33936,1.33908,1.33927,1738.8799999999999
1773315000,2026-03-12 11:30:00+00:00,1.33927,1.34099,1.33908,1.33984,1781.79
1773316800,2026-03-12 12:00:00+00:00,1.33962,1.33966,1.33876,1.3393,1781.25
1773318600,2026-03-12 12:30:00+00:00,1.3393,1.33956,1.33695,1.33785,1771.42
1773320400,2026-03-12 13:00:00+00:00,1.33813,1.33867,1.33659,1.33867,1783.4
1773322200,2026-03-12 13:30:00+00:00,1.33867,1.33915,1.33684,1.33693,1725.22
1773324000,2026-03-12 14:00:00+00:00,1.33731,1.33745,1.33706,1.33725,1688.65
1773325800,2026-03-12 14:30:00+00:00,1.33725,1.33745,1.33515,1.33581,1782.96
1773327600,2026-03-12 15:00:00+00:00,1.33515,1.33584,1.33401,1.33545,1709.07
1773329400,2026-03-12 15:30:00+00:00,1.33545,1.33592,1.33487,1.33492,1723.31
1773331200,2026-03-12 16:00:00+00:00,1.33497,1.33594,1.33403,1.33518,1697.78
1773333000,2026-03-12 16:30:00+00:00,1.33518,1.33626,1.33406,1.33485,1732.75
1773334800,2026-03-12 17:00:00+00:00,1.33501,1.33567,1.33501,1.33565,1822.79
1773336600,2026-03-12 17:30:00+00:00,1.33565,1.33608,1.33546,1.33561,1747.29
1773338400,2026-03-12 18:00:00+00:00,1.3357,1.33574,1.3348,1.33523,1724.98
1773340200,2026-03-12 18:30:00+00:00,1.33523,1.33523,1.33424,1.33424,1784.18
1773342000,2026-03-12 19:00:00+00:00,1.33412,1.33494,1.3341,1.33462,1759.83
1773343800,2026-03-12 19:30:00+00:00,1.33462,1.33497,1.33458,1.3349,1735.22
1773345600,2026-03-12 20:00:00+00:00,1.33461,1.33496,1.33424,1.33451,1755.26
1773347400,2026-03-12 20:30:00+00:00,1.33451,1.3352,1.33433,1.33442,1695.26
1773349200,2026-03-12 21:00:00+00:00,1.33387,1.33501,1.33387,1.33405,1701.7
1773351000,2026-03-12 21:30:00+00:00,1.33405,1.33511,1.33402,1.33463,1758.53
1773352800,2026-03-12 22:00:00+00:00,1.33458,1.33508,1.33429,1.33502,1712.3600000000001
1773354600,2026-03-12 22:30:00+00:00,1.33502,1.33517,1.3349,1.33502,1766.74
1773356400,2026-03-12 23:00:00+00:00,1.33501,1.33552,1.335,1.33526,1744.89
1773358200,2026-03-12 23:30:00+00:00,1.33526,1.33528,1.33469,1.33522,1766.28
1773360000,2026-03-13 00:00:00+00:00,1.33556,1.33651,1.33536,1.33568,1772.0
1773361800,2026-03-13 00:30:00+00:00,1.33568,1.33641,1.33554,1.3364,1764.85
1773363600,2026-03-13 01:00:00+00:00,1.33661,1.33701,1.33581,1.33636,1788.6
1773365400,2026-03-13 01:30:00+00:00,1.33636,1.33699,1.33551,1.33567,1732.55
1773367200,2026-03-13 02:00:00+00:00,1.33572,1.33574,1.33479,1.33517,1690.35
1773369000,2026-03-13 02:30:00+00:00,1.33517,1.33626,1.3348,1.33522,1766.76
1773370800,2026-03-13 03:00:00+00:00,1.33517,1.33517,1.33403,1.33438,1784.22
1773372600,2026-03-13 03:30:00+00:00,1.33438,1.33517,1.33432,1.3347,1750.57
1773374400,2026-03-13 04:00:00+00:00,1.33463,1.33465,1.33422,1.33449,1708.54
1773376200,2026-03-13 04:30:00+00:00,1.33449,1.33465,1.3331,1.33323,1724.86
1773378000,2026-03-13 05:00:00+00:00,1.3333,1.33351,1.33292,1.33338,1729.94
1773379800,2026-03-13 05:30:00+00:00,1.33338,1.33374,1.3332,1.33328,1733.39
1773381600,2026-03-13 06:00:00+00:00,1.33344,1.33344,1.33214,1.33266,1777.54
1773383400,2026-03-13 06:30:00+00:00,1.33266,1.33266,1.33165,1.3317,1759.54
1773385200,2026-03-13 07:00:00+00:00,1.33065,1.33073,1.32972,1.32986,1799.01
1773387000,2026-03-13 07:30:00+00:00,1.32986,1.33014,1.3274,1.328,1762.47
1773388800,2026-03-13 08:00:00+00:00,1.32769,1.32769,1.32708,1.32767,1683.28
1773390600,2026-03-13 08:30:00+00:00,1.32767,1.32769,1.32573,1.32612,1674.7
1773392400,2026-03-13 09:00:00+00:00,1.32644,1.32804,1.32615,1.32631,1730.47
1773394200,2026-03-13 09:30:00+00:00,1.32631,1.32722,1.32593,1.32628,1820.08
1773396000,2026-03-13 10:00:00+00:00,1.32649,1.32742,1.32593,1.32616,1746.1599999999999
1773397800,2026-03-13 10:30:00+00:00,1.32616,1.32654,1.32538,1.32608,1709.83
1773399600,2026-03-13 11:00:00+00:00,1.32605,1.32659,1.32599,1.32646,1754.76
1773401400,2026-03-13 11:30:00+00:00,1.32646,1.32651,1.3247,1.32535,1723.16
1773403200,2026-03-13 12:00:00+00:00,1.32554,1.32822,1.32512,1.32772,1715.0
1773405000,2026-03-13 12:30:00+00:00,1.32772,1.32822,1.32602,1.32712,1735.43
1773406800,2026-03-13 13:00:00+00:00,1.3274,1.32842,1.32647,1.3276,1717.49
1773408600,2026-03-13 13:30:00+00:00,1.3276,1.32897,1.32725,1.32802,1700.36
1773410400,2026-03-13 14:00:00+00:00,1.32767,1.32844,1.32556,1.32704,1720.02
1773412200,2026-03-13 14:30:00+00:00,1.32704,1.32814,1.32554,1.32563,1782.23
1773414000,2026-03-13 15:00:00+00:00,1.32526,1.32566,1.32367,1.32378,1772.31
1773415800,2026-03-13 15:30:00+00:00,1.32378,1.32614,1.32319,1.32391,1758.18
1773417600,2026-03-13 16:00:00+00:00,1.32373,1.32449,1.32326,1.32387,1705.11
1773419400,2026-03-13 16:30:00+00:00,1.32387,1.32471,1.32373,1.32447,1807.62
1773421200,2026-03-13 17:00:00+00:00,1.32431,1.32521,1.32392,1.32502,1753.54
1773423000,2026-03-13 17:30:00+00:00,1.32502,1.32528,1.32445,1.32463,1714.36
1773424800,2026-03-13 18:00:00+00:00,1.32463,1.32491,1.32456,1.3248,1770.85
1773426600,2026-03-13 18:30:00+00:00,1.3248,1.3249,1.32357,1.32431,1737.5
1773428400,2026-03-13 19:00:00+00:00,1.32442,1.32442,1.32297,1.32305,1732.8899999999999
1773430200,2026-03-13 19:30:00+00:00,1.32305,1.32326,1.32256,1.32275,1745.36
1773432000,2026-03-13 20:00:00+00:00,1.3227,1.3227,1.32219,1.32244,1734.59
1773433800,2026-03-13 20:30:00+00:00,1.32244,1.32291,1.32205,1.32245,1755.64
1773435600,2026-03-13 21:00:00+00:00,1.32235,1.32235,1.32235,1.32235,1703.8899999999999
1773437400,2026-03-13 21:30:00+00:00,1.32235,1.32235,1.32235,1.32235,1732.16
1773619200,2026-03-16 00:00:00+00:00,1.32495,1.32578,1.32495,1.32573,1719.51
1773621000,2026-03-16 00:30:00+00:00,1.32573,1.32638,1.32562,1.32637,1755.04
1773622800,2026-03-16 01:00:00+00:00,1.32642,1.3265,1.32476,1.32634,1760.6200000000001
1773624600,2026-03-16 01:30:00+00:00,1.32634,1.3264,1.32516,1.32587,1747.79
1773626400,2026-03-16 02:00:00+00:00,1.3259,1.32591,1.32565,1.32578,1738.07
1773628200,2026-03-16 02:30:00+00:00,1.32578,1.32578,1.32536,1.32545,1757.73
1773630000,2026-03-16 03:00:00+00:00,1.32542,1.32571,1.32526,1.32567,1738.95
1773631800,2026-03-16 03:30:00+00:00,1.32567,1.32651,1.32562,1.32616,1708.56
1773633600,2026-03-16 04:00:00+00:00,1.32616,1.32621,1.32529,1.32532,1735.99
1773635400,2026-03-16 04:30:00+00:00,1.32532,1.32535,1.32512,1.32512,1682.29
1773637200,2026-03-16 05:00:00+00:00,1.32534,1.32554,1.32532,1.3254,1703.11
1773639000,2026-03-16 05:30:00+00:00,1.3254,1.32547,1.32494,1.32514,1768.51
1773640800,2026-03-16 06:00:00+00:00,1.32503,1.32561,1.32499,1.3256,1708.37
1773642600,2026-03-16 06:30:00+00:00,1.3256,1.32564,1.32415,1.32498,1755.78
1773644400,2026-03-16 07:00:00+00:00,1.32498,1.32534,1.32313,1.32398,1687.41
1773646200,2026-03-16 07:30:00+00:00,1.32398,1.3246,1.32348,1.32438,1817.72
1773648000,2026-03-16 08:00:00+00:00,1.32453,1.32537,1.3245,1.3251,1777.3700000000001
1773649800,2026-03-16 08:30:00+00:00,1.3251,1.32524,1.32346,1.32514,1739.83
1773651600,2026-03-16 09:00:00+00:00,1.32493,1.32549,1.32484,1.32495,1752.28
1773653400,2026-03-16 09:30:00+00:00,1.32495,1.32498,1.32421,1.3247,1721.3500000000001
1773655200,2026-03-16 10:00:00+00:00,1.32484,1.32686,1.32484,1.32683,1723.67
1773657000,2026-03-16 10:30:00+00:00,1.32683,1.32729,1.32643,1.32722,1782.1
1773658800,2026-03-16 11:00:00+00:00,1.32704,1.32825,1.32675,1.32802,1728.78
1773660600,2026-03-16 11:30:00+00:00,1.32802,1.32833,1.32689,1.32793,1703.81
1773662400,2026-03-16 12:00:00+00:00,1.32789,1.32887,1.32773,1.32777,1713.08
1773664200,2026-03-16 12:30:00+00:00,1.32777,1.32781,1.32773,1.32775,1706.56
1773666000,2026-03-16 13:00:00+00:00,1.32799,1.32933,1.32798,1.32902,1724.59
1773667800,2026-03-16 13:30:00+00:00,1.32902,1.33087,1.329,1.33082,1756.0
1773669600,2026-03-16 14:00:00+00:00,1.33064,1.3311,1.32991,1.3303,1696.38
1773671400,2026-03-16 14:30:00+00:00,1.3303,1.33045,1.32941,1.32979,1694.31
1773673200,2026-03-16 15:00:00+00:00,1.3299,1.33109,1.32969,1.32995,1727.83
1773675000,2026-03-16 15:30:00+00:00,1.32995,1.33172,1.32993,1.33021,1746.66
1773676800,2026-03-16 16:00:00+00:00,1.33014,1.33096,1.32899,1.33081,1745.84
1773678600,2026-03-16 16:30:00+00:00,1.33081,1.33082,1.32899,1.33031,1734.08
1773680400,2026-03-16 17:00:00+00:00,1.33088,1.33171,1.33076,1.33141,1776.76
1773682200,2026-03-16 17:30:00+00:00,1.33141,1.33151,1.33005,1.33024,1697.62
1773684000,2026-03-16 18:00:00+00:00,1.33043,1.33344,1.33043,1.33337,1757.6200000000001
1773685800,2026-03-16 18:30:00+00:00,1.33337,1.33364,1.33142,1.33315,1782.53
1773687600,2026-03-16 19:00:00+00:00,1.33341,1.33383,1.33257,1.33286,1721.13
1773689400,2026-03-16 19:30:00+00:00,1.33286,1.33383,1.33245,1.33252,1783.57
1773691200,2026-03-16 20:00:00+00:00,1.33264,1.33278,1.3318,1.33182,1737.68
1773693000,2026-03-16 20:30:00+00:00,1.33182,1.33194,1.33167,1.33167,1740.99
1773694800,2026-03-16 21:00:00+00:00,1.33191,1.33211,1.3317,1.33195,1702.18
1773696600,2026-03-16 21:30:00+00:00,1.33195,1.33219,1.3318,1.33197,1725.25
1773698400,2026-03-16 22:00:00+00:00,1.33183,1.33191,1.33129,1.33156,1688.47
1773700200,2026-03-16 22:30:00+00:00,1.33156,1.33156,1.33121,1.3313,1792.29
1773702000,2026-03-16 23:00:00+00:00,1.33139,1.33143,1.3308,1.33139,1747.18
1773703800,2026-03-16 23:30:00+00:00,1.33139,1.33149,1.33118,1.33135,1758.1
1773705600,2026-03-17 00:00:00+00:00,1.33116,1.33116,1.33006,1.33007,1805.57
1773707400,2026-03-17 00:30:00+00:00,1.33007,1.33053,1.32997,1.33026,1724.42
1773709200,2026-03-17 01:00:00+00:00,1.33019,1.33066,1.32958,1.3306,1687.26
1773711000,2026-03-17 01:30:00+00:00,1.3306,1.33077,1.32985,1.33065,1728.82
1773712800,2026-03-17 02:00:00+00:00,1.33065,1.33101,1.33051,1.3309,1739.69
1773714600,2026-03-17 02:30:00+00:00,1.3309,1.33095,1.33065,1.33066,1712.28
1773716400,2026-03-17 03:00:00+00:00,1.33056,1.33129,1.33047,1.33083,1767.99
1773718200,2026-03-17 03:30:00+00:00,1.33083,1.33094,1.33017,1.33021,1713.62
1773720000,2026-03-17 04:00:00+00:00,1.33021,1.33114,1.33001,1.33022,1732.0
1773721800,2026-03-17 04:30:00+00:00,1.33022,1.3315,1.33015,1.33118,1731.86
1773723600,2026-03-17 05:00:00+00:00,1.33103,1.33142,1.32871,1.32921,1729.07
1773725400,2026-03-17 05:30:00+00:00,1.32921,1.33114,1.32871,1.32871,1740.19
1773727200,2026-03-17 06:00:00+00:00,1.3286,1.32904,1.32789,1.32897,1673.91
1773729000,2026-03-17 06:30:00+00:00,1.32897,1.32904,1.32739,1.32904,1759.11
1773730800,2026-03-17 07:00:00+00:00,1.32903,1.33145,1.329,1.32927,1744.21
1773732600,2026-03-17 07:30:00+00:00,1.32927,1.33121,1.32883,1.33052,1759.72
1773734400,2026-03-17 08:00:00+00:00,1.33069,1.33287,1.32993,1.33244,1709.6100000000001
1773736200,2026-03-17 08:30:00+00:00,1.33244,1.33298,1.3319,1.33284,1706.47
1773738000,2026-03-17 09:00:00+00:00,1.33306,1.33319,1.33253,1.33291,1732.47
1773739800,2026-03-17 09:30:00+00:00,1.33291,1.33379,1.33264,1.33346,1757.91
1773741600,2026-03-17 10:00:00+00:00,1.33363,1.33363,1.33232,1.33232,1744.06
1773743400,2026-03-17 10:30:00+00:00,1.33232,1.33264,1.33232,1.33241,1773.19
1773745200,2026-03-17 11:00:00+00:00,1.33233,1.33393,1.3316,1.33186,1709.76
1773747000,2026-03-17 11:30:00+00:00,1.33186,1.33388,1.33167,1.33174,1762.26
1773748800,2026-03-17 12:00:00+00:00,1.33164,1.33355,1.3314,1.33283,1733.52
1773750600,2026-03-17 12:30:00+00:00,1.33283,1.33336,1.33168,1.33315,1781.93
1773752400,2026-03-17 13:00:00+00:00,1.3335,1.33449,1.3335,1.33413,1755.04
1773754200,2026-03-17 13:30:00+00:00,1.33413,1.33594,1.33407,1.33463,1673.27
1773756000,2026-03-17 14:00:00+00:00,1.33421,1.33461,1.33411,1.33415,1751.6
1773757800,2026-03-17 14:30:00+00:00,1.33415,1.33573,1.33411,1.3348,1716.83
1773759600,2026-03-17 15:00:00+00:00,1.33522,1.33525,1.3342,1.33436,1728.59
1773761400,2026-03-17 15:30:00+00:00,1.33436,1.3355,1.33365,1.33435,1750.17
1773763200,2026-03-17 16:00:00+00:00,1.33396,1.33485,1.33355,1.33457,1766.0
1773765000,2026-03-17 16:30:00+00:00,1.33457,1.33486,1.33456,1.33476,1772.08
1773766800,2026-03-17 17:00:00+00:00,1.3347,1.33534,1.33455,1.3346,1690.9
1773768600,2026-03-17 17:30:00+00:00,1.3346,1.3359,1.33455,1.33586,1758.07
1773770400,2026-03-17 18:00:00+00:00,1.33607,1.33646,1.33584,1.33606,1700.0
1773772200,2026-03-17 18:30:00+00:00,1.33606,1.33606,1.33567,1.33567,1765.98
1773774000,2026-03-17 19:00:00+00:00,1.33554,1.33628,1.33521,1.33599,1711.48
1773775800,2026-03-17 19:30:00+00:00,1.33599,1.33634,1.33521,1.33521,1714.98
1773777600,2026-03-17 20:00:00+00:00,1.33535,1.33555,1.33523,1.33548,1754.72
1773779400,2026-03-17 20:30:00+00:00,1.33548,1.33584,1.33538,1.33561,1779.12
1773781200,2026-03-17 21:00:00+00:00,1.33511,1.3362,1.33511,1.33607,1804.23
1773783000,2026-03-17 21:30:00+00:00,1.33607,1.3362,1.33582,1.33588,1750.8
1773784800,2026-03-17 22:00:00+00:00,1.33568,1.33615,1.33568,1.33611,1696.19
1773786600,2026-03-17 22:30:00+00:00,1.33611,1.33615,1.33586,1.33605,1702.96
1773788400,2026-03-17 23:00:00+00:00,1.33602,1.33602,1.33563,1.33581,1715.6
1773790200,2026-03-17 23:30:00+00:00,1.33581,1.33587,1.33563,1.33576,1762.97
1773792000,2026-03-18 00:00:00+00:00,1.33574,1.33576,1.33516,1.33523,1837.98
1773793800,2026-03-18 00:30:00+00:00,1.33523,1.33625,1.33516,1.33516,1799.03
1773795600,2026-03-18 01:00:00+00:00,1.33529,1.33534,1.33518,1.33525,1754.1
1773797400,2026-03-18 01:30:00+00:00,1.33525,1.33614,1.33519,1.33535,1742.78
1773799200,2026-03-18 02:00:00+00:00,1.33542,1.3357,1.33507,1.33526,1726.85
1773801000,2026-03-18 02:30:00+00:00,1.33526,1.33556,1.33511,1.33529,1711.48
1773802800,2026-03-18 03:00:00+00:00,1.33528,1.3356,1.33514,1.33525,1779.03
1773804600,2026-03-18 03:30:00+00:00,1.33525,1.33583,1.33511,1.33581,1716.46
1773806400,2026-03-18 04:00:00+00:00,1.33609,1.3364,1.33587,1.33639,1701.29
1773808200,2026-03-18 04:30:00+00:00,1.33639,1.33649,1.33606,1.33636,1731.63
1773810000,2026-03-18 05:00:00+00:00,1.3364,1.33714,1.3364,1.33706,1711.15
1773811800,2026-03-18 05:30:00+00:00,1.33706,1.33724,1.33689,1.33718,1709.41
1773813600,2026-03-18 06:00:00+00:00,1.33712,1.33744,1.33632,1.33689,1766.56
1773815400,2026-03-18 06:30:00+00:00,1.33689,1.33745,1.33646,1.33653,1749.46
1773817200,2026-03-18 07:00:00+00:00,1.33632,1.33687,1.335,1.3357,1670.06
1773819000,2026-03-18 07:30:00+00:00,1.3357,1.3364,1.33496,1.3355,1713.22
1773820800,2026-03-18 08:00:00+00:00,1.33528,1.33607,1.33518,1.33564,1693.92
1773822600,2026-03-18 08:30:00+00:00,1.33564,1.3361,1.33422,1.33508,1737.65
1773824400,2026-03-18 09:00:00+00:00,1.3349,1.33557,1.33436,1.33529,1752.16
1773826200,2026-03-18 09:30:00+00:00,1.33529,1.33603,1.33524,1.33594,1729.68
1773828000,2026-03-18 10:00:00+00:00,1.33583,1.33616,1.33502,1.33583,1685.3899999999999
1773829800,2026-03-18 10:30:00+00:00,1.33583,1.33624,1.33486,1.33554,1821.58
1773831600,2026-03-18 11:00:00+00:00,1.33559,1.33603,1.33492,1.33538,1797.91
1773833400,2026-03-18 11:30:00+00:00,1.33538,1.33708,1.33513,1.33606,1729.8
1773835200,2026-03-18 12:00:00+00:00,1.33589,1.33624,1.33273,1.33462,1716.47
1773837000,2026-03-18 12:30:00+00:00,1.33462,1.33629,1.33129,1.33156,1753.4
1773838800,2026-03-18 13:00:00+00:00,1.33146,1.33157,1.33058,1.3307,1710.43
1773840600,2026-03-18 13:30:00+00:00,1.3307,1.33266,1.33058,1.33266,1704.19
1773842400,2026-03-18 14:00:00+00:00,1.33254,1.33354,1.33042,1.33342,1704.99
1773844200,2026-03-18 14:30:00+00:00,1.33342,1.33354,1.33105,1.33254,1704.39
1773846000,2026-03-18 15:00:00+00:00,1.33302,1.33324,1.332,1.33226,1784.74
1773847800,2026-03-18 15:30:00+00:00,1.33226,1.33347,1.33209,1.33219,1725.04
1773849600,2026-03-18 16:00:00+00:00,1.33218,1.33255,1.33205,1.33251,1735.0
1773851400,2026-03-18 16:30:00+00:00,1.33251,1.33362,1.33217,1.33355,1721.27
1773853200,2026-03-18 17:00:00+00:00,1.33361,1.33389,1.33236,1.33326,1728.8799999999999
1773855000,2026-03-18 17:30:00+00:00,1.33326,1.33433,1.33236,1.33421,1698.3
1773856800,2026-03-18 18:00:00+00:00,1.33494,1.33494,1.32915,1.32983,1748.7
1773858600,2026-03-18 18:30:00+00:00,1.32983,1.33482,1.32915,1.32915,1717.13
1773860400,2026-03-18 19:00:00+00:00,1.329,1.32932,1.32789,1.32895,1658.46
1773862200,2026-03-18 19:30:00+00:00,1.32895,1.32919,1.32747,1.32778,1734.05
1773864000,2026-03-18 20:00:00+00:00,1.32752,1.32777,1.32541,1.32651,1754.2
1773865800,2026-03-18 20:30:00+00:00,1.32651,1.32703,1.32575,1.32577,1745.83
1773867600,2026-03-18 21:00:00+00:00,1.32602,1.3272,1.32564,1.32571,1714.76
1773869400,2026-03-18 21:30:00+00:00,1.32571,1.32692,1.32567,1.3269,1780.14
1773871200,2026-03-18 22:00:00+00:00,1.32678,1.32678,1.32531,1.32625,1798.6100000000001
1773873000,2026-03-18 22:30:00+00:00,1.32625,1.32655,1.3252,1.3259,1725.1
1773874800,2026-03-18 23:00:00+00:00,1.32578,1.32615,1.32578,1.3258,1696.1299999999999
1773876600,2026-03-18 23:30:00+00:00,1.3258,1.32675,1.32578,1.32644,1755.63
1773878400,2026-03-19 00:00:00+00:00,1.32648,1.32704,1.32648,1.32678,1735.7
1773880200,2026-03-19 00:30:00+00:00,1.32678,1.32845,1.32648,1.32845,1777.95
1773882000,2026-03-19 01:00:00+00:00,1.32861,1.32924,1.32837,1.32849,1713.64
1773883800,2026-03-19 01:30:00+00:00,1.32849,1.32856,1.32837,1.32846,1704.01
1773885600,2026-03-19 02:00:00+00:00,1.32814,1.32919,1.32784,1.32904,1679.48
1773887400,2026-03-19 02:30:00+00:00,1.32904,1.32969,1.32813,1.32868,1746.15
1773889200,2026-03-19 03:00:00+00:00,1.32884,1.32921,1.32862,1.32868,1701.46
1773891000,2026-03-19 03:30:00+00:00,1.32868,1.32902,1.32821,1.32821,1723.2
1773892800,2026-03-19 04:00:00+00:00,1.32805,1.3281,1.32788,1.32796,1758.31
1773894600,2026-03-19 04:30:00+00:00,1.32796,1.32805,1.32688,1.32727,1729.47
1773896400,2026-03-19 05:00:00+00:00,1.32733,1.32737,1.32636,1.32663,1825.82
1773898200,2026-03-19 05:30:00+00:00,1.32663,1.32678,1.32634,1.32638,1769.72
1773900000,2026-03-19 06:00:00+00:00,1.32633,1.32769,1.3263,1.32758,1675.29
1773901800,2026-03-19 06:30:00+00:00,1.32758,1.32758,1.32616,1.32663,1755.05
1773903600,2026-03-19 07:00:00+00:00,1.32671,1.32726,1.32527,1.32614,1701.11
1773905400,2026-03-19 07:30:00+00:00,1.32614,1.32726,1.32538,1.32635,1751.51
1773907200,2026-03-19 08:00:00+00:00,1.32624,1.32668,1.32458,1.32486,1714.91
1773909000,2026-03-19 08:30:00+00:00,1.32486,1.32668,1.32476,1.32537,1775.29
1773910800,2026-03-19 09:00:00+00:00,1.32566,1.32713,1.32566,1.32709,1728.33
1773912600,2026-03-19 09:30:00+00:00,1.32709,1.32889,1.32639,1.32858,1746.74
1773914400,2026-03-19 10:00:00+00:00,1.32835,1.32856,1.32728,1.3285,1786.46
1773916200,2026-03-19 10:30:00+00:00,1.3285,1.32871,1.32732,1.328,1691.22
1773918000,2026-03-19 11:00:00+00:00,1.32798,1.32894,1.3272,1.32892,1738.97
1773919800,2026-03-19 11:30:00+00:00,1.32892,1.32929,1.32853,1.32929,1715.88
1773921600,2026-03-19 12:00:00+00:00,1.33062,1.33072,1.32891,1.32914,1711.47
1773923400,2026-03-19 12:30:00+00:00,1.32914,1.33072,1.3284,1.33,1776.99
1773925200,2026-03-19 13:00:00+00:00,1.33012,1.33071,1.32846,1.32903,1718.77
1773927000,2026-03-19 13:30:00+00:00,1.32903,1.33507,1.32898,1.33488,1773.43
1773928800,2026-03-19 14:00:00+00:00,1.33564,1.33671,1.33391,1.33663,1677.2
1773930600,2026-03-19 14:30:00+00:00,1.33663,1.33688,1.33547,1.33655,1721.01
1773932400,2026-03-19 15:00:00+00:00,1.33626,1.33805,1.33452,1.33747,1781.55
1773934200,2026-03-19 15:30:00+00:00,1.33747,1.33877,1.33581,1.33597,1668.1
1773936000,2026-03-19 16:00:00+00:00,1.33581,1.3374,1.33546,1.33737,1696.94
1773937800,2026-03-19 16:30:00+00:00,1.33737,1.33749,1.33677,1.33697,1769.69
1773939600,2026-03-19 17:00:00+00:00,1.33714,1.33942,1.33702,1.33854,1785.6100000000001
1773941400,2026-03-19 17:30:00+00:00,1.33854,1.34077,1.33777,1.34037,1682.55
1773943200,2026-03-19 18:00:00+00:00,1.3402,1.34172,1.3395,1.3395,1728.42
1773945000,2026-03-19 18:30:00+00:00,1.3395,1.34187,1.3395,1.34178,1742.46
1773946800,2026-03-19 19:00:00+00:00,1.34244,1.34645,1.34244,1.34375,1735.99
1773948600,2026-03-19 19:30:00+00:00,1.34375,1.34388,1.34244,1.34325,1692.38
1773950400,2026-03-19 20:00:00+00:00,1.34313,1.34355,1.34275,1.34279,1752.6399999999999
1773952200,2026-03-19 20:30:00+00:00,1.34279,1.34317,1.34267,1.34313,1706.6
1773954000,2026-03-19 21:00:00+00:00,1.34309,1.34396,1.342,1.34203,1708.39
1773955800,2026-03-19 21:30:00+00:00,1.34203,1.34293,1.34157,1.34287,1783.89
1773957600,2026-03-19 22:00:00+00:00,1.34316,1.34424,1.34283,1.34329,1727.33
1773959400,2026-03-19 22:30:00+00:00,1.34329,1.34333,1.34259,1.34266,1678.25
1773961200,2026-03-19 23:00:00+00:00,1.34302,1.34302,1.34286,1.34289,1696.52
1773963000,2026-03-19 23:30:00+00:00,1.34289,1.34296,1.34214,1.34248,1773.58
1773964800,2026-03-20 00:00:00+00:00,1.3425,1.34274,1.34189,1.34214,1806.2
1773966600,2026-03-20 00:30:00+00:00,1.34214,1.34254,1.34191,1.34242,1776.88
1773968400,2026-03-20 01:00:00+00:00,1.34255,1.34257,1.3414,1.34141,1735.93
1773970200,2026-03-20 01:30:00+00:00,1.34141,1.34284,1.34136,1.3416,1704.84
1773972000,2026-03-20 02:00:00+00:00,1.34161,1.34185,1.34153,1.34164,1765.37
1773973800,2026-03-20 02:30:00+00:00,1.34164,1.34185,1.3411,1.34117,1704.59
1773975600,2026-03-20 03:00:00+00:00,1.34114,1.34114,1.34072,1.341,1659.18
1773977400,2026-03-20 03:30:00+00:00,1.341,1.34102,1.34034,1.34034,1736.93
1773979200,2026-03-20 04:00:00+00:00,1.3404,1.34068,1.34031,1.34033,1695.9
1773981000,2026-03-20 04:30:00+00:00,1.34033,1.34052,1.34028,1.34028,1683.3
1773982800,2026-03-20 05:00:00+00:00,1.34026,1.34089,1.34008,1.34012,1718.24
1773984600,2026-03-20 05:30:00+00:00,1.34012,1.34089,1.33997,1.34002,1704.33
1773986400,2026-03-20 06:00:00+00:00,1.34017,1.3407,1.34009,1.34042,1728.01
1773988200,2026-03-20 06:30:00+00:00,1.34042,1.34115,1.34028,1.34031,1735.87
1773990000,2026-03-20 07:00:00+00:00,1.34013,1.34244,1.33982,1.34192,1697.62
1773991800,2026-03-20 07:30:00+00:00,1.34192,1.34306,1.34153,1.34273,1719.27
1773993600,2026-03-20 08:00:00+00:00,1.34309,1.34359,1.34209,1.34218,1724.32
1773995400,2026-03-20 08:30:00+00:00,1.34218,1.34222,1.34193,1.34193,1716.39
1773997200,2026-03-20 09:00:00+00:00,1.34161,1.34166,1.33854,1.33872,1721.99
1773999000,2026-03-20 09:30:00+00:00,1.33872,1.3398,1.33828,1.33828,1738.49
1774000800,2026-03-20 10:00:00+00:00,1.33778,1.33814,1.33647,1.33793,1696.38
1774002600,2026-03-20 10:30:00+00:00,1.33793,1.33818,1.33783,1.33792,1685.68
1774004400,2026-03-20 11:00:00+00:00,1.33776,1.33859,1.33767,1.33852,1713.81
1774006200,2026-03-20 11:30:00+00:00,1.33852,1.33987,1.33843,1.33959,1773.92
1774008000,2026-03-20 12:00:00+00:00,1.33976,1.34067,1.33774,1.34066,1731.91
1774009800,2026-03-20 12:30:00+00:00,1.34066,1.34083,1.338,1.33814,1774.81
1774011600,2026-03-20 13:00:00+00:00,1.33808,1.33808,1.33686,1.33713,1780.1
1774013400,2026-03-20 13:30:00+00:00,1.33713,1.33722,1.33512,1.33512,1726.07
1774015200,2026-03-20 14:00:00+00:00,1.33478,1.33489,1.33138,1.33149,1706.02
1774017000,2026-03-20 14:30:00+00:00,1.33149,1.33199,1.33059,1.33102,1750.81
1774018800,2026-03-20 15:00:00+00:00,1.33119,1.33168,1.33007,1.33075,1787.82
1774020600,2026-03-20 15:30:00+00:00,1.33075,1.33459,1.33004,1.33036,1716.76
1774022400,2026-03-20 16:00:00+00:00,1.33019,1.33175,1.33019,1.33075,1692.28
1774024200,2026-03-20 16:30:00+00:00,1.33075,1.33316,1.33072,1.33219,1704.3
1774026000,2026-03-20 17:00:00+00:00,1.33244,1.33422,1.33198,1.33278,1742.89
1774027800,2026-03-20 17:30:00+00:00,1.33278,1.33365,1.3323,1.33361,1722.6
1774029600,2026-03-20 18:00:00+00:00,1.33408,1.33513,1.33352,1.3337,1697.5
1774031400,2026-03-20 18:30:00+00:00,1.3337,1.33406,1.33256,1.33263,1763.94
1774033200,2026-03-20 19:00:00+00:00,1.33281,1.33403,1.33208,1.33326,1702.04
1774035000,2026-03-20 19:30:00+00:00,1.33326,1.3341,1.33324,1.3333,1732.39
1774036800,2026-03-20 20:00:00+00:00,1.33355,1.33442,1.33347,1.33396,1709.96
1774038600,2026-03-20 20:30:00+00:00,1.33396,1.33426,1.33377,1.33406,1701.3
1774040400,2026-03-20 21:00:00+00:00,1.3342,1.33437,1.3342,1.3343,1704.97
1774042200,2026-03-20 21:30:00+00:00,1.3343,1.33449,1.33424,1.33449,1715.8
1774224000,2026-03-23 00:00:00+00:00,1.33348,1.33393,1.33327,1.33345,1775.3
1774225800,2026-03-23 00:30:00+00:00,1.33345,1.33384,1.33106,1.33199,1758.34
1774227600,2026-03-23 01:00:00+00:00,1.33198,1.33346,1.33198,1.33306,1692.25
1774229400,2026-03-23 01:30:00+00:00,1.33306,1.3342,1.33286,1.33326,1781.12
1774231200,2026-03-23 02:00:00+00:00,1.33342,1.33398,1.33229,1.33241,1763.3
1774233000,2026-03-23 02:30:00+00:00,1.33241,1.33383,1.33144,1.33197,1703.16
1774234800,2026-03-23 03:00:00+00:00,1.33198,1.3321,1.33171,1.33197,1761.56
1774236600,2026-03-23 03:30:00+00:00,1.33197,1.33226,1.33141,1.33141,1771.4
1774238400,2026-03-23 04:00:00+00:00,1.33182,1.3324,1.33172,1.33199,1753.2
1774240200,2026-03-23 04:30:00+00:00,1.33199,1.3324,1.33198,1.33237,1787.49
1774242000,2026-03-23 05:00:00+00:00,1.33232,1.33266,1.3315,1.33215,1725.42
1774243800,2026-03-23 05:30:00+00:00,1.33215,1.33216,1.33019,1.33019,1751.08
1774245600,2026-03-23 06:00:00+00:00,1.33004,1.33004,1.32823,1.32979,1721.51
1774247400,2026-03-23 06:30:00+00:00,1.32979,1.33004,1.32887,1.32899,1733.29
1774249200,2026-03-23 07:00:00+00:00,1.32939,1.33068,1.32896,1.32991,1718.78
1774251000,2026-03-23 07:30:00+00:00,1.32991,1.33013,1.32843,1.32895,1713.09
1774252800,2026-03-23 08:00:00+00:00,1.32926,1.33247,1.32926,1.33117,1782.49
1774254600,2026-03-23 08:30:00+00:00,1.33117,1.33304,1.33032,1.33097,1731.15
1774256400,2026-03-23 09:00:00+00:00,1.33089,1.33089,1.32647,1.32647,1743.75
1774258200,2026-03-23 09:30:00+00:00,1.32647,1.32758,1.32647,1.32699,1826.75
1774260000,2026-03-23 10:00:00+00:00,1.32658,1.32741,1.32582,1.32589,1774.79
1774261800,2026-03-23 10:30:00+00:00,1.32589,1.32634,1.32582,1.32628,1788.54
1774263600,2026-03-23 11:00:00+00:00,1.32649,1.33047,1.32649,1.32997,1661.06
1774265400,2026-03-23 11:30:00+00:00,1.32997,1.3431,1.32856,1.33532,1697.33
1774267200,2026-03-23 12:00:00+00:00,1.3352,1.34113,1.33489,1.34049,1722.84
1774269000,2026-03-23 12:30:00+00:00,1.34049,1.34282,1.33764,1.34282,1680.1
1774270800,2026-03-23 13:00:00+00:00,1.34278,1.34278,1.34103,1.34122,1754.35
1774272600,2026-03-23 13:30:00+00:00,1.34122,1.3422,1.33901,1.34139,1674.48
1774274400,2026-03-23 14:00:00+00:00,1.34116,1.34728,1.34116,1.34713,1805.32
1774276200,2026-03-23 14:30:00+00:00,1.34713,1.3479,1.34257,1.3444,1784.92
1774278000,2026-03-23 15:00:00+00:00,1.34434,1.34594,1.33994,1.34015,1752.41
1774279800,2026-03-23 15:30:00+00:00,1.34015,1.34156,1.3385,1.3385,1734.54
1774281600,2026-03-23 16:00:00+00:00,1.33845,1.34148,1.33792,1.3387,1778.71
1774283400,2026-03-23 16:30:00+00:00,1.3387,1.34101,1.33859,1.34001,1737.99
1774285200,2026-03-23 17:00:00+00:00,1.34058,1.34075,1.33954,1.33988,1676.83
1774287000,2026-03-23 17:30:00+00:00,1.33988,1.34289,1.33977,1.34242,1725.04
1774288800,2026-03-23 18:00:00+00:00,1.34253,1.3453,1.34145,1.34426,1720.53
1774290600,2026-03-23 18:30:00+00:00,1.34426,1.3457,1.34237,1.34544,1751.79
1774292400,2026-03-23 19:00:00+00:00,1.34494,1.34543,1.34345,1.34495,1724.19
1774294200,2026-03-23 19:30:00+00:00,1.34495,1.34511,1.34322,1.34322,1711.34
1774296000,2026-03-23 20:00:00+00:00,1.34306,1.34335,1.34261,1.34273,1722.21
1774297800,2026-03-23 20:30:00+00:00,1.34273,1.34282,1.34244,1.34271,1721.75
1774299600,2026-03-23 21:00:00+00:00,1.34349,1.34389,1.3434,1.34361,1713.83
1774301400,2026-03-23 21:30:00+00:00,1.34361,1.34364,1.34225,1.34322,1753.3500000000001
1774303200,2026-03-23 22:00:00+00:00,1.34305,1.34362,1.34282,1.3434,1731.07
1774305000,2026-03-23 22:30:00+00:00,1.3434,1.34348,1.34287,1.34329,1754.8799999999999
1774306800,2026-03-23 23:00:00+00:00,1.34331,1.3434,1.3427,1.34286,1714.26
1774308600,2026-03-23 23:30:00+00:00,1.34286,1.34317,1.34238,1.34247,1805.31
1774310400,2026-03-24 00:00:00+00:00,1.34259,1.34259,1.34034,1.34039,1704.41
1774312200,2026-03-24 00:30:00+00:00,1.34039,1.3411,1.33978,1.34021,1774.93
1774314000,2026-03-24 01:00:00+00:00,1.33997,1.34034,1.33883,1.3391,1733.56
1774315800,2026-03-24 01:30:00+00:00,1.3391,1.33966,1.33887,1.33948,1705.83
1774317600,2026-03-24 02:00:00+00:00,1.33938,1.33969,1.33907,1.33964,1798.09
1774319400,2026-03-24 02:30:00+00:00,1.33964,1.34088,1.33919,1.34012,1708.45
1774321200,2026-03-24 03:00:00+00:00,1.34005,1.34044,1.33969,1.33976,1699.57
1774323000,2026-03-24 03:30:00+00:00,1.33976,1.34068,1.33969,1.33978,1770.2
1774324800,2026-03-24 04:00:00+00:00,1.33985,1.33985,1.33939,1.3398,1758.56
1774326600,2026-03-24 04:30:00+00:00,1.3398,1.33985,1.33871,1.33944,1733.87
1774328400,2026-03-24 05:00:00+00:00,1.33941,1.34011,1.33938,1.3398,1705.54
1774330200,2026-03-24 05:30:00+00:00,1.3398,1.33999,1.33867,1.33993,1725.8
1774332000,2026-03-24 06:00:00+00:00,1.3399,1.34064,1.33971,1.34055,1767.1
1774333800,2026-03-24 06:30:00+00:00,1.34055,1.34142,1.34014,1.34132,1745.07
1774335600,2026-03-24 07:00:00+00:00,1.34135,1.34403,1.34135,1.34379,1823.01
1774337400,2026-03-24 07:30:00+00:00,1.34379,1.344,1.3426,1.3431,1771.5
1774339200,2026-03-24 08:00:00+00:00,1.34297,1.34297,1.3406,1.34162,1761.62
1774341000,2026-03-24 08:30:00+00:00,1.34162,1.34189,1.33877,1.33903,1696.58
1774342800,2026-03-24 09:00:00+00:00,1.33889,1.33962,1.33827,1.33848,1699.24
1774344600,2026-03-24 09:30:00+00:00,1.33848,1.34043,1.33846,1.34038,1711.34
1774346400,2026-03-24 10:00:00+00:00,1.34039,1.34075,1.3394,1.33999,1717.98
1774348200,2026-03-24 10:30:00+00:00,1.33999,1.34064,1.33935,1.34062,1751.19
1774350000,2026-03-24 11:00:00+00:00,1.34062,1.34149,1.34001,1.34126,1766.26
1774351800,2026-03-24 11:30:00+00:00,1.34126,1.34128,1.33907,1.33974,1755.98
1774353600,2026-03-24 12:00:00+00:00,1.33979,1.34028,1.33955,1.33972,1696.92
1774355400,2026-03-24 12:30:00+00:00,1.33972,1.34027,1.33903,1.33924,1747.39
1774357200,2026-03-24 13:00:00+00:00,1.33881,1.33921,1.33806,1.33915,1716.22
1774359000,2026-03-24 13:30:00+00:00,1.33915,1.3393,1.33684,1.33764,1724.06
1774360800,2026-03-24 14:00:00+00:00,1.33809,1.3387,1.33788,1.33811,1749.94
1774362600,2026-03-24 14:30:00+00:00,1.33811,1.34175,1.33781,1.33975,1719.49
1774364400,2026-03-24 15:00:00+00:00,1.34018,1.34042,1.33933,1.33946,1736.05
1774366200,2026-03-24 15:30:00+00:00,1.33946,1.33956,1.33795,1.33813,1734.65
1774368000,2026-03-24 16:00:00+00:00,1.33786,1.33804,1.33765,1.33801,1721.2
1774369800,2026-03-24 16:30:00+00:00,1.33801,1.33923,1.33773,1.33833,1795.54
1774371600,2026-03-24 17:00:00+00:00,1.33833,1.33835,1.33557,1.33574,1747.71
1774373400,2026-03-24 17:30:00+00:00,1.33574,1.33835,1.33538,1.33772,1715.1200000000001
1774375200,2026-03-24 18:00:00+00:00,1.33793,1.33937,1.3378,1.33895,1757.09
1774377000,2026-03-24 18:30:00+00:00,1.33895,1.33937,1.33652,1.33838,1695.2
1774378800,2026-03-24 19:00:00+00:00,1.33868,1.33908,1.33857,1.33859,1752.02
1774380600,2026-03-24 19:30:00+00:00,1.33859,1.33866,1.33808,1.33825,1740.08
1774382400,2026-03-24 20:00:00+00:00,1.33824,1.34122,1.33798,1.34071,1748.92
1774384200,2026-03-24 20:30:00+00:00,1.34071,1.3432,1.33873,1.34103,1764.71
1774386000,2026-03-24 21:00:00+00:00,1.34128,1.34161,1.34043,1.34063,1730.58
1774387800,2026-03-24 21:30:00+00:00,1.34063,1.34207,1.34029,1.34158,1676.68
1774389600,2026-03-24 22:00:00+00:00,1.34137,1.34178,1.34072,1.34112,1704.22
1774391400,2026-03-24 22:30:00+00:00,1.34112,1.34193,1.3411,1.34191,1718.47
1774393200,2026-03-24 23:00:00+00:00,1.34188,1.34224,1.34133,1.3417,1698.37
1774395000,2026-03-24 23:30:00+00:00,1.3417,1.34195,1.34133,1.34171,1742.2
1774396800,2026-03-25 00:00:00+00:00,1.3415,1.34332,1.3415,1.34235,1746.55
1774398600,2026-03-25 00:30:00+00:00,1.34235,1.34348,1.34212,1.34292,1735.02
1774400400,2026-03-25 01:00:00+00:00,1.3425,1.34319,1.34162,1.3419,1758.63
1774402200,2026-03-25 01:30:00+00:00,1.3419,1.3428,1.34144,1.34144,1713.43
1774404000,2026-03-25 02:00:00+00:00,1.34137,1.34142,1.34069,1.34125,1663.18
1774405800,2026-03-25 02:30:00+00:00,1.34125,1.34142,1.3399,1.34031,1709.82
1774407600,2026-03-25 03:00:00+00:00,1.34033,1.34063,1.34022,1.34056,1716.64
1774409400,2026-03-25 03:30:00+00:00,1.34056,1.34064,1.33983,1.33983,1694.44
1774411200,2026-03-25 04:00:00+00:00,1.33973,1.33996,1.33937,1.33982,1722.27
1774413000,2026-03-25 04:30:00+00:00,1.33982,1.33997,1.33917,1.33921,1718.19
1774414800,2026-03-25 05:00:00+00:00,1.33898,1.3391,1.33828,1.33867,1674.26
1774416600,2026-03-25 05:30:00+00:00,1.33867,1.33879,1.33737,1.3375,1706.12
1774418400,2026-03-25 06:00:00+00:00,1.33767,1.33791,1.33744,1.33775,1787.23
1774420200,2026-03-25 06:30:00+00:00,1.33775,1.3388,1.33764,1.33835,1768.91
1774422000,2026-03-25 07:00:00+00:00,1.33897,1.3395,1.33714,1.3395,1759.41
1774423800,2026-03-25 07:30:00+00:00,1.3395,1.3395,1.33867,1.33899,1724.41
1774425600,2026-03-25 08:00:00+00:00,1.3388,1.33995,1.3388,1.33987,1713.57
1774427400,2026-03-25 08:30:00+00:00,1.33987,1.34226,1.33946,1.34077,1743.24
1774429200,2026-03-25 09:00:00+00:00,1.34066,1.34093,1.33913,1.34086,1715.48
1774431000,2026-03-25 09:30:00+00:00,1.34086,1.34105,1.33959,1.3397,1734.89
1774432800,2026-03-25 10:00:00+00:00,1.3401,1.34068,1.33983,1.33989,1784.9
1774434600,2026-03-25 10:30:00+00:00,1.33989,1.34108,1.33983,1.34105,1701.15
1774436400,2026-03-25 11:00:00+00:00,1.34124,1.34211,1.34124,1.3418,1754.57
1774438200,2026-03-25 11:30:00+00:00,1.3418,1.3421,1.34067,1.34157,1767.93
1774440000,2026-03-25 12:00:00+00:00,1.34181,1.34262,1.34058,1.34076,1743.56
1774441800,2026-03-25 12:30:00+00:00,1.34076,1.34119,1.33903,1.33935,1683.48
1774443600,2026-03-25 13:00:00+00:00,1.33981,1.33999,1.33934,1.33975,1726.2
1774445400,2026-03-25 13:30:00+00:00,1.33975,1.33986,1.33719,1.33719,1733.06
1774447200,2026-03-25 14:00:00+00:00,1.33601,1.33886,1.33601,1.33802,1720.68
1774449000,2026-03-25 14:30:00+00:00,1.33802,1.33886,1.33714,1.33845,1741.18
1774450800,2026-03-25 15:00:00+00:00,1.33883,1.33909,1.33636,1.33747,1711.37
1774452600,2026-03-25 15:30:00+00:00,1.33747,1.33772,1.33636,1.33717,1694.8700000000001
1774454400,2026-03-25 16:00:00+00:00,1.33709,1.33834,1.33625,1.33833,1717.82
1774456200,2026-03-25 16:30:00+00:00,1.33833,1.33834,1.33722,1.33791,1749.94
1774458000,2026-03-25 17:00:00+00:00,1.33796,1.33871,1.33742,1.33785,1746.08
1774459800,2026-03-25 17:30:00+00:00,1.33785,1.33908,1.33749,1.33849,1721.68
1774461600,2026-03-25 18:00:00+00:00,1.33837,1.33854,1.33768,1.33807,1698.48
1774463400,2026-03-25 18:30:00+00:00,1.33807,1.33817,1.336,1.33658,1720.65
1774465200,2026-03-25 19:00:00+00:00,1.33641,1.33661,1.33615,1.33637,1711.26
1774467000,2026-03-25 19:30:00+00:00,1.33637,1.33667,1.33599,1.33651,1719.5
1774468800,2026-03-25 20:00:00+00:00,1.33655,1.33658,1.33585,1.3364,1776.06
1774470600,2026-03-25 20:30:00+00:00,1.3364,1.3366,1.33621,1.3366,1675.8799999999999
1774472400,2026-03-25 21:00:00+00:00,1.33651,1.33696,1.33646,1.33655,1768.27
1774474200,2026-03-25 21:30:00+00:00,1.33655,1.33681,1.33651,1.33667,1757.07
1774476000,2026-03-25 22:00:00+00:00,1.33631,1.33655,1.33598,1.33613,1762.6200000000001
1774477800,2026-03-25 22:30:00+00:00,1.33613,1.33652,1.33604,1.33615,1705.21
1774479600,2026-03-25 23:00:00+00:00,1.33629,1.33637,1.33614,1.33626,1787.75
1774481400,2026-03-25 23:30:00+00:00,1.33626,1.33636,1.33607,1.3363,1741.07
1774483200,2026-03-26 00:00:00+00:00,1.33621,1.33655,1.33564,1.33639,1707.82
1774485000,2026-03-26 00:30:00+00:00,1.33639,1.33663,1.33549,1.336,1743.6299999999999
1774486800,2026-03-26 01:00:00+00:00,1.3363,1.33658,1.33603,1.33604,1721.57
1774488600,2026-03-26 01:30:00+00:00,1.33604,1.33631,1.33563,1.33621,1728.29
1774490400,2026-03-26 02:00:00+00:00,1.33618,1.33627,1.33528,1.33584,1757.52
1774492200,2026-03-26 02:30:00+00:00,1.33584,1.33594,1.335,1.33516,1692.09
1774494000,2026-03-26 03:00:00+00:00,1.33505,1.33626,1.33505,1.33522,1737.72
1774495800,2026-03-26 03:30:00+00:00,1.33522,1.33657,1.33513,1.33652,1785.59
1774497600,2026-03-26 04:00:00+00:00,1.33634,1.33674,1.33634,1.33667,1747.65
1774499400,2026-03-26 04:30:00+00:00,1.33667,1.33669,1.33657,1.33661,1781.52
1774501200,2026-03-26 05:00:00+00:00,1.33648,1.33661,1.33555,1.33589,1761.6499999999999
1774503000,2026-03-26 05:30:00+00:00,1.33589,1.33612,1.3355,1.3355,1726.05
1774504800,2026-03-26 06:00:00+00:00,1.33565,1.33667,1.33537,1.33643,1749.86
1774506600,2026-03-26 06:30:00+00:00,1.33643,1.33667,1.33627,1.33651,1743.24
1774508400,2026-03-26 07:00:00+00:00,1.33639,1.33639,1.33531,1.33538,1693.97
1774510200,2026-03-26 07:30:00+00:00,1.33538,1.33582,1.33495,1.33499,1706.91
1774512000,2026-03-26 08:00:00+00:00,1.33476,1.33515,1.33381,1.33404,1723.88
1774513800,2026-03-26 08:30:00+00:00,1.33404,1.33529,1.33403,1.33528,1727.53
1774515600,2026-03-26 09:00:00+00:00,1.33519,1.3359,1.33455,1.33455,1716.68
1774517400,2026-03-26 09:30:00+00:00,1.33455,1.33546,1.33455,1.3354,1736.35
1774519200,2026-03-26 10:00:00+00:00,1.3353,1.33585,1.33512,1.33526,1786.05
1774521000,2026-03-26 10:30:00+00:00,1.33526,1.33612,1.33521,1.33536,1827.97
1774522800,2026-03-26 11:00:00+00:00,1.33543,1.33566,1.33467,1.33519,1761.66
1774524600,2026-03-26 11:30:00+00:00,1.33519,1.33535,1.33264,1.33264,1744.07
1774526400,2026-03-26 12:00:00+00:00,1.33257,1.33366,1.33252,1.33273,1806.24
1774528200,2026-03-26 12:30:00+00:00,1.33273,1.33315,1.33236,1.3331,1729.87
1774530000,2026-03-26 13:00:00+00:00,1.33321,1.33409,1.33321,1.33387,1711.21
1774531800,2026-03-26 13:30:00+00:00,1.33387,1.33637,1.33383,1.33553,1686.53
1774533600,2026-03-26 14:00:00+00:00,1.33544,1.337,1.33505,1.33683,1764.8799999999999
1774535400,2026-03-26 14:30:00+00:00,1.33683,1.33734,1.33506,1.33613,1781.96
1774537200,2026-03-26 15:00:00+00:00,1.33629,1.33648,1.33382,1.33416,1789.82
1774539000,2026-03-26 15:30:00+00:00,1.33416,1.33579,1.33413,1.33511,1756.22
1774540800,2026-03-26 16:00:00+00:00,1.33512,1.33517,1.33439,1.33461,1765.48
1774542600,2026-03-26 16:30:00+00:00,1.33461,1.33517,1.33351,1.3337,1725.56
1774544400,2026-03-26 17:00:00+00:00,1.33379,1.33385,1.33192,1.3323,1690.4
1774546200,2026-03-26 17:30:00+00:00,1.3323,1.33436,1.33192,1.33192,1761.9
1774548000,2026-03-26 18:00:00+00:00,1.33189,1.33219,1.33189,1.33211,1711.3
1774549800,2026-03-26 18:30:00+00:00,1.33211,1.33284,1.33206,1.33284,1769.56
1774551600,2026-03-26 19:00:00+00:00,1.33287,1.33287,1.3314,1.33188,1790.34
1774553400,2026-03-26 19:30:00+00:00,1.33188,1.33197,1.33133,1.33133,1742.96
1774555200,2026-03-26 20:00:00+00:00,1.33119,1.33559,1.33102,1.33171,1724.69
1774557000,2026-03-26 20:30:00+00:00,1.33171,1.33559,1.33149,1.33328,1692.95
1774558800,2026-03-26 21:00:00+00:00,1.33331,1.33372,1.33302,1.33309,1708.62
1774560600,2026-03-26 21:30:00+00:00,1.33309,1.33324,1.33285,1.33323,1724.8600000000001
1774562400,2026-03-26 22:00:00+00:00,1.3332,1.33376,1.3332,1.33351,1751.33
1774564200,2026-03-26 22:30:00+00:00,1.33351,1.33406,1.33348,1.33376,1740.61
1774566000,2026-03-26 23:00:00+00:00,1.33375,1.33401,1.33371,1.33371,1715.82
1774567800,2026-03-26 23:30:00+00:00,1.33371,1.33391,1.33343,1.33355,1723.61
1774569600,2026-03-27 00:00:00+00:00,1.33351,1.33403,1.33227,1.33356,1679.88
1774571400,2026-03-27 00:30:00+00:00,1.33356,1.33403,1.33306,1.33336,1733.06
1774573200,2026-03-27 01:00:00+00:00,1.33339,1.33409,1.33326,1.33327,1761.55
1774575000,2026-03-27 01:30:00+00:00,1.33327,1.33441,1.33319,1.33431,1726.26
1774576800,2026-03-27 02:00:00+00:00,1.33458,1.33458,1.33425,1.33443,1779.61
1774578600,2026-03-27 02:30:00+00:00,1.33443,1.33444,1.33386,1.33417,1738.77
1774580400,2026-03-27 03:00:00+00:00,1.33434,1.33437,1.33354,1.33363,1743.01
1774582200,2026-03-27 03:30:00+00:00,1.33363,1.33441,1.33363,1.33409,1706.59
1774584000,2026-03-27 04:00:00+00:00,1.33405,1.33436,1.33397,1.33432,1731.97
1774585800,2026-03-27 04:30:00+00:00,1.33432,1.33442,1.33413,1.33437,1774.02
1774587600,2026-03-27 05:00:00+00:00,1.33424,1.3347,1.33369,1.33398,1762.95
1774589400,2026-03-27 05:30:00+00:00,1.33398,1.33406,1.33382,1.33399,1746.29
1774591200,2026-03-27 06:00:00+00:00,1.3341,1.33454,1.33356,1.33368,1698.07
1774593000,2026-03-27 06:30:00+00:00,1.33368,1.33398,1.3334,1.3335,1782.63
1774594800,2026-03-27 07:00:00+00:00,1.3334,1.33347,1.33122,1.33122,1727.3799999999999
1774596600,2026-03-27 07:30:00+00:00,1.33122,1.33174,1.33122,1.33124,1706.07
1774598400,2026-03-27 08:00:00+00:00,1.33119,1.33186,1.33116,1.33124,1766.07
1774600200,2026-03-27 08:30:00+00:00,1.33124,1.33194,1.33105,1.3315,1751.22
1774602000,2026-03-27 09:00:00+00:00,1.33155,1.33169,1.33069,1.33156,1770.27
1774603800,2026-03-27 09:30:00+00:00,1.33156,1.33158,1.33036,1.33062,1719.31
1774605600,2026-03-27 10:00:00+00:00,1.33067,1.33173,1.33046,1.33075,1727.16
1774607400,2026-03-27 10:30:00+00:00,1.33075,1.33138,1.33014,1.3302,1751.84
1774609200,2026-03-27 11:00:00+00:00,1.33001,1.33039,1.32851,1.32852,1766.06
1774611000,2026-03-27 11:30:00+00:00,1.32852,1.32888,1.32832,1.32832,1691.71
1774612800,2026-03-27 12:00:00+00:00,1.32819,1.3285,1.32728,1.32812,1701.95
1774614600,2026-03-27 12:30:00+00:00,1.32812,1.32845,1.32784,1.32825,1804.86
1774616400,2026-03-27 13:00:00+00:00,1.32808,1.33036,1.32765,1.32948,1735.74
1774618200,2026-03-27 13:30:00+00:00,1.32948,1.33047,1.32919,1.32954,1797.48
1774620000,2026-03-27 14:00:00+00:00,1.33,1.33175,1.33,1.33096,1719.08
1774621800,2026-03-27 14:30:00+00:00,1.33096,1.33154,1.33003,1.33115,1685.49
1774623600,2026-03-27 15:00:00+00:00,1.3314,1.3332,1.33128,1.33266,1725.83
1774625400,2026-03-27 15:30:00+00:00,1.33266,1.3332,1.32909,1.32922,1729.32
1774627200,2026-03-27 16:00:00+00:00,1.32878,1.32963,1.32819,1.32934,1790.03
1774629000,2026-03-27 16:30:00+00:00,1.32934,1.32943,1.32743,1.32761,1720.63
1774630800,2026-03-27 17:00:00+00:00,1.32758,1.32781,1.32717,1.32719,1691.01
1774632600,2026-03-27 17:30:00+00:00,1.32719,1.32745,1.32608,1.32678,1767.91
1774634400,2026-03-27 18:00:00+00:00,1.32681,1.32734,1.32638,1.32719,1682.76
1774636200,2026-03-27 18:30:00+00:00,1.32719,1.32734,1.32693,1.32702,1693.7
1774638000,2026-03-27 19:00:00+00:00,1.32699,1.32704,1.32656,1.32689,1713.1299999999999
1774639800,2026-03-27 19:30:00+00:00,1.32689,1.32723,1.32649,1.32715,1799.5
1774641600,2026-03-27 20:00:00+00:00,1.32702,1.32749,1.32611,1.32631,1711.3
1774643400,2026-03-27 20:30:00+00:00,1.32631,1.32746,1.32611,1.32611,1721.66
1774645200,2026-03-27 21:00:00+00:00,1.32605,1.32605,1.32605,1.32605,1723.34
1774647000,2026-03-27 21:30:00+00:00,1.32605,1.32605,1.32605,1.32605,1692.3899999999999
1774825200,2026-03-29 23:00:00+00:00,1.32373,1.32431,1.32363,1.32395,1688.21
1774827000,2026-03-29 23:30:00+00:00,1.32395,1.32451,1.32349,1.32371,1770.82
1774828800,2026-03-30 00:00:00+00:00,1.32394,1.32492,1.3234,1.32429,1751.38
1774830600,2026-03-30 00:30:00+00:00,1.32429,1.3259,1.32385,1.32519,1754.45
1774832400,2026-03-30 01:00:00+00:00,1.32535,1.32537,1.32483,1.32498,1676.76
1774834200,2026-03-30 01:30:00+00:00,1.32498,1.32565,1.32487,1.32493,1752.5
1774836000,2026-03-30 02:00:00+00:00,1.32494,1.32619,1.32459,1.32478,1678.54
1774837800,2026-03-30 02:30:00+00:00,1.32478,1.32619,1.32471,1.32577,1709.07
1774839600,2026-03-30 03:00:00+00:00,1.32582,1.32694,1.32582,1.32694,1733.52
1774841400,2026-03-30 03:30:00+00:00,1.32694,1.32721,1.32637,1.32721,1709.17
1774843200,2026-03-30 04:00:00+00:00,1.32717,1.32722,1.32691,1.3271,1732.73
1774845000,2026-03-30 04:30:00+00:00,1.3271,1.32771,1.32691,1.32691,1733.1100000000001
1774846800,2026-03-30 05:00:00+00:00,1.3268,1.32739,1.3268,1.32723,1775.27
1774848600,2026-03-30 05:30:00+00:00,1.32723,1.32766,1.32686,1.32741,1718.56
1774850400,2026-03-30 06:00:00+00:00,1.32724,1.32809,1.32711,1.32717,1766.85
1774852200,2026-03-30 06:30:00+00:00,1.32717,1.32728,1.32665,1.32665,1761.19
1774854000,2026-03-30 07:00:00+00:00,1.32669,1.32669,1.32439,1.32442,1753.6299999999999
1774855800,2026-03-30 07:30:00+00:00,1.32442,1.32526,1.3242,1.32453,1748.24
1774857600,2026-03-30 08:00:00+00:00,1.32434,1.32455,1.32402,1.32422,1840.53
1774859400,2026-03-30 08:30:00+00:00,1.32422,1.32462,1.3233,1.32353,1751.08
1774861200,2026-03-30 09:00:00+00:00,1.32344,1.32379,1.32271,1.32377,1820.46
1774863000,2026-03-30 09:30:00+00:00,1.32377,1.32397,1.32373,1.32394,1743.98
1774864800,2026-03-30 10:00:00+00:00,1.32352,1.32397,1.32287,1.3233,1763.99
1774866600,2026-03-30 10:30:00+00:00,1.3233,1.32435,1.32287,1.32295,1829.25
1774868400,2026-03-30 11:00:00+00:00,1.32301,1.32394,1.32298,1.32393,1765.95
1774870200,2026-03-30 11:30:00+00:00,1.32393,1.32461,1.323,1.32317,1684.97
1774872000,2026-03-30 12:00:00+00:00,1.32318,1.3237,1.32282,1.32361,1772.01
1774873800,2026-03-30 12:30:00+00:00,1.32361,1.32367,1.32216,1.32284,1672.54
1774875600,2026-03-30 13:00:00+00:00,1.32304,1.3233,1.32054,1.32134,1736.96
1774877400,2026-03-30 13:30:00+00:00,1.32134,1.32198,1.31818,1.31838,1671.92
1774879200,2026-03-30 14:00:00+00:00,1.31862,1.31969,1.31759,1.31766,1757.4
1774881000,2026-03-30 14:30:00+00:00,1.31766,1.32036,1.31759,1.3197,1746.3
1774882800,2026-03-30 15:00:00+00:00,1.31986,1.31986,1.31824,1.31978,1732.8799999999999
1774884600,2026-03-30 15:30:00+00:00,1.31978,1.31986,1.31751,1.31922,1754.09
1774886400,2026-03-30 16:00:00+00:00,1.31899,1.31914,1.31834,1.31887,1766.27
1774888200,2026-03-30 16:30:00+00:00,1.31887,1.31919,1.3183,1.31875,1695.45
1774890000,2026-03-30 17:00:00+00:00,1.31906,1.31907,1.31829,1.31856,1702.08
1774891800,2026-03-30 17:30:00+00:00,1.31856,1.31946,1.31835,1.31843,1771.55
1774893600,2026-03-30 18:00:00+00:00,1.31851,1.31934,1.31846,1.31916,1759.01
1774895400,2026-03-30 18:30:00+00:00,1.31916,1.31943,1.31846,1.31846,1774.21
1774897200,2026-03-30 19:00:00+00:00,1.3184,1.31863,1.31791,1.318,1731.43
1774899000,2026-03-30 19:30:00+00:00,1.318,1.31862,1.31769,1.31836,1849.3899999999999
1774900800,2026-03-30 20:00:00+00:00,1.31854,1.31863,1.31793,1.31816,1739.42
1774902600,2026-03-30 20:30:00+00:00,1.31816,1.31863,1.31788,1.31838,1772.75
1774904400,2026-03-30 21:00:00+00:00,1.3198,1.3198,1.31896,1.31974,1794.2
1774906200,2026-03-30 21:30:00+00:00,1.31974,1.3198,1.31797,1.31851,1756.8700000000001
1774908000,2026-03-30 22:00:00+00:00,1.31844,1.3186,1.31798,1.31805,1699.09
1774909800,2026-03-30 22:30:00+00:00,1.31805,1.31839,1.31798,1.31803,1716.5
1774911600,2026-03-30 23:00:00+00:00,1.31778,1.31778,1.31725,1.31757,1796.38
1774913400,2026-03-30 23:30:00+00:00,1.31757,1.31764,1.31698,1.3171,1722.03
1774915200,2026-03-31 00:00:00+00:00,1.31718,1.31901,1.31611,1.31827,1747.44
1774917000,2026-03-31 00:30:00+00:00,1.31827,1.32013,1.31661,1.32013,1718.87
1774918800,2026-03-31 01:00:00+00:00,1.32007,1.32221,1.32002,1.32157,1713.77
1774920600,2026-03-31 01:30:00+00:00,1.32157,1.32221,1.31976,1.3209,1805.32
1774922400,2026-03-31 02:00:00+00:00,1.32091,1.32106,1.32055,1.321,1705.09
1774924200,2026-03-31 02:30:00+00:00,1.321,1.32126,1.32093,1.32096,1670.84
1774926000,2026-03-31 03:00:00+00:00,1.32092,1.32127,1.31994,1.32004,1723.97
1774927800,2026-03-31 03:30:00+00:00,1.32004,1.32033,1.31991,1.31993,1725.54
1774929600,2026-03-31 04:00:00+00:00,1.32006,1.32007,1.31977,1.31978,1711.47
1774931400,2026-03-31 04:30:00+00:00,1.31978,1.32037,1.31977,1.31979,1734.3600000000001
1774933200,2026-03-31 05:00:00+00:00,1.31972,1.32029,1.31933,1.31988,1743.52
1774935000,2026-03-31 05:30:00+00:00,1.31988,1.32106,1.31979,1.32013,1773.77
1774936800,2026-03-31 06:00:00+00:00,1.31998,1.32046,1.31966,1.3199,1723.7
1774938600,2026-03-31 06:30:00+00:00,1.3199,1.32076,1.31943,1.32056,1718.02
1774940400,2026-03-31 07:00:00+00:00,1.3205,1.32093,1.32046,1.32093,1732.08
1774942200,2026-03-31 07:30:00+00:00,1.32093,1.32093,1.31934,1.32093,1734.39
1774944000,2026-03-31 08:00:00+00:00,1.32055,1.32185,1.32016,1.32075,1733.0
1774945800,2026-03-31 08:30:00+00:00,1.32075,1.32185,1.31996,1.32123,1734.23
1774947600,2026-03-31 09:00:00+00:00,1.32059,1.32192,1.32059,1.32187,1735.25
1774949400,2026-03-31 09:30:00+00:00,1.32187,1.32192,1.32139,1.32145,1706.09
1774951200,2026-03-31 10:00:00+00:00,1.32137,1.32159,1.31984,1.31995,1769.26
1774953000,2026-03-31 10:30:00+00:00,1.31995,1.32136,1.31983,1.31983,1796.28
1774954800,2026-03-31 11:00:00+00:00,1.31938,1.32224,1.31938,1.32204,1708.94
1774956600,2026-03-31 11:30:00+00:00,1.32204,1.32345,1.32104,1.32308,1784.8
1774958400,2026-03-31 12:00:00+00:00,1.32347,1.32439,1.32301,1.32377,1729.08
1774960200,2026-03-31 12:30:00+00:00,1.32377,1.32471,1.32304,1.32382,1788.78
1774962000,2026-03-31 13:00:00+00:00,1.32377,1.32545,1.32312,1.32386,1768.13
1774963800,2026-03-31 13:30:00+00:00,1.32386,1.32618,1.32346,1.32594,1734.1599999999999
1774965600,2026-03-31 14:00:00+00:00,1.32624,1.32624,1.32402,1.32461,1730.62
1774967400,2026-03-31 14:30:00+00:00,1.32461,1.32462,1.3178,1.31899,1738.66
1774969200,2026-03-31 15:00:00+00:00,1.31869,1.32168,1.31795,1.3183,1698.1
1774971000,2026-03-31 15:30:00+00:00,1.3183,1.32164,1.31806,1.31839,1736.14
1774972800,2026-03-31 16:00:00+00:00,1.3182,1.3195,1.31773,1.31925,1705.41
1774974600,2026-03-31 16:30:00+00:00,1.31925,1.32327,1.3182,1.32159,1732.3
1774976400,2026-03-31 17:00:00+00:00,1.32204,1.32459,1.32204,1.32231,1700.14
1774978200,2026-03-31 17:30:00+00:00,1.32231,1.32459,1.32214,1.32312,1769.09
1774980000,2026-03-31 18:00:00+00:00,1.3231,1.32464,1.32289,1.32374,1753.16
1774981800,2026-03-31 18:30:00+00:00,1.32374,1.32446,1.32289,1.32295,1689.06
1774983600,2026-03-31 19:00:00+00:00,1.32279,1.3236,1.32235,1.32287,1740.27
1774985400,2026-03-31 19:30:00+00:00,1.32287,1.32387,1.32277,1.3236,1725.53
1774987200,2026-03-31 20:00:00+00:00,1.32357,1.32403,1.32336,1.32343,1737.29
1774989000,2026-03-31 20:30:00+00:00,1.32343,1.32345,1.32247,1.32276,1724.78
1774990800,2026-03-31 21:00:00+00:00,1.32237,1.32329,1.32237,1.32327,1731.74
1774992600,2026-03-31 21:30:00+00:00,1.32327,1.32329,1.32263,1.32266,1781.53
1774994400,2026-03-31 22:00:00+00:00,1.32229,1.32285,1.32229,1.32239,1706.5
1774996200,2026-03-31 22:30:00+00:00,1.32239,1.32321,1.32229,1.32321,1730.03
1774998000,2026-03-31 23:00:00+00:00,1.32312,1.32366,1.323,1.32339,1697.43
1774999800,2026-03-31 23:30:00+00:00,1.32339,1.32438,1.32336,1.32438,1745.95
1775001600,2026-04-01 00:00:00+00:00,1.32422,1.3243,1.324,1.32412,1750.76
1775003400,2026-04-01 00:30:00+00:00,1.32412,1.32539,1.32408,1.32467,1725.72
1775005200,2026-04-01 01:00:00+00:00,1.32445,1.32445,1.3241,1.32425,1699.6
1775007000,2026-04-01 01:30:00+00:00,1.32425,1.32445,1.3223,1.32318,1726.71
1775008800,2026-04-01 02:00:00+00:00,1.32319,1.32433,1.3231,1.3242,1747.98
1775010600,2026-04-01 02:30:00+00:00,1.3242,1.32426,1.32346,1.3241,1751.42
1775012400,2026-04-01 03:00:00+00:00,1.32392,1.32393,1.32366,1.32385,1762.35
1775014200,2026-04-01 03:30:00+00:00,1.32385,1.32387,1.32318,1.32336,1711.48
1775016000,2026-04-01 04:00:00+00:00,1.32328,1.32433,1.32328,1.32428,1714.53
1775017800,2026-04-01 04:30:00+00:00,1.32428,1.32435,1.32409,1.32431,1693.01
1775019600,2026-04-01 05:00:00+00:00,1.32431,1.32636,1.32421,1.3255,1724.29
1775021400,2026-04-01 05:30:00+00:00,1.3255,1.3265,1.32483,1.32582,1727.43
1775023200,2026-04-01 06:00:00+00:00,1.32596,1.32726,1.32558,1.32724,1698.28
1775025000,2026-04-01 06:30:00+00:00,1.32724,1.3291,1.3267,1.32882,1679.19
1775026800,2026-04-01 07:00:00+00:00,1.32911,1.32911,1.32663,1.32665,1699.34
1775028600,2026-04-01 07:30:00+00:00,1.32665,1.32711,1.32663,1.32664,1725.18
1775030400,2026-04-01 08:00:00+00:00,1.3263,1.32937,1.3263,1.32901,1746.8700000000001
1775032200,2026-04-01 08:30:00+00:00,1.32901,1.32997,1.32879,1.32908,1693.25
1775034000,2026-04-01 09:00:00+00:00,1.32897,1.32901,1.32797,1.32834,1719.66
1775035800,2026-04-01 09:30:00+00:00,1.32834,1.32942,1.32801,1.3294,1686.95
1775037600,2026-04-01 10:00:00+00:00,1.32938,1.32967,1.32938,1.32945,1754.52
1775039400,2026-04-01 10:30:00+00:00,1.32945,1.33169,1.32939,1.33021,1706.06
1775041200,2026-04-01 11:00:00+00:00,1.3303,1.33225,1.33001,1.33192,1680.99
1775043000,2026-04-01 11:30:00+00:00,1.33192,1.33234,1.33184,1.3322,1778.59
1775044800,2026-04-01 12:00:00+00:00,1.33226,1.33241,1.33033,1.33194,1759.26
1775046600,2026-04-01 12:30:00+00:00,1.33194,1.33218,1.32985,1.33036,1749.74
1775048400,2026-04-01 13:00:00+00:00,1.33045,1.3324,1.33042,1.33158,1745.55
1775050200,2026-04-01 13:30:00+00:00,1.33158,1.33179,1.32951,1.33146,1686.8899999999999
1775052000,2026-04-01 14:00:00+00:00,1.3317,1.33276,1.33056,1.33248,1825.59
1775053800,2026-04-01 14:30:00+00:00,1.33248,1.33351,1.33147,1.33351,1750.77
1775055600,2026-04-01 15:00:00+00:00,1.33345,1.33351,1.33256,1.33342,1723.18
1775057400,2026-04-01 15:30:00+00:00,1.33342,1.33343,1.33183,1.33303,1721.19
1775059200,2026-04-01 16:00:00+00:00,1.33298,1.33304,1.33148,1.33284,1668.27
1775061000,2026-04-01 16:30:00+00:00,1.33284,1.3339,1.33232,1.3339,1756.27
1775062800,2026-04-01 17:00:00+00:00,1.33385,1.33438,1.33197,1.332,1761.17
1775064600,2026-04-01 17:30:00+00:00,1.332,1.33207,1.33157,1.33157,1735.86
1775066400,2026-04-01 18:00:00+00:00,1.33172,1.33172,1.33026,1.33107,1687.21
1775068200,2026-04-01 18:30:00+00:00,1.33107,1.3316,1.32962,1.33033,1727.64
1775070000,2026-04-01 19:00:00+00:00,1.32983,1.33017,1.32934,1.33009,1717.84
1775071800,2026-04-01 19:30:00+00:00,1.33009,1.33055,1.3299,1.33014,1718.33
1775073600,2026-04-01 20:00:00+00:00,1.3301,1.33055,1.33003,1.33045,1714.81
1775075400,2026-04-01 20:30:00+00:00,1.33045,1.33065,1.33041,1.33054,1739.9
1775077200,2026-04-01 21:00:00+00:00,1.33062,1.3313,1.33005,1.3306,1752.34
1775079000,2026-04-01 21:30:00+00:00,1.3306,1.33126,1.32979,1.33054,1690.84
1775080800,2026-04-01 22:00:00+00:00,1.33082,1.33107,1.33064,1.33068,1725.69
1775082600,2026-04-01 22:30:00+00:00,1.33068,1.33071,1.33047,1.33047,1776.01
1775084400,2026-04-01 23:00:00+00:00,1.33074,1.33104,1.33032,1.33033,1747.12
1775086200,2026-04-01 23:30:00+00:00,1.33033,1.33063,1.33014,1.33024,1672.39
1775088000,2026-04-02 00:00:00+00:00,1.33017,1.33052,1.32985,1.33027,1727.18
1775089800,2026-04-02 00:30:00+00:00,1.33027,1.33146,1.33017,1.33141,1761.92
1775091600,2026-04-02 01:00:00+00:00,1.3313,1.33194,1.32501,1.32638,1688.12
1775093400,2026-04-02 01:30:00+00:00,1.32638,1.33,1.32521,1.3255,1697.8
1775095200,2026-04-02 02:00:00+00:00,1.32549,1.32623,1.32454,1.32623,1711.92
1775097000,2026-04-02 02:30:00+00:00,1.32623,1.32623,1.32435,1.32476,1770.2
1775098800,2026-04-02 03:00:00+00:00,1.32442,1.32476,1.32338,1.32441,1721.02
1775100600,2026-04-02 03:30:00+00:00,1.32441,1.32444,1.32319,1.32338,1753.06
1775102400,2026-04-02 04:00:00+00:00,1.32354,1.32383,1.32296,1.32343,1777.6499999999999
1775104200,2026-04-02 04:30:00+00:00,1.32343,1.32387,1.32314,1.32355,1754.74
1775106000,2026-04-02 05:00:00+00:00,1.3237,1.32378,1.32235,1.32247,1750.01
1775107800,2026-04-02 05:30:00+00:00,1.32247,1.32266,1.3216,1.3216,1719.97
1775109600,2026-04-02 06:00:00+00:00,1.32165,1.32169,1.32023,1.32088,1754.75
1775111400,2026-04-02 06:30:00+00:00,1.32088,1.32239,1.32054,1.32239,1758.64
1775113200,2026-04-02 07:00:00+00:00,1.32241,1.32241,1.32216,1.32231,1743.43
1775115000,2026-04-02 07:30:00+00:00,1.32231,1.32241,1.32028,1.32169,1752.5
1775116800,2026-04-02 08:00:00+00:00,1.32174,1.32174,1.31963,1.32057,1791.6
1775118600,2026-04-02 08:30:00+00:00,1.32057,1.32103,1.31963,1.32008,1714.13
1775120400,2026-04-02 09:00:00+00:00,1.32015,1.32084,1.31963,1.31979,1771.83
1775122200,2026-04-02 09:30:00+00:00,1.31979,1.32008,1.31955,1.32003,1752.25
1775124000,2026-04-02 10:00:00+00:00,1.32013,1.32013,1.31864,1.31995,1749.76
1775125800,2026-04-02 10:30:00+00:00,1.31995,1.32013,1.3186,1.3186,1663.85
1775127600,2026-04-02 11:00:00+00:00,1.31856,1.31949,1.31845,1.31894,1743.75
1775129400,2026-04-02 11:30:00+00:00,1.31894,1.3203,1.31831,1.3203,1774.8899999999999
1775131200,2026-04-02 12:00:00+00:00,1.32026,1.32184,1.32026,1.32088,1739.82
1775133000,2026-04-02 12:30:00+00:00,1.32088,1.32168,1.32057,1.32155,1719.91
1775134800,2026-04-02 13:00:00+00:00,1.32124,1.32137,1.32037,1.3207,1743.39
1775136600,2026-04-02 13:30:00+00:00,1.3207,1.32188,1.32069,1.32188,1742.56
1775138400,2026-04-02 14:00:00+00:00,1.3219,1.32311,1.32109,1.32227,1745.75
1775140200,2026-04-02 14:30:00+00:00,1.32227,1.32438,1.32182,1.32438,1753.68
1775142000,2026-04-02 15:00:00+00:00,1.32451,1.32499,1.32289,1.32325,1767.11
1775143800,2026-04-02 15:30:00+00:00,1.32325,1.32512,1.32296,1.32384,1767.71
1775145600,2026-04-02 16:00:00+00:00,1.32394,1.32415,1.32339,1.32367,1772.94
1775147400,2026-04-02 16:30:00+00:00,1.32367,1.32372,1.32277,1.32351,1741.68
1775149200,2026-04-02 17:00:00+00:00,1.32324,1.32386,1.32263,1.32337,1752.6200000000001
1775151000,2026-04-02 17:30:00+00:00,1.32337,1.32409,1.32238,1.32248,1722.36
1775152800,2026-04-02 18:00:00+00:00,1.32255,1.32282,1.32251,1.32273,1713.94
1775154600,2026-04-02 18:30:00+00:00,1.32273,1.32287,1.32222,1.32256,1719.38
1775156400,2026-04-02 19:00:00+00:00,1.32255,1.32255,1.32229,1.3224,1780.66
1775158200,2026-04-02 19:30:00+00:00,1.3224,1.32288,1.3223,1.32234,1725.0
1775160000,2026-04-02 20:00:00+00:00,1.32223,1.3226,1.32223,1.3224,1722.8400000000001
1775161800,2026-04-02 20:30:00+00:00,1.3224,1.32286,1.32228,1.32268,1716.8
1775163600,2026-04-02 21:00:00+00:00,1.32273,1.32303,1.32253,1.32279,1773.95
1775165400,2026-04-02 21:30:00+00:00,1.32279,1.32283,1.32177,1.32246,1714.31
1775167200,2026-04-02 22:00:00+00:00,1.32251,1.32263,1.3224,1.32243,1740.69
1775169000,2026-04-02 22:30:00+00:00,1.32243,1.32269,1.3224,1.32258,1755.07
1775170800,2026-04-02 23:00:00+00:00,1.3226,1.32308,1.3226,1.3229,1788.26
1775172600,2026-04-02 23:30:00+00:00,1.3229,1.32313,1.32285,1.32302,1734.06
1775174400,2026-04-03 00:00:00+00:00,1.32301,1.32316,1.32296,1.32309,1750.7
1775176200,2026-04-03 00:30:00+00:00,1.32309,1.32382,1.32306,1.32343,1759.19
1775178000,2026-04-03 01:00:00+00:00,1.32345,1.32345,1.32298,1.323,1755.08
1775179800,2026-04-03 01:30:00+00:00,1.323,1.32345,1.32267,1.32267,1816.1
1775181600,2026-04-03 02:00:00+00:00,1.3228,1.32316,1.32221,1.32305,1749.42
1775183400,2026-04-03 02:30:00+00:00,1.32305,1.32319,1.32238,1.32269,1766.46
1775185200,2026-04-03 03:00:00+00:00,1.32274,1.32281,1.32262,1.32278,1676.93
1775187000,2026-04-03 03:30:00+00:00,1.32278,1.323,1.32278,1.32298,1725.45
1775188800,2026-04-03 04:00:00+00:00,1.32297,1.32298,1.3228,1.32295,1742.33
1775190600,2026-04-03 04:30:00+00:00,1.32295,1.32298,1.32266,1.32275,1737.6
1775192400,2026-04-03 05:00:00+00:00,1.32267,1.32325,1.32226,1.32282,1741.94
1775194200,2026-04-03 05:30:00+00:00,1.32282,1.32337,1.32224,1.32337,1677.86
1775196000,2026-04-03 06:00:00+00:00,1.32331,1.32365,1.32299,1.32312,1753.42
1775197800,2026-04-03 06:30:00+00:00,1.32312,1.32362,1.32304,1.32342,1771.13
1775199600,2026-04-03 07:00:00+00:00,1.32353,1.32402,1.32345,1.32371,1754.59
1775201400,2026-04-03 07:30:00+00:00,1.32371,1.32428,1.32363,1.32391,1721.18
1775203200,2026-04-03 08:00:00+00:00,1.32385,1.32399,1.32331,1.32341,1714.93
1775205000,2026-04-03 08:30:00+00:00,1.32341,1.3239,1.32331,1.32388,1776.41
1775206800,2026-04-03 09:00:00+00:00,1.32385,1.3239,1.32336,1.32381,1798.72
1775208600,2026-04-03 09:30:00+00:00,1.32381,1.32391,1.32345,1.32355,1765.83
1775210400,2026-04-03 10:00:00+00:00,1.32346,1.3237,1.32313,1.32343,1739.3
1775212200,2026-04-03 10:30:00+00:00,1.32343,1.32352,1.32302,1.32348,1698.6
1775214000,2026-04-03 11:00:00+00:00,1.32339,1.32343,1.32335,1.32339,1698.34
1775215800,2026-04-03 11:30:00+00:00,1.32339,1.32384,1.32336,1.32359,1778.42
1775217600,2026-04-03 12:00:00+00:00,1.32368,1.32378,1.32158,1.32208,1714.61
1775219400,2026-04-03 12:30:00+00:00,1.32208,1.32245,1.32103,1.32124,1762.3700000000001
1775221200,2026-04-03 13:00:00+00:00,1.32121,1.32194,1.32096,1.32159,1718.83
1775223000,2026-04-03 13:30:00+00:00,1.32159,1.32204,1.32115,1.32173,1735.38
1775224800,2026-04-03 14:00:00+00:00,1.32175,1.32175,1.32106,1.32154,1722.52
1775226600,2026-04-03 14:30:00+00:00,1.32154,1.32171,1.32047,1.32048,1706.5
1775228400,2026-04-03 15:00:00+00:00,1.32037,1.32127,1.3203,1.32055,1685.32
1775230200,2026-04-03 15:30:00+00:00,1.32055,1.32121,1.3197,1.31976,1754.55
1775232000,2026-04-03 16:00:00+00:00,1.32013,1.32017,1.31957,1.31994,1718.18
1775233800,2026-04-03 16:30:00+00:00,1.31994,1.32017,1.31989,1.32006,1742.33
1775235600,2026-04-03 17:00:00+00:00,1.31977,1.3201,1.3197,1.31976,1728.37
1775237400,2026-04-03 17:30:00+00:00,1.31976,1.32007,1.3197,1.31978,1771.08
1775239200,2026-04-03 18:00:00+00:00,1.31978,1.31989,1.31917,1.31975,1737.62
1775241000,2026-04-03 18:30:00+00:00,1.31975,1.31979,1.31901,1.31919,1745.7
1775242800,2026-04-03 19:00:00+00:00,1.31919,1.31936,1.31906,1.31927,1769.08
1775244600,2026-04-03 19:30:00+00:00,1.31927,1.3193,1.31913,1.31925,1720.77
1775246400,2026-04-03 20:00:00+00:00,1.31921,1.32112,1.31917,1.31924,1724.2
1775248200,2026-04-03 20:30:00+00:00,1.31924,1.31949,1.31917,1.31947,1729.71
1775250000,2026-04-03 21:00:00+00:00,1.31938,1.31938,1.31938,1.31938,1751.3
1775251800,2026-04-03 21:30:00+00:00,1.31938,1.31938,1.31938,1.31938,1765.47
1775430000,2026-04-05 23:00:00+00:00,1.31929,1.31929,1.31864,1.31879,1770.24
1775431800,2026-04-05 23:30:00+00:00,1.31879,1.31884,1.3186,1.3186,1741.67
1775433600,2026-04-06 00:00:00+00:00,1.31879,1.31916,1.31879,1.31906,1778.19
1775435400,2026-04-06 00:30:00+00:00,1.31906,1.31981,1.31896,1.31972,1796.43
1775437200,2026-04-06 01:00:00+00:00,1.3197,1.31998,1.31956,1.31963,1703.01
1775439000,2026-04-06 01:30:00+00:00,1.31963,1.31974,1.31912,1.31924,1755.01
1775440800,2026-04-06 02:00:00+00:00,1.31961,1.32127,1.31954,1.32092,1762.65
1775442600,2026-04-06 02:30:00+00:00,1.32092,1.32169,1.3205,1.32113,1726.97
1775444400,2026-04-06 03:00:00+00:00,1.3212,1.32128,1.32086,1.32114,1724.7
1775446200,2026-04-06 03:30:00+00:00,1.32114,1.32135,1.32057,1.32071,1750.61
1775448000,2026-04-06 04:00:00+00:00,1.3208,1.3214,1.32079,1.32121,1768.17
1775449800,2026-04-06 04:30:00+00:00,1.32121,1.32135,1.32088,1.32129,1724.68
1775451600,2026-04-06 05:00:00+00:00,1.32126,1.32208,1.32126,1.32133,1725.57
1775453400,2026-04-06 05:30:00+00:00,1.32133,1.32208,1.32126,1.3216,1676.35
1775455200,2026-04-06 06:00:00+00:00,1.32158,1.32247,1.32145,1.32162,1756.99
1775457000,2026-04-06 06:30:00+00:00,1.32162,1.3219,1.32122,1.32188,1733.77
1775458800,2026-04-06 07:00:00+00:00,1.32189,1.32583,1.32105,1.32394,1722.29
1775460600,2026-04-06 07:30:00+00:00,1.32394,1.32545,1.32215,1.32528,1727.96
1775462400,2026-04-06 08:00:00+00:00,1.3257,1.32577,1.32471,1.3254,1773.25
1775464200,2026-04-06 08:30:00+00:00,1.3254,1.32571,1.3247,1.32495,1685.96
1775466000,2026-04-06 09:00:00+00:00,1.32502,1.32554,1.32441,1.32455,1788.73
1775467800,2026-04-06 09:30:00+00:00,1.32455,1.3248,1.32441,1.32454,1713.78
1775469600,2026-04-06 10:00:00+00:00,1.32472,1.32474,1.32421,1.32456,1736.83
1775471400,2026-04-06 10:30:00+00:00,1.32456,1.32526,1.32443,1.32447,1750.07
1775473200,2026-04-06 11:00:00+00:00,1.32437,1.32457,1.32379,1.3243,1749.48
1775475000,2026-04-06 11:30:00+00:00,1.3243,1.32457,1.32336,1.32371,1700.39
1775476800,2026-04-06 12:00:00+00:00,1.3235,1.32458,1.3235,1.32453,1750.12
1775478600,2026-04-06 12:30:00+00:00,1.32453,1.32489,1.32437,1.32455,1692.21
1775480400,2026-04-06 13:00:00+00:00,1.32468,1.32574,1.32445,1.32556,1716.96
1775482200,2026-04-06 13:30:00+00:00,1.32556,1.32597,1.32546,1.32576,1729.31
1775484000,2026-04-06 14:00:00+00:00,1.32681,1.32681,1.32405,1.32429,1766.02
1775485800,2026-04-06 14:30:00+00:00,1.32429,1.32453,1.32385,1.32385,1720.48
1775487600,2026-04-06 15:00:00+00:00,1.32357,1.32357,1.3225,1.32354,1720.19
1775489400,2026-04-06 15:30:00+00:00,1.32354,1.32357,1.3233,1.32337,1734.1
1775491200,2026-04-06 16:00:00+00:00,1.32352,1.32366,1.3232,1.3233,1737.04
1775493000,2026-04-06 16:30:00+00:00,1.3233,1.32392,1.32329,1.3235,1693.19
1775494800,2026-04-06 17:00:00+00:00,1.32323,1.32326,1.32189,1.32314,1738.08
1775496600,2026-04-06 17:30:00+00:00,1.32314,1.32326,1.32202,1.32268,1684.02
1775498400,2026-04-06 18:00:00+00:00,1.32264,1.32303,1.3226,1.32291,1732.73
1775500200,2026-04-06 18:30:00+00:00,1.32291,1.32434,1.3226,1.32376,1764.74
1775502000,2026-04-06 19:00:00+00:00,1.32367,1.32396,1.32353,1.32355,1754.33
1775503800,2026-04-06 19:30:00+00:00,1.32355,1.32385,1.3234,1.32341,1738.91
1775505600,2026-04-06 20:00:00+00:00,1.32346,1.32375,1.32335,1.3234,1742.11
1775507400,2026-04-06 20:30:00+00:00,1.3234,1.32374,1.32339,1.32363,1746.73
1775509200,2026-04-06 21:00:00+00:00,1.32345,1.32417,1.32342,1.32385,1748.37
1775511000,2026-04-06 21:30:00+00:00,1.32385,1.324,1.32342,1.32342,1760.29
1775512800,2026-04-06 22:00:00+00:00,1.32361,1.32368,1.32348,1.32365,1726.15
1775514600,2026-04-06 22:30:00+00:00,1.32365,1.32365,1.32339,1.32339,1783.81
1775516400,2026-04-06 23:00:00+00:00,1.32336,1.32347,1.32321,1.32327,1700.96
1775518200,2026-04-06 23:30:00+00:00,1.32327,1.32345,1.32306,1.32338,1729.55
1775520000,2026-04-07 00:00:00+00:00,1.32331,1.32379,1.32304,1.32308,1698.77
1775521800,2026-04-07 00:30:00+00:00,1.32308,1.32343,1.32304,1.32312,1744.99
1775523600,2026-04-07 01:00:00+00:00,1.32299,1.32348,1.32176,1.32226,1699.49
1775525400,2026-04-07 01:30:00+00:00,1.32226,1.32285,1.32166,1.32186,1724.02
1775527200,2026-04-07 02:00:00+00:00,1.32192,1.32204,1.32116,1.32127,1743.91
1775529000,2026-04-07 02:30:00+00:00,1.32127,1.32197,1.32123,1.32174,1735.23
1775530800,2026-04-07 03:00:00+00:00,1.32171,1.32258,1.32171,1.32249,1786.05
1775532600,2026-04-07 03:30:00+00:00,1.32249,1.32258,1.32244,1.32253,1750.97
1775534400,2026-04-07 04:00:00+00:00,1.32257,1.32322,1.32244,1.32304,1730.01
1775536200,2026-04-07 04:30:00+00:00,1.32304,1.32339,1.32302,1.32328,1702.35
1775538000,2026-04-07 05:00:00+00:00,1.32334,1.32337,1.32199,1.32329,1715.34
1775539800,2026-04-07 05:30:00+00:00,1.32329,1.32337,1.32273,1.32303,1717.16
1775541600,2026-04-07 06:00:00+00:00,1.32299,1.32443,1.32271,1.32426,1773.56
1775543400,2026-04-07 06:30:00+00:00,1.32426,1.32481,1.32391,1.32448,1689.22
1775545200,2026-04-07 07:00:00+00:00,1.32449,1.3246,1.32309,1.32323,1729.5800000000002
1775547000,2026-04-07 07:30:00+00:00,1.32323,1.32364,1.32274,1.32329,1732.99
1775548800,2026-04-07 08:00:00+00:00,1.3234,1.32548,1.3234,1.32348,1740.68
1775550600,2026-04-07 08:30:00+00:00,1.32348,1.32845,1.3234,1.32845,1758.5
1775552400,2026-04-07 09:00:00+00:00,1.32828,1.32834,1.32683,1.32815,1767.49
1775554200,2026-04-07 09:30:00+00:00,1.32815,1.32834,1.32666,1.32666,1770.35
1775556000,2026-04-07 10:00:00+00:00,1.32654,1.32672,1.32468,1.32581,1733.11
1775557800,2026-04-07 10:30:00+00:00,1.32581,1.32592,1.3238,1.32438,1774.01
1775559600,2026-04-07 11:00:00+00:00,1.32438,1.32479,1.32369,1.32411,1737.28
1775561400,2026-04-07 11:30:00+00:00,1.32411,1.32479,1.32396,1.32458,1712.3
1775563200,2026-04-07 12:00:00+00:00,1.32463,1.3258,1.32443,1.32519,1686.79
1775565000,2026-04-07 12:30:00+00:00,1.32519,1.32574,1.32408,1.32512,1749.63
1775566800,2026-04-07 13:00:00+00:00,1.32558,1.32558,1.32396,1.32422,1712.01
1775568600,2026-04-07 13:30:00+00:00,1.32422,1.32429,1.32388,1.32417,1776.23
1775570400,2026-04-07 14:00:00+00:00,1.32415,1.32587,1.32394,1.32411,1733.6
1775572200,2026-04-07 14:30:00+00:00,1.32411,1.32635,1.32379,1.32462,1754.91
1775574000,2026-04-07 15:00:00+00:00,1.32459,1.32515,1.32392,1.32407,1713.29
1775575800,2026-04-07 15:30:00+00:00,1.32407,1.32494,1.32398,1.32407,1736.18
1775577600,2026-04-07 16:00:00+00:00,1.32401,1.32471,1.32401,1.32441,1742.12
1775579400,2026-04-07 16:30:00+00:00,1.32441,1.32558,1.32436,1.32498,1750.16
1775581200,2026-04-07 17:00:00+00:00,1.32506,1.32657,1.32481,1.32581,1774.82
1775583000,2026-04-07 17:30:00+00:00,1.32581,1.32628,1.32563,1.32612,1757.56
1775584800,2026-04-07 18:00:00+00:00,1.32637,1.32658,1.32562,1.32589,1716.01
1775586600,2026-04-07 18:30:00+00:00,1.32589,1.32692,1.32565,1.32587,1738.2
1775588400,2026-04-07 19:00:00+00:00,1.32588,1.32657,1.32562,1.32641,1694.47
1775590200,2026-04-07 19:30:00+00:00,1.32641,1.32934,1.32618,1.32879,1746.65
1775592000,2026-04-07 20:00:00+00:00,1.32866,1.32995,1.32866,1.32995,1701.05
1775593800,2026-04-07 20:30:00+00:00,1.32995,1.32995,1.32904,1.3293,1772.96
1775595600,2026-04-07 21:00:00+00:00,1.32927,1.33007,1.3283,1.33001,1750.1399999999999
1775597400,2026-04-07 21:30:00+00:00,1.33001,1.33014,1.32945,1.32981,1712.96
1775599200,2026-04-07 22:00:00+00:00,1.33022,1.3335,1.33022,1.33313,1765.84
1775601000,2026-04-07 22:30:00+00:00,1.33313,1.33706,1.33208,1.33705,1717.77
1775602800,2026-04-07 23:00:00+00:00,1.33705,1.34057,1.33705,1.33981,1742.1
1775604600,2026-04-07 23:30:00+00:00,1.33981,1.34038,1.33845,1.34008,1710.98
1775606400,2026-04-08 00:00:00+00:00,1.34013,1.34086,1.33888,1.33916,1751.8400000000001
1775608200,2026-04-08 00:30:00+00:00,1.33916,1.33989,1.33802,1.33885,1727.33
1775610000,2026-04-08 01:00:00+00:00,1.3387,1.34146,1.3387,1.3412,1722.19
1775611800,2026-04-08 01:30:00+00:00,1.3412,1.3412,1.33951,1.3404,1752.36
1775613600,2026-04-08 02:00:00+00:00,1.34056,1.34115,1.3395,1.33962,1712.43
1775615400,2026-04-08 02:30:00+00:00,1.33962,1.34007,1.33948,1.34001,1774.35
1775617200,2026-04-08 03:00:00+00:00,1.34016,1.34045,1.33927,1.34026,1749.94
1775619000,2026-04-08 03:30:00+00:00,1.34026,1.34045,1.33956,1.33998,1752.19
1775620800,2026-04-08 04:00:00+00:00,1.33996,1.34079,1.33996,1.34065,1769.66
1775622600,2026-04-08 04:30:00+00:00,1.34065,1.34169,1.34039,1.34159,1685.82
1775624400,2026-04-08 05:00:00+00:00,1.34166,1.34346,1.34157,1.34221,1740.49
1775626200,2026-04-08 05:30:00+00:00,1.34221,1.34439,1.34144,1.34329,1704.3
1775628000,2026-04-08 06:00:00+00:00,1.34334,1.34423,1.34204,1.34204,1734.61
1775629800,2026-04-08 06:30:00+00:00,1.34204,1.34314,1.34204,1.34305,1735.7
1775631600,2026-04-08 07:00:00+00:00,1.34298,1.34329,1.34128,1.34311,1769.26
1775633400,2026-04-08 07:30:00+00:00,1.34311,1.34331,1.34196,1.3425,1745.05
1775635200,2026-04-08 08:00:00+00:00,1.34242,1.34319,1.34102,1.34309,1703.09
1775637000,2026-04-08 08:30:00+00:00,1.34309,1.34319,1.34254,1.34271,1718.28
1775638800,2026-04-08 09:00:00+00:00,1.34289,1.34395,1.34252,1.343,1743.6499999999999
1775640600,2026-04-08 09:30:00+00:00,1.343,1.34345,1.34225,1.34241,1723.28
1775642400,2026-04-08 10:00:00+00:00,1.34248,1.34363,1.34248,1.34326,1726.31
1775644200,2026-04-08 10:30:00+00:00,1.34326,1.3445,1.34307,1.34421,1768.21
1775646000,2026-04-08 11:00:00+00:00,1.34411,1.34635,1.34405,1.34472,1749.9099999999999
1775647800,2026-04-08 11:30:00+00:00,1.34472,1.34686,1.34371,1.34668,1779.19
1775649600,2026-04-08 12:00:00+00:00,1.34672,1.34682,1.34589,1.34642,1766.06
1775651400,2026-04-08 12:30:00+00:00,1.34642,1.34833,1.34594,1.34765,1736.0
1775653200,2026-04-08 13:00:00+00:00,1.34712,1.34816,1.34407,1.34526,1709.03
1775655000,2026-04-08 13:30:00+00:00,1.34526,1.34536,1.34407,1.34467,1735.94
1775656800,2026-04-08 14:00:00+00:00,1.34504,1.34585,1.34426,1.34556,1778.24
1775658600,2026-04-08 14:30:00+00:00,1.34556,1.34572,1.34372,1.34493,1771.16
1775660400,2026-04-08 15:00:00+00:00,1.34474,1.34477,1.34328,1.34358,1757.23
1775662200,2026-04-08 15:30:00+00:00,1.34358,1.34451,1.34297,1.3439,1750.94
1775664000,2026-04-08 16:00:00+00:00,1.34381,1.34381,1.34199,1.34317,1699.1200000000001
1775665800,2026-04-08 16:30:00+00:00,1.34317,1.34357,1.34201,1.34245,1717.01
1775667600,2026-04-08 17:00:00+00:00,1.34243,1.34279,1.34144,1.34212,1781.57
1775669400,2026-04-08 17:30:00+00:00,1.34212,1.34279,1.34111,1.34176,1733.27
1775671200,2026-04-08 18:00:00+00:00,1.34251,1.34251,1.33912,1.33929,1710.09
1775673000,2026-04-08 18:30:00+00:00,1.33929,1.33968,1.3387,1.33873,1761.0
1775674800,2026-04-08 19:00:00+00:00,1.33832,1.34085,1.33832,1.34052,1662.75
1775676600,2026-04-08 19:30:00+00:00,1.34052,1.34085,1.33933,1.34085,1726.43
1775678400,2026-04-08 20:00:00+00:00,1.34077,1.34083,1.34017,1.34064,1759.27
1775680200,2026-04-08 20:30:00+00:00,1.34064,1.34075,1.3395,1.33951,1748.99
1775682000,2026-04-08 21:00:00+00:00,1.33947,1.34032,1.33947,1.34028,1729.51
1775683800,2026-04-08 21:30:00+00:00,1.34028,1.3407,1.34025,1.3403,1800.23
1775685600,2026-04-08 22:00:00+00:00,1.33995,1.34022,1.33947,1.34005,1749.8700000000001
1775687400,2026-04-08 22:30:00+00:00,1.34005,1.34008,1.3396,1.33986,1757.99
1775689200,2026-04-08 23:00:00+00:00,1.33974,1.33985,1.33954,1.33967,1684.78
1775691000,2026-04-08 23:30:00+00:00,1.33967,1.33988,1.33925,1.33925,1752.73
1775692800,2026-04-09 00:00:00+00:00,1.33932,1.33949,1.33924,1.33945,1709.69
1775694600,2026-04-09 00:30:00+00:00,1.33945,1.33951,1.3386,1.33914,1762.08
1775696400,2026-04-09 01:00:00+00:00,1.33928,1.33928,1.3382,1.3389,1712.91
1775698200,2026-04-09 01:30:00+00:00,1.3389,1.33928,1.33828,1.33918,1813.52
1775700000,2026-04-09 02:00:00+00:00,1.33933,1.34002,1.33882,1.33974,1759.31
1775701800,2026-04-09 02:30:00+00:00,1.33974,1.3401,1.33931,1.33955,1695.14
1775703600,2026-04-09 03:00:00+00:00,1.33964,1.33979,1.33938,1.33976,1770.69
1775705400,2026-04-09 03:30:00+00:00,1.33976,1.33982,1.33912,1.33947,1743.75
1775707200,2026-04-09 04:00:00+00:00,1.33966,1.34061,1.33959,1.33966,1735.91
1775709000,2026-04-09 04:30:00+00:00,1.33966,1.34009,1.33959,1.34006,1805.5
1775710800,2026-04-09 05:00:00+00:00,1.34009,1.34009,1.33896,1.33896,1738.8
1775712600,2026-04-09 05:30:00+00:00,1.33896,1.33988,1.33896,1.33911,1711.71
1775714400,2026-04-09 06:00:00+00:00,1.33912,1.3395,1.339,1.33904,1734.08
1775716200,2026-04-09 06:30:00+00:00,1.33904,1.3395,1.33832,1.33944,1706.28
1775718000,2026-04-09 07:00:00+00:00,1.33974,1.34006,1.33823,1.33891,1710.56
1775719800,2026-04-09 07:30:00+00:00,1.33891,1.33988,1.33825,1.33941,1737.5
1775721600,2026-04-09 08:00:00+00:00,1.33919,1.33983,1.33848,1.33981,1678.15
1775723400,2026-04-09 08:30:00+00:00,1.33981,1.34075,1.33972,1.3405,1710.47
1775725200,2026-04-09 09:00:00+00:00,1.34028,1.34121,1.34001,1.34048,1750.92
1775727000,2026-04-09 09:30:00+00:00,1.34048,1.34104,1.34001,1.34045,1759.34
1775728800,2026-04-09 10:00:00+00:00,1.3403,1.34096,1.33997,1.34034,1750.9
1775730600,2026-04-09 10:30:00+00:00,1.34034,1.34061,1.33997,1.34001,1692.32
1775732400,2026-04-09 11:00:00+00:00,1.3396,1.3425,1.3396,1.34238,1760.98
1775734200,2026-04-09 11:30:00+00:00,1.34238,1.34303,1.34183,1.34292,1732.83
1775736000,2026-04-09 12:00:00+00:00,1.34278,1.34294,1.34173,1.34266,1742.6599999999999
1775737800,2026-04-09 12:30:00+00:00,1.34266,1.34267,1.34091,1.34164,1690.05
1775739600,2026-04-09 13:00:00+00:00,1.34164,1.34176,1.34146,1.34158,1753.6299999999999
1775741400,2026-04-09 13:30:00+00:00,1.34158,1.34295,1.34146,1.34199,1760.87
1775743200,2026-04-09 14:00:00+00:00,1.34199,1.34206,1.3406,1.34089,1736.09
1775745000,2026-04-09 14:30:00+00:00,1.34089,1.34279,1.34087,1.34153,1817.81
1775746800,2026-04-09 15:00:00+00:00,1.34149,1.34209,1.34043,1.34063,1708.07
1775748600,2026-04-09 15:30:00+00:00,1.34063,1.3444,1.34052,1.34419,1765.82
1775750400,2026-04-09 16:00:00+00:00,1.34425,1.34503,1.3441,1.34463,1718.17
1775752200,2026-04-09 16:30:00+00:00,1.34463,1.34559,1.34428,1.3444,1748.18
1775754000,2026-04-09 17:00:00+00:00,1.34454,1.34524,1.34454,1.34507,1687.53
1775755800,2026-04-09 17:30:00+00:00,1.34507,1.34579,1.34501,1.3451,1741.26
1775757600,2026-04-09 18:00:00+00:00,1.34514,1.34518,1.34396,1.34438,1741.8799999999999
1775759400,2026-04-09 18:30:00+00:00,1.34438,1.34485,1.34304,1.34342,1687.09
1775761200,2026-04-09 19:00:00+00:00,1.34329,1.34446,1.34312,1.34334,1745.99
1775763000,2026-04-09 19:30:00+00:00,1.34334,1.34425,1.34327,1.34354,1730.01
1775764800,2026-04-09 20:00:00+00:00,1.34348,1.34351,1.34311,1.34313,1707.97
1775766600,2026-04-09 20:30:00+00:00,1.34313,1.34372,1.34311,1.34372,1733.06
1775768400,2026-04-09 21:00:00+00:00,1.3437,1.34454,1.34364,1.34415,1789.4
1775770200,2026-04-09 21:30:00+00:00,1.34415,1.34445,1.34298,1.34349,1736.67
1775772000,2026-04-09 22:00:00+00:00,1.34361,1.34368,1.34337,1.34338,1773.03
1775773800,2026-04-09 22:30:00+00:00,1.34338,1.34357,1.34245,1.34262,1772.87
1775775600,2026-04-09 23:00:00+00:00,1.34264,1.34344,1.34264,1.34267,1782.93
1775777400,2026-04-09 23:30:00+00:00,1.34267,1.34292,1.34264,1.34289,1726.26
1775779200,2026-04-10 00:00:00+00:00,1.34278,1.34278,1.34229,1.34266,1728.53
1775781000,2026-04-10 00:30:00+00:00,1.34266,1.34276,1.34216,1.34242,1711.23
1775782800,2026-04-10 01:00:00+00:00,1.3423,1.34308,1.3421,1.34302,1801.52
1775784600,2026-04-10 01:30:00+00:00,1.34302,1.34318,1.34278,1.34289,1740.92
1775786400,2026-04-10 02:00:00+00:00,1.34294,1.34294,1.34205,1.34241,1712.16
1775788200,2026-04-10 02:30:00+00:00,1.34241,1.34294,1.34213,1.34249,1720.42
1775790000,2026-04-10 03:00:00+00:00,1.34249,1.34266,1.34234,1.34238,1706.17
1775791800,2026-04-10 03:30:00+00:00,1.34238,1.34252,1.34225,1.34248,1726.97
1775793600,2026-04-10 04:00:00+00:00,1.34253,1.34265,1.34234,1.34235,1747.32
1775795400,2026-04-10 04:30:00+00:00,1.34235,1.34237,1.34216,1.34217,1755.21
1775797200,2026-04-10 05:00:00+00:00,1.34217,1.34224,1.34163,1.34191,1707.76
1775799000,2026-04-10 05:30:00+00:00,1.34191,1.34212,1.34151,1.34192,1704.7
1775800800,2026-04-10 06:00:00+00:00,1.34202,1.34235,1.34188,1.34205,1719.26
1775802600,2026-04-10 06:30:00+00:00,1.34205,1.3423,1.34145,1.3418,1809.35
1775804400,2026-04-10 07:00:00+00:00,1.34181,1.34195,1.34111,1.34137,1705.29
1775806200,2026-04-10 07:30:00+00:00,1.34137,1.34281,1.34111,1.34111,1701.81
1775808000,2026-04-10 08:00:00+00:00,1.34126,1.34256,1.34126,1.34145,1724.3
1775809800,2026-04-10 08:30:00+00:00,1.34145,1.34251,1.34126,1.34207,1781.02
1775811600,2026-04-10 09:00:00+00:00,1.3422,1.34289,1.34182,1.34257,1687.68
1775813400,2026-04-10 09:30:00+00:00,1.34257,1.344,1.34252,1.34379,1661.99
1775815200,2026-04-10 10:00:00+00:00,1.34385,1.34389,1.34357,1.34375,1742.71
1775817000,2026-04-10 10:30:00+00:00,1.34375,1.34441,1.34365,1.34382,1742.96
1775818800,2026-04-10 11:00:00+00:00,1.34367,1.3442,1.34359,1.34408,1747.57
1775820600,2026-04-10 11:30:00+00:00,1.34408,1.34451,1.34395,1.3445,1692.26
1775822400,2026-04-10 12:00:00+00:00,1.34442,1.34636,1.34442,1.34595,1716.5
1775824200,2026-04-10 12:30:00+00:00,1.34595,1.34625,1.34514,1.34578,1739.21
1775826000,2026-04-10 13:00:00+00:00,1.34569,1.34584,1.34569,1.34569,1779.83
1775827800,2026-04-10 13:30:00+00:00,1.34569,1.34765,1.34569,1.34591,1716.04
1775829600,2026-04-10 14:00:00+00:00,1.34618,1.34782,1.34614,1.34774,1727.08
1775831400,2026-04-10 14:30:00+00:00,1.34774,1.34776,1.34557,1.34626,1735.91
1775833200,2026-04-10 15:00:00+00:00,1.34619,1.34765,1.34599,1.34745,1743.6100000000001
1775835000,2026-04-10 15:30:00+00:00,1.34745,1.34758,1.34583,1.34583,1775.7
1775836800,2026-04-10 16:00:00+00:00,1.34612,1.34612,1.34491,1.34512,1697.33
1775838600,2026-04-10 16:30:00+00:00,1.34512,1.34574,1.34495,1.34563,1787.01
1775840400,2026-04-10 17:00:00+00:00,1.3456,1.34594,1.34543,1.34565,1775.47
1775842200,2026-04-10 17:30:00+00:00,1.34565,1.34632,1.34543,1.34574,1678.51
1775844000,2026-04-10 18:00:00+00:00,1.34586,1.34712,1.3455,1.34589,1731.52
1775845800,2026-04-10 18:30:00+00:00,1.34589,1.34715,1.34539,1.3469,1742.34
1775847600,2026-04-10 19:00:00+00:00,1.34712,1.34714,1.34703,1.34704,1714.04
1775849400,2026-04-10 19:30:00+00:00,1.34704,1.3471,1.3467,1.34692,1790.43
1775851200,2026-04-10 20:00:00+00:00,1.34682,1.34694,1.34622,1.34635,1721.31
1775853000,2026-04-10 20:30:00+00:00,1.34635,1.34642,1.34584,1.34621,1690.29
1775854800,2026-04-10 21:00:00+00:00,1.34607,1.34607,1.34607,1.34607,1769.27
1775856600,2026-04-10 21:30:00+00:00,1.34607,1.34607,1.34607,1.34607,1678.09
1776034800,2026-04-12 23:00:00+00:00,1.33947,1.33958,1.33939,1.33945,1764.1
1776036600,2026-04-12 23:30:00+00:00,1.33945,1.33958,1.33812,1.33929,1811.83
1776038400,2026-04-13 00:00:00+00:00,1.33951,1.34001,1.33948,1.33963,1780.3799999999999
1776040200,2026-04-13 00:30:00+00:00,1.33963,1.34001,1.33865,1.33996,1721.77
1776042000,2026-04-13 01:00:00+00:00,1.34045,1.34087,1.33988,1.33995,1719.47
1776043800,2026-04-13 01:30:00+00:00,1.33995,1.34089,1.33988,1.34039,1711.14
1776045600,2026-04-13 02:00:00+00:00,1.34034,1.34062,1.34007,1.34056,1782.44
1776047400,2026-04-13 02:30:00+00:00,1.34056,1.34062,1.34031,1.34051,1733.51
1776049200,2026-04-13 03:00:00+00:00,1.34051,1.34051,1.34046,1.3405,1704.08
1776051000,2026-04-13 03:30:00+00:00,1.3405,1.34051,1.34002,1.34043,1723.1100000000001
1776052800,2026-04-13 04:00:00+00:00,1.34048,1.34067,1.34032,1.34053,1792.41
1776054600,2026-04-13 04:30:00+00:00,1.34053,1.34072,1.34034,1.34047,1752.64
1776056400,2026-04-13 05:00:00+00:00,1.34061,1.3407,1.34028,1.34063,1767.89
1776058200,2026-04-13 05:30:00+00:00,1.34063,1.34065,1.34045,1.3406,1762.79
1776060000,2026-04-13 06:00:00+00:00,1.34069,1.34141,1.34058,1.34104,1733.38
1776061800,2026-04-13 06:30:00+00:00,1.34104,1.34121,1.3403,1.34109,1769.52
1776063600,2026-04-13 07:00:00+00:00,1.34125,1.34323,1.34125,1.34301,1736.9
1776065400,2026-04-13 07:30:00+00:00,1.34301,1.34323,1.34212,1.34323,1749.74
1776067200,2026-04-13 08:00:00+00:00,1.34311,1.3433,1.3424,1.34301,1721.55
1776069000,2026-04-13 08:30:00+00:00,1.34301,1.3434,1.34278,1.34279,1705.38
1776070800,2026-04-13 09:00:00+00:00,1.34288,1.34314,1.3423,1.3431,1773.35
1776072600,2026-04-13 09:30:00+00:00,1.3431,1.34333,1.34267,1.34292,1657.96
1776074400,2026-04-13 10:00:00+00:00,1.34295,1.34326,1.3423,1.34231,1797.61
1776076200,2026-04-13 10:30:00+00:00,1.34231,1.34352,1.3423,1.34339,1724.1
1776078000,2026-04-13 11:00:00+00:00,1.34421,1.34421,1.34223,1.34267,1762.61
1776079800,2026-04-13 11:30:00+00:00,1.34267,1.34366,1.34195,1.34195,1717.59
1776081600,2026-04-13 12:00:00+00:00,1.34167,1.34371,1.34167,1.34357,1719.83
1776083400,2026-04-13 12:30:00+00:00,1.34357,1.34378,1.34178,1.34369,1709.36
1776085200,2026-04-13 13:00:00+00:00,1.34364,1.34462,1.34347,1.34428,1804.99
1776087000,2026-04-13 13:30:00+00:00,1.34428,1.34655,1.34386,1.345,1749.51
1776088800,2026-04-13 14:00:00+00:00,1.34537,1.34579,1.34474,1.34513,1764.66
1776090600,2026-04-13 14:30:00+00:00,1.34513,1.3464,1.34463,1.34612,1743.89
1776092400,2026-04-13 15:00:00+00:00,1.34609,1.34609,1.34572,1.34596,1733.64
1776094200,2026-04-13 15:30:00+00:00,1.34596,1.34598,1.3449,1.34569,1661.1200000000001
1776096000,2026-04-13 16:00:00+00:00,1.34589,1.3474,1.34531,1.34617,1750.95
1776097800,2026-04-13 16:30:00+00:00,1.34617,1.34792,1.34601,1.34745,1752.51
1776099600,2026-04-13 17:00:00+00:00,1.34741,1.34788,1.34741,1.34766,1808.5
1776101400,2026-04-13 17:30:00+00:00,1.34766,1.34909,1.34741,1.34886,1734.26
1776103200,2026-04-13 18:00:00+00:00,1.34892,1.34962,1.34866,1.34913,1789.74
1776105000,2026-04-13 18:30:00+00:00,1.34913,1.35048,1.34896,1.35048,1763.55
1776106800,2026-04-13 19:00:00+00:00,1.35082,1.35082,1.3507,1.35074,1745.37
1776108600,2026-04-13 19:30:00+00:00,1.35074,1.35081,1.35007,1.35058,1697.08
1776110400,2026-04-13 20:00:00+00:00,1.35059,1.35066,1.35047,1.35055,1726.33
1776112200,2026-04-13 20:30:00+00:00,1.35055,1.35089,1.35047,1.35072,1725.71
1776114000,2026-04-13 21:00:00+00:00,1.35061,1.35061,1.35012,1.3505,1754.6399999999999
1776115800,2026-04-13 21:30:00+00:00,1.3505,1.35052,1.34982,1.35012,1717.06
1776117600,2026-04-13 22:00:00+00:00,1.35053,1.35116,1.35053,1.351,1715.47
1776119400,2026-04-13 22:30:00+00:00,1.351,1.35124,1.35095,1.35101,1752.0
1776121200,2026-04-13 23:00:00+00:00,1.35111,1.35136,1.35102,1.35134,1704.88
1776123000,2026-04-13 23:30:00+00:00,1.35134,1.35162,1.35128,1.35159,1754.3
1776124800,2026-04-14 00:00:00+00:00,1.35154,1.35155,1.35093,1.35113,1751.52
1776126600,2026-04-14 00:30:00+00:00,1.35113,1.35161,1.35106,1.35132,1746.26
1776128400,2026-04-14 01:00:00+00:00,1.35148,1.35152,1.35084,1.35151,1788.25
1776130200,2026-04-14 01:30:00+00:00,1.35151,1.35151,1.35054,1.35058,1722.47
1776132000,2026-04-14 02:00:00+00:00,1.35057,1.35078,1.35037,1.35077,1781.97
1776133800,2026-04-14 02:30:00+00:00,1.35077,1.35087,1.35062,1.35085,1722.17
1776135600,2026-04-14 03:00:00+00:00,1.35088,1.35172,1.35084,1.35149,1685.42
1776137400,2026-04-14 03:30:00+00:00,1.35149,1.3517,1.35061,1.35167,1772.2
1776139200,2026-04-14 04:00:00+00:00,1.35169,1.35209,1.3515,1.35164,1765.96
1776141000,2026-04-14 04:30:00+00:00,1.35164,1.35209,1.3516,1.35201,1794.36
1776142800,2026-04-14 05:00:00+00:00,1.35187,1.35208,1.35109,1.35187,1727.2
1776144600,2026-04-14 05:30:00+00:00,1.35187,1.35211,1.35115,1.35167,1772.96
1776146400,2026-04-14 06:00:00+00:00,1.35171,1.35232,1.35115,1.35218,1771.87
1776148200,2026-04-14 06:30:00+00:00,1.35218,1.35274,1.35164,1.35218,1720.57
1776150000,2026-04-14 07:00:00+00:00,1.35223,1.35359,1.35223,1.35357,1710.12
1776151800,2026-04-14 07:30:00+00:00,1.35357,1.35381,1.3528,1.35322,1713.82
1776153600,2026-04-14 08:00:00+00:00,1.35311,1.35344,1.35278,1.35342,1754.53
1776155400,2026-04-14 08:30:00+00:00,1.35342,1.35386,1.3533,1.35368,1675.56
1776157200,2026-04-14 09:00:00+00:00,1.35381,1.35477,1.35353,1.35441,1710.3500000000001
1776159000,2026-04-14 09:30:00+00:00,1.35441,1.35466,1.35351,1.35419,1778.15
1776160800,2026-04-14 10:00:00+00:00,1.35426,1.35475,1.3541,1.35447,1742.2
1776162600,2026-04-14 10:30:00+00:00,1.35447,1.35626,1.35434,1.35586,1697.33
1776164400,2026-04-14 11:00:00+00:00,1.35594,1.35642,1.35594,1.35633,1700.12
1776166200,2026-04-14 11:30:00+00:00,1.35633,1.3577,1.35629,1.3577,1734.57
1776168000,2026-04-14 12:00:00+00:00,1.35705,1.35811,1.3568,1.35752,1744.1200000000001
1776169800,2026-04-14 12:30:00+00:00,1.35752,1.35876,1.35746,1.35857,1724.3600000000001
1776171600,2026-04-14 13:00:00+00:00,1.35861,1.35872,1.35744,1.35789,1709.75
1776173400,2026-04-14 13:30:00+00:00,1.35789,1.35861,1.35695,1.35818,1728.48
1776175200,2026-04-14 14:00:00+00:00,1.35826,1.35882,1.35748,1.35882,1748.83
1776177000,2026-04-14 14:30:00+00:00,1.35882,1.35882,1.35769,1.35881,1686.86
1776178800,2026-04-14 15:00:00+00:00,1.3587,1.3587,1.35645,1.35652,1778.88
1776180600,2026-04-14 15:30:00+00:00,1.35652,1.35701,1.35631,1.35631,1760.74
1776182400,2026-04-14 16:00:00+00:00,1.35616,1.35669,1.35587,1.35645,1781.24
1776184200,2026-04-14 16:30:00+00:00,1.35645,1.35678,1.35642,1.35676,1718.25
1776186000,2026-04-14 17:00:00+00:00,1.35675,1.35696,1.35648,1.35686,1782.58
1776187800,2026-04-14 17:30:00+00:00,1.35686,1.35728,1.35685,1.35705,1749.12
1776189600,2026-04-14 18:00:00+00:00,1.35718,1.35718,1.35647,1.35657,1685.8700000000001
1776191400,2026-04-14 18:30:00+00:00,1.35657,1.35659,1.3561,1.35627,1780.31
1776193200,2026-04-14 19:00:00+00:00,1.35629,1.35663,1.35624,1.35631,1681.63
1776195000,2026-04-14 19:30:00+00:00,1.35631,1.35648,1.35628,1.35635,1756.96
1776196800,2026-04-14 20:00:00+00:00,1.35627,1.35659,1.35627,1.35648,1793.15
1776198600,2026-04-14 20:30:00+00:00,1.35648,1.3569,1.35644,1.35671,1754.34
1776200400,2026-04-14 21:00:00+00:00,1.35663,1.35716,1.35622,1.35636,1694.77
1776202200,2026-04-14 21:30:00+00:00,1.35636,1.35704,1.35623,1.35653,1725.8
1776204000,2026-04-14 22:00:00+00:00,1.35674,1.35712,1.35671,1.35696,1767.9
1776205800,2026-04-14 22:30:00+00:00,1.35696,1.35697,1.35645,1.35685,1780.19
1776207600,2026-04-14 23:00:00+00:00,1.35679,1.35716,1.35674,1.35705,1750.26
1776209400,2026-04-14 23:30:00+00:00,1.35705,1.3578,1.35697,1.35752,1746.89
1776211200,2026-04-15 00:00:00+00:00,1.3574,1.35743,1.35674,1.35739,1742.66
1776213000,2026-04-15 00:30:00+00:00,1.35739,1.35744,1.3566,1.35731,1716.46
1776214800,2026-04-15 01:00:00+00:00,1.35737,1.35774,1.35677,1.35696,1716.05
1776216600,2026-04-15 01:30:00+00:00,1.35696,1.35701,1.35677,1.35682,1715.99
1776218400,2026-04-15 02:00:00+00:00,1.35691,1.35697,1.35651,1.35671,1746.82
1776220200,2026-04-15 02:30:00+00:00,1.35671,1.3569,1.35576,1.35592,1690.18
1776222000,2026-04-15 03:00:00+00:00,1.35595,1.3567,1.35591,1.35635,1750.04
1776223800,2026-04-15 03:30:00+00:00,1.35635,1.35664,1.35564,1.35661,1744.18
1776225600,2026-04-15 04:00:00+00:00,1.35656,1.35675,1.35639,1.3567,1671.58
1776227400,2026-04-15 04:30:00+00:00,1.3567,1.35677,1.35666,1.35677,1759.87
1776229200,2026-04-15 05:00:00+00:00,1.35674,1.3575,1.35671,1.35741,1765.35
1776231000,2026-04-15 05:30:00+00:00,1.35741,1.35776,1.35646,1.35662,1762.22
1776232800,2026-04-15 06:00:00+00:00,1.3568,1.35738,1.35589,1.35591,1763.97
1776234600,2026-04-15 06:30:00+00:00,1.35591,1.35679,1.35575,1.35622,1857.99
1776236400,2026-04-15 07:00:00+00:00,1.35594,1.35621,1.35566,1.3558,1762.14
1776238200,2026-04-15 07:30:00+00:00,1.3558,1.35689,1.35566,1.35569,1746.19
1776240000,2026-04-15 08:00:00+00:00,1.35595,1.3566,1.35575,1.35596,1750.68
1776241800,2026-04-15 08:30:00+00:00,1.35596,1.35673,1.35581,1.35643,1705.91
1776243600,2026-04-15 09:00:00+00:00,1.35643,1.35693,1.3564,1.35669,1738.02
1776245400,2026-04-15 09:30:00+00:00,1.35669,1.35683,1.35502,1.35578,1668.67
1776247200,2026-04-15 10:00:00+00:00,1.35569,1.35608,1.35559,1.35586,1701.82
1776249000,2026-04-15 10:30:00+00:00,1.35586,1.35608,1.35438,1.35515,1760.33
1776250800,2026-04-15 11:00:00+00:00,1.35479,1.35555,1.35443,1.35521,1719.74
1776252600,2026-04-15 11:30:00+00:00,1.35521,1.35555,1.35458,1.35543,1701.69
1776254400,2026-04-15 12:00:00+00:00,1.35534,1.35557,1.35463,1.35494,1757.35
1776256200,2026-04-15 12:30:00+00:00,1.35494,1.35559,1.35472,1.35547,1683.31
1776258000,2026-04-15 13:00:00+00:00,1.35556,1.35663,1.35555,1.35571,1764.72
1776259800,2026-04-15 13:30:00+00:00,1.35571,1.35606,1.35543,1.35573,1762.11
1776261600,2026-04-15 14:00:00+00:00,1.35583,1.3577,1.35578,1.35741,1703.14
1776263400,2026-04-15 14:30:00+00:00,1.35741,1.3577,1.35548,1.35687,1708.74
1776265200,2026-04-15 15:00:00+00:00,1.35685,1.35719,1.3567,1.35677,1746.93
1776267000,2026-04-15 15:30:00+00:00,1.35677,1.35784,1.3567,1.35688,1732.89
1776268800,2026-04-15 16:00:00+00:00,1.35675,1.35724,1.35675,1.35718,1734.79
1776270600,2026-04-15 16:30:00+00:00,1.35718,1.35743,1.35698,1.3573,1822.42
1776272400,2026-04-15 17:00:00+00:00,1.3573,1.35737,1.35652,1.35711,1756.9
1776274200,2026-04-15 17:30:00+00:00,1.35711,1.35741,1.35691,1.35697,1710.26
1776276000,2026-04-15 18:00:00+00:00,1.35694,1.35739,1.35686,1.35738,1678.82
1776277800,2026-04-15 18:30:00+00:00,1.35738,1.35757,1.35728,1.35744,1768.8600000000001
1776279600,2026-04-15 19:00:00+00:00,1.35744,1.35753,1.35691,1.35748,1759.21
1776281400,2026-04-15 19:30:00+00:00,1.35748,1.35762,1.35705,1.35717,1701.6299999999999
1776283200,2026-04-15 20:00:00+00:00,1.35706,1.35706,1.35606,1.3561,1732.0
1776285000,2026-04-15 20:30:00+00:00,1.3561,1.35688,1.35597,1.35612,1798.58
1776286800,2026-04-15 21:00:00+00:00,1.35633,1.35683,1.35629,1.35656,1729.55
1776288600,2026-04-15 21:30:00+00:00,1.35656,1.35662,1.35592,1.35614,1762.15
1776290400,2026-04-15 22:00:00+00:00,1.35626,1.35681,1.35626,1.35679,1739.26
1776292200,2026-04-15 22:30:00+00:00,1.35679,1.3568,1.35646,1.35674,1768.16
1776294000,2026-04-15 23:00:00+00:00,1.35676,1.35695,1.35676,1.35684,1730.26
1776295800,2026-04-15 23:30:00+00:00,1.35684,1.35738,1.35682,1.3573,1778.14
1776297600,2026-04-16 00:00:00+00:00,1.35738,1.35742,1.35695,1.35697,1754.07
1776299400,2026-04-16 00:30:00+00:00,1.35697,1.35742,1.35689,1.3574,1769.39
1776301200,2026-04-16 01:00:00+00:00,1.35734,1.35758,1.35638,1.35652,1756.64
1776303000,2026-04-16 01:30:00+00:00,1.35652,1.35694,1.35619,1.35687,1727.77
1776304800,2026-04-16 02:00:00+00:00,1.35693,1.3584,1.35689,1.35786,1716.19
1776306600,2026-04-16 02:30:00+00:00,1.35786,1.35857,1.35778,1.35857,1733.02
1776308400,2026-04-16 03:00:00+00:00,1.35945,1.35945,1.35809,1.35816,1721.39
1776310200,2026-04-16 03:30:00+00:00,1.35816,1.3583,1.35803,1.35822,1754.39
1776312000,2026-04-16 04:00:00+00:00,1.35812,1.35822,1.35759,1.35762,1786.2
1776313800,2026-04-16 04:30:00+00:00,1.35762,1.35805,1.35757,1.35771,1734.73
1776315600,2026-04-16 05:00:00+00:00,1.35767,1.3577,1.35701,1.35703,1743.85
1776317400,2026-04-16 05:30:00+00:00,1.35703,1.35725,1.35674,1.35703,1751.31
1776319200,2026-04-16 06:00:00+00:00,1.3573,1.35789,1.35646,1.35737,1817.14
1776321000,2026-04-16 06:30:00+00:00,1.35737,1.35781,1.35696,1.35756,1722.19
1776322800,2026-04-16 07:00:00+00:00,1.35776,1.35802,1.35691,1.35716,1767.63
1776324600,2026-04-16 07:30:00+00:00,1.35716,1.35733,1.35586,1.35603,1719.29
1776326400,2026-04-16 08:00:00+00:00,1.35585,1.35585,1.35532,1.35547,1787.09
1776328200,2026-04-16 08:30:00+00:00,1.35547,1.35606,1.35486,1.35509,1786.78
1776330000,2026-04-16 09:00:00+00:00,1.35496,1.35525,1.35409,1.35479,1762.4
1776331800,2026-04-16 09:30:00+00:00,1.35479,1.35479,1.35367,1.35387,1798.76
1776333600,2026-04-16 10:00:00+00:00,1.35391,1.35446,1.35348,1.35378,1740.49
1776335400,2026-04-16 10:30:00+00:00,1.35378,1.35446,1.35323,1.35431,1719.99
1776337200,2026-04-16 11:00:00+00:00,1.35447,1.35456,1.35447,1.3545,1747.09
1776339000,2026-04-16 11:30:00+00:00,1.3545,1.35527,1.35447,1.35469,1806.82
1776340800,2026-04-16 12:00:00+00:00,1.35471,1.35494,1.35382,1.35479,1788.56
1776342600,2026-04-16 12:30:00+00:00,1.35479,1.35494,1.35392,1.35475,1778.05
1776344400,2026-04-16 13:00:00+00:00,1.35469,1.35472,1.35366,1.3542,1732.21
1776346200,2026-04-16 13:30:00+00:00,1.3542,1.35539,1.35366,1.35378,1714.13
1776348000,2026-04-16 14:00:00+00:00,1.35417,1.35478,1.35169,1.35277,1747.47
1776349800,2026-04-16 14:30:00+00:00,1.35277,1.35442,1.35187,1.35227,1773.7
1776351600,2026-04-16 15:00:00+00:00,1.35214,1.35339,1.35189,1.35334,1742.76
1776353400,2026-04-16 15:30:00+00:00,1.35334,1.35367,1.35303,1.35367,1733.22
1776355200,2026-04-16 16:00:00+00:00,1.35384,1.35437,1.35226,1.35336,1788.25
1776357000,2026-04-16 16:30:00+00:00,1.35336,1.35386,1.35233,1.35277,1731.17
1776358800,2026-04-16 17:00:00+00:00,1.35293,1.35295,1.35258,1.35262,1739.81
1776360600,2026-04-16 17:30:00+00:00,1.35262,1.35274,1.35219,1.35233,1734.24
1776362400,2026-04-16 18:00:00+00:00,1.35248,1.35279,1.35248,1.35271,1718.26
1776364200,2026-04-16 18:30:00+00:00,1.35271,1.35336,1.35265,1.35317,1756.03
1776366000,2026-04-16 19:00:00+00:00,1.35316,1.35346,1.35275,1.35346,1736.1
1776367800,2026-04-16 19:30:00+00:00,1.35346,1.35346,1.35278,1.35295,1766.87
1776369600,2026-04-16 20:00:00+00:00,1.35297,1.35309,1.35274,1.35303,1682.6200000000001
1776371400,2026-04-16 20:30:00+00:00,1.35303,1.35305,1.35249,1.35269,1685.11
1776373200,2026-04-16 21:00:00+00:00,1.35267,1.35346,1.35251,1.35254,1729.42
1776375000,2026-04-16 21:30:00+00:00,1.35254,1.3529,1.35245,1.35257,1721.42
1776376800,2026-04-16 22:00:00+00:00,1.35264,1.35328,1.35264,1.35299,1744.08
1776378600,2026-04-16 22:30:00+00:00,1.35299,1.35353,1.35293,1.35318,1709.16
1776380400,2026-04-16 23:00:00+00:00,1.35316,1.35327,1.35283,1.35303,1719.2
1776382200,2026-04-16 23:30:00+00:00,1.35303,1.35304,1.35255,1.3526,1767.52
1776384000,2026-04-17 00:00:00+00:00,1.35249,1.35263,1.35228,1.35237,1739.89
1776385800,2026-04-17 00:30:00+00:00,1.35237,1.35258,1.35195,1.35207,1720.54
1776387600,2026-04-17 01:00:00+00:00,1.35209,1.35217,1.35188,1.35211,1696.05
1776389400,2026-04-17 01:30:00+00:00,1.35211,1.35212,1.35153,1.35172,1739.32
1776391200,2026-04-17 02:00:00+00:00,1.35169,1.35199,1.35167,1.35192,1749.89
1776393000,2026-04-17 02:30:00+00:00,1.35192,1.35199,1.35124,1.35199,1695.33
1776394800,2026-04-17 03:00:00+00:00,1.35197,1.35266,1.3516,1.35257,1723.77
1776396600,2026-04-17 03:30:00+00:00,1.35257,1.35266,1.35236,1.35259,1786.5
1776398400,2026-04-17 04:00:00+00:00,1.35253,1.3526,1.35216,1.3525,1743.83
1776400200,2026-04-17 04:30:00+00:00,1.3525,1.35258,1.35221,1.35229,1727.35
1776402000,2026-04-17 05:00:00+00:00,1.35221,1.35221,1.35173,1.35188,1726.2
1776403800,2026-04-17 05:30:00+00:00,1.35188,1.35205,1.3517,1.35203,1673.66
1776405600,2026-04-17 06:00:00+00:00,1.35167,1.35187,1.35117,1.35125,1705.77
1776407400,2026-04-17 06:30:00+00:00,1.35125,1.35133,1.35056,1.35063,1771.78
1776409200,2026-04-17 07:00:00+00:00,1.3507,1.35214,1.3507,1.35191,1750.37
1776411000,2026-04-17 07:30:00+00:00,1.35191,1.35248,1.35142,1.35243,1752.55
1776412800,2026-04-17 08:00:00+00:00,1.35247,1.35327,1.35178,1.35327,1693.01
1776414600,2026-04-17 08:30:00+00:00,1.35327,1.35327,1.35298,1.35316,1728.79
1776416400,2026-04-17 09:00:00+00:00,1.35314,1.35392,1.35275,1.35321,1787.08
1776418200,2026-04-17 09:30:00+00:00,1.35321,1.35375,1.35283,1.35318,1713.52
1776420000,2026-04-17 10:00:00+00:00,1.35308,1.35357,1.35258,1.35274,1695.46
1776421800,2026-04-17 10:30:00+00:00,1.35274,1.35283,1.35215,1.35227,1730.24
1776423600,2026-04-17 11:00:00+00:00,1.35232,1.35262,1.35197,1.35224,1753.8600000000001
1776425400,2026-04-17 11:30:00+00:00,1.35224,1.35349,1.35203,1.35298,1749.51
1776427200,2026-04-17 12:00:00+00:00,1.35303,1.35741,1.35294,1.35733,1735.51
1776429000,2026-04-17 12:30:00+00:00,1.35733,1.35837,1.3569,1.3582,1728.76
1776430800,2026-04-17 13:00:00+00:00,1.35828,1.35988,1.35633,1.35988,1729.48
1776432600,2026-04-17 13:30:00+00:00,1.35988,1.35988,1.35629,1.35756,1735.01
1776434400,2026-04-17 14:00:00+00:00,1.35741,1.35882,1.357,1.35721,1715.96
1776436200,2026-04-17 14:30:00+00:00,1.35721,1.3577,1.35704,1.35716,1765.22
1776438000,2026-04-17 15:00:00+00:00,1.35694,1.35694,1.35506,1.35581,1740.25
1776439800,2026-04-17 15:30:00+00:00,1.35581,1.35694,1.35524,1.35539,1760.36
1776441600,2026-04-17 16:00:00+00:00,1.35589,1.35589,1.35467,1.35513,1789.02
1776443400,2026-04-17 16:30:00+00:00,1.35513,1.35538,1.35478,1.35533,1699.52
1776445200,2026-04-17 17:00:00+00:00,1.35534,1.35534,1.35446,1.35448,1721.49
1776447000,2026-04-17 17:30:00+00:00,1.35448,1.35514,1.35424,1.35509,1723.03
1776448800,2026-04-17 18:00:00+00:00,1.35524,1.35529,1.35369,1.35498,1716.77
1776450600,2026-04-17 18:30:00+00:00,1.35498,1.35529,1.35332,1.35356,1762.02
1776452400,2026-04-17 19:00:00+00:00,1.35353,1.35391,1.35206,1.35213,1734.33
1776454200,2026-04-17 19:30:00+00:00,1.35213,1.35303,1.35172,1.35172,1691.4
1776456000,2026-04-17 20:00:00+00:00,1.35187,1.35224,1.35138,1.35213,1740.72
1776457800,2026-04-17 20:30:00+00:00,1.35213,1.35218,1.35183,1.35194,1713.98
1776459600,2026-04-17 21:00:00+00:00,1.35167,1.35167,1.35159,1.35162,1690.34
1776461400,2026-04-17 21:30:00+00:00,1.35162,1.35163,1.35159,1.35159,1728.71
1776639600,2026-04-19 23:00:00+00:00,1.34878,1.3491,1.34805,1.34816,1758.32
1776641400,2026-04-19 23:30:00+00:00,1.34816,1.34885,1.3479,1.34818,1747.06
1776643200,2026-04-20 00:00:00+00:00,1.34791,1.349,1.34791,1.34887,1668.79
1776645000,2026-04-20 00:30:00+00:00,1.34887,1.34955,1.34855,1.34952,1731.93
1776646800,2026-04-20 01:00:00+00:00,1.34957,1.34981,1.34893,1.34966,1718.28
1776648600,2026-04-20 01:30:00+00:00,1.34966,1.35,1.34963,1.34986,1681.14
1776650400,2026-04-20 02:00:00+00:00,1.34977,1.3505,1.34976,1.34999,1711.8
1776652200,2026-04-20 02:30:00+00:00,1.34999,1.35028,1.34975,1.35023,1759.59
1776654000,2026-04-20 03:00:00+00:00,1.3503,1.35086,1.35007,1.35067,1782.6299999999999
1776655800,2026-04-20 03:30:00+00:00,1.35067,1.35085,1.35044,1.35064,1745.18
1776657600,2026-04-20 04:00:00+00:00,1.35057,1.35075,1.35014,1.3507,1684.06
1776659400,2026-04-20 04:30:00+00:00,1.3507,1.35079,1.35023,1.35057,1716.1
1776661200,2026-04-20 05:00:00+00:00,1.35051,1.35052,1.34866,1.34995,1794.13
1776663000,2026-04-20 05:30:00+00:00,1.34995,1.35053,1.34909,1.34917,1754.5
1776664800,2026-04-20 06:00:00+00:00,1.34927,1.34929,1.34893,1.34924,1797.89
1776666600,2026-04-20 06:30:00+00:00,1.34924,1.34931,1.34869,1.34869,1723.02
1776675600,2026-04-20 09:00:00+00:00,1.34996,1.35187,1.34996,1.35175,1761.35
1776677400,2026-04-20 09:30:00+00:00,1.35175,1.35187,1.35149,1.35187,1796.51
1776679200,2026-04-20 10:00:00+00:00,1.35132,1.35173,1.35114,1.35172,1747.1
1776681000,2026-04-20 10:30:00+00:00,1.35172,1.35198,1.35138,1.35179,1740.02
1776682800,2026-04-20 11:00:00+00:00,1.35186,1.35217,1.35166,1.3518,1751.54
1776684600,2026-04-20 11:30:00+00:00,1.3518,1.35265,1.35158,1.35191,1736.8899999999999
1776686400,2026-04-20 12:00:00+00:00,1.35183,1.35183,1.35154,1.35175,1737.85
1776688200,2026-04-20 12:30:00+00:00,1.35175,1.35181,1.35064,1.35162,1727.53
1776690000,2026-04-20 13:00:00+00:00,1.35143,1.35313,1.3513,1.35309,1727.61
1776691800,2026-04-20 13:30:00+00:00,1.35309,1.35358,1.35273,1.35331,1720.56
1776693600,2026-04-20 14:00:00+00:00,1.35293,1.353,1.35173,1.35198,1772.04
1776695400,2026-04-20 14:30:00+00:00,1.35198,1.35304,1.35173,1.35236,1805.01
1776697200,2026-04-20 15:00:00+00:00,1.35257,1.3543,1.35183,1.35234,1741.74
1776699000,2026-04-20 15:30:00+00:00,1.35234,1.35439,1.35209,1.35398,1748.1
1776700800,2026-04-20 16:00:00+00:00,1.35425,1.35437,1.35372,1.35375,1768.1
1776702600,2026-04-20 16:30:00+00:00,1.35375,1.35395,1.35361,1.35373,1701.94
1776704400,2026-04-20 17:00:00+00:00,1.35396,1.35407,1.35352,1.35354,1759.02
1776706200,2026-04-20 17:30:00+00:00,1.35354,1.35356,1.35319,1.35348,1748.27
1776708000,2026-04-20 18:00:00+00:00,1.3536,1.35418,1.35325,1.3533,1694.59
1776709800,2026-04-20 18:30:00+00:00,1.3533,1.35418,1.35325,1.35331,1714.49
1776711600,2026-04-20 19:00:00+00:00,1.35343,1.35415,1.35326,1.35331,1761.53
1776713400,2026-04-20 19:30:00+00:00,1.35331,1.35388,1.35325,1.35325,1730.82
1776715200,2026-04-20 20:00:00+00:00,1.35308,1.35385,1.35308,1.35385,1714.93
1776717000,2026-04-20 20:30:00+00:00,1.35385,1.35385,1.35338,1.35344,1765.87
1776718800,2026-04-20 21:00:00+00:00,1.35292,1.35384,1.35292,1.35308,1709.1
1776720600,2026-04-20 21:30:00+00:00,1.35308,1.35367,1.35276,1.35349,1760.76
1776722400,2026-04-20 22:00:00+00:00,1.35349,1.35372,1.35327,1.35362,1748.38
1776724200,2026-04-20 22:30:00+00:00,1.35362,1.35382,1.35336,1.35382,1717.27
1776726000,2026-04-20 23:00:00+00:00,1.35388,1.35388,1.35307,1.3531,1677.1299999999999
1776727800,2026-04-20 23:30:00+00:00,1.3531,1.3533,1.35306,1.35309,1724.0
1776729600,2026-04-21 00:00:00+00:00,1.35312,1.35312,1.35228,1.35235,1777.9
1776731400,2026-04-21 00:30:00+00:00,1.35235,1.35275,1.35233,1.35245,1733.71
1776733200,2026-04-21 01:00:00+00:00,1.35233,1.35288,1.35233,1.35284,1761.58
1776735000,2026-04-21 01:30:00+00:00,1.35284,1.35293,1.35238,1.35242,1690.78
1776736800,2026-04-21 02:00:00+00:00,1.35269,1.35269,1.35219,1.35227,1767.97
1776738600,2026-04-21 02:30:00+00:00,1.35227,1.35237,1.35205,1.35219,1758.3
1776740400,2026-04-21 03:00:00+00:00,1.35217,1.35218,1.35182,1.35199,1694.23
1776742200,2026-04-21 03:30:00+00:00,1.35199,1.3521,1.35156,1.35176,1704.14
1776744000,2026-04-21 04:00:00+00:00,1.35182,1.35186,1.35158,1.3516,1690.57
1776745800,2026-04-21 04:30:00+00:00,1.3516,1.35166,1.35149,1.3515,1753.47
1776747600,2026-04-21 05:00:00+00:00,1.35151,1.35256,1.35151,1.35253,1751.06
1776749400,2026-04-21 05:30:00+00:00,1.35253,1.35256,1.35175,1.35184,1715.87
1776751200,2026-04-21 06:00:00+00:00,1.35213,1.35286,1.35193,1.35218,1722.99
1776753000,2026-04-21 06:30:00+00:00,1.35218,1.35223,1.35178,1.35201,1730.43
1776754800,2026-04-21 07:00:00+00:00,1.35209,1.35218,1.35125,1.35214,1719.52
1776756600,2026-04-21 07:30:00+00:00,1.35214,1.35218,1.35074,1.35074,1797.26
1776758400,2026-04-21 08:00:00+00:00,1.35075,1.35084,1.34833,1.34848,1677.61
1776760200,2026-04-21 08:30:00+00:00,1.34848,1.35087,1.34833,1.35031,1750.12
1776762000,2026-04-21 09:00:00+00:00,1.35036,1.35078,1.34959,1.34965,1724.9099999999999
1776763800,2026-04-21 09:30:00+00:00,1.34965,1.35073,1.34962,1.3503,1762.67
1776765600,2026-04-21 10:00:00+00:00,1.35025,1.35117,1.35025,1.35117,1680.08
1776767400,2026-04-21 10:30:00+00:00,1.35117,1.35117,1.35094,1.35117,1788.85
1776769200,2026-04-21 11:00:00+00:00,1.35106,1.35237,1.35104,1.352,1726.6399999999999
1776771000,2026-04-21 11:30:00+00:00,1.352,1.35227,1.35074,1.35187,1726.93
1776772800,2026-04-21 12:00:00+00:00,1.35191,1.35225,1.35094,1.35225,1757.2
1776774600,2026-04-21 12:30:00+00:00,1.35225,1.35225,1.35137,1.35139,1709.22
1776776400,2026-04-21 13:00:00+00:00,1.35163,1.35268,1.35163,1.35245,1725.07
1776778200,2026-04-21 13:30:00+00:00,1.35245,1.35277,1.35214,1.35248,1704.8
1776780000,2026-04-21 14:00:00+00:00,1.35245,1.35358,1.35153,1.35303,1778.81
1776781800,2026-04-21 14:30:00+00:00,1.35303,1.35395,1.35089,1.35094,1725.42
1776783600,2026-04-21 15:00:00+00:00,1.35077,1.35202,1.34994,1.35131,1716.26
1776785400,2026-04-21 15:30:00+00:00,1.35131,1.35176,1.35076,1.35108,1767.4
1776787200,2026-04-21 16:00:00+00:00,1.35123,1.3514,1.35027,1.35042,1757.04
1776789000,2026-04-21 16:30:00+00:00,1.35042,1.35054,1.34979,1.34979,1816.92
1776790800,2026-04-21 17:00:00+00:00,1.34979,1.35199,1.3497,1.35079,1723.55
1776792600,2026-04-21 17:30:00+00:00,1.35079,1.35139,1.34765,1.35061,1776.88
1776794400,2026-04-21 18:00:00+00:00,1.35076,1.35081,1.35003,1.35006,1719.98
1776796200,2026-04-21 18:30:00+00:00,1.35006,1.35069,1.34848,1.35037,1744.83
1776798000,2026-04-21 19:00:00+00:00,1.35039,1.35131,1.34839,1.34851,1718.19
1776799800,2026-04-21 19:30:00+00:00,1.34851,1.34894,1.34769,1.3482,1676.6399999999999
1776801600,2026-04-21 20:00:00+00:00,1.3481,1.35139,1.34806,1.35059,1729.96
1776803400,2026-04-21 20:30:00+00:00,1.35059,1.35096,1.34777,1.3509,1677.6
1776805200,2026-04-21 21:00:00+00:00,1.3514,1.3514,1.35088,1.351,1729.4
1776807000,2026-04-21 21:30:00+00:00,1.351,1.35108,1.34973,1.35018,1755.47
1776808800,2026-04-21 22:00:00+00:00,1.35045,1.35049,1.35021,1.35032,1726.25
1776810600,2026-04-21 22:30:00+00:00,1.35032,1.35054,1.35021,1.35028,1775.26
1776812400,2026-04-21 23:00:00+00:00,1.3503,1.35079,1.35021,1.35069,1713.33
1776814200,2026-04-21 23:30:00+00:00,1.35069,1.35104,1.35066,1.35096,1766.08
1776816000,2026-04-22 00:00:00+00:00,1.35119,1.35204,1.35106,1.35138,1739.1
1776817800,2026-04-22 00:30:00+00:00,1.35138,1.35141,1.35096,1.35096,1760.81
1776819600,2026-04-22 01:00:00+00:00,1.35141,1.3515,1.35131,1.35142,1734.96
1776821400,2026-04-22 01:30:00+00:00,1.35142,1.35144,1.35046,1.35104,1778.2
1776823200,2026-04-22 02:00:00+00:00,1.35115,1.35143,1.3506,1.35062,1753.25
1776825000,2026-04-22 02:30:00+00:00,1.35062,1.3508,1.35059,1.35059,1752.1200000000001
1776826800,2026-04-22 03:00:00+00:00,1.35037,1.351,1.35037,1.35099,1780.01
1776828600,2026-04-22 03:30:00+00:00,1.35099,1.35121,1.35068,1.35072,1741.15
1776830400,2026-04-22 04:00:00+00:00,1.35079,1.35103,1.35066,1.35088,1751.71
1776832200,2026-04-22 04:30:00+00:00,1.35088,1.35112,1.35079,1.35079,1720.09
1776834000,2026-04-22 05:00:00+00:00,1.35087,1.35197,1.3508,1.35159,1743.84
1776835800,2026-04-22 05:30:00+00:00,1.35159,1.35335,1.35149,1.35246,1803.31
1776837600,2026-04-22 06:00:00+00:00,1.35246,1.35249,1.35182,1.35238,1774.83
1776839400,2026-04-22 06:30:00+00:00,1.35238,1.35249,1.35154,1.35169,1760.66
1776841200,2026-04-22 07:00:00+00:00,1.35197,1.35275,1.35197,1.35243,1750.96
1776843000,2026-04-22 07:30:00+00:00,1.35243,1.35275,1.35117,1.35275,1683.98
1776844800,2026-04-22 08:00:00+00:00,1.35278,1.35309,1.35219,1.35302,1695.96
1776846600,2026-04-22 08:30:00+00:00,1.35302,1.35318,1.3524,1.35289,1722.21
1776848400,2026-04-22 09:00:00+00:00,1.35303,1.35352,1.35203,1.35203,1768.24
1776850200,2026-04-22 09:30:00+00:00,1.35203,1.35278,1.35203,1.35208,1739.82
1776852000,2026-04-22 10:00:00+00:00,1.35196,1.35237,1.35186,1.35226,1735.1299999999999
1776853800,2026-04-22 10:30:00+00:00,1.35226,1.35236,1.35153,1.35216,1717.34
1776855600,2026-04-22 11:00:00+00:00,1.35196,1.35204,1.35036,1.35158,1739.74
1776857400,2026-04-22 11:30:00+00:00,1.35158,1.35205,1.34999,1.35018,1656.92
1776859200,2026-04-22 12:00:00+00:00,1.35039,1.35076,1.34959,1.34967,1749.36
1776861000,2026-04-22 12:30:00+00:00,1.34967,1.34974,1.34927,1.34952,1721.97
1776862800,2026-04-22 13:00:00+00:00,1.34941,1.35228,1.34935,1.35122,1741.15
1776864600,2026-04-22 13:30:00+00:00,1.35122,1.35228,1.35106,1.35177,1693.14
1776866400,2026-04-22 14:00:00+00:00,1.35181,1.35242,1.35039,1.35042,1758.5
1776868200,2026-04-22 14:30:00+00:00,1.35042,1.35082,1.34998,1.34998,1749.06
1776870000,2026-04-22 15:00:00+00:00,1.34986,1.35029,1.34966,1.35011,1739.34
1776871800,2026-04-22 15:30:00+00:00,1.35011,1.35088,1.35001,1.35035,1738.37
1776873600,2026-04-22 16:00:00+00:00,1.35045,1.35064,1.34964,1.34992,1706.6
1776875400,2026-04-22 16:30:00+00:00,1.34992,1.35051,1.34985,1.35048,1742.16
1776877200,2026-04-22 17:00:00+00:00,1.35036,1.35159,1.35036,1.35085,1705.92
1776879000,2026-04-22 17:30:00+00:00,1.35085,1.35141,1.35036,1.35109,1732.13
1776880800,2026-04-22 18:00:00+00:00,1.35097,1.35124,1.35092,1.35107,1737.79
1776882600,2026-04-22 18:30:00+00:00,1.35107,1.35118,1.35046,1.35056,1711.95
1776884400,2026-04-22 19:00:00+00:00,1.3504,1.35082,1.35017,1.35025,1736.16
1776886200,2026-04-22 19:30:00+00:00,1.35025,1.35097,1.35021,1.35038,1712.28
1776888000,2026-04-22 20:00:00+00:00,1.3503,1.35044,1.34995,1.35041,1815.17
1776889800,2026-04-22 20:30:00+00:00,1.35041,1.35048,1.35012,1.35029,1739.75
1776891600,2026-04-22 21:00:00+00:00,1.3505,1.35085,1.35023,1.35085,1742.96
1776893400,2026-04-22 21:30:00+00:00,1.35085,1.35085,1.35023,1.35041,1731.99
1776895200,2026-04-22 22:00:00+00:00,1.35041,1.35041,1.35009,1.35037,1753.92
1776897000,2026-04-22 22:30:00+00:00,1.35037,1.35041,1.35009,1.35022,1721.92
1776898800,2026-04-22 23:00:00+00:00,1.35017,1.35025,1.35003,1.35004,1789.43
1776900600,2026-04-22 23:30:00+00:00,1.35004,1.35006,1.34998,1.34998,1775.27
1776902400,2026-04-23 00:00:00+00:00,1.34997,1.35097,1.348,1.34922,1766.95
1776904200,2026-04-23 00:30:00+00:00,1.34922,1.35097,1.34849,1.35076,1728.75
1776906000,2026-04-23 01:00:00+00:00,1.35092,1.35092,1.35046,1.35074,1790.3600000000001
1776907800,2026-04-23 01:30:00+00:00,1.35074,1.35091,1.34992,1.34992,1712.41
1776909600,2026-04-23 02:00:00+00:00,1.35006,1.35006,1.34925,1.3494,1714.61
1776911400,2026-04-23 02:30:00+00:00,1.3494,1.34941,1.3486,1.3486,1686.4
1776913200,2026-04-23 03:00:00+00:00,1.34856,1.34899,1.34828,1.34863,1759.38
1776915000,2026-04-23 03:30:00+00:00,1.34863,1.34897,1.34842,1.34847,1764.36
1776916800,2026-04-23 04:00:00+00:00,1.34858,1.34885,1.34837,1.34881,1756.29
1776918600,2026-04-23 04:30:00+00:00,1.34881,1.34909,1.34863,1.34909,1736.28
1776920400,2026-04-23 05:00:00+00:00,1.34898,1.34903,1.34883,1.34894,1669.52
1776922200,2026-04-23 05:30:00+00:00,1.34894,1.34931,1.34888,1.34931,1713.85
1776924000,2026-04-23 06:00:00+00:00,1.34897,1.34971,1.34888,1.34896,1748.52
1776925800,2026-04-23 06:30:00+00:00,1.34896,1.34928,1.34882,1.34924,1685.88
1776927600,2026-04-23 07:00:00+00:00,1.34901,1.34979,1.34825,1.34958,1771.59
1776929400,2026-04-23 07:30:00+00:00,1.34958,1.34965,1.34825,1.34894,1720.09
1776931200,2026-04-23 08:00:00+00:00,1.349,1.35066,1.34866,1.3502,1706.22
1776933000,2026-04-23 08:30:00+00:00,1.3502,1.35069,1.34994,1.35058,1723.12
1776934800,2026-04-23 09:00:00+00:00,1.35039,1.35073,1.3497,1.3498,1746.07
1776936600,2026-04-23 09:30:00+00:00,1.3498,1.35077,1.34927,1.35005,1714.81
1776938400,2026-04-23 10:00:00+00:00,1.35032,1.35032,1.34858,1.34865,1725.85
1776940200,2026-04-23 10:30:00+00:00,1.34865,1.34875,1.34844,1.34854,1729.43
1776942000,2026-04-23 11:00:00+00:00,1.34855,1.34989,1.34845,1.34981,1744.9
1776943800,2026-04-23 11:30:00+00:00,1.34981,1.35106,1.34954,1.35066,1729.75
1776945600,2026-04-23 12:00:00+00:00,1.35049,1.35081,1.34914,1.34975,1752.67
1776947400,2026-04-23 12:30:00+00:00,1.34975,1.35098,1.34862,1.34875,1706.57
1776949200,2026-04-23 13:00:00+00:00,1.34876,1.34882,1.34807,1.34877,1676.22
1776951000,2026-04-23 13:30:00+00:00,1.34877,1.35004,1.34871,1.34996,1685.26
1776952800,2026-04-23 14:00:00+00:00,1.34953,1.35027,1.34927,1.35003,1743.42
1776954600,2026-04-23 14:30:00+00:00,1.35003,1.35183,1.34962,1.35106,1736.78
1776956400,2026-04-23 15:00:00+00:00,1.35107,1.3512,1.35022,1.35038,1699.54
1776958200,2026-04-23 15:30:00+00:00,1.35038,1.35048,1.34905,1.34937,1727.54
1776960000,2026-04-23 16:00:00+00:00,1.34926,1.34937,1.34875,1.34899,1728.59
1776961800,2026-04-23 16:30:00+00:00,1.34899,1.34932,1.34879,1.34925,1739.71
1776963600,2026-04-23 17:00:00+00:00,1.34928,1.34928,1.34512,1.34906,1710.96
1776965400,2026-04-23 17:30:00+00:00,1.34906,1.34928,1.34491,1.34776,1789.3899999999999
1776967200,2026-04-23 18:00:00+00:00,1.3478,1.34814,1.34731,1.34745,1740.96
1776969000,2026-04-23 18:30:00+00:00,1.34745,1.34846,1.34731,1.34731,1728.52
1776970800,2026-04-23 19:00:00+00:00,1.3474,1.3474,1.34628,1.34703,1786.47
1776972600,2026-04-23 19:30:00+00:00,1.34703,1.3474,1.3467,1.34686,1662.99
1776974400,2026-04-23 20:00:00+00:00,1.34672,1.34676,1.3462,1.34671,1732.0
1776976200,2026-04-23 20:30:00+00:00,1.34671,1.34675,1.34656,1.34658,1809.26
1776978000,2026-04-23 21:00:00+00:00,1.34609,1.34733,1.34609,1.34733,1774.09
1776979800,2026-04-23 21:30:00+00:00,1.34733,1.34733,1.34664,1.34693,1706.46
1776981600,2026-04-23 22:00:00+00:00,1.34687,1.34687,1.34655,1.34667,1717.49
1776983400,2026-04-23 22:30:00+00:00,1.34667,1.34679,1.34664,1.34677,1800.56
1776985200,2026-04-23 23:00:00+00:00,1.34682,1.34682,1.34636,1.34682,1689.2
1776987000,2026-04-23 23:30:00+00:00,1.34682,1.34682,1.34649,1.3466,1727.76
1776988800,2026-04-24 00:00:00+00:00,1.3466,1.34705,1.34654,1.34704,1674.63
1776990600,2026-04-24 00:30:00+00:00,1.34704,1.34712,1.34686,1.34688,1740.59
1776992400,2026-04-24 01:00:00+00:00,1.3468,1.34709,1.3465,1.34705,1742.85
1776994200,2026-04-24 01:30:00+00:00,1.34705,1.34725,1.34702,1.34721,1746.0
1776996000,2026-04-24 02:00:00+00:00,1.34712,1.34717,1.3461,1.34689,1719.74
1776997800,2026-04-24 02:30:00+00:00,1.34689,1.34717,1.34597,1.34606,1740.6
1776999600,2026-04-24 03:00:00+00:00,1.34615,1.34615,1.34536,1.34609,1669.02
1777001400,2026-04-24 03:30:00+00:00,1.34609,1.34615,1.34597,1.34599,1717.42
1777003200,2026-04-24 04:00:00+00:00,1.34595,1.34623,1.3458,1.34608,1731.95
1777005000,2026-04-24 04:30:00+00:00,1.34608,1.34638,1.34608,1.34626,1775.36
1777006800,2026-04-24 05:00:00+00:00,1.34636,1.34641,1.34605,1.34617,1734.93
1777008600,2026-04-24 05:30:00+00:00,1.34617,1.3467,1.34611,1.34661,1721.91
1777010400,2026-04-24 06:00:00+00:00,1.34678,1.34682,1.34608,1.34638,1694.92
1777012200,2026-04-24 06:30:00+00:00,1.34638,1.34691,1.34622,1.3463,1764.59
1777014000,2026-04-24 07:00:00+00:00,1.34624,1.34725,1.34603,1.3466,1730.52
1777015800,2026-04-24 07:30:00+00:00,1.3466,1.34796,1.34612,1.34788,1746.0
1777017600,2026-04-24 08:00:00+00:00,1.34764,1.34818,1.34713,1.34799,1700.23
1777019400,2026-04-24 08:30:00+00:00,1.34799,1.34835,1.34757,1.34763,1765.09
1777021200,2026-04-24 09:00:00+00:00,1.34774,1.34827,1.34749,1.34787,1716.98
1777023000,2026-04-24 09:30:00+00:00,1.34787,1.34844,1.34776,1.34823,1728.45
1777024800,2026-04-24 10:00:00+00:00,1.3482,1.34905,1.3479,1.34892,1736.54
1777026600,2026-04-24 10:30:00+00:00,1.34892,1.34922,1.34881,1.34919,1735.78
1777028400,2026-04-24 11:00:00+00:00,1.34929,1.35033,1.34905,1.3492,1766.09
1777030200,2026-04-24 11:30:00+00:00,1.3492,1.34998,1.34887,1.34941,1772.52
1777032000,2026-04-24 12:00:00+00:00,1.34971,1.35007,1.34866,1.34998,1727.62
1777033800,2026-04-24 12:30:00+00:00,1.34998,1.35012,1.34984,1.35012,1770.02
1777035600,2026-04-24 13:00:00+00:00,1.35011,1.35018,1.34995,1.35004,1699.29
1777037400,2026-04-24 13:30:00+00:00,1.35004,1.35018,1.34869,1.34976,1772.88
1777039200,2026-04-24 14:00:00+00:00,1.34968,1.35134,1.34962,1.34977,1777.24
1777041000,2026-04-24 14:30:00+00:00,1.34977,1.35116,1.34962,1.35003,1789.05
1777042800,2026-04-24 15:00:00+00:00,1.35006,1.35163,1.34936,1.35115,1721.22
1777044600,2026-04-24 15:30:00+00:00,1.35115,1.35185,1.34956,1.35154,1733.42
1777046400,2026-04-24 16:00:00+00:00,1.35166,1.35219,1.35093,1.35211,1705.06
1777048200,2026-04-24 16:30:00+00:00,1.35211,1.35219,1.35151,1.35213,1688.31
1777050000,2026-04-24 17:00:00+00:00,1.35207,1.35226,1.35196,1.35211,1739.87
1777051800,2026-04-24 17:30:00+00:00,1.35211,1.35219,1.35182,1.35198,1742.02
1777053600,2026-04-24 18:00:00+00:00,1.3518,1.35253,1.3518,1.35239,1682.93
1777055400,2026-04-24 18:30:00+00:00,1.35239,1.35293,1.35212,1.35281,1744.65
1777057200,2026-04-24 19:00:00+00:00,1.35288,1.3533,1.35287,1.35323,1763.85
1777059000,2026-04-24 19:30:00+00:00,1.35323,1.3533,1.35273,1.35329,1753.63
1777060800,2026-04-24 20:00:00+00:00,1.35339,1.35354,1.35297,1.35321,1719.6
1777062600,2026-04-24 20:30:00+00:00,1.35321,1.35367,1.35298,1.35327,1774.34
1777064400,2026-04-24 21:00:00+00:00,1.35319,1.35319,1.35319,1.35319,1744.1
1777066200,2026-04-24 21:30:00+00:00,1.35319,1.35319,1.35319,1.35319,1688.88
1777244400,2026-04-26 23:00:00+00:00,1.35153,1.35183,1.35141,1.35154,1725.5
1777246200,2026-04-26 23:30:00+00:00,1.35154,1.35156,1.35137,1.35142,1733.58
1777248000,2026-04-27 00:00:00+00:00,1.35148,1.35174,1.35128,1.35158,1800.8600000000001
1777249800,2026-04-27 00:30:00+00:00,1.35158,1.35216,1.3515,1.35216,1755.15
1777251600,2026-04-27 01:00:00+00:00,1.35239,1.35361,1.35239,1.35356,1772.41
1777253400,2026-04-27 01:30:00+00:00,1.35356,1.35367,1.35291,1.35344,1703.0
1777255200,2026-04-27 02:00:00+00:00,1.3536,1.35395,1.35305,1.35366,1714.3
1777257000,2026-04-27 02:30:00+00:00,1.35366,1.35406,1.35334,1.35399,1774.3500000000001
1777258800,2026-04-27 03:00:00+00:00,1.35389,1.35446,1.35389,1.35433,1746.09
1777260600,2026-04-27 03:30:00+00:00,1.35433,1.35485,1.35424,1.35457,1761.1299999999999
1777262400,2026-04-27 04:00:00+00:00,1.35443,1.35468,1.35438,1.35468,1702.0
1777264200,2026-04-27 04:30:00+00:00,1.35468,1.35468,1.354,1.35415,1738.27
1777266000,2026-04-27 05:00:00+00:00,1.35408,1.35415,1.35352,1.35364,1779.31
1777267800,2026-04-27 05:30:00+00:00,1.35364,1.35366,1.3534,1.3534,1762.09
1777269600,2026-04-27 06:00:00+00:00,1.35338,1.35356,1.35263,1.35355,1744.78
1777271400,2026-04-27 06:30:00+00:00,1.35355,1.35391,1.35312,1.35358,1768.43
1777273200,2026-04-27 07:00:00+00:00,1.35362,1.35424,1.35351,1.35364,1724.2
1777275000,2026-04-27 07:30:00+00:00,1.35364,1.35466,1.35354,1.35465,1725.79
1777276800,2026-04-27 08:00:00+00:00,1.35457,1.35549,1.35424,1.35527,1673.08
1777278600,2026-04-27 08:30:00+00:00,1.35527,1.3558,1.35445,1.35545,1752.16
1777280400,2026-04-27 09:00:00+00:00,1.35544,1.35566,1.35497,1.35497,1712.86
1777282200,2026-04-27 09:30:00+00:00,1.35497,1.35525,1.35483,1.35512,1705.82
1777284000,2026-04-27 10:00:00+00:00,1.35498,1.35593,1.35498,1.35566,1762.59
1777285800,2026-04-27 10:30:00+00:00,1.35566,1.35636,1.3555,1.35604,1751.06
1777287600,2026-04-27 11:00:00+00:00,1.35615,1.35617,1.35596,1.35617,1753.31
1777289400,2026-04-27 11:30:00+00:00,1.35617,1.35617,1.35549,1.3559,1749.01
1777291200,2026-04-27 12:00:00+00:00,1.35604,1.35759,1.35594,1.3565,1749.25
1777293000,2026-04-27 12:30:00+00:00,1.3565,1.35663,1.35516,1.35516,1756.43
1777294800,2026-04-27 13:00:00+00:00,1.35591,1.35591,1.35411,1.35425,1745.64
1777296600,2026-04-27 13:30:00+00:00,1.35425,1.35441,1.35408,1.35428,1750.18
1777298400,2026-04-27 14:00:00+00:00,1.35432,1.35507,1.35432,1.35482,1720.0
1777300200,2026-04-27 14:30:00+00:00,1.35482,1.35632,1.35471,1.35545,1820.62
1777302000,2026-04-27 15:00:00+00:00,1.35551,1.3556,1.35502,1.35553,1757.29
1777303800,2026-04-27 15:30:00+00:00,1.35553,1.3556,1.35477,1.35512,1749.42
1777305600,2026-04-27 16:00:00+00:00,1.35516,1.35556,1.35449,1.35528,1735.33
1777307400,2026-04-27 16:30:00+00:00,1.35528,1.35556,1.3543,1.35455,1718.47
1777309200,2026-04-27 17:00:00+00:00,1.35441,1.3545,1.35323,1.35345,1684.8
1777311000,2026-04-27 17:30:00+00:00,1.35345,1.3545,1.35339,1.35399,1715.23
1777312800,2026-04-27 18:00:00+00:00,1.35388,1.3539,1.35338,1.35368,1708.34
1777314600,2026-04-27 18:30:00+00:00,1.35368,1.35404,1.35318,1.35327,1719.81
1777316400,2026-04-27 19:00:00+00:00,1.35329,1.35331,1.35322,1.35323,1705.91
1777318200,2026-04-27 19:30:00+00:00,1.35323,1.35382,1.35322,1.35325,1683.08
1777320000,2026-04-27 20:00:00+00:00,1.3532,1.3534,1.3532,1.3534,1741.51
1777321800,2026-04-27 20:30:00+00:00,1.3534,1.35347,1.35324,1.35338,1718.92
1777323600,2026-04-27 21:00:00+00:00,1.35397,1.354,1.3534,1.35366,1705.95
1777325400,2026-04-27 21:30:00+00:00,1.35366,1.35406,1.35348,1.35378,1785.77
1777327200,2026-04-27 22:00:00+00:00,1.35355,1.35377,1.3534,1.35366,1727.67
1777329000,2026-04-27 22:30:00+00:00,1.35366,1.35376,1.35349,1.35369,1732.95
1777330800,2026-04-27 23:00:00+00:00,1.35356,1.3538,1.35356,1.35378,1733.39
1777332600,2026-04-27 23:30:00+00:00,1.35378,1.35382,1.35377,1.35382,1709.9
1777334400,2026-04-28 00:00:00+00:00,1.35388,1.35415,1.35337,1.3534,1711.76
1777336200,2026-04-28 00:30:00+00:00,1.3534,1.35347,1.35331,1.3534,1745.03
1777338000,2026-04-28 01:00:00+00:00,1.35313,1.35316,1.3525,1.35278,1765.8
1777339800,2026-04-28 01:30:00+00:00,1.35278,1.35288,1.35239,1.35239,1747.47
1777341600,2026-04-28 02:00:00+00:00,1.35237,1.35252,1.35221,1.35222,1723.36
1777343400,2026-04-28 02:30:00+00:00,1.35222,1.35233,1.35216,1.35225,1814.8
1777345200,2026-04-28 03:00:00+00:00,1.35217,1.35328,1.35217,1.35293,1783.94
1777347000,2026-04-28 03:30:00+00:00,1.35293,1.3536,1.3529,1.35329,1749.04
1777348800,2026-04-28 04:00:00+00:00,1.35314,1.35347,1.35294,1.353,1772.68
1777350600,2026-04-28 04:30:00+00:00,1.353,1.35339,1.35297,1.35307,1764.66
1777352400,2026-04-28 05:00:00+00:00,1.35303,1.35318,1.35279,1.353,1773.3700000000001
1777354200,2026-04-28 05:30:00+00:00,1.353,1.35302,1.35186,1.35186,1740.32
1777356000,2026-04-28 06:00:00+00:00,1.35148,1.35156,1.35038,1.35088,1768.31
1777357800,2026-04-28 06:30:00+00:00,1.35088,1.35206,1.35038,1.35068,1673.05
1777359600,2026-04-28 07:00:00+00:00,1.35037,1.35103,1.35033,1.35069,1730.68
1777361400,2026-04-28 07:30:00+00:00,1.35069,1.35146,1.35033,1.3511,1766.47
1777363200,2026-04-28 08:00:00+00:00,1.35089,1.35092,1.35037,1.35051,1737.2
1777365000,2026-04-28 08:30:00+00:00,1.35051,1.35148,1.35044,1.35055,1767.17
1777366800,2026-04-28 09:00:00+00:00,1.35037,1.3504,1.34905,1.34929,1728.59
1777368600,2026-04-28 09:30:00+00:00,1.34929,1.34966,1.34878,1.349,1777.96
1777370400,2026-04-28 10:00:00+00:00,1.34909,1.34956,1.3487,1.34931,1718.63
1777372200,2026-04-28 10:30:00+00:00,1.34931,1.34937,1.34834,1.3484,1704.18
1777374000,2026-04-28 11:00:00+00:00,1.34853,1.34894,1.34754,1.34883,1708.71
1777375800,2026-04-28 11:30:00+00:00,1.34883,1.34913,1.3464,1.34689,1724.34
1777377600,2026-04-28 12:00:00+00:00,1.34693,1.34917,1.34642,1.34888,1710.71
1777379400,2026-04-28 12:30:00+00:00,1.34888,1.34958,1.34821,1.34935,1730.37
1777381200,2026-04-28 13:00:00+00:00,1.34909,1.34911,1.34825,1.34869,1795.5
1777383000,2026-04-28 13:30:00+00:00,1.34869,1.35,1.34842,1.34958,1751.2
1777384800,2026-04-28 14:00:00+00:00,1.34949,1.35051,1.34885,1.34897,1774.9099999999999
1777386600,2026-04-28 14:30:00+00:00,1.34897,1.35051,1.34885,1.34953,1713.3799999999999
1777388400,2026-04-28 15:00:00+00:00,1.34987,1.3511,1.34978,1.35074,1698.57
1777390200,2026-04-28 15:30:00+00:00,1.35074,1.35122,1.35025,1.35117,1830.33
1777392000,2026-04-28 16:00:00+00:00,1.35079,1.35164,1.35079,1.35143,1677.68
1777393800,2026-04-28 16:30:00+00:00,1.35143,1.35163,1.35113,1.35155,1730.78
1777395600,2026-04-28 17:00:00+00:00,1.35152,1.3521,1.35089,1.35203,1752.64
1777397400,2026-04-28 17:30:00+00:00,1.35203,1.3521,1.35163,1.35177,1751.26
1777399200,2026-04-28 18:00:00+00:00,1.35186,1.3521,1.35172,1.35174,1728.27
1777401000,2026-04-28 18:30:00+00:00,1.35174,1.35206,1.35153,1.35175,1742.58
1777402800,2026-04-28 19:00:00+00:00,1.35177,1.35205,1.35139,1.35147,1716.69
1777404600,2026-04-28 19:30:00+00:00,1.35147,1.35171,1.35137,1.35166,1738.23
1777406400,2026-04-28 20:00:00+00:00,1.35173,1.35205,1.35173,1.35186,1710.68
1777408200,2026-04-28 20:30:00+00:00,1.35186,1.35223,1.3518,1.3519,1727.46
1777410000,2026-04-28 21:00:00+00:00,1.35153,1.35205,1.35122,1.35188,1760.05
1777411800,2026-04-28 21:30:00+00:00,1.35188,1.35204,1.35122,1.3517,1756.6100000000001
1777413600,2026-04-28 22:00:00+00:00,1.35199,1.35214,1.35194,1.35197,1720.72
1777415400,2026-04-28 22:30:00+00:00,1.35197,1.35234,1.35194,1.35217,1762.23
1777417200,2026-04-28 23:00:00+00:00,1.35208,1.35239,1.35208,1.35234,1713.29
1777419000,2026-04-28 23:30:00+00:00,1.35234,1.35239,1.35221,1.35237,1698.78
1777420800,2026-04-29 00:00:00+00:00,1.3525,1.35252,1.3522,1.35232,1787.21
1777422600,2026-04-29 00:30:00+00:00,1.35232,1.35276,1.35219,1.35258,1719.37
1777424400,2026-04-29 01:00:00+00:00,1.35237,1.3525,1.35157,1.35157,1738.21
1777426200,2026-04-29 01:30:00+00:00,1.35157,1.35238,1.35131,1.35173,1715.79
1777428000,2026-04-29 02:00:00+00:00,1.35194,1.35227,1.35133,1.35167,1724.78
1777429800,2026-04-29 02:30:00+00:00,1.35167,1.35234,1.35115,1.35121,1733.8600000000001
1777431600,2026-04-29 03:00:00+00:00,1.35131,1.35161,1.35115,1.35116,1788.1100000000001
1777433400,2026-04-29 03:30:00+00:00,1.35116,1.35122,1.35106,1.35113,1757.81
1777435200,2026-04-29 04:00:00+00:00,1.35108,1.35127,1.35108,1.35113,1731.44
1777437000,2026-04-29 04:30:00+00:00,1.35113,1.35153,1.35112,1.35126,1719.39
1777438800,2026-04-29 05:00:00+00:00,1.35135,1.35135,1.35045,1.35058,1736.8
1777440600,2026-04-29 05:30:00+00:00,1.35058,1.35073,1.35035,1.35049,1810.46
1777442400,2026-04-29 06:00:00+00:00,1.35057,1.35073,1.34992,1.35056,1804.38
1777444200,2026-04-29 06:30:00+00:00,1.35056,1.35063,1.34951,1.35,1782.44
1777446000,2026-04-29 07:00:00+00:00,1.35,1.35079,1.34996,1.35071,1789.69
1777447800,2026-04-29 07:30:00+00:00,1.35071,1.35079,1.3504,1.35048,1829.15
1777449600,2026-04-29 08:00:00+00:00,1.35046,1.35046,1.34951,1.35027,1749.81
1777451400,2026-04-29 08:30:00+00:00,1.35027,1.35046,1.34962,1.35007,1733.78
1777453200,2026-04-29 09:00:00+00:00,1.34987,1.35055,1.34969,1.35054,1738.11
1777455000,2026-04-29 09:30:00+00:00,1.35054,1.35055,1.35023,1.35042,1699.08
1777456800,2026-04-29 10:00:00+00:00,1.35017,1.35059,1.35017,1.35053,1792.81
1777458600,2026-04-29 10:30:00+00:00,1.35053,1.35117,1.35046,1.35111,1829.88
1777460400,2026-04-29 11:00:00+00:00,1.35088,1.35117,1.35038,1.3504,1772.6
1777462200,2026-04-29 11:30:00+00:00,1.3504,1.35087,1.35038,1.35049,1704.32
1777464000,2026-04-29 12:00:00+00:00,1.35049,1.35072,1.35004,1.35008,1708.83
1777465800,2026-04-29 12:30:00+00:00,1.35008,1.35133,1.35004,1.35007,1736.69
1777467600,2026-04-29 13:00:00+00:00,1.35011,1.35066,1.34784,1.34817,1708.17
1777469400,2026-04-29 13:30:00+00:00,1.34817,1.34851,1.34753,1.3478,1770.62
1777471200,2026-04-29 14:00:00+00:00,1.34785,1.34868,1.34733,1.34837,1638.76
1777473000,2026-04-29 14:30:00+00:00,1.34837,1.35015,1.34796,1.35015,1743.55
1777474800,2026-04-29 15:00:00+00:00,1.35006,1.35009,1.34955,1.34965,1742.68
1777476600,2026-04-29 15:30:00+00:00,1.34965,1.34972,1.34834,1.34895,1743.42
1777478400,2026-04-29 16:00:00+00:00,1.34884,1.3495,1.34801,1.34937,1758.91
1777480200,2026-04-29 16:30:00+00:00,1.34937,1.34984,1.34796,1.34796,1746.19
1777482000,2026-04-29 17:00:00+00:00,1.348,1.34889,1.34753,1.34841,1769.53
1777483800,2026-04-29 17:30:00+00:00,1.34841,1.34909,1.34789,1.349,1710.54
1777485600,2026-04-29 18:00:00+00:00,1.34776,1.34849,1.34699,1.34727,1755.75
1777487400,2026-04-29 18:30:00+00:00,1.34727,1.34869,1.34597,1.34718,1777.47
1777489200,2026-04-29 19:00:00+00:00,1.34749,1.34755,1.34677,1.34747,1754.44
1777491000,2026-04-29 19:30:00+00:00,1.34747,1.34824,1.3471,1.34765,1715.45
1777492800,2026-04-29 20:00:00+00:00,1.34764,1.34782,1.34709,1.3477,1776.1200000000001
1777494600,2026-04-29 20:30:00+00:00,1.3477,1.34785,1.34709,1.34764,1737.63
1777496400,2026-04-29 21:00:00+00:00,1.34798,1.34824,1.34781,1.34818,1679.22
1777498200,2026-04-29 21:30:00+00:00,1.34818,1.34821,1.34706,1.34791,1722.11
1777500000,2026-04-29 22:00:00+00:00,1.3474,1.34831,1.34734,1.34793,1789.75
1777501800,2026-04-29 22:30:00+00:00,1.34793,1.34808,1.34724,1.34807,1716.57
1777503600,2026-04-29 23:00:00+00:00,1.34818,1.34866,1.34787,1.34855,1750.99
1777505400,2026-04-29 23:30:00+00:00,1.34855,1.34895,1.34822,1.34889,1735.05
1777507200,2026-04-30 00:00:00+00:00,1.34925,1.34928,1.34851,1.34881,1737.02
1777509000,2026-04-30 00:30:00+00:00,1.34881,1.34956,1.34851,1.34851,1724.36
1777510800,2026-04-30 01:00:00+00:00,1.34836,1.34862,1.34803,1.34812,1753.54
1777512600,2026-04-30 01:30:00+00:00,1.34812,1.34829,1.34795,1.34824,1790.84
1777514400,2026-04-30 02:00:00+00:00,1.34829,1.34847,1.34736,1.34843,1804.7
1777516200,2026-04-30 02:30:00+00:00,1.34843,1.34843,1.34687,1.34753,1692.63
1777518000,2026-04-30 03:00:00+00:00,1.34758,1.34793,1.3474,1.34745,1807.17
1777519800,2026-04-30 03:30:00+00:00,1.34745,1.34768,1.34741,1.34762,1775.71
1777521600,2026-04-30 04:00:00+00:00,1.34764,1.34764,1.34576,1.34585,1739.83
1777523400,2026-04-30 04:30:00+00:00,1.34585,1.34642,1.34566,1.34611,1728.49
1777525200,2026-04-30 05:00:00+00:00,1.34629,1.34681,1.34604,1.34607,1753.15
1777527000,2026-04-30 05:30:00+00:00,1.34607,1.34682,1.34604,1.34609,1722.26
1777528800,2026-04-30 06:00:00+00:00,1.34593,1.34669,1.34548,1.34662,1765.36
1777530600,2026-04-30 06:30:00+00:00,1.34662,1.34785,1.34649,1.34731,1717.01
1777532400,2026-04-30 07:00:00+00:00,1.34747,1.34828,1.34747,1.34795,1776.63
1777534200,2026-04-30 07:30:00+00:00,1.34795,1.34915,1.34787,1.34856,1735.4
1777536000,2026-04-30 08:00:00+00:00,1.34889,1.35,1.34853,1.34853,1735.25
1777537800,2026-04-30 08:30:00+00:00,1.34853,1.34919,1.34827,1.34847,1701.37
1777539600,2026-04-30 09:00:00+00:00,1.34858,1.34992,1.34813,1.34813,1667.6399999999999
1777541400,2026-04-30 09:30:00+00:00,1.34813,1.35057,1.34813,1.3504,1764.25
1777543200,2026-04-30 10:00:00+00:00,1.35026,1.35272,1.34938,1.35057,1729.88
1777545000,2026-04-30 10:30:00+00:00,1.35057,1.35272,1.34997,1.35272,1805.14
1777546800,2026-04-30 11:00:00+00:00,1.35311,1.35323,1.35169,1.35269,1784.48
1777548600,2026-04-30 11:30:00+00:00,1.35269,1.35342,1.35148,1.35172,1751.33
1777550400,2026-04-30 12:00:00+00:00,1.35173,1.35184,1.35,1.35086,1727.29
1777552200,2026-04-30 12:30:00+00:00,1.35086,1.35184,1.35011,1.3515,1770.32
1777554000,2026-04-30 13:00:00+00:00,1.35139,1.35197,1.35068,1.35115,1760.05
1777555800,2026-04-30 13:30:00+00:00,1.35115,1.35208,1.35113,1.35183,1777.23
1777557600,2026-04-30 14:00:00+00:00,1.35146,1.35912,1.35146,1.35856,1685.07
1777559400,2026-04-30 14:30:00+00:00,1.35856,1.35887,1.3557,1.35871,1749.19
1777561200,2026-04-30 15:00:00+00:00,1.3587,1.35906,1.3579,1.35823,1762.47
1777563000,2026-04-30 15:30:00+00:00,1.35823,1.35827,1.35722,1.35803,1792.16
1777564800,2026-04-30 16:00:00+00:00,1.35781,1.35882,1.35765,1.35863,1748.03
1777566600,2026-04-30 16:30:00+00:00,1.35863,1.35867,1.35746,1.35783,1729.97
1777568400,2026-04-30 17:00:00+00:00,1.35798,1.35855,1.35772,1.3584,1737.3
1777570200,2026-04-30 17:30:00+00:00,1.3584,1.35853,1.35789,1.35816,1763.06
1777572000,2026-04-30 18:00:00+00:00,1.35834,1.36069,1.35834,1.35992,1772.89
1777573800,2026-04-30 18:30:00+00:00,1.35992,1.36062,1.35963,1.36023,1743.66
1777575600,2026-04-30 19:00:00+00:00,1.36047,1.36104,1.36039,1.36073,1699.25
1777577400,2026-04-30 19:30:00+00:00,1.36073,1.36116,1.36023,1.36073,1693.82
1777579200,2026-04-30 20:00:00+00:00,1.36064,1.36093,1.36006,1.36076,1749.86
1777581000,2026-04-30 20:30:00+00:00,1.36076,1.36085,1.36016,1.36027,1740.21
1777582800,2026-04-30 21:00:00+00:00,1.36043,1.36067,1.35995,1.36063,1766.95
1777584600,2026-04-30 21:30:00+00:00,1.36063,1.36077,1.3606,1.36077,1761.76
1777586400,2026-04-30 22:00:00+00:00,1.36078,1.36084,1.36028,1.36034,1749.57
1777588200,2026-04-30 22:30:00+00:00,1.36034,1.36046,1.36027,1.36034,1721.15
1777590000,2026-04-30 23:00:00+00:00,1.36049,1.36075,1.36031,1.36065,1803.28
1777591800,2026-04-30 23:30:00+00:00,1.36065,1.3607,1.36019,1.36027,1786.41
1777593600,2026-05-01 00:00:00+00:00,1.36014,1.36016,1.35993,1.35993,1718.26
1777595400,2026-05-01 00:30:00+00:00,1.35993,1.36053,1.35993,1.36049,1744.54
1777597200,2026-05-01 01:00:00+00:00,1.3603,1.36064,1.36001,1.36055,1832.01
1777599000,2026-05-01 01:30:00+00:00,1.36055,1.36071,1.36049,1.36056,1761.27
1777600800,2026-05-01 02:00:00+00:00,1.36066,1.36086,1.3601,1.36042,1763.53
1777602600,2026-05-01 02:30:00+00:00,1.36042,1.3609,1.36024,1.36067,1683.29
1777604400,2026-05-01 03:00:00+00:00,1.36064,1.36114,1.36019,1.3602,1705.48
1777606200,2026-05-01 03:30:00+00:00,1.3602,1.36068,1.36019,1.36023,1736.7
1777608000,2026-05-01 04:00:00+00:00,1.36023,1.36038,1.35986,1.36015,1720.37
1777609800,2026-05-01 04:30:00+00:00,1.36015,1.36015,1.35945,1.35973,1809.17
1777611600,2026-05-01 05:00:00+00:00,1.35977,1.35977,1.35909,1.35917,1674.29
1777613400,2026-05-01 05:30:00+00:00,1.35917,1.35922,1.35892,1.35892,1787.01
1777615200,2026-05-01 06:00:00+00:00,1.35899,1.35971,1.35871,1.35917,1717.65
1777617000,2026-05-01 06:30:00+00:00,1.35917,1.3619,1.35872,1.36123,1704.18
1777618800,2026-05-01 07:00:00+00:00,1.36104,1.36136,1.36038,1.36113,1792.55
1777620600,2026-05-01 07:30:00+00:00,1.36113,1.36136,1.36006,1.36038,1765.19
1777622400,2026-05-01 08:00:00+00:00,1.36058,1.3611,1.3601,1.36107,1729.45
1777624200,2026-05-01 08:30:00+00:00,1.36107,1.36117,1.36031,1.36078,1756.81
1777626000,2026-05-01 09:00:00+00:00,1.36078,1.36086,1.35924,1.35983,1705.64
1777627800,2026-05-01 09:30:00+00:00,1.35983,1.35995,1.35921,1.35936,1735.51
1777629600,2026-05-01 10:00:00+00:00,1.35931,1.35989,1.35925,1.35973,1729.68
1777631400,2026-05-01 10:30:00+00:00,1.35973,1.36099,1.35952,1.36045,1728.01
1777633200,2026-05-01 11:00:00+00:00,1.36067,1.36195,1.36067,1.36115,1794.65
1777635000,2026-05-01 11:30:00+00:00,1.36115,1.36206,1.36087,1.36195,1680.8700000000001
1777636800,2026-05-01 12:00:00+00:00,1.36199,1.36429,1.36166,1.36182,1804.98
1777638600,2026-05-01 12:30:00+00:00,1.36182,1.36429,1.36173,1.36314,1726.75
1777640400,2026-05-01 13:00:00+00:00,1.36303,1.36354,1.36169,1.36351,1686.96
1777642200,2026-05-01 13:30:00+00:00,1.36351,1.36377,1.36301,1.36377,1749.31
1777644000,2026-05-01 14:00:00+00:00,1.36379,1.36568,1.36215,1.36555,1719.92
1777645800,2026-05-01 14:30:00+00:00,1.36555,1.36569,1.36203,1.36229,1755.09
1777647600,2026-05-01 15:00:00+00:00,1.36236,1.36241,1.36177,1.36183,1728.9
1777649400,2026-05-01 15:30:00+00:00,1.36183,1.36292,1.36182,1.36192,1766.97
1777651200,2026-05-01 16:00:00+00:00,1.36188,1.36223,1.36022,1.36037,1740.65
1777653000,2026-05-01 16:30:00+00:00,1.36037,1.36045,1.3601,1.36017,1719.77
1777654800,2026-05-01 17:00:00+00:00,1.35986,1.35995,1.35903,1.35986,1783.8799999999999
1777656600,2026-05-01 17:30:00+00:00,1.35986,1.36004,1.3589,1.35923,1736.96
1777658400,2026-05-01 18:00:00+00:00,1.35938,1.35938,1.35757,1.35808,1735.5
1777660200,2026-05-01 18:30:00+00:00,1.35808,1.35938,1.35757,1.35823,1717.1399999999999
1777662000,2026-05-01 19:00:00+00:00,1.35827,1.35827,1.35753,1.35758,1690.05
1777663800,2026-05-01 19:30:00+00:00,1.35758,1.35759,1.35733,1.3574,1686.83
1777665600,2026-05-01 20:00:00+00:00,1.35729,1.35745,1.35685,1.35731,1757.89
1777667400,2026-05-01 20:30:00+00:00,1.35731,1.3575,1.35711,1.35744,1737.32
1777669200,2026-05-01 21:00:00+00:00,1.35748,1.35748,1.35748,1.35748,1721.37
1777671000,2026-05-01 21:30:00+00:00,1.35748,1.35748,1.35748,1.35748,1764.92
1777867200,2026-05-04 04:00:00+00:00,1.35875,1.35884,1.35866,1.35868,1763.19
1777869000,2026-05-04 04:30:00+00:00,1.35868,1.35877,1.35867,1.35871,1703.65
1777870800,2026-05-04 05:00:00+00:00,1.35875,1.35928,1.35864,1.35923,1755.32
1777872600,2026-05-04 05:30:00+00:00,1.35923,1.35936,1.35905,1.35931,1800.01
1777874400,2026-05-04 06:00:00+00:00,1.35931,1.35979,1.35881,1.35948,1685.55
1777876200,2026-05-04 06:30:00+00:00,1.35948,1.35986,1.35783,1.35825,1761.25
1777878000,2026-05-04 07:00:00+00:00,1.35796,1.35807,1.35653,1.35717,1718.77
1777879800,2026-05-04 07:30:00+00:00,1.35717,1.35745,1.35636,1.357,1783.5
1777881600,2026-05-04 08:00:00+00:00,1.35656,1.35669,1.3565,1.35657,1741.21
1777883400,2026-05-04 08:30:00+00:00,1.35657,1.35663,1.35604,1.35613,1803.02
1777885200,2026-05-04 09:00:00+00:00,1.35613,1.35661,1.35592,1.35597,1770.47
1777887000,2026-05-04 09:30:00+00:00,1.35597,1.35637,1.35582,1.35595,1692.67
1777888800,2026-05-04 10:00:00+00:00,1.35595,1.35595,1.35375,1.35386,1688.61
1777890600,2026-05-04 10:30:00+00:00,1.35386,1.3555,1.35248,1.35455,1753.1299999999999
1777892400,2026-05-04 11:00:00+00:00,1.35468,1.35498,1.35459,1.35485,1787.41
1777894200,2026-05-04 11:30:00+00:00,1.35485,1.35489,1.35364,1.35415,1750.09
1777896000,2026-05-04 12:00:00+00:00,1.35406,1.35634,1.35404,1.35618,1687.13
1777897800,2026-05-04 12:30:00+00:00,1.35618,1.35634,1.35564,1.35606,1680.33
1777899600,2026-05-04 13:00:00+00:00,1.3554,1.35615,1.35509,1.35605,1748.72
1777901400,2026-05-04 13:30:00+00:00,1.35605,1.35658,1.35598,1.35606,1735.3
1777903200,2026-05-04 14:00:00+00:00,1.3559,1.35693,1.3552,1.35598,1674.1200000000001
1777905000,2026-05-04 14:30:00+00:00,1.35598,1.35652,1.3552,1.3556,1716.52
1777906800,2026-05-04 15:00:00+00:00,1.35512,1.35586,1.35258,1.35553,1762.6200000000001
1777908600,2026-05-04 15:30:00+00:00,1.35553,1.3557,1.35343,1.35345,1783.3700000000001
1777910400,2026-05-04 16:00:00+00:00,1.35325,1.35345,1.35204,1.35254,1747.59
1777912200,2026-05-04 16:30:00+00:00,1.35254,1.35266,1.35141,1.35219,1771.87
1777914000,2026-05-04 17:00:00+00:00,1.35197,1.35376,1.35197,1.35364,1759.46
1777915800,2026-05-04 17:30:00+00:00,1.35364,1.35404,1.35283,1.35344,1729.14
1777917600,2026-05-04 18:00:00+00:00,1.35336,1.35338,1.35276,1.35291,1723.28
1777919400,2026-05-04 18:30:00+00:00,1.35291,1.35367,1.35284,1.3532,1771.47
1777921200,2026-05-04 19:00:00+00:00,1.35358,1.35366,1.35334,1.35336,1745.31
1777923000,2026-05-04 19:30:00+00:00,1.35336,1.35424,1.35333,1.35377,1747.2
1777924800,2026-05-04 20:00:00+00:00,1.3536,1.35367,1.3529,1.35291,1809.93
1777926600,2026-05-04 20:30:00+00:00,1.35291,1.35333,1.35281,1.35322,1709.22
1777928400,2026-05-04 21:00:00+00:00,1.3527,1.35375,1.35267,1.35295,1745.49
1777930200,2026-05-04 21:30:00+00:00,1.35295,1.35358,1.35267,1.35323,1746.73
1777932000,2026-05-04 22:00:00+00:00,1.35334,1.35334,1.35285,1.35287,1778.1599999999999
1777933800,2026-05-04 22:30:00+00:00,1.35287,1.35294,1.35274,1.35292,1710.05
1777935600,2026-05-04 23:00:00+00:00,1.35296,1.35334,1.35294,1.35334,1716.74
1777937400,2026-05-04 23:30:00+00:00,1.35334,1.35334,1.35294,1.35313,1749.3600000000001
1777939200,2026-05-05 00:00:00+00:00,1.35318,1.35328,1.35239,1.35265,1795.59
1777941000,2026-05-05 00:30:00+00:00,1.35265,1.35347,1.35251,1.35261,1801.97
1777942800,2026-05-05 01:00:00+00:00,1.35245,1.35274,1.3519,1.35269,1719.02
1777944600,2026-05-05 01:30:00+00:00,1.35269,1.35273,1.35218,1.35256,1739.74
1777946400,2026-05-05 02:00:00+00:00,1.35261,1.35301,1.35261,1.35299,1705.8
1777948200,2026-05-05 02:30:00+00:00,1.35299,1.35316,1.35261,1.35265,1753.38
1777950000,2026-05-05 03:00:00+00:00,1.35263,1.35278,1.35223,1.35232,1707.55
1777951800,2026-05-05 03:30:00+00:00,1.35232,1.35278,1.35223,1.35225,1743.44
1777953600,2026-05-05 04:00:00+00:00,1.35217,1.35272,1.35167,1.35171,1688.77
1777955400,2026-05-05 04:30:00+00:00,1.35171,1.35186,1.35155,1.35155,1664.35
1777957200,2026-05-05 05:00:00+00:00,1.35146,1.35215,1.35146,1.35199,1754.67
1777959000,2026-05-05 05:30:00+00:00,1.35199,1.35248,1.35173,1.35194,1718.37
1777960800,2026-05-05 06:00:00+00:00,1.35197,1.35358,1.35175,1.35312,1716.7
1777962600,2026-05-05 06:30:00+00:00,1.35312,1.3534,1.3517,1.35333,1749.63
1777964400,2026-05-05 07:00:00+00:00,1.35327,1.35455,1.35327,1.3544,1694.3600000000001
1777966200,2026-05-05 07:30:00+00:00,1.3544,1.35455,1.3539,1.35393,1700.39
1777968000,2026-05-05 08:00:00+00:00,1.35391,1.35409,1.35391,1.35398,1743.35
1777969800,2026-05-05 08:30:00+00:00,1.35398,1.35511,1.35395,1.35439,1683.93
1777971600,2026-05-05 09:00:00+00:00,1.35373,1.35468,1.35348,1.35369,1714.76
1777973400,2026-05-05 09:30:00+00:00,1.35369,1.35442,1.35347,1.35437,1720.36
1777975200,2026-05-05 10:00:00+00:00,1.35424,1.35503,1.35399,1.3548,1730.58
1777977000,2026-05-05 10:30:00+00:00,1.3548,1.35491,1.35423,1.35455,1763.36
1777978800,2026-05-05 11:00:00+00:00,1.35465,1.35465,1.35345,1.35345,1742.4
1777980600,2026-05-05 11:30:00+00:00,1.35345,1.35412,1.35329,1.35406,1699.52
1777982400,2026-05-05 12:00:00+00:00,1.35404,1.35418,1.35331,1.35364,1761.75
1777984200,2026-05-05 12:30:00+00:00,1.35364,1.35498,1.35342,1.35432,1739.73
1777986000,2026-05-05 13:00:00+00:00,1.35446,1.35586,1.35446,1.35511,1741.65
1777987800,2026-05-05 13:30:00+00:00,1.35511,1.3555,1.35472,1.35536,1831.52
1777989600,2026-05-05 14:00:00+00:00,1.35549,1.35652,1.35514,1.35616,1723.04
1777991400,2026-05-05 14:30:00+00:00,1.35616,1.35661,1.35582,1.35645,1701.64
1777993200,2026-05-05 15:00:00+00:00,1.35654,1.35757,1.3563,1.35742,1728.37
1777995000,2026-05-05 15:30:00+00:00,1.35742,1.35777,1.35687,1.35759,1717.18
1777996800,2026-05-05 16:00:00+00:00,1.35757,1.35757,1.35574,1.35574,1689.81
1777998600,2026-05-05 16:30:00+00:00,1.35574,1.35602,1.35558,1.35558,1684.0
1778000400,2026-05-05 17:00:00+00:00,1.35562,1.35597,1.355,1.35582,1754.68
1778002200,2026-05-05 17:30:00+00:00,1.35582,1.35583,1.35481,1.35511,1717.23
1778004000,2026-05-05 18:00:00+00:00,1.35505,1.35525,1.35476,1.355,1740.25
1778005800,2026-05-05 18:30:00+00:00,1.355,1.355,1.35476,1.3549,1697.69
1778007600,2026-05-05 19:00:00+00:00,1.35511,1.35511,1.35417,1.35496,1732.89
1778009400,2026-05-05 19:30:00+00:00,1.35496,1.35511,1.35433,1.35435,1801.16
1778011200,2026-05-05 20:00:00+00:00,1.35432,1.3545,1.35381,1.35386,1728.41
1778013000,2026-05-05 20:30:00+00:00,1.35386,1.35405,1.35378,1.35393,1735.11
1778014800,2026-05-05 21:00:00+00:00,1.35393,1.35409,1.35393,1.35395,1698.58
1778016600,2026-05-05 21:30:00+00:00,1.35395,1.3558,1.35393,1.35424,1738.75
1778018400,2026-05-05 22:00:00+00:00,1.35433,1.35608,1.35393,1.35608,1727.41
1778020200,2026-05-05 22:30:00+00:00,1.35608,1.35608,1.35476,1.3556,1740.33
1778022000,2026-05-05 23:00:00+00:00,1.35573,1.35794,1.35573,1.35789,1736.73
1778023800,2026-05-05 23:30:00+00:00,1.35789,1.35794,1.35675,1.35682,1721.42
1778025600,2026-05-06 00:00:00+00:00,1.3567,1.35699,1.35663,1.35686,1761.65
1778027400,2026-05-06 00:30:00+00:00,1.35686,1.35779,1.35667,1.35746,1770.92
1778029200,2026-05-06 01:00:00+00:00,1.35766,1.35805,1.35742,1.35744,1708.08
1778031000,2026-05-06 01:30:00+00:00,1.35744,1.35762,1.35733,1.35744,1700.57
1778032800,2026-05-06 02:00:00+00:00,1.35752,1.35783,1.35725,1.35733,1708.12
1778034600,2026-05-06 02:30:00+00:00,1.35733,1.3577,1.35672,1.35691,1786.64
1778036400,2026-05-06 03:00:00+00:00,1.35687,1.35722,1.35669,1.35698,1683.01
1778038200,2026-05-06 03:30:00+00:00,1.35698,1.35719,1.35647,1.35647,1712.88
1778040000,2026-05-06 04:00:00+00:00,1.3565,1.35887,1.35643,1.35757,1728.3
1778041800,2026-05-06 04:30:00+00:00,1.35757,1.35949,1.35643,1.35927,1732.74
1778043600,2026-05-06 05:00:00+00:00,1.35914,1.35914,1.35834,1.35842,1744.02
1778045400,2026-05-06 05:30:00+00:00,1.35842,1.35865,1.35834,1.35857,1773.57
1778047200,2026-05-06 06:00:00+00:00,1.35875,1.35901,1.35843,1.35843,1732.7
1778049000,2026-05-06 06:30:00+00:00,1.35843,1.35899,1.3582,1.35888,1765.49
1778050800,2026-05-06 07:00:00+00:00,1.35906,1.35969,1.35871,1.35875,1667.47
1778052600,2026-05-06 07:30:00+00:00,1.35875,1.35969,1.35847,1.35969,1707.54
1778054400,2026-05-06 08:00:00+00:00,1.36016,1.36042,1.35929,1.36037,1773.67
1778056200,2026-05-06 08:30:00+00:00,1.36037,1.36342,1.3603,1.36268,1678.1399999999999
1778058000,2026-05-06 09:00:00+00:00,1.36275,1.36277,1.3616,1.36204,1763.7
1778059800,2026-05-06 09:30:00+00:00,1.36204,1.36292,1.36203,1.36249,1734.89
1778061600,2026-05-06 10:00:00+00:00,1.36275,1.36407,1.36147,1.36391,1720.02
1778063400,2026-05-06 10:30:00+00:00,1.36391,1.36429,1.36322,1.36372,1660.3
1778065200,2026-05-06 11:00:00+00:00,1.36377,1.3638,1.36212,1.36357,1743.9
1778067000,2026-05-06 11:30:00+00:00,1.36357,1.3642,1.36212,1.36221,1745.76
1778068800,2026-05-06 12:00:00+00:00,1.36234,1.36234,1.36124,1.36158,1720.85
1778070600,2026-05-06 12:30:00+00:00,1.36158,1.3622,1.36082,1.36119,1720.31
1778072400,2026-05-06 13:00:00+00:00,1.36112,1.36154,1.36053,1.3607,1767.5
1778074200,2026-05-06 13:30:00+00:00,1.3607,1.36093,1.3603,1.36088,1761.41
1778076000,2026-05-06 14:00:00+00:00,1.3608,1.36152,1.3601,1.36105,1806.59
1778077800,2026-05-06 14:30:00+00:00,1.36105,1.3619,1.36038,1.36054,1795.31
1778079600,2026-05-06 15:00:00+00:00,1.36045,1.36045,1.35951,1.35989,1721.03
1778081400,2026-05-06 15:30:00+00:00,1.35989,1.36011,1.35951,1.35971,1760.01
1778083200,2026-05-06 16:00:00+00:00,1.35955,1.35958,1.35884,1.35903,1698.91
1778085000,2026-05-06 16:30:00+00:00,1.35903,1.35921,1.35833,1.35836,1728.6
1778086800,2026-05-06 17:00:00+00:00,1.35834,1.35852,1.35825,1.35848,1762.47
1778088600,2026-05-06 17:30:00+00:00,1.35848,1.35997,1.35835,1.35923,1699.91
1778090400,2026-05-06 18:00:00+00:00,1.35938,1.35969,1.35938,1.35951,1759.02
1778092200,2026-05-06 18:30:00+00:00,1.35951,1.35969,1.35906,1.35951,1772.76
1778094000,2026-05-06 19:00:00+00:00,1.35956,1.35983,1.35927,1.35972,1715.62
1778095800,2026-05-06 19:30:00+00:00,1.35972,1.35997,1.35942,1.35945,1723.3600000000001
1778097600,2026-05-06 20:00:00+00:00,1.35927,1.35938,1.35905,1.35937,1734.0
1778099400,2026-05-06 20:30:00+00:00,1.35937,1.35958,1.35924,1.3594,1778.5
1778101200,2026-05-06 21:00:00+00:00,1.35934,1.36006,1.35923,1.35925,1701.87
1778103000,2026-05-06 21:30:00+00:00,1.35925,1.35933,1.35923,1.35925,1688.92
1778104800,2026-05-06 22:00:00+00:00,1.3594,1.35953,1.35929,1.35947,1751.26
1778106600,2026-05-06 22:30:00+00:00,1.35947,1.35955,1.3593,1.35949,1753.93
1778108400,2026-05-06 23:00:00+00:00,1.35969,1.35969,1.35916,1.35924,1753.92
1778110200,2026-05-06 23:30:00+00:00,1.35924,1.35931,1.35916,1.35919,1722.51
1778112000,2026-05-07 00:00:00+00:00,1.35932,1.35944,1.35914,1.35925,1680.59
1778113800,2026-05-07 00:30:00+00:00,1.35925,1.35995,1.35912,1.35927,1697.03
1778115600,2026-05-07 01:00:00+00:00,1.35918,1.36003,1.35912,1.35985,1747.24
1778117400,2026-05-07 01:30:00+00:00,1.35985,1.3608,1.35946,1.36056,1708.55
1778119200,2026-05-07 02:00:00+00:00,1.36062,1.36078,1.36021,1.36076,1709.04
1778121000,2026-05-07 02:30:00+00:00,1.36076,1.36076,1.36043,1.36043,1792.07
1778122800,2026-05-07 03:00:00+00:00,1.36034,1.36034,1.3596,1.35962,1724.6299999999999
1778124600,2026-05-07 03:30:00+00:00,1.35962,1.35991,1.3594,1.3594,1708.05
1778126400,2026-05-07 04:00:00+00:00,1.35923,1.35942,1.35923,1.35941,1736.65
1778128200,2026-05-07 04:30:00+00:00,1.35941,1.36016,1.35925,1.35986,1677.77
1778130000,2026-05-07 05:00:00+00:00,1.35979,1.35995,1.35949,1.35949,1732.96
1778131800,2026-05-07 05:30:00+00:00,1.35949,1.36004,1.35949,1.35958,1746.03
1778133600,2026-05-07 06:00:00+00:00,1.35958,1.3601,1.35925,1.36004,1718.54
1778135400,2026-05-07 06:30:00+00:00,1.36004,1.36073,1.3598,1.36019,1720.03
1778137200,2026-05-07 07:00:00+00:00,1.36019,1.36164,1.36019,1.36162,1795.4
1778139000,2026-05-07 07:30:00+00:00,1.36162,1.36247,1.3614,1.36206,1812.54
1778140800,2026-05-07 08:00:00+00:00,1.36219,1.36221,1.36166,1.36202,1725.45
1778142600,2026-05-07 08:30:00+00:00,1.36202,1.36238,1.36188,1.36216,1761.91
1778144400,2026-05-07 09:00:00+00:00,1.36218,1.36224,1.36182,1.36222,1706.77
1778146200,2026-05-07 09:30:00+00:00,1.36222,1.36242,1.36182,1.36186,1732.51
1778148000,2026-05-07 10:00:00+00:00,1.36186,1.36231,1.3618,1.36209,1727.7
1778149800,2026-05-07 10:30:00+00:00,1.36209,1.36299,1.36203,1.36227,1779.41
1778151600,2026-05-07 11:00:00+00:00,1.36212,1.36239,1.36106,1.36234,1745.52
1778153400,2026-05-07 11:30:00+00:00,1.36234,1.36249,1.36173,1.36179,1745.84
1778155200,2026-05-07 12:00:00+00:00,1.36192,1.36275,1.36182,1.36262,1731.67
1778157000,2026-05-07 12:30:00+00:00,1.36262,1.36288,1.36207,1.36245,1765.69
1778158800,2026-05-07 13:00:00+00:00,1.36219,1.36257,1.36162,1.3622,1804.15
1778160600,2026-05-07 13:30:00+00:00,1.3622,1.36294,1.36176,1.36193,1715.19
1778162400,2026-05-07 14:00:00+00:00,1.36221,1.36308,1.3616,1.36276,1727.75
1778164200,2026-05-07 14:30:00+00:00,1.36276,1.36308,1.36192,1.36308,1735.18
1778166000,2026-05-07 15:00:00+00:00,1.36307,1.36318,1.36086,1.36107,1765.99
1778167800,2026-05-07 15:30:00+00:00,1.36107,1.36171,1.36086,1.36086,1768.32
1778169600,2026-05-07 16:00:00+00:00,1.36075,1.3609,1.36024,1.36027,1708.46
1778171400,2026-05-07 16:30:00+00:00,1.36027,1.36033,1.35921,1.35945,1755.2
1778173200,2026-05-07 17:00:00+00:00,1.35932,1.35953,1.35754,1.35923,1742.46
1778175000,2026-05-07 17:30:00+00:00,1.35923,1.35931,1.35702,1.35829,1678.64
1778176800,2026-05-07 18:00:00+00:00,1.35831,1.35849,1.35783,1.35788,1714.07
1778178600,2026-05-07 18:30:00+00:00,1.35788,1.35813,1.35713,1.35787,1787.73
1778180400,2026-05-07 19:00:00+00:00,1.35814,1.35844,1.35647,1.35662,1752.46
1778182200,2026-05-07 19:30:00+00:00,1.35662,1.3575,1.35647,1.35647,1725.69
1778184000,2026-05-07 20:00:00+00:00,1.35617,1.35748,1.35548,1.35559,1781.92
1778185800,2026-05-07 20:30:00+00:00,1.35559,1.35748,1.35503,1.35514,1717.41
1778187600,2026-05-07 21:00:00+00:00,1.35509,1.35517,1.35509,1.35512,1720.38
1778189400,2026-05-07 21:30:00+00:00,1.35512,1.35577,1.35509,1.35531,1761.77
1778191200,2026-05-07 22:00:00+00:00,1.35511,1.35522,1.35487,1.35512,1757.13
1778193000,2026-05-07 22:30:00+00:00,1.35512,1.35538,1.35479,1.35485,1790.26
1778194800,2026-05-07 23:00:00+00:00,1.35477,1.35547,1.3547,1.35542,1779.6100000000001
1778196600,2026-05-07 23:30:00+00:00,1.35542,1.35567,1.35533,1.35566,1745.35
1778198400,2026-05-08 00:00:00+00:00,1.35573,1.3561,1.35555,1.35597,1693.81
1778200200,2026-05-08 00:30:00+00:00,1.35597,1.356,1.35496,1.35518,1794.67
1778202000,2026-05-08 01:00:00+00:00,1.35549,1.35594,1.35514,1.35583,1701.13
1778203800,2026-05-08 01:30:00+00:00,1.35583,1.35599,1.3552,1.35593,1794.14
1778205600,2026-05-08 02:00:00+00:00,1.35586,1.35612,1.35556,1.3559,1746.56
1778207400,2026-05-08 02:30:00+00:00,1.3559,1.35592,1.35523,1.35579,1702.22
1778209200,2026-05-08 03:00:00+00:00,1.35566,1.35604,1.35553,1.35559,1740.94
1778211000,2026-05-08 03:30:00+00:00,1.35559,1.35562,1.35536,1.35553,1815.07
1778212800,2026-05-08 04:00:00+00:00,1.35566,1.35654,1.35511,1.35639,1707.86
1778214600,2026-05-08 04:30:00+00:00,1.35639,1.35693,1.35554,1.35658,1713.87
1778216400,2026-05-08 05:00:00+00:00,1.35667,1.35737,1.35667,1.35729,1747.71
1778218200,2026-05-08 05:30:00+00:00,1.35729,1.35755,1.35721,1.35753,1670.45
1778220000,2026-05-08 06:00:00+00:00,1.35755,1.35862,1.35744,1.35842,1675.3
1778221800,2026-05-08 06:30:00+00:00,1.35842,1.35903,1.35806,1.35857,1729.31
1778223600,2026-05-08 07:00:00+00:00,1.3586,1.35886,1.35808,1.35858,1775.15
1778225400,2026-05-08 07:30:00+00:00,1.35858,1.35861,1.35785,1.35836,1754.61
1778227200,2026-05-08 08:00:00+00:00,1.35805,1.36081,1.35805,1.36065,1723.28
1778229000,2026-05-08 08:30:00+00:00,1.36065,1.36136,1.35959,1.36129,1755.44
1778230800,2026-05-08 09:00:00+00:00,1.36138,1.36227,1.36134,1.36147,1717.21
1778232600,2026-05-08 09:30:00+00:00,1.36147,1.36167,1.36134,1.3616,1707.91
1778234400,2026-05-08 10:00:00+00:00,1.36192,1.36192,1.36046,1.3606,1758.68
1778236200,2026-05-08 10:30:00+00:00,1.3606,1.36066,1.36032,1.36032,1734.8
1778238000,2026-05-08 11:00:00+00:00,1.36041,1.36132,1.36017,1.36132,1770.67
1778239800,2026-05-08 11:30:00+00:00,1.36132,1.36132,1.361,1.36125,1736.6200000000001
1778241600,2026-05-08 12:00:00+00:00,1.36114,1.36236,1.36109,1.36193,1766.35
1778243400,2026-05-08 12:30:00+00:00,1.36193,1.36201,1.3608,1.36149,1719.37
1778245200,2026-05-08 13:00:00+00:00,1.36141,1.36236,1.36077,1.3622,1781.29
1778247000,2026-05-08 13:30:00+00:00,1.3622,1.36288,1.36187,1.36243,1751.95
1778248800,2026-05-08 14:00:00+00:00,1.36247,1.36266,1.36157,1.36206,1769.75
1778250600,2026-05-08 14:30:00+00:00,1.36206,1.36266,1.36112,1.36256,1709.22
1778252400,2026-05-08 15:00:00+00:00,1.36247,1.36273,1.3618,1.36241,1707.56
1778254200,2026-05-08 15:30:00+00:00,1.36241,1.36292,1.36194,1.36253,1771.3
1778256000,2026-05-08 16:00:00+00:00,1.36245,1.36305,1.36213,1.36255,1783.05
1778257800,2026-05-08 16:30:00+00:00,1.36255,1.36263,1.36167,1.36192,1705.25
1778259600,2026-05-08 17:00:00+00:00,1.3618,1.36226,1.36167,1.36218,1758.96
1778261400,2026-05-08 17:30:00+00:00,1.36218,1.36234,1.36204,1.36214,1738.87
1778263200,2026-05-08 18:00:00+00:00,1.3619,1.36212,1.3619,1.36206,1674.17
1778265000,2026-05-08 18:30:00+00:00,1.36206,1.36312,1.3619,1.36227,1717.67
1778266800,2026-05-08 19:00:00+00:00,1.36229,1.36239,1.36229,1.36234,1729.63
1778268600,2026-05-08 19:30:00+00:00,1.36234,1.3629,1.36234,1.36286,1793.07
1778270400,2026-05-08 20:00:00+00:00,1.3629,1.36334,1.36288,1.36306,1714.84
1778272200,2026-05-08 20:30:00+00:00,1.36306,1.36364,1.36304,1.36338,1699.26
1778274000,2026-05-08 21:00:00+00:00,1.36323,1.36323,1.36323,1.36323,1759.72
1778275800,2026-05-08 21:30:00+00:00,1.36323,1.36323,1.36323,1.36323,1806.21
1778454000,2026-05-10 23:00:00+00:00,1.35903,1.35963,1.35903,1.3594,1683.45
1778455800,2026-05-10 23:30:00+00:00,1.3594,1.35973,1.3591,1.35936,1730.84
1778457600,2026-05-11 00:00:00+00:00,1.35953,1.36016,1.35934,1.35998,1738.36
1778459400,2026-05-11 00:30:00+00:00,1.35998,1.36012,1.35965,1.35992,1713.3600000000001
1778461200,2026-05-11 01:00:00+00:00,1.36004,1.36004,1.35954,1.35981,1740.87
1778463000,2026-05-11 01:30:00+00:00,1.35981,1.35995,1.35914,1.35934,1696.65
1778464800,2026-05-11 02:00:00+00:00,1.35958,1.35986,1.35929,1.35931,1777.94
1778466600,2026-05-11 02:30:00+00:00,1.35931,1.35936,1.35927,1.35927,1765.68
1778468400,2026-05-11 03:00:00+00:00,1.35906,1.35936,1.35901,1.35904,1706.97
1778470200,2026-05-11 03:30:00+00:00,1.35904,1.35938,1.35901,1.35903,1739.96
1778472000,2026-05-11 04:00:00+00:00,1.35903,1.35906,1.35842,1.35845,1746.34
1778473800,2026-05-11 04:30:00+00:00,1.35845,1.35849,1.35801,1.3582,1755.66
1778475600,2026-05-11 05:00:00+00:00,1.35831,1.3589,1.3582,1.35828,1769.73
1778477400,2026-05-11 05:30:00+00:00,1.35828,1.35849,1.35816,1.35846,1769.92
1778479200,2026-05-11 06:00:00+00:00,1.35857,1.35986,1.35811,1.35977,1719.83
1778481000,2026-05-11 06:30:00+00:00,1.35977,1.35986,1.35833,1.35986,1762.82
1778482800,2026-05-11 07:00:00+00:00,1.36023,1.3603,1.35975,1.35979,1753.08
1778484600,2026-05-11 07:30:00+00:00,1.35979,1.36003,1.35977,1.35992,1696.2
1778486400,2026-05-11 08:00:00+00:00,1.35995,1.36089,1.35995,1.36016,1754.04
1778488200,2026-05-11 08:30:00+00:00,1.36016,1.36147,1.35995,1.36088,1790.06
1778490000,2026-05-11 09:00:00+00:00,1.36082,1.36127,1.36023,1.36032,1705.83
1778491800,2026-05-11 09:30:00+00:00,1.36032,1.36066,1.36008,1.36008,1736.43
1778493600,2026-05-11 10:00:00+00:00,1.35979,1.36041,1.35895,1.35896,1763.99
1778495400,2026-05-11 10:30:00+00:00,1.35896,1.35902,1.35881,1.35881,1720.8799999999999
1778497200,2026-05-11 11:00:00+00:00,1.35895,1.3613,1.35895,1.3597,1691.93
1778499000,2026-05-11 11:30:00+00:00,1.3597,1.36151,1.35966,1.36067,1763.5900000000001
1778500800,2026-05-11 12:00:00+00:00,1.36071,1.36164,1.3601,1.3607,1743.46
1778502600,2026-05-11 12:30:00+00:00,1.3607,1.36119,1.3601,1.36093,1703.99
1778504400,2026-05-11 13:00:00+00:00,1.36119,1.36282,1.36119,1.36172,1716.53
1778506200,2026-05-11 13:30:00+00:00,1.36172,1.36292,1.36128,1.36245,1757.66
1778508000,2026-05-11 14:00:00+00:00,1.36262,1.36336,1.36179,1.36333,1725.1
1778509800,2026-05-11 14:30:00+00:00,1.36333,1.36383,1.36325,1.36383,1723.13
1778511600,2026-05-11 15:00:00+00:00,1.36396,1.36496,1.3639,1.36434,1731.58
1778513400,2026-05-11 15:30:00+00:00,1.36434,1.36526,1.36429,1.36509,1713.16
1778515200,2026-05-11 16:00:00+00:00,1.36498,1.36498,1.36424,1.36497,1739.78
1778517000,2026-05-11 16:30:00+00:00,1.36497,1.36498,1.36388,1.36422,1748.62
1778518800,2026-05-11 17:00:00+00:00,1.36413,1.36452,1.36383,1.36425,1756.33
1778520600,2026-05-11 17:30:00+00:00,1.36425,1.36432,1.36392,1.36431,1678.22
1778522400,2026-05-11 18:00:00+00:00,1.36439,1.36439,1.36305,1.36324,1705.72
1778524200,2026-05-11 18:30:00+00:00,1.36324,1.36335,1.36279,1.36303,1745.37
1778526000,2026-05-11 19:00:00+00:00,1.36295,1.36304,1.36249,1.36289,1732.8700000000001
1778527800,2026-05-11 19:30:00+00:00,1.36289,1.36305,1.36179,1.36179,1675.49
1778529600,2026-05-11 20:00:00+00:00,1.36188,1.36197,1.36146,1.36148,1738.83
1778531400,2026-05-11 20:30:00+00:00,1.36148,1.36155,1.36093,1.36108,1706.75
1778533200,2026-05-11 21:00:00+00:00,1.3618,1.3618,1.36056,1.3607,1676.3
1778535000,2026-05-11 21:30:00+00:00,1.3607,1.36094,1.36057,1.36071,1737.77
1778536800,2026-05-11 22:00:00+00:00,1.36067,1.36101,1.36067,1.36099,1737.6200000000001
1778538600,2026-05-11 22:30:00+00:00,1.36099,1.36101,1.36074,1.36078,1773.15
1778540400,2026-05-11 23:00:00+00:00,1.36077,1.36091,1.36038,1.36061,1718.99
1778542200,2026-05-11 23:30:00+00:00,1.36061,1.3611,1.36043,1.36047,1705.83
1778544000,2026-05-12 00:00:00+00:00,1.3601,1.36049,1.3594,1.35989,1780.94
1778545800,2026-05-12 00:30:00+00:00,1.35989,1.35998,1.3594,1.3594,1741.53
1778547600,2026-05-12 01:00:00+00:00,1.35938,1.35948,1.35814,1.3583,1778.66
1778549400,2026-05-12 01:30:00+00:00,1.3583,1.35958,1.35827,1.35873,1749.1299999999999
1778551200,2026-05-12 02:00:00+00:00,1.35877,1.35921,1.35862,1.35921,1699.47
1778553000,2026-05-12 02:30:00+00:00,1.35921,1.35931,1.35911,1.35914,1728.15
1778554800,2026-05-12 03:00:00+00:00,1.35923,1.35923,1.35833,1.35833,1720.97
1778556600,2026-05-12 03:30:00+00:00,1.35833,1.35847,1.35827,1.35833,1714.16
1778558400,2026-05-12 04:00:00+00:00,1.35842,1.35854,1.35815,1.35818,1713.8899999999999
1778560200,2026-05-12 04:30:00+00:00,1.35818,1.35868,1.35811,1.35855,1671.91
1778562000,2026-05-12 05:00:00+00:00,1.35842,1.35858,1.35824,1.35843,1736.22
1778563800,2026-05-12 05:30:00+00:00,1.35843,1.35844,1.35694,1.35735,1780.04
1778565600,2026-05-12 06:00:00+00:00,1.35777,1.35787,1.35604,1.35642,1741.26
1778567400,2026-05-12 06:30:00+00:00,1.35642,1.35674,1.35465,1.35485,1834.2
1778569200,2026-05-12 07:00:00+00:00,1.35461,1.35496,1.3515,1.35233,1716.25
1778571000,2026-05-12 07:30:00+00:00,1.35233,1.35388,1.3515,1.35172,1719.03
1778572800,2026-05-12 08:00:00+00:00,1.35181,1.35318,1.35035,1.3526,1722.78
1778574600,2026-05-12 08:30:00+00:00,1.3526,1.35318,1.35094,1.35313,1715.5
1778576400,2026-05-12 09:00:00+00:00,1.35314,1.35416,1.35279,1.35344,1705.85
1778578200,2026-05-12 09:30:00+00:00,1.35344,1.35463,1.35254,1.35397,1829.85
1778580000,2026-05-12 10:00:00+00:00,1.35389,1.35501,1.35338,1.35362,1797.07
1778581800,2026-05-12 10:30:00+00:00,1.35362,1.35518,1.35338,1.35338,1686.15
1778583600,2026-05-12 11:00:00+00:00,1.35336,1.35446,1.35336,1.35387,1718.25
1778585400,2026-05-12 11:30:00+00:00,1.35387,1.35419,1.35236,1.35347,1761.93
1778587200,2026-05-12 12:00:00+00:00,1.3532,1.35387,1.35159,1.35376,1748.86
1778589000,2026-05-12 12:30:00+00:00,1.35376,1.35439,1.35341,1.35388,1812.24
1778590800,2026-05-12 13:00:00+00:00,1.35386,1.35395,1.35264,1.35268,1705.1
1778592600,2026-05-12 13:30:00+00:00,1.35268,1.35323,1.35088,1.35113,1786.28
1778594400,2026-05-12 14:00:00+00:00,1.35124,1.35304,1.35124,1.35272,1774.1399999999999
1778596200,2026-05-12 14:30:00+00:00,1.35272,1.35362,1.35183,1.35248,1704.93
1778598000,2026-05-12 15:00:00+00:00,1.35254,1.35283,1.35037,1.35278,1770.6
1778599800,2026-05-12 15:30:00+00:00,1.35278,1.35283,1.35066,1.35283,1736.87
1778601600,2026-05-12 16:00:00+00:00,1.35252,1.35307,1.35174,1.35198,1723.81
1778603400,2026-05-12 16:30:00+00:00,1.35198,1.35258,1.35168,1.35183,1774.73
1778605200,2026-05-12 17:00:00+00:00,1.35186,1.35248,1.35183,1.35196,1736.4
1778607000,2026-05-12 17:30:00+00:00,1.35196,1.3528,1.35183,1.35225,1757.07
1778608800,2026-05-12 18:00:00+00:00,1.35237,1.35331,1.35188,1.35262,1784.57
1778610600,2026-05-12 18:30:00+00:00,1.35262,1.35331,1.3521,1.35323,1727.39
1778612400,2026-05-12 19:00:00+00:00,1.35338,1.35392,1.35338,1.35391,1710.73
1778614200,2026-05-12 19:30:00+00:00,1.35391,1.35443,1.35387,1.354,1771.76
1778616000,2026-05-12 20:00:00+00:00,1.35367,1.3541,1.35367,1.35409,1775.89
1778617800,2026-05-12 20:30:00+00:00,1.35409,1.3541,1.35404,1.3541,1782.29
1778619600,2026-05-12 21:00:00+00:00,1.35402,1.35408,1.3536,1.35402,1719.81
1778621400,2026-05-12 21:30:00+00:00,1.35402,1.35403,1.35347,1.35391,1727.35
1778623200,2026-05-12 22:00:00+00:00,1.35389,1.35424,1.35388,1.35408,1692.13
1778625000,2026-05-12 22:30:00+00:00,1.35408,1.35417,1.35384,1.35406,1725.85
1778626800,2026-05-12 23:00:00+00:00,1.35406,1.35428,1.35403,1.35421,1723.66
1778628600,2026-05-12 23:30:00+00:00,1.35421,1.35423,1.35356,1.35356,1680.32
1778630400,2026-05-13 00:00:00+00:00,1.35356,1.35393,1.35313,1.35393,1742.44
1778632200,2026-05-13 00:30:00+00:00,1.35393,1.35393,1.35317,1.35373,1682.79
1778634000,2026-05-13 01:00:00+00:00,1.35371,1.35377,1.35307,1.35326,1805.85
1778635800,2026-05-13 01:30:00+00:00,1.35326,1.35459,1.35292,1.35406,1693.06
1778637600,2026-05-13 02:00:00+00:00,1.35417,1.35443,1.35411,1.35431,1719.24
1778639400,2026-05-13 02:30:00+00:00,1.35431,1.35459,1.35378,1.354,1719.81
1778641200,2026-05-13 03:00:00+00:00,1.35388,1.35404,1.35325,1.35325,1747.85
1778643000,2026-05-13 03:30:00+00:00,1.35325,1.35404,1.35325,1.35382,1724.1
1778644800,2026-05-13 04:00:00+00:00,1.35384,1.35386,1.35352,1.35366,1686.28
1778646600,2026-05-13 04:30:00+00:00,1.35366,1.35388,1.35327,1.35345,1744.78
1778648400,2026-05-13 05:00:00+00:00,1.35347,1.35501,1.35347,1.35456,1768.68
1778650200,2026-05-13 05:30:00+00:00,1.35456,1.35493,1.35347,1.3549,1766.79
1778652000,2026-05-13 06:00:00+00:00,1.35485,1.35505,1.35352,1.35402,1761.97
1778653800,2026-05-13 06:30:00+00:00,1.35402,1.35428,1.35259,1.35285,1700.04
1778655600,2026-05-13 07:00:00+00:00,1.35296,1.35375,1.3528,1.35352,1728.24
1778657400,2026-05-13 07:30:00+00:00,1.35352,1.3536,1.35208,1.35208,1740.99
1778659200,2026-05-13 08:00:00+00:00,1.35208,1.35282,1.35208,1.3522,1742.51
1778661000,2026-05-13 08:30:00+00:00,1.3522,1.35334,1.35219,1.35256,1718.56
1778662800,2026-05-13 09:00:00+00:00,1.35236,1.35241,1.35139,1.35172,1759.35
1778664600,2026-05-13 09:30:00+00:00,1.35172,1.35239,1.35079,1.35181,1713.84
1778666400,2026-05-13 10:00:00+00:00,1.3519,1.35205,1.35018,1.35174,1760.94
1778668200,2026-05-13 10:30:00+00:00,1.35174,1.35219,1.35064,1.35069,1704.2
1778670000,2026-05-13 11:00:00+00:00,1.35073,1.35099,1.35056,1.35087,1770.58
1778671800,2026-05-13 11:30:00+00:00,1.35087,1.35088,1.35006,1.35035,1743.76
1778673600,2026-05-13 12:00:00+00:00,1.35057,1.35108,1.35032,1.35037,1803.91
1778675400,2026-05-13 12:30:00+00:00,1.35037,1.35075,1.34869,1.34893,1695.38
1778677200,2026-05-13 13:00:00+00:00,1.34925,1.35157,1.34925,1.35156,1761.6
1778679000,2026-05-13 13:30:00+00:00,1.35156,1.35175,1.35032,1.35175,1680.94
1778680800,2026-05-13 14:00:00+00:00,1.35148,1.35205,1.35138,1.35196,1722.8600000000001
1778682600,2026-05-13 14:30:00+00:00,1.35196,1.35205,1.35055,1.35131,1708.76
1778684400,2026-05-13 15:00:00+00:00,1.35159,1.35291,1.35137,1.35268,1709.71
1778686200,2026-05-13 15:30:00+00:00,1.35268,1.35273,1.35153,1.35194,1750.59
1778688000,2026-05-13 16:00:00+00:00,1.35197,1.35267,1.35152,1.3522,1748.6
1778689800,2026-05-13 16:30:00+00:00,1.3522,1.35234,1.35133,1.35152,1698.63
1778691600,2026-05-13 17:00:00+00:00,1.35161,1.35199,1.35139,1.35166,1782.17
1778693400,2026-05-13 17:30:00+00:00,1.35166,1.35174,1.35117,1.3513,1709.81
1778695200,2026-05-13 18:00:00+00:00,1.35135,1.35169,1.35126,1.35134,1821.57
1778697000,2026-05-13 18:30:00+00:00,1.35134,1.35205,1.35132,1.3519,1756.87
1778698800,2026-05-13 19:00:00+00:00,1.35201,1.35233,1.35184,1.35218,1822.6
1778700600,2026-05-13 19:30:00+00:00,1.35218,1.35239,1.35216,1.35232,1708.34
1778702400,2026-05-13 20:00:00+00:00,1.35232,1.35269,1.3521,1.35215,1733.24
1778704200,2026-05-13 20:30:00+00:00,1.35215,1.35253,1.3521,1.3525,1722.7
1778706000,2026-05-13 21:00:00+00:00,1.35188,1.35228,1.35188,1.35226,1714.43
1778707800,2026-05-13 21:30:00+00:00,1.35226,1.35263,1.3522,1.35228,1753.45
1778709600,2026-05-13 22:00:00+00:00,1.35239,1.35303,1.35239,1.35265,1758.98
1778711400,2026-05-13 22:30:00+00:00,1.35265,1.35325,1.35247,1.3528,1780.43
1778713200,2026-05-13 23:00:00+00:00,1.3527,1.3529,1.3527,1.35288,1765.55
1778715000,2026-05-13 23:30:00+00:00,1.35288,1.35298,1.35261,1.3527,1727.1
1778716800,2026-05-14 00:00:00+00:00,1.35258,1.35274,1.35254,1.35264,1788.43
1778718600,2026-05-14 00:30:00+00:00,1.35264,1.35325,1.35261,1.35305,1752.81
1778720400,2026-05-14 01:00:00+00:00,1.35296,1.35311,1.3523,1.35237,1761.09
1778722200,2026-05-14 01:30:00+00:00,1.35237,1.3525,1.35225,1.35225,1782.45
1778724000,2026-05-14 02:00:00+00:00,1.35227,1.35267,1.35225,1.35239,1731.76
1778725800,2026-05-14 02:30:00+00:00,1.35239,1.35241,1.35225,1.35239,1758.65
1778727600,2026-05-14 03:00:00+00:00,1.35243,1.35273,1.35234,1.35248,1739.39
1778729400,2026-05-14 03:30:00+00:00,1.35248,1.353,1.35247,1.35276,1775.98
1778731200,2026-05-14 04:00:00+00:00,1.35269,1.35276,1.35256,1.35265,1755.76
1778733000,2026-05-14 04:30:00+00:00,1.35265,1.35333,1.35257,1.35291,1692.45
1778734800,2026-05-14 05:00:00+00:00,1.35291,1.35291,1.35193,1.35194,1794.05
1778736600,2026-05-14 05:30:00+00:00,1.35194,1.352,1.35155,1.35177,1674.6
1778738400,2026-05-14 06:00:00+00:00,1.35194,1.35245,1.35181,1.352,1729.39
1778740200,2026-05-14 06:30:00+00:00,1.352,1.35316,1.35173,1.35287,1711.74
1778742000,2026-05-14 07:00:00+00:00,1.35267,1.35269,1.35204,1.35223,1752.79
1778743800,2026-05-14 07:30:00+00:00,1.35223,1.35227,1.35064,1.35064,1714.53
1778745600,2026-05-14 08:00:00+00:00,1.35049,1.3519,1.35049,1.35189,1754.43
1778747400,2026-05-14 08:30:00+00:00,1.35189,1.35205,1.35178,1.35205,1709.43
1778749200,2026-05-14 09:00:00+00:00,1.35205,1.35208,1.3513,1.3519,1745.61
1778751000,2026-05-14 09:30:00+00:00,1.3519,1.35206,1.35113,1.35166,1708.55
1778752800,2026-05-14 10:00:00+00:00,1.35097,1.35152,1.35097,1.35148,1794.48
1778754600,2026-05-14 10:30:00+00:00,1.35148,1.35194,1.35128,1.35135,1741.93
1778756400,2026-05-14 11:00:00+00:00,1.35122,1.35146,1.35077,1.35093,1717.45
1778758200,2026-05-14 11:30:00+00:00,1.35093,1.35177,1.35077,1.35077,1768.25
1778760000,2026-05-14 12:00:00+00:00,1.35055,1.35121,1.35051,1.35112,1764.98
1778761800,2026-05-14 12:30:00+00:00,1.35112,1.35175,1.35087,1.35091,1700.34
1778763600,2026-05-14 13:00:00+00:00,1.351,1.35108,1.34985,1.3499,1666.9
1778765400,2026-05-14 13:30:00+00:00,1.3499,1.3507,1.3492,1.35015,1765.65
1778767200,2026-05-14 14:00:00+00:00,1.34989,1.35121,1.34856,1.3503,1759.0
1778769000,2026-05-14 14:30:00+00:00,1.3503,1.35113,1.34856,1.34856,1742.69
1778770800,2026-05-14 15:00:00+00:00,1.34829,1.34873,1.34777,1.34789,1709.1299999999999
1778772600,2026-05-14 15:30:00+00:00,1.34789,1.34839,1.34749,1.348,1743.08
1778774400,2026-05-14 16:00:00+00:00,1.3478,1.34787,1.34447,1.34468,1766.03
1778776200,2026-05-14 16:30:00+00:00,1.34468,1.34579,1.34345,1.34419,1733.23
1778778000,2026-05-14 17:00:00+00:00,1.3445,1.34459,1.3425,1.34251,1715.8799999999999
1778779800,2026-05-14 17:30:00+00:00,1.34251,1.34339,1.34104,1.34104,1746.65
1778781600,2026-05-14 18:00:00+00:00,1.34102,1.34102,1.33967,1.34021,1688.44
1778783400,2026-05-14 18:30:00+00:00,1.34021,1.34078,1.33967,1.34059,1762.85
1778785200,2026-05-14 19:00:00+00:00,1.34068,1.34081,1.34023,1.34025,1768.33
1778787000,2026-05-14 19:30:00+00:00,1.34025,1.34029,1.33976,1.33991,1749.86
1778788800,2026-05-14 20:00:00+00:00,1.3402,1.34028,1.33961,1.33982,1707.29
1778790600,2026-05-14 20:30:00+00:00,1.33982,1.34022,1.33958,1.34014,1750.44
1778792400,2026-05-14 21:00:00+00:00,1.34106,1.34106,1.34033,1.34054,1717.44
1778794200,2026-05-14 21:30:00+00:00,1.34054,1.34059,1.33985,1.34028,1739.88
1778796000,2026-05-14 22:00:00+00:00,1.34037,1.34037,1.33976,1.34022,1721.78
1778797800,2026-05-14 22:30:00+00:00,1.34022,1.34035,1.33976,1.34,1753.85
1778799600,2026-05-14 23:00:00+00:00,1.33991,1.33991,1.33893,1.33961,1749.29
1778801400,2026-05-14 23:30:00+00:00,1.33961,1.33977,1.33854,1.3391,1757.8
1778803200,2026-05-15 00:00:00+00:00,1.3391,1.33919,1.3376,1.33833,1752.35
1778805000,2026-05-15 00:30:00+00:00,1.33833,1.33919,1.3376,1.33819,1743.53
1778806800,2026-05-15 01:00:00+00:00,1.33808,1.33819,1.33726,1.33756,1690.04
1778808600,2026-05-15 01:30:00+00:00,1.33756,1.338,1.33658,1.33677,1708.18
1778810400,2026-05-15 02:00:00+00:00,1.33659,1.33743,1.33627,1.3374,1757.13
1778812200,2026-05-15 02:30:00+00:00,1.3374,1.33806,1.33735,1.33758,1730.37
1778814000,2026-05-15 03:00:00+00:00,1.33758,1.33785,1.3374,1.33761,1697.09
1778815800,2026-05-15 03:30:00+00:00,1.33761,1.3377,1.33741,1.33761,1742.1
1778817600,2026-05-15 04:00:00+00:00,1.33761,1.33761,1.3364,1.33665,1728.68
1778819400,2026-05-15 04:30:00+00:00,1.33665,1.33676,1.33633,1.33633,1686.69
1778821200,2026-05-15 05:00:00+00:00,1.33629,1.33629,1.33488,1.3349,1757.29
1778823000,2026-05-15 05:30:00+00:00,1.3349,1.33515,1.33413,1.33431,1690.83
1778824800,2026-05-15 06:00:00+00:00,1.33426,1.3344,1.33358,1.33436,1780.73
1778826600,2026-05-15 06:30:00+00:00,1.33436,1.33586,1.33361,1.33502,1787.35
1778828400,2026-05-15 07:00:00+00:00,1.33477,1.33597,1.33477,1.33581,1711.71
1778830200,2026-05-15 07:30:00+00:00,1.33581,1.33754,1.33477,1.33643,1710.85
1778832000,2026-05-15 08:00:00+00:00,1.33659,1.33659,1.33433,1.33486,1798.08
1778833800,2026-05-15 08:30:00+00:00,1.33486,1.33606,1.33456,1.33458,1736.58
1778835600,2026-05-15 09:00:00+00:00,1.33449,1.33491,1.33326,1.33382,1785.1499999999999
1778837400,2026-05-15 09:30:00+00:00,1.33382,1.33518,1.33296,1.33474,1748.48
1778839200,2026-05-15 10:00:00+00:00,1.33486,1.33869,1.33486,1.33673,1703.55
1778841000,2026-05-15 10:30:00+00:00,1.33673,1.33926,1.33667,1.33817,1757.34
1778842800,2026-05-15 11:00:00+00:00,1.33835,1.33837,1.33599,1.33606,1717.36
1778844600,2026-05-15 11:30:00+00:00,1.33606,1.33688,1.33599,1.33618,1767.8799999999999
1778846400,2026-05-15 12:00:00+00:00,1.33595,1.33612,1.33574,1.33607,1700.8
1778848200,2026-05-15 12:30:00+00:00,1.33607,1.33617,1.3341,1.33551,1784.52
1778850000,2026-05-15 13:00:00+00:00,1.33536,1.3362,1.33397,1.334,1746.97
1778851800,2026-05-15 13:30:00+00:00,1.334,1.33428,1.33397,1.33415,1756.69
1778853600,2026-05-15 14:00:00+00:00,1.33413,1.33544,1.33369,1.33451,1731.16
1778855400,2026-05-15 14:30:00+00:00,1.33451,1.33618,1.33393,1.33467,1736.86
1778857200,2026-05-15 15:00:00+00:00,1.33453,1.33454,1.33241,1.33246,1727.14
1778859000,2026-05-15 15:30:00+00:00,1.33246,1.33386,1.33179,1.33298,1774.02
1778860800,2026-05-15 16:00:00+00:00,1.33323,1.3336,1.33322,1.33345,1752.46
1778862600,2026-05-15 16:30:00+00:00,1.33345,1.3336,1.33218,1.33303,1784.93
1778864400,2026-05-15 17:00:00+00:00,1.333,1.33385,1.33275,1.33341,1733.46
1778866200,2026-05-15 17:30:00+00:00,1.33341,1.33353,1.33281,1.33296,1742.91
1778868000,2026-05-15 18:00:00+00:00,1.33296,1.33298,1.33209,1.33277,1699.7
1778869800,2026-05-15 18:30:00+00:00,1.33277,1.33284,1.33195,1.3322,1768.56
1778871600,2026-05-15 19:00:00+00:00,1.33221,1.33222,1.33181,1.33211,1752.61
1778873400,2026-05-15 19:30:00+00:00,1.33211,1.33253,1.33181,1.33181,1745.68
1778875200,2026-05-15 20:00:00+00:00,1.33191,1.33248,1.33158,1.33214,1733.66
1778877000,2026-05-15 20:30:00+00:00,1.33214,1.33252,1.33187,1.33248,1726.67
1778878800,2026-05-15 21:00:00+00:00,1.33239,1.33239,1.33239,1.33239,1750.1399999999999
1778880600,2026-05-15 21:30:00+00:00,1.33239,1.33239,1.33239,1.33239,1753.89
1779058800,2026-05-17 23:00:00+00:00,1.33179,1.33216,1.33104,1.33159,1711.22
1779060600,2026-05-17 23:30:00+00:00,1.33159,1.33159,1.33087,1.33097,1742.67
1779062400,2026-05-18 00:00:00+00:00,1.33119,1.33189,1.33078,1.33093,1673.93
1779064200,2026-05-18 00:30:00+00:00,1.33093,1.33139,1.33057,1.33083,1680.05
1779066000,2026-05-18 01:00:00+00:00,1.33094,1.3312,1.33039,1.33039,1736.23
1779067800,2026-05-18 01:30:00+00:00,1.33039,1.33138,1.33039,1.33129,1749.5
1779069600,2026-05-18 02:00:00+00:00,1.3311,1.33159,1.33088,1.33132,1706.05
1779071400,2026-05-18 02:30:00+00:00,1.33132,1.33136,1.33064,1.33088,1772.44
1779073200,2026-05-18 03:00:00+00:00,1.33099,1.33123,1.33085,1.33096,1734.48
1779075000,2026-05-18 03:30:00+00:00,1.33096,1.33156,1.33085,1.33135,1735.1200000000001
1779076800,2026-05-18 04:00:00+00:00,1.33142,1.33197,1.33129,1.33166,1765.81
1779078600,2026-05-18 04:30:00+00:00,1.33166,1.33192,1.33145,1.33156,1734.05
1779080400,2026-05-18 05:00:00+00:00,1.33165,1.33213,1.33136,1.3315,1787.51
1779082200,2026-05-18 05:30:00+00:00,1.3315,1.33259,1.33136,1.33236,1743.76
1779084000,2026-05-18 06:00:00+00:00,1.33243,1.33389,1.33243,1.33361,1758.62
1779085800,2026-05-18 06:30:00+00:00,1.33361,1.33586,1.33346,1.33558,1739.71
1779087600,2026-05-18 07:00:00+00:00,1.33556,1.33584,1.33438,1.33459,1774.93
1779089400,2026-05-18 07:30:00+00:00,1.33459,1.33574,1.33448,1.33543,1774.9
1779091200,2026-05-18 08:00:00+00:00,1.3352,1.33835,1.3352,1.33775,1703.9
1779093000,2026-05-18 08:30:00+00:00,1.33775,1.33835,1.33633,1.33811,1752.28
1779094800,2026-05-18 09:00:00+00:00,1.33774,1.33774,1.33704,1.33754,1712.8
1779096600,2026-05-18 09:30:00+00:00,1.33754,1.33768,1.33611,1.33638,1738.4
1779098400,2026-05-18 10:00:00+00:00,1.33631,1.33663,1.33507,1.33515,1760.48
1779100200,2026-05-18 10:30:00+00:00,1.33515,1.33651,1.33488,1.33488,1748.6299999999999
1779102000,2026-05-18 11:00:00+00:00,1.3349,1.33813,1.3349,1.33624,1713.07
1779103800,2026-05-18 11:30:00+00:00,1.33624,1.3378,1.3349,1.33756,1696.26
1779105600,2026-05-18 12:00:00+00:00,1.3376,1.34024,1.3376,1.34019,1731.83
1779107400,2026-05-18 12:30:00+00:00,1.34019,1.3403,1.33876,1.33957,1792.02
1779109200,2026-05-18 13:00:00+00:00,1.33966,1.33998,1.33907,1.3391,1844.84
1779111000,2026-05-18 13:30:00+00:00,1.3391,1.3395,1.33808,1.33939,1678.02
1779112800,2026-05-18 14:00:00+00:00,1.33948,1.33971,1.33838,1.33902,1782.42
1779114600,2026-05-18 14:30:00+00:00,1.33902,1.34,1.33885,1.33957,1749.91
1779116400,2026-05-18 15:00:00+00:00,1.33939,1.34225,1.33838,1.34124,1688.1200000000001
1779118200,2026-05-18 15:30:00+00:00,1.34124,1.34226,1.3412,1.34223,1784.85
1779120000,2026-05-18 16:00:00+00:00,1.34171,1.3447,1.34165,1.34361,1725.57
1779121800,2026-05-18 16:30:00+00:00,1.34361,1.34497,1.34165,1.34326,1754.61
1779123600,2026-05-18 17:00:00+00:00,1.34298,1.34347,1.34294,1.34303,1718.11
1779125400,2026-05-18 17:30:00+00:00,1.34303,1.34306,1.34241,1.34241,1739.69
1779127200,2026-05-18 18:00:00+00:00,1.34232,1.34232,1.34067,1.34087,1752.69
1779129000,2026-05-18 18:30:00+00:00,1.34087,1.34089,1.34025,1.34025,1669.41
1779130800,2026-05-18 19:00:00+00:00,1.34009,1.34338,1.34009,1.3428,1734.92
1779132600,2026-05-18 19:30:00+00:00,1.3428,1.34338,1.34106,1.34318,1765.56
1779134400,2026-05-18 20:00:00+00:00,1.34317,1.34394,1.34311,1.34379,1728.15
1779136200,2026-05-18 20:30:00+00:00,1.34379,1.34393,1.34318,1.34338,1728.22
1779138000,2026-05-18 21:00:00+00:00,1.34318,1.3436,1.34304,1.34312,1727.07
1779139800,2026-05-18 21:30:00+00:00,1.34312,1.34359,1.34277,1.34304,1739.37
1779141600,2026-05-18 22:00:00+00:00,1.34349,1.34349,1.34318,1.34337,1835.15
1779143400,2026-05-18 22:30:00+00:00,1.34337,1.34378,1.34336,1.34351,1725.6100000000001
1779145200,2026-05-18 23:00:00+00:00,1.34354,1.34371,1.34322,1.34332,1737.44
1779147000,2026-05-18 23:30:00+00:00,1.34332,1.3435,1.34328,1.34338,1787.34
1779148800,2026-05-19 00:00:00+00:00,1.34338,1.34338,1.34249,1.3427,1713.47
1779150600,2026-05-19 00:30:00+00:00,1.3427,1.34275,1.34201,1.34205,1786.8899999999999
1779152400,2026-05-19 01:00:00+00:00,1.34187,1.34215,1.34142,1.34164,1730.64
1779154200,2026-05-19 01:30:00+00:00,1.34164,1.34252,1.3416,1.34181,1759.31
1779156000,2026-05-19 02:00:00+00:00,1.34156,1.3419,1.34106,1.3418,1813.59
1779157800,2026-05-19 02:30:00+00:00,1.3418,1.34185,1.341,1.34169,1760.44
1779159600,2026-05-19 03:00:00+00:00,1.34165,1.34194,1.34138,1.3418,1740.56
1779161400,2026-05-19 03:30:00+00:00,1.3418,1.34194,1.3415,1.34153,1728.06
1779163200,2026-05-19 04:00:00+00:00,1.34138,1.34158,1.34066,1.34079,1707.39
1779165000,2026-05-19 04:30:00+00:00,1.34079,1.34122,1.34066,1.3407,1693.24
1779166800,2026-05-19 05:00:00+00:00,1.34079,1.34105,1.34016,1.34094,1724.82
1779168600,2026-05-19 05:30:00+00:00,1.34094,1.34181,1.34045,1.34181,1709.46
1779170400,2026-05-19 06:00:00+00:00,1.34131,1.34163,1.34106,1.34109,1712.76
1779172200,2026-05-19 06:30:00+00:00,1.34109,1.34116,1.3398,1.34014,1740.94
1779174000,2026-05-19 07:00:00+00:00,1.33989,1.34066,1.33914,1.34066,1734.28
1779175800,2026-05-19 07:30:00+00:00,1.34066,1.34066,1.33947,1.34028,1725.6200000000001
1779177600,2026-05-19 08:00:00+00:00,1.34025,1.34025,1.33914,1.33937,1726.98
1779179400,2026-05-19 08:30:00+00:00,1.33937,1.33951,1.33906,1.33941,1716.71
1779181200,2026-05-19 09:00:00+00:00,1.33926,1.34063,1.33881,1.34053,1728.23
1779183000,2026-05-19 09:30:00+00:00,1.34053,1.34084,1.34011,1.34084,1770.46
1779184800,2026-05-19 10:00:00+00:00,1.3407,1.34153,1.33957,1.34109,1752.29
1779186600,2026-05-19 10:30:00+00:00,1.34109,1.34148,1.34062,1.34068,1756.32
1779188400,2026-05-19 11:00:00+00:00,1.34068,1.34093,1.34053,1.34082,1769.25
1779190200,2026-05-19 11:30:00+00:00,1.34082,1.34086,1.34036,1.34048,1703.24
1779192000,2026-05-19 12:00:00+00:00,1.34048,1.34185,1.34037,1.34166,1719.02
1779193800,2026-05-19 12:30:00+00:00,1.34166,1.34174,1.34051,1.34093,1739.94
1779195600,2026-05-19 13:00:00+00:00,1.34079,1.34079,1.33885,1.34073,1723.71
1779197400,2026-05-19 13:30:00+00:00,1.34073,1.34079,1.34039,1.34043,1736.1000000000001
1779199200,2026-05-19 14:00:00+00:00,1.3402,1.3402,1.33989,1.34007,1704.13
1779201000,2026-05-19 14:30:00+00:00,1.34007,1.34017,1.33795,1.33937,1746.6
1779202800,2026-05-19 15:00:00+00:00,1.33933,1.33962,1.33908,1.33941,1779.12
1779204600,2026-05-19 15:30:00+00:00,1.33941,1.34003,1.33908,1.33989,1719.32
1779206400,2026-05-19 16:00:00+00:00,1.33989,1.34025,1.33916,1.33935,1709.79
1779208200,2026-05-19 16:30:00+00:00,1.33935,1.34004,1.33889,1.33998,1727.09
1779210000,2026-05-19 17:00:00+00:00,1.34009,1.34057,1.34009,1.34056,1752.77
1779211800,2026-05-19 17:30:00+00:00,1.34056,1.3412,1.34056,1.34099,1715.82
1779213600,2026-05-19 18:00:00+00:00,1.3412,1.3412,1.33987,1.34013,1788.02
1779215400,2026-05-19 18:30:00+00:00,1.34013,1.34099,1.33987,1.33993,1767.68
1779217200,2026-05-19 19:00:00+00:00,1.33998,1.34041,1.33984,1.33988,1722.95
1779219000,2026-05-19 19:30:00+00:00,1.33988,1.34009,1.33982,1.34009,1780.66
1779220800,2026-05-19 20:00:00+00:00,1.34005,1.34036,1.33951,1.33961,1758.06
1779222600,2026-05-19 20:30:00+00:00,1.33961,1.33971,1.33951,1.33951,1734.98
1779224400,2026-05-19 21:00:00+00:00,1.34,1.34041,1.33999,1.34041,1769.01
1779226200,2026-05-19 21:30:00+00:00,1.34041,1.34041,1.33949,1.34005,1752.77
1779228000,2026-05-19 22:00:00+00:00,1.34,1.34007,1.33991,1.34007,1733.58
1779229800,2026-05-19 22:30:00+00:00,1.34007,1.34007,1.33951,1.33978,1708.69
1779231600,2026-05-19 23:00:00+00:00,1.34048,1.34048,1.33966,1.3397,1761.31
1779233400,2026-05-19 23:30:00+00:00,1.3397,1.33974,1.33966,1.33966,1735.29
1779235200,2026-05-20 00:00:00+00:00,1.33949,1.34016,1.33921,1.33978,1791.59
1779237000,2026-05-20 00:30:00+00:00,1.33978,1.33985,1.33892,1.33892,1703.78
1779238800,2026-05-20 01:00:00+00:00,1.33901,1.33901,1.33866,1.33883,1725.74
1779240600,2026-05-20 01:30:00+00:00,1.33883,1.33884,1.33788,1.33869,1701.78
1779242400,2026-05-20 02:00:00+00:00,1.33869,1.33872,1.33849,1.33864,1734.81
1779244200,2026-05-20 02:30:00+00:00,1.33864,1.33955,1.33853,1.33917,1686.06
1779246000,2026-05-20 03:00:00+00:00,1.33892,1.33951,1.33887,1.33899,1741.09
1779247800,2026-05-20 03:30:00+00:00,1.33899,1.3403,1.33894,1.34,1730.61
1779249600,2026-05-20 04:00:00+00:00,1.3402,1.34064,1.33967,1.33984,1700.11
1779251400,2026-05-20 04:30:00+00:00,1.33984,1.33992,1.33919,1.33919,1727.21
1779253200,2026-05-20 05:00:00+00:00,1.33928,1.33933,1.33897,1.33932,1746.24
1779255000,2026-05-20 05:30:00+00:00,1.33932,1.33978,1.33908,1.33948,1737.45
1779256800,2026-05-20 06:00:00+00:00,1.33838,1.34068,1.33826,1.33839,1709.87
1779258600,2026-05-20 06:30:00+00:00,1.33839,1.33978,1.33826,1.33887,1701.31
1779260400,2026-05-20 07:00:00+00:00,1.33867,1.33954,1.33864,1.33942,1719.96
1779262200,2026-05-20 07:30:00+00:00,1.33942,1.33975,1.33842,1.33874,1694.51
1779264000,2026-05-20 08:00:00+00:00,1.33867,1.33921,1.33805,1.33912,1745.48
1779265800,2026-05-20 08:30:00+00:00,1.33912,1.33921,1.33758,1.33844,1697.96
1779267600,2026-05-20 09:00:00+00:00,1.33831,1.33926,1.33829,1.3386,1683.06
1779269400,2026-05-20 09:30:00+00:00,1.3386,1.33872,1.33833,1.33847,1727.53
1779271200,2026-05-20 10:00:00+00:00,1.33822,1.33977,1.33822,1.3393,1699.28
1779273000,2026-05-20 10:30:00+00:00,1.3393,1.33989,1.33898,1.33966,1776.04
1779274800,2026-05-20 11:00:00+00:00,1.33971,1.34048,1.33955,1.3401,1718.25
1779276600,2026-05-20 11:30:00+00:00,1.3401,1.34075,1.33959,1.33987,1768.49
1779278400,2026-05-20 12:00:00+00:00,1.34012,1.34068,1.33999,1.34042,1749.01
1779280200,2026-05-20 12:30:00+00:00,1.34042,1.34054,1.33969,1.33969,1692.13
1779282000,2026-05-20 13:00:00+00:00,1.33966,1.34055,1.3393,1.33942,1749.2
1779283800,2026-05-20 13:30:00+00:00,1.33942,1.34013,1.33921,1.3393,1745.44
1779285600,2026-05-20 14:00:00+00:00,1.33932,1.34394,1.33846,1.33846,1770.08
1779287400,2026-05-20 14:30:00+00:00,1.33846,1.34361,1.33846,1.34349,1755.13
1779289200,2026-05-20 15:00:00+00:00,1.34353,1.34586,1.34216,1.34342,1811.45
1779291000,2026-05-20 15:30:00+00:00,1.34342,1.34622,1.34278,1.344,1723.41
1779292800,2026-05-20 16:00:00+00:00,1.34436,1.34532,1.34418,1.34447,1754.98
1779294600,2026-05-20 16:30:00+00:00,1.34447,1.34511,1.34365,1.34407,1766.74
1779296400,2026-05-20 17:00:00+00:00,1.34412,1.34457,1.34399,1.34412,1719.59
1779298200,2026-05-20 17:30:00+00:00,1.34412,1.34427,1.34367,1.34367,1708.8700000000001
1779300000,2026-05-20 18:00:00+00:00,1.34336,1.34427,1.34336,1.34394,1714.84
1779301800,2026-05-20 18:30:00+00:00,1.34394,1.34494,1.34391,1.34463,1803.23
1779303600,2026-05-20 19:00:00+00:00,1.34483,1.34483,1.34389,1.34403,1701.05
1779305400,2026-05-20 19:30:00+00:00,1.34403,1.34419,1.34389,1.34389,1718.44
1779307200,2026-05-20 20:00:00+00:00,1.34382,1.34407,1.34344,1.34352,1772.53
1779309000,2026-05-20 20:30:00+00:00,1.34352,1.34407,1.34348,1.34353,1736.92
1779310800,2026-05-20 21:00:00+00:00,1.34407,1.34443,1.34365,1.34371,1781.77
1779312600,2026-05-20 21:30:00+00:00,1.34371,1.34402,1.34358,1.3438,1754.8700000000001
1779314400,2026-05-20 22:00:00+00:00,1.34372,1.3438,1.34349,1.34375,1761.1
1779316200,2026-05-20 22:30:00+00:00,1.34375,1.34389,1.34372,1.34374,1818.07
1779318000,2026-05-20 23:00:00+00:00,1.34372,1.34387,1.34339,1.34387,1767.97
1779319800,2026-05-20 23:30:00+00:00,1.34387,1.34387,1.34326,1.34342,1733.2
1779321600,2026-05-21 00:00:00+00:00,1.343,1.34396,1.343,1.34388,1684.3
1779323400,2026-05-21 00:30:00+00:00,1.34388,1.34391,1.34346,1.34382,1774.19
1779325200,2026-05-21 01:00:00+00:00,1.34389,1.3445,1.34322,1.34324,1752.66
1779327000,2026-05-21 01:30:00+00:00,1.34324,1.34422,1.34323,1.34345,1793.09
1779328800,2026-05-21 02:00:00+00:00,1.34354,1.3438,1.34219,1.34325,1757.25
1779330600,2026-05-21 02:30:00+00:00,1.34325,1.3438,1.34263,1.34266,1722.91
1779332400,2026-05-21 03:00:00+00:00,1.34261,1.34277,1.34261,1.34262,1721.24
1779334200,2026-05-21 03:30:00+00:00,1.34262,1.34315,1.34261,1.34279,1720.16
1779336000,2026-05-21 04:00:00+00:00,1.34262,1.34326,1.34262,1.34324,1735.27
1779337800,2026-05-21 04:30:00+00:00,1.34324,1.34335,1.34288,1.34331,1733.65
1779339600,2026-05-21 05:00:00+00:00,1.34326,1.3434,1.34308,1.34329,1735.76
1779341400,2026-05-21 05:30:00+00:00,1.34329,1.34339,1.34277,1.34338,1802.27
1779343200,2026-05-21 06:00:00+00:00,1.34344,1.34391,1.34338,1.34361,1721.5
1779345000,2026-05-21 06:30:00+00:00,1.34361,1.34391,1.34298,1.34351,1695.57
1779346800,2026-05-21 07:00:00+00:00,1.34347,1.34387,1.34218,1.34379,1704.44
1779348600,2026-05-21 07:30:00+00:00,1.34379,1.34387,1.34169,1.34297,1798.13
1779350400,2026-05-21 08:00:00+00:00,1.343,1.34411,1.34286,1.34287,1812.1
1779352200,2026-05-21 08:30:00+00:00,1.34287,1.34539,1.34286,1.34358,1718.65
1779354000,2026-05-21 09:00:00+00:00,1.34356,1.34454,1.34336,1.34426,1705.46
1779355800,2026-05-21 09:30:00+00:00,1.34426,1.34468,1.34378,1.34423,1739.13
1779357600,2026-05-21 10:00:00+00:00,1.34434,1.34461,1.34345,1.34362,1764.11
1779359400,2026-05-21 10:30:00+00:00,1.34362,1.34375,1.3418,1.3427,1797.79
1779361200,2026-05-21 11:00:00+00:00,1.34252,1.34324,1.34249,1.34306,1717.13
1779363000,2026-05-21 11:30:00+00:00,1.34306,1.34387,1.34205,1.34217,1708.62
1779364800,2026-05-21 12:00:00+00:00,1.34232,1.34268,1.34129,1.3426,1696.15
1779366600,2026-05-21 12:30:00+00:00,1.3426,1.34297,1.34152,1.3416,1796.13
1779368400,2026-05-21 13:00:00+00:00,1.34153,1.34207,1.33995,1.34007,1748.04
1779370200,2026-05-21 13:30:00+00:00,1.34007,1.3415,1.33941,1.34068,1730.54
1779372000,2026-05-21 14:00:00+00:00,1.34086,1.34131,1.34018,1.34051,1725.56
1779373800,2026-05-21 14:30:00+00:00,1.34051,1.34116,1.33993,1.34113,1778.03
1779375600,2026-05-21 15:00:00+00:00,1.34124,1.34124,1.3399,1.34006,1689.03
1779377400,2026-05-21 15:30:00+00:00,1.34006,1.34122,1.33971,1.34066,1677.17
1779379200,2026-05-21 16:00:00+00:00,1.34063,1.34096,1.34034,1.34048,1710.09
1779381000,2026-05-21 16:30:00+00:00,1.34048,1.34099,1.34025,1.34088,1705.17
1779382800,2026-05-21 17:00:00+00:00,1.3409,1.34347,1.3407,1.34312,1714.99
1779384600,2026-05-21 17:30:00+00:00,1.34312,1.34499,1.34277,1.34441,1715.53
1779386400,2026-05-21 18:00:00+00:00,1.34456,1.34485,1.3423,1.34485,1724.29
1779388200,2026-05-21 18:30:00+00:00,1.34485,1.34485,1.3423,1.3427,1743.16
1779390000,2026-05-21 19:00:00+00:00,1.3428,1.34348,1.34273,1.34344,1682.73
1779391800,2026-05-21 19:30:00+00:00,1.34344,1.34414,1.34321,1.34372,1737.23
1779393600,2026-05-21 20:00:00+00:00,1.34365,1.34405,1.3434,1.34368,1778.4099999999999
1779395400,2026-05-21 20:30:00+00:00,1.34368,1.34396,1.34295,1.34306,1725.95
1779397200,2026-05-21 21:00:00+00:00,1.34367,1.34372,1.3434,1.34357,1755.37
1779399000,2026-05-21 21:30:00+00:00,1.34357,1.34359,1.34277,1.34304,1719.6
1779400800,2026-05-21 22:00:00+00:00,1.3432,1.3434,1.34298,1.34324,1720.81
1779402600,2026-05-21 22:30:00+00:00,1.34324,1.3434,1.34291,1.34329,1710.07
1779404400,2026-05-21 23:00:00+00:00,1.3432,1.34338,1.34311,1.34318,1778.17
1779406200,2026-05-21 23:30:00+00:00,1.34318,1.34319,1.34306,1.34318,1721.85
1779408000,2026-05-22 00:00:00+00:00,1.34315,1.34315,1.34248,1.34248,1732.42
1779409800,2026-05-22 00:30:00+00:00,1.34248,1.34304,1.34248,1.34266,1702.66
1779411600,2026-05-22 01:00:00+00:00,1.3425,1.343,1.34242,1.34285,1768.58
1779413400,2026-05-22 01:30:00+00:00,1.34285,1.343,1.34239,1.34262,1691.02
1779415200,2026-05-22 02:00:00+00:00,1.34248,1.34298,1.34244,1.34298,1758.2
1779417000,2026-05-22 02:30:00+00:00,1.34298,1.34298,1.34251,1.34264,1745.08
1779418800,2026-05-22 03:00:00+00:00,1.34277,1.34279,1.34272,1.34273,1761.5
1779420600,2026-05-22 03:30:00+00:00,1.34273,1.34275,1.34234,1.34259,1751.33
1779422400,2026-05-22 04:00:00+00:00,1.34264,1.34285,1.34259,1.34264,1708.22
1779424200,2026-05-22 04:30:00+00:00,1.34264,1.34318,1.34261,1.34306,1772.82
1779426000,2026-05-22 05:00:00+00:00,1.34311,1.34324,1.34207,1.34209,1797.16
1779427800,2026-05-22 05:30:00+00:00,1.34209,1.34248,1.34207,1.34221,1763.66
1779429600,2026-05-22 06:00:00+00:00,1.34225,1.3428,1.34203,1.34255,1738.85
1779431400,2026-05-22 06:30:00+00:00,1.34255,1.34278,1.34178,1.34244,1753.85
1779433200,2026-05-22 07:00:00+00:00,1.34217,1.34235,1.34199,1.3422,1757.54
1779435000,2026-05-22 07:30:00+00:00,1.3422,1.34255,1.34151,1.3425,1805.01
1779436800,2026-05-22 08:00:00+00:00,1.3425,1.34353,1.34241,1.34245,1761.04
1779438600,2026-05-22 08:30:00+00:00,1.34245,1.34263,1.34241,1.34257,1735.58
1779440400,2026-05-22 09:00:00+00:00,1.34259,1.34277,1.34172,1.34268,1748.05
1779442200,2026-05-22 09:30:00+00:00,1.34268,1.34277,1.34229,1.34271,1728.98
1779444000,2026-05-22 10:00:00+00:00,1.3428,1.34322,1.34256,1.343,1747.52
1779445800,2026-05-22 10:30:00+00:00,1.343,1.34313,1.34208,1.34221,1737.51
1779447600,2026-05-22 11:00:00+00:00,1.34235,1.3424,1.3419,1.34213,1745.28
1779449400,2026-05-22 11:30:00+00:00,1.34213,1.34248,1.34203,1.34205,1729.43
1779451200,2026-05-22 12:00:00+00:00,1.34212,1.34326,1.34195,1.34241,1696.97
1779453000,2026-05-22 12:30:00+00:00,1.34241,1.34335,1.34169,1.34335,1712.61
1779454800,2026-05-22 13:00:00+00:00,1.34363,1.3453,1.34345,1.34525,1740.65
1779456600,2026-05-22 13:30:00+00:00,1.34525,1.3459,1.34345,1.34365,1738.65
1779458400,2026-05-22 14:00:00+00:00,1.34349,1.34358,1.34194,1.34252,1700.17
1779460200,2026-05-22 14:30:00+00:00,1.34252,1.34337,1.3421,1.34322,1656.09
1779462000,2026-05-22 15:00:00+00:00,1.34308,1.34423,1.34308,1.34414,1718.31
1779463800,2026-05-22 15:30:00+00:00,1.34414,1.3442,1.34341,1.34376,1691.39
1779465600,2026-05-22 16:00:00+00:00,1.34353,1.34392,1.34349,1.34384,1764.22
1779467400,2026-05-22 16:30:00+00:00,1.34384,1.34456,1.34375,1.34434,1706.44
1779469200,2026-05-22 17:00:00+00:00,1.34452,1.34526,1.34434,1.34453,1734.7
1779471000,2026-05-22 17:30:00+00:00,1.34453,1.34496,1.34432,1.3449,1731.15
1779472800,2026-05-22 18:00:00+00:00,1.34495,1.34501,1.34493,1.34498,1720.59
1779474600,2026-05-22 18:30:00+00:00,1.34498,1.34499,1.34443,1.34485,1802.78
1779476400,2026-05-22 19:00:00+00:00,1.3447,1.34476,1.34414,1.34472,1752.5
1779478200,2026-05-22 19:30:00+00:00,1.34472,1.34483,1.34391,1.34407,1747.07
1779480000,2026-05-22 20:00:00+00:00,1.344,1.34421,1.34332,1.34333,1722.6299999999999
1779481800,2026-05-22 20:30:00+00:00,1.34333,1.3435,1.34322,1.34322,1732.08
1779483600,2026-05-22 21:00:00+00:00,1.34329,1.34329,1.34329,1.34329,1704.99
1779485400,2026-05-22 21:30:00+00:00,1.34329,1.34329,1.34329,1.34329,1718.76
1779663600,2026-05-24 23:00:00+00:00,1.34856,1.34885,1.34854,1.34863,1723.51
1779665400,2026-05-24 23:30:00+00:00,1.34863,1.34877,1.34814,1.34814,1718.52
1779667200,2026-05-25 00:00:00+00:00,1.34818,1.34878,1.34816,1.34845,1770.9
1779669000,2026-05-25 00:30:00+00:00,1.34845,1.34873,1.34773,1.34787,1764.06
1779670800,2026-05-25 01:00:00+00:00,1.34791,1.34885,1.34791,1.3481,1727.9
1779672600,2026-05-25 01:30:00+00:00,1.3481,1.34904,1.34791,1.34804,1788.56
1779674400,2026-05-25 02:00:00+00:00,1.34813,1.34836,1.34777,1.34782,1683.43
1779676200,2026-05-25 02:30:00+00:00,1.34782,1.34799,1.34765,1.34775,1696.1
1779678000,2026-05-25 03:00:00+00:00,1.34785,1.34793,1.34755,1.34757,1729.75
1779679800,2026-05-25 03:30:00+00:00,1.34757,1.3477,1.34749,1.34756,1772.39
1779681600,2026-05-25 04:00:00+00:00,1.34756,1.34788,1.34751,1.34778,1774.94
1779683400,2026-05-25 04:30:00+00:00,1.34778,1.34856,1.34776,1.34844,1669.37
1779685200,2026-05-25 05:00:00+00:00,1.34844,1.34847,1.3482,1.34835,1714.72
1779687000,2026-05-25 05:30:00+00:00,1.34835,1.34884,1.34826,1.34829,1702.34
1779688800,2026-05-25 06:00:00+00:00,1.34824,1.34871,1.34796,1.34845,1661.49
1779690600,2026-05-25 06:30:00+00:00,1.34845,1.34871,1.34805,1.3486,1725.33
1779692400,2026-05-25 07:00:00+00:00,1.34853,1.3486,1.34746,1.34765,1714.49
1779694200,2026-05-25 07:30:00+00:00,1.34765,1.34856,1.34731,1.34849,1707.57
1779696000,2026-05-25 08:00:00+00:00,1.34825,1.3491,1.34815,1.34845,1752.65
1779697800,2026-05-25 08:30:00+00:00,1.34845,1.34944,1.348,1.34944,1765.18
1779699600,2026-05-25 09:00:00+00:00,1.34936,1.34953,1.34931,1.34953,1675.03
1779701400,2026-05-25 09:30:00+00:00,1.34953,1.34962,1.34931,1.34933,1739.71
1779703200,2026-05-25 10:00:00+00:00,1.34944,1.34945,1.34902,1.34904,1732.84
1779705000,2026-05-25 10:30:00+00:00,1.34904,1.34947,1.34903,1.34918,1728.23
1779706800,2026-05-25 11:00:00+00:00,1.34904,1.35019,1.3488,1.34981,1778.17
1779708600,2026-05-25 11:30:00+00:00,1.34981,1.35064,1.3488,1.34993,1744.04
1779710400,2026-05-25 12:00:00+00:00,1.3498,1.35066,1.3498,1.34995,1795.78
1779712200,2026-05-25 12:30:00+00:00,1.34995,1.35017,1.34981,1.35013,1753.8
1779714000,2026-05-25 13:00:00+00:00,1.35004,1.35004,1.34953,1.3496,1697.59
1779715800,2026-05-25 13:30:00+00:00,1.3496,1.35044,1.34953,1.34953,1722.82
1779717600,2026-05-25 14:00:00+00:00,1.34945,1.34986,1.34939,1.3494,1762.29
1779719400,2026-05-25 14:30:00+00:00,1.3494,1.35022,1.34935,1.35018,1771.72
1779721200,2026-05-25 15:00:00+00:00,1.35006,1.35013,1.34966,1.34972,1792.82
1779723000,2026-05-25 15:30:00+00:00,1.34972,1.35058,1.3497,1.35026,1767.15
1779724800,2026-05-25 16:00:00+00:00,1.35015,1.35039,1.34998,1.35011,1779.55
1779726600,2026-05-25 16:30:00+00:00,1.35011,1.35048,1.34998,1.35048,1747.09
1779728400,2026-05-25 17:00:00+00:00,1.3504,1.35079,1.35037,1.35043,1731.18
1779730200,2026-05-25 17:30:00+00:00,1.35043,1.35058,1.35038,1.35057,1761.17
1779732000,2026-05-25 18:00:00+00:00,1.35066,1.3507,1.35051,1.35056,1686.5
1779733800,2026-05-25 18:30:00+00:00,1.35056,1.35079,1.35055,1.35077,1732.19
1779735600,2026-05-25 19:00:00+00:00,1.35069,1.35085,1.3506,1.35085,1747.87
1779737400,2026-05-25 19:30:00+00:00,1.35085,1.35095,1.35069,1.35082,1730.29
1779739200,2026-05-25 20:00:00+00:00,1.35086,1.35091,1.35085,1.3509,1768.32
1779741000,2026-05-25 20:30:00+00:00,1.3509,1.3509,1.35069,1.35079,1702.4
1779742800,2026-05-25 21:00:00+00:00,1.35011,1.35049,1.34998,1.35005,1727.41
1779744600,2026-05-25 21:30:00+00:00,1.35005,1.35071,1.34996,1.35038,1724.1
1779746400,2026-05-25 22:00:00+00:00,1.35031,1.35056,1.35013,1.35043,1822.72
1779748200,2026-05-25 22:30:00+00:00,1.35043,1.35057,1.35022,1.35038,1738.78
1779750000,2026-05-25 23:00:00+00:00,1.35044,1.35057,1.34995,1.35054,1713.16
1779751800,2026-05-25 23:30:00+00:00,1.35054,1.35057,1.3496,1.3496,1779.66
1779753600,2026-05-26 00:00:00+00:00,1.34964,1.34969,1.34887,1.34901,1725.99
1779755400,2026-05-26 00:30:00+00:00,1.34901,1.34969,1.34887,1.34955,1767.75
1779757200,2026-05-26 01:00:00+00:00,1.34942,1.34951,1.34836,1.34853,1731.81
1779759000,2026-05-26 01:30:00+00:00,1.34853,1.34911,1.3484,1.34874,1712.22
1779760800,2026-05-26 02:00:00+00:00,1.34874,1.34904,1.34867,1.34896,1725.77
1779762600,2026-05-26 02:30:00+00:00,1.34896,1.349,1.34838,1.34884,1728.06
1779764400,2026-05-26 03:00:00+00:00,1.34876,1.34912,1.34874,1.34887,1780.18
1779766200,2026-05-26 03:30:00+00:00,1.34887,1.34922,1.34884,1.34895,1741.76
1779768000,2026-05-26 04:00:00+00:00,1.34891,1.34895,1.34816,1.34827,1757.14
1779769800,2026-05-26 04:30:00+00:00,1.34827,1.34838,1.34816,1.34816,1752.77
1779771600,2026-05-26 05:00:00+00:00,1.34814,1.34814,1.34775,1.34775,1725.16
1779773400,2026-05-26 05:30:00+00:00,1.34775,1.3479,1.34755,1.34762,1749.62
1779775200,2026-05-26 06:00:00+00:00,1.34745,1.34819,1.34745,1.34817,1803.77
1779777000,2026-05-26 06:30:00+00:00,1.34817,1.34849,1.34756,1.34771,1719.28
1779778800,2026-05-26 07:00:00+00:00,1.34775,1.3478,1.34692,1.34696,1770.7
1779780600,2026-05-26 07:30:00+00:00,1.34696,1.3478,1.34671,1.34751,1739.42
1779782400,2026-05-26 08:00:00+00:00,1.34736,1.34807,1.34736,1.34767,1724.15
1779784200,2026-05-26 08:30:00+00:00,1.34767,1.34782,1.34729,1.34753,1805.1
1779786000,2026-05-26 09:00:00+00:00,1.34744,1.34819,1.34736,1.34756,1770.58
1779787800,2026-05-26 09:30:00+00:00,1.34756,1.34847,1.34753,1.3484,1708.22
1779789600,2026-05-26 10:00:00+00:00,1.34827,1.34878,1.34782,1.34874,1714.32
1779791400,2026-05-26 10:30:00+00:00,1.34874,1.34896,1.34843,1.34864,1820.3
1779793200,2026-05-26 11:00:00+00:00,1.34858,1.34893,1.34789,1.34849,1741.75
1779795000,2026-05-26 11:30:00+00:00,1.34849,1.34851,1.34695,1.34695,1769.48
1779796800,2026-05-26 12:00:00+00:00,1.34689,1.34745,1.34687,1.34704,1796.53
1779798600,2026-05-26 12:30:00+00:00,1.34704,1.34704,1.34675,1.34684,1786.5
1779800400,2026-05-26 13:00:00+00:00,1.34667,1.34704,1.34616,1.34631,1737.81
1779802200,2026-05-26 13:30:00+00:00,1.34631,1.34678,1.34586,1.34638,1701.02
1779804000,2026-05-26 14:00:00+00:00,1.34622,1.34687,1.34529,1.34573,1773.47
1779805800,2026-05-26 14:30:00+00:00,1.34573,1.34644,1.34513,1.34513,1714.81
1779807600,2026-05-26 15:00:00+00:00,1.34506,1.34506,1.34368,1.34379,1676.12
1779809400,2026-05-26 15:30:00+00:00,1.34379,1.34418,1.34356,1.3436,1707.16
1779811200,2026-05-26 16:00:00+00:00,1.34371,1.34384,1.34367,1.34381,1728.05
1779813000,2026-05-26 16:30:00+00:00,1.34381,1.34488,1.34377,1.34416,1708.22
1779814800,2026-05-26 17:00:00+00:00,1.34419,1.34481,1.34398,1.34407,1737.96
1779816600,2026-05-26 17:30:00+00:00,1.34407,1.34444,1.34402,1.34412,1645.55
1779818400,2026-05-26 18:00:00+00:00,1.3441,1.34445,1.34405,1.34426,1696.27
1779820200,2026-05-26 18:30:00+00:00,1.34426,1.34461,1.34425,1.34454,1737.54
1779822000,2026-05-26 19:00:00+00:00,1.34439,1.34497,1.34433,1.34443,1731.37
1779823800,2026-05-26 19:30:00+00:00,1.34443,1.34501,1.34427,1.34485,1742.03
1779825600,2026-05-26 20:00:00+00:00,1.34504,1.34535,1.3449,1.34508,1724.47
1779827400,2026-05-26 20:30:00+00:00,1.34508,1.34522,1.34454,1.34477,1748.71
1779829200,2026-05-26 21:00:00+00:00,1.34488,1.34532,1.34452,1.34476,1749.47
1779831000,2026-05-26 21:30:00+00:00,1.34476,1.34507,1.34416,1.34503,1700.59
1779832800,2026-05-26 22:00:00+00:00,1.34504,1.34508,1.34475,1.34495,1721.72
1779834600,2026-05-26 22:30:00+00:00,1.34495,1.34508,1.34495,1.34508,1707.23
1779836400,2026-05-26 23:00:00+00:00,1.3451,1.34522,1.3451,1.3452,1733.58
1779838200,2026-05-26 23:30:00+00:00,1.3452,1.34593,1.3451,1.34553,1756.71
1779840000,2026-05-27 00:00:00+00:00,1.34566,1.34584,1.34548,1.34552,1762.88
1779841800,2026-05-27 00:30:00+00:00,1.34552,1.34562,1.34548,1.34561,1761.42
1779843600,2026-05-27 01:00:00+00:00,1.34553,1.34559,1.34505,1.34525,1775.24
1779845400,2026-05-27 01:30:00+00:00,1.34525,1.3455,1.34474,1.34475,1773.53
1779847200,2026-05-27 02:00:00+00:00,1.34501,1.3454,1.34474,1.34532,1709.98
1779849000,2026-05-27 02:30:00+00:00,1.34532,1.34542,1.34519,1.34532,1709.03
1779850800,2026-05-27 03:00:00+00:00,1.34532,1.34557,1.34532,1.34539,1754.27
1779852600,2026-05-27 03:30:00+00:00,1.34539,1.34582,1.34532,1.3455,1730.01
1779854400,2026-05-27 04:00:00+00:00,1.34553,1.34571,1.34535,1.34535,1673.39
1779856200,2026-05-27 04:30:00+00:00,1.34535,1.34548,1.34535,1.34542,1744.06
1779858000,2026-05-27 05:00:00+00:00,1.34544,1.34546,1.34495,1.34496,1760.52
1779859800,2026-05-27 05:30:00+00:00,1.34496,1.34575,1.34495,1.34495,1756.36
1779861600,2026-05-27 06:00:00+00:00,1.34454,1.34549,1.34454,1.34544,1824.4
1779863400,2026-05-27 06:30:00+00:00,1.34544,1.34566,1.34512,1.34526,1742.7
1779865200,2026-05-27 07:00:00+00:00,1.34546,1.34557,1.34497,1.34524,1656.64
1779867000,2026-05-27 07:30:00+00:00,1.34524,1.34555,1.34432,1.34434,1707.24
1779868800,2026-05-27 08:00:00+00:00,1.34427,1.34519,1.34427,1.3446,1740.71
1779870600,2026-05-27 08:30:00+00:00,1.3446,1.34475,1.34429,1.34472,1772.84
1779872400,2026-05-27 09:00:00+00:00,1.3447,1.34521,1.34466,1.34504,1788.29
1779874200,2026-05-27 09:30:00+00:00,1.34504,1.34507,1.34459,1.3447,1791.02
1779876000,2026-05-27 10:00:00+00:00,1.34452,1.34465,1.34369,1.34458,1706.3600000000001
1779877800,2026-05-27 10:30:00+00:00,1.34458,1.34463,1.34391,1.34423,1699.9
1779879600,2026-05-27 11:00:00+00:00,1.34416,1.34416,1.34315,1.344,1678.24
1779881400,2026-05-27 11:30:00+00:00,1.344,1.34416,1.3433,1.34342,1704.28
1779883200,2026-05-27 12:00:00+00:00,1.34345,1.34439,1.34322,1.3435,1724.1
1779885000,2026-05-27 12:30:00+00:00,1.3435,1.34559,1.34322,1.34396,1794.88
1779886800,2026-05-27 13:00:00+00:00,1.34428,1.34443,1.34418,1.34423,1693.68
1779888600,2026-05-27 13:30:00+00:00,1.34423,1.34486,1.34418,1.3447,1684.15
1779890400,2026-05-27 14:00:00+00:00,1.3447,1.34566,1.34417,1.34468,1831.81
1779892200,2026-05-27 14:30:00+00:00,1.34468,1.34503,1.34199,1.34199,1747.17
1779894000,2026-05-27 15:00:00+00:00,1.34172,1.34313,1.34172,1.34272,1714.54
1779895800,2026-05-27 15:30:00+00:00,1.34272,1.34298,1.34255,1.34282,1713.39
1779897600,2026-05-27 16:00:00+00:00,1.34275,1.34317,1.34255,1.34264,1727.88
1779899400,2026-05-27 16:30:00+00:00,1.34264,1.34324,1.34232,1.34313,1716.61
1779901200,2026-05-27 17:00:00+00:00,1.34311,1.34317,1.34301,1.34315,1773.99
1779903000,2026-05-27 17:30:00+00:00,1.34315,1.34317,1.34183,1.34277,1765.39
1779904800,2026-05-27 18:00:00+00:00,1.34264,1.34294,1.34232,1.34237,1718.75
1779906600,2026-05-27 18:30:00+00:00,1.34237,1.34311,1.34228,1.34308,1804.56
1779908400,2026-05-27 19:00:00+00:00,1.34304,1.34331,1.34293,1.3431,1756.57
1779910200,2026-05-27 19:30:00+00:00,1.3431,1.34321,1.34289,1.34306,1732.96
1779912000,2026-05-27 20:00:00+00:00,1.34306,1.34329,1.34305,1.3431,1715.96
1779913800,2026-05-27 20:30:00+00:00,1.3431,1.34311,1.34275,1.34291,1731.23
1779915600,2026-05-27 21:00:00+00:00,1.34122,1.34315,1.34122,1.34237,1721.98
1779917400,2026-05-27 21:30:00+00:00,1.34237,1.34315,1.34186,1.34291,1762.41
1779919200,2026-05-27 22:00:00+00:00,1.34295,1.34311,1.34266,1.34309,1752.39
1779921000,2026-05-27 22:30:00+00:00,1.34309,1.34311,1.3428,1.34282,1697.25
1779922800,2026-05-27 23:00:00+00:00,1.34273,1.34297,1.34229,1.3425,1718.81
1779924600,2026-05-27 23:30:00+00:00,1.3425,1.3427,1.34151,1.34165,1750.99
1779926400,2026-05-28 00:00:00+00:00,1.34158,1.34201,1.341,1.342,1723.88
1779928200,2026-05-28 00:30:00+00:00,1.342,1.34205,1.34124,1.34145,1829.66
1779930000,2026-05-28 01:00:00+00:00,1.34126,1.34131,1.34035,1.34071,1688.53
1779931800,2026-05-28 01:30:00+00:00,1.34071,1.34131,1.33982,1.33982,1744.8899999999999
1779933600,2026-05-28 02:00:00+00:00,1.34005,1.34045,1.34002,1.34011,1735.68
1779935400,2026-05-28 02:30:00+00:00,1.34011,1.34068,1.34002,1.34018,1733.28
1779937200,2026-05-28 03:00:00+00:00,1.34028,1.34028,1.33839,1.33841,1750.89
1779939000,2026-05-28 03:30:00+00:00,1.33841,1.33853,1.33693,1.33693,1736.35
1779940800,2026-05-28 04:00:00+00:00,1.33702,1.33786,1.33688,1.33786,1703.78
1779942600,2026-05-28 04:30:00+00:00,1.33786,1.33786,1.3373,1.33779,1787.49
1779944400,2026-05-28 05:00:00+00:00,1.33779,1.33855,1.33763,1.33837,1724.58
1779946200,2026-05-28 05:30:00+00:00,1.33837,1.33962,1.33812,1.33932,1742.32
1779948000,2026-05-28 06:00:00+00:00,1.33926,1.34001,1.33926,1.33989,1748.28
1779949800,2026-05-28 06:30:00+00:00,1.33989,1.34075,1.33964,1.34052,1715.41
1779951600,2026-05-28 07:00:00+00:00,1.3407,1.34115,1.34022,1.34036,1721.46
1779953400,2026-05-28 07:30:00+00:00,1.34036,1.34054,1.34003,1.3403,1739.6100000000001
1779955200,2026-05-28 08:00:00+00:00,1.34043,1.34072,1.34027,1.3407,1767.48
1779957000,2026-05-28 08:30:00+00:00,1.3407,1.34072,1.33966,1.34027,1769.4
1779958800,2026-05-28 09:00:00+00:00,1.34032,1.34097,1.33955,1.33976,1725.82
1779960600,2026-05-28 09:30:00+00:00,1.33976,1.34093,1.33962,1.33966,1660.8700000000001
1779962400,2026-05-28 10:00:00+00:00,1.33957,1.33987,1.33924,1.33956,1728.88
1779964200,2026-05-28 10:30:00+00:00,1.33956,1.33961,1.33876,1.33897,1739.97
1779966000,2026-05-28 11:00:00+00:00,1.33917,1.34093,1.33917,1.34046,1830.88
1779967800,2026-05-28 11:30:00+00:00,1.34046,1.34093,1.33984,1.34072,1712.15
1779969600,2026-05-28 12:00:00+00:00,1.3407,1.34243,1.34045,1.34178,1709.4
1779971400,2026-05-28 12:30:00+00:00,1.34178,1.34237,1.34105,1.34212,1758.74
1779973200,2026-05-28 13:00:00+00:00,1.34244,1.34266,1.34167,1.34178,1700.59
1779975000,2026-05-28 13:30:00+00:00,1.34178,1.34181,1.34133,1.34133,1726.46
1779976800,2026-05-28 14:00:00+00:00,1.34117,1.34225,1.34086,1.34221,1778.05
1779978600,2026-05-28 14:30:00+00:00,1.34221,1.34445,1.34204,1.34315,1789.36
1779980400,2026-05-28 15:00:00+00:00,1.34362,1.34416,1.34353,1.34385,1764.79
1779982200,2026-05-28 15:30:00+00:00,1.34385,1.34404,1.34344,1.34365,1737.11
1779984000,2026-05-28 16:00:00+00:00,1.34365,1.34425,1.3434,1.34424,1719.51
1779985800,2026-05-28 16:30:00+00:00,1.34424,1.34472,1.34408,1.34468,1732.11
1779987600,2026-05-28 17:00:00+00:00,1.34465,1.34472,1.34421,1.34439,1729.56
1779989400,2026-05-28 17:30:00+00:00,1.34439,1.34477,1.34438,1.34452,1779.21
1779991200,2026-05-28 18:00:00+00:00,1.34452,1.34477,1.34376,1.34461,1733.22
1779993000,2026-05-28 18:30:00+00:00,1.34461,1.34468,1.34389,1.34409,1732.23
1779994800,2026-05-28 19:00:00+00:00,1.34391,1.34441,1.34387,1.34387,1795.03
1779996600,2026-05-28 19:30:00+00:00,1.34387,1.34408,1.34387,1.34396,1725.22
1779998400,2026-05-28 20:00:00+00:00,1.34392,1.34443,1.34392,1.34442,1760.09
1780000200,2026-05-28 20:30:00+00:00,1.34442,1.34447,1.3442,1.34441,1762.48
1780002000,2026-05-28 21:00:00+00:00,1.3445,1.34481,1.34428,1.34431,1765.65
1780003800,2026-05-28 21:30:00+00:00,1.34431,1.34471,1.34407,1.34466,1708.17
1780005600,2026-05-28 22:00:00+00:00,1.3445,1.34474,1.34419,1.34423,1729.24
1780007400,2026-05-28 22:30:00+00:00,1.34423,1.34429,1.34419,1.34423,1757.3799999999999
1780009200,2026-05-28 23:00:00+00:00,1.34428,1.34455,1.34428,1.34437,1728.15
1780011000,2026-05-28 23:30:00+00:00,1.34437,1.34463,1.34436,1.3445,1782.8600000000001
1780012800,2026-05-29 00:00:00+00:00,1.34445,1.34485,1.344,1.34413,1675.5
1780014600,2026-05-29 00:30:00+00:00,1.34413,1.34448,1.3441,1.34416,1681.13
1780016400,2026-05-29 01:00:00+00:00,1.34421,1.34506,1.34392,1.34396,1747.05
1780018200,2026-05-29 01:30:00+00:00,1.34396,1.34409,1.34391,1.34405,1717.26
1780020000,2026-05-29 02:00:00+00:00,1.34414,1.34441,1.344,1.34407,1704.33
1780021800,2026-05-29 02:30:00+00:00,1.34407,1.34415,1.34392,1.34392,1676.01
1780023600,2026-05-29 03:00:00+00:00,1.34391,1.34391,1.34335,1.34335,1775.73
1780025400,2026-05-29 03:30:00+00:00,1.34335,1.34346,1.34317,1.34327,1723.69
1780027200,2026-05-29 04:00:00+00:00,1.34342,1.34387,1.34329,1.34378,1750.6599999999999
1780029000,2026-05-29 04:30:00+00:00,1.34378,1.34387,1.34356,1.34387,1763.84
1780030800,2026-05-29 05:00:00+00:00,1.34387,1.34423,1.34387,1.34398,1755.31
1780032600,2026-05-29 05:30:00+00:00,1.34398,1.34401,1.34371,1.34391,1765.19
1780034400,2026-05-29 06:00:00+00:00,1.34403,1.34435,1.34374,1.34415,1736.6200000000001
1780036200,2026-05-29 06:30:00+00:00,1.34415,1.34445,1.34399,1.34432,1716.02
1780038000,2026-05-29 07:00:00+00:00,1.34394,1.34394,1.34198,1.34212,1714.61
1780039800,2026-05-29 07:30:00+00:00,1.34212,1.34267,1.34206,1.34261,1720.59
1780041600,2026-05-29 08:00:00+00:00,1.3425,1.3425,1.34119,1.34169,1802.01
1780043400,2026-05-29 08:30:00+00:00,1.34169,1.34172,1.3409,1.34115,1833.88
1780045200,2026-05-29 09:00:00+00:00,1.34106,1.34162,1.34106,1.34145,1748.73
1780047000,2026-05-29 09:30:00+00:00,1.34145,1.34194,1.3414,1.34194,1754.58
1780048800,2026-05-29 10:00:00+00:00,1.34165,1.34185,1.34106,1.34183,1734.9
1780050600,2026-05-29 10:30:00+00:00,1.34183,1.34187,1.34149,1.34187,1719.32
1780052400,2026-05-29 11:00:00+00:00,1.3416,1.34205,1.3416,1.34186,1735.21
1780054200,2026-05-29 11:30:00+00:00,1.34186,1.343,1.3416,1.343,1755.86
1780056000,2026-05-29 12:00:00+00:00,1.34228,1.34345,1.34228,1.34341,1713.43
1780057800,2026-05-29 12:30:00+00:00,1.34341,1.34345,1.34333,1.34345,1739.0
1780059600,2026-05-29 13:00:00+00:00,1.34351,1.34465,1.34347,1.34365,1744.97
1780061400,2026-05-29 13:30:00+00:00,1.34365,1.34423,1.34335,1.34405,1759.3899999999999
1780063200,2026-05-29 14:00:00+00:00,1.34394,1.34547,1.34306,1.34382,1805.43
1780065000,2026-05-29 14:30:00+00:00,1.34382,1.34795,1.34343,1.34795,1717.61
1780066800,2026-05-29 15:00:00+00:00,1.34807,1.34849,1.34801,1.34849,1677.3
1780068600,2026-05-29 15:30:00+00:00,1.34849,1.34849,1.34715,1.34751,1732.88
1780070400,2026-05-29 16:00:00+00:00,1.34751,1.34751,1.34681,1.34747,1704.51
1780072200,2026-05-29 16:30:00+00:00,1.34747,1.3475,1.34657,1.34678,1761.89
1780074000,2026-05-29 17:00:00+00:00,1.34689,1.3469,1.34642,1.34665,1815.5
1780075800,2026-05-29 17:30:00+00:00,1.34665,1.34702,1.3457,1.34575,1728.93
1780077600,2026-05-29 18:00:00+00:00,1.34566,1.34641,1.34562,1.34639,1772.01
1780079400,2026-05-29 18:30:00+00:00,1.34639,1.34646,1.34615,1.34626,1656.21
1780081200,2026-05-29 19:00:00+00:00,1.3462,1.3469,1.3462,1.34647,1725.03
1780083000,2026-05-29 19:30:00+00:00,1.34647,1.34713,1.3462,1.34684,1725.33
1780084800,2026-05-29 20:00:00+00:00,1.34682,1.34682,1.34643,1.34651,1723.02
1780086600,2026-05-29 20:30:00+00:00,1.34651,1.34669,1.34546,1.34559,1695.26
1780088400,2026-05-29 21:00:00+00:00,1.3457,1.3457,1.3457,1.3457,1709.76
1780090200,2026-05-29 21:30:00+00:00,1.3457,1.3457,1.3457,1.3457,1769.58
1780268400,2026-05-31 23:00:00+00:00,1.34497,1.34553,1.34488,1.34529,1718.68
1780270200,2026-05-31 23:30:00+00:00,1.34529,1.34535,1.34498,1.34512,1746.82
1780272000,2026-06-01 00:00:00+00:00,1.34503,1.34532,1.34465,1.34523,1738.09
1780273800,2026-06-01 00:30:00+00:00,1.34523,1.34542,1.34501,1.34515,1733.69
1780275600,2026-06-01 01:00:00+00:00,1.34512,1.34531,1.345,1.3452,1718.51
1780277400,2026-06-01 01:30:00+00:00,1.3452,1.34539,1.3449,1.34539,1781.98
1780279200,2026-06-01 02:00:00+00:00,1.34544,1.34562,1.34537,1.3456,1731.32
1780281000,2026-06-01 02:30:00+00:00,1.3456,1.34568,1.34559,1.34561,1723.67
1780282800,2026-06-01 03:00:00+00:00,1.34568,1.34594,1.34517,1.34561,1773.91
1780284600,2026-06-01 03:30:00+00:00,1.34561,1.34597,1.34503,1.34503,1713.08
1780286400,2026-06-01 04:00:00+00:00,1.34506,1.34525,1.34506,1.34521,1787.57
1780288200,2026-06-01 04:30:00+00:00,1.34521,1.3458,1.34509,1.34577,1717.96
1780290000,2026-06-01 05:00:00+00:00,1.34575,1.3466,1.34575,1.34645,1726.82
1780291800,2026-06-01 05:30:00+00:00,1.34645,1.3466,1.34615,1.34633,1706.54
1780293600,2026-06-01 06:00:00+00:00,1.34651,1.3468,1.34601,1.34668,1710.3
1780295400,2026-06-01 06:30:00+00:00,1.34668,1.34765,1.34593,1.34729,1650.29
1780297200,2026-06-01 07:00:00+00:00,1.34691,1.34704,1.34637,1.34704,1750.05
1780299000,2026-06-01 07:30:00+00:00,1.34704,1.34704,1.34568,1.34606,1731.75
1780300800,2026-06-01 08:00:00+00:00,1.34613,1.34656,1.34611,1.34654,1743.01
1780302600,2026-06-01 08:30:00+00:00,1.34654,1.34733,1.34641,1.34713,1655.62
1780304400,2026-06-01 09:00:00+00:00,1.34745,1.34755,1.34688,1.34707,1726.3
1780306200,2026-06-01 09:30:00+00:00,1.34707,1.3471,1.34582,1.34602,1797.51
1780308000,2026-06-01 10:00:00+00:00,1.34608,1.34657,1.34567,1.3457,1792.04
1780309800,2026-06-01 10:30:00+00:00,1.3457,1.34636,1.34564,1.34633,1758.17
1780311600,2026-06-01 11:00:00+00:00,1.34631,1.34667,1.34608,1.3466,1727.8
1780313400,2026-06-01 11:30:00+00:00,1.3466,1.34667,1.3463,1.34658,1696.34
1780315200,2026-06-01 12:00:00+00:00,1.34673,1.34691,1.34645,1.34686,1793.18
1780317000,2026-06-01 12:30:00+00:00,1.34686,1.34687,1.34635,1.34646,1710.49
1780318800,2026-06-01 13:00:00+00:00,1.34622,1.34624,1.34342,1.34342,1753.33
1780320600,2026-06-01 13:30:00+00:00,1.34342,1.34453,1.34117,1.34165,1816.16
1780322400,2026-06-01 14:00:00+00:00,1.34115,1.34314,1.34093,1.34285,1700.21
1780324200,2026-06-01 14:30:00+00:00,1.34285,1.34369,1.34264,1.34369,1730.23
1780326000,2026-06-01 15:00:00+00:00,1.34376,1.34522,1.34342,1.34439,1746.16
1780327800,2026-06-01 15:30:00+00:00,1.34439,1.34541,1.34422,1.34501,1739.56
1780329600,2026-06-01 16:00:00+00:00,1.34519,1.34595,1.34445,1.34517,1778.74
1780331400,2026-06-01 16:30:00+00:00,1.34517,1.34631,1.3441,1.34611,1764.05
1780333200,2026-06-01 17:00:00+00:00,1.34613,1.34698,1.34542,1.34597,1698.73
1780335000,2026-06-01 17:30:00+00:00,1.34597,1.34681,1.34596,1.34658,1720.37
1780336800,2026-06-01 18:00:00+00:00,1.34644,1.34662,1.34586,1.34587,1740.21
1780338600,2026-06-01 18:30:00+00:00,1.34587,1.34609,1.34586,1.34586,1682.67
1780340400,2026-06-01 19:00:00+00:00,1.34566,1.34615,1.34546,1.34614,1757.6499999999999
1780342200,2026-06-01 19:30:00+00:00,1.34614,1.34615,1.34591,1.34595,1671.51
1780344000,2026-06-01 20:00:00+00:00,1.34613,1.34613,1.34561,1.34568,1731.81
1780345800,2026-06-01 20:30:00+00:00,1.34568,1.34569,1.34553,1.34559,1731.29
1780347600,2026-06-01 21:00:00+00:00,1.34662,1.34662,1.34533,1.34547,1682.69
1780349400,2026-06-01 21:30:00+00:00,1.34547,1.34656,1.34543,1.34577,1780.27
1780351200,2026-06-01 22:00:00+00:00,1.34591,1.34594,1.34564,1.34594,1700.99
1780353000,2026-06-01 22:30:00+00:00,1.34594,1.34595,1.34576,1.34586,1735.84
1780354800,2026-06-01 23:00:00+00:00,1.346,1.34607,1.34591,1.34604,1787.67
1780356600,2026-06-01 23:30:00+00:00,1.34604,1.34608,1.34573,1.34602,1764.73
1780358400,2026-06-02 00:00:00+00:00,1.34613,1.34622,1.3455,1.34551,1810.9
1780360200,2026-06-02 00:30:00+00:00,1.34551,1.34566,1.34541,1.34542,1759.31
1780362000,2026-06-02 01:00:00+00:00,1.34553,1.34613,1.34519,1.34523,1732.6299999999999
1780363800,2026-06-02 01:30:00+00:00,1.34523,1.34556,1.34519,1.34526,1734.62
1780365600,2026-06-02 02:00:00+00:00,1.34542,1.34562,1.34528,1.34537,1764.19
1780367400,2026-06-02 02:30:00+00:00,1.34537,1.3454,1.34521,1.34539,1751.95
1780369200,2026-06-02 03:00:00+00:00,1.34546,1.34552,1.34539,1.34551,1761.4
1780371000,2026-06-02 03:30:00+00:00,1.34551,1.34588,1.34548,1.34586,1701.06
1780372800,2026-06-02 04:00:00+00:00,1.34582,1.34633,1.34582,1.34626,1742.1
1780374600,2026-06-02 04:30:00+00:00,1.34626,1.34647,1.34616,1.34646,1687.78
1780376400,2026-06-02 05:00:00+00:00,1.34642,1.34645,1.34617,1.34636,1712.46
1780378200,2026-06-02 05:30:00+00:00,1.34636,1.34673,1.34617,1.34617,1774.9
1780380000,2026-06-02 06:00:00+00:00,1.34644,1.34734,1.3464,1.34697,1744.06
1780381800,2026-06-02 06:30:00+00:00,1.34697,1.3482,1.34692,1.34784,1734.71
1780383600,2026-06-02 07:00:00+00:00,1.3478,1.34787,1.34715,1.34741,1752.28
1780385400,2026-06-02 07:30:00+00:00,1.34741,1.34753,1.34684,1.34724,1720.2
1780387200,2026-06-02 08:00:00+00:00,1.34729,1.3476,1.3462,1.34622,1734.16
1780389000,2026-06-02 08:30:00+00:00,1.34622,1.34659,1.3462,1.34635,1751.3
1780390800,2026-06-02 09:00:00+00:00,1.34618,1.34713,1.34618,1.34686,1770.1299999999999
1780392600,2026-06-02 09:30:00+00:00,1.34686,1.34713,1.34671,1.34713,1704.73
1780394400,2026-06-02 10:00:00+00:00,1.34684,1.34745,1.34673,1.34676,1740.77
1780396200,2026-06-02 10:30:00+00:00,1.34676,1.34689,1.34673,1.34686,1770.06
1780398000,2026-06-02 11:00:00+00:00,1.34689,1.34702,1.34664,1.3469,1808.11
1780399800,2026-06-02 11:30:00+00:00,1.3469,1.34773,1.34684,1.34744,1778.32
1780401600,2026-06-02 12:00:00+00:00,1.34751,1.34773,1.34722,1.34732,1687.44
1780403400,2026-06-02 12:30:00+00:00,1.34732,1.34744,1.34718,1.34722,1728.69
1780405200,2026-06-02 13:00:00+00:00,1.34729,1.3478,1.34725,1.34738,1707.8
1780407000,2026-06-02 13:30:00+00:00,1.34738,1.34745,1.34686,1.34707,1683.09
1780408800,2026-06-02 14:00:00+00:00,1.34657,1.34798,1.34657,1.34798,1704.71
1780410600,2026-06-02 14:30:00+00:00,1.34798,1.34798,1.34676,1.3472,1746.48
1780412400,2026-06-02 15:00:00+00:00,1.34733,1.34755,1.34731,1.34748,1727.11
1780414200,2026-06-02 15:30:00+00:00,1.34748,1.34804,1.34731,1.34798,1734.67
1780416000,2026-06-02 16:00:00+00:00,1.34775,1.34798,1.34655,1.34769,1715.04
1780417800,2026-06-02 16:30:00+00:00,1.34769,1.34788,1.34653,1.34664,1730.26
1780419600,2026-06-02 17:00:00+00:00,1.3468,1.3468,1.3462,1.34622,1763.6100000000001
1780421400,2026-06-02 17:30:00+00:00,1.34622,1.34625,1.3458,1.34597,1702.63
1780423200,2026-06-02 18:00:00+00:00,1.34609,1.34655,1.34542,1.34653,1693.87
1780425000,2026-06-02 18:30:00+00:00,1.34653,1.34706,1.34615,1.34695,1719.41
1780426800,2026-06-02 19:00:00+00:00,1.34704,1.34729,1.34678,1.34682,1753.51
1780428600,2026-06-02 19:30:00+00:00,1.34682,1.34699,1.34678,1.34693,1711.85
1780430400,2026-06-02 20:00:00+00:00,1.34693,1.3472,1.34679,1.34701,1701.66
1780432200,2026-06-02 20:30:00+00:00,1.34701,1.34722,1.34644,1.34651,1773.57
1780434000,2026-06-02 21:00:00+00:00,1.34667,1.34704,1.34642,1.34642,1845.95
1780435800,2026-06-02 21:30:00+00:00,1.34642,1.3467,1.34638,1.34666,1757.46
1780437600,2026-06-02 22:00:00+00:00,1.34677,1.34682,1.34637,1.3464,1748.06
1780439400,2026-06-02 22:30:00+00:00,1.3464,1.34651,1.34631,1.34649,1720.3
1780441200,2026-06-02 23:00:00+00:00,1.34624,1.34628,1.34519,1.3453,1703.35
1780443000,2026-06-02 23:30:00+00:00,1.3453,1.34625,1.3452,1.34535,1767.37
1780444800,2026-06-03 00:00:00+00:00,1.34541,1.34664,1.34541,1.34582,1742.0
1780446600,2026-06-03 00:30:00+00:00,1.34582,1.34673,1.34558,1.34666,1719.26
1780448400,2026-06-03 01:00:00+00:00,1.34647,1.34708,1.34638,1.34653,1740.1100000000001
1780450200,2026-06-03 01:30:00+00:00,1.34653,1.3472,1.34631,1.34675,1699.1
1780452000,2026-06-03 02:00:00+00:00,1.34713,1.34713,1.34625,1.3466,1787.94
1780453800,2026-06-03 02:30:00+00:00,1.3466,1.34684,1.3462,1.34642,1783.24
1780455600,2026-06-03 03:00:00+00:00,1.34631,1.34639,1.34617,1.34631,1779.73
1780457400,2026-06-03 03:30:00+00:00,1.34631,1.34653,1.34625,1.34642,1704.45
1780459200,2026-06-03 04:00:00+00:00,1.34642,1.34642,1.34612,1.34624,1698.48
1780461000,2026-06-03 04:30:00+00:00,1.34624,1.34629,1.34593,1.34617,1786.75
1780462800,2026-06-03 05:00:00+00:00,1.34604,1.34633,1.34541,1.34608,1762.21
1780464600,2026-06-03 05:30:00+00:00,1.34608,1.34614,1.34503,1.34503,1790.48
1780466400,2026-06-03 06:00:00+00:00,1.34506,1.34532,1.34499,1.34515,1786.6299999999999
1780468200,2026-06-03 06:30:00+00:00,1.34515,1.34519,1.34382,1.34501,1696.03
1780470000,2026-06-03 07:00:00+00:00,1.34485,1.34576,1.3445,1.3455,1669.95
1780471800,2026-06-03 07:30:00+00:00,1.3455,1.34624,1.34533,1.34562,1821.84
1780473600,2026-06-03 08:00:00+00:00,1.34573,1.34573,1.34426,1.34443,1698.92
1780475400,2026-06-03 08:30:00+00:00,1.34443,1.3448,1.34412,1.34432,1815.51
1780477200,2026-06-03 09:00:00+00:00,1.34448,1.34508,1.34448,1.34461,1733.42
1780479000,2026-06-03 09:30:00+00:00,1.34461,1.34476,1.34448,1.34475,1744.91
1780480800,2026-06-03 10:00:00+00:00,1.34479,1.34569,1.34468,1.34489,1700.53
1780482600,2026-06-03 10:30:00+00:00,1.34489,1.346,1.34481,1.34508,1727.22
1780484400,2026-06-03 11:00:00+00:00,1.34508,1.34517,1.34494,1.34496,1761.6100000000001
1780486200,2026-06-03 11:30:00+00:00,1.34496,1.34561,1.34494,1.34499,1751.22
1780488000,2026-06-03 12:00:00+00:00,1.34492,1.34497,1.34373,1.34375,1701.29
1780489800,2026-06-03 12:30:00+00:00,1.34375,1.34414,1.34295,1.34326,1696.63
1780491600,2026-06-03 13:00:00+00:00,1.34315,1.34363,1.34239,1.34242,1755.6599999999999
1780493400,2026-06-03 13:30:00+00:00,1.34242,1.34302,1.34239,1.34277,1667.33
1780495200,2026-06-03 14:00:00+00:00,1.34291,1.34372,1.34226,1.34347,1714.1399999999999
1780497000,2026-06-03 14:30:00+00:00,1.34347,1.34372,1.34248,1.34372,1699.0
1780498800,2026-06-03 15:00:00+00:00,1.34358,1.34373,1.34268,1.34359,1807.98
1780500600,2026-06-03 15:30:00+00:00,1.34359,1.34396,1.34336,1.34342,1686.21
1780502400,2026-06-03 16:00:00+00:00,1.3434,1.3434,1.34173,1.34174,1717.12
1780504200,2026-06-03 16:30:00+00:00,1.34174,1.34295,1.34163,1.34225,1827.93
1780506000,2026-06-03 17:00:00+00:00,1.34232,1.3428,1.34154,1.34154,1747.61
1780507800,2026-06-03 17:30:00+00:00,1.34154,1.34182,1.34154,1.34165,1728.02
1780509600,2026-06-03 18:00:00+00:00,1.34174,1.34178,1.34135,1.34174,1723.71
1780511400,2026-06-03 18:30:00+00:00,1.34174,1.34185,1.34171,1.34172,1747.16
1780513200,2026-06-03 19:00:00+00:00,1.34174,1.34212,1.34174,1.3421,1721.11
1780515000,2026-06-03 19:30:00+00:00,1.3421,1.34212,1.34187,1.34203,1750.61
1780516800,2026-06-03 20:00:00+00:00,1.34208,1.34214,1.34179,1.3418,1693.72
1780518600,2026-06-03 20:30:00+00:00,1.3418,1.34202,1.34162,1.34178,1789.12
1780520400,2026-06-03 21:00:00+00:00,1.34237,1.34237,1.34158,1.34171,1798.57
1780522200,2026-06-03 21:30:00+00:00,1.34171,1.34185,1.34158,1.34181,1713.02
1780524000,2026-06-03 22:00:00+00:00,1.34174,1.34214,1.34126,1.34202,1683.42
1780525800,2026-06-03 22:30:00+00:00,1.34202,1.34243,1.34167,1.34212,1735.8
1780527600,2026-06-03 23:00:00+00:00,1.34228,1.3427,1.34185,1.34264,1685.51
1780529400,2026-06-03 23:30:00+00:00,1.34264,1.34284,1.34261,1.34271,1777.56
1780531200,2026-06-04 00:00:00+00:00,1.34279,1.34297,1.34239,1.34285,1744.19
1780533000,2026-06-04 00:30:00+00:00,1.34285,1.34315,1.34262,1.34266,1696.23
1780534800,2026-06-04 01:00:00+00:00,1.34235,1.34271,1.34232,1.3427,1746.04
1780536600,2026-06-04 01:30:00+00:00,1.3427,1.34277,1.34256,1.34271,1723.75
1780538400,2026-06-04 02:00:00+00:00,1.34248,1.34268,1.34228,1.34255,1751.24
1780540200,2026-06-04 02:30:00+00:00,1.34255,1.34275,1.34239,1.34264,1735.8700000000001
1780542000,2026-06-04 03:00:00+00:00,1.34253,1.34259,1.3418,1.3418,1777.32
1780543800,2026-06-04 03:30:00+00:00,1.3418,1.34244,1.3418,1.34241,1654.76
1780545600,2026-06-04 04:00:00+00:00,1.3423,1.34315,1.3423,1.34294,1761.95
1780547400,2026-06-04 04:30:00+00:00,1.34294,1.34315,1.34264,1.34315,1754.35
1780549200,2026-06-04 05:00:00+00:00,1.34322,1.34322,1.34241,1.34315,1746.5
1780551000,2026-06-04 05:30:00+00:00,1.34315,1.34322,1.34216,1.34279,1780.61
1780552800,2026-06-04 06:00:00+00:00,1.34291,1.34319,1.3425,1.34317,1798.01
1780554600,2026-06-04 06:30:00+00:00,1.34317,1.34353,1.3425,1.3428,1748.12
1780556400,2026-06-04 07:00:00+00:00,1.34295,1.34297,1.34146,1.3417,1723.13
1780558200,2026-06-04 07:30:00+00:00,1.3417,1.34268,1.34124,1.34225,1811.04
1780560000,2026-06-04 08:00:00+00:00,1.34234,1.3428,1.34234,1.34259,1737.42
1780561800,2026-06-04 08:30:00+00:00,1.34259,1.34349,1.34245,1.34315,1682.65
1780563600,2026-06-04 09:00:00+00:00,1.34326,1.34373,1.34324,1.34347,1721.8
1780565400,2026-06-04 09:30:00+00:00,1.34347,1.34421,1.34338,1.34372,1757.44
1780567200,2026-06-04 10:00:00+00:00,1.34362,1.34439,1.34349,1.34354,1707.09
1780569000,2026-06-04 10:30:00+00:00,1.34354,1.34439,1.34349,1.34439,1785.34
1780570800,2026-06-04 11:00:00+00:00,1.34452,1.34598,1.34452,1.3454,1718.3600000000001
1780572600,2026-06-04 11:30:00+00:00,1.3454,1.3462,1.34523,1.34595,1732.93
1780574400,2026-06-04 12:00:00+00:00,1.34626,1.34626,1.34573,1.34609,1761.94
1780576200,2026-06-04 12:30:00+00:00,1.34609,1.34626,1.34532,1.3457,1708.66
1780578000,2026-06-04 13:00:00+00:00,1.34562,1.34571,1.34512,1.34536,1774.22
1780579800,2026-06-04 13:30:00+00:00,1.34536,1.3456,1.34494,1.34526,1710.89
1780581600,2026-06-04 14:00:00+00:00,1.34526,1.34526,1.34505,1.34517,1724.03
1780583400,2026-06-04 14:30:00+00:00,1.34517,1.34518,1.34371,1.34447,1765.19
1780585200,2026-06-04 15:00:00+00:00,1.3443,1.3443,1.34309,1.34362,1734.1100000000001
1780587000,2026-06-04 15:30:00+00:00,1.34362,1.3443,1.34342,1.34389,1720.23
1780588800,2026-06-04 16:00:00+00:00,1.34385,1.34423,1.34385,1.34394,1704.04
1780590600,2026-06-04 16:30:00+00:00,1.34394,1.34398,1.34349,1.34363,1697.25
1780592400,2026-06-04 17:00:00+00:00,1.34356,1.34365,1.34341,1.34343,1791.45
1780594200,2026-06-04 17:30:00+00:00,1.34343,1.34347,1.34275,1.3428,1765.84
1780596000,2026-06-04 18:00:00+00:00,1.34271,1.34288,1.34263,1.34268,1705.6299999999999
1780597800,2026-06-04 18:30:00+00:00,1.34268,1.34276,1.34244,1.34252,1712.71
1780599600,2026-06-04 19:00:00+00:00,1.34259,1.34266,1.34254,1.34257,1735.27
1780601400,2026-06-04 19:30:00+00:00,1.34257,1.3426,1.34223,1.34244,1746.09
1780603200,2026-06-04 20:00:00+00:00,1.34241,1.34253,1.34215,1.34251,1775.24
1780605000,2026-06-04 20:30:00+00:00,1.34251,1.34253,1.34212,1.34244,1765.1399999999999
1780606800,2026-06-04 21:00:00+00:00,1.34252,1.3429,1.34226,1.34279,1722.28
1780608600,2026-06-04 21:30:00+00:00,1.34279,1.34302,1.34252,1.34255,1720.34
1780610400,2026-06-04 22:00:00+00:00,1.34232,1.34253,1.34228,1.34231,1740.89
1780612200,2026-06-04 22:30:00+00:00,1.34231,1.34266,1.34228,1.34239,1755.12
1780614000,2026-06-04 23:00:00+00:00,1.34246,1.34255,1.34229,1.34229,1756.81
1780615800,2026-06-04 23:30:00+00:00,1.34229,1.34235,1.34226,1.34234,1741.39
1780617600,2026-06-05 00:00:00+00:00,1.34221,1.34241,1.3422,1.34233,1748.06
1780619400,2026-06-05 00:30:00+00:00,1.34233,1.34241,1.34189,1.34237,1704.7
1780621200,2026-06-05 01:00:00+00:00,1.34232,1.34241,1.34174,1.34176,1723.8
1780623000,2026-06-05 01:30:00+00:00,1.34176,1.34255,1.34172,1.34237,1730.38
1780624800,2026-06-05 02:00:00+00:00,1.34237,1.34286,1.34237,1.34273,1712.95
1780626600,2026-06-05 02:30:00+00:00,1.34273,1.34278,1.34249,1.3425,1772.62
1780628400,2026-06-05 03:00:00+00:00,1.34244,1.34265,1.34238,1.34243,1811.89
1780630200,2026-06-05 03:30:00+00:00,1.34243,1.34277,1.34237,1.34268,1709.45
1780632000,2026-06-05 04:00:00+00:00,1.34279,1.34296,1.34266,1.34291,1743.34
1780633800,2026-06-05 04:30:00+00:00,1.34291,1.34313,1.34282,1.34298,1735.14
1780635600,2026-06-05 05:00:00+00:00,1.34289,1.34317,1.34261,1.34263,1802.69
1780637400,2026-06-05 05:30:00+00:00,1.34263,1.34271,1.34261,1.34261,1698.02
1780639200,2026-06-05 06:00:00+00:00,1.3425,1.34353,1.34246,1.34326,1729.63
1780641000,2026-06-05 06:30:00+00:00,1.34326,1.3436,1.3432,1.34358,1769.1299999999999
1780642800,2026-06-05 07:00:00+00:00,1.34358,1.34384,1.34349,1.34355,1790.44
1780644600,2026-06-05 07:30:00+00:00,1.34355,1.34486,1.34349,1.34457,1717.34
1780646400,2026-06-05 08:00:00+00:00,1.34459,1.34527,1.34459,1.34515,1745.26
1780648200,2026-06-05 08:30:00+00:00,1.34515,1.34584,1.34514,1.34559,1795.42
1780650000,2026-06-05 09:00:00+00:00,1.34541,1.34613,1.34532,1.34609,1765.88
1780651800,2026-06-05 09:30:00+00:00,1.34609,1.34678,1.34605,1.34647,1771.59
1780653600,2026-06-05 10:00:00+00:00,1.34651,1.34828,1.34651,1.34784,1725.4
1780655400,2026-06-05 10:30:00+00:00,1.34784,1.34831,1.34695,1.34744,1764.19
1780657200,2026-06-05 11:00:00+00:00,1.34751,1.34751,1.34714,1.3474,1745.52
1780659000,2026-06-05 11:30:00+00:00,1.3474,1.34741,1.34675,1.34678,1736.24
1780660800,2026-06-05 12:00:00+00:00,1.34687,1.34687,1.34261,1.34263,1790.63
1780662600,2026-06-05 12:30:00+00:00,1.34263,1.34334,1.34059,1.34059,1734.54
1780664400,2026-06-05 13:00:00+00:00,1.34041,1.34216,1.33968,1.33982,1734.8
1780666200,2026-06-05 13:30:00+00:00,1.33982,1.34053,1.33955,1.34002,1660.69
1780668000,2026-06-05 14:00:00+00:00,1.33996,1.34075,1.33984,1.34004,1730.18
1780669800,2026-06-05 14:30:00+00:00,1.34004,1.34027,1.33813,1.33863,1709.74
1780671600,2026-06-05 15:00:00+00:00,1.33869,1.33869,1.33636,1.3369,1796.97
1780673400,2026-06-05 15:30:00+00:00,1.3369,1.33827,1.33579,1.33593,1715.96
1780675200,2026-06-05 16:00:00+00:00,1.33563,1.33567,1.33419,1.33461,1711.71
1780677000,2026-06-05 16:30:00+00:00,1.33461,1.33593,1.33456,1.33558,1739.25
1780678800,2026-06-05 17:00:00+00:00,1.33552,1.33558,1.33387,1.33398,1768.32
1780680600,2026-06-05 17:30:00+00:00,1.33398,1.33498,1.33383,1.33413,1720.69
1780682400,2026-06-05 18:00:00+00:00,1.33422,1.33437,1.33371,1.33377,1736.24
1780684200,2026-06-05 18:30:00+00:00,1.33377,1.33395,1.33346,1.33372,1739.7
1780686000,2026-06-05 19:00:00+00:00,1.33371,1.33416,1.33312,1.33413,1697.25
1780687800,2026-06-05 19:30:00+00:00,1.33413,1.33417,1.33337,1.33385,1670.49
1780689600,2026-06-05 20:00:00+00:00,1.33372,1.33422,1.33323,1.33416,1782.73
1780691400,2026-06-05 20:30:00+00:00,1.33416,1.33422,1.33317,1.33372,1745.33
1780693200,2026-06-05 21:00:00+00:00,1.33362,1.33362,1.33362,1.33362,1744.38
1780695000,2026-06-05 21:30:00+00:00,1.33362,1.33362,1.33362,1.33362,1759.62
1780873200,2026-06-07 23:00:00+00:00,1.33255,1.33318,1.33253,1.33306,1701.77
1780875000,2026-06-07 23:30:00+00:00,1.33306,1.3336,1.33273,1.33356,1687.0
1780876800,2026-06-08 00:00:00+00:00,1.33356,1.33404,1.33356,1.33381,1689.45
1780878600,2026-06-08 00:30:00+00:00,1.33381,1.33488,1.33375,1.33486,1724.48
1780880400,2026-06-08 01:00:00+00:00,1.33501,1.33504,1.33324,1.33324,1720.85
1780882200,2026-06-08 01:30:00+00:00,1.33324,1.3345,1.33198,1.3336,1723.62
1780884000,2026-06-08 02:00:00+00:00,1.33372,1.33426,1.33337,1.33388,1802.99
1780885800,2026-06-08 02:30:00+00:00,1.33388,1.33426,1.33287,1.33419,1728.81
1780887600,2026-06-08 03:00:00+00:00,1.33403,1.33424,1.33376,1.33377,1707.1
1780889400,2026-06-08 03:30:00+00:00,1.33377,1.33424,1.33355,1.33417,1755.95
1780891200,2026-06-08 04:00:00+00:00,1.33417,1.3346,1.33395,1.33455,1739.48
1780893000,2026-06-08 04:30:00+00:00,1.33455,1.33455,1.3339,1.33397,1743.6
1780894800,2026-06-08 05:00:00+00:00,1.33404,1.33485,1.33259,1.33299,1767.7
1780896600,2026-06-08 05:30:00+00:00,1.33299,1.33433,1.33259,1.33271,1721.7
1780898400,2026-06-08 06:00:00+00:00,1.33271,1.33312,1.33211,1.33312,1762.6299999999999
1780900200,2026-06-08 06:30:00+00:00,1.33312,1.33312,1.33234,1.33236,1731.35
1780902000,2026-06-08 07:00:00+00:00,1.3323,1.3347,1.3323,1.3323,1760.36
1780903800,2026-06-08 07:30:00+00:00,1.3323,1.33386,1.3323,1.33292,1746.75
1780905600,2026-06-08 08:00:00+00:00,1.33344,1.33344,1.33231,1.33242,1819.86
1780907400,2026-06-08 08:30:00+00:00,1.33242,1.3325,1.33216,1.33241,1710.47
1780909200,2026-06-08 09:00:00+00:00,1.3322,1.33276,1.33073,1.33276,1790.08
1780911000,2026-06-08 09:30:00+00:00,1.33276,1.33276,1.33164,1.33276,1702.52
1780912800,2026-06-08 10:00:00+00:00,1.33276,1.33447,1.33255,1.33398,1719.82
1780914600,2026-06-08 10:30:00+00:00,1.33398,1.3343,1.33347,1.33422,1727.28
1780916400,2026-06-08 11:00:00+00:00,1.33417,1.33626,1.33413,1.33542,1744.82
1780918200,2026-06-08 11:30:00+00:00,1.33542,1.33695,1.33439,1.33618,1738.89
1780920000,2026-06-08 12:00:00+00:00,1.33609,1.33618,1.33461,1.3347,1735.49
1780921800,2026-06-08 12:30:00+00:00,1.3347,1.33676,1.33461,1.3349,1752.31
1780923600,2026-06-08 13:00:00+00:00,1.33511,1.33654,1.3349,1.33501,1679.25
1780925400,2026-06-08 13:30:00+00:00,1.33501,1.33543,1.3349,1.33535,1726.63
1780927200,2026-06-08 14:00:00+00:00,1.33517,1.33583,1.33399,1.33419,1744.0
1780929000,2026-06-08 14:30:00+00:00,1.33419,1.33445,1.33399,1.33435,1716.83
1780930800,2026-06-08 15:00:00+00:00,1.3344,1.33447,1.33362,1.33375,1722.24
1780932600,2026-06-08 15:30:00+00:00,1.33375,1.33502,1.33371,1.33494,1723.77
1780934400,2026-06-08 16:00:00+00:00,1.33472,1.33483,1.33433,1.33442,1719.8700000000001
1780936200,2026-06-08 16:30:00+00:00,1.33442,1.33466,1.33433,1.33433,1799.24
1780938000,2026-06-08 17:00:00+00:00,1.33445,1.33463,1.33423,1.33425,1725.73
1780939800,2026-06-08 17:30:00+00:00,1.33425,1.33469,1.33415,1.33456,1765.25
1780941600,2026-06-08 18:00:00+00:00,1.33463,1.33526,1.33432,1.33507,1751.59
1780943400,2026-06-08 18:30:00+00:00,1.33507,1.33513,1.33408,1.3341,1769.94
1780945200,2026-06-08 19:00:00+00:00,1.33396,1.33444,1.33396,1.33444,1810.47
1780947000,2026-06-08 19:30:00+00:00,1.33444,1.33444,1.33403,1.33419,1751.83
1780948800,2026-06-08 20:00:00+00:00,1.33419,1.33419,1.33392,1.33403,1696.04
1780950600,2026-06-08 20:30:00+00:00,1.33403,1.33437,1.33394,1.33396,1775.15
1780952400,2026-06-08 21:00:00+00:00,1.33413,1.33501,1.33385,1.33391,1686.32
1780954200,2026-06-08 21:30:00+00:00,1.33391,1.33531,1.33385,1.33396,1762.95
1780956000,2026-06-08 22:00:00+00:00,1.33404,1.33415,1.33388,1.33414,1779.41
1780957800,2026-06-08 22:30:00+00:00,1.33414,1.33415,1.33392,1.33412,1725.84
1780959600,2026-06-08 23:00:00+00:00,1.33413,1.33415,1.3339,1.33404,1727.86
1780961400,2026-06-08 23:30:00+00:00,1.33404,1.33405,1.33337,1.33337,1764.87
1780963200,2026-06-09 00:00:00+00:00,1.33337,1.33358,1.33323,1.33341,1666.31
1780965000,2026-06-09 00:30:00+00:00,1.33341,1.33369,1.33325,1.33369,1802.93
1780966800,2026-06-09 01:00:00+00:00,1.33367,1.3341,1.33367,1.33408,1772.95
1780968600,2026-06-09 01:30:00+00:00,1.33408,1.33506,1.33406,1.33506,1749.27
1780970400,2026-06-09 02:00:00+00:00,1.33515,1.33535,1.33506,1.33526,1740.52
1780972200,2026-06-09 02:30:00+00:00,1.33526,1.33535,1.33486,1.33495,1724.33
1780974000,2026-06-09 03:00:00+00:00,1.3349,1.33492,1.33463,1.33482,1649.84
1780975800,2026-06-09 03:30:00+00:00,1.33482,1.33522,1.33474,1.33494,1728.31
1780977600,2026-06-09 04:00:00+00:00,1.33501,1.33564,1.33487,1.33499,1782.16
1780979400,2026-06-09 04:30:00+00:00,1.33499,1.33634,1.33481,1.33599,1758.3
1780981200,2026-06-09 05:00:00+00:00,1.33606,1.33651,1.33565,1.33577,1828.21
1780983000,2026-06-09 05:30:00+00:00,1.33577,1.33621,1.33565,1.33617,1728.46
1780984800,2026-06-09 06:00:00+00:00,1.33615,1.33641,1.33593,1.33632,1756.93
1780986600,2026-06-09 06:30:00+00:00,1.33632,1.33749,1.3361,1.33624,1713.88
1780988400,2026-06-09 07:00:00+00:00,1.33633,1.33655,1.33595,1.33649,1762.44
1780990200,2026-06-09 07:30:00+00:00,1.33649,1.33733,1.33629,1.33684,1799.28
1780992000,2026-06-09 08:00:00+00:00,1.33683,1.33798,1.33661,1.33778,1781.18
1780993800,2026-06-09 08:30:00+00:00,1.33778,1.3382,1.3377,1.33801,1710.48
1780995600,2026-06-09 09:00:00+00:00,1.33804,1.33831,1.33803,1.33817,1681.41
1780997400,2026-06-09 09:30:00+00:00,1.33817,1.33919,1.33815,1.3388,1731.81
1780999200,2026-06-09 10:00:00+00:00,1.33862,1.33973,1.33862,1.33943,1697.78
1781001000,2026-06-09 10:30:00+00:00,1.33943,1.33965,1.33916,1.33955,1715.37
1781002800,2026-06-09 11:00:00+00:00,1.33958,1.33979,1.33955,1.33966,1726.83
1781004600,2026-06-09 11:30:00+00:00,1.33966,1.34064,1.33955,1.34032,1801.3799999999999
1781006400,2026-06-09 12:00:00+00:00,1.34037,1.34059,1.3401,1.34038,1727.86
1781008200,2026-06-09 12:30:00+00:00,1.34038,1.34068,1.34,1.34039,1674.05
1781010000,2026-06-09 13:00:00+00:00,1.34068,1.34102,1.33958,1.34098,1746.95
1781011800,2026-06-09 13:30:00+00:00,1.34098,1.34102,1.33991,1.33998,1705.44
1781013600,2026-06-09 14:00:00+00:00,1.33989,1.34064,1.33901,1.33923,1782.38
1781015400,2026-06-09 14:30:00+00:00,1.33923,1.33998,1.33901,1.33964,1683.3799999999999
1781017200,2026-06-09 15:00:00+00:00,1.33971,1.34039,1.33921,1.33954,1783.86
1781019000,2026-06-09 15:30:00+00:00,1.33954,1.33974,1.33743,1.33885,1753.46
1781020800,2026-06-09 16:00:00+00:00,1.33883,1.3389,1.33752,1.33858,1764.79
1781022600,2026-06-09 16:30:00+00:00,1.33858,1.3389,1.33595,1.33704,1733.04
1781024400,2026-06-09 17:00:00+00:00,1.33722,1.33827,1.33722,1.33798,1723.97
1781026200,2026-06-09 17:30:00+00:00,1.33798,1.33889,1.33778,1.33838,1724.74
1781028000,2026-06-09 18:00:00+00:00,1.3382,1.33895,1.3382,1.33889,1728.8
1781029800,2026-06-09 18:30:00+00:00,1.33889,1.33912,1.33856,1.33892,1729.1399999999999
1781031600,2026-06-09 19:00:00+00:00,1.33885,1.33885,1.33803,1.33816,1717.07
1781033400,2026-06-09 19:30:00+00:00,1.33816,1.33843,1.33799,1.33804,1754.46
1781035200,2026-06-09 20:00:00+00:00,1.33797,1.33831,1.33783,1.33791,1724.91
1781037000,2026-06-09 20:30:00+00:00,1.33791,1.33798,1.33779,1.33797,1757.97
1781038800,2026-06-09 21:00:00+00:00,1.33803,1.33806,1.33681,1.3378,1794.87
1781040600,2026-06-09 21:30:00+00:00,1.3378,1.33817,1.33695,1.33697,1712.12
1781042400,2026-06-09 22:00:00+00:00,1.33772,1.33772,1.33719,1.33719,1696.07
1781044200,2026-06-09 22:30:00+00:00,1.33719,1.33731,1.33715,1.33729,1757.26
1781046000,2026-06-09 23:00:00+00:00,1.33752,1.33752,1.33683,1.33688,1736.12
1781047800,2026-06-09 23:30:00+00:00,1.33688,1.33711,1.33683,1.33708,1726.06
1781049600,2026-06-10 00:00:00+00:00,1.3369,1.33782,1.3369,1.3378,1730.68
1781051400,2026-06-10 00:30:00+00:00,1.3378,1.33797,1.33778,1.33797,1757.7
1781053200,2026-06-10 01:00:00+00:00,1.33785,1.33801,1.33752,1.33764,1720.79
1781055000,2026-06-10 01:30:00+00:00,1.33764,1.33766,1.33735,1.33747,1729.09
1781056800,2026-06-10 02:00:00+00:00,1.33745,1.33793,1.33735,1.33753,1760.05
1781058600,2026-06-10 02:30:00+00:00,1.33753,1.33837,1.33747,1.33799,1751.1
1781060400,2026-06-10 03:00:00+00:00,1.33795,1.33837,1.33795,1.33821,1741.3700000000001
1781062200,2026-06-10 03:30:00+00:00,1.33821,1.33899,1.33795,1.33894,1771.06
1781064000,2026-06-10 04:00:00+00:00,1.33894,1.33894,1.33822,1.33833,1756.3
1781065800,2026-06-10 04:30:00+00:00,1.33833,1.33841,1.33803,1.33819,1722.24
1781067600,2026-06-10 05:00:00+00:00,1.33822,1.33935,1.33806,1.33935,1732.31
1781069400,2026-06-10 05:30:00+00:00,1.33935,1.33935,1.33806,1.33915,1726.58
1781071200,2026-06-10 06:00:00+00:00,1.33928,1.33975,1.33863,1.33966,1796.14
1781073000,2026-06-10 06:30:00+00:00,1.33966,1.33968,1.33862,1.33862,1745.8400000000001
1781074800,2026-06-10 07:00:00+00:00,1.33829,1.33933,1.33827,1.33926,1755.09
1781076600,2026-06-10 07:30:00+00:00,1.33926,1.33933,1.33819,1.33912,1761.65
1781078400,2026-06-10 08:00:00+00:00,1.33903,1.33919,1.33862,1.33867,1773.54
1781080200,2026-06-10 08:30:00+00:00,1.33867,1.3391,1.33844,1.33854,1721.53
1781082000,2026-06-10 09:00:00+00:00,1.33817,1.33959,1.33817,1.33941,1744.43
1781083800,2026-06-10 09:30:00+00:00,1.33941,1.33993,1.33928,1.3398,1714.05
1781085600,2026-06-10 10:00:00+00:00,1.33962,1.33993,1.33938,1.33966,1752.47
1781087400,2026-06-10 10:30:00+00:00,1.33966,1.33986,1.33919,1.33932,1733.03
1781089200,2026-06-10 11:00:00+00:00,1.33912,1.33939,1.33812,1.33858,1749.48
1781091000,2026-06-10 11:30:00+00:00,1.33858,1.33921,1.33777,1.33792,1723.97
1781092800,2026-06-10 12:00:00+00:00,1.33792,1.3407,1.33781,1.33893,1780.03
1781094600,2026-06-10 12:30:00+00:00,1.33893,1.3405,1.33832,1.3391,1711.13
1781096400,2026-06-10 13:00:00+00:00,1.3391,1.34187,1.3391,1.33956,1703.83
1781098200,2026-06-10 13:30:00+00:00,1.33956,1.34228,1.33912,1.34106,1764.74
1781100000,2026-06-10 14:00:00+00:00,1.34088,1.34163,1.34086,1.34134,1673.76
1781101800,2026-06-10 14:30:00+00:00,1.34134,1.34139,1.33973,1.34011,1705.55
1781103600,2026-06-10 15:00:00+00:00,1.34014,1.34052,1.3387,1.33984,1752.78
1781105400,2026-06-10 15:30:00+00:00,1.33984,1.33994,1.33811,1.3389,1752.86
1781107200,2026-06-10 16:00:00+00:00,1.33903,1.33967,1.33881,1.33889,1724.74
1781109000,2026-06-10 16:30:00+00:00,1.33889,1.33904,1.33881,1.33896,1754.02
1781110800,2026-06-10 17:00:00+00:00,1.33903,1.33942,1.33806,1.3394,1760.32
1781112600,2026-06-10 17:30:00+00:00,1.3394,1.33942,1.33833,1.33924,1682.11
1781114400,2026-06-10 18:00:00+00:00,1.33924,1.33966,1.3392,1.33926,1733.76
1781116200,2026-06-10 18:30:00+00:00,1.33926,1.33932,1.3381,1.33811,1752.49
1781118000,2026-06-10 19:00:00+00:00,1.33803,1.33803,1.33724,1.33727,1734.17
1781119800,2026-06-10 19:30:00+00:00,1.33727,1.33748,1.33722,1.33727,1808.47
1781121600,2026-06-10 20:00:00+00:00,1.33727,1.33727,1.33697,1.33717,1719.99
1781123400,2026-06-10 20:30:00+00:00,1.33717,1.33717,1.33676,1.33677,1753.73
1781125200,2026-06-10 21:00:00+00:00,1.33713,1.3374,1.33688,1.33734,1754.95
1781127000,2026-06-10 21:30:00+00:00,1.33734,1.33745,1.33712,1.3374,1781.56
1781128800,2026-06-10 22:00:00+00:00,1.33677,1.33677,1.33559,1.3363,1786.26
1781130600,2026-06-10 22:30:00+00:00,1.3363,1.33666,1.3358,1.33584,1710.14
1781132400,2026-06-10 23:00:00+00:00,1.33554,1.33628,1.3351,1.33622,1790.5
1781134200,2026-06-10 23:30:00+00:00,1.33622,1.33652,1.33595,1.33626,1791.9099999999999
1781136000,2026-06-11 00:00:00+00:00,1.33636,1.33686,1.33631,1.33667,1762.28
1781137800,2026-06-11 00:30:00+00:00,1.33667,1.33711,1.3366,1.33711,1705.3
1781139600,2026-06-11 01:00:00+00:00,1.33726,1.3375,1.3371,1.33737,1716.42
1781141400,2026-06-11 01:30:00+00:00,1.33737,1.33921,1.33725,1.33862,1781.88
1781143200,2026-06-11 02:00:00+00:00,1.3386,1.33867,1.3381,1.33822,1773.79
1781145000,2026-06-11 02:30:00+00:00,1.33822,1.33832,1.33779,1.33795,1714.2
1781146800,2026-06-11 03:00:00+00:00,1.33801,1.3381,1.33798,1.33808,1768.07
1781148600,2026-06-11 03:30:00+00:00,1.33808,1.3381,1.3376,1.33788,1745.25
1781150400,2026-06-11 04:00:00+00:00,1.33795,1.33859,1.3377,1.33847,1706.82
1781152200,2026-06-11 04:30:00+00:00,1.33847,1.33867,1.33834,1.33842,1707.75
1781154000,2026-06-11 05:00:00+00:00,1.3384,1.33874,1.3382,1.33828,1716.32
1781155800,2026-06-11 05:30:00+00:00,1.33828,1.33852,1.33806,1.33824,1682.46
1781157600,2026-06-11 06:00:00+00:00,1.33835,1.33835,1.33818,1.3382,1680.3
1781159400,2026-06-11 06:30:00+00:00,1.3382,1.33823,1.3376,1.33786,1715.94
1781161200,2026-06-11 07:00:00+00:00,1.33774,1.33902,1.33774,1.33873,1770.51
1781163000,2026-06-11 07:30:00+00:00,1.33873,1.33917,1.33797,1.33833,1711.93
1781164800,2026-06-11 08:00:00+00:00,1.33833,1.33837,1.3376,1.33781,1718.81
1781166600,2026-06-11 08:30:00+00:00,1.33781,1.33782,1.33622,1.33651,1753.53
1781168400,2026-06-11 09:00:00+00:00,1.3364,1.33692,1.33627,1.33661,1697.01
1781170200,2026-06-11 09:30:00+00:00,1.33661,1.33675,1.33593,1.33661,1745.1399999999999
1781172000,2026-06-11 10:00:00+00:00,1.33652,1.33652,1.33526,1.3358,1791.36
1781173800,2026-06-11 10:30:00+00:00,1.3358,1.33652,1.33542,1.33602,1715.55
1781175600,2026-06-11 11:00:00+00:00,1.33611,1.33624,1.33611,1.33613,1796.85
1781177400,2026-06-11 11:30:00+00:00,1.33613,1.33661,1.33611,1.33661,1709.8
1781179200,2026-06-11 12:00:00+00:00,1.33661,1.3367,1.33421,1.33657,1709.8
1781181000,2026-06-11 12:30:00+00:00,1.33657,1.3367,1.33591,1.33599,1719.07
1781182800,2026-06-11 13:00:00+00:00,1.33608,1.33611,1.33571,1.336,1820.83
1781184600,2026-06-11 13:30:00+00:00,1.336,1.33611,1.33406,1.33543,1718.3
1781186400,2026-06-11 14:00:00+00:00,1.33536,1.33545,1.33379,1.33395,1738.02
1781188200,2026-06-11 14:30:00+00:00,1.33395,1.33416,1.33269,1.33269,1750.71
1781190000,2026-06-11 15:00:00+00:00,1.3328,1.33444,1.33273,1.33332,1760.94
1781191800,2026-06-11 15:30:00+00:00,1.33332,1.3338,1.3326,1.33353,1718.04
1781193600,2026-06-11 16:00:00+00:00,1.33362,1.33371,1.33327,1.33333,1784.05
1781195400,2026-06-11 16:30:00+00:00,1.33333,1.33361,1.33294,1.3334,1859.47
1781197200,2026-06-11 17:00:00+00:00,1.33335,1.33468,1.33269,1.33414,1733.33
1781199000,2026-06-11 17:30:00+00:00,1.33414,1.34027,1.33384,1.33901,1763.76
1781200800,2026-06-11 18:00:00+00:00,1.33906,1.34001,1.33803,1.33903,1707.82
1781202600,2026-06-11 18:30:00+00:00,1.33903,1.34061,1.33813,1.3402,1720.8
1781204400,2026-06-11 19:00:00+00:00,1.34016,1.34282,1.34016,1.34163,1722.79
1781206200,2026-06-11 19:30:00+00:00,1.34163,1.34174,1.34057,1.34162,1783.1
1781208000,2026-06-11 20:00:00+00:00,1.34165,1.34213,1.3414,1.34157,1756.75
1781209800,2026-06-11 20:30:00+00:00,1.34157,1.34225,1.3415,1.34162,1750.88
1781211600,2026-06-11 21:00:00+00:00,1.34178,1.34243,1.34124,1.34172,1709.72
1781213400,2026-06-11 21:30:00+00:00,1.34172,1.34214,1.34124,1.34162,1792.29
1781215200,2026-06-11 22:00:00+00:00,1.34201,1.34254,1.34156,1.34164,1799.45
1781217000,2026-06-11 22:30:00+00:00,1.34164,1.34259,1.34151,1.34248,1737.39
1781218800,2026-06-11 23:00:00+00:00,1.34244,1.34248,1.34178,1.34204,1746.09
1781220600,2026-06-11 23:30:00+00:00,1.34204,1.34257,1.34145,1.34145,1797.87
1781222400,2026-06-12 00:00:00+00:00,1.3416,1.3416,1.34072,1.34098,1723.73
1781224200,2026-06-12 00:30:00+00:00,1.34098,1.3412,1.3407,1.34075,1776.13
1781226000,2026-06-12 01:00:00+00:00,1.34086,1.34086,1.34028,1.34086,1762.0900000000001
1781227800,2026-06-12 01:30:00+00:00,1.34086,1.34086,1.34009,1.34034,1761.8
1781229600,2026-06-12 02:00:00+00:00,1.34043,1.34124,1.34032,1.34048,1742.16
1781231400,2026-06-12 02:30:00+00:00,1.34048,1.34097,1.34032,1.34072,1696.86
1781233200,2026-06-12 03:00:00+00:00,1.34072,1.34174,1.3405,1.34172,1791.0
1781235000,2026-06-12 03:30:00+00:00,1.34172,1.34174,1.3409,1.34145,1731.97
1781236800,2026-06-12 04:00:00+00:00,1.34147,1.34181,1.34134,1.34161,1736.1200000000001
1781238600,2026-06-12 04:30:00+00:00,1.34161,1.34172,1.34109,1.34109,1781.87
1781240400,2026-06-12 05:00:00+00:00,1.34138,1.34138,1.33963,1.33968,1735.11
1781242200,2026-06-12 05:30:00+00:00,1.33968,1.33989,1.3396,1.3396,1696.96
1781244000,2026-06-12 06:00:00+00:00,1.3398,1.34074,1.3398,1.34,1743.14
1781245800,2026-06-12 06:30:00+00:00,1.34,1.34106,1.3398,1.34064,1735.1000000000001
1781247600,2026-06-12 07:00:00+00:00,1.34066,1.34066,1.33851,1.34032,1812.74
1781249400,2026-06-12 07:30:00+00:00,1.34032,1.34066,1.33957,1.33962,1790.73
1781251200,2026-06-12 08:00:00+00:00,1.33969,1.34183,1.33965,1.33988,1764.52
1781253000,2026-06-12 08:30:00+00:00,1.33988,1.34179,1.33962,1.34138,1704.47
1781254800,2026-06-12 09:00:00+00:00,1.34151,1.34253,1.34095,1.34216,1811.39
1781256600,2026-06-12 09:30:00+00:00,1.34216,1.34251,1.34138,1.34225,1723.68
1781258400,2026-06-12 10:00:00+00:00,1.34205,1.3423,1.34146,1.3417,1755.44
1781260200,2026-06-12 10:30:00+00:00,1.3417,1.34171,1.34084,1.34111,1714.63
1781262000,2026-06-12 11:00:00+00:00,1.34117,1.3418,1.34103,1.34106,1778.35
1781263800,2026-06-12 11:30:00+00:00,1.34106,1.34118,1.34097,1.34099,1770.07
1781265600,2026-06-12 12:00:00+00:00,1.34099,1.34099,1.33908,1.33955,1790.39
1781267400,2026-06-12 12:30:00+00:00,1.33955,1.34004,1.33917,1.33949,1746.4
1781269200,2026-06-12 13:00:00+00:00,1.33942,1.34129,1.33921,1.33929,1712.11
1781271000,2026-06-12 13:30:00+00:00,1.33929,1.33995,1.33921,1.33989,1763.49
1781272800,2026-06-12 14:00:00+00:00,1.33994,1.34126,1.3396,1.34121,1737.23
1781274600,2026-06-12 14:30:00+00:00,1.34121,1.34145,1.34059,1.34145,1752.54
1781276400,2026-06-12 15:00:00+00:00,1.34133,1.34243,1.34097,1.34219,1758.86
1781278200,2026-06-12 15:30:00+00:00,1.34219,1.34243,1.34124,1.34133,1698.23
1781280000,2026-06-12 16:00:00+00:00,1.34135,1.34169,1.34111,1.34147,1768.09
1781281800,2026-06-12 16:30:00+00:00,1.34147,1.34169,1.3409,1.34154,1713.34
1781283600,2026-06-12 17:00:00+00:00,1.34172,1.34214,1.3417,1.34196,1743.92
1781285400,2026-06-12 17:30:00+00:00,1.34196,1.34196,1.34156,1.34172,1714.45
1781287200,2026-06-12 18:00:00+00:00,1.34176,1.34212,1.34129,1.34207,1798.88
1781289000,2026-06-12 18:30:00+00:00,1.34207,1.34211,1.34152,1.34178,1751.85
1781290800,2026-06-12 19:00:00+00:00,1.34147,1.34201,1.34093,1.34117,1711.3
1781292600,2026-06-12 19:30:00+00:00,1.34117,1.34144,1.34093,1.34109,1703.51
1781294400,2026-06-12 20:00:00+00:00,1.34113,1.34113,1.34052,1.34068,1716.69
1781296200,2026-06-12 20:30:00+00:00,1.34068,1.34078,1.34027,1.34066,1712.9
1781298000,2026-06-12 21:00:00+00:00,1.34073,1.34073,1.34073,1.34073,1715.59
1781299800,2026-06-12 21:30:00+00:00,1.34073,1.34073,1.34073,1.34073,1750.44
1781478000,2026-06-14 23:00:00+00:00,1.34524,1.34535,1.34467,1.34503,1769.56
1781479800,2026-06-14 23:30:00+00:00,1.34503,1.34535,1.34461,1.34503,1741.23
1781481600,2026-06-15 00:00:00+00:00,1.34523,1.34609,1.34485,1.34506,1785.7
1781483400,2026-06-15 00:30:00+00:00,1.34506,1.34525,1.34445,1.34445,1696.35
1781485200,2026-06-15 01:00:00+00:00,1.3443,1.34441,1.34378,1.3442,1710.42
1781487000,2026-06-15 01:30:00+00:00,1.3442,1.34441,1.34378,1.34378,1726.85
1781488800,2026-06-15 02:00:00+00:00,1.34376,1.34403,1.3437,1.34379,1657.75
1781490600,2026-06-15 02:30:00+00:00,1.34379,1.34397,1.34336,1.34394,1758.68
1781492400,2026-06-15 03:00:00+00:00,1.344,1.34407,1.34389,1.34402,1743.0
1781494200,2026-06-15 03:30:00+00:00,1.34402,1.34463,1.34395,1.34434,1744.45
1781496000,2026-06-15 04:00:00+00:00,1.34443,1.34512,1.34414,1.3451,1725.31
1781497800,2026-06-15 04:30:00+00:00,1.3451,1.34513,1.34475,1.34512,1719.34
1781499600,2026-06-15 05:00:00+00:00,1.3453,1.34575,1.34519,1.34574,1717.66
1781501400,2026-06-15 05:30:00+00:00,1.34574,1.34595,1.3455,1.34555,1738.91
1781503200,2026-06-15 06:00:00+00:00,1.34561,1.34561,1.34365,1.34442,1765.4099999999999
1781505000,2026-06-15 06:30:00+00:00,1.34442,1.34444,1.34368,1.34418,1742.65
1781506800,2026-06-15 07:00:00+00:00,1.34425,1.34425,1.3432,1.34364,1762.56
1781508600,2026-06-15 07:30:00+00:00,1.34364,1.34375,1.34298,1.3434,1721.3
1781510400,2026-06-15 08:00:00+00:00,1.34315,1.3436,1.3425,1.34281,1730.52
1781512200,2026-06-15 08:30:00+00:00,1.34281,1.34352,1.34198,1.34235,1746.05
1781514000,2026-06-15 09:00:00+00:00,1.34248,1.34338,1.34237,1.34252,1724.91
1781515800,2026-06-15 09:30:00+00:00,1.34252,1.34318,1.34237,1.34266,1705.05
1781517600,2026-06-15 10:00:00+00:00,1.34264,1.34347,1.34241,1.34254,1719.03
1781519400,2026-06-15 10:30:00+00:00,1.34254,1.34261,1.34237,1.34244,1778.13
1781521200,2026-06-15 11:00:00+00:00,1.34264,1.34309,1.34207,1.34242,1750.08
1781523000,2026-06-15 11:30:00+00:00,1.34242,1.34311,1.34228,1.34234,1708.91
1781524800,2026-06-15 12:00:00+00:00,1.34244,1.34281,1.34181,1.34242,1724.35
1781526600,2026-06-15 12:30:00+00:00,1.34242,1.34304,1.34213,1.343,1656.79
1781528400,2026-06-15 13:00:00+00:00,1.34291,1.34398,1.34286,1.34339,1770.55
1781530200,2026-06-15 13:30:00+00:00,1.34339,1.34378,1.34338,1.34351,1736.95
1781532000,2026-06-15 14:00:00+00:00,1.34349,1.34379,1.34286,1.34304,1735.19
1781533800,2026-06-15 14:30:00+00:00,1.34304,1.34443,1.34297,1.34414,1704.0
1781535600,2026-06-15 15:00:00+00:00,1.34385,1.34387,1.34311,1.34375,1725.72
1781537400,2026-06-15 15:30:00+00:00,1.34375,1.34376,1.34244,1.34257,1774.32
1781539200,2026-06-15 16:00:00+00:00,1.34253,1.34333,1.34253,1.34325,1690.89
1781541000,2026-06-15 16:30:00+00:00,1.34325,1.34333,1.34265,1.34298,1696.59
1781542800,2026-06-15 17:00:00+00:00,1.34304,1.34304,1.34262,1.34302,1794.28
1781544600,2026-06-15 17:30:00+00:00,1.34302,1.34304,1.34287,1.34288,1714.44
1781546400,2026-06-15 18:00:00+00:00,1.34308,1.34308,1.34194,1.34199,1744.29
1781548200,2026-06-15 18:30:00+00:00,1.34199,1.34213,1.34194,1.34194,1721.69
1781550000,2026-06-15 19:00:00+00:00,1.34208,1.34208,1.34105,1.34156,1756.31
1781551800,2026-06-15 19:30:00+00:00,1.34156,1.34164,1.34088,1.34088,1805.8
1781553600,2026-06-15 20:00:00+00:00,1.34086,1.34134,1.34068,1.34133,1767.72
1781555400,2026-06-15 20:30:00+00:00,1.34133,1.34138,1.34106,1.34129,1778.16
1781557200,2026-06-15 21:00:00+00:00,1.34226,1.34226,1.34097,1.34144,1779.43
1781559000,2026-06-15 21:30:00+00:00,1.34144,1.34185,1.34072,1.34088,1692.19
1781560800,2026-06-15 22:00:00+00:00,1.3412,1.34153,1.34097,1.34123,1757.49
1781562600,2026-06-15 22:30:00+00:00,1.34123,1.34127,1.34086,1.34117,1742.62
1781564400,2026-06-15 23:00:00+00:00,1.34126,1.34169,1.34124,1.34167,1725.6
1781566200,2026-06-15 23:30:00+00:00,1.34167,1.34169,1.34153,1.34158,1763.83
1781568000,2026-06-16 00:00:00+00:00,1.34158,1.34158,1.34112,1.34153,1737.58
1781569800,2026-06-16 00:30:00+00:00,1.34153,1.34157,1.34102,1.34147,1732.88
1781571600,2026-06-16 01:00:00+00:00,1.3414,1.34183,1.34129,1.34179,1733.92
1781573400,2026-06-16 01:30:00+00:00,1.34179,1.34183,1.34055,1.34072,1727.2
1781575200,2026-06-16 02:00:00+00:00,1.34061,1.34064,1.34021,1.34058,1781.66
1781577000,2026-06-16 02:30:00+00:00,1.34058,1.34061,1.3398,1.34055,1741.4
1781578800,2026-06-16 03:00:00+00:00,1.34048,1.34058,1.3402,1.34034,1769.85
1781580600,2026-06-16 03:30:00+00:00,1.34034,1.34061,1.34029,1.34036,1775.9
1781582400,2026-06-16 04:00:00+00:00,1.34041,1.34048,1.34017,1.34035,1700.53
1781584200,2026-06-16 04:30:00+00:00,1.34035,1.34048,1.33923,1.33976,1704.95
1781586000,2026-06-16 05:00:00+00:00,1.33976,1.34012,1.3393,1.33972,1740.93
1781587800,2026-06-16 05:30:00+00:00,1.33972,1.33982,1.33931,1.33932,1708.28
1781589600,2026-06-16 06:00:00+00:00,1.33926,1.34046,1.33912,1.34034,1802.4
1781591400,2026-06-16 06:30:00+00:00,1.34034,1.34072,1.33998,1.34059,1784.89
1781593200,2026-06-16 07:00:00+00:00,1.34043,1.34174,1.34043,1.3413,1764.85
1781595000,2026-06-16 07:30:00+00:00,1.3413,1.34174,1.34046,1.34174,1701.33
1781596800,2026-06-16 08:00:00+00:00,1.34171,1.34227,1.3417,1.34214,1721.74
1781598600,2026-06-16 08:30:00+00:00,1.34214,1.34243,1.34136,1.34243,1686.6
1781600400,2026-06-16 09:00:00+00:00,1.3425,1.34275,1.34179,1.34226,1664.16
1781602200,2026-06-16 09:30:00+00:00,1.34226,1.34238,1.34156,1.34169,1763.65
1781604000,2026-06-16 10:00:00+00:00,1.34158,1.3427,1.34154,1.34193,1696.51
1781605800,2026-06-16 10:30:00+00:00,1.34193,1.34309,1.34189,1.34309,1749.76
1781607600,2026-06-16 11:00:00+00:00,1.34271,1.3428,1.34236,1.34246,1687.2
1781609400,2026-06-16 11:30:00+00:00,1.34246,1.34264,1.34122,1.34156,1765.83
1781611200,2026-06-16 12:00:00+00:00,1.34151,1.34176,1.34148,1.3417,1764.6299999999999
1781613000,2026-06-16 12:30:00+00:00,1.3417,1.34176,1.34081,1.34169,1728.15
1781614800,2026-06-16 13:00:00+00:00,1.34165,1.34194,1.34075,1.34075,1708.84
1781616600,2026-06-16 13:30:00+00:00,1.34075,1.34167,1.34075,1.34113,1720.09
1781618400,2026-06-16 14:00:00+00:00,1.34147,1.34284,1.34041,1.34257,1752.52
1781620200,2026-06-16 14:30:00+00:00,1.34257,1.34284,1.34234,1.3428,1756.04
1781622000,2026-06-16 15:00:00+00:00,1.34282,1.34377,1.34194,1.34372,1744.43
1781623800,2026-06-16 15:30:00+00:00,1.34372,1.34419,1.34336,1.34374,1690.8799999999999
1781625600,2026-06-16 16:00:00+00:00,1.34394,1.34394,1.34297,1.34301,1696.63
1781627400,2026-06-16 16:30:00+00:00,1.34301,1.34316,1.34295,1.34298,1724.47
1781629200,2026-06-16 17:00:00+00:00,1.34282,1.34291,1.34259,1.3429,1718.8700000000001
1781631000,2026-06-16 17:30:00+00:00,1.3429,1.34291,1.34255,1.34288,1761.92
1781632800,2026-06-16 18:00:00+00:00,1.343,1.34324,1.3427,1.34272,1705.51
1781634600,2026-06-16 18:30:00+00:00,1.34272,1.34308,1.34244,1.34286,1743.63
1781636400,2026-06-16 19:00:00+00:00,1.34304,1.34311,1.34243,1.34305,1732.6200000000001
1781638200,2026-06-16 19:30:00+00:00,1.34305,1.34326,1.3423,1.34239,1719.18
1781640000,2026-06-16 20:00:00+00:00,1.34239,1.34269,1.34232,1.34244,1741.91
1781641800,2026-06-16 20:30:00+00:00,1.34244,1.34271,1.34226,1.34261,1749.96
1781643600,2026-06-16 21:00:00+00:00,1.34342,1.34342,1.34236,1.34245,1720.3
1781645400,2026-06-16 21:30:00+00:00,1.34245,1.34307,1.34217,1.34302,1765.15
1781647200,2026-06-16 22:00:00+00:00,1.34244,1.34276,1.34244,1.34268,1701.67
1781649000,2026-06-16 22:30:00+00:00,1.34268,1.34291,1.34267,1.34282,1688.42
1781650800,2026-06-16 23:00:00+00:00,1.34277,1.34313,1.34255,1.34289,1744.8899999999999
1781652600,2026-06-16 23:30:00+00:00,1.34289,1.34297,1.34255,1.34257,1688.32
1781654400,2026-06-17 00:00:00+00:00,1.34252,1.34282,1.34252,1.34271,1674.6200000000001
1781656200,2026-06-17 00:30:00+00:00,1.34271,1.34324,1.34257,1.34309,1712.51
1781658000,2026-06-17 01:00:00+00:00,1.34302,1.34319,1.34273,1.34285,1682.3899999999999
1781659800,2026-06-17 01:30:00+00:00,1.34285,1.34335,1.34273,1.34273,1742.48
1781661600,2026-06-17 02:00:00+00:00,1.34262,1.34295,1.34261,1.34261,1794.99
1781663400,2026-06-17 02:30:00+00:00,1.34261,1.34313,1.34261,1.34261,1777.3
1781665200,2026-06-17 03:00:00+00:00,1.34264,1.34275,1.34259,1.34259,1766.26
1781667000,2026-06-17 03:30:00+00:00,1.34259,1.34288,1.34259,1.34277,1766.12
1781668800,2026-06-17 04:00:00+00:00,1.34275,1.34331,1.34275,1.34297,1724.23
1781670600,2026-06-17 04:30:00+00:00,1.34297,1.34331,1.34276,1.34317,1710.66
1781672400,2026-06-17 05:00:00+00:00,1.34313,1.34344,1.34284,1.3429,1766.16
1781674200,2026-06-17 05:30:00+00:00,1.3429,1.34305,1.34284,1.34284,1723.99
1781676000,2026-06-17 06:00:00+00:00,1.34216,1.3425,1.34143,1.34185,1714.53
1781677800,2026-06-17 06:30:00+00:00,1.34185,1.3425,1.34099,1.34147,1718.82
1781679600,2026-06-17 07:00:00+00:00,1.34156,1.34162,1.34122,1.34162,1703.84
1781681400,2026-06-17 07:30:00+00:00,1.34162,1.34212,1.34158,1.34212,1688.71
1781683200,2026-06-17 08:00:00+00:00,1.34181,1.34196,1.3418,1.34187,1723.96
1781685000,2026-06-17 08:30:00+00:00,1.34187,1.34196,1.34093,1.34171,1761.8
1781686800,2026-06-17 09:00:00+00:00,1.34163,1.34196,1.34158,1.34161,1716.24
1781688600,2026-06-17 09:30:00+00:00,1.34161,1.34179,1.34136,1.34178,1711.73
1781690400,2026-06-17 10:00:00+00:00,1.3418,1.34181,1.34117,1.3412,1724.63
1781692200,2026-06-17 10:30:00+00:00,1.3412,1.34145,1.34104,1.3412,1755.98
1781694000,2026-06-17 11:00:00+00:00,1.34124,1.34133,1.34062,1.34078,1771.66
1781695800,2026-06-17 11:30:00+00:00,1.34078,1.34095,1.34009,1.34048,1708.18
1781697600,2026-06-17 12:00:00+00:00,1.34055,1.34093,1.34055,1.34092,1738.71
1781699400,2026-06-17 12:30:00+00:00,1.34092,1.34167,1.34087,1.3416,1786.88
1781701200,2026-06-17 13:00:00+00:00,1.34183,1.34183,1.34064,1.34074,1723.02
1781703000,2026-06-17 13:30:00+00:00,1.34074,1.34106,1.34069,1.34072,1728.81
1781704800,2026-06-17 14:00:00+00:00,1.3407,1.34073,1.3395,1.34035,1730.61
1781706600,2026-06-17 14:30:00+00:00,1.34035,1.34058,1.33899,1.33942,1745.37
1781708400,2026-06-17 15:00:00+00:00,1.33942,1.33984,1.3394,1.33965,1764.17
1781710200,2026-06-17 15:30:00+00:00,1.33965,1.33984,1.33887,1.33966,1738.49
1781712000,2026-06-17 16:00:00+00:00,1.33964,1.33976,1.33901,1.33974,1769.59
1781713800,2026-06-17 16:30:00+00:00,1.33974,1.33976,1.33964,1.33966,1738.66
1781715600,2026-06-17 17:00:00+00:00,1.3396,1.34008,1.33955,1.34007,1727.67
1781717400,2026-06-17 17:30:00+00:00,1.34007,1.34032,1.34003,1.34025,1793.79
1781719200,2026-06-17 18:00:00+00:00,1.33592,1.33665,1.33371,1.33391,1712.4
1781721000,2026-06-17 18:30:00+00:00,1.33391,1.33501,1.33371,1.33371,1769.05
1781722800,2026-06-17 19:00:00+00:00,1.33392,1.33392,1.32661,1.32678,1679.81
1781724600,2026-06-17 19:30:00+00:00,1.32678,1.32898,1.32644,1.32846,1768.93
1781726400,2026-06-17 20:00:00+00:00,1.32876,1.32995,1.32873,1.32967,1735.6
1781728200,2026-06-17 20:30:00+00:00,1.32967,1.32995,1.32779,1.32942,1685.6
1781730000,2026-06-17 21:00:00+00:00,1.32857,1.32984,1.32834,1.32901,1728.34
1781731800,2026-06-17 21:30:00+00:00,1.32901,1.32995,1.32834,1.32899,1723.4
1781733600,2026-06-17 22:00:00+00:00,1.32945,1.32975,1.32906,1.32968,1779.8600000000001
1781735400,2026-06-17 22:30:00+00:00,1.32968,1.32971,1.32927,1.32963,1701.3600000000001
1781737200,2026-06-17 23:00:00+00:00,1.32972,1.33004,1.32972,1.32989,1717.95
1781739000,2026-06-17 23:30:00+00:00,1.32989,1.33021,1.32979,1.33011,1761.6
1781740800,2026-06-18 00:00:00+00:00,1.33035,1.33181,1.33035,1.33048,1756.5
1781742600,2026-06-18 00:30:00+00:00,1.33048,1.33078,1.33035,1.33073,1789.28
1781744400,2026-06-18 01:00:00+00:00,1.33087,1.33122,1.33087,1.33095,1742.12
1781746200,2026-06-18 01:30:00+00:00,1.33095,1.33188,1.33093,1.33104,1758.1399999999999
1781748000,2026-06-18 02:00:00+00:00,1.33126,1.33157,1.33114,1.33127,1692.99
1781749800,2026-06-18 02:30:00+00:00,1.33127,1.33161,1.33065,1.33127,1707.88
1781751600,2026-06-18 03:00:00+00:00,1.33124,1.33181,1.33124,1.33163,1777.65
1781753400,2026-06-18 03:30:00+00:00,1.33163,1.33178,1.33126,1.33177,1764.94
1781755200,2026-06-18 04:00:00+00:00,1.33179,1.332,1.33161,1.33168,1707.15
1781757000,2026-06-18 04:30:00+00:00,1.33168,1.33174,1.33129,1.33145,1769.9
1781758800,2026-06-18 05:00:00+00:00,1.33133,1.33156,1.33052,1.33106,1749.78
1781760600,2026-06-18 05:30:00+00:00,1.33106,1.33156,1.32998,1.32998,1702.92
1781762400,2026-06-18 06:00:00+00:00,1.33039,1.33137,1.33039,1.33074,1774.49
1781764200,2026-06-18 06:30:00+00:00,1.33074,1.33253,1.33042,1.33131,1749.34
1781766000,2026-06-18 07:00:00+00:00,1.3312,1.3312,1.32897,1.32939,1742.43
1781767800,2026-06-18 07:30:00+00:00,1.32939,1.32979,1.32897,1.32972,1804.22
1781769600,2026-06-18 08:00:00+00:00,1.32954,1.32959,1.32745,1.32889,1717.2
1781771400,2026-06-18 08:30:00+00:00,1.32889,1.32926,1.32429,1.32463,1715.65
1781773200,2026-06-18 09:00:00+00:00,1.32429,1.32496,1.32409,1.32477,1788.72
1781775000,2026-06-18 09:30:00+00:00,1.32477,1.32482,1.32343,1.32417,1817.21
1781776800,2026-06-18 10:00:00+00:00,1.32396,1.32396,1.32359,1.32388,1768.21
1781778600,2026-06-18 10:30:00+00:00,1.32388,1.32396,1.32259,1.32284,1773.71
1781780400,2026-06-18 11:00:00+00:00,1.32266,1.32266,1.32062,1.32075,1701.97
1781782200,2026-06-18 11:30:00+00:00,1.32075,1.32245,1.32066,1.32111,1756.4
1781784000,2026-06-18 12:00:00+00:00,1.32123,1.32471,1.32123,1.32205,1777.34
1781785800,2026-06-18 12:30:00+00:00,1.32205,1.32367,1.32123,1.32352,1744.05
1781787600,2026-06-18 13:00:00+00:00,1.32343,1.32494,1.32304,1.3233,1732.18
1781789400,2026-06-18 13:30:00+00:00,1.3233,1.32388,1.32258,1.32384,1803.89
1781791200,2026-06-18 14:00:00+00:00,1.32382,1.32435,1.32321,1.32412,1742.1000000000001
1781793000,2026-06-18 14:30:00+00:00,1.32412,1.32529,1.32389,1.32529,1739.72
1781794800,2026-06-18 15:00:00+00:00,1.32538,1.32538,1.32279,1.32354,1724.42
1781796600,2026-06-18 15:30:00+00:00,1.32354,1.32469,1.32279,1.32279,1782.55
1781798400,2026-06-18 16:00:00+00:00,1.32284,1.32284,1.32123,1.32174,1699.85
1781800200,2026-06-18 16:30:00+00:00,1.32174,1.3224,1.32143,1.32223,1745.47
1781802000,2026-06-18 17:00:00+00:00,1.32193,1.32301,1.32124,1.32252,1737.3899999999999
1781803800,2026-06-18 17:30:00+00:00,1.32252,1.32301,1.32099,1.32099,1744.79
1781805600,2026-06-18 18:00:00+00:00,1.32085,1.32108,1.32064,1.32088,1717.29
1781807400,2026-06-18 18:30:00+00:00,1.32088,1.32118,1.32053,1.32053,1714.17
1781809200,2026-06-18 19:00:00+00:00,1.32032,1.32034,1.31938,1.31963,1699.56
1781811000,2026-06-18 19:30:00+00:00,1.31963,1.32083,1.31956,1.32003,1741.3
1781812800,2026-06-18 20:00:00+00:00,1.31989,1.32071,1.31989,1.32067,1732.38
1781814600,2026-06-18 20:30:00+00:00,1.32067,1.32078,1.32054,1.3206,1733.33
1781816400,2026-06-18 21:00:00+00:00,1.32191,1.32238,1.32065,1.3209,1750.41
1781818200,2026-06-18 21:30:00+00:00,1.3209,1.32124,1.32022,1.32106,1680.1
1781820000,2026-06-18 22:00:00+00:00,1.32064,1.32076,1.32031,1.32059,1698.34
1781821800,2026-06-18 22:30:00+00:00,1.32059,1.32076,1.32037,1.32059,1684.59
1781823600,2026-06-18 23:00:00+00:00,1.32062,1.32062,1.32016,1.32018,1723.62
1781825400,2026-06-18 23:30:00+00:00,1.32018,1.32047,1.32015,1.32018,1736.1200000000001
1781827200,2026-06-19 00:00:00+00:00,1.3205,1.32108,1.3205,1.32104,1788.62
1781829000,2026-06-19 00:30:00+00:00,1.32104,1.32116,1.32099,1.32104,1796.76
1781830800,2026-06-19 01:00:00+00:00,1.32107,1.32107,1.32013,1.32015,1693.96
1781832600,2026-06-19 01:30:00+00:00,1.32015,1.32031,1.31952,1.31957,1745.07
1781834400,2026-06-19 02:00:00+00:00,1.31961,1.32028,1.31944,1.31945,1709.6499999999999
1781836200,2026-06-19 02:30:00+00:00,1.31945,1.3206,1.31944,1.32018,1740.81
1781838000,2026-06-19 03:00:00+00:00,1.3202,1.3202,1.31891,1.31909,1765.67
1781839800,2026-06-19 03:30:00+00:00,1.31909,1.31916,1.31869,1.31872,1757.8500000000001
1781841600,2026-06-19 04:00:00+00:00,1.31879,1.31883,1.31791,1.31791,1724.53
1781843400,2026-06-19 04:30:00+00:00,1.31791,1.3182,1.31688,1.317,1736.37
1781845200,2026-06-19 05:00:00+00:00,1.31693,1.31891,1.31638,1.31781,1774.16
1781847000,2026-06-19 05:30:00+00:00,1.31781,1.31992,1.31745,1.3194,1719.49
1781848800,2026-06-19 06:00:00+00:00,1.31891,1.31985,1.31863,1.31958,1752.05
1781850600,2026-06-19 06:30:00+00:00,1.31958,1.31998,1.31944,1.31985,1753.75
1781852400,2026-06-19 07:00:00+00:00,1.32022,1.3207,1.31923,1.32058,1748.24
1781854200,2026-06-19 07:30:00+00:00,1.32058,1.32076,1.31932,1.31968,1782.04
1781856000,2026-06-19 08:00:00+00:00,1.31978,1.32265,1.31978,1.32152,1757.4
1781857800,2026-06-19 08:30:00+00:00,1.32152,1.32333,1.32127,1.32324,1761.45
1781859600,2026-06-19 09:00:00+00:00,1.32333,1.32399,1.32289,1.32391,1698.57
1781861400,2026-06-19 09:30:00+00:00,1.32391,1.32399,1.32344,1.32356,1785.8
1781863200,2026-06-19 10:00:00+00:00,1.32361,1.32361,1.32273,1.32275,1807.39
1781865000,2026-06-19 10:30:00+00:00,1.32275,1.32326,1.32245,1.32317,1744.7
1781866800,2026-06-19 11:00:00+00:00,1.32368,1.32381,1.32337,1.32374,1734.05
1781868600,2026-06-19 11:30:00+00:00,1.32374,1.32399,1.32279,1.32293,1752.78
1781870400,2026-06-19 12:00:00+00:00,1.323,1.32393,1.32259,1.32359,1722.74
1781872200,2026-06-19 12:30:00+00:00,1.32359,1.32396,1.32294,1.32357,1723.48
1781874000,2026-06-19 13:00:00+00:00,1.32357,1.32357,1.32175,1.32265,1770.57
1781875800,2026-06-19 13:30:00+00:00,1.32265,1.3233,1.3221,1.32221,1721.09
1781877600,2026-06-19 14:00:00+00:00,1.322,1.32357,1.32148,1.32301,1738.18
1781879400,2026-06-19 14:30:00+00:00,1.32301,1.32357,1.32265,1.32294,1726.09
1781881200,2026-06-19 15:00:00+00:00,1.32328,1.32333,1.32186,1.32286,1711.72
1781883000,2026-06-19 15:30:00+00:00,1.32286,1.32333,1.32197,1.32202,1741.56
1781884800,2026-06-19 16:00:00+00:00,1.32198,1.32284,1.32191,1.32278,1662.57
1781886600,2026-06-19 16:30:00+00:00,1.32278,1.32291,1.32257,1.32291,1719.74
1781888400,2026-06-19 17:00:00+00:00,1.32331,1.32391,1.32314,1.32315,1741.08
1781890200,2026-06-19 17:30:00+00:00,1.32315,1.32362,1.32294,1.32314,1751.18
1781892000,2026-06-19 18:00:00+00:00,1.32305,1.32319,1.32305,1.32317,1778.05
1781893800,2026-06-19 18:30:00+00:00,1.32317,1.3238,1.32311,1.32331,1740.76
1781895600,2026-06-19 19:00:00+00:00,1.32338,1.32339,1.32305,1.32308,1736.38
1781897400,2026-06-19 19:30:00+00:00,1.32308,1.32366,1.32305,1.32336,1735.22
1781899200,2026-06-19 20:00:00+00:00,1.32336,1.32371,1.32261,1.32346,1760.75
1781901000,2026-06-19 20:30:00+00:00,1.32346,1.32371,1.32343,1.32371,1687.25
1781902800,2026-06-19 21:00:00+00:00,1.32371,1.32371,1.32371,1.32371,1763.38
1781904600,2026-06-19 21:30:00+00:00,1.32371,1.32371,1.32371,1.32371,1740.79
1782082800,2026-06-21 23:00:00+00:00,1.3209,1.32107,1.32025,1.32053,1683.66
1782084600,2026-06-21 23:30:00+00:00,1.32053,1.32092,1.32038,1.32072,1748.28
1782086400,2026-06-22 00:00:00+00:00,1.32093,1.32226,1.32093,1.32195,1699.24
1782088200,2026-06-22 00:30:00+00:00,1.32195,1.32226,1.32181,1.32226,1756.11
1782090000,2026-06-22 01:00:00+00:00,1.32258,1.32338,1.32254,1.32272,1694.12
1782091800,2026-06-22 01:30:00+00:00,1.32272,1.32291,1.32209,1.32209,1769.27
1782093600,2026-06-22 02:00:00+00:00,1.32191,1.3221,1.32181,1.32203,1739.09
1782095400,2026-06-22 02:30:00+00:00,1.32203,1.3228,1.32181,1.32259,1726.97
1782097200,2026-06-22 03:00:00+00:00,1.32272,1.32272,1.32122,1.32129,1760.01
1782099000,2026-06-22 03:30:00+00:00,1.32129,1.3218,1.32118,1.32128,1697.4
1782100800,2026-06-22 04:00:00+00:00,1.32132,1.32132,1.32086,1.32126,1716.75
1782102600,2026-06-22 04:30:00+00:00,1.32126,1.32132,1.32046,1.32076,1745.53
1782104400,2026-06-22 05:00:00+00:00,1.32086,1.32159,1.32086,1.32086,1723.6
1782106200,2026-06-22 05:30:00+00:00,1.32086,1.3221,1.32086,1.32109,1702.97
1782108000,2026-06-22 06:00:00+00:00,1.32071,1.32158,1.32066,1.32153,1712.09
1782109800,2026-06-22 06:30:00+00:00,1.32153,1.32155,1.32024,1.32095,1686.32
1782111600,2026-06-22 07:00:00+00:00,1.32121,1.32174,1.31917,1.3195,1756.38
1782113400,2026-06-22 07:30:00+00:00,1.3195,1.32047,1.31917,1.31954,1783.53
1782115200,2026-06-22 08:00:00+00:00,1.31971,1.32095,1.31901,1.32041,1740.73
1782117000,2026-06-22 08:30:00+00:00,1.32041,1.32063,1.31844,1.3205,1803.08
1782118800,2026-06-22 09:00:00+00:00,1.32059,1.32352,1.32059,1.32278,1778.24
1782120600,2026-06-22 09:30:00+00:00,1.32278,1.32313,1.32094,1.32291,1765.8
1782122400,2026-06-22 10:00:00+00:00,1.32291,1.32477,1.32288,1.32377,1738.06
1782124200,2026-06-22 10:30:00+00:00,1.32377,1.32477,1.32287,1.32371,1741.5
1782126000,2026-06-22 11:00:00+00:00,1.32363,1.32413,1.32336,1.3241,1734.2
1782127800,2026-06-22 11:30:00+00:00,1.3241,1.32442,1.32351,1.32364,1777.36
1782129600,2026-06-22 12:00:00+00:00,1.32366,1.32732,1.32361,1.32564,1768.25
1782131400,2026-06-22 12:30:00+00:00,1.32564,1.32642,1.32361,1.32617,1747.0
1782133200,2026-06-22 13:00:00+00:00,1.3258,1.32635,1.32421,1.32476,1807.75
1782135000,2026-06-22 13:30:00+00:00,1.32476,1.32652,1.32394,1.32394,1734.77
1782136800,2026-06-22 14:00:00+00:00,1.32394,1.3264,1.32394,1.32614,1747.39
1782138600,2026-06-22 14:30:00+00:00,1.32614,1.3264,1.32537,1.32614,1712.91
1782140400,2026-06-22 15:00:00+00:00,1.32628,1.32675,1.32505,1.32619,1762.11
1782142200,2026-06-22 15:30:00+00:00,1.32619,1.32642,1.32477,1.32477,1752.2
1782144000,2026-06-22 16:00:00+00:00,1.32487,1.32487,1.32438,1.32452,1731.93
1782145800,2026-06-22 16:30:00+00:00,1.32452,1.32466,1.32406,1.32459,1667.39
1782147600,2026-06-22 17:00:00+00:00,1.32459,1.32464,1.3241,1.32463,1832.67
1782149400,2026-06-22 17:30:00+00:00,1.32463,1.32464,1.32418,1.32447,1680.45
1782151200,2026-06-22 18:00:00+00:00,1.32445,1.32468,1.32425,1.32429,1720.78
1782153000,2026-06-22 18:30:00+00:00,1.32429,1.3243,1.32415,1.32419,1681.91
1782154800,2026-06-22 19:00:00+00:00,1.3244,1.32496,1.32422,1.32477,1748.64
1782156600,2026-06-22 19:30:00+00:00,1.32477,1.3249,1.32446,1.32478,1702.83
1782158400,2026-06-22 20:00:00+00:00,1.3248,1.32522,1.3248,1.32497,1756.84
1782160200,2026-06-22 20:30:00+00:00,1.32497,1.32531,1.32478,1.32531,1742.42
1782162000,2026-06-22 21:00:00+00:00,1.32647,1.32647,1.32585,1.32631,1721.27
1782163800,2026-06-22 21:30:00+00:00,1.32631,1.32635,1.32491,1.32538,1771.87
1782165600,2026-06-22 22:00:00+00:00,1.32538,1.32538,1.3247,1.32496,1725.76
1782167400,2026-06-22 22:30:00+00:00,1.32496,1.32507,1.32477,1.32489,1724.15
1782169200,2026-06-22 23:00:00+00:00,1.32498,1.32499,1.32488,1.32489,1743.12
1782171000,2026-06-22 23:30:00+00:00,1.32489,1.32494,1.32466,1.32471,1675.8
1782172800,2026-06-23 00:00:00+00:00,1.32456,1.32471,1.32405,1.32471,1745.67
1782174600,2026-06-23 00:30:00+00:00,1.32471,1.32471,1.32437,1.32454,1726.02
1782176400,2026-06-23 01:00:00+00:00,1.32466,1.32466,1.32392,1.32418,1694.37
1782178200,2026-06-23 01:30:00+00:00,1.32418,1.32459,1.32406,1.32443,1803.22
1782180000,2026-06-23 02:00:00+00:00,1.3244,1.32446,1.32424,1.32439,1702.17
1782181800,2026-06-23 02:30:00+00:00,1.32439,1.32494,1.32424,1.32426,1795.52
1782183600,2026-06-23 03:00:00+00:00,1.32431,1.32494,1.32354,1.32471,1707.04
1782185400,2026-06-23 03:30:00+00:00,1.32471,1.32494,1.32406,1.32494,1839.93
1782187200,2026-06-23 04:00:00+00:00,1.32494,1.32494,1.32412,1.32473,1756.17
1782189000,2026-06-23 04:30:00+00:00,1.32473,1.32483,1.32361,1.32364,1689.86
1782190800,2026-06-23 05:00:00+00:00,1.3234,1.32429,1.3234,1.32417,1793.02
1782192600,2026-06-23 05:30:00+00:00,1.32417,1.32429,1.32414,1.32429,1749.08
1782194400,2026-06-23 06:00:00+00:00,1.3241,1.32464,1.32363,1.3238,1718.05
1782196200,2026-06-23 06:30:00+00:00,1.3238,1.32392,1.32294,1.32363,1707.12
1782198000,2026-06-23 07:00:00+00:00,1.32317,1.32492,1.32313,1.32458,1690.64
1782199800,2026-06-23 07:30:00+00:00,1.32458,1.32476,1.32217,1.32265,1707.75
1782201600,2026-06-23 08:00:00+00:00,1.32273,1.32352,1.32223,1.32273,1721.72
1782203400,2026-06-23 08:30:00+00:00,1.32273,1.32279,1.32134,1.32188,1665.47
1782205200,2026-06-23 09:00:00+00:00,1.32203,1.32289,1.32165,1.32267,1717.08
1782207000,2026-06-23 09:30:00+00:00,1.32267,1.32307,1.32212,1.32307,1714.43
1782208800,2026-06-23 10:00:00+00:00,1.32314,1.32314,1.32259,1.32262,1661.38
1782210600,2026-06-23 10:30:00+00:00,1.32262,1.32274,1.32113,1.3221,1708.81
1782212400,2026-06-23 11:00:00+00:00,1.32216,1.32242,1.32138,1.32181,1728.84
1782214200,2026-06-23 11:30:00+00:00,1.32181,1.32184,1.32078,1.32085,1766.02
1782216000,2026-06-23 12:00:00+00:00,1.32081,1.32193,1.32081,1.32156,1649.51
1782217800,2026-06-23 12:30:00+00:00,1.32156,1.32185,1.32084,1.32114,1796.07
1782219600,2026-06-23 13:00:00+00:00,1.32118,1.32216,1.32055,1.32064,1750.03
1782221400,2026-06-23 13:30:00+00:00,1.32064,1.32155,1.3206,1.32132,1706.17
1782223200,2026-06-23 14:00:00+00:00,1.32146,1.32146,1.31989,1.32014,1764.79
1782225000,2026-06-23 14:30:00+00:00,1.32014,1.32055,1.31957,1.32008,1746.96
1782226800,2026-06-23 15:00:00+00:00,1.32017,1.32025,1.3194,1.31969,1790.41
1782228600,2026-06-23 15:30:00+00:00,1.31969,1.32003,1.31855,1.31893,1815.8600000000001
1782230400,2026-06-23 16:00:00+00:00,1.31907,1.31945,1.31871,1.31918,1663.96
1782232200,2026-06-23 16:30:00+00:00,1.31918,1.31968,1.31865,1.31881,1703.88
1782234000,2026-06-23 17:00:00+00:00,1.31863,1.31901,1.31843,1.31862,1716.84
1782235800,2026-06-23 17:30:00+00:00,1.31862,1.31921,1.31849,1.31888,1746.81
1782237600,2026-06-23 18:00:00+00:00,1.31886,1.31888,1.31837,1.31847,1775.8
1782239400,2026-06-23 18:30:00+00:00,1.31847,1.31888,1.31841,1.31881,1749.79
1782241200,2026-06-23 19:00:00+00:00,1.31888,1.31962,1.31888,1.31962,1754.81
1782243000,2026-06-23 19:30:00+00:00,1.31962,1.3201,1.31942,1.3197,1672.17
1782244800,2026-06-23 20:00:00+00:00,1.31952,1.31991,1.31952,1.31973,1753.65
1782246600,2026-06-23 20:30:00+00:00,1.31973,1.32046,1.31956,1.32046,1807.82
1782248400,2026-06-23 21:00:00+00:00,1.32065,1.32065,1.3205,1.32057,1709.94
1782250200,2026-06-23 21:30:00+00:00,1.32057,1.32059,1.32003,1.32025,1751.3600000000001
1782252000,2026-06-23 22:00:00+00:00,1.32008,1.32011,1.31992,1.31997,1718.1399999999999
1782253800,2026-06-23 22:30:00+00:00,1.31997,1.3202,1.31994,1.32013,1710.3799999999999
1782255600,2026-06-23 23:00:00+00:00,1.3201,1.32039,1.31995,1.32002,1729.95
1782257400,2026-06-23 23:30:00+00:00,1.32002,1.32006,1.31978,1.31999,1748.68
1782259200,2026-06-24 00:00:00+00:00,1.31999,1.32022,1.31945,1.32012,1773.03
1782261000,2026-06-24 00:30:00+00:00,1.32012,1.32029,1.3195,1.31996,1706.1399999999999
1782262800,2026-06-24 01:00:00+00:00,1.31978,1.31986,1.31924,1.31964,1715.18
1782264600,2026-06-24 01:30:00+00:00,1.31964,1.32022,1.31961,1.32017,1731.21
1782266400,2026-06-24 02:00:00+00:00,1.32015,1.32038,1.31983,1.32005,1674.22
1782268200,2026-06-24 02:30:00+00:00,1.32005,1.32023,1.31926,1.31926,1726.83
1782270000,2026-06-24 03:00:00+00:00,1.31914,1.32002,1.31886,1.31991,1757.42
1782271800,2026-06-24 03:30:00+00:00,1.31991,1.32013,1.31974,1.31994,1757.1
1782273600,2026-06-24 04:00:00+00:00,1.31989,1.31989,1.31925,1.31931,1753.48
1782275400,2026-06-24 04:30:00+00:00,1.31931,1.31978,1.31921,1.31935,1723.29
1782277200,2026-06-24 05:00:00+00:00,1.31931,1.31978,1.31931,1.31971,1706.83
1782279000,2026-06-24 05:30:00+00:00,1.31971,1.31982,1.31945,1.31956,1763.01
1782280800,2026-06-24 06:00:00+00:00,1.31944,1.32088,1.31918,1.31922,1702.97
1782282600,2026-06-24 06:30:00+00:00,1.31922,1.32031,1.31863,1.31863,1735.66
1782284400,2026-06-24 07:00:00+00:00,1.31869,1.31978,1.31811,1.31953,1730.52
1782286200,2026-06-24 07:30:00+00:00,1.31953,1.31978,1.31811,1.31883,1769.8
1782288000,2026-06-24 08:00:00+00:00,1.31877,1.31964,1.31721,1.31953,1763.93
1782289800,2026-06-24 08:30:00+00:00,1.31953,1.31964,1.31916,1.31931,1768.56
1782291600,2026-06-24 09:00:00+00:00,1.31928,1.31956,1.31793,1.31804,1722.45
1782293400,2026-06-24 09:30:00+00:00,1.31804,1.31825,1.31766,1.31766,1728.48
1782295200,2026-06-24 10:00:00+00:00,1.31759,1.31759,1.3164,1.31657,1752.44
1782297000,2026-06-24 10:30:00+00:00,1.31657,1.31671,1.31562,1.31582,1738.42
1782298800,2026-06-24 11:00:00+00:00,1.31586,1.31735,1.31548,1.31598,1705.02
1782300600,2026-06-24 11:30:00+00:00,1.31598,1.31619,1.31518,1.3161,1687.15
1782302400,2026-06-24 12:00:00+00:00,1.31641,1.31678,1.31441,1.31501,1752.3
1782304200,2026-06-24 12:30:00+00:00,1.31501,1.3155,1.31441,1.31501,1708.14
1782306000,2026-06-24 13:00:00+00:00,1.3152,1.31655,1.31451,1.31655,1775.61
1782307800,2026-06-24 13:30:00+00:00,1.31655,1.31655,1.31581,1.31619,1764.49
1782309600,2026-06-24 14:00:00+00:00,1.31617,1.31624,1.31404,1.31441,1719.23
1782311400,2026-06-24 14:30:00+00:00,1.31441,1.31666,1.31435,1.31473,1738.03
1782313200,2026-06-24 15:00:00+00:00,1.31472,1.31704,1.31472,1.31589,1784.87
1782315000,2026-06-24 15:30:00+00:00,1.31589,1.31642,1.31472,1.31591,1657.63
1782316800,2026-06-24 16:00:00+00:00,1.31591,1.31634,1.3157,1.31597,1776.97
1782318600,2026-06-24 16:30:00+00:00,1.31597,1.31794,1.31583,1.31705,1705.95
1782320400,2026-06-24 17:00:00+00:00,1.31726,1.31726,1.31694,1.31726,1715.6
1782322200,2026-06-24 17:30:00+00:00,1.31726,1.31726,1.31548,1.3157,1767.7
1782324000,2026-06-24 18:00:00+00:00,1.31575,1.31648,1.31569,1.31591,1727.43
1782325800,2026-06-24 18:30:00+00:00,1.31591,1.31702,1.31572,1.31614,1742.76
1782327600,2026-06-24 19:00:00+00:00,1.31622,1.31653,1.31612,1.31643,1806.6
1782329400,2026-06-24 19:30:00+00:00,1.31643,1.31648,1.31572,1.3161,1746.2
1782331200,2026-06-24 20:00:00+00:00,1.31605,1.31702,1.31605,1.31679,1783.99
1782333000,2026-06-24 20:30:00+00:00,1.31679,1.31692,1.31621,1.31688,1748.45
1782334800,2026-06-24 21:00:00+00:00,1.31803,1.31803,1.31661,1.31665,1718.7
1782336600,2026-06-24 21:30:00+00:00,1.31665,1.31703,1.31627,1.31685,1713.75
1782338400,2026-06-24 22:00:00+00:00,1.31664,1.31665,1.31641,1.31658,1724.3799999999999
1782340200,2026-06-24 22:30:00+00:00,1.31658,1.31678,1.31655,1.31657,1745.45
1782342000,2026-06-24 23:00:00+00:00,1.31659,1.3166,1.3164,1.31649,1809.69
1782343800,2026-06-24 23:30:00+00:00,1.31649,1.31681,1.31641,1.31647,1706.17
1782345600,2026-06-25 00:00:00+00:00,1.31621,1.31655,1.31608,1.31645,1738.7
1782347400,2026-06-25 00:30:00+00:00,1.31645,1.31649,1.31591,1.31633,1693.7
1782349200,2026-06-25 01:00:00+00:00,1.31631,1.31656,1.31631,1.31646,1709.0
1782351000,2026-06-25 01:30:00+00:00,1.31646,1.31827,1.31631,1.31707,1754.88
1782352800,2026-06-25 02:00:00+00:00,1.31695,1.31718,1.31695,1.31709,1735.6000000000001
1782354600,2026-06-25 02:30:00+00:00,1.31709,1.31804,1.31695,1.31777,1712.64
1782356400,2026-06-25 03:00:00+00:00,1.31784,1.31832,1.31784,1.31831,1811.85
1782358200,2026-06-25 03:30:00+00:00,1.31831,1.31839,1.31808,1.31822,1777.18
1782360000,2026-06-25 04:00:00+00:00,1.31824,1.31857,1.31811,1.31839,1755.58
1782361800,2026-06-25 04:30:00+00:00,1.31839,1.31852,1.31806,1.31827,1759.64
1782363600,2026-06-25 05:00:00+00:00,1.31839,1.31853,1.31811,1.31851,1667.1200000000001
1782365400,2026-06-25 05:30:00+00:00,1.31851,1.31853,1.3177,1.31777,1710.98
1782367200,2026-06-25 06:00:00+00:00,1.31782,1.3179,1.31688,1.31747,1723.7
1782369000,2026-06-25 06:30:00+00:00,1.31747,1.31791,1.31688,1.31733,1809.11
1782370800,2026-06-25 07:00:00+00:00,1.31747,1.31851,1.31714,1.31826,1698.01
1782372600,2026-06-25 07:30:00+00:00,1.31826,1.31851,1.31796,1.31851,1740.6299999999999
1782374400,2026-06-25 08:00:00+00:00,1.3186,1.31959,1.31844,1.31958,1764.4
1782376200,2026-06-25 08:30:00+00:00,1.31958,1.31968,1.31899,1.31905,1752.81
1782378000,2026-06-25 09:00:00+00:00,1.31909,1.31964,1.31864,1.31869,1719.76
1782379800,2026-06-25 09:30:00+00:00,1.31869,1.3193,1.31843,1.31869,1772.41
1782381600,2026-06-25 10:00:00+00:00,1.31855,1.31855,1.31723,1.31738,1715.45
1782383400,2026-06-25 10:30:00+00:00,1.31738,1.31783,1.31652,1.31683,1740.6
1782385200,2026-06-25 11:00:00+00:00,1.31685,1.31685,1.31547,1.31558,1734.41
1782387000,2026-06-25 11:30:00+00:00,1.31558,1.31564,1.31517,1.31541,1726.97
1782388800,2026-06-25 12:00:00+00:00,1.31558,1.31863,1.31556,1.31756,1747.9
1782390600,2026-06-25 12:30:00+00:00,1.31756,1.31843,1.31548,1.31768,1782.8
1782392400,2026-06-25 13:00:00+00:00,1.3178,1.3185,1.31744,1.31805,1739.15
1782394200,2026-06-25 13:30:00+00:00,1.31805,1.31973,1.31788,1.31884,1774.03
1782396000,2026-06-25 14:00:00+00:00,1.31907,1.32151,1.31907,1.31932,1698.75
1782397800,2026-06-25 14:30:00+00:00,1.31932,1.32136,1.31928,1.32025,1773.31
1782399600,2026-06-25 15:00:00+00:00,1.32032,1.32134,1.31991,1.32126,1809.74
1782401400,2026-06-25 15:30:00+00:00,1.32126,1.32162,1.32076,1.32158,1842.34
1782403200,2026-06-25 16:00:00+00:00,1.32134,1.32167,1.32052,1.32076,1736.55
1782405000,2026-06-25 16:30:00+00:00,1.32076,1.32195,1.32052,1.32059,1693.8700000000001
1782406800,2026-06-25 17:00:00+00:00,1.32059,1.32062,1.32014,1.32035,1729.24
1782408600,2026-06-25 17:30:00+00:00,1.32035,1.3206,1.31996,1.32025,1771.03
1782410400,2026-06-25 18:00:00+00:00,1.32015,1.32053,1.31975,1.31977,1774.1
1782412200,2026-06-25 18:30:00+00:00,1.31977,1.32005,1.31956,1.31998,1763.95
1782414000,2026-06-25 19:00:00+00:00,1.32003,1.32011,1.31956,1.31991,1724.81
1782415800,2026-06-25 19:30:00+00:00,1.31991,1.32053,1.31979,1.32001,1754.34
1782417600,2026-06-25 20:00:00+00:00,1.32018,1.32018,1.31932,1.3194,1711.42
1782419400,2026-06-25 20:30:00+00:00,1.3194,1.31972,1.31909,1.31916,1760.59
1782421200,2026-06-25 21:00:00+00:00,1.31982,1.32049,1.3193,1.31984,1702.42
1782423000,2026-06-25 21:30:00+00:00,1.31984,1.32093,1.31948,1.31971,1782.3600000000001
1782424800,2026-06-25 22:00:00+00:00,1.31959,1.31959,1.31942,1.31955,1719.63
1782426600,2026-06-25 22:30:00+00:00,1.31955,1.31959,1.31909,1.31926,1745.17
1782428400,2026-06-25 23:00:00+00:00,1.31938,1.31938,1.31843,1.31855,1769.43
1782430200,2026-06-25 23:30:00+00:00,1.31855,1.31881,1.31851,1.31876,1700.0
1782432000,2026-06-26 00:00:00+00:00,1.31886,1.31934,1.31881,1.31924,1712.53
1782433800,2026-06-26 00:30:00+00:00,1.31924,1.31942,1.31881,1.3194,1766.21
1782435600,2026-06-26 01:00:00+00:00,1.31945,1.31948,1.31878,1.31931,1774.9
1782437400,2026-06-26 01:30:00+00:00,1.31931,1.32001,1.31877,1.31902,1763.85
1782439200,2026-06-26 02:00:00+00:00,1.31912,1.3193,1.31811,1.31823,1753.48
1782441000,2026-06-26 02:30:00+00:00,1.31823,1.3186,1.31811,1.31836,1646.78
1782442800,2026-06-26 03:00:00+00:00,1.31837,1.31965,1.31837,1.31921,1736.98
1782444600,2026-06-26 03:30:00+00:00,1.31921,1.31982,1.31902,1.31982,1732.47
1782446400,2026-06-26 04:00:00+00:00,1.3198,1.32017,1.31961,1.32013,1736.72
1782448200,2026-06-26 04:30:00+00:00,1.32013,1.32017,1.32003,1.32015,1710.57
1782450000,2026-06-26 05:00:00+00:00,1.32018,1.32045,1.31998,1.3204,1768.92
1782451800,2026-06-26 05:30:00+00:00,1.3204,1.32079,1.32019,1.32064,1711.71
1782453600,2026-06-26 06:00:00+00:00,1.3206,1.32062,1.32034,1.3205,1724.49
1782455400,2026-06-26 06:30:00+00:00,1.3205,1.3206,1.31947,1.31984,1687.76
1782457200,2026-06-26 07:00:00+00:00,1.31975,1.32003,1.31919,1.31989,1764.12
1782459000,2026-06-26 07:30:00+00:00,1.31989,1.32107,1.3198,1.32057,1784.27
1782460800,2026-06-26 08:00:00+00:00,1.3206,1.32107,1.32004,1.32077,1797.41
1782462600,2026-06-26 08:30:00+00:00,1.32077,1.32214,1.32061,1.32175,1777.94
1782464400,2026-06-26 09:00:00+00:00,1.32155,1.32184,1.32093,1.32163,1711.57
1782466200,2026-06-26 09:30:00+00:00,1.32163,1.32287,1.32098,1.3221,1748.5
1782468000,2026-06-26 10:00:00+00:00,1.32207,1.3221,1.32168,1.32204,1761.08
1782469800,2026-06-26 10:30:00+00:00,1.32204,1.32237,1.32178,1.32231,1760.45
1782471600,2026-06-26 11:00:00+00:00,1.32231,1.32245,1.32154,1.32212,1672.74
1782473400,2026-06-26 11:30:00+00:00,1.32212,1.32226,1.32125,1.32165,1747.79
1782475200,2026-06-26 12:00:00+00:00,1.32168,1.32221,1.32062,1.32088,1738.97
1782477000,2026-06-26 12:30:00+00:00,1.32088,1.32178,1.32034,1.32142,1715.16
1782478800,2026-06-26 13:00:00+00:00,1.32109,1.32248,1.32045,1.32235,1786.78
1782480600,2026-06-26 13:30:00+00:00,1.32235,1.32254,1.32213,1.32254,1780.36
1782482400,2026-06-26 14:00:00+00:00,1.32263,1.32301,1.32022,1.32201,1660.06
1782484200,2026-06-26 14:30:00+00:00,1.32201,1.32236,1.31989,1.31989,1695.1299999999999
1782486000,2026-06-26 15:00:00+00:00,1.32001,1.32097,1.31992,1.32072,1659.83
1782487800,2026-06-26 15:30:00+00:00,1.32072,1.32226,1.32053,1.32209,1772.13
1782489600,2026-06-26 16:00:00+00:00,1.32214,1.32214,1.32085,1.32107,1721.12
1782491400,2026-06-26 16:30:00+00:00,1.32107,1.32111,1.32053,1.32062,1727.51
1782493200,2026-06-26 17:00:00+00:00,1.32053,1.32097,1.32028,1.32093,1733.81
1782495000,2026-06-26 17:30:00+00:00,1.32093,1.32097,1.31996,1.32011,1695.58
1782496800,2026-06-26 18:00:00+00:00,1.3201,1.32023,1.32004,1.3201,1709.11
1782498600,2026-06-26 18:30:00+00:00,1.3201,1.32065,1.32008,1.3201,1814.86
1782500400,2026-06-26 19:00:00+00:00,1.32001,1.32032,1.31959,1.31959,1762.5
1782502200,2026-06-26 19:30:00+00:00,1.31959,1.32007,1.31959,1.31996,1754.34
1782504000,2026-06-26 20:00:00+00:00,1.31994,1.32043,1.31938,1.31948,1741.15
1782505800,2026-06-26 20:30:00+00:00,1.31948,1.31976,1.31938,1.3197,1710.26
1782507600,2026-06-26 21:00:00+00:00,1.3198,1.3198,1.3198,1.3198,1655.54
1782509400,2026-06-26 21:30:00+00:00,1.3198,1.3198,1.3198,1.3198,1722.09
1782687600,2026-06-28 23:00:00+00:00,1.3195,1.31978,1.31926,1.31978,1745.15
1782689400,2026-06-28 23:30:00+00:00,1.31978,1.31978,1.31956,1.31978,1705.75
1782691200,2026-06-29 00:00:00+00:00,1.31971,1.31995,1.31945,1.31971,1748.1100000000001
1782693000,2026-06-29 00:30:00+00:00,1.31971,1.32013,1.31963,1.32006,1727.97
1782694800,2026-06-29 01:00:00+00:00,1.32001,1.32048,1.31999,1.32035,1737.11
1782696600,2026-06-29 01:30:00+00:00,1.32035,1.3204,1.31975,1.31991,1689.72
1782698400,2026-06-29 02:00:00+00:00,1.31987,1.32011,1.31987,1.32001,1701.52
1782700200,2026-06-29 02:30:00+00:00,1.32001,1.32104,1.3199,1.32034,1742.1
1782702000,2026-06-29 03:00:00+00:00,1.32034,1.32064,1.32027,1.32038,1813.61
1782703800,2026-06-29 03:30:00+00:00,1.32038,1.32055,1.31994,1.31994,1733.4
1782705600,2026-06-29 04:00:00+00:00,1.31984,1.31998,1.3197,1.31986,1747.39
1782707400,2026-06-29 04:30:00+00:00,1.31986,1.32008,1.31983,1.31992,1685.44
1782709200,2026-06-29 05:00:00+00:00,1.31999,1.32094,1.31999,1.32045,1708.81
1782711000,2026-06-29 05:30:00+00:00,1.32045,1.32125,1.31999,1.321,1701.8799999999999
1782712800,2026-06-29 06:00:00+00:00,1.32104,1.32237,1.32099,1.32236,1751.46
1782714600,2026-06-29 06:30:00+00:00,1.32236,1.32277,1.32227,1.32275,1741.45
1782716400,2026-06-29 07:00:00+00:00,1.32258,1.3228,1.32169,1.32245,1750.75
1782718200,2026-06-29 07:30:00+00:00,1.32245,1.32261,1.32141,1.32141,1740.34
1782720000,2026-06-29 08:00:00+00:00,1.32151,1.32167,1.32056,1.32058,1727.74
1782721800,2026-06-29 08:30:00+00:00,1.32058,1.32096,1.32039,1.32072,1784.8899999999999
1782723600,2026-06-29 09:00:00+00:00,1.32071,1.32166,1.32071,1.32099,1709.59
1782725400,2026-06-29 09:30:00+00:00,1.32099,1.32174,1.32071,1.32156,1786.85
1782727200,2026-06-29 10:00:00+00:00,1.32179,1.32241,1.32102,1.32219,1706.49
1782729000,2026-06-29 10:30:00+00:00,1.32219,1.32254,1.32162,1.3223,1768.3
1782730800,2026-06-29 11:00:00+00:00,1.32237,1.32319,1.32237,1.32307,1768.46
1782732600,2026-06-29 11:30:00+00:00,1.32307,1.32349,1.32277,1.32329,1750.96
1782734400,2026-06-29 12:00:00+00:00,1.32317,1.32394,1.32306,1.32394,1692.78
1782736200,2026-06-29 12:30:00+00:00,1.32394,1.32394,1.32289,1.32328,1753.56
1782738000,2026-06-29 13:00:00+00:00,1.32363,1.32417,1.32352,1.32382,1754.98
1782739800,2026-06-29 13:30:00+00:00,1.32382,1.32461,1.32366,1.32419,1791.85
1782741600,2026-06-29 14:00:00+00:00,1.32377,1.32475,1.32308,1.3247,1656.5
1782743400,2026-06-29 14:30:00+00:00,1.3247,1.32475,1.32441,1.32463,1729.6
1782745200,2026-06-29 15:00:00+00:00,1.32454,1.32527,1.32448,1.3247,1766.09
1782747000,2026-06-29 15:30:00+00:00,1.3247,1.32528,1.32433,1.32528,1715.99
1782748800,2026-06-29 16:00:00+00:00,1.3254,1.32586,1.32519,1.32527,1752.53
1782750600,2026-06-29 16:30:00+00:00,1.32527,1.32553,1.32519,1.3255,1747.65
1782752400,2026-06-29 17:00:00+00:00,1.3255,1.32582,1.32538,1.32573,1698.45
1782754200,2026-06-29 17:30:00+00:00,1.32573,1.32581,1.32515,1.32573,1722.16
1782756000,2026-06-29 18:00:00+00:00,1.3257,1.32607,1.3257,1.32605,1800.86
1782757800,2026-06-29 18:30:00+00:00,1.32605,1.32608,1.32578,1.32579,1681.9
1782759600,2026-06-29 19:00:00+00:00,1.32582,1.3263,1.32559,1.32559,1741.32
1782761400,2026-06-29 19:30:00+00:00,1.32559,1.3263,1.32554,1.3261,1720.3
1782763200,2026-06-29 20:00:00+00:00,1.3261,1.32626,1.32599,1.32607,1776.18
1782765000,2026-06-29 20:30:00+00:00,1.32607,1.32619,1.32582,1.32598,1765.55
1782766800,2026-06-29 21:00:00+00:00,1.32571,1.32607,1.32435,1.32598,1715.01
1782768600,2026-06-29 21:30:00+00:00,1.32598,1.32607,1.32556,1.32563,1738.4
1782770400,2026-06-29 22:00:00+00:00,1.32603,1.32621,1.32593,1.32612,1765.98
1782772200,2026-06-29 22:30:00+00:00,1.32612,1.32621,1.3258,1.32621,1685.13
1782774000,2026-06-29 23:00:00+00:00,1.3261,1.32615,1.32594,1.32604,1775.8600000000001
1782775800,2026-06-29 23:30:00+00:00,1.32604,1.32612,1.3254,1.32543,1732.72
1782777600,2026-06-30 00:00:00+00:00,1.32526,1.32549,1.32509,1.3251,1728.68
1782779400,2026-06-30 00:30:00+00:00,1.3251,1.32524,1.32399,1.32445,1718.54
1782781200,2026-06-30 01:00:00+00:00,1.32478,1.32478,1.32368,1.32372,1746.43
1782783000,2026-06-30 01:30:00+00:00,1.32372,1.32403,1.32357,1.32357,1732.74
1782784800,2026-06-30 02:00:00+00:00,1.32363,1.32401,1.32352,1.32381,1732.71
1782786600,2026-06-30 02:30:00+00:00,1.32381,1.32401,1.32349,1.32366,1770.13
1782788400,2026-06-30 03:00:00+00:00,1.32375,1.32391,1.32346,1.32348,1756.15
1782790200,2026-06-30 03:30:00+00:00,1.32348,1.32362,1.32321,1.32336,1826.26
1782792000,2026-06-30 04:00:00+00:00,1.32333,1.32366,1.32303,1.32305,1736.07
1782793800,2026-06-30 04:30:00+00:00,1.32305,1.32317,1.32303,1.32303,1766.02
1782795600,2026-06-30 05:00:00+00:00,1.32293,1.32331,1.32261,1.32273,1692.6200000000001
1782797400,2026-06-30 05:30:00+00:00,1.32273,1.32306,1.32265,1.32268,1732.49
1782799200,2026-06-30 06:00:00+00:00,1.32272,1.32423,1.32233,1.32347,1745.25
1782801000,2026-06-30 06:30:00+00:00,1.32347,1.32452,1.32233,1.32414,1782.42
1782802800,2026-06-30 07:00:00+00:00,1.32422,1.32468,1.32352,1.32362,1738.88
1782804600,2026-06-30 07:30:00+00:00,1.32362,1.32382,1.32343,1.32359,1722.1
1782806400,2026-06-30 08:00:00+00:00,1.32342,1.32351,1.32232,1.32344,1747.47
1782808200,2026-06-30 08:30:00+00:00,1.32344,1.32352,1.32224,1.32312,1721.14
1782810000,2026-06-30 09:00:00+00:00,1.323,1.32387,1.323,1.32366,1752.87
1782811800,2026-06-30 09:30:00+00:00,1.32366,1.32386,1.3234,1.32371,1713.01
1782813600,2026-06-30 10:00:00+00:00,1.32363,1.32398,1.32324,1.32347,1773.78
1782815400,2026-06-30 10:30:00+00:00,1.32347,1.32371,1.32322,1.3237,1733.55
1782817200,2026-06-30 11:00:00+00:00,1.32363,1.32363,1.32236,1.3232,1677.99
1782819000,2026-06-30 11:30:00+00:00,1.3232,1.32361,1.32163,1.3227,1741.25
1782820800,2026-06-30 12:00:00+00:00,1.32272,1.32272,1.32236,1.32253,1731.23
1782822600,2026-06-30 12:30:00+00:00,1.32253,1.32254,1.32141,1.32174,1807.85
1782824400,2026-06-30 13:00:00+00:00,1.32151,1.32312,1.32151,1.32279,1733.6
1782826200,2026-06-30 13:30:00+00:00,1.32279,1.32301,1.32166,1.32219,1685.04
1782828000,2026-06-30 14:00:00+00:00,1.32168,1.3268,1.32168,1.32607,1768.5
1782829800,2026-06-30 14:30:00+00:00,1.32607,1.32735,1.32513,1.32732,1712.85
1782831600,2026-06-30 15:00:00+00:00,1.32725,1.32737,1.32608,1.32706,1810.1399999999999
1782833400,2026-06-30 15:30:00+00:00,1.32706,1.32758,1.32566,1.3257,1768.58
1782835200,2026-06-30 16:00:00+00:00,1.32575,1.32578,1.32525,1.32569,1735.11
1782837000,2026-06-30 16:30:00+00:00,1.32569,1.32582,1.32492,1.3251,1769.49
1782838800,2026-06-30 17:00:00+00:00,1.32519,1.32579,1.32508,1.32564,1747.1
1782840600,2026-06-30 17:30:00+00:00,1.32564,1.32582,1.32516,1.32561,1722.22
1782842400,2026-06-30 18:00:00+00:00,1.32563,1.32565,1.32557,1.32558,1769.9
1782844200,2026-06-30 18:30:00+00:00,1.32558,1.32637,1.32557,1.32563,1719.55
1782846000,2026-06-30 19:00:00+00:00,1.3255,1.32656,1.32529,1.32651,1751.99
1782847800,2026-06-30 19:30:00+00:00,1.32651,1.32656,1.3258,1.32656,1739.75
1782849600,2026-06-30 20:00:00+00:00,1.32651,1.32661,1.32602,1.32602,1723.08
1782851400,2026-06-30 20:30:00+00:00,1.32602,1.32645,1.32596,1.32619,1813.52
1782853200,2026-06-30 21:00:00+00:00,1.32621,1.32631,1.32615,1.32625,1703.51
1782855000,2026-06-30 21:30:00+00:00,1.32625,1.32631,1.32517,1.32615,1760.69
1782856800,2026-06-30 22:00:00+00:00,1.32603,1.32607,1.32579,1.3258,1692.33
1782858600,2026-06-30 22:30:00+00:00,1.3258,1.32587,1.32573,1.32579,1796.25
1782860400,2026-06-30 23:00:00+00:00,1.32582,1.32584,1.32543,1.32543,1754.49
1782862200,2026-06-30 23:30:00+00:00,1.32543,1.32544,1.32498,1.32505,1805.16
1782864000,2026-07-01 00:00:00+00:00,1.32507,1.32521,1.32475,1.32506,1772.49
1782865800,2026-07-01 00:30:00+00:00,1.32506,1.32519,1.32449,1.32464,1752.12
1782867600,2026-07-01 01:00:00+00:00,1.32463,1.32463,1.32361,1.3243,1751.54
1782869400,2026-07-01 01:30:00+00:00,1.3243,1.32461,1.32371,1.3238,1740.25
1782871200,2026-07-01 02:00:00+00:00,1.32385,1.32405,1.3235,1.32387,1734.39
1782873000,2026-07-01 02:30:00+00:00,1.32387,1.3241,1.32372,1.32377,1785.3
1782874800,2026-07-01 03:00:00+00:00,1.32368,1.32394,1.32325,1.32348,1735.49
1782876600,2026-07-01 03:30:00+00:00,1.32348,1.3239,1.32321,1.32352,1723.3899999999999
1782878400,2026-07-01 04:00:00+00:00,1.32361,1.3238,1.32346,1.32351,1725.58
1782880200,2026-07-01 04:30:00+00:00,1.32351,1.32443,1.32333,1.32424,1691.62
1782882000,2026-07-01 05:00:00+00:00,1.32419,1.32432,1.32408,1.32413,1733.05
1782883800,2026-07-01 05:30:00+00:00,1.32413,1.32454,1.32411,1.32424,1650.21
1782885600,2026-07-01 06:00:00+00:00,1.32415,1.3243,1.32359,1.32385,1742.88
1782887400,2026-07-01 06:30:00+00:00,1.32385,1.32447,1.32359,1.32443,1711.67
1782889200,2026-07-01 07:00:00+00:00,1.3244,1.32453,1.323,1.32445,1704.49
1782891000,2026-07-01 07:30:00+00:00,1.32445,1.32459,1.3242,1.32445,1760.13
1782892800,2026-07-01 08:00:00+00:00,1.3245,1.32524,1.32448,1.32509,1726.01
1782894600,2026-07-01 08:30:00+00:00,1.32509,1.32511,1.32399,1.32449,1714.18
1782896400,2026-07-01 09:00:00+00:00,1.32459,1.32564,1.32443,1.32511,1743.63
1782898200,2026-07-01 09:30:00+00:00,1.32511,1.32555,1.32465,1.32484,1833.1
1782900000,2026-07-01 10:00:00+00:00,1.32473,1.32562,1.32459,1.32555,1714.71
1782901800,2026-07-01 10:30:00+00:00,1.32555,1.32564,1.32542,1.32552,1770.9
1782903600,2026-07-01 11:00:00+00:00,1.32529,1.32529,1.32433,1.32443,1738.57
1782905400,2026-07-01 11:30:00+00:00,1.32443,1.32478,1.32426,1.32433,1779.6100000000001
1782907200,2026-07-01 12:00:00+00:00,1.32438,1.32491,1.32394,1.32439,1755.41
1782909000,2026-07-01 12:30:00+00:00,1.32439,1.32443,1.32354,1.32387,1753.64
1782910800,2026-07-01 13:00:00+00:00,1.3237,1.32588,1.3221,1.32262,1704.05
1782912600,2026-07-01 13:30:00+00:00,1.32262,1.32776,1.32239,1.3264,1740.7
1782914400,2026-07-01 14:00:00+00:00,1.3267,1.32917,1.32649,1.32686,1716.25
1782916200,2026-07-01 14:30:00+00:00,1.32686,1.32885,1.32649,1.3277,1729.35
1782918000,2026-07-01 15:00:00+00:00,1.32784,1.32813,1.32719,1.32753,1758.8
1782919800,2026-07-01 15:30:00+00:00,1.32753,1.32803,1.32672,1.32786,1764.93
1782921600,2026-07-01 16:00:00+00:00,1.32784,1.32917,1.32784,1.32813,1715.37
1782923400,2026-07-01 16:30:00+00:00,1.32813,1.32833,1.32784,1.3283,1751.67
1782925200,2026-07-01 17:00:00+00:00,1.32827,1.32841,1.32785,1.32786,1720.8
1782927000,2026-07-01 17:30:00+00:00,1.32786,1.32852,1.32781,1.32793,1739.77
1782928800,2026-07-01 18:00:00+00:00,1.32783,1.32795,1.32719,1.32787,1713.17
1782930600,2026-07-01 18:30:00+00:00,1.32787,1.32795,1.3276,1.32788,1730.22
1782932400,2026-07-01 19:00:00+00:00,1.32784,1.32827,1.32783,1.32784,1718.49
1782934200,2026-07-01 19:30:00+00:00,1.32784,1.32814,1.32783,1.32786,1730.75
1782936000,2026-07-01 20:00:00+00:00,1.3279,1.32809,1.32743,1.32744,1691.96
1782937800,2026-07-01 20:30:00+00:00,1.32744,1.32771,1.32707,1.32767,1737.02
1782939600,2026-07-01 21:00:00+00:00,1.3276,1.32832,1.32735,1.32832,1763.3
1782941400,2026-07-01 21:30:00+00:00,1.32832,1.32832,1.32768,1.32774,1746.28
1782943200,2026-07-01 22:00:00+00:00,1.32777,1.3278,1.32755,1.3278,1713.58
1782945000,2026-07-01 22:30:00+00:00,1.3278,1.32804,1.32776,1.328,1756.32
1782946800,2026-07-01 23:00:00+00:00,1.32799,1.32806,1.32791,1.32791,1752.1399999999999
1782948600,2026-07-01 23:30:00+00:00,1.32791,1.32793,1.32786,1.3279,1700.88
1782950400,2026-07-02 00:00:00+00:00,1.32788,1.32836,1.32751,1.32836,1779.65
1782952200,2026-07-02 00:30:00+00:00,1.32836,1.32836,1.32779,1.32784,1767.02
1782954000,2026-07-02 01:00:00+00:00,1.3279,1.32814,1.32784,1.3281,1702.35
1782955800,2026-07-02 01:30:00+00:00,1.3281,1.32908,1.32804,1.32846,1708.27
1782957600,2026-07-02 02:00:00+00:00,1.32844,1.3291,1.32844,1.32844,1694.69
1782959400,2026-07-02 02:30:00+00:00,1.32844,1.3295,1.32844,1.32864,1734.45
1782961200,2026-07-02 03:00:00+00:00,1.32859,1.32871,1.32853,1.32856,1743.84
1782963000,2026-07-02 03:30:00+00:00,1.32856,1.32869,1.32807,1.32864,1768.75
1782964800,2026-07-02 04:00:00+00:00,1.32878,1.3292,1.32859,1.32909,1728.32
1782966600,2026-07-02 04:30:00+00:00,1.32909,1.32914,1.3287,1.32899,1695.12
1782968400,2026-07-02 05:00:00+00:00,1.32899,1.32928,1.32876,1.32894,1793.11
1782970200,2026-07-02 05:30:00+00:00,1.32894,1.32929,1.32879,1.32917,1739.73
1782972000,2026-07-02 06:00:00+00:00,1.32922,1.33208,1.32922,1.33083,1700.42
1782973800,2026-07-02 06:30:00+00:00,1.33083,1.33209,1.32922,1.33073,1736.43
1782975600,2026-07-02 07:00:00+00:00,1.33048,1.33115,1.33007,1.33024,1691.49
1782977400,2026-07-02 07:30:00+00:00,1.33024,1.33378,1.32996,1.33365,1735.07
1782979200,2026-07-02 08:00:00+00:00,1.33378,1.33611,1.33378,1.33516,1747.94
1782981000,2026-07-02 08:30:00+00:00,1.33516,1.33627,1.33479,1.33567,1768.98
1782982800,2026-07-02 09:00:00+00:00,1.33558,1.33574,1.33452,1.33556,1751.91
1782984600,2026-07-02 09:30:00+00:00,1.33556,1.33573,1.33397,1.33429,1763.41
1782986400,2026-07-02 10:00:00+00:00,1.33408,1.33449,1.33328,1.33347,1748.22
1782988200,2026-07-02 10:30:00+00:00,1.33347,1.33355,1.33268,1.33333,1733.99
1782990000,2026-07-02 11:00:00+00:00,1.33332,1.33332,1.33199,1.33209,1792.77
1782991800,2026-07-02 11:30:00+00:00,1.33209,1.33219,1.33104,1.33126,1795.09
1782993600,2026-07-02 12:00:00+00:00,1.33099,1.33817,1.33093,1.33469,1726.5
1782995400,2026-07-02 12:30:00+00:00,1.33469,1.33663,1.32979,1.33624,1748.3
1782997200,2026-07-02 13:00:00+00:00,1.33667,1.33799,1.33656,1.33799,1736.75
1782999000,2026-07-02 13:30:00+00:00,1.33799,1.33799,1.33559,1.3374,1761.56
1783000800,2026-07-02 14:00:00+00:00,1.33747,1.33813,1.33589,1.33812,1770.46
1783002600,2026-07-02 14:30:00+00:00,1.33812,1.33854,1.33581,1.33752,1755.0
1783004400,2026-07-02 15:00:00+00:00,1.33758,1.33774,1.33669,1.33742,1705.49
1783006200,2026-07-02 15:30:00+00:00,1.33742,1.33754,1.3362,1.33622,1788.3
1783008000,2026-07-02 16:00:00+00:00,1.33624,1.33624,1.33506,1.33597,1755.55
1783009800,2026-07-02 16:30:00+00:00,1.33597,1.33624,1.33506,1.33545,1740.16
1783011600,2026-07-02 17:00:00+00:00,1.33533,1.33533,1.33505,1.33532,1764.8899999999999
1783013400,2026-07-02 17:30:00+00:00,1.33532,1.33533,1.33385,1.33401,1754.99
1783015200,2026-07-02 18:00:00+00:00,1.33415,1.33498,1.33415,1.33498,1697.94
1783017000,2026-07-02 18:30:00+00:00,1.33498,1.33517,1.33468,1.33481,1707.67
1783018800,2026-07-02 19:00:00+00:00,1.33481,1.33485,1.33432,1.33446,1742.51
1783020600,2026-07-02 19:30:00+00:00,1.33446,1.33458,1.33426,1.33458,1711.74
1783022400,2026-07-02 20:00:00+00:00,1.33451,1.335,1.33451,1.33498,1775.65
1783024200,2026-07-02 20:30:00+00:00,1.33498,1.33517,1.33472,1.33483,1721.83
1783026000,2026-07-02 21:00:00+00:00,1.33558,1.33558,1.33421,1.33463,1749.07
1783027800,2026-07-02 21:30:00+00:00,1.33463,1.33537,1.33458,1.33492,1680.97
1783029600,2026-07-02 22:00:00+00:00,1.33506,1.33506,1.33438,1.33441,1765.34
1783031400,2026-07-02 22:30:00+00:00,1.33441,1.33448,1.33426,1.33437,1759.3
1783033200,2026-07-02 23:00:00+00:00,1.33449,1.33477,1.33426,1.33431,1719.92
1783035000,2026-07-02 23:30:00+00:00,1.33431,1.33446,1.33387,1.33387,1737.97
1783036800,2026-07-03 00:00:00+00:00,1.33403,1.33429,1.33355,1.33414,1690.53
1783038600,2026-07-03 00:30:00+00:00,1.33414,1.33481,1.33379,1.33481,1705.62
1783040400,2026-07-03 01:00:00+00:00,1.33483,1.3364,1.33481,1.33541,1762.86
1783042200,2026-07-03 01:30:00+00:00,1.33541,1.33596,1.33481,1.33568,1768.01
1783044000,2026-07-03 02:00:00+00:00,1.33561,1.33665,1.33556,1.33579,1695.19
1783045800,2026-07-03 02:30:00+00:00,1.33579,1.33618,1.33556,1.33613,1755.52
1783047600,2026-07-03 03:00:00+00:00,1.33618,1.33621,1.3358,1.33616,1759.33
1783049400,2026-07-03 03:30:00+00:00,1.33616,1.33627,1.33577,1.33622,1744.67
1783051200,2026-07-03 04:00:00+00:00,1.33615,1.3364,1.33583,1.33633,1750.03
1783053000,2026-07-03 04:30:00+00:00,1.33633,1.33661,1.33624,1.33654,1764.24
1783054800,2026-07-03 05:00:00+00:00,1.33659,1.33707,1.33652,1.33694,1718.68
1783056600,2026-07-03 05:30:00+00:00,1.33694,1.33774,1.33652,1.33652,1742.32
1783058400,2026-07-03 06:00:00+00:00,1.33663,1.33803,1.33658,1.33666,1765.49
1783060200,2026-07-03 06:30:00+00:00,1.33666,1.33737,1.33654,1.33702,1701.46
1783062000,2026-07-03 07:00:00+00:00,1.33679,1.33758,1.33679,1.33712,1706.27
1783063800,2026-07-03 07:30:00+00:00,1.33712,1.33749,1.3364,1.33718,1759.56
1783065600,2026-07-03 08:00:00+00:00,1.33735,1.33735,1.33589,1.33589,1774.59
1783067400,2026-07-03 08:30:00+00:00,1.33589,1.33626,1.33581,1.33613,1738.75
1783069200,2026-07-03 09:00:00+00:00,1.33604,1.33618,1.33525,1.3353,1713.76
1783071000,2026-07-03 09:30:00+00:00,1.3353,1.33545,1.3352,1.3352,1792.98
1783072800,2026-07-03 10:00:00+00:00,1.33511,1.33551,1.3351,1.33531,1717.58
1783074600,2026-07-03 10:30:00+00:00,1.33531,1.33609,1.33511,1.33576,1759.11
1783076400,2026-07-03 11:00:00+00:00,1.33561,1.33643,1.33542,1.3355,1718.59
1783078200,2026-07-03 11:30:00+00:00,1.3355,1.33584,1.3354,1.33583,1704.27
1783080000,2026-07-03 12:00:00+00:00,1.33583,1.33606,1.33556,1.33588,1785.08
1783081800,2026-07-03 12:30:00+00:00,1.33588,1.33594,1.33566,1.33567,1769.77
1783083600,2026-07-03 13:00:00+00:00,1.33554,1.33554,1.33535,1.33537,1748.3
1783085400,2026-07-03 13:30:00+00:00,1.33537,1.33553,1.33477,1.33477,1748.05
1783087200,2026-07-03 14:00:00+00:00,1.33495,1.33584,1.33472,1.33584,1735.73
1783089000,2026-07-03 14:30:00+00:00,1.33584,1.33584,1.33499,1.33572,1768.4
1783090800,2026-07-03 15:00:00+00:00,1.33574,1.33574,1.33513,1.33526,1750.75
1783092600,2026-07-03 15:30:00+00:00,1.33526,1.33565,1.33523,1.33563,1738.58
1783094400,2026-07-03 16:00:00+00:00,1.33554,1.33559,1.33517,1.33551,1716.6
1783096200,2026-07-03 16:30:00+00:00,1.33551,1.33561,1.33548,1.33552,1729.8
1783098000,2026-07-03 17:00:00+00:00,1.33556,1.3357,1.33549,1.33569,1695.57
1783099800,2026-07-03 17:30:00+00:00,1.33569,1.33581,1.33568,1.3357,1724.16
1783101600,2026-07-03 18:00:00+00:00,1.33565,1.33573,1.33558,1.33568,1684.09
1783103400,2026-07-03 18:30:00+00:00,1.33568,1.33579,1.33567,1.33577,1734.68
1783105200,2026-07-03 19:00:00+00:00,1.33563,1.33583,1.33557,1.33558,1763.76
1783107000,2026-07-03 19:30:00+00:00,1.33558,1.33582,1.33536,1.33538,1728.4099999999999
1783108800,2026-07-03 20:00:00+00:00,1.33535,1.33545,1.33472,1.33536,1726.64
1783110600,2026-07-03 20:30:00+00:00,1.33536,1.33536,1.33477,1.33501,1722.42
1783112400,2026-07-03 21:00:00+00:00,1.33499,1.33499,1.33499,1.33499,1761.6399999999999
1783114200,2026-07-03 21:30:00+00:00,1.33499,1.33499,1.33499,1.33499,1726.26
1783292400,2026-07-05 23:00:00+00:00,1.33494,1.33519,1.33463,1.33517,1709.13
1783294200,2026-07-05 23:30:00+00:00,1.33517,1.33536,1.33516,1.33527,1746.03
1783296000,2026-07-06 00:00:00+00:00,1.3352,1.33568,1.33484,1.33506,1787.11
1783297800,2026-07-06 00:30:00+00:00,1.33506,1.33536,1.33483,1.33535,1804.26
1783299600,2026-07-06 01:00:00+00:00,1.33531,1.33542,1.33463,1.33471,1728.84
1783301400,2026-07-06 01:30:00+00:00,1.33471,1.33476,1.33399,1.33403,1661.61
1783303200,2026-07-06 02:00:00+00:00,1.33406,1.33442,1.33399,1.33434,1703.04
1783305000,2026-07-06 02:30:00+00:00,1.33434,1.33476,1.33432,1.33476,1688.57
1783306800,2026-07-06 03:00:00+00:00,1.33479,1.33479,1.33412,1.33445,1735.92
1783308600,2026-07-06 03:30:00+00:00,1.33445,1.33453,1.33403,1.33424,1750.76
1783310400,2026-07-06 04:00:00+00:00,1.33426,1.33443,1.33423,1.33442,1689.8899999999999
1783312200,2026-07-06 04:30:00+00:00,1.33442,1.33456,1.33422,1.33431,1731.2
1783314000,2026-07-06 05:00:00+00:00,1.33422,1.33442,1.33364,1.33364,1726.76
1783315800,2026-07-06 05:30:00+00:00,1.33364,1.33394,1.33364,1.33367,1753.83
1783317600,2026-07-06 06:00:00+00:00,1.33383,1.3341,1.33368,1.33392,1739.77
1783319400,2026-07-06 06:30:00+00:00,1.33392,1.3341,1.33317,1.3334,1780.04
1783321200,2026-07-06 07:00:00+00:00,1.33319,1.33492,1.333,1.33489,1768.06
1783323000,2026-07-06 07:30:00+00:00,1.33489,1.33492,1.33396,1.33492,1761.71
1783324800,2026-07-06 08:00:00+00:00,1.33499,1.33499,1.33345,1.3338,1860.8
1783326600,2026-07-06 08:30:00+00:00,1.3338,1.3345,1.33316,1.33381,1700.45
1783328400,2026-07-06 09:00:00+00:00,1.33349,1.33413,1.33316,1.3332,1770.78
1783330200,2026-07-06 09:30:00+00:00,1.3332,1.33413,1.3332,1.33349,1736.02
1783332000,2026-07-06 10:00:00+00:00,1.33344,1.33375,1.3333,1.33355,1697.09
1783333800,2026-07-06 10:30:00+00:00,1.33355,1.33467,1.33351,1.33413,1760.23
1783335600,2026-07-06 11:00:00+00:00,1.3341,1.33449,1.33367,1.33419,1748.01
1783337400,2026-07-06 11:30:00+00:00,1.33419,1.33454,1.33367,1.33451,1711.28
1783339200,2026-07-06 12:00:00+00:00,1.33483,1.33486,1.33383,1.33407,1741.1
1783341000,2026-07-06 12:30:00+00:00,1.33407,1.33515,1.33405,1.33421,1766.55
1783342800,2026-07-06 13:00:00+00:00,1.33415,1.33561,1.33415,1.33519,1753.67
1783344600,2026-07-06 13:30:00+00:00,1.33519,1.33561,1.33415,1.33465,1749.95
1783346400,2026-07-06 14:00:00+00:00,1.33461,1.33549,1.33447,1.33484,1833.47
1783348200,2026-07-06 14:30:00+00:00,1.33484,1.33586,1.33477,1.33559,1697.76
1783350000,2026-07-06 15:00:00+00:00,1.33572,1.3367,1.33531,1.33665,1750.49
1783351800,2026-07-06 15:30:00+00:00,1.33665,1.33679,1.33611,1.33679,1724.15
1783353600,2026-07-06 16:00:00+00:00,1.33656,1.33769,1.33656,1.33733,1771.6
1783355400,2026-07-06 16:30:00+00:00,1.33733,1.33763,1.33682,1.33758,1756.65
1783357200,2026-07-06 17:00:00+00:00,1.3377,1.33838,1.33751,1.33814,1694.6100000000001
1783359000,2026-07-06 17:30:00+00:00,1.33814,1.33838,1.33807,1.33824,1755.83
1783360800,2026-07-06 18:00:00+00:00,1.33822,1.33835,1.33815,1.33822,1731.03
1783362600,2026-07-06 18:30:00+00:00,1.33822,1.33969,1.33815,1.33946,1729.32
1783364400,2026-07-06 19:00:00+00:00,1.33948,1.33967,1.33924,1.33937,1692.19
1783366200,2026-07-06 19:30:00+00:00,1.33937,1.3394,1.33905,1.33917,1759.24
1783368000,2026-07-06 20:00:00+00:00,1.33926,1.33927,1.33887,1.33918,1723.07
1783369800,2026-07-06 20:30:00+00:00,1.33918,1.33932,1.33894,1.33903,1701.77
1783371600,2026-07-06 21:00:00+00:00,1.33871,1.33895,1.33849,1.33872,1733.83
1783373400,2026-07-06 21:30:00+00:00,1.33872,1.33944,1.33862,1.33915,1804.53
1783375200,2026-07-06 22:00:00+00:00,1.33932,1.33956,1.33905,1.33948,1772.51
1783377000,2026-07-06 22:30:00+00:00,1.33948,1.33967,1.33927,1.3396,1740.8600000000001
1783378800,2026-07-06 23:00:00+00:00,1.3398,1.34012,1.33944,1.33951,1737.55
1783380600,2026-07-06 23:30:00+00:00,1.33951,1.33985,1.33944,1.33944,1752.1599999999999
1783382400,2026-07-07 00:00:00+00:00,1.33946,1.33958,1.33933,1.33937,1743.1100000000001
1783384200,2026-07-07 00:30:00+00:00,1.33937,1.33943,1.33894,1.33894,1760.1
1783386000,2026-07-07 01:00:00+00:00,1.33899,1.33993,1.33889,1.33971,1700.98
1783387800,2026-07-07 01:30:00+00:00,1.33971,1.34014,1.3394,1.33966,1680.7
1783389600,2026-07-07 02:00:00+00:00,1.33987,1.34002,1.33941,1.33967,1720.27
1783391400,2026-07-07 02:30:00+00:00,1.33967,1.33968,1.33915,1.33924,1701.3
1783393200,2026-07-07 03:00:00+00:00,1.33923,1.33924,1.33897,1.33908,1689.31
1783395000,2026-07-07 03:30:00+00:00,1.33908,1.33975,1.33904,1.33906,1763.99
1783396800,2026-07-07 04:00:00+00:00,1.33906,1.33937,1.339,1.33911,1748.38
1783398600,2026-07-07 04:30:00+00:00,1.33911,1.33911,1.33897,1.33897,1830.3
1783400400,2026-07-07 05:00:00+00:00,1.33892,1.33906,1.33821,1.33841,1762.4
1783402200,2026-07-07 05:30:00+00:00,1.33841,1.3386,1.33803,1.33842,1736.06
1783404000,2026-07-07 06:00:00+00:00,1.33863,1.33871,1.33765,1.3379,1713.54
1783405800,2026-07-07 06:30:00+00:00,1.3379,1.33827,1.33761,1.33792,1732.0
1783407600,2026-07-07 07:00:00+00:00,1.33797,1.33831,1.33756,1.33824,1702.46
1783409400,2026-07-07 07:30:00+00:00,1.33824,1.33849,1.33756,1.33794,1732.51
1783411200,2026-07-07 08:00:00+00:00,1.33797,1.33822,1.33795,1.33805,1725.81
1783413000,2026-07-07 08:30:00+00:00,1.33805,1.33939,1.33794,1.33924,1771.5
1783414800,2026-07-07 09:00:00+00:00,1.33906,1.33919,1.33865,1.3388,1725.6399999999999
1783416600,2026-07-07 09:30:00+00:00,1.3388,1.33888,1.33815,1.33817,1742.7
1783418400,2026-07-07 10:00:00+00:00,1.33795,1.33867,1.33794,1.33848,1755.47
1783420200,2026-07-07 10:30:00+00:00,1.33848,1.33867,1.33711,1.33854,1719.48
1783422000,2026-07-07 11:00:00+00:00,1.33851,1.33862,1.33838,1.33846,1723.14
1783423800,2026-07-07 11:30:00+00:00,1.33846,1.33941,1.33838,1.33897,1788.54
1783425600,2026-07-07 12:00:00+00:00,1.33881,1.3393,1.33865,1.33915,1757.06
1783427400,2026-07-07 12:30:00+00:00,1.33915,1.3392,1.3382,1.3384,1803.01
1783429200,2026-07-07 13:00:00+00:00,1.33854,1.3386,1.33719,1.33736,1723.27
1783431000,2026-07-07 13:30:00+00:00,1.33736,1.33823,1.33701,1.33701,1741.46
1783432800,2026-07-07 14:00:00+00:00,1.33733,1.3374,1.3362,1.33633,1767.41
1783434600,2026-07-07 14:30:00+00:00,1.33633,1.33853,1.3362,1.33804,1743.39
1783436400,2026-07-07 15:00:00+00:00,1.33785,1.3381,1.33732,1.33735,1809.7
1783438200,2026-07-07 15:30:00+00:00,1.33735,1.33748,1.33708,1.33708,1716.33
1783440000,2026-07-07 16:00:00+00:00,1.33729,1.33751,1.33713,1.33714,1754.26
1783441800,2026-07-07 16:30:00+00:00,1.33714,1.3373,1.33661,1.33717,1768.03
1783443600,2026-07-07 17:00:00+00:00,1.33711,1.33725,1.3369,1.33691,1679.61
1783445400,2026-07-07 17:30:00+00:00,1.33691,1.33756,1.3369,1.33751,1756.14
1783447200,2026-07-07 18:00:00+00:00,1.33742,1.33763,1.3372,1.33748,1741.23
1783449000,2026-07-07 18:30:00+00:00,1.33748,1.33763,1.33618,1.3364,1751.71
1783450800,2026-07-07 19:00:00+00:00,1.33617,1.33626,1.33599,1.3362,1711.53
1783452600,2026-07-07 19:30:00+00:00,1.3362,1.33626,1.33504,1.33613,1767.57
1783454400,2026-07-07 20:00:00+00:00,1.33604,1.33629,1.33568,1.33624,1704.48
1783456200,2026-07-07 20:30:00+00:00,1.33624,1.33624,1.33593,1.33593,1751.72
1783458000,2026-07-07 21:00:00+00:00,1.33494,1.33512,1.33494,1.33496,1762.31
1783459800,2026-07-07 21:30:00+00:00,1.33496,1.33617,1.33494,1.33588,1733.67
1783461600,2026-07-07 22:00:00+00:00,1.33535,1.33551,1.33533,1.33542,1732.19
1783463400,2026-07-07 22:30:00+00:00,1.33542,1.33546,1.33495,1.3354,1711.8
1783465200,2026-07-07 23:00:00+00:00,1.3354,1.33545,1.33478,1.33512,1741.94
1783467000,2026-07-07 23:30:00+00:00,1.33512,1.33512,1.33461,1.33477,1757.11
1783468800,2026-07-08 00:00:00+00:00,1.33467,1.33535,1.33426,1.3353,1782.14
1783470600,2026-07-08 00:30:00+00:00,1.3353,1.33552,1.33498,1.33535,1729.66
1783472400,2026-07-08 01:00:00+00:00,1.33527,1.33551,1.3346,1.33465,1724.92
1783474200,2026-07-08 01:30:00+00:00,1.33465,1.33503,1.33431,1.33502,1720.8
1783476000,2026-07-08 02:00:00+00:00,1.33502,1.33525,1.3349,1.33495,1764.6200000000001
1783477800,2026-07-08 02:30:00+00:00,1.33495,1.33549,1.33488,1.33522,1702.95
1783479600,2026-07-08 03:00:00+00:00,1.33545,1.33592,1.33545,1.33545,1761.2
1783481400,2026-07-08 03:30:00+00:00,1.33545,1.33575,1.33545,1.33545,1695.09
1783483200,2026-07-08 04:00:00+00:00,1.33538,1.33551,1.33515,1.33515,1742.44
1783485000,2026-07-08 04:30:00+00:00,1.33515,1.33542,1.33515,1.33538,1736.87
1783486800,2026-07-08 05:00:00+00:00,1.33545,1.33592,1.33544,1.33572,1757.54
1783488600,2026-07-08 05:30:00+00:00,1.33572,1.33584,1.33524,1.33567,1749.2
1783490400,2026-07-08 06:00:00+00:00,1.33602,1.33625,1.33556,1.33618,1697.83
1783492200,2026-07-08 06:30:00+00:00,1.33618,1.33659,1.33589,1.3364,1743.44
1783494000,2026-07-08 07:00:00+00:00,1.33649,1.33701,1.33646,1.3367,1736.9
1783495800,2026-07-08 07:30:00+00:00,1.3367,1.33686,1.33567,1.33659,1715.88
1783497600,2026-07-08 08:00:00+00:00,1.33651,1.33689,1.33471,1.33506,1831.31
1783499400,2026-07-08 08:30:00+00:00,1.33506,1.33699,1.33381,1.33408,1738.59
1783501200,2026-07-08 09:00:00+00:00,1.33397,1.33486,1.33247,1.33359,1683.17
1783503000,2026-07-08 09:30:00+00:00,1.33359,1.33488,1.33245,1.33429,1734.76
1783504800,2026-07-08 10:00:00+00:00,1.33429,1.33572,1.33423,1.33534,1746.06
1783506600,2026-07-08 10:30:00+00:00,1.33534,1.33562,1.33422,1.33479,1763.72
1783508400,2026-07-08 11:00:00+00:00,1.33453,1.3347,1.33383,1.3347,1737.6399999999999
1783510200,2026-07-08 11:30:00+00:00,1.3347,1.3347,1.33312,1.33348,1736.75
1783512000,2026-07-08 12:00:00+00:00,1.33367,1.33568,1.3336,1.33378,1753.52
1783513800,2026-07-08 12:30:00+00:00,1.33378,1.33478,1.33366,1.33419,1720.25
1783515600,2026-07-08 13:00:00+00:00,1.33433,1.33774,1.33433,1.3352,1764.92
1783517400,2026-07-08 13:30:00+00:00,1.3352,1.33707,1.33433,1.33686,1687.28
1783519200,2026-07-08 14:00:00+00:00,1.33715,1.3374,1.3365,1.33656,1829.03
1783521000,2026-07-08 14:30:00+00:00,1.33656,1.33756,1.33649,1.33722,1759.84
1783522800,2026-07-08 15:00:00+00:00,1.33708,1.33745,1.3358,1.33583,1713.12
1783524600,2026-07-08 15:30:00+00:00,1.33583,1.33641,1.33579,1.33613,1773.56
1783526400,2026-07-08 16:00:00+00:00,1.33613,1.33659,1.33613,1.33638,1732.6299999999999
1783528200,2026-07-08 16:30:00+00:00,1.33638,1.33856,1.33615,1.33856,1722.79
1783530000,2026-07-08 17:00:00+00:00,1.33867,1.34081,1.33867,1.34035,1745.99
1783531800,2026-07-08 17:30:00+00:00,1.34035,1.34081,1.33867,1.33967,1731.53
1783533600,2026-07-08 18:00:00+00:00,1.33953,1.34012,1.33953,1.33978,1739.89
1783535400,2026-07-08 18:30:00+00:00,1.33978,1.34054,1.33974,1.34003,1758.39
1783537200,2026-07-08 19:00:00+00:00,1.34025,1.3405,1.33985,1.34037,1711.75
1783539000,2026-07-08 19:30:00+00:00,1.34037,1.34079,1.33991,1.34034,1717.24
1783540800,2026-07-08 20:00:00+00:00,1.3402,1.34041,1.33973,1.33982,1741.65
1783542600,2026-07-08 20:30:00+00:00,1.33982,1.33987,1.33862,1.33889,1737.08
1783544400,2026-07-08 21:00:00+00:00,1.33921,1.33967,1.33849,1.33863,1783.94
1783546200,2026-07-08 21:30:00+00:00,1.33863,1.33934,1.33857,1.33928,1754.8600000000001
1783548000,2026-07-08 22:00:00+00:00,1.33908,1.33932,1.3389,1.3389,1828.84
1783549800,2026-07-08 22:30:00+00:00,1.3389,1.33912,1.3389,1.3391,1734.58
1783551600,2026-07-08 23:00:00+00:00,1.33921,1.33943,1.33897,1.33941,1798.99
1783553400,2026-07-08 23:30:00+00:00,1.33941,1.33949,1.33922,1.33942,1772.11
1783555200,2026-07-09 00:00:00+00:00,1.33941,1.34014,1.33941,1.33995,1733.99
1783557000,2026-07-09 00:30:00+00:00,1.33995,1.34037,1.33962,1.33982,1745.8
1783558800,2026-07-09 01:00:00+00:00,1.33984,1.33993,1.33878,1.33972,1736.51
1783560600,2026-07-09 01:30:00+00:00,1.33972,1.33975,1.33878,1.33966,1723.15
1783562400,2026-07-09 02:00:00+00:00,1.33975,1.33987,1.33951,1.33955,1725.09
1783564200,2026-07-09 02:30:00+00:00,1.33955,1.34003,1.33951,1.33951,1702.84
1783566000,2026-07-09 03:00:00+00:00,1.33948,1.34009,1.33921,1.33994,1776.2
1783567800,2026-07-09 03:30:00+00:00,1.33994,1.34011,1.3391,1.33966,1759.8
1783569600,2026-07-09 04:00:00+00:00,1.33948,1.33989,1.33948,1.33984,1694.33
1783571400,2026-07-09 04:30:00+00:00,1.33984,1.34,1.33982,1.33993,1758.37
1783573200,2026-07-09 05:00:00+00:00,1.33994,1.34006,1.33994,1.33998,1681.93
1783575000,2026-07-09 05:30:00+00:00,1.33998,1.34077,1.33994,1.34046,1758.6399999999999
1783576800,2026-07-09 06:00:00+00:00,1.34084,1.34293,1.34082,1.34239,1752.36
1783578600,2026-07-09 06:30:00+00:00,1.34239,1.34249,1.34095,1.34235,1717.21
1783580400,2026-07-09 07:00:00+00:00,1.34262,1.34273,1.34208,1.34216,1725.28
1783582200,2026-07-09 07:30:00+00:00,1.34216,1.34222,1.34124,1.34149,1715.73
1783584000,2026-07-09 08:00:00+00:00,1.34158,1.34214,1.34136,1.3414,1719.58
1783585800,2026-07-09 08:30:00+00:00,1.3414,1.34185,1.3412,1.34135,1719.6000000000001
1783587600,2026-07-09 09:00:00+00:00,1.34142,1.34158,1.34096,1.34152,1726.22
1783589400,2026-07-09 09:30:00+00:00,1.34152,1.34158,1.34073,1.34122,1750.48
1783591200,2026-07-09 10:00:00+00:00,1.34124,1.34124,1.34061,1.3407,1709.07
1783593000,2026-07-09 10:30:00+00:00,1.3407,1.34124,1.33951,1.33962,1751.48
1783594800,2026-07-09 11:00:00+00:00,1.33955,1.33955,1.33865,1.33938,1732.07
1783596600,2026-07-09 11:30:00+00:00,1.33938,1.33955,1.33881,1.3389,1753.59
1783598400,2026-07-09 12:00:00+00:00,1.33908,1.33984,1.33894,1.33913,1723.12
1783600200,2026-07-09 12:30:00+00:00,1.33913,1.33937,1.33815,1.33847,1784.52
1783602000,2026-07-09 13:00:00+00:00,1.33871,1.33985,1.3387,1.33971,1728.85
1783603800,2026-07-09 13:30:00+00:00,1.33971,1.34025,1.33862,1.34018,1706.48
1783605600,2026-07-09 14:00:00+00:00,1.3403,1.34106,1.33972,1.34016,1712.89
1783607400,2026-07-09 14:30:00+00:00,1.34016,1.34086,1.33889,1.33923,1707.17
1783609200,2026-07-09 15:00:00+00:00,1.33915,1.33976,1.33881,1.33943,1774.62
1783611000,2026-07-09 15:30:00+00:00,1.33943,1.34079,1.33911,1.34079,1710.32
1783612800,2026-07-09 16:00:00+00:00,1.34082,1.34089,1.34034,1.34051,1781.84
1783614600,2026-07-09 16:30:00+00:00,1.34051,1.34126,1.34051,1.34113,1821.96
1783616400,2026-07-09 17:00:00+00:00,1.34118,1.34165,1.3409,1.34148,1828.72
1783618200,2026-07-09 17:30:00+00:00,1.34148,1.34165,1.34106,1.34158,1750.42
1783620000,2026-07-09 18:00:00+00:00,1.34172,1.34198,1.34113,1.34124,1705.72
1783621800,2026-07-09 18:30:00+00:00,1.34124,1.34192,1.34115,1.34162,1724.67
1783623600,2026-07-09 19:00:00+00:00,1.34171,1.34171,1.3412,1.34141,1775.54
1783625400,2026-07-09 19:30:00+00:00,1.34141,1.34164,1.34055,1.34084,1736.73
1783627200,2026-07-09 20:00:00+00:00,1.3409,1.34107,1.34082,1.34107,1760.7
1783629000,2026-07-09 20:30:00+00:00,1.34107,1.34115,1.3409,1.34097,1843.27
1783630800,2026-07-09 21:00:00+00:00,1.34064,1.34103,1.34038,1.34067,1792.49
1783632600,2026-07-09 21:30:00+00:00,1.34067,1.34131,1.34018,1.34055,1782.02
1783634400,2026-07-09 22:00:00+00:00,1.34075,1.34133,1.34075,1.34108,1775.45
1783636200,2026-07-09 22:30:00+00:00,1.34108,1.34133,1.34089,1.34131,1771.13
1783638000,2026-07-09 23:00:00+00:00,1.34129,1.34131,1.34111,1.34127,1761.51
1783639800,2026-07-09 23:30:00+00:00,1.34127,1.34136,1.34125,1.34135,1733.0
1783641600,2026-07-10 00:00:00+00:00,1.3414,1.34248,1.34091,1.34237,1703.07
1783643400,2026-07-10 00:30:00+00:00,1.34237,1.34248,1.342,1.34234,1743.89
1783645200,2026-07-10 01:00:00+00:00,1.34226,1.34377,1.3421,1.34325,1779.38
1783647000,2026-07-10 01:30:00+00:00,1.34325,1.34382,1.34214,1.34371,1745.83
1783648800,2026-07-10 02:00:00+00:00,1.34351,1.34515,1.34351,1.34497,1788.98
1783650600,2026-07-10 02:30:00+00:00,1.34497,1.34515,1.34449,1.3449,1765.33
1783652400,2026-07-10 03:00:00+00:00,1.34495,1.34508,1.34475,1.34487,1755.93
1783654200,2026-07-10 03:30:00+00:00,1.34487,1.34508,1.34392,1.34396,1797.67
1783656000,2026-07-10 04:00:00+00:00,1.34389,1.34389,1.34282,1.34321,1774.35
1783657800,2026-07-10 04:30:00+00:00,1.34321,1.3438,1.34299,1.34304,1735.16
1783659600,2026-07-10 05:00:00+00:00,1.34304,1.3434,1.34298,1.3434,1737.68
1783661400,2026-07-10 05:30:00+00:00,1.3434,1.3434,1.34223,1.3428,1747.32
1783663200,2026-07-10 06:00:00+00:00,1.34295,1.34358,1.34261,1.34274,1734.89
1783665000,2026-07-10 06:30:00+00:00,1.34274,1.34315,1.34253,1.3427,1785.26
1783666800,2026-07-10 07:00:00+00:00,1.34266,1.34308,1.3423,1.34231,1737.21
1783668600,2026-07-10 07:30:00+00:00,1.34231,1.34236,1.34216,1.34216,1736.09
1783670400,2026-07-10 08:00:00+00:00,1.34212,1.34266,1.34159,1.34215,1689.64
1783672200,2026-07-10 08:30:00+00:00,1.34215,1.34217,1.34106,1.34106,1774.56
1783674000,2026-07-10 09:00:00+00:00,1.34117,1.34165,1.34095,1.34123,1736.06
1783675800,2026-07-10 09:30:00+00:00,1.34123,1.34143,1.34098,1.34102,1712.72
1783677600,2026-07-10 10:00:00+00:00,1.34111,1.34349,1.34111,1.34282,1699.49
1783679400,2026-07-10 10:30:00+00:00,1.34282,1.34349,1.34227,1.34349,1770.45
1783681200,2026-07-10 11:00:00+00:00,1.34358,1.34371,1.34181,1.34235,1758.56
1783683000,2026-07-10 11:30:00+00:00,1.34235,1.34347,1.34217,1.34266,1718.76
1783684800,2026-07-10 12:00:00+00:00,1.34275,1.34309,1.34179,1.34278,1760.1299999999999
1783686600,2026-07-10 12:30:00+00:00,1.34278,1.34291,1.34163,1.34207,1712.48
1783688400,2026-07-10 13:00:00+00:00,1.34205,1.34205,1.34122,1.34124,1762.26
1783690200,2026-07-10 13:30:00+00:00,1.34124,1.34147,1.34063,1.34063,1776.14
1783692000,2026-07-10 14:00:00+00:00,1.34034,1.34107,1.33991,1.34035,1675.42
1783693800,2026-07-10 14:30:00+00:00,1.34035,1.3414,1.33991,1.34108,1765.8
1783695600,2026-07-10 15:00:00+00:00,1.34097,1.34207,1.34091,1.34165,1755.43
1783697400,2026-07-10 15:30:00+00:00,1.34165,1.34223,1.34163,1.34214,1702.13
1783699200,2026-07-10 16:00:00+00:00,1.34212,1.34213,1.34111,1.3413,1758.01
1783701000,2026-07-10 16:30:00+00:00,1.3413,1.3423,1.34111,1.34111,1754.32
1783702800,2026-07-10 17:00:00+00:00,1.34118,1.34131,1.34045,1.341,1767.19
1783704600,2026-07-10 17:30:00+00:00,1.341,1.34123,1.34,1.34,1718.33
1783706400,2026-07-10 18:00:00+00:00,1.34011,1.34011,1.33933,1.33984,1737.57
1783708200,2026-07-10 18:30:00+00:00,1.33984,1.34011,1.33942,1.33978,1771.61
1783710000,2026-07-10 19:00:00+00:00,1.33989,1.33999,1.33962,1.33998,1696.98
1783711800,2026-07-10 19:30:00+00:00,1.33998,1.34,1.33953,1.34,1782.67
1783713600,2026-07-10 20:00:00+00:00,1.34,1.34018,1.33941,1.34015,1722.21
1783715400,2026-07-10 20:30:00+00:00,1.34015,1.34018,1.34011,1.34018,1729.8
1783717200,2026-07-10 21:00:00+00:00,1.33982,1.33982,1.33982,1.33982,1776.59
1783719000,2026-07-10 21:30:00+00:00,1.33982,1.33982,1.33982,1.33982,1780.16
1783897200,2026-07-12 23:00:00+00:00,1.33754,1.33861,1.33731,1.33854,1761.72
1783899000,2026-07-12 23:30:00+00:00,1.33854,1.33863,1.33833,1.33863,1719.99
1783900800,2026-07-13 00:00:00+00:00,1.33869,1.33869,1.33764,1.33798,1733.79
1783902600,2026-07-13 00:30:00+00:00,1.33798,1.33838,1.33763,1.33763,1764.49
1783904400,2026-07-13 01:00:00+00:00,1.33756,1.33801,1.33697,1.33697,1719.62
1783906200,2026-07-13 01:30:00+00:00,1.33697,1.33837,1.33697,1.33829,1764.17
1783908000,2026-07-13 02:00:00+00:00,1.33844,1.33844,1.33795,1.33801,1718.17
1783909800,2026-07-13 02:30:00+00:00,1.33801,1.33807,1.33779,1.33788,1789.11
1783911600,2026-07-13 03:00:00+00:00,1.33774,1.33782,1.33724,1.3378,1704.03
1783913400,2026-07-13 03:30:00+00:00,1.3378,1.33797,1.33764,1.33783,1755.82
1783915200,2026-07-13 04:00:00+00:00,1.33788,1.33849,1.33761,1.33839,1790.62
1783917000,2026-07-13 04:30:00+00:00,1.33839,1.33849,1.33778,1.33847,1709.32
1783918800,2026-07-13 05:00:00+00:00,1.33844,1.33876,1.33788,1.33791,1792.61
1783920600,2026-07-13 05:30:00+00:00,1.33791,1.33855,1.33788,1.33795,1734.98
1783922400,2026-07-13 06:00:00+00:00,1.33804,1.33812,1.33752,1.33776,1670.7
1783924200,2026-07-13 06:30:00+00:00,1.33776,1.33924,1.33752,1.33779,1696.83
1783926000,2026-07-13 07:00:00+00:00,1.33801,1.33852,1.3379,1.3384,1770.53
1783927800,2026-07-13 07:30:00+00:00,1.3384,1.33958,1.3382,1.33935,1717.18
1783929600,2026-07-13 08:00:00+00:00,1.33937,1.3412,1.33937,1.33949,1761.22
1783931400,2026-07-13 08:30:00+00:00,1.33949,1.34005,1.33937,1.34002,1834.42
1783933200,2026-07-13 09:00:00+00:00,1.33949,1.33955,1.33886,1.33926,1711.24
1783935000,2026-07-13 09:30:00+00:00,1.33926,1.3396,1.3386,1.33906,1715.42
1783936800,2026-07-13 10:00:00+00:00,1.33914,1.3396,1.33829,1.33919,1784.3
1783938600,2026-07-13 10:30:00+00:00,1.33919,1.33969,1.3387,1.33969,1660.82
1783940400,2026-07-13 11:00:00+00:00,1.34,1.34027,1.33872,1.33878,1689.53
1783942200,2026-07-13 11:30:00+00:00,1.33878,1.33958,1.33872,1.33942,1790.61
1783944000,2026-07-13 12:00:00+00:00,1.33946,1.33946,1.33849,1.33905,1748.43
1783945800,2026-07-13 12:30:00+00:00,1.33905,1.33978,1.3389,1.33978,1755.36
1783947600,2026-07-13 13:00:00+00:00,1.34002,1.34002,1.33854,1.33865,1729.52
1783949400,2026-07-13 13:30:00+00:00,1.33865,1.33909,1.33854,1.33865,1743.02
1783951200,2026-07-13 14:00:00+00:00,1.33856,1.33862,1.33823,1.33835,1738.14
1783953000,2026-07-13 14:30:00+00:00,1.33835,1.33851,1.33681,1.33751,1743.58
1783954800,2026-07-13 15:00:00+00:00,1.33792,1.33816,1.33708,1.33813,1798.6
1783956600,2026-07-13 15:30:00+00:00,1.33813,1.3382,1.33806,1.33817,1763.89
1783958400,2026-07-13 16:00:00+00:00,1.3381,1.3384,1.33713,1.33739,1682.75
1783960200,2026-07-13 16:30:00+00:00,1.33739,1.33764,1.3359,1.33622,1772.17
1783962000,2026-07-13 17:00:00+00:00,1.33629,1.33659,1.3358,1.336,1697.24
1783963800,2026-07-13 17:30:00+00:00,1.336,1.33659,1.33579,1.33601,1711.91
1783965600,2026-07-13 18:00:00+00:00,1.3359,1.3359,1.33554,1.33576,1717.06
1783967400,2026-07-13 18:30:00+00:00,1.33576,1.33613,1.3356,1.33601,1761.29
1783969200,2026-07-13 19:00:00+00:00,1.33606,1.33609,1.33565,1.33582,1719.89
1783971000,2026-07-13 19:30:00+00:00,1.33582,1.33594,1.33524,1.33536,1743.33
1783972800,2026-07-13 20:00:00+00:00,1.33535,1.33554,1.33487,1.33495,1693.17
1783974600,2026-07-13 20:30:00+00:00,1.33495,1.33497,1.33438,1.33472,1761.47
1783976400,2026-07-13 21:00:00+00:00,1.33429,1.33449,1.33429,1.33437,1738.79
1783978200,2026-07-13 21:30:00+00:00,1.33437,1.33584,1.33429,1.33502,1712.31
1783980000,2026-07-13 22:00:00+00:00,1.33474,1.33535,1.33474,1.33477,1742.84
1783981800,2026-07-13 22:30:00+00:00,1.33477,1.33489,1.33476,1.33488,1765.02
1783983600,2026-07-13 23:00:00+00:00,1.33486,1.33505,1.33474,1.33502,1666.87
1783985400,2026-07-13 23:30:00+00:00,1.33502,1.33513,1.33484,1.33499,1766.37
1783987200,2026-07-14 00:00:00+00:00,1.33508,1.3357,1.33431,1.33558,1735.75
1783989000,2026-07-14 00:30:00+00:00,1.33558,1.3357,1.33532,1.33543,1732.32
1783990800,2026-07-14 01:00:00+00:00,1.3352,1.33576,1.3352,1.33548,1757.42
1783992600,2026-07-14 01:30:00+00:00,1.33548,1.33572,1.33542,1.33554,1728.78
1783994400,2026-07-14 02:00:00+00:00,1.33556,1.33599,1.33556,1.33562,1763.8700000000001
1783996200,2026-07-14 02:30:00+00:00,1.33562,1.33602,1.33556,1.33577,1707.95
1783998000,2026-07-14 03:00:00+00:00,1.33572,1.33623,1.33552,1.33619,1757.19
1783999800,2026-07-14 03:30:00+00:00,1.33619,1.33636,1.33565,1.33609,1748.72
1784001600,2026-07-14 04:00:00+00:00,1.33609,1.33625,1.33572,1.33572,1767.19
1784003400,2026-07-14 04:30:00+00:00,1.33572,1.33629,1.33572,1.33601,1812.87
1784005200,2026-07-14 05:00:00+00:00,1.33604,1.33687,1.33597,1.33618,1747.43
1784007000,2026-07-14 05:30:00+00:00,1.33618,1.33697,1.33612,1.33634,1762.38
1784008800,2026-07-14 06:00:00+00:00,1.33631,1.33639,1.33542,1.33609,1680.8700000000001
1784010600,2026-07-14 06:30:00+00:00,1.33609,1.33647,1.33559,1.33572,1757.53
1784012400,2026-07-14 07:00:00+00:00,1.33559,1.33643,1.33529,1.33532,1747.56
1784014200,2026-07-14 07:30:00+00:00,1.33532,1.33639,1.33529,1.33574,1710.92
1784016000,2026-07-14 08:00:00+00:00,1.33576,1.33693,1.33559,1.33616,1708.32
1784017800,2026-07-14 08:30:00+00:00,1.33616,1.33761,1.33559,1.33749,1748.69
1784019600,2026-07-14 09:00:00+00:00,1.33751,1.33824,1.33745,1.33818,1683.34
1784021400,2026-07-14 09:30:00+00:00,1.33818,1.33837,1.33783,1.33803,1762.3
1784023200,2026-07-14 10:00:00+00:00,1.33797,1.33815,1.33729,1.33736,1709.63
1784025000,2026-07-14 10:30:00+00:00,1.33736,1.3382,1.3371,1.33724,1747.4299999999998
1784026800,2026-07-14 11:00:00+00:00,1.33731,1.33861,1.33643,1.3381,1744.9
1784028600,2026-07-14 11:30:00+00:00,1.3381,1.33871,1.33791,1.33844,1724.7
1784030400,2026-07-14 12:00:00+00:00,1.33847,1.34365,1.3381,1.34152,1748.57
1784032200,2026-07-14 12:30:00+00:00,1.34152,1.34383,1.33954,1.34054,1774.68
1784034000,2026-07-14 13:00:00+00:00,1.34086,1.34192,1.34037,1.34058,1737.27
1784035800,2026-07-14 13:30:00+00:00,1.34058,1.34192,1.3402,1.3418,1713.93
1784037600,2026-07-14 14:00:00+00:00,1.34154,1.34223,1.34007,1.34119,1774.64
1784039400,2026-07-14 14:30:00+00:00,1.34119,1.34182,1.33987,1.3407,1738.07
1784041200,2026-07-14 15:00:00+00:00,1.34057,1.3409,1.33897,1.33907,1694.56
1784043000,2026-07-14 15:30:00+00:00,1.33907,1.34008,1.33815,1.33817,1704.53
1784044800,2026-07-14 16:00:00+00:00,1.33829,1.33924,1.33823,1.33896,1718.5
1784046600,2026-07-14 16:30:00+00:00,1.33896,1.33924,1.33758,1.33901,1760.73
1784048400,2026-07-14 17:00:00+00:00,1.33896,1.33901,1.33746,1.33789,1756.1399999999999
1784050200,2026-07-14 17:30:00+00:00,1.33789,1.33855,1.33697,1.33774,1720.56
1784052000,2026-07-14 18:00:00+00:00,1.33776,1.3383,1.33731,1.338,1735.41
1784053800,2026-07-14 18:30:00+00:00,1.338,1.33838,1.33741,1.33824,1702.93
1784055600,2026-07-14 19:00:00+00:00,1.33835,1.33915,1.33819,1.33913,1724.01
1784057400,2026-07-14 19:30:00+00:00,1.33913,1.33915,1.33882,1.33897,1741.11
1784059200,2026-07-14 20:00:00+00:00,1.33881,1.33901,1.33867,1.33893,1771.41
1784061000,2026-07-14 20:30:00+00:00,1.33893,1.33921,1.33885,1.33921,1746.4
1784062800,2026-07-14 21:00:00+00:00,1.33874,1.33908,1.33786,1.33888,1708.83
1784064600,2026-07-14 21:30:00+00:00,1.33888,1.33908,1.33867,1.33871,1731.82
1784066400,2026-07-14 22:00:00+00:00,1.33896,1.33951,1.33876,1.33929,1747.58
1784068200,2026-07-14 22:30:00+00:00,1.33929,1.33936,1.33887,1.33901,1786.59
1784070000,2026-07-14 23:00:00+00:00,1.33914,1.33973,1.3391,1.33936,1746.92
1784071800,2026-07-14 23:30:00+00:00,1.33936,1.33968,1.3392,1.33962,1755.3600000000001
1784073600,2026-07-15 00:00:00+00:00,1.33962,1.34025,1.33953,1.3402,1764.46
1784075400,2026-07-15 00:30:00+00:00,1.3402,1.34043,1.34019,1.34043,1766.9
1784077200,2026-07-15 01:00:00+00:00,1.3405,1.34057,1.34031,1.34037,1741.03
1784079000,2026-07-15 01:30:00+00:00,1.34037,1.3404,1.33998,1.34025,1707.75
1784080800,2026-07-15 02:00:00+00:00,1.34027,1.34029,1.34007,1.34016,1726.41
1784082600,2026-07-15 02:30:00+00:00,1.34016,1.34091,1.34008,1.34073,1707.4
1784084400,2026-07-15 03:00:00+00:00,1.34066,1.3409,1.34015,1.34041,1740.65
1784086200,2026-07-15 03:30:00+00:00,1.34041,1.34053,1.33993,1.34045,1759.28
1784088000,2026-07-15 04:00:00+00:00,1.34046,1.34057,1.34036,1.34044,1757.04
1784089800,2026-07-15 04:30:00+00:00,1.34044,1.34044,1.34028,1.34028,1802.3
1784091600,2026-07-15 05:00:00+00:00,1.34027,1.34052,1.34012,1.34014,1740.35
1784093400,2026-07-15 05:30:00+00:00,1.34014,1.34147,1.34013,1.34115,1745.6399999999999
1784095200,2026-07-15 06:00:00+00:00,1.34118,1.34204,1.34118,1.34123,1759.93
1784097000,2026-07-15 06:30:00+00:00,1.34123,1.34208,1.34118,1.34174,1759.46
1784098800,2026-07-15 07:00:00+00:00,1.34151,1.34187,1.34048,1.34055,1802.05
1784100600,2026-07-15 07:30:00+00:00,1.34055,1.34129,1.34025,1.34027,1764.54
1784102400,2026-07-15 08:00:00+00:00,1.34027,1.34029,1.3393,1.33953,1722.64
1784104200,2026-07-15 08:30:00+00:00,1.33953,1.34073,1.33951,1.33962,1737.28
1784106000,2026-07-15 09:00:00+00:00,1.33973,1.33987,1.33904,1.3393,1715.44
1784107800,2026-07-15 09:30:00+00:00,1.3393,1.33934,1.33896,1.33917,1746.09
1784109600,2026-07-15 10:00:00+00:00,1.33914,1.33926,1.3381,1.33875,1789.0
1784111400,2026-07-15 10:30:00+00:00,1.33875,1.34002,1.33838,1.33967,1872.2
1784113200,2026-07-15 11:00:00+00:00,1.34,1.34151,1.33967,1.34151,1765.25
1784115000,2026-07-15 11:30:00+00:00,1.34151,1.34151,1.3406,1.34151,1704.93
1784116800,2026-07-15 12:00:00+00:00,1.34054,1.34297,1.34054,1.34297,1702.52
1784118600,2026-07-15 12:30:00+00:00,1.34297,1.34297,1.34245,1.34297,1754.05
1784120400,2026-07-15 13:00:00+00:00,1.34288,1.34483,1.34274,1.34387,1758.44
1784122200,2026-07-15 13:30:00+00:00,1.34387,1.34468,1.34234,1.34461,1727.6
1784124000,2026-07-15 14:00:00+00:00,1.34425,1.34814,1.34396,1.3481,1756.6399999999999
1784125800,2026-07-15 14:30:00+00:00,1.3481,1.34814,1.34651,1.34811,1702.3899999999999
1784127600,2026-07-15 15:00:00+00:00,1.34795,1.34959,1.34725,1.34881,1702.03
1784129400,2026-07-15 15:30:00+00:00,1.34881,1.34978,1.34816,1.34964,1775.5
1784131200,2026-07-15 16:00:00+00:00,1.3496,1.35043,1.34953,1.35024,1694.23
1784133000,2026-07-15 16:30:00+00:00,1.35024,1.35272,1.35017,1.3527,1706.85
1784134800,2026-07-15 17:00:00+00:00,1.35261,1.35357,1.35261,1.35322,1737.48
1784136600,2026-07-15 17:30:00+00:00,1.35322,1.3549,1.35308,1.35488,1704.69
1784138400,2026-07-15 18:00:00+00:00,1.35487,1.35584,1.35382,1.3539,1816.14
1784140200,2026-07-15 18:30:00+00:00,1.3539,1.35505,1.35382,1.35382,1739.2
1784142000,2026-07-15 19:00:00+00:00,1.35367,1.35444,1.35365,1.35444,1787.1
1784143800,2026-07-15 19:30:00+00:00,1.35444,1.35444,1.35289,1.35353,1696.32
1784145600,2026-07-15 20:00:00+00:00,1.35355,1.35372,1.35344,1.35357,1704.47
1784147400,2026-07-15 20:30:00+00:00,1.35357,1.35395,1.35352,1.35395,1676.06
1784149200,2026-07-15 21:00:00+00:00,1.35406,1.35406,1.3532,1.35362,1818.03
1784151000,2026-07-15 21:30:00+00:00,1.35362,1.35413,1.35309,1.35356,1765.78
1784152800,2026-07-15 22:00:00+00:00,1.35402,1.35424,1.35389,1.35424,1767.54
1784154600,2026-07-15 22:30:00+00:00,1.35424,1.35424,1.35384,1.35384,1709.02
1784156400,2026-07-15 23:00:00+00:00,1.35391,1.35437,1.35382,1.35384,1733.62
1784158200,2026-07-15 23:30:00+00:00,1.35384,1.35403,1.35375,1.354,1740.08
1784160000,2026-07-16 00:00:00+00:00,1.35395,1.35444,1.35361,1.35387,1738.78
1784161800,2026-07-16 00:30:00+00:00,1.35387,1.35428,1.35305,1.35342,1802.85
1784163600,2026-07-16 01:00:00+00:00,1.35347,1.35355,1.35328,1.35342,1757.31
1784165400,2026-07-16 01:30:00+00:00,1.35342,1.35355,1.35265,1.35265,1711.15
1784167200,2026-07-16 02:00:00+00:00,1.3527,1.35272,1.35205,1.35249,1733.41
1784169000,2026-07-16 02:30:00+00:00,1.35249,1.35272,1.35231,1.35272,1722.06
1784170800,2026-07-16 03:00:00+00:00,1.35274,1.35384,1.3527,1.35282,1728.5
1784172600,2026-07-16 03:30:00+00:00,1.35282,1.35326,1.35263,1.35322,1777.48
1784174400,2026-07-16 04:00:00+00:00,1.35325,1.35351,1.35314,1.35333,1740.48
1784176200,2026-07-16 04:30:00+00:00,1.35333,1.35346,1.35316,1.35331,1721.92
1784178000,2026-07-16 05:00:00+00:00,1.35338,1.35415,1.35319,1.35409,1757.26
1784179800,2026-07-16 05:30:00+00:00,1.35409,1.35409,1.35289,1.35289,1784.76
1784181600,2026-07-16 06:00:00+00:00,1.35316,1.35407,1.35303,1.35397,1747.29
1784183400,2026-07-16 06:30:00+00:00,1.35397,1.35422,1.35303,1.354,1799.1
1784185200,2026-07-16 07:00:00+00:00,1.35404,1.35424,1.3535,1.35389,1671.3
1784187000,2026-07-16 07:30:00+00:00,1.35389,1.35399,1.35323,1.35342,1769.78
1784188800,2026-07-16 08:00:00+00:00,1.35323,1.35338,1.35205,1.35223,1755.24
1784190600,2026-07-16 08:30:00+00:00,1.35223,1.35245,1.35205,1.35216,1747.65
1784192400,2026-07-16 09:00:00+00:00,1.35216,1.35216,1.35181,1.35182,1730.19
1784194200,2026-07-16 09:30:00+00:00,1.35182,1.352,1.35064,1.35089,1742.46
1784196000,2026-07-16 10:00:00+00:00,1.3508,1.35099,1.35037,1.35045,1723.37
1784197800,2026-07-16 10:30:00+00:00,1.35045,1.35071,1.35037,1.3504,1746.3700000000001
1784199600,2026-07-16 11:00:00+00:00,1.35037,1.35055,1.34956,1.34986,1718.39
1784201400,2026-07-16 11:30:00+00:00,1.34986,1.35064,1.34985,1.35064,1754.1100000000001
1784203200,2026-07-16 12:00:00+00:00,1.35071,1.35133,1.35037,1.35065,1736.24
1784205000,2026-07-16 12:30:00+00:00,1.35065,1.35073,1.34986,1.34989,1764.73
1784206800,2026-07-16 13:00:00+00:00,1.34986,1.35152,1.34975,1.35121,1739.44
1784208600,2026-07-16 13:30:00+00:00,1.35121,1.35157,1.35063,1.35089,1712.76
1784210400,2026-07-16 14:00:00+00:00,1.351,1.35128,1.34918,1.34933,1736.28
1784212200,2026-07-16 14:30:00+00:00,1.34933,1.34973,1.34893,1.34893,1774.43
1784214000,2026-07-16 15:00:00+00:00,1.34882,1.34905,1.34809,1.34904,1736.89
1784215800,2026-07-16 15:30:00+00:00,1.34904,1.34909,1.34829,1.34838,1742.8500000000001
1784217600,2026-07-16 16:00:00+00:00,1.34838,1.34838,1.34714,1.34742,1749.68
1784219400,2026-07-16 16:30:00+00:00,1.34742,1.34759,1.34666,1.34666,1764.42
1784221200,2026-07-16 17:00:00+00:00,1.34667,1.34704,1.34608,1.34676,1750.8
1784223000,2026-07-16 17:30:00+00:00,1.34676,1.3472,1.34666,1.34702,1736.99
1784224800,2026-07-16 18:00:00+00:00,1.347,1.34715,1.34658,1.34707,1798.97
1784226600,2026-07-16 18:30:00+00:00,1.34707,1.34715,1.34677,1.34715,1720.87
1784228400,2026-07-16 19:00:00+00:00,1.34709,1.3476,1.34677,1.34757,1754.74
1784230200,2026-07-16 19:30:00+00:00,1.34757,1.3476,1.34731,1.34753,1740.09
1784232000,2026-07-16 20:00:00+00:00,1.34745,1.3478,1.34745,1.34778,1687.78
1784233800,2026-07-16 20:30:00+00:00,1.34778,1.34807,1.34775,1.34778,1727.48
1784235600,2026-07-16 21:00:00+00:00,1.34787,1.34834,1.34745,1.34806,1744.1499999999999
1784237400,2026-07-16 21:30:00+00:00,1.34806,1.34834,1.34772,1.34775,1734.66
1784239200,2026-07-16 22:00:00+00:00,1.34778,1.34778,1.34736,1.34773,1707.3
1784241000,2026-07-16 22:30:00+00:00,1.34773,1.34775,1.34722,1.34747,1691.88
1784242800,2026-07-16 23:00:00+00:00,1.34747,1.34791,1.34742,1.34756,1846.46
1784244600,2026-07-16 23:30:00+00:00,1.34756,1.34782,1.34753,1.34765,1737.05
1784246400,2026-07-17 00:00:00+00:00,1.34785,1.34785,1.34704,1.34708,1733.59
1784248200,2026-07-17 00:30:00+00:00,1.34708,1.34785,1.34706,1.34776,1713.62
1784250000,2026-07-17 01:00:00+00:00,1.34773,1.34798,1.34657,1.34798,1725.8
1784251800,2026-07-17 01:30:00+00:00,1.34798,1.34798,1.34647,1.34657,1811.1299999999999
1784253600,2026-07-17 02:00:00+00:00,1.3466,1.34693,1.34652,1.34653,1738.85
1784255400,2026-07-17 02:30:00+00:00,1.34653,1.34655,1.34637,1.34638,1721.23
1784257200,2026-07-17 03:00:00+00:00,1.34642,1.34692,1.34638,1.34649,1779.57
1784259000,2026-07-17 03:30:00+00:00,1.34649,1.34693,1.34635,1.34662,1800.22
1784260800,2026-07-17 04:00:00+00:00,1.3466,1.3466,1.34632,1.34635,1778.26
1784262600,2026-07-17 04:30:00+00:00,1.34635,1.34647,1.34579,1.34595,1737.18
1784264400,2026-07-17 05:00:00+00:00,1.34595,1.34657,1.34584,1.34655,1731.3999999999999
1784266200,2026-07-17 05:30:00+00:00,1.34655,1.34666,1.3463,1.34633,1729.3799999999999
1784268000,2026-07-17 06:00:00+00:00,1.34635,1.34711,1.34618,1.34672,1750.6399999999999
1784269800,2026-07-17 06:30:00+00:00,1.34672,1.34747,1.34662,1.34742,1727.05
1784271600,2026-07-17 07:00:00+00:00,1.34738,1.34798,1.34716,1.34748,1707.67
1784273400,2026-07-17 07:30:00+00:00,1.34748,1.34748,1.3459,1.3459,1698.35
1784275200,2026-07-17 08:00:00+00:00,1.3458,1.34615,1.34453,1.34561,1727.29
1784277000,2026-07-17 08:30:00+00:00,1.34561,1.34587,1.3443,1.34441,1787.79
1784278800,2026-07-17 09:00:00+00:00,1.34434,1.34447,1.34365,1.34367,1647.32
1784280600,2026-07-17 09:30:00+00:00,1.34367,1.3443,1.34365,1.34419,1721.72
1784282400,2026-07-17 10:00:00+00:00,1.34432,1.34432,1.34271,1.34372,1724.08
1784284200,2026-07-17 10:30:00+00:00,1.34372,1.34382,1.34295,1.34311,1717.28
1784286000,2026-07-17 11:00:00+00:00,1.34327,1.34356,1.34286,1.34329,1681.04
1784287800,2026-07-17 11:30:00+00:00,1.34329,1.3447,1.34319,1.34382,1777.07
1784289600,2026-07-17 12:00:00+00:00,1.34392,1.34395,1.34325,1.34367,1774.22
1784291400,2026-07-17 12:30:00+00:00,1.34367,1.34405,1.34288,1.34318,1735.6
1784293200,2026-07-17 13:00:00+00:00,1.34324,1.34401,1.34298,1.34392,1693.19
1784295000,2026-07-17 13:30:00+00:00,1.34392,1.34515,1.34369,1.34504,1690.15
1784296800,2026-07-17 14:00:00+00:00,1.34515,1.34548,1.34459,1.34504,1724.75
1784298600,2026-07-17 14:30:00+00:00,1.34504,1.34511,1.34436,1.34436,1771.11
1784300400,2026-07-17 15:00:00+00:00,1.34465,1.34546,1.34444,1.34501,1752.35
1784302200,2026-07-17 15:30:00+00:00,1.34501,1.34503,1.34438,1.34452,1785.33
1784304000,2026-07-17 16:00:00+00:00,1.34457,1.34539,1.34399,1.34538,1744.51
1784305800,2026-07-17 16:30:00+00:00,1.34538,1.34561,1.34391,1.34561,1786.7
1784307600,2026-07-17 17:00:00+00:00,1.34588,1.34588,1.34533,1.34535,1736.93
1784309400,2026-07-17 17:30:00+00:00,1.34535,1.34544,1.34521,1.34541,1702.0
1784311200,2026-07-17 18:00:00+00:00,1.34535,1.34561,1.34533,1.34542,1800.3700000000001
1784313000,2026-07-17 18:30:00+00:00,1.34542,1.34554,1.34521,1.34548,1800.2
1784314800,2026-07-17 19:00:00+00:00,1.34546,1.3459,1.34524,1.34586,1742.84
1784316600,2026-07-17 19:30:00+00:00,1.34586,1.34595,1.34564,1.34595,1733.6299999999999
1784318400,2026-07-17 20:00:00+00:00,1.34591,1.346,1.3456,1.34569,1686.91
1784320200,2026-07-17 20:30:00+00:00,1.34569,1.34573,1.34523,1.34541,1714.28
1784322000,2026-07-17 21:00:00+00:00,1.34524,1.34524,1.34524,1.34524,1677.42
1784323800,2026-07-17 21:30:00+00:00,1.34524,1.34524,1.34524,1.34524,1775.82
1784502000,2026-07-19 23:00:00+00:00,1.34445,1.34459,1.34443,1.34458,1667.16
1784503800,2026-07-19 23:30:00+00:00,1.34458,1.34459,1.34423,1.34452,1725.01
1784505600,2026-07-20 00:00:00+00:00,1.3445,1.34519,1.34447,1.34499,1776.95
1784507400,2026-07-20 00:30:00+00:00,1.34499,1.3451,1.34455,1.34508,1732.48
1784509200,2026-07-20 01:00:00+00:00,1.34523,1.34542,1.34508,1.3454,1698.18
1784511000,2026-07-20 01:30:00+00:00,1.3454,1.34542,1.34494,1.34542,1710.39
1784512800,2026-07-20 02:00:00+00:00,1.34544,1.34603,1.34544,1.3459,1758.3
1784514600,2026-07-20 02:30:00+00:00,1.3459,1.34633,1.34588,1.34604,1759.0
1784516400,2026-07-20 03:00:00+00:00,1.34597,1.34613,1.34582,1.3461,1714.82
1784518200,2026-07-20 03:30:00+00:00,1.3461,1.34622,1.34604,1.34618,1748.13
1784520000,2026-07-20 04:00:00+00:00,1.34618,1.3468,1.34615,1.34646,1669.53
1784521800,2026-07-20 04:30:00+00:00,1.34646,1.3468,1.34636,1.34669,1738.98
1784523600,2026-07-20 05:00:00+00:00,1.34667,1.34668,1.34649,1.34651,1750.78
1784525400,2026-07-20 05:30:00+00:00,1.34651,1.34678,1.34646,1.34671,1750.99
1784527200,2026-07-20 06:00:00+00:00,1.34669,1.34687,1.3462,1.34657,1710.6
1784529000,2026-07-20 06:30:00+00:00,1.34657,1.34662,1.34584,1.34584,1721.8600000000001
1784530800,2026-07-20 07:00:00+00:00,1.34588,1.34716,1.34588,1.34682,1724.12
1784532600,2026-07-20 07:30:00+00:00,1.34682,1.348,1.34633,1.34762,1691.21
1784534400,2026-07-20 08:00:00+00:00,1.34771,1.34771,1.34758,1.34763,1725.58
1784536200,2026-07-20 08:30:00+00:00,1.34763,1.34766,1.34669,1.347,1742.23
1784538000,2026-07-20 09:00:00+00:00,1.34689,1.34689,1.34674,1.3468,1658.64
1784539800,2026-07-20 09:30:00+00:00,1.3468,1.34687,1.34584,1.34635,1734.2
1784541600,2026-07-20 10:00:00+00:00,1.34626,1.34693,1.34599,1.34662,1727.16
1784543400,2026-07-20 10:30:00+00:00,1.34662,1.34738,1.3464,1.34707,1713.75
1784545200,2026-07-20 11:00:00+00:00,1.34691,1.34764,1.34656,1.34749,1744.06
1784547000,2026-07-20 11:30:00+00:00,1.34749,1.34771,1.34624,1.34624,1730.27
1784548800,2026-07-20 12:00:00+00:00,1.34615,1.34638,1.34556,1.34589,1792.52
1784550600,2026-07-20 12:30:00+00:00,1.34589,1.34617,1.34503,1.34542,1706.0900000000001
1784552400,2026-07-20 13:00:00+00:00,1.34557,1.34584,1.34461,1.3449,1777.58
1784554200,2026-07-20 13:30:00+00:00,1.3449,1.34584,1.34483,1.34535,1733.42
1784556000,2026-07-20 14:00:00+00:00,1.34544,1.34561,1.345,1.34524,1767.7
1784557800,2026-07-20 14:30:00+00:00,1.34524,1.34543,1.34367,1.34398,1693.36
1784559600,2026-07-20 15:00:00+00:00,1.34317,1.34338,1.34199,1.34215,1690.92
1784561400,2026-07-20 15:30:00+00:00,1.34215,1.34338,1.34149,1.34196,1698.71
1784563200,2026-07-20 16:00:00+00:00,1.34187,1.34228,1.34156,1.34158,1767.81
1784565000,2026-07-20 16:30:00+00:00,1.34158,1.34224,1.34156,1.34198,1753.6
1784566800,2026-07-20 17:00:00+00:00,1.34217,1.34284,1.34207,1.34231,1802.87
1784568600,2026-07-20 17:30:00+00:00,1.34231,1.34329,1.34228,1.34318,1760.75
1784570400,2026-07-20 18:00:00+00:00,1.34322,1.34347,1.34322,1.34324,1805.4
1784572200,2026-07-20 18:30:00+00:00,1.34324,1.34391,1.34322,1.34345,1718.97
1784574000,2026-07-20 19:00:00+00:00,1.3436,1.34386,1.34327,1.34344,1821.68
1784575800,2026-07-20 19:30:00+00:00,1.34344,1.34396,1.34341,1.34362,1753.13
1784577600,2026-07-20 20:00:00+00:00,1.34369,1.34371,1.34322,1.34349,1748.99
1784579400,2026-07-20 20:30:00+00:00,1.34349,1.34372,1.34297,1.34311,1805.08
1784581200,2026-07-20 21:00:00+00:00,1.34288,1.34358,1.3424,1.34303,1721.36
1784583000,2026-07-20 21:30:00+00:00,1.34303,1.34308,1.34234,1.34244,1739.04
1784584800,2026-07-20 22:00:00+00:00,1.34273,1.34273,1.34235,1.34267,1727.67
1784586600,2026-07-20 22:30:00+00:00,1.34267,1.34273,1.34265,1.34266,1712.99
1784588400,2026-07-20 23:00:00+00:00,1.34268,1.34315,1.34264,1.34313,1680.47
1784590200,2026-07-20 23:30:00+00:00,1.34313,1.34318,1.34265,1.34313,1736.45
1784592000,2026-07-21 00:00:00+00:00,1.34329,1.34353,1.34281,1.34339,1746.55
1784593800,2026-07-21 00:30:00+00:00,1.34339,1.34345,1.34277,1.34322,1720.2
1784595600,2026-07-21 01:00:00+00:00,1.34322,1.34359,1.34313,1.3435,1726.79
1784597400,2026-07-21 01:30:00+00:00,1.3435,1.34369,1.34347,1.34354,1682.57
1784599200,2026-07-21 02:00:00+00:00,1.3436,1.34387,1.34351,1.34361,1722.44
1784601000,2026-07-21 02:30:00+00:00,1.34361,1.34387,1.34317,1.3432,1681.6
1784602800,2026-07-21 03:00:00+00:00,1.34331,1.34367,1.34308,1.3434,1766.02
1784604600,2026-07-21 03:30:00+00:00,1.3434,1.34398,1.34326,1.34374,1743.97
1784606400,2026-07-21 04:00:00+00:00,1.34371,1.3441,1.3437,1.3438,1755.45
1784608200,2026-07-21 04:30:00+00:00,1.3438,1.34412,1.34369,1.34405,1773.44
1784610000,2026-07-21 05:00:00+00:00,1.3441,1.34444,1.34394,1.34405,1725.71
1784611800,2026-07-21 05:30:00+00:00,1.34405,1.34466,1.34394,1.34436,1735.35
1784613600,2026-07-21 06:00:00+00:00,1.34448,1.3453,1.34448,1.34461,1748.18
1784615400,2026-07-21 06:30:00+00:00,1.34461,1.34503,1.34448,1.34485,1741.94
1784617200,2026-07-21 07:00:00+00:00,1.34485,1.34562,1.34392,1.34494,1719.34
1784619000,2026-07-21 07:30:00+00:00,1.34494,1.34557,1.34374,1.34414,1749.92
1784620800,2026-07-21 08:00:00+00:00,1.34421,1.34475,1.34378,1.34433,1711.56
1784622600,2026-07-21 08:30:00+00:00,1.34433,1.34438,1.34293,1.34306,1702.2
1784624400,2026-07-21 09:00:00+00:00,1.34297,1.34331,1.34255,1.343,1753.69
1784626200,2026-07-21 09:30:00+00:00,1.343,1.3432,1.34271,1.34273,1769.02
1784628000,2026-07-21 10:00:00+00:00,1.34253,1.3433,1.34223,1.34325,1798.57
1784629800,2026-07-21 10:30:00+00:00,1.34325,1.34338,1.34153,1.34183,1735.46
1784631600,2026-07-21 11:00:00+00:00,1.34208,1.34208,1.34023,1.34079,1742.2
1784633400,2026-07-21 11:30:00+00:00,1.34079,1.34141,1.34023,1.34046,1756.62
1784635200,2026-07-21 12:00:00+00:00,1.34064,1.34064,1.33944,1.33945,1669.69
1784637000,2026-07-21 12:30:00+00:00,1.33945,1.33985,1.33828,1.33897,1709.74
1784638800,2026-07-21 13:00:00+00:00,1.33887,1.33955,1.33638,1.33657,1688.51
1784640600,2026-07-21 13:30:00+00:00,1.33657,1.3384,1.33609,1.33806,1780.0
1784642400,2026-07-21 14:00:00+00:00,1.33844,1.33975,1.33705,1.33714,1752.87
1784644200,2026-07-21 14:30:00+00:00,1.33714,1.33841,1.33681,1.33713,1768.42
1784646000,2026-07-21 15:00:00+00:00,1.33711,1.33803,1.33692,1.33695,1715.27
1784647800,2026-07-21 15:30:00+00:00,1.33695,1.33723,1.33692,1.33722,1701.71
1784649600,2026-07-21 16:00:00+00:00,1.33735,1.3383,1.33706,1.3382,1763.83
1784651400,2026-07-21 16:30:00+00:00,1.3382,1.33842,1.33817,1.33837,1756.18
1784653200,2026-07-21 17:00:00+00:00,1.3384,1.33878,1.33811,1.33829,1735.36
1784655000,2026-07-21 17:30:00+00:00,1.33829,1.33869,1.33825,1.33853,1746.71
1784656800,2026-07-21 18:00:00+00:00,1.33847,1.33847,1.33756,1.33839,1735.99
1784658600,2026-07-21 18:30:00+00:00,1.33839,1.33845,1.33811,1.33815,1744.27
1784660400,2026-07-21 19:00:00+00:00,1.33826,1.33851,1.33818,1.33824,1774.78
1784662200,2026-07-21 19:30:00+00:00,1.33824,1.33834,1.33799,1.33806,1691.27
1784664000,2026-07-21 20:00:00+00:00,1.33795,1.33797,1.3374,1.33753,1722.32
1784665800,2026-07-21 20:30:00+00:00,1.33753,1.3381,1.33746,1.33756,1768.32
1784667600,2026-07-21 21:00:00+00:00,1.33767,1.33811,1.33722,1.33797,1721.51
1784669400,2026-07-21 21:30:00+00:00,1.33797,1.33805,1.33711,1.33776,1731.64
1784671200,2026-07-21 22:00:00+00:00,1.33767,1.33781,1.33751,1.33752,1754.48
1784673000,2026-07-21 22:30:00+00:00,1.33752,1.33777,1.33749,1.33754,1735.35
1784674800,2026-07-21 23:00:00+00:00,1.33745,1.33767,1.33736,1.3376,1716.66
1784676600,2026-07-21 23:30:00+00:00,1.3376,1.3379,1.33754,1.3379,1741.63
1784678400,2026-07-22 00:00:00+00:00,1.33786,1.33869,1.33786,1.33821,1723.8899999999999
1784680200,2026-07-22 00:30:00+00:00,1.33821,1.33878,1.33786,1.3386,1749.67
1784682000,2026-07-22 01:00:00+00:00,1.33865,1.33878,1.33837,1.33846,1731.84
1784683800,2026-07-22 01:30:00+00:00,1.33846,1.33867,1.33804,1.33842,1728.01
1784685600,2026-07-22 02:00:00+00:00,1.33833,1.33836,1.33817,1.33831,1671.53
1784687400,2026-07-22 02:30:00+00:00,1.33831,1.33892,1.33817,1.33856,1654.27
1784689200,2026-07-22 03:00:00+00:00,1.33853,1.33874,1.33824,1.33841,1752.4
1784691000,2026-07-22 03:30:00+00:00,1.33841,1.3385,1.33824,1.33833,1737.31
1784692800,2026-07-22 04:00:00+00:00,1.33833,1.33842,1.33815,1.33824,1729.12
1784694600,2026-07-22 04:30:00+00:00,1.33824,1.33854,1.33824,1.3384,1682.6299999999999
1784696400,2026-07-22 05:00:00+00:00,1.33842,1.33854,1.33827,1.33837,1736.76
1784698200,2026-07-22 05:30:00+00:00,1.33837,1.33863,1.33804,1.33813,1702.52
1784700000,2026-07-22 06:00:00+00:00,1.33817,1.33903,1.33701,1.33881,1799.2
1784701800,2026-07-22 06:30:00+00:00,1.33881,1.33903,1.33783,1.33795,1719.93
1784703600,2026-07-22 07:00:00+00:00,1.33781,1.33807,1.33772,1.33795,1757.43
1784705400,2026-07-22 07:30:00+00:00,1.33795,1.33935,1.33777,1.33838,1730.67
1784707200,2026-07-22 08:00:00+00:00,1.33838,1.33838,1.33725,1.33755,1740.5
1784709000,2026-07-22 08:30:00+00:00,1.33755,1.33766,1.33724,1.33733,1689.76
1784710800,2026-07-22 09:00:00+00:00,1.33735,1.33752,1.33712,1.33713,1726.99
1784712600,2026-07-22 09:30:00+00:00,1.33713,1.33738,1.33681,1.33692,1726.71
1784714400,2026-07-22 10:00:00+00:00,1.33702,1.33735,1.337,1.33726,1727.25
1784716200,2026-07-22 10:30:00+00:00,1.33726,1.3373,1.3367,1.3372,1765.95
1784718000,2026-07-22 11:00:00+00:00,1.33711,1.33724,1.33652,1.33722,1714.46
1784719800,2026-07-22 11:30:00+00:00,1.33722,1.33731,1.33673,1.33677,1710.24
1784721600,2026-07-22 12:00:00+00:00,1.33681,1.3372,1.33597,1.33635,1765.5
1784723400,2026-07-22 12:30:00+00:00,1.33635,1.33642,1.33581,1.33609,1755.42
1784725200,2026-07-22 13:00:00+00:00,1.33609,1.33871,1.33609,1.33782,1767.18
1784727000,2026-07-22 13:30:00+00:00,1.33782,1.3389,1.33681,1.3386,1761.94
1784728800,2026-07-22 14:00:00+00:00,1.33881,1.33887,1.33738,1.33777,1714.83
1784730600,2026-07-22 14:30:00+00:00,1.33777,1.33908,1.33749,1.33769,1715.73
1784732400,2026-07-22 15:00:00+00:00,1.33747,1.33804,1.33729,1.3377,1725.99
1784734200,2026-07-22 15:30:00+00:00,1.3377,1.33804,1.33754,1.3376,1710.47
1784736000,2026-07-22 16:00:00+00:00,1.33761,1.33761,1.33665,1.33752,1730.24
1784737800,2026-07-22 16:30:00+00:00,1.33752,1.33761,1.33737,1.33742,1735.15
1784739600,2026-07-22 17:00:00+00:00,1.33733,1.33743,1.3373,1.33737,1774.57
1784741400,2026-07-22 17:30:00+00:00,1.33737,1.3374,1.3369,1.33718,1726.58
1784743200,2026-07-22 18:00:00+00:00,1.33713,1.33744,1.33699,1.33739,1702.07
1784745000,2026-07-22 18:30:00+00:00,1.33739,1.3376,1.33721,1.3374,1734.42
1784746800,2026-07-22 19:00:00+00:00,1.33743,1.33749,1.33732,1.33743,1752.11
1784748600,2026-07-22 19:30:00+00:00,1.33743,1.33746,1.33715,1.3374,1744.49
1784750400,2026-07-22 20:00:00+00:00,1.3374,1.3375,1.3374,1.3375,1745.57
1784752200,2026-07-22 20:30:00+00:00,1.3375,1.33785,1.33744,1.33785,1769.18
1784754000,2026-07-22 21:00:00+00:00,1.33829,1.33829,1.33781,1.33805,1798.96
1784755800,2026-07-22 21:30:00+00:00,1.33805,1.3382,1.33717,1.33774,1764.28
1784757600,2026-07-22 22:00:00+00:00,1.33724,1.33724,1.33717,1.3372,1752.81
1784759400,2026-07-22 22:30:00+00:00,1.3372,1.33724,1.33683,1.33702,1721.74
1784761200,2026-07-22 23:00:00+00:00,1.33717,1.33727,1.33711,1.33721,1685.05
1784763000,2026-07-22 23:30:00+00:00,1.33721,1.3376,1.33719,1.33754,1754.82
1784764800,2026-07-23 00:00:00+00:00,1.33752,1.33804,1.33738,1.33792,1778.6399999999999
1784766600,2026-07-23 00:30:00+00:00,1.33792,1.33813,1.33775,1.33813,1778.28
1784768400,2026-07-23 01:00:00+00:00,1.33822,1.3386,1.33808,1.33814,1701.94
1784770200,2026-07-23 01:30:00+00:00,1.33814,1.33825,1.33808,1.3382,1705.52
1784772000,2026-07-23 02:00:00+00:00,1.33829,1.33878,1.33829,1.33875,1706.06
1784773800,2026-07-23 02:30:00+00:00,1.33875,1.33906,1.3386,1.33906,1749.44
1784775600,2026-07-23 03:00:00+00:00,1.33915,1.33915,1.33843,1.33893,1734.36
1784777400,2026-07-23 03:30:00+00:00,1.33893,1.33915,1.33838,1.3389,1703.05
1784779200,2026-07-23 04:00:00+00:00,1.33883,1.33935,1.3387,1.33927,1761.32
1784781000,2026-07-23 04:30:00+00:00,1.33927,1.33931,1.33856,1.33872,1748.99
1784782800,2026-07-23 05:00:00+00:00,1.33876,1.33881,1.33865,1.33879,1706.1299999999999
1784784600,2026-07-23 05:30:00+00:00,1.33879,1.33881,1.33826,1.33869,1774.1200000000001
1784786400,2026-07-23 06:00:00+00:00,1.33869,1.33912,1.33803,1.33812,1695.28
1784788200,2026-07-23 06:30:00+00:00,1.33812,1.33813,1.33769,1.33776,1727.26
1784790000,2026-07-23 07:00:00+00:00,1.33763,1.33783,1.3369,1.33779,1722.77
1784791800,2026-07-23 07:30:00+00:00,1.33779,1.33799,1.33732,1.33735,1763.39
1784793600,2026-07-23 08:00:00+00:00,1.33745,1.33758,1.33626,1.33744,1744.05
1784795400,2026-07-23 08:30:00+00:00,1.33744,1.33769,1.33661,1.33692,1660.8
1784797200,2026-07-23 09:00:00+00:00,1.33681,1.33768,1.33679,1.33762,1749.47
1784799000,2026-07-23 09:30:00+00:00,1.33762,1.33779,1.33703,1.33715,1753.57
1784800800,2026-07-23 10:00:00+00:00,1.33736,1.33736,1.33682,1.33724,1776.45
1784802600,2026-07-23 10:30:00+00:00,1.33724,1.33736,1.33624,1.33674,1762.91
1784804400,2026-07-23 11:00:00+00:00,1.33681,1.33686,1.33435,1.33552,1786.38
1784806200,2026-07-23 11:30:00+00:00,1.33552,1.33676,1.33536,1.33567,1778.28
1784808000,2026-07-23 12:00:00+00:00,1.33547,1.33547,1.33436,1.3345,1702.46
1784809800,2026-07-23 12:30:00+00:00,1.3345,1.33484,1.33367,1.33421,1762.65
1784811600,2026-07-23 13:00:00+00:00,1.33429,1.33445,1.33337,1.3336,1692.48
1784813400,2026-07-23 13:30:00+00:00,1.3336,1.33377,1.33289,1.33303,1706.49
1784815200,2026-07-23 14:00:00+00:00,1.33301,1.33301,1.33148,1.33153,1720.74
1784817000,2026-07-23 14:30:00+00:00,1.33153,1.33249,1.33133,1.33198,1748.93
1784818800,2026-07-23 15:00:00+00:00,1.33197,1.33234,1.33072,1.33172,1712.76
1784820600,2026-07-23 15:30:00+00:00,1.33172,1.33175,1.33016,1.33101,1784.82
1784822400,2026-07-23 16:00:00+00:00,1.33108,1.33233,1.33108,1.33177,1755.18
1784824200,2026-07-23 16:30:00+00:00,1.33177,1.3326,1.33138,1.33245,1690.28
1784826000,2026-07-23 17:00:00+00:00,1.33239,1.33246,1.33194,1.33205,1767.08
1784827800,2026-07-23 17:30:00+00:00,1.33205,1.33246,1.33143,1.33143,1769.58
1784829600,2026-07-23 18:00:00+00:00,1.33145,1.33167,1.3314,1.33159,1755.99
1784831400,2026-07-23 18:30:00+00:00,1.33159,1.33188,1.3314,1.33152,1835.17
1784833200,2026-07-23 19:00:00+00:00,1.33189,1.33189,1.33146,1.33147,1742.39
1784835000,2026-07-23 19:30:00+00:00,1.33147,1.33182,1.33127,1.33181,1762.72
1784836800,2026-07-23 20:00:00+00:00,1.33186,1.33197,1.33151,1.33188,1772.99
1784838600,2026-07-23 20:30:00+00:00,1.33188,1.33197,1.33149,1.3315,1700.18
1784840400,2026-07-23 21:00:00+00:00,1.33163,1.33193,1.33103,1.33148,1743.27
1784842200,2026-07-23 21:30:00+00:00,1.33148,1.3318,1.33121,1.33161,1734.3
1784844000,2026-07-23 22:00:00+00:00,1.33175,1.33175,1.33172,1.33173,1703.33
1784845800,2026-07-23 22:30:00+00:00,1.33173,1.33175,1.33136,1.33168,1760.48
1784847600,2026-07-23 23:00:00+00:00,1.33168,1.33168,1.33135,1.3314,1778.42
1784849400,2026-07-23 23:30:00+00:00,1.3314,1.33152,1.33117,1.33135,1701.38
1784851200,2026-07-24 00:00:00+00:00,1.33127,1.33225,1.33127,1.33206,1806.7
1784853000,2026-07-24 00:30:00+00:00,1.33206,1.33225,1.33132,1.33225,1784.26
1784854800,2026-07-24 01:00:00+00:00,1.33257,1.33269,1.33241,1.33255,1805.99
1784856600,2026-07-24 01:30:00+00:00,1.33255,1.33271,1.33205,1.33209,1671.58
1784858400,2026-07-24 02:00:00+00:00,1.33218,1.33223,1.33153,1.33187,1747.22
1784860200,2026-07-24 02:30:00+00:00,1.33187,1.33194,1.33145,1.33145,1705.05
1784862000,2026-07-24 03:00:00+00:00,1.33147,1.3315,1.33124,1.33148,1805.06
1784863800,2026-07-24 03:30:00+00:00,1.33148,1.3315,1.33111,1.33149,1751.37
1784865600,2026-07-24 04:00:00+00:00,1.33142,1.3315,1.33074,1.33102,1861.98
1784867400,2026-07-24 04:30:00+00:00,1.33102,1.33122,1.33099,1.33103,1765.85
1784869200,2026-07-24 05:00:00+00:00,1.33113,1.3317,1.33103,1.33107,1769.52
1784871000,2026-07-24 05:30:00+00:00,1.33107,1.3311,1.33103,1.33103,1778.06
1784872800,2026-07-24 06:00:00+00:00,1.3311,1.33238,1.33096,1.33209,1686.84
1784874600,2026-07-24 06:30:00+00:00,1.33209,1.33246,1.33106,1.33246,1742.3
1784876400,2026-07-24 07:00:00+00:00,1.33262,1.3328,1.33236,1.33265,1798.3
1784878200,2026-07-24 07:30:00+00:00,1.33265,1.33449,1.33239,1.33358,1736.93
1784880000,2026-07-24 08:00:00+00:00,1.33367,1.33367,1.33337,1.33343,1736.49
1784881800,2026-07-24 08:30:00+00:00,1.33343,1.33344,1.33213,1.33213,1689.35
1784883600,2026-07-24 09:00:00+00:00,1.33209,1.33225,1.3316,1.33161,1791.6
1784885400,2026-07-24 09:30:00+00:00,1.33161,1.33191,1.33145,1.33177,1732.27
1784887200,2026-07-24 10:00:00+00:00,1.33191,1.33194,1.33143,1.33148,1682.35
1784889000,2026-07-24 10:30:00+00:00,1.33148,1.33292,1.33143,1.33237,1732.57
1784890800,2026-07-24 11:00:00+00:00,1.33218,1.33282,1.33149,1.33152,1725.51
1784892600,2026-07-24 11:30:00+00:00,1.33152,1.33282,1.33147,1.3323,1672.07
1784894400,2026-07-24 12:00:00+00:00,1.33257,1.33257,1.33096,1.33148,1725.7
1784896200,2026-07-24 12:30:00+00:00,1.33148,1.33221,1.33065,1.33106,1763.76
1784898000,2026-07-24 13:00:00+00:00,1.33126,1.3317,1.33069,1.33155,1791.99
1784899800,2026-07-24 13:30:00+00:00,1.33155,1.33268,1.33138,1.33268,1714.37
1784901600,2026-07-24 14:00:00+00:00,1.33271,1.33332,1.33214,1.33331,1761.63
1784903400,2026-07-24 14:30:00+00:00,1.33331,1.33337,1.33244,1.33284,1764.24
1784905200,2026-07-24 15:00:00+00:00,1.33255,1.33303,1.33255,1.33275,1710.71
1784907000,2026-07-24 15:30:00+00:00,1.33275,1.33479,1.33257,1.33412,1803.59
1784908800,2026-07-24 16:00:00+00:00,1.33422,1.33454,1.33329,1.33347,1725.19
1784910600,2026-07-24 16:30:00+00:00,1.33347,1.33396,1.33324,1.33342,1760.33
1784912400,2026-07-24 17:00:00+00:00,1.33332,1.33332,1.33286,1.33294,1704.5
1784914200,2026-07-24 17:30:00+00:00,1.33294,1.33317,1.33223,1.33255,1717.51
1784916000,2026-07-24 18:00:00+00:00,1.33255,1.33298,1.33245,1.33257,1726.69
1784917800,2026-07-24 18:30:00+00:00,1.33257,1.33292,1.33249,1.33257,1668.07
1784919600,2026-07-24 19:00:00+00:00,1.33278,1.33278,1.33223,1.33226,1734.07
1784921400,2026-07-24 19:30:00+00:00,1.33226,1.33259,1.33223,1.33225,1717.12
1784923200,2026-07-24 20:00:00+00:00,1.33221,1.33222,1.33174,1.33193,1772.35
1784925000,2026-07-24 20:30:00+00:00,1.33193,1.33239,1.33185,1.33239,1747.29
1784926800,2026-07-24 21:00:00+00:00,1.33186,1.33186,1.33186,1.33186,1787.02
1784928600,2026-07-24 21:30:00+00:00,1.33186,1.33186,1.33186,1.33186,1736.84
1785106800,2026-07-26 23:00:00+00:00,1.33444,1.33509,1.33426,1.33503,1757.88
1785108600,2026-07-26 23:30:00+00:00,1.33503,1.33518,1.33426,1.33518,1715.11
1785110400,2026-07-27 00:00:00+00:00,1.33536,1.33608,1.33521,1.33584,1740.5
1785112200,2026-07-27 00:30:00+00:00,1.33584,1.33631,1.33508,1.33508,1736.38
1785114000,2026-07-27 01:00:00+00:00,1.33533,1.33594,1.33529,1.33579,1786.81
1785115800,2026-07-27 01:30:00+00:00,1.33579,1.33634,1.33578,1.33634,1740.52
1785117600,2026-07-27 02:00:00+00:00,1.33638,1.33638,1.33556,1.33603,1700.39
1785119400,2026-07-27 02:30:00+00:00,1.33603,1.33634,1.33556,1.33563,1726.59
1785121200,2026-07-27 03:00:00+00:00,1.33568,1.33568,1.33511,1.33514,1757.12
1785123000,2026-07-27 03:30:00+00:00,1.33514,1.33549,1.33511,1.33518,1756.1100000000001
1785124800,2026-07-27 04:00:00+00:00,1.33531,1.33554,1.3351,1.33523,1703.48
1785126600,2026-07-27 04:30:00+00:00,1.33523,1.33549,1.3351,1.33529,1715.55
1785128400,2026-07-27 05:00:00+00:00,1.33506,1.33563,1.33506,1.33543,1776.23
1785130200,2026-07-27 05:30:00+00:00,1.33543,1.33554,1.33513,1.33538,1781.02
1785132000,2026-07-27 06:00:00+00:00,1.33542,1.33599,1.33533,1.33574,1807.85
1785133800,2026-07-27 06:30:00+00:00,1.33574,1.33611,1.33494,1.33506,1691.97
1785135600,2026-07-27 07:00:00+00:00,1.33508,1.33527,1.33452,1.33499,1729.74
1785137400,2026-07-27 07:30:00+00:00,1.33499,1.33516,1.33387,1.33387,1736.01
1785139200,2026-07-27 08:00:00+00:00,1.33374,1.33403,1.33308,1.33346,1777.0900000000001
1785141000,2026-07-27 08:30:00+00:00,1.33346,1.33399,1.33325,1.33397,1713.46
1785142800,2026-07-27 09:00:00+00:00,1.33376,1.3341,1.33351,1.33405,1740.86
1785144600,2026-07-27 09:30:00+00:00,1.33405,1.33413,1.33307,1.33328,1684.63
1785146400,2026-07-27 10:00:00+00:00,1.33307,1.33365,1.33284,1.33284,1735.4
1785148200,2026-07-27 10:30:00+00:00,1.33284,1.33309,1.33177,1.33177,1782.57
1785150000,2026-07-27 11:00:00+00:00,1.33186,1.33211,1.33167,1.33208,1668.53
1785151800,2026-07-27 11:30:00+00:00,1.33208,1.33214,1.33113,1.3314,1673.56
1785153600,2026-07-27 12:00:00+00:00,1.33152,1.33182,1.33149,1.33178,1745.73
1785155400,2026-07-27 12:30:00+00:00,1.33178,1.33182,1.33051,1.33174,1742.52
1785157200,2026-07-27 13:00:00+00:00,1.33135,1.33195,1.33096,1.33194,1723.07
1785159000,2026-07-27 13:30:00+00:00,1.33194,1.33204,1.33096,1.33097,1700.66
1785160800,2026-07-27 14:00:00+00:00,1.33064,1.33106,1.33032,1.33103,1726.25
1785162600,2026-07-27 14:30:00+00:00,1.33103,1.33174,1.33012,1.33025,1683.33
1785164400,2026-07-27 15:00:00+00:00,1.33034,1.33036,1.33012,1.33019,1721.8
1785166200,2026-07-27 15:30:00+00:00,1.33019,1.33071,1.33012,1.33037,1795.58
1785168000,2026-07-27 16:00:00+00:00,1.33034,1.33136,1.33005,1.33069,1774.17
1785169800,2026-07-27 16:30:00+00:00,1.33069,1.33132,1.33029,1.33042,1781.83
1785171600,2026-07-27 17:00:00+00:00,1.33032,1.33035,1.32968,1.33007,1665.99
1785173400,2026-07-27 17:30:00+00:00,1.33007,1.33035,1.3285,1.32919,1725.09
1785175200,2026-07-27 18:00:00+00:00,1.32912,1.32927,1.3289,1.32894,1792.36
1785177000,2026-07-27 18:30:00+00:00,1.32894,1.32897,1.32873,1.32873,1759.51
1785178800,2026-07-27 19:00:00+00:00,1.32919,1.32936,1.3289,1.32931,1716.95
1785180600,2026-07-27 19:30:00+00:00,1.32931,1.32972,1.32921,1.32924,1739.99
1785182400,2026-07-27 20:00:00+00:00,1.32922,1.32929,1.32895,1.32916,1684.46
1785184200,2026-07-27 20:30:00+00:00,1.32916,1.32929,1.32862,1.32894,1749.34
1785186000,2026-07-27 21:00:00+00:00,1.33021,1.33021,1.32901,1.32944,1696.68
1785187800,2026-07-27 21:30:00+00:00,1.32944,1.32967,1.32901,1.32915,1768.53
1785189600,2026-07-27 22:00:00+00:00,1.32915,1.3292,1.32883,1.32892,1726.1200000000001
1785191400,2026-07-27 22:30:00+00:00,1.32892,1.32897,1.32883,1.3289,1749.05
1785193200,2026-07-27 23:00:00+00:00,1.32889,1.32913,1.32878,1.32902,1750.65
1785195000,2026-07-27 23:30:00+00:00,1.32902,1.32905,1.32874,1.32903,1791.83
1785196800,2026-07-28 00:00:00+00:00,1.32866,1.32926,1.32866,1.32924,1756.42
1785198600,2026-07-28 00:30:00+00:00,1.32924,1.32936,1.3292,1.32933,1698.19
1785200400,2026-07-28 01:00:00+00:00,1.32935,1.32982,1.32912,1.32949,1818.82
1785202200,2026-07-28 01:30:00+00:00,1.32949,1.32964,1.32906,1.32924,1786.48
1785204000,2026-07-28 02:00:00+00:00,1.32927,1.3298,1.32913,1.32977,1680.28
1785205800,2026-07-28 02:30:00+00:00,1.32977,1.33003,1.32952,1.32993,1801.6
1785207600,2026-07-28 03:00:00+00:00,1.32993,1.33046,1.32975,1.32978,1764.06
1785209400,2026-07-28 03:30:00+00:00,1.32978,1.33043,1.32963,1.32986,1750.28
1785211200,2026-07-28 04:00:00+00:00,1.32975,1.32975,1.32947,1.32962,1716.91
1785213000,2026-07-28 04:30:00+00:00,1.32962,1.32972,1.32929,1.32947,1781.58
1785214800,2026-07-28 05:00:00+00:00,1.32956,1.32956,1.32867,1.3288,1731.8899999999999
1785216600,2026-07-28 05:30:00+00:00,1.3288,1.32929,1.32873,1.3289,1743.26
1785218400,2026-07-28 06:00:00+00:00,1.32894,1.32957,1.32871,1.32947,1751.29
1785220200,2026-07-28 06:30:00+00:00,1.32947,1.33014,1.32938,1.32998,1721.2
1785222000,2026-07-28 07:00:00+00:00,1.32965,1.33051,1.32926,1.32932,1762.84
1785223800,2026-07-28 07:30:00+00:00,1.32932,1.32959,1.32926,1.32931,1754.31
1785225600,2026-07-28 08:00:00+00:00,1.3294,1.33049,1.32936,1.32977,1736.6
1785227400,2026-07-28 08:30:00+00:00,1.32977,1.3304,1.32965,1.33025,1740.27
1785229200,2026-07-28 09:00:00+00:00,1.33034,1.33035,1.32964,1.33002,1728.6
1785231000,2026-07-28 09:30:00+00:00,1.33002,1.33003,1.32809,1.32814,1683.8700000000001
1785232800,2026-07-28 10:00:00+00:00,1.32792,1.32815,1.32742,1.32813,1744.78
1785234600,2026-07-28 10:30:00+00:00,1.32813,1.32818,1.32793,1.32795,1698.36
1785236400,2026-07-28 11:00:00+00:00,1.32813,1.32818,1.32753,1.32796,1713.92
1785238200,2026-07-28 11:30:00+00:00,1.32796,1.32832,1.32791,1.32811,1750.38
1785240000,2026-07-28 12:00:00+00:00,1.32809,1.32995,1.32797,1.32995,1779.1100000000001
1785241800,2026-07-28 12:30:00+00:00,1.32995,1.32995,1.32905,1.32995,1763.81
1785243600,2026-07-28 13:00:00+00:00,1.32984,1.33005,1.32956,1.32989,1744.1100000000001
1785245400,2026-07-28 13:30:00+00:00,1.32989,1.33035,1.32965,1.33005,1750.26
1785247200,2026-07-28 14:00:00+00:00,1.33018,1.33018,1.32908,1.32921,1685.79
1785249000,2026-07-28 14:30:00+00:00,1.32921,1.33007,1.32878,1.3292,1803.96
1785250800,2026-07-28 15:00:00+00:00,1.32936,1.33036,1.32896,1.33005,1758.3
1785252600,2026-07-28 15:30:00+00:00,1.33005,1.33113,1.32903,1.33087,1809.96
1785254400,2026-07-28 16:00:00+00:00,1.33092,1.33108,1.33061,1.33061,1810.73
1785256200,2026-07-28 16:30:00+00:00,1.33061,1.33103,1.33016,1.33016,1842.28
1785258000,2026-07-28 17:00:00+00:00,1.33018,1.33038,1.32922,1.32975,1737.74
1785259800,2026-07-28 17:30:00+00:00,1.32975,1.33049,1.32922,1.32922,1794.15
1785261600,2026-07-28 18:00:00+00:00,1.32924,1.32929,1.32879,1.32883,1739.16
1785263400,2026-07-28 18:30:00+00:00,1.32883,1.32909,1.32874,1.32894,1807.22
1785265200,2026-07-28 19:00:00+00:00,1.32956,1.32956,1.32887,1.32888,1687.21
1785267000,2026-07-28 19:30:00+00:00,1.32888,1.32894,1.32887,1.32887,1757.15
1785268800,2026-07-28 20:00:00+00:00,1.32882,1.32892,1.32873,1.32875,1750.83
1785270600,2026-07-28 20:30:00+00:00,1.32875,1.32915,1.32874,1.3289,1711.93
1785272400,2026-07-28 21:00:00+00:00,1.32991,1.33016,1.32949,1.32974,1744.44
1785274200,2026-07-28 21:30:00+00:00,1.32974,1.32976,1.3288,1.32892,1725.73
1785276000,2026-07-28 22:00:00+00:00,1.32894,1.329,1.32841,1.32891,1809.45
1785277800,2026-07-28 22:30:00+00:00,1.32891,1.32917,1.32853,1.32855,1743.73
1785279600,2026-07-28 23:00:00+00:00,1.32837,1.32873,1.32837,1.3285,1706.43
1785281400,2026-07-28 23:30:00+00:00,1.3285,1.32864,1.32809,1.32862,1730.66
1785283200,2026-07-29 00:00:00+00:00,1.32857,1.32879,1.32844,1.32862,1686.69
1785285000,2026-07-29 00:30:00+00:00,1.32862,1.32935,1.32861,1.32935,1778.8799999999999
1785286800,2026-07-29 01:00:00+00:00,1.32929,1.32941,1.32827,1.32938,1707.54
1785288600,2026-07-29 01:30:00+00:00,1.32938,1.32947,1.32845,1.32892,1803.8899999999999
1785290400,2026-07-29 02:00:00+00:00,1.32897,1.32959,1.32887,1.32894,1723.36
1785292200,2026-07-29 02:30:00+00:00,1.32894,1.3298,1.32891,1.32949,1671.33
1785294000,2026-07-29 03:00:00+00:00,1.32943,1.32949,1.32943,1.32946,1745.94
1785295800,2026-07-29 03:30:00+00:00,1.32946,1.32998,1.32943,1.3295,1688.54
1785297600,2026-07-29 04:00:00+00:00,1.32958,1.33018,1.32958,1.33018,1755.38
1785299400,2026-07-29 04:30:00+00:00,1.33018,1.33018,1.32977,1.32986,1733.35
1785301200,2026-07-29 05:00:00+00:00,1.32988,1.33014,1.32975,1.32977,1686.36
1785303000,2026-07-29 05:30:00+00:00,1.32977,1.33021,1.32977,1.32996,1742.65
1785304800,2026-07-29 06:00:00+00:00,1.33009,1.33035,1.33005,1.33012,1687.64
1785306600,2026-07-29 06:30:00+00:00,1.33012,1.3302,1.32952,1.32975,1717.31
1785308400,2026-07-29 07:00:00+00:00,1.32973,1.33016,1.32967,1.33001,1730.5
1785310200,2026-07-29 07:30:00+00:00,1.33001,1.33071,1.32966,1.33026,1716.1200000000001
1785312000,2026-07-29 08:00:00+00:00,1.33026,1.33091,1.32979,1.33028,1752.35
1785313800,2026-07-29 08:30:00+00:00,1.33028,1.33094,1.32979,1.33058,1795.8
1785315600,2026-07-29 09:00:00+00:00,1.33046,1.33057,1.33013,1.33041,1766.87
1785317400,2026-07-29 09:30:00+00:00,1.33041,1.33054,1.32963,1.32982,1730.58
1785319200,2026-07-29 10:00:00+00:00,1.32961,1.32965,1.32911,1.32914,1755.24
1785321000,2026-07-29 10:30:00+00:00,1.32914,1.32916,1.32892,1.32912,1711.08
1785322800,2026-07-29 11:00:00+00:00,1.32915,1.3298,1.32915,1.32916,1827.76
1785324600,2026-07-29 11:30:00+00:00,1.32916,1.32922,1.32915,1.32919,1808.58
1785326400,2026-07-29 12:00:00+00:00,1.32938,1.32938,1.32916,1.32931,1722.55
1785328200,2026-07-29 12:30:00+00:00,1.32931,1.32936,1.32806,1.32836,1715.09
1785330000,2026-07-29 13:00:00+00:00,1.32855,1.32899,1.32823,1.32865,1718.16
1785331800,2026-07-29 13:30:00+00:00,1.32865,1.32936,1.3286,1.32931,1757.39
1785333600,2026-07-29 14:00:00+00:00,1.32954,1.33042,1.32881,1.32887,1673.63
1785335400,2026-07-29 14:30:00+00:00,1.32887,1.32909,1.32844,1.3288,1744.29
1785337200,2026-07-29 15:00:00+00:00,1.32885,1.32931,1.32879,1.32889,1709.36
1785339000,2026-07-29 15:30:00+00:00,1.32889,1.32906,1.32843,1.32876,1717.81
1785340800,2026-07-29 16:00:00+00:00,1.32869,1.32885,1.32809,1.32884,1756.02
1785342600,2026-07-29 16:30:00+00:00,1.32884,1.32885,1.32877,1.32885,1687.71
1785344400,2026-07-29 17:00:00+00:00,1.32896,1.33031,1.32887,1.32952,1718.9
1785346200,2026-07-29 17:30:00+00:00,1.32952,1.33069,1.32938,1.33023,1763.51
1785348000,2026-07-29 18:00:00+00:00,1.33175,1.33656,1.33175,1.33607,1763.71
1785349800,2026-07-29 18:30:00+00:00,1.33607,1.33656,1.33402,1.33642,1731.43
1785351600,2026-07-29 19:00:00+00:00,1.3367,1.33791,1.33479,1.33722,1691.92
1785353400,2026-07-29 19:30:00+00:00,1.33722,1.33858,1.33479,1.33479,1782.14
1785355200,2026-07-29 20:00:00+00:00,1.3344,1.33692,1.3344,1.3364,1774.57
1785357000,2026-07-29 20:30:00+00:00,1.3364,1.33684,1.33491,1.33683,1784.79
1785358800,2026-07-29 21:00:00+00:00,1.33677,1.33727,1.33453,1.33467,1755.25
1785360600,2026-07-29 21:30:00+00:00,1.33467,1.33684,1.33453,1.33631,1722.18
1785362400,2026-07-29 22:00:00+00:00,1.33652,1.33697,1.33651,1.33682,1782.59
1785364200,2026-07-29 22:30:00+00:00,1.33682,1.33699,1.33661,1.33697,1753.6
1785366000,2026-07-29 23:00:00+00:00,1.3371,1.33756,1.33659,1.33702,1752.71
1785367800,2026-07-29 23:30:00+00:00,1.33702,1.33717,1.33651,1.33674,1727.68
1785369600,2026-07-30 00:00:00+00:00,1.33677,1.33679,1.33637,1.33647,1674.01
1785371400,2026-07-30 00:30:00+00:00,1.33647,1.33651,1.3354,1.33554,1743.29
1785373200,2026-07-30 01:00:00+00:00,1.33554,1.33597,1.33534,1.33557,1781.46
1785375000,2026-07-30 01:30:00+00:00,1.33557,1.33587,1.33526,1.33529,1726.85
1785376800,2026-07-30 02:00:00+00:00,1.33543,1.33563,1.33537,1.33549,1733.79
1785378600,2026-07-30 02:30:00+00:00,1.33549,1.3355,1.33494,1.33499,1726.04
1785380400,2026-07-30 03:00:00+00:00,1.33499,1.33501,1.33453,1.33483,1719.22
1785382200,2026-07-30 03:30:00+00:00,1.33483,1.33494,1.33429,1.33463,1718.34
1785384000,2026-07-30 04:00:00+00:00,1.33447,1.33454,1.33438,1.33441,1831.3899999999999
1785385800,2026-07-30 04:30:00+00:00,1.33441,1.33497,1.3344,1.33447,1721.04
1785387600,2026-07-30 05:00:00+00:00,1.33449,1.33463,1.33449,1.33449,1783.3799999999999
1785389400,2026-07-30 05:30:00+00:00,1.33449,1.33563,1.33449,1.3349,1756.09
1785391200,2026-07-30 06:00:00+00:00,1.33518,1.33518,1.33456,1.33509,1766.58
1785393000,2026-07-30 06:30:00+00:00,1.33509,1.33518,1.3334,1.33421,1745.59
1785394800,2026-07-30 07:00:00+00:00,1.33453,1.3351,1.33376,1.33387,1730.19
1785396600,2026-07-30 07:30:00+00:00,1.33387,1.33447,1.33376,1.33394,1754.79
1785398400,2026-07-30 08:00:00+00:00,1.33417,1.33618,1.33396,1.33618,1729.29
1785400200,2026-07-30 08:30:00+00:00,1.33618,1.33618,1.33452,1.33554,1700.79
1785402000,2026-07-30 09:00:00+00:00,1.33567,1.33787,1.33567,1.33597,1742.09
1785403800,2026-07-30 09:30:00+00:00,1.33597,1.33844,1.33567,1.33804,1679.82
1785405600,2026-07-30 10:00:00+00:00,1.33799,1.34055,1.33779,1.33873,1715.0
1785407400,2026-07-30 10:30:00+00:00,1.33873,1.33965,1.33838,1.33915,1760.06
1785409200,2026-07-30 11:00:00+00:00,1.33971,1.33971,1.33742,1.33945,1763.62
1785411000,2026-07-30 11:30:00+00:00,1.33945,1.33964,1.33742,1.33871,1752.67
1785412800,2026-07-30 12:00:00+00:00,1.33892,1.33896,1.33702,1.33788,1717.53
1785414600,2026-07-30 12:30:00+00:00,1.33788,1.33957,1.33715,1.33735,1761.78
1785416400,2026-07-30 13:00:00+00:00,1.33726,1.34206,1.33693,1.33958,1743.3999999999999
1785418200,2026-07-30 13:30:00+00:00,1.33958,1.34264,1.33904,1.34264,1756.28
1785420000,2026-07-30 14:00:00+00:00,1.34282,1.34459,1.34264,1.34307,1753.72
1785421800,2026-07-30 14:30:00+00:00,1.34307,1.34443,1.34264,1.34282,1730.05
1785423600,2026-07-30 15:00:00+00:00,1.34244,1.34361,1.3423,1.34292,1742.02
1785425400,2026-07-30 15:30:00+00:00,1.34292,1.34629,1.34266,1.34595,1751.63
1785427200,2026-07-30 16:00:00+00:00,1.3458,1.34704,1.3458,1.34688,1761.13
1785429000,2026-07-30 16:30:00+00:00,1.34688,1.34701,1.3463,1.34633,1773.26
1785430800,2026-07-30 17:00:00+00:00,1.34657,1.34718,1.34573,1.34656,1799.11
1785432600,2026-07-30 17:30:00+00:00,1.34656,1.34718,1.34652,1.34715,1749.27
1785434400,2026-07-30 18:00:00+00:00,1.34744,1.34756,1.34692,1.34727,1771.21
1785436200,2026-07-30 18:30:00+00:00,1.34727,1.34756,1.34667,1.34756,1722.6200000000001
1785438000,2026-07-30 19:00:00+00:00,1.34764,1.34765,1.34698,1.34699,1696.35
1785439800,2026-07-30 19:30:00+00:00,1.34699,1.34749,1.34689,1.34716,1708.2
1785441600,2026-07-30 20:00:00+00:00,1.34695,1.34725,1.34658,1.34662,1712.3999999999999
1785443400,2026-07-30 20:30:00+00:00,1.34662,1.34675,1.34649,1.3466,1782.55
1785445200,2026-07-30 21:00:00+00:00,1.34631,1.34666,1.34629,1.34645,1690.3
1785447000,2026-07-30 21:30:00+00:00,1.34645,1.34647,1.34613,1.34624,1720.43
1785448800,2026-07-30 22:00:00+00:00,1.34649,1.34704,1.34649,1.34667,1793.45
1785450600,2026-07-30 22:30:00+00:00,1.34667,1.34673,1.34649,1.34669,1736.89
1785452400,2026-07-30 23:00:00+00:00,1.34691,1.34696,1.34637,1.34646,1737.43
1785454200,2026-07-30 23:30:00+00:00,1.34646,1.34649,1.34604,1.34611,1713.08
1785456000,2026-07-31 00:00:00+00:00,1.34611,1.34629,1.34542,1.34611,1769.9
1785457800,2026-07-31 00:30:00+00:00,1.34611,1.34653,1.34555,1.3459,1691.6
1785459600,2026-07-31 01:00:00+00:00,1.34604,1.34626,1.34538,1.34545,1792.37
1785461400,2026-07-31 01:30:00+00:00,1.34545,1.34562,1.34494,1.34513,1779.65
1785463200,2026-07-31 02:00:00+00:00,1.34515,1.34521,1.34504,1.34507,1747.6
1785465000,2026-07-31 02:30:00+00:00,1.34507,1.34597,1.34504,1.34506,1732.34
1785466800,2026-07-31 03:00:00+00:00,1.34506,1.34515,1.34459,1.34484,1755.68
1785468600,2026-07-31 03:30:00+00:00,1.34484,1.34517,1.34468,1.34517,1754.44
1785470400,2026-07-31 04:00:00+00:00,1.34517,1.34526,1.34437,1.34461,1706.3799999999999
1785472200,2026-07-31 04:30:00+00:00,1.34461,1.34487,1.34436,1.34461,1740.71
1785474000,2026-07-31 05:00:00+00:00,1.34457,1.34495,1.34412,1.34425,1753.38
1785475800,2026-07-31 05:30:00+00:00,1.34425,1.34487,1.34413,1.34441,1782.44
1785477600,2026-07-31 06:00:00+00:00,1.34441,1.34613,1.34441,1.34452,1745.25
1785479400,2026-07-31 06:30:00+00:00,1.34452,1.3459,1.34441,1.3453,1787.03
1785481200,2026-07-31 07:00:00+00:00,1.34521,1.34602,1.34461,1.34543,1762.6399999999999
1785483000,2026-07-31 07:30:00+00:00,1.34543,1.34617,1.34468,1.34528,1781.81
1785484800,2026-07-31 08:00:00+00:00,1.34524,1.34626,1.34458,1.34471,1735.07
1785486600,2026-07-31 08:30:00+00:00,1.34471,1.34626,1.34362,1.34626,1709.0
1785488400,2026-07-31 09:00:00+00:00,1.34624,1.34629,1.3447,1.34512,1711.94
1785490200,2026-07-31 09:30:00+00:00,1.34512,1.34682,1.34482,1.34495,1738.64
1785492000,2026-07-31 10:00:00+00:00,1.34492,1.34505,1.34447,1.34479,1713.27
1785493800,2026-07-31 10:30:00+00:00,1.34479,1.34512,1.34441,1.34457,1799.83
1785495600,2026-07-31 11:00:00+00:00,1.34445,1.34445,1.34192,1.34205,1773.1200000000001
1785497400,2026-07-31 11:30:00+00:00,1.34205,1.34251,1.34192,1.34196,1703.91
1785499200,2026-07-31 12:00:00+00:00,1.34171,1.34202,1.34167,1.34196,1752.61
1785501000,2026-07-31 12:30:00+00:00,1.34196,1.34284,1.34195,1.34223,1759.3600000000001
1785502800,2026-07-31 13:00:00+00:00,1.34219,1.3426,1.34032,1.34141,1737.8
1785504600,2026-07-31 13:30:00+00:00,1.34141,1.3432,1.34032,1.34088,1773.42
1785506400,2026-07-31 14:00:00+00:00,1.34079,1.34191,1.34055,1.34105,1705.28
1785508200,2026-07-31 14:30:00+00:00,1.34105,1.34595,1.34055,1.34575,1774.47
1785510000,2026-07-31 15:00:00+00:00,1.34597,1.3472,1.34592,1.34651,1776.34
1785511800,2026-07-31 15:30:00+00:00,1.34651,1.347,1.34559,1.34687,1726.69
1785513600,2026-07-31 16:00:00+00:00,1.34684,1.34684,1.34628,1.34651,1725.55
1785515400,2026-07-31 16:30:00+00:00,1.34651,1.34693,1.34641,1.34664,1819.5
1785517200,2026-07-31 17:00:00+00:00,1.34658,1.34815,1.34655,1.34764,1729.57
1785519000,2026-07-31 17:30:00+00:00,1.34764,1.3488,1.34704,1.34851,1769.04
1785520800,2026-07-31 18:00:00+00:00,1.34838,1.34871,1.34758,1.34776,1708.43
1785522600,2026-07-31 18:30:00+00:00,1.34776,1.34843,1.34767,1.34824,1751.26
1785524400,2026-07-31 19:00:00+00:00,1.34853,1.34862,1.34818,1.34819,1705.46
1785526200,2026-07-31 19:30:00+00:00,1.34819,1.3482,1.34775,1.34775,1699.12
1785528000,2026-07-31 20:00:00+00:00,1.34762,1.3494,1.34757,1.34865,1729.51
1785529800,2026-07-31 20:30:00+00:00,1.34865,1.34874,1.34735,1.34834,1804.67
1785531600,2026-07-31 21:00:00+00:00,1.34867,1.34867,1.34867,1.34867,1810.32
1785533400,2026-07-31 21:30:00+00:00,1.34867,1.34867,1.34867,1.34867,1711.3799999999999
1785711600,2026-08-02 23:00:00+00:00,1.34955,1.3496,1.3492,1.34923,1710.96
1785713400,2026-08-02 23:30:00+00:00,1.34923,1.3493,1.34893,1.34915,1733.1399999999999
1785715200,2026-08-03 00:00:00+00:00,1.34896,1.34973,1.34842,1.34954,1739.24
1785717000,2026-08-03 00:30:00+00:00,1.34954,1.35029,1.34842,1.3488,1733.58
1785718800,2026-08-03 01:00:00+00:00,1.34864,1.34885,1.34713,1.3477,1688.7
1785720600,2026-08-03 01:30:00+00:00,1.3477,1.34821,1.34713,1.34744,1676.02
1785722400,2026-08-03 02:00:00+00:00,1.34744,1.34765,1.34696,1.34709,1791.22
1785724200,2026-08-03 02:30:00+00:00,1.34709,1.34753,1.34699,1.34707,1783.47
1785726000,2026-08-03 03:00:00+00:00,1.34702,1.34702,1.34655,1.34699,1714.94
1785727800,2026-08-03 03:30:00+00:00,1.34699,1.34702,1.34673,1.34684,1770.63
1785729600,2026-08-03 04:00:00+00:00,1.34687,1.34706,1.34675,1.34705,1724.34
1785731400,2026-08-03 04:30:00+00:00,1.34705,1.34735,1.34699,1.34727,1724.16
1785733200,2026-08-03 05:00:00+00:00,1.34733,1.34769,1.34704,1.34769,1726.58
1785735000,2026-08-03 05:30:00+00:00,1.34769,1.34773,1.34758,1.34771,1684.76
1785736800,2026-08-03 06:00:00+00:00,1.34771,1.34782,1.34704,1.34736,1716.3999999999999
1785738600,2026-08-03 06:30:00+00:00,1.34736,1.34775,1.34588,1.34615,1690.0
1785740400,2026-08-03 07:00:00+00:00,1.34635,1.34679,1.3455,1.34584,1711.93
1785742200,2026-08-03 07:30:00+00:00,1.34584,1.34702,1.34583,1.34618,1733.71
1785744000,2026-08-03 08:00:00+00:00,1.34595,1.34626,1.34553,1.3458,1828.33
1785745800,2026-08-03 08:30:00+00:00,1.3458,1.34599,1.34553,1.34553,1737.91
1785747600,2026-08-03 09:00:00+00:00,1.34564,1.34586,1.34503,1.34513,1716.17
1785749400,2026-08-03 09:30:00+00:00,1.34513,1.34536,1.34503,1.34506,1716.2
1785751200,2026-08-03 10:00:00+00:00,1.34488,1.34564,1.34488,1.34551,1743.62
1785753000,2026-08-03 10:30:00+00:00,1.34551,1.34628,1.3452,1.346,1759.31
1785754800,2026-08-03 11:00:00+00:00,1.34618,1.34619,1.34564,1.34599,1733.88
1785756600,2026-08-03 11:30:00+00:00,1.34599,1.34682,1.34596,1.34682,1684.27
1785758400,2026-08-03 12:00:00+00:00,1.34686,1.34718,1.34632,1.34665,1733.57
1785760200,2026-08-03 12:30:00+00:00,1.34665,1.34679,1.34593,1.34644,1743.3400000000001
1785762000,2026-08-03 13:00:00+00:00,1.34647,1.34666,1.34517,1.3452,1779.53
1785763800,2026-08-03 13:30:00+00:00,1.3452,1.3456,1.34485,1.34524,1785.43
1785765600,2026-08-03 14:00:00+00:00,1.34486,1.34562,1.34427,1.34539,1715.26
1785767400,2026-08-03 14:30:00+00:00,1.34539,1.34564,1.34382,1.34382,1755.1
1785769200,2026-08-03 15:00:00+00:00,1.34362,1.34362,1.34244,1.34336,1727.67
1785771000,2026-08-03 15:30:00+00:00,1.34336,1.34362,1.34244,1.34344,1809.54
1785772800,2026-08-03 16:00:00+00:00,1.34336,1.34365,1.34295,1.3432,1740.3
1785774600,2026-08-03 16:30:00+00:00,1.3432,1.34321,1.34255,1.34255,1766.47
1785776400,2026-08-03 17:00:00+00:00,1.34248,1.34271,1.34237,1.34242,1745.19
1785778200,2026-08-03 17:30:00+00:00,1.34242,1.34247,1.34194,1.34194,1757.04
1785780000,2026-08-03 18:00:00+00:00,1.34196,1.34235,1.34187,1.34221,1754.1
1785781800,2026-08-03 18:30:00+00:00,1.34221,1.34327,1.34211,1.34313,1705.82
1785783600,2026-08-03 19:00:00+00:00,1.34326,1.34327,1.34311,1.34319,1757.93
1785785400,2026-08-03 19:30:00+00:00,1.34319,1.34347,1.34311,1.34311,1758.15
1785787200,2026-08-03 20:00:00+00:00,1.34313,1.34334,1.34286,1.34308,1736.79
1785789000,2026-08-03 20:30:00+00:00,1.34308,1.3434,1.34298,1.34336,1713.99
1785790800,2026-08-03 21:00:00+00:00,1.34304,1.34344,1.34268,1.34331,1750.97
1785792600,2026-08-03 21:30:00+00:00,1.34331,1.34333,1.34252,1.34298,1761.27
1785794400,2026-08-03 22:00:00+00:00,1.34318,1.34318,1.34282,1.34311,1748.57
1785796200,2026-08-03 22:30:00+00:00,1.34311,1.34318,1.34302,1.34309,1713.69
1785798000,2026-08-03 23:00:00+00:00,1.34313,1.34317,1.34299,1.34307,1757.52
1785799800,2026-08-03 23:30:00+00:00,1.34307,1.34308,1.34259,1.34275,1781.84
1785801600,2026-08-04 00:00:00+00:00,1.34277,1.34331,1.34244,1.34303,1758.33
1785803400,2026-08-04 00:30:00+00:00,1.34303,1.3431,1.34244,1.34244,1739.26
1785805200,2026-08-04 01:00:00+00:00,1.34232,1.34284,1.34199,1.34263,1717.65
1785807000,2026-08-04 01:30:00+00:00,1.34263,1.34317,1.34242,1.34284,1739.43
1785808800,2026-08-04 02:00:00+00:00,1.34295,1.34297,1.34264,1.34264,1690.11
1785810600,2026-08-04 02:30:00+00:00,1.34264,1.34331,1.34264,1.3428,1712.76
1785812400,2026-08-04 03:00:00+00:00,1.34317,1.34322,1.34303,1.34312,1736.66
1785814200,2026-08-04 03:30:00+00:00,1.34312,1.34321,1.34259,1.34273,1705.49
1785816000,2026-08-04 04:00:00+00:00,1.3427,1.34271,1.34244,1.34271,1797.02
1785817800,2026-08-04 04:30:00+00:00,1.34271,1.34271,1.34264,1.34268,1749.94
1785819600,2026-08-04 05:00:00+00:00,1.34264,1.34266,1.34204,1.34213,1766.47
1785821400,2026-08-04 05:30:00+00:00,1.34213,1.34261,1.34203,1.34252,1733.26
1785823200,2026-08-04 06:00:00+00:00,1.34259,1.34311,1.34235,1.3431,1714.74
1785825000,2026-08-04 06:30:00+00:00,1.3431,1.34324,1.34247,1.34291,1801.69
1785826800,2026-08-04 07:00:00+00:00,1.34311,1.34391,1.34309,1.34358,1798.43
1785828600,2026-08-04 07:30:00+00:00,1.34358,1.34374,1.34298,1.34367,1698.1399999999999
1785830400,2026-08-04 08:00:00+00:00,1.34371,1.34403,1.34336,1.34384,1723.97
1785832200,2026-08-04 08:30:00+00:00,1.34384,1.34427,1.34382,1.34427,1683.13
1785834000,2026-08-04 09:00:00+00:00,1.34423,1.34427,1.34374,1.34423,1738.14
1785835800,2026-08-04 09:30:00+00:00,1.34423,1.3443,1.34386,1.34419,1781.3
1785837600,2026-08-04 10:00:00+00:00,1.34419,1.34476,1.34385,1.34418,1730.72
1785839400,2026-08-04 10:30:00+00:00,1.34418,1.3449,1.34418,1.3443,1719.83
1785841200,2026-08-04 11:00:00+00:00,1.34418,1.34455,1.34416,1.34424,1801.31
1785843000,2026-08-04 11:30:00+00:00,1.34424,1.34542,1.34416,1.34472,1718.27
1785844800,2026-08-04 12:00:00+00:00,1.34479,1.34539,1.34434,1.34478,1748.21
1785846600,2026-08-04 12:30:00+00:00,1.34478,1.34548,1.34434,1.34439,1724.73
1785848400,2026-08-04 13:00:00+00:00,1.34436,1.34438,1.34391,1.34411,1800.31
1785850200,2026-08-04 13:30:00+00:00,1.34411,1.34515,1.34396,1.34475,1741.23
1785852000,2026-08-04 14:00:00+00:00,1.34481,1.34555,1.34447,1.34467,1700.49
1785853800,2026-08-04 14:30:00+00:00,1.34467,1.34555,1.34465,1.34475,1739.22
1785855600,2026-08-04 15:00:00+00:00,1.34472,1.34492,1.34427,1.3448,1770.79
1785857400,2026-08-04 15:30:00+00:00,1.3448,1.34557,1.3444,1.34544,1767.81
1785859200,2026-08-04 16:00:00+00:00,1.34546,1.34562,1.34467,1.3451,1781.71
1785861000,2026-08-04 16:30:00+00:00,1.3451,1.34545,1.34463,1.34468,1746.67
1785862800,2026-08-04 17:00:00+00:00,1.34488,1.34488,1.34416,1.34444,1792.26
1785864600,2026-08-04 17:30:00+00:00,1.34444,1.34464,1.34426,1.34443,1722.98
1785866400,2026-08-04 18:00:00+00:00,1.34403,1.3453,1.34403,1.3451,1759.37
1785868200,2026-08-04 18:30:00+00:00,1.3451,1.3453,1.34479,1.3453,1735.1399999999999
1785870000,2026-08-04 19:00:00+00:00,1.34526,1.34537,1.34495,1.34533,1751.51
1785871800,2026-08-04 19:30:00+00:00,1.34533,1.34539,1.345,1.34508,1770.68
1785873600,2026-08-04 20:00:00+00:00,1.34519,1.34546,1.34504,1.34539,1767.43
1785875400,2026-08-04 20:30:00+00:00,1.34539,1.34541,1.34515,1.34528,1731.1299999999999
1785877200,2026-08-04 21:00:00+00:00,1.34503,1.34546,1.34471,1.34503,1718.18
1785879000,2026-08-04 21:30:00+00:00,1.34503,1.34526,1.34459,1.34503,1723.44
1785880800,2026-08-04 22:00:00+00:00,1.34524,1.34532,1.34488,1.34522,1763.74
1785882600,2026-08-04 22:30:00+00:00,1.34522,1.34526,1.34488,1.34515,1716.56
1785884400,2026-08-04 23:00:00+00:00,1.34515,1.34523,1.34503,1.34518,1715.6399999999999
1785886200,2026-08-04 23:30:00+00:00,1.34518,1.3452,1.34483,1.34513,1775.32
1785888000,2026-08-05 00:00:00+00:00,1.34504,1.34559,1.34499,1.34502,1722.02
1785889800,2026-08-05 00:30:00+00:00,1.34502,1.34553,1.34499,1.3451,1770.8700000000001
1785891600,2026-08-05 01:00:00+00:00,1.34499,1.34513,1.34493,1.34511,1737.9
1785893400,2026-08-05 01:30:00+00:00,1.34511,1.34513,1.3445,1.34461,1721.15
1785895200,2026-08-05 02:00:00+00:00,1.34466,1.34582,1.34466,1.34548,1720.23
1785897000,2026-08-05 02:30:00+00:00,1.34548,1.34568,1.34509,1.34537,1745.5
1785898800,2026-08-05 03:00:00+00:00,1.34553,1.34594,1.34553,1.34589,1706.58
1785900600,2026-08-05 03:30:00+00:00,1.34589,1.346,1.34556,1.34562,1691.96
1785902400,2026-08-05 04:00:00+00:00,1.34566,1.346,1.34562,1.34575,1730.92
1785904200,2026-08-05 04:30:00+00:00,1.34575,1.346,1.34544,1.34553,1754.74
1785906000,2026-08-05 05:00:00+00:00,1.34553,1.34554,1.34521,1.34535,1750.7
1785907800,2026-08-05 05:30:00+00:00,1.34535,1.34586,1.34534,1.34564,1742.3700000000001
1785909600,2026-08-05 06:00:00+00:00,1.34559,1.34652,1.34517,1.34651,1748.4
1785911400,2026-08-05 06:30:00+00:00,1.34651,1.34678,1.34626,1.34678,1684.85
1785913200,2026-08-05 07:00:00+00:00,1.34678,1.3468,1.34597,1.34627,1758.78
1785915000,2026-08-05 07:30:00+00:00,1.34627,1.3468,1.34582,1.3468,1715.98
1785916800,2026-08-05 08:00:00+00:00,1.34696,1.34698,1.34544,1.34559,1787.06
1785918600,2026-08-05 08:30:00+00:00,1.34559,1.34698,1.34555,1.34571,1740.81
1785920400,2026-08-05 09:00:00+00:00,1.34595,1.34641,1.34562,1.3463,1753.78
1785922200,2026-08-05 09:30:00+00:00,1.3463,1.34675,1.34629,1.34673,1712.92
1785924000,2026-08-05 10:00:00+00:00,1.34698,1.34698,1.34664,1.34666,1737.88
1785925800,2026-08-05 10:30:00+00:00,1.34666,1.34677,1.34638,1.34675,1735.96
1785927600,2026-08-05 11:00:00+00:00,1.34682,1.34726,1.34682,1.34702,1675.31
1785929400,2026-08-05 11:30:00+00:00,1.34702,1.34816,1.347,1.34795,1733.57
1785931200,2026-08-05 12:00:00+00:00,1.34809,1.34834,1.34705,1.34744,1715.39
1785933000,2026-08-05 12:30:00+00:00,1.34744,1.3475,1.34677,1.34702,1722.22
1785934800,2026-08-05 13:00:00+00:00,1.34687,1.34756,1.34687,1.34723,1789.7
1785936600,2026-08-05 13:30:00+00:00,1.34723,1.34731,1.34617,1.34657,1773.05
1785938400,2026-08-05 14:00:00+00:00,1.34693,1.34789,1.34689,1.34735,1744.62
1785940200,2026-08-05 14:30:00+00:00,1.34735,1.34864,1.34726,1.34791,1718.45
1785942000,2026-08-05 15:00:00+00:00,1.34805,1.34836,1.34635,1.34661,1745.9
1785943800,2026-08-05 15:30:00+00:00,1.34661,1.3469,1.34579,1.3462,1777.32
1785945600,2026-08-05 16:00:00+00:00,1.34638,1.34665,1.3462,1.34654,1802.2
1785947400,2026-08-05 16:30:00+00:00,1.34654,1.34675,1.34599,1.34599,1753.59
1785949200,2026-08-05 17:00:00+00:00,1.34608,1.34619,1.34566,1.34617,1741.17
1785951000,2026-08-05 17:30:00+00:00,1.34617,1.34713,1.34596,1.34706,1707.73
1785952800,2026-08-05 18:00:00+00:00,1.34695,1.34735,1.34675,1.34675,1780.34
1785954600,2026-08-05 18:30:00+00:00,1.34675,1.34714,1.34675,1.34687,1716.96
1785956400,2026-08-05 19:00:00+00:00,1.34709,1.34709,1.34661,1.34665,1720.79
1785958200,2026-08-05 19:30:00+00:00,1.34665,1.34666,1.3464,1.34646,1693.0
1785960000,2026-08-05 20:00:00+00:00,1.34657,1.34689,1.34654,1.34676,1694.53
1785961800,2026-08-05 20:30:00+00:00,1.34676,1.34684,1.34626,1.34682,1788.24
1785963600,2026-08-05 21:00:00+00:00,1.34695,1.34718,1.3465,1.34696,1687.48
1785965400,2026-08-05 21:30:00+00:00,1.34696,1.34718,1.34638,1.34664,1783.26
1785967200,2026-08-05 22:00:00+00:00,1.34687,1.34687,1.3466,1.34663,1790.28
1785969000,2026-08-05 22:30:00+00:00,1.34663,1.34687,1.34651,1.34671,1742.59
1785970800,2026-08-05 23:00:00+00:00,1.34678,1.34702,1.34671,1.34674,1721.25
1785972600,2026-08-05 23:30:00+00:00,1.34674,1.34713,1.34671,1.34695,1677.28
1785974400,2026-08-06 00:00:00+00:00,1.34678,1.34713,1.34671,1.34671,1740.1
1785976200,2026-08-06 00:30:00+00:00,1.34671,1.34684,1.34664,1.34673,1716.52
1785978000,2026-08-06 01:00:00+00:00,1.34677,1.34709,1.3464,1.34706,1739.24
1785979800,2026-08-06 01:30:00+00:00,1.34706,1.34709,1.34659,1.34691,1671.77
1785981600,2026-08-06 02:00:00+00:00,1.34706,1.34706,1.34678,1.34687,1765.79
1785983400,2026-08-06 02:30:00+00:00,1.34687,1.34722,1.34678,1.3468,1756.06
1785985200,2026-08-06 03:00:00+00:00,1.34673,1.34673,1.34605,1.34607,1791.38
1785987000,2026-08-06 03:30:00+00:00,1.34607,1.34673,1.3458,1.34602,1713.08
1785988800,2026-08-06 04:00:00+00:00,1.34613,1.34616,1.34611,1.34614,1750.39
1785990600,2026-08-06 04:30:00+00:00,1.34614,1.3462,1.34593,1.34608,1751.44
1785992400,2026-08-06 05:00:00+00:00,1.34606,1.34637,1.34562,1.34619,1768.26
1785994200,2026-08-06 05:30:00+00:00,1.34619,1.34637,1.3459,1.34633,1692.87
1785996000,2026-08-06 06:00:00+00:00,1.34653,1.34653,1.34584,1.34597,1689.56
1785997800,2026-08-06 06:30:00+00:00,1.34597,1.34619,1.34555,1.34602,1720.62
1785999600,2026-08-06 07:00:00+00:00,1.346,1.34628,1.34561,1.34584,1722.36
1786001400,2026-08-06 07:30:00+00:00,1.34584,1.34628,1.34561,1.346,1728.36
1786003200,2026-08-06 08:00:00+00:00,1.34608,1.34657,1.34586,1.34629,1790.0
1786005000,2026-08-06 08:30:00+00:00,1.34629,1.34657,1.346,1.34644,1754.66
1786006800,2026-08-06 09:00:00+00:00,1.34647,1.34662,1.34593,1.346,1773.16
1786008600,2026-08-06 09:30:00+00:00,1.346,1.34637,1.34537,1.34566,1784.6
1786010400,2026-08-06 10:00:00+00:00,1.34562,1.34624,1.34558,1.34562,1730.73
1786012200,2026-08-06 10:30:00+00:00,1.34562,1.34619,1.34551,1.34617,1726.76
1786014000,2026-08-06 11:00:00+00:00,1.34638,1.34674,1.34588,1.34672,1755.56
1786015800,2026-08-06 11:30:00+00:00,1.34672,1.34687,1.34665,1.34687,1747.99
1786017600,2026-08-06 12:00:00+00:00,1.3468,1.34712,1.34677,1.34692,1785.49
1786019400,2026-08-06 12:30:00+00:00,1.34692,1.34715,1.34637,1.34702,1731.05
1786021200,2026-08-06 13:00:00+00:00,1.34715,1.34751,1.34655,1.34714,1733.98
1786023000,2026-08-06 13:30:00+00:00,1.34714,1.34798,1.34681,1.34787,1742.18
1786024800,2026-08-06 14:00:00+00:00,1.34778,1.34781,1.34644,1.34698,1749.73
1786026600,2026-08-06 14:30:00+00:00,1.34698,1.34784,1.34649,1.34664,1733.46
1786028400,2026-08-06 15:00:00+00:00,1.34647,1.34651,1.34532,1.34646,1746.14
1786030200,2026-08-06 15:30:00+00:00,1.34646,1.34651,1.34508,1.34541,1754.18
1786032000,2026-08-06 16:00:00+00:00,1.34528,1.34563,1.34513,1.34538,1789.74
1786033800,2026-08-06 16:30:00+00:00,1.34538,1.34584,1.34523,1.34561,1694.34
1786035600,2026-08-06 17:00:00+00:00,1.34564,1.34566,1.34523,1.34545,1729.26
1786037400,2026-08-06 17:30:00+00:00,1.34545,1.34599,1.34535,1.34564,1784.87
1786039200,2026-08-06 18:00:00+00:00,1.34564,1.34577,1.3453,1.34551,1734.48
1786041000,2026-08-06 18:30:00+00:00,1.34551,1.34593,1.3453,1.34575,1721.03
1786042800,2026-08-06 19:00:00+00:00,1.34571,1.34593,1.34497,1.34523,1728.92
1786044600,2026-08-06 19:30:00+00:00,1.34523,1.34568,1.34497,1.34553,1737.46
1786046400,2026-08-06 20:00:00+00:00,1.34555,1.34562,1.34502,1.34513,1706.67
1786048200,2026-08-06 20:30:00+00:00,1.34513,1.34545,1.3449,1.34542,1819.12
1786050000,2026-08-06 21:00:00+00:00,1.34557,1.34564,1.34465,1.34508,1724.19
1786051800,2026-08-06 21:30:00+00:00,1.34508,1.3457,1.34468,1.3455,1713.96
1786053600,2026-08-06 22:00:00+00:00,1.34517,1.34522,1.3451,1.34521,1725.1
1786055400,2026-08-06 22:30:00+00:00,1.34521,1.34526,1.3452,1.34524,1688.21
1786057200,2026-08-06 23:00:00+00:00,1.34523,1.34539,1.34521,1.34526,1750.6200000000001
1786059000,2026-08-06 23:30:00+00:00,1.34526,1.34555,1.34526,1.34546,1726.08
1786060800,2026-08-07 00:00:00+00:00,1.34542,1.34555,1.34529,1.34551,1698.96
1786062600,2026-08-07 00:30:00+00:00,1.34551,1.34555,1.34485,1.34501,1738.12
1786064400,2026-08-07 01:00:00+00:00,1.34494,1.34559,1.34494,1.34558,1724.8700000000001
1786066200,2026-08-07 01:30:00+00:00,1.34558,1.34559,1.34508,1.34535,1728.54
1786068000,2026-08-07 02:00:00+00:00,1.34542,1.34545,1.34515,1.34544,1799.04
1786069800,2026-08-07 02:30:00+00:00,1.34544,1.34546,1.34515,1.34523,1706.83
1786071600,2026-08-07 03:00:00+00:00,1.34512,1.34537,1.34512,1.34535,1799.84
1786073400,2026-08-07 03:30:00+00:00,1.34535,1.34537,1.34523,1.34537,1722.31
1786075200,2026-08-07 04:00:00+00:00,1.34535,1.34559,1.34526,1.34551,1769.9099999999999
1786077000,2026-08-07 04:30:00+00:00,1.34551,1.34557,1.34539,1.34546,1748.67
1786078800,2026-08-07 05:00:00+00:00,1.34541,1.34564,1.34523,1.3454,1738.15
1786080600,2026-08-07 05:30:00+00:00,1.3454,1.34547,1.34521,1.34533,1736.96
1786082400,2026-08-07 06:00:00+00:00,1.34559,1.34586,1.34529,1.34547,1738.92
1786084200,2026-08-07 06:30:00+00:00,1.34547,1.34563,1.34524,1.34541,1764.32
1786086000,2026-08-07 07:00:00+00:00,1.34537,1.34537,1.34484,1.34487,1737.22
1786087800,2026-08-07 07:30:00+00:00,1.34487,1.34527,1.34465,1.34483,1731.07
1786089600,2026-08-07 08:00:00+00:00,1.34504,1.34504,1.34438,1.34438,1696.95
1786091400,2026-08-07 08:30:00+00:00,1.34438,1.34478,1.34438,1.34438,1775.27
1786093200,2026-08-07 09:00:00+00:00,1.34447,1.34465,1.34412,1.3446,1736.96
1786095000,2026-08-07 09:30:00+00:00,1.3446,1.34465,1.34398,1.34421,1740.24
1786096800,2026-08-07 10:00:00+00:00,1.34432,1.34432,1.34407,1.34411,1708.7
1786098600,2026-08-07 10:30:00+00:00,1.34411,1.34423,1.34351,1.3438,1750.47
1786100400,2026-08-07 11:00:00+00:00,1.34383,1.34407,1.34383,1.34402,1757.99
1786102200,2026-08-07 11:30:00+00:00,1.34402,1.34501,1.34391,1.34501,1746.6399999999999
1786104000,2026-08-07 12:00:00+00:00,1.3451,1.35059,1.3447,1.35024,1751.81
1786105800,2026-08-07 12:30:00+00:00,1.35024,1.35068,1.34859,1.35004,1718.02
1786107600,2026-08-07 13:00:00+00:00,1.35017,1.35075,1.34962,1.3499,1688.92
1786109400,2026-08-07 13:30:00+00:00,1.3499,1.34997,1.34884,1.34884,1797.23
1786111200,2026-08-07 14:00:00+00:00,1.34896,1.34984,1.34865,1.34911,1710.07
1786113000,2026-08-07 14:30:00+00:00,1.34911,1.35015,1.34851,1.34885,1743.6200000000001
1786114800,2026-08-07 15:00:00+00:00,1.34907,1.34955,1.34848,1.34872,1757.11
1786116600,2026-08-07 15:30:00+00:00,1.34872,1.35004,1.34844,1.34966,1733.35
1786118400,2026-08-07 16:00:00+00:00,1.3496,1.35044,1.34959,1.35011,1742.31
1786120200,2026-08-07 16:30:00+00:00,1.35011,1.3503,1.34956,1.34967,1819.53
1786122000,2026-08-07 17:00:00+00:00,1.34956,1.34987,1.34949,1.34987,1745.44
1786123800,2026-08-07 17:30:00+00:00,1.34987,1.34987,1.34959,1.3496,1758.34
1786125600,2026-08-07 18:00:00+00:00,1.34944,1.34984,1.34927,1.34931,1748.33
1786127400,2026-08-07 18:30:00+00:00,1.34931,1.35007,1.34924,1.34989,1758.29
1786129200,2026-08-07 19:00:00+00:00,1.34998,1.34999,1.34973,1.34975,1764.82
1786131000,2026-08-07 19:30:00+00:00,1.34975,1.35033,1.34973,1.34978,1755.06
1786132800,2026-08-07 20:00:00+00:00,1.34986,1.34987,1.34927,1.34949,1715.42
1786134600,2026-08-07 20:30:00+00:00,1.34949,1.34959,1.349,1.34924,1754.03
1786136400,2026-08-07 21:00:00+00:00,1.34927,1.34927,1.34927,1.34927,1714.61
1786138200,2026-08-07 21:30:00+00:00,1.34927,1.34927,1.34927,1.34927,1736.95
1786316400,2026-08-09 23:00:00+00:00,1.34896,1.34906,1.34889,1.34905,1732.64
1786318200,2026-08-09 23:30:00+00:00,1.34905,1.34929,1.34896,1.34898,1715.83
1786320000,2026-08-10 00:00:00+00:00,1.34916,1.3494,1.34889,1.34889,1740.51
1786321800,2026-08-10 00:30:00+00:00,1.34889,1.34931,1.34889,1.34907,1682.74
1786323600,2026-08-10 01:00:00+00:00,1.34913,1.34913,1.34857,1.34883,1724.39
1786325400,2026-08-10 01:30:00+00:00,1.34883,1.34907,1.34851,1.34885,1776.25
1786327200,2026-08-10 02:00:00+00:00,1.34895,1.34898,1.34886,1.34886,1778.01
1786329000,2026-08-10 02:30:00+00:00,1.34886,1.34888,1.34864,1.34864,1793.25
1786330800,2026-08-10 03:00:00+00:00,1.34873,1.34873,1.34865,1.3487,1701.8
1786332600,2026-08-10 03:30:00+00:00,1.3487,1.34873,1.34842,1.34858,1745.47
1786334400,2026-08-10 04:00:00+00:00,1.3486,1.34896,1.34844,1.34896,1660.81
1786336200,2026-08-10 04:30:00+00:00,1.34896,1.34904,1.34886,1.34895,1742.17
1786338000,2026-08-10 05:00:00+00:00,1.34891,1.34935,1.3488,1.34934,1798.02
1786339800,2026-08-10 05:30:00+00:00,1.34934,1.34936,1.34908,1.34936,1706.85
1786341600,2026-08-10 06:00:00+00:00,1.34955,1.34971,1.34931,1.34958,1738.06
1786343400,2026-08-10 06:30:00+00:00,1.34958,1.34959,1.34934,1.34947,1765.84
1786345200,2026-08-10 07:00:00+00:00,1.34924,1.35011,1.34924,1.35009,1737.75
1786347000,2026-08-10 07:30:00+00:00,1.35009,1.35011,1.34959,1.3496,1846.51
1786348800,2026-08-10 08:00:00+00:00,1.34962,1.35022,1.3496,1.35017,1800.84
1786350600,2026-08-10 08:30:00+00:00,1.35017,1.35055,1.34989,1.35038,1749.13
1786352400,2026-08-10 09:00:00+00:00,1.35035,1.35069,1.35001,1.35021,1746.96
1786354200,2026-08-10 09:30:00+00:00,1.35021,1.35057,1.3496,1.34964,1755.59
1786356000,2026-08-10 10:00:00+00:00,1.34942,1.34953,1.34933,1.34944,1666.68
1786357800,2026-08-10 10:30:00+00:00,1.34944,1.35017,1.34933,1.35007,1689.43
1786359600,2026-08-10 11:00:00+00:00,1.35013,1.35015,1.34967,1.3499,1745.96
1786361400,2026-08-10 11:30:00+00:00,1.3499,1.35029,1.34984,1.35009,1720.81
1786363200,2026-08-10 12:00:00+00:00,1.35006,1.35031,1.34922,1.34927,1764.19
1786365000,2026-08-10 12:30:00+00:00,1.34927,1.34968,1.34913,1.34956,1773.4
1786366800,2026-08-10 13:00:00+00:00,1.34971,1.35077,1.34955,1.34993,1710.61
1786368600,2026-08-10 13:30:00+00:00,1.34993,1.35051,1.34955,1.35048,1736.47
1786370400,2026-08-10 14:00:00+00:00,1.35053,1.35097,1.35053,1.35053,1747.52
1786372200,2026-08-10 14:30:00+00:00,1.35053,1.353,1.35053,1.35199,1743.62
1786374000,2026-08-10 15:00:00+00:00,1.35203,1.3526,1.35173,1.35252,1798.78
1786375800,2026-08-10 15:30:00+00:00,1.35252,1.35276,1.35191,1.35259,1724.59
1786377600,2026-08-10 16:00:00+00:00,1.35263,1.35269,1.35219,1.35229,1717.18
1786379400,2026-08-10 16:30:00+00:00,1.35229,1.35244,1.35146,1.3515,1731.89
1786381200,2026-08-10 17:00:00+00:00,1.35152,1.35152,1.3506,1.35068,1701.1100000000001
1786383000,2026-08-10 17:30:00+00:00,1.35068,1.35129,1.3506,1.3506,1745.9
1786384800,2026-08-10 18:00:00+00:00,1.35077,1.3511,1.35064,1.35106,1740.51
1786386600,2026-08-10 18:30:00+00:00,1.35106,1.35121,1.35077,1.35104,1775.96
1786388400,2026-08-10 19:00:00+00:00,1.35084,1.35095,1.35084,1.35086,1761.86
1786390200,2026-08-10 19:30:00+00:00,1.35086,1.35088,1.35064,1.3508,1807.28
1786392000,2026-08-10 20:00:00+00:00,1.35093,1.35102,1.35092,1.35093,1757.75
1786393800,2026-08-10 20:30:00+00:00,1.35093,1.35095,1.35066,1.3508,1724.83
1786395600,2026-08-10 21:00:00+00:00,1.35117,1.35117,1.35106,1.35115,1694.76
1786397400,2026-08-10 21:30:00+00:00,1.35115,1.35117,1.35057,1.35091,1818.73
1786399200,2026-08-10 22:00:00+00:00,1.35088,1.35097,1.35087,1.35094,1730.53
1786401000,2026-08-10 22:30:00+00:00,1.35094,1.35096,1.35071,1.35091,1709.17
1786402800,2026-08-10 23:00:00+00:00,1.35099,1.35116,1.35073,1.35113,1739.8
1786404600,2026-08-10 23:30:00+00:00,1.35113,1.35117,1.35111,1.35117,1734.23
1786406400,2026-08-11 00:00:00+00:00,1.35117,1.35136,1.35113,1.35132,1740.03
1786408200,2026-08-11 00:30:00+00:00,1.35132,1.35153,1.3512,1.35121,1711.22
1786410000,2026-08-11 01:00:00+00:00,1.35099,1.35107,1.35069,1.35096,1704.45
1786411800,2026-08-11 01:30:00+00:00,1.35096,1.35159,1.35091,1.35115,1774.82
1786413600,2026-08-11 02:00:00+00:00,1.3511,1.35117,1.35041,1.35046,1739.36
1786415400,2026-08-11 02:30:00+00:00,1.35046,1.35056,1.35033,1.35048,1822.16
1786417200,2026-08-11 03:00:00+00:00,1.35057,1.35117,1.35057,1.35077,1705.57
1786419000,2026-08-11 03:30:00+00:00,1.35077,1.35133,1.35057,1.35102,1717.11
1786420800,2026-08-11 04:00:00+00:00,1.35113,1.35131,1.35079,1.35118,1744.02
1786422600,2026-08-11 04:30:00+00:00,1.35118,1.35131,1.35107,1.35113,1705.76
1786424400,2026-08-11 05:00:00+00:00,1.35111,1.35113,1.3508,1.35097,1705.43
1786426200,2026-08-11 05:30:00+00:00,1.35097,1.35144,1.3508,1.35126,1713.02
1786428000,2026-08-11 06:00:00+00:00,1.35142,1.35157,1.35051,1.35098,1718.77
1786429800,2026-08-11 06:30:00+00:00,1.35098,1.35154,1.35033,1.35046,1747.77
1786431600,2026-08-11 07:00:00+00:00,1.35071,1.35086,1.34964,1.35001,1734.63
1786433400,2026-08-11 07:30:00+00:00,1.35001,1.35026,1.34955,1.34966,1704.43
1786435200,2026-08-11 08:00:00+00:00,1.34975,1.35088,1.34967,1.35033,1749.5
1786437000,2026-08-11 08:30:00+00:00,1.35033,1.35087,1.34981,1.3504,1805.09
1786438800,2026-08-11 09:00:00+00:00,1.35046,1.35052,1.34996,1.35039,1771.46
1786440600,2026-08-11 09:30:00+00:00,1.35039,1.35055,1.3501,1.35044,1714.02
1786442400,2026-08-11 10:00:00+00:00,1.35051,1.35051,1.34975,1.34986,1703.79
1786444200,2026-08-11 10:30:00+00:00,1.34986,1.35011,1.34975,1.34982,1761.54
1786446000,2026-08-11 11:00:00+00:00,1.34976,1.35044,1.34942,1.34946,1688.7
1786447800,2026-08-11 11:30:00+00:00,1.34946,1.34965,1.34942,1.34945,1807.1
1786449600,2026-08-11 12:00:00+00:00,1.34949,1.35001,1.34936,1.34999,1789.1499999999999
1786451400,2026-08-11 12:30:00+00:00,1.34999,1.35011,1.34974,1.35004,1763.16
1786453200,2026-08-11 13:00:00+00:00,1.35022,1.35064,1.34978,1.35059,1722.81
1786455000,2026-08-11 13:30:00+00:00,1.35059,1.35068,1.35016,1.35027,1769.12
1786456800,2026-08-11 14:00:00+00:00,1.34993,1.35095,1.34993,1.35058,1776.29
1786458600,2026-08-11 14:30:00+00:00,1.35058,1.35092,1.35013,1.35089,1759.45
1786460400,2026-08-11 15:00:00+00:00,1.35097,1.35126,1.35031,1.35121,1715.83
1786462200,2026-08-11 15:30:00+00:00,1.35121,1.35126,1.35048,1.35126,1736.27
1786464000,2026-08-11 16:00:00+00:00,1.35135,1.35135,1.35051,1.35063,1715.2
1786465800,2026-08-11 16:30:00+00:00,1.35063,1.35116,1.35048,1.35064,1689.47
1786467600,2026-08-11 17:00:00+00:00,1.35064,1.35064,1.35042,1.35047,1736.26
1786469400,2026-08-11 17:30:00+00:00,1.35047,1.35048,1.3498,1.35026,1773.55
1786471200,2026-08-11 18:00:00+00:00,1.35018,1.35038,1.34971,1.35032,1714.43
1786473000,2026-08-11 18:30:00+00:00,1.35032,1.3504,1.35015,1.35033,1788.49
1786474800,2026-08-11 19:00:00+00:00,1.35044,1.35079,1.35033,1.35078,1726.81
1786476600,2026-08-11 19:30:00+00:00,1.35078,1.35086,1.35075,1.35086,1797.76
1786478400,2026-08-11 20:00:00+00:00,1.35086,1.35088,1.35048,1.35073,1738.66
1786480200,2026-08-11 20:30:00+00:00,1.35073,1.35097,1.35057,1.35084,1801.37
1786482000,2026-08-11 21:00:00+00:00,1.35079,1.3508,1.3503,1.35035,1697.18
1786483800,2026-08-11 21:30:00+00:00,1.35035,1.35074,1.35029,1.35073,1762.48
1786485600,2026-08-11 22:00:00+00:00,1.35079,1.35106,1.35077,1.35078,1718.55
1786487400,2026-08-11 22:30:00+00:00,1.35078,1.35113,1.35077,1.35113,1747.92
1786489200,2026-08-11 23:00:00+00:00,1.351,1.35108,1.3508,1.35093,1728.35
1786491000,2026-08-11 23:30:00+00:00,1.35093,1.35111,1.35092,1.35097,1733.65
1786492800,2026-08-12 00:00:00+00:00,1.35086,1.35117,1.35086,1.35114,1770.75
1786494600,2026-08-12 00:30:00+00:00,1.35114,1.35116,1.35071,1.35079,1725.07
1786496400,2026-08-12 01:00:00+00:00,1.35079,1.35097,1.35039,1.35067,1741.65
1786498200,2026-08-12 01:30:00+00:00,1.35067,1.35097,1.35026,1.35064,1778.12
1786500000,2026-08-12 02:00:00+00:00,1.35066,1.35074,1.35024,1.35049,1726.96
1786501800,2026-08-12 02:30:00+00:00,1.35049,1.35079,1.35046,1.35069,1741.49
1786503600,2026-08-12 03:00:00+00:00,1.35077,1.3508,1.35061,1.35077,1734.54
1786505400,2026-08-12 03:30:00+00:00,1.35077,1.35082,1.35057,1.3506,1713.4
1786507200,2026-08-12 04:00:00+00:00,1.35057,1.35076,1.35033,1.35072,1716.69
1786509000,2026-08-12 04:30:00+00:00,1.35072,1.35079,1.3507,1.35075,1715.91
1786510800,2026-08-12 05:00:00+00:00,1.35071,1.35073,1.35033,1.35056,1762.51
1786512600,2026-08-12 05:30:00+00:00,1.35056,1.35073,1.35048,1.35064,1698.18
1786514400,2026-08-12 06:00:00+00:00,1.35071,1.35086,1.35059,1.35083,1796.8500000000001
1786516200,2026-08-12 06:30:00+00:00,1.35083,1.35086,1.35037,1.35086,1753.1100000000001
1786518000,2026-08-12 07:00:00+00:00,1.35099,1.35119,1.35089,1.35092,1697.35
1786519800,2026-08-12 07:30:00+00:00,1.35092,1.35101,1.3508,1.3508,1742.24
1786521600,2026-08-12 08:00:00+00:00,1.35088,1.35109,1.35075,1.35088,1782.92
1786523400,2026-08-12 08:30:00+00:00,1.35088,1.35128,1.3508,1.35106,1770.0
1786525200,2026-08-12 09:00:00+00:00,1.35122,1.35283,1.35113,1.35149,1767.2
1786527000,2026-08-12 09:30:00+00:00,1.35149,1.35285,1.35113,1.35135,1736.66
1786528800,2026-08-12 10:00:00+00:00,1.35137,1.35225,1.35137,1.35204,1790.33
1786530600,2026-08-12 10:30:00+00:00,1.35204,1.35225,1.35162,1.35168,1749.42
1786532400,2026-08-12 11:00:00+00:00,1.35141,1.35284,1.35141,1.3528,1725.73
1786534200,2026-08-12 11:30:00+00:00,1.3528,1.35285,1.35253,1.35274,1751.08
1786536000,2026-08-12 12:00:00+00:00,1.35272,1.35406,1.3513,1.35278,1738.0
1786537800,2026-08-12 12:30:00+00:00,1.35278,1.35367,1.351,1.35344,1694.44
1786539600,2026-08-12 13:00:00+00:00,1.35389,1.35392,1.35182,1.35298,1686.82
1786541400,2026-08-12 13:30:00+00:00,1.35298,1.35406,1.35181,1.35263,1727.84
1786543200,2026-08-12 14:00:00+00:00,1.35269,1.35294,1.35053,1.35091,1770.28
1786545000,2026-08-12 14:30:00+00:00,1.35091,1.35176,1.35065,1.35095,1682.75
1786546800,2026-08-12 15:00:00+00:00,1.3508,1.35115,1.3506,1.35107,1703.53
1786548600,2026-08-12 15:30:00+00:00,1.35107,1.35117,1.35024,1.351,1743.6399999999999
1786550400,2026-08-12 16:00:00+00:00,1.35097,1.35106,1.35,1.35095,1727.71
1786552200,2026-08-12 16:30:00+00:00,1.35095,1.35108,1.3496,1.34976,1739.6
1786554000,2026-08-12 17:00:00+00:00,1.34982,1.35017,1.34943,1.34984,1775.81
1786555800,2026-08-12 17:30:00+00:00,1.34984,1.3499,1.34925,1.34936,1760.8899999999999
1786557600,2026-08-12 18:00:00+00:00,1.34927,1.34957,1.34895,1.34943,1737.35
1786559400,2026-08-12 18:30:00+00:00,1.34943,1.34976,1.34884,1.34884,1767.7
1786561200,2026-08-12 19:00:00+00:00,1.34887,1.34929,1.34885,1.34912,1699.78
1786563000,2026-08-12 19:30:00+00:00,1.34912,1.3494,1.349,1.3492,1726.76
1786564800,2026-08-12 20:00:00+00:00,1.3492,1.34956,1.34905,1.34949,1674.09
1786566600,2026-08-12 20:30:00+00:00,1.34949,1.34966,1.34947,1.34964,1705.93
1786568400,2026-08-12 21:00:00+00:00,1.34911,1.34999,1.34911,1.34983,1736.71
1786570200,2026-08-12 21:30:00+00:00,1.34983,1.35013,1.34957,1.3496,1721.85
1786572000,2026-08-12 22:00:00+00:00,1.34931,1.34959,1.3492,1.34959,1723.5
1786573800,2026-08-12 22:30:00+00:00,1.34959,1.34976,1.34926,1.34962,1673.1
1786575600,2026-08-12 23:00:00+00:00,1.34966,1.34995,1.34956,1.34979,1785.53
1786577400,2026-08-12 23:30:00+00:00,1.34979,1.34981,1.34955,1.34978,1726.09
1786579200,2026-08-13 00:00:00+00:00,1.34976,1.35011,1.34962,1.34972,1710.09
1786581000,2026-08-13 00:30:00+00:00,1.34972,1.35005,1.34953,1.34976,1721.21
1786582800,2026-08-13 01:00:00+00:00,1.34982,1.34998,1.34928,1.34942,1712.05
1786584600,2026-08-13 01:30:00+00:00,1.34942,1.34989,1.34918,1.34927,1747.88
1786586400,2026-08-13 02:00:00+00:00,1.34929,1.34931,1.3488,1.34885,1710.02
1786588200,2026-08-13 02:30:00+00:00,1.34885,1.34914,1.34873,1.34889,1684.99
1786590000,2026-08-13 03:00:00+00:00,1.34889,1.34916,1.34871,1.34911,1717.09
1786591800,2026-08-13 03:30:00+00:00,1.34911,1.34916,1.34873,1.34907,1770.18
1786593600,2026-08-13 04:00:00+00:00,1.34905,1.34971,1.34883,1.34952,1728.19
1786595400,2026-08-13 04:30:00+00:00,1.34952,1.34971,1.34876,1.34971,1737.93
1786597200,2026-08-13 05:00:00+00:00,1.3496,1.34976,1.34932,1.34934,1724.66
1786599000,2026-08-13 05:30:00+00:00,1.34934,1.34955,1.34925,1.34955,1729.35
1786600800,2026-08-13 06:00:00+00:00,1.34964,1.34969,1.34828,1.34861,1753.17
1786602600,2026-08-13 06:30:00+00:00,1.34861,1.34861,1.34756,1.34829,1696.07
1786604400,2026-08-13 07:00:00+00:00,1.34822,1.34874,1.34765,1.34819,1768.72
1786606200,2026-08-13 07:30:00+00:00,1.34819,1.3484,1.34762,1.34836,1774.83
1786608000,2026-08-13 08:00:00+00:00,1.34831,1.34833,1.3482,1.34828,1737.97
1786609800,2026-08-13 08:30:00+00:00,1.34828,1.34833,1.34785,1.34793,1722.05
1786611600,2026-08-13 09:00:00+00:00,1.34782,1.34803,1.3476,1.34786,1707.28
1786613400,2026-08-13 09:30:00+00:00,1.34786,1.34913,1.34779,1.34913,1730.97
1786615200,2026-08-13 10:00:00+00:00,1.34922,1.35,1.34922,1.34991,1778.94
1786617000,2026-08-13 10:30:00+00:00,1.34991,1.35013,1.34895,1.34909,1754.92
1786618800,2026-08-13 11:00:00+00:00,1.34905,1.34926,1.34884,1.3491,1729.52
1786620600,2026-08-13 11:30:00+00:00,1.3491,1.34966,1.34893,1.34924,1737.86
1786622400,2026-08-13 12:00:00+00:00,1.34924,1.34938,1.34851,1.34924,1739.27
1786624200,2026-08-13 12:30:00+00:00,1.34924,1.35093,1.34912,1.35093,1766.42
1786626000,2026-08-13 13:00:00+00:00,1.35106,1.35106,1.3498,1.34998,1684.72
1786627800,2026-08-13 13:30:00+00:00,1.34998,1.35076,1.34993,1.34996,1731.44
1786629600,2026-08-13 14:00:00+00:00,1.35015,1.35079,1.34991,1.35075,1773.96
1786631400,2026-08-13 14:30:00+00:00,1.35075,1.35122,1.35061,1.35077,1707.85
1786633200,2026-08-13 15:00:00+00:00,1.35075,1.35093,1.35028,1.35062,1738.76
1786635000,2026-08-13 15:30:00+00:00,1.35062,1.35089,1.34955,1.34956,1687.56
1786636800,2026-08-13 16:00:00+00:00,1.34964,1.34964,1.34834,1.34846,1762.4099999999999
1786638600,2026-08-13 16:30:00+00:00,1.34846,1.34923,1.34838,1.34858,1718.97
1786640400,2026-08-13 17:00:00+00:00,1.34869,1.34884,1.34831,1.34857,1678.47
1786642200,2026-08-13 17:30:00+00:00,1.34857,1.34895,1.34802,1.34827,1713.53
1786644000,2026-08-13 18:00:00+00:00,1.34827,1.34831,1.34807,1.34812,1729.21
1786645800,2026-08-13 18:30:00+00:00,1.34812,1.34878,1.3481,1.34844,1789.16
1786647600,2026-08-13 19:00:00+00:00,1.34851,1.34874,1.34836,1.34869,1709.82
1786649400,2026-08-13 19:30:00+00:00,1.34869,1.34884,1.34858,1.34873,1776.69
1786651200,2026-08-13 20:00:00+00:00,1.34874,1.3488,1.34842,1.34874,1721.35
1786653000,2026-08-13 20:30:00+00:00,1.34874,1.34884,1.34849,1.34869,1723.42
1786654800,2026-08-13 21:00:00+00:00,1.34918,1.34918,1.34879,1.34891,1845.49
1786656600,2026-08-13 21:30:00+00:00,1.34891,1.34915,1.34842,1.3486,1779.8
1786658400,2026-08-13 22:00:00+00:00,1.34869,1.34877,1.34858,1.34861,1774.05
1786660200,2026-08-13 22:30:00+00:00,1.34861,1.34891,1.3486,1.34887,1742.67
1786662000,2026-08-13 23:00:00+00:00,1.34893,1.349,1.34884,1.349,1772.66
1786663800,2026-08-13 23:30:00+00:00,1.349,1.34913,1.34895,1.34907,1758.73
1786665600,2026-08-14 00:00:00+00:00,1.34904,1.34948,1.34904,1.34945,1788.37
1786667400,2026-08-14 00:30:00+00:00,1.34945,1.34987,1.34904,1.34987,1745.42
1786669200,2026-08-14 01:00:00+00:00,1.3498,1.3498,1.34921,1.3494,1727.42
1786671000,2026-08-14 01:30:00+00:00,1.3494,1.34978,1.349,1.349,1725.6599999999999
1786672800,2026-08-14 02:00:00+00:00,1.34913,1.34945,1.34896,1.34928,1731.29
1786674600,2026-08-14 02:30:00+00:00,1.34928,1.34928,1.34896,1.34898,1747.75
1786676400,2026-08-14 03:00:00+00:00,1.349,1.34976,1.34891,1.34973,1758.42
1786678200,2026-08-14 03:30:00+00:00,1.34973,1.34978,1.34953,1.34956,1712.99
1786680000,2026-08-14 04:00:00+00:00,1.34951,1.3498,1.34951,1.34978,1747.36
1786681800,2026-08-14 04:30:00+00:00,1.34978,1.34995,1.34955,1.3498,1725.24
1786683600,2026-08-14 05:00:00+00:00,1.34976,1.34997,1.34975,1.34995,1782.6
1786685400,2026-08-14 05:30:00+00:00,1.34995,1.35009,1.34989,1.35,1801.06
1786687200,2026-08-14 06:00:00+00:00,1.35024,1.35046,1.34997,1.35042,1795.3
1786689000,2026-08-14 06:30:00+00:00,1.35042,1.35046,1.34991,1.35044,1759.32
1786690800,2026-08-14 07:00:00+00:00,1.35044,1.35129,1.35042,1.35095,1731.96
1786692600,2026-08-14 07:30:00+00:00,1.35095,1.35137,1.35031,1.35131,1754.66
1786694400,2026-08-14 08:00:00+00:00,1.35155,1.35261,1.35155,1.35253,1732.78
1786696200,2026-08-14 08:30:00+00:00,1.35253,1.35267,1.35232,1.35237,1721.94
1786698000,2026-08-14 09:00:00+00:00,1.35234,1.35254,1.35205,1.35248,1756.3799999999999
1786699800,2026-08-14 09:30:00+00:00,1.35248,1.35254,1.35242,1.35247,1736.44
1786701600,2026-08-14 10:00:00+00:00,1.35241,1.35298,1.35241,1.35283,1688.55
1786703400,2026-08-14 10:30:00+00:00,1.35283,1.35286,1.35254,1.35281,1773.38
1786705200,2026-08-14 11:00:00+00:00,1.3528,1.3541,1.3528,1.35406,1775.15
1786707000,2026-08-14 11:30:00+00:00,1.35406,1.35424,1.35337,1.35358,1731.5
1786708800,2026-08-14 12:00:00+00:00,1.35353,1.35383,1.35353,1.35379,1712.53
1786710600,2026-08-14 12:30:00+00:00,1.35379,1.35498,1.35353,1.35406,1700.3899999999999
1786712400,2026-08-14 13:00:00+00:00,1.3538,1.35604,1.35356,1.35515,1715.85
1786714200,2026-08-14 13:30:00+00:00,1.35515,1.35578,1.35377,1.35536,1715.1
1786716000,2026-08-14 14:00:00+00:00,1.35573,1.35615,1.35466,1.35467,1709.93
1786717800,2026-08-14 14:30:00+00:00,1.35467,1.35509,1.35466,1.35483,1753.25
1786719600,2026-08-14 15:00:00+00:00,1.35415,1.35561,1.35415,1.35552,1746.52
1786721400,2026-08-14 15:30:00+00:00,1.35552,1.35573,1.35515,1.35545,1733.46
1786723200,2026-08-14 16:00:00+00:00,1.35556,1.35569,1.35416,1.35419,1777.25
1786725000,2026-08-14 16:30:00+00:00,1.35419,1.35469,1.35388,1.35393,1774.7
1786726800,2026-08-14 17:00:00+00:00,1.35397,1.35397,1.35364,1.35391,1735.54
1786728600,2026-08-14 17:30:00+00:00,1.35391,1.35395,1.3528,1.35323,1757.91
1786730400,2026-08-14 18:00:00+00:00,1.35323,1.35341,1.35305,1.35339,1755.85
1786732200,2026-08-14 18:30:00+00:00,1.35339,1.35362,1.35313,1.35333,1737.6
1786734000,2026-08-14 19:00:00+00:00,1.35336,1.35377,1.35333,1.35348,1794.75
1786735800,2026-08-14 19:30:00+00:00,1.35348,1.35377,1.35335,1.35336,1757.81
1786737600,2026-08-14 20:00:00+00:00,1.35342,1.35364,1.35334,1.3536,1747.85
1786739400,2026-08-14 20:30:00+00:00,1.3536,1.35367,1.35353,1.35355,1715.65
1786741200,2026-08-14 21:00:00+00:00,1.35358,1.35358,1.35358,1.35358,1712.25
1786743000,2026-08-14 21:30:00+00:00,1.35358,1.35358,1.35358,1.35358,1778.84
1786921200,2026-08-16 23:00:00+00:00,1.35435,1.35477,1.35433,1.35466,1719.8
1786923000,2026-08-16 23:30:00+00:00,1.35466,1.35477,1.35453,1.35468,1687.77
1786924800,2026-08-17 00:00:00+00:00,1.35488,1.35537,1.35488,1.35531,1705.56
1786926600,2026-08-17 00:30:00+00:00,1.35531,1.35564,1.3553,1.35564,1749.59
1786928400,2026-08-17 01:00:00+00:00,1.35556,1.35558,1.35514,1.35549,1746.04
1786930200,2026-08-17 01:30:00+00:00,1.35549,1.35566,1.35528,1.35558,1745.41
1786932000,2026-08-17 02:00:00+00:00,1.35562,1.35562,1.35513,1.35514,1721.36
1786933800,2026-08-17 02:30:00+00:00,1.35514,1.35553,1.35505,1.35505,1790.07
1786935600,2026-08-17 03:00:00+00:00,1.35472,1.35523,1.35472,1.35514,1720.48
1786937400,2026-08-17 03:30:00+00:00,1.35514,1.35523,1.35511,1.35523,1770.68
1786939200,2026-08-17 04:00:00+00:00,1.35514,1.35566,1.35514,1.35515,1699.25
1786941000,2026-08-17 04:30:00+00:00,1.35515,1.35561,1.35514,1.35516,1764.1399999999999
1786942800,2026-08-17 05:00:00+00:00,1.35523,1.35533,1.35506,1.35511,1697.18
1786944600,2026-08-17 05:30:00+00:00,1.35511,1.35588,1.35503,1.35542,1771.6
1786946400,2026-08-17 06:00:00+00:00,1.35555,1.35599,1.35512,1.35595,1644.37
1786948200,2026-08-17 06:30:00+00:00,1.35595,1.35599,1.35548,1.35588,1689.91
1786950000,2026-08-17 07:00:00+00:00,1.35579,1.35715,1.35564,1.35587,1704.97
1786951800,2026-08-17 07:30:00+00:00,1.35587,1.35708,1.35562,1.3563,1752.45
1786953600,2026-08-17 08:00:00+00:00,1.35711,1.35711,1.35503,1.35548,1691.95
1786955400,2026-08-17 08:30:00+00:00,1.35548,1.35561,1.35519,1.35544,1729.52
1786957200,2026-08-17 09:00:00+00:00,1.35542,1.35596,1.35525,1.35593,1699.68
1786959000,2026-08-17 09:30:00+00:00,1.35593,1.35621,1.35585,1.35591,1696.94
1786960800,2026-08-17 10:00:00+00:00,1.35577,1.35616,1.35558,1.35604,1734.2
1786962600,2026-08-17 10:30:00+00:00,1.35604,1.35637,1.35566,1.35567,1658.6299999999999
1786964400,2026-08-17 11:00:00+00:00,1.35571,1.35608,1.35531,1.35602,1753.98
1786966200,2026-08-17 11:30:00+00:00,1.35602,1.35606,1.35564,1.35569,1753.14
1786968000,2026-08-17 12:00:00+00:00,1.35567,1.35608,1.35533,1.35561,1699.26
1786969800,2026-08-17 12:30:00+00:00,1.35561,1.35621,1.35555,1.35613,1707.49
1786971600,2026-08-17 13:00:00+00:00,1.35623,1.35659,1.35531,1.35566,1762.74
1786973400,2026-08-17 13:30:00+00:00,1.35566,1.35623,1.35523,1.35604,1794.36
1786975200,2026-08-17 14:00:00+00:00,1.35606,1.35609,1.35522,1.35546,1766.9
1786977000,2026-08-17 14:30:00+00:00,1.35546,1.35691,1.35522,1.35527,1639.5
1786978800,2026-08-17 15:00:00+00:00,1.35512,1.35624,1.35512,1.35606,1694.37
1786980600,2026-08-17 15:30:00+00:00,1.35606,1.35624,1.35583,1.35624,1756.3799999999999
1786982400,2026-08-17 16:00:00+00:00,1.35645,1.35645,1.35584,1.356,1724.1299999999999
1786984200,2026-08-17 16:30:00+00:00,1.356,1.35601,1.35584,1.35593,1763.64
1786986000,2026-08-17 17:00:00+00:00,1.35597,1.35602,1.3546,1.35487,1706.38
1786987800,2026-08-17 17:30:00+00:00,1.35487,1.35496,1.35452,1.35452,1722.94
1786989600,2026-08-17 18:00:00+00:00,1.35446,1.35454,1.35414,1.35423,1773.6
1786991400,2026-08-17 18:30:00+00:00,1.35423,1.35432,1.35373,1.35382,1792.93
1786993200,2026-08-17 19:00:00+00:00,1.35382,1.35419,1.35373,1.35373,1731.2
1786995000,2026-08-17 19:30:00+00:00,1.35373,1.35452,1.35373,1.35439,1760.63
1786996800,2026-08-17 20:00:00+00:00,1.35452,1.35452,1.3541,1.35426,1764.02
1786998600,2026-08-17 20:30:00+00:00,1.35426,1.35452,1.35425,1.35439,1708.13
1787000400,2026-08-17 21:00:00+00:00,1.35494,1.35525,1.35474,1.35483,1763.06
1787002200,2026-08-17 21:30:00+00:00,1.35483,1.35495,1.35419,1.35419,1736.89
1787004000,2026-08-17 22:00:00+00:00,1.3545,1.35455,1.35442,1.35451,1740.4
1787005800,2026-08-17 22:30:00+00:00,1.35451,1.35455,1.35432,1.35441,1734.93
1787007600,2026-08-17 23:00:00+00:00,1.35443,1.35459,1.35443,1.3545,1710.24
1787009400,2026-08-17 23:30:00+00:00,1.3545,1.35522,1.35443,1.35507,1683.43
1787011200,2026-08-18 00:00:00+00:00,1.35511,1.35544,1.35457,1.3551,1723.8600000000001
1787013000,2026-08-18 00:30:00+00:00,1.3551,1.35542,1.35483,1.35509,1766.49
1787014800,2026-08-18 01:00:00+00:00,1.355,1.35534,1.35467,1.3547,1694.26
1787016600,2026-08-18 01:30:00+00:00,1.3547,1.35487,1.35465,1.35466,1712.44
1787018400,2026-08-18 02:00:00+00:00,1.35465,1.35468,1.35404,1.35467,1828.01
1787020200,2026-08-18 02:30:00+00:00,1.35467,1.35468,1.35463,1.35466,1711.91
1787022000,2026-08-18 03:00:00+00:00,1.35457,1.35457,1.35428,1.3544,1770.83
1787023800,2026-08-18 03:30:00+00:00,1.3544,1.35457,1.35347,1.35356,1795.31
1787025600,2026-08-18 04:00:00+00:00,1.35366,1.35379,1.35314,1.35361,1692.34
1787027400,2026-08-18 04:30:00+00:00,1.35361,1.35386,1.35337,1.35356,1818.44
1787029200,2026-08-18 05:00:00+00:00,1.35353,1.35353,1.3534,1.35346,1748.27
1787031000,2026-08-18 05:30:00+00:00,1.35346,1.35393,1.35343,1.35366,1731.31
1787032800,2026-08-18 06:00:00+00:00,1.35369,1.35369,1.35328,1.35334,1710.77
1787034600,2026-08-18 06:30:00+00:00,1.35334,1.35338,1.3523,1.3527,1747.83
1787036400,2026-08-18 07:00:00+00:00,1.3528,1.35305,1.35208,1.35298,1752.94
1787038200,2026-08-18 07:30:00+00:00,1.35298,1.35305,1.3529,1.35294,1758.55
1787040000,2026-08-18 08:00:00+00:00,1.35276,1.35336,1.35243,1.35323,1817.43
1787041800,2026-08-18 08:30:00+00:00,1.35323,1.35342,1.3531,1.35329,1737.43
1787043600,2026-08-18 09:00:00+00:00,1.35316,1.35338,1.35276,1.35335,1683.57
1787045400,2026-08-18 09:30:00+00:00,1.35335,1.35337,1.35281,1.35323,1775.96
1787047200,2026-08-18 10:00:00+00:00,1.3532,1.3532,1.35271,1.3532,1652.69
1787049000,2026-08-18 10:30:00+00:00,1.3532,1.3532,1.35248,1.35274,1724.97
1787050800,2026-08-18 11:00:00+00:00,1.35263,1.35278,1.35262,1.35274,1721.33
1787052600,2026-08-18 11:30:00+00:00,1.35274,1.35278,1.3521,1.35278,1774.19
1787054400,2026-08-18 12:00:00+00:00,1.35272,1.35336,1.35248,1.3533,1770.19
1787056200,2026-08-18 12:30:00+00:00,1.3533,1.3534,1.35269,1.35322,1791.96
1787058000,2026-08-18 13:00:00+00:00,1.35336,1.35425,1.35323,1.35371,1728.29
1787059800,2026-08-18 13:30:00+00:00,1.35371,1.35437,1.35325,1.35413,1797.84
1787061600,2026-08-18 14:00:00+00:00,1.35424,1.35509,1.35415,1.35427,1703.43
1787063400,2026-08-18 14:30:00+00:00,1.35427,1.35496,1.35406,1.35433,1731.11
1787065200,2026-08-18 15:00:00+00:00,1.3543,1.35446,1.35369,1.35401,1712.65
1787067000,2026-08-18 15:30:00+00:00,1.35401,1.35481,1.35369,1.35432,1744.19
1787068800,2026-08-18 16:00:00+00:00,1.35446,1.3547,1.35411,1.35419,1799.4
1787070600,2026-08-18 16:30:00+00:00,1.35419,1.35426,1.35411,1.35411,1748.95
1787072400,2026-08-18 17:00:00+00:00,1.35411,1.35411,1.3537,1.35401,1691.15
1787074200,2026-08-18 17:30:00+00:00,1.35401,1.35411,1.35323,1.35353,1780.03
1787076000,2026-08-18 18:00:00+00:00,1.35344,1.35358,1.35329,1.35337,1764.4
1787077800,2026-08-18 18:30:00+00:00,1.35337,1.35384,1.35333,1.35345,1775.65
1787079600,2026-08-18 19:00:00+00:00,1.35344,1.35399,1.35323,1.35325,1685.19
1787081400,2026-08-18 19:30:00+00:00,1.35325,1.35336,1.35323,1.35329,1742.5
1787083200,2026-08-18 20:00:00+00:00,1.35322,1.35329,1.35302,1.35302,1771.1100000000001
1787085000,2026-08-18 20:30:00+00:00,1.35302,1.35329,1.35292,1.35329,1799.69
1787086800,2026-08-18 21:00:00+00:00,1.3538,1.35384,1.3531,1.35373,1714.24
1787088600,2026-08-18 21:30:00+00:00,1.35373,1.35384,1.35303,1.35356,1734.6
1787090400,2026-08-18 22:00:00+00:00,1.35318,1.35347,1.35307,1.35329,1752.1
1787092200,2026-08-18 22:30:00+00:00,1.35329,1.35347,1.35318,1.35344,1763.91
1787094000,2026-08-18 23:00:00+00:00,1.35347,1.35366,1.35323,1.35366,1728.37
1787095800,2026-08-18 23:30:00+00:00,1.35366,1.35366,1.35341,1.35364,1748.05
1787097600,2026-08-19 00:00:00+00:00,1.35417,1.35417,1.35294,1.35314,1734.35
1787099400,2026-08-19 00:30:00+00:00,1.35314,1.35319,1.35294,1.35302,1737.04
1787101200,2026-08-19 01:00:00+00:00,1.35296,1.35297,1.35239,1.35261,1713.68
1787103000,2026-08-19 01:30:00+00:00,1.35261,1.35311,1.35239,1.35305,1750.01
1787104800,2026-08-19 02:00:00+00:00,1.35313,1.35371,1.35309,1.35341,1728.6
1787106600,2026-08-19 02:30:00+00:00,1.35341,1.35432,1.35309,1.35402,1733.31
1787108400,2026-08-19 03:00:00+00:00,1.35402,1.35415,1.35379,1.3538,1742.69
1787110200,2026-08-19 03:30:00+00:00,1.3538,1.35408,1.35377,1.35377,1685.42
1787112000,2026-08-19 04:00:00+00:00,1.35384,1.35411,1.35371,1.35409,1734.8400000000001
1787113800,2026-08-19 04:30:00+00:00,1.35409,1.35424,1.35407,1.35421,1802.48
1787115600,2026-08-19 05:00:00+00:00,1.3543,1.35452,1.35414,1.35449,1713.16
1787117400,2026-08-19 05:30:00+00:00,1.35449,1.3545,1.354,1.35443,1762.57
1787119200,2026-08-19 06:00:00+00:00,1.35435,1.35555,1.35435,1.35548,1759.73
1787121000,2026-08-19 06:30:00+00:00,1.35548,1.35569,1.35489,1.35514,1738.76
1787122800,2026-08-19 07:00:00+00:00,1.35522,1.35549,1.35461,1.3552,1680.69
1787124600,2026-08-19 07:30:00+00:00,1.3552,1.35566,1.35512,1.35566,1738.55
1787126400,2026-08-19 08:00:00+00:00,1.35556,1.35656,1.35541,1.35545,1750.98
1787128200,2026-08-19 08:30:00+00:00,1.35545,1.35581,1.35534,1.35536,1662.06
1787130000,2026-08-19 09:00:00+00:00,1.35518,1.35542,1.35507,1.35538,1804.55
1787131800,2026-08-19 09:30:00+00:00,1.35538,1.35593,1.35509,1.35586,1757.39
1787133600,2026-08-19 10:00:00+00:00,1.3558,1.35648,1.35576,1.35598,1761.8
1787135400,2026-08-19 10:30:00+00:00,1.35598,1.35604,1.35562,1.35567,1703.1
1787137200,2026-08-19 11:00:00+00:00,1.35586,1.35604,1.35559,1.35577,1803.0
1787139000,2026-08-19 11:30:00+00:00,1.35577,1.35582,1.35487,1.35536,1813.76
1787140800,2026-08-19 12:00:00+00:00,1.35545,1.36021,1.35534,1.35881,1791.46
1787142600,2026-08-19 12:30:00+00:00,1.35881,1.35988,1.35534,1.35962,1762.1
1787144400,2026-08-19 13:00:00+00:00,1.36006,1.36234,1.36004,1.36035,1769.58
1787146200,2026-08-19 13:30:00+00:00,1.36035,1.3619,1.35999,1.36182,1689.52
1787148000,2026-08-19 14:00:00+00:00,1.36184,1.36294,1.36106,1.3612,1703.57
1787149800,2026-08-19 14:30:00+00:00,1.3612,1.36132,1.36082,1.36088,1703.69
1787151600,2026-08-19 15:00:00+00:00,1.36103,1.36124,1.36029,1.36103,1728.48
1787153400,2026-08-19 15:30:00+00:00,1.36103,1.36136,1.36063,1.36067,1751.31
1787155200,2026-08-19 16:00:00+00:00,1.36077,1.36124,1.36054,1.36085,1727.18
1787157000,2026-08-19 16:30:00+00:00,1.36085,1.36153,1.36054,1.36106,1758.17
1787158800,2026-08-19 17:00:00+00:00,1.36127,1.36164,1.3591,1.35935,1753.77
1787160600,2026-08-19 17:30:00+00:00,1.35935,1.36102,1.3591,1.35916,1747.93
1787162400,2026-08-19 18:00:00+00:00,1.35934,1.36033,1.35908,1.36023,1755.98
1787164200,2026-08-19 18:30:00+00:00,1.36023,1.36095,1.35973,1.36077,1725.23
1787166000,2026-08-19 19:00:00+00:00,1.36093,1.36119,1.36041,1.36077,1748.94
1787167800,2026-08-19 19:30:00+00:00,1.36077,1.36099,1.36041,1.36082,1770.02
1787169600,2026-08-19 20:00:00+00:00,1.36073,1.36101,1.36029,1.36075,1712.76
1787171400,2026-08-19 20:30:00+00:00,1.36075,1.36087,1.36029,1.36058,1718.09
1787173200,2026-08-19 21:00:00+00:00,1.36078,1.36107,1.36036,1.36057,1742.61
1787175000,2026-08-19 21:30:00+00:00,1.36057,1.3611,1.36054,1.3608,1755.02
1787176800,2026-08-19 22:00:00+00:00,1.36082,1.36103,1.36059,1.36063,1774.63
1787178600,2026-08-19 22:30:00+00:00,1.36063,1.36065,1.36047,1.36053,1713.72
1787180400,2026-08-19 23:00:00+00:00,1.36027,1.36069,1.36026,1.36066,1732.99
1787182200,2026-08-19 23:30:00+00:00,1.36066,1.36071,1.35992,1.36008,1723.14
1787184000,2026-08-20 00:00:00+00:00,1.36029,1.36073,1.36026,1.36044,1760.42
1787185800,2026-08-20 00:30:00+00:00,1.36044,1.36064,1.35984,1.36003,1726.72
1787187600,2026-08-20 01:00:00+00:00,1.36001,1.36076,1.35949,1.36044,1779.45
1787189400,2026-08-20 01:30:00+00:00,1.36044,1.36082,1.35992,1.36082,1729.85
1787191200,2026-08-20 02:00:00+00:00,1.36075,1.3611,1.36034,1.3609,1761.4
1787193000,2026-08-20 02:30:00+00:00,1.3609,1.36143,1.36051,1.36054,1762.35
1787194800,2026-08-20 03:00:00+00:00,1.36066,1.361,1.36061,1.36089,1686.86
1787196600,2026-08-20 03:30:00+00:00,1.36089,1.36147,1.3606,1.36143,1772.97
1787198400,2026-08-20 04:00:00+00:00,1.36136,1.36156,1.36095,1.36148,1668.15
1787200200,2026-08-20 04:30:00+00:00,1.36148,1.36164,1.36075,1.36077,1757.9
1787202000,2026-08-20 05:00:00+00:00,1.36084,1.36101,1.3604,1.36052,1726.99
1787203800,2026-08-20 05:30:00+00:00,1.36052,1.36071,1.36006,1.36053,1725.92
1787205600,2026-08-20 06:00:00+00:00,1.36054,1.36179,1.36038,1.36173,1702.5
1787207400,2026-08-20 06:30:00+00:00,1.36173,1.36179,1.36118,1.36179,1713.7
1787209200,2026-08-20 07:00:00+00:00,1.36143,1.36203,1.36095,1.362,1702.74
1787211000,2026-08-20 07:30:00+00:00,1.362,1.3631,1.36161,1.36253,1756.29
1787212800,2026-08-20 08:00:00+00:00,1.36245,1.36363,1.36245,1.36343,1689.47
1787214600,2026-08-20 08:30:00+00:00,1.36343,1.36375,1.36281,1.36361,1746.44
1787216400,2026-08-20 09:00:00+00:00,1.36364,1.36419,1.36334,1.36376,1694.82
1787218200,2026-08-20 09:30:00+00:00,1.36376,1.36482,1.36329,1.36482,1712.75
1787220000,2026-08-20 10:00:00+00:00,1.36442,1.36591,1.36413,1.36413,1737.06
1787221800,2026-08-20 10:30:00+00:00,1.36413,1.3655,1.36413,1.3645,1767.1100000000001
1787223600,2026-08-20 11:00:00+00:00,1.36439,1.36439,1.36323,1.36348,1764.69
1787225400,2026-08-20 11:30:00+00:00,1.36348,1.3641,1.36307,1.36323,1774.81
1787227200,2026-08-20 12:00:00+00:00,1.36325,1.36422,1.36231,1.36404,1662.91
1787229000,2026-08-20 12:30:00+00:00,1.36404,1.36454,1.36389,1.36428,1741.9
1787230800,2026-08-20 13:00:00+00:00,1.36472,1.36521,1.36417,1.36446,1747.91
1787232600,2026-08-20 13:30:00+00:00,1.36446,1.36464,1.36342,1.36344,1747.36
1787234400,2026-08-20 14:00:00+00:00,1.36368,1.36382,1.3629,1.36351,1695.37
1787236200,2026-08-20 14:30:00+00:00,1.36351,1.3639,1.36322,1.36323,1743.7
1787238000,2026-08-20 15:00:00+00:00,1.36333,1.36369,1.36294,1.3632,1773.38
1787239800,2026-08-20 15:30:00+00:00,1.3632,1.36474,1.36314,1.36374,1720.01
1787241600,2026-08-20 16:00:00+00:00,1.36361,1.36366,1.36303,1.36342,1726.22
1787243400,2026-08-20 16:30:00+00:00,1.36342,1.36349,1.36251,1.36308,1723.44
1787245200,2026-08-20 17:00:00+00:00,1.36312,1.36314,1.36275,1.36293,1805.78
1787247000,2026-08-20 17:30:00+00:00,1.36293,1.36296,1.36242,1.36281,1729.93
1787248800,2026-08-20 18:00:00+00:00,1.36282,1.36282,1.36212,1.36263,1791.33
1787250600,2026-08-20 18:30:00+00:00,1.36263,1.36282,1.36235,1.36281,1752.3700000000001
1787252400,2026-08-20 19:00:00+00:00,1.36273,1.36299,1.36269,1.36271,1717.0
1787254200,2026-08-20 19:30:00+00:00,1.36271,1.3631,1.36266,1.36286,1782.77
1787256000,2026-08-20 20:00:00+00:00,1.36301,1.36328,1.36288,1.36301,1728.25
1787257800,2026-08-20 20:30:00+00:00,1.36301,1.36333,1.36282,1.36308,1833.54
1787259600,2026-08-20 21:00:00+00:00,1.3631,1.36336,1.36268,1.36327,1738.15
1787261400,2026-08-20 21:30:00+00:00,1.36327,1.36336,1.36269,1.3631,1772.02
1787263200,2026-08-20 22:00:00+00:00,1.36323,1.36355,1.36323,1.36355,1767.21
1787265000,2026-08-20 22:30:00+00:00,1.36355,1.36374,1.36349,1.36361,1760.2
1787266800,2026-08-20 23:00:00+00:00,1.36372,1.36422,1.36372,1.36418,1716.86
1787268600,2026-08-20 23:30:00+00:00,1.36418,1.36439,1.36416,1.36433,1726.69
1787270400,2026-08-21 00:00:00+00:00,1.36437,1.36472,1.36404,1.36472,1809.1399999999999
1787272200,2026-08-21 00:30:00+00:00,1.36472,1.36472,1.36383,1.36383,1758.83
1787274000,2026-08-21 01:00:00+00:00,1.36392,1.36451,1.36374,1.36439,1737.44
1787275800,2026-08-21 01:30:00+00:00,1.36439,1.365,1.36397,1.36452,1811.32
1787277600,2026-08-21 02:00:00+00:00,1.36457,1.36554,1.36414,1.3654,1744.69
1787279400,2026-08-21 02:30:00+00:00,1.3654,1.36554,1.36478,1.36491,1687.62
1787281200,2026-08-21 03:00:00+00:00,1.36487,1.36515,1.36467,1.36496,1686.75
1787283000,2026-08-21 03:30:00+00:00,1.36496,1.36497,1.36439,1.36459,1689.94
1787284800,2026-08-21 04:00:00+00:00,1.36452,1.36465,1.3645,1.36461,1720.68
1787286600,2026-08-21 04:30:00+00:00,1.36461,1.36464,1.36398,1.36439,1691.77
1787288400,2026-08-21 05:00:00+00:00,1.36424,1.36483,1.36414,1.36476,1716.73
1787290200,2026-08-21 05:30:00+00:00,1.36476,1.3653,1.36464,1.36526,1701.85
1787292000,2026-08-21 06:00:00+00:00,1.36504,1.36506,1.36422,1.36505,1793.08
1787293800,2026-08-21 06:30:00+00:00,1.36505,1.36506,1.36498,1.365,1749.02
1787295600,2026-08-21 07:00:00+00:00,1.36508,1.36509,1.36392,1.36398,1711.61
1787297400,2026-08-21 07:30:00+00:00,1.36398,1.36532,1.36396,1.36416,1704.66
1787299200,2026-08-21 08:00:00+00:00,1.36428,1.36523,1.36359,1.36515,1746.66
1787301000,2026-08-21 08:30:00+00:00,1.36515,1.36655,1.36513,1.36655,1749.8
1787302800,2026-08-21 09:00:00+00:00,1.36638,1.36754,1.36554,1.36561,1741.52
1787304600,2026-08-21 09:30:00+00:00,1.36561,1.36591,1.36554,1.36554,1743.92
1787306400,2026-08-21 10:00:00+00:00,1.36539,1.36592,1.3647,1.3647,1733.17
1787308200,2026-08-21 10:30:00+00:00,1.3647,1.36661,1.3647,1.36498,1780.83
1787310000,2026-08-21 11:00:00+00:00,1.36493,1.3657,1.3648,1.36556,1694.41
1787311800,2026-08-21 11:30:00+00:00,1.36556,1.36633,1.36513,1.36577,1740.78
1787313600,2026-08-21 12:00:00+00:00,1.36584,1.36601,1.36432,1.36576,1769.24
1787315400,2026-08-21 12:30:00+00:00,1.36576,1.36584,1.36364,1.36439,1741.32
1787317200,2026-08-21 13:00:00+00:00,1.36461,1.36463,1.36351,1.36398,1706.04
1787319000,2026-08-21 13:30:00+00:00,1.36398,1.36463,1.36392,1.3645,1709.7
1787320800,2026-08-21 14:00:00+00:00,1.36414,1.36441,1.36221,1.36304,1774.95
1787322600,2026-08-21 14:30:00+00:00,1.36304,1.36323,1.36192,1.36245,1712.57
1787324400,2026-08-21 15:00:00+00:00,1.36253,1.36408,1.36236,1.36386,1749.54
1787326200,2026-08-21 15:30:00+00:00,1.36386,1.36424,1.36366,1.36424,1731.91
1787328000,2026-08-21 16:00:00+00:00,1.36431,1.36446,1.36413,1.36433,1696.36
1787329800,2026-08-21 16:30:00+00:00,1.36433,1.36439,1.36372,1.36428,1699.73
1787331600,2026-08-21 17:00:00+00:00,1.36418,1.36495,1.36416,1.36445,1755.57
1787333400,2026-08-21 17:30:00+00:00,1.36445,1.36493,1.36403,1.36489,1785.98
1787335200,2026-08-21 18:00:00+00:00,1.36498,1.36518,1.36495,1.36509,1765.0900000000001
1787337000,2026-08-21 18:30:00+00:00,1.36509,1.36545,1.36506,1.36521,1675.41
1787338800,2026-08-21 19:00:00+00:00,1.36526,1.36526,1.36503,1.36517,1717.97
1787340600,2026-08-21 19:30:00+00:00,1.36517,1.36526,1.36465,1.36476,1749.16
1787342400,2026-08-21 20:00:00+00:00,1.36467,1.36485,1.3642,1.36475,1730.33
1787344200,2026-08-21 20:30:00+00:00,1.36475,1.36491,1.36457,1.36463,1686.59
1787346000,2026-08-21 21:00:00+00:00,1.3648,1.3648,1.3648,1.3648,1689.97
1787347800,2026-08-21 21:30:00+00:00,1.3648,1.3648,1.3648,1.3648,1729.43
1787526000,2026-08-23 23:00:00+00:00,1.36435,1.36471,1.36435,1.36469,1781.31
1787527800,2026-08-23 23:30:00+00:00,1.36469,1.36545,1.36464,1.36545,1711.72
1787529600,2026-08-24 00:00:00+00:00,1.36547,1.36556,1.36501,1.36516,1756.6100000000001
1787531400,2026-08-24 00:30:00+00:00,1.36516,1.36564,1.365,1.36554,1722.16
1787533200,2026-08-24 01:00:00+00:00,1.36558,1.36558,1.36481,1.36507,1727.85
1787535000,2026-08-24 01:30:00+00:00,1.36507,1.36517,1.36426,1.36487,1698.26
1787536800,2026-08-24 02:00:00+00:00,1.36467,1.36522,1.36467,1.36499,1728.1599999999999
1787538600,2026-08-24 02:30:00+00:00,1.36499,1.36511,1.3649,1.365,1742.01
1787540400,2026-08-24 03:00:00+00:00,1.36506,1.36506,1.36489,1.36497,1764.78
1787542200,2026-08-24 03:30:00+00:00,1.36497,1.36506,1.36442,1.36459,1768.31
1787544000,2026-08-24 04:00:00+00:00,1.36457,1.36474,1.36426,1.3647,1778.58
1787545800,2026-08-24 04:30:00+00:00,1.3647,1.36474,1.3645,1.36474,1704.54
1787547600,2026-08-24 05:00:00+00:00,1.36474,1.36474,1.36443,1.36463,1688.74
1787549400,2026-08-24 05:30:00+00:00,1.36463,1.36467,1.36401,1.36444,1744.26
1787551200,2026-08-24 06:00:00+00:00,1.36452,1.36467,1.36392,1.36451,1763.21
1787553000,2026-08-24 06:30:00+00:00,1.36451,1.36464,1.36392,1.36441,1678.93
1787554800,2026-08-24 07:00:00+00:00,1.36476,1.36493,1.36425,1.36429,1706.67
1787556600,2026-08-24 07:30:00+00:00,1.36429,1.3646,1.36335,1.36349,1771.99
1787558400,2026-08-24 08:00:00+00:00,1.36336,1.36377,1.36256,1.36266,1718.88
1787560200,2026-08-24 08:30:00+00:00,1.36266,1.36312,1.36242,1.36242,1767.6200000000001
1787562000,2026-08-24 09:00:00+00:00,1.36238,1.36344,1.36238,1.36327,1736.99
1787563800,2026-08-24 09:30:00+00:00,1.36327,1.36342,1.36253,1.36336,1699.92
1787565600,2026-08-24 10:00:00+00:00,1.36359,1.36359,1.36262,1.36263,1738.29
1787567400,2026-08-24 10:30:00+00:00,1.36263,1.36286,1.36262,1.36262,1714.46
1787569200,2026-08-24 11:00:00+00:00,1.36269,1.36367,1.36261,1.36266,1775.54
1787571000,2026-08-24 11:30:00+00:00,1.36266,1.36411,1.36249,1.36388,1768.46
1787572800,2026-08-24 12:00:00+00:00,1.36385,1.36457,1.36362,1.36429,1730.16
1787574600,2026-08-24 12:30:00+00:00,1.36429,1.36457,1.36333,1.36426,1759.63
1787576400,2026-08-24 13:00:00+00:00,1.36448,1.36498,1.36413,1.36437,1706.4
1787578200,2026-08-24 13:30:00+00:00,1.36437,1.36447,1.3639,1.36405,1758.61
1787580000,2026-08-24 14:00:00+00:00,1.36403,1.36431,1.36351,1.36351,1776.5
1787581800,2026-08-24 14:30:00+00:00,1.36351,1.36402,1.36346,1.36353,1797.62
1787583600,2026-08-24 15:00:00+00:00,1.36348,1.36431,1.3631,1.36428,1677.41
1787585400,2026-08-24 15:30:00+00:00,1.36428,1.36441,1.36297,1.36299,1732.56
1787587200,2026-08-24 16:00:00+00:00,1.36301,1.36375,1.36301,1.36317,1709.71
1787589000,2026-08-24 16:30:00+00:00,1.36317,1.36354,1.36301,1.36349,1761.03
1787590800,2026-08-24 17:00:00+00:00,1.36353,1.36357,1.36309,1.36325,1750.27
1787592600,2026-08-24 17:30:00+00:00,1.36325,1.36333,1.36256,1.36292,1678.62
1787594400,2026-08-24 18:00:00+00:00,1.36284,1.36351,1.3627,1.36282,1695.52
1787596200,2026-08-24 18:30:00+00:00,1.36282,1.36324,1.36256,1.3632,1768.69
1787598000,2026-08-24 19:00:00+00:00,1.36308,1.3631,1.36258,1.36267,1750.48
1787599800,2026-08-24 19:30:00+00:00,1.36267,1.36312,1.36266,1.36281,1703.54
1787601600,2026-08-24 20:00:00+00:00,1.36282,1.36295,1.36282,1.3629,1724.78
1787603400,2026-08-24 20:30:00+00:00,1.3629,1.36316,1.36285,1.36314,1751.44
1787605200,2026-08-24 21:00:00+00:00,1.36394,1.36396,1.36324,1.36396,1724.3700000000001
1787607000,2026-08-24 21:30:00+00:00,1.36396,1.36396,1.36301,1.36344,1744.82
1787608800,2026-08-24 22:00:00+00:00,1.36333,1.36349,1.36327,1.36348,1782.38
1787610600,2026-08-24 22:30:00+00:00,1.36348,1.36349,1.36337,1.36342,1674.91
1787612400,2026-08-24 23:00:00+00:00,1.36357,1.36386,1.36338,1.3638,1711.11
1787614200,2026-08-24 23:30:00+00:00,1.3638,1.36387,1.36376,1.36379,1770.52
1787616000,2026-08-25 00:00:00+00:00,1.3639,1.36406,1.3637,1.36383,1736.29
1787617800,2026-08-25 00:30:00+00:00,1.36383,1.36407,1.36377,1.36398,1774.02
1787619600,2026-08-25 01:00:00+00:00,1.36383,1.36396,1.36373,1.36375,1732.09
1787621400,2026-08-25 01:30:00+00:00,1.36375,1.36377,1.36321,1.36327,1727.85
1787623200,2026-08-25 02:00:00+00:00,1.36321,1.36364,1.36313,1.36315,1737.07
1787625000,2026-08-25 02:30:00+00:00,1.36315,1.36334,1.3631,1.36312,1786.86
1787626800,2026-08-25 03:00:00+00:00,1.36323,1.36325,1.36286,1.36289,1735.56
1787628600,2026-08-25 03:30:00+00:00,1.36289,1.36335,1.36286,1.36294,1798.91
1787630400,2026-08-25 04:00:00+00:00,1.36292,1.36292,1.36245,1.36249,1760.75
1787632200,2026-08-25 04:30:00+00:00,1.36249,1.36292,1.36249,1.36271,1715.64
1787634000,2026-08-25 05:00:00+00:00,1.36262,1.36286,1.36229,1.36276,1773.09
1787635800,2026-08-25 05:30:00+00:00,1.36276,1.36294,1.36229,1.36232,1719.37
1787637600,2026-08-25 06:00:00+00:00,1.36238,1.36282,1.36235,1.36259,1756.39
1787639400,2026-08-25 06:30:00+00:00,1.36259,1.36284,1.36231,1.36282,1727.28
1787641200,2026-08-25 07:00:00+00:00,1.36294,1.36441,1.36294,1.3644,1729.1
1787643000,2026-08-25 07:30:00+00:00,1.3644,1.36446,1.36357,1.36388,1761.89
1787644800,2026-08-25 08:00:00+00:00,1.36387,1.36424,1.36301,1.36412,1678.6399999999999
1787646600,2026-08-25 08:30:00+00:00,1.36412,1.36424,1.36316,1.36416,1759.53
1787648400,2026-08-25 09:00:00+00:00,1.36435,1.36441,1.36418,1.36437,1706.15
1787650200,2026-08-25 09:30:00+00:00,1.36437,1.36495,1.36431,1.36441,1716.47
1787652000,2026-08-25 10:00:00+00:00,1.36431,1.36431,1.36379,1.36409,1767.97
1787653800,2026-08-25 10:30:00+00:00,1.36409,1.36412,1.36321,1.36342,1735.66
1787655600,2026-08-25 11:00:00+00:00,1.36336,1.36372,1.36291,1.36292,1725.92
1787657400,2026-08-25 11:30:00+00:00,1.36292,1.36327,1.36288,1.36325,1737.97
1787659200,2026-08-25 12:00:00+00:00,1.36273,1.36368,1.36273,1.36367,1761.3
1787661000,2026-08-25 12:30:00+00:00,1.36367,1.36368,1.36359,1.36364,1721.44
1787662800,2026-08-25 13:00:00+00:00,1.36361,1.36517,1.36353,1.36436,1751.6200000000001
1787664600,2026-08-25 13:30:00+00:00,1.36436,1.36442,1.36361,1.36424,1678.76
1787666400,2026-08-25 14:00:00+00:00,1.3642,1.36425,1.36301,1.3638,1700.93
1787668200,2026-08-25 14:30:00+00:00,1.3638,1.36433,1.3634,1.36344,1683.63
1787670000,2026-08-25 15:00:00+00:00,1.36344,1.36355,1.36312,1.36317,1738.66
1787671800,2026-08-25 15:30:00+00:00,1.36317,1.36394,1.36313,1.36392,1754.19
1787673600,2026-08-25 16:00:00+00:00,1.36407,1.36411,1.36349,1.36353,1725.72
1787675400,2026-08-25 16:30:00+00:00,1.36353,1.36395,1.36329,1.36342,1708.36
1787677200,2026-08-25 17:00:00+00:00,1.36344,1.36398,1.36344,1.36361,1701.99
1787679000,2026-08-25 17:30:00+00:00,1.36361,1.36448,1.3636,1.36442,1709.02
1787680800,2026-08-25 18:00:00+00:00,1.36446,1.3647,1.36445,1.36458,1731.83
1787682600,2026-08-25 18:30:00+00:00,1.36458,1.36459,1.36429,1.36454,1700.55
1787684400,2026-08-25 19:00:00+00:00,1.36465,1.36516,1.36444,1.36452,1720.03
1787686200,2026-08-25 19:30:00+00:00,1.36452,1.36539,1.36444,1.36532,1746.46
1787688000,2026-08-25 20:00:00+00:00,1.36534,1.36552,1.36491,1.36492,1753.6
1787689800,2026-08-25 20:30:00+00:00,1.36492,1.36521,1.3648,1.3648,1744.32
1787691600,2026-08-25 21:00:00+00:00,1.36394,1.36403,1.36349,1.36355,1775.42
1787693400,2026-08-25 21:30:00+00:00,1.36355,1.36522,1.36349,1.36468,1730.52
1787695200,2026-08-25 22:00:00+00:00,1.36463,1.36497,1.36463,1.36493,1783.78
1787697000,2026-08-25 22:30:00+00:00,1.36493,1.36506,1.36491,1.365,1692.53
1787698800,2026-08-25 23:00:00+00:00,1.36502,1.36502,1.36452,1.36452,1732.6
1787700600,2026-08-25 23:30:00+00:00,1.36452,1.36492,1.36452,1.3647,1718.48
1787702400,2026-08-26 00:00:00+00:00,1.36465,1.36491,1.36458,1.36466,1714.69
1787704200,2026-08-26 00:30:00+00:00,1.36466,1.36487,1.3645,1.36463,1784.92
1787706000,2026-08-26 01:00:00+00:00,1.36467,1.3648,1.36449,1.36449,1722.79
1787707800,2026-08-26 01:30:00+00:00,1.36449,1.3648,1.36446,1.3645,1741.32
1787709600,2026-08-26 02:00:00+00:00,1.36448,1.36456,1.36401,1.36453,1713.13
1787711400,2026-08-26 02:30:00+00:00,1.36453,1.3647,1.36408,1.36411,1727.9
1787713200,2026-08-26 03:00:00+00:00,1.36414,1.36414,1.36367,1.3637,1713.02
1787715000,2026-08-26 03:30:00+00:00,1.3637,1.36377,1.36366,1.36374,1808.6200000000001
1787716800,2026-08-26 04:00:00+00:00,1.36377,1.36377,1.36357,1.36374,1729.3
1787718600,2026-08-26 04:30:00+00:00,1.36374,1.36377,1.36323,1.36336,1733.72
1787720400,2026-08-26 05:00:00+00:00,1.36335,1.36357,1.36314,1.36336,1733.52
1787722200,2026-08-26 05:30:00+00:00,1.36336,1.36372,1.36326,1.36355,1724.46
1787724000,2026-08-26 06:00:00+00:00,1.36353,1.36353,1.36256,1.36352,1685.28
1787725800,2026-08-26 06:30:00+00:00,1.36352,1.36353,1.36325,1.36335,1723.58
1787727600,2026-08-26 07:00:00+00:00,1.36335,1.36335,1.3631,1.36322,1709.84
1787729400,2026-08-26 07:30:00+00:00,1.36322,1.36409,1.36312,1.36318,1778.46
1787731200,2026-08-26 08:00:00+00:00,1.36308,1.36372,1.36275,1.36287,1770.8700000000001
1787733000,2026-08-26 08:30:00+00:00,1.36287,1.3632,1.36269,1.36282,1721.17
1787734800,2026-08-26 09:00:00+00:00,1.36294,1.36301,1.3624,1.36276,1696.98
1787736600,2026-08-26 09:30:00+00:00,1.36276,1.36301,1.3624,1.36281,1725.85
1787738400,2026-08-26 10:00:00+00:00,1.36268,1.36268,1.36229,1.36257,1742.72
1787740200,2026-08-26 10:30:00+00:00,1.36257,1.36265,1.36182,1.36205,1700.38
1787742000,2026-08-26 11:00:00+00:00,1.36212,1.36294,1.36212,1.36266,1688.21
1787743800,2026-08-26 11:30:00+00:00,1.36266,1.36305,1.36265,1.36301,1767.66
1787745600,2026-08-26 12:00:00+00:00,1.36299,1.36359,1.36123,1.36135,1732.13
1787747400,2026-08-26 12:30:00+00:00,1.36135,1.36193,1.36095,1.36104,1713.67
1787749200,2026-08-26 13:00:00+00:00,1.36069,1.36088,1.36055,1.36057,1730.09
1787751000,2026-08-26 13:30:00+00:00,1.36057,1.36064,1.36027,1.36032,1741.92
1787752800,2026-08-26 14:00:00+00:00,1.36027,1.36027,1.35987,1.36003,1734.58
1787754600,2026-08-26 14:30:00+00:00,1.36003,1.36013,1.35857,1.35897,1771.22
1787756400,2026-08-26 15:00:00+00:00,1.35882,1.35984,1.3588,1.35949,1727.77
1787758200,2026-08-26 15:30:00+00:00,1.35949,1.35963,1.35875,1.35943,1738.51
1787760000,2026-08-26 16:00:00+00:00,1.35945,1.35967,1.35898,1.35901,1720.98
1787761800,2026-08-26 16:30:00+00:00,1.35901,1.35939,1.35892,1.35918,1791.59
1787763600,2026-08-26 17:00:00+00:00,1.35912,1.35962,1.35902,1.35931,1770.72
1787765400,2026-08-26 17:30:00+00:00,1.35931,1.35944,1.35899,1.35942,1783.02
1787767200,2026-08-26 18:00:00+00:00,1.35945,1.35964,1.35908,1.35963,1702.05
1787769000,2026-08-26 18:30:00+00:00,1.35963,1.35964,1.35909,1.35921,1743.3899999999999
1787770800,2026-08-26 19:00:00+00:00,1.35923,1.35945,1.3591,1.3591,1819.6
1787772600,2026-08-26 19:30:00+00:00,1.3591,1.35936,1.35906,1.35934,1740.3
1787774400,2026-08-26 20:00:00+00:00,1.35945,1.3598,1.35934,1.35938,1753.76
1787776200,2026-08-26 20:30:00+00:00,1.35938,1.3598,1.35932,1.3598,1674.02
1787778000,2026-08-26 21:00:00+00:00,1.35966,1.35966,1.35903,1.35908,1737.02
1787779800,2026-08-26 21:30:00+00:00,1.35908,1.35954,1.35903,1.35953,1704.17
1787781600,2026-08-26 22:00:00+00:00,1.35942,1.35969,1.35938,1.35944,1764.57
1787783400,2026-08-26 22:30:00+00:00,1.35944,1.35956,1.35936,1.35953,1739.79
1787785200,2026-08-26 23:00:00+00:00,1.35951,1.3597,1.35951,1.35961,1699.12
1787787000,2026-08-26 23:30:00+00:00,1.35961,1.3598,1.35952,1.35962,1750.87
1787788800,2026-08-27 00:00:00+00:00,1.35966,1.35966,1.35912,1.35918,1675.86
1787790600,2026-08-27 00:30:00+00:00,1.35918,1.35926,1.35903,1.35921,1745.34
1787792400,2026-08-27 01:00:00+00:00,1.35927,1.35931,1.35901,1.3593,1691.64
1787794200,2026-08-27 01:30:00+00:00,1.3593,1.35945,1.35897,1.35927,1727.94
1787796000,2026-08-27 02:00:00+00:00,1.35932,1.35949,1.35912,1.3593,1697.64
1787797800,2026-08-27 02:30:00+00:00,1.3593,1.35934,1.35892,1.35914,1755.52
1787799600,2026-08-27 03:00:00+00:00,1.35914,1.35927,1.35887,1.35888,1771.08
1787801400,2026-08-27 03:30:00+00:00,1.35888,1.35904,1.35875,1.35875,1736.8
1787803200,2026-08-27 04:00:00+00:00,1.35877,1.3591,1.35872,1.35875,1735.52
1787805000,2026-08-27 04:30:00+00:00,1.35875,1.35884,1.3587,1.35875,1739.75
1787806800,2026-08-27 05:00:00+00:00,1.35877,1.35914,1.3586,1.3591,1763.77
1787808600,2026-08-27 05:30:00+00:00,1.3591,1.35911,1.35863,1.35884,1734.82
1787810400,2026-08-27 06:00:00+00:00,1.3589,1.35916,1.35866,1.35878,1724.15
1787812200,2026-08-27 06:30:00+00:00,1.35878,1.35896,1.35868,1.35894,1755.48
1787814000,2026-08-27 07:00:00+00:00,1.35908,1.35964,1.35868,1.35875,1728.05
1787815800,2026-08-27 07:30:00+00:00,1.35875,1.35917,1.35868,1.35875,1751.24
1787817600,2026-08-27 08:00:00+00:00,1.35875,1.35904,1.35824,1.35841,1786.38
1787819400,2026-08-27 08:30:00+00:00,1.35841,1.35942,1.35807,1.35814,1720.6100000000001
1787821200,2026-08-27 09:00:00+00:00,1.35799,1.35814,1.35747,1.35772,1752.09
1787823000,2026-08-27 09:30:00+00:00,1.35772,1.35793,1.35724,1.35763,1753.11
1787824800,2026-08-27 10:00:00+00:00,1.35753,1.35807,1.35726,1.35756,1737.72
1787826600,2026-08-27 10:30:00+00:00,1.35756,1.35816,1.35713,1.35766,1764.83
1787828400,2026-08-27 11:00:00+00:00,1.35752,1.35823,1.35711,1.35806,1741.1
1787830200,2026-08-27 11:30:00+00:00,1.35806,1.35823,1.35753,1.35787,1740.45
1787832000,2026-08-27 12:00:00+00:00,1.35783,1.35829,1.35744,1.35809,1743.36
1787833800,2026-08-27 12:30:00+00:00,1.35809,1.35814,1.35744,1.35744,1718.4
1787835600,2026-08-27 13:00:00+00:00,1.35739,1.36007,1.35739,1.35922,1724.94
1787837400,2026-08-27 13:30:00+00:00,1.35922,1.36017,1.35811,1.35934,1686.43
1787839200,2026-08-27 14:00:00+00:00,1.35934,1.35954,1.35854,1.35909,1802.04
1787841000,2026-08-27 14:30:00+00:00,1.35909,1.35958,1.35805,1.35818,1797.42
1787842800,2026-08-27 15:00:00+00:00,1.35822,1.35987,1.35822,1.35979,1734.09
1787844600,2026-08-27 15:30:00+00:00,1.35979,1.35988,1.35892,1.35982,1741.03
1787846400,2026-08-27 16:00:00+00:00,1.35982,1.36,1.35926,1.35988,1749.18
1787848200,2026-08-27 16:30:00+00:00,1.35988,1.36012,1.35921,1.35929,1700.73
1787850000,2026-08-27 17:00:00+00:00,1.3594,1.3595,1.35882,1.35945,1744.6200000000001
1787851800,2026-08-27 17:30:00+00:00,1.35945,1.35964,1.35884,1.35888,1755.58
1787853600,2026-08-27 18:00:00+00:00,1.35888,1.35895,1.35833,1.35835,1773.71
1787855400,2026-08-27 18:30:00+00:00,1.35835,1.35895,1.35833,1.35892,1727.35
1787857200,2026-08-27 19:00:00+00:00,1.35892,1.35894,1.35855,1.35858,1727.54
1787859000,2026-08-27 19:30:00+00:00,1.35858,1.35899,1.35851,1.3589,1741.27
1787860800,2026-08-27 20:00:00+00:00,1.35881,1.35916,1.35881,1.35897,1720.94
1787862600,2026-08-27 20:30:00+00:00,1.35897,1.35934,1.35888,1.35929,1745.9099999999999
1787864400,2026-08-27 21:00:00+00:00,1.35925,1.35997,1.3591,1.35918,1685.57
1787866200,2026-08-27 21:30:00+00:00,1.35918,1.35948,1.35894,1.35931,1745.02
1787868000,2026-08-27 22:00:00+00:00,1.35938,1.35962,1.35919,1.35961,1727.6
1787869800,2026-08-27 22:30:00+00:00,1.35961,1.35962,1.35947,1.35962,1724.4
1787871600,2026-08-27 23:00:00+00:00,1.35962,1.3598,1.35955,1.35968,1771.3
1787873400,2026-08-27 23:30:00+00:00,1.35968,1.3598,1.35963,1.35967,1752.6299999999999
1787875200,2026-08-28 00:00:00+00:00,1.35966,1.35977,1.35955,1.35964,1697.85
1787877000,2026-08-28 00:30:00+00:00,1.35964,1.35966,1.35938,1.35962,1785.22
1787878800,2026-08-28 01:00:00+00:00,1.35962,1.35969,1.35938,1.35954,1718.76
1787880600,2026-08-28 01:30:00+00:00,1.35954,1.35975,1.35906,1.35908,1761.48
1787882400,2026-08-28 02:00:00+00:00,1.35903,1.35923,1.35881,1.35903,1784.3600000000001
1787884200,2026-08-28 02:30:00+00:00,1.35903,1.35934,1.35901,1.35934,1766.61
1787886000,2026-08-28 03:00:00+00:00,1.3594,1.35945,1.35927,1.35932,1725.41
1787887800,2026-08-28 03:30:00+00:00,1.35932,1.35935,1.35892,1.35894,1731.16
1787889600,2026-08-28 04:00:00+00:00,1.35897,1.35897,1.35877,1.35893,1741.61
1787891400,2026-08-28 04:30:00+00:00,1.35893,1.35897,1.35884,1.35884,1727.11
1787893200,2026-08-28 05:00:00+00:00,1.35886,1.35908,1.35873,1.35899,1750.39
1787895000,2026-08-28 05:30:00+00:00,1.35899,1.35908,1.35881,1.35901,1748.83
1787896800,2026-08-28 06:00:00+00:00,1.35886,1.35938,1.35886,1.3592,1699.6299999999999
1787898600,2026-08-28 06:30:00+00:00,1.3592,1.35938,1.35906,1.35934,1734.73
1787900400,2026-08-28 07:00:00+00:00,1.35929,1.35929,1.35825,1.35925,1729.26
1787902200,2026-08-28 07:30:00+00:00,1.35925,1.35929,1.35811,1.3589,1712.92
1787904000,2026-08-28 08:00:00+00:00,1.35868,1.35885,1.35838,1.35845,1745.06
1787905800,2026-08-28 08:30:00+00:00,1.35845,1.3591,1.3584,1.35864,1766.81
1787907600,2026-08-28 09:00:00+00:00,1.35875,1.35875,1.35858,1.35867,1744.47
1787909400,2026-08-28 09:30:00+00:00,1.35867,1.35875,1.35812,1.35818,1757.0
1787911200,2026-08-28 10:00:00+00:00,1.35811,1.35889,1.35809,1.35853,1716.22
1787913000,2026-08-28 10:30:00+00:00,1.35853,1.35918,1.35807,1.35914,1779.74
1787914800,2026-08-28 11:00:00+00:00,1.35916,1.35916,1.35871,1.35874,1710.28
1787916600,2026-08-28 11:30:00+00:00,1.35874,1.35885,1.35847,1.35849,1719.6
1787918400,2026-08-28 12:00:00+00:00,1.35855,1.35857,1.35758,1.35779,1753.35
1787920200,2026-08-28 12:30:00+00:00,1.35779,1.35857,1.3574,1.35842,1734.68
1787922000,2026-08-28 13:00:00+00:00,1.35846,1.35849,1.3574,1.35789,1746.79
1787923800,2026-08-28 13:30:00+00:00,1.35789,1.35855,1.35769,1.35853,1783.81
1787925600,2026-08-28 14:00:00+00:00,1.35735,1.35831,1.35412,1.3547,1748.92
1787927400,2026-08-28 14:30:00+00:00,1.3547,1.35776,1.35316,1.3574,1768.34
1787929200,2026-08-28 15:00:00+00:00,1.35739,1.35739,1.35577,1.35584,1720.18
1787931000,2026-08-28 15:30:00+00:00,1.35584,1.35588,1.35529,1.35529,1737.78
1787932800,2026-08-28 16:00:00+00:00,1.35527,1.35527,1.35453,1.3548,1698.79
1787934600,2026-08-28 16:30:00+00:00,1.3548,1.35501,1.35347,1.35371,1725.48
1787936400,2026-08-28 17:00:00+00:00,1.3536,1.35369,1.35274,1.35299,1781.09
1787938200,2026-08-28 17:30:00+00:00,1.35299,1.35343,1.35284,1.35298,1657.52
1787940000,2026-08-28 18:00:00+00:00,1.35302,1.35311,1.3527,1.35302,1763.6499999999999
1787941800,2026-08-28 18:30:00+00:00,1.35302,1.35311,1.35277,1.35298,1759.9
1787943600,2026-08-28 19:00:00+00:00,1.35305,1.35386,1.35305,1.35379,1702.02
1787945400,2026-08-28 19:30:00+00:00,1.35379,1.35406,1.35353,1.35386,1770.58
1787947200,2026-08-28 20:00:00+00:00,1.35377,1.35385,1.35324,1.35372,1759.07
1787949000,2026-08-28 20:30:00+00:00,1.35372,1.35389,1.35305,1.35342,1732.89
1787950800,2026-08-28 21:00:00+00:00,1.35375,1.35375,1.35375,1.35375,1759.34
1787952600,2026-08-28 21:30:00+00:00,1.35375,1.35375,1.35375,1.35375,1678.8600000000001
1788130800,2026-08-30 23:00:00+00:00,1.35371,1.35387,1.35366,1.3537,1777.3
1788132600,2026-08-30 23:30:00+00:00,1.3537,1.35411,1.35366,1.35406,1713.13
1788134400,2026-08-31 00:00:00+00:00,1.35413,1.35465,1.35351,1.35379,1724.83
1788136200,2026-08-31 00:30:00+00:00,1.35379,1.35476,1.35357,1.35457,1730.4
1788138000,2026-08-31 01:00:00+00:00,1.35433,1.35443,1.35386,1.35394,1735.05
1788139800,2026-08-31 01:30:00+00:00,1.35394,1.35476,1.35386,1.35439,1719.03
1788141600,2026-08-31 02:00:00+00:00,1.35441,1.35459,1.35397,1.35444,1704.47
1788143400,2026-08-31 02:30:00+00:00,1.35444,1.35455,1.35404,1.35446,1742.32
1788145200,2026-08-31 03:00:00+00:00,1.35454,1.35476,1.35446,1.35448,1704.65
1788147000,2026-08-31 03:30:00+00:00,1.35448,1.35459,1.35424,1.35446,1759.69
1788148800,2026-08-31 04:00:00+00:00,1.35455,1.35465,1.35431,1.35461,1762.1
1788150600,2026-08-31 04:30:00+00:00,1.35461,1.35466,1.35424,1.35452,1772.43
1788152400,2026-08-31 05:00:00+00:00,1.35446,1.35458,1.35422,1.35458,1703.94
1788154200,2026-08-31 05:30:00+00:00,1.35458,1.35474,1.35449,1.35474,1747.43
1788156000,2026-08-31 06:00:00+00:00,1.35463,1.35463,1.35399,1.35425,1734.14
1788157800,2026-08-31 06:30:00+00:00,1.35425,1.35488,1.35404,1.35443,1763.26
1788159600,2026-08-31 07:00:00+00:00,1.35441,1.35485,1.3538,1.35403,1751.96
1788161400,2026-08-31 07:30:00+00:00,1.35403,1.35467,1.35391,1.35465,1718.43
1788163200,2026-08-31 08:00:00+00:00,1.35501,1.35551,1.35397,1.35422,1768.1200000000001
1788165000,2026-08-31 08:30:00+00:00,1.35422,1.35488,1.35397,1.35408,1695.47
1788166800,2026-08-31 09:00:00+00:00,1.35417,1.35447,1.35406,1.35413,1789.05
1788168600,2026-08-31 09:30:00+00:00,1.35413,1.35455,1.35406,1.35433,1811.0
1788170400,2026-08-31 10:00:00+00:00,1.3543,1.35463,1.35373,1.35378,1812.63
1788172200,2026-08-31 10:30:00+00:00,1.35378,1.35416,1.35369,1.35402,1709.99
1788174000,2026-08-31 11:00:00+00:00,1.35404,1.35461,1.3538,1.3538,1713.63
1788175800,2026-08-31 11:30:00+00:00,1.3538,1.35404,1.35378,1.35388,1737.53
1788177600,2026-08-31 12:00:00+00:00,1.35399,1.35447,1.35367,1.35369,1728.52
1788179400,2026-08-31 12:30:00+00:00,1.35369,1.35463,1.35367,1.35391,1780.4
1788181200,2026-08-31 13:00:00+00:00,1.35399,1.3541,1.35397,1.35409,1680.07
1788183000,2026-08-31 13:30:00+00:00,1.35409,1.35483,1.35401,1.35443,1726.09
1788184800,2026-08-31 14:00:00+00:00,1.35384,1.35561,1.35367,1.35412,1779.47
1788186600,2026-08-31 14:30:00+00:00,1.35412,1.35645,1.35399,1.35549,1789.21
1788188400,2026-08-31 15:00:00+00:00,1.35569,1.35584,1.35468,1.35488,1717.87
1788190200,2026-08-31 15:30:00+00:00,1.35488,1.35538,1.35466,1.35492,1785.21
1788192000,2026-08-31 16:00:00+00:00,1.35492,1.35529,1.35473,1.3551,1720.6
1788193800,2026-08-31 16:30:00+00:00,1.3551,1.35519,1.3547,1.3549,1733.51
1788195600,2026-08-31 17:00:00+00:00,1.35492,1.35536,1.35473,1.35483,1710.74
1788197400,2026-08-31 17:30:00+00:00,1.35483,1.35507,1.35468,1.35505,1749.46
1788199200,2026-08-31 18:00:00+00:00,1.35501,1.35516,1.35472,1.35479,1743.47
1788201000,2026-08-31 18:30:00+00:00,1.35479,1.3552,1.35474,1.355,1809.04
1788202800,2026-08-31 19:00:00+00:00,1.3549,1.3552,1.35487,1.35504,1719.18
1788204600,2026-08-31 19:30:00+00:00,1.35504,1.3551,1.35463,1.35496,1723.41
1788206400,2026-08-31 20:00:00+00:00,1.35511,1.3552,1.35466,1.35508,1721.49
1788208200,2026-08-31 20:30:00+00:00,1.35508,1.35514,1.35473,1.35505,1724.23
1788210000,2026-08-31 21:00:00+00:00,1.35498,1.35536,1.35476,1.35517,1711.16
1788211800,2026-08-31 21:30:00+00:00,1.35517,1.35536,1.35513,1.35531,1737.66
1788213600,2026-08-31 22:00:00+00:00,1.35516,1.35522,1.35466,1.35482,1729.5
1788215400,2026-08-31 22:30:00+00:00,1.35482,1.35498,1.35459,1.35468,1707.42
1788217200,2026-08-31 23:00:00+00:00,1.35457,1.35487,1.35444,1.35473,1756.58
1788219000,2026-08-31 23:30:00+00:00,1.35473,1.35496,1.35453,1.35488,1764.76
1788220800,2026-09-01 00:00:00+00:00,1.35474,1.35595,1.35474,1.35549,1702.57
1788222600,2026-09-01 00:30:00+00:00,1.35549,1.35572,1.35474,1.35527,1746.54
1788224400,2026-09-01 01:00:00+00:00,1.35527,1.35533,1.35478,1.35507,1760.49
1788226200,2026-09-01 01:30:00+00:00,1.35507,1.35519,1.35432,1.35463,1682.78
1788228000,2026-09-01 02:00:00+00:00,1.35459,1.35466,1.35458,1.35466,1836.8
1788229800,2026-09-01 02:30:00+00:00,1.35466,1.35466,1.35419,1.35466,1753.06
1788231600,2026-09-01 03:00:00+00:00,1.35454,1.35466,1.35417,1.3542,1790.94
1788233400,2026-09-01 03:30:00+00:00,1.3542,1.35426,1.35415,1.35415,1695.65
1788235200,2026-09-01 04:00:00+00:00,1.35411,1.35427,1.35391,1.35395,1711.82
1788237000,2026-09-01 04:30:00+00:00,1.35395,1.35435,1.35386,1.35435,1712.09
1788238800,2026-09-01 05:00:00+00:00,1.3543,1.35452,1.3543,1.35441,1798.25
1788240600,2026-09-01 05:30:00+00:00,1.35441,1.35494,1.35437,1.35476,1691.34
1788242400,2026-09-01 06:00:00+00:00,1.35454,1.35467,1.35437,1.35462,1751.06
1788244200,2026-09-01 06:30:00+00:00,1.35462,1.3547,1.35364,1.35415,1714.09
1788246000,2026-09-01 07:00:00+00:00,1.35417,1.35426,1.35323,1.35323,1697.22
1788247800,2026-09-01 07:30:00+00:00,1.35323,1.35394,1.35323,1.35367,1770.62
1788249600,2026-09-01 08:00:00+00:00,1.35355,1.35395,1.35302,1.35316,1729.33
1788251400,2026-09-01 08:30:00+00:00,1.35316,1.35421,1.3531,1.35421,1670.34
1788253200,2026-09-01 09:00:00+00:00,1.35419,1.35483,1.354,1.35405,1758.75
1788255000,2026-09-01 09:30:00+00:00,1.35405,1.35442,1.354,1.354,1725.18
1788256800,2026-09-01 10:00:00+00:00,1.35406,1.35422,1.35393,1.35418,1736.69
1788258600,2026-09-01 10:30:00+00:00,1.35418,1.35439,1.35344,1.35356,1671.48
1788260400,2026-09-01 11:00:00+00:00,1.35329,1.35355,1.35309,1.35336,1760.94
1788262200,2026-09-01 11:30:00+00:00,1.35336,1.35395,1.35327,1.3536,1776.03
1788264000,2026-09-01 12:00:00+00:00,1.35349,1.3536,1.35318,1.3532,1727.26
1788265800,2026-09-01 12:30:00+00:00,1.3532,1.35324,1.35298,1.35307,1770.76
1788267600,2026-09-01 13:00:00+00:00,1.35281,1.35455,1.35265,1.35385,1733.69
1788269400,2026-09-01 13:30:00+00:00,1.35385,1.35455,1.35326,1.35455,1716.01
1788271200,2026-09-01 14:00:00+00:00,1.35437,1.35522,1.35394,1.35397,1729.92
1788273000,2026-09-01 14:30:00+00:00,1.35397,1.35403,1.35378,1.35378,1705.01
1788274800,2026-09-01 15:00:00+00:00,1.354,1.354,1.35245,1.3528,1692.71
1788276600,2026-09-01 15:30:00+00:00,1.3528,1.35354,1.35246,1.35278,1751.79
1788278400,2026-09-01 16:00:00+00:00,1.35283,1.35283,1.35196,1.35204,1749.25
1788280200,2026-09-01 16:30:00+00:00,1.35204,1.35208,1.35155,1.35155,1730.5
1788282000,2026-09-01 17:00:00+00:00,1.35152,1.35175,1.35124,1.35135,1766.3
1788283800,2026-09-01 17:30:00+00:00,1.35135,1.35214,1.35129,1.35139,1725.78
1788285600,2026-09-01 18:00:00+00:00,1.35142,1.35166,1.35139,1.35162,1754.42
1788287400,2026-09-01 18:30:00+00:00,1.35162,1.35165,1.35071,1.35144,1691.03
1788289200,2026-09-01 19:00:00+00:00,1.35146,1.35163,1.35104,1.35151,1723.78
1788291000,2026-09-01 19:30:00+00:00,1.35151,1.35153,1.35104,1.35121,1749.45
1788292800,2026-09-01 20:00:00+00:00,1.35104,1.3514,1.351,1.3513,1762.77
1788294600,2026-09-01 20:30:00+00:00,1.3513,1.35175,1.35111,1.35166,1835.66
1788296400,2026-09-01 21:00:00+00:00,1.35137,1.35205,1.3511,1.35178,1710.97
1788298200,2026-09-01 21:30:00+00:00,1.35178,1.35205,1.35162,1.35166,1770.37
1788300000,2026-09-01 22:00:00+00:00,1.35199,1.35199,1.35146,1.35155,1732.03
1788301800,2026-09-01 22:30:00+00:00,1.35155,1.35175,1.35151,1.35157,1751.68
1788303600,2026-09-01 23:00:00+00:00,1.35152,1.3517,1.3514,1.35143,1769.85
1788305400,2026-09-01 23:30:00+00:00,1.35143,1.3515,1.35139,1.35139,1701.79
1788307200,2026-09-02 00:00:00+00:00,1.35133,1.35153,1.35102,1.35102,1724.1200000000001
1788309000,2026-09-02 00:30:00+00:00,1.35102,1.35127,1.35077,1.35077,1738.87
1788310800,2026-09-02 01:00:00+00:00,1.35084,1.35084,1.35061,1.35064,1713.4
1788312600,2026-09-02 01:30:00+00:00,1.35064,1.35071,1.35033,1.35055,1671.79
1788314400,2026-09-02 02:00:00+00:00,1.35017,1.35086,1.35017,1.35072,1729.2
1788316200,2026-09-02 02:30:00+00:00,1.35072,1.35078,1.3506,1.35073,1728.65
1788318000,2026-09-02 03:00:00+00:00,1.35075,1.3508,1.3503,1.35032,1676.72
1788319800,2026-09-02 03:30:00+00:00,1.35032,1.35057,1.35017,1.35031,1751.02
1788321600,2026-09-02 04:00:00+00:00,1.35031,1.35031,1.34971,1.35001,1703.67
1788323400,2026-09-02 04:30:00+00:00,1.35001,1.35027,1.34971,1.34971,1755.55
1788325200,2026-09-02 05:00:00+00:00,1.34971,1.35019,1.34953,1.35001,1709.52
1788327000,2026-09-02 05:30:00+00:00,1.35001,1.35051,1.34986,1.35031,1753.46
1788328800,2026-09-02 06:00:00+00:00,1.35084,1.35084,1.34938,1.3495,1688.76
1788330600,2026-09-02 06:30:00+00:00,1.3495,1.34994,1.34938,1.34938,1724.09
1788332400,2026-09-02 07:00:00+00:00,1.34962,1.35091,1.34922,1.35021,1724.09
1788334200,2026-09-02 07:30:00+00:00,1.35021,1.35124,1.34974,1.35115,1763.07
1788336000,2026-09-02 08:00:00+00:00,1.35117,1.35144,1.35032,1.35124,1747.88
1788337800,2026-09-02 08:30:00+00:00,1.35124,1.35144,1.3502,1.3502,1750.9
1788339600,2026-09-02 09:00:00+00:00,1.35011,1.35068,1.3492,1.34936,1753.15
1788341400,2026-09-02 09:30:00+00:00,1.34936,1.3494,1.34869,1.34871,1712.17
1788343200,2026-09-02 10:00:00+00:00,1.34884,1.34884,1.34798,1.34862,1761.3700000000001
1788345000,2026-09-02 10:30:00+00:00,1.34862,1.34874,1.34784,1.34844,1767.79
1788346800,2026-09-02 11:00:00+00:00,1.34844,1.34852,1.34829,1.34838,1745.0
1788348600,2026-09-02 11:30:00+00:00,1.34838,1.34915,1.34818,1.34851,1732.79
1788350400,2026-09-02 12:00:00+00:00,1.34851,1.34887,1.34801,1.34831,1744.13
1788352200,2026-09-02 12:30:00+00:00,1.34831,1.34881,1.34756,1.34756,1705.57
1788354000,2026-09-02 13:00:00+00:00,1.34765,1.35126,1.3476,1.35114,1703.82
1788355800,2026-09-02 13:30:00+00:00,1.35114,1.35126,1.35017,1.35126,1673.4
1788357600,2026-09-02 14:00:00+00:00,1.35126,1.35126,1.34994,1.3508,1731.4
1788359400,2026-09-02 14:30:00+00:00,1.3508,1.35112,1.34982,1.35053,1730.49
1788361200,2026-09-02 15:00:00+00:00,1.35046,1.35106,1.35024,1.35081,1710.27
1788363000,2026-09-02 15:30:00+00:00,1.35081,1.35091,1.34955,1.35011,1716.04
1788364800,2026-09-02 16:00:00+00:00,1.35035,1.35038,1.34977,1.34999,1670.78
1788366600,2026-09-02 16:30:00+00:00,1.34999,1.35,1.34951,1.34951,1752.15
1788368400,2026-09-02 17:00:00+00:00,1.34951,1.34964,1.34912,1.34943,1745.07
1788370200,2026-09-02 17:30:00+00:00,1.34943,1.34964,1.34858,1.34885,1805.24
1788372000,2026-09-02 18:00:00+00:00,1.34873,1.34902,1.3486,1.34862,1783.73
1788373800,2026-09-02 18:30:00+00:00,1.34862,1.34904,1.3486,1.34862,1746.33
1788375600,2026-09-02 19:00:00+00:00,1.34865,1.34866,1.34838,1.34846,1747.51
1788377400,2026-09-02 19:30:00+00:00,1.34846,1.34887,1.34831,1.34887,1700.43
1788379200,2026-09-02 20:00:00+00:00,1.34893,1.34906,1.34857,1.3487,1735.71
1788381000,2026-09-02 20:30:00+00:00,1.3487,1.34913,1.34851,1.34876,1742.3899999999999
1788382800,2026-09-02 21:00:00+00:00,1.34916,1.3492,1.34872,1.34884,1687.83
1788384600,2026-09-02 21:30:00+00:00,1.34884,1.34885,1.34842,1.34845,1713.68
1788386400,2026-09-02 22:00:00+00:00,1.34851,1.34851,1.34822,1.34823,1695.65
1788388200,2026-09-02 22:30:00+00:00,1.34823,1.34844,1.34818,1.3484,1760.39
1788390000,2026-09-02 23:00:00+00:00,1.34842,1.34842,1.34811,1.34827,1705.22
1788391800,2026-09-02 23:30:00+00:00,1.34827,1.34842,1.34809,1.34833,1719.83
1788393600,2026-09-03 00:00:00+00:00,1.34813,1.34849,1.34813,1.34827,1755.97
1788395400,2026-09-03 00:30:00+00:00,1.34827,1.34904,1.34826,1.34884,1756.11
1788397200,2026-09-03 01:00:00+00:00,1.34884,1.3491,1.34813,1.34826,1735.26
1788399000,2026-09-03 01:30:00+00:00,1.34826,1.34913,1.34818,1.34822,1679.33
1788400800,2026-09-03 02:00:00+00:00,1.34824,1.34904,1.34816,1.34902,1757.37
1788402600,2026-09-03 02:30:00+00:00,1.34902,1.34925,1.34887,1.34895,1760.16
1788404400,2026-09-03 03:00:00+00:00,1.349,1.3492,1.34896,1.34899,1775.84
1788406200,2026-09-03 03:30:00+00:00,1.34899,1.34962,1.34895,1.34951,1794.18
1788408000,2026-09-03 04:00:00+00:00,1.34955,1.34965,1.34933,1.34945,1752.17
1788409800,2026-09-03 04:30:00+00:00,1.34945,1.34984,1.34933,1.34942,1782.96
1788411600,2026-09-03 05:00:00+00:00,1.34945,1.34971,1.3493,1.34952,1752.01
1788413400,2026-09-03 05:30:00+00:00,1.34952,1.34958,1.34907,1.3492,1742.83
1788415200,2026-09-03 06:00:00+00:00,1.34911,1.34987,1.3484,1.34863,1740.01
1788417000,2026-09-03 06:30:00+00:00,1.34863,1.34932,1.34841,1.34927,1696.13
1788418800,2026-09-03 07:00:00+00:00,1.34944,1.35035,1.34924,1.34969,1752.33
1788420600,2026-09-03 07:30:00+00:00,1.34969,1.35046,1.34924,1.35033,1786.8600000000001
1788422400,2026-09-03 08:00:00+00:00,1.35018,1.35056,1.34971,1.35047,1720.19
1788424200,2026-09-03 08:30:00+00:00,1.35047,1.35073,1.34994,1.35004,1808.48
1788426000,2026-09-03 09:00:00+00:00,1.35029,1.35029,1.34905,1.34931,1725.05
1788427800,2026-09-03 09:30:00+00:00,1.34931,1.35015,1.34905,1.34982,1641.22
1788429600,2026-09-03 10:00:00+00:00,1.34982,1.34989,1.34851,1.34979,1727.96
1788431400,2026-09-03 10:30:00+00:00,1.34979,1.34989,1.34871,1.34949,1701.09
1788433200,2026-09-03 11:00:00+00:00,1.34927,1.3496,1.349,1.34926,1813.79
1788435000,2026-09-03 11:30:00+00:00,1.34926,1.34993,1.34923,1.34953,1705.73
1788436800,2026-09-03 12:00:00+00:00,1.34933,1.35198,1.34902,1.35097,1737.69
1788438600,2026-09-03 12:30:00+00:00,1.35097,1.35216,1.35027,1.3519,1746.72
1788440400,2026-09-03 13:00:00+00:00,1.35177,1.35189,1.35136,1.3514,1710.11
1788442200,2026-09-03 13:30:00+00:00,1.3514,1.35194,1.3504,1.35184,1748.85
1788444000,2026-09-03 14:00:00+00:00,1.35119,1.35208,1.35013,1.35208,1753.11
1788445800,2026-09-03 14:30:00+00:00,1.35208,1.35208,1.35125,1.35181,1715.23
1788447600,2026-09-03 15:00:00+00:00,1.35199,1.35382,1.35199,1.35272,1793.32
1788449400,2026-09-03 15:30:00+00:00,1.35272,1.35408,1.35227,1.35333,1704.1399999999999
1788451200,2026-09-03 16:00:00+00:00,1.35334,1.35433,1.35322,1.35427,1727.53
1788453000,2026-09-03 16:30:00+00:00,1.35427,1.35483,1.35335,1.35454,1761.49
1788454800,2026-09-03 17:00:00+00:00,1.35454,1.35465,1.3544,1.35446,1714.25
1788456600,2026-09-03 17:30:00+00:00,1.35446,1.35448,1.35399,1.354,1771.31
1788458400,2026-09-03 18:00:00+00:00,1.35408,1.35441,1.35407,1.35425,1710.85
1788460200,2026-09-03 18:30:00+00:00,1.35425,1.35428,1.35386,1.35391,1797.59
1788462000,2026-09-03 19:00:00+00:00,1.35391,1.354,1.35322,1.35327,1711.97
1788463800,2026-09-03 19:30:00+00:00,1.35327,1.35359,1.35237,1.35263,1711.69
1788465600,2026-09-03 20:00:00+00:00,1.35258,1.35298,1.35249,1.35269,1706.8700000000001
1788467400,2026-09-03 20:30:00+00:00,1.35269,1.35298,1.35243,1.3525,1751.59
1788469200,2026-09-03 21:00:00+00:00,1.35331,1.35331,1.35297,1.35304,1712.8
1788471000,2026-09-03 21:30:00+00:00,1.35304,1.35308,1.35256,1.35256,1742.51
1788472800,2026-09-03 22:00:00+00:00,1.35265,1.35265,1.35249,1.35262,1709.51
1788474600,2026-09-03 22:30:00+00:00,1.35262,1.35265,1.35236,1.35243,1706.54
1788476400,2026-09-03 23:00:00+00:00,1.35247,1.3528,1.35243,1.35266,1782.95
1788478200,2026-09-03 23:30:00+00:00,1.35266,1.35292,1.35256,1.35291,1756.85
1788480000,2026-09-04 00:00:00+00:00,1.35292,1.35313,1.35259,1.35302,1762.52
1788481800,2026-09-04 00:30:00+00:00,1.35302,1.35338,1.35285,1.35305,1769.45
1788483600,2026-09-04 01:00:00+00:00,1.35309,1.35313,1.35292,1.35298,1717.97
1788485400,2026-09-04 01:30:00+00:00,1.35298,1.35353,1.35296,1.35353,1695.5
1788487200,2026-09-04 02:00:00+00:00,1.35349,1.35359,1.35308,1.3532,1684.93
1788489000,2026-09-04 02:30:00+00:00,1.3532,1.35377,1.35305,1.3532,1740.26
1788490800,2026-09-04 03:00:00+00:00,1.3532,1.35342,1.35272,1.35304,1771.53
1788492600,2026-09-04 03:30:00+00:00,1.35304,1.35353,1.3527,1.353,1730.04
1788494400,2026-09-04 04:00:00+00:00,1.35302,1.35326,1.35302,1.35326,1789.59
1788496200,2026-09-04 04:30:00+00:00,1.35326,1.35331,1.35307,1.35322,1730.1399999999999
1788498000,2026-09-04 05:00:00+00:00,1.3532,1.3535,1.35307,1.35341,1670.83
1788499800,2026-09-04 05:30:00+00:00,1.35341,1.3536,1.35307,1.35356,1787.48
1788501600,2026-09-04 06:00:00+00:00,1.35362,1.35399,1.35362,1.35371,1781.13
1788503400,2026-09-04 06:30:00+00:00,1.35371,1.35454,1.35363,1.35417,1736.9
1788505200,2026-09-04 07:00:00+00:00,1.35441,1.35479,1.35385,1.3543,1715.13
1788507000,2026-09-04 07:30:00+00:00,1.3543,1.3543,1.3534,1.35345,1726.6
1788508800,2026-09-04 08:00:00+00:00,1.35356,1.35435,1.35311,1.35327,1802.91
1788510600,2026-09-04 08:30:00+00:00,1.35327,1.35387,1.35317,1.35334,1727.74
1788512400,2026-09-04 09:00:00+00:00,1.35314,1.35325,1.35285,1.35288,1776.17
1788514200,2026-09-04 09:30:00+00:00,1.35288,1.35312,1.35232,1.35236,1773.42
1788516000,2026-09-04 10:00:00+00:00,1.35237,1.35353,1.35232,1.35258,1703.5
1788517800,2026-09-04 10:30:00+00:00,1.35258,1.35331,1.35244,1.35323,1757.55
1788519600,2026-09-04 11:00:00+00:00,1.35327,1.35391,1.35323,1.3538,1784.43
1788521400,2026-09-04 11:30:00+00:00,1.3538,1.35381,1.35323,1.35331,1727.3700000000001
1788523200,2026-09-04 12:00:00+00:00,1.35362,1.35362,1.34896,1.35004,1743.75
1788525000,2026-09-04 12:30:00+00:00,1.35004,1.35279,1.34964,1.35046,1647.26
1788526800,2026-09-04 13:00:00+00:00,1.34958,1.35243,1.34958,1.35205,1737.74
1788528600,2026-09-04 13:30:00+00:00,1.35205,1.35227,1.35058,1.35069,1759.78
1788530400,2026-09-04 14:00:00+00:00,1.35066,1.35232,1.35066,1.35086,1745.27
1788532200,2026-09-04 14:30:00+00:00,1.35086,1.35153,1.35066,1.3515,1742.6399999999999
1788534000,2026-09-04 15:00:00+00:00,1.35113,1.35252,1.35113,1.3523,1764.02
1788535800,2026-09-04 15:30:00+00:00,1.3523,1.35239,1.35168,1.3521,1777.76
1788537600,2026-09-04 16:00:00+00:00,1.35223,1.35243,1.35184,1.35192,1793.99
1788539400,2026-09-04 16:30:00+00:00,1.35192,1.35199,1.35186,1.35192,1730.58
1788541200,2026-09-04 17:00:00+00:00,1.35177,1.35177,1.35136,1.35161,1810.91
1788543000,2026-09-04 17:30:00+00:00,1.35161,1.35163,1.35122,1.35137,1679.6100000000001
1788544800,2026-09-04 18:00:00+00:00,1.35146,1.35146,1.35117,1.3512,1736.17
1788546600,2026-09-04 18:30:00+00:00,1.3512,1.35144,1.35117,1.35142,1764.0
1788548400,2026-09-04 19:00:00+00:00,1.35141,1.35221,1.35141,1.35186,1736.35
1788550200,2026-09-04 19:30:00+00:00,1.35186,1.35221,1.35156,1.35195,1742.6
1788552000,2026-09-04 20:00:00+00:00,1.35184,1.35199,1.35184,1.35186,1741.29
1788553800,2026-09-04 20:30:00+00:00,1.35186,1.35188,1.3515,1.3517,1756.99
1788555600,2026-09-04 21:00:00+00:00,1.3517,1.3517,1.3517,1.3517,1744.14
1788557400,2026-09-04 21:30:00+00:00,1.3517,1.3517,1.3517,1.3517,1720.83
1788735600,2026-09-06 23:00:00+00:00,1.35172,1.35196,1.35172,1.35195,1683.35
1788737400,2026-09-06 23:30:00+00:00,1.35195,1.35203,1.35172,1.35177,1724.96
1788739200,2026-09-07 00:00:00+00:00,1.35181,1.35225,1.35165,1.35173,1733.89
1788741000,2026-09-07 00:30:00+00:00,1.35173,1.3522,1.35163,1.35206,1721.76
1788742800,2026-09-07 01:00:00+00:00,1.35201,1.35201,1.35163,1.35201,1687.75
1788744600,2026-09-07 01:30:00+00:00,1.35201,1.35201,1.35122,1.35122,1690.79
1788746400,2026-09-07 02:00:00+00:00,1.35128,1.35128,1.35066,1.3507,1710.0
1788748200,2026-09-07 02:30:00+00:00,1.3507,1.35081,1.35066,1.35075,1730.69
1788750000,2026-09-07 03:00:00+00:00,1.35075,1.3513,1.35073,1.35125,1727.8
1788751800,2026-09-07 03:30:00+00:00,1.35125,1.35126,1.35073,1.35111,1750.82
1788753600,2026-09-07 04:00:00+00:00,1.35115,1.35124,1.35089,1.35109,1752.76
1788755400,2026-09-07 04:30:00+00:00,1.35109,1.35124,1.35094,1.35124,1788.03
1788757200,2026-09-07 05:00:00+00:00,1.35121,1.35164,1.35102,1.3516,1745.4
1788759000,2026-09-07 05:30:00+00:00,1.3516,1.35194,1.3515,1.35192,1756.84
1788760800,2026-09-07 06:00:00+00:00,1.35184,1.35313,1.35164,1.35233,1745.41
1788762600,2026-09-07 06:30:00+00:00,1.35233,1.35272,1.35152,1.35269,1724.27
1788764400,2026-09-07 07:00:00+00:00,1.35269,1.35272,1.35228,1.3525,1729.62
1788766200,2026-09-07 07:30:00+00:00,1.3525,1.35331,1.35237,1.35331,1716.27
1788768000,2026-09-07 08:00:00+00:00,1.35325,1.3545,1.35313,1.3532,1829.62
1788769800,2026-09-07 08:30:00+00:00,1.3532,1.35413,1.35318,1.35358,1718.93
1788771600,2026-09-07 09:00:00+00:00,1.35353,1.35359,1.35333,1.35353,1785.2
1788773400,2026-09-07 09:30:00+00:00,1.35353,1.35433,1.35339,1.35366,1674.56
1788775200,2026-09-07 10:00:00+00:00,1.35366,1.35411,1.35342,1.35394,1705.7
1788777000,2026-09-07 10:30:00+00:00,1.35394,1.35407,1.35385,1.35393,1751.87
1788778800,2026-09-07 11:00:00+00:00,1.35402,1.35402,1.35341,1.35351,1777.13
1788780600,2026-09-07 11:30:00+00:00,1.35351,1.35353,1.35333,1.35333,1680.6
1788782400,2026-09-07 12:00:00+00:00,1.35333,1.35361,1.35296,1.35296,1724.41
1788784200,2026-09-07 12:30:00+00:00,1.35296,1.35391,1.35296,1.35378,1752.38
1788786000,2026-09-07 13:00:00+00:00,1.35386,1.35402,1.35365,1.35366,1680.86
1788787800,2026-09-07 13:30:00+00:00,1.35366,1.35389,1.3536,1.35388,1707.17
1788789600,2026-09-07 14:00:00+00:00,1.35386,1.35463,1.35371,1.35447,1758.91
1788791400,2026-09-07 14:30:00+00:00,1.35447,1.35463,1.35418,1.35463,1732.57
1788793200,2026-09-07 15:00:00+00:00,1.35463,1.35476,1.35419,1.35422,1730.41
1788795000,2026-09-07 15:30:00+00:00,1.35422,1.35451,1.354,1.35402,1727.4
1788796800,2026-09-07 16:00:00+00:00,1.35404,1.35456,1.35389,1.35439,1727.58
1788798600,2026-09-07 16:30:00+00:00,1.35439,1.35481,1.35436,1.35474,1728.51
1788800400,2026-09-07 17:00:00+00:00,1.35461,1.35463,1.35448,1.35453,1758.3
1788802200,2026-09-07 17:30:00+00:00,1.35453,1.35457,1.35422,1.3543,1687.18
1788804000,2026-09-07 18:00:00+00:00,1.35432,1.35433,1.3541,1.35432,1752.26
1788805800,2026-09-07 18:30:00+00:00,1.35432,1.35433,1.35413,1.35419,1764.14
1788807600,2026-09-07 19:00:00+00:00,1.35422,1.35422,1.35403,1.35406,1723.98
1788809400,2026-09-07 19:30:00+00:00,1.35406,1.35415,1.35395,1.35404,1747.75
1788811200,2026-09-07 20:00:00+00:00,1.35402,1.35414,1.35402,1.35412,1736.13
1788813000,2026-09-07 20:30:00+00:00,1.35412,1.35417,1.35411,1.35413,1768.18
1788814800,2026-09-07 21:00:00+00:00,1.35463,1.35463,1.35448,1.35459,1750.42
1788816600,2026-09-07 21:30:00+00:00,1.35459,1.35462,1.35393,1.35433,1735.01
1788818400,2026-09-07 22:00:00+00:00,1.3543,1.35431,1.35417,1.35419,1783.91
1788820200,2026-09-07 22:30:00+00:00,1.35419,1.35443,1.35419,1.35432,1702.81
1788822000,2026-09-07 23:00:00+00:00,1.35435,1.35494,1.35435,1.35444,1692.76
1788823800,2026-09-07 23:30:00+00:00,1.35444,1.35476,1.35435,1.35474,1771.53
1788825600,2026-09-08 00:00:00+00:00,1.35466,1.35492,1.35438,1.3545,1730.04
1788827400,2026-09-08 00:30:00+00:00,1.3545,1.3547,1.35421,1.35433,1755.3799999999999
1788829200,2026-09-08 01:00:00+00:00,1.35435,1.35458,1.3542,1.35424,1718.19
1788831000,2026-09-08 01:30:00+00:00,1.35424,1.35501,1.35419,1.35481,1734.5
1788832800,2026-09-08 02:00:00+00:00,1.35487,1.35492,1.35374,1.3541,1747.6499999999999
1788834600,2026-09-08 02:30:00+00:00,1.3541,1.35415,1.35351,1.35353,1788.68
1788836400,2026-09-08 03:00:00+00:00,1.35342,1.35396,1.35342,1.35392,1774.24
1788838200,2026-09-08 03:30:00+00:00,1.35392,1.35402,1.35376,1.35384,1701.81
1788840000,2026-09-08 04:00:00+00:00,1.35389,1.35392,1.35364,1.35381,1775.42
1788841800,2026-09-08 04:30:00+00:00,1.35381,1.35404,1.35365,1.35402,1738.87
1788843600,2026-09-08 05:00:00+00:00,1.354,1.35441,1.35377,1.35394,1677.04
1788845400,2026-09-08 05:30:00+00:00,1.35394,1.35441,1.35393,1.35441,1690.41
1788847200,2026-09-08 06:00:00+00:00,1.35446,1.35533,1.35394,1.35497,1767.04
1788849000,2026-09-08 06:30:00+00:00,1.35497,1.35499,1.35356,1.35378,1682.9
1788850800,2026-09-08 07:00:00+00:00,1.3536,1.35411,1.35355,1.35378,1721.69
1788852600,2026-09-08 07:30:00+00:00,1.35378,1.3539,1.3528,1.35314,1770.56
1788854400,2026-09-08 08:00:00+00:00,1.3532,1.35351,1.35247,1.35254,1699.76
1788856200,2026-09-08 08:30:00+00:00,1.35254,1.35292,1.35239,1.35252,1749.78
1788858000,2026-09-08 09:00:00+00:00,1.35247,1.3526,1.35241,1.35259,1693.31
1788859800,2026-09-08 09:30:00+00:00,1.35259,1.35333,1.35251,1.35314,1722.52
1788861600,2026-09-08 10:00:00+00:00,1.35289,1.35325,1.35232,1.35232,1736.23
1788863400,2026-09-08 10:30:00+00:00,1.35232,1.3536,1.35227,1.35291,1711.94
1788865200,2026-09-08 11:00:00+00:00,1.35283,1.35454,1.35232,1.35377,1753.8899999999999
1788867000,2026-09-08 11:30:00+00:00,1.35377,1.35454,1.3527,1.35454,1713.37
1788868800,2026-09-08 12:00:00+00:00,1.35433,1.35479,1.35433,1.35476,1706.9
1788870600,2026-09-08 12:30:00+00:00,1.35476,1.3556,1.35462,1.3554,1734.1299999999999
1788872400,2026-09-08 13:00:00+00:00,1.35538,1.35615,1.35498,1.35523,1753.56
1788874200,2026-09-08 13:30:00+00:00,1.35523,1.35558,1.35487,1.35511,1753.83
1788876000,2026-09-08 14:00:00+00:00,1.35531,1.35566,1.3543,1.35454,1725.49
1788877800,2026-09-08 14:30:00+00:00,1.35454,1.35527,1.35449,1.35523,1803.79
1788879600,2026-09-08 15:00:00+00:00,1.3552,1.35542,1.3544,1.35449,1736.92
1788881400,2026-09-08 15:30:00+00:00,1.35449,1.35514,1.35406,1.35422,1692.81
1788883200,2026-09-08 16:00:00+00:00,1.35417,1.35417,1.35313,1.3535,1771.66
1788885000,2026-09-08 16:30:00+00:00,1.3535,1.35409,1.35346,1.35356,1722.83
1788886800,2026-09-08 17:00:00+00:00,1.35382,1.354,1.35369,1.35397,1731.46
1788888600,2026-09-08 17:30:00+00:00,1.35397,1.35421,1.35393,1.35421,1722.92
1788890400,2026-09-08 18:00:00+00:00,1.35421,1.35476,1.354,1.35437,1714.05
1788892200,2026-09-08 18:30:00+00:00,1.35437,1.35509,1.35435,1.35448,1757.01
1788894000,2026-09-08 19:00:00+00:00,1.3547,1.35476,1.35386,1.35388,1722.18
1788895800,2026-09-08 19:30:00+00:00,1.35388,1.35477,1.35386,1.35404,1720.88
1788897600,2026-09-08 20:00:00+00:00,1.354,1.35421,1.35367,1.35413,1696.73
1788899400,2026-09-08 20:30:00+00:00,1.35413,1.35419,1.35375,1.35406,1764.04
1788901200,2026-09-08 21:00:00+00:00,1.35353,1.35395,1.35352,1.35354,1789.54
1788903000,2026-09-08 21:30:00+00:00,1.35354,1.35375,1.35347,1.35371,1715.92
1788904800,2026-09-08 22:00:00+00:00,1.35395,1.35422,1.35395,1.35408,1730.5
1788906600,2026-09-08 22:30:00+00:00,1.35408,1.35414,1.35401,1.35413,1768.0
1788908400,2026-09-08 23:00:00+00:00,1.3541,1.35421,1.35408,1.35413,1759.63
1788910200,2026-09-08 23:30:00+00:00,1.35413,1.35443,1.35412,1.35437,1769.98
1788912000,2026-09-09 00:00:00+00:00,1.3545,1.35483,1.35441,1.35481,1679.33
1788913800,2026-09-09 00:30:00+00:00,1.35481,1.35483,1.35463,1.35483,1738.22
1788915600,2026-09-09 01:00:00+00:00,1.35476,1.35479,1.35424,1.35477,1733.52
1788917400,2026-09-09 01:30:00+00:00,1.35477,1.35479,1.3544,1.35474,1755.52
1788919200,2026-09-09 02:00:00+00:00,1.35465,1.35476,1.35417,1.35473,1748.6000000000001
1788921000,2026-09-09 02:30:00+00:00,1.35473,1.35476,1.3545,1.35476,1702.6100000000001
1788922800,2026-09-09 03:00:00+00:00,1.35468,1.3549,1.3545,1.35452,1731.95
1788924600,2026-09-09 03:30:00+00:00,1.35452,1.35466,1.3545,1.35452,1750.97
1788926400,2026-09-09 04:00:00+00:00,1.35454,1.35487,1.35452,1.35479,1761.81
1788928200,2026-09-09 04:30:00+00:00,1.35479,1.35509,1.35473,1.35505,1740.59
1788930000,2026-09-09 05:00:00+00:00,1.35511,1.35515,1.35495,1.35509,1772.7
1788931800,2026-09-09 05:30:00+00:00,1.35509,1.35553,1.3549,1.35529,1793.9
1788933600,2026-09-09 06:00:00+00:00,1.35533,1.35586,1.35533,1.35583,1718.96
1788935400,2026-09-09 06:30:00+00:00,1.35583,1.35636,1.35583,1.35597,1744.36
1788937200,2026-09-09 07:00:00+00:00,1.35606,1.35641,1.35577,1.35623,1709.8400000000001
1788939000,2026-09-09 07:30:00+00:00,1.35623,1.3568,1.35581,1.35588,1705.24
1788940800,2026-09-09 08:00:00+00:00,1.35591,1.35591,1.35532,1.35544,1714.39
1788942600,2026-09-09 08:30:00+00:00,1.35544,1.35551,1.3543,1.35433,1687.14
1788944400,2026-09-09 09:00:00+00:00,1.35432,1.35487,1.35333,1.3548,1755.23
1788946200,2026-09-09 09:30:00+00:00,1.3548,1.35485,1.35333,1.35333,1689.99
1788948000,2026-09-09 10:00:00+00:00,1.35342,1.35424,1.3533,1.35343,1756.97
1788949800,2026-09-09 10:30:00+00:00,1.35343,1.35385,1.35313,1.35367,1712.3700000000001
1788951600,2026-09-09 11:00:00+00:00,1.35371,1.35463,1.35367,1.35426,1758.22
1788953400,2026-09-09 11:30:00+00:00,1.35426,1.35639,1.35396,1.3561,1710.94
1788955200,2026-09-09 12:00:00+00:00,1.35634,1.35656,1.35487,1.35493,1715.26
1788957000,2026-09-09 12:30:00+00:00,1.35493,1.35526,1.35489,1.35501,1779.41
1788958800,2026-09-09 13:00:00+00:00,1.35516,1.35527,1.35496,1.35511,1725.56
1788960600,2026-09-09 13:30:00+00:00,1.35511,1.35613,1.35496,1.35582,1706.77
1788962400,2026-09-09 14:00:00+00:00,1.35579,1.35622,1.35579,1.35614,1768.25
1788964200,2026-09-09 14:30:00+00:00,1.35614,1.35632,1.35606,1.3563,1771.39
1788966000,2026-09-09 15:00:00+00:00,1.35628,1.35628,1.35457,1.35504,1704.57
1788967800,2026-09-09 15:30:00+00:00,1.35504,1.35507,1.35362,1.3547,1694.24
1788969600,2026-09-09 16:00:00+00:00,1.35477,1.3556,1.35475,1.35517,1798.05
1788971400,2026-09-09 16:30:00+00:00,1.35517,1.35523,1.35461,1.3552,1694.44
1788973200,2026-09-09 17:00:00+00:00,1.35527,1.35606,1.35525,1.3555,1674.97
1788975000,2026-09-09 17:30:00+00:00,1.3555,1.35598,1.35523,1.35595,1723.33
1788976800,2026-09-09 18:00:00+00:00,1.35601,1.35601,1.35509,1.35577,1769.32
1788978600,2026-09-09 18:30:00+00:00,1.35577,1.35601,1.35455,1.35465,1754.73
1788980400,2026-09-09 19:00:00+00:00,1.35463,1.35477,1.35424,1.35474,1747.36
1788982200,2026-09-09 19:30:00+00:00,1.35474,1.35477,1.3546,1.35461,1732.23
1788984000,2026-09-09 20:00:00+00:00,1.35457,1.35476,1.35415,1.35473,1798.8
1788985800,2026-09-09 20:30:00+00:00,1.35473,1.35485,1.3547,1.35485,1709.07
1788987600,2026-09-09 21:00:00+00:00,1.35573,1.35599,1.35551,1.35554,1754.44
1788989400,2026-09-09 21:30:00+00:00,1.35554,1.35559,1.35461,1.35481,1713.12
1788991200,2026-09-09 22:00:00+00:00,1.355,1.35507,1.35461,1.35495,1774.7
1788993000,2026-09-09 22:30:00+00:00,1.35495,1.35527,1.35487,1.35525,1719.4
1788994800,2026-09-09 23:00:00+00:00,1.35527,1.35532,1.35509,1.35511,1698.48
1788996600,2026-09-09 23:30:00+00:00,1.35511,1.35536,1.35494,1.35494,1754.41
1788998400,2026-09-10 00:00:00+00:00,1.35494,1.35496,1.35463,1.35465,1741.29
1789000200,2026-09-10 00:30:00+00:00,1.35465,1.35498,1.35454,1.35465,1734.66
1789002000,2026-09-10 01:00:00+00:00,1.3547,1.35514,1.35461,1.35484,1695.75
1789003800,2026-09-10 01:30:00+00:00,1.35484,1.35582,1.35462,1.35582,1733.35
1789005600,2026-09-10 02:00:00+00:00,1.35582,1.35601,1.35551,1.35558,1742.96
1789007400,2026-09-10 02:30:00+00:00,1.35558,1.35597,1.35529,1.35593,1700.78
1789009200,2026-09-10 03:00:00+00:00,1.35602,1.35602,1.35568,1.35572,1709.25
1789011000,2026-09-10 03:30:00+00:00,1.35572,1.3558,1.35547,1.35575,1735.81
1789012800,2026-09-10 04:00:00+00:00,1.35569,1.35575,1.35534,1.35566,1684.78
1789014600,2026-09-10 04:30:00+00:00,1.35566,1.35572,1.35531,1.3554,1769.45
1789016400,2026-09-10 05:00:00+00:00,1.35553,1.35569,1.35531,1.35551,1737.83
1789018200,2026-09-10 05:30:00+00:00,1.35551,1.35586,1.35539,1.35586,1795.25
1789020000,2026-09-10 06:00:00+00:00,1.3558,1.35591,1.35549,1.35571,1751.96
1789021800,2026-09-10 06:30:00+00:00,1.35571,1.35582,1.35553,1.35577,1759.57
1789023600,2026-09-10 07:00:00+00:00,1.35569,1.35569,1.35556,1.35566,1741.73
1789025400,2026-09-10 07:30:00+00:00,1.35566,1.35569,1.35516,1.3554,1751.44
1789027200,2026-09-10 08:00:00+00:00,1.3554,1.35565,1.35472,1.35559,1806.23
1789029000,2026-09-10 08:30:00+00:00,1.35559,1.35571,1.35525,1.35571,1738.81
1789030800,2026-09-10 09:00:00+00:00,1.35569,1.35577,1.35495,1.35513,1740.99
1789032600,2026-09-10 09:30:00+00:00,1.35513,1.35521,1.3543,1.3549,1790.3899999999999
1789034400,2026-09-10 10:00:00+00:00,1.35492,1.35534,1.35424,1.35471,1733.56
1789036200,2026-09-10 10:30:00+00:00,1.35471,1.35472,1.35375,1.35397,1777.79
1789038000,2026-09-10 11:00:00+00:00,1.35389,1.35397,1.35347,1.35359,1711.0
1789039800,2026-09-10 11:30:00+00:00,1.35359,1.3536,1.35278,1.35298,1772.97
1789041600,2026-09-10 12:00:00+00:00,1.35302,1.35302,1.35183,1.35189,1787.0
1789043400,2026-09-10 12:30:00+00:00,1.35189,1.35216,1.34935,1.35084,1749.07
1789045200,2026-09-10 13:00:00+00:00,1.35106,1.3519,1.3502,1.35028,1704.61
1789047000,2026-09-10 13:30:00+00:00,1.35028,1.35201,1.34987,1.35175,1723.57
1789048800,2026-09-10 14:00:00+00:00,1.35177,1.35218,1.35144,1.35204,1737.48
1789050600,2026-09-10 14:30:00+00:00,1.35204,1.35292,1.35179,1.35292,1800.54
1789052400,2026-09-10 15:00:00+00:00,1.35292,1.3532,1.35272,1.35313,1760.69
1789054200,2026-09-10 15:30:00+00:00,1.35313,1.35336,1.35272,1.35314,1720.5900000000001
1789056000,2026-09-10 16:00:00+00:00,1.3532,1.35322,1.35228,1.35253,1779.7
1789057800,2026-09-10 16:30:00+00:00,1.35253,1.35265,1.35228,1.35245,1679.1
1789059600,2026-09-10 17:00:00+00:00,1.35236,1.35303,1.3522,1.35251,1745.93
1789061400,2026-09-10 17:30:00+00:00,1.35251,1.3527,1.35208,1.35208,1706.62
1789063200,2026-09-10 18:00:00+00:00,1.35208,1.35212,1.35123,1.35154,1761.18
1789065000,2026-09-10 18:30:00+00:00,1.35154,1.35188,1.35111,1.35133,1762.02
1789066800,2026-09-10 19:00:00+00:00,1.35131,1.35131,1.35086,1.35096,1764.63
1789068600,2026-09-10 19:30:00+00:00,1.35096,1.35106,1.35082,1.351,1751.42
1789070400,2026-09-10 20:00:00+00:00,1.35097,1.3512,1.35049,1.3507,1807.5
1789072200,2026-09-10 20:30:00+00:00,1.3507,1.35124,1.35055,1.35124,1792.9
1789074000,2026-09-10 21:00:00+00:00,1.35195,1.35197,1.35027,1.35189,1783.67
1789075800,2026-09-10 21:30:00+00:00,1.35189,1.35193,1.3511,1.35124,1742.27
1789077600,2026-09-10 22:00:00+00:00,1.35108,1.35121,1.35104,1.3512,1734.85
1789079400,2026-09-10 22:30:00+00:00,1.3512,1.35133,1.35119,1.35126,1704.9
1789081200,2026-09-10 23:00:00+00:00,1.35117,1.35118,1.35091,1.35098,1772.6200000000001
1789083000,2026-09-10 23:30:00+00:00,1.35098,1.35131,1.35097,1.35104,1715.9
1789084800,2026-09-11 00:00:00+00:00,1.3511,1.35136,1.3511,1.35134,1752.48
1789086600,2026-09-11 00:30:00+00:00,1.35134,1.35159,1.35134,1.35159,1712.92
1789088400,2026-09-11 01:00:00+00:00,1.35159,1.35164,1.3508,1.35096,1732.2
1789090200,2026-09-11 01:30:00+00:00,1.35096,1.35121,1.35079,1.35088,1741.66
1789092000,2026-09-11 02:00:00+00:00,1.35089,1.35089,1.35031,1.35034,1724.23
1789093800,2026-09-11 02:30:00+00:00,1.35034,1.35052,1.35011,1.35048,1748.58
1789095600,2026-09-11 03:00:00+00:00,1.35048,1.35049,1.34965,1.34995,1785.96
1789097400,2026-09-11 03:30:00+00:00,1.34995,1.35027,1.34958,1.35002,1758.21
1789099200,2026-09-11 04:00:00+00:00,1.34996,1.35053,1.34995,1.3501,1748.14
1789101000,2026-09-11 04:30:00+00:00,1.3501,1.35069,1.34995,1.35037,1709.09
1789102800,2026-09-11 05:00:00+00:00,1.35027,1.35123,1.35026,1.35058,1764.31
1789104600,2026-09-11 05:30:00+00:00,1.35058,1.35146,1.3505,1.35113,1770.5
1789106400,2026-09-11 06:00:00+00:00,1.35164,1.35265,1.35146,1.35223,1724.1299999999999
1789108200,2026-09-11 06:30:00+00:00,1.35223,1.35255,1.35195,1.3525,1685.3700000000001
1789110000,2026-09-11 07:00:00+00:00,1.35261,1.35261,1.35197,1.35227,1779.0
1789111800,2026-09-11 07:30:00+00:00,1.35227,1.35233,1.35146,1.35163,1734.44
1789113600,2026-09-11 08:00:00+00:00,1.35164,1.35173,1.3508,1.35091,1726.68
1789115400,2026-09-11 08:30:00+00:00,1.35091,1.35113,1.35057,1.35064,1783.17
1789117200,2026-09-11 09:00:00+00:00,1.35068,1.35126,1.34995,1.35073,1765.05
1789119000,2026-09-11 09:30:00+00:00,1.35073,1.35121,1.35041,1.35084,1774.5
1789120800,2026-09-11 10:00:00+00:00,1.35099,1.35126,1.35026,1.35072,1708.06
1789122600,2026-09-11 10:30:00+00:00,1.35072,1.35115,1.35026,1.35053,1721.3
1789124400,2026-09-11 11:00:00+00:00,1.35068,1.3511,1.35036,1.35037,1748.53
1789126200,2026-09-11 11:30:00+00:00,1.35037,1.35043,1.35029,1.35029,1753.24
1789128000,2026-09-11 12:00:00+00:00,1.35058,1.35197,1.34838,1.35186,1771.19
1789129800,2026-09-11 12:30:00+00:00,1.35186,1.35223,1.35115,1.35223,1737.45
1789131600,2026-09-11 13:00:00+00:00,1.35254,1.35268,1.35157,1.35242,1686.24
1789133400,2026-09-11 13:30:00+00:00,1.35242,1.35338,1.35157,1.35338,1758.27
1789135200,2026-09-11 14:00:00+00:00,1.35281,1.35334,1.35225,1.35331,1761.56
1789137000,2026-09-11 14:30:00+00:00,1.35331,1.35334,1.35292,1.353,1728.82
1789138800,2026-09-11 15:00:00+00:00,1.35294,1.35316,1.35237,1.3524,1708.59
1789140600,2026-09-11 15:30:00+00:00,1.3524,1.35244,1.35188,1.35208,1673.63
1789142400,2026-09-11 16:00:00+00:00,1.35223,1.35257,1.3521,1.35256,1776.23
1789144200,2026-09-11 16:30:00+00:00,1.35256,1.35261,1.35223,1.35239,1777.41
1789146000,2026-09-11 17:00:00+00:00,1.3523,1.3526,1.35179,1.35254,1753.9
1789147800,2026-09-11 17:30:00+00:00,1.35254,1.35269,1.35213,1.35237,1743.13
1789149600,2026-09-11 18:00:00+00:00,1.35236,1.35262,1.35197,1.3524,1818.3999999999999
1789151400,2026-09-11 18:30:00+00:00,1.3524,1.35281,1.35206,1.3525,1745.1
1789153200,2026-09-11 19:00:00+00:00,1.35239,1.35283,1.35239,1.35243,1755.35
1789155000,2026-09-11 19:30:00+00:00,1.35243,1.35271,1.35239,1.3527,1750.52
1789156800,2026-09-11 20:00:00+00:00,1.3528,1.35291,1.35236,1.35286,1767.42
1789158600,2026-09-11 20:30:00+00:00,1.35286,1.35291,1.35274,1.35287,1742.1200000000001
1789160400,2026-09-11 21:00:00+00:00,1.35289,1.35289,1.35289,1.35289,1719.02
1789162200,2026-09-11 21:30:00+00:00,1.35289,1.35289,1.35289,1.35289,1711.56
1789340400,2026-09-13 23:00:00+00:00,1.35232,1.35252,1.35206,1.35249,1780.44
1789342200,2026-09-13 23:30:00+00:00,1.35249,1.35265,1.35246,1.35259,1719.4
1789344000,2026-09-14 00:00:00+00:00,1.35243,1.3528,1.35178,1.35197,1779.58
1789345800,2026-09-14 00:30:00+00:00,1.35197,1.35218,1.35163,1.35188,1801.67
1789347600,2026-09-14 01:00:00+00:00,1.35186,1.35192,1.35135,1.35181,1748.83
1789349400,2026-09-14 01:30:00+00:00,1.35181,1.35192,1.35165,1.35175,1725.79
1789351200,2026-09-14 02:00:00+00:00,1.35197,1.35197,1.3513,1.35148,1726.6
1789353000,2026-09-14 02:30:00+00:00,1.35148,1.3515,1.35128,1.3513,1741.33
1789354800,2026-09-14 03:00:00+00:00,1.35117,1.35117,1.35099,1.35106,1754.06
1789356600,2026-09-14 03:30:00+00:00,1.35106,1.35112,1.35038,1.3506,1703.55
1789358400,2026-09-14 04:00:00+00:00,1.35058,1.35064,1.35035,1.35062,1781.39
1789360200,2026-09-14 04:30:00+00:00,1.35062,1.35071,1.35026,1.35042,1782.02
1789362000,2026-09-14 05:00:00+00:00,1.3504,1.35045,1.35015,1.35032,1762.8600000000001
1789363800,2026-09-14 05:30:00+00:00,1.35032,1.35064,1.3503,1.35062,1708.09
1789365600,2026-09-14 06:00:00+00:00,1.35055,1.35055,1.34911,1.35033,1772.08
1789367400,2026-09-14 06:30:00+00:00,1.35033,1.35049,1.34876,1.34915,1767.15
1789369200,2026-09-14 07:00:00+00:00,1.34904,1.34991,1.34889,1.3495,1727.1
1789371000,2026-09-14 07:30:00+00:00,1.3495,1.34957,1.34898,1.34924,1807.71
1789372800,2026-09-14 08:00:00+00:00,1.34913,1.34913,1.34819,1.34823,1676.78
1789374600,2026-09-14 08:30:00+00:00,1.34823,1.34853,1.34802,1.34842,1745.18
1789376400,2026-09-14 09:00:00+00:00,1.34853,1.34911,1.34747,1.34901,1722.56
1789378200,2026-09-14 09:30:00+00:00,1.34901,1.34913,1.34874,1.34882,1774.26
1789380000,2026-09-14 10:00:00+00:00,1.34854,1.34887,1.34791,1.3481,1801.45
1789381800,2026-09-14 10:30:00+00:00,1.3481,1.34886,1.34795,1.34862,1748.8
1789383600,2026-09-14 11:00:00+00:00,1.34867,1.34922,1.34867,1.34882,1774.76
1789385400,2026-09-14 11:30:00+00:00,1.34882,1.34966,1.3487,1.34909,1770.81
1789387200,2026-09-14 12:00:00+00:00,1.3492,1.34955,1.34803,1.34941,1688.39
1789389000,2026-09-14 12:30:00+00:00,1.34941,1.34942,1.34684,1.34686,1757.25
1789390800,2026-09-14 13:00:00+00:00,1.34691,1.34776,1.34653,1.34665,1711.83
1789392600,2026-09-14 13:30:00+00:00,1.34665,1.34776,1.34659,1.34684,1717.49
1789394400,2026-09-14 14:00:00+00:00,1.34696,1.34818,1.34684,1.34708,1703.66
1789396200,2026-09-14 14:30:00+00:00,1.34708,1.34778,1.34658,1.34745,1783.72
1789398000,2026-09-14 15:00:00+00:00,1.34765,1.34915,1.34742,1.34911,1765.44
1789399800,2026-09-14 15:30:00+00:00,1.34911,1.34936,1.34864,1.34929,1717.51
1789401600,2026-09-14 16:00:00+00:00,1.34938,1.35091,1.34915,1.34915,1727.8
1789403400,2026-09-14 16:30:00+00:00,1.34915,1.35086,1.34915,1.3506,1760.48
1789405200,2026-09-14 17:00:00+00:00,1.35071,1.35099,1.35069,1.35081,1725.07
1789407000,2026-09-14 17:30:00+00:00,1.35081,1.35097,1.35049,1.35084,1740.87
1789408800,2026-09-14 18:00:00+00:00,1.3508,1.3509,1.35069,1.35087,1692.62
1789410600,2026-09-14 18:30:00+00:00,1.35087,1.35141,1.35084,1.35111,1710.32
1789412400,2026-09-14 19:00:00+00:00,1.35119,1.35122,1.35048,1.35092,1746.1399999999999
1789414200,2026-09-14 19:30:00+00:00,1.35092,1.35122,1.35006,1.35006,1767.02
1789416000,2026-09-14 20:00:00+00:00,1.34991,1.35022,1.34975,1.34982,1727.68
1789417800,2026-09-14 20:30:00+00:00,1.34982,1.35022,1.34967,1.35011,1805.06
1789419600,2026-09-14 21:00:00+00:00,1.35046,1.35104,1.34991,1.34994,1664.84
1789421400,2026-09-14 21:30:00+00:00,1.34994,1.3505,1.34973,1.34993,1808.69
1789423200,2026-09-14 22:00:00+00:00,1.35006,1.3502,1.34988,1.34988,1738.25
1789425000,2026-09-14 22:30:00+00:00,1.34988,1.35053,1.34984,1.35053,1772.2
1789426800,2026-09-14 23:00:00+00:00,1.3504,1.35049,1.35035,1.35041,1740.48
1789428600,2026-09-14 23:30:00+00:00,1.35041,1.35049,1.34991,1.35017,1744.34
1789430400,2026-09-15 00:00:00+00:00,1.35004,1.35006,1.34975,1.34976,1697.29
1789432200,2026-09-15 00:30:00+00:00,1.34976,1.34985,1.34955,1.34962,1724.03
1789434000,2026-09-15 01:00:00+00:00,1.34945,1.34966,1.34869,1.34876,1734.75
1789435800,2026-09-15 01:30:00+00:00,1.34876,1.34887,1.34864,1.34867,1723.75
1789437600,2026-09-15 02:00:00+00:00,1.34878,1.34892,1.34842,1.34873,1767.77
1789439400,2026-09-15 02:30:00+00:00,1.34873,1.34898,1.34843,1.34893,1708.8700000000001
1789441200,2026-09-15 03:00:00+00:00,1.349,1.34904,1.34876,1.34877,1756.67
1789443000,2026-09-15 03:30:00+00:00,1.34877,1.34889,1.34862,1.34864,1703.85
1789444800,2026-09-15 04:00:00+00:00,1.34862,1.34864,1.34836,1.34844,1747.28
1789446600,2026-09-15 04:30:00+00:00,1.34844,1.34873,1.34838,1.34844,1730.78
1789448400,2026-09-15 05:00:00+00:00,1.34853,1.34865,1.3484,1.34863,1718.46
1789450200,2026-09-15 05:30:00+00:00,1.34863,1.34863,1.3482,1.34825,1776.03
1789452000,2026-09-15 06:00:00+00:00,1.34813,1.34814,1.34649,1.34659,1709.14
1789453800,2026-09-15 06:30:00+00:00,1.34659,1.3477,1.34649,1.34698,1734.61
1789455600,2026-09-15 07:00:00+00:00,1.34707,1.34757,1.34669,1.34692,1793.28
1789457400,2026-09-15 07:30:00+00:00,1.34692,1.34798,1.34688,1.34798,1737.41
1789459200,2026-09-15 08:00:00+00:00,1.348,1.348,1.347,1.34746,1720.32
1789461000,2026-09-15 08:30:00+00:00,1.34746,1.34787,1.34728,1.34745,1771.33
1789462800,2026-09-15 09:00:00+00:00,1.34756,1.34816,1.34756,1.34765,1775.0
1789464600,2026-09-15 09:30:00+00:00,1.34765,1.34803,1.34687,1.34795,1726.7
1789466400,2026-09-15 10:00:00+00:00,1.34796,1.34796,1.34755,1.34777,1805.83
1789468200,2026-09-15 10:30:00+00:00,1.34777,1.34786,1.34751,1.34756,1763.43
1789470000,2026-09-15 11:00:00+00:00,1.34753,1.34802,1.34753,1.34802,1716.02
1789471800,2026-09-15 11:30:00+00:00,1.34802,1.34896,1.34792,1.34849,1753.35
1789473600,2026-09-15 12:00:00+00:00,1.34836,1.3487,1.34813,1.34845,1746.49
1789475400,2026-09-15 12:30:00+00:00,1.34845,1.34885,1.34828,1.34833,1765.95
1789477200,2026-09-15 13:00:00+00:00,1.34834,1.3496,1.34804,1.34958,1757.8
1789479000,2026-09-15 13:30:00+00:00,1.34958,1.34966,1.3489,1.34938,1832.9
1789480800,2026-09-15 14:00:00+00:00,1.34927,1.34955,1.34893,1.34896,1739.84
1789482600,2026-09-15 14:30:00+00:00,1.34896,1.34923,1.34878,1.34884,1737.6
1789484400,2026-09-15 15:00:00+00:00,1.34887,1.34907,1.34786,1.34833,1733.28
1789486200,2026-09-15 15:30:00+00:00,1.34833,1.34848,1.34747,1.34789,1777.54
1789488000,2026-09-15 16:00:00+00:00,1.34778,1.34782,1.34707,1.34759,1668.48
1789489800,2026-09-15 16:30:00+00:00,1.34759,1.34816,1.34746,1.34816,1790.36
1789491600,2026-09-15 17:00:00+00:00,1.34827,1.34827,1.34796,1.3482,1722.26
1789493400,2026-09-15 17:30:00+00:00,1.3482,1.34827,1.34747,1.34751,1782.31
1789495200,2026-09-15 18:00:00+00:00,1.34755,1.34818,1.34731,1.34752,1751.27
1789497000,2026-09-15 18:30:00+00:00,1.34752,1.34814,1.34752,1.34809,1716.3
1789498800,2026-09-15 19:00:00+00:00,1.34809,1.34809,1.34775,1.34779,1739.04
1789500600,2026-09-15 19:30:00+00:00,1.34779,1.34784,1.34742,1.34742,1807.88
1789502400,2026-09-15 20:00:00+00:00,1.34742,1.34755,1.34718,1.3475,1735.58
1789504200,2026-09-15 20:30:00+00:00,1.3475,1.34782,1.34747,1.34782,1746.16
1789506000,2026-09-15 21:00:00+00:00,1.34838,1.34838,1.3481,1.34831,1739.97
1789507800,2026-09-15 21:30:00+00:00,1.34831,1.34838,1.34653,1.34738,1772.8
1789509600,2026-09-15 22:00:00+00:00,1.34789,1.348,1.34784,1.34787,1759.17
1789511400,2026-09-15 22:30:00+00:00,1.34787,1.34788,1.34744,1.34765,1814.84
1789513200,2026-09-15 23:00:00+00:00,1.3476,1.3476,1.34743,1.34759,1727.19
1789515000,2026-09-15 23:30:00+00:00,1.34759,1.3476,1.347,1.34711,1710.76
1789516800,2026-09-16 00:00:00+00:00,1.34711,1.34714,1.34675,1.34689,1794.71
1789518600,2026-09-16 00:30:00+00:00,1.34689,1.34736,1.34682,1.34702,1747.76
1789520400,2026-09-16 01:00:00+00:00,1.34693,1.34711,1.34671,1.34701,1759.06
1789522200,2026-09-16 01:30:00+00:00,1.34701,1.34703,1.34658,1.34658,1759.05
1789524000,2026-09-16 02:00:00+00:00,1.34673,1.34757,1.34669,1.34756,1743.9
1789525800,2026-09-16 02:30:00+00:00,1.34756,1.34798,1.3475,1.34796,1774.82
1789527600,2026-09-16 03:00:00+00:00,1.34807,1.34825,1.34796,1.34811,1713.01
1789529400,2026-09-16 03:30:00+00:00,1.34811,1.34817,1.34782,1.34804,1776.05
1789531200,2026-09-16 04:00:00+00:00,1.34807,1.34831,1.34805,1.34827,1717.82
1789533000,2026-09-16 04:30:00+00:00,1.34827,1.34862,1.34827,1.34849,1735.09
1789534800,2026-09-16 05:00:00+00:00,1.34851,1.34884,1.34841,1.34866,1740.13
1789536600,2026-09-16 05:30:00+00:00,1.34866,1.34953,1.3484,1.34924,1780.83
1789538400,2026-09-16 06:00:00+00:00,1.34911,1.34911,1.34885,1.34905,1773.68
1789540200,2026-09-16 06:30:00+00:00,1.34905,1.34907,1.34767,1.34809,1720.96
1789542000,2026-09-16 07:00:00+00:00,1.34845,1.34845,1.34718,1.34734,1719.67
1789543800,2026-09-16 07:30:00+00:00,1.34734,1.34763,1.34718,1.34722,1796.26
1789545600,2026-09-16 08:00:00+00:00,1.34715,1.3474,1.34696,1.34698,1727.22
1789547400,2026-09-16 08:30:00+00:00,1.34698,1.34722,1.34675,1.34716,1710.36
1789549200,2026-09-16 09:00:00+00:00,1.34706,1.34738,1.3468,1.34682,1712.07
1789551000,2026-09-16 09:30:00+00:00,1.34682,1.34737,1.3468,1.3468,1746.34
1789552800,2026-09-16 10:00:00+00:00,1.34687,1.34708,1.34687,1.34707,1744.16
1789554600,2026-09-16 10:30:00+00:00,1.34707,1.34715,1.34666,1.34702,1732.75
1789556400,2026-09-16 11:00:00+00:00,1.34722,1.34722,1.34629,1.34658,1755.54
1789558200,2026-09-16 11:30:00+00:00,1.34658,1.34711,1.34557,1.34564,1758.03
1789560000,2026-09-16 12:00:00+00:00,1.34564,1.34604,1.34557,1.34591,1704.97
1789561800,2026-09-16 12:30:00+00:00,1.34591,1.34597,1.34486,1.3457,1755.8
1789563600,2026-09-16 13:00:00+00:00,1.34611,1.34611,1.34519,1.34529,1690.36
1789565400,2026-09-16 13:30:00+00:00,1.34529,1.34538,1.34503,1.34503,1762.13
1789567200,2026-09-16 14:00:00+00:00,1.34504,1.34569,1.34468,1.34557,1749.3899999999999
1789569000,2026-09-16 14:30:00+00:00,1.34557,1.34624,1.34539,1.34544,1734.8899999999999
1789570800,2026-09-16 15:00:00+00:00,1.34542,1.34584,1.34498,1.34542,1728.67
1789572600,2026-09-16 15:30:00+00:00,1.34542,1.34581,1.34456,1.34457,1747.9
1789574400,2026-09-16 16:00:00+00:00,1.34445,1.3451,1.34434,1.34451,1728.51
1789576200,2026-09-16 16:30:00+00:00,1.34451,1.34508,1.34434,1.34463,1757.0
1789578000,2026-09-16 17:00:00+00:00,1.34456,1.34497,1.34403,1.34455,1756.73
1789579800,2026-09-16 17:30:00+00:00,1.34455,1.34508,1.34439,1.34508,1775.43
1789581600,2026-09-16 18:00:00+00:00,1.344,1.344,1.34153,1.34229,1780.5
1789583400,2026-09-16 18:30:00+00:00,1.34229,1.34252,1.33822,1.33822,1745.53
1789585200,2026-09-16 19:00:00+00:00,1.33865,1.33915,1.33745,1.33745,1785.42
1789587000,2026-09-16 19:30:00+00:00,1.33745,1.33897,1.33745,1.33871,1711.32
1789588800,2026-09-16 20:00:00+00:00,1.33871,1.3389,1.33813,1.33834,1703.19
1789590600,2026-09-16 20:30:00+00:00,1.33834,1.33865,1.33756,1.33804,1765.92
1789592400,2026-09-16 21:00:00+00:00,1.3381,1.33834,1.33781,1.33803,1745.9
1789594200,2026-09-16 21:30:00+00:00,1.33803,1.33847,1.33783,1.33792,1743.47
1789596000,2026-09-16 22:00:00+00:00,1.33785,1.33849,1.33784,1.33815,1804.54
1789597800,2026-09-16 22:30:00+00:00,1.33815,1.33844,1.33752,1.3381,1808.84
1789599600,2026-09-16 23:00:00+00:00,1.33792,1.33862,1.33792,1.33793,1782.53
1789601400,2026-09-16 23:30:00+00:00,1.33793,1.3384,1.33792,1.33822,1800.3400000000001
1789603200,2026-09-17 00:00:00+00:00,1.33833,1.33874,1.33779,1.33817,1760.88
1789605000,2026-09-17 00:30:00+00:00,1.33817,1.33825,1.33726,1.33727,1731.85
1789606800,2026-09-17 01:00:00+00:00,1.33726,1.33741,1.33708,1.33728,1687.44
1789608600,2026-09-17 01:30:00+00:00,1.33728,1.3379,1.3371,1.33713,1805.25
1789610400,2026-09-17 02:00:00+00:00,1.3374,1.3377,1.33699,1.3371,1793.54
1789612200,2026-09-17 02:30:00+00:00,1.3371,1.33745,1.33701,1.33713,1721.77
1789614000,2026-09-17 03:00:00+00:00,1.33717,1.33751,1.33704,1.3375,1722.37
1789615800,2026-09-17 03:30:00+00:00,1.3375,1.33751,1.33711,1.3374,1770.31
1789617600,2026-09-17 04:00:00+00:00,1.33736,1.33785,1.33736,1.33769,1724.14
1789619400,2026-09-17 04:30:00+00:00,1.33769,1.33817,1.33764,1.33817,1726.02
1789621200,2026-09-17 05:00:00+00:00,1.33817,1.33837,1.33815,1.33835,1757.79
1789623000,2026-09-17 05:30:00+00:00,1.33835,1.33837,1.33788,1.33819,1733.71
1789624800,2026-09-17 06:00:00+00:00,1.33815,1.33956,1.33813,1.33883,1760.85
1789626600,2026-09-17 06:30:00+00:00,1.33883,1.3402,1.33875,1.33991,1723.28
1789628400,2026-09-17 07:00:00+00:00,1.33982,1.33982,1.33874,1.33878,1710.68
1789630200,2026-09-17 07:30:00+00:00,1.33878,1.3391,1.33869,1.33892,1791.01
1789632000,2026-09-17 08:00:00+00:00,1.33889,1.33958,1.33821,1.33936,1796.4
1789633800,2026-09-17 08:30:00+00:00,1.33936,1.33958,1.33801,1.33949,1704.35
1789635600,2026-09-17 09:00:00+00:00,1.3396,1.33993,1.33945,1.33948,1772.34
1789637400,2026-09-17 09:30:00+00:00,1.33948,1.33989,1.33935,1.33942,1710.1100000000001
1789639200,2026-09-17 10:00:00+00:00,1.33949,1.33997,1.33949,1.33995,1758.03
1789641000,2026-09-17 10:30:00+00:00,1.33995,1.34061,1.33966,1.34052,1709.67
1789642800,2026-09-17 11:00:00+00:00,1.33917,1.33917,1.33635,1.33704,1732.23
1789644600,2026-09-17 11:30:00+00:00,1.33704,1.33828,1.33508,1.33702,1744.46
1789646400,2026-09-17 12:00:00+00:00,1.33706,1.33858,1.33706,1.33782,1692.17
1789648200,2026-09-17 12:30:00+00:00,1.33782,1.33955,1.33759,1.33871,1765.5
1789650000,2026-09-17 13:00:00+00:00,1.33883,1.33883,1.33764,1.33817,1696.12
1789651800,2026-09-17 13:30:00+00:00,1.33817,1.33861,1.3372,1.33742,1811.27
1789653600,2026-09-17 14:00:00+00:00,1.33742,1.33804,1.33649,1.33688,1723.18
1789655400,2026-09-17 14:30:00+00:00,1.33688,1.33738,1.33526,1.33535,1700.03
1789657200,2026-09-17 15:00:00+00:00,1.33547,1.33601,1.3348,1.33518,1798.18
1789659000,2026-09-17 15:30:00+00:00,1.33518,1.3352,1.33376,1.33458,1717.76
1789660800,2026-09-17 16:00:00+00:00,1.33451,1.33482,1.33408,1.33464,1740.29
1789662600,2026-09-17 16:30:00+00:00,1.33464,1.33515,1.33397,1.33494,1693.65
1789664400,2026-09-17 17:00:00+00:00,1.33485,1.33517,1.33469,1.33491,1701.92
1789666200,2026-09-17 17:30:00+00:00,1.33491,1.33531,1.33465,1.33488,1728.09
1789668000,2026-09-17 18:00:00+00:00,1.33502,1.33538,1.33494,1.33494,1690.21
1789669800,2026-09-17 18:30:00+00:00,1.33494,1.33561,1.33494,1.33531,1720.11
1789671600,2026-09-17 19:00:00+00:00,1.3354,1.33551,1.33538,1.3354,1766.28
1789673400,2026-09-17 19:30:00+00:00,1.3354,1.33597,1.33539,1.33583,1779.98
1789675200,2026-09-17 20:00:00+00:00,1.3359,1.3359,1.33536,1.33588,1738.3
1789677000,2026-09-17 20:30:00+00:00,1.33588,1.3359,1.33551,1.33584,1741.02
1789678800,2026-09-17 21:00:00+00:00,1.3352,1.33631,1.33517,1.33517,1726.08
1789680600,2026-09-17 21:30:00+00:00,1.33517,1.33569,1.33517,1.33568,1721.41
1789682400,2026-09-17 22:00:00+00:00,1.33563,1.33572,1.33563,1.33566,1665.41
1789684200,2026-09-17 22:30:00+00:00,1.33566,1.33608,1.33566,1.33599,1775.12
1789686000,2026-09-17 23:00:00+00:00,1.33597,1.33602,1.33566,1.33567,1699.03
1789687800,2026-09-17 23:30:00+00:00,1.33567,1.33583,1.33563,1.33563,1762.8799999999999
1789689600,2026-09-18 00:00:00+00:00,1.33567,1.33613,1.33567,1.33612,1746.78
1789691400,2026-09-18 00:30:00+00:00,1.33612,1.33622,1.33593,1.33611,1728.2
1789693200,2026-09-18 01:00:00+00:00,1.33624,1.33631,1.3357,1.33629,1748.58
1789695000,2026-09-18 01:30:00+00:00,1.33629,1.33631,1.33627,1.33631,1757.05
1789696800,2026-09-18 02:00:00+00:00,1.33622,1.33622,1.33585,1.33621,1751.33
1789698600,2026-09-18 02:30:00+00:00,1.33621,1.33622,1.33579,1.33597,1751.29
1789700400,2026-09-18 03:00:00+00:00,1.33611,1.33684,1.33602,1.33652,1782.5
1789702200,2026-09-18 03:30:00+00:00,1.33652,1.33733,1.33647,1.33726,1776.22
1789704000,2026-09-18 04:00:00+00:00,1.3376,1.3376,1.33699,1.33709,1751.94
1789705800,2026-09-18 04:30:00+00:00,1.33709,1.33713,1.33697,1.33697,1739.24
1789707600,2026-09-18 05:00:00+00:00,1.3371,1.3371,1.33673,1.33691,1779.72
1789709400,2026-09-18 05:30:00+00:00,1.33691,1.33703,1.33615,1.33622,1753.41
1789711200,2026-09-18 06:00:00+00:00,1.33651,1.33747,1.33643,1.33723,1721.69
1789713000,2026-09-18 06:30:00+00:00,1.33723,1.33747,1.337,1.3371,1722.46
1789714800,2026-09-18 07:00:00+00:00,1.3371,1.33729,1.33635,1.33652,1843.07
1789716600,2026-09-18 07:30:00+00:00,1.33652,1.33683,1.3362,1.33677,1792.53
1789718400,2026-09-18 08:00:00+00:00,1.33677,1.33708,1.33662,1.33694,1742.55
1789720200,2026-09-18 08:30:00+00:00,1.33694,1.33731,1.33661,1.33711,1731.26
1789722000,2026-09-18 09:00:00+00:00,1.33658,1.33729,1.33658,1.33721,1710.15
1789723800,2026-09-18 09:30:00+00:00,1.33721,1.33727,1.33711,1.33713,1703.04
1789725600,2026-09-18 10:00:00+00:00,1.33702,1.3372,1.33602,1.33616,1750.17
1789727400,2026-09-18 10:30:00+00:00,1.33616,1.3362,1.3351,1.33542,1731.94
1789729200,2026-09-18 11:00:00+00:00,1.33581,1.33642,1.33452,1.33557,1806.08
1789731000,2026-09-18 11:30:00+00:00,1.33557,1.33581,1.33435,1.33474,1755.75
1789732800,2026-09-18 12:00:00+00:00,1.33474,1.33513,1.33365,1.33488,1776.17
1789734600,2026-09-18 12:30:00+00:00,1.33488,1.33513,1.33421,1.33494,1710.66
1789736400,2026-09-18 13:00:00+00:00,1.33481,1.33496,1.33426,1.33482,1754.68
1789738200,2026-09-18 13:30:00+00:00,1.33482,1.33502,1.3341,1.33422,1762.49
1789740000,2026-09-18 14:00:00+00:00,1.33401,1.33527,1.33401,1.33461,1711.38
1789741800,2026-09-18 14:30:00+00:00,1.33461,1.33645,1.33455,1.33609,1710.84
1789743600,2026-09-18 15:00:00+00:00,1.3359,1.33669,1.3358,1.33642,1762.63
1789745400,2026-09-18 15:30:00+00:00,1.33642,1.33767,1.33574,1.3371,1755.38
1789747200,2026-09-18 16:00:00+00:00,1.33699,1.3386,1.33699,1.33855,1727.83
1789749000,2026-09-18 16:30:00+00:00,1.33855,1.3386,1.33774,1.33829,1737.22
1789750800,2026-09-18 17:00:00+00:00,1.33842,1.33946,1.33837,1.33845,1809.25
1789752600,2026-09-18 17:30:00+00:00,1.33845,1.33894,1.33837,1.33892,1704.01
1789754400,2026-09-18 18:00:00+00:00,1.33901,1.33901,1.3388,1.33889,1742.51
1789756200,2026-09-18 18:30:00+00:00,1.33889,1.3393,1.33886,1.33905,1710.22
1789758000,2026-09-18 19:00:00+00:00,1.33924,1.33976,1.33906,1.33958,1732.55
1789759800,2026-09-18 19:30:00+00:00,1.33958,1.33974,1.33928,1.33948,1770.23
1789761600,2026-09-18 20:00:00+00:00,1.33951,1.33967,1.33937,1.33967,1737.68
1789763400,2026-09-18 20:30:00+00:00,1.33967,1.33985,1.33941,1.33946,1785.38
1789765200,2026-09-18 21:00:00+00:00,1.33935,1.33935,1.33935,1.33935,1703.29
1789767000,2026-09-18 21:30:00+00:00,1.33935,1.33935,1.33935,1.33935,1692.1
