timestamp,datetime,open,high,low,close,volume
1789534620,2026-09-16 04:57:00+00:00,1.34833,1.34839,1.34833,1.3483800000000001,110
1789534680,2026-09-16 04:58:00+00:00,1.3483800000000001,1.34843,1.34837,1.34842,64
1789534740,2026-09-16 04:59:00+00:00,1.34842,1.34846,1.3484099999999999,1.34846,121
1789534800,2026-09-16 05:00:00+00:00,1.34845,1.34847,1.34844,1.34845,90
1789534860,2026-09-16 05:01:00+00:00,1.34845,1.34847,1.3484,1.34842,137
1789534920,2026-09-16 05:02:00+00:00,1.34842,1.34847,1.3484,1.34846,138
1789534980,2026-09-16 05:03:00+00:00,1.34846,1.34847,1.3484099999999999,1.34845,131
1789535040,2026-09-16 05:04:00+00:00,1.34845,1.34847,1.3484099999999999,1.34846,170
1789535100,2026-09-16 05:05:00+00:00,1.34846,1.34847,1.34842,1.34846,142
1789535160,2026-09-16 05:06:00+00:00,1.34846,1.34847,1.34835,1.34836,119
1789535220,2026-09-16 05:07:00+00:00,1.34836,1.3483800000000001,1.34833,1.34836,146
1789535280,2026-09-16 05:08:00+00:00,1.34836,1.3483800000000001,1.34835,1.34836,15
1789535340,2026-09-16 05:09:00+00:00,1.34836,1.3484,1.34835,1.34839,94
1789535400,2026-09-16 05:10:00+00:00,1.34839,1.34853,1.3483800000000001,1.34851,185
1789535460,2026-09-16 05:11:00+00:00,1.34852,1.34854,1.34846,1.34846,239
1789535520,2026-09-16 05:12:00+00:00,1.34846,1.34855,1.34846,1.34852,181
1789535580,2026-09-16 05:13:00+00:00,1.34852,1.34864,1.34851,1.34864,108
1789535640,2026-09-16 05:14:00+00:00,1.34864,1.34866,1.34856,1.34857,112
1789535700,2026-09-16 05:15:00+00:00,1.34857,1.34859,1.34855,1.34857,105
1789535760,2026-09-16 05:16:00+00:00,1.34857,1.3486,1.34856,1.3485800000000001,61
1789535820,2026-09-16 05:17:00+00:00,1.3485800000000001,1.34859,1.34853,1.34853,83
1789535880,2026-09-16 05:18:00+00:00,1.34853,1.34862,1.34853,1.3485800000000001,105
1789535940,2026-09-16 05:19:00+00:00,1.3485800000000001,1.3486799999999999,1.3485800000000001,1.34866,132
1789536000,2026-09-16 05:20:00+00:00,1.34866,1.3486799999999999,1.34866,1.34867,74
1789536060,2026-09-16 05:21:00+00:00,1.34867,1.34871,1.3486500000000001,1.34867,118
1789536120,2026-09-16 05:22:00+00:00,1.34867,1.34869,1.34864,1.34867,180
1789536180,2026-09-16 05:23:00+00:00,1.34866,1.3486799999999999,1.34863,1.3486500000000001,170
1789536240,2026-09-16 05:24:00+00:00,1.3486500000000001,1.34869,1.34863,1.34867,86
1789536300,2026-09-16 05:25:00+00:00,1.34867,1.34886,1.3486500000000001,1.34885,104
1789536360,2026-09-16 05:26:00+00:00,1.34885,1.34886,1.34877,1.34877,113
1789536420,2026-09-16 05:27:00+00:00,1.34877,1.34886,1.34876,1.34876,130
1789536480,2026-09-16 05:28:00+00:00,1.34876,1.34878,1.34873,1.34874,86
1789536540,2026-09-16 05:29:00+00:00,1.34874,1.34875,1.34871,1.34874,105
1789536600,2026-09-16 05:30:00+00:00,1.34874,1.34878,1.34871,1.34877,238
1789536660,2026-09-16 05:31:00+00:00,1.34877,1.34883,1.34873,1.3488,131
1789536720,2026-09-16 05:32:00+00:00,1.3488,1.34888,1.34879,1.34885,181
1789536780,2026-09-16 05:33:00+00:00,1.34885,1.3489,1.34882,1.34884,187
1789536840,2026-09-16 05:34:00+00:00,1.34884,1.34888,1.34878,1.3488,215
1789536900,2026-09-16 05:35:00+00:00,1.3488,1.34887,1.34876,1.34876,240
1789536960,2026-09-16 05:36:00+00:00,1.34876,1.34878,1.34875,1.34876,125
1789537020,2026-09-16 05:37:00+00:00,1.34876,1.34878,1.34873,1.34873,113
1789537080,2026-09-16 05:38:00+00:00,1.34873,1.34878,1.34872,1.34878,163
1789537140,2026-09-16 05:39:00+00:00,1.34878,1.34878,1.34874,1.34875,73
1789537200,2026-09-16 05:40:00+00:00,1.34875,1.34875,1.3486500000000001,1.34866,155
1789537260,2026-09-16 05:41:00+00:00,1.34866,1.3487,1.3486500000000001,1.34867,132
1789537320,2026-09-16 05:42:00+00:00,1.34867,1.3486799999999999,1.34863,1.34867,230
1789537380,2026-09-16 05:43:00+00:00,1.34867,1.3486799999999999,1.34866,1.34866,90
1789537440,2026-09-16 05:44:00+00:00,1.34866,1.34871,1.34866,1.3487,76
1789537500,2026-09-16 05:45:00+00:00,1.3487,1.34883,1.3487,1.34883,176
1789537560,2026-09-16 05:46:00+00:00,1.34883,1.34893,1.34881,1.34887,148
1789537620,2026-09-16 05:47:00+00:00,1.34887,1.34888,1.3488,1.34881,92
1789537680,2026-09-16 05:48:00+00:00,1.34881,1.34884,1.34877,1.34877,179
1789537740,2026-09-16 05:49:00+00:00,1.34877,1.3488,1.34876,1.34879,96
1789537800,2026-09-16 05:50:00+00:00,1.34879,1.34897,1.34877,1.34894,159
1789537860,2026-09-16 05:51:00+00:00,1.34894,1.34909,1.34894,1.34907,138
1789537920,2026-09-16 05:52:00+00:00,1.34907,1.34918,1.34907,1.34917,125
1789537980,2026-09-16 05:53:00+00:00,1.34917,1.34925,1.34913,1.34914,104
1789538040,2026-09-16 05:54:00+00:00,1.34915,1.34921,1.34913,1.3491900000000001,111
1789538100,2026-09-16 05:55:00+00:00,1.3491900000000001,1.34949,1.34916,1.34946,323
1789538160,2026-09-16 05:56:00+00:00,1.34946,1.34949,1.34936,1.34943,203
1789538220,2026-09-16 05:57:00+00:00,1.34943,1.34947,1.3492899999999999,1.34936,119
1789538280,2026-09-16 05:58:00+00:00,1.34936,1.34941,1.34934,1.34934,86
1789538340,2026-09-16 05:59:00+00:00,1.34934,1.34935,1.34915,1.34915,80
1789538400,2026-09-16 06:00:00+00:00,1.34915,1.34978,1.34882,1.34908,366
1789538460,2026-09-16 06:01:00+00:00,1.34908,1.34908,1.34835,1.34848,300
1789538520,2026-09-16 06:02:00+00:00,1.34848,1.34859,1.34824,1.3485,243
1789538580,2026-09-16 06:03:00+00:00,1.3485,1.34852,1.34809,1.34813,260
1789538640,2026-09-16 06:04:00+00:00,1.34813,1.34833,1.34812,1.3483100000000001,298
1789538700,2026-09-16 06:05:00+00:00,1.3483100000000001,1.34837,1.34817,1.34819,223
1789538760,2026-09-16 06:06:00+00:00,1.34819,1.34829,1.34801,1.34819,276
1789538820,2026-09-16 06:07:00+00:00,1.34819,1.34821,1.34785,1.3479700000000001,221
1789538880,2026-09-16 06:08:00+00:00,1.3479700000000001,1.34799,1.34785,1.34795,368
1789538940,2026-09-16 06:09:00+00:00,1.34795,1.3483,1.34795,1.34828,206
1789539000,2026-09-16 06:10:00+00:00,1.34828,1.34848,1.34818,1.34826,252
1789539060,2026-09-16 06:11:00+00:00,1.34826,1.34829,1.34817,1.34828,208
1789539120,2026-09-16 06:12:00+00:00,1.34828,1.34862,1.34826,1.3485800000000001,344
1789539180,2026-09-16 06:13:00+00:00,1.3485800000000001,1.3486,1.34849,1.3485800000000001,283
1789539240,2026-09-16 06:14:00+00:00,1.3485800000000001,1.3485800000000001,1.3484099999999999,1.34856,272
1789539300,2026-09-16 06:15:00+00:00,1.34855,1.34856,1.34835,1.34835,244
1789539360,2026-09-16 06:16:00+00:00,1.34835,1.34863,1.3483399999999999,1.3486099999999999,192
1789539420,2026-09-16 06:17:00+00:00,1.3486099999999999,1.34869,1.34844,1.3485800000000001,292
1789539480,2026-09-16 06:18:00+00:00,1.3485800000000001,1.3485800000000001,1.34836,1.34837,163
1789539540,2026-09-16 06:19:00+00:00,1.34837,1.34849,1.34835,1.34847,206
1789539600,2026-09-16 06:20:00+00:00,1.34847,1.34854,1.34844,1.34845,176
1789539660,2026-09-16 06:21:00+00:00,1.34845,1.34848,1.3484,1.34845,127
1789539720,2026-09-16 06:22:00+00:00,1.34845,1.34845,1.34827,1.3483100000000001,265
1789539780,2026-09-16 06:23:00+00:00,1.3483100000000001,1.34832,1.34812,1.34814,175
1789539840,2026-09-16 06:24:00+00:00,1.34814,1.34818,1.34808,1.34808,181
1789539900,2026-09-16 06:25:00+00:00,1.34808,1.3481,1.3480400000000001,1.34806,148
1789539960,2026-09-16 06:26:00+00:00,1.3480699999999999,1.34808,1.34793,1.34793,155
1789540020,2026-09-16 06:27:00+00:00,1.34793,1.34798,1.34783,1.34793,246
1789540080,2026-09-16 06:28:00+00:00,1.34793,1.34795,1.3479,1.34794,194
1789540140,2026-09-16 06:29:00+00:00,1.34794,1.34801,1.34792,1.34795,223
1789540200,2026-09-16 06:30:00+00:00,1.34795,1.34799,1.3479,1.34791,192
1789540260,2026-09-16 06:31:00+00:00,1.34791,1.3480699999999999,1.34786,1.34786,216
1789540320,2026-09-16 06:32:00+00:00,1.34786,1.34787,1.3477700000000001,1.34786,153
1789540380,2026-09-16 06:33:00+00:00,1.34785,1.34793,1.34783,1.34785,201
1789540440,2026-09-16 06:34:00+00:00,1.34785,1.34786,1.3477999999999999,1.34784,165
1789540500,2026-09-16 06:35:00+00:00,1.34784,1.34801,1.34782,1.34791,182
1789540560,2026-09-16 06:36:00+00:00,1.34792,1.3479700000000001,1.34791,1.34795,97
1789540620,2026-09-16 06:37:00+00:00,1.34795,1.34796,1.34787,1.34794,154
1789540680,2026-09-16 06:38:00+00:00,1.34794,1.34794,1.34782,1.34787,97
1789540740,2026-09-16 06:39:00+00:00,1.34787,1.34801,1.34783,1.34795,189
1789540800,2026-09-16 06:40:00+00:00,1.34795,1.3479700000000001,1.34771,1.34776,207
1789540860,2026-09-16 06:41:00+00:00,1.34776,1.34785,1.34771,1.34774,160
1789540920,2026-09-16 06:42:00+00:00,1.34774,1.3479,1.34774,1.34785,117
1789540980,2026-09-16 06:43:00+00:00,1.34785,1.34786,1.34779,1.34784,164
1789541040,2026-09-16 06:44:00+00:00,1.34786,1.34789,1.34783,1.34784,119
1789541100,2026-09-16 06:45:00+00:00,1.34784,1.34784,1.34761,1.3477299999999999,130
1789541160,2026-09-16 06:46:00+00:00,1.3477299999999999,1.34776,1.34768,1.34774,104
1789541220,2026-09-16 06:47:00+00:00,1.34774,1.34775,1.34763,1.34764,97
1789541280,2026-09-16 06:48:00+00:00,1.34764,1.34766,1.34759,1.34764,155
1789541340,2026-09-16 06:49:00+00:00,1.34765,1.34772,1.3476,1.34772,87
1789541400,2026-09-16 06:50:00+00:00,1.34772,1.34775,1.34764,1.34767,117
1789541460,2026-09-16 06:51:00+00:00,1.34767,1.3477700000000001,1.34767,1.34775,168
1789541520,2026-09-16 06:52:00+00:00,1.34775,1.34787,1.34775,1.34781,162
1789541580,2026-09-16 06:53:00+00:00,1.34781,1.34783,1.3477000000000001,1.34771,129
1789541640,2026-09-16 06:54:00+00:00,1.34771,1.3477299999999999,1.34758,1.34766,188
1789541700,2026-09-16 06:55:00+00:00,1.34766,1.34786,1.34765,1.34783,287
1789541760,2026-09-16 06:56:00+00:00,1.34783,1.34793,1.3477999999999999,1.34781,233
1789541820,2026-09-16 06:57:00+00:00,1.34781,1.34806,1.34781,1.34799,202
1789541880,2026-09-16 06:58:00+00:00,1.34799,1.3479999999999999,1.34786,1.34798,289
1789541940,2026-09-16 06:59:00+00:00,1.34799,1.34808,1.34798,1.3480400000000001,286
1789542000,2026-09-16 07:00:00+00:00,1.3480400000000001,1.34816,1.34788,1.3479,446
1789542060,2026-09-16 07:01:00+00:00,1.3479,1.34791,1.34774,1.34782,398
1789542120,2026-09-16 07:02:00+00:00,1.34782,1.34783,1.34764,1.34781,339
1789542180,2026-09-16 07:03:00+00:00,1.34781,1.34793,1.34774,1.34789,164
1789542240,2026-09-16 07:04:00+00:00,1.34789,1.34793,1.34781,1.34789,219
1789542300,2026-09-16 07:05:00+00:00,1.34789,1.34794,1.34779,1.34781,255
1789542360,2026-09-16 07:06:00+00:00,1.3477999999999999,1.34793,1.34772,1.34783,322
1789542420,2026-09-16 07:07:00+00:00,1.34784,1.34795,1.3477999999999999,1.34788,301
1789542480,2026-09-16 07:08:00+00:00,1.34789,1.34803,1.34781,1.34802,241
1789542540,2026-09-16 07:09:00+00:00,1.34802,1.34803,1.34791,1.3479999999999999,266
1789542600,2026-09-16 07:10:00+00:00,1.3479999999999999,1.3480400000000001,1.3479,1.34793,221
1789542660,2026-09-16 07:11:00+00:00,1.34794,1.34795,1.34787,1.34791,187
1789542720,2026-09-16 07:12:00+00:00,1.34791,1.34796,1.3477999999999999,1.34792,231
1789542780,2026-09-16 07:13:00+00:00,1.34792,1.3481,1.34791,1.34805,334
1789542840,2026-09-16 07:14:00+00:00,1.34805,1.34822,1.34805,1.3482,256
1789542900,2026-09-16 07:15:00+00:00,1.3482,1.34824,1.34803,1.34803,280
1789542960,2026-09-16 07:16:00+00:00,1.34803,1.3480400000000001,1.34798,1.34802,174
1789543020,2026-09-16 07:17:00+00:00,1.34802,1.34821,1.34801,1.3481,256
1789543080,2026-09-16 07:18:00+00:00,1.3481,1.34814,1.34789,1.3479,268
1789543140,2026-09-16 07:19:00+00:00,1.3479,1.34801,1.34788,1.34795,247
1789543200,2026-09-16 07:20:00+00:00,1.34795,1.34803,1.3479,1.34794,313
1789543260,2026-09-16 07:21:00+00:00,1.34794,1.34796,1.3479,1.34794,164
1789543320,2026-09-16 07:22:00+00:00,1.34794,1.3479999999999999,1.34791,1.3479700000000001,128
1789543380,2026-09-16 07:23:00+00:00,1.3479700000000001,1.34806,1.3479700000000001,1.3479999999999999,154
1789543440,2026-09-16 07:24:00+00:00,1.3479999999999999,1.34801,1.34778,1.34779,226
1789543500,2026-09-16 07:25:00+00:00,1.34778,1.3477999999999999,1.34768,1.34771,206
1789543560,2026-09-16 07:26:00+00:00,1.3477000000000001,1.34774,1.34762,1.3477299999999999,250
1789543620,2026-09-16 07:27:00+00:00,1.3477299999999999,1.34789,1.3477299999999999,1.34784,187
1789543680,2026-09-16 07:28:00+00:00,1.34784,1.34806,1.34783,1.34802,229
1789543740,2026-09-16 07:29:00+00:00,1.34802,1.34805,1.34796,1.34801,214
1789543800,2026-09-16 07:30:00+00:00,1.34801,1.34843,1.3479999999999999,1.34842,369
1789543860,2026-09-16 07:31:00+00:00,1.34842,1.34846,1.34832,1.34837,208
1789543920,2026-09-16 07:32:00+00:00,1.34837,1.3484099999999999,1.34819,1.34819,145
1789543980,2026-09-16 07:33:00+00:00,1.34819,1.34824,1.3481,1.34818,212
1789544040,2026-09-16 07:34:00+00:00,1.34818,1.34826,1.34816,1.34819,251
1789544100,2026-09-16 07:35:00+00:00,1.34819,1.3483800000000001,1.34818,1.3482,286
1789544160,2026-09-16 07:36:00+00:00,1.3482,1.34832,1.34819,1.34826,350
1789544220,2026-09-16 07:37:00+00:00,1.34826,1.34829,1.3480699999999999,1.3480699999999999,264
1789544280,2026-09-16 07:38:00+00:00,1.3480699999999999,1.34813,1.3480400000000001,1.34809,214
1789544340,2026-09-16 07:39:00+00:00,1.34809,1.34813,1.34803,1.34805,288
1789544400,2026-09-16 07:40:00+00:00,1.34805,1.34805,1.34789,1.34801,232
1789544460,2026-09-16 07:41:00+00:00,1.34801,1.34802,1.34779,1.3477999999999999,192
1789544520,2026-09-16 07:42:00+00:00,1.3477999999999999,1.34783,1.34776,1.3477999999999999,183
1789544580,2026-09-16 07:43:00+00:00,1.3477999999999999,1.34783,1.34768,1.3477999999999999,222
1789544640,2026-09-16 07:44:00+00:00,1.3477999999999999,1.34782,1.3477700000000001,1.34778,120
1789544700,2026-09-16 07:45:00+00:00,1.34778,1.34779,1.34768,1.3477299999999999,186
1789544760,2026-09-16 07:46:00+00:00,1.34772,1.34786,1.34771,1.34782,176
1789544820,2026-09-16 07:47:00+00:00,1.34782,1.34792,1.3477700000000001,1.34778,178
1789544880,2026-09-16 07:48:00+00:00,1.34778,1.34786,1.34771,1.34779,207
1789544940,2026-09-16 07:49:00+00:00,1.34779,1.34786,1.34778,1.3477999999999999,147
1789545000,2026-09-16 07:50:00+00:00,1.3477999999999999,1.34781,1.34764,1.34776,246
1789545060,2026-09-16 07:51:00+00:00,1.34776,1.34776,1.34752,1.34752,257
1789545120,2026-09-16 07:52:00+00:00,1.34752,1.34755,1.34745,1.34747,229
1789545180,2026-09-16 07:53:00+00:00,1.34747,1.34749,1.34721,1.34726,268
1789545240,2026-09-16 07:54:00+00:00,1.34725,1.34735,1.3472,1.3472,284
1789545300,2026-09-16 07:55:00+00:00,1.3472,1.34722,1.3471,1.3471600000000001,221
1789545360,2026-09-16 07:56:00+00:00,1.3471600000000001,1.34734,1.34713,1.34731,264
1789545420,2026-09-16 07:57:00+00:00,1.34731,1.34735,1.34728,1.34732,185
1789545480,2026-09-16 07:58:00+00:00,1.34732,1.3473600000000001,1.34725,1.34726,248
1789545540,2026-09-16 07:59:00+00:00,1.34726,1.34727,1.3471600000000001,1.3471600000000001,289
1789545600,2026-09-16 08:00:00+00:00,1.3471600000000001,1.34724,1.34707,1.34708,319
1789545660,2026-09-16 08:01:00+00:00,1.34707,1.3471199999999999,1.34698,1.34706,304
1789545720,2026-09-16 08:02:00+00:00,1.34706,1.34706,1.34687,1.34693,257
1789545780,2026-09-16 08:03:00+00:00,1.34694,1.34702,1.3468499999999999,1.347,218
1789545840,2026-09-16 08:04:00+00:00,1.347,1.34705,1.34691,1.34695,207
1789545900,2026-09-16 08:05:00+00:00,1.34695,1.34696,1.34691,1.34691,194
1789545960,2026-09-16 08:06:00+00:00,1.34691,1.34694,1.34672,1.34674,236
1789546020,2026-09-16 08:07:00+00:00,1.34674,1.3468,1.3467,1.34672,285
1789546080,2026-09-16 08:08:00+00:00,1.34672,1.3468,1.34667,1.34668,273
1789546140,2026-09-16 08:09:00+00:00,1.34668,1.34693,1.34667,1.34693,197
1789546200,2026-09-16 08:10:00+00:00,1.34693,1.34694,1.3468,1.34693,249
1789546260,2026-09-16 08:11:00+00:00,1.34693,1.34702,1.3469,1.34699,267
1789546320,2026-09-16 08:12:00+00:00,1.34699,1.34704,1.34697,1.347,182
1789546380,2026-09-16 08:13:00+00:00,1.347,1.34701,1.34676,1.34683,203
1789546440,2026-09-16 08:14:00+00:00,1.34683,1.34686,1.3467799999999999,1.3468,184
1789546500,2026-09-16 08:15:00+00:00,1.3468,1.3468200000000001,1.3467,1.34673,183
1789546560,2026-09-16 08:16:00+00:00,1.34673,1.34694,1.34672,1.34692,269
1789546620,2026-09-16 08:17:00+00:00,1.34692,1.34714,1.34692,1.34713,219
1789546680,2026-09-16 08:18:00+00:00,1.34713,1.34715,1.34701,1.34713,169
1789546740,2026-09-16 08:19:00+00:00,1.34713,1.34733,1.34702,1.34706,338
1789546800,2026-09-16 08:20:00+00:00,1.34706,1.3473,1.34705,1.3471199999999999,391
1789546860,2026-09-16 08:21:00+00:00,1.3471199999999999,1.3475,1.3471199999999999,1.34735,434
1789546920,2026-09-16 08:22:00+00:00,1.34735,1.34742,1.3472,1.34722,382
1789546980,2026-09-16 08:23:00+00:00,1.34722,1.34724,1.34698,1.34706,224
1789547040,2026-09-16 08:24:00+00:00,1.34706,1.34718,1.34706,1.34713,211
1789547100,2026-09-16 08:25:00+00:00,1.34713,1.34717,1.34708,1.34715,208
1789547160,2026-09-16 08:26:00+00:00,1.34715,1.34728,1.34713,1.34724,291
1789547220,2026-09-16 08:27:00+00:00,1.34724,1.34724,1.3471199999999999,1.34718,313
1789547280,2026-09-16 08:28:00+00:00,1.3471899999999999,1.34725,1.34713,1.34714,268
1789547340,2026-09-16 08:29:00+00:00,1.3471199999999999,1.34725,1.34708,1.34723,321
1789547400,2026-09-16 08:30:00+00:00,1.34723,1.34724,1.347,1.34703,177
1789547460,2026-09-16 08:31:00+00:00,1.34703,1.3471,1.34698,1.34705,270
1789547520,2026-09-16 08:32:00+00:00,1.34705,1.34714,1.34701,1.34705,311
1789547580,2026-09-16 08:33:00+00:00,1.34705,1.3471199999999999,1.347,1.34701,299
1789547640,2026-09-16 08:34:00+00:00,1.347,1.34704,1.34692,1.34702,280
1789547700,2026-09-16 08:35:00+00:00,1.34702,1.34711,1.34696,1.34699,212
1789547760,2026-09-16 08:36:00+00:00,1.34699,1.3470900000000001,1.34698,1.34707,216
1789547820,2026-09-16 08:37:00+00:00,1.34707,1.34714,1.34705,1.34713,223
1789547880,2026-09-16 08:38:00+00:00,1.3471199999999999,1.3471199999999999,1.34702,1.34704,179
1789547940,2026-09-16 08:39:00+00:00,1.34704,1.34708,1.34701,1.34705,136
1789548000,2026-09-16 08:40:00+00:00,1.34705,1.34715,1.34701,1.34713,197
1789548060,2026-09-16 08:41:00+00:00,1.34713,1.34724,1.34711,1.34713,198
1789548120,2026-09-16 08:42:00+00:00,1.34713,1.34715,1.34704,1.3471199999999999,214
1789548180,2026-09-16 08:43:00+00:00,1.3471199999999999,1.34721,1.34708,1.34711,178
1789548240,2026-09-16 08:44:00+00:00,1.34711,1.34714,1.34699,1.34701,151
1789548300,2026-09-16 08:45:00+00:00,1.34701,1.34703,1.34697,1.347,159
1789548360,2026-09-16 08:46:00+00:00,1.347,1.34708,1.34698,1.347,158
1789548420,2026-09-16 08:47:00+00:00,1.347,1.34711,1.34698,1.34706,228
1789548480,2026-09-16 08:48:00+00:00,1.34706,1.34713,1.34703,1.34705,187
1789548540,2026-09-16 08:49:00+00:00,1.34705,1.34708,1.34699,1.34702,198
1789548600,2026-09-16 08:50:00+00:00,1.34702,1.34705,1.34701,1.34703,185
1789548660,2026-09-16 08:51:00+00:00,1.34703,1.3471199999999999,1.34695,1.3471199999999999,220
1789548720,2026-09-16 08:52:00+00:00,1.34711,1.34722,1.347,1.347,167
1789548780,2026-09-16 08:53:00+00:00,1.347,1.34706,1.34696,1.34698,164
1789548840,2026-09-16 08:54:00+00:00,1.34698,1.34706,1.34695,1.34702,229
1789548900,2026-09-16 08:55:00+00:00,1.34701,1.34706,1.34698,1.34702,255
1789548960,2026-09-16 08:56:00+00:00,1.34702,1.34713,1.34701,1.34708,242
1789549020,2026-09-16 08:57:00+00:00,1.34708,1.34717,1.34707,1.34715,107
1789549080,2026-09-16 08:58:00+00:00,1.34715,1.3471600000000001,1.34708,1.34711,105
1789549140,2026-09-16 08:59:00+00:00,1.3471199999999999,1.34713,1.34704,1.34704,139
1789549200,2026-09-16 09:00:00+00:00,1.34704,1.34704,1.34698,1.34702,90
1789549260,2026-09-16 09:01:00+00:00,1.34702,1.34715,1.34701,1.34702,116
1789549320,2026-09-16 09:02:00+00:00,1.34702,1.34703,1.34681,1.34692,417
1789549380,2026-09-16 09:03:00+00:00,1.34691,1.34695,1.34687,1.34689,221
1789549440,2026-09-16 09:04:00+00:00,1.34689,1.3469,1.34673,1.34679,260
1789549500,2026-09-16 09:05:00+00:00,1.34679,1.34684,1.3467799999999999,1.3468,291
1789549560,2026-09-16 09:06:00+00:00,1.3468,1.34684,1.34679,1.34684,218
1789549620,2026-09-16 09:07:00+00:00,1.34684,1.34694,1.34679,1.34693,211
1789549680,2026-09-16 09:08:00+00:00,1.34693,1.34694,1.34679,1.34689,319
1789549740,2026-09-16 09:09:00+00:00,1.3469,1.34694,1.3468499999999999,1.3469,189
1789549800,2026-09-16 09:10:00+00:00,1.3469,1.34701,1.34688,1.34701,304
1789549860,2026-09-16 09:11:00+00:00,1.347,1.34706,1.347,1.34704,218
1789549920,2026-09-16 09:12:00+00:00,1.34704,1.3471,1.34696,1.34704,232
1789549980,2026-09-16 09:13:00+00:00,1.34704,1.34718,1.34703,1.34713,170
1789550040,2026-09-16 09:14:00+00:00,1.34713,1.3471899999999999,1.34708,1.34714,201
1789550100,2026-09-16 09:15:00+00:00,1.34714,1.34715,1.347,1.34704,162
1789550160,2026-09-16 09:16:00+00:00,1.34704,1.34706,1.34692,1.34694,130
1789550220,2026-09-16 09:17:00+00:00,1.34694,1.34706,1.34693,1.34703,120
1789550280,2026-09-16 09:18:00+00:00,1.34703,1.34706,1.34694,1.34699,229
1789550340,2026-09-16 09:19:00+00:00,1.34699,1.347,1.3469,1.34698,135
1789550400,2026-09-16 09:20:00+00:00,1.34698,1.34706,1.34697,1.34701,247
1789550460,2026-09-16 09:21:00+00:00,1.34701,1.3471,1.34698,1.34701,230
1789550520,2026-09-16 09:22:00+00:00,1.34701,1.34702,1.34695,1.34697,231
1789550580,2026-09-16 09:23:00+00:00,1.34697,1.34698,1.34681,1.34681,192
1789550640,2026-09-16 09:24:00+00:00,1.34681,1.34684,1.34681,1.34681,81
1789550700,2026-09-16 09:25:00+00:00,1.34681,1.34702,1.3467799999999999,1.34686,253
1789550760,2026-09-16 09:26:00+00:00,1.34686,1.34696,1.34683,1.34692,492
1789550820,2026-09-16 09:27:00+00:00,1.34692,1.34706,1.34689,1.34702,347
1789550880,2026-09-16 09:28:00+00:00,1.34702,1.34704,1.34691,1.34696,266
1789550940,2026-09-16 09:29:00+00:00,1.34696,1.34704,1.34694,1.34702,234
1789551000,2026-09-16 09:30:00+00:00,1.34702,1.34704,1.34693,1.34701,277
1789551060,2026-09-16 09:31:00+00:00,1.34701,1.34715,1.347,1.34714,234
1789551120,2026-09-16 09:32:00+00:00,1.34715,1.34733,1.34713,1.34732,243
1789551180,2026-09-16 09:33:00+00:00,1.34732,1.34732,1.34711,1.34717,221
1789551240,2026-09-16 09:34:00+00:00,1.34717,1.3472,1.34706,1.3472,159
1789551300,2026-09-16 09:35:00+00:00,1.34721,1.34723,1.34713,1.3472,187
1789551360,2026-09-16 09:36:00+00:00,1.3472,1.34731,1.34717,1.34729,189
1789551420,2026-09-16 09:37:00+00:00,1.34729,1.34732,1.34718,1.3472,163
1789551480,2026-09-16 09:38:00+00:00,1.3472,1.34726,1.3471,1.3471199999999999,232
1789551540,2026-09-16 09:39:00+00:00,1.3471199999999999,1.34717,1.34705,1.34706,189
1789551600,2026-09-16 09:40:00+00:00,1.34706,1.34711,1.34692,1.34693,263
1789551660,2026-09-16 09:41:00+00:00,1.34693,1.34695,1.34688,1.34689,203
1789551720,2026-09-16 09:42:00+00:00,1.34689,1.34695,1.34689,1.34694,196
1789551780,2026-09-16 09:43:00+00:00,1.34694,1.34704,1.34694,1.34703,147
1789551840,2026-09-16 09:44:00+00:00,1.34703,1.34718,1.34702,1.3471199999999999,201
1789551900,2026-09-16 09:45:00+00:00,1.3471199999999999,1.34722,1.34711,1.3471199999999999,162
1789551960,2026-09-16 09:46:00+00:00,1.3471199999999999,1.34713,1.34698,1.34701,268
1789552020,2026-09-16 09:47:00+00:00,1.34701,1.34704,1.34698,1.34702,188
1789552080,2026-09-16 09:48:00+00:00,1.34702,1.34704,1.34696,1.34702,196
1789552140,2026-09-16 09:49:00+00:00,1.34702,1.34705,1.34698,1.347,152
1789552200,2026-09-16 09:50:00+00:00,1.347,1.34702,1.34693,1.34699,185
1789552260,2026-09-16 09:51:00+00:00,1.34699,1.3471199999999999,1.34697,1.3470900000000001,205
1789552320,2026-09-16 09:52:00+00:00,1.3470900000000001,1.34711,1.347,1.347,189
1789552380,2026-09-16 09:53:00+00:00,1.347,1.34702,1.34687,1.34693,162
1789552440,2026-09-16 09:54:00+00:00,1.34693,1.34695,1.3468200000000001,1.34684,128
1789552500,2026-09-16 09:55:00+00:00,1.34684,1.34697,1.3467799999999999,1.34694,158
1789552560,2026-09-16 09:56:00+00:00,1.34694,1.34697,1.34689,1.34695,149
1789552620,2026-09-16 09:57:00+00:00,1.34695,1.34705,1.34691,1.34698,255
1789552680,2026-09-16 09:58:00+00:00,1.34699,1.34708,1.34698,1.347,196
1789552740,2026-09-16 09:59:00+00:00,1.347,1.34701,1.34672,1.34673,238
1789552800,2026-09-16 10:00:00+00:00,1.34673,1.34684,1.34664,1.3468200000000001,300
1789552860,2026-09-16 10:01:00+00:00,1.3468200000000001,1.3469,1.34677,1.34688,137
1789552920,2026-09-16 10:02:00+00:00,1.34688,1.34688,1.34679,1.3468,140
1789552980,2026-09-16 10:03:00+00:00,1.3468,1.34683,1.3467,1.3468,97
1789553040,2026-09-16 10:04:00+00:00,1.3468,1.34683,1.34667,1.34668,155
1789553100,2026-09-16 10:05:00+00:00,1.34668,1.34668,1.34659,1.34663,158
1789553160,2026-09-16 10:06:00+00:00,1.34664,1.34672,1.34662,1.34672,146
1789553220,2026-09-16 10:07:00+00:00,1.34672,1.34672,1.3466,1.34661,88
1789553280,2026-09-16 10:08:00+00:00,1.34661,1.34667,1.3465799999999999,1.34662,130
1789553340,2026-09-16 10:09:00+00:00,1.34662,1.34671,1.34661,1.34664,151
1789553400,2026-09-16 10:10:00+00:00,1.34664,1.34673,1.34662,1.34669,160
1789553460,2026-09-16 10:11:00+00:00,1.34669,1.3467500000000001,1.34668,1.34673,109
1789553520,2026-09-16 10:12:00+00:00,1.34673,1.3468200000000001,1.3467,1.34679,84
1789553580,2026-09-16 10:13:00+00:00,1.34679,1.34679,1.34664,1.34668,151
1789553640,2026-09-16 10:14:00+00:00,1.34668,1.3467500000000001,1.34668,1.34671,100
1789553700,2026-09-16 10:15:00+00:00,1.34671,1.3467500000000001,1.34668,1.34671,184
1789553760,2026-09-16 10:16:00+00:00,1.34671,1.34677,1.34666,1.34676,143
1789553820,2026-09-16 10:17:00+00:00,1.34676,1.34686,1.34672,1.34673,199
1789553880,2026-09-16 10:18:00+00:00,1.34673,1.34691,1.34673,1.3469,183
1789553940,2026-09-16 10:19:00+00:00,1.3469,1.3469,1.3468,1.34687,165
1789554000,2026-09-16 10:20:00+00:00,1.34686,1.347,1.34683,1.347,260
1789554060,2026-09-16 10:21:00+00:00,1.347,1.34708,1.34696,1.34702,195
1789554120,2026-09-16 10:22:00+00:00,1.34702,1.34703,1.34677,1.34681,181
1789554180,2026-09-16 10:23:00+00:00,1.3468200000000001,1.3468200000000001,1.3467,1.34674,109
1789554240,2026-09-16 10:24:00+00:00,1.34674,1.34677,1.34671,1.34671,129
1789554300,2026-09-16 10:25:00+00:00,1.34671,1.34673,1.34665,1.34665,103
1789554360,2026-09-16 10:26:00+00:00,1.34665,1.3467799999999999,1.34665,1.34676,171
1789554420,2026-09-16 10:27:00+00:00,1.34676,1.34683,1.34672,1.34679,178
1789554480,2026-09-16 10:28:00+00:00,1.34679,1.34681,1.34676,1.34679,79
1789554540,2026-09-16 10:29:00+00:00,1.3468,1.3468200000000001,1.3467,1.34679,164
1789554600,2026-09-16 10:30:00+00:00,1.34679,1.3468200000000001,1.34667,1.34669,89
1789554660,2026-09-16 10:31:00+00:00,1.34669,1.34674,1.34666,1.34672,142
1789554720,2026-09-16 10:32:00+00:00,1.34672,1.34674,1.34663,1.34669,107
1789554780,2026-09-16 10:33:00+00:00,1.34669,1.34672,1.3466,1.34669,131
1789554840,2026-09-16 10:34:00+00:00,1.34669,1.34674,1.34669,1.34674,127
1789554900,2026-09-16 10:35:00+00:00,1.34674,1.34676,1.34669,1.3467500000000001,116
1789554960,2026-09-16 10:36:00+00:00,1.3467500000000001,1.34676,1.3467,1.34674,159
1789555020,2026-09-16 10:37:00+00:00,1.34674,1.34683,1.34672,1.3468,98
1789555080,2026-09-16 10:38:00+00:00,1.3468,1.34683,1.3467799999999999,1.3468200000000001,138
1789555140,2026-09-16 10:39:00+00:00,1.3468200000000001,1.34693,1.3468200000000001,1.34691,86
1789555200,2026-09-16 10:40:00+00:00,1.34691,1.34694,1.34684,1.34693,120
1789555260,2026-09-16 10:41:00+00:00,1.34693,1.34699,1.34691,1.34697,74
1789555320,2026-09-16 10:42:00+00:00,1.34697,1.34702,1.34694,1.34698,147
1789555380,2026-09-16 10:43:00+00:00,1.34698,1.34703,1.34698,1.34703,140
1789555440,2026-09-16 10:44:00+00:00,1.34703,1.3471199999999999,1.34701,1.3471199999999999,173
1789555500,2026-09-16 10:45:00+00:00,1.3471199999999999,1.3471199999999999,1.34701,1.34702,125
1789555560,2026-09-16 10:46:00+00:00,1.34703,1.34703,1.3468,1.34681,141
1789555620,2026-09-16 10:47:00+00:00,1.34681,1.34683,1.34679,1.34681,120
1789555680,2026-09-16 10:48:00+00:00,1.34681,1.34681,1.3467799999999999,1.3467799999999999,67
1789555740,2026-09-16 10:49:00+00:00,1.34679,1.34684,1.3467799999999999,1.34684,109
1789555800,2026-09-16 10:50:00+00:00,1.34684,1.34688,1.3468,1.34681,123
1789555860,2026-09-16 10:51:00+00:00,1.34681,1.34681,1.34671,1.34671,120
1789555920,2026-09-16 10:52:00+00:00,1.34671,1.34672,1.34664,1.34668,179
1789555980,2026-09-16 10:53:00+00:00,1.34668,1.34671,1.34665,1.34669,96
1789556040,2026-09-16 10:54:00+00:00,1.34669,1.34672,1.34666,1.34671,91
1789556100,2026-09-16 10:55:00+00:00,1.34671,1.3468200000000001,1.3467,1.3468,82
1789556160,2026-09-16 10:56:00+00:00,1.3468,1.34683,1.34677,1.3468,86
1789556220,2026-09-16 10:57:00+00:00,1.3468,1.34684,1.3467799999999999,1.34681,78
1789556280,2026-09-16 10:58:00+00:00,1.34681,1.34697,1.3468,1.34694,152
1789556340,2026-09-16 10:59:00+00:00,1.34694,1.3471899999999999,1.34689,1.3471899999999999,173
1789556400,2026-09-16 11:00:00+00:00,1.3471899999999999,1.34731,1.3470900000000001,1.34715,605
1789556460,2026-09-16 11:01:00+00:00,1.3471600000000001,1.3471899999999999,1.34695,1.34704,246
1789556520,2026-09-16 11:02:00+00:00,1.34704,1.34705,1.34697,1.34703,280
1789556580,2026-09-16 11:03:00+00:00,1.34703,1.34704,1.34696,1.347,340
1789556640,2026-09-16 11:04:00+00:00,1.347,1.34702,1.3468,1.3468,273
1789556700,2026-09-16 11:05:00+00:00,1.3468,1.34683,1.34676,1.3468,235
1789556760,2026-09-16 11:06:00+00:00,1.3468,1.34681,1.3467500000000001,1.34677,164
1789556820,2026-09-16 11:07:00+00:00,1.34677,1.34679,1.34671,1.34674,199
1789556880,2026-09-16 11:08:00+00:00,1.34674,1.34674,1.34653,1.34659,386
1789556940,2026-09-16 11:09:00+00:00,1.34659,1.3467,1.34636,1.34639,311
1789557000,2026-09-16 11:10:00+00:00,1.34639,1.34644,1.34599,1.34616,356
1789557060,2026-09-16 11:11:00+00:00,1.34616,1.34616,1.346,1.34611,299
1789557120,2026-09-16 11:12:00+00:00,1.34611,1.3462399999999999,1.346,1.34605,325
1789557180,2026-09-16 11:13:00+00:00,1.34604,1.34615,1.34588,1.34615,324
1789557240,2026-09-16 11:14:00+00:00,1.34615,1.34635,1.3461400000000001,1.3462,406
1789557300,2026-09-16 11:15:00+00:00,1.3462,1.34633,1.34619,1.34632,207
1789557360,2026-09-16 11:16:00+00:00,1.34632,1.34633,1.34606,1.34611,389
1789557420,2026-09-16 11:17:00+00:00,1.34611,1.34625,1.34609,1.34623,374
1789557480,2026-09-16 11:18:00+00:00,1.34623,1.34638,1.34623,1.34634,313
1789557540,2026-09-16 11:19:00+00:00,1.34634,1.34638,1.3463,1.34632,231
1789557600,2026-09-16 11:20:00+00:00,1.34632,1.34643,1.3463,1.34641,203
1789557660,2026-09-16 11:21:00+00:00,1.34641,1.34642,1.34633,1.34639,184
1789557720,2026-09-16 11:22:00+00:00,1.34639,1.34643,1.3463,1.34634,269
1789557780,2026-09-16 11:23:00+00:00,1.34634,1.34638,1.3461699999999999,1.34619,342
1789557840,2026-09-16 11:24:00+00:00,1.34619,1.3462399999999999,1.3461699999999999,1.3462,143
1789557900,2026-09-16 11:25:00+00:00,1.3462,1.34625,1.34605,1.34625,258
1789557960,2026-09-16 11:26:00+00:00,1.34625,1.3464,1.34618,1.34639,272
1789558020,2026-09-16 11:27:00+00:00,1.34639,1.34652,1.34637,1.34645,288
1789558080,2026-09-16 11:28:00+00:00,1.34645,1.34659,1.34645,1.34659,237
1789558140,2026-09-16 11:29:00+00:00,1.34659,1.34664,1.34644,1.3465,317
1789558200,2026-09-16 11:30:00+00:00,1.3465099999999999,1.34654,1.34629,1.3463,303
1789558260,2026-09-16 11:31:00+00:00,1.3463,1.34635,1.34628,1.34633,204
1789558320,2026-09-16 11:32:00+00:00,1.34633,1.34639,1.34628,1.34631,212
1789558380,2026-09-16 11:33:00+00:00,1.34631,1.34653,1.3463,1.3464800000000001,263
1789558440,2026-09-16 11:34:00+00:00,1.3464800000000001,1.34663,1.34631,1.34631,238
1789558500,2026-09-16 11:35:00+00:00,1.34631,1.3465,1.3463,1.34649,241
1789558560,2026-09-16 11:36:00+00:00,1.34649,1.3465,1.34632,1.34637,247
1789558620,2026-09-16 11:37:00+00:00,1.34637,1.34639,1.34611,1.34612,282
1789558680,2026-09-16 11:38:00+00:00,1.34612,1.3461400000000001,1.34601,1.34611,267
1789558740,2026-09-16 11:39:00+00:00,1.34611,1.34616,1.34598,1.34607,280
1789558800,2026-09-16 11:40:00+00:00,1.34607,1.34608,1.34583,1.3458999999999999,518
1789558860,2026-09-16 11:41:00+00:00,1.3458999999999999,1.34612,1.3458700000000001,1.34603,276
1789558920,2026-09-16 11:42:00+00:00,1.34604,1.34609,1.34596,1.34602,219
1789558980,2026-09-16 11:43:00+00:00,1.34602,1.34609,1.34599,1.34604,161
1789559040,2026-09-16 11:44:00+00:00,1.34604,1.3461,1.346,1.34603,156
1789559100,2026-09-16 11:45:00+00:00,1.34603,1.34613,1.34595,1.34596,248
1789559160,2026-09-16 11:46:00+00:00,1.34596,1.34598,1.3458700000000001,1.34591,259
1789559220,2026-09-16 11:47:00+00:00,1.3458999999999999,1.34604,1.34585,1.34602,205
1789559280,2026-09-16 11:48:00+00:00,1.34602,1.34606,1.34582,1.34585,205
1789559340,2026-09-16 11:49:00+00:00,1.34585,1.34586,1.34574,1.34578,264
1789559400,2026-09-16 11:50:00+00:00,1.34578,1.34583,1.3457,1.34572,252
1789559460,2026-09-16 11:51:00+00:00,1.34572,1.34582,1.34568,1.34571,266
1789559520,2026-09-16 11:52:00+00:00,1.34572,1.34575,1.34557,1.34567,322
1789559580,2026-09-16 11:53:00+00:00,1.34567,1.34576,1.3456000000000001,1.34569,367
1789559640,2026-09-16 11:54:00+00:00,1.34569,1.34572,1.34567,1.3457,214
1789559700,2026-09-16 11:55:00+00:00,1.3457,1.34571,1.34552,1.34554,287
1789559760,2026-09-16 11:56:00+00:00,1.34554,1.3455599999999999,1.34547,1.34552,290
1789559820,2026-09-16 11:57:00+00:00,1.34552,1.34561,1.34552,1.34558,314
1789559880,2026-09-16 11:58:00+00:00,1.34558,1.34561,1.34557,1.3456000000000001,134
1789559940,2026-09-16 11:59:00+00:00,1.3456000000000001,1.3456000000000001,1.34555,1.34558,155
1789560000,2026-09-16 12:00:00+00:00,1.34557,1.34565,1.34555,1.34558,457
1789560060,2026-09-16 12:01:00+00:00,1.34558,1.34569,1.34557,1.34569,315
1789560120,2026-09-16 12:02:00+00:00,1.34569,1.34579,1.34557,1.34561,354
1789560180,2026-09-16 12:03:00+00:00,1.34561,1.3457,1.34558,1.34567,222
1789560240,2026-09-16 12:04:00+00:00,1.34567,1.34577,1.34564,1.34572,219
1789560300,2026-09-16 12:05:00+00:00,1.34572,1.34582,1.34566,1.34567,211
1789560360,2026-09-16 12:06:00+00:00,1.34567,1.34575,1.3456299999999999,1.34565,227
1789560420,2026-09-16 12:07:00+00:00,1.34565,1.34572,1.34561,1.34562,125
1789560480,2026-09-16 12:08:00+00:00,1.34562,1.34566,1.34546,1.34549,283
1789560540,2026-09-16 12:09:00+00:00,1.34549,1.34562,1.34537,1.3455300000000001,384
1789560600,2026-09-16 12:10:00+00:00,1.3455300000000001,1.34555,1.34539,1.34542,377
1789560660,2026-09-16 12:11:00+00:00,1.34542,1.34549,1.34532,1.34541,408
1789560720,2026-09-16 12:12:00+00:00,1.34542,1.34546,1.3453300000000001,1.34541,212
1789560780,2026-09-16 12:13:00+00:00,1.34541,1.34542,1.3453300000000001,1.34542,136
1789560840,2026-09-16 12:14:00+00:00,1.34542,1.34549,1.34539,1.34546,135
1789560900,2026-09-16 12:15:00+00:00,1.34546,1.34552,1.3454,1.34541,128
1789560960,2026-09-16 12:16:00+00:00,1.34541,1.34542,1.34534,1.34541,104
1789561020,2026-09-16 12:17:00+00:00,1.34541,1.34548,1.34527,1.34528,295
1789561080,2026-09-16 12:18:00+00:00,1.34528,1.34543,1.34528,1.3452899999999999,360
1789561140,2026-09-16 12:19:00+00:00,1.3452899999999999,1.3453,1.34509,1.34512,236
1789561200,2026-09-16 12:20:00+00:00,1.34512,1.34513,1.34501,1.34507,327
1789561260,2026-09-16 12:21:00+00:00,1.34507,1.34509,1.34494,1.3450199999999999,239
1789561320,2026-09-16 12:22:00+00:00,1.3450199999999999,1.34503,1.34489,1.3450199999999999,269
1789561380,2026-09-16 12:23:00+00:00,1.34501,1.34503,1.3449,1.34493,213
1789561440,2026-09-16 12:24:00+00:00,1.34493,1.34498,1.34487,1.3449200000000001,285
1789561500,2026-09-16 12:25:00+00:00,1.3449200000000001,1.34503,1.34486,1.3449,145
1789561560,2026-09-16 12:26:00+00:00,1.3449,1.34493,1.34487,1.34491,52
1789561620,2026-09-16 12:27:00+00:00,1.34491,1.3449200000000001,1.34489,1.3449,72
1789561680,2026-09-16 12:28:00+00:00,1.3449,1.3449900000000001,1.34489,1.3449499999999999,106
1789561740,2026-09-16 12:29:00+00:00,1.3449499999999999,1.3449499999999999,1.34478,1.34484,171
1789561800,2026-09-16 12:30:00+00:00,1.34484,1.34538,1.34461,1.34531,412
1789561860,2026-09-16 12:31:00+00:00,1.3453300000000001,1.3454,1.34522,1.34534,131
1789561920,2026-09-16 12:32:00+00:00,1.34534,1.34534,1.34511,1.34519,140
1789561980,2026-09-16 12:33:00+00:00,1.34519,1.34527,1.3451,1.34523,276
1789562040,2026-09-16 12:34:00+00:00,1.34523,1.34527,1.34512,1.34527,192
1789562100,2026-09-16 12:35:00+00:00,1.3452600000000001,1.34536,1.3452,1.34524,256
1789562160,2026-09-16 12:36:00+00:00,1.34524,1.3453300000000001,1.3452,1.34524,310
1789562220,2026-09-16 12:37:00+00:00,1.34524,1.34531,1.34519,1.3452,195
1789562280,2026-09-16 12:38:00+00:00,1.3452,1.3452899999999999,1.34517,1.34527,244
1789562340,2026-09-16 12:39:00+00:00,1.34527,1.34535,1.34522,1.34522,185
1789562400,2026-09-16 12:40:00+00:00,1.34521,1.34534,1.34521,1.34534,280
1789562460,2026-09-16 12:41:00+00:00,1.34534,1.34546,1.3453,1.34545,152
1789562520,2026-09-16 12:42:00+00:00,1.34545,1.34564,1.34545,1.34552,228
1789562580,2026-09-16 12:43:00+00:00,1.34552,1.3455599999999999,1.34542,1.34554,195
1789562640,2026-09-16 12:44:00+00:00,1.34555,1.34555,1.34542,1.34543,172
1789562700,2026-09-16 12:45:00+00:00,1.34543,1.34557,1.34541,1.34554,184
1789562760,2026-09-16 12:46:00+00:00,1.34554,1.3455599999999999,1.34535,1.34536,177
1789562820,2026-09-16 12:47:00+00:00,1.34537,1.34548,1.34532,1.34546,207
1789562880,2026-09-16 12:48:00+00:00,1.34546,1.3459400000000001,1.34546,1.34593,364
1789562940,2026-09-16 12:49:00+00:00,1.34593,1.3459400000000001,1.34571,1.34582,216
1789563000,2026-09-16 12:50:00+00:00,1.34582,1.34602,1.3458,1.34599,218
1789563060,2026-09-16 12:51:00+00:00,1.34599,1.34599,1.34588,1.3458999999999999,243
1789563120,2026-09-16 12:52:00+00:00,1.3458999999999999,1.34598,1.3458999999999999,1.34593,187
1789563180,2026-09-16 12:53:00+00:00,1.34593,1.3459699999999999,1.34589,1.3459400000000001,176
1789563240,2026-09-16 12:54:00+00:00,1.3459400000000001,1.34603,1.34593,1.3459400000000001,200
1789563300,2026-09-16 12:55:00+00:00,1.3459400000000001,1.34598,1.34585,1.34598,196
1789563360,2026-09-16 12:56:00+00:00,1.34598,1.34598,1.34584,1.34586,215
1789563420,2026-09-16 12:57:00+00:00,1.3458700000000001,1.3458700000000001,1.34571,1.34576,244
1789563480,2026-09-16 12:58:00+00:00,1.34577,1.34578,1.34561,1.34564,257
1789563540,2026-09-16 12:59:00+00:00,1.34564,1.34592,1.34561,1.34576,399
1789563600,2026-09-16 13:00:00+00:00,1.34576,1.34579,1.34562,1.34564,426
1789563660,2026-09-16 13:01:00+00:00,1.34564,1.34565,1.34542,1.34545,348
1789563720,2026-09-16 13:02:00+00:00,1.34545,1.34552,1.34542,1.34551,370
1789563780,2026-09-16 13:03:00+00:00,1.34551,1.3456299999999999,1.34548,1.34551,233
1789563840,2026-09-16 13:04:00+00:00,1.34551,1.3456299999999999,1.34551,1.34559,219
1789563900,2026-09-16 13:05:00+00:00,1.34559,1.34566,1.34549,1.34564,310
1789563960,2026-09-16 13:06:00+00:00,1.34564,1.34573,1.34554,1.34571,276
1789564020,2026-09-16 13:07:00+00:00,1.34571,1.34579,1.34569,1.34576,300
1789564080,2026-09-16 13:08:00+00:00,1.34576,1.34588,1.34565,1.34583,277
1789564140,2026-09-16 13:09:00+00:00,1.34583,1.34585,1.34569,1.34574,174
1789564200,2026-09-16 13:10:00+00:00,1.34574,1.3458999999999999,1.34572,1.34577,248
1789564260,2026-09-16 13:11:00+00:00,1.34577,1.3459699999999999,1.34575,1.3459400000000001,262
1789564320,2026-09-16 13:12:00+00:00,1.3459400000000001,1.34596,1.34582,1.34593,243
1789564380,2026-09-16 13:13:00+00:00,1.34593,1.34613,1.34592,1.34605,243
1789564440,2026-09-16 13:14:00+00:00,1.34605,1.34607,1.34591,1.34593,190
1789564500,2026-09-16 13:15:00+00:00,1.34593,1.346,1.34588,1.34595,305
1789564560,2026-09-16 13:16:00+00:00,1.34595,1.34596,1.34578,1.34583,256
1789564620,2026-09-16 13:17:00+00:00,1.34583,1.34583,1.34571,1.34573,242
1789564680,2026-09-16 13:18:00+00:00,1.34573,1.34575,1.3455599999999999,1.3456000000000001,257
1789564740,2026-09-16 13:19:00+00:00,1.3456000000000001,1.34564,1.34551,1.34551,240
1789564800,2026-09-16 13:20:00+00:00,1.34551,1.34558,1.34544,1.34551,368
1789564860,2026-09-16 13:21:00+00:00,1.34551,1.34565,1.34551,1.34554,220
1789564920,2026-09-16 13:22:00+00:00,1.34554,1.34565,1.34552,1.3456000000000001,219
1789564980,2026-09-16 13:23:00+00:00,1.3456000000000001,1.34569,1.34559,1.34565,187
1789565040,2026-09-16 13:24:00+00:00,1.34565,1.3457,1.34562,1.34564,245
1789565100,2026-09-16 13:25:00+00:00,1.34564,1.34575,1.3456000000000001,1.34572,251
1789565160,2026-09-16 13:26:00+00:00,1.34572,1.3458700000000001,1.34572,1.34585,195
1789565220,2026-09-16 13:27:00+00:00,1.34585,1.34588,1.34569,1.34571,183
1789565280,2026-09-16 13:28:00+00:00,1.34571,1.34571,1.34562,1.3456299999999999,148
1789565340,2026-09-16 13:29:00+00:00,1.3456299999999999,1.34564,1.34552,1.34558,248
1789565400,2026-09-16 13:30:00+00:00,1.34558,1.34568,1.3455300000000001,1.3456299999999999,363
1789565460,2026-09-16 13:31:00+00:00,1.3456299999999999,1.34568,1.34554,1.34554,291
1789565520,2026-09-16 13:32:00+00:00,1.34554,1.34562,1.3455,1.3456000000000001,318
1789565580,2026-09-16 13:33:00+00:00,1.3456000000000001,1.34582,1.3456000000000001,1.3458,247
1789565640,2026-09-16 13:34:00+00:00,1.3458,1.3458700000000001,1.34578,1.3458700000000001,229
1789565700,2026-09-16 13:35:00+00:00,1.3458700000000001,1.34592,1.34575,1.34584,208
1789565760,2026-09-16 13:36:00+00:00,1.34584,1.34595,1.34581,1.34589,274
1789565820,2026-09-16 13:37:00+00:00,1.34589,1.3458999999999999,1.34581,1.3458700000000001,231
1789565880,2026-09-16 13:38:00+00:00,1.3458700000000001,1.34605,1.34579,1.34605,221
1789565940,2026-09-16 13:39:00+00:00,1.34605,1.34605,1.34586,1.34592,223
1789566000,2026-09-16 13:40:00+00:00,1.34592,1.34596,1.34584,1.34591,142
1789566060,2026-09-16 13:41:00+00:00,1.34591,1.34596,1.34582,1.34593,214
1789566120,2026-09-16 13:42:00+00:00,1.34593,1.3459699999999999,1.34582,1.34583,171
1789566180,2026-09-16 13:43:00+00:00,1.34583,1.3458999999999999,1.34581,1.34582,190
1789566240,2026-09-16 13:44:00+00:00,1.34582,1.34583,1.34561,1.34561,374
1789566300,2026-09-16 13:45:00+00:00,1.34561,1.34577,1.34554,1.34562,375
1789566360,2026-09-16 13:46:00+00:00,1.34562,1.34562,1.3455,1.34552,269
1789566420,2026-09-16 13:47:00+00:00,1.34552,1.34554,1.3454,1.34543,405
1789566480,2026-09-16 13:48:00+00:00,1.34543,1.3455300000000001,1.34534,1.34551,260
1789566540,2026-09-16 13:49:00+00:00,1.34551,1.3455300000000001,1.34536,1.34538,262
1789566600,2026-09-16 13:50:00+00:00,1.34538,1.34538,1.3452,1.3452899999999999,367
1789566660,2026-09-16 13:51:00+00:00,1.3452899999999999,1.34534,1.34516,1.34516,283
1789566720,2026-09-16 13:52:00+00:00,1.34516,1.34519,1.34511,1.34514,225
1789566780,2026-09-16 13:53:00+00:00,1.34514,1.34524,1.34513,1.3452,173
1789566840,2026-09-16 13:54:00+00:00,1.3452,1.3452899999999999,1.34519,1.34523,222
1789566900,2026-09-16 13:55:00+00:00,1.34523,1.34534,1.34516,1.34517,273
1789566960,2026-09-16 13:56:00+00:00,1.34517,1.34525,1.34512,1.34523,278
1789567020,2026-09-16 13:57:00+00:00,1.34523,1.34536,1.34519,1.34522,232
1789567080,2026-09-16 13:58:00+00:00,1.34522,1.34523,1.34504,1.34504,194
1789567140,2026-09-16 13:59:00+00:00,1.34504,1.34511,1.3449499999999999,1.3449499999999999,193
1789567200,2026-09-16 14:00:00+00:00,1.3449499999999999,1.34506,1.34493,1.345,224
1789567260,2026-09-16 14:01:00+00:00,1.345,1.34505,1.34488,1.34489,210
1789567320,2026-09-16 14:02:00+00:00,1.34489,1.34497,1.34479,1.34481,361
1789567380,2026-09-16 14:03:00+00:00,1.3448,1.34484,1.34463,1.34463,346
1789567440,2026-09-16 14:04:00+00:00,1.34463,1.34483,1.34459,1.34482,326
1789567500,2026-09-16 14:05:00+00:00,1.34482,1.34484,1.34469,1.34474,291
1789567560,2026-09-16 14:06:00+00:00,1.34474,1.34478,1.34464,1.34477,225
1789567620,2026-09-16 14:07:00+00:00,1.34477,1.34496,1.34473,1.3449499999999999,174
1789567680,2026-09-16 14:08:00+00:00,1.3449499999999999,1.34506,1.34493,1.34505,196
1789567740,2026-09-16 14:09:00+00:00,1.34505,1.34519,1.34504,1.34514,205
1789567800,2026-09-16 14:10:00+00:00,1.34514,1.3452899999999999,1.34513,1.34528,230
1789567860,2026-09-16 14:11:00+00:00,1.34528,1.3452899999999999,1.34514,1.34515,206
1789567920,2026-09-16 14:12:00+00:00,1.34515,1.34527,1.34508,1.3452600000000001,249
1789567980,2026-09-16 14:13:00+00:00,1.34525,1.34549,1.34524,1.34543,215
1789568040,2026-09-16 14:14:00+00:00,1.34543,1.34558,1.34534,1.3455599999999999,265
1789568100,2026-09-16 14:15:00+00:00,1.3455599999999999,1.34557,1.34531,1.34539,257
1789568160,2026-09-16 14:16:00+00:00,1.34539,1.34555,1.34535,1.34535,286
1789568220,2026-09-16 14:17:00+00:00,1.34535,1.34535,1.34516,1.3452,296
1789568280,2026-09-16 14:18:00+00:00,1.3452,1.34521,1.34504,1.34506,172
1789568340,2026-09-16 14:19:00+00:00,1.34506,1.34517,1.345,1.34515,186
1789568400,2026-09-16 14:20:00+00:00,1.34516,1.34536,1.34513,1.34534,249
1789568460,2026-09-16 14:21:00+00:00,1.34534,1.34543,1.3452600000000001,1.3454,208
1789568520,2026-09-16 14:22:00+00:00,1.3454,1.3454,1.34523,1.34528,157
1789568580,2026-09-16 14:23:00+00:00,1.34528,1.34528,1.34514,1.34521,197
1789568640,2026-09-16 14:24:00+00:00,1.34521,1.34531,1.34519,1.3452,222
1789568700,2026-09-16 14:25:00+00:00,1.3452,1.34534,1.3452,1.34532,181
1789568760,2026-09-16 14:26:00+00:00,1.34532,1.34545,1.34531,1.34542,189
1789568820,2026-09-16 14:27:00+00:00,1.34542,1.34545,1.34535,1.34542,231
1789568880,2026-09-16 14:28:00+00:00,1.34543,1.34551,1.34541,1.34541,190
1789568940,2026-09-16 14:29:00+00:00,1.34541,1.34546,1.34538,1.34541,244
1789569000,2026-09-16 14:30:00+00:00,1.34541,1.34551,1.34532,1.34551,240
1789569060,2026-09-16 14:31:00+00:00,1.34551,1.3455300000000001,1.34549,1.3455,110
1789569120,2026-09-16 14:32:00+00:00,1.3455,1.34564,1.3455,1.3456299999999999,130
1789569180,2026-09-16 14:33:00+00:00,1.3456299999999999,1.34565,1.34557,1.34562,102
1789569240,2026-09-16 14:34:00+00:00,1.34562,1.34567,1.3456000000000001,1.3456299999999999,126
1789569300,2026-09-16 14:35:00+00:00,1.3456299999999999,1.34564,1.34558,1.34558,107
1789569360,2026-09-16 14:36:00+00:00,1.34558,1.34576,1.34558,1.34573,104
1789569420,2026-09-16 14:37:00+00:00,1.34573,1.34603,1.34572,1.34601,191
1789569480,2026-09-16 14:38:00+00:00,1.34601,1.34611,1.34601,1.34611,160
1789569540,2026-09-16 14:39:00+00:00,1.34611,1.34612,1.34599,1.34601,152
1789569600,2026-09-16 14:40:00+00:00,1.34602,1.34618,1.34599,1.3461400000000001,220
1789569660,2026-09-16 14:41:00+00:00,1.3461400000000001,1.34631,1.34613,1.34619,234
1789569720,2026-09-16 14:42:00+00:00,1.34618,1.34619,1.3459400000000001,1.34596,242
1789569780,2026-09-16 14:43:00+00:00,1.34596,1.34598,1.34581,1.34589,127
1789569840,2026-09-16 14:44:00+00:00,1.34589,1.34615,1.34581,1.34609,206
1789569900,2026-09-16 14:45:00+00:00,1.3461,1.3461699999999999,1.34602,1.34616,168
1789569960,2026-09-16 14:46:00+00:00,1.34616,1.3461699999999999,1.34607,1.34613,216
1789570020,2026-09-16 14:47:00+00:00,1.34613,1.34615,1.34598,1.34599,176
1789570080,2026-09-16 14:48:00+00:00,1.34599,1.34606,1.34592,1.34598,194
1789570140,2026-09-16 14:49:00+00:00,1.34598,1.34599,1.34586,1.34588,190
1789570200,2026-09-16 14:50:00+00:00,1.34588,1.34605,1.34588,1.34603,279
1789570260,2026-09-16 14:51:00+00:00,1.34603,1.34607,1.34589,1.34592,258
1789570320,2026-09-16 14:52:00+00:00,1.34592,1.34598,1.3458700000000001,1.34598,157
1789570380,2026-09-16 14:53:00+00:00,1.34598,1.346,1.34582,1.34582,240
1789570440,2026-09-16 14:54:00+00:00,1.34582,1.34593,1.3458,1.3458999999999999,189
1789570500,2026-09-16 14:55:00+00:00,1.3458999999999999,1.34596,1.3452600000000001,1.34527,428
1789570560,2026-09-16 14:56:00+00:00,1.34527,1.34532,1.3452,1.3452600000000001,449
1789570620,2026-09-16 14:57:00+00:00,1.3452600000000001,1.3454,1.34509,1.34535,540
1789570680,2026-09-16 14:58:00+00:00,1.34535,1.34538,1.3452,1.34528,412
1789570740,2026-09-16 14:59:00+00:00,1.34528,1.34541,1.3452,1.34539,375
1789570800,2026-09-16 15:00:00+00:00,1.3454,1.3455,1.34536,1.34536,436
1789570860,2026-09-16 15:01:00+00:00,1.34536,1.34547,1.3452600000000001,1.34528,355
1789570920,2026-09-16 15:02:00+00:00,1.34528,1.34545,1.34516,1.34518,351
1789570980,2026-09-16 15:03:00+00:00,1.34518,1.34532,1.34517,1.34523,335
1789571040,2026-09-16 15:04:00+00:00,1.34523,1.3452899999999999,1.34501,1.34503,364
1789571100,2026-09-16 15:05:00+00:00,1.34503,1.34527,1.34503,1.3452,312
1789571160,2026-09-16 15:06:00+00:00,1.34519,1.34534,1.34518,1.34528,242
1789571220,2026-09-16 15:07:00+00:00,1.34528,1.34575,1.3452600000000001,1.34551,474
1789571280,2026-09-16 15:08:00+00:00,1.34551,1.3456000000000001,1.34545,1.34557,446
1789571340,2026-09-16 15:09:00+00:00,1.34557,1.34583,1.34552,1.34578,409
1789571400,2026-09-16 15:10:00+00:00,1.34578,1.34583,1.3454,1.3455,313
1789571460,2026-09-16 15:11:00+00:00,1.3455,1.34567,1.34536,1.34542,464
1789571520,2026-09-16 15:12:00+00:00,1.34542,1.34549,1.34536,1.3454,327
1789571580,2026-09-16 15:13:00+00:00,1.3454,1.34555,1.34535,1.34554,319
1789571640,2026-09-16 15:14:00+00:00,1.34554,1.34564,1.34552,1.3455599999999999,320
1789571700,2026-09-16 15:15:00+00:00,1.34557,1.3456000000000001,1.34543,1.34547,266
1789571760,2026-09-16 15:16:00+00:00,1.34547,1.34554,1.3454,1.34543,261
1789571820,2026-09-16 15:17:00+00:00,1.34543,1.34544,1.34535,1.34539,246
1789571880,2026-09-16 15:18:00+00:00,1.34539,1.3455300000000001,1.34536,1.34551,209
1789571940,2026-09-16 15:19:00+00:00,1.34551,1.34559,1.34548,1.34551,194
1789572000,2026-09-16 15:20:00+00:00,1.34552,1.3455300000000001,1.3453300000000001,1.34538,185
1789572060,2026-09-16 15:21:00+00:00,1.34538,1.3454,1.34531,1.34537,264
1789572120,2026-09-16 15:22:00+00:00,1.34537,1.34546,1.34536,1.34543,182
1789572180,2026-09-16 15:23:00+00:00,1.34543,1.34549,1.34536,1.34537,348
1789572240,2026-09-16 15:24:00+00:00,1.34537,1.34542,1.34527,1.34534,249
1789572300,2026-09-16 15:25:00+00:00,1.34534,1.34535,1.34509,1.34511,223
1789572360,2026-09-16 15:26:00+00:00,1.34511,1.34511,1.34496,1.34496,135
1789572420,2026-09-16 15:27:00+00:00,1.34496,1.345,1.3449,1.34494,200
1789572480,2026-09-16 15:28:00+00:00,1.34494,1.3449499999999999,1.34484,1.34488,208
1789572540,2026-09-16 15:29:00+00:00,1.34488,1.3449200000000001,1.34481,1.34482,212
1789572600,2026-09-16 15:30:00+00:00,1.34483,1.34485,1.34469,1.3447200000000001,398
1789572660,2026-09-16 15:31:00+00:00,1.3447200000000001,1.34477,1.34463,1.34471,301
1789572720,2026-09-16 15:32:00+00:00,1.34471,1.34473,1.34463,1.3446799999999999,239
1789572780,2026-09-16 15:33:00+00:00,1.3446799999999999,1.34471,1.34455,1.3446,291
1789572840,2026-09-16 15:34:00+00:00,1.34461,1.3447200000000001,1.34457,1.34469,241
1789572900,2026-09-16 15:35:00+00:00,1.34469,1.34481,1.34466,1.34473,229
1789572960,2026-09-16 15:36:00+00:00,1.34473,1.3450199999999999,1.3447200000000001,1.3449,262
1789573020,2026-09-16 15:37:00+00:00,1.34491,1.3449200000000001,1.34478,1.34485,261
1789573080,2026-09-16 15:38:00+00:00,1.34485,1.3449499999999999,1.34482,1.34491,166
1789573140,2026-09-16 15:39:00+00:00,1.3449200000000001,1.3449499999999999,1.34486,1.34487,205
1789573200,2026-09-16 15:40:00+00:00,1.34487,1.34493,1.34479,1.3449,160
1789573260,2026-09-16 15:41:00+00:00,1.3449,1.3449200000000001,1.34481,1.34482,260
1789573320,2026-09-16 15:42:00+00:00,1.34482,1.34482,1.34471,1.3447200000000001,84
1789573380,2026-09-16 15:43:00+00:00,1.3447200000000001,1.34473,1.34461,1.34462,80
1789573440,2026-09-16 15:44:00+00:00,1.34462,1.34466,1.34457,1.3446,212
1789573500,2026-09-16 15:45:00+00:00,1.3446,1.34461,1.34449,1.34459,199
1789573560,2026-09-16 15:46:00+00:00,1.34459,1.3447200000000001,1.34459,1.34469,160
1789573620,2026-09-16 15:47:00+00:00,1.34469,1.34523,1.3446799999999999,1.3449200000000001,831
1789573680,2026-09-16 15:48:00+00:00,1.3449200000000001,1.34501,1.34471,1.34481,459
1789573740,2026-09-16 15:49:00+00:00,1.34481,1.34484,1.3447,1.3448,397
1789573800,2026-09-16 15:50:00+00:00,1.3448,1.34484,1.34462,1.3447,240
1789573860,2026-09-16 15:51:00+00:00,1.3447,1.34482,1.3446799999999999,1.34477,244
1789573920,2026-09-16 15:52:00+00:00,1.34477,1.34493,1.34469,1.3449,266
1789573980,2026-09-16 15:53:00+00:00,1.3449,1.3449499999999999,1.34478,1.34479,287
1789574040,2026-09-16 15:54:00+00:00,1.34479,1.3448,1.34458,1.34458,339
1789574100,2026-09-16 15:55:00+00:00,1.34459,1.34463,1.34449,1.3445,202
1789574160,2026-09-16 15:56:00+00:00,1.3445,1.3446,1.34448,1.34459,225
1789574220,2026-09-16 15:57:00+00:00,1.34459,1.34469,1.34459,1.34469,289
1789574280,2026-09-16 15:58:00+00:00,1.34469,1.34477,1.34466,1.3447,296
1789574340,2026-09-16 15:59:00+00:00,1.34471,1.34471,1.3445,1.34451,241
1789574400,2026-09-16 16:00:00+00:00,1.34453,1.34459,1.3444,1.34446,285
1789574460,2026-09-16 16:01:00+00:00,1.34446,1.3445,1.3444099999999999,1.34448,327
1789574520,2026-09-16 16:02:00+00:00,1.34448,1.34451,1.34436,1.3445,412
1789574580,2026-09-16 16:03:00+00:00,1.3445,1.34451,1.34439,1.34448,330
1789574640,2026-09-16 16:04:00+00:00,1.34448,1.34448,1.3443800000000001,1.3444,266
1789574700,2026-09-16 16:05:00+00:00,1.3444,1.3444,1.34428,1.34433,203
1789574760,2026-09-16 16:06:00+00:00,1.34433,1.34437,1.34423,1.34432,304
1789574820,2026-09-16 16:07:00+00:00,1.34432,1.34443,1.34428,1.34439,317
1789574880,2026-09-16 16:08:00+00:00,1.34439,1.34448,1.34437,1.34439,229
1789574940,2026-09-16 16:09:00+00:00,1.34439,1.34442,1.34427,1.34429,216
1789575000,2026-09-16 16:10:00+00:00,1.34428,1.34435,1.34426,1.3443,233
1789575060,2026-09-16 16:11:00+00:00,1.3443,1.34442,1.3443,1.3444099999999999,180
1789575120,2026-09-16 16:12:00+00:00,1.34442,1.34443,1.34432,1.34436,181
1789575180,2026-09-16 16:13:00+00:00,1.34437,1.34439,1.3443399999999999,1.3443800000000001,93
1789575240,2026-09-16 16:14:00+00:00,1.3443800000000001,1.3444099999999999,1.34435,1.3444099999999999,142
1789575300,2026-09-16 16:15:00+00:00,1.3444099999999999,1.34459,1.3444,1.34458,173
1789575360,2026-09-16 16:16:00+00:00,1.34458,1.3447200000000001,1.34458,1.3447,228
1789575420,2026-09-16 16:17:00+00:00,1.3447,1.34471,1.34458,1.34466,225
1789575480,2026-09-16 16:18:00+00:00,1.34467,1.34473,1.34462,1.3446799999999999,241
1789575540,2026-09-16 16:19:00+00:00,1.3446799999999999,1.34479,1.3446500000000001,1.3446799999999999,176
1789575600,2026-09-16 16:20:00+00:00,1.3446799999999999,1.34476,1.3446500000000001,1.34473,169
1789575660,2026-09-16 16:21:00+00:00,1.34471,1.34482,1.3447,1.34478,201
1789575720,2026-09-16 16:22:00+00:00,1.34478,1.34481,1.3447200000000001,1.34477,289
1789575780,2026-09-16 16:23:00+00:00,1.34477,1.34498,1.34476,1.34491,272
1789575840,2026-09-16 16:24:00+00:00,1.34491,1.34508,1.3449,1.34505,226
1789575900,2026-09-16 16:25:00+00:00,1.34505,1.34512,1.3449900000000001,1.34508,218
1789575960,2026-09-16 16:26:00+00:00,1.34508,1.34508,1.34489,1.34491,131
1789576020,2026-09-16 16:27:00+00:00,1.34491,1.345,1.34488,1.34497,135
1789576080,2026-09-16 16:28:00+00:00,1.34497,1.34497,1.34481,1.34488,166
1789576140,2026-09-16 16:29:00+00:00,1.34488,1.34489,1.34482,1.34487,156
1789576200,2026-09-16 16:30:00+00:00,1.34487,1.34489,1.34477,1.34478,123
1789576260,2026-09-16 16:31:00+00:00,1.34478,1.34479,1.34477,1.34477,73
1789576320,2026-09-16 16:32:00+00:00,1.34477,1.3448,1.34467,1.34478,188
1789576380,2026-09-16 16:33:00+00:00,1.34478,1.34481,1.34476,1.34476,147
1789576440,2026-09-16 16:34:00+00:00,1.34476,1.34493,1.34476,1.3449,277
1789576500,2026-09-16 16:35:00+00:00,1.3449,1.345,1.34487,1.34498,241
1789576560,2026-09-16 16:36:00+00:00,1.34498,1.3450199999999999,1.34483,1.34484,212
1789576620,2026-09-16 16:37:00+00:00,1.34484,1.34484,1.3448,1.34482,181
1789576680,2026-09-16 16:38:00+00:00,1.34482,1.34498,1.34482,1.3449,148
1789576740,2026-09-16 16:39:00+00:00,1.3449,1.3449200000000001,1.34487,1.34489,143
1789576800,2026-09-16 16:40:00+00:00,1.34489,1.3449,1.3448,1.34488,165
1789576860,2026-09-16 16:41:00+00:00,1.34488,1.3449200000000001,1.34487,1.34489,127
1789576920,2026-09-16 16:42:00+00:00,1.34489,1.3449,1.34486,1.34486,105
1789576980,2026-09-16 16:43:00+00:00,1.34486,1.34487,1.34481,1.34482,201
1789577040,2026-09-16 16:44:00+00:00,1.34482,1.34484,1.34478,1.3448,159
1789577100,2026-09-16 16:45:00+00:00,1.3448,1.34491,1.34477,1.34478,230
1789577160,2026-09-16 16:46:00+00:00,1.34478,1.34482,1.34475,1.34478,116
1789577220,2026-09-16 16:47:00+00:00,1.34478,1.34484,1.34476,1.34481,211
1789577280,2026-09-16 16:48:00+00:00,1.34481,1.34482,1.34473,1.34476,166
1789577340,2026-09-16 16:49:00+00:00,1.34476,1.34476,1.34469,1.3447200000000001,252
1789577400,2026-09-16 16:50:00+00:00,1.3447200000000001,1.34474,1.3447,1.34473,164
1789577460,2026-09-16 16:51:00+00:00,1.34473,1.34473,1.34467,1.34469,218
1789577520,2026-09-16 16:52:00+00:00,1.34469,1.34469,1.34464,1.3446799999999999,132
1789577580,2026-09-16 16:53:00+00:00,1.3446799999999999,1.34474,1.34467,1.34473,232
1789577640,2026-09-16 16:54:00+00:00,1.34473,1.34477,1.34461,1.34461,227
1789577700,2026-09-16 16:55:00+00:00,1.34461,1.34474,1.34461,1.34471,246
1789577760,2026-09-16 16:56:00+00:00,1.34471,1.34473,1.34464,1.3446500000000001,149
1789577820,2026-09-16 16:57:00+00:00,1.3446500000000001,1.3447,1.34459,1.3446,235
1789577880,2026-09-16 16:58:00+00:00,1.3446,1.34462,1.34454,1.34459,261
1789577940,2026-09-16 16:59:00+00:00,1.34459,1.3446,1.3445,1.3445,271
1789578000,2026-09-16 17:00:00+00:00,1.3445,1.34451,1.34443,1.34447,320
1789578060,2026-09-16 17:01:00+00:00,1.34448,1.34448,1.3444,1.3444099999999999,230
1789578120,2026-09-16 17:02:00+00:00,1.3444099999999999,1.34452,1.3444099999999999,1.34449,332
1789578180,2026-09-16 17:03:00+00:00,1.34449,1.34449,1.3443800000000001,1.3443800000000001,373
1789578240,2026-09-16 17:04:00+00:00,1.34439,1.34442,1.3443,1.34433,254
1789578300,2026-09-16 17:05:00+00:00,1.34433,1.34439,1.3443100000000001,1.34433,222
1789578360,2026-09-16 17:06:00+00:00,1.34433,1.34433,1.34418,1.34419,218
1789578420,2026-09-16 17:07:00+00:00,1.34419,1.3443100000000001,1.34419,1.34428,181
1789578480,2026-09-16 17:08:00+00:00,1.34428,1.34429,1.34419,1.3442,151
1789578540,2026-09-16 17:09:00+00:00,1.3442,1.34421,1.34413,1.34415,359
1789578600,2026-09-16 17:10:00+00:00,1.34415,1.34418,1.34408,1.3441100000000001,177
1789578660,2026-09-16 17:11:00+00:00,1.3441,1.34412,1.34406,1.34408,124
1789578720,2026-09-16 17:12:00+00:00,1.34408,1.34409,1.34398,1.34402,238
1789578780,2026-09-16 17:13:00+00:00,1.34402,1.34405,1.34395,1.3439999999999999,205
1789578840,2026-09-16 17:14:00+00:00,1.3439999999999999,1.34403,1.34397,1.3439999999999999,250
1789578900,2026-09-16 17:15:00+00:00,1.3439999999999999,1.34413,1.34398,1.34412,171
1789578960,2026-09-16 17:16:00+00:00,1.3441100000000001,1.34425,1.34408,1.34424,230
1789579020,2026-09-16 17:17:00+00:00,1.34424,1.34427,1.3442,1.34421,104
1789579080,2026-09-16 17:18:00+00:00,1.34421,1.34422,1.34418,1.34419,131
1789579140,2026-09-16 17:19:00+00:00,1.34419,1.3442,1.34409,1.3441,239
1789579200,2026-09-16 17:20:00+00:00,1.3441,1.34421,1.3441,1.34421,123
1789579260,2026-09-16 17:21:00+00:00,1.3442,1.34424,1.34416,1.3442,119
1789579320,2026-09-16 17:22:00+00:00,1.3442,1.3442,1.34409,1.3441,146
1789579380,2026-09-16 17:23:00+00:00,1.3441100000000001,1.34413,1.34409,1.3441100000000001,208
1789579440,2026-09-16 17:24:00+00:00,1.3441100000000001,1.34417,1.34408,1.3441,187
1789579500,2026-09-16 17:25:00+00:00,1.34409,1.34417,1.34408,1.34412,179
1789579560,2026-09-16 17:26:00+00:00,1.34412,1.34423,1.3441100000000001,1.34419,175
1789579620,2026-09-16 17:27:00+00:00,1.34419,1.34426,1.34418,1.34421,278
1789579680,2026-09-16 17:28:00+00:00,1.34421,1.34425,1.34418,1.34419,155
1789579740,2026-09-16 17:29:00+00:00,1.34419,1.34424,1.34418,1.34422,187
1789579800,2026-09-16 17:30:00+00:00,1.34421,1.3443399999999999,1.3442,1.34432,288
1789579860,2026-09-16 17:31:00+00:00,1.34432,1.3443399999999999,1.34425,1.34427,117
1789579920,2026-09-16 17:32:00+00:00,1.34427,1.34433,1.34426,1.34429,211
1789579980,2026-09-16 17:33:00+00:00,1.34429,1.34439,1.34427,1.3443800000000001,170
1789580040,2026-09-16 17:34:00+00:00,1.3443800000000001,1.3443800000000001,1.34433,1.34436,139
1789580100,2026-09-16 17:35:00+00:00,1.34436,1.34437,1.34427,1.34433,121
1789580160,2026-09-16 17:36:00+00:00,1.34433,1.34445,1.3443100000000001,1.34444,126
1789580220,2026-09-16 17:37:00+00:00,1.34444,1.34444,1.34439,1.3444,76
1789580280,2026-09-16 17:38:00+00:00,1.3444,1.3444099999999999,1.34429,1.34432,157
1789580340,2026-09-16 17:39:00+00:00,1.34432,1.34432,1.34425,1.34425,176
1789580400,2026-09-16 17:40:00+00:00,1.34425,1.3443399999999999,1.34422,1.34433,205
1789580460,2026-09-16 17:41:00+00:00,1.34433,1.3444099999999999,1.3443100000000001,1.34432,204
1789580520,2026-09-16 17:42:00+00:00,1.34432,1.3443399999999999,1.34426,1.34433,175
1789580580,2026-09-16 17:43:00+00:00,1.34433,1.34443,1.3443100000000001,1.34439,205
1789580640,2026-09-16 17:44:00+00:00,1.3444,1.34442,1.34436,1.34439,161
1789580700,2026-09-16 17:45:00+00:00,1.34439,1.34443,1.34432,1.3444099999999999,160
1789580760,2026-09-16 17:46:00+00:00,1.3444099999999999,1.34449,1.34439,1.3444,197
1789580820,2026-09-16 17:47:00+00:00,1.3444,1.3444099999999999,1.3443800000000001,1.3444,311
1789580880,2026-09-16 17:48:00+00:00,1.3444,1.34444,1.34436,1.3444,235
1789580940,2026-09-16 17:49:00+00:00,1.3444,1.3444099999999999,1.34436,1.3443800000000001,129
1789581000,2026-09-16 17:50:00+00:00,1.3443800000000001,1.3444,1.34428,1.34435,245
1789581060,2026-09-16 17:51:00+00:00,1.34435,1.34453,1.3443100000000001,1.34451,311
1789581120,2026-09-16 17:52:00+00:00,1.34451,1.34453,1.34428,1.3443399999999999,305
1789581180,2026-09-16 17:53:00+00:00,1.3443399999999999,1.34442,1.34429,1.3443100000000001,231
1789581240,2026-09-16 17:54:00+00:00,1.3443100000000001,1.34442,1.3443,1.34436,230
1789581300,2026-09-16 17:55:00+00:00,1.34436,1.3444,1.34429,1.3443800000000001,333
1789581360,2026-09-16 17:56:00+00:00,1.3443800000000001,1.34469,1.3443800000000001,1.34467,197
1789581420,2026-09-16 17:57:00+00:00,1.34467,1.34467,1.34452,1.34454,80
1789581480,2026-09-16 17:58:00+00:00,1.34454,1.34459,1.3445,1.34457,226
1789581540,2026-09-16 17:59:00+00:00,1.34457,1.345,1.34453,1.345,246
1789581600,2026-09-16 18:00:00+00:00,1.345,1.3461,1.34359,1.34368,1503
1789581660,2026-09-16 18:01:00+00:00,1.34368,1.3439,1.34186,1.34244,1054
1789581720,2026-09-16 18:02:00+00:00,1.34244,1.34292,1.34171,1.34261,887
1789581780,2026-09-16 18:03:00+00:00,1.34261,1.34324,1.34253,1.34276,674
1789581840,2026-09-16 18:04:00+00:00,1.34276,1.34297,1.34243,1.34245,492
1789581900,2026-09-16 18:05:00+00:00,1.34245,1.34265,1.34203,1.34225,1151
1789581960,2026-09-16 18:06:00+00:00,1.34226,1.3427799999999999,1.34219,1.34263,914
1789582020,2026-09-16 18:07:00+00:00,1.34263,1.34328,1.34262,1.34328,937
1789582080,2026-09-16 18:08:00+00:00,1.34328,1.3435000000000001,1.34305,1.34325,908
1789582140,2026-09-16 18:09:00+00:00,1.34325,1.34327,1.34275,1.3427799999999999,888
1789582200,2026-09-16 18:10:00+00:00,1.3427799999999999,1.34286,1.34225,1.34243,893
1789582260,2026-09-16 18:11:00+00:00,1.34243,1.34249,1.34213,1.3421699999999999,826
1789582320,2026-09-16 18:12:00+00:00,1.34218,1.34218,1.34151,1.3415300000000001,840
1789582380,2026-09-16 18:13:00+00:00,1.3415300000000001,1.34157,1.34122,1.34135,830
1789582440,2026-09-16 18:14:00+00:00,1.34134,1.34146,1.34103,1.34111,774
1789582500,2026-09-16 18:15:00+00:00,1.34111,1.34116,1.34085,1.34087,884
1789582560,2026-09-16 18:16:00+00:00,1.34087,1.34104,1.34077,1.3409200000000001,852
1789582620,2026-09-16 18:17:00+00:00,1.3409200000000001,1.34118,1.34069,1.34115,851
1789582680,2026-09-16 18:18:00+00:00,1.34115,1.34131,1.3407499999999999,1.34078,841
1789582740,2026-09-16 18:19:00+00:00,1.34078,1.34152,1.34077,1.34122,922
1789582800,2026-09-16 18:20:00+00:00,1.34122,1.34138,1.34104,1.34125,923
1789582860,2026-09-16 18:21:00+00:00,1.34125,1.34183,1.34125,1.34176,867
1789582920,2026-09-16 18:22:00+00:00,1.34176,1.34196,1.3415300000000001,1.34155,699
1789582980,2026-09-16 18:23:00+00:00,1.34155,1.34181,1.34128,1.3418,765
1789583040,2026-09-16 18:24:00+00:00,1.34179,1.34181,1.34138,1.3414,682
1789583100,2026-09-16 18:25:00+00:00,1.3414,1.3414,1.34107,1.34107,648
1789583160,2026-09-16 18:26:00+00:00,1.34107,1.34125,1.34098,1.34098,408
1789583220,2026-09-16 18:27:00+00:00,1.34101,1.34101,1.34076,1.3408,348
1789583280,2026-09-16 18:28:00+00:00,1.3408,1.3409900000000001,1.34076,1.3409499999999999,429
1789583340,2026-09-16 18:29:00+00:00,1.3409499999999999,1.34118,1.34089,1.341,381
1789583400,2026-09-16 18:30:00+00:00,1.34101,1.34121,1.34064,1.34084,635
1789583460,2026-09-16 18:31:00+00:00,1.34084,1.34088,1.34043,1.34049,767
1789583520,2026-09-16 18:32:00+00:00,1.34049,1.34055,1.33974,1.33975,1074
1789583580,2026-09-16 18:33:00+00:00,1.33975,1.3401100000000001,1.33939,1.33948,1141
1789583640,2026-09-16 18:34:00+00:00,1.33948,1.33957,1.3393,1.33938,1059
1789583700,2026-09-16 18:35:00+00:00,1.33937,1.33938,1.3389,1.33895,653
1789583760,2026-09-16 18:36:00+00:00,1.33895,1.3390900000000001,1.33859,1.33863,559
1789583820,2026-09-16 18:37:00+00:00,1.33863,1.3391199999999999,1.33862,1.33901,877
1789583880,2026-09-16 18:38:00+00:00,1.33901,1.33974,1.33901,1.3397299999999999,875
1789583940,2026-09-16 18:39:00+00:00,1.33972,1.34005,1.33955,1.33974,719
1789584000,2026-09-16 18:40:00+00:00,1.33974,1.33984,1.3391600000000001,1.33923,771
1789584060,2026-09-16 18:41:00+00:00,1.33923,1.33971,1.33908,1.33961,640
1789584120,2026-09-16 18:42:00+00:00,1.33961,1.34003,1.33961,1.33982,638
1789584180,2026-09-16 18:43:00+00:00,1.33982,1.34051,1.3397299999999999,1.34046,826
1789584240,2026-09-16 18:44:00+00:00,1.34045,1.34052,1.3399,1.33992,867
1789584300,2026-09-16 18:45:00+00:00,1.33992,1.34044,1.33979,1.34022,1190
1789584360,2026-09-16 18:46:00+00:00,1.34023,1.34035,1.33999,1.34002,862
1789584420,2026-09-16 18:47:00+00:00,1.34002,1.3401,1.33955,1.33984,979
1789584480,2026-09-16 18:48:00+00:00,1.33986,1.3400699999999999,1.33984,1.34,584
1789584540,2026-09-16 18:49:00+00:00,1.34,1.34013,1.33981,1.33997,643
1789584600,2026-09-16 18:50:00+00:00,1.33997,1.3400699999999999,1.33964,1.33965,772
1789584660,2026-09-16 18:51:00+00:00,1.33965,1.33966,1.33933,1.3394599999999999,641
1789584720,2026-09-16 18:52:00+00:00,1.33945,1.3394599999999999,1.3385,1.3385,752
1789584780,2026-09-16 18:53:00+00:00,1.3384800000000001,1.3388200000000001,1.3384,1.33845,691
1789584840,2026-09-16 18:54:00+00:00,1.33845,1.3387,1.33838,1.3387,778
1789584900,2026-09-16 18:55:00+00:00,1.3387,1.33908,1.33863,1.33894,964
1789584960,2026-09-16 18:56:00+00:00,1.33894,1.33894,1.33845,1.33847,911
1789585020,2026-09-16 18:57:00+00:00,1.33847,1.3385500000000001,1.3382399999999999,1.33833,820
1789585080,2026-09-16 18:58:00+00:00,1.33833,1.3384800000000001,1.33832,1.33835,801
1789585140,2026-09-16 18:59:00+00:00,1.33835,1.3384,1.33807,1.33815,590
1789585200,2026-09-16 19:00:00+00:00,1.33815,1.33873,1.33808,1.33873,797
1789585260,2026-09-16 19:01:00+00:00,1.33873,1.33884,1.33852,1.3385500000000001,892
1789585320,2026-09-16 19:02:00+00:00,1.33856,1.33874,1.3385,1.33866,939
1789585380,2026-09-16 19:03:00+00:00,1.33866,1.3391,1.33866,1.3391,869
1789585440,2026-09-16 19:04:00+00:00,1.3391,1.33928,1.33886,1.33888,866
1789585500,2026-09-16 19:05:00+00:00,1.33888,1.33903,1.33875,1.3389,608
1789585560,2026-09-16 19:06:00+00:00,1.3389,1.3390900000000001,1.33884,1.33884,608
1789585620,2026-09-16 19:07:00+00:00,1.33884,1.33884,1.33846,1.33863,911
1789585680,2026-09-16 19:08:00+00:00,1.33863,1.33865,1.3384,1.33842,750
1789585740,2026-09-16 19:09:00+00:00,1.33844,1.33853,1.33812,1.33819,713
1789585800,2026-09-16 19:10:00+00:00,1.33819,1.33832,1.33811,1.33816,652
1789585860,2026-09-16 19:11:00+00:00,1.33816,1.33827,1.33805,1.33825,607
1789585920,2026-09-16 19:12:00+00:00,1.33825,1.33839,1.33813,1.33816,686
1789585980,2026-09-16 19:13:00+00:00,1.33816,1.3382,1.3379400000000001,1.33807,563
1789586040,2026-09-16 19:14:00+00:00,1.33807,1.3384800000000001,1.33804,1.3383099999999999,803
1789586100,2026-09-16 19:15:00+00:00,1.33832,1.3385,1.33816,1.33825,637
1789586160,2026-09-16 19:16:00+00:00,1.33825,1.33826,1.3378700000000001,1.33791,643
1789586220,2026-09-16 19:17:00+00:00,1.33791,1.33814,1.33783,1.33785,584
1789586280,2026-09-16 19:18:00+00:00,1.33785,1.33796,1.33766,1.33771,806
1789586340,2026-09-16 19:19:00+00:00,1.33771,1.33779,1.33759,1.33779,691
1789586400,2026-09-16 19:20:00+00:00,1.33779,1.33796,1.33764,1.33765,858
1789586460,2026-09-16 19:21:00+00:00,1.33765,1.3376700000000001,1.33757,1.33765,552
1789586520,2026-09-16 19:22:00+00:00,1.33765,1.33772,1.33757,1.33758,596
1789586580,2026-09-16 19:23:00+00:00,1.33759,1.33776,1.33758,1.3376299999999999,506
1789586640,2026-09-16 19:24:00+00:00,1.3376299999999999,1.33776,1.33758,1.33775,625
1789586700,2026-09-16 19:25:00+00:00,1.33775,1.33789,1.33746,1.33754,891
1789586760,2026-09-16 19:26:00+00:00,1.33754,1.33756,1.33741,1.33742,528
1789586820,2026-09-16 19:27:00+00:00,1.33742,1.3376700000000001,1.33724,1.33766,643
1789586880,2026-09-16 19:28:00+00:00,1.33766,1.33766,1.33739,1.33745,706
1789586940,2026-09-16 19:29:00+00:00,1.33745,1.33784,1.33745,1.33776,586
1789587000,2026-09-16 19:30:00+00:00,1.33776,1.3382100000000001,1.33768,1.33809,743
1789587060,2026-09-16 19:31:00+00:00,1.33809,1.33822,1.33799,1.338,727
1789587120,2026-09-16 19:32:00+00:00,1.338,1.33842,1.3379400000000001,1.33835,681
1789587180,2026-09-16 19:33:00+00:00,1.33834,1.3385,1.3382,1.33838,671
1789587240,2026-09-16 19:34:00+00:00,1.33838,1.33866,1.33838,1.33865,615
1789587300,2026-09-16 19:35:00+00:00,1.33865,1.33869,1.33845,1.3386,592
1789587360,2026-09-16 19:36:00+00:00,1.3386,1.33868,1.3385,1.33866,461
1789587420,2026-09-16 19:37:00+00:00,1.33866,1.33899,1.33865,1.33897,498
1789587480,2026-09-16 19:38:00+00:00,1.33897,1.33907,1.33879,1.33886,366
1789587540,2026-09-16 19:39:00+00:00,1.33887,1.33895,1.33876,1.33886,385
1789587600,2026-09-16 19:40:00+00:00,1.3388499999999999,1.3388900000000001,1.33869,1.3388499999999999,441
1789587660,2026-09-16 19:41:00+00:00,1.3388499999999999,1.3391,1.3388200000000001,1.33886,466
1789587720,2026-09-16 19:42:00+00:00,1.33886,1.33887,1.33856,1.33865,391
1789587780,2026-09-16 19:43:00+00:00,1.33865,1.33877,1.33854,1.33876,346
1789587840,2026-09-16 19:44:00+00:00,1.33876,1.33879,1.33849,1.33853,440
1789587900,2026-09-16 19:45:00+00:00,1.33852,1.33883,1.33847,1.33869,502
1789587960,2026-09-16 19:46:00+00:00,1.33869,1.33878,1.33847,1.33854,473
1789588020,2026-09-16 19:47:00+00:00,1.33854,1.33856,1.33834,1.33837,422
1789588080,2026-09-16 19:48:00+00:00,1.33838,1.33842,1.3382800000000001,1.33839,391
1789588140,2026-09-16 19:49:00+00:00,1.33839,1.3386,1.33835,1.33854,427
1789588200,2026-09-16 19:50:00+00:00,1.33854,1.33856,1.3384,1.33852,474
1789588260,2026-09-16 19:51:00+00:00,1.33852,1.33856,1.33834,1.33834,426
1789588320,2026-09-16 19:52:00+00:00,1.33835,1.33846,1.3382800000000001,1.33839,490
1789588380,2026-09-16 19:53:00+00:00,1.33839,1.3385099999999999,1.33832,1.33832,411
1789588440,2026-09-16 19:54:00+00:00,1.33832,1.33849,1.3382800000000001,1.33845,415
1789588500,2026-09-16 19:55:00+00:00,1.33845,1.33856,1.33838,1.33852,547
1789588560,2026-09-16 19:56:00+00:00,1.33852,1.33854,1.3382800000000001,1.33832,412
1789588620,2026-09-16 19:57:00+00:00,1.33832,1.33867,1.33832,1.33866,473
1789588680,2026-09-16 19:58:00+00:00,1.33865,1.3387,1.3386,1.33869,508
1789588740,2026-09-16 19:59:00+00:00,1.33869,1.33871,1.33865,1.33867,231
1789588800,2026-09-16 20:00:00+00:00,1.33867,1.33876,1.33862,1.33867,181
1789588860,2026-09-16 20:01:00+00:00,1.33867,1.33876,1.33865,1.33874,217
1789588920,2026-09-16 20:02:00+00:00,1.33874,1.33891,1.33874,1.33888,167
1789588980,2026-09-16 20:03:00+00:00,1.33888,1.33897,1.33876,1.3388499999999999,212
1789589040,2026-09-16 20:04:00+00:00,1.3388499999999999,1.33886,1.33856,1.33857,198
1789589100,2026-09-16 20:05:00+00:00,1.33857,1.3385799999999999,1.33844,1.33854,141
1789589160,2026-09-16 20:06:00+00:00,1.33853,1.33864,1.33846,1.33856,105
1789589220,2026-09-16 20:07:00+00:00,1.33856,1.33857,1.33844,1.33854,87
1789589280,2026-09-16 20:08:00+00:00,1.33854,1.33856,1.33816,1.33816,88
1789589340,2026-09-16 20:09:00+00:00,1.33816,1.33846,1.33815,1.33839,129
1789589400,2026-09-16 20:10:00+00:00,1.33839,1.3384,1.33825,1.33825,53
1789589460,2026-09-16 20:11:00+00:00,1.33825,1.33826,1.33815,1.33815,92
1789589520,2026-09-16 20:12:00+00:00,1.33815,1.33816,1.33805,1.33806,163
1789589580,2026-09-16 20:13:00+00:00,1.33806,1.33818,1.33805,1.33815,133
1789589640,2026-09-16 20:14:00+00:00,1.33815,1.33816,1.33809,1.3381,112
1789589700,2026-09-16 20:15:00+00:00,1.3381,1.33815,1.33804,1.33804,101
1789589760,2026-09-16 20:16:00+00:00,1.33804,1.33815,1.33804,1.33813,54
1789589820,2026-09-16 20:17:00+00:00,1.33813,1.33817,1.33811,1.33816,67
1789589880,2026-09-16 20:18:00+00:00,1.33816,1.3382800000000001,1.33816,1.33826,120
1789589940,2026-09-16 20:19:00+00:00,1.33826,1.33826,1.33789,1.33793,174
1789590000,2026-09-16 20:20:00+00:00,1.33793,1.33795,1.33775,1.33786,133
1789590060,2026-09-16 20:21:00+00:00,1.33786,1.33786,1.33768,1.33775,88
1789590120,2026-09-16 20:22:00+00:00,1.33775,1.33777,1.33765,1.3376700000000001,110
1789590180,2026-09-16 20:23:00+00:00,1.33766,1.33771,1.33757,1.3376700000000001,92
1789590240,2026-09-16 20:24:00+00:00,1.3376700000000001,1.33776,1.3376299999999999,1.33766,94
1789590300,2026-09-16 20:25:00+00:00,1.33766,1.33776,1.33754,1.33755,92
1789590360,2026-09-16 20:26:00+00:00,1.33755,1.33759,1.33753,1.33757,109
1789590420,2026-09-16 20:27:00+00:00,1.33757,1.33758,1.33748,1.33756,72
1789590480,2026-09-16 20:28:00+00:00,1.33756,1.3377,1.33755,1.33758,115
1789590540,2026-09-16 20:29:00+00:00,1.33758,1.3377,1.33756,1.33768,79
1789590600,2026-09-16 20:30:00+00:00,1.33768,1.33769,1.33762,1.3376700000000001,50
1789590660,2026-09-16 20:31:00+00:00,1.3376700000000001,1.33788,1.33765,1.33785,49
1789590720,2026-09-16 20:32:00+00:00,1.33785,1.33786,1.33766,1.33778,108
1789590780,2026-09-16 20:33:00+00:00,1.33778,1.33783,1.33772,1.33782,84
1789590840,2026-09-16 20:34:00+00:00,1.33782,1.33796,1.33781,1.33795,70
1789590900,2026-09-16 20:35:00+00:00,1.33795,1.33816,1.3378700000000001,1.3381,109
1789590960,2026-09-16 20:36:00+00:00,1.3381,1.33817,1.33805,1.33805,108
1789591020,2026-09-16 20:37:00+00:00,1.33805,1.33827,1.33805,1.33825,123
1789591080,2026-09-16 20:38:00+00:00,1.33825,1.33825,1.33815,1.33818,112
1789591140,2026-09-16 20:39:00+00:00,1.33818,1.33823,1.33816,1.33816,47
1789591200,2026-09-16 20:40:00+00:00,1.33816,1.33817,1.33804,1.33809,65
1789591260,2026-09-16 20:41:00+00:00,1.33809,1.33811,1.33805,1.33809,91
1789591320,2026-09-16 20:42:00+00:00,1.33809,1.3381,1.33796,1.3379699999999999,71
1789591380,2026-09-16 20:43:00+00:00,1.3379699999999999,1.33807,1.3379699999999999,1.33801,122
1789591440,2026-09-16 20:44:00+00:00,1.338,1.33818,1.338,1.33807,154
1789591500,2026-09-16 20:45:00+00:00,1.33807,1.33817,1.33806,1.33812,124
1789591560,2026-09-16 20:46:00+00:00,1.33812,1.3382,1.33812,1.33816,144
1789591620,2026-09-16 20:47:00+00:00,1.33816,1.33829,1.33816,1.33825,100
1789591680,2026-09-16 20:48:00+00:00,1.33825,1.33827,1.33817,1.33826,151
1789591740,2026-09-16 20:49:00+00:00,1.33826,1.33829,1.33817,1.33817,78
1789591800,2026-09-16 20:50:00+00:00,1.33817,1.33819,1.338,1.33809,108
1789591860,2026-09-16 20:51:00+00:00,1.33809,1.33813,1.33795,1.33801,133
1789591920,2026-09-16 20:52:00+00:00,1.33801,1.33802,1.33788,1.338,144
1789591980,2026-09-16 20:53:00+00:00,1.338,1.33801,1.3379699999999999,1.338,48
1789592040,2026-09-16 20:54:00+00:00,1.338,1.33808,1.33798,1.33807,167
1789592100,2026-09-16 20:55:00+00:00,1.33807,1.33817,1.33807,1.33808,157
1789592160,2026-09-16 20:56:00+00:00,1.33808,1.33816,1.33805,1.33808,88
1789592220,2026-09-16 20:57:00+00:00,1.33808,1.33818,1.33807,1.3381,116
1789592280,2026-09-16 20:58:00+00:00,1.3381,1.33812,1.33789,1.33799,93
1789592340,2026-09-16 20:59:00+00:00,1.33799,1.33807,1.33792,1.338,24
1789592400,2026-09-16 21:00:00+00:00,1.338,1.338,1.3372600000000001,1.3372600000000001,2
1789592460,2026-09-16 21:01:00+00:00,1.33725,1.33725,1.33717,1.33717,2
1789592520,2026-09-16 21:02:00+00:00,1.33792,1.33795,1.33786,1.33793,12
1789592580,2026-09-16 21:03:00+00:00,1.33793,1.33802,1.33791,1.33791,9
1789592640,2026-09-16 21:04:00+00:00,1.33791,1.33809,1.3378999999999999,1.33793,28
1789592700,2026-09-16 21:05:00+00:00,1.33793,1.33811,1.33791,1.33802,30
1789592760,2026-09-16 21:06:00+00:00,1.33802,1.33815,1.33795,1.33806,42
1789592820,2026-09-16 21:07:00+00:00,1.33801,1.33807,1.33801,1.33805,12
1789592880,2026-09-16 21:08:00+00:00,1.33805,1.3382800000000001,1.33805,1.3382800000000001,24
1789592940,2026-09-16 21:09:00+00:00,1.33827,1.3382800000000001,1.3382399999999999,1.33825,19
1789593000,2026-09-16 21:10:00+00:00,1.33825,1.33844,1.33825,1.33844,39
1789593060,2026-09-16 21:11:00+00:00,1.33844,1.33844,1.3379699999999999,1.33801,50
1789593120,2026-09-16 21:12:00+00:00,1.33801,1.3382,1.338,1.3382,90
1789593180,2026-09-16 21:13:00+00:00,1.3382,1.3382100000000001,1.33808,1.33814,35
1789593240,2026-09-16 21:14:00+00:00,1.33814,1.33822,1.33814,1.33815,14
1789593300,2026-09-16 21:15:00+00:00,1.33815,1.33878,1.33815,1.33827,40
1789593360,2026-09-16 21:16:00+00:00,1.33827,1.3382800000000001,1.33826,1.33826,6
1789593420,2026-09-16 21:17:00+00:00,1.33826,1.33827,1.33813,1.33814,17
1789593480,2026-09-16 21:18:00+00:00,1.33814,1.33815,1.33803,1.33804,18
1789593540,2026-09-16 21:19:00+00:00,1.33804,1.33805,1.33793,1.33796,33
1789593600,2026-09-16 21:20:00+00:00,1.33798,1.33829,1.33796,1.3382100000000001,34
1789593660,2026-09-16 21:21:00+00:00,1.3382100000000001,1.33822,1.33816,1.33822,9
1789593720,2026-09-16 21:22:00+00:00,1.33822,1.33878,1.33822,1.33849,38
1789593780,2026-09-16 21:23:00+00:00,1.33849,1.33863,1.33845,1.33856,39
1789593840,2026-09-16 21:24:00+00:00,1.33856,1.33869,1.33856,1.33863,46
1789593900,2026-09-16 21:25:00+00:00,1.33862,1.33863,1.33859,1.33861,15
1789593960,2026-09-16 21:26:00+00:00,1.33861,1.33861,1.33859,1.33859,10
1789594020,2026-09-16 21:27:00+00:00,1.33859,1.33861,1.3385799999999999,1.33859,16
1789594080,2026-09-16 21:28:00+00:00,1.33859,1.3386,1.3384800000000001,1.3385099999999999,16
1789594140,2026-09-16 21:29:00+00:00,1.3385099999999999,1.33864,1.33849,1.33849,15
1789594200,2026-09-16 21:30:00+00:00,1.33849,1.33869,1.33838,1.33839,48
1789594260,2026-09-16 21:31:00+00:00,1.33839,1.33839,1.33836,1.33836,8
1789594320,2026-09-16 21:32:00+00:00,1.33836,1.3384,1.3383099999999999,1.33833,25
1789594380,2026-09-16 21:33:00+00:00,1.33833,1.33868,1.33813,1.33816,34
1789594440,2026-09-16 21:34:00+00:00,1.33816,1.33817,1.33788,1.33809,60
1789594500,2026-09-16 21:35:00+00:00,1.33809,1.33809,1.338,1.33807,36
1789594560,2026-09-16 21:36:00+00:00,1.33807,1.33819,1.33807,1.33807,12
1789594620,2026-09-16 21:37:00+00:00,1.33807,1.33814,1.33806,1.33814,35
1789594680,2026-09-16 21:38:00+00:00,1.33814,1.33819,1.33798,1.33804,53
1789594740,2026-09-16 21:39:00+00:00,1.33804,1.33805,1.33803,1.33803,44
1789594800,2026-09-16 21:40:00+00:00,1.33803,1.33804,1.33802,1.33804,16
1789594860,2026-09-16 21:41:00+00:00,1.33803,1.33834,1.33803,1.33826,30
1789594920,2026-09-16 21:42:00+00:00,1.33838,1.33838,1.33819,1.3382,18
1789594980,2026-09-16 21:43:00+00:00,1.3382,1.3382,1.33819,1.3382,7
1789595040,2026-09-16 21:44:00+00:00,1.33827,1.33827,1.33819,1.33819,3
1789595100,2026-09-16 21:45:00+00:00,1.33819,1.3382100000000001,1.33819,1.33819,7
1789595160,2026-09-16 21:46:00+00:00,1.33819,1.33827,1.33818,1.33818,8
1789595220,2026-09-16 21:47:00+00:00,1.33823,1.33862,1.33818,1.33847,33
1789595280,2026-09-16 21:48:00+00:00,1.33846,1.3385799999999999,1.3382100000000001,1.3385099999999999,148
1789595340,2026-09-16 21:49:00+00:00,1.3385099999999999,1.3386,1.33839,1.33846,126
1789595400,2026-09-16 21:50:00+00:00,1.33846,1.3385099999999999,1.3382399999999999,1.33843,85
1789595460,2026-09-16 21:51:00+00:00,1.33842,1.33854,1.3383099999999999,1.33847,67
1789595520,2026-09-16 21:52:00+00:00,1.33847,1.3384800000000001,1.33839,1.33845,25
1789595580,2026-09-16 21:53:00+00:00,1.33845,1.33887,1.33845,1.33847,137
1789595640,2026-09-16 21:54:00+00:00,1.33847,1.33854,1.3383099999999999,1.3384,48
1789595700,2026-09-16 21:55:00+00:00,1.3384,1.33872,1.33829,1.33839,108
1789595760,2026-09-16 21:56:00+00:00,1.33839,1.33844,1.3382800000000001,1.3382800000000001,50
1789595820,2026-09-16 21:57:00+00:00,1.3382800000000001,1.33843,1.33823,1.33827,33
1789595880,2026-09-16 21:58:00+00:00,1.33827,1.3382800000000001,1.33766,1.33775,86
1789595940,2026-09-16 21:59:00+00:00,1.33775,1.33779,1.33764,1.3377,43
1789596000,2026-09-16 22:00:00+00:00,1.3377,1.3378999999999999,1.3377,1.33775,76
1789596060,2026-09-16 22:01:00+00:00,1.33776,1.33776,1.33752,1.33757,103
1789596120,2026-09-16 22:02:00+00:00,1.33757,1.33761,1.33754,1.33759,54
1789596180,2026-09-16 22:03:00+00:00,1.33759,1.33759,1.33748,1.33748,75
1789596240,2026-09-16 22:04:00+00:00,1.33748,1.33752,1.33746,1.33747,61
1789596300,2026-09-16 22:05:00+00:00,1.33747,1.3378999999999999,1.33747,1.3378700000000001,166
1789596360,2026-09-16 22:06:00+00:00,1.33788,1.33788,1.3378,1.3378700000000001,86
1789596420,2026-09-16 22:07:00+00:00,1.3378700000000001,1.33789,1.33782,1.33786,42
1789596480,2026-09-16 22:08:00+00:00,1.33786,1.3378700000000001,1.33771,1.33773,26
1789596540,2026-09-16 22:09:00+00:00,1.33773,1.33779,1.3377,1.33777,88
1789596600,2026-09-16 22:10:00+00:00,1.33777,1.33781,1.33774,1.33774,75
1789596660,2026-09-16 22:11:00+00:00,1.33775,1.33778,1.33772,1.33772,76
1789596720,2026-09-16 22:12:00+00:00,1.33772,1.33772,1.33769,1.33769,10
1789596780,2026-09-16 22:13:00+00:00,1.33769,1.33776,1.33765,1.33765,83
1789596840,2026-09-16 22:14:00+00:00,1.33765,1.33772,1.33765,1.3377,95
1789596900,2026-09-16 22:15:00+00:00,1.3377,1.33772,1.33769,1.33771,38
1789596960,2026-09-16 22:16:00+00:00,1.33771,1.33788,1.3377,1.3378700000000001,73
1789597020,2026-09-16 22:17:00+00:00,1.33788,1.33798,1.33788,1.33793,161
1789597080,2026-09-16 22:18:00+00:00,1.33792,1.3379699999999999,1.3378999999999999,1.33791,72
1789597140,2026-09-16 22:19:00+00:00,1.33791,1.33793,1.33789,1.3378999999999999,16
1789597200,2026-09-16 22:20:00+00:00,1.3378999999999999,1.3379699999999999,1.33789,1.33791,87
1789597260,2026-09-16 22:21:00+00:00,1.33791,1.33792,1.33788,1.3378999999999999,90
1789597320,2026-09-16 22:22:00+00:00,1.3378999999999999,1.33792,1.33788,1.33789,65
1789597380,2026-09-16 22:23:00+00:00,1.33789,1.33792,1.33789,1.33791,62
1789597440,2026-09-16 22:24:00+00:00,1.33791,1.33793,1.3378999999999999,1.33793,24
1789597500,2026-09-16 22:25:00+00:00,1.33792,1.33799,1.33792,1.3379699999999999,61
1789597560,2026-09-16 22:26:00+00:00,1.3379699999999999,1.33811,1.3379699999999999,1.33809,69
1789597620,2026-09-16 22:27:00+00:00,1.33809,1.3381,1.33805,1.33806,25
1789597680,2026-09-16 22:28:00+00:00,1.33806,1.33807,1.33792,1.3379699999999999,93
1789597740,2026-09-16 22:29:00+00:00,1.3379699999999999,1.33802,1.33793,1.33799,61
1789597800,2026-09-16 22:30:00+00:00,1.33799,1.33802,1.33798,1.33798,52
1789597860,2026-09-16 22:31:00+00:00,1.33798,1.338,1.33796,1.33799,70
1789597920,2026-09-16 22:32:00+00:00,1.33799,1.33799,1.33791,1.33796,47
1789597980,2026-09-16 22:33:00+00:00,1.33796,1.3381,1.33792,1.33802,115
1789598040,2026-09-16 22:34:00+00:00,1.33802,1.33804,1.33796,1.33801,106
1789598100,2026-09-16 22:35:00+00:00,1.33801,1.33805,1.338,1.33802,113
1789598160,2026-09-16 22:36:00+00:00,1.33801,1.33809,1.338,1.33803,138
1789598220,2026-09-16 22:37:00+00:00,1.33803,1.33803,1.33798,1.33801,96
1789598280,2026-09-16 22:38:00+00:00,1.33801,1.33802,1.33799,1.338,54
1789598340,2026-09-16 22:39:00+00:00,1.33801,1.33802,1.33798,1.338,49
1789598400,2026-09-16 22:40:00+00:00,1.338,1.33802,1.33799,1.33801,22
1789598460,2026-09-16 22:41:00+00:00,1.33801,1.33801,1.338,1.338,8
1789598520,2026-09-16 22:42:00+00:00,1.338,1.33802,1.33799,1.338,22
1789598580,2026-09-16 22:43:00+00:00,1.338,1.33801,1.33799,1.33799,28
1789598640,2026-09-16 22:44:00+00:00,1.338,1.338,1.33799,1.338,23
1789598700,2026-09-16 22:45:00+00:00,1.338,1.3382100000000001,1.338,1.33818,79
1789598760,2026-09-16 22:46:00+00:00,1.33818,1.3382100000000001,1.33818,1.33818,39
1789598820,2026-09-16 22:47:00+00:00,1.33818,1.33822,1.33816,1.33816,57
1789598880,2026-09-16 22:48:00+00:00,1.33816,1.33816,1.33807,1.33808,51
1789598940,2026-09-16 22:49:00+00:00,1.33808,1.33809,1.33807,1.33808,35
1789599000,2026-09-16 22:50:00+00:00,1.33808,1.33811,1.33807,1.33811,32
1789599060,2026-09-16 22:51:00+00:00,1.33811,1.33812,1.33807,1.33807,33
1789599120,2026-09-16 22:52:00+00:00,1.33807,1.33809,1.33802,1.33807,51
1789599180,2026-09-16 22:53:00+00:00,1.33807,1.33809,1.33801,1.33801,80
1789599240,2026-09-16 22:54:00+00:00,1.33801,1.33802,1.33793,1.3379400000000001,92
1789599300,2026-09-16 22:55:00+00:00,1.3379400000000001,1.33801,1.3379400000000001,1.33799,87
1789599360,2026-09-16 22:56:00+00:00,1.338,1.33801,1.33796,1.338,58
1789599420,2026-09-16 22:57:00+00:00,1.338,1.33802,1.33798,1.33799,58
1789599480,2026-09-16 22:58:00+00:00,1.33799,1.33802,1.33798,1.33798,106
1789599540,2026-09-16 22:59:00+00:00,1.33798,1.33802,1.33798,1.33801,56
1789599600,2026-09-16 23:00:00+00:00,1.33801,1.33802,1.33786,1.33788,176
1789599660,2026-09-16 23:01:00+00:00,1.3378700000000001,1.33793,1.3378700000000001,1.33791,91
1789599720,2026-09-16 23:02:00+00:00,1.33791,1.33792,1.33789,1.33791,49
1789599780,2026-09-16 23:03:00+00:00,1.33791,1.33802,1.33789,1.338,120
1789599840,2026-09-16 23:04:00+00:00,1.338,1.33813,1.33799,1.33812,105
1789599900,2026-09-16 23:05:00+00:00,1.33812,1.33823,1.33809,1.33811,131
1789599960,2026-09-16 23:06:00+00:00,1.33811,1.33811,1.33807,1.33807,65
1789600020,2026-09-16 23:07:00+00:00,1.33807,1.33808,1.33798,1.33799,108
1789600080,2026-09-16 23:08:00+00:00,1.33799,1.33802,1.33799,1.33802,111
1789600140,2026-09-16 23:09:00+00:00,1.33802,1.33813,1.33802,1.33811,58
1789600200,2026-09-16 23:10:00+00:00,1.33811,1.33822,1.3381,1.3382100000000001,26
1789600260,2026-09-16 23:11:00+00:00,1.3382100000000001,1.33822,1.33819,1.3382,34
1789600320,2026-09-16 23:12:00+00:00,1.3382,1.3382100000000001,1.33818,1.3382,41
1789600380,2026-09-16 23:13:00+00:00,1.3382,1.3382399999999999,1.33818,1.33822,94
1789600440,2026-09-16 23:14:00+00:00,1.33822,1.33823,1.33817,1.33818,94
1789600500,2026-09-16 23:15:00+00:00,1.33818,1.3382800000000001,1.33818,1.3382100000000001,41
1789600560,2026-09-16 23:16:00+00:00,1.3382100000000001,1.33822,1.33819,1.3382100000000001,19
1789600620,2026-09-16 23:17:00+00:00,1.3382100000000001,1.3383099999999999,1.3382100000000001,1.3383,83
1789600680,2026-09-16 23:18:00+00:00,1.3383,1.3383099999999999,1.3382800000000001,1.3382800000000001,17
1789600740,2026-09-16 23:19:00+00:00,1.3382800000000001,1.3382800000000001,1.33819,1.3382,34
1789600800,2026-09-16 23:20:00+00:00,1.3382,1.33823,1.33819,1.3382100000000001,54
1789600860,2026-09-16 23:21:00+00:00,1.3382100000000001,1.33833,1.3382,1.33833,58
1789600920,2026-09-16 23:22:00+00:00,1.33833,1.33833,1.3383,1.3383099999999999,34
1789600980,2026-09-16 23:23:00+00:00,1.3383099999999999,1.33832,1.33827,1.33829,64
1789601040,2026-09-16 23:24:00+00:00,1.33829,1.33829,1.3382,1.3382100000000001,93
1789601100,2026-09-16 23:25:00+00:00,1.3382100000000001,1.3382100000000001,1.33817,1.3382,94
1789601160,2026-09-16 23:26:00+00:00,1.3382,1.33823,1.33818,1.3382100000000001,59
1789601220,2026-09-16 23:27:00+00:00,1.3382100000000001,1.3382399999999999,1.3382,1.33823,47
1789601280,2026-09-16 23:28:00+00:00,1.33823,1.33823,1.33822,1.33822,24
1789601340,2026-09-16 23:29:00+00:00,1.33822,1.3383,1.3381,1.33812,109
1789601400,2026-09-16 23:30:00+00:00,1.33812,1.33825,1.33811,1.33822,69
1789601460,2026-09-16 23:31:00+00:00,1.33822,1.33832,1.3382100000000001,1.3383099999999999,67
1789601520,2026-09-16 23:32:00+00:00,1.3383099999999999,1.33834,1.33827,1.33833,36
1789601580,2026-09-16 23:33:00+00:00,1.33833,1.33834,1.3383,1.3383099999999999,61
1789601640,2026-09-16 23:34:00+00:00,1.3383099999999999,1.33834,1.3382800000000001,1.33829,78
1789601700,2026-09-16 23:35:00+00:00,1.33829,1.33837,1.33826,1.3383,83
1789601760,2026-09-16 23:36:00+00:00,1.3383,1.33833,1.3383,1.3383,55
1789601820,2026-09-16 23:37:00+00:00,1.3383,1.3383,1.33827,1.33829,32
1789601880,2026-09-16 23:38:00+00:00,1.33829,1.33843,1.3382800000000001,1.33837,113
1789601940,2026-09-16 23:39:00+00:00,1.33837,1.33838,1.3383,1.33832,61
1789602000,2026-09-16 23:40:00+00:00,1.33832,1.33854,1.33827,1.3385099999999999,298
1789602060,2026-09-16 23:41:00+00:00,1.3385099999999999,1.33853,1.3383099999999999,1.33833,175
1789602120,2026-09-16 23:42:00+00:00,1.33833,1.33839,1.3383099999999999,1.3383099999999999,132
1789602180,2026-09-16 23:43:00+00:00,1.3383099999999999,1.33842,1.33829,1.3383099999999999,144
1789602240,2026-09-16 23:44:00+00:00,1.3383099999999999,1.33835,1.33829,1.33834,107
1789602300,2026-09-16 23:45:00+00:00,1.33834,1.33843,1.33832,1.33833,208
1789602360,2026-09-16 23:46:00+00:00,1.33833,1.33834,1.3382,1.33833,216
1789602420,2026-09-16 23:47:00+00:00,1.33832,1.33836,1.3382800000000001,1.33834,130
1789602480,2026-09-16 23:48:00+00:00,1.33834,1.33834,1.3383,1.33832,121
1789602540,2026-09-16 23:49:00+00:00,1.33832,1.33837,1.3383099999999999,1.33836,143
1789602600,2026-09-16 23:50:00+00:00,1.33836,1.33846,1.33836,1.33842,125
1789602660,2026-09-16 23:51:00+00:00,1.33842,1.33844,1.3384,1.33842,92
1789602720,2026-09-16 23:52:00+00:00,1.33842,1.33861,1.33841,1.3385,200
1789602780,2026-09-16 23:53:00+00:00,1.3385,1.33854,1.33844,1.33847,181
1789602840,2026-09-16 23:54:00+00:00,1.33847,1.33847,1.33832,1.33836,191
1789602900,2026-09-16 23:55:00+00:00,1.33835,1.33837,1.33827,1.3383099999999999,235
1789602960,2026-09-16 23:56:00+00:00,1.3383099999999999,1.33838,1.3383,1.33834,270
1789603020,2026-09-16 23:57:00+00:00,1.33834,1.33841,1.33825,1.33827,229
1789603080,2026-09-16 23:58:00+00:00,1.33827,1.33829,1.3382,1.3382800000000001,289
1789603140,2026-09-16 23:59:00+00:00,1.33827,1.33827,1.33817,1.33817,158
1789603200,2026-09-17 00:00:00+00:00,1.33817,1.33823,1.33813,1.33823,364
1789603260,2026-09-17 00:01:00+00:00,1.33823,1.33836,1.33819,1.33835,360
1789603320,2026-09-17 00:02:00+00:00,1.33835,1.3385099999999999,1.33832,1.3385099999999999,430
1789603380,2026-09-17 00:03:00+00:00,1.3385099999999999,1.33854,1.33844,1.33852,199
1789603440,2026-09-17 00:04:00+00:00,1.33852,1.33853,1.33845,1.33845,213
1789603500,2026-09-17 00:05:00+00:00,1.33845,1.33862,1.33841,1.33861,400
1789603560,2026-09-17 00:06:00+00:00,1.33861,1.33867,1.33856,1.33865,162
1789603620,2026-09-17 00:07:00+00:00,1.33865,1.33872,1.33863,1.33869,219
1789603680,2026-09-17 00:08:00+00:00,1.33868,1.33872,1.33857,1.33866,242
1789603740,2026-09-17 00:09:00+00:00,1.33866,1.33866,1.33856,1.33861,167
1789603800,2026-09-17 00:10:00+00:00,1.33861,1.33863,1.33857,1.3385799999999999,209
1789603860,2026-09-17 00:11:00+00:00,1.3385799999999999,1.33866,1.33857,1.33862,146
1789603920,2026-09-17 00:12:00+00:00,1.33862,1.33864,1.33856,1.3385799999999999,69
1789603980,2026-09-17 00:13:00+00:00,1.3385799999999999,1.3385799999999999,1.3384800000000001,1.3385099999999999,173
1789604040,2026-09-17 00:14:00+00:00,1.3385099999999999,1.3386,1.33838,1.33838,198
1789604100,2026-09-17 00:15:00+00:00,1.33838,1.33841,1.3382800000000001,1.33832,225
1789604160,2026-09-17 00:16:00+00:00,1.33832,1.33833,1.33818,1.33822,224
1789604220,2026-09-17 00:17:00+00:00,1.3382100000000001,1.33823,1.33817,1.3382,156
1789604280,2026-09-17 00:18:00+00:00,1.3382,1.33823,1.33811,1.33813,215
1789604340,2026-09-17 00:19:00+00:00,1.33813,1.3383,1.33813,1.3382800000000001,163
1789604400,2026-09-17 00:20:00+00:00,1.3382800000000001,1.3383099999999999,1.3382100000000001,1.33823,121
1789604460,2026-09-17 00:21:00+00:00,1.33823,1.33832,1.33823,1.3383,200
1789604520,2026-09-17 00:22:00+00:00,1.3383,1.33833,1.33809,1.33811,195
1789604580,2026-09-17 00:23:00+00:00,1.33811,1.3382399999999999,1.33809,1.3382100000000001,174
1789604640,2026-09-17 00:24:00+00:00,1.3382,1.33823,1.33816,1.33818,122
1789604700,2026-09-17 00:25:00+00:00,1.33818,1.3382399999999999,1.33818,1.3382,131
1789604760,2026-09-17 00:26:00+00:00,1.3382,1.33823,1.33819,1.3382,79
1789604820,2026-09-17 00:27:00+00:00,1.3382,1.33829,1.33819,1.3382,177
1789604880,2026-09-17 00:28:00+00:00,1.3382,1.33823,1.33812,1.33813,119
1789604940,2026-09-17 00:29:00+00:00,1.33813,1.33814,1.33803,1.33808,232
1789605000,2026-09-17 00:30:00+00:00,1.33808,1.33813,1.33804,1.33808,185
1789605060,2026-09-17 00:31:00+00:00,1.33808,1.33814,1.33806,1.33813,80
1789605120,2026-09-17 00:32:00+00:00,1.33813,1.33822,1.3381,1.3382100000000001,98
1789605180,2026-09-17 00:33:00+00:00,1.3382100000000001,1.33825,1.33819,1.3382100000000001,148
1789605240,2026-09-17 00:34:00+00:00,1.3382100000000001,1.33823,1.3381,1.33812,130
1789605300,2026-09-17 00:35:00+00:00,1.33812,1.33814,1.33807,1.3381,132
1789605360,2026-09-17 00:36:00+00:00,1.33809,1.33809,1.33791,1.338,163
1789605420,2026-09-17 00:37:00+00:00,1.338,1.33809,1.33799,1.33801,154
1789605480,2026-09-17 00:38:00+00:00,1.33801,1.33803,1.3379400000000001,1.33795,164
1789605540,2026-09-17 00:39:00+00:00,1.33795,1.33799,1.3378700000000001,1.33789,157
1789605600,2026-09-17 00:40:00+00:00,1.33789,1.3378999999999999,1.33781,1.33783,167
1789605660,2026-09-17 00:41:00+00:00,1.33783,1.3378999999999999,1.3378,1.33788,131
1789605720,2026-09-17 00:42:00+00:00,1.33788,1.3379400000000001,1.3378700000000001,1.3379400000000001,164
1789605780,2026-09-17 00:43:00+00:00,1.3379400000000001,1.33807,1.33792,1.33802,174
1789605840,2026-09-17 00:44:00+00:00,1.33802,1.33805,1.33791,1.33792,198
1789605900,2026-09-17 00:45:00+00:00,1.33792,1.3379699999999999,1.33788,1.33793,179
1789605960,2026-09-17 00:46:00+00:00,1.33793,1.3379400000000001,1.3378,1.33781,172
1789606020,2026-09-17 00:47:00+00:00,1.33781,1.33784,1.33779,1.33783,150
1789606080,2026-09-17 00:48:00+00:00,1.33783,1.33784,1.33778,1.33779,73
1789606140,2026-09-17 00:49:00+00:00,1.33779,1.33781,1.33772,1.33772,90
1789606200,2026-09-17 00:50:00+00:00,1.33773,1.3378,1.33768,1.33769,106
1789606260,2026-09-17 00:51:00+00:00,1.33769,1.33769,1.33752,1.33753,149
1789606320,2026-09-17 00:52:00+00:00,1.33753,1.33755,1.33737,1.3374,296
1789606380,2026-09-17 00:53:00+00:00,1.33739,1.3374,1.33722,1.33732,251
1789606440,2026-09-17 00:54:00+00:00,1.33732,1.3373300000000001,1.33721,1.33731,217
1789606500,2026-09-17 00:55:00+00:00,1.33731,1.33732,1.33722,1.33722,176
1789606560,2026-09-17 00:56:00+00:00,1.33722,1.33732,1.33721,1.3372600000000001,139
1789606620,2026-09-17 00:57:00+00:00,1.3372600000000001,1.3373300000000001,1.33723,1.33727,167
1789606680,2026-09-17 00:58:00+00:00,1.33727,1.3373300000000001,1.33723,1.3373,202
1789606740,2026-09-17 00:59:00+00:00,1.3373,1.33739,1.33723,1.33724,271
1789606800,2026-09-17 01:00:00+00:00,1.33724,1.3373300000000001,1.33715,1.33722,241
1789606860,2026-09-17 01:01:00+00:00,1.33722,1.33731,1.33716,1.33727,289
1789606920,2026-09-17 01:02:00+00:00,1.33727,1.3372899999999999,1.33709,1.33719,262
1789606980,2026-09-17 01:03:00+00:00,1.3372,1.33721,1.33709,1.33712,165
1789607040,2026-09-17 01:04:00+00:00,1.33712,1.33717,1.33709,1.33712,229
1789607100,2026-09-17 01:05:00+00:00,1.33711,1.33732,1.33709,1.33731,184
1789607160,2026-09-17 01:06:00+00:00,1.33731,1.33741,1.3373,1.3373599999999999,160
1789607220,2026-09-17 01:07:00+00:00,1.3373599999999999,1.33752,1.33735,1.33748,218
1789607280,2026-09-17 01:08:00+00:00,1.33748,1.33762,1.33747,1.33758,221
1789607340,2026-09-17 01:09:00+00:00,1.33758,1.33765,1.33758,1.33759,185
1789607400,2026-09-17 01:10:00+00:00,1.33759,1.33759,1.3374,1.33741,180
1789607460,2026-09-17 01:11:00+00:00,1.3374,1.33741,1.33727,1.3373,197
1789607520,2026-09-17 01:12:00+00:00,1.3373,1.3373300000000001,1.33727,1.3373300000000001,84
1789607580,2026-09-17 01:13:00+00:00,1.3373300000000001,1.33745,1.3373,1.33742,124
1789607640,2026-09-17 01:14:00+00:00,1.33742,1.33766,1.33739,1.33765,163
1789607700,2026-09-17 01:15:00+00:00,1.33765,1.33781,1.3376299999999999,1.33771,212
1789607760,2026-09-17 01:16:00+00:00,1.33771,1.33774,1.3376700000000001,1.33772,121
1789607820,2026-09-17 01:17:00+00:00,1.33772,1.33781,1.33765,1.33766,132
1789607880,2026-09-17 01:18:00+00:00,1.33766,1.3376700000000001,1.3376000000000001,1.33762,171
1789607940,2026-09-17 01:19:00+00:00,1.33762,1.33764,1.33757,1.33757,143
1789608000,2026-09-17 01:20:00+00:00,1.33757,1.33762,1.33749,1.33758,167
1789608060,2026-09-17 01:21:00+00:00,1.33758,1.33774,1.33756,1.33768,172
1789608120,2026-09-17 01:22:00+00:00,1.33768,1.33775,1.3376700000000001,1.33771,137
1789608180,2026-09-17 01:23:00+00:00,1.33771,1.33788,1.3377,1.33785,184
1789608240,2026-09-17 01:24:00+00:00,1.33785,1.33791,1.33775,1.33776,171
1789608300,2026-09-17 01:25:00+00:00,1.33776,1.33776,1.33766,1.33769,137
1789608360,2026-09-17 01:26:00+00:00,1.33769,1.33773,1.33766,1.33771,130
1789608420,2026-09-17 01:27:00+00:00,1.33771,1.33773,1.33759,1.33759,147
1789608480,2026-09-17 01:28:00+00:00,1.33759,1.33762,1.33752,1.33759,137
1789608540,2026-09-17 01:29:00+00:00,1.33759,1.33761,1.33754,1.33761,118
1789608600,2026-09-17 01:30:00+00:00,1.33761,1.33777,1.3376000000000001,1.33769,131
1789608660,2026-09-17 01:31:00+00:00,1.33769,1.33772,1.33759,1.33771,105
1789608720,2026-09-17 01:32:00+00:00,1.33771,1.33788,1.3377,1.33781,221
1789608780,2026-09-17 01:33:00+00:00,1.33781,1.33783,1.33769,1.33771,114
1789608840,2026-09-17 01:34:00+00:00,1.33771,1.33773,1.33761,1.33762,109
1789608900,2026-09-17 01:35:00+00:00,1.33762,1.33762,1.33747,1.33749,143
1789608960,2026-09-17 01:36:00+00:00,1.33749,1.33752,1.33744,1.33749,186
1789609020,2026-09-17 01:37:00+00:00,1.33749,1.33754,1.33719,1.33719,240
1789609080,2026-09-17 01:38:00+00:00,1.33719,1.3372600000000001,1.33712,1.33724,249
1789609140,2026-09-17 01:39:00+00:00,1.33724,1.33724,1.33712,1.33716,183
1789609200,2026-09-17 01:40:00+00:00,1.33716,1.33718,1.33705,1.33709,224
1789609260,2026-09-17 01:41:00+00:00,1.33709,1.33718,1.33704,1.3371,171
1789609320,2026-09-17 01:42:00+00:00,1.3371,1.33717,1.33708,1.33709,114
1789609380,2026-09-17 01:43:00+00:00,1.33709,1.33712,1.33705,1.3370600000000001,118
1789609440,2026-09-17 01:44:00+00:00,1.3370600000000001,1.33711,1.33701,1.3371,188
1789609500,2026-09-17 01:45:00+00:00,1.3371,1.33714,1.33707,1.33708,215
1789609560,2026-09-17 01:46:00+00:00,1.33708,1.33711,1.337,1.3371,207
1789609620,2026-09-17 01:47:00+00:00,1.3371,1.33711,1.3370199999999999,1.33704,223
1789609680,2026-09-17 01:48:00+00:00,1.33704,1.3371,1.337,1.33701,161
1789609740,2026-09-17 01:49:00+00:00,1.33701,1.33703,1.33698,1.3370199999999999,133
1789609800,2026-09-17 01:50:00+00:00,1.3370199999999999,1.3372,1.337,1.3372,204
1789609860,2026-09-17 01:51:00+00:00,1.3372,1.33727,1.3370600000000001,1.33707,226
1789609920,2026-09-17 01:52:00+00:00,1.3370600000000001,1.33715,1.3370600000000001,1.33711,181
1789609980,2026-09-17 01:53:00+00:00,1.33711,1.33718,1.33707,1.33716,219
1789610040,2026-09-17 01:54:00+00:00,1.33715,1.3372600000000001,1.33715,1.33725,144
1789610100,2026-09-17 01:55:00+00:00,1.3372600000000001,1.3372600000000001,1.3371,1.3371,252
1789610160,2026-09-17 01:56:00+00:00,1.33711,1.33719,1.33708,1.3371,194
1789610220,2026-09-17 01:57:00+00:00,1.3371,1.33713,1.33708,1.33712,94
1789610280,2026-09-17 01:58:00+00:00,1.33712,1.33713,1.33701,1.33709,139
1789610340,2026-09-17 01:59:00+00:00,1.33709,1.33716,1.3370600000000001,1.33708,225
1789610400,2026-09-17 02:00:00+00:00,1.33708,1.33728,1.33707,1.3372600000000001,226
1789610460,2026-09-17 02:01:00+00:00,1.3372600000000001,1.33737,1.33725,1.33727,194
1789610520,2026-09-17 02:02:00+00:00,1.33727,1.3373,1.33725,1.33728,123
1789610580,2026-09-17 02:03:00+00:00,1.33728,1.33737,1.33728,1.3373,138
1789610640,2026-09-17 02:04:00+00:00,1.3373,1.33741,1.3372600000000001,1.33739,173
1789610700,2026-09-17 02:05:00+00:00,1.3374,1.33758,1.33738,1.33747,172
1789610760,2026-09-17 02:06:00+00:00,1.33747,1.33759,1.33744,1.3375,210
1789610820,2026-09-17 02:07:00+00:00,1.33749,1.33752,1.33746,1.33751,215
1789610880,2026-09-17 02:08:00+00:00,1.33751,1.33762,1.33749,1.33758,187
1789610940,2026-09-17 02:09:00+00:00,1.33758,1.33762,1.3375,1.33759,157
1789611000,2026-09-17 02:10:00+00:00,1.33759,1.33759,1.3375,1.33751,104
1789611060,2026-09-17 02:11:00+00:00,1.33751,1.33752,1.33731,1.3374,164
1789611120,2026-09-17 02:12:00+00:00,1.33739,1.33751,1.33738,1.33741,168
1789611180,2026-09-17 02:13:00+00:00,1.33741,1.3376000000000001,1.33741,1.33759,140
1789611240,2026-09-17 02:14:00+00:00,1.3376000000000001,1.33769,1.3376000000000001,1.33766,155
1789611300,2026-09-17 02:15:00+00:00,1.33766,1.33771,1.3376000000000001,1.33762,121
1789611360,2026-09-17 02:16:00+00:00,1.33761,1.33768,1.33753,1.33755,100
1789611420,2026-09-17 02:17:00+00:00,1.33755,1.33762,1.33755,1.3376000000000001,66
1789611480,2026-09-17 02:18:00+00:00,1.33761,1.3376299999999999,1.33746,1.3375,157
1789611540,2026-09-17 02:19:00+00:00,1.3375,1.33761,1.33749,1.3376000000000001,117
1789611600,2026-09-17 02:20:00+00:00,1.3376000000000001,1.3376000000000001,1.33752,1.33753,151
1789611660,2026-09-17 02:21:00+00:00,1.33753,1.33758,1.33747,1.33749,108
1789611720,2026-09-17 02:22:00+00:00,1.33749,1.33751,1.33748,1.33749,120
1789611780,2026-09-17 02:23:00+00:00,1.33749,1.3375,1.33743,1.33746,109
1789611840,2026-09-17 02:24:00+00:00,1.33746,1.3375,1.33735,1.33739,193
1789611900,2026-09-17 02:25:00+00:00,1.33739,1.33749,1.33738,1.33748,158
1789611960,2026-09-17 02:26:00+00:00,1.33748,1.33751,1.33748,1.33749,64
1789612020,2026-09-17 02:27:00+00:00,1.33749,1.3375,1.33748,1.33749,39
1789612080,2026-09-17 02:28:00+00:00,1.33749,1.33749,1.33739,1.33739,65
1789612140,2026-09-17 02:29:00+00:00,1.33739,1.33741,1.33737,1.33737,157
1789612200,2026-09-17 02:30:00+00:00,1.33737,1.33741,1.33735,1.33741,171
1789612260,2026-09-17 02:31:00+00:00,1.33741,1.33741,1.3373300000000001,1.33739,92
1789612320,2026-09-17 02:32:00+00:00,1.33739,1.33739,1.3373300000000001,1.33735,104
1789612380,2026-09-17 02:33:00+00:00,1.33735,1.33737,1.33728,1.3372899999999999,117
1789612440,2026-09-17 02:34:00+00:00,1.3372899999999999,1.33731,1.3372,1.3372,91
1789612500,2026-09-17 02:35:00+00:00,1.3372,1.33721,1.33707,1.33716,260
1789612560,2026-09-17 02:36:00+00:00,1.33716,1.33731,1.33716,1.33731,229
1789612620,2026-09-17 02:37:00+00:00,1.33731,1.33732,1.33725,1.3372600000000001,112
1789612680,2026-09-17 02:38:00+00:00,1.33727,1.33741,1.33725,1.33739,182
1789612740,2026-09-17 02:39:00+00:00,1.33739,1.33748,1.33737,1.33745,248
1789612800,2026-09-17 02:40:00+00:00,1.33745,1.33746,1.3374,1.33741,224
1789612860,2026-09-17 02:41:00+00:00,1.33742,1.33751,1.3374,1.33746,148
1789612920,2026-09-17 02:42:00+00:00,1.33746,1.3375,1.33745,1.33748,127
1789612980,2026-09-17 02:43:00+00:00,1.33748,1.33751,1.33741,1.33747,192
1789613040,2026-09-17 02:44:00+00:00,1.33747,1.33749,1.3373599999999999,1.33738,102
1789613100,2026-09-17 02:45:00+00:00,1.33738,1.33741,1.33727,1.3372899999999999,209
1789613160,2026-09-17 02:46:00+00:00,1.3372899999999999,1.3372899999999999,1.33719,1.33725,127
1789613220,2026-09-17 02:47:00+00:00,1.33725,1.33725,1.33715,1.33719,141
1789613280,2026-09-17 02:48:00+00:00,1.33719,1.33721,1.33716,1.33717,129
1789613340,2026-09-17 02:49:00+00:00,1.33717,1.33719,1.33711,1.33718,190
1789613400,2026-09-17 02:50:00+00:00,1.33717,1.3372600000000001,1.33717,1.33724,217
1789613460,2026-09-17 02:51:00+00:00,1.33724,1.3373,1.33714,1.33714,168
1789613520,2026-09-17 02:52:00+00:00,1.33714,1.33717,1.33711,1.33715,119
1789613580,2026-09-17 02:53:00+00:00,1.33715,1.33716,1.33701,1.33701,155
1789613640,2026-09-17 02:54:00+00:00,1.33701,1.33708,1.33697,1.3369900000000001,212
1789613700,2026-09-17 02:55:00+00:00,1.3369900000000001,1.3369900000000001,1.33694,1.33696,189
1789613760,2026-09-17 02:56:00+00:00,1.33696,1.337,1.33694,1.3369900000000001,115
1789613820,2026-09-17 02:57:00+00:00,1.3369900000000001,1.33701,1.33697,1.337,144
1789613880,2026-09-17 02:58:00+00:00,1.337,1.33701,1.33695,1.33698,148
1789613940,2026-09-17 02:59:00+00:00,1.33697,1.33709,1.33697,1.33707,95
1789614000,2026-09-17 03:00:00+00:00,1.33708,1.33715,1.33705,1.33714,201
1789614060,2026-09-17 03:01:00+00:00,1.33714,1.3372,1.3370199999999999,1.33704,235
1789614120,2026-09-17 03:02:00+00:00,1.33704,1.33707,1.33694,1.33698,171
1789614180,2026-09-17 03:03:00+00:00,1.33698,1.337,1.33695,1.3369900000000001,157
1789614240,2026-09-17 03:04:00+00:00,1.33698,1.33708,1.33697,1.33707,80
1789614300,2026-09-17 03:05:00+00:00,1.33707,1.33715,1.3370600000000001,1.33713,125
1789614360,2026-09-17 03:06:00+00:00,1.33713,1.33721,1.33707,1.3372,183
1789614420,2026-09-17 03:07:00+00:00,1.3372,1.33727,1.33717,1.33725,167
1789614480,2026-09-17 03:08:00+00:00,1.33725,1.33732,1.33724,1.3372899999999999,193
1789614540,2026-09-17 03:09:00+00:00,1.3372899999999999,1.33732,1.33727,1.33728,158
1789614600,2026-09-17 03:10:00+00:00,1.33728,1.3374,1.3372600000000001,1.33735,80
1789614660,2026-09-17 03:11:00+00:00,1.33735,1.3373599999999999,1.33727,1.3373,180
1789614720,2026-09-17 03:12:00+00:00,1.3373,1.3374,1.33728,1.3373,216
1789614780,2026-09-17 03:13:00+00:00,1.3373,1.33731,1.33725,1.33728,125
1789614840,2026-09-17 03:14:00+00:00,1.3372899999999999,1.33742,1.33728,1.33742,133
1789614900,2026-09-17 03:15:00+00:00,1.33742,1.33743,1.33725,1.33725,116
1789614960,2026-09-17 03:16:00+00:00,1.33725,1.33727,1.33712,1.33714,105
1789615020,2026-09-17 03:17:00+00:00,1.33714,1.33723,1.33714,1.33721,86
1789615080,2026-09-17 03:18:00+00:00,1.33721,1.33731,1.33719,1.33728,167
1789615140,2026-09-17 03:19:00+00:00,1.33728,1.33747,1.3372600000000001,1.3373599999999999,169
1789615200,2026-09-17 03:20:00+00:00,1.3373599999999999,1.33738,1.33728,1.3372899999999999,171
1789615260,2026-09-17 03:21:00+00:00,1.3372899999999999,1.3373,1.33721,1.33723,172
1789615320,2026-09-17 03:22:00+00:00,1.33723,1.33728,1.3372,1.33724,160
1789615380,2026-09-17 03:23:00+00:00,1.33724,1.33725,1.33712,1.33717,134
1789615440,2026-09-17 03:24:00+00:00,1.33717,1.33721,1.33715,1.33721,75
1789615500,2026-09-17 03:25:00+00:00,1.33721,1.33722,1.33716,1.33718,89
1789615560,2026-09-17 03:26:00+00:00,1.33718,1.33722,1.33718,1.33719,68
1789615620,2026-09-17 03:27:00+00:00,1.33719,1.33722,1.33716,1.33716,98
1789615680,2026-09-17 03:28:00+00:00,1.33716,1.33719,1.33705,1.33708,162
1789615740,2026-09-17 03:29:00+00:00,1.33708,1.33708,1.33704,1.3370600000000001,87
1789615800,2026-09-17 03:30:00+00:00,1.3370600000000001,1.33718,1.33704,1.33716,178
1789615860,2026-09-17 03:31:00+00:00,1.33716,1.33718,1.33712,1.33716,98
1789615920,2026-09-17 03:32:00+00:00,1.33716,1.3372,1.33712,1.33719,110
1789615980,2026-09-17 03:33:00+00:00,1.33719,1.33727,1.33719,1.3372,69
1789616040,2026-09-17 03:34:00+00:00,1.3372,1.33722,1.33717,1.33719,111
1789616100,2026-09-17 03:35:00+00:00,1.33719,1.3372,1.33717,1.33718,88
1789616160,2026-09-17 03:36:00+00:00,1.33718,1.33721,1.33709,1.3372,130
1789616220,2026-09-17 03:37:00+00:00,1.3372,1.33727,1.33716,1.33725,123
1789616280,2026-09-17 03:38:00+00:00,1.33725,1.33739,1.33724,1.33738,130
1789616340,2026-09-17 03:39:00+00:00,1.33738,1.33742,1.3373599999999999,1.33742,104
1789616400,2026-09-17 03:40:00+00:00,1.33742,1.33744,1.33734,1.33735,117
1789616460,2026-09-17 03:41:00+00:00,1.33735,1.33738,1.3372899999999999,1.3373,83
1789616520,2026-09-17 03:42:00+00:00,1.3373,1.33732,1.3372600000000001,1.33727,39
1789616580,2026-09-17 03:43:00+00:00,1.33727,1.3372899999999999,1.33725,1.33727,64
1789616640,2026-09-17 03:44:00+00:00,1.33727,1.33727,1.33719,1.3372,87
1789616700,2026-09-17 03:45:00+00:00,1.3372,1.33721,1.33717,1.33718,102
1789616760,2026-09-17 03:46:00+00:00,1.33718,1.33721,1.33709,1.33712,95
1789616820,2026-09-17 03:47:00+00:00,1.33712,1.33713,1.33708,1.33709,84
1789616880,2026-09-17 03:48:00+00:00,1.33709,1.3372,1.33707,1.33717,78
1789616940,2026-09-17 03:49:00+00:00,1.33717,1.33719,1.33709,1.33717,73
1789617000,2026-09-17 03:50:00+00:00,1.33717,1.33719,1.33714,1.33715,176
1789617060,2026-09-17 03:51:00+00:00,1.33715,1.3372,1.33711,1.33719,156
1789617120,2026-09-17 03:52:00+00:00,1.33719,1.33719,1.33717,1.33717,88
1789617180,2026-09-17 03:53:00+00:00,1.33717,1.3372,1.33708,1.3371,112
1789617240,2026-09-17 03:54:00+00:00,1.3371,1.3372,1.3371,1.33717,105
1789617300,2026-09-17 03:55:00+00:00,1.33717,1.33724,1.33716,1.33722,86
1789617360,2026-09-17 03:56:00+00:00,1.33722,1.33741,1.33722,1.33739,151
1789617420,2026-09-17 03:57:00+00:00,1.33739,1.33746,1.33738,1.3374,158
1789617480,2026-09-17 03:58:00+00:00,1.3374,1.33746,1.33737,1.33745,255
1789617540,2026-09-17 03:59:00+00:00,1.33745,1.33746,1.33735,1.3373599999999999,177
1789617600,2026-09-17 04:00:00+00:00,1.3373599999999999,1.3374,1.33727,1.33728,202
1789617660,2026-09-17 04:01:00+00:00,1.33728,1.3373599999999999,1.33727,1.3373599999999999,108
1789617720,2026-09-17 04:02:00+00:00,1.3373599999999999,1.33749,1.33735,1.33747,172
1789617780,2026-09-17 04:03:00+00:00,1.33747,1.33751,1.33747,1.33751,102
1789617840,2026-09-17 04:04:00+00:00,1.33751,1.3376000000000001,1.33747,1.33754,128
1789617900,2026-09-17 04:05:00+00:00,1.33754,1.33762,1.33754,1.33761,92
1789617960,2026-09-17 04:06:00+00:00,1.3376000000000001,1.33762,1.33755,1.33757,119
1789618020,2026-09-17 04:07:00+00:00,1.33757,1.33761,1.33754,1.3376000000000001,108
1789618080,2026-09-17 04:08:00+00:00,1.3376000000000001,1.3376299999999999,1.33758,1.3376299999999999,80
1789618140,2026-09-17 04:09:00+00:00,1.3376299999999999,1.3376299999999999,1.33756,1.3376000000000001,39
1789618200,2026-09-17 04:10:00+00:00,1.3376000000000001,1.3376000000000001,1.33749,1.3375,38
1789618260,2026-09-17 04:11:00+00:00,1.3375,1.33752,1.33745,1.3375,81
1789618320,2026-09-17 04:12:00+00:00,1.3375,1.33751,1.33743,1.33745,143
1789618380,2026-09-17 04:13:00+00:00,1.33745,1.33747,1.33739,1.33742,74
1789618440,2026-09-17 04:14:00+00:00,1.33742,1.33751,1.3374,1.33741,56
1789618500,2026-09-17 04:15:00+00:00,1.33741,1.33741,1.3372899999999999,1.33732,124
1789618560,2026-09-17 04:16:00+00:00,1.33732,1.33752,1.33732,1.33748,173
1789618620,2026-09-17 04:17:00+00:00,1.33748,1.33751,1.33747,1.3375,77
1789618680,2026-09-17 04:18:00+00:00,1.3375,1.33759,1.33748,1.33759,52
1789618740,2026-09-17 04:19:00+00:00,1.33759,1.33761,1.33757,1.33759,67
1789618800,2026-09-17 04:20:00+00:00,1.3376000000000001,1.33772,1.33758,1.33772,69
1789618860,2026-09-17 04:21:00+00:00,1.33772,1.33776,1.33769,1.33772,80
1789618920,2026-09-17 04:22:00+00:00,1.33772,1.33779,1.33769,1.33777,120
1789618980,2026-09-17 04:23:00+00:00,1.33777,1.33781,1.33774,1.33777,133
1789619040,2026-09-17 04:24:00+00:00,1.33777,1.33779,1.3377,1.33772,63
1789619100,2026-09-17 04:25:00+00:00,1.33772,1.33773,1.33764,1.33766,95
1789619160,2026-09-17 04:26:00+00:00,1.33766,1.3376700000000001,1.33761,1.33762,68
1789619220,2026-09-17 04:27:00+00:00,1.33762,1.33769,1.33759,1.33768,78
1789619280,2026-09-17 04:28:00+00:00,1.33768,1.33771,1.33765,1.33768,136
1789619340,2026-09-17 04:29:00+00:00,1.33768,1.33771,1.3376700000000001,1.33768,91
1789619400,2026-09-17 04:30:00+00:00,1.33768,1.33769,1.33759,1.33761,64
1789619460,2026-09-17 04:31:00+00:00,1.33761,1.33778,1.33761,1.33777,120
1789619520,2026-09-17 04:32:00+00:00,1.33777,1.33791,1.33776,1.33789,178
1789619580,2026-09-17 04:33:00+00:00,1.3378999999999999,1.3379699999999999,1.33788,1.3378999999999999,114
1789619640,2026-09-17 04:34:00+00:00,1.33789,1.33792,1.33786,1.33786,86
1789619700,2026-09-17 04:35:00+00:00,1.33786,1.33792,1.33785,1.33792,82
1789619760,2026-09-17 04:36:00+00:00,1.33791,1.33802,1.33789,1.33802,130
1789619820,2026-09-17 04:37:00+00:00,1.33802,1.3381,1.3378999999999999,1.33791,145
1789619880,2026-09-17 04:38:00+00:00,1.33791,1.3379400000000001,1.33788,1.3378999999999999,103
1789619940,2026-09-17 04:39:00+00:00,1.3378999999999999,1.33791,1.33779,1.3378,115
1789620000,2026-09-17 04:40:00+00:00,1.3378,1.33781,1.33775,1.33776,93
1789620060,2026-09-17 04:41:00+00:00,1.33776,1.3378,1.3377,1.33772,108
1789620120,2026-09-17 04:42:00+00:00,1.33772,1.33772,1.33766,1.33768,49
1789620180,2026-09-17 04:43:00+00:00,1.33768,1.3378,1.33768,1.3378,80
1789620240,2026-09-17 04:44:00+00:00,1.3378,1.33781,1.33778,1.33779,47
1789620300,2026-09-17 04:45:00+00:00,1.33779,1.33791,1.33779,1.33788,92
1789620360,2026-09-17 04:46:00+00:00,1.33788,1.33792,1.3378700000000001,1.3378999999999999,61
1789620420,2026-09-17 04:47:00+00:00,1.3378999999999999,1.33792,1.33788,1.3378999999999999,53
1789620480,2026-09-17 04:48:00+00:00,1.3378999999999999,1.33811,1.33788,1.33805,124
1789620540,2026-09-17 04:49:00+00:00,1.33805,1.33807,1.3379699999999999,1.33799,85
1789620600,2026-09-17 04:50:00+00:00,1.33799,1.33802,1.3379699999999999,1.33801,98
1789620660,2026-09-17 04:51:00+00:00,1.338,1.33804,1.33798,1.33803,90
1789620720,2026-09-17 04:52:00+00:00,1.33803,1.33812,1.33802,1.3381,130
1789620780,2026-09-17 04:53:00+00:00,1.3381,1.33811,1.33801,1.33804,79
1789620840,2026-09-17 04:54:00+00:00,1.33804,1.33811,1.33801,1.33804,129
1789620900,2026-09-17 04:55:00+00:00,1.33804,1.3381,1.338,1.33801,156
1789620960,2026-09-17 04:56:00+00:00,1.33801,1.33805,1.338,1.338,61
1789621020,2026-09-17 04:57:00+00:00,1.33802,1.3381,1.33799,1.33808,153
1789621080,2026-09-17 04:58:00+00:00,1.33808,1.33811,1.33805,1.33807,78
1789621140,2026-09-17 04:59:00+00:00,1.33807,1.33811,1.33805,1.33809,113
1789621200,2026-09-17 05:00:00+00:00,1.33809,1.33814,1.33806,1.33812,106
1789621260,2026-09-17 05:01:00+00:00,1.33812,1.33822,1.3381,1.3382100000000001,109
1789621320,2026-09-17 05:02:00+00:00,1.3382100000000001,1.3383,1.3382,1.33829,102
1789621380,2026-09-17 05:03:00+00:00,1.33829,1.3383,1.33819,1.3382100000000001,106
1789621440,2026-09-17 05:04:00+00:00,1.3382100000000001,1.3382100000000001,1.33809,1.33818,177
1789621500,2026-09-17 05:05:00+00:00,1.33818,1.33819,1.3381,1.33812,123
1789621560,2026-09-17 05:06:00+00:00,1.33812,1.33817,1.33803,1.33805,140
1789621620,2026-09-17 05:07:00+00:00,1.33805,1.33813,1.33802,1.33808,115
1789621680,2026-09-17 05:08:00+00:00,1.33808,1.33809,1.33795,1.33795,87
1789621740,2026-09-17 05:09:00+00:00,1.33795,1.33801,1.33795,1.3379699999999999,92
1789621800,2026-09-17 05:10:00+00:00,1.3379699999999999,1.33798,1.33789,1.33792,139
1789621860,2026-09-17 05:11:00+00:00,1.33792,1.33793,1.33786,1.3378999999999999,68
1789621920,2026-09-17 05:12:00+00:00,1.3378999999999999,1.338,1.3378999999999999,1.33796,97
1789621980,2026-09-17 05:13:00+00:00,1.33796,1.33802,1.33796,1.33799,100
1789622040,2026-09-17 05:14:00+00:00,1.33799,1.33803,1.33796,1.338,93
1789622100,2026-09-17 05:15:00+00:00,1.338,1.338,1.3378700000000001,1.33791,191
1789622160,2026-09-17 05:16:00+00:00,1.33791,1.33793,1.33784,1.33788,127
1789622220,2026-09-17 05:17:00+00:00,1.33788,1.3378999999999999,1.33785,1.3378999999999999,81
1789622280,2026-09-17 05:18:00+00:00,1.3378999999999999,1.33798,1.3378700000000001,1.33788,112
1789622340,2026-09-17 05:19:00+00:00,1.33788,1.33793,1.3378700000000001,1.33791,90
1789622400,2026-09-17 05:20:00+00:00,1.33791,1.33793,1.33788,1.3378999999999999,82
1789622460,2026-09-17 05:21:00+00:00,1.3378999999999999,1.33792,1.33779,1.33781,101
1789622520,2026-09-17 05:22:00+00:00,1.33781,1.33786,1.3378,1.3378,72
1789622580,2026-09-17 05:23:00+00:00,1.3378,1.33789,1.33778,1.33786,169
1789622640,2026-09-17 05:24:00+00:00,1.33786,1.3379699999999999,1.33785,1.33796,60
1789622700,2026-09-17 05:25:00+00:00,1.33796,1.33811,1.33792,1.33811,144
1789622760,2026-09-17 05:26:00+00:00,1.33811,1.33812,1.33808,1.33809,101
1789622820,2026-09-17 05:27:00+00:00,1.33809,1.33811,1.33804,1.33808,111
1789622880,2026-09-17 05:28:00+00:00,1.33808,1.33812,1.33808,1.33812,129
1789622940,2026-09-17 05:29:00+00:00,1.33812,1.33822,1.33812,1.33819,89
1789623000,2026-09-17 05:30:00+00:00,1.33819,1.3382,1.33806,1.33807,69
1789623060,2026-09-17 05:31:00+00:00,1.33807,1.33811,1.33802,1.3381,127
1789623120,2026-09-17 05:32:00+00:00,1.3381,1.33819,1.33808,1.33817,104
1789623180,2026-09-17 05:33:00+00:00,1.33817,1.33822,1.33815,1.33819,97
1789623240,2026-09-17 05:34:00+00:00,1.33819,1.3382100000000001,1.33814,1.3382,133
1789623300,2026-09-17 05:35:00+00:00,1.3382,1.33822,1.33817,1.33822,131
1789623360,2026-09-17 05:36:00+00:00,1.33822,1.3382800000000001,1.33817,1.33819,129
1789623420,2026-09-17 05:37:00+00:00,1.33819,1.3382800000000001,1.3381,1.33822,137
1789623480,2026-09-17 05:38:00+00:00,1.33822,1.3383,1.33818,1.33819,192
1789623540,2026-09-17 05:39:00+00:00,1.33819,1.3382100000000001,1.33817,1.3382,148
1789623600,2026-09-17 05:40:00+00:00,1.3382,1.33822,1.33817,1.3382,196
1789623660,2026-09-17 05:41:00+00:00,1.3382,1.33829,1.33817,1.3382,219
1789623720,2026-09-17 05:42:00+00:00,1.3382,1.33827,1.33817,1.33817,163
1789623780,2026-09-17 05:43:00+00:00,1.33818,1.33822,1.33816,1.33819,120
1789623840,2026-09-17 05:44:00+00:00,1.33819,1.33823,1.33817,1.33822,143
1789623900,2026-09-17 05:45:00+00:00,1.33822,1.33829,1.33813,1.33816,149
1789623960,2026-09-17 05:46:00+00:00,1.33817,1.33823,1.33814,1.3382100000000001,120
1789624020,2026-09-17 05:47:00+00:00,1.3382100000000001,1.33827,1.33817,1.33818,107
1789624080,2026-09-17 05:48:00+00:00,1.33818,1.33822,1.33814,1.33822,107
1789624140,2026-09-17 05:49:00+00:00,1.33822,1.33825,1.33816,1.33822,122
1789624200,2026-09-17 05:50:00+00:00,1.33822,1.3383,1.3382,1.33829,137
1789624260,2026-09-17 05:51:00+00:00,1.33829,1.33832,1.33818,1.3382100000000001,193
1789624320,2026-09-17 05:52:00+00:00,1.3382100000000001,1.3382100000000001,1.33804,1.33811,168
1789624380,2026-09-17 05:53:00+00:00,1.33811,1.3382,1.33811,1.33819,254
1789624440,2026-09-17 05:54:00+00:00,1.33819,1.3382100000000001,1.33815,1.33818,195
1789624500,2026-09-17 05:55:00+00:00,1.33818,1.3382,1.33808,1.33817,271
1789624560,2026-09-17 05:56:00+00:00,1.33817,1.33819,1.3381,1.33815,237
1789624620,2026-09-17 05:57:00+00:00,1.33815,1.33815,1.33806,1.33811,124
1789624680,2026-09-17 05:58:00+00:00,1.33811,1.33813,1.33807,1.33812,137
1789624740,2026-09-17 05:59:00+00:00,1.33812,1.33818,1.33812,1.33817,131
1789624800,2026-09-17 06:00:00+00:00,1.33817,1.33817,1.33804,1.33805,250
1789624860,2026-09-17 06:01:00+00:00,1.33805,1.3381,1.33802,1.33805,190
1789624920,2026-09-17 06:02:00+00:00,1.33805,1.33823,1.33796,1.3382,282
1789624980,2026-09-17 06:03:00+00:00,1.3382100000000001,1.3382800000000001,1.33817,1.3382399999999999,252
1789625040,2026-09-17 06:04:00+00:00,1.3382399999999999,1.3383,1.3381,1.33812,285
1789625100,2026-09-17 06:05:00+00:00,1.33812,1.33825,1.33811,1.33819,267
1789625160,2026-09-17 06:06:00+00:00,1.33819,1.3384,1.33819,1.3382399999999999,355
1789625220,2026-09-17 06:07:00+00:00,1.3382399999999999,1.3383099999999999,1.3382100000000001,1.3382800000000001,154
1789625280,2026-09-17 06:08:00+00:00,1.3382800000000001,1.3382800000000001,1.33823,1.33827,96
1789625340,2026-09-17 06:09:00+00:00,1.33827,1.3383099999999999,1.3382100000000001,1.3382800000000001,124
1789625400,2026-09-17 06:10:00+00:00,1.33829,1.3383099999999999,1.3382399999999999,1.3383099999999999,134
1789625460,2026-09-17 06:11:00+00:00,1.3383099999999999,1.33837,1.3382399999999999,1.33834,199
1789625520,2026-09-17 06:12:00+00:00,1.33834,1.33837,1.33826,1.33834,251
1789625580,2026-09-17 06:13:00+00:00,1.33834,1.33845,1.33833,1.33839,335
1789625640,2026-09-17 06:14:00+00:00,1.33839,1.3386,1.33836,1.3385799999999999,265
1789625700,2026-09-17 06:15:00+00:00,1.3385799999999999,1.33859,1.33837,1.3384,241
1789625760,2026-09-17 06:16:00+00:00,1.3384,1.33853,1.33836,1.33845,263
1789625820,2026-09-17 06:17:00+00:00,1.33845,1.3386,1.33844,1.3385799999999999,299
1789625880,2026-09-17 06:18:00+00:00,1.3385799999999999,1.33866,1.33857,1.33862,159
1789625940,2026-09-17 06:19:00+00:00,1.33862,1.33867,1.33857,1.33865,149
1789626000,2026-09-17 06:20:00+00:00,1.33865,1.33875,1.33861,1.33874,242
1789626060,2026-09-17 06:21:00+00:00,1.33874,1.3388200000000001,1.33869,1.3388,218
1789626120,2026-09-17 06:22:00+00:00,1.3388,1.3389199999999999,1.33879,1.3388900000000001,151
1789626180,2026-09-17 06:23:00+00:00,1.3388900000000001,1.33891,1.3388200000000001,1.3388900000000001,207
1789626240,2026-09-17 06:24:00+00:00,1.3388900000000001,1.339,1.3388900000000001,1.33899,184
1789626300,2026-09-17 06:25:00+00:00,1.33899,1.3391199999999999,1.33898,1.3391,191
1789626360,2026-09-17 06:26:00+00:00,1.3391,1.33932,1.3391,1.3393,208
1789626420,2026-09-17 06:27:00+00:00,1.3393,1.3393,1.3391899999999999,1.33921,127
1789626480,2026-09-17 06:28:00+00:00,1.33921,1.33922,1.33908,1.33911,132
1789626540,2026-09-17 06:29:00+00:00,1.33911,1.33929,1.3391,1.33922,206
1789626600,2026-09-17 06:30:00+00:00,1.33922,1.33939,1.33918,1.33924,257
1789626660,2026-09-17 06:31:00+00:00,1.33924,1.33938,1.3392,1.33936,226
1789626720,2026-09-17 06:32:00+00:00,1.33936,1.33936,1.33904,1.33906,218
1789626780,2026-09-17 06:33:00+00:00,1.33906,1.33922,1.33906,1.33921,287
1789626840,2026-09-17 06:34:00+00:00,1.33921,1.33921,1.3390900000000001,1.3392,229
1789626900,2026-09-17 06:35:00+00:00,1.3392,1.33929,1.33917,1.3391899999999999,182
1789626960,2026-09-17 06:36:00+00:00,1.3391899999999999,1.33926,1.33917,1.33918,187
1789627020,2026-09-17 06:37:00+00:00,1.33918,1.3391899999999999,1.33907,1.33907,128
1789627080,2026-09-17 06:38:00+00:00,1.33907,1.33911,1.33899,1.33911,270
1789627140,2026-09-17 06:39:00+00:00,1.33911,1.33913,1.33899,1.33905,223
1789627200,2026-09-17 06:40:00+00:00,1.33905,1.3391899999999999,1.33904,1.3390900000000001,126
1789627260,2026-09-17 06:41:00+00:00,1.3390900000000001,1.33926,1.33907,1.33921,142
1789627320,2026-09-17 06:42:00+00:00,1.33921,1.33929,1.33914,1.33917,246
1789627380,2026-09-17 06:43:00+00:00,1.33917,1.33924,1.33915,1.33922,149
1789627440,2026-09-17 06:44:00+00:00,1.33922,1.33942,1.33915,1.3394,240
1789627500,2026-09-17 06:45:00+00:00,1.3394,1.33941,1.33925,1.3393,122
1789627560,2026-09-17 06:46:00+00:00,1.3393,1.33941,1.33929,1.33938,187
1789627620,2026-09-17 06:47:00+00:00,1.33938,1.33942,1.33936,1.33939,120
1789627680,2026-09-17 06:48:00+00:00,1.33939,1.33956,1.33938,1.33954,142
1789627740,2026-09-17 06:49:00+00:00,1.33954,1.33961,1.3395000000000001,1.3396,140
1789627800,2026-09-17 06:50:00+00:00,1.33961,1.33971,1.33959,1.3397000000000001,139
1789627860,2026-09-17 06:51:00+00:00,1.3397000000000001,1.33981,1.33966,1.3397999999999999,114
1789627920,2026-09-17 06:52:00+00:00,1.3397999999999999,1.33992,1.3397700000000001,1.3399,134
1789627980,2026-09-17 06:53:00+00:00,1.3399,1.34001,1.33989,1.33998,176
1789628040,2026-09-17 06:54:00+00:00,1.33998,1.3401,1.33992,1.34006,141
1789628100,2026-09-17 06:55:00+00:00,1.34006,1.34022,1.34005,1.34017,140
1789628160,2026-09-17 06:56:00+00:00,1.34017,1.3402,1.3401399999999999,1.34019,135
1789628220,2026-09-17 06:57:00+00:00,1.34019,1.34021,1.33988,1.33989,191
1789628280,2026-09-17 06:58:00+00:00,1.33989,1.33993,1.33986,1.33988,183
1789628340,2026-09-17 06:59:00+00:00,1.33987,1.3399,1.33978,1.33986,194
1789628400,2026-09-17 07:00:00+00:00,1.33986,1.33992,1.33975,1.33978,238
1789628460,2026-09-17 07:01:00+00:00,1.33978,1.3397999999999999,1.33966,1.3397700000000001,276
1789628520,2026-09-17 07:02:00+00:00,1.3397700000000001,1.3397999999999999,1.33967,1.33969,218
1789628580,2026-09-17 07:03:00+00:00,1.33971,1.3397700000000001,1.33951,1.33952,287
1789628640,2026-09-17 07:04:00+00:00,1.33952,1.33957,1.33936,1.33936,263
1789628700,2026-09-17 07:05:00+00:00,1.33936,1.33938,1.33918,1.33925,244
1789628760,2026-09-17 07:06:00+00:00,1.33925,1.3393,1.33922,1.33926,171
1789628820,2026-09-17 07:07:00+00:00,1.33926,1.33939,1.33925,1.33926,191
1789628880,2026-09-17 07:08:00+00:00,1.33926,1.33948,1.33925,1.33941,236
1789628940,2026-09-17 07:09:00+00:00,1.33941,1.3394599999999999,1.33924,1.33927,201
1789629000,2026-09-17 07:10:00+00:00,1.33927,1.33948,1.33926,1.33942,235
1789629060,2026-09-17 07:11:00+00:00,1.33942,1.33947,1.33938,1.33944,144
1789629120,2026-09-17 07:12:00+00:00,1.33944,1.33945,1.3391600000000001,1.3391600000000001,164
1789629180,2026-09-17 07:13:00+00:00,1.3391600000000001,1.33917,1.33906,1.3390900000000001,206
1789629240,2026-09-17 07:14:00+00:00,1.3390900000000001,1.33917,1.33902,1.3391199999999999,249
1789629300,2026-09-17 07:15:00+00:00,1.33913,1.33928,1.3391199999999999,1.33926,144
1789629360,2026-09-17 07:16:00+00:00,1.33926,1.3394599999999999,1.33926,1.3394300000000001,304
1789629420,2026-09-17 07:17:00+00:00,1.3394300000000001,1.33958,1.33936,1.33954,260
1789629480,2026-09-17 07:18:00+00:00,1.33954,1.33957,1.33938,1.33941,234
1789629540,2026-09-17 07:19:00+00:00,1.33941,1.33941,1.33924,1.33926,185
1789629600,2026-09-17 07:20:00+00:00,1.33926,1.33927,1.33903,1.33904,207
1789629660,2026-09-17 07:21:00+00:00,1.33904,1.3391,1.33904,1.33906,173
1789629720,2026-09-17 07:22:00+00:00,1.33906,1.33918,1.33903,1.33913,151
1789629780,2026-09-17 07:23:00+00:00,1.33913,1.33925,1.33908,1.33923,190
1789629840,2026-09-17 07:24:00+00:00,1.33924,1.33928,1.3391600000000001,1.3392,196
1789629900,2026-09-17 07:25:00+00:00,1.33921,1.33922,1.33913,1.33917,201
1789629960,2026-09-17 07:26:00+00:00,1.33917,1.33927,1.3391600000000001,1.33927,193
1789630020,2026-09-17 07:27:00+00:00,1.33927,1.33927,1.3391899999999999,1.33926,192
1789630080,2026-09-17 07:28:00+00:00,1.33926,1.33926,1.33913,1.3391600000000001,143
1789630140,2026-09-17 07:29:00+00:00,1.3391600000000001,1.33936,1.3391600000000001,1.33933,196
1789630200,2026-09-17 07:30:00+00:00,1.33933,1.3394300000000001,1.33933,1.33935,189
1789630260,2026-09-17 07:31:00+00:00,1.33935,1.33937,1.33922,1.33922,176
1789630320,2026-09-17 07:32:00+00:00,1.33922,1.33934,1.33921,1.33933,201
1789630380,2026-09-17 07:33:00+00:00,1.33933,1.33935,1.33913,1.33917,157
1789630440,2026-09-17 07:34:00+00:00,1.33917,1.33924,1.33905,1.33913,152
1789630500,2026-09-17 07:35:00+00:00,1.33913,1.33914,1.33902,1.33906,179
1789630560,2026-09-17 07:36:00+00:00,1.33906,1.33908,1.33896,1.33907,254
1789630620,2026-09-17 07:37:00+00:00,1.33907,1.3390900000000001,1.33903,1.33907,202
1789630680,2026-09-17 07:38:00+00:00,1.33905,1.33925,1.33905,1.33922,241
1789630740,2026-09-17 07:39:00+00:00,1.33922,1.33938,1.33922,1.33934,208
1789630800,2026-09-17 07:40:00+00:00,1.33934,1.33936,1.3392,1.33922,114
1789630860,2026-09-17 07:41:00+00:00,1.33922,1.33923,1.33902,1.33905,163
1789630920,2026-09-17 07:42:00+00:00,1.33905,1.33907,1.33894,1.33898,164
1789630980,2026-09-17 07:43:00+00:00,1.33898,1.3392,1.33898,1.3391899999999999,175
1789631040,2026-09-17 07:44:00+00:00,1.3391899999999999,1.3392,1.3390900000000001,1.33915,157
1789631100,2026-09-17 07:45:00+00:00,1.33915,1.33915,1.33896,1.33897,141
1789631160,2026-09-17 07:46:00+00:00,1.33897,1.33906,1.33891,1.33901,182
1789631220,2026-09-17 07:47:00+00:00,1.33901,1.33906,1.33894,1.33904,198
1789631280,2026-09-17 07:48:00+00:00,1.33904,1.33906,1.3389,1.33895,166
1789631340,2026-09-17 07:49:00+00:00,1.33895,1.33906,1.33891,1.33905,175
1789631400,2026-09-17 07:50:00+00:00,1.33905,1.33905,1.33887,1.33888,211
1789631460,2026-09-17 07:51:00+00:00,1.33888,1.3389,1.33875,1.33883,230
1789631520,2026-09-17 07:52:00+00:00,1.33883,1.33887,1.33875,1.33876,178
1789631580,2026-09-17 07:53:00+00:00,1.33876,1.33876,1.33863,1.33876,241
1789631640,2026-09-17 07:54:00+00:00,1.33876,1.33881,1.33873,1.33876,227
1789631700,2026-09-17 07:55:00+00:00,1.33876,1.33878,1.33862,1.33862,191
1789631760,2026-09-17 07:56:00+00:00,1.33862,1.33877,1.3386,1.33865,171
1789631820,2026-09-17 07:57:00+00:00,1.33865,1.33868,1.33856,1.33865,248
1789631880,2026-09-17 07:58:00+00:00,1.33865,1.33874,1.33864,1.33872,243
1789631940,2026-09-17 07:59:00+00:00,1.33872,1.33891,1.33872,1.33886,192
1789632000,2026-09-17 08:00:00+00:00,1.33886,1.33886,1.33877,1.3388499999999999,261
1789632060,2026-09-17 08:01:00+00:00,1.3388499999999999,1.3388499999999999,1.3386,1.33863,263
1789632120,2026-09-17 08:02:00+00:00,1.33863,1.3388200000000001,1.33862,1.33877,282
1789632180,2026-09-17 08:03:00+00:00,1.33877,1.33877,1.3385500000000001,1.33857,237
1789632240,2026-09-17 08:04:00+00:00,1.33857,1.3385799999999999,1.33847,1.33854,206
1789632300,2026-09-17 08:05:00+00:00,1.33854,1.33863,1.3385099999999999,1.33861,165
1789632360,2026-09-17 08:06:00+00:00,1.33861,1.33865,1.33854,1.33854,157
1789632420,2026-09-17 08:07:00+00:00,1.33854,1.33863,1.3385,1.33856,177
1789632480,2026-09-17 08:08:00+00:00,1.33857,1.33857,1.33852,1.33853,143
1789632540,2026-09-17 08:09:00+00:00,1.33853,1.33857,1.33847,1.33854,150
1789632600,2026-09-17 08:10:00+00:00,1.33854,1.3385799999999999,1.33839,1.33842,161
1789632660,2026-09-17 08:11:00+00:00,1.33842,1.33843,1.33823,1.33832,112
1789632720,2026-09-17 08:12:00+00:00,1.33832,1.33832,1.33804,1.33804,173
1789632780,2026-09-17 08:13:00+00:00,1.33804,1.33804,1.33792,1.33798,204
1789632840,2026-09-17 08:14:00+00:00,1.33798,1.33803,1.3378999999999999,1.338,211
1789632900,2026-09-17 08:15:00+00:00,1.338,1.33807,1.33793,1.33806,193
1789632960,2026-09-17 08:16:00+00:00,1.33806,1.33811,1.3379699999999999,1.33804,244
1789633020,2026-09-17 08:17:00+00:00,1.33804,1.3382399999999999,1.33804,1.33814,231
1789633080,2026-09-17 08:18:00+00:00,1.33814,1.33825,1.33811,1.33813,212
1789633140,2026-09-17 08:19:00+00:00,1.33813,1.33816,1.33804,1.33807,258
1789633200,2026-09-17 08:20:00+00:00,1.33807,1.33818,1.33805,1.33816,178
1789633260,2026-09-17 08:21:00+00:00,1.33816,1.3382399999999999,1.33806,1.33806,192
1789633320,2026-09-17 08:22:00+00:00,1.33806,1.33811,1.3379699999999999,1.33806,182
1789633380,2026-09-17 08:23:00+00:00,1.33806,1.33807,1.33796,1.33801,171
1789633440,2026-09-17 08:24:00+00:00,1.33801,1.33809,1.33796,1.33807,152
1789633500,2026-09-17 08:25:00+00:00,1.33807,1.33808,1.33803,1.33806,118
1789633560,2026-09-17 08:26:00+00:00,1.33806,1.33819,1.33804,1.33816,118
1789633620,2026-09-17 08:27:00+00:00,1.33816,1.33817,1.33806,1.33807,165
1789633680,2026-09-17 08:28:00+00:00,1.33808,1.33816,1.33793,1.3379400000000001,175
1789633740,2026-09-17 08:29:00+00:00,1.3379400000000001,1.3382,1.3378999999999999,1.33818,352
1789633800,2026-09-17 08:30:00+00:00,1.33818,1.33829,1.3381,1.3382800000000001,263
1789633860,2026-09-17 08:31:00+00:00,1.3382800000000001,1.33839,1.33827,1.33834,220
1789633920,2026-09-17 08:32:00+00:00,1.33834,1.33842,1.33826,1.33826,211
1789633980,2026-09-17 08:33:00+00:00,1.33827,1.3382800000000001,1.33823,1.3382399999999999,104
1789634040,2026-09-17 08:34:00+00:00,1.33823,1.33837,1.33823,1.33835,150
1789634100,2026-09-17 08:35:00+00:00,1.33835,1.33847,1.33834,1.3384,167
1789634160,2026-09-17 08:36:00+00:00,1.3384,1.33844,1.33833,1.33843,217
1789634220,2026-09-17 08:37:00+00:00,1.33843,1.3384800000000001,1.33842,1.33845,116
1789634280,2026-09-17 08:38:00+00:00,1.33845,1.33847,1.3383099999999999,1.33832,137
1789634340,2026-09-17 08:39:00+00:00,1.33832,1.3384800000000001,1.3383099999999999,1.33844,186
1789634400,2026-09-17 08:40:00+00:00,1.33844,1.3385799999999999,1.33843,1.3385500000000001,189
1789634460,2026-09-17 08:41:00+00:00,1.3385500000000001,1.33862,1.33852,1.33862,155
1789634520,2026-09-17 08:42:00+00:00,1.33862,1.33867,1.33859,1.33863,168
1789634580,2026-09-17 08:43:00+00:00,1.33863,1.33866,1.33854,1.3385799999999999,204
1789634640,2026-09-17 08:44:00+00:00,1.3385799999999999,1.33863,1.33854,1.33859,153
1789634700,2026-09-17 08:45:00+00:00,1.33859,1.33869,1.33847,1.33868,155
1789634760,2026-09-17 08:46:00+00:00,1.33868,1.33879,1.33868,1.33876,186
1789634820,2026-09-17 08:47:00+00:00,1.33876,1.3391,1.3387,1.33907,186
1789634880,2026-09-17 08:48:00+00:00,1.33907,1.33917,1.33903,1.33913,158
1789634940,2026-09-17 08:49:00+00:00,1.33913,1.3391600000000001,1.3389199999999999,1.33897,161
1789635000,2026-09-17 08:50:00+00:00,1.33897,1.33898,1.3388499999999999,1.33888,138
1789635060,2026-09-17 08:51:00+00:00,1.33888,1.3389199999999999,1.3388200000000001,1.3388200000000001,104
1789635120,2026-09-17 08:52:00+00:00,1.3388200000000001,1.3389,1.33873,1.33874,133
1789635180,2026-09-17 08:53:00+00:00,1.33874,1.33886,1.33872,1.33884,168
1789635240,2026-09-17 08:54:00+00:00,1.33884,1.33884,1.33857,1.3385799999999999,200
1789635300,2026-09-17 08:55:00+00:00,1.3385799999999999,1.3389,1.33857,1.3389,213
1789635360,2026-09-17 08:56:00+00:00,1.3389,1.33926,1.3388900000000001,1.33921,343
1789635420,2026-09-17 08:57:00+00:00,1.33921,1.3394,1.3392,1.33936,196
1789635480,2026-09-17 08:58:00+00:00,1.33937,1.33961,1.33936,1.33959,158
1789635540,2026-09-17 08:59:00+00:00,1.33959,1.3396,1.33947,1.33949,188
1789635600,2026-09-17 09:00:00+00:00,1.33949,1.33964,1.3394599999999999,1.33957,209
1789635660,2026-09-17 09:01:00+00:00,1.33957,1.33971,1.3395000000000001,1.33967,199
1789635720,2026-09-17 09:02:00+00:00,1.33967,1.33979,1.3396,1.33967,154
1789635780,2026-09-17 09:03:00+00:00,1.33967,1.33968,1.33941,1.33941,208
1789635840,2026-09-17 09:04:00+00:00,1.33941,1.3395299999999999,1.33932,1.33937,248
1789635900,2026-09-17 09:05:00+00:00,1.33937,1.3395299999999999,1.33935,1.33948,193
1789635960,2026-09-17 09:06:00+00:00,1.33948,1.33959,1.33945,1.3395299999999999,188
1789636020,2026-09-17 09:07:00+00:00,1.3395299999999999,1.33965,1.3394599999999999,1.33962,196
1789636080,2026-09-17 09:08:00+00:00,1.33963,1.3397000000000001,1.33955,1.33969,209
1789636140,2026-09-17 09:09:00+00:00,1.33969,1.3397299999999999,1.33965,1.33967,111
1789636200,2026-09-17 09:10:00+00:00,1.33967,1.33984,1.33963,1.33983,145
1789636260,2026-09-17 09:11:00+00:00,1.33982,1.33988,1.3397999999999999,1.33985,177
1789636320,2026-09-17 09:12:00+00:00,1.33985,1.34,1.33983,1.33987,160
1789636380,2026-09-17 09:13:00+00:00,1.33987,1.33996,1.33982,1.33983,105
1789636440,2026-09-17 09:14:00+00:00,1.33982,1.33983,1.33975,1.33976,112
1789636500,2026-09-17 09:15:00+00:00,1.33976,1.33989,1.33974,1.33988,98
1789636560,2026-09-17 09:16:00+00:00,1.33988,1.33989,1.33976,1.33976,104
1789636620,2026-09-17 09:17:00+00:00,1.33976,1.33978,1.33955,1.33957,105
1789636680,2026-09-17 09:18:00+00:00,1.33957,1.33971,1.33956,1.33966,144
1789636740,2026-09-17 09:19:00+00:00,1.33966,1.33968,1.33955,1.33956,108
1789636800,2026-09-17 09:20:00+00:00,1.33956,1.33959,1.33944,1.3394599999999999,135
1789636860,2026-09-17 09:21:00+00:00,1.3394599999999999,1.33952,1.33933,1.33952,173
1789636920,2026-09-17 09:22:00+00:00,1.33952,1.33955,1.33945,1.3394599999999999,243
1789636980,2026-09-17 09:23:00+00:00,1.3394599999999999,1.33947,1.3394300000000001,1.3394599999999999,116
1789637040,2026-09-17 09:24:00+00:00,1.3394599999999999,1.33957,1.33944,1.33955,221
1789637100,2026-09-17 09:25:00+00:00,1.33955,1.33957,1.3394599999999999,1.3395299999999999,233
1789637160,2026-09-17 09:26:00+00:00,1.3395299999999999,1.3395299999999999,1.33931,1.33931,194
1789637220,2026-09-17 09:27:00+00:00,1.33931,1.33936,1.33922,1.33931,194
1789637280,2026-09-17 09:28:00+00:00,1.33931,1.33935,1.33922,1.33931,203
1789637340,2026-09-17 09:29:00+00:00,1.33932,1.33949,1.33931,1.33947,285
1789637400,2026-09-17 09:30:00+00:00,1.33947,1.33948,1.33928,1.3394300000000001,308
1789637460,2026-09-17 09:31:00+00:00,1.3394300000000001,1.3395000000000001,1.33936,1.3394,220
1789637520,2026-09-17 09:32:00+00:00,1.3394,1.33954,1.33938,1.3395299999999999,211
1789637580,2026-09-17 09:33:00+00:00,1.3395299999999999,1.33956,1.33948,1.33949,174
1789637640,2026-09-17 09:34:00+00:00,1.33949,1.33957,1.33948,1.33949,129
1789637700,2026-09-17 09:35:00+00:00,1.33948,1.33957,1.3394,1.33956,265
1789637760,2026-09-17 09:36:00+00:00,1.33956,1.33961,1.33951,1.33959,167
1789637820,2026-09-17 09:37:00+00:00,1.33959,1.33975,1.33959,1.33969,187
1789637880,2026-09-17 09:38:00+00:00,1.33969,1.33969,1.33962,1.33964,167
1789637940,2026-09-17 09:39:00+00:00,1.33964,1.33978,1.33963,1.33974,145
1789638000,2026-09-17 09:40:00+00:00,1.33974,1.33974,1.33957,1.33968,129
1789638060,2026-09-17 09:41:00+00:00,1.33968,1.33979,1.33967,1.33975,137
1789638120,2026-09-17 09:42:00+00:00,1.33975,1.33976,1.33963,1.33964,145
1789638180,2026-09-17 09:43:00+00:00,1.33964,1.33964,1.33942,1.3394599999999999,173
1789638240,2026-09-17 09:44:00+00:00,1.3394599999999999,1.33954,1.33935,1.33935,224
1789638300,2026-09-17 09:45:00+00:00,1.33935,1.3394,1.33929,1.33935,156
1789638360,2026-09-17 09:46:00+00:00,1.33935,1.3394300000000001,1.33932,1.33936,108
1789638420,2026-09-17 09:47:00+00:00,1.33936,1.33937,1.33929,1.33929,88
1789638480,2026-09-17 09:48:00+00:00,1.33929,1.33936,1.33926,1.33932,130
1789638540,2026-09-17 09:49:00+00:00,1.33932,1.33945,1.33932,1.33942,161
1789638600,2026-09-17 09:50:00+00:00,1.33942,1.3395299999999999,1.33942,1.3395299999999999,136
1789638660,2026-09-17 09:51:00+00:00,1.33954,1.33958,1.33951,1.33954,177
1789638720,2026-09-17 09:52:00+00:00,1.33954,1.33964,1.33945,1.33948,288
1789638780,2026-09-17 09:53:00+00:00,1.33948,1.33956,1.33944,1.33949,254
1789638840,2026-09-17 09:54:00+00:00,1.33949,1.33961,1.33944,1.33958,201
1789638900,2026-09-17 09:55:00+00:00,1.33958,1.33971,1.33955,1.33963,208
1789638960,2026-09-17 09:56:00+00:00,1.33963,1.33964,1.33951,1.33958,140
1789639020,2026-09-17 09:57:00+00:00,1.33958,1.3396,1.33944,1.33947,148
1789639080,2026-09-17 09:58:00+00:00,1.3394599999999999,1.33947,1.33935,1.33938,183
1789639140,2026-09-17 09:59:00+00:00,1.33938,1.3394599999999999,1.33936,1.3394599999999999,146
1789639200,2026-09-17 10:00:00+00:00,1.3394599999999999,1.33961,1.33941,1.33961,159
1789639260,2026-09-17 10:01:00+00:00,1.33961,1.33974,1.33959,1.33971,113
1789639320,2026-09-17 10:02:00+00:00,1.33971,1.33972,1.33961,1.33967,192
1789639380,2026-09-17 10:03:00+00:00,1.33967,1.33968,1.33957,1.33967,119
1789639440,2026-09-17 10:04:00+00:00,1.33967,1.33972,1.3394599999999999,1.3394599999999999,182
1789639500,2026-09-17 10:05:00+00:00,1.3394599999999999,1.33967,1.33944,1.33966,219
1789639560,2026-09-17 10:06:00+00:00,1.33966,1.3397299999999999,1.33965,1.33972,240
1789639620,2026-09-17 10:07:00+00:00,1.33972,1.33991,1.3397000000000001,1.33987,184
1789639680,2026-09-17 10:08:00+00:00,1.33987,1.33994,1.33986,1.33987,154
1789639740,2026-09-17 10:09:00+00:00,1.33987,1.33987,1.33975,1.3397700000000001,116
1789639800,2026-09-17 10:10:00+00:00,1.3397700000000001,1.33998,1.33976,1.33995,150
1789639860,2026-09-17 10:11:00+00:00,1.33995,1.33998,1.33987,1.33997,163
1789639920,2026-09-17 10:12:00+00:00,1.33997,1.34008,1.33996,1.34005,170
1789639980,2026-09-17 10:13:00+00:00,1.3400400000000001,1.3403100000000001,1.34003,1.34024,157
1789640040,2026-09-17 10:14:00+00:00,1.34024,1.34024,1.34003,1.3400699999999999,199
1789640100,2026-09-17 10:15:00+00:00,1.3400699999999999,1.3401100000000001,1.34001,1.3400699999999999,263
1789640160,2026-09-17 10:16:00+00:00,1.3400699999999999,1.34023,1.33998,1.34005,221
1789640220,2026-09-17 10:17:00+00:00,1.34005,1.34017,1.33998,1.3401399999999999,231
1789640280,2026-09-17 10:18:00+00:00,1.3401399999999999,1.34044,1.3401399999999999,1.34043,182
1789640340,2026-09-17 10:19:00+00:00,1.3404099999999999,1.3404099999999999,1.34029,1.34036,223
1789640400,2026-09-17 10:20:00+00:00,1.34036,1.34049,1.34035,1.34043,199
1789640460,2026-09-17 10:21:00+00:00,1.34043,1.34047,1.34024,1.34026,165
1789640520,2026-09-17 10:22:00+00:00,1.34026,1.3403800000000001,1.34016,1.34018,158
1789640580,2026-09-17 10:23:00+00:00,1.34018,1.34023,1.34013,1.34017,207
1789640640,2026-09-17 10:24:00+00:00,1.34017,1.34039,1.34012,1.34036,199
1789640700,2026-09-17 10:25:00+00:00,1.34036,1.34046,1.34019,1.34025,166
1789640760,2026-09-17 10:26:00+00:00,1.34025,1.34028,1.3401,1.3401399999999999,208
1789640820,2026-09-17 10:27:00+00:00,1.3401399999999999,1.34017,1.3400699999999999,1.3401,239
1789640880,2026-09-17 10:28:00+00:00,1.3401,1.3403800000000001,1.34008,1.3403399999999999,216
1789640940,2026-09-17 10:29:00+00:00,1.3403399999999999,1.34047,1.34033,1.34036,278
1789641000,2026-09-17 10:30:00+00:00,1.34036,1.34047,1.34033,1.34037,233
1789641060,2026-09-17 10:31:00+00:00,1.34037,1.34037,1.3402,1.34023,126
1789641120,2026-09-17 10:32:00+00:00,1.34023,1.34024,1.34013,1.3401399999999999,121
1789641180,2026-09-17 10:33:00+00:00,1.3401399999999999,1.34015,1.34012,1.34013,42
1789641240,2026-09-17 10:34:00+00:00,1.34013,1.34027,1.34012,1.34023,96
1789641300,2026-09-17 10:35:00+00:00,1.34023,1.3403,1.34021,1.34025,153
1789641360,2026-09-17 10:36:00+00:00,1.34025,1.34047,1.34023,1.34046,159
1789641420,2026-09-17 10:37:00+00:00,1.34046,1.34054,1.34037,1.34044,149
1789641480,2026-09-17 10:38:00+00:00,1.34044,1.34044,1.3403399999999999,1.34036,125
1789641540,2026-09-17 10:39:00+00:00,1.34036,1.3403800000000001,1.34032,1.3403399999999999,84
1789641600,2026-09-17 10:40:00+00:00,1.3403399999999999,1.34037,1.34017,1.34018,143
1789641660,2026-09-17 10:41:00+00:00,1.34018,1.34019,1.34006,1.3400699999999999,113
1789641720,2026-09-17 10:42:00+00:00,1.3400699999999999,1.34012,1.34002,1.34005,143
1789641780,2026-09-17 10:43:00+00:00,1.34005,1.34019,1.34003,1.34018,104
1789641840,2026-09-17 10:44:00+00:00,1.34018,1.34022,1.34012,1.34017,184
1789641900,2026-09-17 10:45:00+00:00,1.34017,1.34024,1.34013,1.34017,186
1789641960,2026-09-17 10:46:00+00:00,1.34017,1.34028,1.34015,1.34024,212
1789642020,2026-09-17 10:47:00+00:00,1.34024,1.3403100000000001,1.34019,1.34024,162
1789642080,2026-09-17 10:48:00+00:00,1.34024,1.34035,1.34023,1.34028,199
1789642140,2026-09-17 10:49:00+00:00,1.34028,1.34036,1.34028,1.3403100000000001,115
1789642200,2026-09-17 10:50:00+00:00,1.3403100000000001,1.34052,1.34021,1.34047,193
1789642260,2026-09-17 10:51:00+00:00,1.34047,1.3406,1.34047,1.34054,194
1789642320,2026-09-17 10:52:00+00:00,1.34054,1.34056,1.3404099999999999,1.34045,155
1789642380,2026-09-17 10:53:00+00:00,1.34045,1.34045,1.34036,1.34044,139
1789642440,2026-09-17 10:54:00+00:00,1.34044,1.34044,1.34023,1.34025,158
1789642500,2026-09-17 10:55:00+00:00,1.34025,1.34043,1.34025,1.3404099999999999,198
1789642560,2026-09-17 10:56:00+00:00,1.3404099999999999,1.34052,1.3404099999999999,1.34047,149
1789642620,2026-09-17 10:57:00+00:00,1.34047,1.34064,1.34042,1.34042,153
1789642680,2026-09-17 10:58:00+00:00,1.34042,1.34048,1.3403,1.34046,133
1789642740,2026-09-17 10:59:00+00:00,1.34046,1.34052,1.34037,1.34044,221
1789642800,2026-09-17 11:00:00+00:00,1.34042,1.34043,1.33783,1.3384800000000001,1162
1789642860,2026-09-17 11:01:00+00:00,1.33846,1.3385500000000001,1.33777,1.33783,787
1789642920,2026-09-17 11:02:00+00:00,1.33783,1.3384,1.33744,1.33806,582
1789642980,2026-09-17 11:03:00+00:00,1.33805,1.33833,1.33759,1.33789,673
1789643040,2026-09-17 11:04:00+00:00,1.33789,1.33795,1.33712,1.33727,714
1789643100,2026-09-17 11:05:00+00:00,1.33727,1.33738,1.33635,1.33656,751
1789643160,2026-09-17 11:06:00+00:00,1.33656,1.33705,1.33613,1.33615,589
1789643220,2026-09-17 11:07:00+00:00,1.33615,1.3370199999999999,1.3360400000000001,1.33698,483
1789643280,2026-09-17 11:08:00+00:00,1.33698,1.33707,1.33673,1.3367499999999999,389
1789643340,2026-09-17 11:09:00+00:00,1.3367499999999999,1.33677,1.33601,1.33635,654
1789643400,2026-09-17 11:10:00+00:00,1.33635,1.3365,1.33615,1.33648,272
1789643460,2026-09-17 11:11:00+00:00,1.33648,1.33669,1.33646,1.33648,236
1789643520,2026-09-17 11:12:00+00:00,1.33648,1.3368,1.3364500000000001,1.33677,169
1789643580,2026-09-17 11:13:00+00:00,1.33677,1.33692,1.33632,1.33636,265
1789643640,2026-09-17 11:14:00+00:00,1.33635,1.33654,1.33613,1.33653,362
1789643700,2026-09-17 11:15:00+00:00,1.33652,1.33653,1.3361399999999999,1.33636,407
1789643760,2026-09-17 11:16:00+00:00,1.33636,1.33659,1.3360400000000001,1.33605,406
1789643820,2026-09-17 11:17:00+00:00,1.33605,1.33605,1.33565,1.33565,339
1789643880,2026-09-17 11:18:00+00:00,1.33564,1.33568,1.33514,1.33515,368
1789643940,2026-09-17 11:19:00+00:00,1.33515,1.33526,1.33499,1.33499,367
1789644000,2026-09-17 11:20:00+00:00,1.33499,1.3355299999999999,1.33498,1.33524,407
1789644060,2026-09-17 11:21:00+00:00,1.33524,1.3356,1.33522,1.33558,469
1789644120,2026-09-17 11:22:00+00:00,1.33557,1.336,1.33556,1.33588,439
1789644180,2026-09-17 11:23:00+00:00,1.33589,1.33596,1.33571,1.3357700000000001,464
1789644240,2026-09-17 11:24:00+00:00,1.3357700000000001,1.33597,1.33572,1.33585,497
1789644300,2026-09-17 11:25:00+00:00,1.33585,1.33605,1.3357999999999999,1.33591,489
1789644360,2026-09-17 11:26:00+00:00,1.33591,1.33612,1.33566,1.33599,566
1789644420,2026-09-17 11:27:00+00:00,1.33598,1.33637,1.33597,1.33622,407
1789644480,2026-09-17 11:28:00+00:00,1.33622,1.33648,1.33619,1.3364500000000001,476
1789644540,2026-09-17 11:29:00+00:00,1.3364500000000001,1.33669,1.3364500000000001,1.33656,268
1789644600,2026-09-17 11:30:00+00:00,1.33656,1.33664,1.3364,1.33648,276
1789644660,2026-09-17 11:31:00+00:00,1.33648,1.33682,1.33644,1.33655,414
1789644720,2026-09-17 11:32:00+00:00,1.33655,1.33663,1.33623,1.3363800000000001,292
1789644780,2026-09-17 11:33:00+00:00,1.33637,1.33639,1.33598,1.33637,385
1789644840,2026-09-17 11:34:00+00:00,1.33637,1.33658,1.3363399999999999,1.33646,246
1789644900,2026-09-17 11:35:00+00:00,1.33647,1.33678,1.3364500000000001,1.33658,212
1789644960,2026-09-17 11:36:00+00:00,1.33658,1.33667,1.33647,1.33652,131
1789645020,2026-09-17 11:37:00+00:00,1.33653,1.3366,1.33635,1.33647,176
1789645080,2026-09-17 11:38:00+00:00,1.33647,1.33661,1.33646,1.33657,131
1789645140,2026-09-17 11:39:00+00:00,1.33657,1.3367499999999999,1.33653,1.33664,171
1789645200,2026-09-17 11:40:00+00:00,1.33663,1.33679,1.33648,1.33679,271
1789645260,2026-09-17 11:41:00+00:00,1.33679,1.33708,1.3367200000000001,1.33704,231
1789645320,2026-09-17 11:42:00+00:00,1.33704,1.33734,1.33704,1.33721,340
1789645380,2026-09-17 11:43:00+00:00,1.33721,1.33738,1.33713,1.33718,219
1789645440,2026-09-17 11:44:00+00:00,1.33718,1.33721,1.33704,1.3370600000000001,140
1789645500,2026-09-17 11:45:00+00:00,1.3370600000000001,1.3371,1.33682,1.33707,200
1789645560,2026-09-17 11:46:00+00:00,1.33707,1.33724,1.33692,1.33693,217
1789645620,2026-09-17 11:47:00+00:00,1.33692,1.33694,1.3366500000000001,1.33673,283
1789645680,2026-09-17 11:48:00+00:00,1.33673,1.3369,1.33663,1.33677,266
1789645740,2026-09-17 11:49:00+00:00,1.33676,1.33683,1.33652,1.33667,180
1789645800,2026-09-17 11:50:00+00:00,1.33667,1.3367499999999999,1.33655,1.33656,173
1789645860,2026-09-17 11:51:00+00:00,1.33656,1.33687,1.33652,1.33685,215
1789645920,2026-09-17 11:52:00+00:00,1.33685,1.33686,1.33656,1.33681,205
1789645980,2026-09-17 11:53:00+00:00,1.33681,1.33687,1.3366500000000001,1.3367200000000001,275
1789646040,2026-09-17 11:54:00+00:00,1.3367200000000001,1.33687,1.33671,1.33685,380
1789646100,2026-09-17 11:55:00+00:00,1.33685,1.33701,1.3366799999999999,1.33671,371
1789646160,2026-09-17 11:56:00+00:00,1.33671,1.33671,1.33646,1.33655,206
1789646220,2026-09-17 11:57:00+00:00,1.33654,1.3367200000000001,1.33644,1.33663,227
1789646280,2026-09-17 11:58:00+00:00,1.33663,1.33719,1.33663,1.33698,641
1789646340,2026-09-17 11:59:00+00:00,1.33698,1.3369900000000001,1.33678,1.33697,128
1789646400,2026-09-17 12:00:00+00:00,1.33697,1.33704,1.33685,1.3370199999999999,476
1789646460,2026-09-17 12:01:00+00:00,1.3370199999999999,1.3373,1.3370199999999999,1.33724,430
1789646520,2026-09-17 12:02:00+00:00,1.33724,1.3373599999999999,1.3372,1.33735,388
1789646580,2026-09-17 12:03:00+00:00,1.33735,1.3373599999999999,1.33701,1.3370600000000001,239
1789646640,2026-09-17 12:04:00+00:00,1.33705,1.3374,1.33705,1.33713,648
1789646700,2026-09-17 12:05:00+00:00,1.33713,1.33758,1.33712,1.33752,507
1789646760,2026-09-17 12:06:00+00:00,1.33753,1.33758,1.33737,1.33745,551
1789646820,2026-09-17 12:07:00+00:00,1.33745,1.33752,1.3372899999999999,1.33734,423
1789646880,2026-09-17 12:08:00+00:00,1.33734,1.33768,1.3373300000000001,1.33766,494
1789646940,2026-09-17 12:09:00+00:00,1.33766,1.33779,1.33761,1.33762,452
1789647000,2026-09-17 12:10:00+00:00,1.33762,1.33772,1.33745,1.33768,412
1789647060,2026-09-17 12:11:00+00:00,1.33768,1.33819,1.3376700000000001,1.33816,473
1789647120,2026-09-17 12:12:00+00:00,1.33816,1.33844,1.33815,1.33842,501
1789647180,2026-09-17 12:13:00+00:00,1.33842,1.33859,1.33833,1.33844,466
1789647240,2026-09-17 12:14:00+00:00,1.33844,1.33849,1.3382800000000001,1.33835,406
1789647300,2026-09-17 12:15:00+00:00,1.33836,1.33838,1.33803,1.33826,447
1789647360,2026-09-17 12:16:00+00:00,1.33826,1.3383099999999999,1.33815,1.33817,496
1789647420,2026-09-17 12:17:00+00:00,1.33817,1.33844,1.33816,1.33838,464
1789647480,2026-09-17 12:18:00+00:00,1.33838,1.33856,1.33835,1.33853,306
1789647540,2026-09-17 12:19:00+00:00,1.33853,1.33884,1.33841,1.33879,386
1789647600,2026-09-17 12:20:00+00:00,1.33879,1.33887,1.33854,1.33869,341
1789647660,2026-09-17 12:21:00+00:00,1.33869,1.33894,1.33865,1.3388,615
1789647720,2026-09-17 12:22:00+00:00,1.3388,1.33894,1.33874,1.33887,478
1789647780,2026-09-17 12:23:00+00:00,1.33887,1.33888,1.33876,1.33879,251
1789647840,2026-09-17 12:24:00+00:00,1.33879,1.3388900000000001,1.33871,1.33883,292
1789647900,2026-09-17 12:25:00+00:00,1.33883,1.3391600000000001,1.33881,1.33913,325
1789647960,2026-09-17 12:26:00+00:00,1.33913,1.33934,1.3391199999999999,1.33921,227
1789648020,2026-09-17 12:27:00+00:00,1.33921,1.33938,1.33917,1.33938,99
1789648080,2026-09-17 12:28:00+00:00,1.33938,1.3394599999999999,1.33932,1.33945,154
1789648140,2026-09-17 12:29:00+00:00,1.33945,1.3395299999999999,1.3394300000000001,1.3394599999999999,263
1789648200,2026-09-17 12:30:00+00:00,1.3394599999999999,1.33957,1.33925,1.33933,335
1789648260,2026-09-17 12:31:00+00:00,1.33933,1.33935,1.33915,1.3391600000000001,162
1789648320,2026-09-17 12:32:00+00:00,1.3391600000000001,1.3393,1.33907,1.33924,122
1789648380,2026-09-17 12:33:00+00:00,1.33924,1.3393,1.33902,1.33926,238
1789648440,2026-09-17 12:34:00+00:00,1.33925,1.33928,1.3391600000000001,1.33923,283
1789648500,2026-09-17 12:35:00+00:00,1.33923,1.33924,1.33886,1.33887,328
1789648560,2026-09-17 12:36:00+00:00,1.33887,1.3388900000000001,1.33865,1.33866,366
1789648620,2026-09-17 12:37:00+00:00,1.33866,1.3388,1.3386,1.33875,288
1789648680,2026-09-17 12:38:00+00:00,1.33874,1.33874,1.33845,1.33845,290
1789648740,2026-09-17 12:39:00+00:00,1.33845,1.33869,1.33844,1.33864,358
1789648800,2026-09-17 12:40:00+00:00,1.33863,1.33875,1.33861,1.3387,272
1789648860,2026-09-17 12:41:00+00:00,1.3387,1.33877,1.33852,1.33852,274
1789648920,2026-09-17 12:42:00+00:00,1.33852,1.33853,1.33823,1.33823,326
1789648980,2026-09-17 12:43:00+00:00,1.3382399999999999,1.3383099999999999,1.33814,1.3382800000000001,198
1789649040,2026-09-17 12:44:00+00:00,1.3382800000000001,1.33838,1.33823,1.33834,260
1789649100,2026-09-17 12:45:00+00:00,1.33834,1.33842,1.3382800000000001,1.33834,323
1789649160,2026-09-17 12:46:00+00:00,1.33834,1.3384800000000001,1.3383,1.33844,379
1789649220,2026-09-17 12:47:00+00:00,1.33844,1.3385500000000001,1.3384,1.33843,257
1789649280,2026-09-17 12:48:00+00:00,1.33843,1.33847,1.33836,1.33838,334
1789649340,2026-09-17 12:49:00+00:00,1.33838,1.33838,1.33822,1.33822,279
1789649400,2026-09-17 12:50:00+00:00,1.33823,1.33825,1.33812,1.33813,248
1789649460,2026-09-17 12:51:00+00:00,1.33813,1.33822,1.33806,1.33811,358
1789649520,2026-09-17 12:52:00+00:00,1.33811,1.33812,1.33801,1.33803,467
1789649580,2026-09-17 12:53:00+00:00,1.33803,1.33827,1.33802,1.33822,325
1789649640,2026-09-17 12:54:00+00:00,1.33822,1.33838,1.33822,1.33836,280
1789649700,2026-09-17 12:55:00+00:00,1.33836,1.33844,1.33832,1.33838,313
1789649760,2026-09-17 12:56:00+00:00,1.33838,1.33838,1.33822,1.33829,298
1789649820,2026-09-17 12:57:00+00:00,1.33829,1.33862,1.3382800000000001,1.33853,296
1789649880,2026-09-17 12:58:00+00:00,1.33854,1.33867,1.33852,1.33853,368
1789649940,2026-09-17 12:59:00+00:00,1.33853,1.33867,1.33841,1.33864,422
1789650000,2026-09-17 13:00:00+00:00,1.33864,1.3388200000000001,1.33852,1.33877,500
1789650060,2026-09-17 13:01:00+00:00,1.33877,1.33877,1.33861,1.33863,412
1789650120,2026-09-17 13:02:00+00:00,1.33863,1.33869,1.33835,1.33837,406
1789650180,2026-09-17 13:03:00+00:00,1.33838,1.3385,1.33833,1.3384800000000001,339
1789650240,2026-09-17 13:04:00+00:00,1.3384800000000001,1.33849,1.33834,1.33836,274
1789650300,2026-09-17 13:05:00+00:00,1.33836,1.33836,1.33822,1.33825,216
1789650360,2026-09-17 13:06:00+00:00,1.33826,1.3382800000000001,1.33812,1.33815,348
1789650420,2026-09-17 13:07:00+00:00,1.33815,1.33819,1.33782,1.33783,315
1789650480,2026-09-17 13:08:00+00:00,1.33783,1.33809,1.33782,1.33803,273
1789650540,2026-09-17 13:09:00+00:00,1.33803,1.33803,1.33775,1.33775,331
1789650600,2026-09-17 13:10:00+00:00,1.33775,1.33791,1.33775,1.33782,310
1789650660,2026-09-17 13:11:00+00:00,1.33782,1.33784,1.33761,1.33765,255
1789650720,2026-09-17 13:12:00+00:00,1.33765,1.3377,1.33762,1.33762,250
1789650780,2026-09-17 13:13:00+00:00,1.33762,1.33762,1.3372899999999999,1.3373,271
1789650840,2026-09-17 13:14:00+00:00,1.3373,1.33741,1.33724,1.33738,300
1789650900,2026-09-17 13:15:00+00:00,1.33738,1.33759,1.3373599999999999,1.33758,279
1789650960,2026-09-17 13:16:00+00:00,1.33758,1.33774,1.33754,1.33756,324
1789651020,2026-09-17 13:17:00+00:00,1.33756,1.33757,1.33743,1.33744,287
1789651080,2026-09-17 13:18:00+00:00,1.33744,1.33777,1.33744,1.33765,312
1789651140,2026-09-17 13:19:00+00:00,1.33765,1.33768,1.33753,1.33754,227
1789651200,2026-09-17 13:20:00+00:00,1.33754,1.33775,1.33754,1.33775,203
1789651260,2026-09-17 13:21:00+00:00,1.33775,1.33775,1.33754,1.33754,200
1789651320,2026-09-17 13:22:00+00:00,1.33754,1.33773,1.3375,1.33765,229
1789651380,2026-09-17 13:23:00+00:00,1.33765,1.33765,1.3372600000000001,1.33742,433
1789651440,2026-09-17 13:24:00+00:00,1.33742,1.33754,1.3372,1.33753,409
1789651500,2026-09-17 13:25:00+00:00,1.33753,1.33785,1.33752,1.33774,335
1789651560,2026-09-17 13:26:00+00:00,1.33774,1.33776,1.33751,1.33757,253
1789651620,2026-09-17 13:27:00+00:00,1.33757,1.33759,1.33745,1.33752,382
1789651680,2026-09-17 13:28:00+00:00,1.33752,1.33775,1.33747,1.33775,400
1789651740,2026-09-17 13:29:00+00:00,1.33775,1.33777,1.3376000000000001,1.3376700000000001,275
1789651800,2026-09-17 13:30:00+00:00,1.3376700000000001,1.33777,1.33753,1.3376000000000001,536
1789651860,2026-09-17 13:31:00+00:00,1.33759,1.33759,1.3373300000000001,1.33737,442
1789651920,2026-09-17 13:32:00+00:00,1.3373599999999999,1.33749,1.3372600000000001,1.33742,336
1789651980,2026-09-17 13:33:00+00:00,1.33742,1.33749,1.33727,1.33747,446
1789652040,2026-09-17 13:34:00+00:00,1.33747,1.33747,1.33725,1.33737,384
1789652100,2026-09-17 13:35:00+00:00,1.33737,1.33779,1.33737,1.3376700000000001,521
1789652160,2026-09-17 13:36:00+00:00,1.3376700000000001,1.33771,1.33752,1.33752,357
1789652220,2026-09-17 13:37:00+00:00,1.33752,1.33788,1.33752,1.33778,407
1789652280,2026-09-17 13:38:00+00:00,1.33778,1.33798,1.33775,1.33793,257
1789652340,2026-09-17 13:39:00+00:00,1.33793,1.3381,1.33793,1.3379699999999999,267
1789652400,2026-09-17 13:40:00+00:00,1.3379699999999999,1.33803,1.33773,1.33776,277
1789652460,2026-09-17 13:41:00+00:00,1.33776,1.33778,1.33745,1.33746,313
1789652520,2026-09-17 13:42:00+00:00,1.33746,1.33747,1.3372,1.33725,405
1789652580,2026-09-17 13:43:00+00:00,1.33725,1.33742,1.33704,1.33737,406
1789652640,2026-09-17 13:44:00+00:00,1.33737,1.33739,1.33709,1.33715,410
1789652700,2026-09-17 13:45:00+00:00,1.33715,1.33748,1.33711,1.33745,411
1789652760,2026-09-17 13:46:00+00:00,1.33745,1.33746,1.33717,1.33737,546
1789652820,2026-09-17 13:47:00+00:00,1.33737,1.33766,1.3373599999999999,1.33764,494
1789652880,2026-09-17 13:48:00+00:00,1.33764,1.33775,1.33746,1.33764,452
1789652940,2026-09-17 13:49:00+00:00,1.33764,1.33779,1.33755,1.33755,547
1789653000,2026-09-17 13:50:00+00:00,1.33755,1.33768,1.33739,1.33745,470
1789653060,2026-09-17 13:51:00+00:00,1.33745,1.33756,1.33725,1.3373,384
1789653120,2026-09-17 13:52:00+00:00,1.3372899999999999,1.33746,1.33725,1.33745,381
1789653180,2026-09-17 13:53:00+00:00,1.33745,1.3375,1.3373,1.33734,416
1789653240,2026-09-17 13:54:00+00:00,1.33734,1.33738,1.33713,1.33715,358
1789653300,2026-09-17 13:55:00+00:00,1.33715,1.33749,1.33715,1.33738,437
1789653360,2026-09-17 13:56:00+00:00,1.33738,1.33747,1.33731,1.33738,430
1789653420,2026-09-17 13:57:00+00:00,1.33738,1.33738,1.33712,1.33713,244
1789653480,2026-09-17 13:58:00+00:00,1.33713,1.33738,1.33712,1.33737,236
1789653540,2026-09-17 13:59:00+00:00,1.33737,1.33747,1.33727,1.3373599999999999,203
1789653600,2026-09-17 14:00:00+00:00,1.3373599999999999,1.33746,1.33712,1.33713,314
1789653660,2026-09-17 14:01:00+00:00,1.33713,1.33725,1.33697,1.33717,227
1789653720,2026-09-17 14:02:00+00:00,1.33717,1.33738,1.33712,1.3373300000000001,535
1789653780,2026-09-17 14:03:00+00:00,1.3373300000000001,1.33759,1.33731,1.33755,591
1789653840,2026-09-17 14:04:00+00:00,1.33755,1.33778,1.33752,1.33774,459
1789653900,2026-09-17 14:05:00+00:00,1.33774,1.33795,1.3376299999999999,1.33765,531
1789653960,2026-09-17 14:06:00+00:00,1.33765,1.3378,1.33758,1.33765,560
1789654020,2026-09-17 14:07:00+00:00,1.33764,1.33775,1.33759,1.3376299999999999,299
1789654080,2026-09-17 14:08:00+00:00,1.3376299999999999,1.33776,1.33753,1.33775,450
1789654140,2026-09-17 14:09:00+00:00,1.33775,1.338,1.33773,1.33799,588
1789654200,2026-09-17 14:10:00+00:00,1.33798,1.33803,1.33785,1.33789,491
1789654260,2026-09-17 14:11:00+00:00,1.33788,1.33806,1.33782,1.33793,443
1789654320,2026-09-17 14:12:00+00:00,1.33793,1.33793,1.33773,1.33775,281
1789654380,2026-09-17 14:13:00+00:00,1.33775,1.33779,1.33759,1.33764,352
1789654440,2026-09-17 14:14:00+00:00,1.33764,1.33777,1.3376299999999999,1.33773,276
1789654500,2026-09-17 14:15:00+00:00,1.33773,1.33785,1.3376700000000001,1.33771,333
1789654560,2026-09-17 14:16:00+00:00,1.33771,1.3378,1.33764,1.33768,289
1789654620,2026-09-17 14:17:00+00:00,1.33768,1.3377,1.33757,1.3376000000000001,418
1789654680,2026-09-17 14:18:00+00:00,1.33758,1.33759,1.33732,1.33743,468
1789654740,2026-09-17 14:19:00+00:00,1.33743,1.33746,1.33712,1.33715,419
1789654800,2026-09-17 14:20:00+00:00,1.33716,1.3373,1.3370199999999999,1.33703,446
1789654860,2026-09-17 14:21:00+00:00,1.33704,1.33715,1.33698,1.33698,372
1789654920,2026-09-17 14:22:00+00:00,1.3369900000000001,1.33708,1.33693,1.33704,290
1789654980,2026-09-17 14:23:00+00:00,1.33704,1.3372899999999999,1.3370199999999999,1.33728,356
1789655040,2026-09-17 14:24:00+00:00,1.33728,1.33747,1.33722,1.33723,307
1789655100,2026-09-17 14:25:00+00:00,1.33723,1.3372600000000001,1.33693,1.33704,382
1789655160,2026-09-17 14:26:00+00:00,1.33704,1.33709,1.33697,1.3370600000000001,179
1789655220,2026-09-17 14:27:00+00:00,1.3370600000000001,1.33709,1.33674,1.3367499999999999,342
1789655280,2026-09-17 14:28:00+00:00,1.33674,1.33676,1.33643,1.33646,297
1789655340,2026-09-17 14:29:00+00:00,1.33646,1.33648,1.33632,1.3363399999999999,224
1789655400,2026-09-17 14:30:00+00:00,1.3363399999999999,1.33664,1.33623,1.33654,271
1789655460,2026-09-17 14:31:00+00:00,1.33654,1.33655,1.3363399999999999,1.3363399999999999,170
1789655520,2026-09-17 14:32:00+00:00,1.3363399999999999,1.33637,1.3362,1.33636,250
1789655580,2026-09-17 14:33:00+00:00,1.33636,1.33654,1.33625,1.33627,258
1789655640,2026-09-17 14:34:00+00:00,1.33627,1.33628,1.33616,1.33625,140
1789655700,2026-09-17 14:35:00+00:00,1.33625,1.33625,1.33593,1.33595,208
1789655760,2026-09-17 14:36:00+00:00,1.33595,1.33595,1.33572,1.3357299999999999,201
1789655820,2026-09-17 14:37:00+00:00,1.3357299999999999,1.33578,1.33554,1.33562,258
1789655880,2026-09-17 14:38:00+00:00,1.33562,1.33567,1.3354300000000001,1.33544,205
1789655940,2026-09-17 14:39:00+00:00,1.33544,1.33555,1.33542,1.33542,222
1789656000,2026-09-17 14:40:00+00:00,1.33542,1.33563,1.33541,1.33556,242
1789656060,2026-09-17 14:41:00+00:00,1.33557,1.3358400000000001,1.3354300000000001,1.3354599999999999,213
1789656120,2026-09-17 14:42:00+00:00,1.3354599999999999,1.33571,1.33534,1.33562,222
1789656180,2026-09-17 14:43:00+00:00,1.33562,1.33586,1.33562,1.33565,207
1789656240,2026-09-17 14:44:00+00:00,1.33565,1.33579,1.33533,1.33533,227
1789656300,2026-09-17 14:45:00+00:00,1.33533,1.33548,1.33525,1.33542,222
1789656360,2026-09-17 14:46:00+00:00,1.33542,1.33554,1.33537,1.3354,197
1789656420,2026-09-17 14:47:00+00:00,1.3354,1.33558,1.33532,1.33558,264
1789656480,2026-09-17 14:48:00+00:00,1.33559,1.33597,1.33559,1.33586,235
1789656540,2026-09-17 14:49:00+00:00,1.33586,1.3359,1.33565,1.33587,278
1789656600,2026-09-17 14:50:00+00:00,1.33587,1.33605,1.33562,1.33562,269
1789656660,2026-09-17 14:51:00+00:00,1.33562,1.33571,1.33544,1.33551,204
1789656720,2026-09-17 14:52:00+00:00,1.33552,1.3355299999999999,1.33531,1.33532,236
1789656780,2026-09-17 14:53:00+00:00,1.33532,1.33538,1.33522,1.33526,333
1789656840,2026-09-17 14:54:00+00:00,1.33526,1.33541,1.33523,1.33523,218
1789656900,2026-09-17 14:55:00+00:00,1.33524,1.33547,1.33523,1.33544,373
1789656960,2026-09-17 14:56:00+00:00,1.33544,1.33548,1.3353,1.33531,274
1789657020,2026-09-17 14:57:00+00:00,1.33531,1.33536,1.33511,1.33522,401
1789657080,2026-09-17 14:58:00+00:00,1.33522,1.33533,1.3352,1.33524,328
1789657140,2026-09-17 14:59:00+00:00,1.33524,1.33528,1.33513,1.33526,209
1789657200,2026-09-17 15:00:00+00:00,1.33528,1.3354599999999999,1.33526,1.33542,348
1789657260,2026-09-17 15:01:00+00:00,1.33542,1.33548,1.3351899999999999,1.3352,310
1789657320,2026-09-17 15:02:00+00:00,1.3352,1.33541,1.3352,1.33539,445
1789657380,2026-09-17 15:03:00+00:00,1.33539,1.33575,1.33537,1.33575,361
1789657440,2026-09-17 15:04:00+00:00,1.33574,1.33579,1.33537,1.3354599999999999,365
1789657500,2026-09-17 15:05:00+00:00,1.33545,1.33558,1.33527,1.33549,398
1789657560,2026-09-17 15:06:00+00:00,1.33549,1.33557,1.33542,1.33557,310
1789657620,2026-09-17 15:07:00+00:00,1.33557,1.33578,1.33554,1.33565,283
1789657680,2026-09-17 15:08:00+00:00,1.33565,1.33575,1.33557,1.33557,278
1789657740,2026-09-17 15:09:00+00:00,1.33557,1.3356,1.33542,1.33544,301
1789657800,2026-09-17 15:10:00+00:00,1.33544,1.33545,1.33534,1.33536,249
1789657860,2026-09-17 15:11:00+00:00,1.33536,1.33544,1.3353,1.33533,256
1789657920,2026-09-17 15:12:00+00:00,1.33533,1.33533,1.33509,1.33513,254
1789657980,2026-09-17 15:13:00+00:00,1.33513,1.33541,1.3351199999999999,1.33538,256
1789658040,2026-09-17 15:14:00+00:00,1.33538,1.33548,1.33536,1.33545,275
1789658100,2026-09-17 15:15:00+00:00,1.33545,1.33557,1.3354300000000001,1.33557,335
1789658160,2026-09-17 15:16:00+00:00,1.33557,1.3357999999999999,1.33554,1.33579,395
1789658220,2026-09-17 15:17:00+00:00,1.33579,1.33581,1.33571,1.33576,294
1789658280,2026-09-17 15:18:00+00:00,1.33576,1.3359,1.3357299999999999,1.33586,246
1789658340,2026-09-17 15:19:00+00:00,1.33586,1.336,1.33586,1.33595,215
1789658400,2026-09-17 15:20:00+00:00,1.33595,1.33596,1.33565,1.33568,297
1789658460,2026-09-17 15:21:00+00:00,1.33568,1.33579,1.33563,1.33567,323
1789658520,2026-09-17 15:22:00+00:00,1.33567,1.3357,1.33555,1.33558,311
1789658580,2026-09-17 15:23:00+00:00,1.33558,1.3356,1.33545,1.3355299999999999,218
1789658640,2026-09-17 15:24:00+00:00,1.3355299999999999,1.3355299999999999,1.33544,1.3354599999999999,260
1789658700,2026-09-17 15:25:00+00:00,1.3354599999999999,1.33565,1.3352,1.33524,408
1789658760,2026-09-17 15:26:00+00:00,1.33525,1.33525,1.33499,1.33503,316
1789658820,2026-09-17 15:27:00+00:00,1.33504,1.33526,1.33503,1.3351600000000001,250
1789658880,2026-09-17 15:28:00+00:00,1.3351600000000001,1.3352,1.335,1.33506,291
1789658940,2026-09-17 15:29:00+00:00,1.33506,1.3351600000000001,1.33504,1.33515,178
1789659000,2026-09-17 15:30:00+00:00,1.33515,1.33515,1.33497,1.33503,275
1789659060,2026-09-17 15:31:00+00:00,1.33503,1.33508,1.3347,1.33475,288
1789659120,2026-09-17 15:32:00+00:00,1.33476,1.33477,1.33444,1.33444,293
1789659180,2026-09-17 15:33:00+00:00,1.33444,1.33453,1.33438,1.33444,229
1789659240,2026-09-17 15:34:00+00:00,1.33444,1.3345799999999999,1.33442,1.33454,267
1789659300,2026-09-17 15:35:00+00:00,1.33454,1.33477,1.3345099999999999,1.33476,362
1789659360,2026-09-17 15:36:00+00:00,1.33474,1.33478,1.3347,1.33473,240
1789659420,2026-09-17 15:37:00+00:00,1.33473,1.33476,1.3345,1.33462,249
1789659480,2026-09-17 15:38:00+00:00,1.33462,1.33464,1.33435,1.33438,314
1789659540,2026-09-17 15:39:00+00:00,1.33438,1.33439,1.3342,1.3342399999999999,239
1789659600,2026-09-17 15:40:00+00:00,1.3342399999999999,1.33426,1.33413,1.3342399999999999,314
1789659660,2026-09-17 15:41:00+00:00,1.33425,1.33446,1.33423,1.33445,274
1789659720,2026-09-17 15:42:00+00:00,1.33446,1.33448,1.33422,1.33425,254
1789659780,2026-09-17 15:43:00+00:00,1.33425,1.33427,1.33407,1.33412,240
1789659840,2026-09-17 15:44:00+00:00,1.33412,1.33414,1.33401,1.33403,316
1789659900,2026-09-17 15:45:00+00:00,1.33403,1.33407,1.33388,1.33404,373
1789659960,2026-09-17 15:46:00+00:00,1.33404,1.33408,1.33372,1.33374,307
1789660020,2026-09-17 15:47:00+00:00,1.33374,1.33377,1.3336299999999999,1.33372,258
1789660080,2026-09-17 15:48:00+00:00,1.33372,1.33396,1.33372,1.33393,292
1789660140,2026-09-17 15:49:00+00:00,1.33393,1.3341,1.33389,1.33401,331
1789660200,2026-09-17 15:50:00+00:00,1.33401,1.33414,1.3338999999999999,1.33401,321
1789660260,2026-09-17 15:51:00+00:00,1.33401,1.33426,1.33401,1.33425,294
1789660320,2026-09-17 15:52:00+00:00,1.33425,1.33435,1.33423,1.33434,217
1789660380,2026-09-17 15:53:00+00:00,1.33434,1.33445,1.33432,1.33443,193
1789660440,2026-09-17 15:54:00+00:00,1.33443,1.33465,1.33443,1.33463,220
1789660500,2026-09-17 15:55:00+00:00,1.33463,1.33463,1.3345,1.33453,338
1789660560,2026-09-17 15:56:00+00:00,1.33453,1.3345500000000001,1.33432,1.33436,285
1789660620,2026-09-17 15:57:00+00:00,1.33436,1.3345799999999999,1.33433,1.33456,311
1789660680,2026-09-17 15:58:00+00:00,1.33456,1.33459,1.3345099999999999,1.3345500000000001,204
1789660740,2026-09-17 15:59:00+00:00,1.3345500000000001,1.3345799999999999,1.33452,1.33453,279
1789660800,2026-09-17 16:00:00+00:00,1.33453,1.3345500000000001,1.33441,1.3345,253
1789660860,2026-09-17 16:01:00+00:00,1.3345,1.33466,1.3345,1.33452,360
1789660920,2026-09-17 16:02:00+00:00,1.33452,1.33452,1.33432,1.33444,288
1789660980,2026-09-17 16:03:00+00:00,1.33444,1.33446,1.33435,1.33435,222
1789661040,2026-09-17 16:04:00+00:00,1.33435,1.33438,1.33423,1.33425,196
1789661100,2026-09-17 16:05:00+00:00,1.3342399999999999,1.3343,1.33412,1.33417,269
1789661160,2026-09-17 16:06:00+00:00,1.33417,1.33425,1.3338999999999999,1.3339699999999999,298
1789661220,2026-09-17 16:07:00+00:00,1.3339699999999999,1.33399,1.33388,1.33396,202
1789661280,2026-09-17 16:08:00+00:00,1.3339699999999999,1.33404,1.33386,1.33396,201
1789661340,2026-09-17 16:09:00+00:00,1.33396,1.33407,1.33386,1.33406,183
1789661400,2026-09-17 16:10:00+00:00,1.33406,1.33406,1.3338,1.33401,218
1789661460,2026-09-17 16:11:00+00:00,1.33401,1.33406,1.33393,1.33396,160
1789661520,2026-09-17 16:12:00+00:00,1.33396,1.33407,1.33395,1.33405,118
1789661580,2026-09-17 16:13:00+00:00,1.33405,1.33419,1.33405,1.33418,93
1789661640,2026-09-17 16:14:00+00:00,1.33418,1.33448,1.33417,1.33445,153
1789661700,2026-09-17 16:15:00+00:00,1.33445,1.33459,1.33444,1.33457,152
1789661760,2026-09-17 16:16:00+00:00,1.33457,1.3346,1.33437,1.33446,173
1789661820,2026-09-17 16:17:00+00:00,1.33446,1.33446,1.33436,1.33444,200
1789661880,2026-09-17 16:18:00+00:00,1.33444,1.33449,1.33426,1.3342800000000001,177
1789661940,2026-09-17 16:19:00+00:00,1.3342800000000001,1.33439,1.3342399999999999,1.33436,284
1789662000,2026-09-17 16:20:00+00:00,1.33437,1.3346,1.33435,1.33457,251
1789662060,2026-09-17 16:21:00+00:00,1.33456,1.3345799999999999,1.33449,1.33454,245
1789662120,2026-09-17 16:22:00+00:00,1.3345500000000001,1.33467,1.33452,1.3346,217
1789662180,2026-09-17 16:23:00+00:00,1.3346,1.3346,1.33454,1.33457,116
1789662240,2026-09-17 16:24:00+00:00,1.33457,1.33469,1.33457,1.3345799999999999,65
1789662300,2026-09-17 16:25:00+00:00,1.3345799999999999,1.33468,1.33456,1.33466,169
1789662360,2026-09-17 16:26:00+00:00,1.33466,1.33468,1.33466,1.33468,64
1789662420,2026-09-17 16:27:00+00:00,1.33468,1.33477,1.33465,1.33474,135
1789662480,2026-09-17 16:28:00+00:00,1.33474,1.33476,1.33465,1.3347,232
1789662540,2026-09-17 16:29:00+00:00,1.33468,1.3348,1.33466,1.33478,203
1789662600,2026-09-17 16:30:00+00:00,1.33478,1.33488,1.33474,1.33486,241
1789662660,2026-09-17 16:31:00+00:00,1.33486,1.33488,1.33469,1.33474,233
1789662720,2026-09-17 16:32:00+00:00,1.33474,1.33478,1.33463,1.33464,153
1789662780,2026-09-17 16:33:00+00:00,1.33464,1.33479,1.3345500000000001,1.3345799999999999,289
1789662840,2026-09-17 16:34:00+00:00,1.3345799999999999,1.33479,1.33456,1.33477,202
1789662900,2026-09-17 16:35:00+00:00,1.33477,1.3349,1.33476,1.3349,154
1789662960,2026-09-17 16:36:00+00:00,1.3349,1.335,1.33487,1.33497,125
1789663020,2026-09-17 16:37:00+00:00,1.33497,1.33499,1.33486,1.3349,119
1789663080,2026-09-17 16:38:00+00:00,1.3349,1.3349,1.33473,1.33478,88
1789663140,2026-09-17 16:39:00+00:00,1.33477,1.33499,1.33477,1.33498,127
1789663200,2026-09-17 16:40:00+00:00,1.33498,1.33505,1.33497,1.33501,106
1789663260,2026-09-17 16:41:00+00:00,1.33501,1.33504,1.33494,1.33495,157
1789663320,2026-09-17 16:42:00+00:00,1.33495,1.33499,1.33494,1.33497,109
1789663380,2026-09-17 16:43:00+00:00,1.33497,1.33508,1.33496,1.33502,256
1789663440,2026-09-17 16:44:00+00:00,1.33502,1.3351,1.33498,1.3351,229
1789663500,2026-09-17 16:45:00+00:00,1.33508,1.3351,1.33496,1.33501,211
1789663560,2026-09-17 16:46:00+00:00,1.33501,1.33507,1.3349199999999999,1.33495,121
1789663620,2026-09-17 16:47:00+00:00,1.33495,1.33498,1.33493,1.33496,83
1789663680,2026-09-17 16:48:00+00:00,1.33496,1.33497,1.33486,1.33488,232
1789663740,2026-09-17 16:49:00+00:00,1.33488,1.33498,1.33486,1.33495,151
1789663800,2026-09-17 16:50:00+00:00,1.33496,1.33496,1.33483,1.33483,144
1789663860,2026-09-17 16:51:00+00:00,1.33483,1.33488,1.33476,1.3348499999999999,173
1789663920,2026-09-17 16:52:00+00:00,1.3348499999999999,1.3348900000000001,1.3348,1.33486,158
1789663980,2026-09-17 16:53:00+00:00,1.33486,1.33488,1.33483,1.33487,144
1789664040,2026-09-17 16:54:00+00:00,1.33487,1.3349,1.33476,1.33477,133
1789664100,2026-09-17 16:55:00+00:00,1.33477,1.3349,1.33457,1.33469,522
1789664160,2026-09-17 16:56:00+00:00,1.33469,1.3348,1.33457,1.33478,349
1789664220,2026-09-17 16:57:00+00:00,1.33478,1.33479,1.33468,1.33476,276
1789664280,2026-09-17 16:58:00+00:00,1.33476,1.3348200000000001,1.33472,1.33479,231
1789664340,2026-09-17 16:59:00+00:00,1.33479,1.3349,1.33476,1.33487,377
1789664400,2026-09-17 17:00:00+00:00,1.33487,1.33488,1.33478,1.3348499999999999,241
1789664460,2026-09-17 17:01:00+00:00,1.3348499999999999,1.3349,1.33472,1.3348,270
1789664520,2026-09-17 17:02:00+00:00,1.3348,1.3348,1.33453,1.33457,352
1789664580,2026-09-17 17:03:00+00:00,1.3345799999999999,1.33481,1.3345500000000001,1.33481,359
1789664640,2026-09-17 17:04:00+00:00,1.33481,1.33517,1.33477,1.33515,332
1789664700,2026-09-17 17:05:00+00:00,1.33515,1.3352,1.33506,1.3352,209
1789664760,2026-09-17 17:06:00+00:00,1.3351899999999999,1.3352,1.3351600000000001,1.33518,124
1789664820,2026-09-17 17:07:00+00:00,1.33518,1.33518,1.33509,1.3351,102
1789664880,2026-09-17 17:08:00+00:00,1.3351,1.33514,1.33505,1.33506,183
1789664940,2026-09-17 17:09:00+00:00,1.33506,1.33509,1.33505,1.33506,212
1789665000,2026-09-17 17:10:00+00:00,1.33506,1.33506,1.33493,1.33496,179
1789665060,2026-09-17 17:11:00+00:00,1.33496,1.33501,1.33495,1.33496,206
1789665120,2026-09-17 17:12:00+00:00,1.33495,1.33497,1.33486,1.33487,161
1789665180,2026-09-17 17:13:00+00:00,1.33487,1.33497,1.3348499999999999,1.33496,200
1789665240,2026-09-17 17:14:00+00:00,1.33496,1.33499,1.33488,1.33498,174
1789665300,2026-09-17 17:15:00+00:00,1.33498,1.33506,1.33493,1.33505,227
1789665360,2026-09-17 17:16:00+00:00,1.33505,1.3351,1.335,1.33509,222
1789665420,2026-09-17 17:17:00+00:00,1.33509,1.33517,1.33506,1.3351600000000001,169
1789665480,2026-09-17 17:18:00+00:00,1.3351600000000001,1.3352,1.33507,1.33513,184
1789665540,2026-09-17 17:19:00+00:00,1.33513,1.33521,1.33513,1.33518,150
1789665600,2026-09-17 17:20:00+00:00,1.33518,1.33527,1.33517,1.33522,129
1789665660,2026-09-17 17:21:00+00:00,1.33523,1.33527,1.3351899999999999,1.33525,180
1789665720,2026-09-17 17:22:00+00:00,1.33525,1.33527,1.33518,1.33518,79
1789665780,2026-09-17 17:23:00+00:00,1.33518,1.33521,1.33515,1.3351600000000001,164
1789665840,2026-09-17 17:24:00+00:00,1.33515,1.33525,1.33514,1.33525,108
1789665900,2026-09-17 17:25:00+00:00,1.33525,1.33527,1.33514,1.3351600000000001,191
1789665960,2026-09-17 17:26:00+00:00,1.3351600000000001,1.33517,1.33503,1.33504,156
1789666020,2026-09-17 17:27:00+00:00,1.33504,1.33507,1.33504,1.33506,107
1789666080,2026-09-17 17:28:00+00:00,1.33506,1.3351,1.33503,1.33507,169
1789666140,2026-09-17 17:29:00+00:00,1.33507,1.33518,1.33503,1.33517,107
1789666200,2026-09-17 17:30:00+00:00,1.33517,1.33522,1.3351600000000001,1.3352,179
1789666260,2026-09-17 17:31:00+00:00,1.3352,1.33526,1.33515,1.3352,123
1789666320,2026-09-17 17:32:00+00:00,1.3352,1.3352,1.33517,1.3352,67
1789666380,2026-09-17 17:33:00+00:00,1.3351899999999999,1.33522,1.33515,1.3351600000000001,145
1789666440,2026-09-17 17:34:00+00:00,1.3351600000000001,1.33521,1.33509,1.33511,188
1789666500,2026-09-17 17:35:00+00:00,1.33511,1.3352,1.33502,1.3351600000000001,154
1789666560,2026-09-17 17:36:00+00:00,1.3351600000000001,1.3351899999999999,1.33513,1.3351600000000001,129
1789666620,2026-09-17 17:37:00+00:00,1.3351600000000001,1.33518,1.33507,1.33507,110
1789666680,2026-09-17 17:38:00+00:00,1.33507,1.33511,1.33505,1.33508,88
1789666740,2026-09-17 17:39:00+00:00,1.33508,1.3351,1.33498,1.33506,147
1789666800,2026-09-17 17:40:00+00:00,1.33507,1.3351199999999999,1.335,1.335,147
1789666860,2026-09-17 17:41:00+00:00,1.335,1.33508,1.33499,1.33506,220
1789666920,2026-09-17 17:42:00+00:00,1.33506,1.33507,1.33496,1.33497,87
1789666980,2026-09-17 17:43:00+00:00,1.33497,1.335,1.3348900000000001,1.3349,159
1789667040,2026-09-17 17:44:00+00:00,1.3349,1.335,1.3348900000000001,1.33498,117
1789667100,2026-09-17 17:45:00+00:00,1.33498,1.33503,1.33487,1.33487,202
1789667160,2026-09-17 17:46:00+00:00,1.33487,1.33491,1.33486,1.3349,144
1789667220,2026-09-17 17:47:00+00:00,1.3349,1.33491,1.3348499999999999,1.33486,102
1789667280,2026-09-17 17:48:00+00:00,1.33487,1.33488,1.33474,1.33478,161
1789667340,2026-09-17 17:49:00+00:00,1.33478,1.3348,1.33467,1.33477,117
1789667400,2026-09-17 17:50:00+00:00,1.33477,1.33477,1.33462,1.33462,178
1789667460,2026-09-17 17:51:00+00:00,1.33462,1.33468,1.3345799999999999,1.33466,130
1789667520,2026-09-17 17:52:00+00:00,1.33466,1.33469,1.3345799999999999,1.3346,160
1789667580,2026-09-17 17:53:00+00:00,1.3346,1.33462,1.33457,1.3345799999999999,123
1789667640,2026-09-17 17:54:00+00:00,1.3345799999999999,1.33479,1.33457,1.33468,191
1789667700,2026-09-17 17:55:00+00:00,1.33468,1.33479,1.33466,1.33479,173
1789667760,2026-09-17 17:56:00+00:00,1.33479,1.33481,1.33474,1.33477,115
1789667820,2026-09-17 17:57:00+00:00,1.33477,1.33497,1.33477,1.3349,186
1789667880,2026-09-17 17:58:00+00:00,1.3349,1.33495,1.33484,1.33486,191
1789667940,2026-09-17 17:59:00+00:00,1.33486,1.335,1.3348,1.33498,221
1789668000,2026-09-17 18:00:00+00:00,1.33498,1.33502,1.3348900000000001,1.3348900000000001,143
1789668060,2026-09-17 18:01:00+00:00,1.3348900000000001,1.33509,1.33488,1.33505,168
1789668120,2026-09-17 18:02:00+00:00,1.33505,1.33511,1.33504,1.33509,94
1789668180,2026-09-17 18:03:00+00:00,1.33509,1.33529,1.33508,1.33528,103
1789668240,2026-09-17 18:04:00+00:00,1.33528,1.33538,1.33526,1.33537,84
1789668300,2026-09-17 18:05:00+00:00,1.33537,1.33547,1.33536,1.33539,111
1789668360,2026-09-17 18:06:00+00:00,1.33539,1.3354,1.33535,1.33536,91
1789668420,2026-09-17 18:07:00+00:00,1.33536,1.33541,1.33527,1.33538,147
1789668480,2026-09-17 18:08:00+00:00,1.33538,1.3354,1.33526,1.3353,135
1789668540,2026-09-17 18:09:00+00:00,1.3353,1.33531,1.33521,1.33523,108
1789668600,2026-09-17 18:10:00+00:00,1.33523,1.33529,1.3351600000000001,1.33518,222
1789668660,2026-09-17 18:11:00+00:00,1.33518,1.33528,1.3351600000000001,1.33524,169
1789668720,2026-09-17 18:12:00+00:00,1.33524,1.33544,1.33523,1.33537,234
1789668780,2026-09-17 18:13:00+00:00,1.33537,1.3354300000000001,1.33536,1.33539,222
1789668840,2026-09-17 18:14:00+00:00,1.33538,1.33547,1.33537,1.3354599999999999,170
1789668900,2026-09-17 18:15:00+00:00,1.3354599999999999,1.33547,1.33537,1.3354,202
1789668960,2026-09-17 18:16:00+00:00,1.3354,1.3354599999999999,1.33536,1.33537,97
1789669020,2026-09-17 18:17:00+00:00,1.33537,1.33549,1.33532,1.33548,89
1789669080,2026-09-17 18:18:00+00:00,1.33548,1.33548,1.33529,1.33536,160
1789669140,2026-09-17 18:19:00+00:00,1.33536,1.33545,1.33533,1.33544,212
1789669200,2026-09-17 18:20:00+00:00,1.33544,1.3355000000000001,1.33542,1.33549,138
1789669260,2026-09-17 18:21:00+00:00,1.33549,1.33549,1.33535,1.3354,178
1789669320,2026-09-17 18:22:00+00:00,1.33539,1.3354,1.33531,1.33535,176
1789669380,2026-09-17 18:23:00+00:00,1.33535,1.33537,1.33528,1.33536,73
1789669440,2026-09-17 18:24:00+00:00,1.33536,1.33538,1.33526,1.33526,109
1789669500,2026-09-17 18:25:00+00:00,1.33526,1.3353,1.33524,1.33525,110
1789669560,2026-09-17 18:26:00+00:00,1.33525,1.33532,1.33524,1.33531,221
1789669620,2026-09-17 18:27:00+00:00,1.33531,1.33531,1.33526,1.33528,52
1789669680,2026-09-17 18:28:00+00:00,1.33528,1.33532,1.33526,1.33528,151
1789669740,2026-09-17 18:29:00+00:00,1.33528,1.33531,1.33525,1.33526,207
1789669800,2026-09-17 18:30:00+00:00,1.33526,1.33531,1.33524,1.33524,173
1789669860,2026-09-17 18:31:00+00:00,1.33525,1.33531,1.33524,1.33525,174
1789669920,2026-09-17 18:32:00+00:00,1.33525,1.33527,1.33517,1.33526,92
1789669980,2026-09-17 18:33:00+00:00,1.33526,1.3354,1.33526,1.33534,99
1789670040,2026-09-17 18:34:00+00:00,1.33532,1.33532,1.33517,1.33527,107
1789670100,2026-09-17 18:35:00+00:00,1.33527,1.33527,1.33518,1.33525,70
1789670160,2026-09-17 18:36:00+00:00,1.33525,1.33527,1.33524,1.33525,61
1789670220,2026-09-17 18:37:00+00:00,1.33525,1.33528,1.33524,1.33527,107
1789670280,2026-09-17 18:38:00+00:00,1.33527,1.33529,1.33524,1.33526,72
1789670340,2026-09-17 18:39:00+00:00,1.33526,1.33533,1.33525,1.33528,199
1789670400,2026-09-17 18:40:00+00:00,1.33528,1.33539,1.33526,1.33538,132
1789670460,2026-09-17 18:41:00+00:00,1.33538,1.33541,1.33536,1.33536,97
1789670520,2026-09-17 18:42:00+00:00,1.33536,1.33538,1.33534,1.33536,63
1789670580,2026-09-17 18:43:00+00:00,1.33536,1.3354,1.33535,1.33537,115
1789670640,2026-09-17 18:44:00+00:00,1.33537,1.3354300000000001,1.33536,1.33538,106
1789670700,2026-09-17 18:45:00+00:00,1.33537,1.33538,1.33534,1.33535,57
1789670760,2026-09-17 18:46:00+00:00,1.33535,1.33538,1.33534,1.33536,84
1789670820,2026-09-17 18:47:00+00:00,1.33536,1.33537,1.33527,1.33537,131
1789670880,2026-09-17 18:48:00+00:00,1.33537,1.33551,1.33536,1.33548,138
1789670940,2026-09-17 18:49:00+00:00,1.33548,1.33558,1.33547,1.33558,77
1789671000,2026-09-17 18:50:00+00:00,1.33558,1.33558,1.33545,1.33548,96
1789671060,2026-09-17 18:51:00+00:00,1.33548,1.33558,1.33547,1.33548,124
1789671120,2026-09-17 18:52:00+00:00,1.33548,1.33551,1.33528,1.33528,192
1789671180,2026-09-17 18:53:00+00:00,1.33528,1.33529,1.33522,1.33527,138
1789671240,2026-09-17 18:54:00+00:00,1.33526,1.33537,1.33526,1.33535,112
1789671300,2026-09-17 18:55:00+00:00,1.33535,1.33536,1.33525,1.33528,160
1789671360,2026-09-17 18:56:00+00:00,1.33528,1.33529,1.33508,1.33514,249
1789671420,2026-09-17 18:57:00+00:00,1.33514,1.33518,1.33504,1.3351600000000001,301
1789671480,2026-09-17 18:58:00+00:00,1.3351600000000001,1.33528,1.33515,1.33526,303
1789671540,2026-09-17 18:59:00+00:00,1.33524,1.33529,1.33523,1.33527,387
1789671600,2026-09-17 19:00:00+00:00,1.33527,1.33536,1.33525,1.33535,286
1789671660,2026-09-17 19:01:00+00:00,1.33535,1.3354,1.33529,1.33537,247
1789671720,2026-09-17 19:02:00+00:00,1.33538,1.33547,1.33528,1.33547,189
1789671780,2026-09-17 19:03:00+00:00,1.33547,1.33562,1.33545,1.3356,190
1789671840,2026-09-17 19:04:00+00:00,1.33561,1.33561,1.33541,1.33544,210
1789671900,2026-09-17 19:05:00+00:00,1.33545,1.33547,1.33542,1.33547,189
1789671960,2026-09-17 19:06:00+00:00,1.33547,1.33555,1.33536,1.33549,246
1789672020,2026-09-17 19:07:00+00:00,1.33549,1.33551,1.33538,1.33547,226
1789672080,2026-09-17 19:08:00+00:00,1.33547,1.33551,1.33545,1.3354599999999999,162
1789672140,2026-09-17 19:09:00+00:00,1.3354599999999999,1.33556,1.3354300000000001,1.3355299999999999,248
1789672200,2026-09-17 19:10:00+00:00,1.3355299999999999,1.33554,1.33545,1.3354599999999999,199
1789672260,2026-09-17 19:11:00+00:00,1.3354599999999999,1.33548,1.33544,1.33547,72
1789672320,2026-09-17 19:12:00+00:00,1.33547,1.33548,1.33536,1.33547,169
1789672380,2026-09-17 19:13:00+00:00,1.33547,1.33555,1.3354599999999999,1.3354599999999999,145
1789672440,2026-09-17 19:14:00+00:00,1.3354599999999999,1.33548,1.33541,1.33547,143
1789672500,2026-09-17 19:15:00+00:00,1.33547,1.33547,1.33544,1.3354599999999999,85
1789672560,2026-09-17 19:16:00+00:00,1.3354599999999999,1.33547,1.3354300000000001,1.3354599999999999,125
1789672620,2026-09-17 19:17:00+00:00,1.3354599999999999,1.3354599999999999,1.33533,1.33534,84
1789672680,2026-09-17 19:18:00+00:00,1.33534,1.33545,1.33533,1.33537,120
1789672740,2026-09-17 19:19:00+00:00,1.33537,1.3355000000000001,1.33536,1.3354599999999999,164
1789672800,2026-09-17 19:20:00+00:00,1.3354599999999999,1.33557,1.3354599999999999,1.33556,136
1789672860,2026-09-17 19:21:00+00:00,1.33556,1.33561,1.33555,1.33558,177
1789672920,2026-09-17 19:22:00+00:00,1.33558,1.33566,1.33558,1.33561,108
1789672980,2026-09-17 19:23:00+00:00,1.3356,1.33561,1.33554,1.33556,174
1789673040,2026-09-17 19:24:00+00:00,1.33556,1.33566,1.33555,1.33558,166
1789673100,2026-09-17 19:25:00+00:00,1.33558,1.33571,1.33558,1.33569,221
1789673160,2026-09-17 19:26:00+00:00,1.33569,1.33575,1.33565,1.33566,156
1789673220,2026-09-17 19:27:00+00:00,1.33566,1.3357,1.33558,1.33559,143
1789673280,2026-09-17 19:28:00+00:00,1.33559,1.33569,1.33559,1.33567,185
1789673340,2026-09-17 19:29:00+00:00,1.33567,1.33572,1.33565,1.33567,125
1789673400,2026-09-17 19:30:00+00:00,1.33567,1.33581,1.33566,1.33569,323
1789673460,2026-09-17 19:31:00+00:00,1.33569,1.33581,1.33569,1.33579,130
1789673520,2026-09-17 19:32:00+00:00,1.33579,1.33581,1.3357700000000001,1.33578,165
1789673580,2026-09-17 19:33:00+00:00,1.33578,1.3357999999999999,1.33576,1.33578,143
1789673640,2026-09-17 19:34:00+00:00,1.33578,1.33582,1.3357700000000001,1.3357700000000001,77
1789673700,2026-09-17 19:35:00+00:00,1.3357700000000001,1.3357999999999999,1.33574,1.3357700000000001,172
1789673760,2026-09-17 19:36:00+00:00,1.3357700000000001,1.33581,1.33575,1.33579,105
1789673820,2026-09-17 19:37:00+00:00,1.33579,1.33589,1.33579,1.3357999999999999,61
1789673880,2026-09-17 19:38:00+00:00,1.3357999999999999,1.33582,1.33579,1.3357999999999999,95
1789673940,2026-09-17 19:39:00+00:00,1.3357999999999999,1.33581,1.3357700000000001,1.3357999999999999,51
1789674000,2026-09-17 19:40:00+00:00,1.3357999999999999,1.33588,1.33579,1.33581,87
1789674060,2026-09-17 19:41:00+00:00,1.33581,1.33587,1.33578,1.3357999999999999,167
1789674120,2026-09-17 19:42:00+00:00,1.3357999999999999,1.33582,1.33576,1.33578,73
1789674180,2026-09-17 19:43:00+00:00,1.33578,1.3357999999999999,1.33576,1.3357700000000001,52
1789674240,2026-09-17 19:44:00+00:00,1.33579,1.33579,1.33572,1.33576,106
1789674300,2026-09-17 19:45:00+00:00,1.33576,1.33579,1.33572,1.33576,101
1789674360,2026-09-17 19:46:00+00:00,1.33576,1.33581,1.33575,1.33579,71
1789674420,2026-09-17 19:47:00+00:00,1.33579,1.33588,1.3357700000000001,1.33579,130
1789674480,2026-09-17 19:48:00+00:00,1.33579,1.33579,1.33576,1.33578,70
1789674540,2026-09-17 19:49:00+00:00,1.33578,1.33581,1.33576,1.3357999999999999,49
1789674600,2026-09-17 19:50:00+00:00,1.3357999999999999,1.33581,1.33575,1.3357999999999999,63
1789674660,2026-09-17 19:51:00+00:00,1.3357999999999999,1.3357999999999999,1.3357700000000001,1.3357999999999999,97
1789674720,2026-09-17 19:52:00+00:00,1.3357999999999999,1.33581,1.33578,1.33579,74
1789674780,2026-09-17 19:53:00+00:00,1.33579,1.33592,1.33578,1.33592,118
1789674840,2026-09-17 19:54:00+00:00,1.33592,1.33592,1.33588,1.33588,79
1789674900,2026-09-17 19:55:00+00:00,1.33588,1.33591,1.33579,1.3358400000000001,254
1789674960,2026-09-17 19:56:00+00:00,1.3358400000000001,1.33588,1.33578,1.3357999999999999,168
1789675020,2026-09-17 19:57:00+00:00,1.3357999999999999,1.33581,1.33576,1.33579,139
1789675080,2026-09-17 19:58:00+00:00,1.33579,1.33585,1.3357700000000001,1.33581,138
1789675140,2026-09-17 19:59:00+00:00,1.33581,1.33583,1.3357700000000001,1.33578,177
1789675200,2026-09-17 20:00:00+00:00,1.33578,1.33582,1.3357700000000001,1.3357999999999999,124
1789675260,2026-09-17 20:01:00+00:00,1.3357999999999999,1.33586,1.3357999999999999,1.3358400000000001,99
1789675320,2026-09-17 20:02:00+00:00,1.3358400000000001,1.33589,1.3357700000000001,1.3357999999999999,115
1789675380,2026-09-17 20:03:00+00:00,1.3357999999999999,1.3357999999999999,1.33569,1.33569,135
1789675440,2026-09-17 20:04:00+00:00,1.33569,1.33569,1.33562,1.33562,70
1789675500,2026-09-17 20:05:00+00:00,1.33562,1.33567,1.33557,1.33558,98
1789675560,2026-09-17 20:06:00+00:00,1.33558,1.33569,1.33558,1.33568,34
1789675620,2026-09-17 20:07:00+00:00,1.33568,1.3357,1.33567,1.33569,42
1789675680,2026-09-17 20:08:00+00:00,1.33569,1.33571,1.33561,1.33561,128
1789675740,2026-09-17 20:09:00+00:00,1.33561,1.33565,1.33558,1.33558,87
1789675800,2026-09-17 20:10:00+00:00,1.33558,1.33558,1.33541,1.33542,88
1789675860,2026-09-17 20:11:00+00:00,1.33542,1.3354300000000001,1.33537,1.33537,40
1789675920,2026-09-17 20:12:00+00:00,1.33537,1.33538,1.33529,1.3353,21
1789675980,2026-09-17 20:13:00+00:00,1.3353,1.3354,1.3353,1.33539,21
1789676040,2026-09-17 20:14:00+00:00,1.3354,1.33544,1.33539,1.33542,107
1789676100,2026-09-17 20:15:00+00:00,1.33542,1.33542,1.33538,1.33538,27
1789676160,2026-09-17 20:16:00+00:00,1.33538,1.3354,1.33537,1.33538,23
1789676220,2026-09-17 20:17:00+00:00,1.33539,1.33541,1.33538,1.3354,19
1789676280,2026-09-17 20:18:00+00:00,1.3354,1.33542,1.33538,1.3354,24
1789676340,2026-09-17 20:19:00+00:00,1.3354,1.3355000000000001,1.3354,1.33548,10
1789676400,2026-09-17 20:20:00+00:00,1.33548,1.3355000000000001,1.33547,1.33549,11
1789676460,2026-09-17 20:21:00+00:00,1.33549,1.3355000000000001,1.33548,1.3355000000000001,20
1789676520,2026-09-17 20:22:00+00:00,1.3355000000000001,1.33556,1.33538,1.33539,61
1789676580,2026-09-17 20:23:00+00:00,1.33539,1.33539,1.33537,1.33537,11
1789676640,2026-09-17 20:24:00+00:00,1.33537,1.33538,1.33537,1.33537,3
1789676700,2026-09-17 20:25:00+00:00,1.33537,1.33549,1.33537,1.33548,49
1789676760,2026-09-17 20:26:00+00:00,1.33548,1.33551,1.33547,1.3355000000000001,48
1789676820,2026-09-17 20:27:00+00:00,1.3355000000000001,1.3355299999999999,1.33549,1.3355000000000001,39
1789676880,2026-09-17 20:28:00+00:00,1.3355000000000001,1.33559,1.3355000000000001,1.33558,29
1789676940,2026-09-17 20:29:00+00:00,1.33558,1.33561,1.33554,1.33558,68
1789677000,2026-09-17 20:30:00+00:00,1.33558,1.33568,1.33558,1.3356,50
1789677060,2026-09-17 20:31:00+00:00,1.3356,1.3356,1.33558,1.33559,27
1789677120,2026-09-17 20:32:00+00:00,1.33559,1.33561,1.33558,1.33559,27
1789677180,2026-09-17 20:33:00+00:00,1.33559,1.33559,1.33556,1.33558,9
1789677240,2026-09-17 20:34:00+00:00,1.33558,1.3356,1.33557,1.33559,32
1789677300,2026-09-17 20:35:00+00:00,1.33559,1.3356,1.33556,1.33559,63
1789677360,2026-09-17 20:36:00+00:00,1.33559,1.3356,1.33557,1.33559,25
1789677420,2026-09-17 20:37:00+00:00,1.33559,1.3356,1.33557,1.33558,44
1789677480,2026-09-17 20:38:00+00:00,1.33558,1.33562,1.33558,1.33558,16
1789677540,2026-09-17 20:39:00+00:00,1.33558,1.3356,1.33557,1.33558,21
1789677600,2026-09-17 20:40:00+00:00,1.33558,1.33562,1.33558,1.33559,26
1789677660,2026-09-17 20:41:00+00:00,1.33559,1.3356,1.33555,1.33557,16
1789677720,2026-09-17 20:42:00+00:00,1.33557,1.33557,1.33549,1.3355000000000001,36
1789677780,2026-09-17 20:43:00+00:00,1.3355000000000001,1.33558,1.3355000000000001,1.33557,99
1789677840,2026-09-17 20:44:00+00:00,1.33557,1.3356,1.33554,1.33559,22
1789677900,2026-09-17 20:45:00+00:00,1.33559,1.3356,1.33556,1.33557,46
1789677960,2026-09-17 20:46:00+00:00,1.33557,1.33566,1.33557,1.33565,35
1789678020,2026-09-17 20:47:00+00:00,1.33565,1.33568,1.33564,1.33568,25
1789678080,2026-09-17 20:48:00+00:00,1.33568,1.33575,1.33566,1.3357,96
1789678140,2026-09-17 20:49:00+00:00,1.3357,1.33578,1.33566,1.33576,80
1789678200,2026-09-17 20:50:00+00:00,1.33576,1.33586,1.33576,1.3357999999999999,59
1789678260,2026-09-17 20:51:00+00:00,1.3357999999999999,1.33581,1.33579,1.33579,6
1789678320,2026-09-17 20:52:00+00:00,1.33579,1.33579,1.33576,1.33578,26
1789678380,2026-09-17 20:53:00+00:00,1.33578,1.33579,1.33578,1.33578,3
1789678440,2026-09-17 20:54:00+00:00,1.33578,1.33578,1.33569,1.3357299999999999,55
1789678500,2026-09-17 20:55:00+00:00,1.3357299999999999,1.33578,1.3357,1.33578,51
1789678560,2026-09-17 20:56:00+00:00,1.33578,1.33592,1.3357700000000001,1.33591,86
1789678620,2026-09-17 20:57:00+00:00,1.33591,1.33592,1.33578,1.3357999999999999,106
1789678680,2026-09-17 20:58:00+00:00,1.3357999999999999,1.33588,1.3357999999999999,1.33586,42
1789678740,2026-09-17 20:59:00+00:00,1.33586,1.33587,1.33567,1.33582,89
1789678800,2026-09-17 21:00:00+00:00,1.33582,1.33582,1.33499,1.33503,16
1789678860,2026-09-17 21:01:00+00:00,1.33503,1.33503,1.33502,1.33502,2
1789678920,2026-09-17 21:02:00+00:00,1.33522,1.33565,1.33522,1.3354300000000001,26
1789678980,2026-09-17 21:03:00+00:00,1.33556,1.33571,1.33554,1.33565,36
1789679040,2026-09-17 21:04:00+00:00,1.33565,1.33565,1.3354599999999999,1.33557,12
1789679100,2026-09-17 21:05:00+00:00,1.33557,1.33563,1.33544,1.33548,51
1789679160,2026-09-17 21:06:00+00:00,1.33548,1.33556,1.33544,1.33548,28
1789679220,2026-09-17 21:07:00+00:00,1.33551,1.33558,1.33548,1.33548,27
1789679280,2026-09-17 21:08:00+00:00,1.33548,1.33557,1.33548,1.33548,9
1789679340,2026-09-17 21:09:00+00:00,1.33555,1.33555,1.3353,1.3353,55
1789679400,2026-09-17 21:10:00+00:00,1.33544,1.33548,1.33527,1.33539,32
1789679460,2026-09-17 21:11:00+00:00,1.33539,1.33541,1.33535,1.33537,23
1789679520,2026-09-17 21:12:00+00:00,1.33537,1.33539,1.33534,1.33539,22
1789679580,2026-09-17 21:13:00+00:00,1.33539,1.33539,1.33537,1.33538,6
1789679640,2026-09-17 21:14:00+00:00,1.33538,1.33541,1.33538,1.33539,8
1789679700,2026-09-17 21:15:00+00:00,1.33539,1.33544,1.33537,1.33541,34
1789679760,2026-09-17 21:16:00+00:00,1.33541,1.3354300000000001,1.33539,1.3354,13
1789679820,2026-09-17 21:17:00+00:00,1.33539,1.3354,1.33537,1.33538,6
1789679880,2026-09-17 21:18:00+00:00,1.33538,1.33539,1.33537,1.33539,12
1789679940,2026-09-17 21:19:00+00:00,1.33539,1.33541,1.33538,1.3354,8
1789680000,2026-09-17 21:20:00+00:00,1.3354,1.33541,1.33536,1.33537,10
1789680060,2026-09-17 21:21:00+00:00,1.33537,1.33537,1.33533,1.33536,13
1789680120,2026-09-17 21:22:00+00:00,1.33536,1.33544,1.33528,1.33544,7
1789680180,2026-09-17 21:23:00+00:00,1.3354,1.33548,1.33527,1.33545,12
1789680240,2026-09-17 21:24:00+00:00,1.33545,1.33555,1.33544,1.33554,15
1789680300,2026-09-17 21:25:00+00:00,1.33554,1.33555,1.3355000000000001,1.33555,11
1789680360,2026-09-17 21:26:00+00:00,1.33555,1.33555,1.33551,1.33551,9
1789680420,2026-09-17 21:27:00+00:00,1.33551,1.33551,1.3355000000000001,1.33551,9
1789680480,2026-09-17 21:28:00+00:00,1.33551,1.3355299999999999,1.3355000000000001,1.3355000000000001,6
1789680540,2026-09-17 21:29:00+00:00,1.3355000000000001,1.33551,1.3354599999999999,1.3354599999999999,8
1789680600,2026-09-17 21:30:00+00:00,1.33545,1.33558,1.33545,1.33555,44
1789680660,2026-09-17 21:31:00+00:00,1.33555,1.33562,1.33547,1.33558,28
1789680720,2026-09-17 21:32:00+00:00,1.33558,1.33562,1.3355299999999999,1.3356,29
1789680780,2026-09-17 21:33:00+00:00,1.3356,1.33564,1.3356,1.33562,25
1789680840,2026-09-17 21:34:00+00:00,1.33562,1.33596,1.33562,1.33586,80
1789680900,2026-09-17 21:35:00+00:00,1.33586,1.33601,1.3357999999999999,1.33587,90
1789680960,2026-09-17 21:36:00+00:00,1.33588,1.33593,1.33582,1.33592,75
1789681020,2026-09-17 21:37:00+00:00,1.33592,1.33592,1.3358400000000001,1.33585,27
1789681080,2026-09-17 21:38:00+00:00,1.33585,1.33585,1.33583,1.3358400000000001,14
1789681140,2026-09-17 21:39:00+00:00,1.3358400000000001,1.33598,1.33583,1.33594,43
1789681200,2026-09-17 21:40:00+00:00,1.33594,1.33595,1.3358400000000001,1.33587,46
1789681260,2026-09-17 21:41:00+00:00,1.33588,1.3360699999999999,1.3357700000000001,1.33591,64
1789681320,2026-09-17 21:42:00+00:00,1.33592,1.33592,1.3357999999999999,1.3358400000000001,30
1789681380,2026-09-17 21:43:00+00:00,1.3358400000000001,1.33587,1.33583,1.3358400000000001,16
1789681440,2026-09-17 21:44:00+00:00,1.3358400000000001,1.33585,1.33578,1.3357999999999999,9
1789681500,2026-09-17 21:45:00+00:00,1.3357999999999999,1.33586,1.33579,1.3357999999999999,15
1789681560,2026-09-17 21:46:00+00:00,1.3357999999999999,1.3361,1.3357999999999999,1.33603,83
1789681620,2026-09-17 21:47:00+00:00,1.33603,1.33613,1.336,1.336,24
1789681680,2026-09-17 21:48:00+00:00,1.336,1.33608,1.33595,1.33596,39
1789681740,2026-09-17 21:49:00+00:00,1.33595,1.3361,1.33595,1.33595,21
1789681800,2026-09-17 21:50:00+00:00,1.33595,1.33598,1.33524,1.33533,40
1789681860,2026-09-17 21:51:00+00:00,1.33533,1.33561,1.33525,1.33554,86
1789681920,2026-09-17 21:52:00+00:00,1.33554,1.33557,1.33542,1.33557,18
1789681980,2026-09-17 21:53:00+00:00,1.33557,1.33582,1.33533,1.33575,117
1789682040,2026-09-17 21:54:00+00:00,1.33576,1.33579,1.33533,1.33574,94
1789682100,2026-09-17 21:55:00+00:00,1.33574,1.33578,1.33552,1.3356,74
1789682160,2026-09-17 21:56:00+00:00,1.3356,1.3357999999999999,1.3354300000000001,1.33559,36
1789682220,2026-09-17 21:57:00+00:00,1.33559,1.33594,1.33555,1.33593,121
1789682280,2026-09-17 21:58:00+00:00,1.33593,1.33593,1.33549,1.33549,81
1789682340,2026-09-17 21:59:00+00:00,1.33549,1.33557,1.33545,1.33551,47
1789682400,2026-09-17 22:00:00+00:00,1.33551,1.3359,1.33549,1.3359,139
1789682460,2026-09-17 22:01:00+00:00,1.3359,1.33602,1.33589,1.336,35
1789682520,2026-09-17 22:02:00+00:00,1.336,1.336,1.33561,1.33564,47
1789682580,2026-09-17 22:03:00+00:00,1.33564,1.33567,1.33564,1.33565,17
1789682640,2026-09-17 22:04:00+00:00,1.33565,1.33565,1.33556,1.33559,22
1789682700,2026-09-17 22:05:00+00:00,1.33559,1.33571,1.33558,1.33567,25
1789682760,2026-09-17 22:06:00+00:00,1.33567,1.33568,1.33552,1.33567,38
1789682820,2026-09-17 22:07:00+00:00,1.33567,1.33567,1.33557,1.33557,50
1789682880,2026-09-17 22:08:00+00:00,1.33557,1.33558,1.33555,1.33556,9
1789682940,2026-09-17 22:09:00+00:00,1.33559,1.33575,1.33556,1.33571,62
1789683000,2026-09-17 22:10:00+00:00,1.33571,1.33575,1.33569,1.33572,77
1789683060,2026-09-17 22:11:00+00:00,1.33572,1.33594,1.33572,1.33589,55
1789683120,2026-09-17 22:12:00+00:00,1.33589,1.33601,1.33589,1.33592,34
1789683180,2026-09-17 22:13:00+00:00,1.33592,1.33592,1.33589,1.3359,38
1789683240,2026-09-17 22:14:00+00:00,1.3359,1.33591,1.33588,1.3359,96
1789683300,2026-09-17 22:15:00+00:00,1.33589,1.33592,1.33589,1.33591,38
1789683360,2026-09-17 22:16:00+00:00,1.33591,1.33591,1.3359,1.3359,6
1789683420,2026-09-17 22:17:00+00:00,1.3359,1.33592,1.33589,1.33591,15
1789683480,2026-09-17 22:18:00+00:00,1.33591,1.33591,1.33589,1.3359,6
1789683540,2026-09-17 22:19:00+00:00,1.3359,1.33591,1.33588,1.33589,26
1789683600,2026-09-17 22:20:00+00:00,1.33589,1.33591,1.33589,1.3359,19
1789683660,2026-09-17 22:21:00+00:00,1.3359,1.33592,1.33587,1.3359,38
1789683720,2026-09-17 22:22:00+00:00,1.3359,1.33591,1.3357999999999999,1.33582,60
1789683780,2026-09-17 22:23:00+00:00,1.33582,1.33583,1.3357999999999999,1.33581,24
1789683840,2026-09-17 22:24:00+00:00,1.33581,1.33588,1.3357999999999999,1.33583,91
1789683900,2026-09-17 22:25:00+00:00,1.33583,1.33583,1.33581,1.33581,13
1789683960,2026-09-17 22:26:00+00:00,1.33581,1.33582,1.33579,1.3357999999999999,19
1789684020,2026-09-17 22:27:00+00:00,1.3357999999999999,1.33581,1.33578,1.33581,8
1789684080,2026-09-17 22:28:00+00:00,1.33581,1.3359,1.33581,1.3359,33
1789684140,2026-09-17 22:29:00+00:00,1.3359,1.33592,1.33588,1.33591,28
1789684200,2026-09-17 22:30:00+00:00,1.33591,1.33592,1.33588,1.33588,29
1789684260,2026-09-17 22:31:00+00:00,1.33588,1.33591,1.33588,1.3359,30
1789684320,2026-09-17 22:32:00+00:00,1.3359,1.33591,1.3359,1.33591,18
1789684380,2026-09-17 22:33:00+00:00,1.33591,1.33599,1.3359,1.33597,57
1789684440,2026-09-17 22:34:00+00:00,1.33597,1.336,1.33593,1.33597,78
1789684500,2026-09-17 22:35:00+00:00,1.33597,1.33599,1.33597,1.33597,15
1789684560,2026-09-17 22:36:00+00:00,1.33597,1.33599,1.33596,1.33597,22
1789684620,2026-09-17 22:37:00+00:00,1.33596,1.33599,1.33594,1.33596,26
1789684680,2026-09-17 22:38:00+00:00,1.33596,1.33598,1.33593,1.33595,21
1789684740,2026-09-17 22:39:00+00:00,1.33595,1.33598,1.33595,1.33597,28
1789684800,2026-09-17 22:40:00+00:00,1.33597,1.33597,1.33595,1.33597,45
1789684860,2026-09-17 22:41:00+00:00,1.33597,1.336,1.33594,1.336,61
1789684920,2026-09-17 22:42:00+00:00,1.33599,1.336,1.33598,1.33598,24
1789684980,2026-09-17 22:43:00+00:00,1.33599,1.336,1.33598,1.33598,6
1789685040,2026-09-17 22:44:00+00:00,1.33598,1.33598,1.33598,1.33598,1
1789685100,2026-09-17 22:45:00+00:00,1.33597,1.33599,1.33594,1.33597,29
1789685160,2026-09-17 22:46:00+00:00,1.33597,1.33597,1.33588,1.33589,14
1789685220,2026-09-17 22:47:00+00:00,1.33589,1.33591,1.33589,1.3359,4
1789685280,2026-09-17 22:48:00+00:00,1.33591,1.33591,1.3359,1.33591,11
1789685340,2026-09-17 22:49:00+00:00,1.33591,1.33591,1.33588,1.3359,30
1789685400,2026-09-17 22:50:00+00:00,1.3359,1.33595,1.3359,1.33592,35
1789685460,2026-09-17 22:51:00+00:00,1.33591,1.33591,1.33589,1.3359,12
1789685520,2026-09-17 22:52:00+00:00,1.3359,1.33596,1.3359,1.33591,30
1789685580,2026-09-17 22:53:00+00:00,1.33591,1.33592,1.33591,1.33591,3
1789685640,2026-09-17 22:54:00+00:00,1.33591,1.33591,1.33588,1.33588,22
1789685700,2026-09-17 22:55:00+00:00,1.33588,1.3359,1.33587,1.33588,23
1789685760,2026-09-17 22:56:00+00:00,1.33588,1.33592,1.33587,1.33591,34
1789685820,2026-09-17 22:57:00+00:00,1.33591,1.33592,1.3359,1.33591,11
1789685880,2026-09-17 22:58:00+00:00,1.33591,1.33592,1.33591,1.33591,11
1789685940,2026-09-17 22:59:00+00:00,1.33591,1.33596,1.33589,1.33589,18
1789686000,2026-09-17 23:00:00+00:00,1.33589,1.33593,1.33589,1.33591,20
1789686060,2026-09-17 23:01:00+00:00,1.33591,1.33591,1.33587,1.33589,15
1789686120,2026-09-17 23:02:00+00:00,1.33589,1.3359,1.33587,1.33589,23
1789686180,2026-09-17 23:03:00+00:00,1.33589,1.33593,1.33589,1.33592,24
1789686240,2026-09-17 23:04:00+00:00,1.33592,1.33592,1.33589,1.3359,39
1789686300,2026-09-17 23:05:00+00:00,1.3359,1.33591,1.33589,1.3359,19
1789686360,2026-09-17 23:06:00+00:00,1.3359,1.3359,1.33588,1.33589,34
1789686420,2026-09-17 23:07:00+00:00,1.33589,1.33591,1.33589,1.33589,13
1789686480,2026-09-17 23:08:00+00:00,1.33589,1.33591,1.33589,1.33589,52
1789686540,2026-09-17 23:09:00+00:00,1.33589,1.33598,1.33589,1.33597,31
1789686600,2026-09-17 23:10:00+00:00,1.33597,1.33598,1.33596,1.33596,4
1789686660,2026-09-17 23:11:00+00:00,1.33596,1.33598,1.33595,1.33597,8
1789686720,2026-09-17 23:12:00+00:00,1.33597,1.33598,1.33595,1.33596,23
1789686780,2026-09-17 23:13:00+00:00,1.33596,1.33596,1.33595,1.33595,16
1789686840,2026-09-17 23:14:00+00:00,1.33595,1.33599,1.33595,1.33596,16
1789686900,2026-09-17 23:15:00+00:00,1.33596,1.33597,1.33593,1.33594,24
1789686960,2026-09-17 23:16:00+00:00,1.33594,1.33595,1.33588,1.33589,36
1789687020,2026-09-17 23:17:00+00:00,1.33589,1.33589,1.33586,1.33587,35
1789687080,2026-09-17 23:18:00+00:00,1.33587,1.33589,1.33586,1.33589,41
1789687140,2026-09-17 23:19:00+00:00,1.33589,1.33589,1.33586,1.33588,18
1789687200,2026-09-17 23:20:00+00:00,1.33588,1.33589,1.33587,1.33587,29
1789687260,2026-09-17 23:21:00+00:00,1.33588,1.3359,1.33587,1.3359,19
1789687320,2026-09-17 23:22:00+00:00,1.3359,1.33597,1.33589,1.33592,44
1789687380,2026-09-17 23:23:00+00:00,1.33592,1.33598,1.33591,1.33595,24
1789687440,2026-09-17 23:24:00+00:00,1.33595,1.33599,1.33595,1.33597,78
1789687500,2026-09-17 23:25:00+00:00,1.33597,1.33598,1.33588,1.33589,32
1789687560,2026-09-17 23:26:00+00:00,1.33589,1.3359,1.33586,1.33589,11
1789687620,2026-09-17 23:27:00+00:00,1.33589,1.33591,1.33586,1.33589,21
1789687680,2026-09-17 23:28:00+00:00,1.33589,1.33591,1.33589,1.33589,11
1789687740,2026-09-17 23:29:00+00:00,1.33589,1.33591,1.33587,1.33589,25
1789687800,2026-09-17 23:30:00+00:00,1.33589,1.33591,1.33588,1.33589,16
1789687860,2026-09-17 23:31:00+00:00,1.33589,1.33589,1.33586,1.33588,13
1789687920,2026-09-17 23:32:00+00:00,1.33588,1.33588,1.33578,1.33579,30
1789687980,2026-09-17 23:33:00+00:00,1.33579,1.33581,1.33568,1.33579,100
1789688040,2026-09-17 23:34:00+00:00,1.33579,1.33582,1.33578,1.3357999999999999,66
1789688100,2026-09-17 23:35:00+00:00,1.33579,1.33586,1.33579,1.3357999999999999,79
1789688160,2026-09-17 23:36:00+00:00,1.3357999999999999,1.33581,1.33578,1.33581,100
1789688220,2026-09-17 23:37:00+00:00,1.33581,1.3359,1.33579,1.33587,113
1789688280,2026-09-17 23:38:00+00:00,1.33587,1.33593,1.3357999999999999,1.33592,159
1789688340,2026-09-17 23:39:00+00:00,1.33592,1.33601,1.33591,1.33599,54
1789688400,2026-09-17 23:40:00+00:00,1.33599,1.33599,1.33589,1.33591,34
1789688460,2026-09-17 23:41:00+00:00,1.33591,1.33591,1.33587,1.33588,22
1789688520,2026-09-17 23:42:00+00:00,1.33588,1.33589,1.33581,1.33588,40
1789688580,2026-09-17 23:43:00+00:00,1.33588,1.33588,1.3358400000000001,1.33586,49
1789688640,2026-09-17 23:44:00+00:00,1.33586,1.33589,1.33576,1.3357700000000001,113
1789688700,2026-09-17 23:45:00+00:00,1.3357700000000001,1.33585,1.33576,1.3357700000000001,185
1789688760,2026-09-17 23:46:00+00:00,1.3357700000000001,1.33587,1.3357700000000001,1.33581,103
1789688820,2026-09-17 23:47:00+00:00,1.33581,1.33592,1.33579,1.3359,104
1789688880,2026-09-17 23:48:00+00:00,1.3359,1.33591,1.33587,1.33589,87
1789688940,2026-09-17 23:49:00+00:00,1.33589,1.33589,1.3357700000000001,1.33579,252
1789689000,2026-09-17 23:50:00+00:00,1.33579,1.33579,1.3357700000000001,1.33579,106
1789689060,2026-09-17 23:51:00+00:00,1.33578,1.33581,1.3357700000000001,1.33578,86
1789689120,2026-09-17 23:52:00+00:00,1.33578,1.33579,1.33567,1.33571,140
1789689180,2026-09-17 23:53:00+00:00,1.33571,1.3357700000000001,1.33566,1.33575,166
1789689240,2026-09-17 23:54:00+00:00,1.33575,1.33586,1.33575,1.33581,208
1789689300,2026-09-17 23:55:00+00:00,1.33581,1.33582,1.33569,1.33575,138
1789689360,2026-09-17 23:56:00+00:00,1.33575,1.3357999999999999,1.33572,1.33574,222
1789689420,2026-09-17 23:57:00+00:00,1.33574,1.33575,1.33563,1.33564,131
1789689480,2026-09-17 23:58:00+00:00,1.33564,1.33565,1.33557,1.33558,88
1789689540,2026-09-17 23:59:00+00:00,1.33558,1.33562,1.33556,1.33561,122
1789689600,2026-09-18 00:00:00+00:00,1.33561,1.33561,1.33551,1.33559,309
1789689660,2026-09-18 00:01:00+00:00,1.33559,1.33579,1.33556,1.33578,300
1789689720,2026-09-18 00:02:00+00:00,1.33578,1.33588,1.33576,1.3358400000000001,244
1789689780,2026-09-18 00:03:00+00:00,1.3358400000000001,1.33585,1.33571,1.33574,171
1789689840,2026-09-18 00:04:00+00:00,1.3357299999999999,1.33586,1.3357299999999999,1.33585,493
1789689900,2026-09-18 00:05:00+00:00,1.33585,1.33591,1.3357999999999999,1.33585,166
1789689960,2026-09-18 00:06:00+00:00,1.33585,1.33595,1.3357999999999999,1.3359,153
1789690020,2026-09-18 00:07:00+00:00,1.3359,1.33598,1.33587,1.33598,173
1789690080,2026-09-18 00:08:00+00:00,1.33598,1.33608,1.33596,1.33602,186
1789690140,2026-09-18 00:09:00+00:00,1.33602,1.33612,1.33599,1.33612,128
1789690200,2026-09-18 00:10:00+00:00,1.33612,1.33612,1.33597,1.33601,238
1789690260,2026-09-18 00:11:00+00:00,1.33601,1.33609,1.33598,1.33608,196
1789690320,2026-09-18 00:12:00+00:00,1.33608,1.33612,1.33601,1.33609,199
1789690380,2026-09-18 00:13:00+00:00,1.33609,1.33612,1.33606,1.33609,117
1789690440,2026-09-18 00:14:00+00:00,1.33609,1.3361,1.33599,1.3360699999999999,172
1789690500,2026-09-18 00:15:00+00:00,1.3360699999999999,1.33609,1.33598,1.3360699999999999,226
1789690560,2026-09-18 00:16:00+00:00,1.3360699999999999,1.33612,1.33606,1.33608,154
1789690620,2026-09-18 00:17:00+00:00,1.33608,1.33612,1.33605,1.33608,88
1789690680,2026-09-18 00:18:00+00:00,1.33608,1.3361399999999999,1.33608,1.33609,72
1789690740,2026-09-18 00:19:00+00:00,1.33609,1.33612,1.33609,1.33612,80
1789690800,2026-09-18 00:20:00+00:00,1.33612,1.33616,1.3361,1.33613,103
1789690860,2026-09-18 00:21:00+00:00,1.33613,1.33613,1.336,1.33602,105
1789690920,2026-09-18 00:22:00+00:00,1.33602,1.33603,1.33597,1.33603,123
1789690980,2026-09-18 00:23:00+00:00,1.33603,1.33613,1.33602,1.33609,124
1789691040,2026-09-18 00:24:00+00:00,1.3361,1.33613,1.33609,1.33609,48
1789691100,2026-09-18 00:25:00+00:00,1.33609,1.3361,1.3359,1.33592,207
1789691160,2026-09-18 00:26:00+00:00,1.33592,1.336,1.33592,1.33597,144
1789691220,2026-09-18 00:27:00+00:00,1.33597,1.336,1.33595,1.33596,181
1789691280,2026-09-18 00:28:00+00:00,1.33596,1.33597,1.33585,1.33589,201
1789691340,2026-09-18 00:29:00+00:00,1.33589,1.33591,1.33585,1.3359,128
1789691400,2026-09-18 00:30:00+00:00,1.3359,1.33594,1.33587,1.33587,162
1789691460,2026-09-18 00:31:00+00:00,1.33587,1.33598,1.33586,1.33592,155
1789691520,2026-09-18 00:32:00+00:00,1.33592,1.33593,1.33587,1.33589,88
1789691580,2026-09-18 00:33:00+00:00,1.33589,1.33593,1.33587,1.33588,68
1789691640,2026-09-18 00:34:00+00:00,1.33588,1.33591,1.33587,1.33588,191
1789691700,2026-09-18 00:35:00+00:00,1.33589,1.33597,1.33587,1.33588,145
1789691760,2026-09-18 00:36:00+00:00,1.33588,1.33591,1.33578,1.33581,114
1789691820,2026-09-18 00:37:00+00:00,1.33581,1.33582,1.33579,1.3357999999999999,37
1789691880,2026-09-18 00:38:00+00:00,1.3357999999999999,1.33585,1.3357700000000001,1.33581,201
1789691940,2026-09-18 00:39:00+00:00,1.33581,1.33588,1.33579,1.33581,169
1789692000,2026-09-18 00:40:00+00:00,1.33581,1.33588,1.33579,1.3357999999999999,162
1789692060,2026-09-18 00:41:00+00:00,1.3357999999999999,1.33582,1.33568,1.3357,172
1789692120,2026-09-18 00:42:00+00:00,1.3357,1.33571,1.33567,1.33569,150
1789692180,2026-09-18 00:43:00+00:00,1.33569,1.33581,1.33568,1.33579,226
1789692240,2026-09-18 00:44:00+00:00,1.33579,1.33583,1.3357700000000001,1.33581,119
1789692300,2026-09-18 00:45:00+00:00,1.33581,1.33587,1.33579,1.33581,170
1789692360,2026-09-18 00:46:00+00:00,1.33581,1.33581,1.33568,1.33578,147
1789692420,2026-09-18 00:47:00+00:00,1.33578,1.33583,1.33578,1.33578,106
1789692480,2026-09-18 00:48:00+00:00,1.33578,1.3358400000000001,1.33578,1.33582,118
1789692540,2026-09-18 00:49:00+00:00,1.33582,1.3359,1.33582,1.33589,60
1789692600,2026-09-18 00:50:00+00:00,1.33589,1.33592,1.3357999999999999,1.33591,114
1789692660,2026-09-18 00:51:00+00:00,1.33591,1.336,1.33589,1.3359,171
1789692720,2026-09-18 00:52:00+00:00,1.3359,1.336,1.33589,1.336,140
1789692780,2026-09-18 00:53:00+00:00,1.336,1.33602,1.33594,1.33595,256
1789692840,2026-09-18 00:54:00+00:00,1.33595,1.33609,1.33595,1.33602,299
1789692900,2026-09-18 00:55:00+00:00,1.33602,1.33613,1.33599,1.3361,323
1789692960,2026-09-18 00:56:00+00:00,1.3361,1.33622,1.33609,1.33621,204
1789693020,2026-09-18 00:57:00+00:00,1.33621,1.33622,1.33612,1.33618,212
1789693080,2026-09-18 00:58:00+00:00,1.33618,1.33619,1.33606,1.3360699999999999,346
1789693140,2026-09-18 00:59:00+00:00,1.3360699999999999,1.33612,1.33601,1.33612,259
1789693200,2026-09-18 01:00:00+00:00,1.33612,1.33622,1.3361100000000001,1.3362,437
1789693260,2026-09-18 01:01:00+00:00,1.3362,1.33637,1.33619,1.33625,374
1789693320,2026-09-18 01:02:00+00:00,1.33625,1.33632,1.33625,1.33628,318
1789693380,2026-09-18 01:03:00+00:00,1.33628,1.33629,1.33616,1.33617,182
1789693440,2026-09-18 01:04:00+00:00,1.33617,1.33627,1.3361399999999999,1.33615,258
1789693500,2026-09-18 01:05:00+00:00,1.33615,1.3362,1.33608,1.3361,124
1789693560,2026-09-18 01:06:00+00:00,1.3361,1.3361100000000001,1.33598,1.33606,250
1789693620,2026-09-18 01:07:00+00:00,1.33606,1.33612,1.3360400000000001,1.33608,213
1789693680,2026-09-18 01:08:00+00:00,1.33608,1.3361100000000001,1.33597,1.33598,189
1789693740,2026-09-18 01:09:00+00:00,1.33598,1.33598,1.33585,1.33588,231
1789693800,2026-09-18 01:10:00+00:00,1.33588,1.33591,1.33583,1.33588,228
1789693860,2026-09-18 01:11:00+00:00,1.33588,1.33592,1.33587,1.33591,182
1789693920,2026-09-18 01:12:00+00:00,1.33591,1.33591,1.33579,1.3358400000000001,238
1789693980,2026-09-18 01:13:00+00:00,1.33585,1.3359,1.33581,1.33585,335
1789694040,2026-09-18 01:14:00+00:00,1.33585,1.33591,1.33578,1.33581,302
1789694100,2026-09-18 01:15:00+00:00,1.33581,1.33591,1.33578,1.33583,273
1789694160,2026-09-18 01:16:00+00:00,1.33583,1.33591,1.33578,1.3357999999999999,278
1789694220,2026-09-18 01:17:00+00:00,1.3357999999999999,1.33591,1.33579,1.33589,295
1789694280,2026-09-18 01:18:00+00:00,1.33589,1.33593,1.33585,1.33588,180
1789694340,2026-09-18 01:19:00+00:00,1.33588,1.3359,1.33578,1.33578,319
1789694400,2026-09-18 01:20:00+00:00,1.33578,1.33588,1.33575,1.33585,257
1789694460,2026-09-18 01:21:00+00:00,1.33585,1.33602,1.33581,1.33602,283
1789694520,2026-09-18 01:22:00+00:00,1.33602,1.33602,1.33592,1.33596,246
1789694580,2026-09-18 01:23:00+00:00,1.33596,1.33598,1.33592,1.33595,283
1789694640,2026-09-18 01:24:00+00:00,1.33595,1.3360699999999999,1.33591,1.33603,361
1789694700,2026-09-18 01:25:00+00:00,1.33603,1.33605,1.33595,1.33598,214
1789694760,2026-09-18 01:26:00+00:00,1.33598,1.33601,1.33594,1.33595,224
1789694820,2026-09-18 01:27:00+00:00,1.33594,1.33596,1.33588,1.33589,193
1789694880,2026-09-18 01:28:00+00:00,1.33589,1.33592,1.33585,1.33585,190
1789694940,2026-09-18 01:29:00+00:00,1.33585,1.33587,1.3357999999999999,1.33583,217
1789695000,2026-09-18 01:30:00+00:00,1.33583,1.33589,1.3357700000000001,1.33589,282
1789695060,2026-09-18 01:31:00+00:00,1.33589,1.33589,1.3357,1.33571,154
1789695120,2026-09-18 01:32:00+00:00,1.33571,1.33574,1.3356,1.33568,308
1789695180,2026-09-18 01:33:00+00:00,1.33568,1.33568,1.33561,1.33565,273
1789695240,2026-09-18 01:34:00+00:00,1.33565,1.3357999999999999,1.33565,1.33578,276
1789695300,2026-09-18 01:35:00+00:00,1.33578,1.33589,1.3357700000000001,1.33587,221
1789695360,2026-09-18 01:36:00+00:00,1.33587,1.33592,1.33586,1.33587,206
1789695420,2026-09-18 01:37:00+00:00,1.33587,1.33588,1.3358400000000001,1.33586,116
1789695480,2026-09-18 01:38:00+00:00,1.33586,1.33586,1.3357700000000001,1.33578,223
1789695540,2026-09-18 01:39:00+00:00,1.33578,1.33581,1.33566,1.33566,238
1789695600,2026-09-18 01:40:00+00:00,1.33566,1.33572,1.33566,1.3357,114
1789695660,2026-09-18 01:41:00+00:00,1.3357,1.33581,1.3357,1.3357999999999999,151
1789695720,2026-09-18 01:42:00+00:00,1.3357999999999999,1.33588,1.33578,1.33579,243
1789695780,2026-09-18 01:43:00+00:00,1.33579,1.33594,1.33578,1.33593,148
1789695840,2026-09-18 01:44:00+00:00,1.33593,1.33594,1.33581,1.33581,279
1789695900,2026-09-18 01:45:00+00:00,1.33581,1.33587,1.3357999999999999,1.33586,297
1789695960,2026-09-18 01:46:00+00:00,1.33586,1.33587,1.33571,1.33579,194
1789696020,2026-09-18 01:47:00+00:00,1.33579,1.33592,1.33578,1.33591,108
1789696080,2026-09-18 01:48:00+00:00,1.33591,1.33596,1.33587,1.33587,224
1789696140,2026-09-18 01:49:00+00:00,1.33587,1.33596,1.33587,1.33588,276
1789696200,2026-09-18 01:50:00+00:00,1.33588,1.33588,1.33576,1.3357700000000001,210
1789696260,2026-09-18 01:51:00+00:00,1.3357700000000001,1.33595,1.3357700000000001,1.33591,240
1789696320,2026-09-18 01:52:00+00:00,1.33591,1.33597,1.33588,1.33595,234
1789696380,2026-09-18 01:53:00+00:00,1.33595,1.336,1.33595,1.33597,159
1789696440,2026-09-18 01:54:00+00:00,1.33597,1.33599,1.33594,1.33597,106
1789696500,2026-09-18 01:55:00+00:00,1.33597,1.33597,1.33591,1.33595,142
1789696560,2026-09-18 01:56:00+00:00,1.33595,1.33616,1.33595,1.3361399999999999,159
1789696620,2026-09-18 01:57:00+00:00,1.3361399999999999,1.33619,1.33612,1.33618,119
1789696680,2026-09-18 01:58:00+00:00,1.33618,1.33627,1.33617,1.33627,165
1789696740,2026-09-18 01:59:00+00:00,1.33627,1.33628,1.33625,1.33626,185
1789696800,2026-09-18 02:00:00+00:00,1.33626,1.33627,1.33617,1.33617,155
1789696860,2026-09-18 02:01:00+00:00,1.33617,1.33622,1.33612,1.33613,153
1789696920,2026-09-18 02:02:00+00:00,1.33613,1.33613,1.33606,1.33612,97
1789696980,2026-09-18 02:03:00+00:00,1.33613,1.33613,1.3360699999999999,1.3360699999999999,112
1789697040,2026-09-18 02:04:00+00:00,1.3360699999999999,1.33609,1.3360699999999999,1.33608,110
1789697100,2026-09-18 02:05:00+00:00,1.3360699999999999,1.33613,1.3360699999999999,1.3361100000000001,99
1789697160,2026-09-18 02:06:00+00:00,1.3361100000000001,1.33612,1.33602,1.3360699999999999,125
1789697220,2026-09-18 02:07:00+00:00,1.3360699999999999,1.33612,1.33606,1.3360699999999999,73
1789697280,2026-09-18 02:08:00+00:00,1.3360699999999999,1.33609,1.33605,1.3360699999999999,50
1789697340,2026-09-18 02:09:00+00:00,1.3360699999999999,1.3360699999999999,1.33593,1.33593,72
1789697400,2026-09-18 02:10:00+00:00,1.33593,1.33594,1.33586,1.3359,150
1789697460,2026-09-18 02:11:00+00:00,1.3359,1.33593,1.33586,1.33588,98
1789697520,2026-09-18 02:12:00+00:00,1.33588,1.33595,1.33582,1.33591,176
1789697580,2026-09-18 02:13:00+00:00,1.33591,1.33599,1.33588,1.33598,123
1789697640,2026-09-18 02:14:00+00:00,1.33598,1.33598,1.33591,1.33593,138
1789697700,2026-09-18 02:15:00+00:00,1.33593,1.33594,1.33579,1.33585,152
1789697760,2026-09-18 02:16:00+00:00,1.33585,1.33587,1.33585,1.33586,66
1789697820,2026-09-18 02:17:00+00:00,1.33586,1.33587,1.33576,1.3357700000000001,106
1789697880,2026-09-18 02:18:00+00:00,1.3357700000000001,1.33581,1.3357700000000001,1.33578,91
1789697940,2026-09-18 02:19:00+00:00,1.33578,1.33587,1.3357700000000001,1.33586,149
1789698000,2026-09-18 02:20:00+00:00,1.33586,1.33597,1.33585,1.33588,197
1789698060,2026-09-18 02:21:00+00:00,1.33588,1.33597,1.33587,1.33591,136
1789698120,2026-09-18 02:22:00+00:00,1.3359,1.33591,1.33586,1.33588,127
1789698180,2026-09-18 02:23:00+00:00,1.33587,1.3359,1.33586,1.33587,69
1789698240,2026-09-18 02:24:00+00:00,1.33587,1.33597,1.33586,1.33595,63
1789698300,2026-09-18 02:25:00+00:00,1.33595,1.33597,1.33587,1.33588,127
1789698360,2026-09-18 02:26:00+00:00,1.33588,1.33591,1.33586,1.33586,88
1789698420,2026-09-18 02:27:00+00:00,1.33586,1.33594,1.33586,1.33592,120
1789698480,2026-09-18 02:28:00+00:00,1.33592,1.33594,1.33583,1.33588,167
1789698540,2026-09-18 02:29:00+00:00,1.33588,1.33598,1.33586,1.33597,172
1789698600,2026-09-18 02:30:00+00:00,1.33597,1.33605,1.33595,1.336,144
1789698660,2026-09-18 02:31:00+00:00,1.336,1.33602,1.33595,1.33598,161
1789698720,2026-09-18 02:32:00+00:00,1.33598,1.33599,1.33596,1.33597,108
1789698780,2026-09-18 02:33:00+00:00,1.33598,1.33599,1.33588,1.33592,145
1789698840,2026-09-18 02:34:00+00:00,1.33592,1.33592,1.33586,1.3359,127
1789698900,2026-09-18 02:35:00+00:00,1.3359,1.33599,1.33587,1.33589,195
1789698960,2026-09-18 02:36:00+00:00,1.33589,1.33595,1.33587,1.33589,128
1789699020,2026-09-18 02:37:00+00:00,1.33589,1.33592,1.33579,1.33586,239
1789699080,2026-09-18 02:38:00+00:00,1.33586,1.33587,1.33579,1.33583,293
1789699140,2026-09-18 02:39:00+00:00,1.33583,1.3359,1.33581,1.33589,173
1789699200,2026-09-18 02:40:00+00:00,1.33589,1.33591,1.33588,1.3359,107
1789699260,2026-09-18 02:41:00+00:00,1.3359,1.33594,1.33588,1.33588,80
1789699320,2026-09-18 02:42:00+00:00,1.33588,1.33591,1.33586,1.33589,136
1789699380,2026-09-18 02:43:00+00:00,1.33589,1.3359,1.33583,1.33585,224
1789699440,2026-09-18 02:44:00+00:00,1.33585,1.3359,1.33572,1.33575,217
1789699500,2026-09-18 02:45:00+00:00,1.33575,1.33605,1.33575,1.33599,198
1789699560,2026-09-18 02:46:00+00:00,1.33599,1.33603,1.33597,1.33598,140
1789699620,2026-09-18 02:47:00+00:00,1.33598,1.33598,1.33593,1.33595,82
1789699680,2026-09-18 02:48:00+00:00,1.33595,1.33601,1.33594,1.336,74
1789699740,2026-09-18 02:49:00+00:00,1.336,1.33609,1.33597,1.33598,149
1789699800,2026-09-18 02:50:00+00:00,1.33598,1.33603,1.33597,1.33599,107
1789699860,2026-09-18 02:51:00+00:00,1.33599,1.33601,1.33591,1.33593,181
1789699920,2026-09-18 02:52:00+00:00,1.33593,1.33601,1.33591,1.336,116
1789699980,2026-09-18 02:53:00+00:00,1.336,1.33602,1.33598,1.33599,85
1789700040,2026-09-18 02:54:00+00:00,1.33599,1.33606,1.33572,1.33572,467
1789700100,2026-09-18 02:55:00+00:00,1.33572,1.33586,1.33571,1.33579,410
1789700160,2026-09-18 02:56:00+00:00,1.33578,1.33599,1.3357700000000001,1.33597,326
1789700220,2026-09-18 02:57:00+00:00,1.33597,1.33599,1.3359,1.33591,235
1789700280,2026-09-18 02:58:00+00:00,1.33591,1.33595,1.33586,1.33589,373
1789700340,2026-09-18 02:59:00+00:00,1.33588,1.33609,1.33588,1.33609,286
1789700400,2026-09-18 03:00:00+00:00,1.33609,1.33612,1.33599,1.33599,291
1789700460,2026-09-18 03:01:00+00:00,1.336,1.33608,1.33595,1.33597,235
1789700520,2026-09-18 03:02:00+00:00,1.33598,1.3361100000000001,1.33595,1.33602,250
1789700580,2026-09-18 03:03:00+00:00,1.33602,1.3361100000000001,1.33597,1.3361,195
1789700640,2026-09-18 03:04:00+00:00,1.3361,1.33629,1.33606,1.33624,244
1789700700,2026-09-18 03:05:00+00:00,1.33624,1.33637,1.33624,1.33627,263
1789700760,2026-09-18 03:06:00+00:00,1.33627,1.3363399999999999,1.33621,1.33623,289
1789700820,2026-09-18 03:07:00+00:00,1.33623,1.33649,1.33618,1.33648,390
1789700880,2026-09-18 03:08:00+00:00,1.33648,1.33649,1.33636,1.3363800000000001,233
1789700940,2026-09-18 03:09:00+00:00,1.3363800000000001,1.33644,1.3363399999999999,1.3364099999999999,334
1789701000,2026-09-18 03:10:00+00:00,1.3364099999999999,1.33642,1.33637,1.33639,335
1789701060,2026-09-18 03:11:00+00:00,1.3364,1.33646,1.33637,1.3364,312
1789701120,2026-09-18 03:12:00+00:00,1.3364,1.33661,1.33639,1.3366,188
1789701180,2026-09-18 03:13:00+00:00,1.3366,1.33669,1.33657,1.3366799999999999,225
1789701240,2026-09-18 03:14:00+00:00,1.3366799999999999,1.3367,1.33654,1.33659,174
1789701300,2026-09-18 03:15:00+00:00,1.33659,1.33661,1.33649,1.3366,131
1789701360,2026-09-18 03:16:00+00:00,1.3366,1.3366,1.33654,1.33656,126
1789701420,2026-09-18 03:17:00+00:00,1.33656,1.33659,1.33652,1.33658,138
1789701480,2026-09-18 03:18:00+00:00,1.33658,1.33659,1.33654,1.33658,160
1789701540,2026-09-18 03:19:00+00:00,1.33658,1.33658,1.33646,1.33648,151
1789701600,2026-09-18 03:20:00+00:00,1.33648,1.33655,1.3364500000000001,1.33652,155
1789701660,2026-09-18 03:21:00+00:00,1.33652,1.33658,1.3364500000000001,1.33652,167
1789701720,2026-09-18 03:22:00+00:00,1.33653,1.3366,1.3364500000000001,1.33646,230
1789701780,2026-09-18 03:23:00+00:00,1.33646,1.33647,1.33636,1.3363800000000001,292
1789701840,2026-09-18 03:24:00+00:00,1.3363800000000001,1.33647,1.3363800000000001,1.33642,209
1789701900,2026-09-18 03:25:00+00:00,1.33642,1.3366,1.33642,1.33657,234
1789701960,2026-09-18 03:26:00+00:00,1.33657,1.33658,1.33648,1.33652,215
1789702020,2026-09-18 03:27:00+00:00,1.33652,1.33656,1.33647,1.33647,114
1789702080,2026-09-18 03:28:00+00:00,1.33647,1.33664,1.33646,1.33661,136
1789702140,2026-09-18 03:29:00+00:00,1.33661,1.33667,1.33656,1.33661,153
1789702200,2026-09-18 03:30:00+00:00,1.33661,1.33662,1.33656,1.33658,195
1789702260,2026-09-18 03:31:00+00:00,1.33658,1.33663,1.33657,1.33661,166
1789702320,2026-09-18 03:32:00+00:00,1.33661,1.33669,1.33656,1.33661,223
1789702380,2026-09-18 03:33:00+00:00,1.33662,1.33669,1.33661,1.3366799999999999,204
1789702440,2026-09-18 03:34:00+00:00,1.3366799999999999,1.33679,1.33666,1.33679,151
1789702500,2026-09-18 03:35:00+00:00,1.33679,1.33681,1.3366799999999999,1.33669,166
1789702560,2026-09-18 03:36:00+00:00,1.33669,1.3367200000000001,1.33666,1.3366799999999999,176
1789702620,2026-09-18 03:37:00+00:00,1.3366799999999999,1.3367,1.3366,1.33662,166
1789702680,2026-09-18 03:38:00+00:00,1.33662,1.33678,1.3366,1.3367499999999999,128
1789702740,2026-09-18 03:39:00+00:00,1.3367499999999999,1.3368,1.33669,1.33669,173
1789702800,2026-09-18 03:40:00+00:00,1.33669,1.3367499999999999,1.33667,1.3367,136
1789702860,2026-09-18 03:41:00+00:00,1.3367,1.3368,1.33669,1.33673,189
1789702920,2026-09-18 03:42:00+00:00,1.33673,1.33689,1.3367200000000001,1.33684,230
1789702980,2026-09-18 03:43:00+00:00,1.33682,1.33691,1.33681,1.33689,217
1789703040,2026-09-18 03:44:00+00:00,1.33689,1.3369900000000001,1.33686,1.33696,136
1789703100,2026-09-18 03:45:00+00:00,1.33697,1.33703,1.33697,1.33698,179
1789703160,2026-09-18 03:46:00+00:00,1.33698,1.3370199999999999,1.33696,1.337,145
1789703220,2026-09-18 03:47:00+00:00,1.337,1.3371,1.3369900000000001,1.33707,147
1789703280,2026-09-18 03:48:00+00:00,1.33707,1.3372,1.33707,1.33719,126
1789703340,2026-09-18 03:49:00+00:00,1.33719,1.33722,1.33716,1.33716,134
1789703400,2026-09-18 03:50:00+00:00,1.33716,1.3372,1.3371,1.33716,118
1789703460,2026-09-18 03:51:00+00:00,1.33716,1.33719,1.33708,1.3371,130
1789703520,2026-09-18 03:52:00+00:00,1.3371,1.33719,1.33708,1.33717,114
1789703580,2026-09-18 03:53:00+00:00,1.33717,1.33722,1.33715,1.33719,152
1789703640,2026-09-18 03:54:00+00:00,1.33719,1.33719,1.33709,1.33718,132
1789703700,2026-09-18 03:55:00+00:00,1.33718,1.33723,1.33716,1.33723,114
1789703760,2026-09-18 03:56:00+00:00,1.33723,1.33724,1.33718,1.33721,127
1789703820,2026-09-18 03:57:00+00:00,1.33721,1.33721,1.33716,1.33716,54
1789703880,2026-09-18 03:58:00+00:00,1.33716,1.33716,1.33709,1.33712,152
1789703940,2026-09-18 03:59:00+00:00,1.33712,1.33722,1.33712,1.33719,122
1789704000,2026-09-18 04:00:00+00:00,1.33719,1.33743,1.33716,1.33739,262
1789704060,2026-09-18 04:01:00+00:00,1.33739,1.33746,1.33737,1.33739,182
1789704120,2026-09-18 04:02:00+00:00,1.33739,1.33749,1.33738,1.33748,118
1789704180,2026-09-18 04:03:00+00:00,1.33748,1.33755,1.33747,1.33748,186
1789704240,2026-09-18 04:04:00+00:00,1.33748,1.33755,1.33746,1.33748,150
1789704300,2026-09-18 04:05:00+00:00,1.33747,1.33758,1.33747,1.33756,172
1789704360,2026-09-18 04:06:00+00:00,1.33756,1.33759,1.33751,1.33758,153
1789704420,2026-09-18 04:07:00+00:00,1.33758,1.33758,1.33747,1.33752,104
1789704480,2026-09-18 04:08:00+00:00,1.33752,1.33758,1.33749,1.33758,144
1789704540,2026-09-18 04:09:00+00:00,1.33758,1.33758,1.33743,1.33748,180
1789704600,2026-09-18 04:10:00+00:00,1.33748,1.3375,1.3373599999999999,1.33746,197
1789704660,2026-09-18 04:11:00+00:00,1.33746,1.33746,1.33737,1.33743,140
1789704720,2026-09-18 04:12:00+00:00,1.33743,1.33749,1.33742,1.33747,128
1789704780,2026-09-18 04:13:00+00:00,1.33747,1.33749,1.33737,1.33737,114
1789704840,2026-09-18 04:14:00+00:00,1.33737,1.33741,1.3373599999999999,1.33741,154
1789704900,2026-09-18 04:15:00+00:00,1.33741,1.33747,1.33737,1.33738,201
1789704960,2026-09-18 04:16:00+00:00,1.33738,1.33744,1.33735,1.33738,162
1789705020,2026-09-18 04:17:00+00:00,1.33738,1.33739,1.33735,1.33737,90
1789705080,2026-09-18 04:18:00+00:00,1.33737,1.3374,1.33734,1.33737,89
1789705140,2026-09-18 04:19:00+00:00,1.33737,1.33738,1.3373599999999999,1.3373599999999999,52
1789705200,2026-09-18 04:20:00+00:00,1.3373599999999999,1.33739,1.33724,1.33725,115
1789705260,2026-09-18 04:21:00+00:00,1.33725,1.3372600000000001,1.33716,1.33721,191
1789705320,2026-09-18 04:22:00+00:00,1.33721,1.33723,1.33717,1.3372,112
1789705380,2026-09-18 04:23:00+00:00,1.3372,1.3373,1.33718,1.33728,116
1789705440,2026-09-18 04:24:00+00:00,1.33728,1.33731,1.3372600000000001,1.3372600000000001,85
1789705500,2026-09-18 04:25:00+00:00,1.3372600000000001,1.33732,1.3372600000000001,1.33731,108
1789705560,2026-09-18 04:26:00+00:00,1.33731,1.33732,1.33723,1.33724,64
1789705620,2026-09-18 04:27:00+00:00,1.33724,1.33725,1.33716,1.33718,71
1789705680,2026-09-18 04:28:00+00:00,1.33718,1.33719,1.33712,1.33713,47
1789705740,2026-09-18 04:29:00+00:00,1.33713,1.33718,1.33712,1.33718,141
1789705800,2026-09-18 04:30:00+00:00,1.33718,1.33723,1.33715,1.33722,139
1789705860,2026-09-18 04:31:00+00:00,1.33722,1.33725,1.33718,1.33719,130
1789705920,2026-09-18 04:32:00+00:00,1.33719,1.33723,1.33717,1.33721,83
1789705980,2026-09-18 04:33:00+00:00,1.33721,1.33721,1.33715,1.33717,162
1789706040,2026-09-18 04:34:00+00:00,1.33717,1.33719,1.33714,1.33717,85
1789706100,2026-09-18 04:35:00+00:00,1.33717,1.33718,1.33707,1.33708,108
1789706160,2026-09-18 04:36:00+00:00,1.33707,1.3371,1.3370600000000001,1.33708,86
1789706220,2026-09-18 04:37:00+00:00,1.33708,1.3371,1.33705,1.33707,65
1789706280,2026-09-18 04:38:00+00:00,1.33707,1.33715,1.33705,1.33712,154
1789706340,2026-09-18 04:39:00+00:00,1.33712,1.33715,1.33708,1.33711,130
1789706400,2026-09-18 04:40:00+00:00,1.33711,1.33716,1.33709,1.33715,127
1789706460,2026-09-18 04:41:00+00:00,1.33715,1.33722,1.33715,1.33721,143
1789706520,2026-09-18 04:42:00+00:00,1.33721,1.33727,1.33717,1.33718,147
1789706580,2026-09-18 04:43:00+00:00,1.33718,1.33727,1.3371,1.33715,212
1789706640,2026-09-18 04:44:00+00:00,1.33715,1.33718,1.33713,1.33714,154
1789706700,2026-09-18 04:45:00+00:00,1.33714,1.33716,1.33705,1.33705,193
1789706760,2026-09-18 04:46:00+00:00,1.33705,1.3370600000000001,1.33696,1.33698,182
1789706820,2026-09-18 04:47:00+00:00,1.33698,1.33708,1.33696,1.3370600000000001,158
1789706880,2026-09-18 04:48:00+00:00,1.3370600000000001,1.33709,1.33704,1.33705,170
1789706940,2026-09-18 04:49:00+00:00,1.33705,1.33709,1.33704,1.33707,70
1789707000,2026-09-18 04:50:00+00:00,1.33707,1.33708,1.33704,1.33705,74
1789707060,2026-09-18 04:51:00+00:00,1.33705,1.33707,1.3369900000000001,1.3370600000000001,163
1789707120,2026-09-18 04:52:00+00:00,1.3370600000000001,1.33707,1.33704,1.3370600000000001,90
1789707180,2026-09-18 04:53:00+00:00,1.3370600000000001,1.33718,1.3370600000000001,1.33716,101
1789707240,2026-09-18 04:54:00+00:00,1.33715,1.33717,1.33704,1.33704,184
1789707300,2026-09-18 04:55:00+00:00,1.33704,1.33709,1.337,1.337,137
1789707360,2026-09-18 04:56:00+00:00,1.337,1.3371,1.337,1.33704,176
1789707420,2026-09-18 04:57:00+00:00,1.33704,1.33708,1.33703,1.33704,115
1789707480,2026-09-18 04:58:00+00:00,1.33704,1.33704,1.33695,1.33695,202
1789707540,2026-09-18 04:59:00+00:00,1.33695,1.33697,1.33689,1.3369,124
1789707600,2026-09-18 05:00:00+00:00,1.3369,1.3370600000000001,1.33688,1.33703,148
1789707660,2026-09-18 05:01:00+00:00,1.33703,1.3370600000000001,1.33696,1.33697,88
1789707720,2026-09-18 05:02:00+00:00,1.33697,1.33701,1.33686,1.33686,161
1789707780,2026-09-18 05:03:00+00:00,1.33686,1.33692,1.33684,1.33689,90
1789707840,2026-09-18 05:04:00+00:00,1.33689,1.33694,1.33687,1.33688,159
1789707900,2026-09-18 05:05:00+00:00,1.33688,1.33691,1.33685,1.33689,107
1789707960,2026-09-18 05:06:00+00:00,1.33689,1.33691,1.33685,1.33687,79
1789708020,2026-09-18 05:07:00+00:00,1.33686,1.337,1.33685,1.33697,168
1789708080,2026-09-18 05:08:00+00:00,1.33697,1.33701,1.33695,1.3369900000000001,113
1789708140,2026-09-18 05:09:00+00:00,1.3369900000000001,1.3369900000000001,1.33688,1.33689,139
1789708200,2026-09-18 05:10:00+00:00,1.33689,1.33691,1.33684,1.33685,99
1789708260,2026-09-18 05:11:00+00:00,1.33685,1.33686,1.33679,1.33679,134
1789708320,2026-09-18 05:12:00+00:00,1.33679,1.33684,1.3367499999999999,1.3368,239
1789708380,2026-09-18 05:13:00+00:00,1.3368,1.33682,1.33674,1.3367499999999999,103
1789708440,2026-09-18 05:14:00+00:00,1.3367499999999999,1.33677,1.3367,1.33674,122
1789708500,2026-09-18 05:15:00+00:00,1.33676,1.33678,1.33669,1.33674,164
1789708560,2026-09-18 05:16:00+00:00,1.33674,1.3368,1.33674,1.33677,91
1789708620,2026-09-18 05:17:00+00:00,1.33677,1.33684,1.33674,1.33674,246
1789708680,2026-09-18 05:18:00+00:00,1.33674,1.33677,1.33667,1.33667,124
1789708740,2026-09-18 05:19:00+00:00,1.33667,1.33673,1.33667,1.33669,141
1789708800,2026-09-18 05:20:00+00:00,1.3367,1.3367200000000001,1.33664,1.33666,108
1789708860,2026-09-18 05:21:00+00:00,1.33666,1.33666,1.33654,1.33656,109
1789708920,2026-09-18 05:22:00+00:00,1.33655,1.33658,1.3364500000000001,1.33646,155
1789708980,2026-09-18 05:23:00+00:00,1.33646,1.33653,1.33646,1.33647,304
1789709040,2026-09-18 05:24:00+00:00,1.33647,1.33655,1.33643,1.33655,172
1789709100,2026-09-18 05:25:00+00:00,1.33655,1.33658,1.33649,1.33656,195
1789709160,2026-09-18 05:26:00+00:00,1.33655,1.3366,1.3365,1.33655,162
1789709220,2026-09-18 05:27:00+00:00,1.33655,1.33662,1.33655,1.33657,156
1789709280,2026-09-18 05:28:00+00:00,1.33657,1.33661,1.33654,1.33656,114
1789709340,2026-09-18 05:29:00+00:00,1.33656,1.33659,1.33637,1.33639,135
1789709400,2026-09-18 05:30:00+00:00,1.33639,1.3364,1.33632,1.3363399999999999,175
1789709460,2026-09-18 05:31:00+00:00,1.3363399999999999,1.33636,1.33626,1.33628,331
1789709520,2026-09-18 05:32:00+00:00,1.33628,1.33632,1.33623,1.33625,151
1789709580,2026-09-18 05:33:00+00:00,1.33625,1.33628,1.33624,1.33624,129
1789709640,2026-09-18 05:34:00+00:00,1.33624,1.33626,1.33617,1.33619,147
1789709700,2026-09-18 05:35:00+00:00,1.33619,1.33628,1.33618,1.33626,102
1789709760,2026-09-18 05:36:00+00:00,1.33626,1.33632,1.33622,1.33631,205
1789709820,2026-09-18 05:37:00+00:00,1.33631,1.33635,1.33624,1.33626,173
1789709880,2026-09-18 05:38:00+00:00,1.33626,1.33626,1.33617,1.33619,176
1789709940,2026-09-18 05:39:00+00:00,1.33619,1.33633,1.33617,1.33629,128
1789710000,2026-09-18 05:40:00+00:00,1.33629,1.33632,1.33618,1.33626,217
1789710060,2026-09-18 05:41:00+00:00,1.33626,1.3363,1.3362,1.33624,178
1789710120,2026-09-18 05:42:00+00:00,1.33624,1.33627,1.33616,1.33619,260
1789710180,2026-09-18 05:43:00+00:00,1.33619,1.33628,1.33618,1.33625,196
1789710240,2026-09-18 05:44:00+00:00,1.33625,1.33631,1.33619,1.33627,152
1789710300,2026-09-18 05:45:00+00:00,1.33627,1.33631,1.33615,1.33616,186
1789710360,2026-09-18 05:46:00+00:00,1.33616,1.33617,1.3361399999999999,1.33615,103
1789710420,2026-09-18 05:47:00+00:00,1.33615,1.33619,1.3361399999999999,1.33617,92
1789710480,2026-09-18 05:48:00+00:00,1.33617,1.33625,1.33615,1.33624,84
1789710540,2026-09-18 05:49:00+00:00,1.33624,1.33624,1.3361399999999999,1.33615,81
1789710600,2026-09-18 05:50:00+00:00,1.33615,1.33632,1.3361399999999999,1.33631,195
1789710660,2026-09-18 05:51:00+00:00,1.33631,1.33633,1.33624,1.33624,220
1789710720,2026-09-18 05:52:00+00:00,1.33624,1.33628,1.33619,1.33622,203
1789710780,2026-09-18 05:53:00+00:00,1.33622,1.33625,1.33615,1.33618,169
1789710840,2026-09-18 05:54:00+00:00,1.33618,1.33624,1.33615,1.3362,250
1789710900,2026-09-18 05:55:00+00:00,1.3362,1.33626,1.33617,1.33624,260
1789710960,2026-09-18 05:56:00+00:00,1.33624,1.33627,1.3361399999999999,1.33615,241
1789711020,2026-09-18 05:57:00+00:00,1.33615,1.33626,1.33613,1.33625,285
1789711080,2026-09-18 05:58:00+00:00,1.33624,1.33632,1.33624,1.33626,225
1789711140,2026-09-18 05:59:00+00:00,1.33626,1.33627,1.33615,1.33616,201
1789711200,2026-09-18 06:00:00+00:00,1.33616,1.33659,1.3361100000000001,1.33647,281
1789711260,2026-09-18 06:01:00+00:00,1.33647,1.33659,1.33644,1.33656,136
1789711320,2026-09-18 06:02:00+00:00,1.33656,1.33662,1.3364500000000001,1.33659,310
1789711380,2026-09-18 06:03:00+00:00,1.33659,1.33661,1.33643,1.33643,251
1789711440,2026-09-18 06:04:00+00:00,1.33644,1.33647,1.33633,1.3363800000000001,228
1789711500,2026-09-18 06:05:00+00:00,1.3363800000000001,1.3364500000000001,1.33628,1.33636,323
1789711560,2026-09-18 06:06:00+00:00,1.33636,1.3365,1.33636,1.33649,236
1789711620,2026-09-18 06:07:00+00:00,1.33649,1.33651,1.3364500000000001,1.33646,70
1789711680,2026-09-18 06:08:00+00:00,1.33646,1.3365,1.3364500000000001,1.33647,42
1789711740,2026-09-18 06:09:00+00:00,1.33647,1.33666,1.33647,1.33659,142
1789711800,2026-09-18 06:10:00+00:00,1.33659,1.33674,1.33658,1.3367200000000001,162
1789711860,2026-09-18 06:11:00+00:00,1.3367200000000001,1.33677,1.33671,1.33671,146
1789711920,2026-09-18 06:12:00+00:00,1.33671,1.33677,1.3366500000000001,1.3367499999999999,190
1789711980,2026-09-18 06:13:00+00:00,1.3367499999999999,1.33681,1.33673,1.33678,142
1789712040,2026-09-18 06:14:00+00:00,1.33678,1.33688,1.3367499999999999,1.33678,132
1789712100,2026-09-18 06:15:00+00:00,1.33678,1.33678,1.3365,1.33654,266
1789712160,2026-09-18 06:16:00+00:00,1.33655,1.33664,1.33649,1.33657,205
1789712220,2026-09-18 06:17:00+00:00,1.33657,1.3366799999999999,1.33655,1.33666,184
1789712280,2026-09-18 06:18:00+00:00,1.33666,1.33674,1.33663,1.33669,186
1789712340,2026-09-18 06:19:00+00:00,1.3367,1.33691,1.33669,1.33687,161
1789712400,2026-09-18 06:20:00+00:00,1.33687,1.33703,1.33686,1.33694,201
1789712460,2026-09-18 06:21:00+00:00,1.33694,1.3369900000000001,1.33691,1.33697,191
1789712520,2026-09-18 06:22:00+00:00,1.33697,1.33708,1.33695,1.33707,202
1789712580,2026-09-18 06:23:00+00:00,1.33707,1.33719,1.33705,1.33708,196
1789712640,2026-09-18 06:24:00+00:00,1.33708,1.3371,1.3370600000000001,1.33707,114
1789712700,2026-09-18 06:25:00+00:00,1.33707,1.3371,1.33696,1.33698,218
1789712760,2026-09-18 06:26:00+00:00,1.33698,1.33713,1.33697,1.33712,233
1789712820,2026-09-18 06:27:00+00:00,1.33712,1.33724,1.33709,1.3372,182
1789712880,2026-09-18 06:28:00+00:00,1.3372,1.3372899999999999,1.33717,1.33719,173
1789712940,2026-09-18 06:29:00+00:00,1.33719,1.3374,1.33717,1.3372600000000001,375
1789713000,2026-09-18 06:30:00+00:00,1.3372600000000001,1.3374,1.33715,1.33725,352
1789713060,2026-09-18 06:31:00+00:00,1.33725,1.33725,1.33711,1.33718,277
1789713120,2026-09-18 06:32:00+00:00,1.33718,1.33731,1.33716,1.3372600000000001,237
1789713180,2026-09-18 06:33:00+00:00,1.3372600000000001,1.33732,1.33718,1.3372,137
1789713240,2026-09-18 06:34:00+00:00,1.3372,1.33727,1.33716,1.33717,159
1789713300,2026-09-18 06:35:00+00:00,1.33717,1.33725,1.33709,1.33716,238
1789713360,2026-09-18 06:36:00+00:00,1.33716,1.33716,1.33684,1.33688,275
1789713420,2026-09-18 06:37:00+00:00,1.33688,1.3369,1.33683,1.33685,192
1789713480,2026-09-18 06:38:00+00:00,1.33685,1.33698,1.33683,1.33698,213
1789713540,2026-09-18 06:39:00+00:00,1.33698,1.33711,1.33697,1.3371,258
1789713600,2026-09-18 06:40:00+00:00,1.3371,1.33717,1.3370199999999999,1.33714,270
1789713660,2026-09-18 06:41:00+00:00,1.33714,1.33728,1.3370199999999999,1.33714,412
1789713720,2026-09-18 06:42:00+00:00,1.33714,1.33739,1.33704,1.33737,413
1789713780,2026-09-18 06:43:00+00:00,1.33737,1.33751,1.33727,1.3374,637
1789713840,2026-09-18 06:44:00+00:00,1.3374,1.33744,1.33719,1.3372,460
1789713900,2026-09-18 06:45:00+00:00,1.3372,1.3374,1.33716,1.33728,431
1789713960,2026-09-18 06:46:00+00:00,1.33728,1.33731,1.33719,1.3372899999999999,312
1789714020,2026-09-18 06:47:00+00:00,1.3372899999999999,1.33738,1.33719,1.33732,303
1789714080,2026-09-18 06:48:00+00:00,1.33732,1.3373300000000001,1.33716,1.33718,340
1789714140,2026-09-18 06:49:00+00:00,1.33718,1.33722,1.33714,1.33715,243
1789714200,2026-09-18 06:50:00+00:00,1.33717,1.33721,1.3371,1.33713,274
1789714260,2026-09-18 06:51:00+00:00,1.33713,1.33718,1.33695,1.33709,240
1789714320,2026-09-18 06:52:00+00:00,1.3371,1.33731,1.33707,1.3373,206
1789714380,2026-09-18 06:53:00+00:00,1.33731,1.33731,1.33717,1.33718,119
1789714440,2026-09-18 06:54:00+00:00,1.33718,1.33728,1.33712,1.33716,195
1789714500,2026-09-18 06:55:00+00:00,1.33716,1.33718,1.33697,1.33716,327
1789714560,2026-09-18 06:56:00+00:00,1.33716,1.33722,1.33708,1.33719,371
1789714620,2026-09-18 06:57:00+00:00,1.33719,1.33722,1.33707,1.33709,332
1789714680,2026-09-18 06:58:00+00:00,1.33709,1.33711,1.3370199999999999,1.33704,278
1789714740,2026-09-18 06:59:00+00:00,1.33705,1.33709,1.33701,1.3370199999999999,412
1789714800,2026-09-18 07:00:00+00:00,1.3370199999999999,1.33704,1.33677,1.33686,369
1789714860,2026-09-18 07:01:00+00:00,1.33686,1.3369900000000001,1.33685,1.33685,341
1789714920,2026-09-18 07:02:00+00:00,1.33685,1.33686,1.33669,1.33679,317
1789714980,2026-09-18 07:03:00+00:00,1.3368,1.33695,1.33669,1.33695,237
1789715040,2026-09-18 07:04:00+00:00,1.33695,1.33714,1.33685,1.33711,335
1789715100,2026-09-18 07:05:00+00:00,1.33711,1.3372,1.3371,1.33715,283
1789715160,2026-09-18 07:06:00+00:00,1.33715,1.33719,1.3370600000000001,1.33713,225
1789715220,2026-09-18 07:07:00+00:00,1.33713,1.33718,1.3370600000000001,1.33714,248
1789715280,2026-09-18 07:08:00+00:00,1.33714,1.33728,1.33714,1.33717,191
1789715340,2026-09-18 07:09:00+00:00,1.33717,1.33728,1.33709,1.33724,309
1789715400,2026-09-18 07:10:00+00:00,1.33724,1.3372899999999999,1.33723,1.3372600000000001,181
1789715460,2026-09-18 07:11:00+00:00,1.3372600000000001,1.3372899999999999,1.33716,1.3372600000000001,260
1789715520,2026-09-18 07:12:00+00:00,1.3372600000000001,1.33728,1.3370600000000001,1.33707,253
1789715580,2026-09-18 07:13:00+00:00,1.33707,1.33717,1.33685,1.33688,362
1789715640,2026-09-18 07:14:00+00:00,1.33688,1.33689,1.3367,1.33677,282
1789715700,2026-09-18 07:15:00+00:00,1.33678,1.33679,1.33666,1.33673,216
1789715760,2026-09-18 07:16:00+00:00,1.33673,1.33678,1.3366799999999999,1.3367499999999999,253
1789715820,2026-09-18 07:17:00+00:00,1.3367499999999999,1.33689,1.33674,1.33685,237
1789715880,2026-09-18 07:18:00+00:00,1.33685,1.33696,1.33682,1.33682,251
1789715940,2026-09-18 07:19:00+00:00,1.33682,1.33682,1.33664,1.3366500000000001,212
1789716000,2026-09-18 07:20:00+00:00,1.3366500000000001,1.33671,1.33654,1.33657,243
1789716060,2026-09-18 07:21:00+00:00,1.33657,1.33658,1.33636,1.33637,171
1789716120,2026-09-18 07:22:00+00:00,1.33637,1.3364500000000001,1.33635,1.33637,211
1789716180,2026-09-18 07:23:00+00:00,1.33637,1.33651,1.33637,1.33644,278
1789716240,2026-09-18 07:24:00+00:00,1.33644,1.33653,1.3364099999999999,1.3364500000000001,205
1789716300,2026-09-18 07:25:00+00:00,1.3364500000000001,1.33667,1.33644,1.33667,230
1789716360,2026-09-18 07:26:00+00:00,1.33667,1.33669,1.33659,1.33664,238
1789716420,2026-09-18 07:27:00+00:00,1.33664,1.33667,1.3364500000000001,1.33646,115
1789716480,2026-09-18 07:28:00+00:00,1.33646,1.33655,1.33644,1.33653,259
1789716540,2026-09-18 07:29:00+00:00,1.33653,1.3367200000000001,1.33653,1.33669,243
1789716600,2026-09-18 07:30:00+00:00,1.3367,1.3367200000000001,1.3364500000000001,1.33663,287
1789716660,2026-09-18 07:31:00+00:00,1.33663,1.33664,1.33633,1.33633,278
1789716720,2026-09-18 07:32:00+00:00,1.33633,1.33633,1.3360699999999999,1.33612,218
1789716780,2026-09-18 07:33:00+00:00,1.33612,1.33637,1.3361100000000001,1.33635,132
1789716840,2026-09-18 07:34:00+00:00,1.33635,1.33646,1.33633,1.33644,197
1789716900,2026-09-18 07:35:00+00:00,1.33644,1.3365,1.33643,1.33643,159
1789716960,2026-09-18 07:36:00+00:00,1.33643,1.33648,1.33615,1.33615,175
1789717020,2026-09-18 07:37:00+00:00,1.33615,1.33625,1.33612,1.33624,173
1789717080,2026-09-18 07:38:00+00:00,1.33624,1.33647,1.33623,1.33646,190
1789717140,2026-09-18 07:39:00+00:00,1.33646,1.3366500000000001,1.3364500000000001,1.33658,208
1789717200,2026-09-18 07:40:00+00:00,1.33658,1.33663,1.33652,1.33653,137
1789717260,2026-09-18 07:41:00+00:00,1.33653,1.33676,1.33653,1.3367499999999999,152
1789717320,2026-09-18 07:42:00+00:00,1.3367499999999999,1.33689,1.33674,1.33676,158
1789717380,2026-09-18 07:43:00+00:00,1.33676,1.33697,1.33676,1.33689,253
1789717440,2026-09-18 07:44:00+00:00,1.33689,1.33694,1.33681,1.3369,184
1789717500,2026-09-18 07:45:00+00:00,1.33691,1.33701,1.33685,1.33688,297
1789717560,2026-09-18 07:46:00+00:00,1.33688,1.33692,1.33671,1.33674,133
1789717620,2026-09-18 07:47:00+00:00,1.33674,1.33696,1.33674,1.3369,175
1789717680,2026-09-18 07:48:00+00:00,1.3369,1.33709,1.3369,1.33694,210
1789717740,2026-09-18 07:49:00+00:00,1.33695,1.33696,1.33688,1.33695,113
1789717800,2026-09-18 07:50:00+00:00,1.33695,1.33709,1.33693,1.3370600000000001,132
1789717860,2026-09-18 07:51:00+00:00,1.3370600000000001,1.33721,1.33701,1.33701,137
1789717920,2026-09-18 07:52:00+00:00,1.33701,1.33714,1.33701,1.33704,156
1789717980,2026-09-18 07:53:00+00:00,1.33704,1.3370600000000001,1.33694,1.33695,100
1789718040,2026-09-18 07:54:00+00:00,1.33695,1.33704,1.33692,1.33692,156
1789718100,2026-09-18 07:55:00+00:00,1.33692,1.3370600000000001,1.33688,1.33703,173
1789718160,2026-09-18 07:56:00+00:00,1.33703,1.3370600000000001,1.33693,1.33693,213
1789718220,2026-09-18 07:57:00+00:00,1.33693,1.33695,1.33681,1.33683,188
1789718280,2026-09-18 07:58:00+00:00,1.33683,1.33689,1.33678,1.33686,169
1789718340,2026-09-18 07:59:00+00:00,1.33686,1.33686,1.33671,1.33673,177
1789718400,2026-09-18 08:00:00+00:00,1.33673,1.3367499999999999,1.33661,1.3367200000000001,236
1789718460,2026-09-18 08:01:00+00:00,1.3367200000000001,1.33683,1.33671,1.3367200000000001,305
1789718520,2026-09-18 08:02:00+00:00,1.3367200000000001,1.3369,1.33671,1.33685,318
1789718580,2026-09-18 08:03:00+00:00,1.33685,1.33689,1.33682,1.33685,149
1789718640,2026-09-18 08:04:00+00:00,1.33686,1.33692,1.33683,1.33691,303
1789718700,2026-09-18 08:05:00+00:00,1.33691,1.33697,1.33691,1.33693,147
1789718760,2026-09-18 08:06:00+00:00,1.33693,1.33708,1.33692,1.33698,182
1789718820,2026-09-18 08:07:00+00:00,1.33698,1.337,1.33683,1.33686,179
1789718880,2026-09-18 08:08:00+00:00,1.33686,1.33705,1.33684,1.3369,271
1789718940,2026-09-18 08:09:00+00:00,1.3369,1.33704,1.33687,1.33704,169
1789719000,2026-09-18 08:10:00+00:00,1.33704,1.33712,1.33692,1.33695,275
1789719060,2026-09-18 08:11:00+00:00,1.33695,1.33703,1.33683,1.33694,354
1789719120,2026-09-18 08:12:00+00:00,1.33694,1.33697,1.33682,1.33683,269
1789719180,2026-09-18 08:13:00+00:00,1.33683,1.3372899999999999,1.33683,1.33724,292
1789719240,2026-09-18 08:14:00+00:00,1.33724,1.33725,1.33712,1.33714,281
1789719300,2026-09-18 08:15:00+00:00,1.33714,1.33725,1.3370600000000001,1.33716,205
1789719360,2026-09-18 08:16:00+00:00,1.33716,1.33719,1.33711,1.33713,166
1789719420,2026-09-18 08:17:00+00:00,1.33713,1.33728,1.33712,1.33718,157
1789719480,2026-09-18 08:18:00+00:00,1.33718,1.33724,1.33712,1.33719,181
1789719540,2026-09-18 08:19:00+00:00,1.33719,1.3372,1.33711,1.33714,239
1789719600,2026-09-18 08:20:00+00:00,1.33714,1.3372,1.33709,1.33719,221
1789719660,2026-09-18 08:21:00+00:00,1.33719,1.33727,1.33698,1.3370600000000001,324
1789719720,2026-09-18 08:22:00+00:00,1.3370600000000001,1.33715,1.33683,1.33695,319
1789719780,2026-09-18 08:23:00+00:00,1.33695,1.33709,1.33694,1.33708,176
1789719840,2026-09-18 08:24:00+00:00,1.33708,1.3371,1.33701,1.33708,231
1789719900,2026-09-18 08:25:00+00:00,1.33708,1.33709,1.33701,1.33703,143
1789719960,2026-09-18 08:26:00+00:00,1.3370199999999999,1.3370600000000001,1.33695,1.33697,182
1789720020,2026-09-18 08:27:00+00:00,1.33697,1.3371,1.33696,1.33705,221
1789720080,2026-09-18 08:28:00+00:00,1.33705,1.33713,1.33697,1.33698,238
1789720140,2026-09-18 08:29:00+00:00,1.33698,1.33711,1.33695,1.33709,323
1789720200,2026-09-18 08:30:00+00:00,1.33709,1.33721,1.33707,1.33716,203
1789720260,2026-09-18 08:31:00+00:00,1.33716,1.33721,1.33712,1.33718,233
1789720320,2026-09-18 08:32:00+00:00,1.33718,1.33719,1.33711,1.33716,199
1789720380,2026-09-18 08:33:00+00:00,1.33716,1.3372,1.33713,1.33714,143
1789720440,2026-09-18 08:34:00+00:00,1.33714,1.33715,1.33687,1.33688,225
1789720500,2026-09-18 08:35:00+00:00,1.33688,1.33698,1.33678,1.33695,226
1789720560,2026-09-18 08:36:00+00:00,1.33695,1.33707,1.33695,1.3369900000000001,230
1789720620,2026-09-18 08:37:00+00:00,1.3369900000000001,1.33703,1.33692,1.33697,191
1789720680,2026-09-18 08:38:00+00:00,1.33697,1.33703,1.33689,1.33692,220
1789720740,2026-09-18 08:39:00+00:00,1.33692,1.3370600000000001,1.33688,1.33692,158
1789720800,2026-09-18 08:40:00+00:00,1.33692,1.33693,1.3367499999999999,1.33686,259
1789720860,2026-09-18 08:41:00+00:00,1.33686,1.33687,1.3367499999999999,1.3367499999999999,268
1789720920,2026-09-18 08:42:00+00:00,1.3367499999999999,1.3367499999999999,1.33666,1.33667,218
1789720980,2026-09-18 08:43:00+00:00,1.33667,1.3366799999999999,1.33655,1.33662,278
1789721040,2026-09-18 08:44:00+00:00,1.33662,1.33673,1.33657,1.33671,270
1789721100,2026-09-18 08:45:00+00:00,1.33671,1.33678,1.33651,1.33653,269
1789721160,2026-09-18 08:46:00+00:00,1.33654,1.3366500000000001,1.33653,1.33661,263
1789721220,2026-09-18 08:47:00+00:00,1.33661,1.33669,1.33656,1.33667,249
1789721280,2026-09-18 08:48:00+00:00,1.33667,1.33667,1.33658,1.33663,177
1789721340,2026-09-18 08:49:00+00:00,1.33663,1.3366799999999999,1.33655,1.33661,209
1789721400,2026-09-18 08:50:00+00:00,1.33661,1.33676,1.33661,1.33664,221
1789721460,2026-09-18 08:51:00+00:00,1.33664,1.33671,1.33657,1.33669,201
1789721520,2026-09-18 08:52:00+00:00,1.33669,1.33686,1.33667,1.33686,267
1789721580,2026-09-18 08:53:00+00:00,1.33686,1.33697,1.33686,1.33696,171
1789721640,2026-09-18 08:54:00+00:00,1.33696,1.3369900000000001,1.33692,1.33696,108
1789721700,2026-09-18 08:55:00+00:00,1.33696,1.33696,1.33676,1.33678,228
1789721760,2026-09-18 08:56:00+00:00,1.33678,1.33691,1.33677,1.33688,207
1789721820,2026-09-18 08:57:00+00:00,1.33688,1.33709,1.33688,1.33707,246
1789721880,2026-09-18 08:58:00+00:00,1.3370600000000001,1.33708,1.33701,1.3370199999999999,199
1789721940,2026-09-18 08:59:00+00:00,1.3370199999999999,1.33709,1.33701,1.33708,208
1789722000,2026-09-18 09:00:00+00:00,1.33708,1.33709,1.3370199999999999,1.33708,225
1789722060,2026-09-18 09:01:00+00:00,1.33708,1.33708,1.33691,1.33694,235
1789722120,2026-09-18 09:02:00+00:00,1.33694,1.3370199999999999,1.33691,1.3369900000000001,216
1789722180,2026-09-18 09:03:00+00:00,1.3369900000000001,1.33701,1.33695,1.33697,195
1789722240,2026-09-18 09:04:00+00:00,1.33697,1.33712,1.33697,1.33709,347
1789722300,2026-09-18 09:05:00+00:00,1.33709,1.33714,1.3370199999999999,1.3370600000000001,247
1789722360,2026-09-18 09:06:00+00:00,1.33707,1.33711,1.33703,1.33704,226
1789722420,2026-09-18 09:07:00+00:00,1.33704,1.33707,1.33695,1.33698,190
1789722480,2026-09-18 09:08:00+00:00,1.33698,1.3370600000000001,1.33697,1.33705,130
1789722540,2026-09-18 09:09:00+00:00,1.33705,1.33705,1.33685,1.33686,265
1789722600,2026-09-18 09:10:00+00:00,1.33685,1.33697,1.33685,1.33694,191
1789722660,2026-09-18 09:11:00+00:00,1.33694,1.33695,1.33684,1.33685,92
1789722720,2026-09-18 09:12:00+00:00,1.33685,1.33687,1.33676,1.33679,126
1789722780,2026-09-18 09:13:00+00:00,1.33679,1.33686,1.33676,1.33676,123
1789722840,2026-09-18 09:14:00+00:00,1.33676,1.3369,1.33667,1.33679,174
1789722900,2026-09-18 09:15:00+00:00,1.33679,1.3368,1.33676,1.33676,92
1789722960,2026-09-18 09:16:00+00:00,1.33676,1.3368,1.3367200000000001,1.33676,133
1789723020,2026-09-18 09:17:00+00:00,1.33676,1.33677,1.33667,1.33667,93
1789723080,2026-09-18 09:18:00+00:00,1.33667,1.3367,1.33663,1.33666,82
1789723140,2026-09-18 09:19:00+00:00,1.33666,1.33671,1.33666,1.3366799999999999,112
1789723200,2026-09-18 09:20:00+00:00,1.3366799999999999,1.3367,1.33663,1.33666,85
1789723260,2026-09-18 09:21:00+00:00,1.33666,1.3366799999999999,1.33656,1.33656,61
1789723320,2026-09-18 09:22:00+00:00,1.33656,1.33669,1.33655,1.3366500000000001,79
1789723380,2026-09-18 09:23:00+00:00,1.3366500000000001,1.33669,1.33663,1.33667,53
1789723440,2026-09-18 09:24:00+00:00,1.33667,1.3368,1.33667,1.33678,94
1789723500,2026-09-18 09:25:00+00:00,1.33678,1.3368,1.33676,1.33678,93
1789723560,2026-09-18 09:26:00+00:00,1.33678,1.3368,1.33676,1.33678,80
1789723620,2026-09-18 09:27:00+00:00,1.33678,1.33679,1.33658,1.33661,171
1789723680,2026-09-18 09:28:00+00:00,1.33661,1.3366799999999999,1.33654,1.33667,162
1789723740,2026-09-18 09:29:00+00:00,1.33667,1.33669,1.33658,1.3366,135
1789723800,2026-09-18 09:30:00+00:00,1.3366,1.33666,1.3365,1.33663,137
1789723860,2026-09-18 09:31:00+00:00,1.33663,1.3366500000000001,1.33657,1.33663,154
1789723920,2026-09-18 09:32:00+00:00,1.33663,1.33678,1.33663,1.33676,105
1789723980,2026-09-18 09:33:00+00:00,1.33676,1.33677,1.33657,1.33664,129
1789724040,2026-09-18 09:34:00+00:00,1.33664,1.33673,1.33663,1.3366799999999999,110
1789724100,2026-09-18 09:35:00+00:00,1.3366799999999999,1.3368,1.3366799999999999,1.3368,114
1789724160,2026-09-18 09:36:00+00:00,1.3368,1.3368,1.3367200000000001,1.33676,96
1789724220,2026-09-18 09:37:00+00:00,1.33676,1.33679,1.3366799999999999,1.3367,121
1789724280,2026-09-18 09:38:00+00:00,1.3367,1.33671,1.33664,1.3366500000000001,101
1789724340,2026-09-18 09:39:00+00:00,1.3366500000000001,1.3366500000000001,1.33655,1.33655,134
1789724400,2026-09-18 09:40:00+00:00,1.33655,1.33662,1.33646,1.33661,182
1789724460,2026-09-18 09:41:00+00:00,1.33661,1.3367,1.33658,1.3367,94
1789724520,2026-09-18 09:42:00+00:00,1.3367,1.33679,1.3366799999999999,1.33677,173
1789724580,2026-09-18 09:43:00+00:00,1.33677,1.33686,1.33674,1.33676,93
1789724640,2026-09-18 09:44:00+00:00,1.33676,1.33676,1.3366799999999999,1.3366799999999999,201
1789724700,2026-09-18 09:45:00+00:00,1.3366799999999999,1.33669,1.33647,1.33658,320
1789724760,2026-09-18 09:46:00+00:00,1.33658,1.3366,1.33642,1.33653,258
1789724820,2026-09-18 09:47:00+00:00,1.33653,1.33657,1.33648,1.3365,123
1789724880,2026-09-18 09:48:00+00:00,1.33651,1.33662,1.3364500000000001,1.33654,275
1789724940,2026-09-18 09:49:00+00:00,1.33655,1.33658,1.3365,1.33653,257
1789725000,2026-09-18 09:50:00+00:00,1.33653,1.33691,1.33653,1.33679,216
1789725060,2026-09-18 09:51:00+00:00,1.33679,1.33682,1.3367,1.33678,199
1789725120,2026-09-18 09:52:00+00:00,1.33678,1.33688,1.33677,1.33686,235
1789725180,2026-09-18 09:53:00+00:00,1.33686,1.33698,1.33683,1.33697,171
1789725240,2026-09-18 09:54:00+00:00,1.33697,1.33722,1.33695,1.33722,208
1789725300,2026-09-18 09:55:00+00:00,1.33722,1.33723,1.33704,1.33705,196
1789725360,2026-09-18 09:56:00+00:00,1.33705,1.3372,1.337,1.3372,198
1789725420,2026-09-18 09:57:00+00:00,1.3372,1.3372899999999999,1.3371,1.33722,287
1789725480,2026-09-18 09:58:00+00:00,1.33722,1.33725,1.33713,1.33719,220
1789725540,2026-09-18 09:59:00+00:00,1.33719,1.33724,1.3370600000000001,1.3370600000000001,155
1789725600,2026-09-18 10:00:00+00:00,1.3370600000000001,1.33713,1.33695,1.33698,201
1789725660,2026-09-18 10:01:00+00:00,1.33698,1.33709,1.33694,1.33696,238
1789725720,2026-09-18 10:02:00+00:00,1.33696,1.3370199999999999,1.33694,1.33701,231
1789725780,2026-09-18 10:03:00+00:00,1.33701,1.3370199999999999,1.33696,1.3369900000000001,184
1789725840,2026-09-18 10:04:00+00:00,1.3369900000000001,1.33703,1.33679,1.33681,201
1789725900,2026-09-18 10:05:00+00:00,1.33681,1.33682,1.33677,1.33679,102
1789725960,2026-09-18 10:06:00+00:00,1.33679,1.3369,1.33678,1.33688,106
1789726020,2026-09-18 10:07:00+00:00,1.33688,1.3372,1.33677,1.33715,286
1789726080,2026-09-18 10:08:00+00:00,1.33715,1.33717,1.33705,1.33705,216
1789726140,2026-09-18 10:09:00+00:00,1.33705,1.33708,1.33695,1.33696,148
1789726200,2026-09-18 10:10:00+00:00,1.33696,1.337,1.33694,1.3369900000000001,156
1789726260,2026-09-18 10:11:00+00:00,1.3369900000000001,1.3370199999999999,1.3369,1.33695,166
1789726320,2026-09-18 10:12:00+00:00,1.33695,1.3370199999999999,1.33693,1.3369900000000001,170
1789726380,2026-09-18 10:13:00+00:00,1.33701,1.33704,1.33696,1.33697,194
1789726440,2026-09-18 10:14:00+00:00,1.33696,1.337,1.33692,1.33696,200
1789726500,2026-09-18 10:15:00+00:00,1.33696,1.33701,1.33679,1.33688,337
1789726560,2026-09-18 10:16:00+00:00,1.33688,1.33695,1.33685,1.33686,216
1789726620,2026-09-18 10:17:00+00:00,1.33686,1.3369,1.33685,1.33689,107
1789726680,2026-09-18 10:18:00+00:00,1.33689,1.3370199999999999,1.33684,1.33685,215
1789726740,2026-09-18 10:19:00+00:00,1.33685,1.33694,1.33683,1.33693,263
1789726800,2026-09-18 10:20:00+00:00,1.33693,1.33693,1.33687,1.33687,161
1789726860,2026-09-18 10:21:00+00:00,1.33687,1.33693,1.3367,1.3367499999999999,264
1789726920,2026-09-18 10:22:00+00:00,1.3367499999999999,1.33678,1.33671,1.33674,309
1789726980,2026-09-18 10:23:00+00:00,1.33673,1.33688,1.33671,1.33685,193
1789727040,2026-09-18 10:24:00+00:00,1.33684,1.33687,1.33682,1.33686,249
1789727100,2026-09-18 10:25:00+00:00,1.33686,1.3369,1.33682,1.33689,139
1789727160,2026-09-18 10:26:00+00:00,1.33689,1.3369,1.33684,1.3369,81
1789727220,2026-09-18 10:27:00+00:00,1.3369,1.33694,1.33687,1.33691,138
1789727280,2026-09-18 10:28:00+00:00,1.33691,1.33691,1.33669,1.3367,245
1789727340,2026-09-18 10:29:00+00:00,1.3367,1.3367200000000001,1.33658,1.33663,214
1789727400,2026-09-18 10:30:00+00:00,1.33663,1.3366799999999999,1.33658,1.3366,191
1789727460,2026-09-18 10:31:00+00:00,1.3366,1.3366500000000001,1.33649,1.33657,169
1789727520,2026-09-18 10:32:00+00:00,1.33657,1.33658,1.33644,1.33648,150
1789727580,2026-09-18 10:33:00+00:00,1.33648,1.33653,1.33646,1.33647,146
1789727640,2026-09-18 10:34:00+00:00,1.33646,1.33646,1.33637,1.3363800000000001,128
1789727700,2026-09-18 10:35:00+00:00,1.3363800000000001,1.3364500000000001,1.33627,1.33639,158
1789727760,2026-09-18 10:36:00+00:00,1.33639,1.33639,1.33626,1.33628,139
1789727820,2026-09-18 10:37:00+00:00,1.33628,1.33635,1.33624,1.33633,152
1789727880,2026-09-18 10:38:00+00:00,1.33633,1.33633,1.33608,1.33608,168
1789727940,2026-09-18 10:39:00+00:00,1.33608,1.33612,1.33602,1.33605,185
1789728000,2026-09-18 10:40:00+00:00,1.33605,1.33605,1.33586,1.33589,219
1789728060,2026-09-18 10:41:00+00:00,1.33589,1.33593,1.33576,1.33581,249
1789728120,2026-09-18 10:42:00+00:00,1.33581,1.3358400000000001,1.33578,1.3357999999999999,141
1789728180,2026-09-18 10:43:00+00:00,1.3357999999999999,1.33585,1.3356,1.3356,198
1789728240,2026-09-18 10:44:00+00:00,1.3356,1.3356,1.3354599999999999,1.33547,222
1789728300,2026-09-18 10:45:00+00:00,1.33547,1.33547,1.33535,1.33541,206
1789728360,2026-09-18 10:46:00+00:00,1.33541,1.33542,1.33522,1.33536,273
1789728420,2026-09-18 10:47:00+00:00,1.33536,1.3354,1.33524,1.33526,193
1789728480,2026-09-18 10:48:00+00:00,1.33526,1.33527,1.33515,1.33518,246
1789728540,2026-09-18 10:49:00+00:00,1.33518,1.3351899999999999,1.33507,1.3351199999999999,134
1789728600,2026-09-18 10:50:00+00:00,1.33511,1.3351899999999999,1.33497,1.33505,324
1789728660,2026-09-18 10:51:00+00:00,1.33505,1.33528,1.33504,1.33527,233
1789728720,2026-09-18 10:52:00+00:00,1.33527,1.3354,1.33524,1.33538,207
1789728780,2026-09-18 10:53:00+00:00,1.33538,1.33547,1.33536,1.33547,206
1789728840,2026-09-18 10:54:00+00:00,1.33547,1.33561,1.3354599999999999,1.33556,204
1789728900,2026-09-18 10:55:00+00:00,1.33556,1.33558,1.3354599999999999,1.33547,241
1789728960,2026-09-18 10:56:00+00:00,1.33547,1.33547,1.33535,1.3354300000000001,158
1789729020,2026-09-18 10:57:00+00:00,1.3354300000000001,1.33549,1.33535,1.33547,244
1789729080,2026-09-18 10:58:00+00:00,1.33547,1.33549,1.33536,1.33536,290
1789729140,2026-09-18 10:59:00+00:00,1.33536,1.33579,1.33535,1.3357700000000001,453
1789729200,2026-09-18 11:00:00+00:00,1.33578,1.33599,1.33574,1.33597,390
1789729260,2026-09-18 11:01:00+00:00,1.33597,1.33609,1.33594,1.336,323
1789729320,2026-09-18 11:02:00+00:00,1.336,1.3362,1.33591,1.3362,270
1789729380,2026-09-18 11:03:00+00:00,1.3362,1.33626,1.33608,1.33619,137
1789729440,2026-09-18 11:04:00+00:00,1.33619,1.33622,1.3360699999999999,1.3362,204
1789729500,2026-09-18 11:05:00+00:00,1.3362,1.33622,1.33564,1.33569,877
1789729560,2026-09-18 11:06:00+00:00,1.33569,1.33581,1.33555,1.33579,807
1789729620,2026-09-18 11:07:00+00:00,1.33579,1.33587,1.33572,1.33583,381
1789729680,2026-09-18 11:08:00+00:00,1.33583,1.33612,1.33583,1.33606,347
1789729740,2026-09-18 11:09:00+00:00,1.33606,1.33623,1.33601,1.3361100000000001,236
1789729800,2026-09-18 11:10:00+00:00,1.3361,1.33626,1.3361,1.33619,220
1789729860,2026-09-18 11:11:00+00:00,1.33619,1.33637,1.33618,1.33633,206
1789729920,2026-09-18 11:12:00+00:00,1.33633,1.33644,1.33626,1.33629,157
1789729980,2026-09-18 11:13:00+00:00,1.33629,1.33629,1.33616,1.33621,241
1789730040,2026-09-18 11:14:00+00:00,1.33621,1.33631,1.33599,1.33601,163
1789730100,2026-09-18 11:15:00+00:00,1.33601,1.33608,1.3357700000000001,1.3357999999999999,388
1789730160,2026-09-18 11:16:00+00:00,1.3357999999999999,1.3357999999999999,1.33564,1.33574,304
1789730220,2026-09-18 11:17:00+00:00,1.33574,1.33587,1.33558,1.33585,359
1789730280,2026-09-18 11:18:00+00:00,1.33585,1.33595,1.33583,1.3359,222
1789730340,2026-09-18 11:19:00+00:00,1.3359,1.33601,1.3358400000000001,1.33593,267
1789730400,2026-09-18 11:20:00+00:00,1.33593,1.33595,1.33576,1.33586,314
1789730460,2026-09-18 11:21:00+00:00,1.33587,1.33588,1.33558,1.33563,328
1789730520,2026-09-18 11:22:00+00:00,1.33563,1.33603,1.33562,1.33601,284
1789730580,2026-09-18 11:23:00+00:00,1.336,1.33603,1.33585,1.33587,186
1789730640,2026-09-18 11:24:00+00:00,1.33587,1.3359,1.33574,1.33576,206
1789730700,2026-09-18 11:25:00+00:00,1.33576,1.3357700000000001,1.33558,1.33571,255
1789730760,2026-09-18 11:26:00+00:00,1.33571,1.33572,1.33548,1.33556,227
1789730820,2026-09-18 11:27:00+00:00,1.33556,1.33567,1.33537,1.3354,275
1789730880,2026-09-18 11:28:00+00:00,1.3354,1.33544,1.33525,1.33534,356
1789730940,2026-09-18 11:29:00+00:00,1.33534,1.33534,1.33523,1.33525,248
1789731000,2026-09-18 11:30:00+00:00,1.33525,1.33532,1.3351899999999999,1.33529,350
1789731060,2026-09-18 11:31:00+00:00,1.33529,1.3353,1.33505,1.3351199999999999,340
1789731120,2026-09-18 11:32:00+00:00,1.3351199999999999,1.33521,1.33506,1.33508,222
1789731180,2026-09-18 11:33:00+00:00,1.33508,1.3354,1.33505,1.33538,222
1789731240,2026-09-18 11:34:00+00:00,1.33538,1.33539,1.33525,1.33531,259
1789731300,2026-09-18 11:35:00+00:00,1.33531,1.33532,1.33506,1.33506,226
1789731360,2026-09-18 11:36:00+00:00,1.33506,1.3351899999999999,1.33506,1.33514,219
1789731420,2026-09-18 11:37:00+00:00,1.33514,1.33524,1.33497,1.33498,182
1789731480,2026-09-18 11:38:00+00:00,1.33498,1.33498,1.33465,1.33479,394
1789731540,2026-09-18 11:39:00+00:00,1.33479,1.3348,1.33466,1.33466,299
1789731600,2026-09-18 11:40:00+00:00,1.33465,1.33474,1.33454,1.33472,191
1789731660,2026-09-18 11:41:00+00:00,1.33472,1.33474,1.33462,1.33464,113
1789731720,2026-09-18 11:42:00+00:00,1.33464,1.33469,1.33453,1.33454,163
1789731780,2026-09-18 11:43:00+00:00,1.33454,1.33469,1.33453,1.33468,139
1789731840,2026-09-18 11:44:00+00:00,1.33468,1.33468,1.33452,1.33457,172
1789731900,2026-09-18 11:45:00+00:00,1.33457,1.33477,1.3345,1.33474,208
1789731960,2026-09-18 11:46:00+00:00,1.33474,1.3348200000000001,1.33466,1.33481,177
1789732020,2026-09-18 11:47:00+00:00,1.33481,1.33493,1.33476,1.33488,238
1789732080,2026-09-18 11:48:00+00:00,1.3348900000000001,1.33495,1.3348200000000001,1.33483,211
1789732140,2026-09-18 11:49:00+00:00,1.33483,1.33484,1.33478,1.3348,116
1789732200,2026-09-18 11:50:00+00:00,1.3348,1.3348,1.33453,1.33453,206
1789732260,2026-09-18 11:51:00+00:00,1.33453,1.33457,1.33437,1.33437,162
1789732320,2026-09-18 11:52:00+00:00,1.33438,1.33441,1.3343099999999999,1.33438,251
1789732380,2026-09-18 11:53:00+00:00,1.33438,1.3344,1.33426,1.3343,233
1789732440,2026-09-18 11:54:00+00:00,1.33429,1.33438,1.33425,1.33437,206
1789732500,2026-09-18 11:55:00+00:00,1.33437,1.33447,1.3343099999999999,1.33432,198
1789732560,2026-09-18 11:56:00+00:00,1.33432,1.3345799999999999,1.33432,1.33457,216
1789732620,2026-09-18 11:57:00+00:00,1.33457,1.33464,1.33443,1.33457,260
1789732680,2026-09-18 11:58:00+00:00,1.33457,1.33466,1.33453,1.33464,315
1789732740,2026-09-18 11:59:00+00:00,1.33465,1.33476,1.33464,1.33473,242
1789732800,2026-09-18 12:00:00+00:00,1.33473,1.33481,1.33464,1.33466,396
1789732860,2026-09-18 12:01:00+00:00,1.33466,1.33468,1.3345099999999999,1.3346,289
1789732920,2026-09-18 12:02:00+00:00,1.3346,1.3346,1.33439,1.33444,220
1789732980,2026-09-18 12:03:00+00:00,1.33444,1.3345799999999999,1.3344,1.33457,208
1789733040,2026-09-18 12:04:00+00:00,1.33457,1.33488,1.33442,1.3348,242
1789733100,2026-09-18 12:05:00+00:00,1.33478,1.3348200000000001,1.3344,1.33443,615
1789733160,2026-09-18 12:06:00+00:00,1.33443,1.33453,1.3342800000000001,1.33429,339
1789733220,2026-09-18 12:07:00+00:00,1.33429,1.33437,1.33423,1.33429,464
1789733280,2026-09-18 12:08:00+00:00,1.33429,1.33445,1.33427,1.33434,433
1789733340,2026-09-18 12:09:00+00:00,1.33434,1.33446,1.3343099999999999,1.33438,298
1789733400,2026-09-18 12:10:00+00:00,1.33438,1.33439,1.33427,1.33438,338
1789733460,2026-09-18 12:11:00+00:00,1.33439,1.33439,1.3339699999999999,1.33398,376
1789733520,2026-09-18 12:12:00+00:00,1.33398,1.33427,1.3339699999999999,1.3342100000000001,335
1789733580,2026-09-18 12:13:00+00:00,1.33422,1.33441,1.33422,1.33438,274
1789733640,2026-09-18 12:14:00+00:00,1.33438,1.33442,1.33429,1.33441,272
1789733700,2026-09-18 12:15:00+00:00,1.33441,1.33442,1.33436,1.33437,237
1789733760,2026-09-18 12:16:00+00:00,1.33437,1.3344,1.33423,1.33423,215
1789733820,2026-09-18 12:17:00+00:00,1.33423,1.33429,1.33414,1.33417,230
1789733880,2026-09-18 12:18:00+00:00,1.33417,1.3344,1.33405,1.33414,412
1789733940,2026-09-18 12:19:00+00:00,1.33414,1.33414,1.33379,1.33383,389
1789734000,2026-09-18 12:20:00+00:00,1.33383,1.3338700000000001,1.33373,1.33375,275
1789734060,2026-09-18 12:21:00+00:00,1.33375,1.33383,1.3336700000000001,1.3338,309
1789734120,2026-09-18 12:22:00+00:00,1.3338,1.33398,1.33373,1.33391,321
1789734180,2026-09-18 12:23:00+00:00,1.33391,1.33398,1.33383,1.33384,257
1789734240,2026-09-18 12:24:00+00:00,1.33384,1.3338700000000001,1.33362,1.33364,200
1789734300,2026-09-18 12:25:00+00:00,1.33364,1.33369,1.33355,1.33359,248
1789734360,2026-09-18 12:26:00+00:00,1.33359,1.33373,1.33356,1.3336999999999999,251
1789734420,2026-09-18 12:27:00+00:00,1.3336999999999999,1.33378,1.33366,1.33368,311
1789734480,2026-09-18 12:28:00+00:00,1.33368,1.33369,1.33356,1.33365,246
1789734540,2026-09-18 12:29:00+00:00,1.33365,1.3336700000000001,1.33357,1.33365,190
1789734600,2026-09-18 12:30:00+00:00,1.33365,1.33366,1.33356,1.33365,223
1789734660,2026-09-18 12:31:00+00:00,1.33365,1.3338700000000001,1.33365,1.33384,241
1789734720,2026-09-18 12:32:00+00:00,1.33384,1.33386,1.33364,1.3336700000000001,265
1789734780,2026-09-18 12:33:00+00:00,1.3336700000000001,1.33398,1.3336700000000001,1.33396,259
1789734840,2026-09-18 12:34:00+00:00,1.33396,1.33422,1.33395,1.33416,295
1789734900,2026-09-18 12:35:00+00:00,1.33416,1.33427,1.33415,1.33426,229
1789734960,2026-09-18 12:36:00+00:00,1.33426,1.33437,1.33425,1.33429,276
1789735020,2026-09-18 12:37:00+00:00,1.33429,1.33438,1.33425,1.33435,266
1789735080,2026-09-18 12:38:00+00:00,1.33435,1.33441,1.3342399999999999,1.33427,252
1789735140,2026-09-18 12:39:00+00:00,1.33427,1.33439,1.3342100000000001,1.3343,154
1789735200,2026-09-18 12:40:00+00:00,1.3343,1.33437,1.33419,1.33425,269
1789735260,2026-09-18 12:41:00+00:00,1.33425,1.33425,1.33416,1.33419,244
1789735320,2026-09-18 12:42:00+00:00,1.33419,1.3343,1.33417,1.33429,206
1789735380,2026-09-18 12:43:00+00:00,1.33429,1.33435,1.33423,1.33425,223
1789735440,2026-09-18 12:44:00+00:00,1.33425,1.3342800000000001,1.33415,1.33427,262
1789735500,2026-09-18 12:45:00+00:00,1.33427,1.33434,1.3342,1.33433,257
1789735560,2026-09-18 12:46:00+00:00,1.33433,1.33457,1.3342800000000001,1.33442,383
1789735620,2026-09-18 12:47:00+00:00,1.33442,1.3346,1.33437,1.33454,341
1789735680,2026-09-18 12:48:00+00:00,1.33454,1.3345500000000001,1.33442,1.33449,275
1789735740,2026-09-18 12:49:00+00:00,1.33449,1.3345799999999999,1.33446,1.3345500000000001,265
1789735800,2026-09-18 12:50:00+00:00,1.3345500000000001,1.33473,1.3345,1.33468,284
1789735860,2026-09-18 12:51:00+00:00,1.3347,1.33491,1.33468,1.33487,295
1789735920,2026-09-18 12:52:00+00:00,1.33487,1.33491,1.33465,1.33472,322
1789735980,2026-09-18 12:53:00+00:00,1.33472,1.33475,1.33459,1.3346,285
1789736040,2026-09-18 12:54:00+00:00,1.3346,1.33474,1.33459,1.33467,288
1789736100,2026-09-18 12:55:00+00:00,1.33467,1.3348900000000001,1.33467,1.33476,300
1789736160,2026-09-18 12:56:00+00:00,1.33476,1.3349199999999999,1.33474,1.3348900000000001,257
1789736220,2026-09-18 12:57:00+00:00,1.3348900000000001,1.33508,1.33488,1.33507,445
1789736280,2026-09-18 12:58:00+00:00,1.33507,1.33511,1.33497,1.33498,340
1789736340,2026-09-18 12:59:00+00:00,1.33498,1.33505,1.3348200000000001,1.33487,408
1789736400,2026-09-18 13:00:00+00:00,1.33486,1.3348900000000001,1.33468,1.33483,582
1789736460,2026-09-18 13:01:00+00:00,1.33483,1.3348900000000001,1.33472,1.33474,509
1789736520,2026-09-18 13:02:00+00:00,1.33474,1.3348,1.33454,1.33459,426
1789736580,2026-09-18 13:03:00+00:00,1.33459,1.33464,1.33437,1.33438,491
1789736640,2026-09-18 13:04:00+00:00,1.33438,1.33461,1.33435,1.33461,446
1789736700,2026-09-18 13:05:00+00:00,1.33461,1.33471,1.3345799999999999,1.3346,440
1789736760,2026-09-18 13:06:00+00:00,1.3346,1.33464,1.33454,1.33457,347
1789736820,2026-09-18 13:07:00+00:00,1.33457,1.33457,1.33438,1.33449,360
1789736880,2026-09-18 13:08:00+00:00,1.33449,1.3346,1.33447,1.3345500000000001,342
1789736940,2026-09-18 13:09:00+00:00,1.33456,1.3347,1.3345,1.33465,282
1789737000,2026-09-18 13:10:00+00:00,1.33465,1.33466,1.33432,1.33441,245
1789737060,2026-09-18 13:11:00+00:00,1.33441,1.33443,1.33435,1.33437,257
1789737120,2026-09-18 13:12:00+00:00,1.33437,1.33438,1.33427,1.33427,88
1789737180,2026-09-18 13:13:00+00:00,1.33427,1.33448,1.33426,1.33443,78
1789737240,2026-09-18 13:14:00+00:00,1.33443,1.33444,1.33426,1.33426,155
1789737300,2026-09-18 13:15:00+00:00,1.33426,1.33436,1.33417,1.33436,180
1789737360,2026-09-18 13:16:00+00:00,1.33436,1.33449,1.33433,1.33448,194
1789737420,2026-09-18 13:17:00+00:00,1.33448,1.3345099999999999,1.3344,1.33446,228
1789737480,2026-09-18 13:18:00+00:00,1.33446,1.33448,1.33442,1.33442,244
1789737540,2026-09-18 13:19:00+00:00,1.33442,1.33449,1.33442,1.33447,143
1789737600,2026-09-18 13:20:00+00:00,1.33447,1.33459,1.33445,1.33454,274
1789737660,2026-09-18 13:21:00+00:00,1.33454,1.3345799999999999,1.33445,1.33449,285
1789737720,2026-09-18 13:22:00+00:00,1.33449,1.3345,1.33444,1.33449,185
1789737780,2026-09-18 13:23:00+00:00,1.33449,1.3345,1.33437,1.33445,259
1789737840,2026-09-18 13:24:00+00:00,1.33445,1.3345799999999999,1.33444,1.33445,305
1789737900,2026-09-18 13:25:00+00:00,1.33446,1.33467,1.33445,1.33466,310
1789737960,2026-09-18 13:26:00+00:00,1.33466,1.33473,1.33464,1.33469,189
1789738020,2026-09-18 13:27:00+00:00,1.33469,1.33475,1.33464,1.33474,222
1789738080,2026-09-18 13:28:00+00:00,1.33474,1.33475,1.33467,1.3347,198
1789738140,2026-09-18 13:29:00+00:00,1.3347,1.33491,1.33466,1.3349,237
1789738200,2026-09-18 13:30:00+00:00,1.3349,1.33499,1.3348,1.33497,314
1789738260,2026-09-18 13:31:00+00:00,1.33497,1.33498,1.33474,1.3348,290
1789738320,2026-09-18 13:32:00+00:00,1.33479,1.33491,1.33479,1.33483,311
1789738380,2026-09-18 13:33:00+00:00,1.33483,1.33484,1.33468,1.33474,320
1789738440,2026-09-18 13:34:00+00:00,1.33474,1.33476,1.3346,1.33463,293
1789738500,2026-09-18 13:35:00+00:00,1.33463,1.33466,1.33445,1.33453,338
1789738560,2026-09-18 13:36:00+00:00,1.33453,1.3346,1.33435,1.33437,287
1789738620,2026-09-18 13:37:00+00:00,1.33437,1.33437,1.33406,1.33413,427
1789738680,2026-09-18 13:38:00+00:00,1.33413,1.33429,1.33413,1.33423,370
1789738740,2026-09-18 13:39:00+00:00,1.33423,1.33429,1.33419,1.33429,251
1789738800,2026-09-18 13:40:00+00:00,1.33429,1.33429,1.33412,1.33416,299
1789738860,2026-09-18 13:41:00+00:00,1.33416,1.33425,1.33412,1.3342,377
1789738920,2026-09-18 13:42:00+00:00,1.3342,1.33432,1.33416,1.3343099999999999,361
1789738980,2026-09-18 13:43:00+00:00,1.3343099999999999,1.33452,1.3343099999999999,1.33449,310
1789739040,2026-09-18 13:44:00+00:00,1.33449,1.3347,1.33442,1.33468,246
1789739100,2026-09-18 13:45:00+00:00,1.33468,1.33488,1.33466,1.33487,259
1789739160,2026-09-18 13:46:00+00:00,1.33487,1.33507,1.33486,1.33496,283
1789739220,2026-09-18 13:47:00+00:00,1.33496,1.33497,1.33467,1.33467,261
1789739280,2026-09-18 13:48:00+00:00,1.33467,1.33487,1.33463,1.33464,317
1789739340,2026-09-18 13:49:00+00:00,1.33464,1.33468,1.3345500000000001,1.33456,247
1789739400,2026-09-18 13:50:00+00:00,1.33456,1.33474,1.33447,1.33448,263
1789739460,2026-09-18 13:51:00+00:00,1.33449,1.3345799999999999,1.33439,1.33439,329
1789739520,2026-09-18 13:52:00+00:00,1.33439,1.33459,1.33439,1.3345799999999999,245
1789739580,2026-09-18 13:53:00+00:00,1.3345799999999999,1.33459,1.33444,1.33444,198
1789739640,2026-09-18 13:54:00+00:00,1.33444,1.33449,1.33433,1.33434,192
1789739700,2026-09-18 13:55:00+00:00,1.33434,1.33437,1.33407,1.33408,409
1789739760,2026-09-18 13:56:00+00:00,1.33408,1.3342,1.33403,1.33409,239
1789739820,2026-09-18 13:57:00+00:00,1.33409,1.33411,1.334,1.33404,261
1789739880,2026-09-18 13:58:00+00:00,1.33404,1.33412,1.3339699999999999,1.3341,322
1789739940,2026-09-18 13:59:00+00:00,1.3341,1.3341,1.3339400000000001,1.33396,157
1789740000,2026-09-18 14:00:00+00:00,1.33396,1.3341,1.33392,1.33407,233
1789740060,2026-09-18 14:01:00+00:00,1.33408,1.33439,1.33405,1.33434,293
1789740120,2026-09-18 14:02:00+00:00,1.33434,1.33461,1.33434,1.3345500000000001,420
1789740180,2026-09-18 14:03:00+00:00,1.3345500000000001,1.33462,1.33447,1.33448,241
1789740240,2026-09-18 14:04:00+00:00,1.33448,1.3345099999999999,1.33439,1.33445,208
1789740300,2026-09-18 14:05:00+00:00,1.33445,1.33446,1.33416,1.33419,329
1789740360,2026-09-18 14:06:00+00:00,1.33419,1.33436,1.33411,1.3342,325
1789740420,2026-09-18 14:07:00+00:00,1.3342,1.33434,1.33416,1.3343,316
1789740480,2026-09-18 14:08:00+00:00,1.3343,1.3345799999999999,1.3342399999999999,1.33454,285
1789740540,2026-09-18 14:09:00+00:00,1.33453,1.33468,1.3345099999999999,1.33467,216
1789740600,2026-09-18 14:10:00+00:00,1.33467,1.33469,1.33461,1.33467,258
1789740660,2026-09-18 14:11:00+00:00,1.33467,1.33472,1.3345500000000001,1.33464,245
1789740720,2026-09-18 14:12:00+00:00,1.33464,1.33478,1.3345799999999999,1.33476,305
1789740780,2026-09-18 14:13:00+00:00,1.33476,1.33481,1.33468,1.3348,179
1789740840,2026-09-18 14:14:00+00:00,1.3348,1.33496,1.33475,1.33496,182
1789740900,2026-09-18 14:15:00+00:00,1.33496,1.335,1.33471,1.33478,249
1789740960,2026-09-18 14:16:00+00:00,1.33478,1.3348,1.33468,1.33475,179
1789741020,2026-09-18 14:17:00+00:00,1.33475,1.33476,1.33443,1.33445,205
1789741080,2026-09-18 14:18:00+00:00,1.33445,1.3345099999999999,1.33437,1.3345,373
1789741140,2026-09-18 14:19:00+00:00,1.3345,1.3346,1.33443,1.33445,251
1789741200,2026-09-18 14:20:00+00:00,1.33445,1.33446,1.33416,1.3342399999999999,283
1789741260,2026-09-18 14:21:00+00:00,1.3342399999999999,1.33434,1.3342399999999999,1.3343,304
1789741320,2026-09-18 14:22:00+00:00,1.3343,1.33459,1.33427,1.33457,346
1789741380,2026-09-18 14:23:00+00:00,1.33457,1.33468,1.3345500000000001,1.3345799999999999,313
1789741440,2026-09-18 14:24:00+00:00,1.33459,1.33471,1.3345799999999999,1.33469,243
1789741500,2026-09-18 14:25:00+00:00,1.33469,1.33478,1.33466,1.33478,267
1789741560,2026-09-18 14:26:00+00:00,1.33478,1.33487,1.33476,1.33478,274
1789741620,2026-09-18 14:27:00+00:00,1.33478,1.33491,1.33476,1.33487,294
1789741680,2026-09-18 14:28:00+00:00,1.33487,1.33498,1.3348499999999999,1.33496,225
1789741740,2026-09-18 14:29:00+00:00,1.33496,1.335,1.33481,1.3348499999999999,260
1789741800,2026-09-18 14:30:00+00:00,1.3348499999999999,1.33502,1.33481,1.33497,238
1789741860,2026-09-18 14:31:00+00:00,1.33497,1.33498,1.33483,1.33487,313
1789741920,2026-09-18 14:32:00+00:00,1.33487,1.33502,1.33484,1.33496,281
1789741980,2026-09-18 14:33:00+00:00,1.33496,1.33502,1.33488,1.3348900000000001,259
1789742040,2026-09-18 14:34:00+00:00,1.3348900000000001,1.33491,1.33479,1.33488,193
1789742100,2026-09-18 14:35:00+00:00,1.33488,1.33491,1.33479,1.3349,234
1789742160,2026-09-18 14:36:00+00:00,1.3349,1.3349199999999999,1.33484,1.33488,194
1789742220,2026-09-18 14:37:00+00:00,1.33488,1.33517,1.33488,1.3351,246
1789742280,2026-09-18 14:38:00+00:00,1.3351,1.3351199999999999,1.33498,1.33509,196
1789742340,2026-09-18 14:39:00+00:00,1.33509,1.33534,1.33505,1.3351899999999999,457
1789742400,2026-09-18 14:40:00+00:00,1.3351899999999999,1.33537,1.33518,1.33536,309
1789742460,2026-09-18 14:41:00+00:00,1.33536,1.33542,1.33529,1.33537,259
1789742520,2026-09-18 14:42:00+00:00,1.33537,1.33547,1.33536,1.33547,215
1789742580,2026-09-18 14:43:00+00:00,1.33547,1.33561,1.33537,1.33558,283
1789742640,2026-09-18 14:44:00+00:00,1.33558,1.33569,1.33556,1.33557,207
1789742700,2026-09-18 14:45:00+00:00,1.33557,1.33569,1.33556,1.33566,178
1789742760,2026-09-18 14:46:00+00:00,1.33566,1.33581,1.33566,1.33579,202
1789742820,2026-09-18 14:47:00+00:00,1.33579,1.33594,1.33566,1.33569,342
1789742880,2026-09-18 14:48:00+00:00,1.33569,1.33587,1.33569,1.33579,249
1789742940,2026-09-18 14:49:00+00:00,1.33579,1.33581,1.33569,1.33579,331
1789743000,2026-09-18 14:50:00+00:00,1.33578,1.3362,1.33575,1.33613,644
1789743060,2026-09-18 14:51:00+00:00,1.33613,1.3363,1.33595,1.33606,622
1789743120,2026-09-18 14:52:00+00:00,1.33606,1.3363399999999999,1.33602,1.33631,541
1789743180,2026-09-18 14:53:00+00:00,1.33631,1.33636,1.33596,1.33608,456
1789743240,2026-09-18 14:54:00+00:00,1.33608,1.33635,1.33608,1.3363399999999999,450
1789743300,2026-09-18 14:55:00+00:00,1.33635,1.3366,1.33623,1.33628,590
1789743360,2026-09-18 14:56:00+00:00,1.33628,1.33646,1.33609,1.33646,389
1789743420,2026-09-18 14:57:00+00:00,1.33646,1.3366,1.3363,1.33633,579
1789743480,2026-09-18 14:58:00+00:00,1.33633,1.33633,1.33605,1.33609,388
1789743540,2026-09-18 14:59:00+00:00,1.33609,1.33617,1.336,1.33605,420
1789743600,2026-09-18 15:00:00+00:00,1.33605,1.33605,1.33578,1.33587,726
1789743660,2026-09-18 15:01:00+00:00,1.33587,1.33621,1.33585,1.33619,504
1789743720,2026-09-18 15:02:00+00:00,1.33619,1.33631,1.33616,1.33617,406
1789743780,2026-09-18 15:03:00+00:00,1.33617,1.33618,1.33593,1.3360699999999999,448
1789743840,2026-09-18 15:04:00+00:00,1.3360699999999999,1.3360699999999999,1.33568,1.3357299999999999,400
1789743900,2026-09-18 15:05:00+00:00,1.3357299999999999,1.33583,1.33566,1.3357700000000001,511
1789743960,2026-09-18 15:06:00+00:00,1.3357700000000001,1.33586,1.3356,1.3358400000000001,434
1789744020,2026-09-18 15:07:00+00:00,1.3358400000000001,1.3361,1.33583,1.33608,256
1789744080,2026-09-18 15:08:00+00:00,1.33608,1.3361100000000001,1.33596,1.33598,324
1789744140,2026-09-18 15:09:00+00:00,1.33598,1.3361100000000001,1.33594,1.336,298
1789744200,2026-09-18 15:10:00+00:00,1.336,1.3360400000000001,1.33595,1.336,238
1789744260,2026-09-18 15:11:00+00:00,1.336,1.3360400000000001,1.33594,1.33597,185
1789744320,2026-09-18 15:12:00+00:00,1.33597,1.33597,1.33575,1.33595,217
1789744380,2026-09-18 15:13:00+00:00,1.33595,1.33639,1.33594,1.33637,525
1789744440,2026-09-18 15:14:00+00:00,1.33637,1.33654,1.33624,1.33654,421
1789744500,2026-09-18 15:15:00+00:00,1.33654,1.3366,1.33642,1.33646,314
1789744560,2026-09-18 15:16:00+00:00,1.33646,1.3365,1.33635,1.33646,342
1789744620,2026-09-18 15:17:00+00:00,1.33646,1.33657,1.33635,1.33653,392
1789744680,2026-09-18 15:18:00+00:00,1.33653,1.3367,1.33653,1.3366,305
1789744740,2026-09-18 15:19:00+00:00,1.3366,1.3368,1.33655,1.3368,379
1789744800,2026-09-18 15:20:00+00:00,1.33679,1.33684,1.3367,1.33673,396
1789744860,2026-09-18 15:21:00+00:00,1.33674,1.33678,1.3366,1.3367200000000001,390
1789744920,2026-09-18 15:22:00+00:00,1.33671,1.33679,1.3367,1.3367499999999999,370
1789744980,2026-09-18 15:23:00+00:00,1.3367499999999999,1.3369,1.33673,1.33686,338
1789745040,2026-09-18 15:24:00+00:00,1.33686,1.33715,1.33684,1.33715,410
1789745100,2026-09-18 15:25:00+00:00,1.33715,1.33741,1.33714,1.33741,408
1789745160,2026-09-18 15:26:00+00:00,1.3374,1.33748,1.33724,1.3372600000000001,331
1789745220,2026-09-18 15:27:00+00:00,1.33727,1.33728,1.33714,1.33717,340
1789745280,2026-09-18 15:28:00+00:00,1.33717,1.3372600000000001,1.33715,1.3372,358
1789745340,2026-09-18 15:29:00+00:00,1.3372,1.33756,1.33715,1.33743,350
1789745400,2026-09-18 15:30:00+00:00,1.33743,1.33759,1.33734,1.33756,545
1789745460,2026-09-18 15:31:00+00:00,1.33756,1.33759,1.33746,1.33753,400
1789745520,2026-09-18 15:32:00+00:00,1.33753,1.33755,1.33743,1.33747,377
1789745580,2026-09-18 15:33:00+00:00,1.33747,1.33758,1.3373300000000001,1.3374,313
1789745640,2026-09-18 15:34:00+00:00,1.3374,1.3375,1.33715,1.33717,272
1789745700,2026-09-18 15:35:00+00:00,1.33718,1.33751,1.33717,1.33748,441
1789745760,2026-09-18 15:36:00+00:00,1.33748,1.33768,1.33743,1.33764,377
1789745820,2026-09-18 15:37:00+00:00,1.33764,1.33766,1.33724,1.33728,351
1789745880,2026-09-18 15:38:00+00:00,1.33728,1.33739,1.33713,1.33719,284
1789745940,2026-09-18 15:39:00+00:00,1.33719,1.33719,1.33701,1.3370199999999999,223
1789746000,2026-09-18 15:40:00+00:00,1.33704,1.33715,1.33698,1.33703,290
1789746060,2026-09-18 15:41:00+00:00,1.3370199999999999,1.33709,1.33693,1.33707,198
1789746120,2026-09-18 15:42:00+00:00,1.33707,1.33709,1.33684,1.33686,276
1789746180,2026-09-18 15:43:00+00:00,1.33686,1.33711,1.33676,1.33691,447
1789746240,2026-09-18 15:44:00+00:00,1.33691,1.33704,1.33689,1.3369900000000001,276
1789746300,2026-09-18 15:45:00+00:00,1.3369900000000001,1.33704,1.33681,1.33682,229
1789746360,2026-09-18 15:46:00+00:00,1.33682,1.3371,1.33682,1.3370600000000001,318
1789746420,2026-09-18 15:47:00+00:00,1.3370600000000001,1.33715,1.33704,1.33709,198
1789746480,2026-09-18 15:48:00+00:00,1.33708,1.33735,1.33707,1.33724,443
1789746540,2026-09-18 15:49:00+00:00,1.33724,1.33732,1.33717,1.33721,223
1789746600,2026-09-18 15:50:00+00:00,1.33721,1.33724,1.33701,1.33705,250
1789746660,2026-09-18 15:51:00+00:00,1.33705,1.33717,1.3369900000000001,1.33716,178
1789746720,2026-09-18 15:52:00+00:00,1.33716,1.33718,1.3370199999999999,1.33708,116
1789746780,2026-09-18 15:53:00+00:00,1.33708,1.3371,1.33685,1.33695,219
1789746840,2026-09-18 15:54:00+00:00,1.33695,1.33698,1.33686,1.33692,198
1789746900,2026-09-18 15:55:00+00:00,1.33693,1.337,1.33687,1.3369,314
1789746960,2026-09-18 15:56:00+00:00,1.3369,1.33694,1.3366500000000001,1.33684,356
1789747020,2026-09-18 15:57:00+00:00,1.33684,1.337,1.33684,1.33697,273
1789747080,2026-09-18 15:58:00+00:00,1.33697,1.3369900000000001,1.33693,1.33697,338
1789747140,2026-09-18 15:59:00+00:00,1.33697,1.33709,1.33692,1.3370600000000001,344
1789747200,2026-09-18 16:00:00+00:00,1.3370600000000001,1.33713,1.3369900000000001,1.33707,325
1789747260,2026-09-18 16:01:00+00:00,1.33707,1.33716,1.33705,1.33716,265
1789747320,2026-09-18 16:02:00+00:00,1.33716,1.3372,1.3370199999999999,1.33703,229
1789747380,2026-09-18 16:03:00+00:00,1.33703,1.33707,1.33695,1.33703,250
1789747440,2026-09-18 16:04:00+00:00,1.33704,1.33704,1.33692,1.33694,287
1789747500,2026-09-18 16:05:00+00:00,1.33694,1.3372,1.33693,1.33716,271
1789747560,2026-09-18 16:06:00+00:00,1.33716,1.33723,1.33705,1.33723,258
1789747620,2026-09-18 16:07:00+00:00,1.33724,1.33745,1.33724,1.33734,284
1789747680,2026-09-18 16:08:00+00:00,1.33734,1.33737,1.33725,1.33732,252
1789747740,2026-09-18 16:09:00+00:00,1.33731,1.33741,1.3372600000000001,1.3374,330
1789747800,2026-09-18 16:10:00+00:00,1.3374,1.33741,1.33734,1.33735,155
1789747860,2026-09-18 16:11:00+00:00,1.33735,1.33756,1.3373300000000001,1.33755,290
1789747920,2026-09-18 16:12:00+00:00,1.33755,1.33758,1.33746,1.3375,244
1789747980,2026-09-18 16:13:00+00:00,1.33749,1.33751,1.33743,1.33744,113
1789748040,2026-09-18 16:14:00+00:00,1.33744,1.33765,1.33737,1.33762,220
1789748100,2026-09-18 16:15:00+00:00,1.33762,1.33765,1.33749,1.33765,307
1789748160,2026-09-18 16:16:00+00:00,1.33765,1.338,1.33765,1.33791,308
1789748220,2026-09-18 16:17:00+00:00,1.33792,1.3379699999999999,1.33778,1.33785,276
1789748280,2026-09-18 16:18:00+00:00,1.33785,1.33786,1.33775,1.33779,187
1789748340,2026-09-18 16:19:00+00:00,1.33779,1.33782,1.33775,1.33779,177
1789748400,2026-09-18 16:20:00+00:00,1.33779,1.33788,1.3376700000000001,1.33775,298
1789748460,2026-09-18 16:21:00+00:00,1.33775,1.33778,1.33769,1.33776,220
1789748520,2026-09-18 16:22:00+00:00,1.33776,1.33776,1.33764,1.33765,151
1789748580,2026-09-18 16:23:00+00:00,1.33765,1.33771,1.33755,1.33756,196
1789748640,2026-09-18 16:24:00+00:00,1.33756,1.3377,1.33754,1.33764,230
1789748700,2026-09-18 16:25:00+00:00,1.33764,1.33786,1.33764,1.33785,262
1789748760,2026-09-18 16:26:00+00:00,1.33785,1.33785,1.33775,1.33777,188
1789748820,2026-09-18 16:27:00+00:00,1.33777,1.33779,1.33765,1.33766,157
1789748880,2026-09-18 16:28:00+00:00,1.33766,1.33799,1.33766,1.33778,518
1789748940,2026-09-18 16:29:00+00:00,1.33779,1.33795,1.33775,1.33789,394
1789749000,2026-09-18 16:30:00+00:00,1.33789,1.33789,1.33775,1.33783,349
1789749060,2026-09-18 16:31:00+00:00,1.33784,1.3378999999999999,1.33782,1.3378700000000001,284
1789749120,2026-09-18 16:32:00+00:00,1.3378700000000001,1.33806,1.3378700000000001,1.33802,253
1789749180,2026-09-18 16:33:00+00:00,1.33802,1.3382800000000001,1.33799,1.33827,436
1789749240,2026-09-18 16:34:00+00:00,1.33827,1.3383,1.33803,1.33805,353
1789749300,2026-09-18 16:35:00+00:00,1.33805,1.33808,1.33796,1.33806,236
1789749360,2026-09-18 16:36:00+00:00,1.33806,1.33812,1.33798,1.33809,196
1789749420,2026-09-18 16:37:00+00:00,1.33809,1.3381,1.338,1.33809,193
1789749480,2026-09-18 16:38:00+00:00,1.33809,1.33815,1.33809,1.33814,192
1789749540,2026-09-18 16:39:00+00:00,1.33814,1.33822,1.3381,1.33816,158
1789749600,2026-09-18 16:40:00+00:00,1.33816,1.33841,1.33811,1.33838,228
1789749660,2026-09-18 16:41:00+00:00,1.33838,1.33841,1.33829,1.33834,206
1789749720,2026-09-18 16:42:00+00:00,1.33835,1.33843,1.33833,1.33839,148
1789749780,2026-09-18 16:43:00+00:00,1.33839,1.33849,1.3383,1.3383099999999999,202
1789749840,2026-09-18 16:44:00+00:00,1.3383099999999999,1.33834,1.33826,1.3383,197
1789749900,2026-09-18 16:45:00+00:00,1.3383,1.33841,1.33827,1.33838,153
1789749960,2026-09-18 16:46:00+00:00,1.33838,1.33846,1.3383099999999999,1.33842,84
1789750020,2026-09-18 16:47:00+00:00,1.33842,1.33842,1.33835,1.33837,97
1789750080,2026-09-18 16:48:00+00:00,1.33837,1.33837,1.33826,1.33829,137
1789750140,2026-09-18 16:49:00+00:00,1.33829,1.33842,1.3382800000000001,1.33839,102
1789750200,2026-09-18 16:50:00+00:00,1.33839,1.33849,1.3383099999999999,1.33832,165
1789750260,2026-09-18 16:51:00+00:00,1.33832,1.33842,1.3383,1.33838,193
1789750320,2026-09-18 16:52:00+00:00,1.33838,1.33843,1.33835,1.33841,112
1789750380,2026-09-18 16:53:00+00:00,1.33841,1.3385799999999999,1.33841,1.3385500000000001,195
1789750440,2026-09-18 16:54:00+00:00,1.3385500000000001,1.33857,1.33847,1.3385099999999999,180
1789750500,2026-09-18 16:55:00+00:00,1.3385099999999999,1.3386,1.3384800000000001,1.33856,228
1789750560,2026-09-18 16:56:00+00:00,1.33856,1.33857,1.33845,1.3384800000000001,179
1789750620,2026-09-18 16:57:00+00:00,1.33847,1.3384800000000001,1.3383099999999999,1.33834,182
1789750680,2026-09-18 16:58:00+00:00,1.33835,1.33844,1.33826,1.33829,380
1789750740,2026-09-18 16:59:00+00:00,1.33829,1.3383099999999999,1.3382100000000001,1.3382399999999999,309
1789750800,2026-09-18 17:00:00+00:00,1.3382399999999999,1.33842,1.3382399999999999,1.33835,362
1789750860,2026-09-18 17:01:00+00:00,1.33834,1.3384,1.3383099999999999,1.33839,302
1789750920,2026-09-18 17:02:00+00:00,1.3384,1.33843,1.33836,1.33839,210
1789750980,2026-09-18 17:03:00+00:00,1.33839,1.3385099999999999,1.33833,1.33846,215
1789751040,2026-09-18 17:04:00+00:00,1.33846,1.33853,1.33843,1.33844,243
1789751100,2026-09-18 17:05:00+00:00,1.33843,1.33849,1.33837,1.33847,199
1789751160,2026-09-18 17:06:00+00:00,1.3384800000000001,1.3385,1.33844,1.33849,202
1789751220,2026-09-18 17:07:00+00:00,1.33849,1.33859,1.33846,1.33857,156
1789751280,2026-09-18 17:08:00+00:00,1.33857,1.3385799999999999,1.33854,1.3385500000000001,78
1789751340,2026-09-18 17:09:00+00:00,1.3385500000000001,1.3387,1.3385500000000001,1.3386,196
1789751400,2026-09-18 17:10:00+00:00,1.3386,1.33921,1.3386,1.3392,373
1789751460,2026-09-18 17:11:00+00:00,1.3392,1.33921,1.33903,1.33911,129
1789751520,2026-09-18 17:12:00+00:00,1.33911,1.33911,1.33897,1.33905,133
1789751580,2026-09-18 17:13:00+00:00,1.33905,1.33921,1.33905,1.3392,104
1789751640,2026-09-18 17:14:00+00:00,1.33921,1.33932,1.3392,1.33931,130
1789751700,2026-09-18 17:15:00+00:00,1.33931,1.33933,1.33926,1.33929,105
1789751760,2026-09-18 17:16:00+00:00,1.33929,1.33934,1.33925,1.33928,116
1789751820,2026-09-18 17:17:00+00:00,1.33928,1.33933,1.33925,1.33932,85
1789751880,2026-09-18 17:18:00+00:00,1.33932,1.33941,1.3391899999999999,1.3392,123
1789751940,2026-09-18 17:19:00+00:00,1.33921,1.33931,1.3391899999999999,1.3393,103
1789752000,2026-09-18 17:20:00+00:00,1.3393,1.33937,1.33924,1.33927,143
1789752060,2026-09-18 17:21:00+00:00,1.33927,1.3393,1.33925,1.33927,49
1789752120,2026-09-18 17:22:00+00:00,1.33927,1.3394,1.33926,1.33938,99
1789752180,2026-09-18 17:23:00+00:00,1.33938,1.33941,1.33936,1.33937,131
1789752240,2026-09-18 17:24:00+00:00,1.33937,1.3394,1.33926,1.33931,151
1789752300,2026-09-18 17:25:00+00:00,1.33931,1.33931,1.33925,1.33928,199
1789752360,2026-09-18 17:26:00+00:00,1.33928,1.33929,1.33918,1.33922,185
1789752420,2026-09-18 17:27:00+00:00,1.33922,1.33931,1.3391899999999999,1.33929,176
1789752480,2026-09-18 17:28:00+00:00,1.33929,1.33932,1.3391600000000001,1.33917,174
1789752540,2026-09-18 17:29:00+00:00,1.33917,1.3392,1.33914,1.33917,196
1789752600,2026-09-18 17:30:00+00:00,1.33918,1.33926,1.33915,1.33918,164
1789752660,2026-09-18 17:31:00+00:00,1.33918,1.33921,1.3391600000000001,1.33917,182
1789752720,2026-09-18 17:32:00+00:00,1.33918,1.33922,1.33905,1.33906,176
1789752780,2026-09-18 17:33:00+00:00,1.33906,1.33908,1.33898,1.33899,107
1789752840,2026-09-18 17:34:00+00:00,1.33899,1.33928,1.33898,1.33915,272
1789752900,2026-09-18 17:35:00+00:00,1.33915,1.33922,1.33915,1.3391600000000001,135
1789752960,2026-09-18 17:36:00+00:00,1.3391600000000001,1.33935,1.3391600000000001,1.33932,181
1789753020,2026-09-18 17:37:00+00:00,1.33932,1.33938,1.33917,1.3392,286
1789753080,2026-09-18 17:38:00+00:00,1.3392,1.3394,1.3392,1.33939,209
1789753140,2026-09-18 17:39:00+00:00,1.3394,1.33941,1.33931,1.33933,188
1789753200,2026-09-18 17:40:00+00:00,1.33933,1.33938,1.3393,1.3393,176
1789753260,2026-09-18 17:41:00+00:00,1.3393,1.33936,1.3393,1.33934,154
1789753320,2026-09-18 17:42:00+00:00,1.33934,1.33941,1.33927,1.33939,208
1789753380,2026-09-18 17:43:00+00:00,1.33939,1.33941,1.33927,1.3393,261
1789753440,2026-09-18 17:44:00+00:00,1.3393,1.33934,1.3392,1.33931,230
1789753500,2026-09-18 17:45:00+00:00,1.33931,1.33932,1.33918,1.3391899999999999,268
1789753560,2026-09-18 17:46:00+00:00,1.3391899999999999,1.33921,1.33895,1.33895,304
1789753620,2026-09-18 17:47:00+00:00,1.33895,1.33905,1.33894,1.33896,238
1789753680,2026-09-18 17:48:00+00:00,1.33896,1.33907,1.33896,1.33905,193
1789753740,2026-09-18 17:49:00+00:00,1.33905,1.33907,1.33896,1.33897,114
1789753800,2026-09-18 17:50:00+00:00,1.33897,1.33905,1.33896,1.33898,184
1789753860,2026-09-18 17:51:00+00:00,1.33898,1.339,1.33896,1.33898,187
1789753920,2026-09-18 17:52:00+00:00,1.33897,1.3391,1.33896,1.33906,182
1789753980,2026-09-18 17:53:00+00:00,1.33906,1.3391,1.33905,1.33908,118
1789754040,2026-09-18 17:54:00+00:00,1.33908,1.3391,1.33897,1.33898,134
1789754100,2026-09-18 17:55:00+00:00,1.33897,1.33899,1.33887,1.3388900000000001,146
1789754160,2026-09-18 17:56:00+00:00,1.3388900000000001,1.33903,1.33888,1.33901,202
1789754220,2026-09-18 17:57:00+00:00,1.33901,1.33903,1.33894,1.33896,185
1789754280,2026-09-18 17:58:00+00:00,1.33896,1.33899,1.3388499999999999,1.33887,243
1789754340,2026-09-18 17:59:00+00:00,1.33887,1.33896,1.3388499999999999,1.33895,172
1789754400,2026-09-18 18:00:00+00:00,1.33895,1.33898,1.33883,1.3388499999999999,245
1789754460,2026-09-18 18:01:00+00:00,1.3388499999999999,1.33907,1.3388499999999999,1.33905,194
1789754520,2026-09-18 18:02:00+00:00,1.33905,1.3391199999999999,1.33904,1.3391,100
1789754580,2026-09-18 18:03:00+00:00,1.3391,1.3391,1.33903,1.33905,105
1789754640,2026-09-18 18:04:00+00:00,1.33905,1.33907,1.33896,1.33902,94
1789754700,2026-09-18 18:05:00+00:00,1.33902,1.33906,1.339,1.33906,205
1789754760,2026-09-18 18:06:00+00:00,1.33906,1.3391600000000001,1.33904,1.33913,145
1789754820,2026-09-18 18:07:00+00:00,1.33913,1.33918,1.3391199999999999,1.33918,140
1789754880,2026-09-18 18:08:00+00:00,1.33918,1.3391899999999999,1.33904,1.33905,166
1789754940,2026-09-18 18:09:00+00:00,1.33905,1.33907,1.33903,1.33904,245
1789755000,2026-09-18 18:10:00+00:00,1.33904,1.3391199999999999,1.33898,1.33907,200
1789755060,2026-09-18 18:11:00+00:00,1.33907,1.33911,1.339,1.33903,149
1789755120,2026-09-18 18:12:00+00:00,1.33903,1.33911,1.33903,1.33911,122
1789755180,2026-09-18 18:13:00+00:00,1.33911,1.33913,1.33904,1.33906,188
1789755240,2026-09-18 18:14:00+00:00,1.33906,1.33908,1.33903,1.33905,140
1789755300,2026-09-18 18:15:00+00:00,1.33905,1.33914,1.339,1.33906,234
1789755360,2026-09-18 18:16:00+00:00,1.33905,1.33906,1.33904,1.33904,132
1789755420,2026-09-18 18:17:00+00:00,1.33904,1.33905,1.33887,1.33896,89
1789755480,2026-09-18 18:18:00+00:00,1.33896,1.33896,1.3388499999999999,1.33886,163
1789755540,2026-09-18 18:19:00+00:00,1.33886,1.33888,1.33883,1.33887,117
1789755600,2026-09-18 18:20:00+00:00,1.33887,1.33888,1.3388499999999999,1.33887,170
1789755660,2026-09-18 18:21:00+00:00,1.33886,1.3389,1.3388499999999999,1.33886,168
1789755720,2026-09-18 18:22:00+00:00,1.33886,1.339,1.3388499999999999,1.33897,195
1789755780,2026-09-18 18:23:00+00:00,1.33897,1.33899,1.33895,1.33896,111
1789755840,2026-09-18 18:24:00+00:00,1.33897,1.339,1.33895,1.33898,140
1789755900,2026-09-18 18:25:00+00:00,1.33898,1.339,1.33893,1.33895,196
1789755960,2026-09-18 18:26:00+00:00,1.33895,1.33899,1.33891,1.33897,200
1789756020,2026-09-18 18:27:00+00:00,1.33897,1.339,1.33895,1.33895,135
1789756080,2026-09-18 18:28:00+00:00,1.33895,1.339,1.33895,1.33899,134
1789756140,2026-09-18 18:29:00+00:00,1.33899,1.339,1.33895,1.33899,128
1789756200,2026-09-18 18:30:00+00:00,1.33899,1.339,1.33893,1.33896,238
1789756260,2026-09-18 18:31:00+00:00,1.33896,1.33896,1.33893,1.33895,124
1789756320,2026-09-18 18:32:00+00:00,1.33895,1.33907,1.33893,1.33905,195
1789756380,2026-09-18 18:33:00+00:00,1.33905,1.33907,1.33902,1.33905,168
1789756440,2026-09-18 18:34:00+00:00,1.33905,1.33908,1.33897,1.33907,179
1789756500,2026-09-18 18:35:00+00:00,1.33907,1.33917,1.33906,1.3390900000000001,214
1789756560,2026-09-18 18:36:00+00:00,1.3390900000000001,1.3391,1.33903,1.33908,216
1789756620,2026-09-18 18:37:00+00:00,1.3390900000000001,1.3391,1.33905,1.3390900000000001,158
1789756680,2026-09-18 18:38:00+00:00,1.3391,1.3391,1.33896,1.33897,204
1789756740,2026-09-18 18:39:00+00:00,1.33897,1.33898,1.33893,1.33893,65
1789756800,2026-09-18 18:40:00+00:00,1.33893,1.33895,1.33884,1.3388499999999999,192
1789756860,2026-09-18 18:41:00+00:00,1.3388499999999999,1.33887,1.33877,1.33887,249
1789756920,2026-09-18 18:42:00+00:00,1.33886,1.33887,1.33873,1.33876,271
1789756980,2026-09-18 18:43:00+00:00,1.33876,1.33879,1.33873,1.33877,200
1789757040,2026-09-18 18:44:00+00:00,1.33877,1.33879,1.33873,1.33875,197
1789757100,2026-09-18 18:45:00+00:00,1.33875,1.33887,1.33874,1.33877,197
1789757160,2026-09-18 18:46:00+00:00,1.33877,1.33896,1.33876,1.33895,172
1789757220,2026-09-18 18:47:00+00:00,1.33895,1.33902,1.33894,1.33899,220
1789757280,2026-09-18 18:48:00+00:00,1.33899,1.33918,1.33897,1.33913,236
1789757340,2026-09-18 18:49:00+00:00,1.33913,1.33921,1.33913,1.3391899999999999,187
1789757400,2026-09-18 18:50:00+00:00,1.3391899999999999,1.33928,1.3391600000000001,1.33927,157
1789757460,2026-09-18 18:51:00+00:00,1.33927,1.33927,1.33915,1.33917,204
1789757520,2026-09-18 18:52:00+00:00,1.3391600000000001,1.33917,1.33913,1.3391600000000001,225
1789757580,2026-09-18 18:53:00+00:00,1.3391600000000001,1.33928,1.33914,1.33925,190
1789757640,2026-09-18 18:54:00+00:00,1.33925,1.33927,1.33913,1.33913,164
1789757700,2026-09-18 18:55:00+00:00,1.33913,1.33917,1.33906,1.33915,193
1789757760,2026-09-18 18:56:00+00:00,1.33915,1.3391899999999999,1.33914,1.33917,139
1789757820,2026-09-18 18:57:00+00:00,1.33917,1.33921,1.33915,1.3391600000000001,160
1789757880,2026-09-18 18:58:00+00:00,1.3391600000000001,1.33918,1.33914,1.33917,160
1789757940,2026-09-18 18:59:00+00:00,1.33917,1.3391899999999999,1.339,1.33903,286
1789758000,2026-09-18 19:00:00+00:00,1.33902,1.33918,1.33902,1.33918,165
1789758060,2026-09-18 19:01:00+00:00,1.33918,1.3392,1.33907,1.3390900000000001,170
1789758120,2026-09-18 19:02:00+00:00,1.3390900000000001,1.33911,1.33905,1.33905,175
1789758180,2026-09-18 19:03:00+00:00,1.33905,1.33908,1.33904,1.33908,127
1789758240,2026-09-18 19:04:00+00:00,1.33908,1.33911,1.33904,1.33904,110
1789758300,2026-09-18 19:05:00+00:00,1.33904,1.33918,1.33903,1.3391600000000001,127
1789758360,2026-09-18 19:06:00+00:00,1.33915,1.33918,1.3390900000000001,1.3391,210
1789758420,2026-09-18 19:07:00+00:00,1.3391,1.33911,1.33906,1.3391,127
1789758480,2026-09-18 19:08:00+00:00,1.3390900000000001,1.33921,1.33908,1.33921,153
1789758540,2026-09-18 19:09:00+00:00,1.33921,1.33938,1.33921,1.33937,145
1789758600,2026-09-18 19:10:00+00:00,1.33937,1.3394,1.33933,1.33936,109
1789758660,2026-09-18 19:11:00+00:00,1.33936,1.3394,1.33934,1.33939,99
1789758720,2026-09-18 19:12:00+00:00,1.33939,1.33947,1.33938,1.3394599999999999,125
1789758780,2026-09-18 19:13:00+00:00,1.3394599999999999,1.33956,1.33945,1.33948,209
1789758840,2026-09-18 19:14:00+00:00,1.33947,1.33952,1.33944,1.33949,151
1789758900,2026-09-18 19:15:00+00:00,1.33948,1.33958,1.33947,1.33956,119
1789758960,2026-09-18 19:16:00+00:00,1.33955,1.33962,1.33948,1.33959,226
1789759020,2026-09-18 19:17:00+00:00,1.33959,1.3396,1.33939,1.33942,148
1789759080,2026-09-18 19:18:00+00:00,1.33942,1.3394599999999999,1.33937,1.33944,152
1789759140,2026-09-18 19:19:00+00:00,1.33944,1.3395000000000001,1.33942,1.33944,195
1789759200,2026-09-18 19:20:00+00:00,1.33944,1.33962,1.3394300000000001,1.33959,167
1789759260,2026-09-18 19:21:00+00:00,1.33959,1.33971,1.33958,1.33968,301
1789759320,2026-09-18 19:22:00+00:00,1.33968,1.33976,1.33965,1.33967,167
1789759380,2026-09-18 19:23:00+00:00,1.33967,1.3397299999999999,1.33965,1.33967,123
1789759440,2026-09-18 19:24:00+00:00,1.33967,1.33968,1.33958,1.33966,188
1789759500,2026-09-18 19:25:00+00:00,1.33966,1.33967,1.3394599999999999,1.3394599999999999,173
1789759560,2026-09-18 19:26:00+00:00,1.3394599999999999,1.3395000000000001,1.33938,1.3394,181
1789759620,2026-09-18 19:27:00+00:00,1.3394,1.33947,1.33937,1.3394599999999999,147
1789759680,2026-09-18 19:28:00+00:00,1.33947,1.33956,1.3394599999999999,1.33954,131
1789759740,2026-09-18 19:29:00+00:00,1.33954,1.33958,1.33947,1.33948,217
1789759800,2026-09-18 19:30:00+00:00,1.33948,1.3395000000000001,1.33939,1.33947,211
1789759860,2026-09-18 19:31:00+00:00,1.33947,1.33956,1.33944,1.33948,180
1789759920,2026-09-18 19:32:00+00:00,1.33948,1.3396,1.33948,1.33957,165
1789759980,2026-09-18 19:33:00+00:00,1.33957,1.33959,1.33954,1.33957,175
1789760040,2026-09-18 19:34:00+00:00,1.33957,1.33959,1.33955,1.33956,149
1789760100,2026-09-18 19:35:00+00:00,1.33956,1.33957,1.33945,1.3394599999999999,146
1789760160,2026-09-18 19:36:00+00:00,1.3394599999999999,1.33948,1.33944,1.33947,161
1789760220,2026-09-18 19:37:00+00:00,1.33947,1.33949,1.33945,1.3394599999999999,171
1789760280,2026-09-18 19:38:00+00:00,1.3394599999999999,1.3395000000000001,1.33938,1.33947,226
1789760340,2026-09-18 19:39:00+00:00,1.33947,1.33952,1.3394599999999999,1.33949,130
1789760400,2026-09-18 19:40:00+00:00,1.3395000000000001,1.33951,1.33945,1.33948,174
1789760460,2026-09-18 19:41:00+00:00,1.33949,1.33951,1.33947,1.33949,80
1789760520,2026-09-18 19:42:00+00:00,1.33949,1.33949,1.33944,1.33947,233
1789760580,2026-09-18 19:43:00+00:00,1.33947,1.33948,1.3394,1.33947,198
1789760640,2026-09-18 19:44:00+00:00,1.33947,1.33948,1.33944,1.3394599999999999,173
1789760700,2026-09-18 19:45:00+00:00,1.33945,1.33949,1.33938,1.33948,214
1789760760,2026-09-18 19:46:00+00:00,1.33948,1.33958,1.33947,1.33957,148
1789760820,2026-09-18 19:47:00+00:00,1.33957,1.3396,1.33954,1.33955,161
1789760880,2026-09-18 19:48:00+00:00,1.33955,1.33955,1.33947,1.33947,126
1789760940,2026-09-18 19:49:00+00:00,1.33947,1.33949,1.3394,1.33948,185
1789761000,2026-09-18 19:50:00+00:00,1.33947,1.33958,1.33945,1.33957,207
1789761060,2026-09-18 19:51:00+00:00,1.33957,1.33959,1.33955,1.33957,184
1789761120,2026-09-18 19:52:00+00:00,1.33958,1.33958,1.33948,1.33949,122
1789761180,2026-09-18 19:53:00+00:00,1.33949,1.33951,1.33939,1.3394599999999999,155
1789761240,2026-09-18 19:54:00+00:00,1.3394599999999999,1.33947,1.33933,1.33933,177
1789761300,2026-09-18 19:55:00+00:00,1.33933,1.3394300000000001,1.33933,1.33938,198
1789761360,2026-09-18 19:56:00+00:00,1.33937,1.3394300000000001,1.33937,1.3394300000000001,115
1789761420,2026-09-18 19:57:00+00:00,1.33944,1.33952,1.33944,1.3395000000000001,325
1789761480,2026-09-18 19:58:00+00:00,1.3395000000000001,1.33957,1.33947,1.33954,245
1789761540,2026-09-18 19:59:00+00:00,1.33954,1.33955,1.33939,1.3394,254
1789761600,2026-09-18 20:00:00+00:00,1.3394,1.33949,1.33939,1.33945,299
1789761660,2026-09-18 20:01:00+00:00,1.33945,1.3395000000000001,1.33945,1.33949,182
1789761720,2026-09-18 20:02:00+00:00,1.33949,1.33955,1.3394599999999999,1.33947,147
1789761780,2026-09-18 20:03:00+00:00,1.33947,1.33959,1.3394599999999999,1.33954,152
1789761840,2026-09-18 20:04:00+00:00,1.33954,1.33959,1.33952,1.33957,213
1789761900,2026-09-18 20:05:00+00:00,1.33957,1.33961,1.33948,1.33959,243
1789761960,2026-09-18 20:06:00+00:00,1.33959,1.33961,1.33957,1.33959,131
1789762020,2026-09-18 20:07:00+00:00,1.33959,1.33959,1.33955,1.33957,128
1789762080,2026-09-18 20:08:00+00:00,1.33957,1.33967,1.33957,1.33966,96
1789762140,2026-09-18 20:09:00+00:00,1.33966,1.33968,1.33958,1.3396,35
1789762200,2026-09-18 20:10:00+00:00,1.3396,1.3397700000000001,1.33948,1.33957,186
1789762260,2026-09-18 20:11:00+00:00,1.33957,1.33961,1.3395299999999999,1.3396,103
1789762320,2026-09-18 20:12:00+00:00,1.3396,1.3396,1.33951,1.33957,82
1789762380,2026-09-18 20:13:00+00:00,1.33957,1.33957,1.33949,1.33954,64
1789762440,2026-09-18 20:14:00+00:00,1.33954,1.3396,1.33952,1.33956,105
1789762500,2026-09-18 20:15:00+00:00,1.33956,1.33959,1.33947,1.33957,120
1789762560,2026-09-18 20:16:00+00:00,1.33957,1.3396,1.33956,1.3396,44
1789762620,2026-09-18 20:17:00+00:00,1.3396,1.33969,1.33958,1.33968,69
1789762680,2026-09-18 20:18:00+00:00,1.33969,1.33979,1.33967,1.3397700000000001,47
1789762740,2026-09-18 20:19:00+00:00,1.3397700000000001,1.33979,1.33969,1.33975,91
1789762800,2026-09-18 20:20:00+00:00,1.33975,1.3397700000000001,1.33964,1.33972,123
1789762860,2026-09-18 20:21:00+00:00,1.33972,1.33976,1.33972,1.33974,127
1789762920,2026-09-18 20:22:00+00:00,1.33974,1.3397700000000001,1.33969,1.3397000000000001,46
1789762980,2026-09-18 20:23:00+00:00,1.3397000000000001,1.3397299999999999,1.33965,1.33965,49
1789763040,2026-09-18 20:24:00+00:00,1.33965,1.33969,1.33965,1.33966,117
1789763100,2026-09-18 20:25:00+00:00,1.33966,1.33979,1.33966,1.33976,62
1789763160,2026-09-18 20:26:00+00:00,1.33976,1.3397999999999999,1.3397299999999999,1.33979,103
1789763220,2026-09-18 20:27:00+00:00,1.33979,1.33982,1.33978,1.3397999999999999,23
1789763280,2026-09-18 20:28:00+00:00,1.3397999999999999,1.33981,1.33969,1.33969,36
1789763340,2026-09-18 20:29:00+00:00,1.33969,1.3397299999999999,1.33969,1.3397000000000001,38
1789763400,2026-09-18 20:30:00+00:00,1.3397000000000001,1.33979,1.33969,1.3397700000000001,52
1789763460,2026-09-18 20:31:00+00:00,1.3397700000000001,1.3397700000000001,1.33969,1.33971,28
1789763520,2026-09-18 20:32:00+00:00,1.33971,1.33971,1.33958,1.33959,27
1789763580,2026-09-18 20:33:00+00:00,1.33959,1.33962,1.33958,1.33959,35
1789763640,2026-09-18 20:34:00+00:00,1.33959,1.3396,1.33958,1.33959,7
1789763700,2026-09-18 20:35:00+00:00,1.33959,1.33962,1.33958,1.3396,29
1789763760,2026-09-18 20:36:00+00:00,1.3396,1.3396,1.33956,1.33958,22
1789763820,2026-09-18 20:37:00+00:00,1.33958,1.33959,1.33956,1.33958,40
1789763880,2026-09-18 20:38:00+00:00,1.33958,1.33959,1.33956,1.33957,20
1789763940,2026-09-18 20:39:00+00:00,1.33957,1.33958,1.33948,1.33948,26
1789764000,2026-09-18 20:40:00+00:00,1.33948,1.33948,1.33947,1.33948,17
1789764060,2026-09-18 20:41:00+00:00,1.33948,1.33948,1.33947,1.33948,59
1789764120,2026-09-18 20:42:00+00:00,1.33948,1.33948,1.33947,1.33947,12
1789764180,2026-09-18 20:43:00+00:00,1.33947,1.33949,1.33947,1.33948,11
1789764240,2026-09-18 20:44:00+00:00,1.33948,1.33954,1.33939,1.3395299999999999,55
1789764300,2026-09-18 20:45:00+00:00,1.3395299999999999,1.33966,1.3395000000000001,1.33958,314
1789764360,2026-09-18 20:46:00+00:00,1.33958,1.33959,1.3394,1.33942,304
1789764420,2026-09-18 20:47:00+00:00,1.3394300000000001,1.33949,1.3394300000000001,1.33947,185
1789764480,2026-09-18 20:48:00+00:00,1.33947,1.33948,1.3394,1.33948,267
1789764540,2026-09-18 20:49:00+00:00,1.33948,1.33948,1.3394,1.33942,126
1789764600,2026-09-18 20:50:00+00:00,1.33942,1.3394599999999999,1.33938,1.3394300000000001,49
1789764660,2026-09-18 20:51:00+00:00,1.3394300000000001,1.33947,1.33939,1.33939,69
1789764720,2026-09-18 20:52:00+00:00,1.33939,1.33939,1.33935,1.33937,54
1789764780,2026-09-18 20:53:00+00:00,1.33937,1.33939,1.33937,1.33939,5
1789764840,2026-09-18 20:54:00+00:00,1.33939,1.3394,1.33937,1.33939,49
1789764900,2026-09-18 20:55:00+00:00,1.33939,1.33951,1.33939,1.33948,87
1789764960,2026-09-18 20:56:00+00:00,1.33948,1.33949,1.33938,1.3394,152
1789765020,2026-09-18 20:57:00+00:00,1.3394,1.33945,1.33926,1.33931,286
1789765080,2026-09-18 20:58:00+00:00,1.33931,1.33938,1.33917,1.33936,357
1789765140,2026-09-18 20:59:00+00:00,1.33936,1.33949,1.33935,1.33945,244
1789938000,2026-09-20 21:00:00+00:00,1.33834,1.33834,1.33834,1.33834,1
1789938060,2026-09-20 21:01:00+00:00,1.33834,1.33835,1.33834,1.33834,3
1789938120,2026-09-20 21:02:00+00:00,1.33899,1.33899,1.3388200000000001,1.33883,31
1789938180,2026-09-20 21:03:00+00:00,1.33883,1.33883,1.33877,1.33877,9
1789938240,2026-09-20 21:04:00+00:00,1.33877,1.33897,1.33877,1.33897,33
1789938300,2026-09-20 21:05:00+00:00,1.33897,1.3391,1.33883,1.33897,31
1789938360,2026-09-20 21:06:00+00:00,1.33897,1.33898,1.33897,1.33898,2
1789938420,2026-09-20 21:07:00+00:00,1.33898,1.33905,1.33891,1.33905,8
1789938480,2026-09-20 21:08:00+00:00,1.33905,1.33905,1.3389,1.33897,37
1789938540,2026-09-20 21:09:00+00:00,1.33897,1.33898,1.33896,1.33897,9
1789938600,2026-09-20 21:10:00+00:00,1.33895,1.33906,1.3388900000000001,1.3389,17
1789938660,2026-09-20 21:11:00+00:00,1.3389,1.33891,1.33888,1.3389,7
1789938720,2026-09-20 21:12:00+00:00,1.3389,1.33902,1.3388200000000001,1.33883,10
1789938780,2026-09-20 21:13:00+00:00,1.33891,1.33891,1.3389,1.3389,4
1789938840,2026-09-20 21:14:00+00:00,1.33904,1.33904,1.3389,1.33891,5
1789938900,2026-09-20 21:15:00+00:00,1.33891,1.33906,1.33876,1.33886,28
1789938960,2026-09-20 21:16:00+00:00,1.33886,1.33924,1.33861,1.33876,172
1789939020,2026-09-20 21:17:00+00:00,1.33875,1.33913,1.33869,1.33883,212
1789939080,2026-09-20 21:18:00+00:00,1.33883,1.33905,1.33878,1.3388200000000001,193
1789939140,2026-09-20 21:19:00+00:00,1.3388200000000001,1.3391,1.33878,1.3388499999999999,191
1789939200,2026-09-20 21:20:00+00:00,1.33886,1.3391,1.33875,1.33886,172
1789939260,2026-09-20 21:21:00+00:00,1.33886,1.33918,1.3388200000000001,1.3388499999999999,169
1789939320,2026-09-20 21:22:00+00:00,1.3388200000000001,1.3391,1.3388200000000001,1.33888,171
1789939380,2026-09-20 21:23:00+00:00,1.33888,1.3391199999999999,1.3388200000000001,1.33887,165
1789939440,2026-09-20 21:24:00+00:00,1.33887,1.33908,1.33869,1.3388499999999999,185
1789939500,2026-09-20 21:25:00+00:00,1.3388499999999999,1.3390900000000001,1.33872,1.33902,198
1789939560,2026-09-20 21:26:00+00:00,1.339,1.3390900000000001,1.33872,1.3388900000000001,226
1789939620,2026-09-20 21:27:00+00:00,1.3388900000000001,1.3390900000000001,1.33876,1.33902,220
1789939680,2026-09-20 21:28:00+00:00,1.33902,1.33906,1.33874,1.33881,207
1789939740,2026-09-20 21:29:00+00:00,1.3388,1.33907,1.33875,1.33878,203
1789939800,2026-09-20 21:30:00+00:00,1.33878,1.33913,1.33873,1.3388900000000001,211
1789939860,2026-09-20 21:31:00+00:00,1.3388900000000001,1.3391,1.33875,1.33881,191
1789939920,2026-09-20 21:32:00+00:00,1.33881,1.33911,1.33867,1.33872,179
1789939980,2026-09-20 21:33:00+00:00,1.33872,1.33911,1.33872,1.33881,203
1789940040,2026-09-20 21:34:00+00:00,1.33881,1.33911,1.3385799999999999,1.33908,222
1789940100,2026-09-20 21:35:00+00:00,1.33905,1.3391199999999999,1.33867,1.3391,246
1789940160,2026-09-20 21:36:00+00:00,1.3391,1.3391199999999999,1.33863,1.3388,267
1789940220,2026-09-20 21:37:00+00:00,1.3388,1.33911,1.3386,1.33895,294
1789940280,2026-09-20 21:38:00+00:00,1.33895,1.3390900000000001,1.33863,1.33886,294
1789940340,2026-09-20 21:39:00+00:00,1.33886,1.33906,1.3387,1.33894,257
1789940400,2026-09-20 21:40:00+00:00,1.33894,1.33903,1.33878,1.33878,229
1789940460,2026-09-20 21:41:00+00:00,1.33879,1.33904,1.33879,1.33884,231
1789940520,2026-09-20 21:42:00+00:00,1.3388200000000001,1.33899,1.33875,1.33881,253
1789940580,2026-09-20 21:43:00+00:00,1.33871,1.33899,1.33863,1.33893,213
1789940640,2026-09-20 21:44:00+00:00,1.33893,1.33903,1.33863,1.33873,260
1789940700,2026-09-20 21:45:00+00:00,1.33872,1.33901,1.33864,1.33864,272
1789940760,2026-09-20 21:46:00+00:00,1.33864,1.33906,1.33864,1.3389,266
1789940820,2026-09-20 21:47:00+00:00,1.3389199999999999,1.33921,1.33864,1.3388499999999999,235
1789940880,2026-09-20 21:48:00+00:00,1.3388499999999999,1.33921,1.33862,1.33884,234
1789940940,2026-09-20 21:49:00+00:00,1.3388499999999999,1.33908,1.33863,1.33874,223
1789941000,2026-09-20 21:50:00+00:00,1.33873,1.3391199999999999,1.33869,1.33893,254
1789941060,2026-09-20 21:51:00+00:00,1.33893,1.33904,1.33862,1.33888,296
1789941120,2026-09-20 21:52:00+00:00,1.3389,1.33904,1.33875,1.33898,261
1789941180,2026-09-20 21:53:00+00:00,1.33898,1.33906,1.33881,1.3389,235
1789941240,2026-09-20 21:54:00+00:00,1.3389,1.33913,1.33886,1.33907,96
1789941300,2026-09-20 21:55:00+00:00,1.33907,1.3391899999999999,1.33906,1.3391,25
1789941360,2026-09-20 21:56:00+00:00,1.3391,1.33922,1.33901,1.33904,9
1789941420,2026-09-20 21:57:00+00:00,1.33904,1.33905,1.33902,1.33902,7
1789941480,2026-09-20 21:58:00+00:00,1.33902,1.3390900000000001,1.33901,1.33902,41
1789941540,2026-09-20 21:59:00+00:00,1.33902,1.33902,1.33852,1.33857,49
1789941600,2026-09-20 22:00:00+00:00,1.33857,1.339,1.33857,1.339,123
1789941660,2026-09-20 22:01:00+00:00,1.339,1.33925,1.33899,1.33925,35
1789941720,2026-09-20 22:02:00+00:00,1.33925,1.3393,1.33923,1.33928,17
1789941780,2026-09-20 22:03:00+00:00,1.33928,1.33928,1.33914,1.33917,34
1789941840,2026-09-20 22:04:00+00:00,1.3391899999999999,1.33929,1.33917,1.33929,13
1789941900,2026-09-20 22:05:00+00:00,1.33929,1.33933,1.33927,1.33927,37
1789941960,2026-09-20 22:06:00+00:00,1.33927,1.3393,1.33926,1.33927,9
1789942020,2026-09-20 22:07:00+00:00,1.33927,1.33928,1.33927,1.33927,11
1789942080,2026-09-20 22:08:00+00:00,1.33927,1.33928,1.33921,1.33928,21
1789942140,2026-09-20 22:09:00+00:00,1.33928,1.33929,1.33926,1.33927,23
1789942200,2026-09-20 22:10:00+00:00,1.33927,1.33929,1.33926,1.33927,33
1789942260,2026-09-20 22:11:00+00:00,1.33927,1.33928,1.33926,1.33927,15
1789942320,2026-09-20 22:12:00+00:00,1.33927,1.33929,1.33926,1.33929,39
1789942380,2026-09-20 22:13:00+00:00,1.33929,1.33929,1.33927,1.33928,27
1789942440,2026-09-20 22:14:00+00:00,1.33928,1.3393,1.33928,1.3393,36
1789942500,2026-09-20 22:15:00+00:00,1.3393,1.33931,1.33927,1.33927,33
1789942560,2026-09-20 22:16:00+00:00,1.33927,1.3394,1.33927,1.33939,73
1789942620,2026-09-20 22:17:00+00:00,1.33939,1.33939,1.33937,1.33938,69
1789942680,2026-09-20 22:18:00+00:00,1.33938,1.33938,1.33937,1.33937,34
1789942740,2026-09-20 22:19:00+00:00,1.33937,1.33938,1.33936,1.33937,39
1789942800,2026-09-20 22:20:00+00:00,1.33937,1.33937,1.33936,1.33937,15
1789942860,2026-09-20 22:21:00+00:00,1.33937,1.33939,1.33936,1.33936,62
1789942920,2026-09-20 22:22:00+00:00,1.33936,1.33937,1.33928,1.33931,74
1789942980,2026-09-20 22:23:00+00:00,1.33931,1.33932,1.33931,1.33931,35
1789943040,2026-09-20 22:24:00+00:00,1.33931,1.33932,1.33927,1.33928,42
1789943100,2026-09-20 22:25:00+00:00,1.33929,1.33929,1.33924,1.33925,37
1789943160,2026-09-20 22:26:00+00:00,1.33925,1.33926,1.3391899999999999,1.33924,39
1789943220,2026-09-20 22:27:00+00:00,1.33924,1.33925,1.3391899999999999,1.33921,34
1789943280,2026-09-20 22:28:00+00:00,1.33921,1.33921,1.33917,1.3392,71
1789943340,2026-09-20 22:29:00+00:00,1.3392,1.33923,1.33918,1.3392,35
1789943400,2026-09-20 22:30:00+00:00,1.3392,1.33922,1.33917,1.33918,75
1789943460,2026-09-20 22:31:00+00:00,1.33918,1.33924,1.3391600000000001,1.33917,82
1789943520,2026-09-20 22:32:00+00:00,1.33917,1.33917,1.33907,1.33908,57
1789943580,2026-09-20 22:33:00+00:00,1.33908,1.3390900000000001,1.33904,1.33905,27
1789943640,2026-09-20 22:34:00+00:00,1.33905,1.33905,1.33902,1.33902,22
1789943700,2026-09-20 22:35:00+00:00,1.33902,1.3390900000000001,1.33898,1.33899,83
1789943760,2026-09-20 22:36:00+00:00,1.33899,1.3390900000000001,1.33898,1.3390900000000001,51
1789943820,2026-09-20 22:37:00+00:00,1.33908,1.3391199999999999,1.33908,1.3391199999999999,48
1789943880,2026-09-20 22:38:00+00:00,1.33911,1.33913,1.33907,1.33911,73
1789943940,2026-09-20 22:39:00+00:00,1.33911,1.3391199999999999,1.33905,1.3390900000000001,72
1789944000,2026-09-20 22:40:00+00:00,1.3390900000000001,1.3391,1.33908,1.3390900000000001,17
1789944060,2026-09-20 22:41:00+00:00,1.3390900000000001,1.33911,1.33908,1.3391,34
1789944120,2026-09-20 22:42:00+00:00,1.3391,1.33917,1.33908,1.33911,62
1789944180,2026-09-20 22:43:00+00:00,1.33911,1.3391199999999999,1.3391,1.33911,13
1789944240,2026-09-20 22:44:00+00:00,1.33911,1.33913,1.33911,1.3391199999999999,8
1789944300,2026-09-20 22:45:00+00:00,1.3391199999999999,1.3391199999999999,1.3390900000000001,1.3391,13
1789944360,2026-09-20 22:46:00+00:00,1.3391,1.33911,1.33908,1.3390900000000001,25
1789944420,2026-09-20 22:47:00+00:00,1.3390900000000001,1.33911,1.33905,1.33908,26
1789944480,2026-09-20 22:48:00+00:00,1.33908,1.33908,1.339,1.339,66
1789944540,2026-09-20 22:49:00+00:00,1.339,1.33905,1.339,1.33903,64
1789944600,2026-09-20 22:50:00+00:00,1.33903,1.3390900000000001,1.33902,1.33908,51
1789944660,2026-09-20 22:51:00+00:00,1.33908,1.3391,1.33908,1.33908,13
1789944720,2026-09-20 22:52:00+00:00,1.33908,1.33908,1.33904,1.33905,33
1789944780,2026-09-20 22:53:00+00:00,1.33905,1.33906,1.33904,1.33905,29
1789944840,2026-09-20 22:54:00+00:00,1.33905,1.33908,1.33905,1.33908,21
1789944900,2026-09-20 22:55:00+00:00,1.33908,1.3390900000000001,1.33906,1.33906,27
1789944960,2026-09-20 22:56:00+00:00,1.33906,1.33908,1.33905,1.33907,52
1789945020,2026-09-20 22:57:00+00:00,1.33907,1.33907,1.33905,1.33905,43
1789945080,2026-09-20 22:58:00+00:00,1.33905,1.33906,1.3389,1.33894,77
1789945140,2026-09-20 22:59:00+00:00,1.33894,1.33897,1.33891,1.33893,68
1789945200,2026-09-20 23:00:00+00:00,1.33893,1.33894,1.33888,1.3388900000000001,76
1789945260,2026-09-20 23:01:00+00:00,1.3388900000000001,1.3388900000000001,1.33884,1.3388499999999999,51
1789945320,2026-09-20 23:02:00+00:00,1.3388499999999999,1.33891,1.33883,1.3388900000000001,77
1789945380,2026-09-20 23:03:00+00:00,1.3388900000000001,1.3388900000000001,1.3388200000000001,1.33883,38
1789945440,2026-09-20 23:04:00+00:00,1.33883,1.33887,1.3388,1.33881,117
1789945500,2026-09-20 23:05:00+00:00,1.33881,1.33884,1.33877,1.33877,124
1789945560,2026-09-20 23:06:00+00:00,1.33877,1.33879,1.33877,1.33878,60
1789945620,2026-09-20 23:07:00+00:00,1.33878,1.3388,1.33877,1.33878,64
1789945680,2026-09-20 23:08:00+00:00,1.33878,1.33879,1.33876,1.33877,32
1789945740,2026-09-20 23:09:00+00:00,1.33878,1.33878,1.33877,1.33878,9
1789945800,2026-09-20 23:10:00+00:00,1.33878,1.33878,1.33878,1.33878,1
1789945860,2026-09-20 23:11:00+00:00,1.33878,1.3388900000000001,1.33878,1.33887,63
1789945920,2026-09-20 23:12:00+00:00,1.33887,1.3388900000000001,1.3388499999999999,1.33888,64
1789945980,2026-09-20 23:13:00+00:00,1.33888,1.3389,1.33887,1.3389,24
1789946040,2026-09-20 23:14:00+00:00,1.3389,1.33897,1.33888,1.33897,53
1789946100,2026-09-20 23:15:00+00:00,1.33897,1.33898,1.33887,1.33888,123
1789946160,2026-09-20 23:16:00+00:00,1.33888,1.3388900000000001,1.33884,1.3388499999999999,25
1789946220,2026-09-20 23:17:00+00:00,1.3388499999999999,1.33888,1.3388499999999999,1.33887,51
1789946280,2026-09-20 23:18:00+00:00,1.33887,1.3389,1.33887,1.33887,35
1789946340,2026-09-20 23:19:00+00:00,1.33888,1.33898,1.33887,1.33896,73
1789946400,2026-09-20 23:20:00+00:00,1.33896,1.33898,1.33893,1.33893,67
1789946460,2026-09-20 23:21:00+00:00,1.33893,1.33896,1.33893,1.33895,22
1789946520,2026-09-20 23:22:00+00:00,1.33895,1.33898,1.33894,1.33896,51
1789946580,2026-09-20 23:23:00+00:00,1.33896,1.33899,1.33894,1.33898,92
1789946640,2026-09-20 23:24:00+00:00,1.33898,1.33899,1.33897,1.33898,63
1789946700,2026-09-20 23:25:00+00:00,1.33898,1.339,1.33898,1.33898,22
1789946760,2026-09-20 23:26:00+00:00,1.33899,1.33901,1.33897,1.339,78
1789946820,2026-09-20 23:27:00+00:00,1.339,1.33901,1.33898,1.339,53
1789946880,2026-09-20 23:28:00+00:00,1.339,1.3390900000000001,1.339,1.3390900000000001,16
1789946940,2026-09-20 23:29:00+00:00,1.3390900000000001,1.33911,1.33908,1.3391,26
1789947000,2026-09-20 23:30:00+00:00,1.3391,1.3391,1.33905,1.33908,26
1789947060,2026-09-20 23:31:00+00:00,1.33908,1.33911,1.33908,1.3390900000000001,18
1789947120,2026-09-20 23:32:00+00:00,1.3390900000000001,1.3391,1.33908,1.3390900000000001,11
1789947180,2026-09-20 23:33:00+00:00,1.3390900000000001,1.3390900000000001,1.33899,1.33901,16
1789947240,2026-09-20 23:34:00+00:00,1.33901,1.33908,1.33898,1.339,64
1789947300,2026-09-20 23:35:00+00:00,1.339,1.33903,1.33899,1.339,45
1789947360,2026-09-20 23:36:00+00:00,1.33901,1.33901,1.33899,1.33901,47
1789947420,2026-09-20 23:37:00+00:00,1.33901,1.33906,1.33899,1.339,44
1789947480,2026-09-20 23:38:00+00:00,1.339,1.339,1.33898,1.339,13
1789947540,2026-09-20 23:39:00+00:00,1.339,1.339,1.33899,1.339,11
1789947600,2026-09-20 23:40:00+00:00,1.339,1.339,1.33899,1.33899,22
1789947660,2026-09-20 23:41:00+00:00,1.33899,1.339,1.33899,1.339,8
1789947720,2026-09-20 23:42:00+00:00,1.339,1.339,1.33899,1.33899,2
1789947780,2026-09-20 23:43:00+00:00,1.33899,1.339,1.33899,1.339,10
1789947840,2026-09-20 23:44:00+00:00,1.339,1.33902,1.33891,1.3389199999999999,46
1789947900,2026-09-20 23:45:00+00:00,1.3389199999999999,1.33893,1.3388200000000001,1.3388900000000001,126
1789947960,2026-09-20 23:46:00+00:00,1.3388900000000001,1.3389,1.3388499999999999,1.33887,143
1789948020,2026-09-20 23:47:00+00:00,1.33887,1.33891,1.33886,1.3388900000000001,90
1789948080,2026-09-20 23:48:00+00:00,1.3388900000000001,1.33897,1.33888,1.33897,97
1789948140,2026-09-20 23:49:00+00:00,1.33897,1.33901,1.33895,1.33899,54
1789948200,2026-09-20 23:50:00+00:00,1.33899,1.339,1.33893,1.33898,84
1789948260,2026-09-20 23:51:00+00:00,1.33898,1.33899,1.3388900000000001,1.3388900000000001,59
1789948320,2026-09-20 23:52:00+00:00,1.3388900000000001,1.3389199999999999,1.3388900000000001,1.3389,56
1789948380,2026-09-20 23:53:00+00:00,1.3389,1.3389199999999999,1.33887,1.3388900000000001,63
1789948440,2026-09-20 23:54:00+00:00,1.3388900000000001,1.33893,1.3388200000000001,1.33888,198
1789948500,2026-09-20 23:55:00+00:00,1.33888,1.33899,1.33888,1.33897,74
1789948560,2026-09-20 23:56:00+00:00,1.33897,1.33901,1.33897,1.33899,58
1789948620,2026-09-20 23:57:00+00:00,1.33899,1.339,1.3388900000000001,1.3389,111
1789948680,2026-09-20 23:58:00+00:00,1.3389,1.3389,1.3388499999999999,1.33887,97
1789948740,2026-09-20 23:59:00+00:00,1.33887,1.33893,1.33887,1.33891,118
1789948800,2026-09-21 00:00:00+00:00,1.33891,1.33901,1.3388499999999999,1.3388499999999999,337
1789948860,2026-09-21 00:01:00+00:00,1.3388499999999999,1.33891,1.3388,1.3388900000000001,309
1789948920,2026-09-21 00:02:00+00:00,1.3388900000000001,1.33891,1.33879,1.3388,213
1789948980,2026-09-21 00:03:00+00:00,1.3388,1.33883,1.33877,1.33879,120
1789949040,2026-09-21 00:04:00+00:00,1.33879,1.33888,1.33877,1.3388499999999999,163
1789949100,2026-09-21 00:05:00+00:00,1.33886,1.33893,1.3388499999999999,1.33888,79
1789949160,2026-09-21 00:06:00+00:00,1.33888,1.3388900000000001,1.33887,1.3388900000000001,106
1789949220,2026-09-21 00:07:00+00:00,1.3388900000000001,1.339,1.33888,1.3389199999999999,127
1789949280,2026-09-21 00:08:00+00:00,1.3389199999999999,1.33898,1.33888,1.33895,127
1789949340,2026-09-21 00:09:00+00:00,1.33895,1.33896,1.33888,1.33893,212
1789949400,2026-09-21 00:10:00+00:00,1.33893,1.33894,1.33884,1.33887,141
1789949460,2026-09-21 00:11:00+00:00,1.33887,1.33896,1.33878,1.33894,272
1789949520,2026-09-21 00:12:00+00:00,1.33894,1.33898,1.33888,1.3389,279
1789949580,2026-09-21 00:13:00+00:00,1.3388900000000001,1.33896,1.33886,1.33893,188
1789949640,2026-09-21 00:14:00+00:00,1.33893,1.339,1.33891,1.33899,146
1789949700,2026-09-21 00:15:00+00:00,1.33899,1.339,1.33891,1.33897,188
1789949760,2026-09-21 00:16:00+00:00,1.33897,1.33904,1.3389,1.33894,193
1789949820,2026-09-21 00:17:00+00:00,1.33894,1.33896,1.33888,1.3388900000000001,187
1789949880,2026-09-21 00:18:00+00:00,1.3388900000000001,1.33898,1.33886,1.33886,137
1789949940,2026-09-21 00:19:00+00:00,1.33886,1.33888,1.33886,1.33887,30
1789950000,2026-09-21 00:20:00+00:00,1.33887,1.33887,1.33877,1.33879,123
1789950060,2026-09-21 00:21:00+00:00,1.33879,1.3388200000000001,1.33876,1.33879,105
1789950120,2026-09-21 00:22:00+00:00,1.33879,1.33881,1.33875,1.33878,115
1789950180,2026-09-21 00:23:00+00:00,1.33878,1.3388900000000001,1.33878,1.33888,250
1789950240,2026-09-21 00:24:00+00:00,1.33888,1.33899,1.33887,1.33898,175
1789950300,2026-09-21 00:25:00+00:00,1.33898,1.33898,1.33895,1.33896,85
1789950360,2026-09-21 00:26:00+00:00,1.33896,1.33899,1.33894,1.33897,172
1789950420,2026-09-21 00:27:00+00:00,1.33897,1.33907,1.33895,1.33906,129
1789950480,2026-09-21 00:28:00+00:00,1.33906,1.3390900000000001,1.33904,1.33907,183
1789950540,2026-09-21 00:29:00+00:00,1.33907,1.3390900000000001,1.33906,1.33908,178
1789950600,2026-09-21 00:30:00+00:00,1.33908,1.33911,1.33907,1.33907,115
1789950660,2026-09-21 00:31:00+00:00,1.33907,1.33908,1.33898,1.33908,172
1789950720,2026-09-21 00:32:00+00:00,1.33908,1.33908,1.33904,1.33904,85
1789950780,2026-09-21 00:33:00+00:00,1.33904,1.33917,1.33903,1.3391,128
1789950840,2026-09-21 00:34:00+00:00,1.3391,1.33911,1.33903,1.33906,174
1789950900,2026-09-21 00:35:00+00:00,1.33906,1.33907,1.339,1.33902,241
1789950960,2026-09-21 00:36:00+00:00,1.33902,1.33906,1.33897,1.33904,79
1789951020,2026-09-21 00:37:00+00:00,1.33904,1.3391,1.33898,1.33899,152
1789951080,2026-09-21 00:38:00+00:00,1.33899,1.3390900000000001,1.33899,1.33903,150
1789951140,2026-09-21 00:39:00+00:00,1.33903,1.33918,1.33902,1.33913,183
1789951200,2026-09-21 00:40:00+00:00,1.33913,1.3393,1.33908,1.33922,371
1789951260,2026-09-21 00:41:00+00:00,1.33922,1.33923,1.3391600000000001,1.33917,168
1789951320,2026-09-21 00:42:00+00:00,1.33917,1.33918,1.33905,1.33908,136
1789951380,2026-09-21 00:43:00+00:00,1.33908,1.3391199999999999,1.33906,1.33907,96
1789951440,2026-09-21 00:44:00+00:00,1.33907,1.3391600000000001,1.33907,1.33908,123
1789951500,2026-09-21 00:45:00+00:00,1.33908,1.33911,1.33902,1.33907,145
1789951560,2026-09-21 00:46:00+00:00,1.33907,1.33917,1.33906,1.33908,199
1789951620,2026-09-21 00:47:00+00:00,1.33908,1.3391,1.33906,1.33907,90
1789951680,2026-09-21 00:48:00+00:00,1.33907,1.3390900000000001,1.33901,1.33904,129
1789951740,2026-09-21 00:49:00+00:00,1.33904,1.33907,1.33895,1.33899,194
1789951800,2026-09-21 00:50:00+00:00,1.33899,1.33906,1.33898,1.33903,209
1789951860,2026-09-21 00:51:00+00:00,1.33903,1.3390900000000001,1.33898,1.3390900000000001,207
1789951920,2026-09-21 00:52:00+00:00,1.3390900000000001,1.33911,1.33907,1.3390900000000001,103
1789951980,2026-09-21 00:53:00+00:00,1.3390900000000001,1.3391199999999999,1.33907,1.33908,102
1789952040,2026-09-21 00:54:00+00:00,1.33908,1.3390900000000001,1.33896,1.33896,125
1789952100,2026-09-21 00:55:00+00:00,1.33896,1.33901,1.33894,1.33895,133
1789952160,2026-09-21 00:56:00+00:00,1.33895,1.33898,1.33887,1.33887,71
1789952220,2026-09-21 00:57:00+00:00,1.33887,1.33888,1.33881,1.33881,123
1789952280,2026-09-21 00:58:00+00:00,1.33881,1.33884,1.33878,1.33883,150
1789952340,2026-09-21 00:59:00+00:00,1.33883,1.33891,1.33877,1.33878,235
1789952400,2026-09-21 01:00:00+00:00,1.33877,1.33896,1.33877,1.33894,303
1789952460,2026-09-21 01:01:00+00:00,1.33895,1.33904,1.33893,1.33903,196
1789952520,2026-09-21 01:02:00+00:00,1.33903,1.33903,1.33888,1.33897,180
1789952580,2026-09-21 01:03:00+00:00,1.33897,1.33899,1.3388900000000001,1.3389,180
1789952640,2026-09-21 01:04:00+00:00,1.3389,1.3389,1.33881,1.33887,248
1789952700,2026-09-21 01:05:00+00:00,1.33887,1.33898,1.33881,1.33897,161
1789952760,2026-09-21 01:06:00+00:00,1.33896,1.339,1.33893,1.339,104
1789952820,2026-09-21 01:07:00+00:00,1.339,1.33905,1.33896,1.33903,95
1789952880,2026-09-21 01:08:00+00:00,1.33903,1.3390900000000001,1.33902,1.33905,89
1789952940,2026-09-21 01:09:00+00:00,1.33905,1.3391600000000001,1.33901,1.33914,207
1789953000,2026-09-21 01:10:00+00:00,1.33914,1.3391899999999999,1.33907,1.33917,214
1789953060,2026-09-21 01:11:00+00:00,1.33917,1.3391899999999999,1.33911,1.33917,167
1789953120,2026-09-21 01:12:00+00:00,1.33917,1.3391899999999999,1.33911,1.33915,151
1789953180,2026-09-21 01:13:00+00:00,1.33914,1.33924,1.33913,1.33915,170
1789953240,2026-09-21 01:14:00+00:00,1.33915,1.33917,1.33899,1.33906,229
1789953300,2026-09-21 01:15:00+00:00,1.33906,1.3391,1.33897,1.33908,279
1789953360,2026-09-21 01:16:00+00:00,1.33908,1.33913,1.33901,1.3390900000000001,232
1789953420,2026-09-21 01:17:00+00:00,1.3390900000000001,1.3391899999999999,1.33908,1.3391,235
1789953480,2026-09-21 01:18:00+00:00,1.3391,1.33913,1.33907,1.33907,124
1789953540,2026-09-21 01:19:00+00:00,1.33907,1.33913,1.33904,1.33905,149
1789953600,2026-09-21 01:20:00+00:00,1.33905,1.3391,1.33902,1.3390900000000001,237
1789953660,2026-09-21 01:21:00+00:00,1.3390900000000001,1.33915,1.33902,1.3391199999999999,261
1789953720,2026-09-21 01:22:00+00:00,1.33911,1.33917,1.33908,1.33911,144
1789953780,2026-09-21 01:23:00+00:00,1.33911,1.33911,1.33901,1.33906,124
1789953840,2026-09-21 01:24:00+00:00,1.33906,1.33922,1.33905,1.3391600000000001,145
1789953900,2026-09-21 01:25:00+00:00,1.3391600000000001,1.33918,1.33908,1.3391,286
1789953960,2026-09-21 01:26:00+00:00,1.3391,1.33918,1.33907,1.33911,187
1789954020,2026-09-21 01:27:00+00:00,1.33911,1.3392,1.33907,1.3392,170
1789954080,2026-09-21 01:28:00+00:00,1.3392,1.33921,1.33911,1.33917,183
1789954140,2026-09-21 01:29:00+00:00,1.33917,1.33918,1.33908,1.3391199999999999,125
1789954200,2026-09-21 01:30:00+00:00,1.3391199999999999,1.33918,1.33906,1.3391,230
1789954260,2026-09-21 01:31:00+00:00,1.3391,1.3391199999999999,1.33907,1.3390900000000001,127
1789954320,2026-09-21 01:32:00+00:00,1.3390900000000001,1.3391899999999999,1.33906,1.33918,258
1789954380,2026-09-21 01:33:00+00:00,1.33918,1.3391899999999999,1.3391199999999999,1.33918,236
1789954440,2026-09-21 01:34:00+00:00,1.33918,1.3391899999999999,1.33911,1.3391199999999999,224
1789954500,2026-09-21 01:35:00+00:00,1.3391199999999999,1.33915,1.33906,1.33907,147
1789954560,2026-09-21 01:36:00+00:00,1.33907,1.3390900000000001,1.33901,1.33902,131
1789954620,2026-09-21 01:37:00+00:00,1.33901,1.33906,1.33899,1.33903,295
1789954680,2026-09-21 01:38:00+00:00,1.33903,1.33905,1.33898,1.339,151
1789954740,2026-09-21 01:39:00+00:00,1.339,1.3391,1.339,1.3391,95
1789954800,2026-09-21 01:40:00+00:00,1.3391,1.33917,1.33908,1.33914,298
1789954860,2026-09-21 01:41:00+00:00,1.33914,1.33918,1.33908,1.33911,170
1789954920,2026-09-21 01:42:00+00:00,1.33911,1.33913,1.33905,1.33911,105
1789954980,2026-09-21 01:43:00+00:00,1.33911,1.33927,1.33911,1.33925,202
1789955040,2026-09-21 01:44:00+00:00,1.33925,1.33932,1.3392,1.33927,110
1789955100,2026-09-21 01:45:00+00:00,1.33927,1.33928,1.3391899999999999,1.33921,187
1789955160,2026-09-21 01:46:00+00:00,1.33921,1.33926,1.3392,1.33925,216
1789955220,2026-09-21 01:47:00+00:00,1.33925,1.33926,1.3392,1.33921,233
1789955280,2026-09-21 01:48:00+00:00,1.33921,1.33926,1.33918,1.33922,239
1789955340,2026-09-21 01:49:00+00:00,1.33922,1.33925,1.33918,1.3391899999999999,177
1789955400,2026-09-21 01:50:00+00:00,1.3391899999999999,1.33926,1.33917,1.33918,208
1789955460,2026-09-21 01:51:00+00:00,1.33918,1.33928,1.33918,1.33927,140
1789955520,2026-09-21 01:52:00+00:00,1.33927,1.33929,1.33922,1.33927,170
1789955580,2026-09-21 01:53:00+00:00,1.33927,1.3393,1.33926,1.33927,72
1789955640,2026-09-21 01:54:00+00:00,1.33927,1.33928,1.33921,1.33926,237
1789955700,2026-09-21 01:55:00+00:00,1.33926,1.33933,1.33918,1.3391899999999999,247
1789955760,2026-09-21 01:56:00+00:00,1.3391899999999999,1.3392,1.33911,1.33913,179
1789955820,2026-09-21 01:57:00+00:00,1.33913,1.33914,1.33906,1.33907,145
1789955880,2026-09-21 01:58:00+00:00,1.33907,1.3390900000000001,1.33888,1.33891,204
1789955940,2026-09-21 01:59:00+00:00,1.33891,1.3389199999999999,1.33888,1.33891,218
1789956000,2026-09-21 02:00:00+00:00,1.3389,1.33893,1.33886,1.3388900000000001,239
1789956060,2026-09-21 02:01:00+00:00,1.3388900000000001,1.33896,1.33888,1.3389199999999999,225
1789956120,2026-09-21 02:02:00+00:00,1.3389199999999999,1.33895,1.33888,1.3388900000000001,180
1789956180,2026-09-21 02:03:00+00:00,1.3388900000000001,1.3389,1.33886,1.3389,79
1789956240,2026-09-21 02:04:00+00:00,1.3389,1.33894,1.3388900000000001,1.33891,113
1789956300,2026-09-21 02:05:00+00:00,1.33891,1.33891,1.33883,1.33886,189
1789956360,2026-09-21 02:06:00+00:00,1.33886,1.33887,1.33876,1.33879,122
1789956420,2026-09-21 02:07:00+00:00,1.33879,1.3388,1.33869,1.33869,84
1789956480,2026-09-21 02:08:00+00:00,1.33869,1.33881,1.33869,1.33881,127
1789956540,2026-09-21 02:09:00+00:00,1.33881,1.3388200000000001,1.3388,1.33881,51
1789956600,2026-09-21 02:10:00+00:00,1.33881,1.3388200000000001,1.33869,1.3387,122
1789956660,2026-09-21 02:11:00+00:00,1.3387,1.33878,1.33868,1.33876,82
1789956720,2026-09-21 02:12:00+00:00,1.33876,1.3388,1.33876,1.3388,85
1789956780,2026-09-21 02:13:00+00:00,1.3388,1.33884,1.33878,1.33879,130
1789956840,2026-09-21 02:14:00+00:00,1.33879,1.33879,1.33869,1.33871,73
1789956900,2026-09-21 02:15:00+00:00,1.33871,1.33874,1.33869,1.33872,139
1789956960,2026-09-21 02:16:00+00:00,1.33872,1.33878,1.33869,1.33877,133
1789957020,2026-09-21 02:17:00+00:00,1.33876,1.33878,1.33871,1.33878,232
1789957080,2026-09-21 02:18:00+00:00,1.33878,1.3388,1.33875,1.33878,107
1789957140,2026-09-21 02:19:00+00:00,1.33878,1.33879,1.33873,1.33874,56
1789957200,2026-09-21 02:20:00+00:00,1.33874,1.33878,1.33866,1.33866,63
1789957260,2026-09-21 02:21:00+00:00,1.33866,1.33867,1.33863,1.33866,49
1789957320,2026-09-21 02:22:00+00:00,1.33866,1.33869,1.33866,1.33868,55
1789957380,2026-09-21 02:23:00+00:00,1.33868,1.33869,1.33862,1.33866,65
1789957440,2026-09-21 02:24:00+00:00,1.33866,1.33867,1.33857,1.33861,117
1789957500,2026-09-21 02:25:00+00:00,1.33861,1.33867,1.33857,1.33861,133
1789957560,2026-09-21 02:26:00+00:00,1.33861,1.33863,1.33859,1.33863,62
1789957620,2026-09-21 02:27:00+00:00,1.33863,1.33867,1.3386,1.33861,119
1789957680,2026-09-21 02:28:00+00:00,1.33861,1.33865,1.3386,1.33864,128
1789957740,2026-09-21 02:29:00+00:00,1.33864,1.33866,1.3385799999999999,1.3386,101
1789957800,2026-09-21 02:30:00+00:00,1.3386,1.33865,1.33859,1.33861,138
1789957860,2026-09-21 02:31:00+00:00,1.33861,1.33862,1.33857,1.3385799999999999,146
1789957920,2026-09-21 02:32:00+00:00,1.3385799999999999,1.33864,1.33856,1.33861,141
1789957980,2026-09-21 02:33:00+00:00,1.33861,1.33861,1.33856,1.33857,84
1789958040,2026-09-21 02:34:00+00:00,1.33857,1.3385799999999999,1.33856,1.3385799999999999,88
1789958100,2026-09-21 02:35:00+00:00,1.33857,1.33859,1.33849,1.33857,119
1789958160,2026-09-21 02:36:00+00:00,1.33857,1.33863,1.33856,1.3385799999999999,97
1789958220,2026-09-21 02:37:00+00:00,1.3385799999999999,1.33864,1.33857,1.33859,89
1789958280,2026-09-21 02:38:00+00:00,1.3386,1.33865,1.3386,1.33864,116
1789958340,2026-09-21 02:39:00+00:00,1.33864,1.33866,1.33861,1.33862,139
1789958400,2026-09-21 02:40:00+00:00,1.33862,1.33865,1.33856,1.33856,112
1789958460,2026-09-21 02:41:00+00:00,1.33856,1.3385799999999999,1.33856,1.33857,58
1789958520,2026-09-21 02:42:00+00:00,1.33857,1.3385799999999999,1.33856,1.33856,56
1789958580,2026-09-21 02:43:00+00:00,1.33856,1.33861,1.33856,1.33859,107
1789958640,2026-09-21 02:44:00+00:00,1.33859,1.3386,1.33856,1.33857,102
1789958700,2026-09-21 02:45:00+00:00,1.3385799999999999,1.3386,1.33857,1.33859,106
1789958760,2026-09-21 02:46:00+00:00,1.33859,1.33864,1.33857,1.33864,122
1789958820,2026-09-21 02:47:00+00:00,1.33864,1.33864,1.33853,1.33854,137
1789958880,2026-09-21 02:48:00+00:00,1.33854,1.3385799999999999,1.33846,1.33847,173
1789958940,2026-09-21 02:49:00+00:00,1.33847,1.3384800000000001,1.33843,1.33846,65
1789959000,2026-09-21 02:50:00+00:00,1.33846,1.33847,1.33843,1.33844,119
1789959060,2026-09-21 02:51:00+00:00,1.33844,1.33845,1.33836,1.33837,150
1789959120,2026-09-21 02:52:00+00:00,1.33837,1.33843,1.33835,1.33841,64
1789959180,2026-09-21 02:53:00+00:00,1.33841,1.33842,1.33836,1.33837,50
1789959240,2026-09-21 02:54:00+00:00,1.33837,1.33839,1.33826,1.33827,102
1789959300,2026-09-21 02:55:00+00:00,1.33827,1.3383099999999999,1.33826,1.33827,118
1789959360,2026-09-21 02:56:00+00:00,1.33827,1.33832,1.33827,1.33829,121
1789959420,2026-09-21 02:57:00+00:00,1.33829,1.33832,1.33823,1.3382399999999999,140
1789959480,2026-09-21 02:58:00+00:00,1.3382399999999999,1.33829,1.3382100000000001,1.3382399999999999,169
1789959540,2026-09-21 02:59:00+00:00,1.3382399999999999,1.33829,1.33823,1.33827,149
1789959600,2026-09-21 03:00:00+00:00,1.33827,1.33829,1.33826,1.33827,101
1789959660,2026-09-21 03:01:00+00:00,1.33827,1.33827,1.3382100000000001,1.33827,124
1789959720,2026-09-21 03:02:00+00:00,1.33827,1.3382800000000001,1.33817,1.3382100000000001,108
1789959780,2026-09-21 03:03:00+00:00,1.3382100000000001,1.33825,1.33815,1.33818,144
1789959840,2026-09-21 03:04:00+00:00,1.33818,1.33827,1.33816,1.33827,231
1789959900,2026-09-21 03:05:00+00:00,1.33827,1.33827,1.33817,1.33818,89
1789959960,2026-09-21 03:06:00+00:00,1.33818,1.3382800000000001,1.33816,1.33818,106
1789960020,2026-09-21 03:07:00+00:00,1.33818,1.33819,1.33815,1.33815,74
1789960080,2026-09-21 03:08:00+00:00,1.33815,1.33818,1.33815,1.33818,140
1789960140,2026-09-21 03:09:00+00:00,1.33818,1.33818,1.3381,1.33815,126
1789960200,2026-09-21 03:10:00+00:00,1.33815,1.33816,1.33807,1.33812,76
1789960260,2026-09-21 03:11:00+00:00,1.33812,1.33818,1.33812,1.33816,52
1789960320,2026-09-21 03:12:00+00:00,1.33816,1.3382800000000001,1.33816,1.33827,93
1789960380,2026-09-21 03:13:00+00:00,1.33827,1.33836,1.33826,1.33834,120
1789960440,2026-09-21 03:14:00+00:00,1.33834,1.3384800000000001,1.33834,1.33847,60
1789960500,2026-09-21 03:15:00+00:00,1.33847,1.3385099999999999,1.33844,1.3385,67
1789960560,2026-09-21 03:16:00+00:00,1.3385,1.33867,1.3385,1.33867,66
1789960620,2026-09-21 03:17:00+00:00,1.33867,1.33868,1.33865,1.33867,57
1789960680,2026-09-21 03:18:00+00:00,1.33866,1.33871,1.33864,1.33869,89
1789960740,2026-09-21 03:19:00+00:00,1.33869,1.33871,1.33866,1.33867,118
1789960800,2026-09-21 03:20:00+00:00,1.33867,1.33868,1.33857,1.33859,79
1789960860,2026-09-21 03:21:00+00:00,1.33859,1.33862,1.3385,1.3385500000000001,103
1789960920,2026-09-21 03:22:00+00:00,1.3385500000000001,1.33859,1.33846,1.33847,114
1789960980,2026-09-21 03:23:00+00:00,1.33846,1.3385,1.33837,1.3384,180
1789961040,2026-09-21 03:24:00+00:00,1.3384,1.33842,1.33827,1.33838,133
1789961100,2026-09-21 03:25:00+00:00,1.33838,1.33841,1.33802,1.33803,198
1789961160,2026-09-21 03:26:00+00:00,1.33803,1.33827,1.33795,1.33818,186
1789961220,2026-09-21 03:27:00+00:00,1.33818,1.3382800000000001,1.33817,1.33827,57
1789961280,2026-09-21 03:28:00+00:00,1.33827,1.33836,1.33826,1.3382800000000001,38
1789961340,2026-09-21 03:29:00+00:00,1.3382800000000001,1.33832,1.3382399999999999,1.33827,126
1789961400,2026-09-21 03:30:00+00:00,1.33827,1.33829,1.33808,1.3382,140
1789961460,2026-09-21 03:31:00+00:00,1.3382,1.3382800000000001,1.33818,1.33827,171
1789961520,2026-09-21 03:32:00+00:00,1.33827,1.33836,1.33825,1.33832,103
1789961580,2026-09-21 03:33:00+00:00,1.33832,1.33835,1.3382800000000001,1.33829,81
1789961640,2026-09-21 03:34:00+00:00,1.33829,1.33838,1.33829,1.33836,207
1789961700,2026-09-21 03:35:00+00:00,1.33836,1.3384,1.33833,1.33838,96
1789961760,2026-09-21 03:36:00+00:00,1.33838,1.33838,1.33827,1.3383099999999999,144
1789961820,2026-09-21 03:37:00+00:00,1.3383099999999999,1.33838,1.3382800000000001,1.33835,129
1789961880,2026-09-21 03:38:00+00:00,1.33835,1.3384,1.33834,1.33838,44
1789961940,2026-09-21 03:39:00+00:00,1.33838,1.33841,1.33837,1.33838,22
1789962000,2026-09-21 03:40:00+00:00,1.33838,1.3384,1.3382800000000001,1.33838,91
1789962060,2026-09-21 03:41:00+00:00,1.33838,1.3384,1.33837,1.33838,41
1789962120,2026-09-21 03:42:00+00:00,1.33838,1.33838,1.3382800000000001,1.33829,91
1789962180,2026-09-21 03:43:00+00:00,1.33829,1.33833,1.3382399999999999,1.33825,134
1789962240,2026-09-21 03:44:00+00:00,1.33825,1.33829,1.3382399999999999,1.33825,97
1789962300,2026-09-21 03:45:00+00:00,1.33826,1.33839,1.3382399999999999,1.33838,62
1789962360,2026-09-21 03:46:00+00:00,1.33838,1.33844,1.33838,1.33842,44
1789962420,2026-09-21 03:47:00+00:00,1.33842,1.33843,1.33835,1.33838,52
1789962480,2026-09-21 03:48:00+00:00,1.33838,1.33838,1.33827,1.3382800000000001,86
1789962540,2026-09-21 03:49:00+00:00,1.3382800000000001,1.33834,1.33827,1.33832,107
1789962600,2026-09-21 03:50:00+00:00,1.33832,1.33833,1.33827,1.3383,49
1789962660,2026-09-21 03:51:00+00:00,1.3383,1.3383,1.33827,1.3382800000000001,37
1789962720,2026-09-21 03:52:00+00:00,1.33829,1.33834,1.3382399999999999,1.33826,79
1789962780,2026-09-21 03:53:00+00:00,1.33826,1.3382800000000001,1.33819,1.33827,172
1789962840,2026-09-21 03:54:00+00:00,1.33827,1.33827,1.33815,1.33817,146
1789962900,2026-09-21 03:55:00+00:00,1.33817,1.3382,1.33816,1.33817,143
1789962960,2026-09-21 03:56:00+00:00,1.33817,1.3382100000000001,1.33817,1.3382,35
1789963020,2026-09-21 03:57:00+00:00,1.3382,1.3382100000000001,1.33817,1.3382,26
1789963080,2026-09-21 03:58:00+00:00,1.33819,1.3382399999999999,1.33819,1.33823,72
1789963140,2026-09-21 03:59:00+00:00,1.33823,1.33825,1.33817,1.33823,86
1789963200,2026-09-21 04:00:00+00:00,1.3382399999999999,1.3382800000000001,1.33816,1.33818,134
1789963260,2026-09-21 04:01:00+00:00,1.33818,1.33819,1.33818,1.33818,13
1789963320,2026-09-21 04:02:00+00:00,1.33818,1.33825,1.33818,1.33823,85
1789963380,2026-09-21 04:03:00+00:00,1.33823,1.3382399999999999,1.33817,1.33819,87
1789963440,2026-09-21 04:04:00+00:00,1.33819,1.33819,1.33816,1.33818,41
1789963500,2026-09-21 04:05:00+00:00,1.33818,1.3382100000000001,1.33818,1.33818,30
1789963560,2026-09-21 04:06:00+00:00,1.33818,1.3382,1.33807,1.33809,51
1789963620,2026-09-21 04:07:00+00:00,1.33809,1.33816,1.33807,1.3381,146
1789963680,2026-09-21 04:08:00+00:00,1.3381,1.33815,1.33808,1.33814,56
1789963740,2026-09-21 04:09:00+00:00,1.33814,1.33823,1.3381,1.33819,62
1789963800,2026-09-21 04:10:00+00:00,1.33819,1.33827,1.33819,1.3382399999999999,137
1789963860,2026-09-21 04:11:00+00:00,1.3382399999999999,1.3382399999999999,1.33814,1.33818,51
1789963920,2026-09-21 04:12:00+00:00,1.33818,1.33827,1.33817,1.33826,101
1789963980,2026-09-21 04:13:00+00:00,1.33827,1.3383,1.33825,1.3382800000000001,36
1789964040,2026-09-21 04:14:00+00:00,1.3382800000000001,1.3383,1.3382800000000001,1.33829,20
1789964100,2026-09-21 04:15:00+00:00,1.33829,1.33833,1.3382800000000001,1.33829,16
1789964160,2026-09-21 04:16:00+00:00,1.33829,1.33839,1.33829,1.33839,102
1789964220,2026-09-21 04:17:00+00:00,1.33839,1.33839,1.33827,1.33829,76
1789964280,2026-09-21 04:18:00+00:00,1.33829,1.33835,1.33829,1.33833,83
1789964340,2026-09-21 04:19:00+00:00,1.33833,1.33834,1.33829,1.33829,129
1789964400,2026-09-21 04:20:00+00:00,1.33829,1.33837,1.3382800000000001,1.3383,159
1789964460,2026-09-21 04:21:00+00:00,1.3383,1.33834,1.3382800000000001,1.3383,43
1789964520,2026-09-21 04:22:00+00:00,1.3383,1.3383099999999999,1.33825,1.3382800000000001,87
1789964580,2026-09-21 04:23:00+00:00,1.3382800000000001,1.3382800000000001,1.33819,1.3382,67
1789964640,2026-09-21 04:24:00+00:00,1.3382,1.33827,1.33819,1.33827,219
1789964700,2026-09-21 04:25:00+00:00,1.33827,1.3382800000000001,1.33784,1.3378999999999999,221
1789964760,2026-09-21 04:26:00+00:00,1.33788,1.33805,1.33781,1.3378999999999999,215
1789964820,2026-09-21 04:27:00+00:00,1.3378999999999999,1.3379699999999999,1.33782,1.33783,196
1789964880,2026-09-21 04:28:00+00:00,1.33783,1.33783,1.33773,1.33775,191
1789964940,2026-09-21 04:29:00+00:00,1.33775,1.33777,1.3376299999999999,1.3377,172
1789965000,2026-09-21 04:30:00+00:00,1.3377,1.33771,1.33751,1.33753,150
1789965060,2026-09-21 04:31:00+00:00,1.33753,1.33754,1.33742,1.33743,34
1789965120,2026-09-21 04:32:00+00:00,1.33743,1.3376700000000001,1.3373599999999999,1.33766,151
1789965180,2026-09-21 04:33:00+00:00,1.33766,1.3376700000000001,1.33759,1.33765,149
1789965240,2026-09-21 04:34:00+00:00,1.33765,1.33776,1.33764,1.33776,181
1789965300,2026-09-21 04:35:00+00:00,1.33776,1.33779,1.33774,1.33777,93
1789965360,2026-09-21 04:36:00+00:00,1.33777,1.33777,1.33771,1.33772,77
1789965420,2026-09-21 04:37:00+00:00,1.33772,1.3378,1.33766,1.33779,133
1789965480,2026-09-21 04:38:00+00:00,1.33779,1.33784,1.33779,1.33781,105
1789965540,2026-09-21 04:39:00+00:00,1.33781,1.33788,1.33776,1.33788,89
1789965600,2026-09-21 04:40:00+00:00,1.33788,1.33793,1.33786,1.3378700000000001,38
1789965660,2026-09-21 04:41:00+00:00,1.3378700000000001,1.33795,1.3378700000000001,1.33793,34
1789965720,2026-09-21 04:42:00+00:00,1.33793,1.33796,1.33788,1.33788,116
1789965780,2026-09-21 04:43:00+00:00,1.33788,1.33798,1.33788,1.3379699999999999,43
1789965840,2026-09-21 04:44:00+00:00,1.3379699999999999,1.3379699999999999,1.33785,1.33786,27
1789965900,2026-09-21 04:45:00+00:00,1.33786,1.33788,1.33786,1.33788,21
1789965960,2026-09-21 04:46:00+00:00,1.33788,1.33788,1.33785,1.33786,59
1789966020,2026-09-21 04:47:00+00:00,1.33786,1.33788,1.33784,1.33786,62
1789966080,2026-09-21 04:48:00+00:00,1.33786,1.33789,1.33784,1.3378700000000001,31
1789966140,2026-09-21 04:49:00+00:00,1.3378700000000001,1.33789,1.33786,1.33786,19
1789966200,2026-09-21 04:50:00+00:00,1.33786,1.3378700000000001,1.33784,1.33785,37
1789966260,2026-09-21 04:51:00+00:00,1.33785,1.33786,1.33777,1.33785,76
1789966320,2026-09-21 04:52:00+00:00,1.33785,1.33788,1.33784,1.33786,50
1789966380,2026-09-21 04:53:00+00:00,1.33786,1.3378700000000001,1.33784,1.33786,38
1789966440,2026-09-21 04:54:00+00:00,1.33786,1.33788,1.33783,1.33786,36
1789966500,2026-09-21 04:55:00+00:00,1.33786,1.3379400000000001,1.33786,1.3378999999999999,85
1789966560,2026-09-21 04:56:00+00:00,1.3378999999999999,1.33795,1.33785,1.33786,59
1789966620,2026-09-21 04:57:00+00:00,1.33786,1.33788,1.33782,1.3378700000000001,63
1789966680,2026-09-21 04:58:00+00:00,1.3378700000000001,1.3378700000000001,1.33776,1.33777,107
1789966740,2026-09-21 04:59:00+00:00,1.33777,1.33784,1.33776,1.33781,98
1789966800,2026-09-21 05:00:00+00:00,1.33781,1.33786,1.33775,1.33777,69
1789966860,2026-09-21 05:01:00+00:00,1.33777,1.33777,1.33774,1.33777,29
1789966920,2026-09-21 05:02:00+00:00,1.33777,1.33778,1.33775,1.33778,52
1789966980,2026-09-21 05:03:00+00:00,1.33778,1.33782,1.33775,1.33777,23
1789967040,2026-09-21 05:04:00+00:00,1.33777,1.33778,1.33774,1.33774,24
1789967100,2026-09-21 05:05:00+00:00,1.33774,1.33778,1.33773,1.33777,36
1789967160,2026-09-21 05:06:00+00:00,1.33777,1.33785,1.33776,1.33784,52
1789967220,2026-09-21 05:07:00+00:00,1.33784,1.3378700000000001,1.33779,1.33783,42
1789967280,2026-09-21 05:08:00+00:00,1.33783,1.33788,1.33777,1.33781,129
1789967340,2026-09-21 05:09:00+00:00,1.33781,1.33786,1.33777,1.33783,118
1789967400,2026-09-21 05:10:00+00:00,1.33783,1.3378700000000001,1.33779,1.3378700000000001,97
1789967460,2026-09-21 05:11:00+00:00,1.3378700000000001,1.33788,1.33785,1.3378700000000001,14
1789967520,2026-09-21 05:12:00+00:00,1.3378700000000001,1.3378700000000001,1.33785,1.33786,162
1789967580,2026-09-21 05:13:00+00:00,1.33786,1.3378700000000001,1.33777,1.33777,108
1789967640,2026-09-21 05:14:00+00:00,1.33777,1.3378700000000001,1.33777,1.3378700000000001,36
1789967700,2026-09-21 05:15:00+00:00,1.3378700000000001,1.33788,1.33782,1.33785,54
1789967760,2026-09-21 05:16:00+00:00,1.33785,1.33788,1.33784,1.33788,55
1789967820,2026-09-21 05:17:00+00:00,1.33788,1.33788,1.33776,1.33778,66
1789967880,2026-09-21 05:18:00+00:00,1.33778,1.33789,1.33777,1.33788,115
1789967940,2026-09-21 05:19:00+00:00,1.33788,1.3378999999999999,1.33779,1.33782,97
1789968000,2026-09-21 05:20:00+00:00,1.33782,1.33783,1.33776,1.33777,110
1789968060,2026-09-21 05:21:00+00:00,1.33778,1.33783,1.33776,1.3378,152
1789968120,2026-09-21 05:22:00+00:00,1.3378,1.3378,1.33773,1.33776,87
1789968180,2026-09-21 05:23:00+00:00,1.33776,1.33777,1.33774,1.33777,39
1789968240,2026-09-21 05:24:00+00:00,1.33777,1.33778,1.33776,1.33777,19
1789968300,2026-09-21 05:25:00+00:00,1.33777,1.33777,1.3377,1.33774,69
1789968360,2026-09-21 05:26:00+00:00,1.33774,1.33776,1.33774,1.33775,32
1789968420,2026-09-21 05:27:00+00:00,1.33775,1.33777,1.33765,1.3376700000000001,80
1789968480,2026-09-21 05:28:00+00:00,1.3376700000000001,1.33768,1.33764,1.33765,65
1789968540,2026-09-21 05:29:00+00:00,1.33765,1.33768,1.3376000000000001,1.3376700000000001,87
1789968600,2026-09-21 05:30:00+00:00,1.3376700000000001,1.33771,1.33764,1.33768,108
1789968660,2026-09-21 05:31:00+00:00,1.33768,1.33777,1.3376700000000001,1.33777,82
1789968720,2026-09-21 05:32:00+00:00,1.33777,1.33777,1.33765,1.33766,120
1789968780,2026-09-21 05:33:00+00:00,1.33766,1.33769,1.33759,1.33768,157
1789968840,2026-09-21 05:34:00+00:00,1.33768,1.33769,1.33765,1.33769,60
1789968900,2026-09-21 05:35:00+00:00,1.33768,1.33768,1.33755,1.33758,148
1789968960,2026-09-21 05:36:00+00:00,1.33758,1.33762,1.33755,1.33757,155
1789969020,2026-09-21 05:37:00+00:00,1.33757,1.3376299999999999,1.33755,1.3376299999999999,70
1789969080,2026-09-21 05:38:00+00:00,1.3376299999999999,1.3376299999999999,1.33756,1.33761,89
1789969140,2026-09-21 05:39:00+00:00,1.33761,1.3377,1.33761,1.33769,131
1789969200,2026-09-21 05:40:00+00:00,1.33769,1.33771,1.33766,1.33769,60
1789969260,2026-09-21 05:41:00+00:00,1.33768,1.3377,1.33766,1.3376700000000001,56
1789969320,2026-09-21 05:42:00+00:00,1.33766,1.3376700000000001,1.33755,1.33757,57
1789969380,2026-09-21 05:43:00+00:00,1.33757,1.3376700000000001,1.33757,1.33758,65
1789969440,2026-09-21 05:44:00+00:00,1.33759,1.3376299999999999,1.33757,1.33762,64
1789969500,2026-09-21 05:45:00+00:00,1.33762,1.3376299999999999,1.33754,1.33755,84
1789969560,2026-09-21 05:46:00+00:00,1.33755,1.33757,1.33753,1.33755,68
1789969620,2026-09-21 05:47:00+00:00,1.33755,1.33758,1.33755,1.33757,47
1789969680,2026-09-21 05:48:00+00:00,1.33757,1.33758,1.33755,1.33757,17
1789969740,2026-09-21 05:49:00+00:00,1.33757,1.3376299999999999,1.33756,1.33757,62
1789969800,2026-09-21 05:50:00+00:00,1.33757,1.3376700000000001,1.33757,1.3376700000000001,48
1789969860,2026-09-21 05:51:00+00:00,1.3376700000000001,1.33768,1.33757,1.33762,104
1789969920,2026-09-21 05:52:00+00:00,1.33762,1.33765,1.33757,1.33764,61
1789969980,2026-09-21 05:53:00+00:00,1.33764,1.33769,1.33764,1.33768,37
1789970040,2026-09-21 05:54:00+00:00,1.33768,1.3377,1.3376299999999999,1.33765,68
1789970100,2026-09-21 05:55:00+00:00,1.33765,1.3376700000000001,1.33758,1.3376299999999999,187
1789970160,2026-09-21 05:56:00+00:00,1.3376299999999999,1.33765,1.33755,1.33757,146
1789970220,2026-09-21 05:57:00+00:00,1.33757,1.33768,1.33755,1.33764,121
1789970280,2026-09-21 05:58:00+00:00,1.33764,1.33765,1.33753,1.33757,175
1789970340,2026-09-21 05:59:00+00:00,1.33757,1.3376000000000001,1.33755,1.33758,76
1789970400,2026-09-21 06:00:00+00:00,1.33758,1.33764,1.33744,1.33752,402
1789970460,2026-09-21 06:01:00+00:00,1.33752,1.33757,1.33751,1.33754,289
1789970520,2026-09-21 06:02:00+00:00,1.33754,1.33754,1.33739,1.33739,212
1789970580,2026-09-21 06:03:00+00:00,1.33739,1.3374,1.33732,1.33732,150
1789970640,2026-09-21 06:04:00+00:00,1.33732,1.33735,1.33725,1.33731,271
1789970700,2026-09-21 06:05:00+00:00,1.33731,1.33738,1.33725,1.3373300000000001,250
1789970760,2026-09-21 06:06:00+00:00,1.3373300000000001,1.33738,1.33732,1.33737,183
1789970820,2026-09-21 06:07:00+00:00,1.33737,1.33739,1.33732,1.33737,130
1789970880,2026-09-21 06:08:00+00:00,1.3373599999999999,1.33737,1.3372600000000001,1.33734,143
1789970940,2026-09-21 06:09:00+00:00,1.3373300000000001,1.33737,1.33731,1.33734,108
1789971000,2026-09-21 06:10:00+00:00,1.33734,1.33739,1.3373300000000001,1.33737,70
1789971060,2026-09-21 06:11:00+00:00,1.33737,1.33745,1.3372899999999999,1.33743,201
1789971120,2026-09-21 06:12:00+00:00,1.33743,1.33747,1.3373599999999999,1.33738,175
1789971180,2026-09-21 06:13:00+00:00,1.33738,1.33738,1.3373300000000001,1.33737,213
1789971240,2026-09-21 06:14:00+00:00,1.33737,1.33749,1.33737,1.33745,203
1789971300,2026-09-21 06:15:00+00:00,1.33745,1.33749,1.33743,1.33747,111
1789971360,2026-09-21 06:16:00+00:00,1.33747,1.33747,1.3373599999999999,1.33739,140
1789971420,2026-09-21 06:17:00+00:00,1.33739,1.33745,1.3373300000000001,1.33734,170
1789971480,2026-09-21 06:18:00+00:00,1.33735,1.33744,1.33732,1.33744,101
1789971540,2026-09-21 06:19:00+00:00,1.33744,1.33748,1.33742,1.33744,97
1789971600,2026-09-21 06:20:00+00:00,1.33744,1.33749,1.33739,1.33744,142
1789971660,2026-09-21 06:21:00+00:00,1.33745,1.33747,1.33739,1.33744,200
1789971720,2026-09-21 06:22:00+00:00,1.33744,1.33757,1.33743,1.33756,123
1789971780,2026-09-21 06:23:00+00:00,1.33756,1.33768,1.33755,1.33765,152
1789971840,2026-09-21 06:24:00+00:00,1.33765,1.33768,1.33758,1.33768,106
1789971900,2026-09-21 06:25:00+00:00,1.33768,1.33775,1.3376700000000001,1.33775,92
1789971960,2026-09-21 06:26:00+00:00,1.33775,1.33782,1.33765,1.33778,124
1789972020,2026-09-21 06:27:00+00:00,1.33778,1.33779,1.33775,1.33776,123
1789972080,2026-09-21 06:28:00+00:00,1.33776,1.33784,1.33776,1.33783,138
1789972140,2026-09-21 06:29:00+00:00,1.33783,1.33793,1.33782,1.33788,137
1789972200,2026-09-21 06:30:00+00:00,1.33788,1.33792,1.33777,1.33784,142
1789972260,2026-09-21 06:31:00+00:00,1.33784,1.33785,1.33766,1.33776,169
1789972320,2026-09-21 06:32:00+00:00,1.33776,1.33779,1.33774,1.33776,103
1789972380,2026-09-21 06:33:00+00:00,1.33776,1.33788,1.33773,1.33775,159
1789972440,2026-09-21 06:34:00+00:00,1.33775,1.33784,1.33772,1.33778,147
1789972500,2026-09-21 06:35:00+00:00,1.33778,1.33784,1.33775,1.33776,100
1789972560,2026-09-21 06:36:00+00:00,1.33776,1.33779,1.33772,1.33777,96
1789972620,2026-09-21 06:37:00+00:00,1.33777,1.33779,1.33774,1.33777,106
1789972680,2026-09-21 06:38:00+00:00,1.33777,1.3378,1.33774,1.33779,111
1789972740,2026-09-21 06:39:00+00:00,1.33779,1.33782,1.33777,1.33779,77
1789972800,2026-09-21 06:40:00+00:00,1.33779,1.33791,1.33776,1.3378999999999999,133
1789972860,2026-09-21 06:41:00+00:00,1.3378999999999999,1.33799,1.33783,1.33786,203
1789972920,2026-09-21 06:42:00+00:00,1.33786,1.3378700000000001,1.33779,1.33784,129
1789972980,2026-09-21 06:43:00+00:00,1.33784,1.3379400000000001,1.33784,1.33792,149
1789973040,2026-09-21 06:44:00+00:00,1.33792,1.33807,1.3378999999999999,1.338,195
1789973100,2026-09-21 06:45:00+00:00,1.338,1.33803,1.33795,1.33798,136
1789973160,2026-09-21 06:46:00+00:00,1.33798,1.33826,1.3379400000000001,1.33825,174
1789973220,2026-09-21 06:47:00+00:00,1.33825,1.33829,1.3382399999999999,1.3382800000000001,144
1789973280,2026-09-21 06:48:00+00:00,1.3382800000000001,1.3382800000000001,1.33823,1.33823,132
1789973340,2026-09-21 06:49:00+00:00,1.3382399999999999,1.3382399999999999,1.33814,1.33819,107
1789973400,2026-09-21 06:50:00+00:00,1.33819,1.3383,1.33819,1.3382800000000001,149
1789973460,2026-09-21 06:51:00+00:00,1.3382800000000001,1.3383,1.33823,1.3382800000000001,134
1789973520,2026-09-21 06:52:00+00:00,1.3382800000000001,1.33833,1.3382399999999999,1.33825,121
1789973580,2026-09-21 06:53:00+00:00,1.33825,1.33826,1.33812,1.33817,195
1789973640,2026-09-21 06:54:00+00:00,1.33816,1.33817,1.33804,1.33804,147
1789973700,2026-09-21 06:55:00+00:00,1.33804,1.33812,1.33802,1.3381,199
1789973760,2026-09-21 06:56:00+00:00,1.3381,1.33814,1.33802,1.33802,207
1789973820,2026-09-21 06:57:00+00:00,1.33802,1.33806,1.33768,1.33768,207
1789973880,2026-09-21 06:58:00+00:00,1.33768,1.33781,1.3376700000000001,1.33773,258
1789973940,2026-09-21 06:59:00+00:00,1.33773,1.33775,1.3377,1.33773,187
1789974000,2026-09-21 07:00:00+00:00,1.33772,1.33778,1.3373300000000001,1.3373599999999999,419
1789974060,2026-09-21 07:01:00+00:00,1.3373599999999999,1.33738,1.33713,1.33716,335
1789974120,2026-09-21 07:02:00+00:00,1.33716,1.33719,1.3369900000000001,1.33703,223
1789974180,2026-09-21 07:03:00+00:00,1.33704,1.33722,1.33704,1.33716,185
1789974240,2026-09-21 07:04:00+00:00,1.33717,1.33728,1.33712,1.33717,199
1789974300,2026-09-21 07:05:00+00:00,1.33717,1.3372,1.3370600000000001,1.33718,244
1789974360,2026-09-21 07:06:00+00:00,1.33718,1.33725,1.33711,1.33715,269
1789974420,2026-09-21 07:07:00+00:00,1.33715,1.3373,1.33712,1.3372899999999999,150
1789974480,2026-09-21 07:08:00+00:00,1.3372899999999999,1.3373,1.33711,1.33713,215
1789974540,2026-09-21 07:09:00+00:00,1.33713,1.33727,1.33712,1.33717,180
1789974600,2026-09-21 07:10:00+00:00,1.33717,1.33718,1.33689,1.33694,251
1789974660,2026-09-21 07:11:00+00:00,1.33694,1.33705,1.33693,1.3369900000000001,261
1789974720,2026-09-21 07:12:00+00:00,1.3369900000000001,1.33708,1.3369,1.33695,233
1789974780,2026-09-21 07:13:00+00:00,1.33695,1.33708,1.33685,1.33707,193
1789974840,2026-09-21 07:14:00+00:00,1.33707,1.3372600000000001,1.3370600000000001,1.33725,269
1789974900,2026-09-21 07:15:00+00:00,1.33725,1.3372899999999999,1.33719,1.33727,198
1789974960,2026-09-21 07:16:00+00:00,1.33727,1.33739,1.33724,1.33737,156
1789975020,2026-09-21 07:17:00+00:00,1.33737,1.33741,1.33734,1.33738,118
1789975080,2026-09-21 07:18:00+00:00,1.33738,1.3374,1.3372600000000001,1.33738,193
1789975140,2026-09-21 07:19:00+00:00,1.33738,1.33749,1.33737,1.33747,154
1789975200,2026-09-21 07:20:00+00:00,1.33747,1.33764,1.33744,1.33759,177
1789975260,2026-09-21 07:21:00+00:00,1.33759,1.33769,1.33756,1.3376299999999999,203
1789975320,2026-09-21 07:22:00+00:00,1.3376299999999999,1.3376700000000001,1.33749,1.3376700000000001,218
1789975380,2026-09-21 07:23:00+00:00,1.3376700000000001,1.33782,1.33765,1.33779,148
1789975440,2026-09-21 07:24:00+00:00,1.33779,1.33782,1.33766,1.33768,150
1789975500,2026-09-21 07:25:00+00:00,1.33768,1.33774,1.33764,1.3376700000000001,143
1789975560,2026-09-21 07:26:00+00:00,1.3376700000000001,1.33778,1.33766,1.33775,167
1789975620,2026-09-21 07:27:00+00:00,1.33775,1.3378999999999999,1.33773,1.3378700000000001,120
1789975680,2026-09-21 07:28:00+00:00,1.3378700000000001,1.3378999999999999,1.33784,1.33785,132
1789975740,2026-09-21 07:29:00+00:00,1.33785,1.33796,1.33783,1.33785,105
1789975800,2026-09-21 07:30:00+00:00,1.33785,1.3378999999999999,1.33778,1.3378,99
1789975860,2026-09-21 07:31:00+00:00,1.3378,1.33802,1.33779,1.33799,220
1789975920,2026-09-21 07:32:00+00:00,1.33799,1.338,1.33781,1.33784,155
1789975980,2026-09-21 07:33:00+00:00,1.33784,1.33801,1.33783,1.3379699999999999,151
1789976040,2026-09-21 07:34:00+00:00,1.3379699999999999,1.33799,1.33789,1.3379400000000001,149
1789976100,2026-09-21 07:35:00+00:00,1.3379400000000001,1.3379699999999999,1.33786,1.3378999999999999,101
1789976160,2026-09-21 07:36:00+00:00,1.3378999999999999,1.3378999999999999,1.33768,1.33768,89
1789976220,2026-09-21 07:37:00+00:00,1.33768,1.33774,1.33759,1.3376000000000001,91
1789976280,2026-09-21 07:38:00+00:00,1.3376000000000001,1.33768,1.33755,1.3376299999999999,150
1789976340,2026-09-21 07:39:00+00:00,1.3376299999999999,1.33777,1.33759,1.33776,142
1789976400,2026-09-21 07:40:00+00:00,1.33776,1.33784,1.33773,1.33778,84
1789976460,2026-09-21 07:41:00+00:00,1.33778,1.33781,1.33773,1.33773,151
1789976520,2026-09-21 07:42:00+00:00,1.33773,1.33781,1.3376700000000001,1.33777,156
1789976580,2026-09-21 07:43:00+00:00,1.33777,1.33788,1.3377,1.33777,195
1789976640,2026-09-21 07:44:00+00:00,1.33777,1.33799,1.33776,1.3378999999999999,183
1789976700,2026-09-21 07:45:00+00:00,1.33788,1.33791,1.33779,1.3378999999999999,146
1789976760,2026-09-21 07:46:00+00:00,1.3378999999999999,1.33792,1.3378,1.33789,139
1789976820,2026-09-21 07:47:00+00:00,1.33789,1.33793,1.3378,1.33788,168
1789976880,2026-09-21 07:48:00+00:00,1.33788,1.33818,1.33788,1.33818,212
1789976940,2026-09-21 07:49:00+00:00,1.33818,1.3382100000000001,1.33806,1.33808,148
1789977000,2026-09-21 07:50:00+00:00,1.33808,1.33811,1.33805,1.33807,132
1789977060,2026-09-21 07:51:00+00:00,1.33807,1.33814,1.33798,1.33806,193
1789977120,2026-09-21 07:52:00+00:00,1.33806,1.33815,1.33799,1.33813,174
1789977180,2026-09-21 07:53:00+00:00,1.33813,1.3382,1.33807,1.33808,160
1789977240,2026-09-21 07:54:00+00:00,1.33808,1.33811,1.33803,1.33805,75
1789977300,2026-09-21 07:55:00+00:00,1.33805,1.33817,1.33799,1.33815,135
1789977360,2026-09-21 07:56:00+00:00,1.33815,1.33827,1.33814,1.3382,142
1789977420,2026-09-21 07:57:00+00:00,1.3382,1.3382,1.33798,1.33803,160
1789977480,2026-09-21 07:58:00+00:00,1.33803,1.33809,1.33802,1.33807,187
1789977540,2026-09-21 07:59:00+00:00,1.33807,1.33807,1.33795,1.33796,176
1789977600,2026-09-21 08:00:00+00:00,1.33795,1.3381,1.33795,1.33803,313
1789977660,2026-09-21 08:01:00+00:00,1.33803,1.33809,1.33798,1.33808,214
1789977720,2026-09-21 08:02:00+00:00,1.33808,1.33813,1.3379699999999999,1.33798,228
1789977780,2026-09-21 08:03:00+00:00,1.33798,1.3381,1.3379699999999999,1.33809,179
1789977840,2026-09-21 08:04:00+00:00,1.33809,1.33819,1.33808,1.33814,160
1789977900,2026-09-21 08:05:00+00:00,1.33814,1.33819,1.33804,1.33808,269
1789977960,2026-09-21 08:06:00+00:00,1.33808,1.3382100000000001,1.33807,1.33816,170
1789978020,2026-09-21 08:07:00+00:00,1.33816,1.33817,1.33805,1.33807,158
1789978080,2026-09-21 08:08:00+00:00,1.33807,1.3382,1.33807,1.33819,154
1789978140,2026-09-21 08:09:00+00:00,1.33819,1.3382800000000001,1.33811,1.33825,218
1789978200,2026-09-21 08:10:00+00:00,1.33825,1.33862,1.3382399999999999,1.3385799999999999,311
1789978260,2026-09-21 08:11:00+00:00,1.33859,1.33859,1.33845,1.33849,172
1789978320,2026-09-21 08:12:00+00:00,1.33849,1.33869,1.33847,1.33866,278
1789978380,2026-09-21 08:13:00+00:00,1.33866,1.33867,1.3385099999999999,1.33854,114
1789978440,2026-09-21 08:14:00+00:00,1.33854,1.3386,1.33844,1.3384800000000001,137
1789978500,2026-09-21 08:15:00+00:00,1.3384800000000001,1.33849,1.33836,1.33837,192
1789978560,2026-09-21 08:16:00+00:00,1.33837,1.3385,1.33835,1.3384800000000001,172
1789978620,2026-09-21 08:17:00+00:00,1.3384800000000001,1.3385799999999999,1.3384800000000001,1.33849,133
1789978680,2026-09-21 08:18:00+00:00,1.33849,1.33854,1.33839,1.33839,116
1789978740,2026-09-21 08:19:00+00:00,1.33839,1.33846,1.3382800000000001,1.3383,128
1789978800,2026-09-21 08:20:00+00:00,1.3383,1.3385099999999999,1.33829,1.3385,99
1789978860,2026-09-21 08:21:00+00:00,1.3385,1.33852,1.3384,1.33841,166
1789978920,2026-09-21 08:22:00+00:00,1.33841,1.33859,1.3384,1.33849,125
1789978980,2026-09-21 08:23:00+00:00,1.33849,1.3385,1.33838,1.33845,87
1789979040,2026-09-21 08:24:00+00:00,1.33845,1.33845,1.33838,1.33839,132
1789979100,2026-09-21 08:25:00+00:00,1.33839,1.33854,1.33838,1.33853,107
1789979160,2026-09-21 08:26:00+00:00,1.33853,1.33853,1.33847,1.3385099999999999,38
1789979220,2026-09-21 08:27:00+00:00,1.3385,1.33857,1.33846,1.33849,177
1789979280,2026-09-21 08:28:00+00:00,1.3384800000000001,1.33857,1.33845,1.3385,129
1789979340,2026-09-21 08:29:00+00:00,1.3385,1.3385099999999999,1.3384,1.33843,135
1789979400,2026-09-21 08:30:00+00:00,1.33844,1.33859,1.33842,1.33859,174
1789979460,2026-09-21 08:31:00+00:00,1.33859,1.33867,1.33847,1.33862,163
1789979520,2026-09-21 08:32:00+00:00,1.33862,1.33875,1.33861,1.33869,171
1789979580,2026-09-21 08:33:00+00:00,1.33869,1.33878,1.33868,1.33877,185
1789979640,2026-09-21 08:34:00+00:00,1.33877,1.33884,1.33873,1.33884,118
1789979700,2026-09-21 08:35:00+00:00,1.33883,1.33884,1.33866,1.33868,303
1789979760,2026-09-21 08:36:00+00:00,1.33868,1.33868,1.33853,1.3385500000000001,195
1789979820,2026-09-21 08:37:00+00:00,1.3385500000000001,1.33856,1.33844,1.33846,124
1789979880,2026-09-21 08:38:00+00:00,1.33846,1.3386,1.33841,1.33859,144
1789979940,2026-09-21 08:39:00+00:00,1.33859,1.33868,1.33857,1.33859,109
1789980000,2026-09-21 08:40:00+00:00,1.33859,1.33861,1.33854,1.3386,154
1789980060,2026-09-21 08:41:00+00:00,1.3386,1.33874,1.3385799999999999,1.33868,187
1789980120,2026-09-21 08:42:00+00:00,1.33868,1.33872,1.3385799999999999,1.33865,154
1789980180,2026-09-21 08:43:00+00:00,1.33865,1.33869,1.3386,1.3386,190
1789980240,2026-09-21 08:44:00+00:00,1.3386,1.33869,1.33859,1.33869,86
1789980300,2026-09-21 08:45:00+00:00,1.33869,1.33881,1.33861,1.33878,167
1789980360,2026-09-21 08:46:00+00:00,1.33878,1.33887,1.33878,1.33883,210
1789980420,2026-09-21 08:47:00+00:00,1.33883,1.33887,1.33876,1.33878,189
1789980480,2026-09-21 08:48:00+00:00,1.33878,1.33888,1.33877,1.33883,171
1789980540,2026-09-21 08:49:00+00:00,1.33883,1.33886,1.3388,1.3388,129
1789980600,2026-09-21 08:50:00+00:00,1.3388,1.33881,1.33867,1.33868,228
1789980660,2026-09-21 08:51:00+00:00,1.33868,1.33878,1.33864,1.33866,223
1789980720,2026-09-21 08:52:00+00:00,1.33866,1.33878,1.33865,1.33871,130
1789980780,2026-09-21 08:53:00+00:00,1.33871,1.33871,1.33856,1.33864,188
1789980840,2026-09-21 08:54:00+00:00,1.33864,1.33868,1.33842,1.33843,213
1789980900,2026-09-21 08:55:00+00:00,1.33843,1.33849,1.33838,1.33842,183
1789980960,2026-09-21 08:56:00+00:00,1.33842,1.33843,1.33827,1.3382800000000001,219
1789981020,2026-09-21 08:57:00+00:00,1.3382800000000001,1.33834,1.33825,1.33833,198
1789981080,2026-09-21 08:58:00+00:00,1.33833,1.33844,1.33832,1.33833,175
1789981140,2026-09-21 08:59:00+00:00,1.33833,1.33833,1.33827,1.33829,162
1789981200,2026-09-21 09:00:00+00:00,1.3383,1.33846,1.3382800000000001,1.33837,192
1789981260,2026-09-21 09:01:00+00:00,1.33836,1.33838,1.33826,1.3382800000000001,142
1789981320,2026-09-21 09:02:00+00:00,1.33827,1.3383,1.33825,1.33825,126
1789981380,2026-09-21 09:03:00+00:00,1.33825,1.3383,1.33823,1.33829,133
1789981440,2026-09-21 09:04:00+00:00,1.3383,1.3383,1.33818,1.3382800000000001,151
1789981500,2026-09-21 09:05:00+00:00,1.33827,1.33838,1.33826,1.33834,133
1789981560,2026-09-21 09:06:00+00:00,1.33834,1.33839,1.33833,1.33838,76
1789981620,2026-09-21 09:07:00+00:00,1.33838,1.33856,1.33837,1.3385500000000001,169
1789981680,2026-09-21 09:08:00+00:00,1.3385500000000001,1.33865,1.3385,1.33859,254
1789981740,2026-09-21 09:09:00+00:00,1.33859,1.3386,1.33846,1.33854,94
1789981800,2026-09-21 09:10:00+00:00,1.33854,1.33857,1.33846,1.33847,137
1789981860,2026-09-21 09:11:00+00:00,1.33847,1.3385,1.33845,1.33846,160
1789981920,2026-09-21 09:12:00+00:00,1.33846,1.3385799999999999,1.33843,1.33856,146
1789981980,2026-09-21 09:13:00+00:00,1.33856,1.33856,1.33846,1.33846,119
1789982040,2026-09-21 09:14:00+00:00,1.33846,1.33867,1.33846,1.33865,164
1789982100,2026-09-21 09:15:00+00:00,1.33865,1.33868,1.33852,1.33856,156
1789982160,2026-09-21 09:16:00+00:00,1.33856,1.33866,1.33853,1.33866,145
1789982220,2026-09-21 09:17:00+00:00,1.33866,1.3387,1.33861,1.33867,145
1789982280,2026-09-21 09:18:00+00:00,1.33867,1.33869,1.33864,1.33864,103
1789982340,2026-09-21 09:19:00+00:00,1.33864,1.33867,1.3385099999999999,1.33857,129
1789982400,2026-09-21 09:20:00+00:00,1.33857,1.3385799999999999,1.3384800000000001,1.3384800000000001,104
1789982460,2026-09-21 09:21:00+00:00,1.3384800000000001,1.3385799999999999,1.33846,1.33857,74
1789982520,2026-09-21 09:22:00+00:00,1.33857,1.33857,1.33838,1.33849,134
1789982580,2026-09-21 09:23:00+00:00,1.33849,1.33857,1.33847,1.33854,135
1789982640,2026-09-21 09:24:00+00:00,1.33854,1.3386,1.3384800000000001,1.33854,214
1789982700,2026-09-21 09:25:00+00:00,1.33854,1.33856,1.33844,1.33844,108
1789982760,2026-09-21 09:26:00+00:00,1.33844,1.33847,1.33839,1.33842,83
1789982820,2026-09-21 09:27:00+00:00,1.33842,1.33844,1.33827,1.33835,164
1789982880,2026-09-21 09:28:00+00:00,1.33835,1.33841,1.33833,1.33836,161
1789982940,2026-09-21 09:29:00+00:00,1.33836,1.3384,1.33832,1.33835,111
1789983000,2026-09-21 09:30:00+00:00,1.33835,1.33837,1.3383099999999999,1.33837,126
1789983060,2026-09-21 09:31:00+00:00,1.33837,1.33846,1.33826,1.33827,172
1789983120,2026-09-21 09:32:00+00:00,1.33827,1.33834,1.33823,1.33829,127
1789983180,2026-09-21 09:33:00+00:00,1.33829,1.33835,1.33823,1.33826,129
1789983240,2026-09-21 09:34:00+00:00,1.33826,1.33827,1.33814,1.33818,112
1789983300,2026-09-21 09:35:00+00:00,1.33818,1.33829,1.33818,1.33827,196
1789983360,2026-09-21 09:36:00+00:00,1.33827,1.33837,1.33826,1.33835,133
1789983420,2026-09-21 09:37:00+00:00,1.33835,1.33846,1.33835,1.33845,152
1789983480,2026-09-21 09:38:00+00:00,1.33845,1.33853,1.33844,1.33853,110
1789983540,2026-09-21 09:39:00+00:00,1.33853,1.3386,1.33846,1.33857,128
1789983600,2026-09-21 09:40:00+00:00,1.33857,1.33857,1.33852,1.33854,105
1789983660,2026-09-21 09:41:00+00:00,1.33854,1.33856,1.33843,1.33844,115
1789983720,2026-09-21 09:42:00+00:00,1.33844,1.33857,1.33844,1.33856,119
1789983780,2026-09-21 09:43:00+00:00,1.33856,1.33866,1.33853,1.33854,98
1789983840,2026-09-21 09:44:00+00:00,1.33853,1.33853,1.33826,1.33827,107
1789983900,2026-09-21 09:45:00+00:00,1.33827,1.33835,1.33818,1.33818,188
1789983960,2026-09-21 09:46:00+00:00,1.33818,1.33825,1.33813,1.33813,172
1789984020,2026-09-21 09:47:00+00:00,1.33813,1.33819,1.33808,1.33808,128
1789984080,2026-09-21 09:48:00+00:00,1.33808,1.33814,1.33805,1.33812,97
1789984140,2026-09-21 09:49:00+00:00,1.33812,1.33812,1.3379699999999999,1.3379699999999999,107
1789984200,2026-09-21 09:50:00+00:00,1.3379699999999999,1.33818,1.3379699999999999,1.33807,124
1789984260,2026-09-21 09:51:00+00:00,1.33807,1.33819,1.33798,1.33818,128
1789984320,2026-09-21 09:52:00+00:00,1.33818,1.33822,1.33813,1.33816,94
1789984380,2026-09-21 09:53:00+00:00,1.33816,1.3382,1.33813,1.33816,104
1789984440,2026-09-21 09:54:00+00:00,1.33816,1.33836,1.33816,1.33835,128
1789984500,2026-09-21 09:55:00+00:00,1.33835,1.33837,1.3382800000000001,1.33836,99
1789984560,2026-09-21 09:56:00+00:00,1.33836,1.33836,1.33817,1.33817,179
1789984620,2026-09-21 09:57:00+00:00,1.33818,1.33819,1.33809,1.33814,159
1789984680,2026-09-21 09:58:00+00:00,1.33814,1.33827,1.3381,1.33825,177
1789984740,2026-09-21 09:59:00+00:00,1.33826,1.33843,1.33823,1.33836,180
1789984800,2026-09-21 10:00:00+00:00,1.33836,1.33839,1.33827,1.3382800000000001,162
1789984860,2026-09-21 10:01:00+00:00,1.3382800000000001,1.33835,1.33823,1.3382800000000001,166
1789984920,2026-09-21 10:02:00+00:00,1.3382800000000001,1.33839,1.33827,1.33837,146
1789984980,2026-09-21 10:03:00+00:00,1.33837,1.33849,1.33835,1.33844,217
1789985040,2026-09-21 10:04:00+00:00,1.33844,1.33844,1.33836,1.33837,114
1789985100,2026-09-21 10:05:00+00:00,1.33837,1.33847,1.33833,1.33834,180
1789985160,2026-09-21 10:06:00+00:00,1.33834,1.33839,1.33833,1.33837,83
1789985220,2026-09-21 10:07:00+00:00,1.33837,1.33846,1.33834,1.33838,166
1789985280,2026-09-21 10:08:00+00:00,1.33838,1.33841,1.33835,1.3384,128
1789985340,2026-09-21 10:09:00+00:00,1.3384,1.33847,1.33834,1.33846,131
1789985400,2026-09-21 10:10:00+00:00,1.33846,1.33847,1.33837,1.33837,70
1789985460,2026-09-21 10:11:00+00:00,1.33837,1.3384,1.33829,1.33836,138
1789985520,2026-09-21 10:12:00+00:00,1.33836,1.3384,1.33834,1.33839,100
1789985580,2026-09-21 10:13:00+00:00,1.33839,1.3385,1.33838,1.3384800000000001,139
1789985640,2026-09-21 10:14:00+00:00,1.3384800000000001,1.33849,1.33838,1.3384,114
1789985700,2026-09-21 10:15:00+00:00,1.3384,1.3384800000000001,1.33838,1.33846,208
1789985760,2026-09-21 10:16:00+00:00,1.33846,1.33847,1.33829,1.33836,208
1789985820,2026-09-21 10:17:00+00:00,1.33836,1.33843,1.3383,1.3384,110
1789985880,2026-09-21 10:18:00+00:00,1.3384,1.33844,1.33836,1.3384,135
1789985940,2026-09-21 10:19:00+00:00,1.3384,1.33842,1.33834,1.33834,57
1789986000,2026-09-21 10:20:00+00:00,1.33834,1.33839,1.33832,1.33836,163
1789986060,2026-09-21 10:21:00+00:00,1.33837,1.33839,1.33834,1.33837,75
1789986120,2026-09-21 10:22:00+00:00,1.33837,1.33841,1.33833,1.33835,133
1789986180,2026-09-21 10:23:00+00:00,1.33835,1.33837,1.33833,1.33836,106
1789986240,2026-09-21 10:24:00+00:00,1.33835,1.33841,1.33833,1.33834,89
1789986300,2026-09-21 10:25:00+00:00,1.33833,1.33842,1.33832,1.33836,125
1789986360,2026-09-21 10:26:00+00:00,1.33836,1.33846,1.33834,1.33839,139
1789986420,2026-09-21 10:27:00+00:00,1.33839,1.33845,1.33837,1.3384,138
1789986480,2026-09-21 10:28:00+00:00,1.3384,1.3384800000000001,1.3384,1.33846,154
1789986540,2026-09-21 10:29:00+00:00,1.33846,1.33846,1.33834,1.33834,235
1789986600,2026-09-21 10:30:00+00:00,1.33834,1.33837,1.33823,1.3382800000000001,185
1789986660,2026-09-21 10:31:00+00:00,1.3382800000000001,1.3383,1.3382399999999999,1.33827,136
1789986720,2026-09-21 10:32:00+00:00,1.33827,1.3383099999999999,1.3382100000000001,1.3382100000000001,89
1789986780,2026-09-21 10:33:00+00:00,1.3382100000000001,1.33822,1.33805,1.33806,164
1789986840,2026-09-21 10:34:00+00:00,1.33806,1.33809,1.33805,1.33807,104
1789986900,2026-09-21 10:35:00+00:00,1.33807,1.3382100000000001,1.33807,1.33816,157
1789986960,2026-09-21 10:36:00+00:00,1.33816,1.3382,1.33815,1.33817,89
1789987020,2026-09-21 10:37:00+00:00,1.33817,1.3383099999999999,1.33816,1.33826,145
1789987080,2026-09-21 10:38:00+00:00,1.33826,1.3384,1.33826,1.33836,95
1789987140,2026-09-21 10:39:00+00:00,1.33835,1.33839,1.33835,1.33837,63
1789987200,2026-09-21 10:40:00+00:00,1.33837,1.33839,1.33836,1.33838,39
1789987260,2026-09-21 10:41:00+00:00,1.33838,1.3384800000000001,1.33836,1.33836,84
1789987320,2026-09-21 10:42:00+00:00,1.33836,1.3385099999999999,1.33836,1.3384800000000001,126
1789987380,2026-09-21 10:43:00+00:00,1.3384800000000001,1.3385,1.33837,1.33838,80
1789987440,2026-09-21 10:44:00+00:00,1.33838,1.33841,1.33837,1.33838,79
1789987500,2026-09-21 10:45:00+00:00,1.33838,1.3384,1.3382800000000001,1.33833,120
1789987560,2026-09-21 10:46:00+00:00,1.33833,1.33834,1.33826,1.3382800000000001,143
1789987620,2026-09-21 10:47:00+00:00,1.3382800000000001,1.33829,1.3382100000000001,1.33826,99
1789987680,2026-09-21 10:48:00+00:00,1.33826,1.3382800000000001,1.3382,1.33823,188
1789987740,2026-09-21 10:49:00+00:00,1.33823,1.33825,1.33819,1.3382,53
1789987800,2026-09-21 10:50:00+00:00,1.3382,1.33827,1.3382,1.33823,96
1789987860,2026-09-21 10:51:00+00:00,1.33823,1.33827,1.33813,1.33814,139
1789987920,2026-09-21 10:52:00+00:00,1.33814,1.3382,1.33807,1.33814,121
1789987980,2026-09-21 10:53:00+00:00,1.33814,1.33819,1.33814,1.33818,117
1789988040,2026-09-21 10:54:00+00:00,1.33818,1.33819,1.33814,1.33817,68
1789988100,2026-09-21 10:55:00+00:00,1.33817,1.33818,1.33813,1.33817,31
1789988160,2026-09-21 10:56:00+00:00,1.33817,1.33827,1.33817,1.33826,80
1789988220,2026-09-21 10:57:00+00:00,1.33826,1.33829,1.33807,1.33808,141
1789988280,2026-09-21 10:58:00+00:00,1.33809,1.3381,1.33798,1.338,202
1789988340,2026-09-21 10:59:00+00:00,1.338,1.33807,1.33796,1.33806,177
1789988400,2026-09-21 11:00:00+00:00,1.33806,1.3382399999999999,1.33805,1.33817,169
1789988460,2026-09-21 11:01:00+00:00,1.33817,1.33819,1.33814,1.33816,77
1789988520,2026-09-21 11:02:00+00:00,1.33816,1.33825,1.33816,1.33817,136
1789988580,2026-09-21 11:03:00+00:00,1.33817,1.3382399999999999,1.33817,1.3382,117
1789988640,2026-09-21 11:04:00+00:00,1.3382,1.3382800000000001,1.33817,1.33827,113
1789988700,2026-09-21 11:05:00+00:00,1.33827,1.33833,1.33825,1.33833,103
1789988760,2026-09-21 11:06:00+00:00,1.33833,1.33837,1.33818,1.3382399999999999,160
1789988820,2026-09-21 11:07:00+00:00,1.3382399999999999,1.33838,1.33823,1.33836,100
1789988880,2026-09-21 11:08:00+00:00,1.33837,1.3384,1.33836,1.33839,53
1789988940,2026-09-21 11:09:00+00:00,1.33839,1.3385500000000001,1.33838,1.3384800000000001,177
1789989000,2026-09-21 11:10:00+00:00,1.3384800000000001,1.3385,1.33843,1.33847,146
1789989060,2026-09-21 11:11:00+00:00,1.33847,1.3385,1.33827,1.33833,132
1789989120,2026-09-21 11:12:00+00:00,1.33833,1.33836,1.33826,1.33835,77
1789989180,2026-09-21 11:13:00+00:00,1.33835,1.33836,1.33826,1.33835,93
1789989240,2026-09-21 11:14:00+00:00,1.33835,1.3385099999999999,1.33832,1.3385099999999999,112
1789989300,2026-09-21 11:15:00+00:00,1.3385099999999999,1.33873,1.3385,1.33868,236
1789989360,2026-09-21 11:16:00+00:00,1.33869,1.3387,1.33857,1.33866,135
1789989420,2026-09-21 11:17:00+00:00,1.33866,1.33869,1.33862,1.33867,93
1789989480,2026-09-21 11:18:00+00:00,1.33867,1.33872,1.33866,1.33866,189
1789989540,2026-09-21 11:19:00+00:00,1.33866,1.33869,1.33863,1.33863,117
1789989600,2026-09-21 11:20:00+00:00,1.33863,1.33867,1.33859,1.33867,117
1789989660,2026-09-21 11:21:00+00:00,1.33867,1.33874,1.33866,1.33868,98
1789989720,2026-09-21 11:22:00+00:00,1.33868,1.33875,1.33864,1.33873,154
1789989780,2026-09-21 11:23:00+00:00,1.33873,1.33874,1.33864,1.33873,71
1789989840,2026-09-21 11:24:00+00:00,1.33873,1.33877,1.33871,1.33873,88
1789989900,2026-09-21 11:25:00+00:00,1.33873,1.33879,1.3387,1.33874,100
1789989960,2026-09-21 11:26:00+00:00,1.33874,1.33878,1.33873,1.33878,130
1789990020,2026-09-21 11:27:00+00:00,1.33878,1.33888,1.33875,1.33886,95
1789990080,2026-09-21 11:28:00+00:00,1.33886,1.33893,1.3388499999999999,1.33887,171
1789990140,2026-09-21 11:29:00+00:00,1.33887,1.33895,1.33886,1.3389199999999999,120
1789990200,2026-09-21 11:30:00+00:00,1.3389199999999999,1.33897,1.33884,1.3388499999999999,178
1789990260,2026-09-21 11:31:00+00:00,1.3388499999999999,1.33888,1.33883,1.33887,72
1789990320,2026-09-21 11:32:00+00:00,1.33887,1.3388900000000001,1.3388499999999999,1.33886,57
1789990380,2026-09-21 11:33:00+00:00,1.33886,1.33886,1.33877,1.33884,70
1789990440,2026-09-21 11:34:00+00:00,1.33884,1.3389,1.33876,1.33886,288
1789990500,2026-09-21 11:35:00+00:00,1.33886,1.33899,1.33886,1.33898,145
1789990560,2026-09-21 11:36:00+00:00,1.33897,1.33908,1.33897,1.33901,109
1789990620,2026-09-21 11:37:00+00:00,1.33901,1.33915,1.339,1.33903,141
1789990680,2026-09-21 11:38:00+00:00,1.33903,1.33908,1.33902,1.33906,117
1789990740,2026-09-21 11:39:00+00:00,1.33906,1.33917,1.33902,1.33903,157
1789990800,2026-09-21 11:40:00+00:00,1.33903,1.33903,1.33893,1.33897,142
1789990860,2026-09-21 11:41:00+00:00,1.33897,1.33915,1.33895,1.33913,176
1789990920,2026-09-21 11:42:00+00:00,1.33913,1.33935,1.33913,1.33935,291
1789990980,2026-09-21 11:43:00+00:00,1.33935,1.33947,1.33934,1.3394599999999999,201
1789991040,2026-09-21 11:44:00+00:00,1.33945,1.33962,1.3394300000000001,1.33952,396
1789991100,2026-09-21 11:45:00+00:00,1.33952,1.3395299999999999,1.33933,1.3394300000000001,206
1789991160,2026-09-21 11:46:00+00:00,1.3394300000000001,1.3394599999999999,1.33935,1.3394599999999999,188
1789991220,2026-09-21 11:47:00+00:00,1.3394599999999999,1.3394599999999999,1.33938,1.33939,125
1789991280,2026-09-21 11:48:00+00:00,1.33939,1.33949,1.33934,1.33949,187
1789991340,2026-09-21 11:49:00+00:00,1.33949,1.33958,1.33945,1.33958,150
1789991400,2026-09-21 11:50:00+00:00,1.33958,1.33962,1.3394599999999999,1.33947,216
1789991460,2026-09-21 11:51:00+00:00,1.33947,1.33956,1.3394300000000001,1.33954,153
1789991520,2026-09-21 11:52:00+00:00,1.33954,1.33962,1.33952,1.33959,196
1789991580,2026-09-21 11:53:00+00:00,1.33958,1.33958,1.33939,1.33944,170
1789991640,2026-09-21 11:54:00+00:00,1.33944,1.3396,1.33936,1.33959,212
1789991700,2026-09-21 11:55:00+00:00,1.33959,1.33968,1.3395299999999999,1.33967,198
1789991760,2026-09-21 11:56:00+00:00,1.33967,1.3397299999999999,1.3394300000000001,1.33945,344
1789991820,2026-09-21 11:57:00+00:00,1.33945,1.3394599999999999,1.33929,1.33934,212
1789991880,2026-09-21 11:58:00+00:00,1.33934,1.3394300000000001,1.33934,1.33941,185
1789991940,2026-09-21 11:59:00+00:00,1.33941,1.3395000000000001,1.33938,1.33948,159
1789992000,2026-09-21 12:00:00+00:00,1.33948,1.33968,1.33944,1.33965,344
1789992060,2026-09-21 12:01:00+00:00,1.33965,1.33968,1.3396,1.33963,224
1789992120,2026-09-21 12:02:00+00:00,1.33963,1.33968,1.33948,1.33968,303
1789992180,2026-09-21 12:03:00+00:00,1.33968,1.33993,1.33965,1.33985,384
1789992240,2026-09-21 12:04:00+00:00,1.33985,1.33992,1.33968,1.3399,272
1789992300,2026-09-21 12:05:00+00:00,1.3399,1.34001,1.3397700000000001,1.34001,329
1789992360,2026-09-21 12:06:00+00:00,1.34001,1.34003,1.33982,1.33983,324
1789992420,2026-09-21 12:07:00+00:00,1.33983,1.33983,1.33956,1.33956,295
1789992480,2026-09-21 12:08:00+00:00,1.33956,1.33965,1.33951,1.3396,316
1789992540,2026-09-21 12:09:00+00:00,1.3396,1.33965,1.3394599999999999,1.33948,256
1789992600,2026-09-21 12:10:00+00:00,1.33948,1.33948,1.33941,1.3394599999999999,160
1789992660,2026-09-21 12:11:00+00:00,1.3394599999999999,1.33949,1.33937,1.33945,196
1789992720,2026-09-21 12:12:00+00:00,1.33945,1.33948,1.33939,1.33945,217
1789992780,2026-09-21 12:13:00+00:00,1.3394599999999999,1.33948,1.33939,1.3394300000000001,139
1789992840,2026-09-21 12:14:00+00:00,1.3394300000000001,1.3394599999999999,1.33934,1.33937,150
1789992900,2026-09-21 12:15:00+00:00,1.33937,1.3394300000000001,1.33932,1.33934,170
1789992960,2026-09-21 12:16:00+00:00,1.33934,1.33952,1.33932,1.3394599999999999,200
1789993020,2026-09-21 12:17:00+00:00,1.3394599999999999,1.33964,1.33945,1.33963,218
1789993080,2026-09-21 12:18:00+00:00,1.33963,1.33967,1.33958,1.33964,236
1789993140,2026-09-21 12:19:00+00:00,1.33964,1.33966,1.3395299999999999,1.3396,141
1789993200,2026-09-21 12:20:00+00:00,1.3396,1.3396,1.33947,1.33956,228
1789993260,2026-09-21 12:21:00+00:00,1.33956,1.33965,1.33952,1.33965,200
1789993320,2026-09-21 12:22:00+00:00,1.33965,1.33978,1.33962,1.33967,217
1789993380,2026-09-21 12:23:00+00:00,1.33967,1.33976,1.33956,1.3396,265
1789993440,2026-09-21 12:24:00+00:00,1.3396,1.33961,1.3394599999999999,1.3395000000000001,226
1789993500,2026-09-21 12:25:00+00:00,1.3395000000000001,1.33956,1.3394599999999999,1.3395299999999999,287
1789993560,2026-09-21 12:26:00+00:00,1.3395299999999999,1.33961,1.33949,1.33956,215
1789993620,2026-09-21 12:27:00+00:00,1.33956,1.33957,1.33935,1.33936,97
1789993680,2026-09-21 12:28:00+00:00,1.33936,1.33936,1.33925,1.33926,96
1789993740,2026-09-21 12:29:00+00:00,1.33926,1.33936,1.33926,1.33935,137
1789993800,2026-09-21 12:30:00+00:00,1.33935,1.33945,1.33926,1.33936,114
1789993860,2026-09-21 12:31:00+00:00,1.33936,1.3394,1.33936,1.33939,75
1789993920,2026-09-21 12:32:00+00:00,1.33939,1.33942,1.33923,1.33929,177
1789993980,2026-09-21 12:33:00+00:00,1.33929,1.33931,1.33922,1.33924,155
1789994040,2026-09-21 12:34:00+00:00,1.33924,1.33926,1.33907,1.3392,235
1789994100,2026-09-21 12:35:00+00:00,1.3392,1.33934,1.3391899999999999,1.33934,151
1789994160,2026-09-21 12:36:00+00:00,1.33934,1.3394,1.33931,1.33936,189
1789994220,2026-09-21 12:37:00+00:00,1.33936,1.33947,1.33932,1.33938,220
1789994280,2026-09-21 12:38:00+00:00,1.33938,1.33939,1.3390900000000001,1.3391,212
1789994340,2026-09-21 12:39:00+00:00,1.3391,1.33917,1.33902,1.33902,224
1789994400,2026-09-21 12:40:00+00:00,1.33902,1.3391,1.33902,1.33906,117
1789994460,2026-09-21 12:41:00+00:00,1.33906,1.33915,1.33903,1.33903,169
1789994520,2026-09-21 12:42:00+00:00,1.33903,1.33908,1.33898,1.33906,131
1789994580,2026-09-21 12:43:00+00:00,1.33906,1.33907,1.33893,1.33893,174
1789994640,2026-09-21 12:44:00+00:00,1.33893,1.33928,1.3389199999999999,1.33925,357
1789994700,2026-09-21 12:45:00+00:00,1.33925,1.33927,1.3391199999999999,1.3391600000000001,298
1789994760,2026-09-21 12:46:00+00:00,1.3391600000000001,1.33923,1.33907,1.3390900000000001,214
1789994820,2026-09-21 12:47:00+00:00,1.3390900000000001,1.3391199999999999,1.33906,1.3390900000000001,203
1789994880,2026-09-21 12:48:00+00:00,1.3390900000000001,1.33926,1.3390900000000001,1.33918,154
1789994940,2026-09-21 12:49:00+00:00,1.33918,1.3391899999999999,1.33905,1.33906,95
1789995000,2026-09-21 12:50:00+00:00,1.33906,1.3390900000000001,1.33898,1.33907,149
1789995060,2026-09-21 12:51:00+00:00,1.33907,1.3391899999999999,1.33907,1.33918,98
1789995120,2026-09-21 12:52:00+00:00,1.33918,1.3392,1.33915,1.3391899999999999,94
1789995180,2026-09-21 12:53:00+00:00,1.3391899999999999,1.3392,1.3390900000000001,1.3391,161
1789995240,2026-09-21 12:54:00+00:00,1.3391,1.33915,1.33904,1.33906,107
1789995300,2026-09-21 12:55:00+00:00,1.33906,1.33911,1.33896,1.33911,184
1789995360,2026-09-21 12:56:00+00:00,1.33911,1.33913,1.33895,1.33904,158
1789995420,2026-09-21 12:57:00+00:00,1.33904,1.3391600000000001,1.33904,1.33914,205
1789995480,2026-09-21 12:58:00+00:00,1.33914,1.33918,1.33906,1.3391,203
1789995540,2026-09-21 12:59:00+00:00,1.3391,1.3391199999999999,1.33903,1.3391,213
1789995600,2026-09-21 13:00:00+00:00,1.3391,1.3392,1.33907,1.33915,345
1789995660,2026-09-21 13:01:00+00:00,1.3391600000000001,1.33923,1.33908,1.3391,273
1789995720,2026-09-21 13:02:00+00:00,1.3391,1.33918,1.33903,1.33918,180
1789995780,2026-09-21 13:03:00+00:00,1.33918,1.33918,1.33905,1.33906,171
1789995840,2026-09-21 13:04:00+00:00,1.33906,1.33926,1.33906,1.3391600000000001,128
1789995900,2026-09-21 13:05:00+00:00,1.3391600000000001,1.3391899999999999,1.33906,1.33913,148
1789995960,2026-09-21 13:06:00+00:00,1.33913,1.3391899999999999,1.33907,1.33915,172
1789996020,2026-09-21 13:07:00+00:00,1.33915,1.3391600000000001,1.33905,1.33908,197
1789996080,2026-09-21 13:08:00+00:00,1.33908,1.33918,1.33903,1.33918,253
1789996140,2026-09-21 13:09:00+00:00,1.33917,1.33928,1.33915,1.3391899999999999,178
1789996200,2026-09-21 13:10:00+00:00,1.3391899999999999,1.33924,1.33915,1.33917,139
1789996260,2026-09-21 13:11:00+00:00,1.33917,1.33917,1.3390900000000001,1.3391600000000001,237
1789996320,2026-09-21 13:12:00+00:00,1.33917,1.33921,1.3391199999999999,1.3391600000000001,192
1789996380,2026-09-21 13:13:00+00:00,1.3391600000000001,1.33918,1.33915,1.3391600000000001,170
1789996440,2026-09-21 13:14:00+00:00,1.3391600000000001,1.33918,1.33907,1.33917,232
1789996500,2026-09-21 13:15:00+00:00,1.33917,1.33926,1.33915,1.33918,183
1789996560,2026-09-21 13:16:00+00:00,1.33918,1.33929,1.3391600000000001,1.33917,142
1789996620,2026-09-21 13:17:00+00:00,1.33917,1.33933,1.33914,1.33933,211
1789996680,2026-09-21 13:18:00+00:00,1.33933,1.33937,1.33927,1.33936,188
1789996740,2026-09-21 13:19:00+00:00,1.33936,1.3394300000000001,1.33926,1.33926,184
1789996800,2026-09-21 13:20:00+00:00,1.33926,1.3393,1.3391899999999999,1.33923,139
1789996860,2026-09-21 13:21:00+00:00,1.33923,1.33929,1.33918,1.33924,145
1789996920,2026-09-21 13:22:00+00:00,1.33924,1.33924,1.33908,1.33922,280
1789996980,2026-09-21 13:23:00+00:00,1.33922,1.33932,1.33917,1.33924,225
1789997040,2026-09-21 13:24:00+00:00,1.33924,1.3393,1.33914,1.33915,223
1789997100,2026-09-21 13:25:00+00:00,1.33915,1.33924,1.33907,1.33918,190
1789997160,2026-09-21 13:26:00+00:00,1.33918,1.33942,1.33905,1.33905,425
1789997220,2026-09-21 13:27:00+00:00,1.33905,1.33928,1.33904,1.33928,267
1789997280,2026-09-21 13:28:00+00:00,1.33928,1.33931,1.33924,1.33928,150
1789997340,2026-09-21 13:29:00+00:00,1.33928,1.33937,1.33926,1.33932,178
1789997400,2026-09-21 13:30:00+00:00,1.33932,1.33937,1.33904,1.33908,279
1789997460,2026-09-21 13:31:00+00:00,1.3390900000000001,1.3390900000000001,1.33901,1.33903,274
1789997520,2026-09-21 13:32:00+00:00,1.33903,1.33904,1.33888,1.33897,221
1789997580,2026-09-21 13:33:00+00:00,1.33897,1.339,1.3388,1.33899,352
1789997640,2026-09-21 13:34:00+00:00,1.33899,1.33918,1.33897,1.33903,264
1789997700,2026-09-21 13:35:00+00:00,1.33903,1.33907,1.33895,1.33896,309
1789997760,2026-09-21 13:36:00+00:00,1.33896,1.33898,1.33883,1.33895,333
1789997820,2026-09-21 13:37:00+00:00,1.33895,1.339,1.3388499999999999,1.33886,240
1789997880,2026-09-21 13:38:00+00:00,1.33886,1.33888,1.33875,1.33876,201
1789997940,2026-09-21 13:39:00+00:00,1.33876,1.33878,1.33865,1.33868,208
1789998000,2026-09-21 13:40:00+00:00,1.33868,1.3389199999999999,1.3385799999999999,1.3388900000000001,268
1789998060,2026-09-21 13:41:00+00:00,1.3388900000000001,1.33902,1.3388499999999999,1.33886,299
1789998120,2026-09-21 13:42:00+00:00,1.33886,1.3389,1.3388,1.33884,242
1789998180,2026-09-21 13:43:00+00:00,1.33884,1.33884,1.33864,1.33865,268
1789998240,2026-09-21 13:44:00+00:00,1.33865,1.33878,1.33864,1.33866,233
1789998300,2026-09-21 13:45:00+00:00,1.33866,1.33866,1.3382,1.3382100000000001,377
1789998360,2026-09-21 13:46:00+00:00,1.3382100000000001,1.33832,1.33814,1.33825,412
1789998420,2026-09-21 13:47:00+00:00,1.33825,1.33827,1.33809,1.33814,285
1789998480,2026-09-21 13:48:00+00:00,1.33814,1.33819,1.33804,1.33807,259
1789998540,2026-09-21 13:49:00+00:00,1.33807,1.33819,1.338,1.33819,261
1789998600,2026-09-21 13:50:00+00:00,1.33819,1.3383099999999999,1.33816,1.33829,218
1789998660,2026-09-21 13:51:00+00:00,1.33829,1.3384800000000001,1.33827,1.33845,199
1789998720,2026-09-21 13:52:00+00:00,1.33845,1.33849,1.33833,1.33846,300
1789998780,2026-09-21 13:53:00+00:00,1.33846,1.33847,1.3383,1.33834,272
1789998840,2026-09-21 13:54:00+00:00,1.33834,1.33839,1.33809,1.3381,435
1789998900,2026-09-21 13:55:00+00:00,1.3381,1.33813,1.33804,1.33808,196
1789998960,2026-09-21 13:56:00+00:00,1.33808,1.33808,1.3378700000000001,1.33795,279
1789999020,2026-09-21 13:57:00+00:00,1.33795,1.33807,1.33795,1.33802,289
1789999080,2026-09-21 13:58:00+00:00,1.33802,1.3381,1.338,1.33803,216
1789999140,2026-09-21 13:59:00+00:00,1.33803,1.33807,1.33796,1.3379699999999999,199
1789999200,2026-09-21 14:00:00+00:00,1.33796,1.33798,1.33779,1.33783,210
1789999260,2026-09-21 14:01:00+00:00,1.33783,1.33784,1.33774,1.33777,229
1789999320,2026-09-21 14:02:00+00:00,1.33777,1.33778,1.33758,1.33758,292
1789999380,2026-09-21 14:03:00+00:00,1.33758,1.33759,1.33725,1.3372600000000001,322
1789999440,2026-09-21 14:04:00+00:00,1.33727,1.3373,1.33709,1.33712,378
1789999500,2026-09-21 14:05:00+00:00,1.33712,1.33718,1.33686,1.33688,341
1789999560,2026-09-21 14:06:00+00:00,1.33688,1.33722,1.33686,1.33711,356
1789999620,2026-09-21 14:07:00+00:00,1.33711,1.33711,1.33685,1.33709,272
1789999680,2026-09-21 14:08:00+00:00,1.33709,1.33727,1.33705,1.3372600000000001,199
1789999740,2026-09-21 14:09:00+00:00,1.3372600000000001,1.33732,1.33722,1.3373,164
1789999800,2026-09-21 14:10:00+00:00,1.3373,1.3373,1.33697,1.33712,409
1789999860,2026-09-21 14:11:00+00:00,1.33711,1.33728,1.33707,1.33724,396
1789999920,2026-09-21 14:12:00+00:00,1.33724,1.33727,1.33708,1.33716,247
1789999980,2026-09-21 14:13:00+00:00,1.33716,1.3373599999999999,1.33713,1.33731,280
1790000040,2026-09-21 14:14:00+00:00,1.33731,1.33738,1.33719,1.33734,361
1790000100,2026-09-21 14:15:00+00:00,1.33734,1.33756,1.33731,1.33747,321
1790000160,2026-09-21 14:16:00+00:00,1.33748,1.33751,1.3373,1.33746,287
1790000220,2026-09-21 14:17:00+00:00,1.33746,1.3375,1.33728,1.33728,215
1790000280,2026-09-21 14:18:00+00:00,1.33728,1.3372899999999999,1.33708,1.3371,242
1790000340,2026-09-21 14:19:00+00:00,1.3371,1.33718,1.3370199999999999,1.33715,312
1790000400,2026-09-21 14:20:00+00:00,1.33715,1.33724,1.33708,1.33715,302
1790000460,2026-09-21 14:21:00+00:00,1.33715,1.33745,1.33714,1.3372,387
1790000520,2026-09-21 14:22:00+00:00,1.3372,1.33737,1.33717,1.3373,360
1790000580,2026-09-21 14:23:00+00:00,1.3373,1.33738,1.33723,1.33728,229
1790000640,2026-09-21 14:24:00+00:00,1.33728,1.3372899999999999,1.33713,1.33725,252
1790000700,2026-09-21 14:25:00+00:00,1.33725,1.33728,1.33717,1.3372600000000001,251
1790000760,2026-09-21 14:26:00+00:00,1.3372600000000001,1.33745,1.3372600000000001,1.33744,269
1790000820,2026-09-21 14:27:00+00:00,1.33744,1.33759,1.33742,1.33745,235
1790000880,2026-09-21 14:28:00+00:00,1.33745,1.33762,1.33743,1.33756,275
1790000940,2026-09-21 14:29:00+00:00,1.33757,1.33784,1.33756,1.33778,285
1790001000,2026-09-21 14:30:00+00:00,1.33778,1.33783,1.33764,1.33777,274
1790001060,2026-09-21 14:31:00+00:00,1.33778,1.33785,1.33773,1.33775,197
1790001120,2026-09-21 14:32:00+00:00,1.33776,1.33779,1.3376000000000001,1.3376299999999999,332
1790001180,2026-09-21 14:33:00+00:00,1.3376299999999999,1.33788,1.33762,1.33774,401
1790001240,2026-09-21 14:34:00+00:00,1.33774,1.33774,1.33748,1.33754,218
1790001300,2026-09-21 14:35:00+00:00,1.33754,1.33786,1.33753,1.33778,275
1790001360,2026-09-21 14:36:00+00:00,1.33778,1.33779,1.33759,1.33764,283
1790001420,2026-09-21 14:37:00+00:00,1.33764,1.33778,1.33757,1.33757,311
1790001480,2026-09-21 14:38:00+00:00,1.33757,1.33768,1.33757,1.33759,272
1790001540,2026-09-21 14:39:00+00:00,1.33759,1.33759,1.33755,1.33757,151
1790001600,2026-09-21 14:40:00+00:00,1.33758,1.33769,1.33755,1.3376700000000001,228
1790001660,2026-09-21 14:41:00+00:00,1.33768,1.33791,1.3376700000000001,1.33776,311
1790001720,2026-09-21 14:42:00+00:00,1.33776,1.33786,1.33775,1.33777,181
1790001780,2026-09-21 14:43:00+00:00,1.33777,1.33778,1.33757,1.33758,207
1790001840,2026-09-21 14:44:00+00:00,1.33758,1.33768,1.33747,1.3375,208
1790001900,2026-09-21 14:45:00+00:00,1.3375,1.33758,1.33745,1.33756,147
1790001960,2026-09-21 14:46:00+00:00,1.33756,1.33761,1.33755,1.3376000000000001,160
1790002020,2026-09-21 14:47:00+00:00,1.3376000000000001,1.33778,1.33753,1.33759,255
1790002080,2026-09-21 14:48:00+00:00,1.33758,1.33761,1.33735,1.3373599999999999,225
1790002140,2026-09-21 14:49:00+00:00,1.3373599999999999,1.3373599999999999,1.33716,1.33719,210
1790002200,2026-09-21 14:50:00+00:00,1.33718,1.3372600000000001,1.33714,1.33719,250
1790002260,2026-09-21 14:51:00+00:00,1.33719,1.33739,1.33716,1.33737,215
1790002320,2026-09-21 14:52:00+00:00,1.33738,1.33747,1.3373,1.33747,221
1790002380,2026-09-21 14:53:00+00:00,1.33747,1.33766,1.33745,1.33759,162
1790002440,2026-09-21 14:54:00+00:00,1.33759,1.3376700000000001,1.33755,1.33764,192
1790002500,2026-09-21 14:55:00+00:00,1.33764,1.3377,1.33756,1.33764,293
1790002560,2026-09-21 14:56:00+00:00,1.3376299999999999,1.33764,1.33752,1.33758,199
1790002620,2026-09-21 14:57:00+00:00,1.33758,1.3376000000000001,1.33744,1.33755,354
1790002680,2026-09-21 14:58:00+00:00,1.33755,1.33757,1.33735,1.33735,369
1790002740,2026-09-21 14:59:00+00:00,1.33735,1.33737,1.3372899999999999,1.3373599999999999,261
1790002800,2026-09-21 15:00:00+00:00,1.3373599999999999,1.33745,1.33732,1.33734,373
1790002860,2026-09-21 15:01:00+00:00,1.33734,1.33738,1.33732,1.33735,184
1790002920,2026-09-21 15:02:00+00:00,1.33735,1.33751,1.33728,1.33744,253
1790002980,2026-09-21 15:03:00+00:00,1.33744,1.33751,1.33719,1.33722,358
1790003040,2026-09-21 15:04:00+00:00,1.33722,1.33727,1.33716,1.3372600000000001,348
1790003100,2026-09-21 15:05:00+00:00,1.3372600000000001,1.3374,1.33717,1.3373300000000001,303
1790003160,2026-09-21 15:06:00+00:00,1.3373300000000001,1.33755,1.33732,1.33742,291
1790003220,2026-09-21 15:07:00+00:00,1.33742,1.33748,1.33734,1.33738,147
1790003280,2026-09-21 15:08:00+00:00,1.33738,1.33738,1.33719,1.33723,255
1790003340,2026-09-21 15:09:00+00:00,1.33723,1.33734,1.33718,1.3373300000000001,166
1790003400,2026-09-21 15:10:00+00:00,1.3373300000000001,1.33739,1.3372899999999999,1.33732,270
1790003460,2026-09-21 15:11:00+00:00,1.33732,1.3373300000000001,1.33715,1.33715,161
1790003520,2026-09-21 15:12:00+00:00,1.33715,1.33716,1.33705,1.33715,182
1790003580,2026-09-21 15:13:00+00:00,1.33715,1.33738,1.33715,1.3373599999999999,204
1790003640,2026-09-21 15:14:00+00:00,1.3373599999999999,1.33738,1.33725,1.3373599999999999,165
1790003700,2026-09-21 15:15:00+00:00,1.3373599999999999,1.33738,1.33724,1.33724,233
1790003760,2026-09-21 15:16:00+00:00,1.33724,1.33746,1.33723,1.33744,209
1790003820,2026-09-21 15:17:00+00:00,1.33744,1.33745,1.33725,1.33732,238
1790003880,2026-09-21 15:18:00+00:00,1.33732,1.33744,1.33728,1.33735,182
1790003940,2026-09-21 15:19:00+00:00,1.33735,1.33738,1.33724,1.3372600000000001,229
1790004000,2026-09-21 15:20:00+00:00,1.3372600000000001,1.3373,1.33723,1.33727,134
1790004060,2026-09-21 15:21:00+00:00,1.33727,1.33728,1.33713,1.33714,252
1790004120,2026-09-21 15:22:00+00:00,1.33714,1.33718,1.33713,1.33714,219
1790004180,2026-09-21 15:23:00+00:00,1.33714,1.33716,1.3370199999999999,1.33709,151
1790004240,2026-09-21 15:24:00+00:00,1.33709,1.33717,1.3370600000000001,1.33715,179
1790004300,2026-09-21 15:25:00+00:00,1.33715,1.3372600000000001,1.33715,1.33724,145
1790004360,2026-09-21 15:26:00+00:00,1.33724,1.3372899999999999,1.33721,1.33723,161
1790004420,2026-09-21 15:27:00+00:00,1.33722,1.3372600000000001,1.33714,1.33714,207
1790004480,2026-09-21 15:28:00+00:00,1.33714,1.33725,1.33713,1.33722,288
1790004540,2026-09-21 15:29:00+00:00,1.33722,1.3372600000000001,1.33713,1.33714,168
1790004600,2026-09-21 15:30:00+00:00,1.33714,1.33719,1.33708,1.33711,334
1790004660,2026-09-21 15:31:00+00:00,1.33711,1.33716,1.33705,1.33709,222
1790004720,2026-09-21 15:32:00+00:00,1.33709,1.33719,1.33707,1.33717,258
1790004780,2026-09-21 15:33:00+00:00,1.33717,1.33719,1.33707,1.33715,239
1790004840,2026-09-21 15:34:00+00:00,1.33715,1.33719,1.33712,1.33717,154
1790004900,2026-09-21 15:35:00+00:00,1.33717,1.33719,1.33713,1.33715,120
1790004960,2026-09-21 15:36:00+00:00,1.33715,1.33715,1.33693,1.33695,315
1790005020,2026-09-21 15:37:00+00:00,1.33695,1.33698,1.33684,1.33695,122
1790005080,2026-09-21 15:38:00+00:00,1.33695,1.33708,1.33693,1.33697,137
1790005140,2026-09-21 15:39:00+00:00,1.33696,1.33703,1.33691,1.33691,207
1790005200,2026-09-21 15:40:00+00:00,1.33692,1.337,1.33682,1.33682,151
1790005260,2026-09-21 15:41:00+00:00,1.33682,1.33693,1.3367499999999999,1.33691,143
1790005320,2026-09-21 15:42:00+00:00,1.33691,1.33696,1.33687,1.33694,209
1790005380,2026-09-21 15:43:00+00:00,1.33694,1.33698,1.33691,1.33691,154
1790005440,2026-09-21 15:44:00+00:00,1.33691,1.3369900000000001,1.33691,1.33698,204
1790005500,2026-09-21 15:45:00+00:00,1.33698,1.33708,1.33694,1.33704,181
1790005560,2026-09-21 15:46:00+00:00,1.33704,1.33712,1.3369900000000001,1.33708,221
1790005620,2026-09-21 15:47:00+00:00,1.33708,1.33716,1.33705,1.33705,135
1790005680,2026-09-21 15:48:00+00:00,1.33705,1.33705,1.33685,1.33693,148
1790005740,2026-09-21 15:49:00+00:00,1.33693,1.33697,1.33692,1.33695,142
1790005800,2026-09-21 15:50:00+00:00,1.33695,1.3372600000000001,1.33694,1.33713,280
1790005860,2026-09-21 15:51:00+00:00,1.33713,1.33714,1.33691,1.33692,117
1790005920,2026-09-21 15:52:00+00:00,1.33692,1.33693,1.33684,1.33686,111
1790005980,2026-09-21 15:53:00+00:00,1.33686,1.33686,1.3367200000000001,1.33674,115
1790006040,2026-09-21 15:54:00+00:00,1.33674,1.33693,1.33674,1.33692,257
1790006100,2026-09-21 15:55:00+00:00,1.33692,1.33698,1.33692,1.33696,143
1790006160,2026-09-21 15:56:00+00:00,1.33696,1.33698,1.33694,1.33694,74
1790006220,2026-09-21 15:57:00+00:00,1.33693,1.33697,1.33682,1.33696,150
1790006280,2026-09-21 15:58:00+00:00,1.33696,1.33698,1.33692,1.33695,123
1790006340,2026-09-21 15:59:00+00:00,1.33695,1.33704,1.33692,1.33703,173
1790006400,2026-09-21 16:00:00+00:00,1.33703,1.33705,1.33686,1.33688,168
1790006460,2026-09-21 16:01:00+00:00,1.33688,1.33696,1.33686,1.33687,213
1790006520,2026-09-21 16:02:00+00:00,1.33687,1.33694,1.33683,1.33692,250
1790006580,2026-09-21 16:03:00+00:00,1.33692,1.3370600000000001,1.33692,1.33704,205
1790006640,2026-09-21 16:04:00+00:00,1.33704,1.33713,1.33703,1.33709,241
1790006700,2026-09-21 16:05:00+00:00,1.33709,1.33713,1.33704,1.33704,202
1790006760,2026-09-21 16:06:00+00:00,1.33704,1.33716,1.33703,1.33715,184
1790006820,2026-09-21 16:07:00+00:00,1.33715,1.3373599999999999,1.33712,1.33716,431
1790006880,2026-09-21 16:08:00+00:00,1.33716,1.33725,1.33713,1.33717,254
1790006940,2026-09-21 16:09:00+00:00,1.33717,1.33725,1.33712,1.33722,259
1790007000,2026-09-21 16:10:00+00:00,1.33721,1.33727,1.33713,1.33725,204
1790007060,2026-09-21 16:11:00+00:00,1.33725,1.3373599999999999,1.33723,1.33734,211
1790007120,2026-09-21 16:12:00+00:00,1.33735,1.33735,1.33714,1.33719,169
1790007180,2026-09-21 16:13:00+00:00,1.33719,1.33727,1.33716,1.33717,147
1790007240,2026-09-21 16:14:00+00:00,1.33717,1.33719,1.33705,1.33717,164
1790007300,2026-09-21 16:15:00+00:00,1.33717,1.33734,1.33717,1.33728,340
1790007360,2026-09-21 16:16:00+00:00,1.33728,1.33728,1.33717,1.33717,57
