timestamp,datetime,open,high,low,close,volume
1787816400,2026-08-27 07:40:00+00:00,1.35889,1.35917,1.35887,1.35917,598
1787816700,2026-08-27 07:45:00+00:00,1.35917,1.35927,1.35893,1.35895,713
1787817000,2026-08-27 07:50:00+00:00,1.35895,1.35899,1.35869,1.3588,1078
1787817300,2026-08-27 07:55:00+00:00,1.3588,1.35893,1.35866,1.3587500000000001,971
1787817600,2026-08-27 08:00:00+00:00,1.3587500000000001,1.35934,1.35865,1.35915,911
1787817900,2026-08-27 08:05:00+00:00,1.35915,1.35953,1.35911,1.35941,770
1787818200,2026-08-27 08:10:00+00:00,1.35941,1.35945,1.3590499999999999,1.35906,525
1787818500,2026-08-27 08:15:00+00:00,1.35906,1.35925,1.35895,1.35897,727
1787818800,2026-08-27 08:20:00+00:00,1.35896,1.35897,1.35861,1.35867,1073
1787819100,2026-08-27 08:25:00+00:00,1.35867,1.35873,1.35849,1.35858,1070
1787819400,2026-08-27 08:30:00+00:00,1.35858,1.35865,1.35836,1.35838,701
1787819700,2026-08-27 08:35:00+00:00,1.35838,1.3584800000000001,1.35805,1.35808,891
1787820000,2026-08-27 08:40:00+00:00,1.35809,1.35858,1.35804,1.35847,941
1787820300,2026-08-27 08:45:00+00:00,1.35847,1.35861,1.35829,1.35832,1252
1787820600,2026-08-27 08:50:00+00:00,1.35832,1.35839,1.35824,1.35826,1006
1787820900,2026-08-27 08:55:00+00:00,1.35826,1.35839,1.35797,1.35801,1266
1787821200,2026-08-27 09:00:00+00:00,1.35801,1.35804,1.35733,1.35739,1812
1787821500,2026-08-27 09:05:00+00:00,1.35739,1.3578299999999999,1.35737,1.3578299999999999,1268
1787821800,2026-08-27 09:10:00+00:00,1.3578299999999999,1.35796,1.3578000000000001,1.35789,826
1787822100,2026-08-27 09:15:00+00:00,1.35789,1.35797,1.35763,1.35766,868
1787822400,2026-08-27 09:20:00+00:00,1.35766,1.35791,1.35764,1.3578700000000001,708
1787822700,2026-08-27 09:25:00+00:00,1.3578700000000001,1.35812,1.35772,1.35805,1013
1787823000,2026-08-27 09:30:00+00:00,1.35804,1.35807,1.35769,1.35773,949
1787823300,2026-08-27 09:35:00+00:00,1.35773,1.35779,1.35715,1.35728,1235
1787823600,2026-08-27 09:40:00+00:00,1.35728,1.35777,1.35725,1.35757,1042
1787823900,2026-08-27 09:45:00+00:00,1.35757,1.35792,1.3575599999999999,1.3578700000000001,741
1787824200,2026-08-27 09:50:00+00:00,1.3578700000000001,1.35818,1.35777,1.3580999999999999,779
1787824500,2026-08-27 09:55:00+00:00,1.3580999999999999,1.3581400000000001,1.35746,1.35752,1231
1787824800,2026-08-27 10:00:00+00:00,1.35752,1.3575599999999999,1.35707,1.3573,1429
1787825100,2026-08-27 10:05:00+00:00,1.3573,1.35768,1.3572,1.35764,1124
1787825400,2026-08-27 10:10:00+00:00,1.35764,1.35788,1.35762,1.3578299999999999,1049
1787825700,2026-08-27 10:15:00+00:00,1.3578299999999999,1.35802,1.35763,1.35796,818
1787826000,2026-08-27 10:20:00+00:00,1.35796,1.35824,1.35794,1.35805,743
1787826300,2026-08-27 10:25:00+00:00,1.35805,1.35815,1.358,1.35813,880
1787826600,2026-08-27 10:30:00+00:00,1.35813,1.35818,1.35795,1.35797,1121
1787826900,2026-08-27 10:35:00+00:00,1.35797,1.35799,1.35747,1.35751,2142
1787827200,2026-08-27 10:40:00+00:00,1.35751,1.35779,1.35745,1.35778,854
1787827500,2026-08-27 10:45:00+00:00,1.35779,1.35779,1.35754,1.35762,800
1787827800,2026-08-27 10:50:00+00:00,1.35762,1.35798,1.3576,1.35795,569
1787828100,2026-08-27 10:55:00+00:00,1.35795,1.35797,1.35754,1.35755,813
1787828400,2026-08-27 11:00:00+00:00,1.3575599999999999,1.35768,1.35732,1.35763,1020
1787828700,2026-08-27 11:05:00+00:00,1.35763,1.35786,1.3576,1.35777,592
1787829000,2026-08-27 11:10:00+00:00,1.35777,1.35794,1.35765,1.3578999999999999,829
1787829300,2026-08-27 11:15:00+00:00,1.3578999999999999,1.35812,1.35788,1.3580999999999999,733
1787829600,2026-08-27 11:20:00+00:00,1.3580999999999999,1.35823,1.35802,1.35821,768
1787829900,2026-08-27 11:25:00+00:00,1.35821,1.35831,1.35804,1.35807,1162
1787830200,2026-08-27 11:30:00+00:00,1.35808,1.35837,1.35768,1.35773,1185
1787830500,2026-08-27 11:35:00+00:00,1.35773,1.35776,1.35744,1.35766,1937
1787830800,2026-08-27 11:40:00+00:00,1.35766,1.35785,1.35736,1.35746,1070
1787831100,2026-08-27 11:45:00+00:00,1.35746,1.35757,1.35708,1.3572199999999999,999
1787831400,2026-08-27 11:50:00+00:00,1.3572199999999999,1.35793,1.35717,1.35791,1267
1787831700,2026-08-27 11:55:00+00:00,1.35791,1.35816,1.3578000000000001,1.35781,1405
1787832000,2026-08-27 12:00:00+00:00,1.35781,1.35815,1.35778,1.35778,2067
1787832300,2026-08-27 12:05:00+00:00,1.35778,1.35824,1.35777,1.3581699999999999,1528
1787832600,2026-08-27 12:10:00+00:00,1.3581699999999999,1.3582,1.35786,1.35796,1451
1787832900,2026-08-27 12:15:00+00:00,1.35796,1.35807,1.3578299999999999,1.35805,1376
1787833200,2026-08-27 12:20:00+00:00,1.35805,1.35832,1.3578700000000001,1.3582,1178
1787833500,2026-08-27 12:25:00+00:00,1.3582,1.35838,1.35809,1.35815,939
1787833800,2026-08-27 12:30:00+00:00,1.35815,1.35823,1.35776,1.35778,890
1787834100,2026-08-27 12:35:00+00:00,1.35778,1.35802,1.35754,1.35773,1483
1787834400,2026-08-27 12:40:00+00:00,1.35774,1.35804,1.35763,1.35792,1914
1787834700,2026-08-27 12:45:00+00:00,1.35792,1.35795,1.35758,1.35764,2045
1787835000,2026-08-27 12:50:00+00:00,1.35764,1.35765,1.35743,1.35745,1415
1787835300,2026-08-27 12:55:00+00:00,1.35744,1.35757,1.35734,1.35745,1730
1787835600,2026-08-27 13:00:00+00:00,1.35745,1.3583,1.35734,1.3581699999999999,2275
1787835900,2026-08-27 13:05:00+00:00,1.3581699999999999,1.35852,1.3581400000000001,1.3585099999999999,1572
1787836200,2026-08-27 13:10:00+00:00,1.3585099999999999,1.3590900000000001,1.35846,1.35876,1673
1787836500,2026-08-27 13:15:00+00:00,1.35876,1.3591199999999999,1.35865,1.35911,1373
1787836800,2026-08-27 13:20:00+00:00,1.35911,1.35991,1.3590900000000001,1.35988,1532
1787837100,2026-08-27 13:25:00+00:00,1.35988,1.3602699999999999,1.35979,1.35995,1649
1787837400,2026-08-27 13:30:00+00:00,1.35995,1.36013,1.35975,1.3598,2303
1787837700,2026-08-27 13:35:00+00:00,1.3598,1.36005,1.35969,1.35969,2650
1787838000,2026-08-27 13:40:00+00:00,1.35969,1.35977,1.3592,1.35927,2159
1787838300,2026-08-27 13:45:00+00:00,1.35926,1.3595,1.35891,1.35937,1929
1787838600,2026-08-27 13:50:00+00:00,1.35935,1.35959,1.35923,1.3593199999999999,1628
1787838900,2026-08-27 13:55:00+00:00,1.3593199999999999,1.35952,1.35924,1.35931,2308
1787839200,2026-08-27 14:00:00+00:00,1.3593199999999999,1.35937,1.35893,1.35913,2606
1787839500,2026-08-27 14:05:00+00:00,1.35914,1.35974,1.35911,1.3595,2308
1787839800,2026-08-27 14:10:00+00:00,1.3595,1.35954,1.3589,1.359,1664
1787840100,2026-08-27 14:15:00+00:00,1.359,1.35929,1.35891,1.35916,1335
1787840400,2026-08-27 14:20:00+00:00,1.35916,1.35919,1.3585,1.35852,1402
1787840700,2026-08-27 14:25:00+00:00,1.35852,1.35853,1.35831,1.3584399999999999,1188
1787841000,2026-08-27 14:30:00+00:00,1.3584399999999999,1.35885,1.35843,1.35877,1551
1787841300,2026-08-27 14:35:00+00:00,1.35877,1.3590499999999999,1.35866,1.35903,1495
1787841600,2026-08-27 14:40:00+00:00,1.35903,1.35914,1.35852,1.35866,1567
1787841900,2026-08-27 14:45:00+00:00,1.35866,1.35896,1.35828,1.35833,1556
1787842200,2026-08-27 14:50:00+00:00,1.35833,1.35847,1.35801,1.35833,1457
1787842500,2026-08-27 14:55:00+00:00,1.35833,1.35856,1.35801,1.3582,2226
1787842800,2026-08-27 15:00:00+00:00,1.3582,1.35865,1.3581699999999999,1.35837,1767
1787843100,2026-08-27 15:05:00+00:00,1.35837,1.35877,1.35834,1.35856,1826
1787843400,2026-08-27 15:10:00+00:00,1.35856,1.35894,1.3585099999999999,1.35876,1539
1787843700,2026-08-27 15:15:00+00:00,1.35876,1.35891,1.35859,1.35861,1769
1787844000,2026-08-27 15:20:00+00:00,1.35861,1.35879,1.35856,1.35867,1325
1787844300,2026-08-27 15:25:00+00:00,1.35867,1.35888,1.35865,1.35888,1494
1787844600,2026-08-27 15:30:00+00:00,1.35888,1.35893,1.3587500000000001,1.35892,1636
1787844900,2026-08-27 15:35:00+00:00,1.35892,1.3591,1.3588,1.35908,929
1787845200,2026-08-27 15:40:00+00:00,1.35908,1.35913,1.35895,1.3590200000000001,1091
1787845500,2026-08-27 15:45:00+00:00,1.3590200000000001,1.35928,1.35887,1.35921,947
1787845800,2026-08-27 15:50:00+00:00,1.35921,1.35964,1.35916,1.35959,963
1787846100,2026-08-27 15:55:00+00:00,1.3596,1.35993,1.35956,1.35986,1120
1787846400,2026-08-27 16:00:00+00:00,1.35985,1.35994,1.35971,1.35977,1154
1787846700,2026-08-27 16:05:00+00:00,1.35977,1.35978,1.35944,1.35953,805
1787847000,2026-08-27 16:10:00+00:00,1.35953,1.3597299999999999,1.35946,1.35958,794
1787847300,2026-08-27 16:15:00+00:00,1.35958,1.3596300000000001,1.3593899999999999,1.35951,964
1787847600,2026-08-27 16:20:00+00:00,1.35951,1.35983,1.35949,1.35962,1103
1787847900,2026-08-27 16:25:00+00:00,1.35962,1.3599999999999999,1.3596,1.3599700000000001,920
1787848200,2026-08-27 16:30:00+00:00,1.3599700000000001,1.36011,1.35991,1.36008,860
1787848500,2026-08-27 16:35:00+00:00,1.36008,1.36017,1.35995,1.35998,794
1787848800,2026-08-27 16:40:00+00:00,1.35998,1.35999,1.35975,1.35979,745
1787849100,2026-08-27 16:45:00+00:00,1.35979,1.35988,1.35949,1.3595,1075
1787849400,2026-08-27 16:50:00+00:00,1.3595,1.3597000000000001,1.3594300000000001,1.35944,1054
1787849700,2026-08-27 16:55:00+00:00,1.35944,1.35948,1.35915,1.35935,825
1787850000,2026-08-27 17:00:00+00:00,1.35935,1.35969,1.35935,1.35965,1238
1787850300,2026-08-27 17:05:00+00:00,1.35965,1.35969,1.35934,1.35942,1027
1787850600,2026-08-27 17:10:00+00:00,1.35942,1.35947,1.3592,1.35921,737
1787850900,2026-08-27 17:15:00+00:00,1.35921,1.35929,1.35913,1.35917,648
1787851200,2026-08-27 17:20:00+00:00,1.35917,1.3593,1.35913,1.35917,721
1787851500,2026-08-27 17:25:00+00:00,1.35917,1.35929,1.35914,1.3592,860
1787851800,2026-08-27 17:30:00+00:00,1.3592,1.3593199999999999,1.35915,1.35916,849
1787852100,2026-08-27 17:35:00+00:00,1.35916,1.35925,1.35911,1.35924,644
1787852400,2026-08-27 17:40:00+00:00,1.35924,1.35925,1.35896,1.3590499999999999,679
1787852700,2026-08-27 17:45:00+00:00,1.3590499999999999,1.3591,1.35883,1.35898,1047
1787853000,2026-08-27 17:50:00+00:00,1.35898,1.35904,1.35881,1.35896,987
1787853300,2026-08-27 17:55:00+00:00,1.35896,1.35904,1.35877,1.35887,921
1787853600,2026-08-27 18:00:00+00:00,1.35887,1.35896,1.35861,1.35861,1185
1787853900,2026-08-27 18:05:00+00:00,1.35861,1.35877,1.35857,1.35866,609
1787854200,2026-08-27 18:10:00+00:00,1.35866,1.3587799999999999,1.3586,1.3587500000000001,570
1787854500,2026-08-27 18:15:00+00:00,1.3587500000000001,1.35884,1.35862,1.35863,619
1787854800,2026-08-27 18:20:00+00:00,1.35863,1.35874,1.3584399999999999,1.35852,704
1787855100,2026-08-27 18:25:00+00:00,1.35853,1.35854,1.35842,1.35845,798
1787855400,2026-08-27 18:30:00+00:00,1.3584399999999999,1.35852,1.35832,1.35836,727
1787855700,2026-08-27 18:35:00+00:00,1.35836,1.35865,1.35836,1.3585,571
1787856000,2026-08-27 18:40:00+00:00,1.3585,1.35859,1.3584800000000001,1.35857,363
1787856300,2026-08-27 18:45:00+00:00,1.35856,1.35879,1.35854,1.3587500000000001,700
1787856600,2026-08-27 18:50:00+00:00,1.3587500000000001,1.35887,1.35872,1.35885,571
1787856900,2026-08-27 18:55:00+00:00,1.35885,1.35899,1.35884,1.35889,674
1787857200,2026-08-27 19:00:00+00:00,1.35889,1.359,1.35883,1.35885,634
1787857500,2026-08-27 19:05:00+00:00,1.35885,1.3590499999999999,1.35883,1.35894,928
1787857800,2026-08-27 19:10:00+00:00,1.35894,1.35894,1.35881,1.35889,622
1787858100,2026-08-27 19:15:00+00:00,1.35889,1.35899,1.35884,1.35898,708
1787858400,2026-08-27 19:20:00+00:00,1.35898,1.35898,1.35884,1.35886,466
1787858700,2026-08-27 19:25:00+00:00,1.35886,1.35886,1.35874,1.3587799999999999,388
1787859000,2026-08-27 19:30:00+00:00,1.3587799999999999,1.35882,1.35866,1.35873,726
1787859300,2026-08-27 19:35:00+00:00,1.35873,1.35885,1.35869,1.35879,414
1787859600,2026-08-27 19:40:00+00:00,1.3587799999999999,1.35881,1.3587500000000001,1.3587799999999999,322
1787859900,2026-08-27 19:45:00+00:00,1.3587799999999999,1.35879,1.35866,1.35869,383
1787860200,2026-08-27 19:50:00+00:00,1.35869,1.35874,1.3585099999999999,1.35867,542
1787860500,2026-08-27 19:55:00+00:00,1.35867,1.35901,1.35857,1.35886,723
1787860800,2026-08-27 20:00:00+00:00,1.35886,1.35898,1.3588,1.35897,280
1787861100,2026-08-27 20:05:00+00:00,1.35897,1.3592,1.35896,1.35908,188
1787861400,2026-08-27 20:10:00+00:00,1.35908,1.35929,1.35906,1.35923,267
1787861700,2026-08-27 20:15:00+00:00,1.35923,1.35929,1.35906,1.3592,325
1787862000,2026-08-27 20:20:00+00:00,1.3592,1.3592,1.35916,1.35917,104
1787862300,2026-08-27 20:25:00+00:00,1.35917,1.35918,1.35907,1.3590900000000001,109
1787862600,2026-08-27 20:30:00+00:00,1.3590900000000001,1.3592,1.35908,1.3592,115
1787862900,2026-08-27 20:35:00+00:00,1.3592,1.3593199999999999,1.35919,1.35931,53
1787863200,2026-08-27 20:40:00+00:00,1.35931,1.35931,1.35919,1.3592,85
1787863500,2026-08-27 20:45:00+00:00,1.35918,1.3593199999999999,1.35918,1.35931,180
1787863800,2026-08-27 20:50:00+00:00,1.35931,1.35933,1.35925,1.35928,393
1787864100,2026-08-27 20:55:00+00:00,1.35928,1.35942,1.35926,1.35926,223
1787864400,2026-08-27 21:00:00+00:00,1.3590900000000001,1.3590900000000001,1.35811,1.35884,49
1787864700,2026-08-27 21:05:00+00:00,1.35884,1.35923,1.3588,1.35881,56
1787865000,2026-08-27 21:10:00+00:00,1.35881,1.3590499999999999,1.35881,1.3589,155
1787865300,2026-08-27 21:15:00+00:00,1.3589,1.35893,1.35889,1.35892,70
1787865600,2026-08-27 21:20:00+00:00,1.35892,1.35952,1.35892,1.3595,308
1787865900,2026-08-27 21:25:00+00:00,1.35951,1.35958,1.3594,1.35946,187
1787866200,2026-08-27 21:30:00+00:00,1.35946,1.35971,1.35925,1.3597000000000001,303
1787866500,2026-08-27 21:35:00+00:00,1.3597000000000001,1.35977,1.35964,1.3597000000000001,147
1787866800,2026-08-27 21:40:00+00:00,1.3597000000000001,1.35976,1.3591199999999999,1.35916,97
1787867100,2026-08-27 21:45:00+00:00,1.35916,1.35948,1.35904,1.35947,275
1787867400,2026-08-27 21:50:00+00:00,1.35947,1.35948,1.35914,1.3593,168
1787867700,2026-08-27 21:55:00+00:00,1.3593,1.35933,1.35887,1.35921,464
1787868000,2026-08-27 22:00:00+00:00,1.35921,1.35944,1.35921,1.35931,305
1787868300,2026-08-27 22:05:00+00:00,1.35931,1.35941,1.3593,1.35934,267
1787868600,2026-08-27 22:10:00+00:00,1.35934,1.35957,1.35933,1.3595,145
1787868900,2026-08-27 22:15:00+00:00,1.3595,1.35961,1.35949,1.35957,96
1787869200,2026-08-27 22:20:00+00:00,1.35957,1.35962,1.3595,1.35954,373
1787869500,2026-08-27 22:25:00+00:00,1.35954,1.35954,1.35938,1.35938,171
1787869800,2026-08-27 22:30:00+00:00,1.35938,1.35955,1.35938,1.35954,233
1787870100,2026-08-27 22:35:00+00:00,1.35954,1.35957,1.35949,1.35955,194
1787870400,2026-08-27 22:40:00+00:00,1.35954,1.35958,1.35949,1.35953,233
1787870700,2026-08-27 22:45:00+00:00,1.35953,1.35955,1.35947,1.35951,168
1787871000,2026-08-27 22:50:00+00:00,1.35951,1.3596,1.35949,1.35958,140
1787871300,2026-08-27 22:55:00+00:00,1.35958,1.35967,1.35958,1.35965,160
1787871600,2026-08-27 23:00:00+00:00,1.35965,1.35971,1.3596300000000001,1.35967,253
1787871900,2026-08-27 23:05:00+00:00,1.35967,1.35969,1.35962,1.3596599999999999,137
1787872200,2026-08-27 23:10:00+00:00,1.3596599999999999,1.3598,1.35965,1.35978,109
1787872500,2026-08-27 23:15:00+00:00,1.35978,1.3598,1.35967,1.35968,127
1787872800,2026-08-27 23:20:00+00:00,1.35968,1.35969,1.35957,1.35964,126
1787873100,2026-08-27 23:25:00+00:00,1.35964,1.3597000000000001,1.35957,1.35957,211
1787873400,2026-08-27 23:30:00+00:00,1.35957,1.35965,1.35957,1.3596,120
1787873700,2026-08-27 23:35:00+00:00,1.3596,1.35979,1.3596,1.35978,197
1787874000,2026-08-27 23:40:00+00:00,1.35978,1.35978,1.35967,1.35976,222
1787874300,2026-08-27 23:45:00+00:00,1.35976,1.35982,1.35969,1.35981,383
1787874600,2026-08-27 23:50:00+00:00,1.35981,1.35985,1.35969,1.35978,554
1787874900,2026-08-27 23:55:00+00:00,1.35978,1.35979,1.3596,1.35971,567
1787875200,2026-08-28 00:00:00+00:00,1.35971,1.3598,1.3596,1.3596599999999999,1376
1787875500,2026-08-28 00:05:00+00:00,1.3596599999999999,1.35975,1.35957,1.35958,667
1787875800,2026-08-28 00:10:00+00:00,1.35958,1.35969,1.35956,1.3596599999999999,615
1787876100,2026-08-28 00:15:00+00:00,1.3596599999999999,1.35968,1.35944,1.35945,665
1787876400,2026-08-28 00:20:00+00:00,1.35945,1.35954,1.35935,1.3595,576
1787876700,2026-08-28 00:25:00+00:00,1.3595,1.35958,1.3593899999999999,1.35956,850
1787877000,2026-08-28 00:30:00+00:00,1.35956,1.35958,1.35944,1.35954,671
1787877300,2026-08-28 00:35:00+00:00,1.35954,1.35969,1.35948,1.35954,546
1787877600,2026-08-28 00:40:00+00:00,1.35954,1.35961,1.35951,1.35959,440
1787877900,2026-08-28 00:45:00+00:00,1.35959,1.35974,1.35954,1.35964,623
1787878200,2026-08-28 00:50:00+00:00,1.35964,1.35969,1.3595,1.35955,696
1787878500,2026-08-28 00:55:00+00:00,1.35955,1.3596599999999999,1.35951,1.3596,770
1787878800,2026-08-28 01:00:00+00:00,1.3596,1.35971,1.35948,1.35969,1266
1787879100,2026-08-28 01:05:00+00:00,1.35969,1.35981,1.35964,1.35976,741
1787879400,2026-08-28 01:10:00+00:00,1.35976,1.35976,1.35947,1.35949,1077
1787879700,2026-08-28 01:15:00+00:00,1.35949,1.35953,1.3594300000000001,1.35948,864
1787880000,2026-08-28 01:20:00+00:00,1.35948,1.35962,1.35945,1.35945,689
1787880300,2026-08-28 01:25:00+00:00,1.35945,1.35949,1.3593600000000001,1.35938,612
1787880600,2026-08-28 01:30:00+00:00,1.3593899999999999,1.35947,1.35933,1.35944,823
1787880900,2026-08-28 01:35:00+00:00,1.35944,1.35968,1.35944,1.3596300000000001,793
1787881200,2026-08-28 01:40:00+00:00,1.35962,1.35969,1.35948,1.3595,812
1787881500,2026-08-28 01:45:00+00:00,1.3595,1.35952,1.35915,1.35921,970
1787881800,2026-08-28 01:50:00+00:00,1.35921,1.35931,1.35906,1.35913,742
1787882100,2026-08-28 01:55:00+00:00,1.35913,1.35918,1.35903,1.3590499999999999,979
1787882400,2026-08-28 02:00:00+00:00,1.3590499999999999,1.35911,1.3589,1.35896,882
1787882700,2026-08-28 02:05:00+00:00,1.35896,1.35913,1.35896,1.3590200000000001,636
1787883000,2026-08-28 02:10:00+00:00,1.3590200000000001,1.35908,1.3587799999999999,1.35891,1002
1787883300,2026-08-28 02:15:00+00:00,1.35891,1.35904,1.35881,1.35903,770
1787883600,2026-08-28 02:20:00+00:00,1.35903,1.35931,1.3590200000000001,1.3593,642
1787883900,2026-08-28 02:25:00+00:00,1.3593,1.3593199999999999,1.35904,1.35906,816
1787884200,2026-08-28 02:30:00+00:00,1.35906,1.3591199999999999,1.35895,1.3590499999999999,906
1787884500,2026-08-28 02:35:00+00:00,1.3590499999999999,1.35914,1.35904,1.35907,646
1787884800,2026-08-28 02:40:00+00:00,1.35907,1.3590900000000001,1.35896,1.35897,459
1787885100,2026-08-28 02:45:00+00:00,1.35897,1.35913,1.35894,1.3591,666
1787885400,2026-08-28 02:50:00+00:00,1.3591,1.35933,1.3590900000000001,1.3593,627
1787885700,2026-08-28 02:55:00+00:00,1.3593,1.35937,1.35924,1.3593600000000001,519
1787886000,2026-08-28 03:00:00+00:00,1.3593600000000001,1.3595,1.35935,1.3594,608
1787886300,2026-08-28 03:05:00+00:00,1.3594,1.35944,1.35935,1.35937,528
1787886600,2026-08-28 03:10:00+00:00,1.35937,1.35938,1.3593,1.35935,429
1787886900,2026-08-28 03:15:00+00:00,1.35935,1.35942,1.35928,1.3593199999999999,726
1787887200,2026-08-28 03:20:00+00:00,1.3593199999999999,1.35934,1.35926,1.35927,411
1787887500,2026-08-28 03:25:00+00:00,1.35927,1.3594,1.35925,1.35938,458
1787887800,2026-08-28 03:30:00+00:00,1.35938,1.35941,1.35925,1.35926,390
1787888100,2026-08-28 03:35:00+00:00,1.35926,1.35927,1.35917,1.35918,400
1787888400,2026-08-28 03:40:00+00:00,1.35918,1.35919,1.35899,1.3590200000000001,325
1787888700,2026-08-28 03:45:00+00:00,1.3590200000000001,1.35903,1.35896,1.3590200000000001,313
1787889000,2026-08-28 03:50:00+00:00,1.3590200000000001,1.3590200000000001,1.35892,1.35899,226
1787889300,2026-08-28 03:55:00+00:00,1.35899,1.35906,1.35889,1.35898,454
1787889600,2026-08-28 04:00:00+00:00,1.35898,1.35901,1.3589,1.35895,293
1787889900,2026-08-28 04:05:00+00:00,1.35895,1.35898,1.35888,1.35895,346
1787890200,2026-08-28 04:10:00+00:00,1.35895,1.35896,1.35885,1.35887,277
1787890500,2026-08-28 04:15:00+00:00,1.35887,1.35899,1.35886,1.35899,395
1787890800,2026-08-28 04:20:00+00:00,1.35899,1.35899,1.35887,1.35888,212
1787891100,2026-08-28 04:25:00+00:00,1.35888,1.35892,1.35884,1.35888,156
1787891400,2026-08-28 04:30:00+00:00,1.35888,1.3589,1.35877,1.35886,265
1787891700,2026-08-28 04:35:00+00:00,1.35886,1.35889,1.3587799999999999,1.3588,226
1787892000,2026-08-28 04:40:00+00:00,1.3588,1.35891,1.35876,1.35886,330
1787892300,2026-08-28 04:45:00+00:00,1.35886,1.35892,1.35886,1.35886,299
1787892600,2026-08-28 04:50:00+00:00,1.35886,1.3589,1.35877,1.35888,315
1787892900,2026-08-28 04:55:00+00:00,1.35888,1.3589,1.35883,1.35886,488
1787893200,2026-08-28 05:00:00+00:00,1.35886,1.35888,1.3587500000000001,1.35879,360
1787893500,2026-08-28 05:05:00+00:00,1.35879,1.35888,1.35874,1.3587799999999999,528
1787893800,2026-08-28 05:10:00+00:00,1.3587799999999999,1.3588,1.35872,1.35876,367
1787894100,2026-08-28 05:15:00+00:00,1.35876,1.35889,1.35876,1.35881,287
1787894400,2026-08-28 05:20:00+00:00,1.35881,1.35887,1.3587500000000001,1.35877,241
1787894700,2026-08-28 05:25:00+00:00,1.35877,1.35881,1.35874,1.3588,460
1787895000,2026-08-28 05:30:00+00:00,1.3588,1.35888,1.35876,1.3588,330
1787895300,2026-08-28 05:35:00+00:00,1.3588,1.35886,1.35873,1.35877,479
1787895600,2026-08-28 05:40:00+00:00,1.35877,1.35879,1.3587099999999999,1.35876,525
1787895900,2026-08-28 05:45:00+00:00,1.35876,1.35885,1.3587500000000001,1.3587799999999999,403
1787896200,2026-08-28 05:50:00+00:00,1.3587799999999999,1.35888,1.35873,1.35888,360
1787896500,2026-08-28 05:55:00+00:00,1.35888,1.35914,1.35887,1.35888,835
1787896800,2026-08-28 06:00:00+00:00,1.35888,1.35911,1.35883,1.359,1063
1787897100,2026-08-28 06:05:00+00:00,1.359,1.3590900000000001,1.35894,1.35907,952
1787897400,2026-08-28 06:10:00+00:00,1.35907,1.35927,1.35907,1.35916,923
1787897700,2026-08-28 06:15:00+00:00,1.35916,1.35916,1.35889,1.3589,958
1787898000,2026-08-28 06:20:00+00:00,1.3589,1.35938,1.3589,1.35923,1153
1787898300,2026-08-28 06:25:00+00:00,1.35923,1.35948,1.35907,1.3593899999999999,1338
1787898600,2026-08-28 06:30:00+00:00,1.3593899999999999,1.35942,1.35895,1.3592,1340
1787898900,2026-08-28 06:35:00+00:00,1.3592,1.35931,1.35898,1.35906,1500
1787899200,2026-08-28 06:40:00+00:00,1.35906,1.3594300000000001,1.35898,1.35938,1361
1787899500,2026-08-28 06:45:00+00:00,1.3593899999999999,1.35948,1.35913,1.35919,1156
1787899800,2026-08-28 06:50:00+00:00,1.35919,1.35935,1.35913,1.35927,740
1787900100,2026-08-28 06:55:00+00:00,1.35927,1.35949,1.35925,1.35929,658
1787900400,2026-08-28 07:00:00+00:00,1.35928,1.35935,1.35884,1.35885,815
1787900700,2026-08-28 07:05:00+00:00,1.35885,1.35888,1.3587099999999999,1.35874,1081
1787901000,2026-08-28 07:10:00+00:00,1.35874,1.35899,1.3587099999999999,1.3588,1010
1787901300,2026-08-28 07:15:00+00:00,1.3588,1.35887,1.35807,1.35824,1043
1787901600,2026-08-28 07:20:00+00:00,1.35824,1.35846,1.35818,1.35834,819
1787901900,2026-08-28 07:25:00+00:00,1.35834,1.3584399999999999,1.35805,1.35808,1076
1787902200,2026-08-28 07:30:00+00:00,1.35808,1.35876,1.35806,1.35868,965
1787902500,2026-08-28 07:35:00+00:00,1.35868,1.35879,1.35853,1.35856,987
1787902800,2026-08-28 07:40:00+00:00,1.35856,1.3589,1.35852,1.3587500000000001,769
1787903100,2026-08-28 07:45:00+00:00,1.3587500000000001,1.35915,1.35865,1.35906,887
1787903400,2026-08-28 07:50:00+00:00,1.35906,1.3591,1.3587500000000001,1.35881,709
1787903700,2026-08-28 07:55:00+00:00,1.35881,1.3590499999999999,1.35873,1.35874,741
1787904000,2026-08-28 08:00:00+00:00,1.35873,1.35908,1.35862,1.35873,1186
1787904300,2026-08-28 08:05:00+00:00,1.35873,1.35874,1.3584399999999999,1.35846,683
1787904600,2026-08-28 08:10:00+00:00,1.35845,1.3585,1.35837,1.3584100000000001,760
1787904900,2026-08-28 08:15:00+00:00,1.3584100000000001,1.35868,1.35837,1.35859,1117
1787905200,2026-08-28 08:20:00+00:00,1.35859,1.35866,1.3585,1.35855,958
1787905500,2026-08-28 08:25:00+00:00,1.35855,1.35866,1.35849,1.35852,793
1787905800,2026-08-28 08:30:00+00:00,1.35852,1.3587099999999999,1.3585,1.35859,1056
1787906100,2026-08-28 08:35:00+00:00,1.35859,1.35866,1.35843,1.35866,980
1787906400,2026-08-28 08:40:00+00:00,1.35866,1.35867,1.35843,1.3584399999999999,612
1787906700,2026-08-28 08:45:00+00:00,1.3584399999999999,1.35862,1.35831,1.3584800000000001,922
1787907000,2026-08-28 08:50:00+00:00,1.3584800000000001,1.35869,1.35846,1.35864,627
1787907300,2026-08-28 08:55:00+00:00,1.35864,1.35876,1.35855,1.3587500000000001,726
1787907600,2026-08-28 09:00:00+00:00,1.3587500000000001,1.35876,1.35826,1.3584,754
1787907900,2026-08-28 09:05:00+00:00,1.3584,1.35857,1.35836,1.35856,953
1787908200,2026-08-28 09:10:00+00:00,1.35856,1.3587500000000001,1.35847,1.35859,967
1787908500,2026-08-28 09:15:00+00:00,1.35859,1.3587,1.3584399999999999,1.35847,918
1787908800,2026-08-28 09:20:00+00:00,1.35847,1.35866,1.3584,1.3584800000000001,994
1787909100,2026-08-28 09:25:00+00:00,1.35847,1.35849,1.3583,1.35839,1146
1787909400,2026-08-28 09:30:00+00:00,1.35838,1.35865,1.35837,1.35858,980
1787909700,2026-08-28 09:35:00+00:00,1.35859,1.35859,1.35837,1.35843,936
1787910000,2026-08-28 09:40:00+00:00,1.35843,1.35849,1.35824,1.35845,752
1787910300,2026-08-28 09:45:00+00:00,1.35845,1.35858,1.35834,1.35846,871
1787910600,2026-08-28 09:50:00+00:00,1.35846,1.3584800000000001,1.35812,1.35824,1012
1787910900,2026-08-28 09:55:00+00:00,1.35824,1.35839,1.3580999999999999,1.35812,1280
1787911200,2026-08-28 10:00:00+00:00,1.35812,1.35825,1.35801,1.35815,1308
1787911500,2026-08-28 10:05:00+00:00,1.3581400000000001,1.3585,1.3581400000000001,1.35847,827
1787911800,2026-08-28 10:10:00+00:00,1.35847,1.35855,1.35823,1.35824,839
1787912100,2026-08-28 10:15:00+00:00,1.35824,1.35852,1.35813,1.35845,866
1787912400,2026-08-28 10:20:00+00:00,1.3584399999999999,1.35877,1.35834,1.3587500000000001,820
1787912700,2026-08-28 10:25:00+00:00,1.3587500000000001,1.3587799999999999,1.35855,1.35872,624
1787913000,2026-08-28 10:30:00+00:00,1.35872,1.35906,1.35865,1.359,997
1787913300,2026-08-28 10:35:00+00:00,1.35901,1.3590499999999999,1.35892,1.35897,562
1787913600,2026-08-28 10:40:00+00:00,1.35897,1.3592,1.35895,1.35914,511
1787913900,2026-08-28 10:45:00+00:00,1.35914,1.3592,1.35891,1.35895,631
1787914200,2026-08-28 10:50:00+00:00,1.35896,1.35899,1.3588,1.35898,401
1787914500,2026-08-28 10:55:00+00:00,1.35897,1.35919,1.35896,1.35918,741
1787914800,2026-08-28 11:00:00+00:00,1.35918,1.35919,1.35892,1.35895,964
1787915100,2026-08-28 11:05:00+00:00,1.35895,1.35899,1.3587799999999999,1.35894,462
1787915400,2026-08-28 11:10:00+00:00,1.35895,1.35895,1.35876,1.35892,505
1787915700,2026-08-28 11:15:00+00:00,1.35892,1.35892,1.35873,1.35873,472
1787916000,2026-08-28 11:20:00+00:00,1.35873,1.35882,1.35857,1.35873,664
1787916300,2026-08-28 11:25:00+00:00,1.35873,1.3587799999999999,1.35853,1.35864,789
1787916600,2026-08-28 11:30:00+00:00,1.35864,1.35873,1.35856,1.35866,739
1787916900,2026-08-28 11:35:00+00:00,1.35866,1.35868,1.35852,1.35863,674
1787917200,2026-08-28 11:40:00+00:00,1.35863,1.35873,1.35855,1.35861,688
1787917500,2026-08-28 11:45:00+00:00,1.35861,1.3587799999999999,1.35846,1.35856,1152
1787917800,2026-08-28 11:50:00+00:00,1.35856,1.35865,1.35846,1.3586,986
1787918100,2026-08-28 11:55:00+00:00,1.3586,1.35863,1.35846,1.3585099999999999,981
1787918400,2026-08-28 12:00:00+00:00,1.3585099999999999,1.35862,1.3584399999999999,1.35852,1193
1787918700,2026-08-28 12:05:00+00:00,1.35852,1.35857,1.35832,1.35832,1011
1787919000,2026-08-28 12:10:00+00:00,1.35832,1.3584800000000001,1.35824,1.35834,764
1787919300,2026-08-28 12:15:00+00:00,1.35834,1.3584,1.35823,1.35831,807
1787919600,2026-08-28 12:20:00+00:00,1.35831,1.35837,1.35822,1.35832,988
1787919900,2026-08-28 12:25:00+00:00,1.35832,1.35836,1.35794,1.35798,648
1787920200,2026-08-28 12:30:00+00:00,1.35798,1.35802,1.35763,1.35774,884
1787920500,2026-08-28 12:35:00+00:00,1.35774,1.35778,1.35744,1.35744,985
1787920800,2026-08-28 12:40:00+00:00,1.35744,1.35774,1.35737,1.35772,1227
1787921100,2026-08-28 12:45:00+00:00,1.35772,1.35809,1.35769,1.35806,1362
1787921400,2026-08-28 12:50:00+00:00,1.35806,1.3580999999999999,1.35789,1.35808,1189
1787921700,2026-08-28 12:55:00+00:00,1.35808,1.35854,1.35808,1.3584,2071
1787922000,2026-08-28 13:00:00+00:00,1.3584100000000001,1.3586,1.35837,1.3584399999999999,1659
1787922300,2026-08-28 13:05:00+00:00,1.3584399999999999,1.3584800000000001,1.358,1.35826,1094
1787922600,2026-08-28 13:10:00+00:00,1.35826,1.35834,1.35815,1.35818,871
1787922900,2026-08-28 13:15:00+00:00,1.35818,1.35832,1.35807,1.35809,828
1787923200,2026-08-28 13:20:00+00:00,1.35809,1.3580999999999999,1.35765,1.35772,611
1787923500,2026-08-28 13:25:00+00:00,1.35772,1.35793,1.35754,1.35789,1257
1787923800,2026-08-28 13:30:00+00:00,1.35789,1.35812,1.35789,1.35796,1202
1787924100,2026-08-28 13:35:00+00:00,1.35796,1.35806,1.35768,1.35801,861
1787924400,2026-08-28 13:40:00+00:00,1.35801,1.35807,1.35771,1.3578299999999999,930
1787924700,2026-08-28 13:45:00+00:00,1.3578299999999999,1.35788,1.35743,1.35745,947
1787925000,2026-08-28 13:50:00+00:00,1.35745,1.35804,1.35734,1.35797,1612
1787925300,2026-08-28 13:55:00+00:00,1.35797,1.3587799999999999,1.35711,1.35712,1155
1787925600,2026-08-28 14:00:00+00:00,1.35712,1.35987,1.35514,1.35561,6886
1787925900,2026-08-28 14:05:00+00:00,1.35561,1.35605,1.35449,1.35574,4657
1787926200,2026-08-28 14:10:00+00:00,1.35574,1.35587,1.3551199999999999,1.35547,4491
1787926500,2026-08-28 14:15:00+00:00,1.35547,1.35552,1.35456,1.35457,4210
1787926800,2026-08-28 14:20:00+00:00,1.35457,1.3547500000000001,1.3538700000000001,1.35396,3672
1787927100,2026-08-28 14:25:00+00:00,1.35396,1.35409,1.35294,1.3538700000000001,3657
1787927400,2026-08-28 14:30:00+00:00,1.3538700000000001,1.35479,1.35373,1.3547500000000001,3124
1787927700,2026-08-28 14:35:00+00:00,1.3547500000000001,1.35491,1.35408,1.35412,2558
1787928000,2026-08-28 14:40:00+00:00,1.35412,1.35497,1.35394,1.35472,3080
1787928300,2026-08-28 14:45:00+00:00,1.35472,1.35498,1.3542399999999999,1.35454,2700
1787928600,2026-08-28 14:50:00+00:00,1.35454,1.3557000000000001,1.35439,1.35556,2900
1787928900,2026-08-28 14:55:00+00:00,1.35556,1.35785,1.35556,1.35718,3933
1787929200,2026-08-28 15:00:00+00:00,1.3571900000000001,1.35766,1.3568500000000001,1.35712,2284
1787929500,2026-08-28 15:05:00+00:00,1.35712,1.35712,1.3562699999999999,1.35644,1654
1787929800,2026-08-28 15:10:00+00:00,1.35644,1.35647,1.35556,1.35577,2318
1787930100,2026-08-28 15:15:00+00:00,1.35577,1.35609,1.35553,1.35555,2595
1787930400,2026-08-28 15:20:00+00:00,1.35555,1.35593,1.3555,1.35577,2346
1787930700,2026-08-28 15:25:00+00:00,1.35577,1.35625,1.35558,1.35593,2159
1787931000,2026-08-28 15:30:00+00:00,1.35593,1.35643,1.35582,1.35596,2931
1787931300,2026-08-28 15:35:00+00:00,1.35596,1.35628,1.35561,1.35567,2386
1787931600,2026-08-28 15:40:00+00:00,1.35567,1.35579,1.35515,1.35575,2104
1787931900,2026-08-28 15:45:00+00:00,1.35575,1.35628,1.35552,1.3556,2087
1787932200,2026-08-28 15:50:00+00:00,1.3556,1.35599,1.3554300000000001,1.35568,2126
1787932500,2026-08-28 15:55:00+00:00,1.35568,1.35579,1.35527,1.35533,2883
1787932800,2026-08-28 16:00:00+00:00,1.35533,1.35534,1.35491,1.35497,2337
1787933100,2026-08-28 16:05:00+00:00,1.35497,1.3550200000000001,1.35468,1.35491,1907
1787933400,2026-08-28 16:10:00+00:00,1.35491,1.35491,1.35423,1.35425,2095
1787933700,2026-08-28 16:15:00+00:00,1.35425,1.35431,1.35345,1.35348,2739
1787934000,2026-08-28 16:20:00+00:00,1.35348,1.35381,1.35346,1.35351,2162
1787934300,2026-08-28 16:25:00+00:00,1.35351,1.3538700000000001,1.35345,1.35368,1997
1787934600,2026-08-28 16:30:00+00:00,1.35368,1.35429,1.35367,1.35385,1877
1787934900,2026-08-28 16:35:00+00:00,1.35385,1.35402,1.3537,1.35378,1414
1787935200,2026-08-28 16:40:00+00:00,1.35378,1.35389,1.35346,1.35359,1821
1787935500,2026-08-28 16:45:00+00:00,1.35359,1.35403,1.3535599999999999,1.35401,1188
1787935800,2026-08-28 16:50:00+00:00,1.354,1.35438,1.3538700000000001,1.35397,1479
1787936100,2026-08-28 16:55:00+00:00,1.35398,1.354,1.3536000000000001,1.35371,1633
1787936400,2026-08-28 17:00:00+00:00,1.35371,1.35371,1.35318,1.3532,1497
1787936700,2026-08-28 17:05:00+00:00,1.3532,1.35331,1.35289,1.35317,1291
1787937000,2026-08-28 17:10:00+00:00,1.35317,1.35374,1.35316,1.35371,1201
1787937300,2026-08-28 17:15:00+00:00,1.35371,1.35375,1.35336,1.35344,1167
1787937600,2026-08-28 17:20:00+00:00,1.35344,1.35367,1.35344,1.3535599999999999,1253
1787937900,2026-08-28 17:25:00+00:00,1.3535599999999999,1.35359,1.3532899999999999,1.35346,1157
1787938200,2026-08-28 17:30:00+00:00,1.35346,1.35347,1.35321,1.35327,1166
1787938500,2026-08-28 17:35:00+00:00,1.35327,1.35344,1.35291,1.35293,1009
1787938800,2026-08-28 17:40:00+00:00,1.35293,1.35298,1.3526799999999999,1.35286,1054
1787939100,2026-08-28 17:45:00+00:00,1.35286,1.35298,1.35275,1.35287,1095
1787939400,2026-08-28 17:50:00+00:00,1.35287,1.35317,1.35287,1.35308,999
1787939700,2026-08-28 17:55:00+00:00,1.35308,1.3532,1.3529200000000001,1.353,1026
1787940000,2026-08-28 18:00:00+00:00,1.353,1.35305,1.35272,1.35273,782
1787940300,2026-08-28 18:05:00+00:00,1.35273,1.3531900000000001,1.35271,1.35291,1466
1787940600,2026-08-28 18:10:00+00:00,1.35291,1.35306,1.35279,1.35281,851
1787940900,2026-08-28 18:15:00+00:00,1.35281,1.35294,1.35276,1.35283,863
1787941200,2026-08-28 18:20:00+00:00,1.35283,1.35304,1.35281,1.3529200000000001,689
1787941500,2026-08-28 18:25:00+00:00,1.3529200000000001,1.35321,1.35289,1.35303,1071
1787941800,2026-08-28 18:30:00+00:00,1.35303,1.35312,1.3529200000000001,1.35308,846
1787942100,2026-08-28 18:35:00+00:00,1.35308,1.35315,1.35287,1.35289,673
1787942400,2026-08-28 18:40:00+00:00,1.35289,1.35296,1.3528,1.3529499999999999,626
1787942700,2026-08-28 18:45:00+00:00,1.3529499999999999,1.3529900000000001,1.35277,1.35287,609
1787943000,2026-08-28 18:50:00+00:00,1.35287,1.35298,1.3528,1.35289,772
1787943300,2026-08-28 18:55:00+00:00,1.35289,1.35312,1.35283,1.35305,1114
1787943600,2026-08-28 19:00:00+00:00,1.35306,1.35333,1.3529900000000001,1.3531900000000001,1032
1787943900,2026-08-28 19:05:00+00:00,1.3531900000000001,1.3532899999999999,1.35306,1.35328,712
1787944200,2026-08-28 19:10:00+00:00,1.35328,1.35339,1.3532199999999999,1.3532600000000001,790
1787944500,2026-08-28 19:15:00+00:00,1.3532600000000001,1.35328,1.35307,1.3532199999999999,566
1787944800,2026-08-28 19:20:00+00:00,1.3532199999999999,1.3535599999999999,1.3532199999999999,1.35351,1059
1787945100,2026-08-28 19:25:00+00:00,1.35351,1.35379,1.35351,1.35369,875
1787945400,2026-08-28 19:30:00+00:00,1.35368,1.35375,1.35349,1.35373,1009
1787945700,2026-08-28 19:35:00+00:00,1.35373,1.35389,1.35359,1.35388,921
1787946000,2026-08-28 19:40:00+00:00,1.35388,1.35393,1.35377,1.35384,768
1787946300,2026-08-28 19:45:00+00:00,1.3538299999999999,1.3538700000000001,1.35368,1.35371,684
1787946600,2026-08-28 19:50:00+00:00,1.35371,1.35379,1.35365,1.35371,768
1787946900,2026-08-28 19:55:00+00:00,1.35371,1.35405,1.35371,1.3538299999999999,1003
1787947200,2026-08-28 20:00:00+00:00,1.35382,1.3538700000000001,1.35364,1.35369,354
1787947500,2026-08-28 20:05:00+00:00,1.35369,1.35373,1.35358,1.35361,225
1787947800,2026-08-28 20:10:00+00:00,1.35361,1.3538000000000001,1.3536000000000001,1.35379,371
1787948100,2026-08-28 20:15:00+00:00,1.35379,1.35391,1.35376,1.35377,209
1787948400,2026-08-28 20:20:00+00:00,1.35377,1.35377,1.35358,1.35359,305
1787948700,2026-08-28 20:25:00+00:00,1.35359,1.3536000000000001,1.35347,1.3535599999999999,276
1787949000,2026-08-28 20:30:00+00:00,1.35355,1.3536000000000001,1.35337,1.35338,192
1787949300,2026-08-28 20:35:00+00:00,1.35338,1.35346,1.35305,1.35306,218
1787949600,2026-08-28 20:40:00+00:00,1.35306,1.3532,1.35305,1.35317,244
1787949900,2026-08-28 20:45:00+00:00,1.35317,1.3532,1.35308,1.35318,709
1787950200,2026-08-28 20:50:00+00:00,1.35318,1.35334,1.35318,1.3533,1266
1787950500,2026-08-28 20:55:00+00:00,1.3533,1.35361,1.3532,1.35339,786
1788123600,2026-08-30 21:00:00+00:00,1.3531,1.35333,1.35306,1.3532899999999999,9
1788123900,2026-08-30 21:05:00+00:00,1.3532899999999999,1.3536000000000001,1.3532600000000001,1.3536000000000001,55
1788124200,2026-08-30 21:10:00+00:00,1.3536000000000001,1.35372,1.35327,1.35364,38
1788124500,2026-08-30 21:15:00+00:00,1.35364,1.35388,1.35321,1.35338,141
1788124800,2026-08-30 21:20:00+00:00,1.35338,1.3536299999999999,1.35327,1.35362,46
1788125100,2026-08-30 21:25:00+00:00,1.35362,1.3536299999999999,1.35345,1.35354,23
1788125400,2026-08-30 21:30:00+00:00,1.35354,1.35359,1.35335,1.35355,69
1788125700,2026-08-30 21:35:00+00:00,1.35355,1.35406,1.35321,1.3536299999999999,237
1788126000,2026-08-30 21:40:00+00:00,1.3536299999999999,1.3538000000000001,1.3535300000000001,1.35364,64
1788126300,2026-08-30 21:45:00+00:00,1.35364,1.35377,1.3535300000000001,1.35367,210
1788126600,2026-08-30 21:50:00+00:00,1.35367,1.35369,1.35334,1.35337,75
1788126900,2026-08-30 21:55:00+00:00,1.35337,1.35384,1.35332,1.35351,110
1788127200,2026-08-30 22:00:00+00:00,1.35351,1.35371,1.35296,1.35311,296
1788127500,2026-08-30 22:05:00+00:00,1.35311,1.3533,1.35309,1.3532899999999999,59
1788127800,2026-08-30 22:10:00+00:00,1.3532899999999999,1.35332,1.35315,1.35318,248
1788128100,2026-08-30 22:15:00+00:00,1.35318,1.35325,1.35313,1.35321,334
1788128400,2026-08-30 22:20:00+00:00,1.35321,1.35324,1.3531900000000001,1.3531900000000001,391
1788128700,2026-08-30 22:25:00+00:00,1.3531900000000001,1.35331,1.35318,1.35325,204
1788129000,2026-08-30 22:30:00+00:00,1.35325,1.35348,1.35325,1.35346,278
1788129300,2026-08-30 22:35:00+00:00,1.35346,1.35372,1.35342,1.35362,402
1788129600,2026-08-30 22:40:00+00:00,1.35362,1.35367,1.3535,1.35351,206
1788129900,2026-08-30 22:45:00+00:00,1.35351,1.35361,1.3535,1.3536000000000001,144
1788130200,2026-08-30 22:50:00+00:00,1.3536000000000001,1.3536000000000001,1.35349,1.3536000000000001,94
1788130500,2026-08-30 22:55:00+00:00,1.3536000000000001,1.35367,1.3535,1.35361,197
1788130800,2026-08-30 23:00:00+00:00,1.35361,1.35375,1.35359,1.35366,233
1788131100,2026-08-30 23:05:00+00:00,1.35366,1.35378,1.35352,1.35352,388
1788131400,2026-08-30 23:10:00+00:00,1.35352,1.35371,1.3535,1.35366,286
1788131700,2026-08-30 23:15:00+00:00,1.35366,1.35377,1.35359,1.35371,432
1788132000,2026-08-30 23:20:00+00:00,1.35371,1.35381,1.3537,1.35374,281
1788132300,2026-08-30 23:25:00+00:00,1.35374,1.35378,1.35368,1.35368,306
1788132600,2026-08-30 23:30:00+00:00,1.35368,1.35392,1.35367,1.35386,270
1788132900,2026-08-30 23:35:00+00:00,1.35386,1.35399,1.35381,1.35396,340
1788133200,2026-08-30 23:40:00+00:00,1.35396,1.35397,1.3538700000000001,1.35388,434
1788133500,2026-08-30 23:45:00+00:00,1.35388,1.35389,1.35376,1.35378,696
1788133800,2026-08-30 23:50:00+00:00,1.35378,1.354,1.35378,1.35399,560
1788134100,2026-08-30 23:55:00+00:00,1.35399,1.35408,1.35393,1.35401,786
1788134400,2026-08-31 00:00:00+00:00,1.35401,1.35419,1.35399,1.35416,1284
1788134700,2026-08-31 00:05:00+00:00,1.3541699999999999,1.35427,1.35411,1.3542399999999999,923
1788135000,2026-08-31 00:10:00+00:00,1.35425,1.35428,1.35403,1.3541699999999999,1275
1788135300,2026-08-31 00:15:00+00:00,1.3541699999999999,1.35429,1.35407,1.3541,1012
1788135600,2026-08-31 00:20:00+00:00,1.3541,1.35412,1.35378,1.35379,605
1788135900,2026-08-31 00:25:00+00:00,1.35379,1.35381,1.35336,1.35347,1413
1788136200,2026-08-31 00:30:00+00:00,1.35346,1.35397,1.35346,1.35396,981
1788136500,2026-08-31 00:35:00+00:00,1.35396,1.35435,1.35395,1.35429,637
1788136800,2026-08-31 00:40:00+00:00,1.35429,1.35433,1.35415,1.35427,691
1788137100,2026-08-31 00:45:00+00:00,1.35427,1.35436,1.35423,1.35423,998
1788137400,2026-08-31 00:50:00+00:00,1.3542399999999999,1.35461,1.3541699999999999,1.35453,1122
1788137700,2026-08-31 00:55:00+00:00,1.35453,1.35472,1.3544399999999999,1.35452,864
1788138000,2026-08-31 01:00:00+00:00,1.35452,1.35452,1.35396,1.35437,1397
1788138300,2026-08-31 01:05:00+00:00,1.35437,1.3544,1.35378,1.3538000000000001,922
1788138600,2026-08-31 01:10:00+00:00,1.3538000000000001,1.35391,1.3537,1.35386,961
1788138900,2026-08-31 01:15:00+00:00,1.35386,1.35402,1.35375,1.35391,1254
1788139200,2026-08-31 01:20:00+00:00,1.35391,1.35425,1.35386,1.3541699999999999,1227
1788139500,2026-08-31 01:25:00+00:00,1.3541699999999999,1.35434,1.35407,1.3543,973
1788139800,2026-08-31 01:30:00+00:00,1.3543,1.3544399999999999,1.35411,1.3542,898
1788140100,2026-08-31 01:35:00+00:00,1.3542,1.35452,1.35416,1.35452,1168
1788140400,2026-08-31 01:40:00+00:00,1.35452,1.35473,1.35432,1.35461,1112
1788140700,2026-08-31 01:45:00+00:00,1.35461,1.35468,1.3544,1.35442,1042
1788141000,2026-08-31 01:50:00+00:00,1.35442,1.35455,1.35436,1.35449,834
1788141300,2026-08-31 01:55:00+00:00,1.35449,1.35453,1.35428,1.35434,835
1788141600,2026-08-31 02:00:00+00:00,1.35434,1.3544100000000001,1.3542100000000001,1.35432,974
1788141900,2026-08-31 02:05:00+00:00,1.35432,1.35457,1.35431,1.35446,883
1788142200,2026-08-31 02:10:00+00:00,1.35446,1.3545099999999999,1.35436,1.3544800000000001,914
1788142500,2026-08-31 02:15:00+00:00,1.3544800000000001,1.35459,1.35409,1.35426,1143
1788142800,2026-08-31 02:20:00+00:00,1.35426,1.35446,1.35415,1.3544399999999999,1096
1788143100,2026-08-31 02:25:00+00:00,1.3544399999999999,1.35456,1.3544,1.35449,979
1788143400,2026-08-31 02:30:00+00:00,1.35449,1.35459,1.35435,1.3544,1002
1788143700,2026-08-31 02:35:00+00:00,1.3544,1.35443,1.35416,1.3542399999999999,759
1788144000,2026-08-31 02:40:00+00:00,1.3542399999999999,1.35425,1.35385,1.35395,979
1788144300,2026-08-31 02:45:00+00:00,1.35395,1.35423,1.35393,1.35418,802
1788144600,2026-08-31 02:50:00+00:00,1.35418,1.3544100000000001,1.3541699999999999,1.35439,532
1788144900,2026-08-31 02:55:00+00:00,1.35439,1.35447,1.3543,1.35446,732
1788145200,2026-08-31 03:00:00+00:00,1.35446,1.35461,1.35442,1.35443,736
1788145500,2026-08-31 03:05:00+00:00,1.35443,1.35454,1.35442,1.3545099999999999,548
1788145800,2026-08-31 03:10:00+00:00,1.3545099999999999,1.35462,1.3544800000000001,1.35457,425
1788146100,2026-08-31 03:15:00+00:00,1.35457,1.35467,1.35454,1.35456,488
1788146400,2026-08-31 03:20:00+00:00,1.35456,1.35472,1.35453,1.35463,413
1788146700,2026-08-31 03:25:00+00:00,1.35463,1.35469,1.3545099999999999,1.3545099999999999,511
1788147000,2026-08-31 03:30:00+00:00,1.3545099999999999,1.35452,1.35437,1.35438,598
1788147300,2026-08-31 03:35:00+00:00,1.35438,1.35443,1.3541400000000001,1.3541699999999999,716
1788147600,2026-08-31 03:40:00+00:00,1.3541699999999999,1.35446,1.35415,1.3544,466
1788147900,2026-08-31 03:45:00+00:00,1.3544,1.35442,1.35426,1.35428,527
1788148200,2026-08-31 03:50:00+00:00,1.35428,1.35439,1.35427,1.35427,525
1788148500,2026-08-31 03:55:00+00:00,1.35427,1.35445,1.35426,1.35439,321
1788148800,2026-08-31 04:00:00+00:00,1.35439,1.3546,1.35438,1.35458,464
1788149100,2026-08-31 04:05:00+00:00,1.35458,1.35461,1.3544800000000001,1.35461,399
1788149400,2026-08-31 04:10:00+00:00,1.35461,1.35465,1.35457,1.3546,368
1788149700,2026-08-31 04:15:00+00:00,1.3546,1.35464,1.35445,1.35446,414
1788150000,2026-08-31 04:20:00+00:00,1.35446,1.35449,1.35431,1.35432,610
1788150300,2026-08-31 04:25:00+00:00,1.35433,1.3544,1.35418,1.3542399999999999,477
1788150600,2026-08-31 04:30:00+00:00,1.3542399999999999,1.35431,1.35416,1.35428,662
1788150900,2026-08-31 04:35:00+00:00,1.35428,1.35434,1.35425,1.35427,321
1788151200,2026-08-31 04:40:00+00:00,1.35428,1.35439,1.35415,1.35437,563
1788151500,2026-08-31 04:45:00+00:00,1.35437,1.35445,1.35429,1.35438,457
1788151800,2026-08-31 04:50:00+00:00,1.35438,1.35445,1.35429,1.35442,384
1788152100,2026-08-31 04:55:00+00:00,1.35442,1.35449,1.3543,1.3544800000000001,591
1788152400,2026-08-31 05:00:00+00:00,1.3544800000000001,1.3545,1.35426,1.35427,528
1788152700,2026-08-31 05:05:00+00:00,1.35427,1.35428,1.35416,1.35423,673
1788153000,2026-08-31 05:10:00+00:00,1.35423,1.35435,1.35415,1.3543,811
1788153300,2026-08-31 05:15:00+00:00,1.3543,1.3544399999999999,1.35427,1.35439,332
1788153600,2026-08-31 05:20:00+00:00,1.35439,1.35443,1.35427,1.35437,446
1788153900,2026-08-31 05:25:00+00:00,1.35437,1.35469,1.3543,1.35468,505
1788154200,2026-08-31 05:30:00+00:00,1.35468,1.35469,1.35422,1.35438,815
1788154500,2026-08-31 05:35:00+00:00,1.35438,1.3544,1.35422,1.35429,702
1788154800,2026-08-31 05:40:00+00:00,1.35429,1.35459,1.35423,1.35446,1157
1788155100,2026-08-31 05:45:00+00:00,1.35446,1.35458,1.35437,1.3544,788
1788155400,2026-08-31 05:50:00+00:00,1.3544,1.35449,1.3543,1.35437,738
1788155700,2026-08-31 05:55:00+00:00,1.35438,1.35469,1.35437,1.35468,698
1788156000,2026-08-31 06:00:00+00:00,1.35468,1.35468,1.35437,1.3545099999999999,1078
1788156300,2026-08-31 06:05:00+00:00,1.3545099999999999,1.35456,1.35435,1.35439,680
1788156600,2026-08-31 06:10:00+00:00,1.35439,1.35468,1.35435,1.35467,595
1788156900,2026-08-31 06:15:00+00:00,1.35467,1.35481,1.35463,1.3547799999999999,562
1788157200,2026-08-31 06:20:00+00:00,1.3547799999999999,1.35489,1.35462,1.35471,716
1788157500,2026-08-31 06:25:00+00:00,1.35471,1.35473,1.35445,1.3545,736
1788157800,2026-08-31 06:30:00+00:00,1.3545,1.35461,1.3544,1.3545099999999999,746
1788158100,2026-08-31 06:35:00+00:00,1.3545099999999999,1.3548,1.35446,1.35477,728
1788158400,2026-08-31 06:40:00+00:00,1.35477,1.3548200000000001,1.3544399999999999,1.35446,723
1788158700,2026-08-31 06:45:00+00:00,1.35446,1.35456,1.35443,1.35446,815
1788159000,2026-08-31 06:50:00+00:00,1.35446,1.3545,1.3541699999999999,1.35427,689
1788159300,2026-08-31 06:55:00+00:00,1.35427,1.3544100000000001,1.3538700000000001,1.35438,1175
1788159600,2026-08-31 07:00:00+00:00,1.35438,1.35443,1.35388,1.35398,1086
1788159900,2026-08-31 07:05:00+00:00,1.35398,1.3541,1.35367,1.35409,852
1788160200,2026-08-31 07:10:00+00:00,1.35409,1.35415,1.35384,1.35393,1047
1788160500,2026-08-31 07:15:00+00:00,1.35393,1.35413,1.35374,1.35409,895
1788160800,2026-08-31 07:20:00+00:00,1.35409,1.35479,1.35396,1.35477,1146
1788161100,2026-08-31 07:25:00+00:00,1.35477,1.3548200000000001,1.35442,1.35456,826
1788161400,2026-08-31 07:30:00+00:00,1.35456,1.35461,1.35428,1.35436,894
1788161700,2026-08-31 07:35:00+00:00,1.35436,1.35446,1.35418,1.35426,879
1788162000,2026-08-31 07:40:00+00:00,1.35426,1.3546,1.35418,1.35454,864
1788162300,2026-08-31 07:45:00+00:00,1.35454,1.35469,1.35447,1.35466,750
1788162600,2026-08-31 07:50:00+00:00,1.35466,1.35472,1.3544800000000001,1.35457,678
1788162900,2026-08-31 07:55:00+00:00,1.35457,1.35479,1.35452,1.35463,878
1788163200,2026-08-31 08:00:00+00:00,1.35462,1.35557,1.3546,1.3555,1442
1788163500,2026-08-31 08:05:00+00:00,1.3555,1.35558,1.3548,1.35484,1054
1788163800,2026-08-31 08:10:00+00:00,1.35484,1.3548499999999999,1.3544100000000001,1.35456,841
1788164100,2026-08-31 08:15:00+00:00,1.35456,1.35471,1.35435,1.35452,1008
1788164400,2026-08-31 08:20:00+00:00,1.35452,1.35467,1.3544399999999999,1.3544800000000001,853
1788164700,2026-08-31 08:25:00+00:00,1.3544800000000001,1.35473,1.35445,1.35469,726
1788165000,2026-08-31 08:30:00+00:00,1.35469,1.35481,1.35457,1.35466,669
1788165300,2026-08-31 08:35:00+00:00,1.35466,1.35469,1.35449,1.3546,599
1788165600,2026-08-31 08:40:00+00:00,1.3546,1.35461,1.3542100000000001,1.35426,538
1788165900,2026-08-31 08:45:00+00:00,1.35427,1.35443,1.35413,1.35415,578
1788166200,2026-08-31 08:50:00+00:00,1.35415,1.35418,1.35381,1.35399,729
1788166500,2026-08-31 08:55:00+00:00,1.35399,1.35411,1.35394,1.35402,897
1788166800,2026-08-31 09:00:00+00:00,1.35402,1.35439,1.35402,1.35429,702
1788167100,2026-08-31 09:05:00+00:00,1.35429,1.3544100000000001,1.35413,1.3542,617
1788167400,2026-08-31 09:10:00+00:00,1.35419,1.35443,1.35411,1.35439,543
1788167700,2026-08-31 09:15:00+00:00,1.35439,1.35459,1.35437,1.3544,551
1788168000,2026-08-31 09:20:00+00:00,1.3544,1.35447,1.3542100000000001,1.35422,623
1788168300,2026-08-31 09:25:00+00:00,1.35422,1.35436,1.35411,1.35433,706
1788168600,2026-08-31 09:30:00+00:00,1.35433,1.3544,1.35405,1.35407,661
1788168900,2026-08-31 09:35:00+00:00,1.35407,1.35415,1.35399,1.35401,433
1788169200,2026-08-31 09:40:00+00:00,1.35401,1.35429,1.35396,1.35426,596
1788169500,2026-08-31 09:45:00+00:00,1.35426,1.3544,1.35418,1.35425,669
1788169800,2026-08-31 09:50:00+00:00,1.35425,1.35438,1.3541400000000001,1.35429,583
1788170100,2026-08-31 09:55:00+00:00,1.35429,1.35431,1.3541699999999999,1.35423,516
1788170400,2026-08-31 10:00:00+00:00,1.35423,1.35464,1.35418,1.35456,990
1788170700,2026-08-31 10:05:00+00:00,1.35456,1.35468,1.3544,1.3544100000000001,796
1788171000,2026-08-31 10:10:00+00:00,1.3544100000000001,1.35449,1.3543,1.35447,641
1788171300,2026-08-31 10:15:00+00:00,1.35447,1.3544800000000001,1.3542,1.35434,770
1788171600,2026-08-31 10:20:00+00:00,1.35434,1.35443,1.3542399999999999,1.35425,698
1788171900,2026-08-31 10:25:00+00:00,1.35425,1.3544399999999999,1.35418,1.35438,924
1788172200,2026-08-31 10:30:00+00:00,1.35438,1.35438,1.35415,1.3541699999999999,614
1788172500,2026-08-31 10:35:00+00:00,1.3541699999999999,1.35419,1.35396,1.35403,565
1788172800,2026-08-31 10:40:00+00:00,1.35403,1.35404,1.35382,1.35382,547
1788173100,2026-08-31 10:45:00+00:00,1.35382,1.35384,1.35359,1.35367,578
1788173400,2026-08-31 10:50:00+00:00,1.35367,1.35425,1.35365,1.3538999999999999,818
1788173700,2026-08-31 10:55:00+00:00,1.3538999999999999,1.3542,1.3538999999999999,1.35398,795
1788174000,2026-08-31 11:00:00+00:00,1.35398,1.35404,1.35372,1.35379,1156
1788174300,2026-08-31 11:05:00+00:00,1.35378,1.35389,1.35367,1.35377,977
1788174600,2026-08-31 11:10:00+00:00,1.35377,1.35409,1.35368,1.35406,769
1788174900,2026-08-31 11:15:00+00:00,1.35406,1.35427,1.35404,1.35415,943
1788175200,2026-08-31 11:20:00+00:00,1.35416,1.35443,1.3541400000000001,1.35425,1284
1788175500,2026-08-31 11:25:00+00:00,1.35426,1.35457,1.3542399999999999,1.35453,1247
1788175800,2026-08-31 11:30:00+00:00,1.35453,1.35463,1.3541400000000001,1.35415,1043
1788176100,2026-08-31 11:35:00+00:00,1.35415,1.35418,1.35401,1.35405,1450
1788176400,2026-08-31 11:40:00+00:00,1.35405,1.35437,1.35404,1.35418,1538
1788176700,2026-08-31 11:45:00+00:00,1.35418,1.35432,1.35384,1.35392,1003
1788177000,2026-08-31 11:50:00+00:00,1.35392,1.35404,1.35379,1.35382,960
1788177300,2026-08-31 11:55:00+00:00,1.35382,1.35397,1.35372,1.35384,538
1788177600,2026-08-31 12:00:00+00:00,1.35384,1.35408,1.3538299999999999,1.35396,601
1788177900,2026-08-31 12:05:00+00:00,1.35396,1.35409,1.35361,1.35395,1263
1788178200,2026-08-31 12:10:00+00:00,1.35395,1.35436,1.3538299999999999,1.35432,1054
1788178500,2026-08-31 12:15:00+00:00,1.35432,1.3546,1.35426,1.3544800000000001,950
1788178800,2026-08-31 12:20:00+00:00,1.3544800000000001,1.35468,1.35399,1.35411,1115
1788179100,2026-08-31 12:25:00+00:00,1.35411,1.35458,1.35371,1.35436,1703
1788179400,2026-08-31 12:30:00+00:00,1.35436,1.3544,1.35397,1.35419,1239
1788179700,2026-08-31 12:35:00+00:00,1.35419,1.3542,1.35378,1.35404,1259
1788180000,2026-08-31 12:40:00+00:00,1.35404,1.3541,1.35369,1.35373,1231
1788180300,2026-08-31 12:45:00+00:00,1.35373,1.3538000000000001,1.3535599999999999,1.35366,1035
1788180600,2026-08-31 12:50:00+00:00,1.35366,1.35382,1.35364,1.35373,687
1788180900,2026-08-31 12:55:00+00:00,1.35373,1.35394,1.35373,1.35384,1086
1788181200,2026-08-31 13:00:00+00:00,1.3538299999999999,1.3541,1.35379,1.35403,1223
1788181500,2026-08-31 13:05:00+00:00,1.35403,1.35431,1.35398,1.35428,1210
1788181800,2026-08-31 13:10:00+00:00,1.35428,1.35443,1.35415,1.3542,772
1788182100,2026-08-31 13:15:00+00:00,1.3542,1.35437,1.35413,1.35425,643
1788182400,2026-08-31 13:20:00+00:00,1.35425,1.35462,1.3541,1.35458,796
1788182700,2026-08-31 13:25:00+00:00,1.35458,1.3548499999999999,1.35453,1.3547799999999999,1162
1788183000,2026-08-31 13:30:00+00:00,1.3547799999999999,1.3548200000000001,1.35431,1.35446,1312
1788183300,2026-08-31 13:35:00+00:00,1.35446,1.35473,1.35431,1.35456,1183
1788183600,2026-08-31 13:40:00+00:00,1.35456,1.35477,1.3541699999999999,1.35431,1350
1788183900,2026-08-31 13:45:00+00:00,1.35432,1.35447,1.35422,1.35429,1176
1788184200,2026-08-31 13:50:00+00:00,1.35429,1.3544100000000001,1.3541400000000001,1.35439,1057
1788184500,2026-08-31 13:55:00+00:00,1.35438,1.3544,1.35399,1.35427,1515
1788184800,2026-08-31 14:00:00+00:00,1.35427,1.35428,1.35372,1.35395,1308
1788185100,2026-08-31 14:05:00+00:00,1.35395,1.35401,1.3536000000000001,1.35373,1031
1788185400,2026-08-31 14:10:00+00:00,1.35373,1.354,1.35359,1.35394,1066
1788185700,2026-08-31 14:15:00+00:00,1.35394,1.35422,1.35377,1.35413,1241
1788186000,2026-08-31 14:20:00+00:00,1.35413,1.35445,1.35403,1.3544,1169
1788186300,2026-08-31 14:25:00+00:00,1.3544,1.3545,1.35412,1.35419,1122
1788186600,2026-08-31 14:30:00+00:00,1.35419,1.3548200000000001,1.35402,1.35415,1234
1788186900,2026-08-31 14:35:00+00:00,1.35415,1.3547,1.35413,1.35446,1411
1788187200,2026-08-31 14:40:00+00:00,1.35446,1.35453,1.35385,1.35419,1566
1788187500,2026-08-31 14:45:00+00:00,1.35419,1.3553,1.35418,1.35447,1887
1788187800,2026-08-31 14:50:00+00:00,1.35447,1.35654,1.35433,1.3563399999999999,3491
1788188100,2026-08-31 14:55:00+00:00,1.3563399999999999,1.35645,1.35526,1.3554599999999999,3123
1788188400,2026-08-31 15:00:00+00:00,1.35547,1.3559700000000001,1.3550499999999999,1.35508,2938
1788188700,2026-08-31 15:05:00+00:00,1.35508,1.35548,1.35495,1.35537,1501
1788189000,2026-08-31 15:10:00+00:00,1.35537,1.35538,1.3548499999999999,1.35515,1410
1788189300,2026-08-31 15:15:00+00:00,1.35515,1.35518,1.3547500000000001,1.35477,1338
1788189600,2026-08-31 15:20:00+00:00,1.35477,1.35492,1.35455,1.35469,1297
1788189900,2026-08-31 15:25:00+00:00,1.35469,1.35508,1.35464,1.3550499999999999,1098
1788190200,2026-08-31 15:30:00+00:00,1.3550499999999999,1.35541,1.35496,1.3550900000000001,1950
1788190500,2026-08-31 15:35:00+00:00,1.3550900000000001,1.35528,1.35503,1.35507,930
1788190800,2026-08-31 15:40:00+00:00,1.35507,1.35516,1.35497,1.35504,795
1788191100,2026-08-31 15:45:00+00:00,1.35504,1.35551,1.35503,1.35516,1094
1788191400,2026-08-31 15:50:00+00:00,1.35518,1.3553,1.35504,1.35508,762
1788191700,2026-08-31 15:55:00+00:00,1.35508,1.3552,1.35479,1.35486,874
1788192000,2026-08-31 16:00:00+00:00,1.35486,1.35516,1.35483,1.35493,861
1788192300,2026-08-31 16:05:00+00:00,1.35493,1.35507,1.35483,1.35483,803
1788192600,2026-08-31 16:10:00+00:00,1.35483,1.35501,1.3548200000000001,1.35496,572
1788192900,2026-08-31 16:15:00+00:00,1.35496,1.35508,1.35486,1.35496,545
1788193200,2026-08-31 16:20:00+00:00,1.35496,1.35525,1.35496,1.3551199999999999,635
1788193500,2026-08-31 16:25:00+00:00,1.3551199999999999,1.35513,1.35492,1.35504,811
1788193800,2026-08-31 16:30:00+00:00,1.3550499999999999,1.35511,1.35493,1.35504,838
1788194100,2026-08-31 16:35:00+00:00,1.35504,1.3550499999999999,1.35464,1.35465,773
1788194400,2026-08-31 16:40:00+00:00,1.35465,1.35489,1.35465,1.35473,1034
1788194700,2026-08-31 16:45:00+00:00,1.35473,1.3548499999999999,1.35465,1.35466,899
1788195000,2026-08-31 16:50:00+00:00,1.35466,1.35498,1.35465,1.35484,884
1788195300,2026-08-31 16:55:00+00:00,1.3548499999999999,1.35491,1.35461,1.35486,1133
1788195600,2026-08-31 17:00:00+00:00,1.35487,1.35488,1.35472,1.35476,812
1788195900,2026-08-31 17:05:00+00:00,1.35476,1.35477,1.35461,1.35467,537
1788196200,2026-08-31 17:10:00+00:00,1.35467,1.35495,1.35466,1.35489,516
1788196500,2026-08-31 17:15:00+00:00,1.35488,1.35508,1.35484,1.35507,780
1788196800,2026-08-31 17:20:00+00:00,1.35507,1.3552,1.35504,1.35508,500
1788197100,2026-08-31 17:25:00+00:00,1.35508,1.35513,1.35493,1.35493,645
1788197400,2026-08-31 17:30:00+00:00,1.35493,1.3550200000000001,1.3548200000000001,1.35488,686
1788197700,2026-08-31 17:35:00+00:00,1.35488,1.35498,1.3548499999999999,1.35487,396
1788198000,2026-08-31 17:40:00+00:00,1.35487,1.35519,1.35484,1.35517,425
1788198300,2026-08-31 17:45:00+00:00,1.35517,1.35532,1.35513,1.35532,505
1788198600,2026-08-31 17:50:00+00:00,1.35532,1.35533,1.35499,1.35514,633
1788198900,2026-08-31 17:55:00+00:00,1.35515,1.35519,1.35498,1.35499,660
1788199200,2026-08-31 18:00:00+00:00,1.35499,1.35503,1.35483,1.35497,914
1788199500,2026-08-31 18:05:00+00:00,1.35497,1.3550900000000001,1.35494,1.35504,561
1788199800,2026-08-31 18:10:00+00:00,1.35504,1.35516,1.355,1.35515,587
1788200100,2026-08-31 18:15:00+00:00,1.35515,1.35516,1.3550200000000001,1.3551,617
1788200400,2026-08-31 18:20:00+00:00,1.3551,1.35516,1.35504,1.35508,331
1788200700,2026-08-31 18:25:00+00:00,1.35508,1.35511,1.35489,1.35489,595
1788201000,2026-08-31 18:30:00+00:00,1.35489,1.35493,1.35474,1.35489,581
1788201300,2026-08-31 18:35:00+00:00,1.35489,1.355,1.35476,1.35477,502
1788201600,2026-08-31 18:40:00+00:00,1.35477,1.35491,1.35467,1.35477,609
1788201900,2026-08-31 18:45:00+00:00,1.35477,1.35488,1.35473,1.35488,487
1788202200,2026-08-31 18:50:00+00:00,1.35488,1.35511,1.35487,1.35506,802
1788202500,2026-08-31 18:55:00+00:00,1.35506,1.35517,1.35492,1.35494,1055
1788202800,2026-08-31 19:00:00+00:00,1.35494,1.35495,1.3547500000000001,1.35484,896
1788203100,2026-08-31 19:05:00+00:00,1.35484,1.35496,1.35476,1.35496,508
1788203400,2026-08-31 19:10:00+00:00,1.35496,1.35498,1.35476,1.35477,589
1788203700,2026-08-31 19:15:00+00:00,1.35477,1.35487,1.3547,1.3547799999999999,606
1788204000,2026-08-31 19:20:00+00:00,1.3547799999999999,1.35496,1.35476,1.35496,392
1788204300,2026-08-31 19:25:00+00:00,1.35496,1.35507,1.35477,1.3548499999999999,583
1788204600,2026-08-31 19:30:00+00:00,1.3548499999999999,1.35498,1.35483,1.35486,774
1788204900,2026-08-31 19:35:00+00:00,1.35487,1.3549,1.35469,1.3547500000000001,822
1788205200,2026-08-31 19:40:00+00:00,1.3547500000000001,1.3548,1.35462,1.35479,504
1788205500,2026-08-31 19:45:00+00:00,1.35479,1.35489,1.3547,1.35486,733
1788205800,2026-08-31 19:50:00+00:00,1.35486,1.35518,1.3548499999999999,1.35515,851
1788206100,2026-08-31 19:55:00+00:00,1.35515,1.35515,1.35483,1.35497,1077
1788206400,2026-08-31 20:00:00+00:00,1.35496,1.35516,1.35495,1.35504,429
1788206700,2026-08-31 20:05:00+00:00,1.35504,1.35506,1.3548499999999999,1.35491,410
1788207000,2026-08-31 20:10:00+00:00,1.35491,1.35496,1.35473,1.35473,218
1788207300,2026-08-31 20:15:00+00:00,1.35473,1.35473,1.35463,1.35465,162
1788207600,2026-08-31 20:20:00+00:00,1.35465,1.35469,1.35462,1.35467,259
1788207900,2026-08-31 20:25:00+00:00,1.35467,1.3547799999999999,1.35466,1.3547500000000001,165
1788208200,2026-08-31 20:30:00+00:00,1.3547500000000001,1.35483,1.35467,1.35483,276
1788208500,2026-08-31 20:35:00+00:00,1.35483,1.35484,1.35474,1.35476,261
1788208800,2026-08-31 20:40:00+00:00,1.35476,1.35489,1.35476,1.3548499999999999,162
1788209100,2026-08-31 20:45:00+00:00,1.3548499999999999,1.35496,1.3548499999999999,1.35495,197
1788209400,2026-08-31 20:50:00+00:00,1.35495,1.35495,1.35484,1.3548499999999999,99
1788209700,2026-08-31 20:55:00+00:00,1.3548499999999999,1.35495,1.35479,1.35492,232
1788210000,2026-08-31 21:00:00+00:00,1.35492,1.35503,1.35432,1.35497,33
1788210300,2026-08-31 21:05:00+00:00,1.35499,1.35499,1.3547799999999999,1.35486,40
1788210600,2026-08-31 21:10:00+00:00,1.35486,1.35492,1.35472,1.3547500000000001,78
1788210900,2026-08-31 21:15:00+00:00,1.3547500000000001,1.35483,1.35462,1.35469,125
1788211200,2026-08-31 21:20:00+00:00,1.35469,1.3549,1.35467,1.35467,58
1788211500,2026-08-31 21:25:00+00:00,1.35467,1.3550900000000001,1.35467,1.35506,180
1788211800,2026-08-31 21:30:00+00:00,1.35506,1.35529,1.35479,1.35498,280
1788212100,2026-08-31 21:35:00+00:00,1.35498,1.35529,1.35486,1.35491,348
1788212400,2026-08-31 21:40:00+00:00,1.35491,1.35522,1.35462,1.35507,306
1788212700,2026-08-31 21:45:00+00:00,1.35507,1.35527,1.3549,1.35504,332
1788213000,2026-08-31 21:50:00+00:00,1.35504,1.3553,1.35503,1.3550900000000001,173
1788213300,2026-08-31 21:55:00+00:00,1.35508,1.35544,1.3550499999999999,1.3553600000000001,223
1788213600,2026-08-31 22:00:00+00:00,1.3553600000000001,1.35541,1.35495,1.35506,185
1788213900,2026-08-31 22:05:00+00:00,1.35506,1.35514,1.35504,1.3550499999999999,64
1788214200,2026-08-31 22:10:00+00:00,1.3550499999999999,1.35508,1.35494,1.35497,340
1788214500,2026-08-31 22:15:00+00:00,1.35497,1.35499,1.35494,1.35497,221
1788214800,2026-08-31 22:20:00+00:00,1.35497,1.355,1.35486,1.35487,140
1788215100,2026-08-31 22:25:00+00:00,1.35487,1.35488,1.3548200000000001,1.35486,128
1788215400,2026-08-31 22:30:00+00:00,1.35486,1.35488,1.35484,1.35484,138
1788215700,2026-08-31 22:35:00+00:00,1.35484,1.35487,1.3547799999999999,1.3547799999999999,160
1788216000,2026-08-31 22:40:00+00:00,1.3547799999999999,1.35479,1.35464,1.35465,171
1788216300,2026-08-31 22:45:00+00:00,1.35465,1.35467,1.35457,1.35462,162
1788216600,2026-08-31 22:50:00+00:00,1.35462,1.35465,1.35455,1.35457,207
1788216900,2026-08-31 22:55:00+00:00,1.35457,1.35464,1.35456,1.35464,220
1788217200,2026-08-31 23:00:00+00:00,1.35464,1.35464,1.35438,1.35442,380
1788217500,2026-08-31 23:05:00+00:00,1.35442,1.3544800000000001,1.35438,1.35447,353
1788217800,2026-08-31 23:10:00+00:00,1.35447,1.3545,1.35443,1.3544399999999999,169
1788218100,2026-08-31 23:15:00+00:00,1.3544399999999999,1.35457,1.35442,1.35455,177
1788218400,2026-08-31 23:20:00+00:00,1.35455,1.35456,1.35443,1.3544399999999999,156
1788218700,2026-08-31 23:25:00+00:00,1.3544399999999999,1.35456,1.35443,1.35455,323
1788219000,2026-08-31 23:30:00+00:00,1.35455,1.35467,1.35454,1.35463,516
1788219300,2026-08-31 23:35:00+00:00,1.35463,1.35465,1.35454,1.35455,335
1788219600,2026-08-31 23:40:00+00:00,1.35455,1.3547799999999999,1.35454,1.35469,268
1788219900,2026-08-31 23:45:00+00:00,1.35469,1.3547500000000001,1.35462,1.35464,856
1788220200,2026-08-31 23:50:00+00:00,1.35463,1.35488,1.35462,1.35486,494
1788220500,2026-08-31 23:55:00+00:00,1.3548499999999999,1.35492,1.35473,1.35487,664
1788220800,2026-09-01 00:00:00+00:00,1.35487,1.35491,1.35465,1.35489,1565
1788221100,2026-09-01 00:05:00+00:00,1.3549,1.35549,1.35488,1.35547,1380
1788221400,2026-09-01 00:10:00+00:00,1.35547,1.35557,1.35523,1.35531,1085
1788221700,2026-09-01 00:15:00+00:00,1.35531,1.35558,1.35521,1.35558,1302
1788222000,2026-09-01 00:20:00+00:00,1.35558,1.35578,1.35557,1.35565,974
1788222300,2026-09-01 00:25:00+00:00,1.35565,1.3559700000000001,1.3556300000000001,1.35587,754
1788222600,2026-09-01 00:30:00+00:00,1.35587,1.35592,1.3556,1.35589,1018
1788222900,2026-09-01 00:35:00+00:00,1.35589,1.3559,1.35555,1.35558,670
1788223200,2026-09-01 00:40:00+00:00,1.35558,1.35575,1.3554300000000001,1.35549,746
1788223500,2026-09-01 00:45:00+00:00,1.35549,1.35556,1.35532,1.35541,800
1788223800,2026-09-01 00:50:00+00:00,1.35541,1.35564,1.35537,1.35538,887
1788224100,2026-09-01 00:55:00+00:00,1.35538,1.3554599999999999,1.35521,1.35527,1088
1788224400,2026-09-01 01:00:00+00:00,1.35527,1.35534,1.35508,1.35519,1581
1788224700,2026-09-01 01:05:00+00:00,1.35519,1.3552,1.35483,1.35486,1244
1788225000,2026-09-01 01:10:00+00:00,1.35486,1.35489,1.35467,1.3548200000000001,1145
1788225300,2026-09-01 01:15:00+00:00,1.3548200000000001,1.35497,1.3546,1.35462,1246
1788225600,2026-09-01 01:20:00+00:00,1.35463,1.3547,1.3544100000000001,1.3544399999999999,1607
1788225900,2026-09-01 01:25:00+00:00,1.3544399999999999,1.35449,1.35434,1.35442,876
1788226200,2026-09-01 01:30:00+00:00,1.35442,1.35457,1.3544100000000001,1.35455,983
1788226500,2026-09-01 01:35:00+00:00,1.35455,1.35474,1.3545099999999999,1.35456,839
1788226800,2026-09-01 01:40:00+00:00,1.35456,1.35496,1.35453,1.35496,594
1788227100,2026-09-01 01:45:00+00:00,1.35496,1.35498,1.35463,1.35465,744
1788227400,2026-09-01 01:50:00+00:00,1.35465,1.35468,1.35425,1.35427,852
1788227700,2026-09-01 01:55:00+00:00,1.35427,1.3546,1.3542100000000001,1.35456,1348
1788228000,2026-09-01 02:00:00+00:00,1.35457,1.35458,1.35434,1.3544,1661
1788228300,2026-09-01 02:05:00+00:00,1.3544,1.35447,1.3541400000000001,1.3541699999999999,1281
1788228600,2026-09-01 02:10:00+00:00,1.3541699999999999,1.35435,1.35415,1.35426,1394
1788228900,2026-09-01 02:15:00+00:00,1.35426,1.35437,1.35423,1.35436,961
1788229200,2026-09-01 02:20:00+00:00,1.35436,1.35449,1.35435,1.35445,687
1788229500,2026-09-01 02:25:00+00:00,1.35445,1.3546,1.35439,1.35455,945
1788229800,2026-09-01 02:30:00+00:00,1.35455,1.35457,1.35429,1.35432,725
1788230100,2026-09-01 02:35:00+00:00,1.35432,1.35437,1.3541400000000001,1.35419,911
1788230400,2026-09-01 02:40:00+00:00,1.35419,1.35439,1.35416,1.35431,868
1788230700,2026-09-01 02:45:00+00:00,1.35431,1.35437,1.3542399999999999,1.35434,638
1788231000,2026-09-01 02:50:00+00:00,1.35434,1.3545099999999999,1.35428,1.35447,719
1788231300,2026-09-01 02:55:00+00:00,1.35447,1.35461,1.35445,1.3546,1020
1788231600,2026-09-01 03:00:00+00:00,1.3546,1.35461,1.3542100000000001,1.35428,1387
1788231900,2026-09-01 03:05:00+00:00,1.35428,1.35456,1.35427,1.3544,1038
1788232200,2026-09-01 03:10:00+00:00,1.3544,1.3544800000000001,1.35433,1.35446,819
1788232500,2026-09-01 03:15:00+00:00,1.35446,1.35458,1.3544399999999999,1.35445,1197
1788232800,2026-09-01 03:20:00+00:00,1.35445,1.35446,1.3541,1.35416,955
1788233100,2026-09-01 03:25:00+00:00,1.35415,1.35435,1.3541400000000001,1.35423,701
1788233400,2026-09-01 03:30:00+00:00,1.3542399999999999,1.35433,1.35418,1.35429,580
1788233700,2026-09-01 03:35:00+00:00,1.35429,1.3543,1.3541699999999999,1.35425,810
1788234000,2026-09-01 03:40:00+00:00,1.35425,1.35434,1.35422,1.35432,762
1788234300,2026-09-01 03:45:00+00:00,1.35433,1.3544100000000001,1.35431,1.35439,688
1788234600,2026-09-01 03:50:00+00:00,1.35439,1.3544,1.35425,1.35428,435
1788234900,2026-09-01 03:55:00+00:00,1.35428,1.35428,1.35406,1.35408,502
1788235200,2026-09-01 04:00:00+00:00,1.35407,1.35425,1.35405,1.3542399999999999,644
1788235500,2026-09-01 04:05:00+00:00,1.3542399999999999,1.35427,1.35405,1.35408,1017
1788235800,2026-09-01 04:10:00+00:00,1.35408,1.3542,1.35403,1.35412,687
1788236100,2026-09-01 04:15:00+00:00,1.35412,1.3541400000000001,1.354,1.35407,891
1788236400,2026-09-01 04:20:00+00:00,1.35407,1.3541400000000001,1.35406,1.3541,597
1788236700,2026-09-01 04:25:00+00:00,1.3541,1.3541400000000001,1.3538700000000001,1.3538999999999999,643
1788237000,2026-09-01 04:30:00+00:00,1.3538999999999999,1.35401,1.35382,1.35396,495
1788237300,2026-09-01 04:35:00+00:00,1.35397,1.354,1.35385,1.35388,672
1788237600,2026-09-01 04:40:00+00:00,1.35388,1.35404,1.35386,1.354,519
1788237900,2026-09-01 04:45:00+00:00,1.354,1.35407,1.35394,1.35396,858
1788238200,2026-09-01 04:50:00+00:00,1.35396,1.35423,1.35396,1.3541699999999999,424
1788238500,2026-09-01 04:55:00+00:00,1.3541699999999999,1.35428,1.35407,1.35427,530
1788238800,2026-09-01 05:00:00+00:00,1.35427,1.3546,1.35425,1.3546,333
1788239100,2026-09-01 05:05:00+00:00,1.3546,1.35469,1.35453,1.35454,419
1788239400,2026-09-01 05:10:00+00:00,1.35454,1.3547,1.3544800000000001,1.35468,368
1788239700,2026-09-01 05:15:00+00:00,1.35468,1.35468,1.35437,1.35439,429
1788240000,2026-09-01 05:20:00+00:00,1.35439,1.35449,1.35437,1.3544800000000001,309
1788240300,2026-09-01 05:25:00+00:00,1.3544800000000001,1.35466,1.3544800000000001,1.35463,815
1788240600,2026-09-01 05:30:00+00:00,1.35463,1.3547,1.35452,1.35458,620
1788240900,2026-09-01 05:35:00+00:00,1.35458,1.35489,1.35456,1.35476,1249
1788241200,2026-09-01 05:40:00+00:00,1.35476,1.35486,1.35465,1.35468,902
1788241500,2026-09-01 05:45:00+00:00,1.35468,1.35497,1.35461,1.35486,1267
1788241800,2026-09-01 05:50:00+00:00,1.35486,1.3549,1.35465,1.35487,950
1788242100,2026-09-01 05:55:00+00:00,1.35487,1.3549,1.35465,1.35467,962
1788242400,2026-09-01 06:00:00+00:00,1.35467,1.35467,1.35434,1.35446,756
1788242700,2026-09-01 06:05:00+00:00,1.35446,1.35477,1.3544399999999999,1.35454,1055
1788243000,2026-09-01 06:10:00+00:00,1.35454,1.35456,1.35433,1.3544399999999999,1473
1788243300,2026-09-01 06:15:00+00:00,1.3544399999999999,1.35461,1.35423,1.35428,1240
1788243600,2026-09-01 06:20:00+00:00,1.35428,1.3543,1.3538999999999999,1.354,1110
1788243900,2026-09-01 06:25:00+00:00,1.354,1.35401,1.3535599999999999,1.35357,936
1788244200,2026-09-01 06:30:00+00:00,1.35357,1.35389,1.35354,1.35386,854
1788244500,2026-09-01 06:35:00+00:00,1.35386,1.35407,1.35369,1.35406,1056
1788244800,2026-09-01 06:40:00+00:00,1.35406,1.35428,1.35404,1.35427,1395
1788245100,2026-09-01 06:45:00+00:00,1.35427,1.35432,1.35397,1.35399,1329
1788245400,2026-09-01 06:50:00+00:00,1.35399,1.35411,1.35394,1.35409,964
1788245700,2026-09-01 06:55:00+00:00,1.35409,1.3541699999999999,1.35404,1.35408,1790
1788246000,2026-09-01 07:00:00+00:00,1.35408,1.35437,1.35398,1.35399,2200
1788246300,2026-09-01 07:05:00+00:00,1.354,1.3541,1.35393,1.35405,1337
1788246600,2026-09-01 07:10:00+00:00,1.35405,1.35418,1.35397,1.3541699999999999,907
1788246900,2026-09-01 07:15:00+00:00,1.3541699999999999,1.35418,1.35393,1.354,1002
1788247200,2026-09-01 07:20:00+00:00,1.354,1.35418,1.35351,1.35352,916
1788247500,2026-09-01 07:25:00+00:00,1.35352,1.35376,1.35346,1.35347,671
1788247800,2026-09-01 07:30:00+00:00,1.35346,1.35347,1.3531900000000001,1.35323,752
1788248100,2026-09-01 07:35:00+00:00,1.35323,1.35333,1.35317,1.3532899999999999,913
1788248400,2026-09-01 07:40:00+00:00,1.3532899999999999,1.35338,1.3532,1.3532199999999999,1144
1788248700,2026-09-01 07:45:00+00:00,1.3532199999999999,1.35374,1.35311,1.3537,1213
1788249000,2026-09-01 07:50:00+00:00,1.35369,1.35373,1.35346,1.35359,1222
1788249300,2026-09-01 07:55:00+00:00,1.35359,1.35371,1.35346,1.35364,1049
1788249600,2026-09-01 08:00:00+00:00,1.35365,1.35365,1.35327,1.35347,1198
1788249900,2026-09-01 08:05:00+00:00,1.35347,1.35401,1.35317,1.3532,2181
1788250200,2026-09-01 08:10:00+00:00,1.3532,1.35333,1.35291,1.3531,1474
1788250500,2026-09-01 08:15:00+00:00,1.3531,1.35345,1.35303,1.35341,1080
1788250800,2026-09-01 08:20:00+00:00,1.35341,1.35358,1.3532,1.35323,1077
1788251100,2026-09-01 08:25:00+00:00,1.35324,1.3535300000000001,1.35311,1.35347,950
1788251400,2026-09-01 08:30:00+00:00,1.35346,1.35347,1.35308,1.35317,963
1788251700,2026-09-01 08:35:00+00:00,1.35317,1.35375,1.35316,1.35368,969
1788252000,2026-09-01 08:40:00+00:00,1.35368,1.35401,1.35366,1.35395,1087
1788252300,2026-09-01 08:45:00+00:00,1.35395,1.35423,1.35389,1.3541,1349
1788252600,2026-09-01 08:50:00+00:00,1.3541,1.3541,1.35375,1.35378,1173
1788252900,2026-09-01 08:55:00+00:00,1.35378,1.3541699999999999,1.35374,1.35413,711
1788253200,2026-09-01 09:00:00+00:00,1.35415,1.35416,1.3538999999999999,1.35407,1052
1788253500,2026-09-01 09:05:00+00:00,1.35407,1.3544100000000001,1.35403,1.35431,1215
1788253800,2026-09-01 09:10:00+00:00,1.35431,1.3544,1.35415,1.35422,1322
1788254100,2026-09-01 09:15:00+00:00,1.35422,1.3544800000000001,1.35416,1.35447,808
1788254400,2026-09-01 09:20:00+00:00,1.3544800000000001,1.35459,1.3542,1.3545,954
1788254700,2026-09-01 09:25:00+00:00,1.3545,1.35467,1.35439,1.35442,1129
1788255000,2026-09-01 09:30:00+00:00,1.35442,1.35469,1.35431,1.35463,1206
1788255300,2026-09-01 09:35:00+00:00,1.35463,1.35473,1.35445,1.35467,796
1788255600,2026-09-01 09:40:00+00:00,1.35468,1.3548499999999999,1.35453,1.35454,963
1788255900,2026-09-01 09:45:00+00:00,1.35454,1.3547500000000001,1.35435,1.35436,1106
1788256200,2026-09-01 09:50:00+00:00,1.35436,1.35443,1.35425,1.35433,1037
1788256500,2026-09-01 09:55:00+00:00,1.35433,1.35437,1.35392,1.35396,963
1788256800,2026-09-01 10:00:00+00:00,1.35396,1.35418,1.35382,1.35393,1007
1788257100,2026-09-01 10:05:00+00:00,1.35393,1.35418,1.3538299999999999,1.35398,929
1788257400,2026-09-01 10:10:00+00:00,1.35398,1.35431,1.35398,1.3541699999999999,807
1788257700,2026-09-01 10:15:00+00:00,1.3541699999999999,1.35438,1.35404,1.35413,1422
1788258000,2026-09-01 10:20:00+00:00,1.35413,1.35439,1.35407,1.35432,1575
1788258300,2026-09-01 10:25:00+00:00,1.35432,1.35437,1.35413,1.3541699999999999,1132
1788258600,2026-09-01 10:30:00+00:00,1.3541699999999999,1.35418,1.3538299999999999,1.35384,805
1788258900,2026-09-01 10:35:00+00:00,1.35384,1.35398,1.35379,1.3538000000000001,836
1788259200,2026-09-01 10:40:00+00:00,1.3538000000000001,1.35386,1.35351,1.35352,703
1788259500,2026-09-01 10:45:00+00:00,1.3535300000000001,1.35374,1.35339,1.35365,1215
1788259800,2026-09-01 10:50:00+00:00,1.35365,1.35372,1.35335,1.35341,1011
1788260100,2026-09-01 10:55:00+00:00,1.35341,1.35358,1.35333,1.3535599999999999,1101
1788260400,2026-09-01 11:00:00+00:00,1.3535599999999999,1.3535599999999999,1.35313,1.35315,1049
1788260700,2026-09-01 11:05:00+00:00,1.35315,1.3535300000000001,1.35304,1.3535,1028
1788261000,2026-09-01 11:10:00+00:00,1.3535,1.35358,1.35325,1.35334,1405
1788261300,2026-09-01 11:15:00+00:00,1.35334,1.3535599999999999,1.3532199999999999,1.35354,1200
1788261600,2026-09-01 11:20:00+00:00,1.35354,1.35398,1.35336,1.3536299999999999,1805
1788261900,2026-09-01 11:25:00+00:00,1.3536299999999999,1.3538000000000001,1.35352,1.35375,1744
1788262200,2026-09-01 11:30:00+00:00,1.35375,1.35396,1.35365,1.35372,1460
1788262500,2026-09-01 11:35:00+00:00,1.35372,1.35375,1.35357,1.3537,958
1788262800,2026-09-01 11:40:00+00:00,1.3537,1.35385,1.35361,1.35379,1011
1788263100,2026-09-01 11:45:00+00:00,1.35379,1.3538299999999999,1.3535599999999999,1.35362,1277
1788263400,2026-09-01 11:50:00+00:00,1.35362,1.3537,1.35348,1.35349,1172
1788263700,2026-09-01 11:55:00+00:00,1.35349,1.35361,1.35338,1.35357,1076
1788264000,2026-09-01 12:00:00+00:00,1.35357,1.35357,1.35325,1.35331,1367
1788264300,2026-09-01 12:05:00+00:00,1.35331,1.35333,1.35298,1.35304,1222
1788264600,2026-09-01 12:10:00+00:00,1.35304,1.35318,1.35291,1.35316,1278
1788264900,2026-09-01 12:15:00+00:00,1.35316,1.3535,1.35313,1.35339,1393
1788265200,2026-09-01 12:20:00+00:00,1.3534,1.35341,1.35311,1.35339,1333
1788265500,2026-09-01 12:25:00+00:00,1.35339,1.35361,1.3532899999999999,1.35334,1273
1788265800,2026-09-01 12:30:00+00:00,1.35334,1.35347,1.3532600000000001,1.3532600000000001,1472
1788266100,2026-09-01 12:35:00+00:00,1.3532600000000001,1.35344,1.35306,1.35316,1287
1788266400,2026-09-01 12:40:00+00:00,1.35316,1.3532,1.35297,1.35313,1261
1788266700,2026-09-01 12:45:00+00:00,1.35313,1.35352,1.35308,1.35324,1365
1788267000,2026-09-01 12:50:00+00:00,1.35324,1.35331,1.35304,1.35308,1144
1788267300,2026-09-01 12:55:00+00:00,1.35307,1.35332,1.35291,1.35297,1507
1788267600,2026-09-01 13:00:00+00:00,1.35297,1.35301,1.3525800000000001,1.3526,1624
1788267900,2026-09-01 13:05:00+00:00,1.3526,1.35306,1.35252,1.35304,834
1788268200,2026-09-01 13:10:00+00:00,1.35304,1.35306,1.35274,1.35285,1083
1788268500,2026-09-01 13:15:00+00:00,1.35285,1.35332,1.35283,1.35331,1034
1788268800,2026-09-01 13:20:00+00:00,1.35331,1.35346,1.35301,1.35314,1190
1788269100,2026-09-01 13:25:00+00:00,1.35313,1.3535300000000001,1.3531,1.3535,913
1788269400,2026-09-01 13:30:00+00:00,1.3535,1.35394,1.35349,1.35392,1734
1788269700,2026-09-01 13:35:00+00:00,1.35392,1.35405,1.35373,1.35382,1726
1788270000,2026-09-01 13:40:00+00:00,1.35382,1.35462,1.35382,1.3544800000000001,1327
1788270300,2026-09-01 13:45:00+00:00,1.3544800000000001,1.35453,1.3536000000000001,1.35373,1314
1788270600,2026-09-01 13:50:00+00:00,1.35374,1.35415,1.35373,1.35397,1382
1788270900,2026-09-01 13:55:00+00:00,1.35397,1.35457,1.35397,1.3544800000000001,1246
1788271200,2026-09-01 14:00:00+00:00,1.3544800000000001,1.35494,1.35408,1.3544800000000001,1998
1788271500,2026-09-01 14:05:00+00:00,1.3544800000000001,1.35516,1.35446,1.355,1837
1788271800,2026-09-01 14:10:00+00:00,1.35499,1.35523,1.35492,1.35508,1207
1788272100,2026-09-01 14:15:00+00:00,1.35508,1.3550900000000001,1.35462,1.35477,1887
1788272400,2026-09-01 14:20:00+00:00,1.35477,1.35499,1.35473,1.35491,1278
1788272700,2026-09-01 14:25:00+00:00,1.35491,1.35496,1.3542,1.3542100000000001,1246
1788273000,2026-09-01 14:30:00+00:00,1.3542100000000001,1.35445,1.35408,1.35425,1280
1788273300,2026-09-01 14:35:00+00:00,1.3542399999999999,1.35438,1.35418,1.35426,1079
1788273600,2026-09-01 14:40:00+00:00,1.35427,1.35433,1.35406,1.35426,1446
1788273900,2026-09-01 14:45:00+00:00,1.35426,1.35447,1.35402,1.35405,1479
1788274200,2026-09-01 14:50:00+00:00,1.35405,1.35418,1.3535599999999999,1.35396,2017
1788274500,2026-09-01 14:55:00+00:00,1.35396,1.35407,1.35367,1.35377,1745
1788274800,2026-09-01 15:00:00+00:00,1.35378,1.35407,1.35281,1.35321,2678
1788275100,2026-09-01 15:05:00+00:00,1.35321,1.35354,1.35309,1.35345,1742
1788275400,2026-09-01 15:10:00+00:00,1.35346,1.35361,1.35305,1.3532199999999999,1157
1788275700,2026-09-01 15:15:00+00:00,1.3532199999999999,1.3532899999999999,1.35294,1.35307,1444
1788276000,2026-09-01 15:20:00+00:00,1.35307,1.35317,1.3527,1.35272,1463
1788276300,2026-09-01 15:25:00+00:00,1.35272,1.35289,1.35248,1.3528,1509
1788276600,2026-09-01 15:30:00+00:00,1.3528,1.35289,1.35263,1.35277,1435
1788276900,2026-09-01 15:35:00+00:00,1.35277,1.35298,1.35267,1.35281,1065
1788277200,2026-09-01 15:40:00+00:00,1.3528,1.35309,1.35262,1.35286,970
1788277500,2026-09-01 15:45:00+00:00,1.35287,1.35293,1.35264,1.35276,1166
1788277800,2026-09-01 15:50:00+00:00,1.35276,1.3528,1.35262,1.35266,837
1788278100,2026-09-01 15:55:00+00:00,1.35266,1.35281,1.35237,1.35267,1222
1788278400,2026-09-01 16:00:00+00:00,1.35267,1.3528,1.35255,1.35266,1273
1788278700,2026-09-01 16:05:00+00:00,1.35266,1.35276,1.35254,1.35262,983
1788279000,2026-09-01 16:10:00+00:00,1.35262,1.35278,1.35249,1.35266,1053
1788279300,2026-09-01 16:15:00+00:00,1.35267,1.35279,1.35236,1.3524,1510
1788279600,2026-09-01 16:20:00+00:00,1.35239,1.35257,1.3520699999999999,1.3524,1681
1788279900,2026-09-01 16:25:00+00:00,1.3524,1.3525800000000001,1.35222,1.35227,1650
1788280200,2026-09-01 16:30:00+00:00,1.35227,1.3524,1.35215,1.35232,1722
1788280500,2026-09-01 16:35:00+00:00,1.3523100000000001,1.35262,1.35212,1.3525800000000001,1418
1788280800,2026-09-01 16:40:00+00:00,1.3525800000000001,1.35277,1.3522,1.35225,1308
1788281100,2026-09-01 16:45:00+00:00,1.35225,1.3523100000000001,1.35182,1.35194,1107
1788281400,2026-09-01 16:50:00+00:00,1.35194,1.35206,1.35162,1.35174,1346
1788281700,2026-09-01 16:55:00+00:00,1.35174,1.35181,1.3514300000000001,1.35147,1247
1788282000,2026-09-01 17:00:00+00:00,1.35147,1.35168,1.35135,1.35156,1615
1788282300,2026-09-01 17:05:00+00:00,1.35156,1.35181,1.35141,1.35174,1092
1788282600,2026-09-01 17:10:00+00:00,1.35175,1.3518,1.35153,1.35165,923
1788282900,2026-09-01 17:15:00+00:00,1.35165,1.35167,1.3513600000000001,1.35149,681
1788283200,2026-09-01 17:20:00+00:00,1.35149,1.35175,1.35147,1.3517299999999999,976
1788283500,2026-09-01 17:25:00+00:00,1.3517299999999999,1.3519700000000001,1.35148,1.3519700000000001,1747
1788283800,2026-09-01 17:30:00+00:00,1.3519700000000001,1.35211,1.3514,1.35142,1415
1788284100,2026-09-01 17:35:00+00:00,1.35142,1.35179,1.35141,1.35154,1014
1788284400,2026-09-01 17:40:00+00:00,1.35154,1.35158,1.35131,1.3514599999999999,1000
1788284700,2026-09-01 17:45:00+00:00,1.3514599999999999,1.35147,1.3511600000000001,1.35128,813
1788285000,2026-09-01 17:50:00+00:00,1.35128,1.35145,1.35123,1.35141,661
1788285300,2026-09-01 17:55:00+00:00,1.35141,1.35145,1.35121,1.3513600000000001,710
1788285600,2026-09-01 18:00:00+00:00,1.3513600000000001,1.3516,1.35131,1.35147,1205
1788285900,2026-09-01 18:05:00+00:00,1.35147,1.35153,1.35132,1.35132,1041
1788286200,2026-09-01 18:10:00+00:00,1.35132,1.35133,1.35121,1.35124,734
1788286500,2026-09-01 18:15:00+00:00,1.35124,1.35134,1.35113,1.35132,753
1788286800,2026-09-01 18:20:00+00:00,1.35132,1.35144,1.35125,1.35125,958
1788287100,2026-09-01 18:25:00+00:00,1.35126,1.35126,1.35103,1.35103,763
1788287400,2026-09-01 18:30:00+00:00,1.35103,1.35104,1.35091,1.35095,952
1788287700,2026-09-01 18:35:00+00:00,1.35096,1.351,1.35064,1.35068,1173
1788288000,2026-09-01 18:40:00+00:00,1.35068,1.35086,1.3506,1.35084,955
1788288300,2026-09-01 18:45:00+00:00,1.35084,1.35117,1.35084,1.35115,970
1788288600,2026-09-01 18:50:00+00:00,1.35115,1.3514599999999999,1.35104,1.3513600000000001,1147
1788288900,2026-09-01 18:55:00+00:00,1.3513600000000001,1.35142,1.35118,1.3514,895
1788289200,2026-09-01 19:00:00+00:00,1.3514,1.3515,1.35121,1.35148,1161
1788289500,2026-09-01 19:05:00+00:00,1.35148,1.35156,1.35137,1.35148,1204
1788289800,2026-09-01 19:10:00+00:00,1.35148,1.35158,1.35142,1.35149,669
1788290100,2026-09-01 19:15:00+00:00,1.35149,1.35158,1.35138,1.35145,577
1788290400,2026-09-01 19:20:00+00:00,1.35145,1.35145,1.35133,1.35135,862
1788290700,2026-09-01 19:25:00+00:00,1.35135,1.35141,1.35128,1.3513,731
1788291000,2026-09-01 19:30:00+00:00,1.3513,1.35147,1.35119,1.35121,845
1788291300,2026-09-01 19:35:00+00:00,1.35121,1.35123,1.35107,1.35108,975
1788291600,2026-09-01 19:40:00+00:00,1.3510900000000001,1.3511600000000001,1.35106,1.35106,565
1788291900,2026-09-01 19:45:00+00:00,1.35107,1.35118,1.35098,1.3510900000000001,504
1788292200,2026-09-01 19:50:00+00:00,1.35108,1.35129,1.35106,1.35111,520
1788292500,2026-09-01 19:55:00+00:00,1.35111,1.35123,1.3510900000000001,1.35118,666
1788292800,2026-09-01 20:00:00+00:00,1.35118,1.35119,1.35097,1.35108,469
1788293100,2026-09-01 20:05:00+00:00,1.35108,1.35128,1.35107,1.35118,224
1788293400,2026-09-01 20:10:00+00:00,1.35118,1.35119,1.35103,1.35103,130
1788293700,2026-09-01 20:15:00+00:00,1.35103,1.3511600000000001,1.35097,1.35113,242
1788294000,2026-09-01 20:20:00+00:00,1.35114,1.35117,1.35107,1.35115,312
1788294300,2026-09-01 20:25:00+00:00,1.35114,1.3512,1.35113,1.35118,156
1788294600,2026-09-01 20:30:00+00:00,1.35118,1.35128,1.3511600000000001,1.35119,188
1788294900,2026-09-01 20:35:00+00:00,1.35119,1.35125,1.35118,1.35122,256
1788295200,2026-09-01 20:40:00+00:00,1.35122,1.35156,1.35122,1.3514300000000001,380
1788295500,2026-09-01 20:45:00+00:00,1.3514300000000001,1.35169,1.3513899999999999,1.35158,289
1788295800,2026-09-01 20:50:00+00:00,1.35158,1.3516,1.35147,1.35149,191
1788296100,2026-09-01 20:55:00+00:00,1.35153,1.35165,1.35153,1.35154,253
1788296400,2026-09-01 21:00:00+00:00,1.35154,1.35154,1.35091,1.35115,73
1788296700,2026-09-01 21:05:00+00:00,1.35115,1.35137,1.35115,1.35125,72
1788297000,2026-09-01 21:10:00+00:00,1.35125,1.35152,1.35125,1.35151,63
1788297300,2026-09-01 21:15:00+00:00,1.35151,1.35157,1.35111,1.35147,141
1788297600,2026-09-01 21:20:00+00:00,1.3514599999999999,1.35149,1.35141,1.35141,44
1788297900,2026-09-01 21:25:00+00:00,1.35141,1.35185,1.35141,1.35171,355
1788298200,2026-09-01 21:30:00+00:00,1.35171,1.35171,1.35144,1.35145,169
1788298500,2026-09-01 21:35:00+00:00,1.35145,1.35168,1.35142,1.35152,161
1788298800,2026-09-01 21:40:00+00:00,1.35152,1.35175,1.35135,1.3513899999999999,109
1788299100,2026-09-01 21:45:00+00:00,1.3513899999999999,1.35144,1.35133,1.3514300000000001,91
1788299400,2026-09-01 21:50:00+00:00,1.3514300000000001,1.35181,1.35141,1.35162,214
1788299700,2026-09-01 21:55:00+00:00,1.35162,1.35175,1.35153,1.35169,276
1788300000,2026-09-01 22:00:00+00:00,1.35169,1.3519700000000001,1.35157,1.35176,288
1788300300,2026-09-01 22:05:00+00:00,1.35175,1.35178,1.35165,1.35171,159
1788300600,2026-09-01 22:10:00+00:00,1.35171,1.35185,1.3516,1.35181,329
1788300900,2026-09-01 22:15:00+00:00,1.35181,1.35186,1.35176,1.35186,116
1788301200,2026-09-01 22:20:00+00:00,1.35186,1.35189,1.35183,1.35184,51
1788301500,2026-09-01 22:25:00+00:00,1.35184,1.35185,1.35156,1.35162,92
1788301800,2026-09-01 22:30:00+00:00,1.35162,1.35168,1.35159,1.35162,180
1788302100,2026-09-01 22:35:00+00:00,1.35162,1.35164,1.35159,1.3516,75
1788302400,2026-09-01 22:40:00+00:00,1.3516,1.35162,1.3515,1.35151,101
1788302700,2026-09-01 22:45:00+00:00,1.35151,1.35156,1.35149,1.35154,37
1788303000,2026-09-01 22:50:00+00:00,1.35154,1.35159,1.3514599999999999,1.35148,120
1788303300,2026-09-01 22:55:00+00:00,1.35148,1.35156,1.35148,1.35153,189
1788303600,2026-09-01 23:00:00+00:00,1.35153,1.35154,1.35145,1.35149,207
1788303900,2026-09-01 23:05:00+00:00,1.35149,1.3515,1.35145,1.35145,147
1788304200,2026-09-01 23:10:00+00:00,1.35145,1.35153,1.35145,1.3514599999999999,147
1788304500,2026-09-01 23:15:00+00:00,1.3514599999999999,1.35148,1.35145,1.3514599999999999,34
1788304800,2026-09-01 23:20:00+00:00,1.3514599999999999,1.35147,1.35145,1.35145,117
1788305100,2026-09-01 23:25:00+00:00,1.35145,1.3514599999999999,1.35142,1.35144,266
1788305400,2026-09-01 23:30:00+00:00,1.35144,1.35149,1.35141,1.35148,130
1788305700,2026-09-01 23:35:00+00:00,1.35148,1.35158,1.35147,1.35157,101
1788306000,2026-09-01 23:40:00+00:00,1.35157,1.3516599999999999,1.35156,1.35162,154
1788306300,2026-09-01 23:45:00+00:00,1.35163,1.3516599999999999,1.35157,1.35161,457
1788306600,2026-09-01 23:50:00+00:00,1.35161,1.35168,1.35149,1.35151,598
1788306900,2026-09-01 23:55:00+00:00,1.3515,1.35153,1.35132,1.35133,684
1788307200,2026-09-02 00:00:00+00:00,1.35133,1.35148,1.35123,1.3513899999999999,841
1788307500,2026-09-02 00:05:00+00:00,1.3513899999999999,1.35144,1.35096,1.35106,1059
1788307800,2026-09-02 00:10:00+00:00,1.35106,1.35114,1.35093,1.35106,1250
1788308100,2026-09-02 00:15:00+00:00,1.35106,1.35119,1.3510499999999999,1.35107,1112
1788308400,2026-09-02 00:20:00+00:00,1.35107,1.35147,1.35095,1.35125,1182
1788308700,2026-09-02 00:25:00+00:00,1.35125,1.3513,1.35088,1.35096,980
1788309000,2026-09-02 00:30:00+00:00,1.35096,1.3510900000000001,1.35084,1.35106,961
1788309300,2026-09-02 00:35:00+00:00,1.35106,1.35117,1.35101,1.3510499999999999,689
1788309600,2026-09-02 00:40:00+00:00,1.3510499999999999,1.35126,1.35097,1.35121,988
1788309900,2026-09-02 00:45:00+00:00,1.35121,1.35122,1.35086,1.35087,999
1788310200,2026-09-02 00:50:00+00:00,1.35087,1.35101,1.35074,1.35096,1191
1788310500,2026-09-02 00:55:00+00:00,1.35096,1.35103,1.35068,1.35069,1167
1788310800,2026-09-02 01:00:00+00:00,1.35068,1.35081,1.35057,1.3506,1588
1788311100,2026-09-02 01:05:00+00:00,1.3506,1.35064,1.35049,1.35055,1220
1788311400,2026-09-02 01:10:00+00:00,1.35055,1.35066,1.35038,1.35046,1201
1788311700,2026-09-02 01:15:00+00:00,1.35046,1.35072,1.35039,1.35065,1177
1788312000,2026-09-02 01:20:00+00:00,1.35065,1.35076,1.35058,1.35076,1085
1788312300,2026-09-02 01:25:00+00:00,1.35076,1.35083,1.35069,1.3507799999999999,473
1788312600,2026-09-02 01:30:00+00:00,1.3507799999999999,1.35086,1.35049,1.35065,1098
1788312900,2026-09-02 01:35:00+00:00,1.35065,1.35065,1.35028,1.3504399999999999,921
1788313200,2026-09-02 01:40:00+00:00,1.3504399999999999,1.35056,1.35037,1.35047,803
1788313500,2026-09-02 01:45:00+00:00,1.35047,1.3505,1.35035,1.35043,618
1788313800,2026-09-02 01:50:00+00:00,1.35043,1.35043,1.35023,1.35028,730
1788314100,2026-09-02 01:55:00+00:00,1.35028,1.35054,1.35027,1.3505099999999999,559
1788314400,2026-09-02 02:00:00+00:00,1.3505099999999999,1.35053,1.35007,1.35029,1088
1788314700,2026-09-02 02:05:00+00:00,1.35028,1.35032,1.3501699999999999,1.35028,1078
1788315000,2026-09-02 02:10:00+00:00,1.35028,1.35065,1.35028,1.35057,1179
1788315300,2026-09-02 02:15:00+00:00,1.35058,1.35073,1.35054,1.35068,985
1788315600,2026-09-02 02:20:00+00:00,1.35068,1.35079,1.35027,1.35043,1137
1788315900,2026-09-02 02:25:00+00:00,1.35043,1.35068,1.35037,1.3506,799
1788316200,2026-09-02 02:30:00+00:00,1.35059,1.35069,1.35045,1.35065,821
1788316500,2026-09-02 02:35:00+00:00,1.35065,1.35071,1.35052,1.35069,788
1788316800,2026-09-02 02:40:00+00:00,1.35069,1.35084,1.35068,1.3507500000000001,796
1788317100,2026-09-02 02:45:00+00:00,1.3507500000000001,1.3507799999999999,1.35067,1.35074,506
1788317400,2026-09-02 02:50:00+00:00,1.35073,1.35076,1.35062,1.35069,504
1788317700,2026-09-02 02:55:00+00:00,1.35069,1.35074,1.35064,1.35069,414
1788318000,2026-09-02 03:00:00+00:00,1.35069,1.35079,1.35065,1.3507,749
1788318300,2026-09-02 03:05:00+00:00,1.3507,1.35077,1.35057,1.35076,745
1788318600,2026-09-02 03:10:00+00:00,1.35076,1.35076,1.35054,1.35057,571
1788318900,2026-09-02 03:15:00+00:00,1.35057,1.35064,1.3505099999999999,1.35054,527
1788319200,2026-09-02 03:20:00+00:00,1.35054,1.35058,1.35037,1.35045,831
1788319500,2026-09-02 03:25:00+00:00,1.35045,1.3505,1.35033,1.35034,626
1788319800,2026-09-02 03:30:00+00:00,1.35034,1.3504399999999999,1.35032,1.35034,895
1788320100,2026-09-02 03:35:00+00:00,1.35034,1.35034,1.35016,1.35032,693
1788320400,2026-09-02 03:40:00+00:00,1.35032,1.35033,1.3501,1.35015,644
1788320700,2026-09-02 03:45:00+00:00,1.35015,1.35029,1.35015,1.35023,474
1788321000,2026-09-02 03:50:00+00:00,1.35023,1.35025,1.35013,1.35018,551
1788321300,2026-09-02 03:55:00+00:00,1.35018,1.35029,1.3501,1.35027,437
1788321600,2026-09-02 04:00:00+00:00,1.35027,1.35029,1.35004,1.35006,549
1788321900,2026-09-02 04:05:00+00:00,1.35006,1.35011,1.34995,1.34999,623
1788322200,2026-09-02 04:10:00+00:00,1.34999,1.35006,1.34993,1.34999,643
1788322500,2026-09-02 04:15:00+00:00,1.34999,1.35015,1.34994,1.34998,489
1788322800,2026-09-02 04:20:00+00:00,1.34998,1.35002,1.3498299999999999,1.3498999999999999,538
1788323100,2026-09-02 04:25:00+00:00,1.3498999999999999,1.34995,1.34981,1.3498700000000001,674
1788323400,2026-09-02 04:30:00+00:00,1.3498700000000001,1.34996,1.34975,1.34982,668
1788323700,2026-09-02 04:35:00+00:00,1.34982,1.3498700000000001,1.34977,1.34978,571
1788324000,2026-09-02 04:40:00+00:00,1.34978,1.34988,1.34975,1.34981,457
1788324300,2026-09-02 04:45:00+00:00,1.3498299999999999,1.35,1.34964,1.34966,945
1788324600,2026-09-02 04:50:00+00:00,1.34966,1.34978,1.34964,1.34976,727
1788324900,2026-09-02 04:55:00+00:00,1.34976,1.3498700000000001,1.3496299999999999,1.34966,847
1788325200,2026-09-02 05:00:00+00:00,1.34966,1.34969,1.34948,1.34951,505
1788325500,2026-09-02 05:05:00+00:00,1.34951,1.34968,1.34945,1.34966,476
1788325800,2026-09-02 05:10:00+00:00,1.34966,1.34991,1.3496299999999999,1.34988,643
1788326100,2026-09-02 05:15:00+00:00,1.34989,1.35009,1.34986,1.35001,870
1788326400,2026-09-02 05:20:00+00:00,1.35001,1.35018,1.34997,1.3501,681
1788326700,2026-09-02 05:25:00+00:00,1.3501,1.35022,1.34996,1.3502100000000001,683
1788327000,2026-09-02 05:30:00+00:00,1.3502100000000001,1.35037,1.3501699999999999,1.35026,962
1788327300,2026-09-02 05:35:00+00:00,1.35026,1.35031,1.35,1.35005,968
1788327600,2026-09-02 05:40:00+00:00,1.35005,1.3502,1.34997,1.35016,809
1788327900,2026-09-02 05:45:00+00:00,1.35016,1.35029,1.35012,1.35019,1221
1788328200,2026-09-02 05:50:00+00:00,1.35019,1.35036,1.35007,1.35035,687
1788328500,2026-09-02 05:55:00+00:00,1.35035,1.35049,1.3502399999999999,1.3503,658
1788328800,2026-09-02 06:00:00+00:00,1.3503,1.35041,1.35004,1.35018,1514
1788329100,2026-09-02 06:05:00+00:00,1.35018,1.3505099999999999,1.35007,1.35046,1174
1788329400,2026-09-02 06:10:00+00:00,1.35046,1.35076,1.35037,1.3504,1259
1788329700,2026-09-02 06:15:00+00:00,1.3504,1.3505,1.3498999999999999,1.35016,1640
1788330000,2026-09-02 06:20:00+00:00,1.35016,1.3507799999999999,1.35013,1.3507,1070
1788330300,2026-09-02 06:25:00+00:00,1.3507,1.3508499999999999,1.35038,1.35039,1250
1788330600,2026-09-02 06:30:00+00:00,1.35039,1.3505,1.35031,1.35047,1440
1788330900,2026-09-02 06:35:00+00:00,1.35047,1.3505099999999999,1.3502,1.35039,1298
1788331200,2026-09-02 06:40:00+00:00,1.35039,1.35065,1.35028,1.35047,1289
1788331500,2026-09-02 06:45:00+00:00,1.35047,1.3504800000000001,1.34988,1.34991,1398
1788331800,2026-09-02 06:50:00+00:00,1.34991,1.34996,1.34958,1.3496000000000001,1301
1788332100,2026-09-02 06:55:00+00:00,1.3496000000000001,1.34973,1.34925,1.3492600000000001,1599
1788332400,2026-09-02 07:00:00+00:00,1.3492600000000001,1.34962,1.34916,1.34917,1743
1788332700,2026-09-02 07:05:00+00:00,1.34916,1.34958,1.34897,1.34947,1256
1788333000,2026-09-02 07:10:00+00:00,1.34947,1.35005,1.34946,1.34993,1079
1788333300,2026-09-02 07:15:00+00:00,1.34993,1.35046,1.34982,1.35045,954
1788333600,2026-09-02 07:20:00+00:00,1.35045,1.35061,1.3502399999999999,1.3506,919
1788333900,2026-09-02 07:25:00+00:00,1.3506,1.35069,1.35032,1.35037,1009
1788334200,2026-09-02 07:30:00+00:00,1.35036,1.351,1.35028,1.3509,1201
1788334500,2026-09-02 07:35:00+00:00,1.3509,1.35128,1.35088,1.35119,883
1788334800,2026-09-02 07:40:00+00:00,1.35119,1.35119,1.35072,1.3508499999999999,809
1788335100,2026-09-02 07:45:00+00:00,1.3508499999999999,1.35111,1.3508499999999999,1.351,946
1788335400,2026-09-02 07:50:00+00:00,1.351,1.3510900000000001,1.3508,1.35101,907
1788335700,2026-09-02 07:55:00+00:00,1.35101,1.35113,1.35087,1.35107,1134
1788336000,2026-09-02 08:00:00+00:00,1.35107,1.35147,1.3510499999999999,1.3514,945
1788336300,2026-09-02 08:05:00+00:00,1.3514,1.35148,1.3512,1.35131,678
1788336600,2026-09-02 08:10:00+00:00,1.35131,1.35138,1.35092,1.3511600000000001,888
1788336900,2026-09-02 08:15:00+00:00,1.3511600000000001,1.35135,1.35102,1.35107,898
1788337200,2026-09-02 08:20:00+00:00,1.35108,1.35125,1.35095,1.3512,906
1788337500,2026-09-02 08:25:00+00:00,1.3512,1.35129,1.35093,1.35099,894
1788337800,2026-09-02 08:30:00+00:00,1.35099,1.35107,1.35086,1.35089,960
1788338100,2026-09-02 08:35:00+00:00,1.3509,1.35124,1.3508200000000001,1.35118,1011
1788338400,2026-09-02 08:40:00+00:00,1.35118,1.35133,1.35111,1.3513,1036
1788338700,2026-09-02 08:45:00+00:00,1.35131,1.35135,1.35102,1.3511,870
1788339000,2026-09-02 08:50:00+00:00,1.3511,1.35111,1.35054,1.35061,953
1788339300,2026-09-02 08:55:00+00:00,1.35061,1.35068,1.35009,1.35009,1299
1788339600,2026-09-02 09:00:00+00:00,1.35009,1.35041,1.34999,1.35038,1456
1788339900,2026-09-02 09:05:00+00:00,1.35038,1.3507,1.3502,1.35034,1098
1788340200,2026-09-02 09:10:00+00:00,1.35034,1.35038,1.35,1.35004,923
1788340500,2026-09-02 09:15:00+00:00,1.35004,1.35029,1.35002,1.35018,974
1788340800,2026-09-02 09:20:00+00:00,1.3501699999999999,1.35022,1.34995,1.34997,770
1788341100,2026-09-02 09:25:00+00:00,1.34997,1.3501400000000001,1.3498299999999999,1.35005,906
1788341400,2026-09-02 09:30:00+00:00,1.35005,1.35011,1.34954,1.34955,960
1788341700,2026-09-02 09:35:00+00:00,1.34955,1.34974,1.34949,1.34954,779
1788342000,2026-09-02 09:40:00+00:00,1.34954,1.34957,1.34937,1.34939,818
1788342300,2026-09-02 09:45:00+00:00,1.34939,1.34942,1.34923,1.3493,662
1788342600,2026-09-02 09:50:00+00:00,1.3493,1.34946,1.34879,1.34885,680
1788342900,2026-09-02 09:55:00+00:00,1.34885,1.34904,1.3485800000000001,1.3486500000000001,919
1788343200,2026-09-02 10:00:00+00:00,1.3486500000000001,1.34879,1.34826,1.34826,811
1788343500,2026-09-02 10:05:00+00:00,1.34826,1.34851,1.34824,1.34848,904
1788343800,2026-09-02 10:10:00+00:00,1.34848,1.3485800000000001,1.34824,1.34837,734
1788344100,2026-09-02 10:15:00+00:00,1.34837,1.34839,1.34805,1.34814,765
1788344400,2026-09-02 10:20:00+00:00,1.34814,1.34828,1.3480400000000001,1.34808,741
1788344700,2026-09-02 10:25:00+00:00,1.34808,1.34848,1.34806,1.34823,1024
1788345000,2026-09-02 10:30:00+00:00,1.34823,1.34849,1.34806,1.34846,1096
1788345300,2026-09-02 10:35:00+00:00,1.34846,1.34846,1.34812,1.34814,740
1788345600,2026-09-02 10:40:00+00:00,1.34814,1.34816,1.34793,1.34794,899
1788345900,2026-09-02 10:45:00+00:00,1.34794,1.3479700000000001,1.34776,1.34793,749
1788346200,2026-09-02 10:50:00+00:00,1.34793,1.34806,1.34769,1.34805,885
1788346500,2026-09-02 10:55:00+00:00,1.34805,1.34846,1.34789,1.34842,1057
1788346800,2026-09-02 11:00:00+00:00,1.34842,1.34869,1.3483100000000001,1.34855,990
1788347100,2026-09-02 11:05:00+00:00,1.34855,1.34886,1.3483800000000001,1.34874,953
1788347400,2026-09-02 11:10:00+00:00,1.34874,1.3489499999999999,1.34826,1.34887,1608
1788347700,2026-09-02 11:15:00+00:00,1.34887,1.3489499999999999,1.34839,1.3486099999999999,1741
1788348000,2026-09-02 11:20:00+00:00,1.3486099999999999,1.34886,1.34856,1.34864,1040
1788348300,2026-09-02 11:25:00+00:00,1.34864,1.34869,1.34825,1.34827,1265
1788348600,2026-09-02 11:30:00+00:00,1.34827,1.34846,1.34806,1.34844,987
1788348900,2026-09-02 11:35:00+00:00,1.34843,1.34859,1.34823,1.34825,1131
1788349200,2026-09-02 11:40:00+00:00,1.34826,1.34881,1.34822,1.3486500000000001,1178
1788349500,2026-09-02 11:45:00+00:00,1.3486500000000001,1.34912,1.34853,1.34905,901
1788349800,2026-09-02 11:50:00+00:00,1.34905,1.34918,1.34876,1.34908,853
1788350100,2026-09-02 11:55:00+00:00,1.34908,1.34911,1.34832,1.34847,1332
1788350400,2026-09-02 12:00:00+00:00,1.34847,1.34872,1.3483800000000001,1.3487,1489
1788350700,2026-09-02 12:05:00+00:00,1.3487,1.34889,1.34818,1.3483100000000001,1442
1788351000,2026-09-02 12:10:00+00:00,1.3483100000000001,1.3483800000000001,1.3479999999999999,1.3483399999999999,1687
1788351300,2026-09-02 12:15:00+00:00,1.34835,1.34844,1.34784,1.34784,1047
1788351600,2026-09-02 12:20:00+00:00,1.34784,1.34881,1.34775,1.34848,2941
1788351900,2026-09-02 12:25:00+00:00,1.34848,1.34876,1.34806,1.34806,1685
1788352200,2026-09-02 12:30:00+00:00,1.34806,1.34813,1.34785,1.34786,1000
1788352500,2026-09-02 12:35:00+00:00,1.34786,1.34788,1.34771,1.34785,859
1788352800,2026-09-02 12:40:00+00:00,1.34785,1.3479999999999999,1.34763,1.3477299999999999,1027
1788353100,2026-09-02 12:45:00+00:00,1.3477299999999999,1.3483800000000001,1.34766,1.34798,1099
1788353400,2026-09-02 12:50:00+00:00,1.34798,1.34806,1.34765,1.34767,1088
1788353700,2026-09-02 12:55:00+00:00,1.34767,1.34783,1.3474599999999999,1.3475,1407
1788354000,2026-09-02 13:00:00+00:00,1.34749,1.34787,1.34748,1.34764,1639
1788354300,2026-09-02 13:05:00+00:00,1.34763,1.34803,1.34762,1.34794,961
1788354600,2026-09-02 13:10:00+00:00,1.34794,1.34813,1.34774,1.34812,1254
1788354900,2026-09-02 13:15:00+00:00,1.34812,1.3487,1.34809,1.3486099999999999,1132
1788355200,2026-09-02 13:20:00+00:00,1.3486,1.34924,1.34857,1.34915,1229
1788355500,2026-09-02 13:25:00+00:00,1.34915,1.35091,1.34913,1.34977,3301
1788355800,2026-09-02 13:30:00+00:00,1.34977,1.35018,1.34928,1.34938,1727
1788356100,2026-09-02 13:35:00+00:00,1.34938,1.34984,1.34936,1.34984,1942
1788356400,2026-09-02 13:40:00+00:00,1.34984,1.35074,1.3497,1.35072,1408
1788356700,2026-09-02 13:45:00+00:00,1.35072,1.35072,1.3498999999999999,1.35005,2166
1788357000,2026-09-02 13:50:00+00:00,1.35005,1.35101,1.34995,1.35097,3021
1788357300,2026-09-02 13:55:00+00:00,1.35097,1.35137,1.35049,1.35129,2471
1788357600,2026-09-02 14:00:00+00:00,1.35127,1.35131,1.3504399999999999,1.35098,2696
1788357900,2026-09-02 14:05:00+00:00,1.351,1.35101,1.35023,1.35023,2455
1788358200,2026-09-02 14:10:00+00:00,1.3502399999999999,1.35061,1.35012,1.35037,2157
1788358500,2026-09-02 14:15:00+00:00,1.35037,1.35057,1.34984,1.35,1903
1788358800,2026-09-02 14:20:00+00:00,1.35,1.35019,1.3498,1.35007,1961
1788359100,2026-09-02 14:25:00+00:00,1.35007,1.35043,1.34996,1.35025,2121
1788359400,2026-09-02 14:30:00+00:00,1.35025,1.35036,1.35003,1.3501400000000001,2241
1788359700,2026-09-02 14:35:00+00:00,1.35013,1.3504800000000001,1.34995,1.35028,1650
1788360000,2026-09-02 14:40:00+00:00,1.35028,1.35059,1.34997,1.35013,2376
1788360300,2026-09-02 14:45:00+00:00,1.35013,1.35019,1.34974,1.35004,1856
1788360600,2026-09-02 14:50:00+00:00,1.35005,1.3509,1.34965,1.35002,2689
1788360900,2026-09-02 14:55:00+00:00,1.35003,1.35061,1.34986,1.35052,2313
1788361200,2026-09-02 15:00:00+00:00,1.35052,1.35104,1.35033,1.35074,2678
1788361500,2026-09-02 15:05:00+00:00,1.35074,1.3510499999999999,1.35054,1.35055,2005
1788361800,2026-09-02 15:10:00+00:00,1.35055,1.35067,1.35025,1.35034,1732
1788362100,2026-09-02 15:15:00+00:00,1.35034,1.35042,1.3501699999999999,1.35033,1450
1788362400,2026-09-02 15:20:00+00:00,1.35033,1.35035,1.34988,1.3502399999999999,1815
1788362700,2026-09-02 15:25:00+00:00,1.3502399999999999,1.35055,1.35023,1.35053,1413
1788363000,2026-09-02 15:30:00+00:00,1.35053,1.3507500000000001,1.35003,1.35004,1897
1788363300,2026-09-02 15:35:00+00:00,1.35003,1.35019,1.34982,1.35008,1612
1788363600,2026-09-02 15:40:00+00:00,1.35008,1.35015,1.34957,1.34958,1374
1788363900,2026-09-02 15:45:00+00:00,1.34958,1.34997,1.34945,1.34973,1424
1788364200,2026-09-02 15:50:00+00:00,1.34973,1.34979,1.34952,1.34957,1211
1788364500,2026-09-02 15:55:00+00:00,1.34957,1.3501699999999999,1.3495,1.35016,1268
1788364800,2026-09-02 16:00:00+00:00,1.35016,1.35034,1.3501,1.35011,1355
1788365100,2026-09-02 16:05:00+00:00,1.35011,1.3501699999999999,1.34994,1.35004,1416
1788365400,2026-09-02 16:10:00+00:00,1.35005,1.3504,1.34994,1.35038,1279
1788365700,2026-09-02 16:15:00+00:00,1.35038,1.35038,1.35012,1.35023,1263
1788366000,2026-09-02 16:20:00+00:00,1.35023,1.35037,1.34986,1.34992,1277
1788366300,2026-09-02 16:25:00+00:00,1.34992,1.35007,1.34959,1.34961,1452
1788366600,2026-09-02 16:30:00+00:00,1.3496000000000001,1.34986,1.3495599999999999,1.34965,1095
1788366900,2026-09-02 16:35:00+00:00,1.34965,1.34985,1.34965,1.34978,950
1788367200,2026-09-02 16:40:00+00:00,1.34978,1.34988,1.34966,1.3498,1075
1788367500,2026-09-02 16:45:00+00:00,1.34979,1.34995,1.34962,1.34964,878
1788367800,2026-09-02 16:50:00+00:00,1.34964,1.3498999999999999,1.34954,1.34978,1031
1788368100,2026-09-02 16:55:00+00:00,1.34978,1.34982,1.34942,1.34942,1006
1788368400,2026-09-02 17:00:00+00:00,1.34942,1.3495599999999999,1.34935,1.34944,1106
1788368700,2026-09-02 17:05:00+00:00,1.34944,1.34945,1.34912,1.34913,705
1788369000,2026-09-02 17:10:00+00:00,1.34913,1.34918,1.3489900000000001,1.34913,916
1788369300,2026-09-02 17:15:00+00:00,1.34912,1.34916,1.34852,1.34854,1108
1788369600,2026-09-02 17:20:00+00:00,1.34854,1.34873,1.34852,1.34863,743
1788369900,2026-09-02 17:25:00+00:00,1.34863,1.34901,1.34859,1.3489900000000001,733
1788370200,2026-09-02 17:30:00+00:00,1.3489900000000001,1.34901,1.34852,1.34876,782
1788370500,2026-09-02 17:35:00+00:00,1.34876,1.34878,1.34859,1.34864,745
1788370800,2026-09-02 17:40:00+00:00,1.34864,1.34904,1.34857,1.34887,1388
1788371100,2026-09-02 17:45:00+00:00,1.34887,1.3492600000000001,1.34876,1.34891,1563
1788371400,2026-09-02 17:50:00+00:00,1.34891,1.34894,1.34864,1.3486500000000001,957
1788371700,2026-09-02 17:55:00+00:00,1.3486500000000001,1.34882,1.34856,1.34873,593
1788372000,2026-09-02 18:00:00+00:00,1.34873,1.3489200000000001,1.34866,1.3489,712
1788372300,2026-09-02 18:05:00+00:00,1.3489,1.3489,1.34866,1.34866,859
1788372600,2026-09-02 18:10:00+00:00,1.34866,1.34871,1.3486099999999999,1.34866,679
1788372900,2026-09-02 18:15:00+00:00,1.34866,1.34921,1.34845,1.34893,1228
1788373200,2026-09-02 18:20:00+00:00,1.34893,1.34903,1.34856,1.34857,832
1788373500,2026-09-02 18:25:00+00:00,1.34857,1.3486799999999999,1.34849,1.34867,704
1788373800,2026-09-02 18:30:00+00:00,1.34867,1.34878,1.3486500000000001,1.34869,598
1788374100,2026-09-02 18:35:00+00:00,1.34871,1.34889,1.3486500000000001,1.34888,428
1788374400,2026-09-02 18:40:00+00:00,1.34888,1.34888,1.34863,1.3486500000000001,469
1788374700,2026-09-02 18:45:00+00:00,1.3486500000000001,1.34879,1.3486500000000001,1.34876,495
1788375000,2026-09-02 18:50:00+00:00,1.34876,1.34884,1.3487,1.34872,429
1788375300,2026-09-02 18:55:00+00:00,1.34871,1.34878,1.34849,1.3486500000000001,710
1788375600,2026-09-02 19:00:00+00:00,1.3486500000000001,1.34874,1.34848,1.34851,686
1788375900,2026-09-02 19:05:00+00:00,1.34851,1.3486,1.34843,1.34844,403
1788376200,2026-09-02 19:10:00+00:00,1.34844,1.34853,1.3484099999999999,1.34843,435
1788376500,2026-09-02 19:15:00+00:00,1.34843,1.34879,1.3484099999999999,1.34876,716
1788376800,2026-09-02 19:20:00+00:00,1.34876,1.34876,1.34856,1.3486500000000001,589
1788377100,2026-09-02 19:25:00+00:00,1.3486500000000001,1.34872,1.34852,1.34852,548
1788377400,2026-09-02 19:30:00+00:00,1.34852,1.3486,1.34847,1.34856,611
1788377700,2026-09-02 19:35:00+00:00,1.34856,1.3485800000000001,1.34845,1.34857,760
1788378000,2026-09-02 19:40:00+00:00,1.34856,1.34863,1.34849,1.34856,1036
1788378300,2026-09-02 19:45:00+00:00,1.34856,1.34859,1.3483399999999999,1.34837,549
1788378600,2026-09-02 19:50:00+00:00,1.34837,1.34851,1.34836,1.3485,726
1788378900,2026-09-02 19:55:00+00:00,1.3485,1.34884,1.34843,1.34881,1024
1788379200,2026-09-02 20:00:00+00:00,1.34881,1.3491,1.34877,1.349,549
1788379500,2026-09-02 20:05:00+00:00,1.349,1.34912,1.34889,1.34897,242
1788379800,2026-09-02 20:10:00+00:00,1.34897,1.34904,1.3489,1.34897,278
1788380100,2026-09-02 20:15:00+00:00,1.34897,1.3489900000000001,1.34884,1.34887,456
1788380400,2026-09-02 20:20:00+00:00,1.34887,1.34898,1.34878,1.34897,376
1788380700,2026-09-02 20:25:00+00:00,1.34897,1.3489900000000001,1.34877,1.3488,232
1788381000,2026-09-02 20:30:00+00:00,1.3488,1.3489,1.34874,1.34889,131
1788381300,2026-09-02 20:35:00+00:00,1.34889,1.3489,1.34877,1.34879,170
1788381600,2026-09-02 20:40:00+00:00,1.34879,1.34889,1.34877,1.34883,225
1788381900,2026-09-02 20:45:00+00:00,1.34883,1.34906,1.34881,1.34896,330
1788382200,2026-09-02 20:50:00+00:00,1.34896,1.34896,1.34876,1.34877,249
1788382500,2026-09-02 20:55:00+00:00,1.34877,1.34879,1.34835,1.34854,876
1788382800,2026-09-02 21:00:00+00:00,1.34854,1.34871,1.34782,1.3486500000000001,55
1788383100,2026-09-02 21:05:00+00:00,1.3486500000000001,1.34871,1.34862,1.34869,53
1788383400,2026-09-02 21:10:00+00:00,1.34869,1.349,1.34853,1.34883,106
1788383700,2026-09-02 21:15:00+00:00,1.34883,1.34888,1.34879,1.34879,47
1788384000,2026-09-02 21:20:00+00:00,1.34879,1.34896,1.34879,1.34893,65
1788384300,2026-09-02 21:25:00+00:00,1.34893,1.3489499999999999,1.34822,1.34827,106
1788384600,2026-09-02 21:30:00+00:00,1.34827,1.3488,1.34816,1.34825,282
1788384900,2026-09-02 21:35:00+00:00,1.34825,1.34853,1.34818,1.34837,30
1788385200,2026-09-02 21:40:00+00:00,1.34837,1.34848,1.3480400000000001,1.34808,59
1788385500,2026-09-02 21:45:00+00:00,1.34808,1.34837,1.3479999999999999,1.3479999999999999,46
1788385800,2026-09-02 21:50:00+00:00,1.3479999999999999,1.3483100000000001,1.3479999999999999,1.34812,68
1788386100,2026-09-02 21:55:00+00:00,1.34812,1.34842,1.34812,1.34828,103
1788386400,2026-09-02 22:00:00+00:00,1.34828,1.3485,1.34814,1.34825,127
1788386700,2026-09-02 22:05:00+00:00,1.34825,1.34826,1.34815,1.34822,63
1788387000,2026-09-02 22:10:00+00:00,1.34823,1.3483,1.34818,1.34824,161
1788387300,2026-09-02 22:15:00+00:00,1.34824,1.34825,1.34811,1.34812,177
1788387600,2026-09-02 22:20:00+00:00,1.34811,1.34827,1.3481,1.34823,135
1788387900,2026-09-02 22:25:00+00:00,1.34823,1.34826,1.34821,1.34821,142
1788388200,2026-09-02 22:30:00+00:00,1.34821,1.34825,1.3482,1.34825,137
1788388500,2026-09-02 22:35:00+00:00,1.34825,1.34845,1.34825,1.3484099999999999,328
1788388800,2026-09-02 22:40:00+00:00,1.3484099999999999,1.34843,1.3483100000000001,1.3483100000000001,234
1788389100,2026-09-02 22:45:00+00:00,1.3483100000000001,1.34835,1.34822,1.34835,120
1788389400,2026-09-02 22:50:00+00:00,1.3483399999999999,1.34845,1.34832,1.34835,115
1788389700,2026-09-02 22:55:00+00:00,1.34835,1.34836,1.34832,1.34835,104
1788390000,2026-09-02 23:00:00+00:00,1.34835,1.34842,1.34827,1.3483399999999999,234
1788390300,2026-09-02 23:05:00+00:00,1.3483399999999999,1.34835,1.34822,1.34824,160
1788390600,2026-09-02 23:10:00+00:00,1.34824,1.34825,1.3481,1.34815,273
1788390900,2026-09-02 23:15:00+00:00,1.34815,1.34818,1.34812,1.34816,159
1788391200,2026-09-02 23:20:00+00:00,1.34815,1.34825,1.34814,1.34825,271
1788391500,2026-09-02 23:25:00+00:00,1.34825,1.34828,1.34814,1.34815,247
1788391800,2026-09-02 23:30:00+00:00,1.34815,1.34816,1.34811,1.34814,196
1788392100,2026-09-02 23:35:00+00:00,1.34814,1.34815,1.34802,1.34806,441
1788392400,2026-09-02 23:40:00+00:00,1.34806,1.34815,1.34803,1.34812,424
1788392700,2026-09-02 23:45:00+00:00,1.34812,1.34819,1.34811,1.34815,708
1788393000,2026-09-02 23:50:00+00:00,1.34815,1.34817,1.34808,1.3481,523
1788393300,2026-09-02 23:55:00+00:00,1.34809,1.3483399999999999,1.34808,1.34826,770
1788393600,2026-09-03 00:00:00+00:00,1.34826,1.34833,1.34805,1.34824,1796
1788393900,2026-09-03 00:05:00+00:00,1.34824,1.34833,1.34805,1.34816,864
1788394200,2026-09-03 00:10:00+00:00,1.34816,1.34835,1.34815,1.34822,1033
1788394500,2026-09-03 00:15:00+00:00,1.34821,1.3483399999999999,1.34819,1.34826,799
1788394800,2026-09-03 00:20:00+00:00,1.34826,1.34844,1.34822,1.3483800000000001,913
1788395100,2026-09-03 00:25:00+00:00,1.3483800000000001,1.34863,1.34835,1.34856,828
1788395400,2026-09-03 00:30:00+00:00,1.34856,1.3486099999999999,1.3484,1.34852,650
1788395700,2026-09-03 00:35:00+00:00,1.34852,1.34857,1.34843,1.34856,700
1788396000,2026-09-03 00:40:00+00:00,1.34856,1.3486099999999999,1.34837,1.34842,711
1788396300,2026-09-03 00:45:00+00:00,1.34842,1.34874,1.3483399999999999,1.34871,1331
1788396600,2026-09-03 00:50:00+00:00,1.34871,1.34898,1.34871,1.34888,1223
1788396900,2026-09-03 00:55:00+00:00,1.34888,1.34891,1.34873,1.34878,709
1788397200,2026-09-03 01:00:00+00:00,1.34878,1.34888,1.34874,1.34883,1586
1788397500,2026-09-03 01:05:00+00:00,1.34883,1.34888,1.34874,1.34878,861
1788397800,2026-09-03 01:10:00+00:00,1.34878,1.34889,1.34877,1.34877,633
1788398100,2026-09-03 01:15:00+00:00,1.34877,1.34888,1.34874,1.34879,751
1788398400,2026-09-03 01:20:00+00:00,1.34879,1.34886,1.34846,1.34849,1034
1788398700,2026-09-03 01:25:00+00:00,1.34849,1.34896,1.34847,1.34894,1187
1788399000,2026-09-03 01:30:00+00:00,1.34894,1.34917,1.34883,1.34908,2050
1788399300,2026-09-03 01:35:00+00:00,1.34908,1.3491,1.34883,1.3489499999999999,1331
1788399600,2026-09-03 01:40:00+00:00,1.34896,1.3490199999999999,1.3486500000000001,1.34866,970
1788399900,2026-09-03 01:45:00+00:00,1.34866,1.34876,1.3483800000000001,1.34848,897
1788400200,2026-09-03 01:50:00+00:00,1.34848,1.34848,1.34824,1.34832,847
1788400500,2026-09-03 01:55:00+00:00,1.34832,1.34836,1.34805,1.34816,1181
1788400800,2026-09-03 02:00:00+00:00,1.34817,1.34844,1.34812,1.34826,1156
1788401100,2026-09-03 02:05:00+00:00,1.34826,1.34833,1.34819,1.3482,993
1788401400,2026-09-03 02:10:00+00:00,1.3482,1.34829,1.34806,1.34827,1225
1788401700,2026-09-03 02:15:00+00:00,1.34827,1.34839,1.34815,1.34824,658
1788402000,2026-09-03 02:20:00+00:00,1.34824,1.34878,1.34824,1.34866,1764
1788402300,2026-09-03 02:25:00+00:00,1.34866,1.3487,1.34845,1.34866,1331
1788402600,2026-09-03 02:30:00+00:00,1.34866,1.34894,1.3485800000000001,1.34886,1375
1788402900,2026-09-03 02:35:00+00:00,1.34886,1.34923,1.34886,1.3491900000000001,1303
1788403200,2026-09-03 02:40:00+00:00,1.3491900000000001,1.3491900000000001,1.34873,1.34876,1491
1788403500,2026-09-03 02:45:00+00:00,1.34876,1.34893,1.34862,1.3489,1190
1788403800,2026-09-03 02:50:00+00:00,1.3489,1.3489900000000001,1.34879,1.34898,1489
1788404100,2026-09-03 02:55:00+00:00,1.34898,1.34904,1.34885,1.34889,1175
1788404400,2026-09-03 03:00:00+00:00,1.34889,1.34933,1.34886,1.34928,1316
1788404700,2026-09-03 03:05:00+00:00,1.34928,1.3495,1.34925,1.34948,951
1788405000,2026-09-03 03:10:00+00:00,1.34948,1.34967,1.34936,1.34946,867
1788405300,2026-09-03 03:15:00+00:00,1.34946,1.34948,1.34928,1.34937,767
1788405600,2026-09-03 03:20:00+00:00,1.34937,1.34947,1.3492600000000001,1.34928,648
1788405900,2026-09-03 03:25:00+00:00,1.34928,1.34957,1.34927,1.34945,1127
1788406200,2026-09-03 03:30:00+00:00,1.34945,1.3495,1.34924,1.34941,854
1788406500,2026-09-03 03:35:00+00:00,1.34941,1.34945,1.34928,1.34943,961
1788406800,2026-09-03 03:40:00+00:00,1.34943,1.34958,1.34937,1.34949,804
1788407100,2026-09-03 03:45:00+00:00,1.34949,1.34949,1.34933,1.34944,1107
1788407400,2026-09-03 03:50:00+00:00,1.34944,1.3496000000000001,1.34939,1.3495599999999999,933
1788407700,2026-09-03 03:55:00+00:00,1.3495599999999999,1.3495599999999999,1.34936,1.34947,732
1788408000,2026-09-03 04:00:00+00:00,1.34947,1.34955,1.34934,1.34936,836
1788408300,2026-09-03 04:05:00+00:00,1.34936,1.34946,1.3492600000000001,1.34939,490
1788408600,2026-09-03 04:10:00+00:00,1.34939,1.34951,1.34937,1.34946,620
1788408900,2026-09-03 04:15:00+00:00,1.34946,1.34948,1.34935,1.34944,704
1788409200,2026-09-03 04:20:00+00:00,1.34944,1.34958,1.34942,1.34958,722
1788409500,2026-09-03 04:25:00+00:00,1.34958,1.3496299999999999,1.34955,1.34958,420
1788409800,2026-09-03 04:30:00+00:00,1.34958,1.34978,1.34945,1.34965,1178
1788410100,2026-09-03 04:35:00+00:00,1.34965,1.3498,1.34958,1.34978,651
1788410400,2026-09-03 04:40:00+00:00,1.34978,1.34986,1.34966,1.34973,566
1788410700,2026-09-03 04:45:00+00:00,1.34973,1.34976,1.3495599999999999,1.34958,748
1788411000,2026-09-03 04:50:00+00:00,1.34958,1.34961,1.34937,1.3494,610
1788411300,2026-09-03 04:55:00+00:00,1.3494,1.34942,1.3492199999999999,1.34936,636
1788411600,2026-09-03 05:00:00+00:00,1.34936,1.34944,1.34913,1.34918,861
1788411900,2026-09-03 05:05:00+00:00,1.34917,1.34923,1.34904,1.34906,617
1788412200,2026-09-03 05:10:00+00:00,1.34906,1.34924,1.34906,1.34916,1036
1788412500,2026-09-03 05:15:00+00:00,1.34916,1.34941,1.34915,1.3493,748
1788412800,2026-09-03 05:20:00+00:00,1.3493,1.34951,1.34914,1.34948,1040
1788413100,2026-09-03 05:25:00+00:00,1.34948,1.34968,1.34942,1.34948,1321
1788413400,2026-09-03 05:30:00+00:00,1.34948,1.34951,1.34942,1.34949,795
1788413700,2026-09-03 05:35:00+00:00,1.34949,1.3496000000000001,1.34937,1.34957,762
1788414000,2026-09-03 05:40:00+00:00,1.34957,1.34958,1.3492199999999999,1.34925,1066
1788414300,2026-09-03 05:45:00+00:00,1.34925,1.34936,1.34918,1.34936,981
1788414600,2026-09-03 05:50:00+00:00,1.34936,1.34946,1.34897,1.34905,1003
1788414900,2026-09-03 05:55:00+00:00,1.34905,1.3492,1.34904,1.34916,1032
1788415200,2026-09-03 06:00:00+00:00,1.34916,1.34921,1.34856,1.34874,1921
1788415500,2026-09-03 06:05:00+00:00,1.34874,1.3491900000000001,1.3486500000000001,1.34887,1899
1788415800,2026-09-03 06:10:00+00:00,1.34887,1.34887,1.34839,1.34872,1256
1788416100,2026-09-03 06:15:00+00:00,1.34872,1.3488,1.34847,1.34849,1555
1788416400,2026-09-03 06:20:00+00:00,1.34849,1.34859,1.34833,1.3483399999999999,1187
1788416700,2026-09-03 06:25:00+00:00,1.3483399999999999,1.34863,1.3483399999999999,1.34859,788
1788417000,2026-09-03 06:30:00+00:00,1.34859,1.34939,1.34859,1.34913,1616
1788417300,2026-09-03 06:35:00+00:00,1.34913,1.3492899999999999,1.34881,1.34894,1659
1788417600,2026-09-03 06:40:00+00:00,1.34894,1.34946,1.34886,1.34934,1393
1788417900,2026-09-03 06:45:00+00:00,1.34934,1.34969,1.3492600000000001,1.34961,1475
1788418200,2026-09-03 06:50:00+00:00,1.34961,1.3498700000000001,1.3495300000000001,1.34968,1637
1788418500,2026-09-03 06:55:00+00:00,1.34968,1.34988,1.34918,1.34918,866
1788418800,2026-09-03 07:00:00+00:00,1.34918,1.35019,1.34898,1.34998,1931
1788419100,2026-09-03 07:05:00+00:00,1.34998,1.35028,1.34979,1.3502,1797
1788419400,2026-09-03 07:10:00+00:00,1.3502,1.35034,1.34949,1.34949,1606
1788419700,2026-09-03 07:15:00+00:00,1.34949,1.34982,1.34936,1.3497,977
1788420000,2026-09-03 07:20:00+00:00,1.3497,1.35,1.34935,1.34976,1221
1788420300,2026-09-03 07:25:00+00:00,1.34976,1.3498,1.34916,1.34935,1341
1788420600,2026-09-03 07:30:00+00:00,1.34935,1.3497,1.34935,1.34959,1027
1788420900,2026-09-03 07:35:00+00:00,1.34959,1.35,1.34915,1.34958,2506
1788421200,2026-09-03 07:40:00+00:00,1.34958,1.34991,1.34939,1.34988,1142
1788421500,2026-09-03 07:45:00+00:00,1.34988,1.35031,1.34985,1.3502399999999999,1268
1788421800,2026-09-03 07:50:00+00:00,1.3502399999999999,1.35046,1.35005,1.35039,1397
1788422100,2026-09-03 07:55:00+00:00,1.35038,1.35041,1.3501400000000001,1.35029,1364
1788422400,2026-09-03 08:00:00+00:00,1.3503,1.35071,1.35001,1.35037,2021
1788422700,2026-09-03 08:05:00+00:00,1.35037,1.35074,1.35034,1.35035,2176
1788423000,2026-09-03 08:10:00+00:00,1.35035,1.35037,1.34986,1.34999,1315
1788423300,2026-09-03 08:15:00+00:00,1.34999,1.35013,1.34984,1.35008,1033
1788423600,2026-09-03 08:20:00+00:00,1.35008,1.35026,1.34968,1.3498,1171
1788423900,2026-09-03 08:25:00+00:00,1.3498,1.35019,1.34974,1.3501699999999999,1062
1788424200,2026-09-03 08:30:00+00:00,1.3501699999999999,1.35019,1.34982,1.3498299999999999,904
1788424500,2026-09-03 08:35:00+00:00,1.3498299999999999,1.34989,1.34964,1.34978,728
1788424800,2026-09-03 08:40:00+00:00,1.34978,1.35009,1.34976,1.35006,689
1788425100,2026-09-03 08:45:00+00:00,1.35006,1.35026,1.34981,1.34991,1278
1788425400,2026-09-03 08:50:00+00:00,1.34991,1.35045,1.3498,1.35039,1147
1788425700,2026-09-03 08:55:00+00:00,1.35039,1.35045,1.34993,1.34999,1214
1788426000,2026-09-03 09:00:00+00:00,1.34999,1.35038,1.34976,1.34991,1671
1788426300,2026-09-03 09:05:00+00:00,1.34991,1.35029,1.34962,1.3502399999999999,1294
1788426600,2026-09-03 09:10:00+00:00,1.3502399999999999,1.35025,1.34984,1.34996,1412
1788426900,2026-09-03 09:15:00+00:00,1.34996,1.35005,1.34966,1.34986,1054
1788427200,2026-09-03 09:20:00+00:00,1.34986,1.34991,1.34942,1.34943,1329
1788427500,2026-09-03 09:25:00+00:00,1.34942,1.34949,1.34932,1.34947,1049
1788427800,2026-09-03 09:30:00+00:00,1.34947,1.34955,1.3490199999999999,1.3491,1775
1788428100,2026-09-03 09:35:00+00:00,1.3491,1.3493,1.34896,1.34917,1196
1788428400,2026-09-03 09:40:00+00:00,1.34917,1.34941,1.349,1.34936,1271
1788428700,2026-09-03 09:45:00+00:00,1.34936,1.34972,1.34935,1.34961,1635
1788429000,2026-09-03 09:50:00+00:00,1.34961,1.3498,1.34939,1.34966,1183
1788429300,2026-09-03 09:55:00+00:00,1.34966,1.34982,1.34942,1.34981,1311
1788429600,2026-09-03 10:00:00+00:00,1.34981,1.34998,1.34967,1.34984,1601
1788429900,2026-09-03 10:05:00+00:00,1.34984,1.34993,1.34942,1.34943,898
1788430200,2026-09-03 10:10:00+00:00,1.34943,1.34952,1.3490199999999999,1.34903,897
1788430500,2026-09-03 10:15:00+00:00,1.34903,1.34927,1.34896,1.34903,1033
1788430800,2026-09-03 10:20:00+00:00,1.34903,1.34924,1.3489,1.34918,897
1788431100,2026-09-03 10:25:00+00:00,1.34918,1.34948,1.34911,1.34923,1055
1788431400,2026-09-03 10:30:00+00:00,1.34923,1.34923,1.34876,1.34882,1033
1788431700,2026-09-03 10:35:00+00:00,1.34882,1.34885,1.34847,1.34849,1046
1788432000,2026-09-03 10:40:00+00:00,1.34849,1.34874,1.34843,1.34866,1058
1788432300,2026-09-03 10:45:00+00:00,1.34866,1.34884,1.34866,1.34878,677
1788432600,2026-09-03 10:50:00+00:00,1.34878,1.34907,1.34877,1.34905,1177
1788432900,2026-09-03 10:55:00+00:00,1.34905,1.3495300000000001,1.34898,1.34944,1658
1788433200,2026-09-03 11:00:00+00:00,1.34945,1.34954,1.34907,1.34923,1748
1788433500,2026-09-03 11:05:00+00:00,1.34923,1.34964,1.34914,1.3495599999999999,1358
1788433800,2026-09-03 11:10:00+00:00,1.3495599999999999,1.34976,1.34949,1.34967,1496
1788434100,2026-09-03 11:15:00+00:00,1.34967,1.35006,1.34964,1.34965,1891
1788434400,2026-09-03 11:20:00+00:00,1.34965,1.34967,1.34935,1.34943,954
1788434700,2026-09-03 11:25:00+00:00,1.34943,1.34944,1.3489499999999999,1.34927,1118
1788435000,2026-09-03 11:30:00+00:00,1.34927,1.34933,1.34866,1.34924,1168
1788435300,2026-09-03 11:35:00+00:00,1.34924,1.34938,1.34913,1.34925,901
1788435600,2026-09-03 11:40:00+00:00,1.34925,1.34927,1.34897,1.34898,848
1788435900,2026-09-03 11:45:00+00:00,1.34898,1.34928,1.34888,1.34924,1407
1788436200,2026-09-03 11:50:00+00:00,1.34924,1.34945,1.34918,1.3492899999999999,1264
1788436500,2026-09-03 11:55:00+00:00,1.3492899999999999,1.3496299999999999,1.34927,1.34946,980
1788436800,2026-09-03 12:00:00+00:00,1.34946,1.3497,1.3492600000000001,1.34958,1424
1788437100,2026-09-03 12:05:00+00:00,1.34958,1.34989,1.34946,1.34978,1454
1788437400,2026-09-03 12:10:00+00:00,1.34978,1.34981,1.34938,1.34965,1382
1788437700,2026-09-03 12:15:00+00:00,1.34965,1.34967,1.34942,1.34952,1607
1788438000,2026-09-03 12:20:00+00:00,1.34952,1.34954,1.34893,1.34942,1743
1788438300,2026-09-03 12:25:00+00:00,1.34942,1.34942,1.3489499999999999,1.3492,1148
1788438600,2026-09-03 12:30:00+00:00,1.3492,1.35123,1.3492,1.35027,2941
1788438900,2026-09-03 12:35:00+00:00,1.35027,1.35124,1.34992,1.35118,2316
1788439200,2026-09-03 12:40:00+00:00,1.35118,1.35124,1.35063,1.3507799999999999,2502
1788439500,2026-09-03 12:45:00+00:00,1.3507799999999999,1.35145,1.35065,1.35137,2573
1788439800,2026-09-03 12:50:00+00:00,1.35137,1.35219,1.35123,1.35203,2616
1788440100,2026-09-03 12:55:00+00:00,1.35203,1.35215,1.35164,1.35183,2545
1788440400,2026-09-03 13:00:00+00:00,1.35183,1.3519700000000001,1.35147,1.35167,2562
1788440700,2026-09-03 13:05:00+00:00,1.35167,1.35175,1.3512,1.3513600000000001,2361
1788441000,2026-09-03 13:10:00+00:00,1.3513600000000001,1.35158,1.35108,1.35149,1937
1788441300,2026-09-03 13:15:00+00:00,1.35149,1.3516,1.35089,1.35095,2193
1788441600,2026-09-03 13:20:00+00:00,1.35095,1.35118,1.3508499999999999,1.3510499999999999,1619
1788441900,2026-09-03 13:25:00+00:00,1.35106,1.35121,1.35079,1.35099,1668
1788442200,2026-09-03 13:30:00+00:00,1.35099,1.35102,1.35056,1.3506,2088
1788442500,2026-09-03 13:35:00+00:00,1.35061,1.35083,1.3505,1.35056,2185
1788442800,2026-09-03 13:40:00+00:00,1.35056,1.3510900000000001,1.35029,1.35107,2030
1788443100,2026-09-03 13:45:00+00:00,1.35107,1.35117,1.35025,1.35033,1735
1788443400,2026-09-03 13:50:00+00:00,1.35033,1.35118,1.3502399999999999,1.35111,1952
1788443700,2026-09-03 13:55:00+00:00,1.35111,1.35178,1.35107,1.35171,1523
1788444000,2026-09-03 14:00:00+00:00,1.35171,1.35171,1.35087,1.3512,2026
1788444300,2026-09-03 14:05:00+00:00,1.3512,1.35148,1.3509,1.35098,2204
1788444600,2026-09-03 14:10:00+00:00,1.35097,1.35167,1.35091,1.35147,2172
1788444900,2026-09-03 14:15:00+00:00,1.35147,1.35152,1.3510900000000001,1.35122,2194
1788445200,2026-09-03 14:20:00+00:00,1.35122,1.35147,1.35074,1.351,2266
1788445500,2026-09-03 14:25:00+00:00,1.35099,1.3511600000000001,1.35067,1.3511,2017
1788445800,2026-09-03 14:30:00+00:00,1.3511,1.35126,1.35061,1.35065,1793
1788446100,2026-09-03 14:35:00+00:00,1.35064,1.35074,1.35015,1.35016,1820
1788446400,2026-09-03 14:40:00+00:00,1.35016,1.35039,1.35004,1.35022,1535
1788446700,2026-09-03 14:45:00+00:00,1.35022,1.3508499999999999,1.3501400000000001,1.3507500000000001,1747
1788447000,2026-09-03 14:50:00+00:00,1.3507500000000001,1.35179,1.35064,1.35174,2203
1788447300,2026-09-03 14:55:00+00:00,1.35174,1.3520699999999999,1.35119,1.35178,3164
1788447600,2026-09-03 15:00:00+00:00,1.35178,1.35275,1.35178,1.3526799999999999,2747
1788447900,2026-09-03 15:05:00+00:00,1.3526799999999999,1.35391,1.35266,1.35336,2326
1788448200,2026-09-03 15:10:00+00:00,1.35337,1.35371,1.35327,1.35354,1993
1788448500,2026-09-03 15:15:00+00:00,1.35352,1.35372,1.35324,1.35368,1731
1788448800,2026-09-03 15:20:00+00:00,1.35368,1.3541,1.3535599999999999,1.35366,2410
1788449100,2026-09-03 15:25:00+00:00,1.35366,1.35394,1.35347,1.35375,2034
1788449400,2026-09-03 15:30:00+00:00,1.35375,1.35405,1.35355,1.3536000000000001,2278
1788449700,2026-09-03 15:35:00+00:00,1.3536000000000001,1.35361,1.35304,1.35313,1854
1788450000,2026-09-03 15:40:00+00:00,1.35313,1.35337,1.35293,1.35323,1970
1788450300,2026-09-03 15:45:00+00:00,1.35323,1.3533,1.35283,1.35284,1788
1788450600,2026-09-03 15:50:00+00:00,1.35284,1.35291,1.3527,1.3528,1360
1788450900,2026-09-03 15:55:00+00:00,1.3528,1.35331,1.35271,1.35325,1193
1788451200,2026-09-03 16:00:00+00:00,1.35325,1.35354,1.3531,1.35328,1524
1788451500,2026-09-03 16:05:00+00:00,1.35328,1.35352,1.35325,1.35348,1241
1788451800,2026-09-03 16:10:00+00:00,1.35348,1.35403,1.35339,1.35399,1269
1788452100,2026-09-03 16:15:00+00:00,1.35399,1.35426,1.35393,1.3542399999999999,1553
1788452400,2026-09-03 16:20:00+00:00,1.3542399999999999,1.35435,1.35406,1.35433,1161
1788452700,2026-09-03 16:25:00+00:00,1.35432,1.3545099999999999,1.35406,1.35449,1540
1788453000,2026-09-03 16:30:00+00:00,1.35449,1.35479,1.35432,1.35437,976
1788453300,2026-09-03 16:35:00+00:00,1.35437,1.35447,1.35418,1.35436,1356
1788453600,2026-09-03 16:40:00+00:00,1.35436,1.3545,1.3542,1.35446,1239
1788453900,2026-09-03 16:45:00+00:00,1.35446,1.3547,1.35443,1.35467,1063
1788454200,2026-09-03 16:50:00+00:00,1.35467,1.3548200000000001,1.35446,1.3545,1049
1788454500,2026-09-03 16:55:00+00:00,1.3545,1.3547799999999999,1.3544100000000001,1.35442,988
1788454800,2026-09-03 17:00:00+00:00,1.35442,1.35452,1.35416,1.35416,1385
1788455100,2026-09-03 17:05:00+00:00,1.3541699999999999,1.35436,1.35407,1.35408,1399
1788455400,2026-09-03 17:10:00+00:00,1.35408,1.35427,1.35406,1.35426,790
1788455700,2026-09-03 17:15:00+00:00,1.35426,1.35446,1.35425,1.35435,899
1788456000,2026-09-03 17:20:00+00:00,1.35435,1.35463,1.35433,1.35459,901
1788456300,2026-09-03 17:25:00+00:00,1.3546,1.3546,1.35435,1.35458,920
1788456600,2026-09-03 17:30:00+00:00,1.35458,1.3547,1.35445,1.35452,816
1788456900,2026-09-03 17:35:00+00:00,1.35453,1.3546,1.35437,1.3544100000000001,694
1788457200,2026-09-03 17:40:00+00:00,1.3544100000000001,1.3544800000000001,1.35427,1.35436,679
1788457500,2026-09-03 17:45:00+00:00,1.35436,1.3544,1.35428,1.35434,784
1788457800,2026-09-03 17:50:00+00:00,1.35434,1.35434,1.35403,1.35427,837
1788458100,2026-09-03 17:55:00+00:00,1.35427,1.35429,1.3538700000000001,1.35389,854
1788458400,2026-09-03 18:00:00+00:00,1.35389,1.3541400000000001,1.35388,1.35407,1180
1788458700,2026-09-03 18:05:00+00:00,1.35407,1.3542100000000001,1.35386,1.3542100000000001,844
1788459000,2026-09-03 18:10:00+00:00,1.3542100000000001,1.35436,1.35419,1.35428,1128
1788459300,2026-09-03 18:15:00+00:00,1.35428,1.3544100000000001,1.35413,1.35416,1054
1788459600,2026-09-03 18:20:00+00:00,1.35416,1.35422,1.35401,1.35416,940
1788459900,2026-09-03 18:25:00+00:00,1.35416,1.3543,1.35406,1.35406,925
1788460200,2026-09-03 18:30:00+00:00,1.35406,1.35409,1.3538299999999999,1.35385,1181
1788460500,2026-09-03 18:35:00+00:00,1.35385,1.35391,1.35381,1.35385,1055
1788460800,2026-09-03 18:40:00+00:00,1.35386,1.35396,1.35382,1.35384,955
1788461100,2026-09-03 18:45:00+00:00,1.35384,1.35396,1.35374,1.35385,898
1788461400,2026-09-03 18:50:00+00:00,1.35385,1.35401,1.35384,1.35392,863
1788461700,2026-09-03 18:55:00+00:00,1.35392,1.35399,1.35379,1.35388,818
1788462000,2026-09-03 19:00:00+00:00,1.35388,1.35399,1.35379,1.35382,1191
1788462300,2026-09-03 19:05:00+00:00,1.35382,1.35394,1.35376,1.3538000000000001,774
1788462600,2026-09-03 19:10:00+00:00,1.3538000000000001,1.3538999999999999,1.35324,1.35325,1286
1788462900,2026-09-03 19:15:00+00:00,1.35325,1.35328,1.3528,1.3529,1497
1788463200,2026-09-03 19:20:00+00:00,1.35289,1.35293,1.3523800000000001,1.35243,1082
1788463500,2026-09-03 19:25:00+00:00,1.35243,1.35249,1.3523399999999999,1.35245,1282
1788463800,2026-09-03 19:30:00+00:00,1.35246,1.35254,1.35224,1.35224,1437
1788464100,2026-09-03 19:35:00+00:00,1.35224,1.35251,1.35223,1.35248,1075
1788464400,2026-09-03 19:40:00+00:00,1.35248,1.35262,1.35247,1.3526,1003
1788464700,2026-09-03 19:45:00+00:00,1.3526,1.35288,1.3525800000000001,1.35278,516
1788465000,2026-09-03 19:50:00+00:00,1.35278,1.35283,1.3526500000000001,1.35269,899
1788465300,2026-09-03 19:55:00+00:00,1.35269,1.35283,1.35253,1.35257,1257
1788465600,2026-09-03 20:00:00+00:00,1.35257,1.35288,1.35251,1.35281,742
1788465900,2026-09-03 20:05:00+00:00,1.35281,1.35291,1.35274,1.35286,766
1788466200,2026-09-03 20:10:00+00:00,1.35286,1.3529,1.35264,1.3526500000000001,149
1788466500,2026-09-03 20:15:00+00:00,1.3526500000000001,1.35266,1.35248,1.35256,323
1788466800,2026-09-03 20:20:00+00:00,1.35256,1.3526799999999999,1.35252,1.35256,233
1788467100,2026-09-03 20:25:00+00:00,1.35256,1.35266,1.35255,1.35264,156
1788467400,2026-09-03 20:30:00+00:00,1.35264,1.35269,1.35253,1.35257,236
1788467700,2026-09-03 20:35:00+00:00,1.35257,1.3527,1.35249,1.3526799999999999,216
1788468000,2026-09-03 20:40:00+00:00,1.3526799999999999,1.35271,1.35255,1.35266,252
1788468300,2026-09-03 20:45:00+00:00,1.35267,1.35271,1.35264,1.3526799999999999,120
1788468600,2026-09-03 20:50:00+00:00,1.3526799999999999,1.35269,1.3526500000000001,1.35267,63
1788468900,2026-09-03 20:55:00+00:00,1.35267,1.3526799999999999,1.35235,1.35248,498
1788469200,2026-09-03 21:00:00+00:00,1.35245,1.35289,1.35195,1.35279,23
1788469500,2026-09-03 21:05:00+00:00,1.35279,1.35294,1.35263,1.35278,52
1788469800,2026-09-03 21:10:00+00:00,1.35278,1.35284,1.35271,1.35278,83
1788470100,2026-09-03 21:15:00+00:00,1.35278,1.35287,1.35278,1.35283,48
1788470400,2026-09-03 21:20:00+00:00,1.35283,1.35289,1.35283,1.35286,42
1788470700,2026-09-03 21:25:00+00:00,1.35286,1.35288,1.35283,1.35283,28
1788471000,2026-09-03 21:30:00+00:00,1.35283,1.35287,1.35274,1.35279,79
1788471300,2026-09-03 21:35:00+00:00,1.35279,1.35287,1.35271,1.35271,84
1788471600,2026-09-03 21:40:00+00:00,1.35271,1.35291,1.35254,1.35279,93
1788471900,2026-09-03 21:45:00+00:00,1.35279,1.35293,1.35253,1.35266,371
1788472200,2026-09-03 21:50:00+00:00,1.35266,1.3528,1.35252,1.3526,223
1788472500,2026-09-03 21:55:00+00:00,1.3526799999999999,1.35283,1.35251,1.35253,471
1788472800,2026-09-03 22:00:00+00:00,1.35253,1.35263,1.35236,1.35247,310
1788473100,2026-09-03 22:05:00+00:00,1.35247,1.35247,1.35235,1.35236,50
1788473400,2026-09-03 22:10:00+00:00,1.35236,1.35248,1.3523399999999999,1.35247,295
1788473700,2026-09-03 22:15:00+00:00,1.35247,1.35251,1.3523800000000001,1.35239,274
1788474000,2026-09-03 22:20:00+00:00,1.35239,1.3524,1.35235,1.35235,101
1788474300,2026-09-03 22:25:00+00:00,1.35235,1.35239,1.35235,1.35235,97
1788474600,2026-09-03 22:30:00+00:00,1.35235,1.35247,1.35235,1.35244,116
1788474900,2026-09-03 22:35:00+00:00,1.35244,1.35246,1.35235,1.3524,315
1788475200,2026-09-03 22:40:00+00:00,1.3524,1.35247,1.3523800000000001,1.35241,243
1788475500,2026-09-03 22:45:00+00:00,1.35241,1.35243,1.35235,1.3523800000000001,359
1788475800,2026-09-03 22:50:00+00:00,1.3523800000000001,1.3524,1.35233,1.35237,157
1788476100,2026-09-03 22:55:00+00:00,1.35237,1.35242,1.35236,1.35239,116
1788476400,2026-09-03 23:00:00+00:00,1.35239,1.3525,1.35237,1.35248,161
1788476700,2026-09-03 23:05:00+00:00,1.35248,1.35259,1.35245,1.35256,215
1788477000,2026-09-03 23:10:00+00:00,1.35256,1.35259,1.35246,1.35251,171
1788477300,2026-09-03 23:15:00+00:00,1.35251,1.3525800000000001,1.35247,1.35257,239
1788477600,2026-09-03 23:20:00+00:00,1.35257,1.35272,1.35256,1.3527,161
1788477900,2026-09-03 23:25:00+00:00,1.3527,1.3527,1.35266,1.35269,102
1788478200,2026-09-03 23:30:00+00:00,1.35269,1.35301,1.3526500000000001,1.35266,473
1788478500,2026-09-03 23:35:00+00:00,1.35266,1.35273,1.3525800000000001,1.3526500000000001,261
1788478800,2026-09-03 23:40:00+00:00,1.3526500000000001,1.35279,1.35259,1.35266,427
1788479100,2026-09-03 23:45:00+00:00,1.35267,1.35285,1.3526099999999999,1.35278,779
1788479400,2026-09-03 23:50:00+00:00,1.35278,1.35289,1.35274,1.35287,1003
1788479700,2026-09-03 23:55:00+00:00,1.35287,1.3529,1.35282,1.35283,502
1788480000,2026-09-04 00:00:00+00:00,1.35283,1.35302,1.35273,1.35297,1608
1788480300,2026-09-04 00:05:00+00:00,1.35297,1.35306,1.3527,1.3527,1565
1788480600,2026-09-04 00:10:00+00:00,1.35271,1.35288,1.35267,1.35285,1301
1788480900,2026-09-04 00:15:00+00:00,1.35284,1.35288,1.3526,1.35266,1242
1788481200,2026-09-04 00:20:00+00:00,1.35266,1.3528,1.35256,1.35273,1173
1788481500,2026-09-04 00:25:00+00:00,1.35273,1.35274,1.35254,1.35255,963
1788481800,2026-09-04 00:30:00+00:00,1.35255,1.35276,1.35253,1.3526500000000001,992
1788482100,2026-09-04 00:35:00+00:00,1.3526500000000001,1.35275,1.3525,1.35257,736
1788482400,2026-09-04 00:40:00+00:00,1.35257,1.35287,1.35254,1.35282,1240
1788482700,2026-09-04 00:45:00+00:00,1.35283,1.35309,1.3528,1.35303,1012
1788483000,2026-09-04 00:50:00+00:00,1.35303,1.35337,1.35302,1.35334,930
1788483300,2026-09-04 00:55:00+00:00,1.35334,1.35337,1.3529900000000001,1.35301,1278
1788483600,2026-09-04 01:00:00+00:00,1.35301,1.3532,1.3529200000000001,1.3529900000000001,1871
1788483900,2026-09-04 01:05:00+00:00,1.3529900000000001,1.35314,1.3529,1.35302,1657
1788484200,2026-09-04 01:10:00+00:00,1.35302,1.3531900000000001,1.35284,1.35286,1434
1788484500,2026-09-04 01:15:00+00:00,1.35286,1.35317,1.35282,1.35311,1199
1788484800,2026-09-04 01:20:00+00:00,1.35311,1.35349,1.35308,1.3531900000000001,1371
1788485100,2026-09-04 01:25:00+00:00,1.3532,1.35337,1.35308,1.35327,1184
1788485400,2026-09-04 01:30:00+00:00,1.35327,1.35332,1.35309,1.35316,1073
1788485700,2026-09-04 01:35:00+00:00,1.35316,1.35339,1.35313,1.35324,1323
1788486000,2026-09-04 01:40:00+00:00,1.35323,1.35335,1.3532199999999999,1.35328,1214
1788486300,2026-09-04 01:45:00+00:00,1.35328,1.35331,1.3531900000000001,1.3532600000000001,582
1788486600,2026-09-04 01:50:00+00:00,1.3532600000000001,1.35331,1.35315,1.35327,715
1788486900,2026-09-04 01:55:00+00:00,1.35327,1.35349,1.3532600000000001,1.35349,952
1788487200,2026-09-04 02:00:00+00:00,1.35349,1.35377,1.35343,1.35374,1007
1788487500,2026-09-04 02:05:00+00:00,1.35374,1.35376,1.3534,1.35341,629
1788487800,2026-09-04 02:10:00+00:00,1.35341,1.3535,1.35337,1.35346,540
1788488100,2026-09-04 02:15:00+00:00,1.35346,1.35352,1.35323,1.35328,619
1788488400,2026-09-04 02:20:00+00:00,1.35328,1.35328,1.35302,1.35307,491
1788488700,2026-09-04 02:25:00+00:00,1.35307,1.3531,1.35294,1.35307,699
1788489000,2026-09-04 02:30:00+00:00,1.35307,1.35318,1.35301,1.35302,964
1788489300,2026-09-04 02:35:00+00:00,1.35302,1.3532,1.35298,1.35317,608
1788489600,2026-09-04 02:40:00+00:00,1.35317,1.3532899999999999,1.35314,1.35317,941
1788489900,2026-09-04 02:45:00+00:00,1.35317,1.35323,1.35312,1.35317,590
1788490200,2026-09-04 02:50:00+00:00,1.35317,1.3534,1.35316,1.35337,675
1788490500,2026-09-04 02:55:00+00:00,1.35337,1.35341,1.35309,1.35314,769
1788490800,2026-09-04 03:00:00+00:00,1.35314,1.3532899999999999,1.35311,1.35324,885
1788491100,2026-09-04 03:05:00+00:00,1.35324,1.35331,1.35314,1.3532899999999999,704
1788491400,2026-09-04 03:10:00+00:00,1.3532899999999999,1.35337,1.3532,1.35334,539
1788491700,2026-09-04 03:15:00+00:00,1.35334,1.35346,1.35334,1.35339,415
1788492000,2026-09-04 03:20:00+00:00,1.35339,1.35347,1.35335,1.35336,418
1788492300,2026-09-04 03:25:00+00:00,1.35336,1.35337,1.35305,1.35309,606
1788492600,2026-09-04 03:30:00+00:00,1.35309,1.3531,1.35291,1.35305,537
1788492900,2026-09-04 03:35:00+00:00,1.35305,1.35307,1.35273,1.35279,1126
1788493200,2026-09-04 03:40:00+00:00,1.35279,1.35288,1.3526799999999999,1.3526799999999999,956
1788493500,2026-09-04 03:45:00+00:00,1.3526799999999999,1.35284,1.35267,1.35277,1104
1788493800,2026-09-04 03:50:00+00:00,1.35277,1.35301,1.35276,1.35294,686
1788494100,2026-09-04 03:55:00+00:00,1.35294,1.35306,1.35287,1.3529499999999999,672
1788494400,2026-09-04 04:00:00+00:00,1.3529499999999999,1.3532600000000001,1.35294,1.35321,1481
1788494700,2026-09-04 04:05:00+00:00,1.35321,1.35331,1.35302,1.35304,739
1788495000,2026-09-04 04:10:00+00:00,1.35304,1.35317,1.353,1.3531,704
1788495300,2026-09-04 04:15:00+00:00,1.3531,1.35314,1.35305,1.35307,512
1788495600,2026-09-04 04:20:00+00:00,1.35307,1.35316,1.353,1.35303,615
1788495900,2026-09-04 04:25:00+00:00,1.35303,1.35314,1.35297,1.3531,738
1788496200,2026-09-04 04:30:00+00:00,1.3531,1.3532600000000001,1.35304,1.35305,776
1788496500,2026-09-04 04:35:00+00:00,1.35305,1.35331,1.3529900000000001,1.3532600000000001,647
1788496800,2026-09-04 04:40:00+00:00,1.35325,1.35328,1.35316,1.35317,409
1788497100,2026-09-04 04:45:00+00:00,1.35317,1.35321,1.35307,1.35315,275
1788497400,2026-09-04 04:50:00+00:00,1.35315,1.35323,1.35309,1.35321,521
1788497700,2026-09-04 04:55:00+00:00,1.35321,1.3532600000000001,1.35312,1.35318,431
1788498000,2026-09-04 05:00:00+00:00,1.35318,1.3532199999999999,1.35305,1.35306,697
1788498300,2026-09-04 05:05:00+00:00,1.35306,1.35321,1.35298,1.35309,526
1788498600,2026-09-04 05:10:00+00:00,1.35309,1.3532600000000001,1.35306,1.35325,453
1788498900,2026-09-04 05:15:00+00:00,1.35325,1.35333,1.35315,1.35321,521
1788499200,2026-09-04 05:20:00+00:00,1.35321,1.35332,1.35314,1.35317,589
1788499500,2026-09-04 05:25:00+00:00,1.35318,1.35327,1.35313,1.3532199999999999,627
1788499800,2026-09-04 05:30:00+00:00,1.3532199999999999,1.35339,1.3532,1.35337,661
1788500100,2026-09-04 05:35:00+00:00,1.35337,1.3535,1.35333,1.35345,783
1788500400,2026-09-04 05:40:00+00:00,1.35345,1.35345,1.3532600000000001,1.35328,452
1788500700,2026-09-04 05:45:00+00:00,1.35328,1.35346,1.35318,1.3534,584
1788501000,2026-09-04 05:50:00+00:00,1.3534,1.35346,1.35325,1.35339,838
1788501300,2026-09-04 05:55:00+00:00,1.35339,1.35358,1.35336,1.35355,796
1788501600,2026-09-04 06:00:00+00:00,1.35355,1.35377,1.3535,1.3537,1270
1788501900,2026-09-04 06:05:00+00:00,1.3537,1.35408,1.35367,1.35406,1128
1788502200,2026-09-04 06:10:00+00:00,1.35406,1.35437,1.35393,1.35434,894
1788502500,2026-09-04 06:15:00+00:00,1.35434,1.35435,1.35403,1.3541699999999999,970
1788502800,2026-09-04 06:20:00+00:00,1.3541699999999999,1.35439,1.35416,1.35425,1222
1788503100,2026-09-04 06:25:00+00:00,1.35425,1.3544100000000001,1.3541400000000001,1.35436,911
1788503400,2026-09-04 06:30:00+00:00,1.35436,1.35445,1.35401,1.35433,1383
1788503700,2026-09-04 06:35:00+00:00,1.35433,1.3544,1.35413,1.3541699999999999,990
1788504000,2026-09-04 06:40:00+00:00,1.3541699999999999,1.35449,1.35415,1.3543,917
1788504300,2026-09-04 06:45:00+00:00,1.3543,1.3544800000000001,1.35419,1.3542,992
1788504600,2026-09-04 06:50:00+00:00,1.3542,1.35432,1.3541699999999999,1.3543,1031
1788504900,2026-09-04 06:55:00+00:00,1.3543,1.35438,1.35409,1.35418,1315
1788505200,2026-09-04 07:00:00+00:00,1.35418,1.35459,1.35411,1.3545,1510
1788505500,2026-09-04 07:05:00+00:00,1.3545,1.35468,1.3544100000000001,1.35446,1255
1788505800,2026-09-04 07:10:00+00:00,1.35446,1.35455,1.3541400000000001,1.35415,920
1788506100,2026-09-04 07:15:00+00:00,1.35415,1.35436,1.35413,1.35435,933
1788506400,2026-09-04 07:20:00+00:00,1.35435,1.35439,1.35416,1.35429,723
1788506700,2026-09-04 07:25:00+00:00,1.35429,1.35466,1.35426,1.35464,808
1788507000,2026-09-04 07:30:00+00:00,1.35464,1.35493,1.35464,1.35465,998
1788507300,2026-09-04 07:35:00+00:00,1.35465,1.35466,1.35413,1.35415,1024
1788507600,2026-09-04 07:40:00+00:00,1.35415,1.35474,1.35413,1.35467,1235
1788507900,2026-09-04 07:45:00+00:00,1.35467,1.35477,1.35443,1.35445,983
1788508200,2026-09-04 07:50:00+00:00,1.35445,1.3544800000000001,1.3538000000000001,1.35381,1195
1788508500,2026-09-04 07:55:00+00:00,1.35381,1.35381,1.3532899999999999,1.35342,1588
1788508800,2026-09-04 08:00:00+00:00,1.35341,1.35368,1.35332,1.35367,1637
1788509100,2026-09-04 08:05:00+00:00,1.35367,1.3538299999999999,1.35332,1.35354,1311
1788509400,2026-09-04 08:10:00+00:00,1.35354,1.35365,1.35341,1.35347,878
1788509700,2026-09-04 08:15:00+00:00,1.35347,1.35376,1.3532899999999999,1.35372,789
1788510000,2026-09-04 08:20:00+00:00,1.35372,1.3538299999999999,1.35362,1.35369,774
1788510300,2026-09-04 08:25:00+00:00,1.35369,1.35431,1.35368,1.35428,626
1788510600,2026-09-04 08:30:00+00:00,1.35428,1.35429,1.35296,1.35305,1058
1788510900,2026-09-04 08:35:00+00:00,1.35305,1.35327,1.353,1.35325,1261
1788511200,2026-09-04 08:40:00+00:00,1.35325,1.35335,1.35312,1.35328,1135
1788511500,2026-09-04 08:45:00+00:00,1.35328,1.35349,1.35318,1.35337,1057
1788511800,2026-09-04 08:50:00+00:00,1.35337,1.35349,1.35308,1.35327,897
1788512100,2026-09-04 08:55:00+00:00,1.35327,1.35351,1.35316,1.35328,540
1788512400,2026-09-04 09:00:00+00:00,1.35328,1.35328,1.35294,1.35309,1009
1788512700,2026-09-04 09:05:00+00:00,1.35309,1.35311,1.35288,1.35302,1043
1788513000,2026-09-04 09:10:00+00:00,1.35302,1.35303,1.35274,1.3528,709
1788513300,2026-09-04 09:15:00+00:00,1.3528,1.35302,1.35278,1.35296,951
1788513600,2026-09-04 09:20:00+00:00,1.35296,1.353,1.3526500000000001,1.3526500000000001,804
1788513900,2026-09-04 09:25:00+00:00,1.35266,1.35271,1.35249,1.35267,970
1788514200,2026-09-04 09:30:00+00:00,1.35267,1.3527,1.35224,1.35243,1005
1788514500,2026-09-04 09:35:00+00:00,1.35243,1.35271,1.35235,1.35266,981
1788514800,2026-09-04 09:40:00+00:00,1.35266,1.35279,1.35225,1.35227,948
1788515100,2026-09-04 09:45:00+00:00,1.35227,1.35269,1.35227,1.3526799999999999,1001
1788515400,2026-09-04 09:50:00+00:00,1.35269,1.35269,1.35224,1.35245,1388
1788515700,2026-09-04 09:55:00+00:00,1.35245,1.35266,1.35218,1.35229,1541
1788516000,2026-09-04 10:00:00+00:00,1.3523,1.35251,1.3522,1.35235,1278
1788516300,2026-09-04 10:05:00+00:00,1.35235,1.35255,1.35221,1.35254,903
1788516600,2026-09-04 10:10:00+00:00,1.35254,1.35255,1.35233,1.35246,688
1788516900,2026-09-04 10:15:00+00:00,1.35246,1.35277,1.35245,1.35269,873
1788517200,2026-09-04 10:20:00+00:00,1.35269,1.35271,1.35249,1.35259,990
1788517500,2026-09-04 10:25:00+00:00,1.35262,1.35294,1.3523800000000001,1.3526,1325
1788517800,2026-09-04 10:30:00+00:00,1.3526,1.35298,1.35256,1.35279,1023
1788518100,2026-09-04 10:35:00+00:00,1.35279,1.35293,1.35264,1.35283,911
1788518400,2026-09-04 10:40:00+00:00,1.35283,1.35316,1.35278,1.35314,950
1788518700,2026-09-04 10:45:00+00:00,1.35314,1.35346,1.35312,1.35333,955
1788519000,2026-09-04 10:50:00+00:00,1.35333,1.3535300000000001,1.3532199999999999,1.35337,758
1788519300,2026-09-04 10:55:00+00:00,1.35336,1.35339,1.35312,1.35314,854
1788519600,2026-09-04 11:00:00+00:00,1.35314,1.35342,1.35314,1.35335,1005
1788519900,2026-09-04 11:05:00+00:00,1.35335,1.35341,1.35323,1.35334,864
1788520200,2026-09-04 11:10:00+00:00,1.35333,1.3536299999999999,1.35327,1.35358,1183
1788520500,2026-09-04 11:15:00+00:00,1.35357,1.35368,1.35344,1.35365,659
1788520800,2026-09-04 11:20:00+00:00,1.35365,1.3538700000000001,1.3536299999999999,1.35372,1134
1788521100,2026-09-04 11:25:00+00:00,1.35372,1.35372,1.3535,1.3536299999999999,811
1788521400,2026-09-04 11:30:00+00:00,1.35364,1.35365,1.35341,1.35349,1085
1788521700,2026-09-04 11:35:00+00:00,1.35349,1.35364,1.35342,1.35344,908
1788522000,2026-09-04 11:40:00+00:00,1.35344,1.3535300000000001,1.35321,1.35344,888
1788522300,2026-09-04 11:45:00+00:00,1.35344,1.35368,1.35338,1.35348,1014
1788522600,2026-09-04 11:50:00+00:00,1.35348,1.35372,1.35332,1.35343,1207
1788522900,2026-09-04 11:55:00+00:00,1.35343,1.35359,1.35323,1.35324,887
1788523200,2026-09-04 12:00:00+00:00,1.35324,1.35364,1.3532199999999999,1.35346,1436
1788523500,2026-09-04 12:05:00+00:00,1.35346,1.35355,1.35294,1.35306,1213
1788523800,2026-09-04 12:10:00+00:00,1.3531,1.35321,1.35269,1.35296,1153
1788524100,2026-09-04 12:15:00+00:00,1.35296,1.35327,1.3529200000000001,1.35297,1242
1788524400,2026-09-04 12:20:00+00:00,1.35296,1.35312,1.35285,1.35294,1580
1788524700,2026-09-04 12:25:00+00:00,1.35294,1.35328,1.35288,1.3532,1473
1788525000,2026-09-04 12:30:00+00:00,1.3532,1.3532199999999999,1.3482,1.34964,5646
1788525300,2026-09-04 12:35:00+00:00,1.34964,1.35031,1.34941,1.34978,4495
1788525600,2026-09-04 12:40:00+00:00,1.34978,1.34998,1.34934,1.34979,3426
1788525900,2026-09-04 12:45:00+00:00,1.34979,1.3502100000000001,1.34884,1.35006,4113
1788526200,2026-09-04 12:50:00+00:00,1.35006,1.35057,1.34978,1.34997,4309
1788526500,2026-09-04 12:55:00+00:00,1.34997,1.35045,1.34975,1.35039,3422
1788526800,2026-09-04 13:00:00+00:00,1.35038,1.35046,1.34978,1.34979,3658
1788527100,2026-09-04 13:05:00+00:00,1.34979,1.35001,1.34959,1.3496000000000001,2685
1788527400,2026-09-04 13:10:00+00:00,1.3496000000000001,1.35015,1.34949,1.34996,2455
1788527700,2026-09-04 13:15:00+00:00,1.34996,1.3507500000000001,1.34986,1.35068,2806
1788528000,2026-09-04 13:20:00+00:00,1.35068,1.3511199999999999,1.35066,1.35107,2895
1788528300,2026-09-04 13:25:00+00:00,1.35108,1.35156,1.35107,1.3514300000000001,2299
1788528600,2026-09-04 13:30:00+00:00,1.3514300000000001,1.35176,1.35114,1.3514,2425
1788528900,2026-09-04 13:35:00+00:00,1.3514,1.35149,1.35079,1.35086,2146
1788529200,2026-09-04 13:40:00+00:00,1.35086,1.3513600000000001,1.3508499999999999,1.35123,1995
1788529500,2026-09-04 13:45:00+00:00,1.35123,1.35244,1.35122,1.35224,2642
1788529800,2026-09-04 13:50:00+00:00,1.35224,1.35233,1.3510499999999999,1.35117,2515
1788530100,2026-09-04 13:55:00+00:00,1.35117,1.3512,1.35033,1.35057,1418
1788530400,2026-09-04 14:00:00+00:00,1.35057,1.351,1.35053,1.35084,1783
1788530700,2026-09-04 14:05:00+00:00,1.35084,1.35133,1.35077,1.3510900000000001,2428
1788531000,2026-09-04 14:10:00+00:00,1.3510900000000001,1.35113,1.35064,1.3510900000000001,2001
1788531300,2026-09-04 14:15:00+00:00,1.3510900000000001,1.35137,1.35079,1.35132,1842
1788531600,2026-09-04 14:20:00+00:00,1.35132,1.35147,1.35102,1.35106,1872
1788531900,2026-09-04 14:25:00+00:00,1.35106,1.3514599999999999,1.3510499999999999,1.35118,1688
1788532200,2026-09-04 14:30:00+00:00,1.35118,1.35181,1.35115,1.35165,2341
1788532500,2026-09-04 14:35:00+00:00,1.35165,1.35187,1.35137,1.3517700000000001,1781
1788532800,2026-09-04 14:40:00+00:00,1.3517700000000001,1.35226,1.35167,1.35208,1489
1788533100,2026-09-04 14:45:00+00:00,1.35208,1.35237,1.35179,1.3519700000000001,1749
1788533400,2026-09-04 14:50:00+00:00,1.3519700000000001,1.35199,1.35133,1.35158,1772
1788533700,2026-09-04 14:55:00+00:00,1.35158,1.35199,1.35127,1.35144,2182
1788534000,2026-09-04 15:00:00+00:00,1.35144,1.35164,1.35103,1.35154,2559
1788534300,2026-09-04 15:05:00+00:00,1.35154,1.3517700000000001,1.35141,1.35161,1818
1788534600,2026-09-04 15:10:00+00:00,1.3516,1.35194,1.35157,1.3519,1686
1788534900,2026-09-04 15:15:00+00:00,1.35189,1.35237,1.35179,1.35235,1857
1788535200,2026-09-04 15:20:00+00:00,1.35235,1.35239,1.35202,1.35215,1775
1788535500,2026-09-04 15:25:00+00:00,1.35215,1.35228,1.35203,1.35206,1281
1788535800,2026-09-04 15:30:00+00:00,1.35206,1.35233,1.3519700000000001,1.35202,1443
1788536100,2026-09-04 15:35:00+00:00,1.35203,1.35237,1.35202,1.35223,1224
1788536400,2026-09-04 15:40:00+00:00,1.35223,1.35251,1.3520699999999999,1.35218,1340
1788536700,2026-09-04 15:45:00+00:00,1.35218,1.3525,1.35208,1.35248,1263
1788537000,2026-09-04 15:50:00+00:00,1.35249,1.35252,1.35195,1.35196,1184
1788537300,2026-09-04 15:55:00+00:00,1.35196,1.35225,1.35195,1.35203,1283
1788537600,2026-09-04 16:00:00+00:00,1.3520400000000001,1.35232,1.3519999999999999,1.35229,1438
1788537900,2026-09-04 16:05:00+00:00,1.35229,1.35236,1.35203,1.35214,779
1788538200,2026-09-04 16:10:00+00:00,1.35214,1.35242,1.35193,1.35236,998
1788538500,2026-09-04 16:15:00+00:00,1.35236,1.35248,1.35209,1.35218,1107
1788538800,2026-09-04 16:20:00+00:00,1.35218,1.35241,1.35191,1.35193,1283
1788539100,2026-09-04 16:25:00+00:00,1.35193,1.35202,1.35178,1.35183,1132
1788539400,2026-09-04 16:30:00+00:00,1.35183,1.35219,1.35178,1.35216,1065
1788539700,2026-09-04 16:35:00+00:00,1.35216,1.35228,1.35195,1.3519700000000001,660
1788540000,2026-09-04 16:40:00+00:00,1.3519700000000001,1.3519999999999999,1.35179,1.35198,837
1788540300,2026-09-04 16:45:00+00:00,1.35198,1.35215,1.35193,1.35208,1022
1788540600,2026-09-04 16:50:00+00:00,1.35208,1.35218,1.35199,1.35199,735
1788540900,2026-09-04 16:55:00+00:00,1.35199,1.3521,1.35181,1.35199,914
1788541200,2026-09-04 17:00:00+00:00,1.35199,1.3519999999999999,1.35124,1.35125,1685
1788541500,2026-09-04 17:05:00+00:00,1.35125,1.35157,1.35121,1.35147,1431
1788541800,2026-09-04 17:10:00+00:00,1.35147,1.35158,1.3514300000000001,1.35154,911
1788542100,2026-09-04 17:15:00+00:00,1.35154,1.35176,1.35153,1.35159,1028
1788542400,2026-09-04 17:20:00+00:00,1.35159,1.35174,1.35145,1.3516,893
1788542700,2026-09-04 17:25:00+00:00,1.3516,1.35163,1.35137,1.35142,951
1788543000,2026-09-04 17:30:00+00:00,1.35142,1.3516,1.35142,1.35157,1262
1788543300,2026-09-04 17:35:00+00:00,1.35157,1.35163,1.35137,1.35151,857
1788543600,2026-09-04 17:40:00+00:00,1.35151,1.35151,1.35127,1.3513,734
1788543900,2026-09-04 17:45:00+00:00,1.3513,1.35135,1.35117,1.35119,633
1788544200,2026-09-04 17:50:00+00:00,1.35119,1.3513899999999999,1.3511600000000001,1.35135,694
1788544500,2026-09-04 17:55:00+00:00,1.35135,1.3514300000000001,1.35126,1.35135,720
1788544800,2026-09-04 18:00:00+00:00,1.35135,1.35144,1.35122,1.35137,1099
1788545100,2026-09-04 18:05:00+00:00,1.35137,1.3514599999999999,1.35118,1.35128,858
1788545400,2026-09-04 18:10:00+00:00,1.35128,1.35145,1.35127,1.3513600000000001,712
1788545700,2026-09-04 18:15:00+00:00,1.35135,1.3513600000000001,1.3512,1.35126,687
1788546000,2026-09-04 18:20:00+00:00,1.35126,1.35137,1.35115,1.35128,796
1788546300,2026-09-04 18:25:00+00:00,1.35128,1.3513899999999999,1.3512,1.35127,847
1788546600,2026-09-04 18:30:00+00:00,1.35127,1.35134,1.35124,1.35131,548
1788546900,2026-09-04 18:35:00+00:00,1.35131,1.35132,1.3511,1.35118,904
1788547200,2026-09-04 18:40:00+00:00,1.35119,1.35141,1.35117,1.35121,1184
1788547500,2026-09-04 18:45:00+00:00,1.35121,1.35124,1.35107,1.3512,892
1788547800,2026-09-04 18:50:00+00:00,1.3512,1.35122,1.35115,1.35119,620
1788548100,2026-09-04 18:55:00+00:00,1.35119,1.35142,1.35117,1.35137,824
1788548400,2026-09-04 19:00:00+00:00,1.35137,1.35155,1.35132,1.35152,935
1788548700,2026-09-04 19:05:00+00:00,1.35152,1.35164,1.35151,1.3516,717
1788549000,2026-09-04 19:10:00+00:00,1.3516,1.35162,1.35152,1.35156,630
1788549300,2026-09-04 19:15:00+00:00,1.35156,1.35172,1.35156,1.35168,570
1788549600,2026-09-04 19:20:00+00:00,1.35168,1.35185,1.3516,1.35176,646
1788549900,2026-09-04 19:25:00+00:00,1.35176,1.3519,1.3517299999999999,1.35186,453
1788550200,2026-09-04 19:30:00+00:00,1.35186,1.35205,1.3518,1.35198,1078
1788550500,2026-09-04 19:35:00+00:00,1.35198,1.35201,1.35189,1.35199,1301
1788550800,2026-09-04 19:40:00+00:00,1.35199,1.35218,1.35195,1.35217,664
1788551100,2026-09-04 19:45:00+00:00,1.35217,1.35217,1.3519700000000001,1.35198,800
1788551400,2026-09-04 19:50:00+00:00,1.35198,1.35209,1.3519700000000001,1.35199,557
1788551700,2026-09-04 19:55:00+00:00,1.35199,1.35203,1.35183,1.35189,586
1788552000,2026-09-04 20:00:00+00:00,1.35189,1.3519700000000001,1.35176,1.35187,340
1788552300,2026-09-04 20:05:00+00:00,1.35187,1.35189,1.35153,1.35154,274
1788552600,2026-09-04 20:10:00+00:00,1.35155,1.35159,1.3514599999999999,1.35158,151
1788552900,2026-09-04 20:15:00+00:00,1.35158,1.35161,1.35156,1.35159,102
1788553200,2026-09-04 20:20:00+00:00,1.35159,1.35167,1.35157,1.35162,211
1788553500,2026-09-04 20:25:00+00:00,1.35162,1.35183,1.35159,1.3517299999999999,327
1788553800,2026-09-04 20:30:00+00:00,1.35172,1.35174,1.35152,1.35153,163
1788554100,2026-09-04 20:35:00+00:00,1.35153,1.35156,1.35148,1.35154,151
1788554400,2026-09-04 20:40:00+00:00,1.35154,1.35158,1.35151,1.35154,203
1788554700,2026-09-04 20:45:00+00:00,1.35154,1.35157,1.3514300000000001,1.35148,879
1788555000,2026-09-04 20:50:00+00:00,1.35148,1.35156,1.3513899999999999,1.35151,359
1788555300,2026-09-04 20:55:00+00:00,1.35151,1.35179,1.35145,1.35154,672
1788728400,2026-09-06 21:00:00+00:00,1.35084,1.35202,1.35084,1.35192,47
1788728700,2026-09-06 21:05:00+00:00,1.35192,1.35192,1.3518,1.35181,48
1788729000,2026-09-06 21:10:00+00:00,1.35181,1.35181,1.35158,1.35174,60
1788729300,2026-09-06 21:15:00+00:00,1.35174,1.35194,1.3514,1.35171,116
1788729600,2026-09-06 21:20:00+00:00,1.35171,1.35184,1.3516,1.35171,79
1788729900,2026-09-06 21:25:00+00:00,1.35171,1.35185,1.35161,1.35175,65
1788730200,2026-09-06 21:30:00+00:00,1.35175,1.35194,1.35153,1.35191,272
1788730500,2026-09-06 21:35:00+00:00,1.35191,1.35201,1.3518,1.35199,257
1788730800,2026-09-06 21:40:00+00:00,1.35199,1.35201,1.35182,1.35192,681
1788731100,2026-09-06 21:45:00+00:00,1.35192,1.35193,1.35162,1.35179,180
1788731400,2026-09-06 21:50:00+00:00,1.35179,1.35183,1.35162,1.35181,222
1788731700,2026-09-06 21:55:00+00:00,1.35181,1.35199,1.35164,1.35181,612
1788732000,2026-09-06 22:00:00+00:00,1.35181,1.35186,1.3514300000000001,1.35156,276
1788732300,2026-09-06 22:05:00+00:00,1.35156,1.35163,1.3514599999999999,1.35159,68
1788732600,2026-09-06 22:10:00+00:00,1.35159,1.35161,1.35148,1.35157,118
1788732900,2026-09-06 22:15:00+00:00,1.35157,1.35165,1.35156,1.35158,384
1788733200,2026-09-06 22:20:00+00:00,1.35158,1.3516,1.35154,1.35157,180
1788733500,2026-09-06 22:25:00+00:00,1.35157,1.35159,1.35154,1.35156,141
1788733800,2026-09-06 22:30:00+00:00,1.35156,1.35156,1.3515,1.35153,104
1788734100,2026-09-06 22:35:00+00:00,1.35153,1.35154,1.35145,1.35147,59
1788734400,2026-09-06 22:40:00+00:00,1.35147,1.35152,1.35145,1.35151,99
1788734700,2026-09-06 22:45:00+00:00,1.35151,1.35168,1.35149,1.35167,92
1788735000,2026-09-06 22:50:00+00:00,1.35167,1.35168,1.35157,1.35158,136
1788735300,2026-09-06 22:55:00+00:00,1.35158,1.35163,1.35157,1.35162,231
1788735600,2026-09-06 23:00:00+00:00,1.35162,1.35174,1.35157,1.3517000000000001,177
1788735900,2026-09-06 23:05:00+00:00,1.3517000000000001,1.35179,1.3517000000000001,1.35175,73
1788736200,2026-09-06 23:10:00+00:00,1.35175,1.3519,1.35168,1.35185,266
1788736500,2026-09-06 23:15:00+00:00,1.35185,1.35187,1.35184,1.35185,38
1788736800,2026-09-06 23:20:00+00:00,1.35185,1.35187,1.35176,1.3517700000000001,40
1788737100,2026-09-06 23:25:00+00:00,1.3517700000000001,1.35186,1.35176,1.35184,155
1788737400,2026-09-06 23:30:00+00:00,1.35184,1.35198,1.35176,1.3519700000000001,229
1788737700,2026-09-06 23:35:00+00:00,1.35198,1.35199,1.35187,1.3519700000000001,157
1788738000,2026-09-06 23:40:00+00:00,1.3519700000000001,1.35198,1.35189,1.3519700000000001,236
1788738300,2026-09-06 23:45:00+00:00,1.3519700000000001,1.35199,1.35174,1.35175,714
1788738600,2026-09-06 23:50:00+00:00,1.35175,1.35187,1.35165,1.35186,545
1788738900,2026-09-06 23:55:00+00:00,1.35186,1.35187,1.35165,1.35168,536
1788739200,2026-09-07 00:00:00+00:00,1.35168,1.35178,1.35159,1.35171,1653
1788739500,2026-09-07 00:05:00+00:00,1.35171,1.35185,1.35155,1.35163,1024
1788739800,2026-09-07 00:10:00+00:00,1.35163,1.35193,1.35161,1.35184,1068
1788740100,2026-09-07 00:15:00+00:00,1.35184,1.35208,1.35182,1.3519,1008
1788740400,2026-09-07 00:20:00+00:00,1.3519,1.35195,1.3516599999999999,1.35183,1092
1788740700,2026-09-07 00:25:00+00:00,1.35183,1.35214,1.35182,1.35205,901
1788741000,2026-09-07 00:30:00+00:00,1.35205,1.35214,1.35194,1.35195,1037
1788741300,2026-09-07 00:35:00+00:00,1.35195,1.35213,1.35189,1.35208,1131
1788741600,2026-09-07 00:40:00+00:00,1.35208,1.35221,1.3520400000000001,1.35214,775
1788741900,2026-09-07 00:45:00+00:00,1.35214,1.35219,1.35205,1.35213,845
1788742200,2026-09-07 00:50:00+00:00,1.35214,1.35219,1.35196,1.35206,1034
1788742500,2026-09-07 00:55:00+00:00,1.35206,1.3520699999999999,1.35185,1.35201,613
1788742800,2026-09-07 01:00:00+00:00,1.35201,1.35206,1.3517000000000001,1.35172,1216
1788743100,2026-09-07 01:05:00+00:00,1.35172,1.35193,1.3516,1.35163,1214
1788743400,2026-09-07 01:10:00+00:00,1.35163,1.35178,1.35156,1.35169,1046
1788743700,2026-09-07 01:15:00+00:00,1.35168,1.3517700000000001,1.35126,1.35135,905
1788744000,2026-09-07 01:20:00+00:00,1.35134,1.35162,1.35131,1.3514599999999999,672
1788744300,2026-09-07 01:25:00+00:00,1.3514599999999999,1.35175,1.35144,1.35165,761
1788744600,2026-09-07 01:30:00+00:00,1.35165,1.35169,1.35145,1.3514599999999999,843
1788744900,2026-09-07 01:35:00+00:00,1.3514599999999999,1.35158,1.3514300000000001,1.35155,720
1788745200,2026-09-07 01:40:00+00:00,1.35155,1.35156,1.35125,1.3513899999999999,889
1788745500,2026-09-07 01:45:00+00:00,1.3513899999999999,1.35147,1.35127,1.3514,1048
1788745800,2026-09-07 01:50:00+00:00,1.35141,1.35156,1.3513899999999999,1.35145,1005
1788746100,2026-09-07 01:55:00+00:00,1.35145,1.35145,1.35119,1.35125,840
1788746400,2026-09-07 02:00:00+00:00,1.35125,1.35127,1.35103,1.3511,806
1788746700,2026-09-07 02:05:00+00:00,1.3511,1.35113,1.3508499999999999,1.35087,653
1788747000,2026-09-07 02:10:00+00:00,1.35087,1.35092,1.35073,1.3507500000000001,673
1788747300,2026-09-07 02:15:00+00:00,1.3507500000000001,1.35086,1.35068,1.35084,555
1788747600,2026-09-07 02:20:00+00:00,1.35084,1.35086,1.35065,1.35086,445
1788747900,2026-09-07 02:25:00+00:00,1.35086,1.35092,1.3507500000000001,1.35087,358
1788748200,2026-09-07 02:30:00+00:00,1.35087,1.35097,1.35084,1.35094,384
1788748500,2026-09-07 02:35:00+00:00,1.35094,1.35099,1.35087,1.35089,295
1788748800,2026-09-07 02:40:00+00:00,1.35089,1.35091,1.35063,1.35065,360
1788749100,2026-09-07 02:45:00+00:00,1.35065,1.3507799999999999,1.35061,1.35073,318
1788749400,2026-09-07 02:50:00+00:00,1.35073,1.35076,1.35065,1.35068,505
1788749700,2026-09-07 02:55:00+00:00,1.35068,1.3507500000000001,1.35054,1.35073,551
1788750000,2026-09-07 03:00:00+00:00,1.35073,1.35094,1.35068,1.35093,463
1788750300,2026-09-07 03:05:00+00:00,1.35092,1.35094,1.3507799999999999,1.3508,555
1788750600,2026-09-07 03:10:00+00:00,1.3508,1.35088,1.35074,1.35088,332
1788750900,2026-09-07 03:15:00+00:00,1.35088,1.3511,1.3508499999999999,1.35107,431
1788751200,2026-09-07 03:20:00+00:00,1.35107,1.35125,1.3510499999999999,1.3512,349
1788751500,2026-09-07 03:25:00+00:00,1.3512,1.35126,1.35118,1.35124,368
1788751800,2026-09-07 03:30:00+00:00,1.35123,1.35124,1.35092,1.35096,504
1788752100,2026-09-07 03:35:00+00:00,1.35096,1.35099,1.3508499999999999,1.35087,412
1788752400,2026-09-07 03:40:00+00:00,1.35087,1.35098,1.35077,1.35084,348
1788752700,2026-09-07 03:45:00+00:00,1.35084,1.35089,1.35084,1.35086,426
1788753000,2026-09-07 03:50:00+00:00,1.35086,1.35088,1.3507799999999999,1.3508499999999999,524
1788753300,2026-09-07 03:55:00+00:00,1.3508499999999999,1.35113,1.3508499999999999,1.3511199999999999,249
1788753600,2026-09-07 04:00:00+00:00,1.3511199999999999,1.35117,1.35096,1.35099,524
1788753900,2026-09-07 04:05:00+00:00,1.351,1.35114,1.35097,1.35108,334
1788754200,2026-09-07 04:10:00+00:00,1.35108,1.35113,1.3510499999999999,1.35108,299
1788754500,2026-09-07 04:15:00+00:00,1.35108,1.35111,1.35098,1.35102,218
1788754800,2026-09-07 04:20:00+00:00,1.35102,1.35106,1.3509,1.35099,348
1788755100,2026-09-07 04:25:00+00:00,1.35099,1.35104,1.35096,1.351,180
1788755400,2026-09-07 04:30:00+00:00,1.351,1.35103,1.35095,1.351,311
1788755700,2026-09-07 04:35:00+00:00,1.351,1.35103,1.35084,1.35088,281
1788756000,2026-09-07 04:40:00+00:00,1.35088,1.35099,1.3508200000000001,1.35096,409
1788756300,2026-09-07 04:45:00+00:00,1.35096,1.35114,1.35094,1.35108,260
1788756600,2026-09-07 04:50:00+00:00,1.35108,1.35118,1.35107,1.35114,533
1788756900,2026-09-07 04:55:00+00:00,1.35114,1.35126,1.35113,1.3512,384
1788757200,2026-09-07 05:00:00+00:00,1.3512,1.35128,1.35113,1.35126,627
1788757500,2026-09-07 05:05:00+00:00,1.35125,1.35126,1.35108,1.35111,396
1788757800,2026-09-07 05:10:00+00:00,1.35111,1.35125,1.3510900000000001,1.3510900000000001,706
1788758100,2026-09-07 05:15:00+00:00,1.3511,1.35113,1.35103,1.35108,395
1788758400,2026-09-07 05:20:00+00:00,1.35108,1.3511199999999999,1.35101,1.3510900000000001,327
1788758700,2026-09-07 05:25:00+00:00,1.3510900000000001,1.35129,1.35098,1.35124,578
1788759000,2026-09-07 05:30:00+00:00,1.35125,1.3513,1.35115,1.35127,723
1788759300,2026-09-07 05:35:00+00:00,1.35127,1.35142,1.35127,1.3514,733
1788759600,2026-09-07 05:40:00+00:00,1.3514,1.35142,1.3513,1.35138,479
1788759900,2026-09-07 05:45:00+00:00,1.35138,1.35149,1.35137,1.35144,692
1788760200,2026-09-07 05:50:00+00:00,1.35144,1.35161,1.3513600000000001,1.35149,778
1788760500,2026-09-07 05:55:00+00:00,1.35149,1.35195,1.35144,1.35188,736
1788760800,2026-09-07 06:00:00+00:00,1.35188,1.35188,1.3513600000000001,1.35159,577
1788761100,2026-09-07 06:05:00+00:00,1.35159,1.3518,1.35153,1.3517000000000001,870
1788761400,2026-09-07 06:10:00+00:00,1.35172,1.35179,1.35159,1.3517299999999999,813
1788761700,2026-09-07 06:15:00+00:00,1.3517299999999999,1.35209,1.35163,1.35208,595
1788762000,2026-09-07 06:20:00+00:00,1.35208,1.3525800000000001,1.35198,1.35257,786
1788762300,2026-09-07 06:25:00+00:00,1.35257,1.35267,1.3524,1.3526,757
1788762600,2026-09-07 06:30:00+00:00,1.3526,1.35314,1.35255,1.35308,756
1788762900,2026-09-07 06:35:00+00:00,1.35308,1.35309,1.3526500000000001,1.3529900000000001,1330
1788763200,2026-09-07 06:40:00+00:00,1.3529900000000001,1.35307,1.35283,1.35286,1099
1788763500,2026-09-07 06:45:00+00:00,1.35286,1.3529499999999999,1.35272,1.35275,955
1788763800,2026-09-07 06:50:00+00:00,1.35275,1.35283,1.35272,1.35273,891
1788764100,2026-09-07 06:55:00+00:00,1.35273,1.35277,1.35257,1.35263,1079
1788764400,2026-09-07 07:00:00+00:00,1.35263,1.35287,1.35242,1.35282,1557
1788764700,2026-09-07 07:05:00+00:00,1.35282,1.35285,1.35244,1.35245,1239
1788765000,2026-09-07 07:10:00+00:00,1.35245,1.3525,1.35221,1.3523800000000001,695
1788765300,2026-09-07 07:15:00+00:00,1.3523800000000001,1.3525,1.3523100000000001,1.3523100000000001,720
1788765600,2026-09-07 07:20:00+00:00,1.3523100000000001,1.35246,1.3523100000000001,1.35243,865
1788765900,2026-09-07 07:25:00+00:00,1.35243,1.35266,1.35237,1.35249,994
1788766200,2026-09-07 07:30:00+00:00,1.35249,1.35276,1.35249,1.3527,906
1788766500,2026-09-07 07:35:00+00:00,1.35269,1.35269,1.35235,1.35243,737
1788766800,2026-09-07 07:40:00+00:00,1.35243,1.3526,1.35225,1.3526,843
1788767100,2026-09-07 07:45:00+00:00,1.3526,1.35281,1.35256,1.35278,649
1788767400,2026-09-07 07:50:00+00:00,1.35278,1.35304,1.3526799999999999,1.3529200000000001,1000
1788767700,2026-09-07 07:55:00+00:00,1.3529200000000001,1.35338,1.3529200000000001,1.35327,1765
1788768000,2026-09-07 08:00:00+00:00,1.35327,1.35339,1.35304,1.3531900000000001,1074
1788768300,2026-09-07 08:05:00+00:00,1.3531900000000001,1.35378,1.35306,1.3535300000000001,1548
1788768600,2026-09-07 08:10:00+00:00,1.3535300000000001,1.35402,1.35348,1.3538299999999999,1730
1788768900,2026-09-07 08:15:00+00:00,1.3538299999999999,1.35426,1.35357,1.35418,1196
1788769200,2026-09-07 08:20:00+00:00,1.35418,1.3545099999999999,1.35395,1.35397,872
1788769500,2026-09-07 08:25:00+00:00,1.35397,1.3544100000000001,1.35397,1.3541400000000001,1111
1788769800,2026-09-07 08:30:00+00:00,1.35415,1.35439,1.35407,1.35434,1041
1788770100,2026-09-07 08:35:00+00:00,1.35434,1.35439,1.35378,1.3538000000000001,876
1788770400,2026-09-07 08:40:00+00:00,1.35379,1.35384,1.35349,1.35349,1061
1788770700,2026-09-07 08:45:00+00:00,1.35349,1.35367,1.35331,1.35336,827
1788771000,2026-09-07 08:50:00+00:00,1.35336,1.35346,1.35317,1.35346,1036
1788771300,2026-09-07 08:55:00+00:00,1.35346,1.35358,1.35318,1.35355,498
1788771600,2026-09-07 09:00:00+00:00,1.35355,1.35368,1.35337,1.35346,571
1788771900,2026-09-07 09:05:00+00:00,1.35347,1.35366,1.35327,1.35362,609
1788772200,2026-09-07 09:10:00+00:00,1.35362,1.35365,1.35341,1.35359,769
1788772500,2026-09-07 09:15:00+00:00,1.35359,1.3538000000000001,1.35358,1.3537,636
1788772800,2026-09-07 09:20:00+00:00,1.3537,1.35388,1.35358,1.35385,604
1788773100,2026-09-07 09:25:00+00:00,1.35385,1.35408,1.35375,1.35397,764
1788773400,2026-09-07 09:30:00+00:00,1.35397,1.35438,1.3538700000000001,1.3541699999999999,802
1788773700,2026-09-07 09:35:00+00:00,1.3541699999999999,1.35427,1.35406,1.3541699999999999,403
1788774000,2026-09-07 09:40:00+00:00,1.3541699999999999,1.3541699999999999,1.35366,1.35369,714
1788774300,2026-09-07 09:45:00+00:00,1.35369,1.35389,1.35368,1.35377,910
1788774600,2026-09-07 09:50:00+00:00,1.35377,1.35378,1.35336,1.35355,737
1788774900,2026-09-07 09:55:00+00:00,1.35355,1.35368,1.35354,1.35359,737
1788775200,2026-09-07 10:00:00+00:00,1.35359,1.3537,1.35355,1.3536000000000001,788
1788775500,2026-09-07 10:05:00+00:00,1.3536000000000001,1.35362,1.35336,1.35344,676
1788775800,2026-09-07 10:10:00+00:00,1.35344,1.35355,1.35338,1.35341,637
1788776100,2026-09-07 10:15:00+00:00,1.35341,1.3538000000000001,1.35335,1.35378,437
1788776400,2026-09-07 10:20:00+00:00,1.35378,1.35388,1.35357,1.35382,478
1788776700,2026-09-07 10:25:00+00:00,1.35382,1.35382,1.35354,1.3535599999999999,470
1788777000,2026-09-07 10:30:00+00:00,1.3535599999999999,1.3537,1.35348,1.3535,472
1788777300,2026-09-07 10:35:00+00:00,1.3535,1.35366,1.35345,1.35365,376
1788777600,2026-09-07 10:40:00+00:00,1.35365,1.35397,1.35362,1.3538999999999999,428
1788777900,2026-09-07 10:45:00+00:00,1.3538999999999999,1.35406,1.35388,1.35391,284
1788778200,2026-09-07 10:50:00+00:00,1.35391,1.3541,1.3538700000000001,1.35395,443
1788778500,2026-09-07 10:55:00+00:00,1.35395,1.35398,1.3536000000000001,1.3538700000000001,1149
1788778800,2026-09-07 11:00:00+00:00,1.3538700000000001,1.35394,1.35366,1.35377,970
1788779100,2026-09-07 11:05:00+00:00,1.35377,1.35399,1.35376,1.35379,550
1788779400,2026-09-07 11:10:00+00:00,1.35379,1.35381,1.35348,1.35361,519
1788779700,2026-09-07 11:15:00+00:00,1.35361,1.35372,1.35349,1.35355,583
1788780000,2026-09-07 11:20:00+00:00,1.35355,1.35371,1.35355,1.35367,484
1788780300,2026-09-07 11:25:00+00:00,1.35368,1.35371,1.35355,1.3536000000000001,607
1788780600,2026-09-07 11:30:00+00:00,1.3536000000000001,1.35362,1.35341,1.35349,770
1788780900,2026-09-07 11:35:00+00:00,1.35349,1.35374,1.35342,1.35368,458
1788781200,2026-09-07 11:40:00+00:00,1.35368,1.3537,1.3535599999999999,1.3536000000000001,432
1788781500,2026-09-07 11:45:00+00:00,1.3536000000000001,1.35375,1.35352,1.35369,390
1788781800,2026-09-07 11:50:00+00:00,1.35368,1.35374,1.35341,1.35341,547
1788782100,2026-09-07 11:55:00+00:00,1.35342,1.35348,1.35317,1.3532199999999999,920
1788782400,2026-09-07 12:00:00+00:00,1.3532199999999999,1.3533,1.3529499999999999,1.35297,810
1788782700,2026-09-07 12:05:00+00:00,1.35297,1.35334,1.35297,1.35308,723
1788783000,2026-09-07 12:10:00+00:00,1.35308,1.3531,1.35293,1.35301,693
1788783300,2026-09-07 12:15:00+00:00,1.35301,1.3532600000000001,1.35291,1.35323,665
1788783600,2026-09-07 12:20:00+00:00,1.35323,1.35346,1.3531,1.35337,854
1788783900,2026-09-07 12:25:00+00:00,1.35337,1.35357,1.3532899999999999,1.3535599999999999,612
1788784200,2026-09-07 12:30:00+00:00,1.3535599999999999,1.35373,1.3535,1.35365,753
1788784500,2026-09-07 12:35:00+00:00,1.35365,1.35386,1.35352,1.35372,755
1788784800,2026-09-07 12:40:00+00:00,1.35372,1.35389,1.35364,1.35388,729
1788785100,2026-09-07 12:45:00+00:00,1.35388,1.3538999999999999,1.35365,1.35381,908
1788785400,2026-09-07 12:50:00+00:00,1.35381,1.35392,1.35343,1.35351,775
1788785700,2026-09-07 12:55:00+00:00,1.35351,1.35378,1.3535,1.35375,1011
1788786000,2026-09-07 13:00:00+00:00,1.35375,1.35398,1.35372,1.35378,592
1788786300,2026-09-07 13:05:00+00:00,1.35378,1.35378,1.35358,1.35376,433
1788786600,2026-09-07 13:10:00+00:00,1.35376,1.35395,1.35372,1.3538999999999999,469
1788786900,2026-09-07 13:15:00+00:00,1.3538999999999999,1.35391,1.35357,1.35367,400
1788787200,2026-09-07 13:20:00+00:00,1.35367,1.35391,1.35364,1.3538000000000001,598
1788787500,2026-09-07 13:25:00+00:00,1.3538000000000001,1.3538000000000001,1.35364,1.35367,485
1788787800,2026-09-07 13:30:00+00:00,1.35367,1.35386,1.35357,1.35375,692
1788788100,2026-09-07 13:35:00+00:00,1.35375,1.35381,1.3536000000000001,1.35366,602
1788788400,2026-09-07 13:40:00+00:00,1.35366,1.35381,1.35364,1.35375,527
1788788700,2026-09-07 13:45:00+00:00,1.35376,1.35402,1.35373,1.35378,677
1788789000,2026-09-07 13:50:00+00:00,1.35378,1.35397,1.35374,1.35384,520
1788789300,2026-09-07 13:55:00+00:00,1.35384,1.35389,1.35375,1.35388,939
1788789600,2026-09-07 14:00:00+00:00,1.35388,1.354,1.35367,1.35369,1060
1788789900,2026-09-07 14:05:00+00:00,1.35369,1.35382,1.35364,1.3538000000000001,835
1788790200,2026-09-07 14:10:00+00:00,1.3538000000000001,1.35418,1.35379,1.35401,948
1788790500,2026-09-07 14:15:00+00:00,1.35401,1.35428,1.35394,1.35418,947
1788790800,2026-09-07 14:20:00+00:00,1.35418,1.35419,1.35386,1.3541,934
1788791100,2026-09-07 14:25:00+00:00,1.3541,1.35418,1.35394,1.35395,830
1788791400,2026-09-07 14:30:00+00:00,1.35395,1.35397,1.35382,1.3538299999999999,631
1788791700,2026-09-07 14:35:00+00:00,1.3538299999999999,1.3541699999999999,1.35382,1.35409,817
1788792000,2026-09-07 14:40:00+00:00,1.35409,1.35415,1.35393,1.35395,1304
1788792300,2026-09-07 14:45:00+00:00,1.35395,1.35404,1.35382,1.35395,874
1788792600,2026-09-07 14:50:00+00:00,1.35395,1.35426,1.35394,1.35408,912
1788792900,2026-09-07 14:55:00+00:00,1.35408,1.35461,1.35403,1.35456,1385
1788793200,2026-09-07 15:00:00+00:00,1.35456,1.35473,1.3544100000000001,1.35457,2009
1788793500,2026-09-07 15:05:00+00:00,1.35457,1.35459,1.35415,1.35439,1155
1788793800,2026-09-07 15:10:00+00:00,1.35439,1.35442,1.35425,1.35431,785
1788794100,2026-09-07 15:15:00+00:00,1.35431,1.35435,1.3541400000000001,1.3542,619
1788794400,2026-09-07 15:20:00+00:00,1.3542,1.35438,1.35415,1.3543,224
1788794700,2026-09-07 15:25:00+00:00,1.3543,1.35447,1.35426,1.35432,298
1788795000,2026-09-07 15:30:00+00:00,1.35432,1.35439,1.35413,1.35416,306
1788795300,2026-09-07 15:35:00+00:00,1.35416,1.35428,1.35415,1.3542399999999999,174
1788795600,2026-09-07 15:40:00+00:00,1.3542399999999999,1.35428,1.35407,1.35423,200
1788795900,2026-09-07 15:45:00+00:00,1.35423,1.35423,1.35409,1.35418,177
1788796200,2026-09-07 15:50:00+00:00,1.35418,1.35418,1.35396,1.35396,264
1788796500,2026-09-07 15:55:00+00:00,1.35396,1.35406,1.35394,1.35398,302
1788796800,2026-09-07 16:00:00+00:00,1.35398,1.35401,1.35385,1.35397,301
1788797100,2026-09-07 16:05:00+00:00,1.35397,1.3541699999999999,1.35397,1.35416,156
1788797400,2026-09-07 16:10:00+00:00,1.35416,1.35418,1.35406,1.35416,131
1788797700,2026-09-07 16:15:00+00:00,1.35416,1.35418,1.35405,1.35407,104
1788798000,2026-09-07 16:20:00+00:00,1.35407,1.3541,1.35405,1.35406,111
1788798300,2026-09-07 16:25:00+00:00,1.35406,1.3543,1.35403,1.35429,163
1788798600,2026-09-07 16:30:00+00:00,1.35429,1.35445,1.35428,1.3544399999999999,135
1788798900,2026-09-07 16:35:00+00:00,1.3544399999999999,1.35449,1.3544100000000001,1.35447,146
1788799200,2026-09-07 16:40:00+00:00,1.35447,1.35461,1.35447,1.35458,180
1788799500,2026-09-07 16:45:00+00:00,1.35459,1.3547,1.35459,1.35467,122
1788799800,2026-09-07 16:50:00+00:00,1.35467,1.35477,1.35465,1.35466,106
1788800100,2026-09-07 16:55:00+00:00,1.35466,1.35469,1.35461,1.35467,86
1788800400,2026-09-07 17:00:00+00:00,1.35467,1.35467,1.3544100000000001,1.35442,140
1788800700,2026-09-07 17:05:00+00:00,1.35442,1.35447,1.35439,1.3544,137
1788801000,2026-09-07 17:10:00+00:00,1.3544,1.35445,1.35436,1.3544399999999999,111
1788801300,2026-09-07 17:15:00+00:00,1.3544399999999999,1.35445,1.35426,1.35426,75
1788801600,2026-09-07 17:20:00+00:00,1.35426,1.35432,1.3542399999999999,1.35426,81
1788801900,2026-09-07 17:25:00+00:00,1.35425,1.35434,1.35425,1.35428,90
1788802200,2026-09-07 17:30:00+00:00,1.35428,1.3543,1.35427,1.35429,66
1788802500,2026-09-07 17:35:00+00:00,1.35429,1.35431,1.35426,1.3543,74
1788802800,2026-09-07 17:40:00+00:00,1.3543,1.35431,1.35425,1.3543,88
1788803100,2026-09-07 17:45:00+00:00,1.35431,1.35431,1.35418,1.35418,69
1788803400,2026-09-07 17:50:00+00:00,1.35418,1.3542100000000001,1.35418,1.3542,39
1788803700,2026-09-07 17:55:00+00:00,1.3542100000000001,1.35429,1.3541699999999999,1.35427,158
1788804000,2026-09-07 18:00:00+00:00,1.35427,1.3543,1.3542399999999999,1.35427,94
1788804300,2026-09-07 18:05:00+00:00,1.35427,1.35429,1.35416,1.3541699999999999,129
1788804600,2026-09-07 18:10:00+00:00,1.3541699999999999,1.3542,1.3541699999999999,1.35418,81
1788804900,2026-09-07 18:15:00+00:00,1.35418,1.3542,1.3541699999999999,1.35419,89
1788805200,2026-09-07 18:20:00+00:00,1.35419,1.35419,1.35415,1.35416,94
1788805500,2026-09-07 18:25:00+00:00,1.35415,1.35416,1.35405,1.35409,99
1788805800,2026-09-07 18:30:00+00:00,1.35409,1.35418,1.35406,1.35418,79
1788806100,2026-09-07 18:35:00+00:00,1.35418,1.3542,1.35413,1.35419,73
1788806400,2026-09-07 18:40:00+00:00,1.35419,1.35423,1.35419,1.3542100000000001,97
1788806700,2026-09-07 18:45:00+00:00,1.3542100000000001,1.3542100000000001,1.35409,1.35413,83
1788807000,2026-09-07 18:50:00+00:00,1.35413,1.35415,1.35407,1.35407,52
1788807300,2026-09-07 18:55:00+00:00,1.35407,1.35418,1.35406,1.35416,69
1788807600,2026-09-07 19:00:00+00:00,1.35416,1.3541699999999999,1.35413,1.35415,46
1788807900,2026-09-07 19:05:00+00:00,1.35415,1.35416,1.35406,1.35406,185
1788808200,2026-09-07 19:10:00+00:00,1.35406,1.3541400000000001,1.35406,1.35408,163
1788808500,2026-09-07 19:15:00+00:00,1.35408,1.35411,1.35403,1.35405,205
1788808800,2026-09-07 19:20:00+00:00,1.35405,1.35406,1.35395,1.35403,162
1788809100,2026-09-07 19:25:00+00:00,1.35403,1.35405,1.35402,1.35402,38
1788809400,2026-09-07 19:30:00+00:00,1.35402,1.35403,1.3538999999999999,1.35395,286
1788809700,2026-09-07 19:35:00+00:00,1.35395,1.35398,1.35389,1.35398,194
1788810000,2026-09-07 19:40:00+00:00,1.35398,1.35398,1.35394,1.35396,98
1788810300,2026-09-07 19:45:00+00:00,1.35396,1.354,1.35394,1.35399,69
1788810600,2026-09-07 19:50:00+00:00,1.35399,1.354,1.35396,1.35397,121
1788810900,2026-09-07 19:55:00+00:00,1.35397,1.35401,1.35397,1.354,64
1788811200,2026-09-07 20:00:00+00:00,1.354,1.354,1.35396,1.35399,121
1788811500,2026-09-07 20:05:00+00:00,1.35399,1.354,1.35398,1.35398,72
1788811800,2026-09-07 20:10:00+00:00,1.35398,1.354,1.35398,1.35399,38
1788812100,2026-09-07 20:15:00+00:00,1.35399,1.3541,1.35399,1.35409,18
1788812400,2026-09-07 20:20:00+00:00,1.35409,1.35409,1.35407,1.35408,61
1788812700,2026-09-07 20:25:00+00:00,1.35408,1.35409,1.35407,1.35408,39
1788813000,2026-09-07 20:30:00+00:00,1.35408,1.35408,1.35405,1.35407,56
1788813300,2026-09-07 20:35:00+00:00,1.35407,1.35408,1.35405,1.35407,37
1788813600,2026-09-07 20:40:00+00:00,1.35407,1.35413,1.35406,1.35409,58
1788813900,2026-09-07 20:45:00+00:00,1.35408,1.3541,1.35408,1.3541,62
1788814200,2026-09-07 20:50:00+00:00,1.3541,1.35413,1.35405,1.35407,762
1788814500,2026-09-07 20:55:00+00:00,1.35406,1.3541,1.35403,1.35403,77
1788814800,2026-09-07 21:00:00+00:00,1.35402,1.35443,1.35312,1.35404,37
1788815100,2026-09-07 21:05:00+00:00,1.35404,1.35435,1.35389,1.35419,197
1788815400,2026-09-07 21:10:00+00:00,1.35419,1.3543,1.35409,1.35418,216
1788815700,2026-09-07 21:15:00+00:00,1.35418,1.35439,1.35399,1.35438,338
1788816000,2026-09-07 21:20:00+00:00,1.35438,1.35443,1.3542,1.35426,171
1788816300,2026-09-07 21:25:00+00:00,1.35426,1.35437,1.3541699999999999,1.35427,204
1788816600,2026-09-07 21:30:00+00:00,1.35427,1.35449,1.35398,1.35446,254
1788816900,2026-09-07 21:35:00+00:00,1.35446,1.3545099999999999,1.35402,1.35407,76
1788817200,2026-09-07 21:40:00+00:00,1.35407,1.35423,1.35403,1.35409,52
1788817500,2026-09-07 21:45:00+00:00,1.35409,1.35425,1.35408,1.35416,47
1788817800,2026-09-07 21:50:00+00:00,1.35416,1.3541699999999999,1.3541400000000001,1.3541400000000001,14
1788818100,2026-09-07 21:55:00+00:00,1.3541400000000001,1.35434,1.35413,1.35419,104
1788818400,2026-09-07 22:00:00+00:00,1.35419,1.35442,1.35405,1.35422,133
1788818700,2026-09-07 22:05:00+00:00,1.35422,1.35423,1.35413,1.35415,41
1788819000,2026-09-07 22:10:00+00:00,1.35415,1.35426,1.35411,1.35423,111
1788819300,2026-09-07 22:15:00+00:00,1.35422,1.35434,1.35422,1.35434,117
1788819600,2026-09-07 22:20:00+00:00,1.35434,1.35434,1.35415,1.35427,201
1788819900,2026-09-07 22:25:00+00:00,1.35427,1.35435,1.3542100000000001,1.35435,160
1788820200,2026-09-07 22:30:00+00:00,1.35435,1.35435,1.3542100000000001,1.3542399999999999,143
1788820500,2026-09-07 22:35:00+00:00,1.3542399999999999,1.3542399999999999,1.35412,1.35416,425
1788820800,2026-09-07 22:40:00+00:00,1.35416,1.35416,1.35412,1.35415,166
1788821100,2026-09-07 22:45:00+00:00,1.35415,1.35422,1.35412,1.35418,83
1788821400,2026-09-07 22:50:00+00:00,1.35418,1.35428,1.3541699999999999,1.35423,147
1788821700,2026-09-07 22:55:00+00:00,1.35423,1.35433,1.35422,1.35428,136
1788822000,2026-09-07 23:00:00+00:00,1.35428,1.35439,1.35428,1.35437,193
1788822300,2026-09-07 23:05:00+00:00,1.35437,1.3544800000000001,1.35431,1.35446,155
1788822600,2026-09-07 23:10:00+00:00,1.35447,1.35459,1.3544100000000001,1.35457,209
1788822900,2026-09-07 23:15:00+00:00,1.35457,1.35474,1.35439,1.35474,435
1788823200,2026-09-07 23:20:00+00:00,1.35474,1.35477,1.35462,1.35464,451
1788823500,2026-09-07 23:25:00+00:00,1.35464,1.3547,1.35453,1.35468,172
1788823800,2026-09-07 23:30:00+00:00,1.35468,1.3547799999999999,1.35458,1.35466,224
1788824100,2026-09-07 23:35:00+00:00,1.35466,1.35479,1.35459,1.35468,176
1788824400,2026-09-07 23:40:00+00:00,1.35468,1.35487,1.35464,1.35487,255
1788824700,2026-09-07 23:45:00+00:00,1.35487,1.35488,1.3548,1.35486,153
1788825000,2026-09-07 23:50:00+00:00,1.35486,1.35486,1.3545,1.35453,294
1788825300,2026-09-07 23:55:00+00:00,1.35453,1.35472,1.35452,1.35467,411
1788825600,2026-09-08 00:00:00+00:00,1.35467,1.3549,1.35453,1.35456,1235
1788825900,2026-09-08 00:05:00+00:00,1.35456,1.35462,1.35445,1.3544800000000001,1074
1788826200,2026-09-08 00:10:00+00:00,1.3544800000000001,1.3544800000000001,1.35413,1.35413,1328
1788826500,2026-09-08 00:15:00+00:00,1.35413,1.35432,1.35405,1.35426,887
1788826800,2026-09-08 00:20:00+00:00,1.35426,1.35445,1.3541699999999999,1.3542399999999999,738
1788827100,2026-09-08 00:25:00+00:00,1.3542399999999999,1.3545099999999999,1.35423,1.35447,630
1788827400,2026-09-08 00:30:00+00:00,1.35447,1.3546,1.35437,1.35442,683
1788827700,2026-09-08 00:35:00+00:00,1.35442,1.3545099999999999,1.35433,1.35438,517
1788828000,2026-09-08 00:40:00+00:00,1.35438,1.35454,1.35427,1.35428,452
1788828300,2026-09-08 00:45:00+00:00,1.35429,1.35443,1.35422,1.35442,442
1788828600,2026-09-08 00:50:00+00:00,1.35442,1.35453,1.35433,1.35449,673
1788828900,2026-09-08 00:55:00+00:00,1.35449,1.35449,1.35427,1.35427,814
1788829200,2026-09-08 01:00:00+00:00,1.35426,1.3544,1.35407,1.35413,974
1788829500,2026-09-08 01:05:00+00:00,1.35413,1.3544800000000001,1.35413,1.35445,683
1788829800,2026-09-08 01:10:00+00:00,1.35445,1.35447,1.35427,1.35437,884
1788830100,2026-09-08 01:15:00+00:00,1.35437,1.35466,1.35436,1.35446,687
1788830400,2026-09-08 01:20:00+00:00,1.35446,1.35479,1.35437,1.35477,784
1788830700,2026-09-08 01:25:00+00:00,1.35477,1.35498,1.3547,1.35477,679
1788831000,2026-09-08 01:30:00+00:00,1.35477,1.35477,1.35452,1.35453,591
1788831300,2026-09-08 01:35:00+00:00,1.35453,1.35466,1.35442,1.35442,603
1788831600,2026-09-08 01:40:00+00:00,1.35442,1.35464,1.35433,1.35456,748
1788831900,2026-09-08 01:45:00+00:00,1.35456,1.35466,1.35452,1.35456,569
1788832200,2026-09-08 01:50:00+00:00,1.35456,1.35461,1.35438,1.35457,704
1788832500,2026-09-08 01:55:00+00:00,1.35457,1.35483,1.35452,1.35483,640
1788832800,2026-09-08 02:00:00+00:00,1.35483,1.3549,1.35456,1.35462,988
1788833100,2026-09-08 02:05:00+00:00,1.35462,1.35468,1.35443,1.35447,927
1788833400,2026-09-08 02:10:00+00:00,1.35447,1.35452,1.3542,1.35427,638
1788833700,2026-09-08 02:15:00+00:00,1.35427,1.35453,1.35426,1.35433,557
1788834000,2026-09-08 02:20:00+00:00,1.35433,1.35458,1.3542399999999999,1.35438,903
1788834300,2026-09-08 02:25:00+00:00,1.35438,1.35446,1.35388,1.35404,961
1788834600,2026-09-08 02:30:00+00:00,1.35404,1.35407,1.35377,1.35379,1221
1788834900,2026-09-08 02:35:00+00:00,1.35379,1.35381,1.35349,1.3536000000000001,776
1788835200,2026-09-08 02:40:00+00:00,1.3536000000000001,1.35375,1.3535599999999999,1.35374,805
1788835500,2026-09-08 02:45:00+00:00,1.35374,1.35377,1.35355,1.3535599999999999,933
1788835800,2026-09-08 02:50:00+00:00,1.3535599999999999,1.35369,1.3534,1.35347,444
1788836100,2026-09-08 02:55:00+00:00,1.35347,1.35352,1.35342,1.35344,482
1788836400,2026-09-08 03:00:00+00:00,1.35344,1.35351,1.35335,1.35349,462
1788836700,2026-09-08 03:05:00+00:00,1.35349,1.35367,1.35348,1.3535599999999999,392
1788837000,2026-09-08 03:10:00+00:00,1.3535599999999999,1.3536299999999999,1.35346,1.35361,634
1788837300,2026-09-08 03:15:00+00:00,1.35361,1.35381,1.35354,1.35377,340
1788837600,2026-09-08 03:20:00+00:00,1.35377,1.35386,1.35368,1.35375,462
1788837900,2026-09-08 03:25:00+00:00,1.35375,1.35386,1.35374,1.35378,326
1788838200,2026-09-08 03:30:00+00:00,1.35378,1.35388,1.35359,1.35369,421
1788838500,2026-09-08 03:35:00+00:00,1.35369,1.35379,1.35364,1.35376,538
1788838800,2026-09-08 03:40:00+00:00,1.35376,1.35394,1.35374,1.35392,511
1788839100,2026-09-08 03:45:00+00:00,1.35392,1.35405,1.35384,1.35404,803
1788839400,2026-09-08 03:50:00+00:00,1.35404,1.35404,1.35365,1.35375,542
1788839700,2026-09-08 03:55:00+00:00,1.35375,1.35382,1.35365,1.35376,310
1788840000,2026-09-08 04:00:00+00:00,1.35376,1.3538700000000001,1.35367,1.35378,442
1788840300,2026-09-08 04:05:00+00:00,1.35379,1.3538700000000001,1.35368,1.35373,538
1788840600,2026-09-08 04:10:00+00:00,1.35373,1.35384,1.35367,1.35368,752
1788840900,2026-09-08 04:15:00+00:00,1.35368,1.35369,1.3536000000000001,1.35366,418
1788841200,2026-09-08 04:20:00+00:00,1.35366,1.35388,1.3535599999999999,1.3538700000000001,460
1788841500,2026-09-08 04:25:00+00:00,1.3538700000000001,1.3538700000000001,1.35364,1.35368,499
1788841800,2026-09-08 04:30:00+00:00,1.35367,1.35378,1.35365,1.35367,423
1788842100,2026-09-08 04:35:00+00:00,1.35367,1.35369,1.35357,1.35367,560
1788842400,2026-09-08 04:40:00+00:00,1.35367,1.3538299999999999,1.35367,1.3538299999999999,299
1788842700,2026-09-08 04:45:00+00:00,1.3538299999999999,1.35388,1.35376,1.3538299999999999,303
1788843000,2026-09-08 04:50:00+00:00,1.3538299999999999,1.35389,1.35374,1.35386,426
1788843300,2026-09-08 04:55:00+00:00,1.35386,1.35402,1.35381,1.35397,406
1788843600,2026-09-08 05:00:00+00:00,1.35397,1.35408,1.35395,1.35404,368
1788843900,2026-09-08 05:05:00+00:00,1.35404,1.35408,1.35396,1.35399,507
1788844200,2026-09-08 05:10:00+00:00,1.35399,1.35408,1.35396,1.35397,500
1788844500,2026-09-08 05:15:00+00:00,1.35397,1.35419,1.35397,1.35408,474
1788844800,2026-09-08 05:20:00+00:00,1.35408,1.3541,1.35378,1.3538299999999999,655
1788845100,2026-09-08 05:25:00+00:00,1.3538299999999999,1.35389,1.35372,1.35372,608
1788845400,2026-09-08 05:30:00+00:00,1.35372,1.35392,1.35367,1.35391,764
1788845700,2026-09-08 05:35:00+00:00,1.35391,1.354,1.35384,1.35386,566
1788846000,2026-09-08 05:40:00+00:00,1.35386,1.35409,1.3538299999999999,1.35407,387
1788846300,2026-09-08 05:45:00+00:00,1.35407,1.35408,1.35385,1.35397,632
1788846600,2026-09-08 05:50:00+00:00,1.35397,1.35408,1.35386,1.35386,967
1788846900,2026-09-08 05:55:00+00:00,1.35386,1.35438,1.35386,1.35436,877
1788847200,2026-09-08 06:00:00+00:00,1.35436,1.35519,1.35433,1.35518,985
1788847500,2026-09-08 06:05:00+00:00,1.35518,1.35528,1.35466,1.35474,1412
1788847800,2026-09-08 06:10:00+00:00,1.35474,1.35476,1.35432,1.35453,1205
1788848100,2026-09-08 06:15:00+00:00,1.35453,1.35454,1.35393,1.35394,1220
1788848400,2026-09-08 06:20:00+00:00,1.35394,1.35396,1.35354,1.35386,1600
1788848700,2026-09-08 06:25:00+00:00,1.35386,1.35396,1.35367,1.35372,1338
1788849000,2026-09-08 06:30:00+00:00,1.35372,1.35396,1.35362,1.35366,1152
1788849300,2026-09-08 06:35:00+00:00,1.35366,1.3538999999999999,1.35351,1.35379,1086
1788849600,2026-09-08 06:40:00+00:00,1.35379,1.35419,1.35379,1.35403,718
1788849900,2026-09-08 06:45:00+00:00,1.35403,1.35409,1.35384,1.35402,672
1788850200,2026-09-08 06:50:00+00:00,1.35402,1.35407,1.35376,1.35393,947
1788850500,2026-09-08 06:55:00+00:00,1.35393,1.35397,1.35365,1.35368,1178
1788850800,2026-09-08 07:00:00+00:00,1.35367,1.354,1.35344,1.35395,1201
1788851100,2026-09-08 07:05:00+00:00,1.35395,1.35419,1.3538299999999999,1.35396,862
1788851400,2026-09-08 07:10:00+00:00,1.35396,1.35409,1.35375,1.354,1237
1788851700,2026-09-08 07:15:00+00:00,1.354,1.354,1.35364,1.35388,1415
1788852000,2026-09-08 07:20:00+00:00,1.35388,1.35397,1.35334,1.35336,1090
1788852300,2026-09-08 07:25:00+00:00,1.35336,1.35359,1.3533,1.35347,901
1788852600,2026-09-08 07:30:00+00:00,1.35347,1.35385,1.35342,1.35345,814
1788852900,2026-09-08 07:35:00+00:00,1.35345,1.35355,1.35313,1.35315,820
1788853200,2026-09-08 07:40:00+00:00,1.35315,1.35316,1.35263,1.35296,1157
1788853500,2026-09-08 07:45:00+00:00,1.3529499999999999,1.3532199999999999,1.35278,1.35298,625
1788853800,2026-09-08 07:50:00+00:00,1.35298,1.3532899999999999,1.35289,1.35298,795
1788854100,2026-09-08 07:55:00+00:00,1.35298,1.35316,1.35291,1.35316,677
1788854400,2026-09-08 08:00:00+00:00,1.35316,1.35339,1.3529900000000001,1.35338,1285
1788854700,2026-09-08 08:05:00+00:00,1.35338,1.35358,1.35279,1.35279,1118
1788855000,2026-09-08 08:10:00+00:00,1.35279,1.35308,1.35254,1.35254,808
1788855300,2026-09-08 08:15:00+00:00,1.35254,1.35259,1.35222,1.3525800000000001,1112
1788855600,2026-09-08 08:20:00+00:00,1.3525800000000001,1.35281,1.35245,1.3528,837
1788855900,2026-09-08 08:25:00+00:00,1.3528,1.3531,1.35279,1.35289,899
1788856200,2026-09-08 08:30:00+00:00,1.35289,1.35328,1.35282,1.35316,684
1788856500,2026-09-08 08:35:00+00:00,1.35316,1.35316,1.35288,1.3531,642
1788856800,2026-09-08 08:40:00+00:00,1.3531,1.3531,1.35269,1.3527,758
1788857100,2026-09-08 08:45:00+00:00,1.3527,1.35303,1.35252,1.35277,1616
1788857400,2026-09-08 08:50:00+00:00,1.35277,1.35288,1.35244,1.3526500000000001,982
1788857700,2026-09-08 08:55:00+00:00,1.3526500000000001,1.35266,1.35227,1.35255,1236
1788858000,2026-09-08 09:00:00+00:00,1.35253,1.35277,1.3523399999999999,1.3526799999999999,1271
1788858300,2026-09-08 09:05:00+00:00,1.3526799999999999,1.35307,1.35243,1.35246,1217
1788858600,2026-09-08 09:10:00+00:00,1.35245,1.35257,1.3523,1.3525,999
1788858900,2026-09-08 09:15:00+00:00,1.3525,1.3526099999999999,1.3523399999999999,1.35239,1103
1788859200,2026-09-08 09:20:00+00:00,1.35239,1.3525800000000001,1.35232,1.35244,566
1788859500,2026-09-08 09:25:00+00:00,1.35243,1.3526,1.35241,1.35254,692
1788859800,2026-09-08 09:30:00+00:00,1.35253,1.35286,1.35251,1.3526,775
1788860100,2026-09-08 09:35:00+00:00,1.3526,1.3529900000000001,1.35259,1.3529499999999999,689
1788860400,2026-09-08 09:40:00+00:00,1.35296,1.35343,1.35278,1.35287,1321
1788860700,2026-09-08 09:45:00+00:00,1.35287,1.353,1.3526500000000001,1.35283,862
1788861000,2026-09-08 09:50:00+00:00,1.35283,1.353,1.35263,1.35266,828
1788861300,2026-09-08 09:55:00+00:00,1.35266,1.3531900000000001,1.3526500000000001,1.35305,762
1788861600,2026-09-08 10:00:00+00:00,1.35305,1.35305,1.35252,1.35255,941
1788861900,2026-09-08 10:05:00+00:00,1.35255,1.35291,1.35251,1.35278,611
1788862200,2026-09-08 10:10:00+00:00,1.35278,1.35307,1.35266,1.35288,637
1788862500,2026-09-08 10:15:00+00:00,1.35288,1.35305,1.35282,1.35297,876
1788862800,2026-09-08 10:20:00+00:00,1.35297,1.3538299999999999,1.35289,1.3529,1360
1788863100,2026-09-08 10:25:00+00:00,1.35289,1.35298,1.35278,1.3529499999999999,699
1788863400,2026-09-08 10:30:00+00:00,1.3529499999999999,1.35297,1.35246,1.35256,671
1788863700,2026-09-08 10:35:00+00:00,1.35255,1.35257,1.35223,1.35224,538
1788864000,2026-09-08 10:40:00+00:00,1.35225,1.3524,1.35215,1.35228,617
1788864300,2026-09-08 10:45:00+00:00,1.35228,1.3526099999999999,1.35228,1.35257,345
1788864600,2026-09-08 10:50:00+00:00,1.35257,1.35282,1.35256,1.3526799999999999,530
1788864900,2026-09-08 10:55:00+00:00,1.3526799999999999,1.35297,1.35262,1.35278,830
1788865200,2026-09-08 11:00:00+00:00,1.35278,1.35288,1.35252,1.35257,1010
1788865500,2026-09-08 11:05:00+00:00,1.35257,1.35301,1.35243,1.35262,1102
1788865800,2026-09-08 11:10:00+00:00,1.35262,1.35263,1.35224,1.35247,998
1788866100,2026-09-08 11:15:00+00:00,1.35247,1.3531,1.3523800000000001,1.35308,1033
1788866400,2026-09-08 11:20:00+00:00,1.35308,1.35344,1.35297,1.35343,661
1788866700,2026-09-08 11:25:00+00:00,1.35343,1.35362,1.3533,1.35355,796
1788867000,2026-09-08 11:30:00+00:00,1.35355,1.35392,1.35348,1.35385,884
1788867300,2026-09-08 11:35:00+00:00,1.35385,1.35429,1.3538000000000001,1.35403,1094
1788867600,2026-09-08 11:40:00+00:00,1.35403,1.35408,1.35362,1.35372,695
1788867900,2026-09-08 11:45:00+00:00,1.35372,1.3538999999999999,1.3535300000000001,1.35385,878
1788868200,2026-09-08 11:50:00+00:00,1.35385,1.35393,1.35337,1.35358,814
1788868500,2026-09-08 11:55:00+00:00,1.35358,1.35459,1.3535599999999999,1.3544800000000001,1203
1788868800,2026-09-08 12:00:00+00:00,1.3544800000000001,1.35457,1.3542399999999999,1.3544800000000001,1502
1788869100,2026-09-08 12:05:00+00:00,1.3544800000000001,1.35476,1.35445,1.35461,1045
1788869400,2026-09-08 12:10:00+00:00,1.35461,1.35471,1.35442,1.35454,1253
1788869700,2026-09-08 12:15:00+00:00,1.35454,1.35474,1.3542100000000001,1.35473,1351
1788870000,2026-09-08 12:20:00+00:00,1.35473,1.35487,1.35452,1.3547500000000001,1454
1788870300,2026-09-08 12:25:00+00:00,1.35476,1.35517,1.35463,1.35514,1121
1788870600,2026-09-08 12:30:00+00:00,1.35514,1.35521,1.35473,1.35515,1532
1788870900,2026-09-08 12:35:00+00:00,1.35515,1.3553,1.35499,1.35515,1090
1788871200,2026-09-08 12:40:00+00:00,1.35515,1.35525,1.35481,1.35506,1564
1788871500,2026-09-08 12:45:00+00:00,1.3550499999999999,1.35547,1.35488,1.35545,1380
1788871800,2026-09-08 12:50:00+00:00,1.35545,1.35554,1.35522,1.3554300000000001,1229
1788872100,2026-09-08 12:55:00+00:00,1.3554300000000001,1.35556,1.35526,1.3554300000000001,1273
1788872400,2026-09-08 13:00:00+00:00,1.3554300000000001,1.35555,1.3551199999999999,1.35529,1702
1788872700,2026-09-08 13:05:00+00:00,1.35528,1.35582,1.35525,1.35568,1661
1788873000,2026-09-08 13:10:00+00:00,1.35568,1.3559999999999999,1.35559,1.35564,1138
1788873300,2026-09-08 13:15:00+00:00,1.35564,1.35578,1.35549,1.35572,1156
1788873600,2026-09-08 13:20:00+00:00,1.35572,1.3562,1.35572,1.35592,1569
1788873900,2026-09-08 13:25:00+00:00,1.35592,1.3560400000000001,1.35538,1.35542,1174
1788874200,2026-09-08 13:30:00+00:00,1.35542,1.35558,1.35525,1.35526,1495
1788874500,2026-09-08 13:35:00+00:00,1.35526,1.35559,1.355,1.35553,1191
1788874800,2026-09-08 13:40:00+00:00,1.35553,1.35553,1.35522,1.35523,1485
1788875100,2026-09-08 13:45:00+00:00,1.35524,1.35527,1.3547500000000001,1.35503,1619
1788875400,2026-09-08 13:50:00+00:00,1.35503,1.35534,1.35484,1.3552,1470
1788875700,2026-09-08 13:55:00+00:00,1.3552,1.3553,1.35498,1.35518,1774
1788876000,2026-09-08 14:00:00+00:00,1.35518,1.3553600000000001,1.35491,1.35507,2041
1788876300,2026-09-08 14:05:00+00:00,1.35507,1.35525,1.35477,1.3547799999999999,1330
1788876600,2026-09-08 14:10:00+00:00,1.3547799999999999,1.3547799999999999,1.35425,1.35435,1518
1788876900,2026-09-08 14:15:00+00:00,1.35435,1.35474,1.35434,1.35466,1263
1788877200,2026-09-08 14:20:00+00:00,1.35466,1.3552,1.35453,1.35516,923
1788877500,2026-09-08 14:25:00+00:00,1.35516,1.3554,1.3550499999999999,1.35527,1221
1788877800,2026-09-08 14:30:00+00:00,1.35527,1.35554,1.35525,1.35547,1450
1788878100,2026-09-08 14:35:00+00:00,1.35547,1.35567,1.35526,1.35533,1403
1788878400,2026-09-08 14:40:00+00:00,1.35533,1.35556,1.35519,1.3554599999999999,1291
1788878700,2026-09-08 14:45:00+00:00,1.3554599999999999,1.3556599999999999,1.3552,1.35534,1144
1788879000,2026-09-08 14:50:00+00:00,1.35534,1.3555,1.35493,1.35511,1258
1788879300,2026-09-08 14:55:00+00:00,1.35511,1.35529,1.3547799999999999,1.35528,1614
1788879600,2026-09-08 15:00:00+00:00,1.35528,1.35529,1.3548499999999999,1.3550900000000001,1837
1788879900,2026-09-08 15:05:00+00:00,1.3550900000000001,1.35519,1.35499,1.35518,1163
1788880200,2026-09-08 15:10:00+00:00,1.35518,1.35548,1.35495,1.35496,971
1788880500,2026-09-08 15:15:00+00:00,1.35496,1.35518,1.35474,1.35495,1317
1788880800,2026-09-08 15:20:00+00:00,1.35496,1.35498,1.35462,1.35484,1106
1788881100,2026-09-08 15:25:00+00:00,1.35484,1.35511,1.35465,1.35468,1049
1788881400,2026-09-08 15:30:00+00:00,1.35469,1.35484,1.35415,1.35422,1366
1788881700,2026-09-08 15:35:00+00:00,1.35422,1.35428,1.35411,1.35427,777
1788882000,2026-09-08 15:40:00+00:00,1.35427,1.35436,1.35413,1.35419,711
1788882300,2026-09-08 15:45:00+00:00,1.35419,1.3542,1.3538999999999999,1.35407,761
1788882600,2026-09-08 15:50:00+00:00,1.35407,1.35426,1.35396,1.35413,704
1788882900,2026-09-08 15:55:00+00:00,1.35413,1.35427,1.35403,1.35406,637
1788883200,2026-09-08 16:00:00+00:00,1.35405,1.35416,1.35393,1.35415,612
1788883500,2026-09-08 16:05:00+00:00,1.35415,1.35416,1.35361,1.35364,541
1788883800,2026-09-08 16:10:00+00:00,1.35364,1.35368,1.35333,1.35344,815
1788884100,2026-09-08 16:15:00+00:00,1.35344,1.3536000000000001,1.3532899999999999,1.35336,1014
1788884400,2026-09-08 16:20:00+00:00,1.35336,1.3535300000000001,1.35328,1.35347,671
1788884700,2026-09-08 16:25:00+00:00,1.35347,1.3535599999999999,1.35333,1.35347,830
1788885000,2026-09-08 16:30:00+00:00,1.35347,1.35362,1.3534,1.35355,700
1788885300,2026-09-08 16:35:00+00:00,1.35355,1.3536299999999999,1.3532899999999999,1.35337,558
1788885600,2026-09-08 16:40:00+00:00,1.35337,1.35345,1.35309,1.35318,602
1788885900,2026-09-08 16:45:00+00:00,1.35318,1.35328,1.35305,1.35328,515
1788886200,2026-09-08 16:50:00+00:00,1.35328,1.35366,1.3532600000000001,1.35339,769
1788886500,2026-09-08 16:55:00+00:00,1.35339,1.35364,1.35315,1.35364,799
1788886800,2026-09-08 17:00:00+00:00,1.35364,1.35397,1.35362,1.3538299999999999,1070
1788887100,2026-09-08 17:05:00+00:00,1.3538299999999999,1.35393,1.35373,1.35376,754
1788887400,2026-09-08 17:10:00+00:00,1.35376,1.3538700000000001,1.35375,1.35378,415
1788887700,2026-09-08 17:15:00+00:00,1.35378,1.35392,1.35375,1.3538000000000001,477
1788888000,2026-09-08 17:20:00+00:00,1.3538000000000001,1.3538000000000001,1.35359,1.35378,329
1788888300,2026-09-08 17:25:00+00:00,1.35378,1.3538000000000001,1.35357,1.35378,487
1788888600,2026-09-08 17:30:00+00:00,1.35378,1.35389,1.35372,1.35374,360
1788888900,2026-09-08 17:35:00+00:00,1.35374,1.3538000000000001,1.3536299999999999,1.3537,319
1788889200,2026-09-08 17:40:00+00:00,1.3537,1.3537,1.35364,1.35367,242
1788889500,2026-09-08 17:45:00+00:00,1.35367,1.35381,1.35367,1.35378,281
1788889800,2026-09-08 17:50:00+00:00,1.35378,1.35425,1.35377,1.35404,422
1788890100,2026-09-08 17:55:00+00:00,1.35404,1.35419,1.35397,1.35418,403
1788890400,2026-09-08 18:00:00+00:00,1.35418,1.35428,1.35412,1.35425,771
1788890700,2026-09-08 18:05:00+00:00,1.35425,1.3543,1.35404,1.35415,283
1788891000,2026-09-08 18:10:00+00:00,1.35415,1.35426,1.3541400000000001,1.35416,418
1788891300,2026-09-08 18:15:00+00:00,1.35416,1.35418,1.35395,1.35405,578
1788891600,2026-09-08 18:20:00+00:00,1.35405,1.35435,1.35405,1.35433,631
1788891900,2026-09-08 18:25:00+00:00,1.35433,1.3544800000000001,1.35426,1.35447,668
1788892200,2026-09-08 18:30:00+00:00,1.35447,1.35468,1.3544399999999999,1.35467,564
1788892500,2026-09-08 18:35:00+00:00,1.35467,1.35479,1.35464,1.35477,632
1788892800,2026-09-08 18:40:00+00:00,1.35477,1.35498,1.35476,1.35496,577
1788893100,2026-09-08 18:45:00+00:00,1.35496,1.35507,1.35388,1.35394,2076
1788893400,2026-09-08 18:50:00+00:00,1.35394,1.35455,1.35394,1.35454,1755
1788893700,2026-09-08 18:55:00+00:00,1.35455,1.35477,1.35434,1.35467,1321
1788894000,2026-09-08 19:00:00+00:00,1.35467,1.35476,1.35455,1.35467,1023
1788894300,2026-09-08 19:05:00+00:00,1.35467,1.35473,1.35434,1.35435,689
1788894600,2026-09-08 19:10:00+00:00,1.35435,1.35449,1.35425,1.35438,791
1788894900,2026-09-08 19:15:00+00:00,1.35438,1.35446,1.35426,1.35436,689
1788895200,2026-09-08 19:20:00+00:00,1.35436,1.35446,1.35416,1.3541699999999999,553
1788895500,2026-09-08 19:25:00+00:00,1.35416,1.35431,1.35415,1.3542,456
1788895800,2026-09-08 19:30:00+00:00,1.3542,1.35434,1.35407,1.3541699999999999,739
1788896100,2026-09-08 19:35:00+00:00,1.3541699999999999,1.35429,1.3541,1.35418,726
1788896400,2026-09-08 19:40:00+00:00,1.35418,1.35428,1.35416,1.35426,424
1788896700,2026-09-08 19:45:00+00:00,1.35426,1.35428,1.35413,1.35415,301
1788897000,2026-09-08 19:50:00+00:00,1.35415,1.3541699999999999,1.3538299999999999,1.3538700000000001,971
1788897300,2026-09-08 19:55:00+00:00,1.35388,1.35404,1.35377,1.35396,1022
1788897600,2026-09-08 20:00:00+00:00,1.35396,1.3541699999999999,1.35395,1.35406,414
1788897900,2026-09-08 20:05:00+00:00,1.35406,1.35407,1.35377,1.35386,295
1788898200,2026-09-08 20:10:00+00:00,1.35386,1.3538700000000001,1.35376,1.3538700000000001,206
1788898500,2026-09-08 20:15:00+00:00,1.3538700000000001,1.35399,1.35386,1.35399,123
1788898800,2026-09-08 20:20:00+00:00,1.35399,1.3542,1.35397,1.35405,107
1788899100,2026-09-08 20:25:00+00:00,1.35406,1.35406,1.35372,1.35382,186
1788899400,2026-09-08 20:30:00+00:00,1.35381,1.35408,1.35373,1.35406,172
1788899700,2026-09-08 20:35:00+00:00,1.35407,1.35418,1.35406,1.3541699999999999,115
1788900000,2026-09-08 20:40:00+00:00,1.3541699999999999,1.35418,1.35404,1.35409,137
1788900300,2026-09-08 20:45:00+00:00,1.35409,1.35409,1.35391,1.35392,341
1788900600,2026-09-08 20:50:00+00:00,1.35392,1.3541400000000001,1.35392,1.35409,94
1788900900,2026-09-08 20:55:00+00:00,1.35409,1.3541,1.35395,1.35405,261
1788901200,2026-09-08 21:00:00+00:00,1.35405,1.35409,1.35336,1.35358,83
1788901500,2026-09-08 21:05:00+00:00,1.35358,1.35377,1.3535,1.35357,122
1788901800,2026-09-08 21:10:00+00:00,1.35357,1.3536299999999999,1.3535300000000001,1.35357,59
1788902100,2026-09-08 21:15:00+00:00,1.35357,1.35369,1.35344,1.3535599999999999,48
1788902400,2026-09-08 21:20:00+00:00,1.3535599999999999,1.3536000000000001,1.35354,1.35359,22
1788902700,2026-09-08 21:25:00+00:00,1.35359,1.35359,1.35347,1.35352,30
1788903000,2026-09-08 21:30:00+00:00,1.35352,1.35365,1.35346,1.3535,24
1788903300,2026-09-08 21:35:00+00:00,1.3535,1.35365,1.35337,1.35355,42
1788903600,2026-09-08 21:40:00+00:00,1.35355,1.35367,1.35342,1.35355,36
1788903900,2026-09-08 21:45:00+00:00,1.35355,1.35367,1.3535,1.35361,64
1788904200,2026-09-08 21:50:00+00:00,1.35361,1.35362,1.35355,1.35358,57
1788904500,2026-09-08 21:55:00+00:00,1.35358,1.35367,1.35352,1.35357,104
1788904800,2026-09-08 22:00:00+00:00,1.35357,1.35406,1.35357,1.35405,167
1788905100,2026-09-08 22:05:00+00:00,1.35405,1.35409,1.35396,1.35403,35
1788905400,2026-09-08 22:10:00+00:00,1.35403,1.35409,1.35402,1.35406,84
1788905700,2026-09-08 22:15:00+00:00,1.35406,1.35415,1.35405,1.35413,241
1788906000,2026-09-08 22:20:00+00:00,1.35413,1.35415,1.35405,1.35413,153
1788906300,2026-09-08 22:25:00+00:00,1.35413,1.35419,1.35411,1.35419,98
1788906600,2026-09-08 22:30:00+00:00,1.35419,1.35423,1.35406,1.35406,235
1788906900,2026-09-08 22:35:00+00:00,1.35406,1.35408,1.35404,1.35407,35
1788907200,2026-09-08 22:40:00+00:00,1.35407,1.35407,1.354,1.35404,129
1788907500,2026-09-08 22:45:00+00:00,1.35404,1.35413,1.35403,1.35413,180
1788907800,2026-09-08 22:50:00+00:00,1.35413,1.3541699999999999,1.35404,1.35406,111
1788908100,2026-09-08 22:55:00+00:00,1.35406,1.35412,1.35404,1.35406,132
1788908400,2026-09-08 23:00:00+00:00,1.35406,1.35418,1.35404,1.35405,149
1788908700,2026-09-08 23:05:00+00:00,1.35405,1.3542,1.35404,1.35416,186
1788909000,2026-09-08 23:10:00+00:00,1.35416,1.35418,1.35409,1.35416,201
1788909300,2026-09-08 23:15:00+00:00,1.35416,1.3542399999999999,1.35415,1.35418,345
1788909600,2026-09-08 23:20:00+00:00,1.35418,1.3542,1.35406,1.3541699999999999,515
1788909900,2026-09-08 23:25:00+00:00,1.35416,1.35419,1.35412,1.35418,367
1788910200,2026-09-08 23:30:00+00:00,1.35418,1.35423,1.35404,1.35405,289
1788910500,2026-09-08 23:35:00+00:00,1.35405,1.3541400000000001,1.35403,1.35413,167
1788910800,2026-09-08 23:40:00+00:00,1.3541400000000001,1.35431,1.35412,1.3542399999999999,322
1788911100,2026-09-08 23:45:00+00:00,1.3542399999999999,1.3544,1.35419,1.35438,496
1788911400,2026-09-08 23:50:00+00:00,1.35438,1.35439,1.35418,1.35428,551
1788911700,2026-09-08 23:55:00+00:00,1.35428,1.35439,1.35422,1.35436,486
1788912000,2026-09-09 00:00:00+00:00,1.35436,1.35474,1.35436,1.35473,1136
1788912300,2026-09-09 00:05:00+00:00,1.35473,1.35474,1.3545,1.35456,855
1788912600,2026-09-09 00:10:00+00:00,1.35456,1.3547,1.3545099999999999,1.3546,834
1788912900,2026-09-09 00:15:00+00:00,1.3546,1.35473,1.35452,1.35465,1115
1788913200,2026-09-09 00:20:00+00:00,1.35465,1.35466,1.3544800000000001,1.35452,876
1788913500,2026-09-09 00:25:00+00:00,1.35452,1.35466,1.3544800000000001,1.35466,924
1788913800,2026-09-09 00:30:00+00:00,1.35466,1.35467,1.35442,1.35447,1117
1788914100,2026-09-09 00:35:00+00:00,1.35447,1.35452,1.35433,1.35449,1118
1788914400,2026-09-09 00:40:00+00:00,1.35449,1.35452,1.35439,1.35449,784
1788914700,2026-09-09 00:45:00+00:00,1.35449,1.35458,1.35443,1.35457,844
1788915000,2026-09-09 00:50:00+00:00,1.35457,1.3547500000000001,1.3545099999999999,1.35462,1333
1788915300,2026-09-09 00:55:00+00:00,1.35462,1.3548,1.35453,1.3548,604
1788915600,2026-09-09 01:00:00+00:00,1.3548,1.35483,1.35431,1.35436,1437
1788915900,2026-09-09 01:05:00+00:00,1.35436,1.35455,1.35429,1.35455,805
1788916200,2026-09-09 01:10:00+00:00,1.35455,1.35465,1.35452,1.35465,804
1788916500,2026-09-09 01:15:00+00:00,1.35465,1.35477,1.3545,1.35456,707
1788916800,2026-09-09 01:20:00+00:00,1.35456,1.35457,1.35429,1.35435,733
1788917100,2026-09-09 01:25:00+00:00,1.35436,1.35439,1.35426,1.35434,259
1788917400,2026-09-09 01:30:00+00:00,1.35434,1.35435,1.3541699999999999,1.35426,363
1788917700,2026-09-09 01:35:00+00:00,1.35427,1.35431,1.35415,1.35426,576
1788918000,2026-09-09 01:40:00+00:00,1.35426,1.35435,1.35419,1.3542100000000001,369
1788918300,2026-09-09 01:45:00+00:00,1.3542100000000001,1.3544399999999999,1.35419,1.35427,837
1788918600,2026-09-09 01:50:00+00:00,1.35427,1.3544800000000001,1.35426,1.35446,1085
1788918900,2026-09-09 01:55:00+00:00,1.35445,1.35465,1.3544399999999999,1.3546,732
1788919200,2026-09-09 02:00:00+00:00,1.3546,1.3546,1.3543,1.35435,1192
1788919500,2026-09-09 02:05:00+00:00,1.35435,1.35438,1.35419,1.35435,628
1788919800,2026-09-09 02:10:00+00:00,1.35435,1.3544800000000001,1.3542399999999999,1.35434,779
1788920100,2026-09-09 02:15:00+00:00,1.35434,1.3544100000000001,1.35425,1.35438,783
1788920400,2026-09-09 02:20:00+00:00,1.35438,1.35439,1.3541699999999999,1.35427,776
1788920700,2026-09-09 02:25:00+00:00,1.35427,1.35428,1.3541400000000001,1.3542,567
1788921000,2026-09-09 02:30:00+00:00,1.3542,1.35435,1.35415,1.35427,570
1788921300,2026-09-09 02:35:00+00:00,1.35427,1.35431,1.35416,1.35425,559
1788921600,2026-09-09 02:40:00+00:00,1.35425,1.3544,1.35423,1.35437,636
1788921900,2026-09-09 02:45:00+00:00,1.35437,1.35465,1.35436,1.35454,754
1788922200,2026-09-09 02:50:00+00:00,1.35454,1.35464,1.35445,1.35455,607
1788922500,2026-09-09 02:55:00+00:00,1.35455,1.35471,1.35445,1.35467,639
1788922800,2026-09-09 03:00:00+00:00,1.35467,1.35469,1.35455,1.35458,767
1788923100,2026-09-09 03:05:00+00:00,1.35458,1.35469,1.35447,1.35455,788
1788923400,2026-09-09 03:10:00+00:00,1.35455,1.35473,1.35452,1.35456,556
1788923700,2026-09-09 03:15:00+00:00,1.35456,1.35458,1.3544399999999999,1.35455,494
1788924000,2026-09-09 03:20:00+00:00,1.35455,1.35456,1.35445,1.3545,716
1788924300,2026-09-09 03:25:00+00:00,1.3545099999999999,1.35463,1.35449,1.3545099999999999,558
1788924600,2026-09-09 03:30:00+00:00,1.3545099999999999,1.35459,1.35438,1.35456,731
1788924900,2026-09-09 03:35:00+00:00,1.35456,1.35474,1.35456,1.35469,598
1788925200,2026-09-09 03:40:00+00:00,1.35469,1.3547799999999999,1.35466,1.35474,735
1788925500,2026-09-09 03:45:00+00:00,1.35474,1.35484,1.35473,1.35481,652
1788925800,2026-09-09 03:50:00+00:00,1.35481,1.35487,1.35464,1.35467,789
1788926100,2026-09-09 03:55:00+00:00,1.35467,1.35468,1.35445,1.3545,612
1788926400,2026-09-09 04:00:00+00:00,1.3545,1.35469,1.35445,1.35467,566
1788926700,2026-09-09 04:05:00+00:00,1.35467,1.35468,1.35457,1.35466,684
1788927000,2026-09-09 04:10:00+00:00,1.35466,1.35469,1.35456,1.35466,648
1788927300,2026-09-09 04:15:00+00:00,1.35467,1.35467,1.35456,1.35467,630
1788927600,2026-09-09 04:20:00+00:00,1.35467,1.35477,1.35453,1.35468,678
1788927900,2026-09-09 04:25:00+00:00,1.35467,1.35491,1.35467,1.3548200000000001,823
1788928200,2026-09-09 04:30:00+00:00,1.3548200000000001,1.35489,1.35474,1.3547500000000001,565
1788928500,2026-09-09 04:35:00+00:00,1.3547500000000001,1.35483,1.35472,1.35473,552
1788928800,2026-09-09 04:40:00+00:00,1.35473,1.35477,1.35465,1.35476,550
1788929100,2026-09-09 04:45:00+00:00,1.35476,1.35484,1.35468,1.35476,674
1788929400,2026-09-09 04:50:00+00:00,1.35477,1.35488,1.35472,1.35483,418
1788929700,2026-09-09 04:55:00+00:00,1.35483,1.35507,1.35483,1.35504,662
1788930000,2026-09-09 05:00:00+00:00,1.35504,1.3551,1.35491,1.35508,688
1788930300,2026-09-09 05:05:00+00:00,1.35508,1.35524,1.3550499999999999,1.35524,522
1788930600,2026-09-09 05:10:00+00:00,1.35524,1.35528,1.3551,1.35516,687
1788930900,2026-09-09 05:15:00+00:00,1.35516,1.35524,1.3550200000000001,1.35524,518
1788931200,2026-09-09 05:20:00+00:00,1.35524,1.35528,1.35513,1.35527,577
1788931500,2026-09-09 05:25:00+00:00,1.35527,1.35547,1.35519,1.3553600000000001,1128
1788931800,2026-09-09 05:30:00+00:00,1.35537,1.3554599999999999,1.35518,1.35525,1041
1788932100,2026-09-09 05:35:00+00:00,1.35525,1.35527,1.35511,1.35523,991
1788932400,2026-09-09 05:40:00+00:00,1.35523,1.35525,1.35503,1.3550499999999999,635
1788932700,2026-09-09 05:45:00+00:00,1.3550499999999999,1.3550499999999999,1.35484,1.35497,904
1788933000,2026-09-09 05:50:00+00:00,1.35497,1.35517,1.35484,1.35517,1007
1788933300,2026-09-09 05:55:00+00:00,1.35517,1.35532,1.3551199999999999,1.35516,1193
1788933600,2026-09-09 06:00:00+00:00,1.35516,1.35567,1.35516,1.3556300000000001,2046
1788933900,2026-09-09 06:05:00+00:00,1.3556300000000001,1.35567,1.35529,1.35535,1114
1788934200,2026-09-09 06:10:00+00:00,1.35534,1.35574,1.35528,1.35567,1124
1788934500,2026-09-09 06:15:00+00:00,1.35567,1.3562699999999999,1.35564,1.35625,1210
1788934800,2026-09-09 06:20:00+00:00,1.35625,1.35626,1.35583,1.35595,1509
1788935100,2026-09-09 06:25:00+00:00,1.35595,1.35598,1.35578,1.35585,1676
1788935400,2026-09-09 06:30:00+00:00,1.35585,1.35617,1.35574,1.35612,1291
1788935700,2026-09-09 06:35:00+00:00,1.35612,1.35619,1.3559999999999999,1.35605,1091
1788936000,2026-09-09 06:40:00+00:00,1.35605,1.35605,1.35561,1.35565,1205
1788936300,2026-09-09 06:45:00+00:00,1.35565,1.35593,1.3556,1.35585,1077
1788936600,2026-09-09 06:50:00+00:00,1.35585,1.35588,1.35568,1.35587,1031
1788936900,2026-09-09 06:55:00+00:00,1.35587,1.35599,1.35584,1.35592,1081
1788937200,2026-09-09 07:00:00+00:00,1.35592,1.35612,1.35589,1.35591,1450
1788937500,2026-09-09 07:05:00+00:00,1.35592,1.35622,1.35588,1.35619,1330
1788937800,2026-09-09 07:10:00+00:00,1.35619,1.35671,1.35619,1.35656,1581
1788938100,2026-09-09 07:15:00+00:00,1.35656,1.3568,1.35647,1.35647,1220
1788938400,2026-09-09 07:20:00+00:00,1.35647,1.35649,1.35612,1.35615,1449
1788938700,2026-09-09 07:25:00+00:00,1.35615,1.35618,1.35591,1.35613,1415
1788939000,2026-09-09 07:30:00+00:00,1.35613,1.35629,1.35582,1.35594,905
1788939300,2026-09-09 07:35:00+00:00,1.35594,1.3563,1.35591,1.35628,729
1788939600,2026-09-09 07:40:00+00:00,1.35628,1.35637,1.35622,1.35635,714
1788939900,2026-09-09 07:45:00+00:00,1.35635,1.35652,1.35611,1.35621,1238
1788940200,2026-09-09 07:50:00+00:00,1.35621,1.35625,1.35565,1.35572,1076
1788940500,2026-09-09 07:55:00+00:00,1.35572,1.35598,1.35567,1.35591,1291
1788940800,2026-09-09 08:00:00+00:00,1.35591,1.35594,1.35521,1.35523,1803
1788941100,2026-09-09 08:05:00+00:00,1.35522,1.35523,1.35463,1.35465,1009
1788941400,2026-09-09 08:10:00+00:00,1.35465,1.35498,1.35461,1.35492,649
1788941700,2026-09-09 08:15:00+00:00,1.35492,1.35516,1.35466,1.35504,594
1788942000,2026-09-09 08:20:00+00:00,1.35504,1.35516,1.35465,1.35472,616
1788942300,2026-09-09 08:25:00+00:00,1.35472,1.3548,1.35446,1.35461,894
1788942600,2026-09-09 08:30:00+00:00,1.35461,1.35479,1.35455,1.35473,992
1788942900,2026-09-09 08:35:00+00:00,1.35473,1.3547500000000001,1.35445,1.35453,633
1788943200,2026-09-09 08:40:00+00:00,1.35453,1.35458,1.35431,1.35447,1128
1788943500,2026-09-09 08:45:00+00:00,1.35447,1.35469,1.3544399999999999,1.35447,947
1788943800,2026-09-09 08:50:00+00:00,1.35447,1.35456,1.35433,1.35438,626
1788944100,2026-09-09 08:55:00+00:00,1.35438,1.35453,1.35419,1.35428,875
1788944400,2026-09-09 09:00:00+00:00,1.35428,1.35445,1.35411,1.35433,947
1788944700,2026-09-09 09:05:00+00:00,1.35433,1.35443,1.35419,1.35437,670
1788945000,2026-09-09 09:10:00+00:00,1.35437,1.35438,1.35408,1.35426,772
1788945300,2026-09-09 09:15:00+00:00,1.35426,1.35453,1.35423,1.3545099999999999,831
1788945600,2026-09-09 09:20:00+00:00,1.3545099999999999,1.3547,1.35438,1.35465,857
1788945900,2026-09-09 09:25:00+00:00,1.35465,1.35486,1.35462,1.35474,751
1788946200,2026-09-09 09:30:00+00:00,1.35474,1.3547500000000001,1.3543,1.3543,1186
1788946500,2026-09-09 09:35:00+00:00,1.3543,1.35449,1.35413,1.35445,614
1788946800,2026-09-09 09:40:00+00:00,1.35446,1.35454,1.35426,1.35429,619
1788947100,2026-09-09 09:45:00+00:00,1.35429,1.35436,1.35393,1.35397,578
1788947400,2026-09-09 09:50:00+00:00,1.35397,1.35404,1.35351,1.35358,1121
1788947700,2026-09-09 09:55:00+00:00,1.35358,1.35367,1.3532199999999999,1.35328,1273
1788948000,2026-09-09 10:00:00+00:00,1.35328,1.35345,1.35304,1.35332,1296
1788948300,2026-09-09 10:05:00+00:00,1.35332,1.35352,1.35332,1.35349,674
1788948600,2026-09-09 10:10:00+00:00,1.35349,1.35372,1.35316,1.3532600000000001,918
1788948900,2026-09-09 10:15:00+00:00,1.3532600000000001,1.35343,1.35305,1.35341,831
1788949200,2026-09-09 10:20:00+00:00,1.35342,1.35364,1.35341,1.35345,761
1788949500,2026-09-09 10:25:00+00:00,1.35345,1.3537,1.35343,1.35359,604
1788949800,2026-09-09 10:30:00+00:00,1.35359,1.3538700000000001,1.35341,1.35386,964
1788950100,2026-09-09 10:35:00+00:00,1.35385,1.35419,1.35378,1.35405,927
1788950400,2026-09-09 10:40:00+00:00,1.35405,1.35409,1.35384,1.35389,997
1788950700,2026-09-09 10:45:00+00:00,1.35388,1.35418,1.35384,1.35413,756
1788951000,2026-09-09 10:50:00+00:00,1.35413,1.3542100000000001,1.35371,1.3538000000000001,1149
1788951300,2026-09-09 10:55:00+00:00,1.3538000000000001,1.35385,1.35342,1.3536299999999999,504
1788951600,2026-09-09 11:00:00+00:00,1.3536299999999999,1.35385,1.3535,1.35377,650
1788951900,2026-09-09 11:05:00+00:00,1.35377,1.35403,1.35372,1.35402,673
1788952200,2026-09-09 11:10:00+00:00,1.35402,1.35402,1.35382,1.35389,730
1788952500,2026-09-09 11:15:00+00:00,1.35389,1.35495,1.35388,1.3548200000000001,839
1788952800,2026-09-09 11:20:00+00:00,1.35483,1.3553600000000001,1.35476,1.35529,1619
1788953100,2026-09-09 11:25:00+00:00,1.35529,1.35647,1.35526,1.35646,1036
1788953400,2026-09-09 11:30:00+00:00,1.35646,1.35659,1.35577,1.3563399999999999,1404
1788953700,2026-09-09 11:35:00+00:00,1.3563399999999999,1.35638,1.35595,1.35609,1075
1788954000,2026-09-09 11:40:00+00:00,1.35609,1.35623,1.35574,1.35584,897
1788954300,2026-09-09 11:45:00+00:00,1.35584,1.35662,1.35574,1.35638,1147
1788954600,2026-09-09 11:50:00+00:00,1.35638,1.3566500000000001,1.35577,1.35582,1004
1788954900,2026-09-09 11:55:00+00:00,1.35582,1.35615,1.35571,1.35611,897
1788955200,2026-09-09 12:00:00+00:00,1.35611,1.35646,1.35601,1.35613,1749
1788955500,2026-09-09 12:05:00+00:00,1.35613,1.35649,1.35601,1.35647,1560
1788955800,2026-09-09 12:10:00+00:00,1.35647,1.35662,1.3561,1.35613,1465
1788956100,2026-09-09 12:15:00+00:00,1.35613,1.35619,1.3557299999999999,1.3561,997
1788956400,2026-09-09 12:20:00+00:00,1.3561,1.35614,1.35567,1.35574,1213
1788956700,2026-09-09 12:25:00+00:00,1.35575,1.3558,1.35551,1.35552,1115
1788957000,2026-09-09 12:30:00+00:00,1.35552,1.35556,1.3553,1.35545,939
1788957300,2026-09-09 12:35:00+00:00,1.35545,1.35568,1.35528,1.35533,1022
1788957600,2026-09-09 12:40:00+00:00,1.35533,1.35537,1.35515,1.35517,876
1788957900,2026-09-09 12:45:00+00:00,1.35517,1.35562,1.35499,1.35501,874
1788958200,2026-09-09 12:50:00+00:00,1.35501,1.3550200000000001,1.35474,1.35484,1055
1788958500,2026-09-09 12:55:00+00:00,1.35484,1.3551,1.3547500000000001,1.3551,1090
1788958800,2026-09-09 13:00:00+00:00,1.3551,1.35556,1.355,1.35544,1656
1788959100,2026-09-09 13:05:00+00:00,1.35544,1.35559,1.35535,1.35552,1036
1788959400,2026-09-09 13:10:00+00:00,1.35552,1.35578,1.35541,1.35568,1334
1788959700,2026-09-09 13:15:00+00:00,1.35567,1.35567,1.3551199999999999,1.35523,1228
1788960000,2026-09-09 13:20:00+00:00,1.35523,1.35528,1.35492,1.35517,1205
1788960300,2026-09-09 13:25:00+00:00,1.35517,1.3553600000000001,1.35503,1.35521,1023
1788960600,2026-09-09 13:30:00+00:00,1.35521,1.3558,1.35517,1.3556300000000001,1481
1788960900,2026-09-09 13:35:00+00:00,1.35564,1.35571,1.35534,1.3553600000000001,1260
1788961200,2026-09-09 13:40:00+00:00,1.3553600000000001,1.3559700000000001,1.35516,1.35594,1295
1788961500,2026-09-09 13:45:00+00:00,1.35594,1.35617,1.35585,1.3559700000000001,1295
1788961800,2026-09-09 13:50:00+00:00,1.3559700000000001,1.35612,1.35549,1.35551,1306
1788962100,2026-09-09 13:55:00+00:00,1.35551,1.35603,1.35551,1.35581,1534
1788962400,2026-09-09 14:00:00+00:00,1.35581,1.35606,1.35565,1.35588,1801
1788962700,2026-09-09 14:05:00+00:00,1.35589,1.35618,1.35588,1.35615,1026
1788963000,2026-09-09 14:10:00+00:00,1.35615,1.35639,1.35593,1.35625,1014
1788963300,2026-09-09 14:15:00+00:00,1.35625,1.35626,1.35582,1.35605,1433
1788963600,2026-09-09 14:20:00+00:00,1.35605,1.35628,1.35574,1.35581,1286
1788963900,2026-09-09 14:25:00+00:00,1.35581,1.35628,1.35581,1.35626,1221
1788964200,2026-09-09 14:30:00+00:00,1.35626,1.35626,1.35585,1.3560400000000001,863
1788964500,2026-09-09 14:35:00+00:00,1.3560400000000001,1.3562699999999999,1.35592,1.35616,752
1788964800,2026-09-09 14:40:00+00:00,1.35616,1.35616,1.35585,1.3559,1167
1788965100,2026-09-09 14:45:00+00:00,1.3559,1.35611,1.35585,1.35598,1026
1788965400,2026-09-09 14:50:00+00:00,1.35598,1.35625,1.35595,1.35615,1056
1788965700,2026-09-09 14:55:00+00:00,1.35615,1.3563,1.35594,1.35625,1321
1788966000,2026-09-09 15:00:00+00:00,1.35625,1.35652,1.35481,1.35492,4018
1788966300,2026-09-09 15:05:00+00:00,1.35492,1.3550200000000001,1.35445,1.35468,2900
1788966600,2026-09-09 15:10:00+00:00,1.35468,1.35468,1.35388,1.35411,1891
1788966900,2026-09-09 15:15:00+00:00,1.35411,1.35436,1.3536299999999999,1.35386,2029
1788967200,2026-09-09 15:20:00+00:00,1.35386,1.3541699999999999,1.35344,1.35354,2441
1788967500,2026-09-09 15:25:00+00:00,1.35354,1.35459,1.35354,1.35454,2161
1788967800,2026-09-09 15:30:00+00:00,1.35455,1.35468,1.3541400000000001,1.35468,1640
1788968100,2026-09-09 15:35:00+00:00,1.35467,1.3555,1.35465,1.3554300000000001,1686
1788968400,2026-09-09 15:40:00+00:00,1.3554300000000001,1.3554599999999999,1.35494,1.35497,1441
1788968700,2026-09-09 15:45:00+00:00,1.35497,1.3551,1.35455,1.35473,1095
1788969000,2026-09-09 15:50:00+00:00,1.35473,1.35513,1.35473,1.3548499999999999,1340
1788969300,2026-09-09 15:55:00+00:00,1.3548499999999999,1.35493,1.35462,1.35469,1247
1788969600,2026-09-09 16:00:00+00:00,1.35469,1.35545,1.35467,1.35544,1203
1788969900,2026-09-09 16:05:00+00:00,1.35544,1.35554,1.35471,1.3547500000000001,1580
1788970200,2026-09-09 16:10:00+00:00,1.35474,1.35494,1.3547,1.35484,1186
1788970500,2026-09-09 16:15:00+00:00,1.3548499999999999,1.35487,1.3544800000000001,1.35464,1171
1788970800,2026-09-09 16:20:00+00:00,1.35464,1.35483,1.35454,1.3548,1495
1788971100,2026-09-09 16:25:00+00:00,1.3548,1.35494,1.35457,1.35467,1852
1788971400,2026-09-09 16:30:00+00:00,1.35466,1.35491,1.35462,1.35486,1559
1788971700,2026-09-09 16:35:00+00:00,1.35486,1.355,1.35466,1.35484,1115
1788972000,2026-09-09 16:40:00+00:00,1.35484,1.35508,1.35483,1.35503,876
1788972300,2026-09-09 16:45:00+00:00,1.35503,1.35538,1.35501,1.35533,861
1788972600,2026-09-09 16:50:00+00:00,1.35533,1.35557,1.35528,1.35535,1184
1788972900,2026-09-09 16:55:00+00:00,1.35535,1.35535,1.35511,1.35516,847
1788973200,2026-09-09 17:00:00+00:00,1.35516,1.35562,1.35511,1.35558,1772
1788973500,2026-09-09 17:05:00+00:00,1.35558,1.35584,1.35558,1.35567,1256
1788973800,2026-09-09 17:10:00+00:00,1.3556599999999999,1.35577,1.3556300000000001,1.3556599999999999,1004
1788974100,2026-09-09 17:15:00+00:00,1.35565,1.35586,1.35561,1.35577,1063
1788974400,2026-09-09 17:20:00+00:00,1.35577,1.35599,1.35576,1.35598,743
1788974700,2026-09-09 17:25:00+00:00,1.35598,1.35608,1.35593,1.35598,771
1788975000,2026-09-09 17:30:00+00:00,1.35598,1.35606,1.35585,1.35596,810
1788975300,2026-09-09 17:35:00+00:00,1.35596,1.35596,1.35564,1.35567,861
1788975600,2026-09-09 17:40:00+00:00,1.35567,1.35605,1.35567,1.35596,827
1788975900,2026-09-09 17:45:00+00:00,1.35596,1.35601,1.35579,1.35584,612
1788976200,2026-09-09 17:50:00+00:00,1.35584,1.35587,1.35576,1.35583,630
1788976500,2026-09-09 17:55:00+00:00,1.35582,1.3559700000000001,1.35582,1.35585,658
1788976800,2026-09-09 18:00:00+00:00,1.35585,1.35599,1.35581,1.35595,917
1788977100,2026-09-09 18:05:00+00:00,1.35595,1.35598,1.35575,1.35579,493
1788977400,2026-09-09 18:10:00+00:00,1.35579,1.35592,1.35575,1.35582,497
1788977700,2026-09-09 18:15:00+00:00,1.35583,1.35584,1.35549,1.35553,619
1788978000,2026-09-09 18:20:00+00:00,1.35553,1.35567,1.3554300000000001,1.35557,531
1788978300,2026-09-09 18:25:00+00:00,1.35557,1.3556599999999999,1.3554599999999999,1.3555,883
1788978600,2026-09-09 18:30:00+00:00,1.3555,1.35552,1.35526,1.35535,916
1788978900,2026-09-09 18:35:00+00:00,1.35535,1.35537,1.35522,1.35526,819
1788979200,2026-09-09 18:40:00+00:00,1.35526,1.35534,1.35496,1.3550200000000001,879
1788979500,2026-09-09 18:45:00+00:00,1.3550200000000001,1.3550499999999999,1.35474,1.35476,810
1788979800,2026-09-09 18:50:00+00:00,1.35476,1.35476,1.35453,1.35457,754
1788980100,2026-09-09 18:55:00+00:00,1.35457,1.35464,1.35445,1.35456,857
1788980400,2026-09-09 19:00:00+00:00,1.35456,1.35467,1.35426,1.35428,936
1788980700,2026-09-09 19:05:00+00:00,1.35428,1.35442,1.35418,1.3543,824
1788981000,2026-09-09 19:10:00+00:00,1.3543,1.35434,1.35416,1.35426,808
1788981300,2026-09-09 19:15:00+00:00,1.35425,1.3544399999999999,1.35423,1.35439,575
1788981600,2026-09-09 19:20:00+00:00,1.35438,1.3545099999999999,1.35434,1.35435,662
1788981900,2026-09-09 19:25:00+00:00,1.35436,1.35437,1.3542100000000001,1.3542399999999999,550
1788982200,2026-09-09 19:30:00+00:00,1.3542399999999999,1.35437,1.3541699999999999,1.35434,687
1788982500,2026-09-09 19:35:00+00:00,1.35434,1.3544,1.35423,1.35437,775
1788982800,2026-09-09 19:40:00+00:00,1.35437,1.3545,1.35435,1.35449,565
1788983100,2026-09-09 19:45:00+00:00,1.35449,1.35476,1.35449,1.35466,646
1788983400,2026-09-09 19:50:00+00:00,1.35466,1.35466,1.35447,1.35463,704
1788983700,2026-09-09 19:55:00+00:00,1.35463,1.35465,1.35443,1.35457,854
1788984000,2026-09-09 20:00:00+00:00,1.35457,1.35459,1.3544,1.35442,275
1788984300,2026-09-09 20:05:00+00:00,1.35442,1.35445,1.3543,1.35435,105
1788984600,2026-09-09 20:10:00+00:00,1.35435,1.35443,1.35435,1.35437,111
1788984900,2026-09-09 20:15:00+00:00,1.35437,1.35437,1.35415,1.35416,123
1788985200,2026-09-09 20:20:00+00:00,1.35416,1.35432,1.35415,1.35431,109
1788985500,2026-09-09 20:25:00+00:00,1.35431,1.3544800000000001,1.35431,1.35446,108
1788985800,2026-09-09 20:30:00+00:00,1.35446,1.35458,1.35446,1.35455,135
1788986100,2026-09-09 20:35:00+00:00,1.35455,1.35466,1.35455,1.35456,143
1788986400,2026-09-09 20:40:00+00:00,1.35456,1.35465,1.35456,1.35462,161
1788986700,2026-09-09 20:45:00+00:00,1.35462,1.35467,1.35457,1.35467,170
1788987000,2026-09-09 20:50:00+00:00,1.35467,1.3547799999999999,1.35465,1.35474,176
1788987300,2026-09-09 20:55:00+00:00,1.35473,1.3547799999999999,1.35458,1.35462,206
1788987600,2026-09-09 21:00:00+00:00,1.35462,1.35585,1.3535599999999999,1.35468,493
1788987900,2026-09-09 21:05:00+00:00,1.35468,1.35579,1.3541400000000001,1.3555,893
1788988200,2026-09-09 21:10:00+00:00,1.3555,1.35589,1.35426,1.35561,783
1788988500,2026-09-09 21:15:00+00:00,1.35561,1.35561,1.35446,1.35459,397
1788988800,2026-09-09 21:20:00+00:00,1.35459,1.3552,1.35434,1.35461,258
1788989100,2026-09-09 21:25:00+00:00,1.35461,1.35486,1.35442,1.35458,171
1788989400,2026-09-09 21:30:00+00:00,1.35446,1.3548200000000001,1.35446,1.35461,209
1788989700,2026-09-09 21:35:00+00:00,1.35461,1.35473,1.3546,1.35462,72
1788990000,2026-09-09 21:40:00+00:00,1.35462,1.3547500000000001,1.35438,1.3544800000000001,163
1788990300,2026-09-09 21:45:00+00:00,1.3544800000000001,1.35472,1.35437,1.35458,527
1788990600,2026-09-09 21:50:00+00:00,1.35458,1.35467,1.3544399999999999,1.35465,264
1788990900,2026-09-09 21:55:00+00:00,1.35465,1.35471,1.35432,1.35468,54
1788991200,2026-09-09 22:00:00+00:00,1.35468,1.3550200000000001,1.35456,1.35473,97
1788991500,2026-09-09 22:05:00+00:00,1.35473,1.35488,1.35472,1.35486,37
1788991800,2026-09-09 22:10:00+00:00,1.35486,1.35501,1.35486,1.35494,184
1788992100,2026-09-09 22:15:00+00:00,1.35494,1.35507,1.35494,1.35507,121
1788992400,2026-09-09 22:20:00+00:00,1.35507,1.35521,1.3550499999999999,1.35514,193
1788992700,2026-09-09 22:25:00+00:00,1.35514,1.35518,1.3551199999999999,1.35514,178
1788993000,2026-09-09 22:30:00+00:00,1.35514,1.35516,1.3550499999999999,1.3550499999999999,164
1788993300,2026-09-09 22:35:00+00:00,1.3550499999999999,1.35507,1.35498,1.35498,104
1788993600,2026-09-09 22:40:00+00:00,1.35498,1.35514,1.35497,1.35513,58
1788993900,2026-09-09 22:45:00+00:00,1.35514,1.35514,1.35508,1.3551199999999999,176
1788994200,2026-09-09 22:50:00+00:00,1.3551199999999999,1.35515,1.35511,1.3551199999999999,210
1788994500,2026-09-09 22:55:00+00:00,1.3551199999999999,1.35524,1.35506,1.35518,133
1788994800,2026-09-09 23:00:00+00:00,1.35518,1.35524,1.35515,1.35516,164
1788995100,2026-09-09 23:05:00+00:00,1.35516,1.35519,1.35513,1.35514,120
1788995400,2026-09-09 23:10:00+00:00,1.35514,1.35526,1.35513,1.35526,97
1788995700,2026-09-09 23:15:00+00:00,1.35526,1.35527,1.35523,1.35524,68
1788996000,2026-09-09 23:20:00+00:00,1.35524,1.35524,1.35514,1.35515,190
1788996300,2026-09-09 23:25:00+00:00,1.35515,1.35524,1.35514,1.35522,289
1788996600,2026-09-09 23:30:00+00:00,1.35522,1.35528,1.35513,1.35515,126
1788996900,2026-09-09 23:35:00+00:00,1.35515,1.35519,1.35513,1.35516,87
1788997200,2026-09-09 23:40:00+00:00,1.35516,1.3552,1.35506,1.35518,121
1788997500,2026-09-09 23:45:00+00:00,1.35519,1.35522,1.3550499999999999,1.35514,474
1788997800,2026-09-09 23:50:00+00:00,1.35514,1.35516,1.35494,1.35494,695
1788998100,2026-09-09 23:55:00+00:00,1.35494,1.35498,1.3548499999999999,1.35496,475
1788998400,2026-09-10 00:00:00+00:00,1.35496,1.35503,1.35469,1.3547,1432
1788998700,2026-09-10 00:05:00+00:00,1.3547,1.3547799999999999,1.35457,1.35477,1216
1788999000,2026-09-10 00:10:00+00:00,1.35477,1.35495,1.35472,1.35481,872
1788999300,2026-09-10 00:15:00+00:00,1.35481,1.35492,1.35474,1.35477,1182
1788999600,2026-09-10 00:20:00+00:00,1.35477,1.35492,1.35457,1.35462,881
1788999900,2026-09-10 00:25:00+00:00,1.35462,1.35476,1.35453,1.35454,884
1789000200,2026-09-10 00:30:00+00:00,1.35454,1.35464,1.35447,1.35454,863
1789000500,2026-09-10 00:35:00+00:00,1.35454,1.35477,1.3545,1.3547500000000001,673
1789000800,2026-09-10 00:40:00+00:00,1.3547500000000001,1.35479,1.35466,1.35477,624
1789001100,2026-09-10 00:45:00+00:00,1.35477,1.35484,1.35467,1.35483,797
1789001400,2026-09-10 00:50:00+00:00,1.35483,1.35499,1.35472,1.35483,1104
1789001700,2026-09-10 00:55:00+00:00,1.35483,1.3548499999999999,1.35455,1.35455,907
1789002000,2026-09-10 01:00:00+00:00,1.35455,1.3547500000000001,1.35452,1.35465,1557
1789002300,2026-09-10 01:05:00+00:00,1.35466,1.35503,1.35465,1.35501,1122
1789002600,2026-09-10 01:10:00+00:00,1.35501,1.3550499999999999,1.3547500000000001,1.35497,1188
1789002900,2026-09-10 01:15:00+00:00,1.35497,1.35516,1.35489,1.3550499999999999,1216
1789003200,2026-09-10 01:20:00+00:00,1.3550499999999999,1.35508,1.35486,1.35487,827
1789003500,2026-09-10 01:25:00+00:00,1.35487,1.35488,1.3547,1.3547,891
1789003800,2026-09-10 01:30:00+00:00,1.3547,1.35484,1.35461,1.35484,919
1789004100,2026-09-10 01:35:00+00:00,1.35484,1.35492,1.35476,1.3548499999999999,890
1789004400,2026-09-10 01:40:00+00:00,1.3548499999999999,1.35495,1.3548200000000001,1.35493,425
1789004700,2026-09-10 01:45:00+00:00,1.35493,1.35523,1.35488,1.35516,653
1789005000,2026-09-10 01:50:00+00:00,1.35516,1.35558,1.35514,1.35548,738
1789005300,2026-09-10 01:55:00+00:00,1.35548,1.35579,1.35548,1.35575,844
1789005600,2026-09-10 02:00:00+00:00,1.35575,1.35603,1.35572,1.35585,722
1789005900,2026-09-10 02:05:00+00:00,1.35585,1.3559,1.35577,1.35578,593
1789006200,2026-09-10 02:10:00+00:00,1.35578,1.35579,1.35561,1.3556599999999999,666
1789006500,2026-09-10 02:15:00+00:00,1.3556599999999999,1.35569,1.3554599999999999,1.35553,594
1789006800,2026-09-10 02:20:00+00:00,1.35553,1.35561,1.35545,1.35548,589
1789007100,2026-09-10 02:25:00+00:00,1.35548,1.35554,1.3554300000000001,1.35547,561
1789007400,2026-09-10 02:30:00+00:00,1.35548,1.35548,1.35522,1.35529,890
1789007700,2026-09-10 02:35:00+00:00,1.35529,1.35562,1.35524,1.35557,608
1789008000,2026-09-10 02:40:00+00:00,1.35557,1.35568,1.35552,1.35553,868
1789008300,2026-09-10 02:45:00+00:00,1.35553,1.35568,1.3554599999999999,1.35564,664
1789008600,2026-09-10 02:50:00+00:00,1.35564,1.35582,1.35557,1.35578,1054
1789008900,2026-09-10 02:55:00+00:00,1.35578,1.3559700000000001,1.3556599999999999,1.35596,926
1789009200,2026-09-10 03:00:00+00:00,1.35596,1.35599,1.35585,1.35586,549
1789009500,2026-09-10 03:05:00+00:00,1.35587,1.35587,1.35547,1.35554,706
1789009800,2026-09-10 03:10:00+00:00,1.35554,1.3556300000000001,1.35552,1.35553,626
1789010100,2026-09-10 03:15:00+00:00,1.35553,1.35559,1.3554599999999999,1.35558,367
1789010400,2026-09-10 03:20:00+00:00,1.35559,1.35559,1.3554300000000001,1.35554,893
1789010700,2026-09-10 03:25:00+00:00,1.35554,1.35562,1.35549,1.35556,778
1789011000,2026-09-10 03:30:00+00:00,1.35556,1.35561,1.35545,1.35555,964
1789011300,2026-09-10 03:35:00+00:00,1.35554,1.35558,1.35544,1.35545,879
1789011600,2026-09-10 03:40:00+00:00,1.35545,1.35547,1.3554,1.35545,541
1789011900,2026-09-10 03:45:00+00:00,1.35545,1.35555,1.35542,1.35553,592
1789012200,2026-09-10 03:50:00+00:00,1.35553,1.35554,1.35548,1.35552,576
1789012500,2026-09-10 03:55:00+00:00,1.35552,1.35568,1.35552,1.3556599999999999,539
1789012800,2026-09-10 04:00:00+00:00,1.3556599999999999,1.3557000000000001,1.35548,1.35557,599
1789013100,2026-09-10 04:05:00+00:00,1.35557,1.35568,1.35551,1.35555,313
1789013400,2026-09-10 04:10:00+00:00,1.35555,1.35574,1.35553,1.35564,365
1789013700,2026-09-10 04:15:00+00:00,1.35564,1.35572,1.3556300000000001,1.3556599999999999,629
1789014000,2026-09-10 04:20:00+00:00,1.3556599999999999,1.35568,1.35553,1.35554,366
1789014300,2026-09-10 04:25:00+00:00,1.35554,1.35556,1.3554599999999999,1.3554599999999999,442
1789014600,2026-09-10 04:30:00+00:00,1.35547,1.3556300000000001,1.35547,1.35557,555
1789014900,2026-09-10 04:35:00+00:00,1.35557,1.3556300000000001,1.35553,1.3556,392
1789015200,2026-09-10 04:40:00+00:00,1.3556,1.35565,1.35544,1.35544,389
1789015500,2026-09-10 04:45:00+00:00,1.35545,1.35547,1.3554,1.35542,240
1789015800,2026-09-10 04:50:00+00:00,1.35542,1.35544,1.35526,1.35526,770
1789016100,2026-09-10 04:55:00+00:00,1.35526,1.35537,1.35525,1.35533,356
1789016400,2026-09-10 05:00:00+00:00,1.35534,1.35552,1.35533,1.35538,989
1789016700,2026-09-10 05:05:00+00:00,1.35538,1.3554,1.35522,1.35523,677
1789017000,2026-09-10 05:10:00+00:00,1.35523,1.3553899999999999,1.35523,1.35537,479
1789017300,2026-09-10 05:15:00+00:00,1.35537,1.35549,1.35534,1.35537,513
1789017600,2026-09-10 05:20:00+00:00,1.35537,1.35545,1.35533,1.3554300000000001,385
1789017900,2026-09-10 05:25:00+00:00,1.3554300000000001,1.35554,1.35535,1.35554,573
1789018200,2026-09-10 05:30:00+00:00,1.35553,1.35565,1.35545,1.3556300000000001,1072
1789018500,2026-09-10 05:35:00+00:00,1.3556300000000001,1.35564,1.35532,1.35532,638
1789018800,2026-09-10 05:40:00+00:00,1.35532,1.35544,1.35524,1.35527,625
1789019100,2026-09-10 05:45:00+00:00,1.35527,1.35548,1.35524,1.35535,838
1789019400,2026-09-10 05:50:00+00:00,1.35535,1.35562,1.35535,1.35562,936
1789019700,2026-09-10 05:55:00+00:00,1.35562,1.35585,1.35561,1.35583,640
1789020000,2026-09-10 06:00:00+00:00,1.35583,1.35595,1.3557000000000001,1.35577,1076
1789020300,2026-09-10 06:05:00+00:00,1.35577,1.35588,1.35568,1.35585,1004
1789020600,2026-09-10 06:10:00+00:00,1.35585,1.35589,1.3554599999999999,1.35548,1264
1789020900,2026-09-10 06:15:00+00:00,1.35548,1.35567,1.35544,1.35565,1406
1789021200,2026-09-10 06:20:00+00:00,1.35565,1.35569,1.35552,1.3556300000000001,946
1789021500,2026-09-10 06:25:00+00:00,1.3556300000000001,1.35568,1.35554,1.3556300000000001,902
1789021800,2026-09-10 06:30:00+00:00,1.35562,1.35569,1.35542,1.3556599999999999,838
1789022100,2026-09-10 06:35:00+00:00,1.3556599999999999,1.35576,1.35562,1.35574,721
1789022400,2026-09-10 06:40:00+00:00,1.35574,1.35578,1.3554599999999999,1.35554,961
1789022700,2026-09-10 06:45:00+00:00,1.35553,1.35578,1.35553,1.3557299999999999,927
1789023000,2026-09-10 06:50:00+00:00,1.35574,1.35576,1.3554599999999999,1.35574,1150
1789023300,2026-09-10 06:55:00+00:00,1.35574,1.35576,1.3556300000000001,1.3557299999999999,855
1789023600,2026-09-10 07:00:00+00:00,1.3557299999999999,1.35574,1.35518,1.35522,1441
1789023900,2026-09-10 07:05:00+00:00,1.35522,1.35524,1.3551199999999999,1.35513,771
1789024200,2026-09-10 07:10:00+00:00,1.35513,1.35534,1.3551,1.35533,766
1789024500,2026-09-10 07:15:00+00:00,1.35533,1.35556,1.35524,1.35534,613
1789024800,2026-09-10 07:20:00+00:00,1.35534,1.35548,1.35532,1.3554599999999999,726
1789025100,2026-09-10 07:25:00+00:00,1.3554599999999999,1.35548,1.3552,1.35533,804
1789025400,2026-09-10 07:30:00+00:00,1.35534,1.35567,1.35533,1.35554,959
1789025700,2026-09-10 07:35:00+00:00,1.35554,1.3556599999999999,1.35528,1.35534,709
1789026000,2026-09-10 07:40:00+00:00,1.35534,1.35557,1.35527,1.35553,959
1789026300,2026-09-10 07:45:00+00:00,1.35553,1.35556,1.3552,1.35522,760
1789026600,2026-09-10 07:50:00+00:00,1.35522,1.35562,1.35521,1.35561,836
1789026900,2026-09-10 07:55:00+00:00,1.35561,1.3556300000000001,1.35525,1.35537,1031
1789027200,2026-09-10 08:00:00+00:00,1.35537,1.3554,1.3549,1.35492,967
1789027500,2026-09-10 08:05:00+00:00,1.35492,1.355,1.35473,1.35496,1016
1789027800,2026-09-10 08:10:00+00:00,1.35496,1.35504,1.3547799999999999,1.3548499999999999,1095
1789028100,2026-09-10 08:15:00+00:00,1.3548499999999999,1.3551,1.35481,1.3550499999999999,670
1789028400,2026-09-10 08:20:00+00:00,1.3550499999999999,1.35511,1.3547,1.3547500000000001,579
1789028700,2026-09-10 08:25:00+00:00,1.3547500000000001,1.35496,1.3547,1.35494,798
1789029000,2026-09-10 08:30:00+00:00,1.35494,1.3550200000000001,1.35472,1.35497,685
1789029300,2026-09-10 08:35:00+00:00,1.35497,1.35526,1.35497,1.3550499999999999,709
1789029600,2026-09-10 08:40:00+00:00,1.3550499999999999,1.35513,1.35499,1.3550499999999999,757
1789029900,2026-09-10 08:45:00+00:00,1.3550499999999999,1.3553,1.3550499999999999,1.35513,733
1789030200,2026-09-10 08:50:00+00:00,1.35513,1.35527,1.35501,1.35519,741
1789030500,2026-09-10 08:55:00+00:00,1.35519,1.35568,1.35499,1.3556599999999999,879
1789030800,2026-09-10 09:00:00+00:00,1.3556599999999999,1.35577,1.35528,1.3553899999999999,718
1789031100,2026-09-10 09:05:00+00:00,1.3553899999999999,1.35564,1.35534,1.3553899999999999,431
1789031400,2026-09-10 09:10:00+00:00,1.35538,1.35567,1.35535,1.35565,852
1789031700,2026-09-10 09:15:00+00:00,1.35565,1.35568,1.35552,1.35555,759
1789032000,2026-09-10 09:20:00+00:00,1.35555,1.35556,1.35517,1.35518,362
1789032300,2026-09-10 09:25:00+00:00,1.35518,1.35523,1.35495,1.3550200000000001,811
1789032600,2026-09-10 09:30:00+00:00,1.3550200000000001,1.3550200000000001,1.35462,1.35474,850
1789032900,2026-09-10 09:35:00+00:00,1.35474,1.35474,1.35452,1.35453,716
1789033200,2026-09-10 09:40:00+00:00,1.35453,1.35457,1.35416,1.35452,1291
1789033500,2026-09-10 09:45:00+00:00,1.35452,1.3546,1.3544,1.35452,662
1789033800,2026-09-10 09:50:00+00:00,1.35452,1.3547799999999999,1.35432,1.35468,780
1789034100,2026-09-10 09:55:00+00:00,1.35468,1.35497,1.35467,1.35494,860
1789034400,2026-09-10 10:00:00+00:00,1.35494,1.3552,1.35481,1.35516,829
1789034700,2026-09-10 10:05:00+00:00,1.35516,1.35529,1.35503,1.35521,479
1789035000,2026-09-10 10:10:00+00:00,1.35521,1.35526,1.35495,1.35496,540
1789035300,2026-09-10 10:15:00+00:00,1.35496,1.3551199999999999,1.35453,1.35454,680
1789035600,2026-09-10 10:20:00+00:00,1.35454,1.35468,1.35436,1.35445,1087
1789035900,2026-09-10 10:25:00+00:00,1.35445,1.3545,1.3542,1.35422,1089
1789036200,2026-09-10 10:30:00+00:00,1.35422,1.35423,1.35396,1.35404,854
1789036500,2026-09-10 10:35:00+00:00,1.35403,1.35404,1.3536299999999999,1.3538000000000001,1430
1789036800,2026-09-10 10:40:00+00:00,1.3538000000000001,1.35404,1.35368,1.35376,1386
1789037100,2026-09-10 10:45:00+00:00,1.35376,1.35389,1.35371,1.3538299999999999,918
1789037400,2026-09-10 10:50:00+00:00,1.3538299999999999,1.35407,1.35373,1.35377,954
1789037700,2026-09-10 10:55:00+00:00,1.35377,1.35433,1.35373,1.35393,1588
1789038000,2026-09-10 11:00:00+00:00,1.35393,1.35395,1.35365,1.35375,1608
1789038300,2026-09-10 11:05:00+00:00,1.35375,1.35381,1.35323,1.35324,1036
1789038600,2026-09-10 11:10:00+00:00,1.35324,1.35331,1.3529499999999999,1.3532600000000001,1051
1789038900,2026-09-10 11:15:00+00:00,1.3532600000000001,1.35343,1.35323,1.35342,1240
1789039200,2026-09-10 11:20:00+00:00,1.35342,1.35345,1.35312,1.35313,969
1789039500,2026-09-10 11:25:00+00:00,1.35313,1.35352,1.35311,1.35317,768
1789039800,2026-09-10 11:30:00+00:00,1.35317,1.35343,1.35312,1.35327,911
1789040100,2026-09-10 11:35:00+00:00,1.35327,1.35357,1.35325,1.35354,981
1789040400,2026-09-10 11:40:00+00:00,1.35354,1.35364,1.35308,1.3532600000000001,1160
1789040700,2026-09-10 11:45:00+00:00,1.35327,1.35344,1.35303,1.35343,1085
1789041000,2026-09-10 11:50:00+00:00,1.35343,1.35347,1.35305,1.3532,951
1789041300,2026-09-10 11:55:00+00:00,1.3532,1.3532,1.3526,1.35287,1445
1789041600,2026-09-10 12:00:00+00:00,1.35287,1.35305,1.3523399999999999,1.3523399999999999,2018
1789041900,2026-09-10 12:05:00+00:00,1.35235,1.35239,1.35193,1.35196,1516
1789042200,2026-09-10 12:10:00+00:00,1.3519700000000001,1.3523,1.35192,1.35206,844
1789042500,2026-09-10 12:15:00+00:00,1.35205,1.35214,1.35141,1.35181,1889
1789042800,2026-09-10 12:20:00+00:00,1.35181,1.35216,1.3517299999999999,1.35199,1730
1789043100,2026-09-10 12:25:00+00:00,1.35199,1.3523399999999999,1.35196,1.3523,1167
1789043400,2026-09-10 12:30:00+00:00,1.3523,1.35294,1.3503,1.35038,2929
1789043700,2026-09-10 12:35:00+00:00,1.35039,1.35072,1.34923,1.34945,3266
1789044000,2026-09-10 12:40:00+00:00,1.34946,1.35023,1.34912,1.35005,2918
1789044300,2026-09-10 12:45:00+00:00,1.35005,1.35099,1.35001,1.35092,2520
1789044600,2026-09-10 12:50:00+00:00,1.35093,1.35118,1.35055,1.3507500000000001,2384
1789044900,2026-09-10 12:55:00+00:00,1.3507500000000001,1.3511199999999999,1.35,1.35111,3029
1789045200,2026-09-10 13:00:00+00:00,1.35111,1.3512,1.3504800000000001,1.35103,2765
1789045500,2026-09-10 13:05:00+00:00,1.35104,1.35118,1.35019,1.3502,2993
1789045800,2026-09-10 13:10:00+00:00,1.3502,1.3504,1.34985,1.34993,2297
1789046100,2026-09-10 13:15:00+00:00,1.34993,1.35036,1.3498,1.34998,2618
1789046400,2026-09-10 13:20:00+00:00,1.34998,1.35056,1.34985,1.34997,2208
1789046700,2026-09-10 13:25:00+00:00,1.34996,1.3502399999999999,1.3496299999999999,1.35016,2341
1789047000,2026-09-10 13:30:00+00:00,1.35016,1.35089,1.34991,1.35076,2636
1789047300,2026-09-10 13:35:00+00:00,1.35076,1.3511600000000001,1.35073,1.35097,2208
1789047600,2026-09-10 13:40:00+00:00,1.35097,1.35174,1.35091,1.3515,2666
1789047900,2026-09-10 13:45:00+00:00,1.3515,1.3520400000000001,1.35148,1.35196,2106
1789048200,2026-09-10 13:50:00+00:00,1.35196,1.3519700000000001,1.35154,1.35154,1472
1789048500,2026-09-10 13:55:00+00:00,1.35154,1.35174,1.35141,1.35154,1201
1789048800,2026-09-10 14:00:00+00:00,1.35154,1.3520400000000001,1.35144,1.35192,1537
1789049100,2026-09-10 14:05:00+00:00,1.35192,1.3520699999999999,1.35156,1.35163,1925
1789049400,2026-09-10 14:10:00+00:00,1.35163,1.35169,1.35134,1.35152,1673
1789049700,2026-09-10 14:15:00+00:00,1.35152,1.35171,1.35127,1.35155,1895
1789050000,2026-09-10 14:20:00+00:00,1.35155,1.35222,1.35152,1.35213,2611
1789050300,2026-09-10 14:25:00+00:00,1.35212,1.35241,1.3515,1.3517700000000001,2235
1789050600,2026-09-10 14:30:00+00:00,1.3517700000000001,1.3520699999999999,1.35163,1.3519700000000001,1594
1789050900,2026-09-10 14:35:00+00:00,1.35196,1.35236,1.35195,1.35203,1364
1789051200,2026-09-10 14:40:00+00:00,1.35203,1.35254,1.35203,1.35228,1082
1789051500,2026-09-10 14:45:00+00:00,1.35228,1.35251,1.35228,1.35245,936
1789051800,2026-09-10 14:50:00+00:00,1.35245,1.35256,1.35237,1.3524,1058
1789052100,2026-09-10 14:55:00+00:00,1.3524,1.35307,1.35228,1.35302,1531
1789052400,2026-09-10 15:00:00+00:00,1.35302,1.35307,1.3525,1.35288,1825
1789052700,2026-09-10 15:05:00+00:00,1.35288,1.3532,1.35284,1.35301,1460
1789053000,2026-09-10 15:10:00+00:00,1.35301,1.35345,1.35285,1.35286,1972
1789053300,2026-09-10 15:15:00+00:00,1.35286,1.35333,1.35275,1.35294,1445
1789053600,2026-09-10 15:20:00+00:00,1.3529499999999999,1.3532899999999999,1.35289,1.35296,1330
1789053900,2026-09-10 15:25:00+00:00,1.35296,1.35297,1.3527,1.35277,1523
1789054200,2026-09-10 15:30:00+00:00,1.35276,1.35307,1.35263,1.35305,1433
1789054500,2026-09-10 15:35:00+00:00,1.35305,1.3532600000000001,1.3529499999999999,1.35321,1453
1789054800,2026-09-10 15:40:00+00:00,1.35321,1.35328,1.35297,1.35316,1263
1789055100,2026-09-10 15:45:00+00:00,1.35316,1.3532199999999999,1.35262,1.35289,941
1789055400,2026-09-10 15:50:00+00:00,1.35289,1.35334,1.35287,1.35307,1070
1789055700,2026-09-10 15:55:00+00:00,1.35307,1.35327,1.353,1.35308,1292
1789056000,2026-09-10 16:00:00+00:00,1.35309,1.3532199999999999,1.35277,1.35278,1754
1789056300,2026-09-10 16:05:00+00:00,1.35277,1.35286,1.35248,1.35259,1102
1789056600,2026-09-10 16:10:00+00:00,1.35259,1.35284,1.35246,1.35273,1002
1789056900,2026-09-10 16:15:00+00:00,1.35273,1.35277,1.35252,1.35275,1127
1789057200,2026-09-10 16:20:00+00:00,1.35275,1.35316,1.35274,1.35314,1052
1789057500,2026-09-10 16:25:00+00:00,1.35314,1.35318,1.3529499999999999,1.353,990
1789057800,2026-09-10 16:30:00+00:00,1.353,1.35313,1.35251,1.35255,1293
1789058100,2026-09-10 16:35:00+00:00,1.35255,1.35266,1.35232,1.35235,1424
1789058400,2026-09-10 16:40:00+00:00,1.35235,1.35246,1.35223,1.35241,1267
1789058700,2026-09-10 16:45:00+00:00,1.35241,1.35253,1.35233,1.35235,1470
1789059000,2026-09-10 16:50:00+00:00,1.35235,1.3525,1.35232,1.35235,1013
1789059300,2026-09-10 16:55:00+00:00,1.35235,1.35245,1.3522,1.35235,1090
1789059600,2026-09-10 17:00:00+00:00,1.35235,1.35251,1.35196,1.3523,1577
1789059900,2026-09-10 17:05:00+00:00,1.3523,1.3524,1.35211,1.35233,950
1789060200,2026-09-10 17:10:00+00:00,1.35233,1.35286,1.35226,1.35284,1466
1789060500,2026-09-10 17:15:00+00:00,1.35284,1.35286,1.35264,1.35274,837
1789060800,2026-09-10 17:20:00+00:00,1.35274,1.35304,1.35273,1.35297,720
1789061100,2026-09-10 17:25:00+00:00,1.35297,1.35306,1.35279,1.35293,819
1789061400,2026-09-10 17:30:00+00:00,1.35293,1.3529900000000001,1.35276,1.35284,821
1789061700,2026-09-10 17:35:00+00:00,1.35284,1.35289,1.3526099999999999,1.3526500000000001,812
1789062000,2026-09-10 17:40:00+00:00,1.3526500000000001,1.35271,1.35244,1.35248,1105
1789062300,2026-09-10 17:45:00+00:00,1.35248,1.3525,1.35233,1.35241,997
1789062600,2026-09-10 17:50:00+00:00,1.35241,1.35248,1.3523100000000001,1.35241,776
1789062900,2026-09-10 17:55:00+00:00,1.35241,1.35242,1.35201,1.35209,1058
1789063200,2026-09-10 18:00:00+00:00,1.35209,1.35212,1.35175,1.35194,1657
1789063500,2026-09-10 18:05:00+00:00,1.35194,1.35202,1.35159,1.35164,1188
1789063800,2026-09-10 18:10:00+00:00,1.35163,1.35163,1.3511600000000001,1.35123,1355
1789064100,2026-09-10 18:15:00+00:00,1.35123,1.3514300000000001,1.35114,1.35137,961
1789064400,2026-09-10 18:20:00+00:00,1.35137,1.3517299999999999,1.35137,1.35164,777
1789064700,2026-09-10 18:25:00+00:00,1.35164,1.35169,1.35132,1.35153,1198
1789065000,2026-09-10 18:30:00+00:00,1.35153,1.35154,1.35111,1.35128,1401
1789065300,2026-09-10 18:35:00+00:00,1.35128,1.3514,1.3512,1.35126,768
1789065600,2026-09-10 18:40:00+00:00,1.35126,1.3514300000000001,1.35123,1.35137,611
1789065900,2026-09-10 18:45:00+00:00,1.35137,1.35137,1.35103,1.35113,513
1789066200,2026-09-10 18:50:00+00:00,1.35113,1.35159,1.35107,1.3514,1338
1789066500,2026-09-10 18:55:00+00:00,1.3514,1.3515,1.35122,1.35135,992
1789066800,2026-09-10 19:00:00+00:00,1.35135,1.35135,1.35101,1.35104,1329
1789067100,2026-09-10 19:05:00+00:00,1.35104,1.3513,1.35096,1.35123,1120
1789067400,2026-09-10 19:10:00+00:00,1.35123,1.35123,1.35072,1.35086,929
1789067700,2026-09-10 19:15:00+00:00,1.35086,1.35098,1.35081,1.35096,599
1789068000,2026-09-10 19:20:00+00:00,1.35096,1.35119,1.35095,1.35111,700
1789068300,2026-09-10 19:25:00+00:00,1.35111,1.3511600000000001,1.35097,1.35107,639
1789068600,2026-09-10 19:30:00+00:00,1.35107,1.35118,1.35093,1.35104,816
1789068900,2026-09-10 19:35:00+00:00,1.35104,1.3511,1.35093,1.35097,749
1789069200,2026-09-10 19:40:00+00:00,1.35097,1.3511199999999999,1.35095,1.35104,678
1789069500,2026-09-10 19:45:00+00:00,1.35104,1.3511,1.35093,1.35107,757
1789069800,2026-09-10 19:50:00+00:00,1.35107,1.35113,1.35093,1.35103,855
1789070100,2026-09-10 19:55:00+00:00,1.35103,1.35106,1.3508200000000001,1.35094,687
1789070400,2026-09-10 20:00:00+00:00,1.35094,1.35096,1.3507799999999999,1.35083,525
1789070700,2026-09-10 20:05:00+00:00,1.35083,1.35095,1.3508,1.35083,190
1789071000,2026-09-10 20:10:00+00:00,1.35083,1.35086,1.35081,1.3508499999999999,192
1789071300,2026-09-10 20:15:00+00:00,1.3508499999999999,1.35087,1.35063,1.35065,235
1789071600,2026-09-10 20:20:00+00:00,1.35065,1.35066,1.35045,1.35052,213
1789071900,2026-09-10 20:25:00+00:00,1.35052,1.35063,1.35045,1.35061,148
1789072200,2026-09-10 20:30:00+00:00,1.35061,1.35087,1.35061,1.35086,223
1789072500,2026-09-10 20:35:00+00:00,1.35086,1.35107,1.35084,1.35097,229
1789072800,2026-09-10 20:40:00+00:00,1.35097,1.35099,1.35076,1.35076,172
1789073100,2026-09-10 20:45:00+00:00,1.35076,1.35101,1.3507500000000001,1.35098,241
1789073400,2026-09-10 20:50:00+00:00,1.35098,1.3510900000000001,1.35096,1.3510499999999999,280
1789073700,2026-09-10 20:55:00+00:00,1.3510499999999999,1.3512,1.35102,1.35108,269
1789074000,2026-09-10 21:00:00+00:00,1.35108,1.3516599999999999,1.3504,1.3511,29
1789074300,2026-09-10 21:05:00+00:00,1.3511,1.35141,1.35099,1.35106,101
1789074600,2026-09-10 21:10:00+00:00,1.35106,1.3511600000000001,1.35076,1.351,212
1789074900,2026-09-10 21:15:00+00:00,1.351,1.35117,1.3506,1.35103,208
1789075200,2026-09-10 21:20:00+00:00,1.35103,1.3511,1.3506,1.3507799999999999,245
1789075500,2026-09-10 21:25:00+00:00,1.3507799999999999,1.35125,1.35063,1.35104,226
1789075800,2026-09-10 21:30:00+00:00,1.35104,1.35122,1.35094,1.35108,202
1789076100,2026-09-10 21:35:00+00:00,1.35108,1.35133,1.35088,1.3511600000000001,171
1789076400,2026-09-10 21:40:00+00:00,1.3511600000000001,1.35129,1.35091,1.35115,141
1789076700,2026-09-10 21:45:00+00:00,1.35115,1.3514300000000001,1.3508,1.35137,92
1789077000,2026-09-10 21:50:00+00:00,1.35137,1.35141,1.35092,1.35117,75
1789077300,2026-09-10 21:55:00+00:00,1.35117,1.35125,1.35095,1.35098,110
1789077600,2026-09-10 22:00:00+00:00,1.35098,1.35141,1.35088,1.3511,301
1789077900,2026-09-10 22:05:00+00:00,1.3511,1.35131,1.35106,1.35107,121
1789078200,2026-09-10 22:10:00+00:00,1.35107,1.35111,1.35095,1.3511,209
1789078500,2026-09-10 22:15:00+00:00,1.3511,1.35115,1.35107,1.35108,82
1789078800,2026-09-10 22:20:00+00:00,1.35108,1.35126,1.35108,1.35117,145
1789079100,2026-09-10 22:25:00+00:00,1.35117,1.3512,1.35108,1.35111,166
1789079400,2026-09-10 22:30:00+00:00,1.35111,1.35117,1.35103,1.35117,175
1789079700,2026-09-10 22:35:00+00:00,1.35117,1.35117,1.35107,1.35108,90
1789080000,2026-09-10 22:40:00+00:00,1.35108,1.3512,1.35104,1.35111,134
1789080300,2026-09-10 22:45:00+00:00,1.35111,1.35118,1.3511,1.35115,89
1789080600,2026-09-10 22:50:00+00:00,1.35115,1.35123,1.35114,1.35118,108
1789080900,2026-09-10 22:55:00+00:00,1.35118,1.35129,1.35115,1.35119,189
1789081200,2026-09-10 23:00:00+00:00,1.35119,1.35127,1.35101,1.35102,254
1789081500,2026-09-10 23:05:00+00:00,1.35102,1.35102,1.35092,1.35097,220
1789081800,2026-09-10 23:10:00+00:00,1.35097,1.35103,1.35093,1.35102,118
1789082100,2026-09-10 23:15:00+00:00,1.35102,1.35111,1.35101,1.35108,201
1789082400,2026-09-10 23:20:00+00:00,1.35108,1.3511,1.35091,1.35093,248
1789082700,2026-09-10 23:25:00+00:00,1.35093,1.351,1.35089,1.35091,169
1789083000,2026-09-10 23:30:00+00:00,1.35091,1.35101,1.3508200000000001,1.35093,283
1789083300,2026-09-10 23:35:00+00:00,1.35093,1.35099,1.35086,1.35096,329
1789083600,2026-09-10 23:40:00+00:00,1.35096,1.35101,1.3508499999999999,1.35101,290
1789083900,2026-09-10 23:45:00+00:00,1.35101,1.3510499999999999,1.35088,1.35094,372
1789084200,2026-09-10 23:50:00+00:00,1.35094,1.35101,1.35084,1.3509,614
1789084500,2026-09-10 23:55:00+00:00,1.3509,1.35104,1.35087,1.35103,475
1789084800,2026-09-11 00:00:00+00:00,1.35103,1.35144,1.351,1.35121,1074
1789085100,2026-09-11 00:05:00+00:00,1.35121,1.35149,1.35118,1.3513,967
1789085400,2026-09-11 00:10:00+00:00,1.3513,1.35132,1.35111,1.35118,826
1789085700,2026-09-11 00:15:00+00:00,1.35118,1.3514,1.35113,1.3514,699
1789086000,2026-09-11 00:20:00+00:00,1.35141,1.3514300000000001,1.35117,1.35121,621
1789086300,2026-09-11 00:25:00+00:00,1.3512,1.35132,1.3510900000000001,1.35131,776
1789086600,2026-09-11 00:30:00+00:00,1.35131,1.3514300000000001,1.3512,1.3514,657
1789086900,2026-09-11 00:35:00+00:00,1.3514,1.35149,1.3513899999999999,1.35144,568
1789087200,2026-09-11 00:40:00+00:00,1.3514300000000001,1.35147,1.3513,1.3513899999999999,547
1789087500,2026-09-11 00:45:00+00:00,1.3513899999999999,1.35157,1.35137,1.3513899999999999,696
1789087800,2026-09-11 00:50:00+00:00,1.3513899999999999,1.3515,1.35128,1.35129,1116
1789088100,2026-09-11 00:55:00+00:00,1.35129,1.35159,1.35127,1.35157,875
1789088400,2026-09-11 01:00:00+00:00,1.35157,1.35165,1.3514,1.3516,1491
1789088700,2026-09-11 01:05:00+00:00,1.3516,1.35161,1.3514599999999999,1.35152,911
1789089000,2026-09-11 01:10:00+00:00,1.35152,1.35158,1.3513899999999999,1.35147,1391
1789089300,2026-09-11 01:15:00+00:00,1.35147,1.3516,1.35141,1.35158,1100
1789089600,2026-09-11 01:20:00+00:00,1.35158,1.35159,1.35121,1.35123,1225
1789089900,2026-09-11 01:25:00+00:00,1.35123,1.35145,1.35123,1.35127,1436
1789090200,2026-09-11 01:30:00+00:00,1.35127,1.35132,1.35117,1.35121,1254
1789090500,2026-09-11 01:35:00+00:00,1.35121,1.3514300000000001,1.35121,1.35132,1362
1789090800,2026-09-11 01:40:00+00:00,1.35132,1.35132,1.3510900000000001,1.3512,969
1789091100,2026-09-11 01:45:00+00:00,1.3512,1.35121,1.35086,1.3509,856
1789091400,2026-09-11 01:50:00+00:00,1.3509,1.35097,1.3507500000000001,1.3507500000000001,1025
1789091700,2026-09-11 01:55:00+00:00,1.3507500000000001,1.35088,1.35068,1.35087,1027
1789092000,2026-09-11 02:00:00+00:00,1.35088,1.3509,1.35045,1.35057,1260
1789092300,2026-09-11 02:05:00+00:00,1.35057,1.35067,1.3504399999999999,1.35066,989
1789092600,2026-09-11 02:10:00+00:00,1.35066,1.35084,1.35062,1.35069,569
1789092900,2026-09-11 02:15:00+00:00,1.3507,1.35071,1.35049,1.35069,667
1789093200,2026-09-11 02:20:00+00:00,1.35069,1.35071,1.35046,1.35049,586
1789093500,2026-09-11 02:25:00+00:00,1.35049,1.35049,1.35023,1.3502399999999999,799
1789093800,2026-09-11 02:30:00+00:00,1.3502399999999999,1.35028,1.35009,1.35015,961
1789094100,2026-09-11 02:35:00+00:00,1.35015,1.35031,1.35006,1.35029,943
1789094400,2026-09-11 02:40:00+00:00,1.35029,1.35042,1.35027,1.35028,1090
1789094700,2026-09-11 02:45:00+00:00,1.35028,1.35046,1.35028,1.35045,1335
1789095000,2026-09-11 02:50:00+00:00,1.35045,1.3505,1.35038,1.35039,777
1789095300,2026-09-11 02:55:00+00:00,1.35039,1.35049,1.35036,1.35038,756
1789095600,2026-09-11 03:00:00+00:00,1.35038,1.35046,1.35028,1.35029,1040
1789095900,2026-09-11 03:05:00+00:00,1.35029,1.35029,1.35,1.35018,889
1789096200,2026-09-11 03:10:00+00:00,1.35018,1.35029,1.35016,1.35029,924
1789096500,2026-09-11 03:15:00+00:00,1.35029,1.35032,1.34998,1.35002,748
1789096800,2026-09-11 03:20:00+00:00,1.35001,1.35009,1.34974,1.34976,987
1789097100,2026-09-11 03:25:00+00:00,1.34975,1.34988,1.34972,1.34975,810
1789097400,2026-09-11 03:30:00+00:00,1.34975,1.34982,1.3495599999999999,1.3496000000000001,836
1789097700,2026-09-11 03:35:00+00:00,1.34959,1.34979,1.34958,1.3497,681
1789098000,2026-09-11 03:40:00+00:00,1.3497,1.3498999999999999,1.34969,1.3498,881
1789098300,2026-09-11 03:45:00+00:00,1.34981,1.34982,1.34965,1.3497,820
1789098600,2026-09-11 03:50:00+00:00,1.3497,1.34988,1.34968,1.34986,687
1789098900,2026-09-11 03:55:00+00:00,1.34986,1.35015,1.34986,1.34996,983
1789099200,2026-09-11 04:00:00+00:00,1.34996,1.35022,1.3498299999999999,1.35019,1311
1789099500,2026-09-11 04:05:00+00:00,1.35019,1.35042,1.35015,1.3504,1031
1789099800,2026-09-11 04:10:00+00:00,1.3504,1.35065,1.3504,1.3505099999999999,1121
1789100100,2026-09-11 04:15:00+00:00,1.3505,1.3506,1.3504800000000001,1.35059,1344
1789100400,2026-09-11 04:20:00+00:00,1.35059,1.3507,1.3504800000000001,1.35049,1211
1789100700,2026-09-11 04:25:00+00:00,1.35049,1.3506,1.35045,1.35055,1193
1789101000,2026-09-11 04:30:00+00:00,1.35055,1.35065,1.35036,1.35038,633
1789101300,2026-09-11 04:35:00+00:00,1.35038,1.3504399999999999,1.35029,1.35041,583
1789101600,2026-09-11 04:40:00+00:00,1.3504,1.35049,1.3503,1.3504800000000001,601
1789101900,2026-09-11 04:45:00+00:00,1.3504800000000001,1.35053,1.3503,1.35033,1031
1789102200,2026-09-11 04:50:00+00:00,1.35033,1.35049,1.35027,1.35029,697
1789102500,2026-09-11 04:55:00+00:00,1.3503,1.35033,1.35026,1.35027,632
1789102800,2026-09-11 05:00:00+00:00,1.35027,1.3504800000000001,1.35018,1.35033,788
1789103100,2026-09-11 05:05:00+00:00,1.35033,1.35059,1.35033,1.35052,973
1789103400,2026-09-11 05:10:00+00:00,1.35052,1.35072,1.35043,1.3507,941
1789103700,2026-09-11 05:15:00+00:00,1.3507,1.35095,1.35069,1.35092,616
1789104000,2026-09-11 05:20:00+00:00,1.35092,1.35099,1.3507799999999999,1.3509,728
1789104300,2026-09-11 05:25:00+00:00,1.3509,1.3509,1.35062,1.35079,630
1789104600,2026-09-11 05:30:00+00:00,1.35079,1.3511,1.35079,1.35103,862
1789104900,2026-09-11 05:35:00+00:00,1.35103,1.3513899999999999,1.35103,1.35132,1132
1789105200,2026-09-11 05:40:00+00:00,1.35131,1.35142,1.3511199999999999,1.35133,911
1789105500,2026-09-11 05:45:00+00:00,1.35133,1.35141,1.3511199999999999,1.35119,968
1789105800,2026-09-11 05:50:00+00:00,1.35119,1.35138,1.35097,1.351,954
1789106100,2026-09-11 05:55:00+00:00,1.351,1.35126,1.351,1.3510499999999999,906
1789106400,2026-09-11 06:00:00+00:00,1.3510499999999999,1.35193,1.3510499999999999,1.35142,1233
1789106700,2026-09-11 06:05:00+00:00,1.35142,1.35176,1.35132,1.35151,1267
1789107000,2026-09-11 06:10:00+00:00,1.35151,1.35244,1.3513899999999999,1.35232,1622
1789107300,2026-09-11 06:15:00+00:00,1.35232,1.3526500000000001,1.35214,1.35224,1407
1789107600,2026-09-11 06:20:00+00:00,1.35224,1.35232,1.35209,1.35219,1014
1789107900,2026-09-11 06:25:00+00:00,1.35219,1.35247,1.35214,1.3523800000000001,1270
1789108200,2026-09-11 06:30:00+00:00,1.3523800000000001,1.3526,1.35188,1.35192,1465
1789108500,2026-09-11 06:35:00+00:00,1.35192,1.35243,1.35186,1.35223,1053
1789108800,2026-09-11 06:40:00+00:00,1.35223,1.35233,1.3520400000000001,1.3523100000000001,832
1789109100,2026-09-11 06:45:00+00:00,1.3523100000000001,1.3525800000000001,1.35225,1.3524,883
1789109400,2026-09-11 06:50:00+00:00,1.3524,1.35257,1.3523100000000001,1.35256,988
1789109700,2026-09-11 06:55:00+00:00,1.35256,1.3526500000000001,1.35236,1.35245,854
1789110000,2026-09-11 07:00:00+00:00,1.35245,1.35262,1.35183,1.35196,1426
1789110300,2026-09-11 07:05:00+00:00,1.3519700000000001,1.3522,1.35191,1.35214,1340
1789110600,2026-09-11 07:10:00+00:00,1.35214,1.3523800000000001,1.35203,1.35206,995
1789110900,2026-09-11 07:15:00+00:00,1.3520699999999999,1.3520699999999999,1.35182,1.35186,945
1789111200,2026-09-11 07:20:00+00:00,1.35186,1.3524,1.35182,1.35236,909
1789111500,2026-09-11 07:25:00+00:00,1.35236,1.35245,1.35196,1.35198,829
1789111800,2026-09-11 07:30:00+00:00,1.35198,1.35217,1.35183,1.35191,1105
1789112100,2026-09-11 07:35:00+00:00,1.35191,1.3520400000000001,1.35183,1.35201,796
1789112400,2026-09-11 07:40:00+00:00,1.35201,1.3520699999999999,1.35167,1.35171,942
1789112700,2026-09-11 07:45:00+00:00,1.35171,1.35172,1.35137,1.35158,836
1789113000,2026-09-11 07:50:00+00:00,1.35158,1.35175,1.3514,1.35157,657
1789113300,2026-09-11 07:55:00+00:00,1.35157,1.35176,1.3514,1.35159,961
1789113600,2026-09-11 08:00:00+00:00,1.35159,1.35165,1.3512,1.35127,1093
1789113900,2026-09-11 08:05:00+00:00,1.35127,1.35162,1.35117,1.35121,747
1789114200,2026-09-11 08:10:00+00:00,1.35121,1.35156,1.3510499999999999,1.35132,1196
1789114500,2026-09-11 08:15:00+00:00,1.35132,1.35147,1.35111,1.35114,1037
1789114800,2026-09-11 08:20:00+00:00,1.35114,1.35174,1.35092,1.35145,1621
1789115100,2026-09-11 08:25:00+00:00,1.35144,1.3514599999999999,1.35096,1.35098,901
1789115400,2026-09-11 08:30:00+00:00,1.35098,1.35119,1.35079,1.3508200000000001,702
1789115700,2026-09-11 08:35:00+00:00,1.3508200000000001,1.35102,1.35069,1.35071,761
1789116000,2026-09-11 08:40:00+00:00,1.35071,1.35113,1.35071,1.35101,829
1789116300,2026-09-11 08:45:00+00:00,1.35101,1.35118,1.3508,1.35088,683
1789116600,2026-09-11 08:50:00+00:00,1.35088,1.3510499999999999,1.3508,1.35091,677
1789116900,2026-09-11 08:55:00+00:00,1.35091,1.35092,1.35053,1.35058,939
1789117200,2026-09-11 09:00:00+00:00,1.35058,1.35098,1.35039,1.3504,1143
1789117500,2026-09-11 09:05:00+00:00,1.35041,1.35059,1.35008,1.35009,830
1789117800,2026-09-11 09:10:00+00:00,1.35009,1.35036,1.34977,1.35029,680
1789118100,2026-09-11 09:15:00+00:00,1.35029,1.35062,1.3502,1.35062,501
1789118400,2026-09-11 09:20:00+00:00,1.35062,1.35111,1.35059,1.3510900000000001,929
1789118700,2026-09-11 09:25:00+00:00,1.3510900000000001,1.3515,1.35089,1.3509,756
1789119000,2026-09-11 09:30:00+00:00,1.3509,1.35092,1.35056,1.35064,595
1789119300,2026-09-11 09:35:00+00:00,1.35064,1.3508499999999999,1.35049,1.3507,648
1789119600,2026-09-11 09:40:00+00:00,1.3507,1.35083,1.35059,1.3508200000000001,459
1789119900,2026-09-11 09:45:00+00:00,1.3508200000000001,1.35083,1.35065,1.3507799999999999,666
1789120200,2026-09-11 09:50:00+00:00,1.35079,1.35098,1.35058,1.35058,906
1789120500,2026-09-11 09:55:00+00:00,1.35058,1.3509,1.35035,1.35087,1018
1789120800,2026-09-11 10:00:00+00:00,1.35087,1.35132,1.35069,1.35118,1487
1789121100,2026-09-11 10:05:00+00:00,1.35118,1.35124,1.35077,1.3507799999999999,654
1789121400,2026-09-11 10:10:00+00:00,1.3507799999999999,1.35098,1.35064,1.35097,597
1789121700,2026-09-11 10:15:00+00:00,1.35097,1.35097,1.3506,1.35067,566
1789122000,2026-09-11 10:20:00+00:00,1.35067,1.35069,1.35041,1.3506,584
1789122300,2026-09-11 10:25:00+00:00,1.3506,1.3507,1.35047,1.3505,721
1789122600,2026-09-11 10:30:00+00:00,1.3505,1.35061,1.35038,1.35047,658
1789122900,2026-09-11 10:35:00+00:00,1.35047,1.35049,1.35025,1.35043,951
1789123200,2026-09-11 10:40:00+00:00,1.35043,1.35043,1.35009,1.35031,1156
1789123500,2026-09-11 10:45:00+00:00,1.35031,1.35056,1.35018,1.3505,838
1789123800,2026-09-11 10:50:00+00:00,1.3505,1.3506,1.35043,1.3504800000000001,689
1789124100,2026-09-11 10:55:00+00:00,1.3504800000000001,1.3506,1.35038,1.35052,863
1789124400,2026-09-11 11:00:00+00:00,1.35052,1.3508200000000001,1.35042,1.35079,1009
1789124700,2026-09-11 11:05:00+00:00,1.35079,1.35102,1.35071,1.35098,753
1789125000,2026-09-11 11:10:00+00:00,1.35098,1.35098,1.3507,1.35088,736
1789125300,2026-09-11 11:15:00+00:00,1.35088,1.35103,1.35066,1.35091,1163
1789125600,2026-09-11 11:20:00+00:00,1.35091,1.35094,1.35058,1.35062,827
1789125900,2026-09-11 11:25:00+00:00,1.35062,1.35093,1.35057,1.35066,1223
1789126200,2026-09-11 11:30:00+00:00,1.35066,1.35081,1.35057,1.35065,904
1789126500,2026-09-11 11:35:00+00:00,1.35065,1.35076,1.35046,1.3506,928
1789126800,2026-09-11 11:40:00+00:00,1.3506,1.35083,1.35037,1.35063,992
1789127100,2026-09-11 11:45:00+00:00,1.35063,1.35065,1.35036,1.35047,1015
1789127400,2026-09-11 11:50:00+00:00,1.35047,1.35081,1.35037,1.3504800000000001,842
1789127700,2026-09-11 11:55:00+00:00,1.3504800000000001,1.35058,1.3501699999999999,1.35037,943
1789128000,2026-09-11 12:00:00+00:00,1.35038,1.35092,1.35036,1.35086,1214
1789128300,2026-09-11 12:05:00+00:00,1.35086,1.35118,1.3508,1.35087,1027
1789128600,2026-09-11 12:10:00+00:00,1.35087,1.35118,1.3507500000000001,1.35113,1190
1789128900,2026-09-11 12:15:00+00:00,1.35113,1.35142,1.35097,1.35124,1274
1789129200,2026-09-11 12:20:00+00:00,1.35124,1.35144,1.3510499999999999,1.35128,1531
1789129500,2026-09-11 12:25:00+00:00,1.35128,1.35176,1.3510900000000001,1.35164,1242
1789129800,2026-09-11 12:30:00+00:00,1.35164,1.3518,1.34812,1.34961,4924
1789130100,2026-09-11 12:35:00+00:00,1.34962,1.35054,1.34962,1.3502399999999999,4141
1789130400,2026-09-11 12:40:00+00:00,1.3502399999999999,1.35104,1.3501699999999999,1.35084,3981
1789130700,2026-09-11 12:45:00+00:00,1.35084,1.35196,1.35084,1.35138,3496
1789131000,2026-09-11 12:50:00+00:00,1.3513899999999999,1.35229,1.35127,1.35181,3465
1789131300,2026-09-11 12:55:00+00:00,1.35181,1.35241,1.3517299999999999,1.3524,3225
1789131600,2026-09-11 13:00:00+00:00,1.3524,1.35294,1.35225,1.3525800000000001,3523
1789131900,2026-09-11 13:05:00+00:00,1.3525800000000001,1.35278,1.35174,1.35191,3196
1789132200,2026-09-11 13:10:00+00:00,1.3519,1.35235,1.35169,1.35217,2636
1789132500,2026-09-11 13:15:00+00:00,1.35216,1.3522,1.35137,1.35158,2524
1789132800,2026-09-11 13:20:00+00:00,1.35158,1.35209,1.35158,1.35189,1859
1789133100,2026-09-11 13:25:00+00:00,1.35189,1.3525,1.35168,1.3519999999999999,3389
1789133400,2026-09-11 13:30:00+00:00,1.3519999999999999,1.35232,1.3516599999999999,1.3521,3272
1789133700,2026-09-11 13:35:00+00:00,1.3521,1.3523800000000001,1.35174,1.3520699999999999,2705
1789134000,2026-09-11 13:40:00+00:00,1.3520699999999999,1.35283,1.35167,1.3519999999999999,2990
1789134300,2026-09-11 13:45:00+00:00,1.35201,1.35272,1.35191,1.35243,2797
1789134600,2026-09-11 13:50:00+00:00,1.35243,1.35273,1.35217,1.35271,1924
1789134900,2026-09-11 13:55:00+00:00,1.35271,1.35349,1.3525,1.35321,1310
1789135200,2026-09-11 14:00:00+00:00,1.35321,1.35336,1.35229,1.35309,2184
1789135500,2026-09-11 14:05:00+00:00,1.3531,1.35345,1.3529900000000001,1.35327,2932
1789135800,2026-09-11 14:10:00+00:00,1.35327,1.35338,1.35267,1.35267,2510
1789136100,2026-09-11 14:15:00+00:00,1.35267,1.35301,1.3526099999999999,1.35298,2013
1789136400,2026-09-11 14:20:00+00:00,1.35298,1.35304,1.35274,1.35297,1463
1789136700,2026-09-11 14:25:00+00:00,1.35297,1.35297,1.35241,1.35249,1800
1789137000,2026-09-11 14:30:00+00:00,1.35249,1.3526799999999999,1.35217,1.3525,1932
1789137300,2026-09-11 14:35:00+00:00,1.3525,1.35278,1.3523100000000001,1.3524,1480
1789137600,2026-09-11 14:40:00+00:00,1.3524,1.35275,1.35223,1.35243,1737
1789137900,2026-09-11 14:45:00+00:00,1.35242,1.3531,1.3524,1.35282,2258
1789138200,2026-09-11 14:50:00+00:00,1.35282,1.35301,1.35243,1.3526099999999999,2027
1789138500,2026-09-11 14:55:00+00:00,1.3526099999999999,1.35303,1.35255,1.35293,1991
1789138800,2026-09-11 15:00:00+00:00,1.3529499999999999,1.35311,1.35266,1.35281,2185
1789139100,2026-09-11 15:05:00+00:00,1.35281,1.35302,1.35245,1.35259,1918
1789139400,2026-09-11 15:10:00+00:00,1.35259,1.35269,1.35235,1.35255,1286
1789139700,2026-09-11 15:15:00+00:00,1.35255,1.35284,1.35246,1.3526,1491
1789140000,2026-09-11 15:20:00+00:00,1.3526,1.35281,1.3523,1.35236,1586
1789140300,2026-09-11 15:25:00+00:00,1.35236,1.35249,1.35227,1.3523399999999999,1441
1789140600,2026-09-11 15:30:00+00:00,1.35233,1.35237,1.35212,1.35226,1004
1789140900,2026-09-11 15:35:00+00:00,1.35226,1.35235,1.35194,1.35214,1014
1789141200,2026-09-11 15:40:00+00:00,1.35214,1.35224,1.35191,1.35208,1088
1789141500,2026-09-11 15:45:00+00:00,1.35208,1.35214,1.3517700000000001,1.35199,1302
1789141800,2026-09-11 15:50:00+00:00,1.35198,1.35201,1.35183,1.35193,1237
1789142100,2026-09-11 15:55:00+00:00,1.35193,1.35206,1.35182,1.35203,1317
1789142400,2026-09-11 16:00:00+00:00,1.35203,1.3523800000000001,1.35203,1.3523399999999999,1211
1789142700,2026-09-11 16:05:00+00:00,1.3523399999999999,1.35235,1.35211,1.35225,1319
1789143000,2026-09-11 16:10:00+00:00,1.35225,1.35236,1.35212,1.35213,1184
1789143300,2026-09-11 16:15:00+00:00,1.35213,1.35235,1.3520699999999999,1.35228,1163
1789143600,2026-09-11 16:20:00+00:00,1.35228,1.35248,1.35228,1.35236,917
1789143900,2026-09-11 16:25:00+00:00,1.35236,1.35259,1.35216,1.35218,1316
1789144200,2026-09-11 16:30:00+00:00,1.35218,1.35249,1.35205,1.35237,1747
1789144500,2026-09-11 16:35:00+00:00,1.35237,1.35237,1.35201,1.35202,987
1789144800,2026-09-11 16:40:00+00:00,1.35201,1.35224,1.3519700000000001,1.35214,1215
1789145100,2026-09-11 16:45:00+00:00,1.35214,1.35247,1.35211,1.35224,811
1789145400,2026-09-11 16:50:00+00:00,1.35224,1.35224,1.35201,1.35217,819
1789145700,2026-09-11 16:55:00+00:00,1.35217,1.35244,1.35216,1.35232,740
1789146000,2026-09-11 17:00:00+00:00,1.35232,1.35232,1.3519,1.35192,1109
1789146300,2026-09-11 17:05:00+00:00,1.35192,1.35226,1.35172,1.3517700000000001,1254
1789146600,2026-09-11 17:10:00+00:00,1.3517700000000001,1.35203,1.35174,1.3519700000000001,980
1789146900,2026-09-11 17:15:00+00:00,1.3519700000000001,1.35223,1.35194,1.35215,817
1789147200,2026-09-11 17:20:00+00:00,1.35216,1.3523100000000001,1.35211,1.35227,961
1789147500,2026-09-11 17:25:00+00:00,1.35227,1.35237,1.35218,1.35223,896
1789147800,2026-09-11 17:30:00+00:00,1.35222,1.35244,1.35221,1.35236,716
1789148100,2026-09-11 17:35:00+00:00,1.35236,1.35244,1.35226,1.35243,835
1789148400,2026-09-11 17:40:00+00:00,1.35243,1.3525,1.35225,1.35242,925
1789148700,2026-09-11 17:45:00+00:00,1.35242,1.35247,1.35225,1.35243,740
1789149000,2026-09-11 17:50:00+00:00,1.35243,1.3526799999999999,1.35235,1.35267,612
1789149300,2026-09-11 17:55:00+00:00,1.35267,1.35269,1.3523100000000001,1.35235,645
1789149600,2026-09-11 18:00:00+00:00,1.35235,1.35277,1.3523100000000001,1.35276,578
1789149900,2026-09-11 18:05:00+00:00,1.35276,1.35278,1.35264,1.35266,325
1789150200,2026-09-11 18:10:00+00:00,1.35266,1.35275,1.35255,1.3525800000000001,482
1789150500,2026-09-11 18:15:00+00:00,1.3525800000000001,1.35272,1.35253,1.35266,379
1789150800,2026-09-11 18:20:00+00:00,1.35266,1.3526799999999999,1.35225,1.35256,997
1789151100,2026-09-11 18:25:00+00:00,1.35256,1.3526,1.35241,1.35254,915
1789151400,2026-09-11 18:30:00+00:00,1.35254,1.3525800000000001,1.35223,1.35228,633
1789151700,2026-09-11 18:35:00+00:00,1.35228,1.35228,1.35194,1.35198,525
1789152000,2026-09-11 18:40:00+00:00,1.35198,1.35216,1.35192,1.35206,604
1789152300,2026-09-11 18:45:00+00:00,1.35205,1.35209,1.35196,1.35203,565
1789152600,2026-09-11 18:50:00+00:00,1.35203,1.35226,1.35199,1.35221,691
1789152900,2026-09-11 18:55:00+00:00,1.35221,1.35247,1.35216,1.35245,620
1789153200,2026-09-11 19:00:00+00:00,1.35245,1.35256,1.3523100000000001,1.35253,817
1789153500,2026-09-11 19:05:00+00:00,1.35253,1.3526099999999999,1.35232,1.35255,855
1789153800,2026-09-11 19:10:00+00:00,1.35255,1.35271,1.35249,1.35266,755
1789154100,2026-09-11 19:15:00+00:00,1.35266,1.35283,1.35254,1.35256,485
1789154400,2026-09-11 19:20:00+00:00,1.35256,1.35271,1.35253,1.35267,596
1789154700,2026-09-11 19:25:00+00:00,1.35267,1.35271,1.3526,1.3526,427
1789155000,2026-09-11 19:30:00+00:00,1.3526,1.3526799999999999,1.35251,1.35256,459
1789155300,2026-09-11 19:35:00+00:00,1.35256,1.35267,1.35239,1.35246,660
1789155600,2026-09-11 19:40:00+00:00,1.35246,1.35262,1.35245,1.35255,404
1789155900,2026-09-11 19:45:00+00:00,1.35255,1.35262,1.35247,1.35249,473
1789156200,2026-09-11 19:50:00+00:00,1.35249,1.3526500000000001,1.35242,1.35264,397
1789156500,2026-09-11 19:55:00+00:00,1.35264,1.3528,1.35259,1.35266,417
1789156800,2026-09-11 20:00:00+00:00,1.35266,1.35277,1.35263,1.35272,310
1789157100,2026-09-11 20:05:00+00:00,1.35272,1.35286,1.35271,1.35285,195
1789157400,2026-09-11 20:10:00+00:00,1.35285,1.35285,1.35257,1.35263,178
1789157700,2026-09-11 20:15:00+00:00,1.35264,1.3526500000000001,1.35253,1.3526500000000001,153
1789158000,2026-09-11 20:20:00+00:00,1.3526500000000001,1.35269,1.3526099999999999,1.3526500000000001,172
1789158300,2026-09-11 20:25:00+00:00,1.3526500000000001,1.35271,1.35257,1.35262,205
1789158600,2026-09-11 20:30:00+00:00,1.35262,1.35264,1.35225,1.35226,379
1789158900,2026-09-11 20:35:00+00:00,1.35226,1.3523800000000001,1.35226,1.3523399999999999,339
1789159200,2026-09-11 20:40:00+00:00,1.3523399999999999,1.35255,1.35232,1.35245,314
1789159500,2026-09-11 20:45:00+00:00,1.35245,1.35256,1.3523399999999999,1.35245,334
1789159800,2026-09-11 20:50:00+00:00,1.35245,1.35278,1.35244,1.35274,726
1789160100,2026-09-11 20:55:00+00:00,1.35274,1.35278,1.35228,1.35264,902
1789333200,2026-09-13 21:00:00+00:00,1.3508499999999999,1.35357,1.3508499999999999,1.35323,357
1789333500,2026-09-13 21:05:00+00:00,1.35323,1.35351,1.3520400000000001,1.35304,417
1789333800,2026-09-13 21:10:00+00:00,1.35304,1.35304,1.35189,1.35218,370
1789334100,2026-09-13 21:15:00+00:00,1.35218,1.35252,1.35203,1.3522,603
1789334400,2026-09-13 21:20:00+00:00,1.3522,1.35249,1.35213,1.3524,649
1789334700,2026-09-13 21:25:00+00:00,1.35239,1.35254,1.3521,1.3524,656
1789335000,2026-09-13 21:30:00+00:00,1.3524,1.35281,1.35211,1.35244,377
1789335300,2026-09-13 21:35:00+00:00,1.35244,1.35267,1.35224,1.3525,433
1789335600,2026-09-13 21:40:00+00:00,1.3525,1.35273,1.35225,1.35252,497
1789335900,2026-09-13 21:45:00+00:00,1.35252,1.35279,1.3523,1.35252,407
1789336200,2026-09-13 21:50:00+00:00,1.35252,1.35279,1.35243,1.35253,418
1789336500,2026-09-13 21:55:00+00:00,1.35253,1.35262,1.35219,1.35249,929
1789336800,2026-09-13 22:00:00+00:00,1.35249,1.3527,1.35241,1.35267,1244
1789337100,2026-09-13 22:05:00+00:00,1.35267,1.35282,1.35219,1.35225,1241
1789337400,2026-09-13 22:10:00+00:00,1.35227,1.35243,1.3522,1.35224,538
1789337700,2026-09-13 22:15:00+00:00,1.35223,1.3523100000000001,1.35209,1.35219,312
1789338000,2026-09-13 22:20:00+00:00,1.35219,1.35219,1.35187,1.35187,341
1789338300,2026-09-13 22:25:00+00:00,1.35187,1.35213,1.35183,1.3519700000000001,923
1789338600,2026-09-13 22:30:00+00:00,1.3519700000000001,1.35219,1.35186,1.35212,365
1789338900,2026-09-13 22:35:00+00:00,1.35212,1.35213,1.35194,1.35198,250
1789339200,2026-09-13 22:40:00+00:00,1.35198,1.35219,1.35194,1.35218,326
1789339500,2026-09-13 22:45:00+00:00,1.35218,1.3523800000000001,1.35216,1.3523800000000001,512
1789339800,2026-09-13 22:50:00+00:00,1.3523800000000001,1.3523800000000001,1.35214,1.35222,322
1789340100,2026-09-13 22:55:00+00:00,1.35222,1.3523,1.35213,1.35228,237
1789340400,2026-09-13 23:00:00+00:00,1.35228,1.35235,1.35222,1.35228,493
1789340700,2026-09-13 23:05:00+00:00,1.35228,1.3524,1.35225,1.35236,487
1789341000,2026-09-13 23:10:00+00:00,1.35236,1.3525,1.35226,1.35227,418
1789341300,2026-09-13 23:15:00+00:00,1.35227,1.3523,1.35205,1.35211,341
1789341600,2026-09-13 23:20:00+00:00,1.35211,1.35214,1.3520400000000001,1.35211,312
1789341900,2026-09-13 23:25:00+00:00,1.35211,1.35218,1.3520400000000001,1.35216,296
1789342200,2026-09-13 23:30:00+00:00,1.35216,1.35226,1.35196,1.35217,410
1789342500,2026-09-13 23:35:00+00:00,1.35217,1.35221,1.3519700000000001,1.35208,452
1789342800,2026-09-13 23:40:00+00:00,1.3520699999999999,1.35225,1.3520400000000001,1.35216,497
1789343100,2026-09-13 23:45:00+00:00,1.35216,1.3523800000000001,1.35208,1.35215,1360
1789343400,2026-09-13 23:50:00+00:00,1.35215,1.3523399999999999,1.35214,1.35221,967
1789343700,2026-09-13 23:55:00+00:00,1.35221,1.3526799999999999,1.35215,1.35253,1483
1789344000,2026-09-14 00:00:00+00:00,1.35253,1.35266,1.35235,1.35248,1861
1789344300,2026-09-14 00:05:00+00:00,1.35246,1.35285,1.35246,1.35269,1129
1789344600,2026-09-14 00:10:00+00:00,1.3526799999999999,1.35271,1.35236,1.35252,1178
1789344900,2026-09-14 00:15:00+00:00,1.35252,1.3526500000000001,1.35236,1.35237,1178
1789345200,2026-09-14 00:20:00+00:00,1.35237,1.35241,1.35214,1.35223,971
1789345500,2026-09-14 00:25:00+00:00,1.35223,1.3523,1.3517000000000001,1.35179,949
1789345800,2026-09-14 00:30:00+00:00,1.35179,1.35193,1.35162,1.3517299999999999,911
1789346100,2026-09-14 00:35:00+00:00,1.3517299999999999,1.35183,1.35163,1.35163,759
1789346400,2026-09-14 00:40:00+00:00,1.35163,1.35174,1.35153,1.35169,949
1789346700,2026-09-14 00:45:00+00:00,1.35168,1.35178,1.3516,1.35162,870
1789347000,2026-09-14 00:50:00+00:00,1.35162,1.3519,1.35161,1.35188,1205
1789347300,2026-09-14 00:55:00+00:00,1.35189,1.35196,1.35162,1.35182,1382
1789347600,2026-09-14 01:00:00+00:00,1.35183,1.35189,1.35158,1.35161,1902
1789347900,2026-09-14 01:05:00+00:00,1.35161,1.35171,1.3513600000000001,1.35144,1363
1789348200,2026-09-14 01:10:00+00:00,1.35144,1.35152,1.35131,1.35132,1319
1789348500,2026-09-14 01:15:00+00:00,1.35132,1.35144,1.35129,1.35133,1268
1789348800,2026-09-14 01:20:00+00:00,1.35133,1.3516599999999999,1.35131,1.35162,1631
1789349100,2026-09-14 01:25:00+00:00,1.35162,1.3516599999999999,1.35148,1.35165,1305
1789349400,2026-09-14 01:30:00+00:00,1.35165,1.35167,1.35127,1.35138,1225
1789349700,2026-09-14 01:35:00+00:00,1.35138,1.3517000000000001,1.35135,1.35163,904
1789350000,2026-09-14 01:40:00+00:00,1.35163,1.35185,1.35162,1.35184,970
1789350300,2026-09-14 01:45:00+00:00,1.35184,1.35195,1.35171,1.35171,769
1789350600,2026-09-14 01:50:00+00:00,1.35171,1.3517299999999999,1.3516,1.35162,768
1789350900,2026-09-14 01:55:00+00:00,1.35162,1.35178,1.35161,1.3516599999999999,981
1789351200,2026-09-14 02:00:00+00:00,1.3516599999999999,1.3517299999999999,1.35155,1.35167,999
1789351500,2026-09-14 02:05:00+00:00,1.35167,1.35196,1.35162,1.35192,1162
1789351800,2026-09-14 02:10:00+00:00,1.35192,1.35199,1.35176,1.35181,669
1789352100,2026-09-14 02:15:00+00:00,1.35182,1.35187,1.35164,1.3516599999999999,589
1789352400,2026-09-14 02:20:00+00:00,1.3516599999999999,1.35186,1.35163,1.35175,1065
1789352700,2026-09-14 02:25:00+00:00,1.35175,1.35175,1.35158,1.35168,889
1789353000,2026-09-14 02:30:00+00:00,1.35168,1.35174,1.35142,1.3514599999999999,964
1789353300,2026-09-14 02:35:00+00:00,1.3514599999999999,1.35153,1.35128,1.35129,1224
1789353600,2026-09-14 02:40:00+00:00,1.35129,1.3514,1.35123,1.35134,1074
1789353900,2026-09-14 02:45:00+00:00,1.35134,1.35149,1.35124,1.35138,1214
1789354200,2026-09-14 02:50:00+00:00,1.35138,1.35148,1.35134,1.35134,1334
1789354500,2026-09-14 02:55:00+00:00,1.35134,1.3514300000000001,1.35122,1.35128,1000
1789354800,2026-09-14 03:00:00+00:00,1.35127,1.35128,1.35088,1.35089,1354
1789355100,2026-09-14 03:05:00+00:00,1.35089,1.35114,1.35088,1.35102,1305
1789355400,2026-09-14 03:10:00+00:00,1.35102,1.35104,1.3507500000000001,1.3507799999999999,1032
1789355700,2026-09-14 03:15:00+00:00,1.35079,1.35084,1.35066,1.35072,1106
1789356000,2026-09-14 03:20:00+00:00,1.35071,1.35076,1.35061,1.35062,734
1789356300,2026-09-14 03:25:00+00:00,1.35062,1.3508499999999999,1.3506,1.3508200000000001,917
1789356600,2026-09-14 03:30:00+00:00,1.3508200000000001,1.35083,1.35041,1.35041,1078
1789356900,2026-09-14 03:35:00+00:00,1.35043,1.35057,1.3504,1.3504800000000001,1175
1789357200,2026-09-14 03:40:00+00:00,1.3504800000000001,1.35049,1.35031,1.35039,776
1789357500,2026-09-14 03:45:00+00:00,1.35039,1.3504800000000001,1.35035,1.35045,505
1789357800,2026-09-14 03:50:00+00:00,1.35045,1.3506,1.3504,1.35057,564
1789358100,2026-09-14 03:55:00+00:00,1.35057,1.35062,1.35045,1.35055,905
1789358400,2026-09-14 04:00:00+00:00,1.35055,1.35064,1.35047,1.35063,790
1789358700,2026-09-14 04:05:00+00:00,1.35063,1.35071,1.3504,1.35057,1014
1789359000,2026-09-14 04:10:00+00:00,1.35057,1.35067,1.35055,1.35062,542
1789359300,2026-09-14 04:15:00+00:00,1.35061,1.35066,1.3504800000000001,1.3505,885
1789359600,2026-09-14 04:20:00+00:00,1.3505,1.35053,1.35036,1.35037,537
1789359900,2026-09-14 04:25:00+00:00,1.35037,1.3505099999999999,1.35031,1.35032,692
1789360200,2026-09-14 04:30:00+00:00,1.35032,1.35047,1.35026,1.35046,854
1789360500,2026-09-14 04:35:00+00:00,1.35046,1.35056,1.3504,1.35055,637
1789360800,2026-09-14 04:40:00+00:00,1.35055,1.35057,1.3502,1.3502100000000001,830
1789361100,2026-09-14 04:45:00+00:00,1.3502100000000001,1.3504,1.3501400000000001,1.35032,777
1789361400,2026-09-14 04:50:00+00:00,1.35032,1.3504,1.3502100000000001,1.35039,587
1789361700,2026-09-14 04:55:00+00:00,1.35039,1.35049,1.3503,1.35034,781
1789362000,2026-09-14 05:00:00+00:00,1.35035,1.35038,1.35026,1.35031,587
1789362300,2026-09-14 05:05:00+00:00,1.35031,1.35042,1.35022,1.35023,643
1789362600,2026-09-14 05:10:00+00:00,1.35023,1.35023,1.35007,1.3501400000000001,764
1789362900,2026-09-14 05:15:00+00:00,1.35015,1.35034,1.3501400000000001,1.35023,665
1789363200,2026-09-14 05:20:00+00:00,1.35023,1.35028,1.35019,1.3502399999999999,443
1789363500,2026-09-14 05:25:00+00:00,1.3502399999999999,1.35046,1.35022,1.35037,977
1789363800,2026-09-14 05:30:00+00:00,1.35037,1.35063,1.35032,1.3505099999999999,1032
1789364100,2026-09-14 05:35:00+00:00,1.3505099999999999,1.3506,1.3504,1.35054,954
1789364400,2026-09-14 05:40:00+00:00,1.35054,1.35054,1.3503,1.35045,1099
1789364700,2026-09-14 05:45:00+00:00,1.35045,1.35055,1.3503,1.35032,803
1789365000,2026-09-14 05:50:00+00:00,1.35032,1.35053,1.3503,1.35049,818
1789365300,2026-09-14 05:55:00+00:00,1.35049,1.35064,1.3504800000000001,1.35058,813
1789365600,2026-09-14 06:00:00+00:00,1.35058,1.35058,1.35003,1.35004,1243
1789365900,2026-09-14 06:05:00+00:00,1.35004,1.35007,1.3492199999999999,1.34957,1948
1789366200,2026-09-14 06:10:00+00:00,1.34957,1.34965,1.34944,1.34951,1297
1789366500,2026-09-14 06:15:00+00:00,1.34951,1.34951,1.34874,1.34875,1373
1789366800,2026-09-14 06:20:00+00:00,1.34875,1.34917,1.3486099999999999,1.34911,1784
1789367100,2026-09-14 06:25:00+00:00,1.34912,1.34936,1.34904,1.34924,1633
1789367400,2026-09-14 06:30:00+00:00,1.34924,1.34975,1.3492,1.34957,1074
1789367700,2026-09-14 06:35:00+00:00,1.34957,1.35004,1.3495599999999999,1.34997,1256
1789368000,2026-09-14 06:40:00+00:00,1.34997,1.35016,1.34982,1.35001,1346
1789368300,2026-09-14 06:45:00+00:00,1.35001,1.35007,1.3491900000000001,1.34923,1717
1789368600,2026-09-14 06:50:00+00:00,1.34923,1.3494,1.3489499999999999,1.34896,1567
1789368900,2026-09-14 06:55:00+00:00,1.34896,1.34915,1.34891,1.34913,1491
1789369200,2026-09-14 07:00:00+00:00,1.34913,1.3492600000000001,1.34873,1.34923,2088
1789369500,2026-09-14 07:05:00+00:00,1.34923,1.34954,1.34915,1.3494,1296
1789369800,2026-09-14 07:10:00+00:00,1.3494,1.34976,1.3493,1.34974,1487
1789370100,2026-09-14 07:15:00+00:00,1.34973,1.34992,1.34962,1.3496299999999999,1342
1789370400,2026-09-14 07:20:00+00:00,1.3496299999999999,1.34979,1.34958,1.34962,1486
1789370700,2026-09-14 07:25:00+00:00,1.34962,1.3498700000000001,1.3492600000000001,1.34927,1313
1789371000,2026-09-14 07:30:00+00:00,1.34927,1.3495300000000001,1.34911,1.34938,1027
1789371300,2026-09-14 07:35:00+00:00,1.34938,1.34944,1.3492199999999999,1.34941,764
1789371600,2026-09-14 07:40:00+00:00,1.34941,1.34947,1.3489900000000001,1.34914,1307
1789371900,2026-09-14 07:45:00+00:00,1.34914,1.34943,1.34912,1.3492600000000001,1354
1789372200,2026-09-14 07:50:00+00:00,1.3492600000000001,1.3493,1.34885,1.34898,1811
1789372500,2026-09-14 07:55:00+00:00,1.34898,1.34937,1.34896,1.34921,1452
1789372800,2026-09-14 08:00:00+00:00,1.34921,1.34932,1.34853,1.34854,2128
1789373100,2026-09-14 08:05:00+00:00,1.34854,1.34867,1.34835,1.34854,1367
1789373400,2026-09-14 08:10:00+00:00,1.34854,1.34854,1.34824,1.34826,1506
1789373700,2026-09-14 08:15:00+00:00,1.34826,1.34837,1.3481,1.34836,1218
1789374000,2026-09-14 08:20:00+00:00,1.34836,1.34837,1.3479999999999999,1.34808,1194
1789374300,2026-09-14 08:25:00+00:00,1.34808,1.34826,1.34795,1.34806,1206
1789374600,2026-09-14 08:30:00+00:00,1.34806,1.34822,1.34795,1.34815,1235
1789374900,2026-09-14 08:35:00+00:00,1.34815,1.34836,1.34812,1.34822,1695
1789375200,2026-09-14 08:40:00+00:00,1.34822,1.34826,1.3480699999999999,1.34814,1289
1789375500,2026-09-14 08:45:00+00:00,1.34815,1.34843,1.34806,1.34832,1345
1789375800,2026-09-14 08:50:00+00:00,1.34832,1.34842,1.34811,1.34814,956
1789376100,2026-09-14 08:55:00+00:00,1.34814,1.34845,1.34811,1.34835,1005
1789376400,2026-09-14 09:00:00+00:00,1.34836,1.34866,1.34829,1.3484099999999999,1508
1789376700,2026-09-14 09:05:00+00:00,1.3484099999999999,1.34856,1.3483100000000001,1.34833,1041
1789377000,2026-09-14 09:10:00+00:00,1.34833,1.34845,1.34767,1.34772,1570
1789377300,2026-09-14 09:15:00+00:00,1.34772,1.3477299999999999,1.34733,1.34753,1517
1789377600,2026-09-14 09:20:00+00:00,1.34753,1.34809,1.34742,1.3480699999999999,1485
1789377900,2026-09-14 09:25:00+00:00,1.3480699999999999,1.34843,1.34796,1.34837,1661
1789378200,2026-09-14 09:30:00+00:00,1.34837,1.34839,1.34788,1.34822,1199
1789378500,2026-09-14 09:35:00+00:00,1.34822,1.34849,1.34814,1.34846,1042
1789378800,2026-09-14 09:40:00+00:00,1.34846,1.34886,1.34835,1.34873,1492
1789379100,2026-09-14 09:45:00+00:00,1.34873,1.34888,1.34857,1.3486500000000001,1487
1789379400,2026-09-14 09:50:00+00:00,1.3486500000000001,1.34908,1.34844,1.34905,1785
1789379700,2026-09-14 09:55:00+00:00,1.34905,1.34906,1.34867,1.34876,1284
1789380000,2026-09-14 10:00:00+00:00,1.34877,1.34877,1.3482,1.34829,1970
1789380300,2026-09-14 10:05:00+00:00,1.34829,1.3484,1.3481,1.34817,1115
1789380600,2026-09-14 10:10:00+00:00,1.34817,1.3483399999999999,1.34805,1.34826,1141
1789380900,2026-09-14 10:15:00+00:00,1.34826,1.3483800000000001,1.34814,1.34833,1497
1789381200,2026-09-14 10:20:00+00:00,1.34833,1.34836,1.34782,1.34822,1277
1789381500,2026-09-14 10:25:00+00:00,1.34822,1.3483800000000001,1.34812,1.34835,1100
1789381800,2026-09-14 10:30:00+00:00,1.34835,1.34876,1.34833,1.34859,1224
1789382100,2026-09-14 10:35:00+00:00,1.34859,1.34881,1.3485800000000001,1.3486,994
1789382400,2026-09-14 10:40:00+00:00,1.3486,1.34864,1.34828,1.34848,1115
1789382700,2026-09-14 10:45:00+00:00,1.34848,1.34872,1.34843,1.34844,1352
1789383000,2026-09-14 10:50:00+00:00,1.34844,1.34874,1.34824,1.34873,1396
1789383300,2026-09-14 10:55:00+00:00,1.34873,1.34885,1.3483800000000001,1.34864,1533
1789383600,2026-09-14 11:00:00+00:00,1.34864,1.34916,1.34855,1.34915,1176
1789383900,2026-09-14 11:05:00+00:00,1.34917,1.3493,1.34889,1.3489,1051
1789384200,2026-09-14 11:10:00+00:00,1.3489,1.3490199999999999,1.34884,1.34901,1171
1789384500,2026-09-14 11:15:00+00:00,1.34901,1.34917,1.3489,1.34913,1101
1789384800,2026-09-14 11:20:00+00:00,1.34913,1.34917,1.34882,1.3489200000000001,859
1789385100,2026-09-14 11:25:00+00:00,1.34891,1.34924,1.3489,1.34915,1249
1789385400,2026-09-14 11:30:00+00:00,1.34915,1.34932,1.34907,1.3491900000000001,931
1789385700,2026-09-14 11:35:00+00:00,1.3491900000000001,1.34955,1.3491900000000001,1.34952,1243
1789386000,2026-09-14 11:40:00+00:00,1.34952,1.3496299999999999,1.34925,1.3492600000000001,1022
1789386300,2026-09-14 11:45:00+00:00,1.3492600000000001,1.34932,1.34867,1.34871,1075
1789386600,2026-09-14 11:50:00+00:00,1.34871,1.3489499999999999,1.34859,1.34883,1371
1789386900,2026-09-14 11:55:00+00:00,1.34883,1.3491,1.34883,1.34907,1388
1789387200,2026-09-14 12:00:00+00:00,1.34907,1.34925,1.34893,1.3492,1414
1789387500,2026-09-14 12:05:00+00:00,1.3492,1.3495599999999999,1.3491900000000001,1.34949,1393
1789387800,2026-09-14 12:10:00+00:00,1.34949,1.3495300000000001,1.34918,1.3492199999999999,885
1789388100,2026-09-14 12:15:00+00:00,1.3492199999999999,1.34949,1.34882,1.34883,1806
1789388400,2026-09-14 12:20:00+00:00,1.34883,1.34897,1.3486099999999999,1.34876,1417
1789388700,2026-09-14 12:25:00+00:00,1.34876,1.34887,1.34867,1.34877,697
1789389000,2026-09-14 12:30:00+00:00,1.34877,1.3489900000000001,1.3485,1.3486099999999999,1178
1789389300,2026-09-14 12:35:00+00:00,1.34862,1.34874,1.34768,1.34769,2706
1789389600,2026-09-14 12:40:00+00:00,1.34769,1.34821,1.34758,1.34809,2192
1789389900,2026-09-14 12:45:00+00:00,1.34809,1.34809,1.3476,1.3479,1472
1789390200,2026-09-14 12:50:00+00:00,1.3479,1.34792,1.34679,1.3469,1697
1789390500,2026-09-14 12:55:00+00:00,1.3469,1.3471199999999999,1.34666,1.34692,1459
1789390800,2026-09-14 13:00:00+00:00,1.34692,1.34702,1.34641,1.3464800000000001,1418
1789391100,2026-09-14 13:05:00+00:00,1.3464800000000001,1.34679,1.3464,1.34674,1194
1789391400,2026-09-14 13:10:00+00:00,1.34674,1.34733,1.34674,1.34729,1525
1789391700,2026-09-14 13:15:00+00:00,1.34728,1.34755,1.3471,1.34752,1015
1789392000,2026-09-14 13:20:00+00:00,1.34752,1.34775,1.34748,1.34767,1083
1789392300,2026-09-14 13:25:00+00:00,1.34767,1.34775,1.3474300000000001,1.3476,937
1789392600,2026-09-14 13:30:00+00:00,1.3476,1.34775,1.3473600000000001,1.3476,1708
1789392900,2026-09-14 13:35:00+00:00,1.3476,1.34766,1.3472,1.34724,1329
1789393200,2026-09-14 13:40:00+00:00,1.34723,1.3477299999999999,1.34711,1.34749,1472
1789393500,2026-09-14 13:45:00+00:00,1.34749,1.34758,1.34702,1.34703,1568
1789393800,2026-09-14 13:50:00+00:00,1.34703,1.34723,1.3468200000000001,1.34683,1531
1789394100,2026-09-14 13:55:00+00:00,1.34683,1.34699,1.3465099999999999,1.34676,1656
1789394400,2026-09-14 14:00:00+00:00,1.34676,1.34704,1.34649,1.34664,1823
1789394700,2026-09-14 14:05:00+00:00,1.34664,1.3473899999999999,1.34664,1.34737,1928
1789395000,2026-09-14 14:10:00+00:00,1.34737,1.34776,1.34722,1.3477299999999999,1929
1789395300,2026-09-14 14:15:00+00:00,1.34774,1.34825,1.34772,1.34808,1694
1789395600,2026-09-14 14:20:00+00:00,1.34808,1.34813,1.34702,1.34704,1986
1789395900,2026-09-14 14:25:00+00:00,1.34704,1.3474,1.34691,1.34737,1879
1789396200,2026-09-14 14:30:00+00:00,1.34737,1.34763,1.347,1.34754,2000
1789396500,2026-09-14 14:35:00+00:00,1.34754,1.34765,1.34723,1.34755,1396
1789396800,2026-09-14 14:40:00+00:00,1.34755,1.34771,1.34733,1.34766,1284
1789397100,2026-09-14 14:45:00+00:00,1.34766,1.34787,1.34766,1.34768,1214
1789397400,2026-09-14 14:50:00+00:00,1.34768,1.34785,1.3473,1.3475,1471
1789397700,2026-09-14 14:55:00+00:00,1.3475,1.34763,1.34721,1.34754,1772
1789398000,2026-09-14 15:00:00+00:00,1.34754,1.34776,1.3473,1.34762,2137
1789398300,2026-09-14 15:05:00+00:00,1.34762,1.34904,1.34759,1.34844,3512
1789398600,2026-09-14 15:10:00+00:00,1.34844,1.34857,1.34817,1.3482,2173
1789398900,2026-09-14 15:15:00+00:00,1.3482,1.3483,1.3479999999999999,1.34829,1790
1789399200,2026-09-14 15:20:00+00:00,1.34829,1.3483,1.34796,1.34818,1470
1789399500,2026-09-14 15:25:00+00:00,1.34818,1.3483800000000001,1.3479999999999999,1.34801,1828
1789399800,2026-09-14 15:30:00+00:00,1.34802,1.34857,1.34791,1.34837,2730
1789400100,2026-09-14 15:35:00+00:00,1.34836,1.34866,1.3482,1.3486099999999999,2361
1789400400,2026-09-14 15:40:00+00:00,1.3486099999999999,1.349,1.3483,1.34889,2574
1789400700,2026-09-14 15:45:00+00:00,1.34889,1.34894,1.34869,1.34877,1881
1789401000,2026-09-14 15:50:00+00:00,1.34877,1.34937,1.34871,1.34927,1585
1789401300,2026-09-14 15:55:00+00:00,1.34927,1.34934,1.34909,1.3492600000000001,1871
1789401600,2026-09-14 16:00:00+00:00,1.3492600000000001,1.34945,1.34906,1.34911,1798
1789401900,2026-09-14 16:05:00+00:00,1.34911,1.34934,1.34906,1.34917,1659
1789402200,2026-09-14 16:10:00+00:00,1.34917,1.34943,1.34911,1.34915,2014
1789402500,2026-09-14 16:15:00+00:00,1.34915,1.34949,1.34914,1.3493,1597
1789402800,2026-09-14 16:20:00+00:00,1.3493,1.34969,1.34925,1.34961,1392
1789403100,2026-09-14 16:25:00+00:00,1.34961,1.3496299999999999,1.34928,1.34945,1169
1789403400,2026-09-14 16:30:00+00:00,1.34945,1.34967,1.34931,1.34935,1327
1789403700,2026-09-14 16:35:00+00:00,1.34935,1.3498299999999999,1.34927,1.34978,1550
1789404000,2026-09-14 16:40:00+00:00,1.34978,1.35029,1.34977,1.3502399999999999,1487
1789404300,2026-09-14 16:45:00+00:00,1.3502399999999999,1.35087,1.35009,1.35068,2494
1789404600,2026-09-14 16:50:00+00:00,1.35068,1.35089,1.35064,1.35066,2475
1789404900,2026-09-14 16:55:00+00:00,1.35066,1.3508,1.35047,1.35055,1952
1789405200,2026-09-14 17:00:00+00:00,1.35054,1.35068,1.35042,1.35054,1694
1789405500,2026-09-14 17:05:00+00:00,1.35054,1.35076,1.35054,1.35074,1092
1789405800,2026-09-14 17:10:00+00:00,1.35074,1.35092,1.35063,1.35065,1092
1789406100,2026-09-14 17:15:00+00:00,1.35065,1.3507500000000001,1.35053,1.35058,909
1789406400,2026-09-14 17:20:00+00:00,1.35058,1.35074,1.35054,1.35062,1059
1789406700,2026-09-14 17:25:00+00:00,1.35062,1.35084,1.35053,1.35073,1072
1789407000,2026-09-14 17:30:00+00:00,1.35073,1.35087,1.35062,1.3507,1344
1789407300,2026-09-14 17:35:00+00:00,1.3507,1.3508499999999999,1.35059,1.35073,810
1789407600,2026-09-14 17:40:00+00:00,1.35073,1.3507500000000001,1.35052,1.35059,823
1789407900,2026-09-14 17:45:00+00:00,1.35059,1.35071,1.35047,1.35067,864
1789408200,2026-09-14 17:50:00+00:00,1.35067,1.3509,1.35064,1.3507500000000001,895
1789408500,2026-09-14 17:55:00+00:00,1.35073,1.35097,1.35073,1.3508,1057
1789408800,2026-09-14 18:00:00+00:00,1.3508,1.35102,1.35065,1.35065,1389
1789409100,2026-09-14 18:05:00+00:00,1.35065,1.35096,1.35056,1.35095,1127
1789409400,2026-09-14 18:10:00+00:00,1.35095,1.3511,1.35088,1.35108,1030
1789409700,2026-09-14 18:15:00+00:00,1.35108,1.3512,1.3510499999999999,1.35117,635
1789410000,2026-09-14 18:20:00+00:00,1.35117,1.35119,1.35099,1.35106,914
1789410300,2026-09-14 18:25:00+00:00,1.35106,1.35117,1.35091,1.35094,1077
1789410600,2026-09-14 18:30:00+00:00,1.35094,1.35126,1.35092,1.3512,863
1789410900,2026-09-14 18:35:00+00:00,1.3512,1.35138,1.35117,1.35131,680
1789411200,2026-09-14 18:40:00+00:00,1.35131,1.35133,1.35108,1.3511199999999999,932
1789411500,2026-09-14 18:45:00+00:00,1.3511199999999999,1.3511600000000001,1.35098,1.35114,1023
1789411800,2026-09-14 18:50:00+00:00,1.35114,1.35115,1.35099,1.3511199999999999,690
1789412100,2026-09-14 18:55:00+00:00,1.3511199999999999,1.35122,1.35094,1.35113,1321
1789412400,2026-09-14 19:00:00+00:00,1.35113,1.35119,1.351,1.3510900000000001,1025
1789412700,2026-09-14 19:05:00+00:00,1.3510900000000001,1.3511,1.35083,1.35103,1650
1789413000,2026-09-14 19:10:00+00:00,1.35103,1.35108,1.35092,1.35095,1056
1789413300,2026-09-14 19:15:00+00:00,1.35095,1.35099,1.35073,1.35083,1078
1789413600,2026-09-14 19:20:00+00:00,1.35083,1.35083,1.3506,1.35069,965
1789413900,2026-09-14 19:25:00+00:00,1.35069,1.3507799999999999,1.35061,1.35061,1222
1789414200,2026-09-14 19:30:00+00:00,1.35061,1.35064,1.35049,1.3505099999999999,1675
1789414500,2026-09-14 19:35:00+00:00,1.3505099999999999,1.35064,1.35045,1.35046,1192
1789414800,2026-09-14 19:40:00+00:00,1.35045,1.35047,1.35034,1.35036,1164
1789415100,2026-09-14 19:45:00+00:00,1.35035,1.35037,1.3502100000000001,1.35022,1080
1789415400,2026-09-14 19:50:00+00:00,1.35022,1.35023,1.35005,1.3501400000000001,1288
1789415700,2026-09-14 19:55:00+00:00,1.3501400000000001,1.3502100000000001,1.34994,1.34998,1034
1789416000,2026-09-14 20:00:00+00:00,1.34998,1.34999,1.34961,1.34965,938
1789416300,2026-09-14 20:05:00+00:00,1.34965,1.34976,1.34962,1.34971,441
1789416600,2026-09-14 20:10:00+00:00,1.34971,1.3498299999999999,1.34962,1.34982,455
1789416900,2026-09-14 20:15:00+00:00,1.34982,1.34985,1.34971,1.34984,483
1789417200,2026-09-14 20:20:00+00:00,1.34984,1.3498700000000001,1.34981,1.34986,637
1789417500,2026-09-14 20:25:00+00:00,1.34986,1.34988,1.34971,1.34977,286
1789417800,2026-09-14 20:30:00+00:00,1.34977,1.34988,1.34977,1.34982,510
1789418100,2026-09-14 20:35:00+00:00,1.34982,1.34984,1.34971,1.34981,437
1789418400,2026-09-14 20:40:00+00:00,1.34981,1.34996,1.34979,1.34991,564
1789418700,2026-09-14 20:45:00+00:00,1.34991,1.34996,1.3498999999999999,1.34993,540
1789419000,2026-09-14 20:50:00+00:00,1.34993,1.35008,1.34992,1.35003,212
1789419300,2026-09-14 20:55:00+00:00,1.35003,1.35007,1.34996,1.34996,184
1789419600,2026-09-14 21:00:00+00:00,1.34989,1.35047,1.34939,1.35026,32
1789419900,2026-09-14 21:05:00+00:00,1.35026,1.35035,1.35004,1.35004,258
1789420200,2026-09-14 21:10:00+00:00,1.35004,1.35022,1.34995,1.35007,51
1789420500,2026-09-14 21:15:00+00:00,1.35007,1.35029,1.34999,1.35,104
1789420800,2026-09-14 21:20:00+00:00,1.35,1.35016,1.34986,1.35006,83
1789421100,2026-09-14 21:25:00+00:00,1.35006,1.3501699999999999,1.34995,1.3501699999999999,46
1789421400,2026-09-14 21:30:00+00:00,1.3501699999999999,1.3501699999999999,1.34985,1.34991,136
1789421700,2026-09-14 21:35:00+00:00,1.34991,1.34995,1.34986,1.34991,87
1789422000,2026-09-14 21:40:00+00:00,1.34991,1.34995,1.34981,1.34981,288
1789422300,2026-09-14 21:45:00+00:00,1.34981,1.35001,1.34977,1.34989,102
1789422600,2026-09-14 21:50:00+00:00,1.34989,1.3501699999999999,1.34986,1.35003,158
1789422900,2026-09-14 21:55:00+00:00,1.35003,1.35025,1.34989,1.34995,481
1789423200,2026-09-14 22:00:00+00:00,1.34995,1.35009,1.34988,1.35007,287
1789423500,2026-09-14 22:05:00+00:00,1.35007,1.35016,1.35,1.35008,179
1789423800,2026-09-14 22:10:00+00:00,1.35008,1.35009,1.3498700000000001,1.34994,135
1789424100,2026-09-14 22:15:00+00:00,1.34994,1.35022,1.34994,1.35005,944
1789424400,2026-09-14 22:20:00+00:00,1.35005,1.35011,1.35002,1.35003,280
1789424700,2026-09-14 22:25:00+00:00,1.35003,1.35009,1.35,1.35005,105
1789425000,2026-09-14 22:30:00+00:00,1.35005,1.35028,1.35005,1.35025,184
1789425300,2026-09-14 22:35:00+00:00,1.35025,1.35029,1.35023,1.35028,82
1789425600,2026-09-14 22:40:00+00:00,1.35028,1.35028,1.35023,1.3502399999999999,71
1789425900,2026-09-14 22:45:00+00:00,1.3502399999999999,1.35026,1.3501699999999999,1.35025,131
1789426200,2026-09-14 22:50:00+00:00,1.35025,1.35038,1.35025,1.35034,98
1789426500,2026-09-14 22:55:00+00:00,1.35034,1.3504800000000001,1.35034,1.35045,91
1789426800,2026-09-14 23:00:00+00:00,1.35045,1.35047,1.35036,1.3504399999999999,247
1789427100,2026-09-14 23:05:00+00:00,1.3504399999999999,1.35047,1.35036,1.35043,604
1789427400,2026-09-14 23:10:00+00:00,1.35043,1.35045,1.35035,1.35035,381
1789427700,2026-09-14 23:15:00+00:00,1.35035,1.35035,1.35015,1.35016,170
1789428000,2026-09-14 23:20:00+00:00,1.35016,1.3502,1.35007,1.35018,252
1789428300,2026-09-14 23:25:00+00:00,1.35018,1.35023,1.35012,1.35016,187
1789428600,2026-09-14 23:30:00+00:00,1.35016,1.35016,1.34994,1.35006,371
1789428900,2026-09-14 23:35:00+00:00,1.35006,1.3501,1.35004,1.35008,242
1789429200,2026-09-14 23:40:00+00:00,1.35008,1.3502399999999999,1.35002,1.3501699999999999,357
1789429500,2026-09-14 23:45:00+00:00,1.3501699999999999,1.35018,1.35004,1.35016,508
1789429800,2026-09-14 23:50:00+00:00,1.35016,1.3502,1.34985,1.3498700000000001,566
1789430100,2026-09-14 23:55:00+00:00,1.34986,1.35015,1.3498299999999999,1.35004,1194
1789430400,2026-09-15 00:00:00+00:00,1.35004,1.35011,1.34991,1.34998,1719
1789430700,2026-09-15 00:05:00+00:00,1.34998,1.35007,1.34985,1.35,1410
1789431000,2026-09-15 00:10:00+00:00,1.35,1.35005,1.34991,1.34995,1147
1789431300,2026-09-15 00:15:00+00:00,1.34995,1.35003,1.34982,1.34984,1650
1789431600,2026-09-15 00:20:00+00:00,1.34984,1.34998,1.34976,1.34994,1117
1789431900,2026-09-15 00:25:00+00:00,1.34994,1.34995,1.3496299999999999,1.3496299999999999,1592
1789432200,2026-09-15 00:30:00+00:00,1.34964,1.34976,1.3496000000000001,1.34962,904
1789432500,2026-09-15 00:35:00+00:00,1.34962,1.34977,1.34957,1.34964,750
1789432800,2026-09-15 00:40:00+00:00,1.34964,1.34966,1.34958,1.34966,757
1789433100,2026-09-15 00:45:00+00:00,1.34966,1.34978,1.34965,1.34973,716
1789433400,2026-09-15 00:50:00+00:00,1.34973,1.34979,1.3495300000000001,1.34961,1111
1789433700,2026-09-15 00:55:00+00:00,1.34961,1.34962,1.34947,1.34954,849
1789434000,2026-09-15 01:00:00+00:00,1.34954,1.3496299999999999,1.34936,1.3496299999999999,1249
1789434300,2026-09-15 01:05:00+00:00,1.3496299999999999,1.34965,1.34937,1.34939,983
1789434600,2026-09-15 01:10:00+00:00,1.34939,1.34945,1.34933,1.3494,1092
1789434900,2026-09-15 01:15:00+00:00,1.3494,1.34952,1.34932,1.34932,1205
1789435200,2026-09-15 01:20:00+00:00,1.34932,1.34936,1.34903,1.34904,1109
1789435500,2026-09-15 01:25:00+00:00,1.34905,1.34905,1.34881,1.34885,1178
1789435800,2026-09-15 01:30:00+00:00,1.34885,1.34901,1.34875,1.34888,1536
1789436100,2026-09-15 01:35:00+00:00,1.34888,1.34889,1.34869,1.34874,1421
1789436400,2026-09-15 01:40:00+00:00,1.34874,1.34877,1.3486099999999999,1.34862,1742
1789436700,2026-09-15 01:45:00+00:00,1.34862,1.34884,1.34859,1.34879,952
1789437000,2026-09-15 01:50:00+00:00,1.34879,1.34885,1.34866,1.3486799999999999,876
1789437300,2026-09-15 01:55:00+00:00,1.3486799999999999,1.34872,1.34859,1.34864,887
1789437600,2026-09-15 02:00:00+00:00,1.34864,1.3489,1.34862,1.3486500000000001,968
1789437900,2026-09-15 02:05:00+00:00,1.34864,1.34871,1.34854,1.34863,925
1789438200,2026-09-15 02:10:00+00:00,1.34863,1.34867,1.3485,1.34851,618
1789438500,2026-09-15 02:15:00+00:00,1.34852,1.34867,1.34849,1.34864,877
1789438800,2026-09-15 02:20:00+00:00,1.34864,1.34869,1.34851,1.34856,606
1789439100,2026-09-15 02:25:00+00:00,1.34856,1.34866,1.34852,1.34855,606
1789439400,2026-09-15 02:30:00+00:00,1.34855,1.34859,1.34845,1.34845,625
1789439700,2026-09-15 02:35:00+00:00,1.34845,1.34847,1.34833,1.34845,973
1789440000,2026-09-15 02:40:00+00:00,1.34845,1.34854,1.3484,1.34843,838
1789440300,2026-09-15 02:45:00+00:00,1.34844,1.34877,1.34843,1.34876,878
1789440600,2026-09-15 02:50:00+00:00,1.34876,1.34881,1.3487,1.34877,569
1789440900,2026-09-15 02:55:00+00:00,1.34877,1.34891,1.34875,1.34887,1022
1789441200,2026-09-15 03:00:00+00:00,1.34887,1.34898,1.34884,1.34893,905
1789441500,2026-09-15 03:05:00+00:00,1.34893,1.34894,1.34879,1.3489200000000001,644
1789441800,2026-09-15 03:10:00+00:00,1.34891,1.3489499999999999,1.34875,1.34876,851
1789442100,2026-09-15 03:15:00+00:00,1.34876,1.34887,1.34871,1.34885,606
1789442400,2026-09-15 03:20:00+00:00,1.34885,1.34888,1.34855,1.34866,876
1789442700,2026-09-15 03:25:00+00:00,1.34866,1.34878,1.3485800000000001,1.34874,837
1789443000,2026-09-15 03:30:00+00:00,1.34874,1.34884,1.34871,1.34874,868
1789443300,2026-09-15 03:35:00+00:00,1.34874,1.34877,1.34855,1.34856,878
1789443600,2026-09-15 03:40:00+00:00,1.34856,1.34866,1.34853,1.34863,498
1789443900,2026-09-15 03:45:00+00:00,1.34863,1.34872,1.3485800000000001,1.34862,1136
1789444200,2026-09-15 03:50:00+00:00,1.3486099999999999,1.34879,1.34856,1.34874,1484
1789444500,2026-09-15 03:55:00+00:00,1.34874,1.34877,1.34856,1.34857,960
1789444800,2026-09-15 04:00:00+00:00,1.34857,1.34867,1.34844,1.34846,1116
1789445100,2026-09-15 04:05:00+00:00,1.34846,1.3485,1.34842,1.34846,651
1789445400,2026-09-15 04:10:00+00:00,1.34846,1.34857,1.34836,1.34846,724
1789445700,2026-09-15 04:15:00+00:00,1.34846,1.34855,1.34829,1.34833,581
1789446000,2026-09-15 04:20:00+00:00,1.34833,1.3485,1.3483,1.34837,854
1789446300,2026-09-15 04:25:00+00:00,1.34837,1.34842,1.34827,1.34836,850
1789446600,2026-09-15 04:30:00+00:00,1.34836,1.34848,1.34833,1.34846,743
1789446900,2026-09-15 04:35:00+00:00,1.34846,1.3486,1.34842,1.3485800000000001,681
1789447200,2026-09-15 04:40:00+00:00,1.3485800000000001,1.34871,1.34855,1.3485800000000001,651
1789447500,2026-09-15 04:45:00+00:00,1.3485800000000001,1.34863,1.34854,1.34857,607
1789447800,2026-09-15 04:50:00+00:00,1.34857,1.3485800000000001,1.34843,1.34848,1486
1789448100,2026-09-15 04:55:00+00:00,1.34848,1.3485800000000001,1.34836,1.3483800000000001,830
1789448400,2026-09-15 05:00:00+00:00,1.3483800000000001,1.34857,1.34837,1.34837,448
1789448700,2026-09-15 05:05:00+00:00,1.34837,1.34846,1.34826,1.34827,826
1789449000,2026-09-15 05:10:00+00:00,1.34828,1.34849,1.34824,1.34847,637
1789449300,2026-09-15 05:15:00+00:00,1.34847,1.34848,1.34822,1.34826,1258
1789449600,2026-09-15 05:20:00+00:00,1.34826,1.3483800000000001,1.34823,1.34833,529
1789449900,2026-09-15 05:25:00+00:00,1.34833,1.34849,1.34829,1.34845,779
1789450200,2026-09-15 05:30:00+00:00,1.34846,1.3485,1.34813,1.34822,826
1789450500,2026-09-15 05:35:00+00:00,1.34821,1.34828,1.34815,1.34818,1175
1789450800,2026-09-15 05:40:00+00:00,1.34818,1.34856,1.34818,1.34853,804
1789451100,2026-09-15 05:45:00+00:00,1.34853,1.34862,1.34843,1.34847,1035
1789451400,2026-09-15 05:50:00+00:00,1.34847,1.34867,1.34836,1.34836,1020
1789451700,2026-09-15 05:55:00+00:00,1.34836,1.3484099999999999,1.34815,1.34815,437
1789452000,2026-09-15 06:00:00+00:00,1.34815,1.34833,1.34757,1.34772,835
1789452300,2026-09-15 06:05:00+00:00,1.3477299999999999,1.34775,1.34753,1.34754,1357
1789452600,2026-09-15 06:10:00+00:00,1.34754,1.34809,1.34753,1.34808,972
1789452900,2026-09-15 06:15:00+00:00,1.34808,1.34808,1.34768,1.3477700000000001,1286
1789453200,2026-09-15 06:20:00+00:00,1.3477700000000001,1.3477700000000001,1.34727,1.3473,874
1789453500,2026-09-15 06:25:00+00:00,1.3473,1.34742,1.34718,1.34723,1256
1789453800,2026-09-15 06:30:00+00:00,1.34723,1.34727,1.34689,1.3470900000000001,1255
1789454100,2026-09-15 06:35:00+00:00,1.3470900000000001,1.3471600000000001,1.34694,1.34702,1282
1789454400,2026-09-15 06:40:00+00:00,1.34702,1.34705,1.34668,1.34671,858
1789454700,2026-09-15 06:45:00+00:00,1.34671,1.3467500000000001,1.34642,1.34644,1074
1789455000,2026-09-15 06:50:00+00:00,1.34644,1.34672,1.34642,1.34664,773
1789455300,2026-09-15 06:55:00+00:00,1.34664,1.34694,1.34663,1.34692,1351
1789455600,2026-09-15 07:00:00+00:00,1.34692,1.34706,1.34654,1.34674,1179
1789455900,2026-09-15 07:05:00+00:00,1.34674,1.34733,1.3467,1.34727,1059
1789456200,2026-09-15 07:10:00+00:00,1.34727,1.34775,1.34711,1.34735,855
1789456500,2026-09-15 07:15:00+00:00,1.34735,1.3474300000000001,1.34721,1.34728,860
1789456800,2026-09-15 07:20:00+00:00,1.34727,1.34745,1.34722,1.34726,738
1789457100,2026-09-15 07:25:00+00:00,1.34726,1.34758,1.34721,1.34755,630
1789457400,2026-09-15 07:30:00+00:00,1.34755,1.34765,1.34734,1.34751,673
1789457700,2026-09-15 07:35:00+00:00,1.34751,1.34758,1.34707,1.3470900000000001,1092
1789458000,2026-09-15 07:40:00+00:00,1.3470900000000001,1.34765,1.347,1.34764,846
1789458300,2026-09-15 07:45:00+00:00,1.34764,1.34789,1.34757,1.34767,1431
1789458600,2026-09-15 07:50:00+00:00,1.34767,1.3477700000000001,1.3473,1.34754,981
1789458900,2026-09-15 07:55:00+00:00,1.34754,1.34798,1.34753,1.34795,1259
1789459200,2026-09-15 08:00:00+00:00,1.34795,1.3479700000000001,1.34702,1.34702,1313
1789459500,2026-09-15 08:05:00+00:00,1.34702,1.34715,1.34692,1.34703,1289
1789459800,2026-09-15 08:10:00+00:00,1.34703,1.3473899999999999,1.3468499999999999,1.34738,1225
1789460100,2026-09-15 08:15:00+00:00,1.34738,1.34793,1.34726,1.34763,1318
1789460400,2026-09-15 08:20:00+00:00,1.34763,1.34763,1.34723,1.34748,994
1789460700,2026-09-15 08:25:00+00:00,1.34748,1.34796,1.34747,1.34771,1359
1789461000,2026-09-15 08:30:00+00:00,1.34771,1.3477299999999999,1.34727,1.34753,1148
1789461300,2026-09-15 08:35:00+00:00,1.34753,1.34792,1.3475,1.34781,1096
1789461600,2026-09-15 08:40:00+00:00,1.34781,1.34794,1.3474,1.34751,1233
1789461900,2026-09-15 08:45:00+00:00,1.34751,1.34764,1.34744,1.34752,1010
1789462200,2026-09-15 08:50:00+00:00,1.34752,1.34771,1.3474300000000001,1.34748,1126
1789462500,2026-09-15 08:55:00+00:00,1.34748,1.34776,1.3473899999999999,1.3474300000000001,987
1789462800,2026-09-15 09:00:00+00:00,1.3474300000000001,1.34755,1.34733,1.34741,966
1789463100,2026-09-15 09:05:00+00:00,1.34741,1.34754,1.34723,1.34729,1375
1789463400,2026-09-15 09:10:00+00:00,1.34729,1.34752,1.3471899999999999,1.3474300000000001,1118
1789463700,2026-09-15 09:15:00+00:00,1.3474300000000001,1.34745,1.3469,1.34701,1039
1789464000,2026-09-15 09:20:00+00:00,1.34701,1.3471600000000001,1.34681,1.34686,1073
1789464300,2026-09-15 09:25:00+00:00,1.34686,1.34749,1.3468499999999999,1.34744,1352
1789464600,2026-09-15 09:30:00+00:00,1.34744,1.34749,1.34723,1.34732,1111
1789464900,2026-09-15 09:35:00+00:00,1.34732,1.34738,1.34715,1.34734,841
1789465200,2026-09-15 09:40:00+00:00,1.34734,1.3476,1.3473,1.34742,936
1789465500,2026-09-15 09:45:00+00:00,1.34742,1.34786,1.3474,1.34781,941
1789465800,2026-09-15 09:50:00+00:00,1.34781,1.34811,1.34779,1.34805,902
1789466100,2026-09-15 09:55:00+00:00,1.34805,1.34814,1.34782,1.34782,1224
1789466400,2026-09-15 10:00:00+00:00,1.34782,1.34793,1.34762,1.34765,1134
1789466700,2026-09-15 10:05:00+00:00,1.34765,1.34778,1.34765,1.3477700000000001,815
1789467000,2026-09-15 10:10:00+00:00,1.3477700000000001,1.34819,1.34761,1.34766,1136
1789467300,2026-09-15 10:15:00+00:00,1.34766,1.3477299999999999,1.34749,1.34761,951
1789467600,2026-09-15 10:20:00+00:00,1.34761,1.34789,1.34759,1.3477700000000001,1171
1789467900,2026-09-15 10:25:00+00:00,1.3477700000000001,1.3477999999999999,1.34749,1.34761,997
1789468200,2026-09-15 10:30:00+00:00,1.34761,1.34793,1.34755,1.3477999999999999,838
1789468500,2026-09-15 10:35:00+00:00,1.3477999999999999,1.34791,1.34772,1.34772,533
1789468800,2026-09-15 10:40:00+00:00,1.34771,1.34776,1.34759,1.34761,878
1789469100,2026-09-15 10:45:00+00:00,1.34761,1.3477299999999999,1.34757,1.34761,639
1789469400,2026-09-15 10:50:00+00:00,1.34761,1.34781,1.34758,1.3476,799
1789469700,2026-09-15 10:55:00+00:00,1.3476,1.34772,1.3474300000000001,1.34749,1262
1789470000,2026-09-15 11:00:00+00:00,1.34749,1.3477999999999999,1.3473899999999999,1.34752,1341
1789470300,2026-09-15 11:05:00+00:00,1.34752,1.34802,1.34752,1.3479999999999999,1159
1789470600,2026-09-15 11:10:00+00:00,1.3479999999999999,1.34806,1.3479,1.34801,999
1789470900,2026-09-15 11:15:00+00:00,1.34801,1.34852,1.34801,1.34847,1417
1789471200,2026-09-15 11:20:00+00:00,1.34848,1.34867,1.3484,1.34852,974
1789471500,2026-09-15 11:25:00+00:00,1.34853,1.34883,1.34846,1.34883,828
1789471800,2026-09-15 11:30:00+00:00,1.34883,1.34893,1.34871,1.34891,825
1789472100,2026-09-15 11:35:00+00:00,1.34891,1.34898,1.34855,1.34859,1009
1789472400,2026-09-15 11:40:00+00:00,1.3486,1.34871,1.34856,1.34857,855
1789472700,2026-09-15 11:45:00+00:00,1.34857,1.34869,1.34843,1.34849,979
1789473000,2026-09-15 11:50:00+00:00,1.34849,1.3485,1.34826,1.34848,1000
1789473300,2026-09-15 11:55:00+00:00,1.34848,1.34853,1.34819,1.34833,1215
1789473600,2026-09-15 12:00:00+00:00,1.34833,1.3486,1.34816,1.34857,1536
1789473900,2026-09-15 12:05:00+00:00,1.3485800000000001,1.34862,1.34824,1.3483100000000001,1154
1789474200,2026-09-15 12:10:00+00:00,1.3483100000000001,1.34862,1.34827,1.34848,1448
1789474500,2026-09-15 12:15:00+00:00,1.34848,1.34851,1.34806,1.34808,1451
1789474800,2026-09-15 12:20:00+00:00,1.34808,1.34819,1.34798,1.34806,1416
1789475100,2026-09-15 12:25:00+00:00,1.34806,1.34823,1.3479999999999999,1.3482,1290
1789475400,2026-09-15 12:30:00+00:00,1.3482,1.34859,1.34818,1.3485800000000001,1103
1789475700,2026-09-15 12:35:00+00:00,1.3485800000000001,1.34862,1.3483800000000001,1.34839,1534
1789476000,2026-09-15 12:40:00+00:00,1.34839,1.34845,1.34826,1.34839,1186
1789476300,2026-09-15 12:45:00+00:00,1.34839,1.34888,1.34825,1.3488,2164
1789476600,2026-09-15 12:50:00+00:00,1.3488,1.34883,1.3483800000000001,1.34848,1865
1789476900,2026-09-15 12:55:00+00:00,1.34848,1.3486099999999999,1.34818,1.3482,2032
1789477200,2026-09-15 13:00:00+00:00,1.3482,1.34871,1.34817,1.34869,1862
1789477500,2026-09-15 13:05:00+00:00,1.34869,1.34872,1.34835,1.34851,1164
1789477800,2026-09-15 13:10:00+00:00,1.34851,1.34867,1.3483399999999999,1.34843,921
1789478100,2026-09-15 13:15:00+00:00,1.34843,1.3485,1.34819,1.3482,1019
1789478400,2026-09-15 13:20:00+00:00,1.3482,1.34842,1.34801,1.3484,1359
1789478700,2026-09-15 13:25:00+00:00,1.3484,1.34853,1.34835,1.34837,1285
1789479000,2026-09-15 13:30:00+00:00,1.34837,1.34848,1.34795,1.34812,1898
1789479300,2026-09-15 13:35:00+00:00,1.34812,1.34863,1.34809,1.34836,1513
1789479600,2026-09-15 13:40:00+00:00,1.34836,1.34885,1.34836,1.34883,1358
1789479900,2026-09-15 13:45:00+00:00,1.34883,1.34916,1.3487,1.34916,1314
1789480200,2026-09-15 13:50:00+00:00,1.34916,1.34964,1.34916,1.34961,1216
1789480500,2026-09-15 13:55:00+00:00,1.34961,1.34966,1.3493,1.34933,1124
1789480800,2026-09-15 14:00:00+00:00,1.34933,1.34941,1.34888,1.3489,1709
1789481100,2026-09-15 14:05:00+00:00,1.34889,1.34943,1.34887,1.3494,1539
1789481400,2026-09-15 14:10:00+00:00,1.34941,1.34941,1.34909,1.34916,1364
1789481700,2026-09-15 14:15:00+00:00,1.34916,1.34927,1.34872,1.34913,1559
1789482000,2026-09-15 14:20:00+00:00,1.34913,1.34921,1.3489200000000001,1.34916,1252
1789482300,2026-09-15 14:25:00+00:00,1.34916,1.34937,1.34904,1.3491,1300
1789482600,2026-09-15 14:30:00+00:00,1.3491,1.34959,1.34906,1.3492600000000001,1564
1789482900,2026-09-15 14:35:00+00:00,1.34927,1.34933,1.34882,1.34897,1573
1789483200,2026-09-15 14:40:00+00:00,1.34897,1.34932,1.34888,1.34913,1264
1789483500,2026-09-15 14:45:00+00:00,1.34913,1.34928,1.34898,1.34903,1156
1789483800,2026-09-15 14:50:00+00:00,1.34903,1.34928,1.34877,1.34912,1824
1789484100,2026-09-15 14:55:00+00:00,1.34911,1.34942,1.34876,1.34876,2285
1789484400,2026-09-15 15:00:00+00:00,1.34877,1.3489499999999999,1.34859,1.34891,2162
1789484700,2026-09-15 15:05:00+00:00,1.34891,1.34906,1.3486500000000001,1.34871,1287
1789485000,2026-09-15 15:10:00+00:00,1.34871,1.3489200000000001,1.34827,1.3484,1437
1789485300,2026-09-15 15:15:00+00:00,1.3484,1.3485,1.34822,1.34842,1187
1789485600,2026-09-15 15:20:00+00:00,1.34842,1.34852,1.34827,1.3485,1287
1789485900,2026-09-15 15:25:00+00:00,1.3485,1.34864,1.3484099999999999,1.34853,1248
1789486200,2026-09-15 15:30:00+00:00,1.34853,1.34857,1.34806,1.34815,1716
1789486500,2026-09-15 15:35:00+00:00,1.34815,1.34816,1.34742,1.34742,1376
1789486800,2026-09-15 15:40:00+00:00,1.34742,1.34763,1.3473899999999999,1.34751,1290
1789487100,2026-09-15 15:45:00+00:00,1.34751,1.3477299999999999,1.3474,1.3474300000000001,1064
1789487400,2026-09-15 15:50:00+00:00,1.3474300000000001,1.34774,1.34741,1.3474300000000001,1839
1789487700,2026-09-15 15:55:00+00:00,1.3474300000000001,1.3480699999999999,1.3474300000000001,1.3477299999999999,1642
1789488000,2026-09-15 16:00:00+00:00,1.3477299999999999,1.34788,1.34761,1.34767,1356
1789488300,2026-09-15 16:05:00+00:00,1.34767,1.34769,1.3473600000000001,1.3474599999999999,1089
1789488600,2026-09-15 16:10:00+00:00,1.3474599999999999,1.34755,1.34733,1.3474599999999999,1329
1789488900,2026-09-15 16:15:00+00:00,1.34745,1.34753,1.34703,1.34704,923
1789489200,2026-09-15 16:20:00+00:00,1.34704,1.34729,1.34697,1.34726,1313
1789489500,2026-09-15 16:25:00+00:00,1.34726,1.34729,1.34711,1.34727,1132
1789489800,2026-09-15 16:30:00+00:00,1.34727,1.34748,1.34724,1.34745,966
1789490100,2026-09-15 16:35:00+00:00,1.34745,1.34769,1.34742,1.34755,882
1789490400,2026-09-15 16:40:00+00:00,1.34755,1.34771,1.34745,1.34768,852
1789490700,2026-09-15 16:45:00+00:00,1.34768,1.34778,1.34756,1.34767,829
1789491000,2026-09-15 16:50:00+00:00,1.34767,1.34796,1.34763,1.34793,1013
1789491300,2026-09-15 16:55:00+00:00,1.34793,1.34817,1.34793,1.34812,911
1789491600,2026-09-15 17:00:00+00:00,1.34811,1.34826,1.34781,1.34783,1411
1789491900,2026-09-15 17:05:00+00:00,1.34783,1.34793,1.34765,1.34769,1036
1789492200,2026-09-15 17:10:00+00:00,1.34769,1.3479,1.34767,1.34783,1072
1789492500,2026-09-15 17:15:00+00:00,1.34783,1.34791,1.34754,1.34756,1061
1789492800,2026-09-15 17:20:00+00:00,1.34756,1.34763,1.34745,1.34756,1046
1789493100,2026-09-15 17:25:00+00:00,1.34757,1.34768,1.34754,1.34762,982
1789493400,2026-09-15 17:30:00+00:00,1.34762,1.34789,1.34759,1.34786,1042
1789493700,2026-09-15 17:35:00+00:00,1.34785,1.3479,1.3477700000000001,1.34788,982
1789494000,2026-09-15 17:40:00+00:00,1.34788,1.34793,1.34776,1.34783,994
1789494300,2026-09-15 17:45:00+00:00,1.34783,1.34788,1.34747,1.34748,941
1789494600,2026-09-15 17:50:00+00:00,1.34748,1.3475,1.3473600000000001,1.34747,820
1789494900,2026-09-15 17:55:00+00:00,1.34747,1.34758,1.34742,1.3474599999999999,678
1789495200,2026-09-15 18:00:00+00:00,1.3474599999999999,1.34749,1.34721,1.3473600000000001,802
1789495500,2026-09-15 18:05:00+00:00,1.3473600000000001,1.34748,1.34732,1.34745,756
1789495800,2026-09-15 18:10:00+00:00,1.34745,1.34771,1.3474300000000001,1.34763,774
1789496100,2026-09-15 18:15:00+00:00,1.34763,1.34774,1.3476,1.34774,831
1789496400,2026-09-15 18:20:00+00:00,1.34774,1.3479700000000001,1.34772,1.34796,803
1789496700,2026-09-15 18:25:00+00:00,1.34796,1.34817,1.34793,1.34813,1001
1789497000,2026-09-15 18:30:00+00:00,1.34814,1.34814,1.34765,1.34775,943
1789497300,2026-09-15 18:35:00+00:00,1.34776,1.34782,1.34765,1.34766,549
1789497600,2026-09-15 18:40:00+00:00,1.34766,1.34794,1.34757,1.34772,969
1789497900,2026-09-15 18:45:00+00:00,1.34772,1.3480699999999999,1.34763,1.34805,1042
1789498200,2026-09-15 18:50:00+00:00,1.34805,1.34815,1.3479700000000001,1.3480400000000001,815
1789498500,2026-09-15 18:55:00+00:00,1.3480400000000001,1.34806,1.34782,1.34805,742
1789498800,2026-09-15 19:00:00+00:00,1.34805,1.3480699999999999,1.34764,1.34772,1125
1789499100,2026-09-15 19:05:00+00:00,1.3477299999999999,1.3479,1.34765,1.34784,1008
1789499400,2026-09-15 19:10:00+00:00,1.34784,1.34792,1.3477299999999999,1.34776,949
1789499700,2026-09-15 19:15:00+00:00,1.34776,1.34787,1.34766,1.34768,966
1789500000,2026-09-15 19:20:00+00:00,1.34768,1.34776,1.34757,1.34766,580
1789500300,2026-09-15 19:25:00+00:00,1.34766,1.34766,1.34761,1.34766,463
1789500600,2026-09-15 19:30:00+00:00,1.34765,1.34788,1.34761,1.34782,720
1789500900,2026-09-15 19:35:00+00:00,1.34782,1.34787,1.3476,1.34763,640
1789501200,2026-09-15 19:40:00+00:00,1.34763,1.34776,1.34759,1.3477299999999999,623
1789501500,2026-09-15 19:45:00+00:00,1.3477299999999999,1.34774,1.34752,1.34766,762
1789501800,2026-09-15 19:50:00+00:00,1.34766,1.34774,1.3475,1.3475,745
1789502100,2026-09-15 19:55:00+00:00,1.3475,1.34754,1.3473600000000001,1.34741,690
1789502400,2026-09-15 20:00:00+00:00,1.34741,1.34747,1.34737,1.34744,352
1789502700,2026-09-15 20:05:00+00:00,1.34744,1.34748,1.34733,1.34737,232
1789503000,2026-09-15 20:10:00+00:00,1.34737,1.34741,1.3472,1.34722,127
1789503300,2026-09-15 20:15:00+00:00,1.34722,1.34724,1.34721,1.34723,150
1789503600,2026-09-15 20:20:00+00:00,1.34723,1.34725,1.3471199999999999,1.34717,156
1789503900,2026-09-15 20:25:00+00:00,1.34717,1.34728,1.3471600000000001,1.34728,173
1789504200,2026-09-15 20:30:00+00:00,1.34728,1.3474,1.34727,1.34735,137
1789504500,2026-09-15 20:35:00+00:00,1.34735,1.3473600000000001,1.34725,1.34726,125
1789504800,2026-09-15 20:40:00+00:00,1.34726,1.34731,1.34724,1.34727,206
1789505100,2026-09-15 20:45:00+00:00,1.34727,1.34748,1.34726,1.3474599999999999,402
1789505400,2026-09-15 20:50:00+00:00,1.3474599999999999,1.34749,1.34738,1.3474599999999999,123
1789505700,2026-09-15 20:55:00+00:00,1.3474599999999999,1.34779,1.3474599999999999,1.3477700000000001,232
1789506000,2026-09-15 21:00:00+00:00,1.3477700000000001,1.34801,1.3468499999999999,1.34783,90
1789506300,2026-09-15 21:05:00+00:00,1.34783,1.34783,1.34752,1.34752,62
1789506600,2026-09-15 21:10:00+00:00,1.34752,1.34758,1.3475,1.3475,34
1789506900,2026-09-15 21:15:00+00:00,1.3475,1.34753,1.34742,1.34742,38
1789507200,2026-09-15 21:20:00+00:00,1.34742,1.34767,1.34741,1.3475,63
1789507500,2026-09-15 21:25:00+00:00,1.3475,1.34755,1.34737,1.34737,39
1789507800,2026-09-15 21:30:00+00:00,1.34737,1.3474599999999999,1.34721,1.34725,100
1789508100,2026-09-15 21:35:00+00:00,1.34725,1.34725,1.34717,1.34718,42
1789508400,2026-09-15 21:40:00+00:00,1.34718,1.34724,1.34715,1.34718,79
1789508700,2026-09-15 21:45:00+00:00,1.34718,1.3472,1.3471600000000001,1.34718,79
1789509000,2026-09-15 21:50:00+00:00,1.34718,1.3472,1.34713,1.3471600000000001,169
1789509300,2026-09-15 21:55:00+00:00,1.34717,1.34723,1.34705,1.34707,179
1789509600,2026-09-15 22:00:00+00:00,1.34707,1.34789,1.34707,1.34785,759
1789509900,2026-09-15 22:05:00+00:00,1.34785,1.34785,1.34754,1.34764,472
1789510200,2026-09-15 22:10:00+00:00,1.34764,1.34768,1.34749,1.3476,283
1789510500,2026-09-15 22:15:00+00:00,1.3476,1.34767,1.34756,1.34763,344
1789510800,2026-09-15 22:20:00+00:00,1.34763,1.34774,1.34762,1.3477000000000001,149
1789511100,2026-09-15 22:25:00+00:00,1.3477000000000001,1.34778,1.34768,1.3477700000000001,334
1789511400,2026-09-15 22:30:00+00:00,1.34776,1.3479,1.34769,1.34786,148
1789511700,2026-09-15 22:35:00+00:00,1.34786,1.3479,1.34784,1.34786,54
1789512000,2026-09-15 22:40:00+00:00,1.34786,1.34786,1.34772,1.3477299999999999,179
1789512300,2026-09-15 22:45:00+00:00,1.3477299999999999,1.34774,1.34769,1.34771,113
1789512600,2026-09-15 22:50:00+00:00,1.34771,1.34771,1.34762,1.34764,130
1789512900,2026-09-15 22:55:00+00:00,1.34764,1.34767,1.34753,1.34754,119
1789513200,2026-09-15 23:00:00+00:00,1.34754,1.34756,1.34735,1.3473600000000001,315
1789513500,2026-09-15 23:05:00+00:00,1.3473600000000001,1.34738,1.34732,1.3473600000000001,167
1789513800,2026-09-15 23:10:00+00:00,1.3473600000000001,1.34742,1.34732,1.34733,204
1789514100,2026-09-15 23:15:00+00:00,1.34733,1.3475,1.34732,1.34734,135
1789514400,2026-09-15 23:20:00+00:00,1.34734,1.3473600000000001,1.34733,1.34734,159
1789514700,2026-09-15 23:25:00+00:00,1.34734,1.34744,1.34713,1.34725,357
1789515000,2026-09-15 23:30:00+00:00,1.34725,1.34732,1.34722,1.34724,371
1789515300,2026-09-15 23:35:00+00:00,1.34724,1.34725,1.34694,1.34701,645
1789515600,2026-09-15 23:40:00+00:00,1.34701,1.34714,1.34693,1.34705,386
1789515900,2026-09-15 23:45:00+00:00,1.34705,1.34726,1.34704,1.34725,260
1789516200,2026-09-15 23:50:00+00:00,1.34725,1.34735,1.3472,1.3473,625
1789516500,2026-09-15 23:55:00+00:00,1.3473,1.34731,1.34703,1.34705,780
1789516800,2026-09-16 00:00:00+00:00,1.34705,1.3471,1.34692,1.34693,1426
1789517100,2026-09-16 00:05:00+00:00,1.34693,1.34708,1.34673,1.34674,1288
1789517400,2026-09-16 00:10:00+00:00,1.34673,1.34689,1.34663,1.34684,1141
1789517700,2026-09-16 00:15:00+00:00,1.34684,1.3472,1.34684,1.34717,1145
1789518000,2026-09-16 00:20:00+00:00,1.3471600000000001,1.34735,1.34713,1.34722,1315
1789518300,2026-09-16 00:25:00+00:00,1.34723,1.34723,1.34704,1.34711,1099
1789518600,2026-09-16 00:30:00+00:00,1.3471199999999999,1.34717,1.3469,1.34695,993
1789518900,2026-09-16 00:35:00+00:00,1.34695,1.34695,1.3468,1.34684,907
1789519200,2026-09-16 00:40:00+00:00,1.34684,1.34688,1.34671,1.34672,847
1789519500,2026-09-16 00:45:00+00:00,1.34673,1.34677,1.34665,1.34673,1056
1789519800,2026-09-16 00:50:00+00:00,1.34673,1.34689,1.3467,1.34683,1196
1789520100,2026-09-16 00:55:00+00:00,1.34684,1.34696,1.34669,1.34694,925
1789520400,2026-09-16 01:00:00+00:00,1.34694,1.34707,1.3468,1.34681,1141
1789520700,2026-09-16 01:05:00+00:00,1.3468200000000001,1.3468200000000001,1.34663,1.34668,862
1789521000,2026-09-16 01:10:00+00:00,1.34668,1.34694,1.34663,1.34693,750
1789521300,2026-09-16 01:15:00+00:00,1.34693,1.34704,1.34691,1.34694,629
1789521600,2026-09-16 01:20:00+00:00,1.34694,1.34703,1.34692,1.34699,803
1789521900,2026-09-16 01:25:00+00:00,1.34699,1.34706,1.34683,1.34683,879
1789522200,2026-09-16 01:30:00+00:00,1.34683,1.3468499999999999,1.3467,1.34673,697
1789522500,2026-09-16 01:35:00+00:00,1.34673,1.34676,1.34665,1.3467,734
1789522800,2026-09-16 01:40:00+00:00,1.3467,1.34689,1.34665,1.3468499999999999,546
1789523100,2026-09-16 01:45:00+00:00,1.3468499999999999,1.34693,1.34674,1.3468200000000001,998
1789523400,2026-09-16 01:50:00+00:00,1.3468,1.34683,1.34664,1.34666,683
1789523700,2026-09-16 01:55:00+00:00,1.34666,1.34673,1.34654,1.3466,545
1789524000,2026-09-16 02:00:00+00:00,1.3466,1.34676,1.3465799999999999,1.34669,735
1789524300,2026-09-16 02:05:00+00:00,1.34669,1.34706,1.34663,1.34705,771
1789524600,2026-09-16 02:10:00+00:00,1.34706,1.34725,1.34705,1.34718,836
1789524900,2026-09-16 02:15:00+00:00,1.34718,1.3474599999999999,1.34718,1.34735,874
1789525200,2026-09-16 02:20:00+00:00,1.34735,1.3474,1.34724,1.34732,634
1789525500,2026-09-16 02:25:00+00:00,1.34732,1.34751,1.3473,1.34738,843
1789525800,2026-09-16 02:30:00+00:00,1.34738,1.34776,1.34738,1.34775,1088
1789526100,2026-09-16 02:35:00+00:00,1.34775,1.34791,1.34774,1.34784,948
1789526400,2026-09-16 02:40:00+00:00,1.34784,1.34786,1.34757,1.34763,1012
1789526700,2026-09-16 02:45:00+00:00,1.34763,1.34778,1.34762,1.34776,765
1789527000,2026-09-16 02:50:00+00:00,1.34776,1.34778,1.34759,1.3477000000000001,606
1789527300,2026-09-16 02:55:00+00:00,1.34769,1.3479700000000001,1.34767,1.34794,911
1789527600,2026-09-16 03:00:00+00:00,1.34794,1.34805,1.34793,1.3479700000000001,709
1789527900,2026-09-16 03:05:00+00:00,1.3479700000000001,1.3480400000000001,1.34793,1.3479700000000001,445
1789528200,2026-09-16 03:10:00+00:00,1.3479700000000001,1.34816,1.34795,1.3479700000000001,728
1789528500,2026-09-16 03:15:00+00:00,1.3479700000000001,1.34818,1.34796,1.34813,700
1789528800,2026-09-16 03:20:00+00:00,1.34813,1.34817,1.34803,1.3480699999999999,890
1789529100,2026-09-16 03:25:00+00:00,1.3480699999999999,1.3481,1.34802,1.34805,667
1789529400,2026-09-16 03:30:00+00:00,1.34805,1.34808,1.34791,1.34792,562
1789529700,2026-09-16 03:35:00+00:00,1.34792,1.34796,1.34782,1.34786,678
1789530000,2026-09-16 03:40:00+00:00,1.34786,1.34789,1.3477299999999999,1.34784,610
1789530300,2026-09-16 03:45:00+00:00,1.34784,1.34794,1.34779,1.34789,935
1789530600,2026-09-16 03:50:00+00:00,1.3479,1.34803,1.34784,1.34795,724
1789530900,2026-09-16 03:55:00+00:00,1.34796,1.3479999999999999,1.34793,1.3479700000000001,679
1789531200,2026-09-16 04:00:00+00:00,1.3479700000000001,1.3480699999999999,1.34795,1.34805,774
1789531500,2026-09-16 04:05:00+00:00,1.34805,1.34815,1.34799,1.34805,486
1789531800,2026-09-16 04:10:00+00:00,1.34805,1.34818,1.34803,1.34813,473
1789532100,2026-09-16 04:15:00+00:00,1.34814,1.34818,1.3479999999999999,1.34801,340
1789532400,2026-09-16 04:20:00+00:00,1.34801,1.34823,1.34801,1.34816,613
1789532700,2026-09-16 04:25:00+00:00,1.34816,1.34826,1.34812,1.34825,445
1789533000,2026-09-16 04:30:00+00:00,1.34826,1.34844,1.34822,1.3483,596
1789533300,2026-09-16 04:35:00+00:00,1.3483,1.34857,1.3483,1.34856,410
1789533600,2026-09-16 04:40:00+00:00,1.34856,1.3486,1.34832,1.3483399999999999,476
1789533900,2026-09-16 04:45:00+00:00,1.3483399999999999,1.3484,1.34827,1.34833,367
1789534200,2026-09-16 04:50:00+00:00,1.34833,1.3483800000000001,1.34825,1.34836,527
1789534500,2026-09-16 04:55:00+00:00,1.34836,1.34846,1.34833,1.34846,506
1789534800,2026-09-16 05:00:00+00:00,1.34845,1.34847,1.3484,1.34846,666
1789535100,2026-09-16 05:05:00+00:00,1.34846,1.34847,1.34833,1.34839,516
1789535400,2026-09-16 05:10:00+00:00,1.34839,1.34866,1.3483800000000001,1.34857,825
1789535700,2026-09-16 05:15:00+00:00,1.34857,1.3486799999999999,1.34853,1.34866,486
1789536000,2026-09-16 05:20:00+00:00,1.34866,1.34871,1.34863,1.34867,628
1789536300,2026-09-16 05:25:00+00:00,1.34867,1.34886,1.3486500000000001,1.34874,538
1789536600,2026-09-16 05:30:00+00:00,1.34874,1.3489,1.34871,1.3488,952
1789536900,2026-09-16 05:35:00+00:00,1.3488,1.34887,1.34872,1.34875,714
1789537200,2026-09-16 05:40:00+00:00,1.34875,1.34875,1.34863,1.3487,683
1789537500,2026-09-16 05:45:00+00:00,1.3487,1.34893,1.3487,1.34879,691
1789537800,2026-09-16 05:50:00+00:00,1.34879,1.34925,1.34877,1.3491900000000001,637
1789538100,2026-09-16 05:55:00+00:00,1.3491900000000001,1.34949,1.34915,1.34915,811
1789538400,2026-09-16 06:00:00+00:00,1.34915,1.34978,1.34809,1.3483100000000001,1467
1789538700,2026-09-16 06:05:00+00:00,1.3483100000000001,1.34837,1.34785,1.34828,1294
1789539000,2026-09-16 06:10:00+00:00,1.34828,1.34862,1.34817,1.34856,1359
1789539300,2026-09-16 06:15:00+00:00,1.34855,1.34869,1.3483399999999999,1.34847,1097
1789539600,2026-09-16 06:20:00+00:00,1.34847,1.34854,1.34808,1.34808,924
1789539900,2026-09-16 06:25:00+00:00,1.34808,1.3481,1.34783,1.34795,966
1789540200,2026-09-16 06:30:00+00:00,1.34795,1.3480699999999999,1.3477700000000001,1.34784,927
1789540500,2026-09-16 06:35:00+00:00,1.34784,1.34801,1.34782,1.34795,719
1789540800,2026-09-16 06:40:00+00:00,1.34795,1.3479700000000001,1.34771,1.34784,767
1789541100,2026-09-16 06:45:00+00:00,1.34784,1.34784,1.34759,1.34772,573
1789541400,2026-09-16 06:50:00+00:00,1.34772,1.34787,1.34758,1.34766,764
1789541700,2026-09-16 06:55:00+00:00,1.34766,1.34808,1.34765,1.3480400000000001,1297
1789542000,2026-09-16 07:00:00+00:00,1.3480400000000001,1.34816,1.34764,1.34789,1566
1789542300,2026-09-16 07:05:00+00:00,1.34789,1.34803,1.34772,1.3479999999999999,1385
1789542600,2026-09-16 07:10:00+00:00,1.3479999999999999,1.34822,1.3477999999999999,1.3482,1229
1789542900,2026-09-16 07:15:00+00:00,1.3482,1.34824,1.34788,1.34795,1225
1789543200,2026-09-16 07:20:00+00:00,1.34795,1.34806,1.34778,1.34779,985
1789543500,2026-09-16 07:25:00+00:00,1.34778,1.34806,1.34762,1.34801,1086
1789543800,2026-09-16 07:30:00+00:00,1.34801,1.34846,1.3479999999999999,1.34819,1185
1789544100,2026-09-16 07:35:00+00:00,1.34819,1.3483800000000001,1.34803,1.34805,1402
1789544400,2026-09-16 07:40:00+00:00,1.34805,1.34805,1.34768,1.34778,949
1789544700,2026-09-16 07:45:00+00:00,1.34778,1.34792,1.34768,1.3477999999999999,894
1789545000,2026-09-16 07:50:00+00:00,1.3477999999999999,1.34781,1.3472,1.3472,1284
1789545300,2026-09-16 07:55:00+00:00,1.3472,1.3473600000000001,1.3471,1.3471600000000001,1207
1789545600,2026-09-16 08:00:00+00:00,1.3471600000000001,1.34724,1.3468499999999999,1.34695,1305
1789545900,2026-09-16 08:05:00+00:00,1.34695,1.34696,1.34667,1.34693,1185
1789546200,2026-09-16 08:10:00+00:00,1.34693,1.34704,1.34676,1.3468,1085
1789546500,2026-09-16 08:15:00+00:00,1.3468,1.34733,1.3467,1.34706,1178
1789546800,2026-09-16 08:20:00+00:00,1.34706,1.3475,1.34698,1.34713,1642
1789547100,2026-09-16 08:25:00+00:00,1.34713,1.34728,1.34708,1.34723,1401
1789547400,2026-09-16 08:30:00+00:00,1.34723,1.34724,1.34692,1.34702,1337
1789547700,2026-09-16 08:35:00+00:00,1.34702,1.34714,1.34696,1.34705,966
1789548000,2026-09-16 08:40:00+00:00,1.34705,1.34724,1.34699,1.34701,938
1789548300,2026-09-16 08:45:00+00:00,1.34701,1.34713,1.34697,1.34702,930
1789548600,2026-09-16 08:50:00+00:00,1.34702,1.34722,1.34695,1.34702,965
1789548900,2026-09-16 08:55:00+00:00,1.34701,1.34717,1.34698,1.34704,848
1789549200,2026-09-16 09:00:00+00:00,1.34704,1.34715,1.34673,1.34679,1104
1789549500,2026-09-16 09:05:00+00:00,1.34679,1.34694,1.3467799999999999,1.3469,1228
1789549800,2026-09-16 09:10:00+00:00,1.3469,1.3471899999999999,1.34688,1.34714,1125
1789550100,2026-09-16 09:15:00+00:00,1.34714,1.34715,1.3469,1.34698,776
1789550400,2026-09-16 09:20:00+00:00,1.34698,1.3471,1.34681,1.34681,981
1789550700,2026-09-16 09:25:00+00:00,1.34681,1.34706,1.3467799999999999,1.34702,1592
1789551000,2026-09-16 09:30:00+00:00,1.34702,1.34733,1.34693,1.3472,1134
1789551300,2026-09-16 09:35:00+00:00,1.34721,1.34732,1.34705,1.34706,960
1789551600,2026-09-16 09:40:00+00:00,1.34706,1.34718,1.34688,1.3471199999999999,1010
1789551900,2026-09-16 09:45:00+00:00,1.3471199999999999,1.34722,1.34696,1.347,966
1789552200,2026-09-16 09:50:00+00:00,1.347,1.3471199999999999,1.3468200000000001,1.34684,869
1789552500,2026-09-16 09:55:00+00:00,1.34684,1.34708,1.34672,1.34673,996
1789552800,2026-09-16 10:00:00+00:00,1.34673,1.3469,1.34664,1.34668,829
1789553100,2026-09-16 10:05:00+00:00,1.34668,1.34672,1.3465799999999999,1.34664,673
1789553400,2026-09-16 10:10:00+00:00,1.34664,1.3468200000000001,1.34662,1.34671,604
1789553700,2026-09-16 10:15:00+00:00,1.34671,1.34691,1.34666,1.34687,874
1789554000,2026-09-16 10:20:00+00:00,1.34686,1.34708,1.3467,1.34671,874
1789554300,2026-09-16 10:25:00+00:00,1.34671,1.34683,1.34665,1.34679,695
1789554600,2026-09-16 10:30:00+00:00,1.34679,1.3468200000000001,1.3466,1.34674,596
1789554900,2026-09-16 10:35:00+00:00,1.34674,1.34693,1.34669,1.34691,597
1789555200,2026-09-16 10:40:00+00:00,1.34691,1.3471199999999999,1.34684,1.3471199999999999,654
1789555500,2026-09-16 10:45:00+00:00,1.3471199999999999,1.3471199999999999,1.3467799999999999,1.34684,562
1789555800,2026-09-16 10:50:00+00:00,1.34684,1.34688,1.34664,1.34671,609
1789556100,2026-09-16 10:55:00+00:00,1.34671,1.3471899999999999,1.3467,1.3471899999999999,571
1789556400,2026-09-16 11:00:00+00:00,1.3471899999999999,1.34731,1.3468,1.3468,1744
1789556700,2026-09-16 11:05:00+00:00,1.3468,1.34683,1.34636,1.34639,1295
1789557000,2026-09-16 11:10:00+00:00,1.34639,1.34644,1.34588,1.3462,1710
1789557300,2026-09-16 11:15:00+00:00,1.3462,1.34638,1.34606,1.34632,1514
1789557600,2026-09-16 11:20:00+00:00,1.34632,1.34643,1.3461699999999999,1.3462,1141
1789557900,2026-09-16 11:25:00+00:00,1.3462,1.34664,1.34605,1.3465,1372
1789558200,2026-09-16 11:30:00+00:00,1.3465099999999999,1.34663,1.34628,1.34631,1220
1789558500,2026-09-16 11:35:00+00:00,1.34631,1.3465,1.34598,1.34607,1317
1789558800,2026-09-16 11:40:00+00:00,1.34607,1.34612,1.34583,1.34603,1330
1789559100,2026-09-16 11:45:00+00:00,1.34603,1.34613,1.34574,1.34578,1181
1789559400,2026-09-16 11:50:00+00:00,1.34578,1.34583,1.34557,1.3457,1421
1789559700,2026-09-16 11:55:00+00:00,1.3457,1.34571,1.34547,1.34558,1180
1789560000,2026-09-16 12:00:00+00:00,1.34557,1.34579,1.34555,1.34572,1567
1789560300,2026-09-16 12:05:00+00:00,1.34572,1.34582,1.34537,1.3455300000000001,1230
1789560600,2026-09-16 12:10:00+00:00,1.3455300000000001,1.34555,1.34532,1.34546,1268
1789560900,2026-09-16 12:15:00+00:00,1.34546,1.34552,1.34509,1.34512,1123
1789561200,2026-09-16 12:20:00+00:00,1.34512,1.34513,1.34487,1.3449200000000001,1333
1789561500,2026-09-16 12:25:00+00:00,1.3449200000000001,1.34503,1.34478,1.34484,546
1789561800,2026-09-16 12:30:00+00:00,1.34484,1.3454,1.34461,1.34527,1151
1789562100,2026-09-16 12:35:00+00:00,1.3452600000000001,1.34536,1.34517,1.34522,1190
1789562400,2026-09-16 12:40:00+00:00,1.34521,1.34564,1.34521,1.34543,1027
1789562700,2026-09-16 12:45:00+00:00,1.34543,1.3459400000000001,1.34532,1.34582,1148
1789563000,2026-09-16 12:50:00+00:00,1.34582,1.34603,1.3458,1.3459400000000001,1024
1789563300,2026-09-16 12:55:00+00:00,1.3459400000000001,1.34598,1.34561,1.34576,1311
1789563600,2026-09-16 13:00:00+00:00,1.34576,1.34579,1.34542,1.34559,1596
1789563900,2026-09-16 13:05:00+00:00,1.34559,1.34588,1.34549,1.34574,1337
1789564200,2026-09-16 13:10:00+00:00,1.34574,1.34613,1.34572,1.34593,1186
1789564500,2026-09-16 13:15:00+00:00,1.34593,1.346,1.34551,1.34551,1300
1789564800,2026-09-16 13:20:00+00:00,1.34551,1.3457,1.34544,1.34564,1239
1789565100,2026-09-16 13:25:00+00:00,1.34564,1.34588,1.34552,1.34558,1025
1789565400,2026-09-16 13:30:00+00:00,1.34558,1.3458700000000001,1.3455,1.3458700000000001,1448
1789565700,2026-09-16 13:35:00+00:00,1.3458700000000001,1.34605,1.34575,1.34592,1157
1789566000,2026-09-16 13:40:00+00:00,1.34592,1.3459699999999999,1.34561,1.34561,1091
1789566300,2026-09-16 13:45:00+00:00,1.34561,1.34577,1.34534,1.34538,1571
1789566600,2026-09-16 13:50:00+00:00,1.34538,1.34538,1.34511,1.34523,1270
1789566900,2026-09-16 13:55:00+00:00,1.34523,1.34536,1.3449499999999999,1.3449499999999999,1170
1789567200,2026-09-16 14:00:00+00:00,1.3449499999999999,1.34506,1.34459,1.34482,1467
1789567500,2026-09-16 14:05:00+00:00,1.34482,1.34519,1.34464,1.34514,1091
1789567800,2026-09-16 14:10:00+00:00,1.34514,1.34558,1.34508,1.3455599999999999,1165
1789568100,2026-09-16 14:15:00+00:00,1.3455599999999999,1.34557,1.345,1.34515,1197
1789568400,2026-09-16 14:20:00+00:00,1.34516,1.34543,1.34513,1.3452,1033
1789568700,2026-09-16 14:25:00+00:00,1.3452,1.34551,1.3452,1.34541,1035
1789569000,2026-09-16 14:30:00+00:00,1.34541,1.34567,1.34532,1.3456299999999999,708
1789569300,2026-09-16 14:35:00+00:00,1.3456299999999999,1.34612,1.34558,1.34601,714
1789569600,2026-09-16 14:40:00+00:00,1.34602,1.34631,1.34581,1.34609,1029
1789569900,2026-09-16 14:45:00+00:00,1.3461,1.3461699999999999,1.34586,1.34588,944
1789570200,2026-09-16 14:50:00+00:00,1.34588,1.34607,1.3458,1.3458999999999999,1123
1789570500,2026-09-16 14:55:00+00:00,1.3458999999999999,1.34596,1.34509,1.34539,2204
1789570800,2026-09-16 15:00:00+00:00,1.3454,1.3455,1.34501,1.34503,1841
1789571100,2026-09-16 15:05:00+00:00,1.34503,1.34583,1.34503,1.34578,1883
1789571400,2026-09-16 15:10:00+00:00,1.34578,1.34583,1.34535,1.3455599999999999,1743
1789571700,2026-09-16 15:15:00+00:00,1.34557,1.3456000000000001,1.34535,1.34551,1176
1789572000,2026-09-16 15:20:00+00:00,1.34552,1.3455300000000001,1.34527,1.34534,1228
1789572300,2026-09-16 15:25:00+00:00,1.34534,1.34535,1.34481,1.34482,978
1789572600,2026-09-16 15:30:00+00:00,1.34483,1.34485,1.34455,1.34469,1470
1789572900,2026-09-16 15:35:00+00:00,1.34469,1.3450199999999999,1.34466,1.34487,1123
1789573200,2026-09-16 15:40:00+00:00,1.34487,1.34493,1.34457,1.3446,796
1789573500,2026-09-16 15:45:00+00:00,1.3446,1.34523,1.34449,1.3448,2046
1789573800,2026-09-16 15:50:00+00:00,1.3448,1.3449499999999999,1.34458,1.34458,1376
1789574100,2026-09-16 15:55:00+00:00,1.34459,1.34477,1.34448,1.34451,1253
1789574400,2026-09-16 16:00:00+00:00,1.34453,1.34459,1.34436,1.3444,1620
1789574700,2026-09-16 16:05:00+00:00,1.3444,1.34448,1.34423,1.34429,1269
1789575000,2026-09-16 16:10:00+00:00,1.34428,1.34443,1.34426,1.3444099999999999,829
1789575300,2026-09-16 16:15:00+00:00,1.3444099999999999,1.34479,1.3444,1.3446799999999999,1043
1789575600,2026-09-16 16:20:00+00:00,1.3446799999999999,1.34508,1.3446500000000001,1.34505,1157
1789575900,2026-09-16 16:25:00+00:00,1.34505,1.34512,1.34481,1.34487,806
1789576200,2026-09-16 16:30:00+00:00,1.34487,1.34493,1.34467,1.3449,808
1789576500,2026-09-16 16:35:00+00:00,1.3449,1.3450199999999999,1.3448,1.34489,925
1789576800,2026-09-16 16:40:00+00:00,1.34489,1.3449200000000001,1.34478,1.3448,757
1789577100,2026-09-16 16:45:00+00:00,1.3448,1.34491,1.34469,1.3447200000000001,975
1789577400,2026-09-16 16:50:00+00:00,1.3447200000000001,1.34477,1.34461,1.34461,973
1789577700,2026-09-16 16:55:00+00:00,1.34461,1.34474,1.3445,1.3445,1162
1789578000,2026-09-16 17:00:00+00:00,1.3445,1.34452,1.3443,1.34433,1509
1789578300,2026-09-16 17:05:00+00:00,1.34433,1.34439,1.34413,1.34415,1131
1789578600,2026-09-16 17:10:00+00:00,1.34415,1.34418,1.34395,1.3439999999999999,994
1789578900,2026-09-16 17:15:00+00:00,1.3439999999999999,1.34427,1.34398,1.3441,875
1789579200,2026-09-16 17:20:00+00:00,1.3441,1.34424,1.34408,1.3441,783
1789579500,2026-09-16 17:25:00+00:00,1.34409,1.34426,1.34408,1.34422,974
1789579800,2026-09-16 17:30:00+00:00,1.34421,1.34439,1.3442,1.34436,925
1789580100,2026-09-16 17:35:00+00:00,1.34436,1.34445,1.34425,1.34425,656
1789580400,2026-09-16 17:40:00+00:00,1.34425,1.34443,1.34422,1.34439,950
1789580700,2026-09-16 17:45:00+00:00,1.34439,1.34449,1.34432,1.3443800000000001,1032
1789581000,2026-09-16 17:50:00+00:00,1.3443800000000001,1.34453,1.34428,1.34436,1322
1789581300,2026-09-16 17:55:00+00:00,1.34436,1.345,1.34429,1.345,1082
1789581600,2026-09-16 18:00:00+00:00,1.345,1.3461,1.34171,1.34245,4610
1789581900,2026-09-16 18:05:00+00:00,1.34245,1.3435000000000001,1.34203,1.3427799999999999,4798
1789582200,2026-09-16 18:10:00+00:00,1.3427799999999999,1.34286,1.34103,1.34111,4163
1789582500,2026-09-16 18:15:00+00:00,1.34111,1.34152,1.34069,1.34122,4350
1789582800,2026-09-16 18:20:00+00:00,1.34122,1.34196,1.34104,1.3414,3936
1789583100,2026-09-16 18:25:00+00:00,1.3414,1.3414,1.34076,1.341,2214
1789583400,2026-09-16 18:30:00+00:00,1.34101,1.34121,1.3393,1.33938,4676
1789583700,2026-09-16 18:35:00+00:00,1.33937,1.34005,1.33859,1.33974,3683
1789584000,2026-09-16 18:40:00+00:00,1.33974,1.34052,1.33908,1.33992,3742
1789584300,2026-09-16 18:45:00+00:00,1.33992,1.34044,1.33955,1.33997,4258
1789584600,2026-09-16 18:50:00+00:00,1.33997,1.3400699999999999,1.33838,1.3387,3634
1789584900,2026-09-16 18:55:00+00:00,1.3387,1.33908,1.33807,1.33815,4086
1789585200,2026-09-16 19:00:00+00:00,1.33815,1.33928,1.33808,1.33888,4363
1789585500,2026-09-16 19:05:00+00:00,1.33888,1.3390900000000001,1.33812,1.33819,3590
1789585800,2026-09-16 19:10:00+00:00,1.33819,1.3384800000000001,1.3379400000000001,1.3383099999999999,3311
1789586100,2026-09-16 19:15:00+00:00,1.33832,1.3385,1.33759,1.33779,3361
1789586400,2026-09-16 19:20:00+00:00,1.33779,1.33796,1.33757,1.33775,3137
1789586700,2026-09-16 19:25:00+00:00,1.33775,1.33789,1.33724,1.33776,3354
1789587000,2026-09-16 19:30:00+00:00,1.33776,1.33866,1.33768,1.33865,3437
1789587300,2026-09-16 19:35:00+00:00,1.33865,1.33907,1.33845,1.33886,2302
1789587600,2026-09-16 19:40:00+00:00,1.3388499999999999,1.3391,1.33849,1.33853,2084
1789587900,2026-09-16 19:45:00+00:00,1.33852,1.33883,1.3382800000000001,1.33854,2215
1789588200,2026-09-16 19:50:00+00:00,1.33854,1.33856,1.3382800000000001,1.33845,2216
1789588500,2026-09-16 19:55:00+00:00,1.33845,1.33871,1.3382800000000001,1.33867,2171
1789588800,2026-09-16 20:00:00+00:00,1.33867,1.33897,1.33856,1.33857,975
1789589100,2026-09-16 20:05:00+00:00,1.33857,1.33864,1.33815,1.33839,550
1789589400,2026-09-16 20:10:00+00:00,1.33839,1.3384,1.33805,1.3381,553
1789589700,2026-09-16 20:15:00+00:00,1.3381,1.3382800000000001,1.33789,1.33793,516
1789590000,2026-09-16 20:20:00+00:00,1.33793,1.33795,1.33757,1.33766,517
1789590300,2026-09-16 20:25:00+00:00,1.33766,1.33776,1.33748,1.33768,467
1789590600,2026-09-16 20:30:00+00:00,1.33768,1.33796,1.33762,1.33795,361
1789590900,2026-09-16 20:35:00+00:00,1.33795,1.33827,1.3378700000000001,1.33816,499
1789591200,2026-09-16 20:40:00+00:00,1.33816,1.33818,1.33796,1.33807,503
1789591500,2026-09-16 20:45:00+00:00,1.33807,1.33829,1.33806,1.33817,597
1789591800,2026-09-16 20:50:00+00:00,1.33817,1.33819,1.33788,1.33807,600
1789592100,2026-09-16 20:55:00+00:00,1.33807,1.33818,1.33789,1.338,478
1789592400,2026-09-16 21:00:00+00:00,1.338,1.33809,1.33717,1.33793,53
1789592700,2026-09-16 21:05:00+00:00,1.33793,1.3382800000000001,1.33791,1.33825,127
1789593000,2026-09-16 21:10:00+00:00,1.33825,1.33844,1.3379699999999999,1.33815,228
1789593300,2026-09-16 21:15:00+00:00,1.33815,1.33878,1.33793,1.33796,114
1789593600,2026-09-16 21:20:00+00:00,1.33798,1.33878,1.33796,1.33863,166
1789593900,2026-09-16 21:25:00+00:00,1.33862,1.33864,1.3384800000000001,1.33849,72
1789594200,2026-09-16 21:30:00+00:00,1.33849,1.33869,1.33788,1.33809,175
1789594500,2026-09-16 21:35:00+00:00,1.33809,1.33819,1.33798,1.33803,180
1789594800,2026-09-16 21:40:00+00:00,1.33803,1.33838,1.33802,1.33819,74
1789595100,2026-09-16 21:45:00+00:00,1.33819,1.33862,1.33818,1.33846,322
1789595400,2026-09-16 21:50:00+00:00,1.33846,1.33887,1.3382399999999999,1.3384,362
1789595700,2026-09-16 21:55:00+00:00,1.3384,1.33872,1.33764,1.3377,320
1789596000,2026-09-16 22:00:00+00:00,1.3377,1.3378999999999999,1.33746,1.33747,369
1789596300,2026-09-16 22:05:00+00:00,1.33747,1.3378999999999999,1.33747,1.33777,408
1789596600,2026-09-16 22:10:00+00:00,1.33777,1.33781,1.33765,1.3377,339
1789596900,2026-09-16 22:15:00+00:00,1.3377,1.33798,1.33769,1.3378999999999999,360
1789597200,2026-09-16 22:20:00+00:00,1.3378999999999999,1.3379699999999999,1.33788,1.33793,328
1789597500,2026-09-16 22:25:00+00:00,1.33792,1.33811,1.33792,1.33799,309
1789597800,2026-09-16 22:30:00+00:00,1.33799,1.3381,1.33791,1.33801,390
1789598100,2026-09-16 22:35:00+00:00,1.33801,1.33809,1.33798,1.338,450
1789598400,2026-09-16 22:40:00+00:00,1.338,1.33802,1.33799,1.338,103
1789598700,2026-09-16 22:45:00+00:00,1.338,1.33822,1.338,1.33808,261
1789599000,2026-09-16 22:50:00+00:00,1.33808,1.33812,1.33793,1.3379400000000001,288
1789599300,2026-09-16 22:55:00+00:00,1.3379400000000001,1.33802,1.3379400000000001,1.33801,365
1789599600,2026-09-16 23:00:00+00:00,1.33801,1.33813,1.33786,1.33812,541
1789599900,2026-09-16 23:05:00+00:00,1.33812,1.33823,1.33798,1.33811,473
1789600200,2026-09-16 23:10:00+00:00,1.33811,1.3382399999999999,1.3381,1.33818,289
1789600500,2026-09-16 23:15:00+00:00,1.33818,1.3383099999999999,1.33818,1.3382,194
1789600800,2026-09-16 23:20:00+00:00,1.3382,1.33833,1.33819,1.3382100000000001,303
1789601100,2026-09-16 23:25:00+00:00,1.3382100000000001,1.3383,1.3381,1.33812,333
1789601400,2026-09-16 23:30:00+00:00,1.33812,1.33834,1.33811,1.33829,311
1789601700,2026-09-16 23:35:00+00:00,1.33829,1.33843,1.33826,1.33832,344
1789602000,2026-09-16 23:40:00+00:00,1.33832,1.33854,1.33827,1.33834,856
1789602300,2026-09-16 23:45:00+00:00,1.33834,1.33843,1.3382,1.33836,818
1789602600,2026-09-16 23:50:00+00:00,1.33836,1.33861,1.33832,1.33836,789
1789602900,2026-09-16 23:55:00+00:00,1.33835,1.33841,1.33817,1.33817,1181
1789603200,2026-09-17 00:00:00+00:00,1.33817,1.33854,1.33813,1.33845,1566
1789603500,2026-09-17 00:05:00+00:00,1.33845,1.33872,1.33841,1.33861,1190
1789603800,2026-09-17 00:10:00+00:00,1.33861,1.33866,1.33838,1.33838,795
1789604100,2026-09-17 00:15:00+00:00,1.33838,1.33841,1.33811,1.3382800000000001,983
1789604400,2026-09-17 00:20:00+00:00,1.3382800000000001,1.33833,1.33809,1.33818,812
1789604700,2026-09-17 00:25:00+00:00,1.33818,1.33829,1.33803,1.33808,738
1789605000,2026-09-17 00:30:00+00:00,1.33808,1.33825,1.33804,1.33812,641
1789605300,2026-09-17 00:35:00+00:00,1.33812,1.33814,1.3378700000000001,1.33789,770
1789605600,2026-09-17 00:40:00+00:00,1.33789,1.33807,1.3378,1.33792,834
1789605900,2026-09-17 00:45:00+00:00,1.33792,1.3379699999999999,1.33772,1.33772,664
1789606200,2026-09-17 00:50:00+00:00,1.33773,1.3378,1.33721,1.33731,1019
1789606500,2026-09-17 00:55:00+00:00,1.33731,1.33739,1.33721,1.33724,955
1789606800,2026-09-17 01:00:00+00:00,1.33724,1.3373300000000001,1.33709,1.33712,1186
1789607100,2026-09-17 01:05:00+00:00,1.33711,1.33765,1.33709,1.33759,968
1789607400,2026-09-17 01:10:00+00:00,1.33759,1.33766,1.33727,1.33765,748
1789607700,2026-09-17 01:15:00+00:00,1.33765,1.33781,1.33757,1.33757,779
1789608000,2026-09-17 01:20:00+00:00,1.33757,1.33791,1.33749,1.33776,831
1789608300,2026-09-17 01:25:00+00:00,1.33776,1.33776,1.33752,1.33761,669
1789608600,2026-09-17 01:30:00+00:00,1.33761,1.33788,1.33759,1.33762,680
1789608900,2026-09-17 01:35:00+00:00,1.33762,1.33762,1.33712,1.33716,1001
1789609200,2026-09-17 01:40:00+00:00,1.33716,1.33718,1.33701,1.3371,815
1789609500,2026-09-17 01:45:00+00:00,1.3371,1.33714,1.33698,1.3370199999999999,939
1789609800,2026-09-17 01:50:00+00:00,1.3370199999999999,1.33727,1.337,1.33725,974
1789610100,2026-09-17 01:55:00+00:00,1.3372600000000001,1.3372600000000001,1.33701,1.33708,904
1789610400,2026-09-17 02:00:00+00:00,1.33708,1.33741,1.33707,1.33739,854
1789610700,2026-09-17 02:05:00+00:00,1.3374,1.33762,1.33738,1.33759,941
1789611000,2026-09-17 02:10:00+00:00,1.33759,1.33769,1.33731,1.33766,731
1789611300,2026-09-17 02:15:00+00:00,1.33766,1.33771,1.33746,1.3376000000000001,561
1789611600,2026-09-17 02:20:00+00:00,1.3376000000000001,1.3376000000000001,1.33735,1.33739,681
1789611900,2026-09-17 02:25:00+00:00,1.33739,1.33751,1.33737,1.33737,483
1789612200,2026-09-17 02:30:00+00:00,1.33737,1.33741,1.3372,1.3372,575
1789612500,2026-09-17 02:35:00+00:00,1.3372,1.33748,1.33707,1.33745,1031
1789612800,2026-09-17 02:40:00+00:00,1.33745,1.33751,1.3373599999999999,1.33738,793
1789613100,2026-09-17 02:45:00+00:00,1.33738,1.33741,1.33711,1.33718,796
1789613400,2026-09-17 02:50:00+00:00,1.33717,1.3373,1.33697,1.3369900000000001,871
1789613700,2026-09-17 02:55:00+00:00,1.3369900000000001,1.33709,1.33694,1.33707,691
1789614000,2026-09-17 03:00:00+00:00,1.33708,1.3372,1.33694,1.33707,844
1789614300,2026-09-17 03:05:00+00:00,1.33707,1.33732,1.3370600000000001,1.33728,826
1789614600,2026-09-17 03:10:00+00:00,1.33728,1.33742,1.33725,1.33742,734
1789614900,2026-09-17 03:15:00+00:00,1.33742,1.33747,1.33712,1.3373599999999999,643
1789615200,2026-09-17 03:20:00+00:00,1.3373599999999999,1.33738,1.33712,1.33721,712
1789615500,2026-09-17 03:25:00+00:00,1.33721,1.33722,1.33704,1.3370600000000001,504
1789615800,2026-09-17 03:30:00+00:00,1.3370600000000001,1.33727,1.33704,1.33719,566
1789616100,2026-09-17 03:35:00+00:00,1.33719,1.33742,1.33709,1.33742,575
1789616400,2026-09-17 03:40:00+00:00,1.33742,1.33744,1.33719,1.3372,390
1789616700,2026-09-17 03:45:00+00:00,1.3372,1.33721,1.33707,1.33717,432
1789617000,2026-09-17 03:50:00+00:00,1.33717,1.3372,1.33708,1.33717,637
1789617300,2026-09-17 03:55:00+00:00,1.33717,1.33746,1.33716,1.3373599999999999,827
1789617600,2026-09-17 04:00:00+00:00,1.3373599999999999,1.3376000000000001,1.33727,1.33754,712
1789617900,2026-09-17 04:05:00+00:00,1.33754,1.3376299999999999,1.33754,1.3376000000000001,438
1789618200,2026-09-17 04:10:00+00:00,1.3376000000000001,1.3376000000000001,1.33739,1.33741,392
1789618500,2026-09-17 04:15:00+00:00,1.33741,1.33761,1.3372899999999999,1.33759,493
1789618800,2026-09-17 04:20:00+00:00,1.3376000000000001,1.33781,1.33758,1.33772,465
1789619100,2026-09-17 04:25:00+00:00,1.33772,1.33773,1.33759,1.33768,468
1789619400,2026-09-17 04:30:00+00:00,1.33768,1.3379699999999999,1.33759,1.33786,562
1789619700,2026-09-17 04:35:00+00:00,1.33786,1.3381,1.33779,1.3378,575
1789620000,2026-09-17 04:40:00+00:00,1.3378,1.33781,1.33766,1.33779,377
1789620300,2026-09-17 04:45:00+00:00,1.33779,1.33811,1.33779,1.33799,415
1789620600,2026-09-17 04:50:00+00:00,1.33799,1.33812,1.3379699999999999,1.33804,526
1789620900,2026-09-17 04:55:00+00:00,1.33804,1.33811,1.33799,1.33809,561
1789621200,2026-09-17 05:00:00+00:00,1.33809,1.3383,1.33806,1.33818,600
1789621500,2026-09-17 05:05:00+00:00,1.33818,1.33819,1.33795,1.3379699999999999,557
1789621800,2026-09-17 05:10:00+00:00,1.3379699999999999,1.33803,1.33786,1.338,497
1789622100,2026-09-17 05:15:00+00:00,1.338,1.338,1.33784,1.33791,601
1789622400,2026-09-17 05:20:00+00:00,1.33791,1.3379699999999999,1.33778,1.33796,484
1789622700,2026-09-17 05:25:00+00:00,1.33796,1.33822,1.33792,1.33819,574
1789623000,2026-09-17 05:30:00+00:00,1.33819,1.33822,1.33802,1.3382,530
1789623300,2026-09-17 05:35:00+00:00,1.3382,1.3383,1.3381,1.3382,737
1789623600,2026-09-17 05:40:00+00:00,1.3382,1.33829,1.33816,1.33822,841
1789623900,2026-09-17 05:45:00+00:00,1.33822,1.33829,1.33813,1.33822,605
1789624200,2026-09-17 05:50:00+00:00,1.33822,1.33832,1.33804,1.33818,947
1789624500,2026-09-17 05:55:00+00:00,1.33818,1.3382,1.33806,1.33817,900
1789624800,2026-09-17 06:00:00+00:00,1.33817,1.3383,1.33796,1.33812,1259
1789625100,2026-09-17 06:05:00+00:00,1.33812,1.3384,1.33811,1.3382800000000001,996
1789625400,2026-09-17 06:10:00+00:00,1.33829,1.3386,1.3382399999999999,1.3385799999999999,1184
1789625700,2026-09-17 06:15:00+00:00,1.3385799999999999,1.33867,1.33836,1.33865,1111
1789626000,2026-09-17 06:20:00+00:00,1.33865,1.339,1.33861,1.33899,1002
1789626300,2026-09-17 06:25:00+00:00,1.33899,1.33932,1.33898,1.33922,864
1789626600,2026-09-17 06:30:00+00:00,1.33922,1.33939,1.33904,1.3392,1217
1789626900,2026-09-17 06:35:00+00:00,1.3392,1.33929,1.33899,1.33905,990
1789627200,2026-09-17 06:40:00+00:00,1.33905,1.33942,1.33904,1.3394,903
1789627500,2026-09-17 06:45:00+00:00,1.3394,1.33961,1.33925,1.3396,711
1789627800,2026-09-17 06:50:00+00:00,1.33961,1.3401,1.33959,1.34006,704
1789628100,2026-09-17 06:55:00+00:00,1.34006,1.34022,1.33978,1.33986,843
1789628400,2026-09-17 07:00:00+00:00,1.33986,1.33992,1.33936,1.33936,1282
1789628700,2026-09-17 07:05:00+00:00,1.33936,1.33948,1.33918,1.33927,1043
1789629000,2026-09-17 07:10:00+00:00,1.33927,1.33948,1.33902,1.3391199999999999,998
1789629300,2026-09-17 07:15:00+00:00,1.33913,1.33958,1.3391199999999999,1.33926,1127
1789629600,2026-09-17 07:20:00+00:00,1.33926,1.33928,1.33903,1.3392,917
1789629900,2026-09-17 07:25:00+00:00,1.33921,1.33936,1.33913,1.33933,925
1789630200,2026-09-17 07:30:00+00:00,1.33933,1.3394300000000001,1.33905,1.33913,875
1789630500,2026-09-17 07:35:00+00:00,1.33913,1.33938,1.33896,1.33934,1084
1789630800,2026-09-17 07:40:00+00:00,1.33934,1.33936,1.33894,1.33915,773
1789631100,2026-09-17 07:45:00+00:00,1.33915,1.33915,1.3389,1.33905,862
1789631400,2026-09-17 07:50:00+00:00,1.33905,1.33905,1.33863,1.33876,1087
1789631700,2026-09-17 07:55:00+00:00,1.33876,1.33891,1.33856,1.33886,1045
1789632000,2026-09-17 08:00:00+00:00,1.33886,1.33886,1.33847,1.33854,1249
1789632300,2026-09-17 08:05:00+00:00,1.33854,1.33865,1.33847,1.33854,792
1789632600,2026-09-17 08:10:00+00:00,1.33854,1.3385799999999999,1.3378999999999999,1.338,861
1789632900,2026-09-17 08:15:00+00:00,1.338,1.33825,1.33793,1.33807,1138
1789633200,2026-09-17 08:20:00+00:00,1.33807,1.3382399999999999,1.33796,1.33807,875
1789633500,2026-09-17 08:25:00+00:00,1.33807,1.3382,1.3378999999999999,1.33818,928
1789633800,2026-09-17 08:30:00+00:00,1.33818,1.33842,1.3381,1.33835,948
1789634100,2026-09-17 08:35:00+00:00,1.33835,1.3384800000000001,1.3383099999999999,1.33844,823
1789634400,2026-09-17 08:40:00+00:00,1.33844,1.33867,1.33843,1.33859,869
1789634700,2026-09-17 08:45:00+00:00,1.33859,1.33917,1.33847,1.33897,846
1789635000,2026-09-17 08:50:00+00:00,1.33897,1.33898,1.33857,1.3385799999999999,743
1789635300,2026-09-17 08:55:00+00:00,1.3385799999999999,1.33961,1.33857,1.33949,1098
1789635600,2026-09-17 09:00:00+00:00,1.33949,1.33979,1.33932,1.33937,1018
1789635900,2026-09-17 09:05:00+00:00,1.33937,1.3397299999999999,1.33935,1.33967,897
1789636200,2026-09-17 09:10:00+00:00,1.33967,1.34,1.33963,1.33976,699
1789636500,2026-09-17 09:15:00+00:00,1.33976,1.33989,1.33955,1.33956,559
1789636800,2026-09-17 09:20:00+00:00,1.33956,1.33959,1.33933,1.33955,888
1789637100,2026-09-17 09:25:00+00:00,1.33955,1.33957,1.33922,1.33947,1109
1789637400,2026-09-17 09:30:00+00:00,1.33947,1.33957,1.33928,1.33949,1042
1789637700,2026-09-17 09:35:00+00:00,1.33948,1.33978,1.3394,1.33974,931
1789638000,2026-09-17 09:40:00+00:00,1.33974,1.33979,1.33935,1.33935,808
1789638300,2026-09-17 09:45:00+00:00,1.33935,1.33945,1.33926,1.33942,643
1789638600,2026-09-17 09:50:00+00:00,1.33942,1.33964,1.33942,1.33958,1056
1789638900,2026-09-17 09:55:00+00:00,1.33958,1.33971,1.33935,1.3394599999999999,825
1789639200,2026-09-17 10:00:00+00:00,1.3394599999999999,1.33974,1.33941,1.3394599999999999,765
1789639500,2026-09-17 10:05:00+00:00,1.3394599999999999,1.33994,1.33944,1.3397700000000001,913
1789639800,2026-09-17 10:10:00+00:00,1.3397700000000001,1.3403100000000001,1.33976,1.3400699999999999,839
1789640100,2026-09-17 10:15:00+00:00,1.3400699999999999,1.34044,1.33998,1.34036,1120
1789640400,2026-09-17 10:20:00+00:00,1.34036,1.34049,1.34012,1.34036,928
1789640700,2026-09-17 10:25:00+00:00,1.34036,1.34047,1.3400699999999999,1.34036,1107
1789641000,2026-09-17 10:30:00+00:00,1.34036,1.34047,1.34012,1.34023,618
1789641300,2026-09-17 10:35:00+00:00,1.34023,1.34054,1.34021,1.3403399999999999,670
1789641600,2026-09-17 10:40:00+00:00,1.3403399999999999,1.34037,1.34002,1.34017,687
1789641900,2026-09-17 10:45:00+00:00,1.34017,1.34036,1.34013,1.3403100000000001,874
1789642200,2026-09-17 10:50:00+00:00,1.3403100000000001,1.3406,1.34021,1.34025,839
1789642500,2026-09-17 10:55:00+00:00,1.34025,1.34064,1.34025,1.34044,854
1789642800,2026-09-17 11:00:00+00:00,1.34042,1.34043,1.33712,1.33727,3918
1789643100,2026-09-17 11:05:00+00:00,1.33727,1.33738,1.33601,1.33635,2866
1789643400,2026-09-17 11:10:00+00:00,1.33635,1.33692,1.33613,1.33653,1304
1789643700,2026-09-17 11:15:00+00:00,1.33652,1.33659,1.33499,1.33499,1887
1789644000,2026-09-17 11:20:00+00:00,1.33499,1.336,1.33498,1.33585,2276
1789644300,2026-09-17 11:25:00+00:00,1.33585,1.33669,1.33566,1.33656,2206
1789644600,2026-09-17 11:30:00+00:00,1.33656,1.33682,1.33598,1.33646,1613
1789644900,2026-09-17 11:35:00+00:00,1.33647,1.33678,1.33635,1.33664,821
1789645200,2026-09-17 11:40:00+00:00,1.33663,1.33738,1.33648,1.3370600000000001,1201
1789645500,2026-09-17 11:45:00+00:00,1.3370600000000001,1.33724,1.33652,1.33667,1146
1789645800,2026-09-17 11:50:00+00:00,1.33667,1.33687,1.33652,1.33685,1248
1789646100,2026-09-17 11:55:00+00:00,1.33685,1.33719,1.33644,1.33697,1573
1789646400,2026-09-17 12:00:00+00:00,1.33697,1.3374,1.33685,1.33713,2181
1789646700,2026-09-17 12:05:00+00:00,1.33713,1.33779,1.33712,1.33762,2427
1789647000,2026-09-17 12:10:00+00:00,1.33762,1.33859,1.33745,1.33835,2258
1789647300,2026-09-17 12:15:00+00:00,1.33836,1.33884,1.33803,1.33879,2099
1789647600,2026-09-17 12:20:00+00:00,1.33879,1.33894,1.33854,1.33883,1977
1789647900,2026-09-17 12:25:00+00:00,1.33883,1.3395299999999999,1.33881,1.3394599999999999,1068
1789648200,2026-09-17 12:30:00+00:00,1.3394599999999999,1.33957,1.33902,1.33923,1140
1789648500,2026-09-17 12:35:00+00:00,1.33923,1.33924,1.33844,1.33864,1630
1789648800,2026-09-17 12:40:00+00:00,1.33863,1.33877,1.33814,1.33834,1330
1789649100,2026-09-17 12:45:00+00:00,1.33834,1.3385500000000001,1.33822,1.33822,1572
1789649400,2026-09-17 12:50:00+00:00,1.33823,1.33838,1.33801,1.33836,1678
1789649700,2026-09-17 12:55:00+00:00,1.33836,1.33867,1.33822,1.33864,1697
1789650000,2026-09-17 13:00:00+00:00,1.33864,1.3388200000000001,1.33833,1.33836,1931
1789650300,2026-09-17 13:05:00+00:00,1.33836,1.33836,1.33775,1.33775,1483
1789650600,2026-09-17 13:10:00+00:00,1.33775,1.33791,1.33724,1.33738,1386
1789650900,2026-09-17 13:15:00+00:00,1.33738,1.33777,1.3373599999999999,1.33754,1429
1789651200,2026-09-17 13:20:00+00:00,1.33754,1.33775,1.3372,1.33753,1474
1789651500,2026-09-17 13:25:00+00:00,1.33753,1.33785,1.33745,1.3376700000000001,1645
1789651800,2026-09-17 13:30:00+00:00,1.3376700000000001,1.33777,1.33725,1.33737,2144
1789652100,2026-09-17 13:35:00+00:00,1.33737,1.3381,1.33737,1.3379699999999999,1809
1789652400,2026-09-17 13:40:00+00:00,1.3379699999999999,1.33803,1.33704,1.33715,1811
1789652700,2026-09-17 13:45:00+00:00,1.33715,1.33779,1.33711,1.33755,2450
1789653000,2026-09-17 13:50:00+00:00,1.33755,1.33768,1.33713,1.33715,2009
1789653300,2026-09-17 13:55:00+00:00,1.33715,1.33749,1.33712,1.3373599999999999,1550
1789653600,2026-09-17 14:00:00+00:00,1.3373599999999999,1.33778,1.33697,1.33774,2126
1789653900,2026-09-17 14:05:00+00:00,1.33774,1.338,1.33753,1.33799,2428
1789654200,2026-09-17 14:10:00+00:00,1.33798,1.33806,1.33759,1.33773,1843
1789654500,2026-09-17 14:15:00+00:00,1.33773,1.33785,1.33712,1.33715,1927
1789654800,2026-09-17 14:20:00+00:00,1.33716,1.33747,1.33693,1.33723,1771
1789655100,2026-09-17 14:25:00+00:00,1.33723,1.3372600000000001,1.33632,1.3363399999999999,1424
1789655400,2026-09-17 14:30:00+00:00,1.3363399999999999,1.33664,1.33616,1.33625,1089
1789655700,2026-09-17 14:35:00+00:00,1.33625,1.33625,1.33542,1.33542,1094
1789656000,2026-09-17 14:40:00+00:00,1.33542,1.33586,1.33533,1.33533,1111
1789656300,2026-09-17 14:45:00+00:00,1.33533,1.33597,1.33525,1.33587,1196
1789656600,2026-09-17 14:50:00+00:00,1.33587,1.33605,1.33522,1.33523,1260
1789656900,2026-09-17 14:55:00+00:00,1.33524,1.33548,1.33511,1.33526,1585
1789657200,2026-09-17 15:00:00+00:00,1.33528,1.33579,1.3351899999999999,1.3354599999999999,1829
1789657500,2026-09-17 15:05:00+00:00,1.33545,1.33578,1.33527,1.33544,1570
1789657800,2026-09-17 15:10:00+00:00,1.33544,1.33548,1.33509,1.33545,1290
1789658100,2026-09-17 15:15:00+00:00,1.33545,1.336,1.3354300000000001,1.33595,1485
1789658400,2026-09-17 15:20:00+00:00,1.33595,1.33596,1.33544,1.3354599999999999,1409
1789658700,2026-09-17 15:25:00+00:00,1.3354599999999999,1.33565,1.33499,1.33515,1443
1789659000,2026-09-17 15:30:00+00:00,1.33515,1.33515,1.33438,1.33454,1352
1789659300,2026-09-17 15:35:00+00:00,1.33454,1.33478,1.3342,1.3342399999999999,1404
1789659600,2026-09-17 15:40:00+00:00,1.3342399999999999,1.33448,1.33401,1.33403,1398
1789659900,2026-09-17 15:45:00+00:00,1.33403,1.3341,1.3336299999999999,1.33401,1561
1789660200,2026-09-17 15:50:00+00:00,1.33401,1.33465,1.3338999999999999,1.33463,1245
1789660500,2026-09-17 15:55:00+00:00,1.33463,1.33463,1.33432,1.33453,1417
1789660800,2026-09-17 16:00:00+00:00,1.33453,1.33466,1.33423,1.33425,1319
1789661100,2026-09-17 16:05:00+00:00,1.3342399999999999,1.3343,1.33386,1.33406,1153
1789661400,2026-09-17 16:10:00+00:00,1.33406,1.33448,1.3338,1.33445,742
1789661700,2026-09-17 16:15:00+00:00,1.33445,1.3346,1.3342399999999999,1.33436,986
1789662000,2026-09-17 16:20:00+00:00,1.33437,1.33469,1.33435,1.3345799999999999,894
1789662300,2026-09-17 16:25:00+00:00,1.3345799999999999,1.3348,1.33456,1.33478,803
1789662600,2026-09-17 16:30:00+00:00,1.33478,1.33488,1.3345500000000001,1.33477,1118
1789662900,2026-09-17 16:35:00+00:00,1.33477,1.335,1.33473,1.33498,613
1789663200,2026-09-17 16:40:00+00:00,1.33498,1.3351,1.33494,1.3351,857
1789663500,2026-09-17 16:45:00+00:00,1.33508,1.3351,1.33486,1.33495,798
1789663800,2026-09-17 16:50:00+00:00,1.33496,1.33496,1.33476,1.33477,752
1789664100,2026-09-17 16:55:00+00:00,1.33477,1.3349,1.33457,1.33487,1755
1789664400,2026-09-17 17:00:00+00:00,1.33487,1.33517,1.33453,1.33515,1554
1789664700,2026-09-17 17:05:00+00:00,1.33515,1.3352,1.33505,1.33506,830
1789665000,2026-09-17 17:10:00+00:00,1.33506,1.33506,1.3348499999999999,1.33498,920
1789665300,2026-09-17 17:15:00+00:00,1.33498,1.33521,1.33493,1.33518,952
1789665600,2026-09-17 17:20:00+00:00,1.33518,1.33527,1.33514,1.33525,660
1789665900,2026-09-17 17:25:00+00:00,1.33525,1.33527,1.33503,1.33517,730
1789666200,2026-09-17 17:30:00+00:00,1.33517,1.33526,1.33509,1.33511,702
1789666500,2026-09-17 17:35:00+00:00,1.33511,1.3352,1.33498,1.33506,628
1789666800,2026-09-17 17:40:00+00:00,1.33507,1.3351199999999999,1.3348900000000001,1.33498,730
1789667100,2026-09-17 17:45:00+00:00,1.33498,1.33503,1.33467,1.33477,726
1789667400,2026-09-17 17:50:00+00:00,1.33477,1.33479,1.33457,1.33468,782
1789667700,2026-09-17 17:55:00+00:00,1.33468,1.335,1.33466,1.33498,886
1789668000,2026-09-17 18:00:00+00:00,1.33498,1.33538,1.33488,1.33537,592
1789668300,2026-09-17 18:05:00+00:00,1.33537,1.33547,1.33521,1.33523,592
1789668600,2026-09-17 18:10:00+00:00,1.33523,1.33547,1.3351600000000001,1.3354599999999999,1017
1789668900,2026-09-17 18:15:00+00:00,1.3354599999999999,1.33549,1.33529,1.33544,760
1789669200,2026-09-17 18:20:00+00:00,1.33544,1.3355000000000001,1.33526,1.33526,674
1789669500,2026-09-17 18:25:00+00:00,1.33526,1.33532,1.33524,1.33526,741
1789669800,2026-09-17 18:30:00+00:00,1.33526,1.3354,1.33517,1.33527,645
1789670100,2026-09-17 18:35:00+00:00,1.33527,1.33533,1.33518,1.33528,509
1789670400,2026-09-17 18:40:00+00:00,1.33528,1.3354300000000001,1.33526,1.33538,513
1789670700,2026-09-17 18:45:00+00:00,1.33537,1.33558,1.33527,1.33558,487
1789671000,2026-09-17 18:50:00+00:00,1.33558,1.33558,1.33522,1.33535,662
1789671300,2026-09-17 18:55:00+00:00,1.33535,1.33536,1.33504,1.33527,1400
1789671600,2026-09-17 19:00:00+00:00,1.33527,1.33562,1.33525,1.33544,1122
1789671900,2026-09-17 19:05:00+00:00,1.33545,1.33556,1.33536,1.3355299999999999,1071
1789672200,2026-09-17 19:10:00+00:00,1.3355299999999999,1.33555,1.33536,1.33547,728
1789672500,2026-09-17 19:15:00+00:00,1.33547,1.3355000000000001,1.33533,1.3354599999999999,578
1789672800,2026-09-17 19:20:00+00:00,1.3354599999999999,1.33566,1.3354599999999999,1.33558,761
1789673100,2026-09-17 19:25:00+00:00,1.33558,1.33575,1.33558,1.33567,830
1789673400,2026-09-17 19:30:00+00:00,1.33567,1.33582,1.33566,1.3357700000000001,838
1789673700,2026-09-17 19:35:00+00:00,1.3357700000000001,1.33589,1.33574,1.3357999999999999,484
1789674000,2026-09-17 19:40:00+00:00,1.3357999999999999,1.33588,1.33572,1.33576,485
1789674300,2026-09-17 19:45:00+00:00,1.33576,1.33588,1.33572,1.3357999999999999,421
1789674600,2026-09-17 19:50:00+00:00,1.3357999999999999,1.33592,1.33575,1.33588,431
1789674900,2026-09-17 19:55:00+00:00,1.33588,1.33591,1.33576,1.33578,876
1789675200,2026-09-17 20:00:00+00:00,1.33578,1.33589,1.33562,1.33562,543
1789675500,2026-09-17 20:05:00+00:00,1.33562,1.33571,1.33557,1.33558,389
1789675800,2026-09-17 20:10:00+00:00,1.33558,1.33558,1.33529,1.33542,277
1789676100,2026-09-17 20:15:00+00:00,1.33542,1.3355000000000001,1.33537,1.33548,103
1789676400,2026-09-17 20:20:00+00:00,1.33548,1.33556,1.33537,1.33537,106
1789676700,2026-09-17 20:25:00+00:00,1.33537,1.33561,1.33537,1.33558,233
1789677000,2026-09-17 20:30:00+00:00,1.33558,1.33568,1.33556,1.33559,145
1789677300,2026-09-17 20:35:00+00:00,1.33559,1.33562,1.33556,1.33558,169
1789677600,2026-09-17 20:40:00+00:00,1.33558,1.33562,1.33549,1.33559,199
1789677900,2026-09-17 20:45:00+00:00,1.33559,1.33578,1.33556,1.33576,282
1789678200,2026-09-17 20:50:00+00:00,1.33576,1.33586,1.33569,1.3357299999999999,149
1789678500,2026-09-17 20:55:00+00:00,1.3357299999999999,1.33592,1.33567,1.33582,374
1789678800,2026-09-17 21:00:00+00:00,1.33582,1.33582,1.33499,1.33557,92
1789679100,2026-09-17 21:05:00+00:00,1.33557,1.33563,1.3353,1.3353,170
1789679400,2026-09-17 21:10:00+00:00,1.33544,1.33548,1.33527,1.33539,91
1789679700,2026-09-17 21:15:00+00:00,1.33539,1.33544,1.33537,1.3354,73
1789680000,2026-09-17 21:20:00+00:00,1.3354,1.33555,1.33527,1.33554,57
1789680300,2026-09-17 21:25:00+00:00,1.33554,1.33555,1.3354599999999999,1.3354599999999999,43
1789680600,2026-09-17 21:30:00+00:00,1.33545,1.33596,1.33545,1.33586,206
1789680900,2026-09-17 21:35:00+00:00,1.33586,1.33601,1.3357999999999999,1.33594,249
1789681200,2026-09-17 21:40:00+00:00,1.33594,1.3360699999999999,1.3357700000000001,1.3357999999999999,165
1789681500,2026-09-17 21:45:00+00:00,1.3357999999999999,1.33613,1.33579,1.33595,182
1789681800,2026-09-17 21:50:00+00:00,1.33595,1.33598,1.33524,1.33574,355
1789682100,2026-09-17 21:55:00+00:00,1.33574,1.33594,1.3354300000000001,1.33551,359
1789682400,2026-09-17 22:00:00+00:00,1.33551,1.33602,1.33549,1.33559,260
1789682700,2026-09-17 22:05:00+00:00,1.33559,1.33575,1.33552,1.33571,184
1789683000,2026-09-17 22:10:00+00:00,1.33571,1.33601,1.33569,1.3359,300
1789683300,2026-09-17 22:15:00+00:00,1.33589,1.33592,1.33588,1.33589,91
1789683600,2026-09-17 22:20:00+00:00,1.33589,1.33592,1.3357999999999999,1.33583,232
1789683900,2026-09-17 22:25:00+00:00,1.33583,1.33592,1.33578,1.33591,101
1789684200,2026-09-17 22:30:00+00:00,1.33591,1.336,1.33588,1.33597,212
1789684500,2026-09-17 22:35:00+00:00,1.33597,1.33599,1.33593,1.33597,112
1789684800,2026-09-17 22:40:00+00:00,1.33597,1.336,1.33594,1.33598,137
1789685100,2026-09-17 22:45:00+00:00,1.33597,1.33599,1.33588,1.3359,88
1789685400,2026-09-17 22:50:00+00:00,1.3359,1.33596,1.33588,1.33588,102
1789685700,2026-09-17 22:55:00+00:00,1.33588,1.33596,1.33587,1.33589,97
1789686000,2026-09-17 23:00:00+00:00,1.33589,1.33593,1.33587,1.3359,121
1789686300,2026-09-17 23:05:00+00:00,1.3359,1.33598,1.33588,1.33597,149
1789686600,2026-09-17 23:10:00+00:00,1.33597,1.33599,1.33595,1.33596,67
1789686900,2026-09-17 23:15:00+00:00,1.33596,1.33597,1.33586,1.33588,154
1789687200,2026-09-17 23:20:00+00:00,1.33588,1.33599,1.33587,1.33597,194
1789687500,2026-09-17 23:25:00+00:00,1.33597,1.33598,1.33586,1.33589,100
1789687800,2026-09-17 23:30:00+00:00,1.33589,1.33591,1.33568,1.3357999999999999,225
1789688100,2026-09-17 23:35:00+00:00,1.33579,1.33601,1.33578,1.33599,505
1789688400,2026-09-17 23:40:00+00:00,1.33599,1.33599,1.33576,1.3357700000000001,258
1789688700,2026-09-17 23:45:00+00:00,1.3357700000000001,1.33592,1.33576,1.33579,731
1789689000,2026-09-17 23:50:00+00:00,1.33579,1.33586,1.33566,1.33581,706
1789689300,2026-09-17 23:55:00+00:00,1.33581,1.33582,1.33556,1.33561,701
1789689600,2026-09-18 00:00:00+00:00,1.33561,1.33588,1.33551,1.33585,1517
1789689900,2026-09-18 00:05:00+00:00,1.33585,1.33612,1.3357999999999999,1.33612,806
1789690200,2026-09-18 00:10:00+00:00,1.33612,1.33612,1.33597,1.3360699999999999,922
1789690500,2026-09-18 00:15:00+00:00,1.3360699999999999,1.3361399999999999,1.33598,1.33612,620
1789690800,2026-09-18 00:20:00+00:00,1.33612,1.33616,1.33597,1.33609,503
1789691100,2026-09-18 00:25:00+00:00,1.33609,1.3361,1.33585,1.3359,861
1789691400,2026-09-18 00:30:00+00:00,1.3359,1.33598,1.33586,1.33588,664
1789691700,2026-09-18 00:35:00+00:00,1.33589,1.33597,1.3357700000000001,1.33581,666
1789692000,2026-09-18 00:40:00+00:00,1.33581,1.33588,1.33567,1.33581,829
1789692300,2026-09-18 00:45:00+00:00,1.33581,1.3359,1.33568,1.33589,601
1789692600,2026-09-18 00:50:00+00:00,1.33589,1.33609,1.3357999999999999,1.33602,980
1789692900,2026-09-18 00:55:00+00:00,1.33602,1.33622,1.33599,1.33612,1344
1789693200,2026-09-18 01:00:00+00:00,1.33612,1.33637,1.3361100000000001,1.33615,1569
1789693500,2026-09-18 01:05:00+00:00,1.33615,1.3362,1.33585,1.33588,1007
1789693800,2026-09-18 01:10:00+00:00,1.33588,1.33592,1.33578,1.33581,1285
1789694100,2026-09-18 01:15:00+00:00,1.33581,1.33593,1.33578,1.33578,1345
1789694400,2026-09-18 01:20:00+00:00,1.33578,1.3360699999999999,1.33575,1.33603,1430
1789694700,2026-09-18 01:25:00+00:00,1.33603,1.33605,1.3357999999999999,1.33583,1038
1789695000,2026-09-18 01:30:00+00:00,1.33583,1.33589,1.3356,1.33578,1293
1789695300,2026-09-18 01:35:00+00:00,1.33578,1.33592,1.33566,1.33566,1004
1789695600,2026-09-18 01:40:00+00:00,1.33566,1.33594,1.33566,1.33581,935
1789695900,2026-09-18 01:45:00+00:00,1.33581,1.33596,1.33571,1.33588,1099
1789696200,2026-09-18 01:50:00+00:00,1.33588,1.336,1.33576,1.33597,949
1789696500,2026-09-18 01:55:00+00:00,1.33597,1.33628,1.33591,1.33626,770
1789696800,2026-09-18 02:00:00+00:00,1.33626,1.33627,1.33606,1.33608,627
1789697100,2026-09-18 02:05:00+00:00,1.3360699999999999,1.33613,1.33593,1.33593,419
1789697400,2026-09-18 02:10:00+00:00,1.33593,1.33599,1.33582,1.33593,685
1789697700,2026-09-18 02:15:00+00:00,1.33593,1.33594,1.33576,1.33586,564
1789698000,2026-09-18 02:20:00+00:00,1.33586,1.33597,1.33585,1.33595,592
1789698300,2026-09-18 02:25:00+00:00,1.33595,1.33598,1.33583,1.33597,674
1789698600,2026-09-18 02:30:00+00:00,1.33597,1.33605,1.33586,1.3359,685
1789698900,2026-09-18 02:35:00+00:00,1.3359,1.33599,1.33579,1.33589,1028
1789699200,2026-09-18 02:40:00+00:00,1.33589,1.33594,1.33572,1.33575,764
1789699500,2026-09-18 02:45:00+00:00,1.33575,1.33609,1.33575,1.33598,643
1789699800,2026-09-18 02:50:00+00:00,1.33598,1.33606,1.33572,1.33572,956
1789700100,2026-09-18 02:55:00+00:00,1.33572,1.33609,1.33571,1.33609,1630
1789700400,2026-09-18 03:00:00+00:00,1.33609,1.33629,1.33595,1.33624,1215
1789700700,2026-09-18 03:05:00+00:00,1.33624,1.33649,1.33618,1.3364099999999999,1509
1789701000,2026-09-18 03:10:00+00:00,1.3364099999999999,1.3367,1.33637,1.33659,1234
1789701300,2026-09-18 03:15:00+00:00,1.33659,1.33661,1.33646,1.33648,706
1789701600,2026-09-18 03:20:00+00:00,1.33648,1.3366,1.33636,1.33642,1053
1789701900,2026-09-18 03:25:00+00:00,1.33642,1.33667,1.33642,1.33661,852
1789702200,2026-09-18 03:30:00+00:00,1.33661,1.33679,1.33656,1.33679,939
1789702500,2026-09-18 03:35:00+00:00,1.33679,1.33681,1.3366,1.33669,809
1789702800,2026-09-18 03:40:00+00:00,1.33669,1.3369900000000001,1.33667,1.33696,908
1789703100,2026-09-18 03:45:00+00:00,1.33697,1.33722,1.33696,1.33716,731
1789703400,2026-09-18 03:50:00+00:00,1.33716,1.33722,1.33708,1.33718,646
1789703700,2026-09-18 03:55:00+00:00,1.33718,1.33724,1.33709,1.33719,569
1789704000,2026-09-18 04:00:00+00:00,1.33719,1.33755,1.33716,1.33748,898
1789704300,2026-09-18 04:05:00+00:00,1.33747,1.33759,1.33743,1.33748,753
1789704600,2026-09-18 04:10:00+00:00,1.33748,1.3375,1.3373599999999999,1.33741,733
1789704900,2026-09-18 04:15:00+00:00,1.33741,1.33747,1.33734,1.3373599999999999,594
1789705200,2026-09-18 04:20:00+00:00,1.3373599999999999,1.33739,1.33716,1.3372600000000001,619
1789705500,2026-09-18 04:25:00+00:00,1.3372600000000001,1.33732,1.33712,1.33718,431
1789705800,2026-09-18 04:30:00+00:00,1.33718,1.33725,1.33714,1.33717,599
1789706100,2026-09-18 04:35:00+00:00,1.33717,1.33718,1.33705,1.33711,543
1789706400,2026-09-18 04:40:00+00:00,1.33711,1.33727,1.33709,1.33714,783
1789706700,2026-09-18 04:45:00+00:00,1.33714,1.33716,1.33696,1.33707,773
1789707000,2026-09-18 04:50:00+00:00,1.33707,1.33718,1.3369900000000001,1.33704,612
1789707300,2026-09-18 04:55:00+00:00,1.33704,1.3371,1.33689,1.3369,754
1789707600,2026-09-18 05:00:00+00:00,1.3369,1.3370600000000001,1.33684,1.33688,646
1789707900,2026-09-18 05:05:00+00:00,1.33688,1.33701,1.33685,1.33689,606
1789708200,2026-09-18 05:10:00+00:00,1.33689,1.33691,1.3367,1.33674,697
1789708500,2026-09-18 05:15:00+00:00,1.33676,1.33684,1.33667,1.33669,766
1789708800,2026-09-18 05:20:00+00:00,1.3367,1.3367200000000001,1.33643,1.33655,848
1789709100,2026-09-18 05:25:00+00:00,1.33655,1.33662,1.33637,1.33639,762
1789709400,2026-09-18 05:30:00+00:00,1.33639,1.3364,1.33617,1.33619,933
1789709700,2026-09-18 05:35:00+00:00,1.33619,1.33635,1.33617,1.33629,784
1789710000,2026-09-18 05:40:00+00:00,1.33629,1.33632,1.33616,1.33627,1003
1789710300,2026-09-18 05:45:00+00:00,1.33627,1.33631,1.3361399999999999,1.33615,546
1789710600,2026-09-18 05:50:00+00:00,1.33615,1.33633,1.3361399999999999,1.3362,1037
1789710900,2026-09-18 05:55:00+00:00,1.3362,1.33632,1.33613,1.33616,1212
1789711200,2026-09-18 06:00:00+00:00,1.33616,1.33662,1.3361100000000001,1.3363800000000001,1206
1789711500,2026-09-18 06:05:00+00:00,1.3363800000000001,1.33666,1.33628,1.33659,813
1789711800,2026-09-18 06:10:00+00:00,1.33659,1.33688,1.33658,1.33678,772
1789712100,2026-09-18 06:15:00+00:00,1.33678,1.33691,1.33649,1.33687,1002
1789712400,2026-09-18 06:20:00+00:00,1.33687,1.33719,1.33686,1.33707,904
1789712700,2026-09-18 06:25:00+00:00,1.33707,1.3374,1.33696,1.3372600000000001,1181
1789713000,2026-09-18 06:30:00+00:00,1.3372600000000001,1.3374,1.33711,1.33717,1162
1789713300,2026-09-18 06:35:00+00:00,1.33717,1.33725,1.33683,1.3371,1176
1789713600,2026-09-18 06:40:00+00:00,1.3371,1.33751,1.3370199999999999,1.3372,2192
1789713900,2026-09-18 06:45:00+00:00,1.3372,1.3374,1.33714,1.33715,1629
1789714200,2026-09-18 06:50:00+00:00,1.33717,1.33731,1.33695,1.33716,1034
1789714500,2026-09-18 06:55:00+00:00,1.33716,1.33722,1.33697,1.3370199999999999,1720
1789714800,2026-09-18 07:00:00+00:00,1.3370199999999999,1.33714,1.33669,1.33711,1599
1789715100,2026-09-18 07:05:00+00:00,1.33711,1.33728,1.3370600000000001,1.33724,1256
1789715400,2026-09-18 07:10:00+00:00,1.33724,1.3372899999999999,1.3367,1.33677,1338
1789715700,2026-09-18 07:15:00+00:00,1.33678,1.33696,1.33664,1.3366500000000001,1169
1789716000,2026-09-18 07:20:00+00:00,1.3366500000000001,1.33671,1.33635,1.3364500000000001,1108
1789716300,2026-09-18 07:25:00+00:00,1.3364500000000001,1.3367200000000001,1.33644,1.33669,1085
1789716600,2026-09-18 07:30:00+00:00,1.3367,1.3367200000000001,1.3360699999999999,1.33644,1112
1789716900,2026-09-18 07:35:00+00:00,1.33644,1.3366500000000001,1.33612,1.33658,905
1789717200,2026-09-18 07:40:00+00:00,1.33658,1.33697,1.33652,1.3369,884
1789717500,2026-09-18 07:45:00+00:00,1.33691,1.33709,1.33671,1.33695,928
1789717800,2026-09-18 07:50:00+00:00,1.33695,1.33721,1.33692,1.33692,681
1789718100,2026-09-18 07:55:00+00:00,1.33692,1.3370600000000001,1.33671,1.33673,920
1789718400,2026-09-18 08:00:00+00:00,1.33673,1.33692,1.33661,1.33691,1311
1789718700,2026-09-18 08:05:00+00:00,1.33691,1.33708,1.33683,1.33704,948
1789719000,2026-09-18 08:10:00+00:00,1.33704,1.3372899999999999,1.33682,1.33714,1471
1789719300,2026-09-18 08:15:00+00:00,1.33714,1.33728,1.3370600000000001,1.33714,948
1789719600,2026-09-18 08:20:00+00:00,1.33714,1.33727,1.33683,1.33708,1271
1789719900,2026-09-18 08:25:00+00:00,1.33708,1.33713,1.33695,1.33709,1107
1789720200,2026-09-18 08:30:00+00:00,1.33709,1.33721,1.33687,1.33688,1003
1789720500,2026-09-18 08:35:00+00:00,1.33688,1.33707,1.33678,1.33692,1025
1789720800,2026-09-18 08:40:00+00:00,1.33692,1.33693,1.33655,1.33671,1293
1789721100,2026-09-18 08:45:00+00:00,1.33671,1.33678,1.33651,1.33661,1167
1789721400,2026-09-18 08:50:00+00:00,1.33661,1.3369900000000001,1.33657,1.33696,968
1789721700,2026-09-18 08:55:00+00:00,1.33696,1.33709,1.33676,1.33708,1088
1789722000,2026-09-18 09:00:00+00:00,1.33708,1.33712,1.33691,1.33709,1218
1789722300,2026-09-18 09:05:00+00:00,1.33709,1.33714,1.33685,1.33686,1058
1789722600,2026-09-18 09:10:00+00:00,1.33685,1.33697,1.33667,1.33679,706
1789722900,2026-09-18 09:15:00+00:00,1.33679,1.3368,1.33663,1.3366799999999999,512
1789723200,2026-09-18 09:20:00+00:00,1.3366799999999999,1.3368,1.33655,1.33678,372
1789723500,2026-09-18 09:25:00+00:00,1.33678,1.3368,1.33654,1.3366,641
1789723800,2026-09-18 09:30:00+00:00,1.3366,1.33678,1.3365,1.3366799999999999,635
1789724100,2026-09-18 09:35:00+00:00,1.3366799999999999,1.3368,1.33655,1.33655,566
1789724400,2026-09-18 09:40:00+00:00,1.33655,1.33686,1.33646,1.3366799999999999,743
1789724700,2026-09-18 09:45:00+00:00,1.3366799999999999,1.33669,1.33642,1.33653,1233
1789725000,2026-09-18 09:50:00+00:00,1.33653,1.33722,1.33653,1.33722,1029
1789725300,2026-09-18 09:55:00+00:00,1.33722,1.3372899999999999,1.337,1.3370600000000001,1056
1789725600,2026-09-18 10:00:00+00:00,1.3370600000000001,1.33713,1.33679,1.33681,1055
1789725900,2026-09-18 10:05:00+00:00,1.33681,1.3372,1.33677,1.33696,858
1789726200,2026-09-18 10:10:00+00:00,1.33696,1.33704,1.3369,1.33696,886
1789726500,2026-09-18 10:15:00+00:00,1.33696,1.3370199999999999,1.33679,1.33693,1138
1789726800,2026-09-18 10:20:00+00:00,1.33693,1.33693,1.3367,1.33686,1176
1789727100,2026-09-18 10:25:00+00:00,1.33686,1.33694,1.33658,1.33663,817
1789727400,2026-09-18 10:30:00+00:00,1.33663,1.3366799999999999,1.33637,1.3363800000000001,784
1789727700,2026-09-18 10:35:00+00:00,1.3363800000000001,1.3364500000000001,1.33602,1.33605,802
1789728000,2026-09-18 10:40:00+00:00,1.33605,1.33605,1.3354599999999999,1.33547,1029
1789728300,2026-09-18 10:45:00+00:00,1.33547,1.33547,1.33507,1.3351199999999999,1052
1789728600,2026-09-18 10:50:00+00:00,1.33511,1.33561,1.33497,1.33556,1174
1789728900,2026-09-18 10:55:00+00:00,1.33556,1.33579,1.33535,1.3357700000000001,1386
1789729200,2026-09-18 11:00:00+00:00,1.33578,1.33626,1.33574,1.3362,1324
1789729500,2026-09-18 11:05:00+00:00,1.3362,1.33623,1.33555,1.3361100000000001,2648
1789729800,2026-09-18 11:10:00+00:00,1.3361,1.33644,1.33599,1.33601,987
1789730100,2026-09-18 11:15:00+00:00,1.33601,1.33608,1.33558,1.33593,1540
1789730400,2026-09-18 11:20:00+00:00,1.33593,1.33603,1.33558,1.33576,1318
1789730700,2026-09-18 11:25:00+00:00,1.33576,1.3357700000000001,1.33523,1.33525,1361
1789731000,2026-09-18 11:30:00+00:00,1.33525,1.3354,1.33505,1.33531,1393
1789731300,2026-09-18 11:35:00+00:00,1.33531,1.33532,1.33465,1.33466,1320
1789731600,2026-09-18 11:40:00+00:00,1.33465,1.33474,1.33452,1.33457,778
1789731900,2026-09-18 11:45:00+00:00,1.33457,1.33495,1.3345,1.3348,950
1789732200,2026-09-18 11:50:00+00:00,1.3348,1.3348,1.33425,1.33437,1058
1789732500,2026-09-18 11:55:00+00:00,1.33437,1.33476,1.3343099999999999,1.33473,1231
1789732800,2026-09-18 12:00:00+00:00,1.33473,1.33488,1.33439,1.3348,1355
1789733100,2026-09-18 12:05:00+00:00,1.33478,1.3348200000000001,1.33423,1.33438,2149
1789733400,2026-09-18 12:10:00+00:00,1.33438,1.33442,1.3339699999999999,1.33441,1595
1789733700,2026-09-18 12:15:00+00:00,1.33441,1.33442,1.33379,1.33383,1483
1789734000,2026-09-18 12:20:00+00:00,1.33383,1.33398,1.33362,1.33364,1362
1789734300,2026-09-18 12:25:00+00:00,1.33364,1.33378,1.33355,1.33365,1246
1789734600,2026-09-18 12:30:00+00:00,1.33365,1.33422,1.33356,1.33416,1283
1789734900,2026-09-18 12:35:00+00:00,1.33416,1.33441,1.33415,1.3343,1177
1789735200,2026-09-18 12:40:00+00:00,1.3343,1.33437,1.33415,1.33427,1204
1789735500,2026-09-18 12:45:00+00:00,1.33427,1.3346,1.3342,1.3345500000000001,1521
1789735800,2026-09-18 12:50:00+00:00,1.3345500000000001,1.33491,1.3345,1.33467,1474
1789736100,2026-09-18 12:55:00+00:00,1.33467,1.33511,1.33467,1.33487,1750
1789736400,2026-09-18 13:00:00+00:00,1.33486,1.3348900000000001,1.33435,1.33461,2454
1789736700,2026-09-18 13:05:00+00:00,1.33461,1.33471,1.33438,1.33465,1771
1789737000,2026-09-18 13:10:00+00:00,1.33465,1.33466,1.33426,1.33426,823
1789737300,2026-09-18 13:15:00+00:00,1.33426,1.3345099999999999,1.33417,1.33447,989
1789737600,2026-09-18 13:20:00+00:00,1.33447,1.33459,1.33437,1.33445,1308
1789737900,2026-09-18 13:25:00+00:00,1.33446,1.33491,1.33445,1.3349,1156
1789738200,2026-09-18 13:30:00+00:00,1.3349,1.33499,1.3346,1.33463,1528
1789738500,2026-09-18 13:35:00+00:00,1.33463,1.33466,1.33406,1.33429,1673
1789738800,2026-09-18 13:40:00+00:00,1.33429,1.3347,1.33412,1.33468,1593
1789739100,2026-09-18 13:45:00+00:00,1.33468,1.33507,1.3345500000000001,1.33456,1367
1789739400,2026-09-18 13:50:00+00:00,1.33456,1.33474,1.33433,1.33434,1227
1789739700,2026-09-18 13:55:00+00:00,1.33434,1.33437,1.3339400000000001,1.33396,1388
1789740000,2026-09-18 14:00:00+00:00,1.33396,1.33462,1.33392,1.33445,1395
1789740300,2026-09-18 14:05:00+00:00,1.33445,1.33468,1.33411,1.33467,1471
1789740600,2026-09-18 14:10:00+00:00,1.33467,1.33496,1.3345500000000001,1.33496,1169
1789740900,2026-09-18 14:15:00+00:00,1.33496,1.335,1.33437,1.33445,1257
1789741200,2026-09-18 14:20:00+00:00,1.33445,1.33471,1.33416,1.33469,1489
1789741500,2026-09-18 14:25:00+00:00,1.33469,1.335,1.33466,1.3348499999999999,1320
1789741800,2026-09-18 14:30:00+00:00,1.3348499999999999,1.33502,1.33479,1.33488,1284
1789742100,2026-09-18 14:35:00+00:00,1.33488,1.33534,1.33479,1.3351899999999999,1327
1789742400,2026-09-18 14:40:00+00:00,1.3351899999999999,1.33569,1.33518,1.33557,1273
1789742700,2026-09-18 14:45:00+00:00,1.33557,1.33594,1.33556,1.33579,1302
1789743000,2026-09-18 14:50:00+00:00,1.33578,1.33636,1.33575,1.3363399999999999,2713
1789743300,2026-09-18 14:55:00+00:00,1.33635,1.3366,1.336,1.33605,2366
1789743600,2026-09-18 15:00:00+00:00,1.33605,1.33631,1.33568,1.3357299999999999,2484
1789743900,2026-09-18 15:05:00+00:00,1.3357299999999999,1.3361100000000001,1.3356,1.336,1823
1789744200,2026-09-18 15:10:00+00:00,1.336,1.33654,1.33575,1.33654,1586
1789744500,2026-09-18 15:15:00+00:00,1.33654,1.3368,1.33635,1.3368,1732
1789744800,2026-09-18 15:20:00+00:00,1.33679,1.33715,1.3366,1.33715,1904
1789745100,2026-09-18 15:25:00+00:00,1.33715,1.33756,1.33714,1.33743,1787
1789745400,2026-09-18 15:30:00+00:00,1.33743,1.33759,1.33715,1.33717,1907
1789745700,2026-09-18 15:35:00+00:00,1.33718,1.33768,1.33701,1.3370199999999999,1676
1789746000,2026-09-18 15:40:00+00:00,1.33704,1.33715,1.33676,1.3369900000000001,1487
1789746300,2026-09-18 15:45:00+00:00,1.3369900000000001,1.33735,1.33681,1.33721,1411
1789746600,2026-09-18 15:50:00+00:00,1.33721,1.33724,1.33685,1.33692,961
1789746900,2026-09-18 15:55:00+00:00,1.33693,1.33709,1.3366500000000001,1.3370600000000001,1625
1789747200,2026-09-18 16:00:00+00:00,1.3370600000000001,1.3372,1.33692,1.33694,1356
1789747500,2026-09-18 16:05:00+00:00,1.33694,1.33745,1.33693,1.3374,1395
1789747800,2026-09-18 16:10:00+00:00,1.3374,1.33765,1.3373300000000001,1.33762,1022
1789748100,2026-09-18 16:15:00+00:00,1.33762,1.338,1.33749,1.33779,1255
1789748400,2026-09-18 16:20:00+00:00,1.33779,1.33788,1.33754,1.33764,1095
1789748700,2026-09-18 16:25:00+00:00,1.33764,1.33799,1.33764,1.33789,1519
1789749000,2026-09-18 16:30:00+00:00,1.33789,1.3383,1.33775,1.33805,1675
1789749300,2026-09-18 16:35:00+00:00,1.33805,1.33822,1.33796,1.33816,975
1789749600,2026-09-18 16:40:00+00:00,1.33816,1.33849,1.33811,1.3383,981
1789749900,2026-09-18 16:45:00+00:00,1.3383,1.33846,1.33826,1.33839,573
1789750200,2026-09-18 16:50:00+00:00,1.33839,1.3385799999999999,1.3383,1.3385099999999999,845
1789750500,2026-09-18 16:55:00+00:00,1.3385099999999999,1.3386,1.3382100000000001,1.3382399999999999,1278
1789750800,2026-09-18 17:00:00+00:00,1.3382399999999999,1.33853,1.3382399999999999,1.33844,1332
1789751100,2026-09-18 17:05:00+00:00,1.33843,1.3387,1.33837,1.3386,831
1789751400,2026-09-18 17:10:00+00:00,1.3386,1.33932,1.3386,1.33931,869
1789751700,2026-09-18 17:15:00+00:00,1.33931,1.33941,1.3391899999999999,1.3393,532
1789752000,2026-09-18 17:20:00+00:00,1.3393,1.33941,1.33924,1.33931,573
1789752300,2026-09-18 17:25:00+00:00,1.33931,1.33932,1.33914,1.33917,930
1789752600,2026-09-18 17:30:00+00:00,1.33918,1.33928,1.33898,1.33915,901
1789752900,2026-09-18 17:35:00+00:00,1.33915,1.33941,1.33915,1.33933,999
1789753200,2026-09-18 17:40:00+00:00,1.33933,1.33941,1.3392,1.33931,1029
1789753500,2026-09-18 17:45:00+00:00,1.33931,1.33932,1.33894,1.33897,1117
1789753800,2026-09-18 17:50:00+00:00,1.33897,1.3391,1.33896,1.33898,805
1789754100,2026-09-18 17:55:00+00:00,1.33897,1.33903,1.3388499999999999,1.33895,948
1789754400,2026-09-18 18:00:00+00:00,1.33895,1.3391199999999999,1.33883,1.33902,738
1789754700,2026-09-18 18:05:00+00:00,1.33902,1.3391899999999999,1.339,1.33904,901
1789755000,2026-09-18 18:10:00+00:00,1.33904,1.33913,1.33898,1.33905,799
1789755300,2026-09-18 18:15:00+00:00,1.33905,1.33914,1.33883,1.33887,735
1789755600,2026-09-18 18:20:00+00:00,1.33887,1.339,1.3388499999999999,1.33898,784
1789755900,2026-09-18 18:25:00+00:00,1.33898,1.339,1.33891,1.33899,793
1789756200,2026-09-18 18:30:00+00:00,1.33899,1.33908,1.33893,1.33907,904
1789756500,2026-09-18 18:35:00+00:00,1.33907,1.33917,1.33893,1.33893,857
1789756800,2026-09-18 18:40:00+00:00,1.33893,1.33895,1.33873,1.33875,1109
1789757100,2026-09-18 18:45:00+00:00,1.33875,1.33921,1.33874,1.3391899999999999,1012
1789757400,2026-09-18 18:50:00+00:00,1.3391899999999999,1.33928,1.33913,1.33913,940
1789757700,2026-09-18 18:55:00+00:00,1.33913,1.33921,1.339,1.33903,938
1789758000,2026-09-18 19:00:00+00:00,1.33902,1.3392,1.33902,1.33904,747
1789758300,2026-09-18 19:05:00+00:00,1.33904,1.33938,1.33903,1.33937,762
1789758600,2026-09-18 19:10:00+00:00,1.33937,1.33956,1.33933,1.33949,693
1789758900,2026-09-18 19:15:00+00:00,1.33948,1.33962,1.33937,1.33944,840
1789759200,2026-09-18 19:20:00+00:00,1.33944,1.33976,1.3394300000000001,1.33966,946
1789759500,2026-09-18 19:25:00+00:00,1.33966,1.33967,1.33937,1.33948,849
1789759800,2026-09-18 19:30:00+00:00,1.33948,1.3396,1.33939,1.33956,880
1789760100,2026-09-18 19:35:00+00:00,1.33956,1.33957,1.33938,1.33949,834
1789760400,2026-09-18 19:40:00+00:00,1.3395000000000001,1.33951,1.3394,1.3394599999999999,858
1789760700,2026-09-18 19:45:00+00:00,1.33945,1.3396,1.33938,1.33948,834
1789761000,2026-09-18 19:50:00+00:00,1.33947,1.33959,1.33933,1.33933,845
1789761300,2026-09-18 19:55:00+00:00,1.33933,1.33957,1.33933,1.3394,1137
1789761600,2026-09-18 20:00:00+00:00,1.3394,1.33959,1.33939,1.33957,993
1789761900,2026-09-18 20:05:00+00:00,1.33957,1.33968,1.33948,1.3396,633
1789762200,2026-09-18 20:10:00+00:00,1.3396,1.3397700000000001,1.33948,1.33956,540
1789762500,2026-09-18 20:15:00+00:00,1.33956,1.33979,1.33947,1.33975,371
1789762800,2026-09-18 20:20:00+00:00,1.33975,1.3397700000000001,1.33964,1.33966,462
1789763100,2026-09-18 20:25:00+00:00,1.33966,1.33982,1.33966,1.3397000000000001,262
1789763400,2026-09-18 20:30:00+00:00,1.3397000000000001,1.33979,1.33958,1.33959,149
1789763700,2026-09-18 20:35:00+00:00,1.33959,1.33962,1.33948,1.33948,137
1789764000,2026-09-18 20:40:00+00:00,1.33948,1.33954,1.33939,1.3395299999999999,154
1789764300,2026-09-18 20:45:00+00:00,1.3395299999999999,1.33966,1.3394,1.33942,1196
1789764600,2026-09-18 20:50:00+00:00,1.33942,1.33947,1.33935,1.33939,226
1789764900,2026-09-18 20:55:00+00:00,1.33939,1.33951,1.33917,1.33945,1126
1789938000,2026-09-20 21:00:00+00:00,1.33834,1.33899,1.33834,1.33897,77
1789938300,2026-09-20 21:05:00+00:00,1.33897,1.3391,1.33883,1.33897,87
1789938600,2026-09-20 21:10:00+00:00,1.33895,1.33906,1.3388200000000001,1.33891,43
1789938900,2026-09-20 21:15:00+00:00,1.33891,1.33924,1.33861,1.3388499999999999,796
1789939200,2026-09-20 21:20:00+00:00,1.33886,1.33918,1.33869,1.3388499999999999,862
1789939500,2026-09-20 21:25:00+00:00,1.3388499999999999,1.3390900000000001,1.33872,1.33878,1054
1789939800,2026-09-20 21:30:00+00:00,1.33878,1.33913,1.3385799999999999,1.33908,1006
1789940100,2026-09-20 21:35:00+00:00,1.33905,1.3391199999999999,1.3386,1.33894,1358
1789940400,2026-09-20 21:40:00+00:00,1.33894,1.33904,1.33863,1.33873,1186
1789940700,2026-09-20 21:45:00+00:00,1.33872,1.33921,1.33862,1.33874,1230
1789941000,2026-09-20 21:50:00+00:00,1.33873,1.33913,1.33862,1.33907,1142
1789941300,2026-09-20 21:55:00+00:00,1.33907,1.33922,1.33852,1.33857,131
1789941600,2026-09-20 22:00:00+00:00,1.33857,1.3393,1.33857,1.33929,222
1789941900,2026-09-20 22:05:00+00:00,1.33929,1.33933,1.33921,1.33927,101
1789942200,2026-09-20 22:10:00+00:00,1.33927,1.3393,1.33926,1.3393,150
1789942500,2026-09-20 22:15:00+00:00,1.3393,1.3394,1.33927,1.33937,248
1789942800,2026-09-20 22:20:00+00:00,1.33937,1.33939,1.33927,1.33928,228
1789943100,2026-09-20 22:25:00+00:00,1.33929,1.33929,1.33917,1.3392,216
1789943400,2026-09-20 22:30:00+00:00,1.3392,1.33924,1.33902,1.33902,263
1789943700,2026-09-20 22:35:00+00:00,1.33902,1.33913,1.33898,1.3390900000000001,327
1789944000,2026-09-20 22:40:00+00:00,1.3390900000000001,1.33917,1.33908,1.3391199999999999,134
1789944300,2026-09-20 22:45:00+00:00,1.3391199999999999,1.3391199999999999,1.339,1.33903,194
1789944600,2026-09-20 22:50:00+00:00,1.33903,1.3391,1.33902,1.33908,147
1789944900,2026-09-20 22:55:00+00:00,1.33908,1.3390900000000001,1.3389,1.33893,267
1789945200,2026-09-20 23:00:00+00:00,1.33893,1.33894,1.3388,1.33881,359
1789945500,2026-09-20 23:05:00+00:00,1.33881,1.33884,1.33876,1.33878,289
1789945800,2026-09-20 23:10:00+00:00,1.33878,1.33897,1.33878,1.33897,205
1789946100,2026-09-20 23:15:00+00:00,1.33897,1.33898,1.33884,1.33896,307
1789946400,2026-09-20 23:20:00+00:00,1.33896,1.33899,1.33893,1.33898,295
1789946700,2026-09-20 23:25:00+00:00,1.33898,1.33911,1.33897,1.3391,195
1789947000,2026-09-20 23:30:00+00:00,1.3391,1.33911,1.33898,1.339,135
1789947300,2026-09-20 23:35:00+00:00,1.339,1.33906,1.33898,1.339,160
1789947600,2026-09-20 23:40:00+00:00,1.339,1.33902,1.33891,1.3389199999999999,88
1789947900,2026-09-20 23:45:00+00:00,1.3389199999999999,1.33901,1.3388200000000001,1.33899,510
1789948200,2026-09-20 23:50:00+00:00,1.33899,1.339,1.3388200000000001,1.33888,460
1789948500,2026-09-20 23:55:00+00:00,1.33888,1.33901,1.3388499999999999,1.33891,458
1789948800,2026-09-21 00:00:00+00:00,1.33891,1.33901,1.33877,1.3388499999999999,1142
1789949100,2026-09-21 00:05:00+00:00,1.33886,1.339,1.3388499999999999,1.33893,651
1789949400,2026-09-21 00:10:00+00:00,1.33893,1.339,1.33878,1.33899,1026
1789949700,2026-09-21 00:15:00+00:00,1.33899,1.33904,1.33886,1.33887,735
1789950000,2026-09-21 00:20:00+00:00,1.33887,1.33899,1.33875,1.33898,768
1789950300,2026-09-21 00:25:00+00:00,1.33898,1.3390900000000001,1.33894,1.33908,747
1789950600,2026-09-21 00:30:00+00:00,1.33908,1.33917,1.33898,1.33906,674
1789950900,2026-09-21 00:35:00+00:00,1.33906,1.33918,1.33897,1.33913,805
1789951200,2026-09-21 00:40:00+00:00,1.33913,1.3393,1.33905,1.33908,894
1789951500,2026-09-21 00:45:00+00:00,1.33908,1.33917,1.33895,1.33899,757
1789951800,2026-09-21 00:50:00+00:00,1.33899,1.3391199999999999,1.33896,1.33896,746
1789952100,2026-09-21 00:55:00+00:00,1.33896,1.33901,1.33877,1.33878,712
1789952400,2026-09-21 01:00:00+00:00,1.33877,1.33904,1.33877,1.33887,1107
1789952700,2026-09-21 01:05:00+00:00,1.33887,1.3391600000000001,1.33881,1.33914,656
1789953000,2026-09-21 01:10:00+00:00,1.33914,1.33924,1.33899,1.33906,931
1789953300,2026-09-21 01:15:00+00:00,1.33906,1.3391899999999999,1.33897,1.33905,1019
1789953600,2026-09-21 01:20:00+00:00,1.33905,1.33922,1.33901,1.3391600000000001,911
1789953900,2026-09-21 01:25:00+00:00,1.3391600000000001,1.33921,1.33907,1.3391199999999999,951
1789954200,2026-09-21 01:30:00+00:00,1.3391199999999999,1.3391899999999999,1.33906,1.3391199999999999,1075
1789954500,2026-09-21 01:35:00+00:00,1.3391199999999999,1.33915,1.33898,1.3391,819
1789954800,2026-09-21 01:40:00+00:00,1.3391,1.33932,1.33905,1.33927,885
1789955100,2026-09-21 01:45:00+00:00,1.33927,1.33928,1.33918,1.3391899999999999,1052
1789955400,2026-09-21 01:50:00+00:00,1.3391899999999999,1.3393,1.33917,1.33926,827
1789955700,2026-09-21 01:55:00+00:00,1.33926,1.33933,1.33888,1.33891,993
1789956000,2026-09-21 02:00:00+00:00,1.3389,1.33896,1.33886,1.33891,836
1789956300,2026-09-21 02:05:00+00:00,1.33891,1.33891,1.33869,1.33881,573
1789956600,2026-09-21 02:10:00+00:00,1.33881,1.33884,1.33868,1.33871,492
1789956900,2026-09-21 02:15:00+00:00,1.33871,1.3388,1.33869,1.33874,667
1789957200,2026-09-21 02:20:00+00:00,1.33874,1.33878,1.33857,1.33861,349
1789957500,2026-09-21 02:25:00+00:00,1.33861,1.33867,1.33857,1.3386,543
1789957800,2026-09-21 02:30:00+00:00,1.3386,1.33865,1.33856,1.3385799999999999,597
1789958100,2026-09-21 02:35:00+00:00,1.33857,1.33866,1.33849,1.33862,560
1789958400,2026-09-21 02:40:00+00:00,1.33862,1.33865,1.33856,1.33857,435
1789958700,2026-09-21 02:45:00+00:00,1.3385799999999999,1.33864,1.33843,1.33846,603
1789959000,2026-09-21 02:50:00+00:00,1.33846,1.33847,1.33826,1.33827,485
1789959300,2026-09-21 02:55:00+00:00,1.33827,1.33832,1.3382100000000001,1.33827,697
1789959600,2026-09-21 03:00:00+00:00,1.33827,1.33829,1.33815,1.33827,708
1789959900,2026-09-21 03:05:00+00:00,1.33827,1.3382800000000001,1.3381,1.33815,535
1789960200,2026-09-21 03:10:00+00:00,1.33815,1.3384800000000001,1.33807,1.33847,401
1789960500,2026-09-21 03:15:00+00:00,1.33847,1.33871,1.33844,1.33867,397
1789960800,2026-09-21 03:20:00+00:00,1.33867,1.33868,1.33827,1.33838,609
1789961100,2026-09-21 03:25:00+00:00,1.33838,1.33841,1.33795,1.33827,605
1789961400,2026-09-21 03:30:00+00:00,1.33827,1.33838,1.33808,1.33836,702
1789961700,2026-09-21 03:35:00+00:00,1.33836,1.33841,1.33827,1.33838,435
1789962000,2026-09-21 03:40:00+00:00,1.33838,1.3384,1.3382399999999999,1.33825,454
1789962300,2026-09-21 03:45:00+00:00,1.33826,1.33844,1.3382399999999999,1.33832,351
1789962600,2026-09-21 03:50:00+00:00,1.33832,1.33834,1.33815,1.33817,483
1789962900,2026-09-21 03:55:00+00:00,1.33817,1.33825,1.33816,1.33823,362
1789963200,2026-09-21 04:00:00+00:00,1.3382399999999999,1.3382800000000001,1.33816,1.33818,360
1789963500,2026-09-21 04:05:00+00:00,1.33818,1.33823,1.33807,1.33819,345
1789963800,2026-09-21 04:10:00+00:00,1.33819,1.3383,1.33814,1.33829,345
1789964100,2026-09-21 04:15:00+00:00,1.33829,1.33839,1.33827,1.33829,406
1789964400,2026-09-21 04:20:00+00:00,1.33829,1.33837,1.33819,1.33827,575
1789964700,2026-09-21 04:25:00+00:00,1.33827,1.3382800000000001,1.3376299999999999,1.3377,995
1789965000,2026-09-21 04:30:00+00:00,1.3377,1.33776,1.3373599999999999,1.33776,665
1789965300,2026-09-21 04:35:00+00:00,1.33776,1.33788,1.33766,1.33788,497
1789965600,2026-09-21 04:40:00+00:00,1.33788,1.33798,1.33785,1.33786,258
1789965900,2026-09-21 04:45:00+00:00,1.33786,1.33789,1.33784,1.33786,192
1789966200,2026-09-21 04:50:00+00:00,1.33786,1.33788,1.33777,1.33786,237
1789966500,2026-09-21 04:55:00+00:00,1.33786,1.33795,1.33776,1.33781,412
1789966800,2026-09-21 05:00:00+00:00,1.33781,1.33786,1.33774,1.33774,197
1789967100,2026-09-21 05:05:00+00:00,1.33774,1.33788,1.33773,1.33783,377
1789967400,2026-09-21 05:10:00+00:00,1.33783,1.33788,1.33777,1.3378700000000001,417
1789967700,2026-09-21 05:15:00+00:00,1.3378700000000001,1.3378999999999999,1.33776,1.33782,387
1789968000,2026-09-21 05:20:00+00:00,1.33782,1.33783,1.33773,1.33777,407
1789968300,2026-09-21 05:25:00+00:00,1.33777,1.33777,1.3376000000000001,1.3376700000000001,333
1789968600,2026-09-21 05:30:00+00:00,1.3376700000000001,1.33777,1.33759,1.33769,527
1789968900,2026-09-21 05:35:00+00:00,1.33768,1.3377,1.33755,1.33769,593
1789969200,2026-09-21 05:40:00+00:00,1.33769,1.33771,1.33755,1.33762,302
1789969500,2026-09-21 05:45:00+00:00,1.33762,1.3376299999999999,1.33753,1.33757,278
1789969800,2026-09-21 05:50:00+00:00,1.33757,1.3377,1.33757,1.33765,318
1789970100,2026-09-21 05:55:00+00:00,1.33765,1.33768,1.33753,1.33758,705
1789970400,2026-09-21 06:00:00+00:00,1.33758,1.33764,1.33725,1.33731,1324
1789970700,2026-09-21 06:05:00+00:00,1.33731,1.33739,1.33725,1.33734,814
1789971000,2026-09-21 06:10:00+00:00,1.33734,1.33749,1.3372899999999999,1.33745,862
1789971300,2026-09-21 06:15:00+00:00,1.33745,1.33749,1.33732,1.33744,619
1789971600,2026-09-21 06:20:00+00:00,1.33744,1.33768,1.33739,1.33768,723
1789971900,2026-09-21 06:25:00+00:00,1.33768,1.33793,1.33765,1.33788,614
1789972200,2026-09-21 06:30:00+00:00,1.33788,1.33792,1.33766,1.33778,720
1789972500,2026-09-21 06:35:00+00:00,1.33778,1.33784,1.33772,1.33779,490
1789972800,2026-09-21 06:40:00+00:00,1.33779,1.33807,1.33776,1.338,809
1789973100,2026-09-21 06:45:00+00:00,1.338,1.33829,1.3379400000000001,1.33819,693
1789973400,2026-09-21 06:50:00+00:00,1.33819,1.33833,1.33804,1.33804,746
1789973700,2026-09-21 06:55:00+00:00,1.33804,1.33814,1.3376700000000001,1.33773,1058
1789974000,2026-09-21 07:00:00+00:00,1.33772,1.33778,1.3369900000000001,1.33717,1361
1789974300,2026-09-21 07:05:00+00:00,1.33717,1.3373,1.3370600000000001,1.33717,1058
1789974600,2026-09-21 07:10:00+00:00,1.33717,1.3372600000000001,1.33685,1.33725,1207
1789974900,2026-09-21 07:15:00+00:00,1.33725,1.33749,1.33719,1.33747,819
1789975200,2026-09-21 07:20:00+00:00,1.33747,1.33782,1.33744,1.33768,896
1789975500,2026-09-21 07:25:00+00:00,1.33768,1.33796,1.33764,1.33785,667
1789975800,2026-09-21 07:30:00+00:00,1.33785,1.33802,1.33778,1.3379400000000001,774
1789976100,2026-09-21 07:35:00+00:00,1.3379400000000001,1.3379699999999999,1.33755,1.33776,573
1789976400,2026-09-21 07:40:00+00:00,1.33776,1.33799,1.3376700000000001,1.3378999999999999,769
1789976700,2026-09-21 07:45:00+00:00,1.33788,1.3382100000000001,1.33779,1.33808,813
1789977000,2026-09-21 07:50:00+00:00,1.33808,1.3382,1.33798,1.33805,734
1789977300,2026-09-21 07:55:00+00:00,1.33805,1.33827,1.33795,1.33796,800
1789977600,2026-09-21 08:00:00+00:00,1.33795,1.33819,1.33795,1.33814,1094
1789977900,2026-09-21 08:05:00+00:00,1.33814,1.3382800000000001,1.33804,1.33825,969
1789978200,2026-09-21 08:10:00+00:00,1.33825,1.33869,1.3382399999999999,1.3384800000000001,1012
1789978500,2026-09-21 08:15:00+00:00,1.3384800000000001,1.3385799999999999,1.3382800000000001,1.3383,741
1789978800,2026-09-21 08:20:00+00:00,1.3383,1.33859,1.33829,1.33839,609
1789979100,2026-09-21 08:25:00+00:00,1.33839,1.33857,1.33838,1.33843,586
1789979400,2026-09-21 08:30:00+00:00,1.33844,1.33884,1.33842,1.33884,811
1789979700,2026-09-21 08:35:00+00:00,1.33883,1.33884,1.33841,1.33859,875
1789980000,2026-09-21 08:40:00+00:00,1.33859,1.33874,1.33854,1.33869,771
1789980300,2026-09-21 08:45:00+00:00,1.33869,1.33888,1.33861,1.3388,866
1789980600,2026-09-21 08:50:00+00:00,1.3388,1.33881,1.33842,1.33843,982
1789980900,2026-09-21 08:55:00+00:00,1.33843,1.33849,1.33825,1.33829,937
1789981200,2026-09-21 09:00:00+00:00,1.3383,1.33846,1.33818,1.3382800000000001,744
1789981500,2026-09-21 09:05:00+00:00,1.33827,1.33865,1.33826,1.33854,726
1789981800,2026-09-21 09:10:00+00:00,1.33854,1.33867,1.33843,1.33865,726
1789982100,2026-09-21 09:15:00+00:00,1.33865,1.3387,1.3385099999999999,1.33857,678
1789982400,2026-09-21 09:20:00+00:00,1.33857,1.3386,1.33838,1.33854,661
1789982700,2026-09-21 09:25:00+00:00,1.33854,1.33856,1.33827,1.33835,627
1789983000,2026-09-21 09:30:00+00:00,1.33835,1.33846,1.33814,1.33818,666
1789983300,2026-09-21 09:35:00+00:00,1.33818,1.3386,1.33818,1.33857,719
1789983600,2026-09-21 09:40:00+00:00,1.33857,1.33866,1.33826,1.33827,544
1789983900,2026-09-21 09:45:00+00:00,1.33827,1.33835,1.3379699999999999,1.3379699999999999,692
1789984200,2026-09-21 09:50:00+00:00,1.3379699999999999,1.33836,1.3379699999999999,1.33835,578
1789984500,2026-09-21 09:55:00+00:00,1.33835,1.33843,1.33809,1.33836,794
1789984800,2026-09-21 10:00:00+00:00,1.33836,1.33849,1.33823,1.33837,805
1789985100,2026-09-21 10:05:00+00:00,1.33837,1.33847,1.33833,1.33846,688
1789985400,2026-09-21 10:10:00+00:00,1.33846,1.3385,1.33829,1.3384,561
1789985700,2026-09-21 10:15:00+00:00,1.3384,1.3384800000000001,1.33829,1.33834,718
1789986000,2026-09-21 10:20:00+00:00,1.33834,1.33841,1.33832,1.33834,566
1789986300,2026-09-21 10:25:00+00:00,1.33833,1.3384800000000001,1.33832,1.33834,791
1789986600,2026-09-21 10:30:00+00:00,1.33834,1.33837,1.33805,1.33807,678
1789986900,2026-09-21 10:35:00+00:00,1.33807,1.3384,1.33807,1.33837,549
1789987200,2026-09-21 10:40:00+00:00,1.33837,1.3385099999999999,1.33836,1.33838,408
1789987500,2026-09-21 10:45:00+00:00,1.33838,1.3384,1.33819,1.3382,603
1789987800,2026-09-21 10:50:00+00:00,1.3382,1.33827,1.33807,1.33817,541
1789988100,2026-09-21 10:55:00+00:00,1.33817,1.33829,1.33796,1.33806,631
1789988400,2026-09-21 11:00:00+00:00,1.33806,1.3382800000000001,1.33805,1.33827,612
1789988700,2026-09-21 11:05:00+00:00,1.33827,1.3385500000000001,1.33818,1.3384800000000001,593
1789989000,2026-09-21 11:10:00+00:00,1.3384800000000001,1.3385099999999999,1.33826,1.3385099999999999,560
1789989300,2026-09-21 11:15:00+00:00,1.3385099999999999,1.33873,1.3385,1.33863,770
1789989600,2026-09-21 11:20:00+00:00,1.33863,1.33877,1.33859,1.33873,528
1789989900,2026-09-21 11:25:00+00:00,1.33873,1.33895,1.3387,1.3389199999999999,616
1789990200,2026-09-21 11:30:00+00:00,1.3389199999999999,1.33897,1.33876,1.33886,665
1789990500,2026-09-21 11:35:00+00:00,1.33886,1.33917,1.33886,1.33903,669
1789990800,2026-09-21 11:40:00+00:00,1.33903,1.33962,1.33893,1.33952,1206
1789991100,2026-09-21 11:45:00+00:00,1.33952,1.33958,1.33933,1.33958,856
1789991400,2026-09-21 11:50:00+00:00,1.33958,1.33962,1.33936,1.33959,947
1789991700,2026-09-21 11:55:00+00:00,1.33959,1.3397299999999999,1.33929,1.33948,1098
1789992000,2026-09-21 12:00:00+00:00,1.33948,1.33993,1.33944,1.3399,1527
1789992300,2026-09-21 12:05:00+00:00,1.3399,1.34003,1.3394599999999999,1.33948,1520
1789992600,2026-09-21 12:10:00+00:00,1.33948,1.33949,1.33934,1.33937,862
1789992900,2026-09-21 12:15:00+00:00,1.33937,1.33967,1.33932,1.3396,965
1789993200,2026-09-21 12:20:00+00:00,1.3396,1.33978,1.3394599999999999,1.3395000000000001,1136
1789993500,2026-09-21 12:25:00+00:00,1.3395000000000001,1.33961,1.33925,1.33935,832
1789993800,2026-09-21 12:30:00+00:00,1.33935,1.33945,1.33907,1.3392,756
1789994100,2026-09-21 12:35:00+00:00,1.3392,1.33947,1.33902,1.33902,996
1789994400,2026-09-21 12:40:00+00:00,1.33902,1.33928,1.3389199999999999,1.33925,948
1789994700,2026-09-21 12:45:00+00:00,1.33925,1.33927,1.33905,1.33906,964
1789995000,2026-09-21 12:50:00+00:00,1.33906,1.3392,1.33898,1.33906,609
1789995300,2026-09-21 12:55:00+00:00,1.33906,1.33918,1.33895,1.3391,963
1789995600,2026-09-21 13:00:00+00:00,1.3391,1.33926,1.33903,1.3391600000000001,1097
1789995900,2026-09-21 13:05:00+00:00,1.3391600000000001,1.33928,1.33903,1.3391899999999999,948
1789996200,2026-09-21 13:10:00+00:00,1.3391899999999999,1.33924,1.33907,1.33917,970
1789996500,2026-09-21 13:15:00+00:00,1.33917,1.3394300000000001,1.33914,1.33926,908
1789996800,2026-09-21 13:20:00+00:00,1.33926,1.33932,1.33908,1.33915,1012
1789997100,2026-09-21 13:25:00+00:00,1.33915,1.33942,1.33904,1.33932,1210
1789997400,2026-09-21 13:30:00+00:00,1.33932,1.33937,1.3388,1.33903,1390
1789997700,2026-09-21 13:35:00+00:00,1.33903,1.33907,1.33865,1.33868,1291
1789998000,2026-09-21 13:40:00+00:00,1.33868,1.33902,1.3385799999999999,1.33866,1310
1789998300,2026-09-21 13:45:00+00:00,1.33866,1.33866,1.338,1.33819,1594
1789998600,2026-09-21 13:50:00+00:00,1.33819,1.33849,1.33809,1.3381,1424
1789998900,2026-09-21 13:55:00+00:00,1.3381,1.33813,1.3378700000000001,1.3379699999999999,1179
1789999200,2026-09-21 14:00:00+00:00,1.33796,1.33798,1.33709,1.33712,1431
1789999500,2026-09-21 14:05:00+00:00,1.33712,1.33732,1.33685,1.3373,1332
1789999800,2026-09-21 14:10:00+00:00,1.3373,1.33738,1.33697,1.33734,1693
1790000100,2026-09-21 14:15:00+00:00,1.33734,1.33756,1.3370199999999999,1.33715,1377
1790000400,2026-09-21 14:20:00+00:00,1.33715,1.33745,1.33708,1.33725,1530
1790000700,2026-09-21 14:25:00+00:00,1.33725,1.33784,1.33717,1.33778,1315
1790001000,2026-09-21 14:30:00+00:00,1.33778,1.33788,1.33748,1.33754,1422
1790001300,2026-09-21 14:35:00+00:00,1.33754,1.33786,1.33753,1.33757,1292
1790001600,2026-09-21 14:40:00+00:00,1.33758,1.33791,1.33747,1.3375,1135
1790001900,2026-09-21 14:45:00+00:00,1.3375,1.33778,1.33716,1.33719,997
1790002200,2026-09-21 14:50:00+00:00,1.33718,1.3376700000000001,1.33714,1.33764,1040
1790002500,2026-09-21 14:55:00+00:00,1.33764,1.3377,1.3372899999999999,1.3373599999999999,1476
1790002800,2026-09-21 15:00:00+00:00,1.3373599999999999,1.33751,1.33716,1.3372600000000001,1516
1790003100,2026-09-21 15:05:00+00:00,1.3372600000000001,1.33755,1.33717,1.3373300000000001,1162
1790003400,2026-09-21 15:10:00+00:00,1.3373300000000001,1.33739,1.33705,1.3373599999999999,982
1790003700,2026-09-21 15:15:00+00:00,1.3373599999999999,1.33746,1.33723,1.3372600000000001,1091
1790004000,2026-09-21 15:20:00+00:00,1.3372600000000001,1.3373,1.3370199999999999,1.33715,935
1790004300,2026-09-21 15:25:00+00:00,1.33715,1.3372899999999999,1.33713,1.33714,969
1790004600,2026-09-21 15:30:00+00:00,1.33714,1.33719,1.33705,1.33717,1207
1790004900,2026-09-21 15:35:00+00:00,1.33717,1.33719,1.33684,1.33691,901
1790005200,2026-09-21 15:40:00+00:00,1.33692,1.337,1.3367499999999999,1.33698,861
1790005500,2026-09-21 15:45:00+00:00,1.33698,1.33716,1.33685,1.33695,827
1790005800,2026-09-21 15:50:00+00:00,1.33695,1.3372600000000001,1.3367200000000001,1.33692,880
1790006100,2026-09-21 15:55:00+00:00,1.33692,1.33704,1.33682,1.33703,663
1790006400,2026-09-21 16:00:00+00:00,1.33703,1.33713,1.33683,1.33709,1077
1790006700,2026-09-21 16:05:00+00:00,1.33709,1.3373599999999999,1.33703,1.33722,1330
1790007000,2026-09-21 16:10:00+00:00,1.33721,1.3373599999999999,1.33705,1.33717,895
1790007300,2026-09-21 16:15:00+00:00,1.33717,1.33734,1.33717,1.33717,397
