timestamp,datetime,open,high,low,close,volume
1688432400,2023-07-04 01:00:00+00:00,1.2697,1.27016,1.26847,1.26865,6546
1688446800,2023-07-04 05:00:00+00:00,1.26865,1.27107,1.26834,1.2696100000000001,13454
1688461200,2023-07-04 09:00:00+00:00,1.2696100000000001,1.2739099999999999,1.26936,1.2736,14111
1688475600,2023-07-04 13:00:00+00:00,1.27359,1.27374,1.27167,1.27186,11279
1688490000,2023-07-04 17:00:00+00:00,1.27187,1.2724,1.27077,1.27091,3012
1688504400,2023-07-04 21:00:00+00:00,1.2709,1.2721,1.27065,1.27134,2815
1688518800,2023-07-05 01:00:00+00:00,1.27135,1.27162,1.26999,1.2705600000000001,5232
1688533200,2023-07-05 05:00:00+00:00,1.2705600000000001,1.27225,1.26953,1.27121,18354
1688547600,2023-07-05 09:00:00+00:00,1.27121,1.27263,1.2688,1.27149,18850
1688562000,2023-07-05 13:00:00+00:00,1.2715,1.27353,1.27013,1.27074,21219
1688576400,2023-07-05 17:00:00+00:00,1.27075,1.27121,1.26915,1.27036,9649
1688590800,2023-07-05 21:00:00+00:00,1.26906,1.27069,1.26877,1.26971,7529
1688605200,2023-07-06 01:00:00+00:00,1.2697,1.2711700000000001,1.2689599999999999,1.27038,9071
1688619600,2023-07-06 05:00:00+00:00,1.27038,1.27311,1.26987,1.27108,22114
1688634000,2023-07-06 09:00:00+00:00,1.27109,1.27808,1.2706,1.2746,35005
1688648400,2023-07-06 13:00:00+00:00,1.2746,1.27597,1.26734,1.27271,43516
1688662800,2023-07-06 17:00:00+00:00,1.27272,1.27437,1.2724,1.2739500000000001,8568
1688677200,2023-07-06 21:00:00+00:00,1.27312,1.2744900000000001,1.2726899999999999,1.27315,3191
1688691600,2023-07-07 01:00:00+00:00,1.27315,1.27441,1.27265,1.27404,7367
1688706000,2023-07-07 05:00:00+00:00,1.27405,1.27495,1.27257,1.27346,16678
1688720400,2023-07-07 09:00:00+00:00,1.27345,1.28078,1.2733400000000001,1.27804,32365
1688734800,2023-07-07 13:00:00+00:00,1.27803,1.28494,1.27536,1.28491,35921
1688749200,2023-07-07 17:00:00+00:00,1.28492,1.28492,1.28295,1.28383,8844
1688936400,2023-07-09 21:00:00+00:00,1.28256,1.28415,1.2821799999999999,1.2825199999999999,4806
1688950800,2023-07-10 01:00:00+00:00,1.2825199999999999,1.2833999999999999,1.2809,1.28102,8434
1688965200,2023-07-10 05:00:00+00:00,1.28102,1.2825199999999999,1.27982,1.28182,15021
1688979600,2023-07-10 09:00:00+00:00,1.28182,1.2824200000000001,1.27501,1.27535,22352
1688994000,2023-07-10 13:00:00+00:00,1.27535,1.28465,1.27535,1.2845900000000001,28174
1689008400,2023-07-10 17:00:00+00:00,1.2845900000000001,1.28682,1.2843,1.28607,9260
1689022800,2023-07-10 21:00:00+00:00,1.28563,1.28692,1.28507,1.28683,2999
1689037200,2023-07-11 01:00:00+00:00,1.28683,1.28837,1.28647,1.28784,7483
1689051600,2023-07-11 05:00:00+00:00,1.28784,1.29132,1.28673,1.28858,22814
1689066000,2023-07-11 09:00:00+00:00,1.2885900000000001,1.29349,1.28849,1.28967,25876
1689080400,2023-07-11 13:00:00+00:00,1.28966,1.2922500000000001,1.2885900000000001,1.2922500000000001,28649
1689094800,2023-07-11 17:00:00+00:00,1.2922799999999999,1.29335,1.29148,1.293,10973
1689109200,2023-07-11 21:00:00+00:00,1.29321,1.29529,1.29279,1.29466,4121
1689123600,2023-07-12 01:00:00+00:00,1.29466,1.29692,1.29455,1.29663,9220
1689138000,2023-07-12 05:00:00+00:00,1.29663,1.29668,1.2932000000000001,1.29322,16470
1689152400,2023-07-12 09:00:00+00:00,1.29322,1.29759,1.2904,1.2947899999999999,31003
1689166800,2023-07-12 13:00:00+00:00,1.2947899999999999,1.30007,1.29463,1.29961,45938
1689181200,2023-07-12 17:00:00+00:00,1.29961,1.29962,1.29763,1.29868,13356
1689195600,2023-07-12 21:00:00+00:00,1.29856,1.3000099999999999,1.29746,1.2991,5406
1689210000,2023-07-13 01:00:00+00:00,1.2991,1.30186,1.29886,1.30063,9213
1689224400,2023-07-13 05:00:00+00:00,1.30063,1.30616,1.29846,1.3042500000000001,25480
1689238800,2023-07-13 09:00:00+00:00,1.3042500000000001,1.30835,1.30361,1.30831,28849
1689253200,2023-07-13 13:00:00+00:00,1.30831,1.31158,1.30789,1.31138,30876
1689267600,2023-07-13 17:00:00+00:00,1.31137,1.31409,1.31089,1.31348,11873
1689282000,2023-07-13 21:00:00+00:00,1.31291,1.31391,1.31166,1.31204,6916
1689296400,2023-07-14 01:00:00+00:00,1.31204,1.3142,1.31192,1.3130899999999999,8839
1689310800,2023-07-14 05:00:00+00:00,1.3130899999999999,1.31325,1.30934,1.31208,18524
1689325200,2023-07-14 09:00:00+00:00,1.31209,1.31422,1.3100399999999999,1.31131,25880
1689339600,2023-07-14 13:00:00+00:00,1.3113000000000001,1.31302,1.30941,1.31128,43302
1689354000,2023-07-14 17:00:00+00:00,1.31129,1.31146,1.3097400000000001,1.30979,8294
1689541200,2023-07-16 21:00:00+00:00,1.30824,1.3099,1.3081800000000001,1.30928,4956
1689555600,2023-07-17 01:00:00+00:00,1.30929,1.30964,1.30819,1.30878,7698
1689570000,2023-07-17 05:00:00+00:00,1.30878,1.31089,1.30651,1.30937,17102
1689584400,2023-07-17 09:00:00+00:00,1.30938,1.3107,1.30536,1.30676,22955
1689598800,2023-07-17 13:00:00+00:00,1.30676,1.30924,1.3050899999999999,1.30747,23832
1689613200,2023-07-17 17:00:00+00:00,1.30747,1.30869,1.30702,1.30725,8655
1689627600,2023-07-17 21:00:00+00:00,1.30725,1.3082099999999999,1.30675,1.30778,4051
1689642000,2023-07-18 01:00:00+00:00,1.30779,1.30998,1.30739,1.30944,9691
1689656400,2023-07-18 05:00:00+00:00,1.30944,1.31067,1.30718,1.3078699999999999,22145
1689670800,2023-07-18 09:00:00+00:00,1.30788,1.31256,1.3072300000000001,1.30891,30992
1689685200,2023-07-18 13:00:00+00:00,1.30892,1.30985,1.3028,1.3035,35643
1689699600,2023-07-18 17:00:00+00:00,1.30349,1.30492,1.30293,1.30343,10277
1689714000,2023-07-18 21:00:00+00:00,1.3034,1.30414,1.30302,1.3035700000000001,5038
1689728400,2023-07-19 01:00:00+00:00,1.30358,1.30385,1.30126,1.30166,9872
1689742800,2023-07-19 05:00:00+00:00,1.30167,1.3034,1.29227,1.2932299999999999,36064
1689757200,2023-07-19 09:00:00+00:00,1.29324,1.2956699999999999,1.28973,1.29156,28160
1689771600,2023-07-19 13:00:00+00:00,1.29156,1.2920099999999999,1.28674,1.29086,39368
1689786000,2023-07-19 17:00:00+00:00,1.29086,1.29396,1.29058,1.29391,12013
1689800400,2023-07-19 21:00:00+00:00,1.29387,1.2947199999999999,1.29301,1.29459,4128
1689814800,2023-07-20 01:00:00+00:00,1.2946,1.29642,1.29413,1.2943799999999999,10591
1689829200,2023-07-20 05:00:00+00:00,1.2943799999999999,1.29452,1.29051,1.29238,17272
1689843600,2023-07-20 09:00:00+00:00,1.29239,1.29239,1.28543,1.28712,26574
1689858000,2023-07-20 13:00:00+00:00,1.2871299999999999,1.2882799999999999,1.2839800000000001,1.2852999999999999,31920
1689872400,2023-07-20 17:00:00+00:00,1.2852999999999999,1.28683,1.28512,1.28665,7625
1689886800,2023-07-20 21:00:00+00:00,1.28663,1.2877399999999999,1.28613,1.28761,3811
1689901200,2023-07-21 01:00:00+00:00,1.28763,1.2885900000000001,1.28663,1.2879399999999999,7141
1689915600,2023-07-21 05:00:00+00:00,1.2879399999999999,1.2904,1.2840099999999999,1.2858100000000001,23682
1689930000,2023-07-21 09:00:00+00:00,1.2858100000000001,1.28696,1.28158,1.28299,22000
1689944400,2023-07-21 13:00:00+00:00,1.28295,1.28612,1.28288,1.28583,20097
1689958800,2023-07-21 17:00:00+00:00,1.28583,1.28658,1.28484,1.28517,4979
1690146000,2023-07-23 21:00:00+00:00,1.2849,1.28667,1.28404,1.28639,3897
1690160400,2023-07-24 01:00:00+00:00,1.28639,1.28696,1.28491,1.28638,8263
1690174800,2023-07-24 05:00:00+00:00,1.28639,1.28838,1.2806899999999999,1.2816100000000001,28648
1690189200,2023-07-24 09:00:00+00:00,1.2816100000000001,1.2859099999999999,1.28155,1.28366,25785
1690203600,2023-07-24 13:00:00+00:00,1.28366,1.2845,1.27978,1.28322,33413
1690218000,2023-07-24 17:00:00+00:00,1.28322,1.28407,1.28149,1.28247,8556
1690232400,2023-07-24 21:00:00+00:00,1.28208,1.28289,1.28075,1.28153,5504
1690246800,2023-07-25 01:00:00+00:00,1.28153,1.2842500000000001,1.28151,1.28302,9119
1690261200,2023-07-25 05:00:00+00:00,1.28301,1.2864499999999999,1.28289,1.28505,21746
1690275600,2023-07-25 09:00:00+00:00,1.28505,1.28538,1.28198,1.28346,19239
1690290000,2023-07-25 13:00:00+00:00,1.2834699999999999,1.2879399999999999,1.28121,1.28778,25381
1690304400,2023-07-25 17:00:00+00:00,1.28777,1.29046,1.28711,1.29019,9878
1690318800,2023-07-25 21:00:00+00:00,1.29014,1.2903,1.28792,1.28841,3574
1690333200,2023-07-26 01:00:00+00:00,1.28841,1.28924,1.28751,1.28877,7858
1690347600,2023-07-26 05:00:00+00:00,1.28878,1.29123,1.2881,1.291,16471
1690362000,2023-07-26 09:00:00+00:00,1.291,1.29243,1.28951,1.29082,14567
1690376400,2023-07-26 13:00:00+00:00,1.29082,1.29365,1.29032,1.29151,21694
1690390800,2023-07-26 17:00:00+00:00,1.29149,1.296,1.28939,1.29405,40992
1690405200,2023-07-26 21:00:00+00:00,1.2941,1.29478,1.29239,1.29403,3654
1690419600,2023-07-27 01:00:00+00:00,1.29402,1.29767,1.29402,1.29619,10288
1690434000,2023-07-27 05:00:00+00:00,1.29618,1.29958,1.29392,1.2992,21297
1690448400,2023-07-27 09:00:00+00:00,1.29921,1.2995,1.28816,1.2895400000000001,33578
1690462800,2023-07-27 13:00:00+00:00,1.28955,1.29028,1.28256,1.28409,45266
1690477200,2023-07-27 17:00:00+00:00,1.28412,1.2852299999999999,1.27817,1.27955,22815
1690491600,2023-07-27 21:00:00+00:00,1.27938,1.28004,1.27772,1.27902,5047
1690506000,2023-07-28 01:00:00+00:00,1.27902,1.28078,1.27629,1.27793,23996
1690520400,2023-07-28 05:00:00+00:00,1.27794,1.2815699999999999,1.27722,1.28052,43350
1690534800,2023-07-28 09:00:00+00:00,1.28052,1.28882,1.28016,1.28694,27404
1690549200,2023-07-28 13:00:00+00:00,1.28694,1.28845,1.28379,1.28724,29647
1690563600,2023-07-28 17:00:00+00:00,1.28724,1.28724,1.2842500000000001,1.28457,10513
1690750800,2023-07-30 21:00:00+00:00,1.28328,1.28596,1.28328,1.28571,3883
1690765200,2023-07-31 01:00:00+00:00,1.28571,1.2859099999999999,1.28438,1.28481,7621
1690779600,2023-07-31 05:00:00+00:00,1.28481,1.2867199999999999,1.28352,1.2851,14084
1690794000,2023-07-31 09:00:00+00:00,1.28514,1.28723,1.28451,1.28536,14652
1690808400,2023-07-31 13:00:00+00:00,1.28537,1.2870300000000001,1.2828300000000001,1.28578,23515
1690822800,2023-07-31 17:00:00+00:00,1.28579,1.28668,1.28311,1.28343,6037
1690837200,2023-07-31 21:00:00+00:00,1.28343,1.28407,1.28268,1.28287,2766
1690851600,2023-08-01 01:00:00+00:00,1.28287,1.28361,1.28153,1.2831299999999999,6495
1690866000,2023-08-01 05:00:00+00:00,1.28315,1.28386,1.2812700000000001,1.28254,17581
1690880400,2023-08-01 09:00:00+00:00,1.28254,1.28325,1.27558,1.27645,22266
1690894800,2023-08-01 13:00:00+00:00,1.27647,1.27952,1.27412,1.27609,31564
1690909200,2023-08-01 17:00:00+00:00,1.2760799999999999,1.27805,1.27487,1.2774,7962
1690923600,2023-08-01 21:00:00+00:00,1.27746,1.28049,1.27621,1.27803,5182
1690938000,2023-08-02 01:00:00+00:00,1.27803,1.2794699999999999,1.27631,1.27775,8326
1690952400,2023-08-02 05:00:00+00:00,1.27775,1.2799,1.2760500000000001,1.27875,17306
1690966800,2023-08-02 09:00:00+00:00,1.27874,1.2792,1.27228,1.2723499999999999,26714
1690981200,2023-08-02 13:00:00+00:00,1.2723499999999999,1.27304,1.26801,1.27256,37510
1690995600,2023-08-02 17:00:00+00:00,1.27257,1.27385,1.2706,1.2709,5997
1691010000,2023-08-02 21:00:00+00:00,1.27106,1.27217,1.26945,1.27132,2999
1691024400,2023-08-03 01:00:00+00:00,1.27132,1.27277,1.26994,1.27001,7916
1691038800,2023-08-03 05:00:00+00:00,1.27001,1.27089,1.26723,1.26755,26386
1691053200,2023-08-03 09:00:00+00:00,1.26756,1.2692999999999999,1.262,1.26724,46616
1691067600,2023-08-03 13:00:00+00:00,1.26724,1.2724,1.26497,1.27189,34279
1691082000,2023-08-03 17:00:00+00:00,1.2719,1.27195,1.26966,1.2707899999999999,7601
1691096400,2023-08-03 21:00:00+00:00,1.27125,1.27252,1.27004,1.27249,4173
1691110800,2023-08-04 01:00:00+00:00,1.2725,1.2741,1.27238,1.27276,11205
1691125200,2023-08-04 05:00:00+00:00,1.27276,1.27345,1.26944,1.26994,14621
1691139600,2023-08-04 09:00:00+00:00,1.26994,1.27545,1.26826,1.27454,28908
1691154000,2023-08-04 13:00:00+00:00,1.2745199999999999,1.27834,1.27428,1.27812,34170
1691168400,2023-08-04 17:00:00+00:00,1.27813,1.27921,1.27403,1.27443,9378
1691355600,2023-08-06 21:00:00+00:00,1.2753,1.2760799999999999,1.27371,1.2758099999999999,4953
1691370000,2023-08-07 01:00:00+00:00,1.2758,1.2758,1.27319,1.27344,6668
1691384400,2023-08-07 05:00:00+00:00,1.27345,1.27444,1.27129,1.27278,13550
1691398800,2023-08-07 09:00:00+00:00,1.27278,1.27722,1.27167,1.27718,17967
1691413200,2023-08-07 13:00:00+00:00,1.27719,1.27867,1.27543,1.27746,20435
1691427600,2023-08-07 17:00:00+00:00,1.27747,1.27889,1.27677,1.27827,8316
1691442000,2023-08-07 21:00:00+00:00,1.27829,1.27851,1.27692,1.27732,3020
1691456400,2023-08-08 01:00:00+00:00,1.27732,1.27732,1.27505,1.27618,7050
1691470800,2023-08-08 05:00:00+00:00,1.27618,1.27721,1.27381,1.27528,17490
1691485200,2023-08-08 09:00:00+00:00,1.27529,1.27546,1.2684,1.26973,24381
1691499600,2023-08-08 13:00:00+00:00,1.26974,1.2743,1.2687,1.27328,26937
1691514000,2023-08-08 17:00:00+00:00,1.27328,1.27516,1.27309,1.27472,8711
1691528400,2023-08-08 21:00:00+00:00,1.27446,1.27496,1.27126,1.27407,3554
1691542800,2023-08-09 01:00:00+00:00,1.27406,1.2759,1.27389,1.27568,6342
1691557200,2023-08-09 05:00:00+00:00,1.27568,1.2782,1.2748599999999999,1.2753999999999999,12997
1691571600,2023-08-09 09:00:00+00:00,1.2753999999999999,1.27553,1.27123,1.27292,18277
1691586000,2023-08-09 13:00:00+00:00,1.2729300000000001,1.2751299999999999,1.27119,1.27229,27311
1691600400,2023-08-09 17:00:00+00:00,1.2723,1.27379,1.27162,1.2718099999999999,8960
1691614800,2023-08-09 21:00:00+00:00,1.27167,1.27227,1.27104,1.2713,2891
1691629200,2023-08-10 01:00:00+00:00,1.2713,1.27233,1.2707,1.27121,5156
1691643600,2023-08-10 05:00:00+00:00,1.27122,1.27694,1.27116,1.27566,15190
1691658000,2023-08-10 09:00:00+00:00,1.27566,1.2818800000000001,1.27534,1.27805,28221
1691672400,2023-08-10 13:00:00+00:00,1.27805,1.27859,1.27055,1.27156,40308
1691686800,2023-08-10 17:00:00+00:00,1.27156,1.27167,1.26693,1.26756,22630
1691701200,2023-08-10 21:00:00+00:00,1.26737,1.26807,1.26618,1.26806,2837
1691715600,2023-08-11 01:00:00+00:00,1.26806,1.2690299999999999,1.26777,1.26817,5404
1691730000,2023-08-11 05:00:00+00:00,1.26817,1.27227,1.26794,1.2705600000000001,16621
1691744400,2023-08-11 09:00:00+00:00,1.2705600000000001,1.27385,1.26816,1.26858,23779
1691758800,2023-08-11 13:00:00+00:00,1.26858,1.27277,1.26814,1.26906,28791
1691773200,2023-08-11 17:00:00+00:00,1.26904,1.27023,1.26855,1.26918,7126
1691960400,2023-08-13 21:00:00+00:00,1.2697,1.27038,1.2679,1.26819,4468
1691974800,2023-08-14 01:00:00+00:00,1.26818,1.26858,1.2666,1.26711,9247
1691989200,2023-08-14 05:00:00+00:00,1.26711,1.27073,1.26696,1.26976,20026
1692003600,2023-08-14 09:00:00+00:00,1.26977,1.27148,1.26449,1.26567,20401
1692018000,2023-08-14 13:00:00+00:00,1.26567,1.27063,1.2616399999999999,1.2697,30789
1692032400,2023-08-14 17:00:00+00:00,1.2697,1.27014,1.26732,1.26811,6480
1692046800,2023-08-14 21:00:00+00:00,1.26783,1.26917,1.26667,1.26828,3062
1692061200,2023-08-15 01:00:00+00:00,1.26828,1.26931,1.26749,1.26849,9560
1692075600,2023-08-15 05:00:00+00:00,1.26849,1.27209,1.26795,1.27118,25324
1692090000,2023-08-15 09:00:00+00:00,1.27118,1.2730000000000001,1.26814,1.27157,30500
1692104400,2023-08-15 13:00:00+00:00,1.27157,1.27523,1.27078,1.27234,36141
1692118800,2023-08-15 17:00:00+00:00,1.27233,1.27251,1.26942,1.27033,10120
1692133200,2023-08-15 21:00:00+00:00,1.27033,1.27036,1.26847,1.2695400000000001,4504
1692147600,2023-08-16 01:00:00+00:00,1.2695400000000001,1.27073,1.26867,1.27071,8576
1692162000,2023-08-16 05:00:00+00:00,1.2707,1.2766199999999999,1.26989,1.2757800000000001,19747
1692176400,2023-08-16 09:00:00+00:00,1.2757800000000001,1.27661,1.27211,1.27212,17634
1692190800,2023-08-16 13:00:00+00:00,1.27212,1.2760799999999999,1.27182,1.27328,28395
1692205200,2023-08-16 17:00:00+00:00,1.2732700000000001,1.275,1.27112,1.27305,18995
1692219600,2023-08-16 21:00:00+00:00,1.27304,1.2733400000000001,1.27108,1.27202,4195
1692234000,2023-08-17 01:00:00+00:00,1.27204,1.2723,1.27109,1.27226,8081
1692248400,2023-08-17 05:00:00+00:00,1.27226,1.27435,1.27093,1.27123,15372
1692262800,2023-08-17 09:00:00+00:00,1.27121,1.27833,1.27023,1.27706,29759
1692277200,2023-08-17 13:00:00+00:00,1.27706,1.27873,1.27374,1.27597,29756
1692291600,2023-08-17 17:00:00+00:00,1.2759800000000001,1.27602,1.2726600000000001,1.27459,16746
1692306000,2023-08-17 21:00:00+00:00,1.27454,1.27585,1.27348,1.27514,4599
1692320400,2023-08-18 01:00:00+00:00,1.27514,1.27657,1.27427,1.27447,10365
1692334800,2023-08-18 05:00:00+00:00,1.27447,1.27536,1.2707,1.27189,22153
1692349200,2023-08-18 09:00:00+00:00,1.27189,1.27421,1.26888,1.27108,25531
1692363600,2023-08-18 13:00:00+00:00,1.27107,1.27494,1.2707600000000001,1.27446,27077
1692378000,2023-08-18 17:00:00+00:00,1.27446,1.27559,1.27272,1.27309,9723
1692565200,2023-08-20 21:00:00+00:00,1.2732999999999999,1.27501,1.27245,1.2746,4127
1692579600,2023-08-21 01:00:00+00:00,1.2746,1.2746,1.27297,1.27381,7024
1692594000,2023-08-21 05:00:00+00:00,1.27382,1.27453,1.27101,1.2720799999999999,16990
1692608400,2023-08-21 09:00:00+00:00,1.27209,1.27649,1.27202,1.27518,23273
1692622800,2023-08-21 13:00:00+00:00,1.2751700000000001,1.27572,1.27225,1.27567,30689
1692637200,2023-08-21 17:00:00+00:00,1.27567,1.2766600000000001,1.27506,1.27554,9357
1692651600,2023-08-21 21:00:00+00:00,1.27471,1.27656,1.27458,1.27627,3798
1692666000,2023-08-22 01:00:00+00:00,1.27627,1.27774,1.27576,1.27695,8650
1692680400,2023-08-22 05:00:00+00:00,1.27695,1.28003,1.27688,1.27816,15411
1692694800,2023-08-22 09:00:00+00:00,1.27816,1.27917,1.27414,1.2742200000000001,22417
1692709200,2023-08-22 13:00:00+00:00,1.2742200000000001,1.27534,1.27183,1.2735,28647
1692723600,2023-08-22 17:00:00+00:00,1.2735,1.2743,1.27279,1.27313,6821
1692738000,2023-08-22 21:00:00+00:00,1.2732,1.27407,1.2719,1.2734,3013
1692752400,2023-08-23 01:00:00+00:00,1.2734,1.27505,1.27328,1.27505,5520
1692766800,2023-08-23 05:00:00+00:00,1.27505,1.27646,1.26719,1.26786,29391
1692781200,2023-08-23 09:00:00+00:00,1.26786,1.26796,1.26145,1.26307,36080
1692795600,2023-08-23 13:00:00+00:00,1.26307,1.27259,1.26303,1.27209,33032
1692810000,2023-08-23 17:00:00+00:00,1.27209,1.27328,1.27087,1.2725,7816
1692824400,2023-08-23 21:00:00+00:00,1.27158,1.27284,1.26959,1.27189,5235
1692838800,2023-08-24 01:00:00+00:00,1.27189,1.27214,1.2705600000000001,1.27199,8012
1692853200,2023-08-24 05:00:00+00:00,1.27199,1.2728,1.26915,1.26985,14332
1692867600,2023-08-24 09:00:00+00:00,1.26984,1.27036,1.26262,1.26358,21541
1692882000,2023-08-24 13:00:00+00:00,1.26358,1.26628,1.26207,1.2623199999999999,28820
1692896400,2023-08-24 17:00:00+00:00,1.26233,1.26245,1.25906,1.2600500000000001,10866
1692910800,2023-08-24 21:00:00+00:00,1.25961,1.26056,1.25858,1.25896,5186
1692925200,2023-08-25 01:00:00+00:00,1.25896,1.25907,1.25598,1.25647,7946
1692939600,2023-08-25 05:00:00+00:00,1.25647,1.25922,1.25607,1.2586300000000001,16986
1692954000,2023-08-25 09:00:00+00:00,1.2586300000000001,1.26236,1.25819,1.2619799999999999,15222
1692968400,2023-08-25 13:00:00+00:00,1.2619799999999999,1.26551,1.25477,1.25818,58733
1692982800,2023-08-25 17:00:00+00:00,1.25817,1.26011,1.25749,1.2576800000000001,12577
1693170000,2023-08-27 21:00:00+00:00,1.25693,1.2599,1.2569,1.25935,4180
1693184400,2023-08-28 01:00:00+00:00,1.25935,1.2603900000000001,1.2591999999999999,1.25996,5759
1693198800,2023-08-28 05:00:00+00:00,1.25996,1.2610700000000001,1.25687,1.25759,15183
1693213200,2023-08-28 09:00:00+00:00,1.25759,1.25945,1.25653,1.25939,13356
1693227600,2023-08-28 13:00:00+00:00,1.25939,1.25996,1.25726,1.2595,20420
1693242000,2023-08-28 17:00:00+00:00,1.2595,1.26074,1.25923,1.2601,9103
1693256400,2023-08-28 21:00:00+00:00,1.26004,1.26187,1.25871,1.26139,3357
1693270800,2023-08-29 01:00:00+00:00,1.26139,1.2631700000000001,1.26133,1.2622900000000001,5475
1693285200,2023-08-29 05:00:00+00:00,1.2622900000000001,1.26356,1.26053,1.26115,14425
1693299600,2023-08-29 09:00:00+00:00,1.26115,1.2616800000000001,1.25626,1.25736,24424
1693314000,2023-08-29 13:00:00+00:00,1.25732,1.2634,1.25626,1.26201,44228
1693328400,2023-08-29 17:00:00+00:00,1.26203,1.26546,1.26201,1.26433,10070
1693342800,2023-08-29 21:00:00+00:00,1.26433,1.26495,1.2631999999999999,1.2640500000000001,5367
1693357200,2023-08-30 01:00:00+00:00,1.2640500000000001,1.2642,1.2622200000000001,1.26227,4915
1693371600,2023-08-30 05:00:00+00:00,1.26227,1.26475,1.26187,1.2638,18512
1693386000,2023-08-30 09:00:00+00:00,1.2638099999999999,1.2720799999999999,1.2635399999999999,1.27135,28915
1693400400,2023-08-30 13:00:00+00:00,1.27135,1.27463,1.27021,1.27161,31240
1693414800,2023-08-30 17:00:00+00:00,1.27161,1.27287,1.27065,1.2720099999999999,7381
1693429200,2023-08-30 21:00:00+00:00,1.2717,1.27226,1.27042,1.27197,3198
1693443600,2023-08-31 01:00:00+00:00,1.27197,1.27342,1.27187,1.27231,6483
1693458000,2023-08-31 05:00:00+00:00,1.27231,1.2724,1.26944,1.2695400000000001,16587
1693472400,2023-08-31 09:00:00+00:00,1.26953,1.26978,1.26634,1.26848,27751
1693486800,2023-08-31 13:00:00+00:00,1.26847,1.2687300000000001,1.26525,1.2662499999999999,28169
1693501200,2023-08-31 17:00:00+00:00,1.2662499999999999,1.26754,1.26606,1.26734,10239
1693515600,2023-08-31 21:00:00+00:00,1.26728,1.26769,1.2653699999999999,1.26627,4943
1693530000,2023-09-01 01:00:00+00:00,1.26627,1.2683200000000001,1.26589,1.26681,6507
1693544400,2023-09-01 05:00:00+00:00,1.26681,1.26894,1.26398,1.26748,16006
1693558800,2023-09-01 09:00:00+00:00,1.26748,1.27129,1.26674,1.26919,26334
1693573200,2023-09-01 13:00:00+00:00,1.26919,1.27027,1.2577099999999999,1.25885,54555
1693587600,2023-09-01 17:00:00+00:00,1.25885,1.2598799999999999,1.25834,1.25845,10532
1693774800,2023-09-03 21:00:00+00:00,1.259,1.25982,1.25823,1.25953,3650
1693789200,2023-09-04 01:00:00+00:00,1.25953,1.26074,1.25884,1.26071,5404
1693803600,2023-09-04 05:00:00+00:00,1.2607,1.26339,1.26056,1.26321,11572
1693818000,2023-09-04 09:00:00+00:00,1.26321,1.26425,1.26211,1.26253,11834
1693832400,2023-09-04 13:00:00+00:00,1.26253,1.26392,1.26149,1.26284,8682
1693846800,2023-09-04 17:00:00+00:00,1.26282,1.26327,1.26235,1.26235,2827
1693861200,2023-09-04 21:00:00+00:00,1.26208,1.26301,1.26044,1.2629299999999999,2129
1693875600,2023-09-05 01:00:00+00:00,1.26297,1.26315,1.26121,1.2625899999999999,7314
1693890000,2023-09-05 05:00:00+00:00,1.2625899999999999,1.26281,1.25279,1.25347,25206
1693904400,2023-09-05 09:00:00+00:00,1.25347,1.25784,1.25332,1.25756,25903
1693918800,2023-09-05 13:00:00+00:00,1.25756,1.25869,1.2547,1.25767,33541
1693933200,2023-09-05 17:00:00+00:00,1.2576800000000001,1.2580200000000001,1.25582,1.25635,8048
1693947600,2023-09-05 21:00:00+00:00,1.25623,1.25726,1.25489,1.25572,2827
1693962000,2023-09-06 01:00:00+00:00,1.25572,1.25742,1.25491,1.2574100000000001,6175
1693976400,2023-09-06 05:00:00+00:00,1.2574100000000001,1.25876,1.2546599999999999,1.25596,17854
1693990800,2023-09-06 09:00:00+00:00,1.25596,1.25671,1.25411,1.2554699999999999,20504
1694005200,2023-09-06 13:00:00+00:00,1.25546,1.25587,1.24817,1.25018,42002
1694019600,2023-09-06 17:00:00+00:00,1.25018,1.25109,1.2499500000000001,1.25062,7295
1694034000,2023-09-06 21:00:00+00:00,1.2505600000000001,1.25073,1.24878,1.24955,3126
1694048400,2023-09-07 01:00:00+00:00,1.24955,1.25058,1.24909,1.24978,5392
1694062800,2023-09-07 05:00:00+00:00,1.24978,1.25081,1.24574,1.24776,21901
1694077200,2023-09-07 09:00:00+00:00,1.24777,1.24877,1.24454,1.24619,22651
1694091600,2023-09-07 13:00:00+00:00,1.24619,1.24898,1.24471,1.24749,23640
1694106000,2023-09-07 17:00:00+00:00,1.24749,1.24867,1.24675,1.24709,8850
1694120400,2023-09-07 21:00:00+00:00,1.24725,1.24929,1.24642,1.24908,3710
1694134800,2023-09-08 01:00:00+00:00,1.24908,1.2501,1.24735,1.24899,6723
1694149200,2023-09-08 05:00:00+00:00,1.24899,1.251,1.24782,1.24864,16684
1694163600,2023-09-08 09:00:00+00:00,1.24864,1.24983,1.2467,1.24796,19147
1694178000,2023-09-08 13:00:00+00:00,1.24796,1.25142,1.24593,1.24619,23965
1694192400,2023-09-08 17:00:00+00:00,1.24618,1.24697,1.24509,1.24642,8611
1694379600,2023-09-10 21:00:00+00:00,1.24628,1.24942,1.24608,1.24861,6469
1694394000,2023-09-11 01:00:00+00:00,1.2486,1.25201,1.2482,1.25186,9338
1694408400,2023-09-11 05:00:00+00:00,1.25186,1.25305,1.251,1.25195,15360
1694422800,2023-09-11 09:00:00+00:00,1.25194,1.2537099999999999,1.25009,1.25272,17013
1694437200,2023-09-11 13:00:00+00:00,1.2527,1.25481,1.25206,1.25218,24281
1694451600,2023-09-11 17:00:00+00:00,1.25218,1.2521900000000001,1.25069,1.25095,10282
1694466000,2023-09-11 21:00:00+00:00,1.25088,1.25155,1.24985,1.25057,2648
1694480400,2023-09-12 01:00:00+00:00,1.25057,1.25233,1.2500499999999999,1.25107,7346
1694494800,2023-09-12 05:00:00+00:00,1.25105,1.25301,1.24631,1.24671,16406
1694509200,2023-09-12 09:00:00+00:00,1.24671,1.24836,1.24594,1.24675,15426
1694523600,2023-09-12 13:00:00+00:00,1.24674,1.24915,1.24612,1.2478,16264
1694538000,2023-09-12 17:00:00+00:00,1.24779,1.24988,1.24757,1.2484899999999999,8716
1694552400,2023-09-12 21:00:00+00:00,1.24886,1.25001,1.2476,1.24938,3633
1694566800,2023-09-13 01:00:00+00:00,1.24938,1.25018,1.24809,1.24945,5776
1694581200,2023-09-13 05:00:00+00:00,1.24949,1.2498,1.2441200000000001,1.24776,21914
1694595600,2023-09-13 09:00:00+00:00,1.24774,1.24997,1.24343,1.24858,30663
1694610000,2023-09-13 13:00:00+00:00,1.24857,1.25116,1.24718,1.24947,33270
1694624400,2023-09-13 17:00:00+00:00,1.24947,1.25062,1.24809,1.24897,8191
1694638800,2023-09-13 21:00:00+00:00,1.24827,1.2502900000000001,1.24779,1.25016,4052
1694653200,2023-09-14 01:00:00+00:00,1.25016,1.25039,1.2484899999999999,1.25008,6470
1694667600,2023-09-14 05:00:00+00:00,1.2501,1.25061,1.24792,1.24865,13112
1694682000,2023-09-14 09:00:00+00:00,1.24865,1.24865,1.2414,1.24394,38246
1694696400,2023-09-14 13:00:00+00:00,1.24393,1.24607,1.24007,1.24142,37959
1694710800,2023-09-14 17:00:00+00:00,1.2414100000000001,1.24174,1.23962,1.24077,7251
1694725200,2023-09-14 21:00:00+00:00,1.24069,1.2411,1.23992,1.2411,3148
1694739600,2023-09-15 01:00:00+00:00,1.2411,1.24299,1.24011,1.24285,6578
1694754000,2023-09-15 05:00:00+00:00,1.24286,1.2445599999999999,1.24161,1.244,14033
1694768400,2023-09-15 09:00:00+00:00,1.24399,1.24403,1.23902,1.23906,13487
1694782800,2023-09-15 13:00:00+00:00,1.23906,1.24253,1.2385,1.23993,27675
1694797200,2023-09-15 17:00:00+00:00,1.23993,1.23999,1.23785,1.23809,6334
1694984400,2023-09-17 21:00:00+00:00,1.23762,1.24019,1.2374,1.2399499999999999,3031
1694998800,2023-09-18 01:00:00+00:00,1.23994,1.24038,1.23861,1.23956,4730
1695013200,2023-09-18 05:00:00+00:00,1.23956,1.2404600000000001,1.23701,1.23804,11207
1695027600,2023-09-18 09:00:00+00:00,1.23804,1.24105,1.23772,1.23807,13787
1695042000,2023-09-18 13:00:00+00:00,1.23807,1.24048,1.23728,1.23948,17819
1695056400,2023-09-18 17:00:00+00:00,1.2395,1.23989,1.2374,1.23813,4887
1695070800,2023-09-18 21:00:00+00:00,1.23832,1.23912,1.23672,1.23817,2475
1695085200,2023-09-19 01:00:00+00:00,1.23817,1.23832,1.23749,1.23782,3006
1695099600,2023-09-19 05:00:00+00:00,1.23782,1.23929,1.23698,1.23759,12055
1695114000,2023-09-19 09:00:00+00:00,1.23756,1.2425,1.23711,1.24053,17861
1695128400,2023-09-19 13:00:00+00:00,1.24052,1.24067,1.23822,1.23868,18925
1695142800,2023-09-19 17:00:00+00:00,1.23868,1.23965,1.23858,1.23908,5565
1695157200,2023-09-19 21:00:00+00:00,1.23842,1.23964,1.2382,1.23894,2651
1695171600,2023-09-20 01:00:00+00:00,1.23894,1.2393,1.23822,1.23881,5338
1695186000,2023-09-20 05:00:00+00:00,1.23881,1.23957,1.23329,1.23685,19611
1695200400,2023-09-20 09:00:00+00:00,1.23685,1.23806,1.23577,1.23763,12036
1695214800,2023-09-20 13:00:00+00:00,1.23762,1.24212,1.23752,1.24169,16916
1695229200,2023-09-20 17:00:00+00:00,1.24169,1.24169,1.2331699999999999,1.23428,29685
1695243600,2023-09-20 21:00:00+00:00,1.23423,1.23472,1.23103,1.2313,4799
1695258000,2023-09-21 01:00:00+00:00,1.2313,1.23246,1.23041,1.232,6482
1695272400,2023-09-21 05:00:00+00:00,1.232,1.23315,1.22945,1.2304,18492
1695286800,2023-09-21 09:00:00+00:00,1.2304,1.23082,1.22342,1.22676,33326
1695301200,2023-09-21 13:00:00+00:00,1.22679,1.23064,1.22573,1.22966,24971
1695315600,2023-09-21 17:00:00+00:00,1.22966,1.23074,1.2288000000000001,1.22935,6936
1695330000,2023-09-21 21:00:00+00:00,1.2294,1.22967,1.22811,1.22861,3004
1695344400,2023-09-22 01:00:00+00:00,1.22861,1.22861,1.22728,1.22841,5577
1695358800,2023-09-22 05:00:00+00:00,1.22841,1.22882,1.22374,1.22529,23873
1695373200,2023-09-22 09:00:00+00:00,1.22529,1.2267000000000001,1.22327,1.22568,12396
1695387600,2023-09-22 13:00:00+00:00,1.22569,1.22847,1.22503,1.2251400000000001,16280
1695402000,2023-09-22 17:00:00+00:00,1.22512,1.22587,1.22305,1.22339,5695
1695589200,2023-09-24 21:00:00+00:00,1.22399,1.22527,1.22349,1.22484,7121
1695603600,2023-09-25 01:00:00+00:00,1.22484,1.22491,1.22366,1.22416,3142
1695618000,2023-09-25 05:00:00+00:00,1.22416,1.22501,1.22181,1.22202,10308
1695632400,2023-09-25 09:00:00+00:00,1.22202,1.22432,1.22123,1.22168,10659
1695646800,2023-09-25 13:00:00+00:00,1.22168,1.22203,1.21937,1.22113,16609
1695661200,2023-09-25 17:00:00+00:00,1.22113,1.22218,1.22054,1.22106,3954
1695675600,2023-09-25 21:00:00+00:00,1.22111,1.22155,1.22018,1.22054,2554
1695690000,2023-09-26 01:00:00+00:00,1.22054,1.2208700000000001,1.21935,1.2205300000000001,4239
1695704400,2023-09-26 05:00:00+00:00,1.22051,1.22071,1.21674,1.21847,12278
1695718800,2023-09-26 09:00:00+00:00,1.21847,1.21939,1.217,1.21908,12584
1695733200,2023-09-26 13:00:00+00:00,1.21908,1.2193,1.21589,1.21708,16002
1695747600,2023-09-26 17:00:00+00:00,1.21708,1.2175799999999999,1.21516,1.21577,4622
1695762000,2023-09-26 21:00:00+00:00,1.21593,1.21625,1.21406,1.21422,2937
1695776400,2023-09-27 01:00:00+00:00,1.2142,1.21573,1.214,1.21469,5592
1695790800,2023-09-27 05:00:00+00:00,1.21469,1.21642,1.21355,1.21495,10258
1695805200,2023-09-27 09:00:00+00:00,1.21495,1.21561,1.21308,1.21444,13333
1695819600,2023-09-27 13:00:00+00:00,1.2144300000000001,1.21591,1.21164,1.21246,20712
1695834000,2023-09-27 17:00:00+00:00,1.21246,1.21529,1.21103,1.21346,11333
1695848400,2023-09-27 21:00:00+00:00,1.21349,1.21444,1.21241,1.21437,3140
1695862800,2023-09-28 01:00:00+00:00,1.21435,1.21448,1.213,1.21401,4557
1695877200,2023-09-28 05:00:00+00:00,1.21401,1.21744,1.21201,1.21711,12195
1695891600,2023-09-28 09:00:00+00:00,1.21711,1.22237,1.21706,1.21777,15767
1695906000,2023-09-28 13:00:00+00:00,1.21777,1.2224599999999999,1.21753,1.21995,20418
1695920400,2023-09-28 17:00:00+00:00,1.21995,1.2205,1.21877,1.22027,6654
1695934800,2023-09-28 21:00:00+00:00,1.21893,1.22105,1.21893,1.22013,2345
1695949200,2023-09-29 01:00:00+00:00,1.2201,1.2227999999999999,1.21991,1.22221,3763
1695963600,2023-09-29 05:00:00+00:00,1.22221,1.22542,1.22199,1.2235,11727
1695978000,2023-09-29 09:00:00+00:00,1.2235,1.22718,1.22317,1.22597,15834
1695992400,2023-09-29 13:00:00+00:00,1.22595,1.22634,1.21803,1.22055,25739
1696006800,2023-09-29 17:00:00+00:00,1.22055,1.22079,1.21857,1.22011,8281
1696194000,2023-10-01 21:00:00+00:00,1.21791,1.22058,1.21791,1.21878,4219
1696208400,2023-10-02 01:00:00+00:00,1.21878,1.21951,1.21861,1.21868,2823
1696222800,2023-10-02 05:00:00+00:00,1.21867,1.22199,1.21754,1.21871,10813
1696237200,2023-10-02 09:00:00+00:00,1.21871,1.21878,1.21483,1.21513,10110
1696251600,2023-10-02 13:00:00+00:00,1.21512,1.21522,1.2107700000000001,1.21084,22171
1696266000,2023-10-02 17:00:00+00:00,1.21082,1.21269,1.20855,1.20864,6526
1696280400,2023-10-02 21:00:00+00:00,1.2086999999999999,1.2092,1.2077499999999999,1.2086000000000001,3702
1696294800,2023-10-03 01:00:00+00:00,1.2086000000000001,1.20876,1.20609,1.20642,5292
1696309200,2023-10-03 05:00:00+00:00,1.20642,1.20968,1.20613,1.20873,11084
1696323600,2023-10-03 09:00:00+00:00,1.20873,1.2088700000000001,1.20523,1.20733,12761
1696338000,2023-10-03 13:00:00+00:00,1.2073800000000001,1.2101899999999999,1.20532,1.2075,34049
1696352400,2023-10-03 17:00:00+00:00,1.20749,1.20912,1.2069,1.2076500000000001,7406
1696366800,2023-10-03 21:00:00+00:00,1.20681,1.2084,1.20628,1.20805,2753
1696381200,2023-10-04 01:00:00+00:00,1.20803,1.20817,1.20602,1.20817,4650
1696395600,2023-10-04 05:00:00+00:00,1.20817,1.21155,1.20373,1.21135,11204
1696410000,2023-10-04 09:00:00+00:00,1.21135,1.21769,1.21125,1.21698,17486
1696424400,2023-10-04 13:00:00+00:00,1.21698,1.21735,1.21062,1.21518,23758
1696438800,2023-10-04 17:00:00+00:00,1.21518,1.21564,1.21305,1.21333,8067
1696453200,2023-10-04 21:00:00+00:00,1.21329,1.2151,1.21295,1.21497,2722
1696467600,2023-10-05 01:00:00+00:00,1.21497,1.2163,1.21489,1.21561,5006
1696482000,2023-10-05 05:00:00+00:00,1.21557,1.21618,1.21157,1.2122600000000001,14758
1696496400,2023-10-05 09:00:00+00:00,1.2122600000000001,1.21559,1.21076,1.21307,24464
1696510800,2023-10-05 13:00:00+00:00,1.21307,1.21878,1.21259,1.21797,34588
1696525200,2023-10-05 17:00:00+00:00,1.21799,1.21957,1.2169699999999999,1.21917,14691
1696539600,2023-10-05 21:00:00+00:00,1.21908,1.21928,1.21806,1.2180900000000001,6917
1696554000,2023-10-06 01:00:00+00:00,1.2180900000000001,1.21888,1.2176,1.21769,12649
1696568400,2023-10-06 05:00:00+00:00,1.21768,1.2207,1.21639,1.21985,19888
1696582800,2023-10-06 09:00:00+00:00,1.21985,1.22197,1.21057,1.2122600000000001,32359
1696597200,2023-10-06 13:00:00+00:00,1.21225,1.2261199999999999,1.21166,1.22338,41908
1696611600,2023-10-06 17:00:00+00:00,1.22337,1.22552,1.22308,1.22346,6872
1696798800,2023-10-08 21:00:00+00:00,1.22001,1.22244,1.2196799999999999,1.22223,10099
1696813200,2023-10-09 01:00:00+00:00,1.22223,1.2223600000000001,1.21918,1.21938,11465
1696827600,2023-10-09 05:00:00+00:00,1.21937,1.2217,1.21639,1.21779,24285
1696842000,2023-10-09 09:00:00+00:00,1.21779,1.2191,1.2163,1.21835,18765
1696856400,2023-10-09 13:00:00+00:00,1.21835,1.22203,1.21834,1.21974,24478
1696870800,2023-10-09 17:00:00+00:00,1.21974,1.2244,1.21971,1.22375,8216
1696885200,2023-10-09 21:00:00+00:00,1.2236799999999999,1.22546,1.22267,1.2247,5484
1696899600,2023-10-10 01:00:00+00:00,1.2247,1.22565,1.22244,1.22265,9794
1696914000,2023-10-10 05:00:00+00:00,1.22265,1.22755,1.22118,1.22713,25134
1696928400,2023-10-10 09:00:00+00:00,1.22714,1.2275800000000001,1.22355,1.22495,30358
1696942800,2023-10-10 13:00:00+00:00,1.22495,1.22915,1.22383,1.22907,25170
1696957200,2023-10-10 17:00:00+00:00,1.22907,1.22912,1.22635,1.22852,12203
1696971600,2023-10-10 21:00:00+00:00,1.22775,1.23034,1.22607,1.2298499999999999,7235
1696986000,2023-10-11 01:00:00+00:00,1.2298499999999999,1.2301,1.22873,1.22925,11191
1697000400,2023-10-11 05:00:00+00:00,1.22925,1.23041,1.2269700000000001,1.22805,22745
1697014800,2023-10-11 09:00:00+00:00,1.22805,1.23153,1.22689,1.23122,35040
1697029200,2023-10-11 13:00:00+00:00,1.23123,1.2337500000000001,1.22883,1.22964,40395
1697043600,2023-10-11 17:00:00+00:00,1.22964,1.23142,1.2275,1.2312,19853
1697058000,2023-10-11 21:00:00+00:00,1.23129,1.2319,1.22916,1.23128,6172
1697072400,2023-10-12 01:00:00+00:00,1.23128,1.23226,1.2310699999999999,1.2319,17324
1697086800,2023-10-12 05:00:00+00:00,1.23191,1.23314,1.2293,1.2296,25053
1697101200,2023-10-12 09:00:00+00:00,1.2296,1.23187,1.22516,1.22623,34161
1697115600,2023-10-12 13:00:00+00:00,1.22623,1.22701,1.21987,1.2201,45921
1697130000,2023-10-12 17:00:00+00:00,1.22007,1.2202,1.2171,1.21742,24514
1697144400,2023-10-12 21:00:00+00:00,1.21705,1.21893,1.21699,1.21871,6822
1697158800,2023-10-13 01:00:00+00:00,1.21871,1.22076,1.21859,1.2203,15190
1697173200,2023-10-13 05:00:00+00:00,1.2203,1.22253,1.21849,1.22137,30370
1697187600,2023-10-13 09:00:00+00:00,1.22138,1.22141,1.21599,1.21885,38664
1697202000,2023-10-13 13:00:00+00:00,1.21885,1.21938,1.21312,1.21366,31412
1697216400,2023-10-13 17:00:00+00:00,1.21368,1.21434,1.21224,1.21399,9469
1697403600,2023-10-15 21:00:00+00:00,1.2138,1.21569,1.21279,1.21464,9115
1697418000,2023-10-16 01:00:00+00:00,1.21463,1.21615,1.21463,1.21599,14911
1697432400,2023-10-16 05:00:00+00:00,1.21598,1.21776,1.2151399999999999,1.21594,30117
1697446800,2023-10-16 09:00:00+00:00,1.21589,1.2184300000000001,1.21424,1.2176,29461
1697461200,2023-10-16 13:00:00+00:00,1.21761,1.22047,1.21534,1.21996,32157
1697475600,2023-10-16 17:00:00+00:00,1.21997,1.22191,1.21984,1.22166,15647
1697490000,2023-10-16 21:00:00+00:00,1.22043,1.22161,1.2194,1.22089,6642
1697504400,2023-10-17 01:00:00+00:00,1.22088,1.22091,1.21929,1.21964,15180
1697518800,2023-10-17 05:00:00+00:00,1.2196500000000001,1.22006,1.21495,1.21547,27955
1697533200,2023-10-17 09:00:00+00:00,1.21546,1.21908,1.21327,1.21408,31913
1697547600,2023-10-17 13:00:00+00:00,1.21407,1.22116,1.21365,1.21915,36149
1697562000,2023-10-17 17:00:00+00:00,1.21913,1.2193,1.21707,1.21822,13301
1697576400,2023-10-17 21:00:00+00:00,1.21824,1.21868,1.21583,1.21622,8132
1697590800,2023-10-18 01:00:00+00:00,1.21622,1.21839,1.21588,1.21807,17784
1697605200,2023-10-18 05:00:00+00:00,1.21807,1.2211,1.21773,1.21991,30747
1697619600,2023-10-18 09:00:00+00:00,1.2199200000000001,1.22101,1.21713,1.21762,28084
1697634000,2023-10-18 13:00:00+00:00,1.21763,1.21864,1.21376,1.21525,28969
1697648400,2023-10-18 17:00:00+00:00,1.21525,1.21761,1.21368,1.21406,23457
1697662800,2023-10-18 21:00:00+00:00,1.21398,1.21458,1.21359,1.21411,7456
1697677200,2023-10-19 01:00:00+00:00,1.21412,1.21447,1.2123599999999999,1.21254,17044
1697691600,2023-10-19 05:00:00+00:00,1.21254,1.21447,1.21017,1.21066,24889
1697706000,2023-10-19 09:00:00+00:00,1.21065,1.21445,1.20899,1.21413,26724
1697720400,2023-10-19 13:00:00+00:00,1.21412,1.21915,1.21253,1.21738,56862
1697734800,2023-10-19 17:00:00+00:00,1.21739,1.21827,1.21378,1.21428,34170
1697749200,2023-10-19 21:00:00+00:00,1.21424,1.21454,1.21218,1.21252,8208
1697763600,2023-10-20 01:00:00+00:00,1.2125,1.21441,1.2117499999999999,1.21342,16178
1697778000,2023-10-20 05:00:00+00:00,1.21343,1.2138200000000001,1.2093,1.21235,31774
1697792400,2023-10-20 09:00:00+00:00,1.21234,1.21495,1.21136,1.21402,23497
1697806800,2023-10-20 13:00:00+00:00,1.21403,1.21609,1.2131,1.21538,29680
1697821200,2023-10-20 17:00:00+00:00,1.21539,1.217,1.21489,1.2163,17759
1698008400,2023-10-22 21:00:00+00:00,1.2154,1.2166,1.21499,1.2162,6326
1698022800,2023-10-23 01:00:00+00:00,1.21619,1.2162,1.21441,1.21493,12012
1698037200,2023-10-23 05:00:00+00:00,1.21492,1.21847,1.2145299999999999,1.21617,25354
1698051600,2023-10-23 09:00:00+00:00,1.21616,1.21832,1.21432,1.2164,24962
1698066000,2023-10-23 13:00:00+00:00,1.21641,1.22369,1.21501,1.22336,30175
1698080400,2023-10-23 17:00:00+00:00,1.22337,1.22583,1.22275,1.22481,18788
1698094800,2023-10-23 21:00:00+00:00,1.22458,1.22566,1.22267,1.2254800000000001,6628
1698109200,2023-10-24 01:00:00+00:00,1.22549,1.22736,1.22483,1.22649,18034
1698123600,2023-10-24 05:00:00+00:00,1.22648,1.22884,1.22432,1.22635,28224
1698138000,2023-10-24 09:00:00+00:00,1.2263,1.22634,1.21977,1.22033,24402
1698152400,2023-10-24 13:00:00+00:00,1.22032,1.22068,1.2153100000000001,1.21583,32567
1698166800,2023-10-24 17:00:00+00:00,1.21583,1.21674,1.21556,1.21589,14099
1698181200,2023-10-24 21:00:00+00:00,1.21546,1.21685,1.21519,1.21657,8763
1698195600,2023-10-25 01:00:00+00:00,1.21656,1.21751,1.21633,1.2175,13745
1698210000,2023-10-25 05:00:00+00:00,1.21749,1.2175799999999999,1.21333,1.2138,23747
1698224400,2023-10-25 09:00:00+00:00,1.2138,1.21385,1.21134,1.21304,21622
1698238800,2023-10-25 13:00:00+00:00,1.21305,1.21561,1.21219,1.2127,36167
1698253200,2023-10-25 17:00:00+00:00,1.2127,1.21298,1.21068,1.21112,20089
1698267600,2023-10-25 21:00:00+00:00,1.21112,1.21126,1.20876,1.20901,7297
1698282000,2023-10-26 01:00:00+00:00,1.20902,1.2099,1.2076500000000001,1.20796,16429
1698296400,2023-10-26 05:00:00+00:00,1.20795,1.20959,1.20694,1.20792,20586
1698310800,2023-10-26 09:00:00+00:00,1.20793,1.21241,1.20743,1.21241,26321
1698325200,2023-10-26 13:00:00+00:00,1.21242,1.21336,1.20979,1.21044,30901
1698339600,2023-10-26 17:00:00+00:00,1.2104300000000001,1.21394,1.21038,1.21277,19739
1698354000,2023-10-26 21:00:00+00:00,1.2128,1.21386,1.21186,1.21269,6836
1698368400,2023-10-27 01:00:00+00:00,1.21269,1.21386,1.2122,1.21373,13244
1698382800,2023-10-27 05:00:00+00:00,1.21373,1.21414,1.21117,1.2128,22409
1698397200,2023-10-27 09:00:00+00:00,1.21279,1.21473,1.21054,1.21309,24885
1698411600,2023-10-27 13:00:00+00:00,1.2131,1.21625,1.21239,1.21318,33899
1698426000,2023-10-27 17:00:00+00:00,1.21319,1.21319,1.21102,1.21166,19672
1698613200,2023-10-29 21:00:00+00:00,1.21225,1.21228,1.2106,1.21128,9658
1698627600,2023-10-30 01:00:00+00:00,1.21127,1.21211,1.2110400000000001,1.21137,10642
1698642000,2023-10-30 05:00:00+00:00,1.21137,1.21366,1.20899,1.21283,21670
1698656400,2023-10-30 09:00:00+00:00,1.21282,1.21484,1.21195,1.21373,22814
1698670800,2023-10-30 13:00:00+00:00,1.21376,1.21645,1.2119900000000001,1.21546,23164
1698685200,2023-10-30 17:00:00+00:00,1.21547,1.21744,1.21528,1.21622,9630
1698699600,2023-10-30 21:00:00+00:00,1.21621,1.21684,1.21486,1.21557,10284
1698714000,2023-10-31 01:00:00+00:00,1.21556,1.21568,1.21366,1.21479,19295
1698728400,2023-10-31 05:00:00+00:00,1.21479,1.21946,1.21416,1.21908,22492
1698742800,2023-10-31 09:00:00+00:00,1.2190699999999999,1.22004,1.21335,1.21375,30944
1698757200,2023-10-31 13:00:00+00:00,1.21373,1.21561,1.21195,1.21479,35191
1698771600,2023-10-31 17:00:00+00:00,1.21479,1.21551,1.21375,1.21469,10953
1698786000,2023-10-31 21:00:00+00:00,1.21468,1.2154099999999999,1.21337,1.21362,10337
1698800400,2023-11-01 01:00:00+00:00,1.21363,1.21482,1.21316,1.2135799999999999,14346
1698814800,2023-11-01 05:00:00+00:00,1.21357,1.21609,1.2132100000000001,1.21388,20785
1698829200,2023-11-01 09:00:00+00:00,1.21388,1.21447,1.20955,1.21078,32323
1698843600,2023-11-01 13:00:00+00:00,1.21078,1.21643,1.21074,1.2115,34414
1698858000,2023-11-01 17:00:00+00:00,1.21132,1.21564,1.20973,1.21478,41966
1698872400,2023-11-01 21:00:00+00:00,1.21469,1.21961,1.21466,1.21912,12744
1698886800,2023-11-02 01:00:00+00:00,1.21911,1.21943,1.21771,1.21822,11666
1698901200,2023-11-02 05:00:00+00:00,1.2182,1.21902,1.21551,1.21854,22432
1698915600,2023-11-02 09:00:00+00:00,1.21855,1.22254,1.218,1.21991,33915
1698930000,2023-11-02 13:00:00+00:00,1.21993,1.22018,1.21674,1.22014,31500
1698944400,2023-11-02 17:00:00+00:00,1.22011,1.22088,1.21929,1.22,9780
1698958800,2023-11-02 21:00:00+00:00,1.22014,1.22034,1.2184,1.21908,9463
1698973200,2023-11-03 01:00:00+00:00,1.2190699999999999,1.2208700000000001,1.21902,1.22083,13633
1698987600,2023-11-03 05:00:00+00:00,1.22084,1.22151,1.21857,1.22145,28171
1699002000,2023-11-03 09:00:00+00:00,1.22147,1.23401,1.22115,1.23315,52362
1699016400,2023-11-03 13:00:00+00:00,1.23335,1.23895,1.23112,1.23842,48131
1699030800,2023-11-03 17:00:00+00:00,1.23841,1.23866,1.23713,1.23788,6806
1699218000,2023-11-05 21:00:00+00:00,1.23661,1.23773,1.23606,1.23686,9648
1699232400,2023-11-06 01:00:00+00:00,1.23686,1.2381,1.23684,1.23783,13122
1699246800,2023-11-06 05:00:00+00:00,1.23781,1.24237,1.23763,1.23982,25679
1699261200,2023-11-06 09:00:00+00:00,1.23983,1.24282,1.23827,1.23851,15340
1699275600,2023-11-06 13:00:00+00:00,1.23851,1.2401,1.237,1.23709,16329
1699290000,2023-11-06 17:00:00+00:00,1.23711,1.2372,1.2337500000000001,1.23433,5616
1699304400,2023-11-06 21:00:00+00:00,1.2344,1.2348,1.23336,1.2338,3258
1699318800,2023-11-07 01:00:00+00:00,1.23379,1.23409,1.23264,1.23335,5344
1699333200,2023-11-07 05:00:00+00:00,1.23337,1.23367,1.23017,1.23037,13843
1699347600,2023-11-07 09:00:00+00:00,1.23035,1.23126,1.22752,1.23005,16623
1699362000,2023-11-07 13:00:00+00:00,1.23008,1.23118,1.22623,1.22713,20261
1699376400,2023-11-07 17:00:00+00:00,1.22714,1.23062,1.22686,1.2298499999999999,6752
1699390800,2023-11-07 21:00:00+00:00,1.22994,1.23025,1.22776,1.22845,3914
1699405200,2023-11-08 01:00:00+00:00,1.22847,1.22956,1.22739,1.22752,5351
1699419600,2023-11-08 05:00:00+00:00,1.2275,1.22785,1.22417,1.2248,15658
1699434000,2023-11-08 09:00:00+00:00,1.2248,1.22688,1.2242899999999999,1.22639,15128
1699448400,2023-11-08 13:00:00+00:00,1.22641,1.23011,1.22617,1.22922,21712
1699462800,2023-11-08 17:00:00+00:00,1.2292,1.23009,1.22808,1.22835,7240
1699477200,2023-11-08 21:00:00+00:00,1.22836,1.22917,1.2274,1.22873,4659
1699491600,2023-11-09 01:00:00+00:00,1.22872,1.22933,1.22776,1.22781,4875
1699506000,2023-11-09 05:00:00+00:00,1.22781,1.23085,1.22694,1.23,15534
1699520400,2023-11-09 09:00:00+00:00,1.23007,1.23048,1.2252,1.22717,17868
1699534800,2023-11-09 13:00:00+00:00,1.2272,1.2295099999999999,1.2264,1.22661,21866
1699549200,2023-11-09 17:00:00+00:00,1.22663,1.22682,1.22122,1.22214,19457
1699563600,2023-11-09 21:00:00+00:00,1.22196,1.22276,1.2211400000000001,1.2223600000000001,4130
1699578000,2023-11-10 01:00:00+00:00,1.22237,1.2229,1.22188,1.22261,3656
1699592400,2023-11-10 05:00:00+00:00,1.22259,1.22379,1.22064,1.22172,15686
1699606800,2023-11-10 09:00:00+00:00,1.22172,1.22301,1.22,1.2224,24284
1699621200,2023-11-10 13:00:00+00:00,1.22238,1.22247,1.21868,1.22168,45816
1699635600,2023-11-10 17:00:00+00:00,1.22166,1.2231,1.22121,1.22258,9779
1699822800,2023-11-12 21:00:00+00:00,1.22039,1.22352,1.21979,1.22349,7691
1699837200,2023-11-13 01:00:00+00:00,1.22349,1.22355,1.22229,1.22302,9553
1699851600,2023-11-13 05:00:00+00:00,1.223,1.22533,1.2227999999999999,1.22434,23012
1699866000,2023-11-13 09:00:00+00:00,1.22435,1.22556,1.2235,1.22465,21811
1699880400,2023-11-13 13:00:00+00:00,1.22467,1.22771,1.22293,1.2267299999999999,29278
1699894800,2023-11-13 17:00:00+00:00,1.22684,1.22798,1.22613,1.2276799999999999,9952
1699909200,2023-11-13 21:00:00+00:00,1.22616,1.22802,1.22473,1.22724,7197
1699923600,2023-11-14 01:00:00+00:00,1.2272,1.22757,1.22652,1.22687,7346
1699938000,2023-11-14 05:00:00+00:00,1.22689,1.23031,1.22679,1.23019,23553
1699952400,2023-11-14 09:00:00+00:00,1.2302,1.24073,1.2276,1.24017,35053
1699966800,2023-11-14 13:00:00+00:00,1.24016,1.24929,1.24005,1.24924,63880
1699981200,2023-11-14 17:00:00+00:00,1.24926,1.25054,1.24833,1.24985,12853
1699995600,2023-11-14 21:00:00+00:00,1.24988,1.24998,1.2478799999999999,1.2484,8840
1700010000,2023-11-15 01:00:00+00:00,1.24841,1.2497099999999999,1.24799,1.24887,8271
1700024400,2023-11-15 05:00:00+00:00,1.24889,1.25012,1.2453400000000001,1.24628,31561
1700038800,2023-11-15 09:00:00+00:00,1.24627,1.248,1.24254,1.24425,36162
1700053200,2023-11-15 13:00:00+00:00,1.24426,1.24541,1.24035,1.24228,46917
1700067600,2023-11-15 17:00:00+00:00,1.24227,1.24228,1.24062,1.2414399999999999,9829
1700082000,2023-11-15 21:00:00+00:00,1.2415,1.24237,1.24,1.24028,7365
1700096400,2023-11-16 01:00:00+00:00,1.24028,1.24035,1.23798,1.2395,7969
1700110800,2023-11-16 05:00:00+00:00,1.23949,1.24134,1.23762,1.24011,18451
1700125200,2023-11-16 09:00:00+00:00,1.24011,1.24414,1.23819,1.24411,19543
1700139600,2023-11-16 13:00:00+00:00,1.2441200000000001,1.24557,1.24109,1.24252,29602
1700154000,2023-11-16 17:00:00+00:00,1.24247,1.24307,1.2405599999999999,1.24128,5329
1700168400,2023-11-16 21:00:00+00:00,1.24114,1.24218,1.24011,1.24126,3808
1700182800,2023-11-17 01:00:00+00:00,1.24127,1.2416,1.24034,1.2414,4048
1700197200,2023-11-17 05:00:00+00:00,1.2414,1.24185,1.23739,1.24096,18113
1700211600,2023-11-17 09:00:00+00:00,1.24095,1.24401,1.24081,1.24211,20116
1700226000,2023-11-17 13:00:00+00:00,1.24211,1.24372,1.24048,1.24354,28031
1700240400,2023-11-17 17:00:00+00:00,1.24357,1.24642,1.2432699999999999,1.246,5674
1700427600,2023-11-19 21:00:00+00:00,1.24455,1.24689,1.24431,1.24678,5784
1700442000,2023-11-20 01:00:00+00:00,1.24677,1.24949,1.2466,1.24801,6889
1700456400,2023-11-20 05:00:00+00:00,1.24802,1.25106,1.24711,1.25101,18305
1700470800,2023-11-20 09:00:00+00:00,1.25101,1.25104,1.24611,1.2473,14908
1700485200,2023-11-20 13:00:00+00:00,1.24729,1.25175,1.2462,1.2500499999999999,18024
1700499600,2023-11-20 17:00:00+00:00,1.25003,1.25167,1.24976,1.25039,6599
1700514000,2023-11-20 21:00:00+00:00,1.2497,1.2524,1.2494,1.25168,5103
1700528400,2023-11-21 01:00:00+00:00,1.2515800000000001,1.25397,1.25121,1.2526,6640
1700542800,2023-11-21 05:00:00+00:00,1.25261,1.25408,1.252,1.25309,18251
1700557200,2023-11-21 09:00:00+00:00,1.25308,1.25592,1.25264,1.25392,17098
1700571600,2023-11-21 13:00:00+00:00,1.25393,1.2554,1.25264,1.25468,25758
1700586000,2023-11-21 17:00:00+00:00,1.25468,1.25469,1.25171,1.25373,7986
1700600400,2023-11-21 21:00:00+00:00,1.25292,1.2549000000000001,1.25225,1.2535,4456
1700614800,2023-11-22 01:00:00+00:00,1.25349,1.25435,1.25238,1.25254,4709
1700629200,2023-11-22 05:00:00+00:00,1.25253,1.25372,1.25068,1.2529,16971
1700643600,2023-11-22 09:00:00+00:00,1.25292,1.2548300000000001,1.2509000000000001,1.2515,21989
1700658000,2023-11-22 13:00:00+00:00,1.25155,1.25166,1.24488,1.24791,27086
1700672400,2023-11-22 17:00:00+00:00,1.24791,1.24965,1.24782,1.24928,3688
1700686800,2023-11-22 21:00:00+00:00,1.24899,1.24965,1.24829,1.24952,2385
1700701200,2023-11-23 01:00:00+00:00,1.24953,1.25126,1.24947,1.25114,2908
1700715600,2023-11-23 05:00:00+00:00,1.25115,1.25743,1.25013,1.2558500000000001,9656
1700730000,2023-11-23 09:00:00+00:00,1.2558099999999999,1.25627,1.2533,1.25372,6960
1700744400,2023-11-23 13:00:00+00:00,1.25369,1.2543199999999999,1.25253,1.25313,5826
1700758800,2023-11-23 17:00:00+00:00,1.2530999999999999,1.25374,1.25299,1.2533,1485
1700773200,2023-11-23 21:00:00+00:00,1.25282,1.25443,1.25223,1.25322,2486
1700787600,2023-11-24 01:00:00+00:00,1.25321,1.25461,1.2524,1.2545600000000001,2829
1700802000,2023-11-24 05:00:00+00:00,1.2545600000000001,1.25659,1.25264,1.25492,7054
1700816400,2023-11-24 09:00:00+00:00,1.25488,1.2579500000000001,1.25461,1.2577,7574
1700830800,2023-11-24 13:00:00+00:00,1.2577099999999999,1.26153,1.25754,1.26077,9070
1700845200,2023-11-24 17:00:00+00:00,1.2607599999999999,1.26108,1.25952,1.25956,3097
1701032400,2023-11-26 21:00:00+00:00,1.2597800000000001,1.26096,1.2591,1.2603,3293
1701046800,2023-11-27 01:00:00+00:00,1.26031,1.26125,1.25905,1.26109,3432
1701061200,2023-11-27 05:00:00+00:00,1.26105,1.2627,1.2604,1.26084,7542
1701075600,2023-11-27 09:00:00+00:00,1.26086,1.2644,1.2602,1.26253,9041
1701090000,2023-11-27 13:00:00+00:00,1.2625199999999999,1.26284,1.26006,1.26035,11440
1701104400,2023-11-27 17:00:00+00:00,1.26036,1.26331,1.26013,1.26264,3575
1701118800,2023-11-27 21:00:00+00:00,1.2627,1.26414,1.26177,1.26341,3248
1701133200,2023-11-28 01:00:00+00:00,1.26341,1.2640799999999999,1.2622,1.2625600000000001,3623
1701147600,2023-11-28 05:00:00+00:00,1.26257,1.26331,1.26068,1.26285,8144
1701162000,2023-11-28 09:00:00+00:00,1.26287,1.26482,1.26081,1.26425,9099
1701176400,2023-11-28 13:00:00+00:00,1.26423,1.27148,1.26358,1.26921,16886
1701190800,2023-11-28 17:00:00+00:00,1.26921,1.27009,1.26725,1.26931,5706
1701205200,2023-11-28 21:00:00+00:00,1.26898,1.27326,1.26889,1.27182,4592
1701219600,2023-11-29 01:00:00+00:00,1.27183,1.27219,1.2705600000000001,1.27134,4447
1701234000,2023-11-29 05:00:00+00:00,1.27132,1.27216,1.26739,1.2680500000000001,10069
1701248400,2023-11-29 09:00:00+00:00,1.26804,1.2708599999999999,1.26741,1.2686,10777
1701262800,2023-11-29 13:00:00+00:00,1.26858,1.27109,1.26647,1.26974,13694
1701277200,2023-11-29 17:00:00+00:00,1.26973,1.2727,1.26901,1.26926,4746
1701291600,2023-11-29 21:00:00+00:00,1.26909,1.27043,1.2684,1.26923,3988
1701306000,2023-11-30 01:00:00+00:00,1.26923,1.27051,1.2690000000000001,1.26987,3532
1701320400,2023-11-30 05:00:00+00:00,1.26987,1.27106,1.26481,1.26487,9333
1701334800,2023-11-30 09:00:00+00:00,1.26486,1.26783,1.26224,1.2624900000000001,11850
1701349200,2023-11-30 13:00:00+00:00,1.2624900000000001,1.26636,1.2603,1.26197,18078
1701363600,2023-11-30 17:00:00+00:00,1.26196,1.2637,1.2612,1.26224,6538
1701378000,2023-11-30 21:00:00+00:00,1.2621,1.26553,1.26119,1.26528,4080
1701392400,2023-12-01 01:00:00+00:00,1.2652700000000001,1.26562,1.26327,1.26443,5915
1701406800,2023-12-01 05:00:00+00:00,1.26443,1.26749,1.2629000000000001,1.26679,8066
1701421200,2023-12-01 09:00:00+00:00,1.2668,1.26684,1.26275,1.26296,7392
1701435600,2023-12-01 13:00:00+00:00,1.26294,1.26962,1.26139,1.26948,16520
1701450000,2023-12-01 17:00:00+00:00,1.26947,1.27159,1.26921,1.27096,7430
1701637200,2023-12-03 21:00:00+00:00,1.26897,1.27243,1.26668,1.26764,8813
1701651600,2023-12-04 01:00:00+00:00,1.26762,1.26863,1.26714,1.2677399999999999,6477
1701666000,2023-12-04 05:00:00+00:00,1.2677,1.26854,1.2656399999999999,1.2674,9645
1701680400,2023-12-04 09:00:00+00:00,1.2674400000000001,1.2687599999999999,1.2652999999999999,1.26569,8401
1701694800,2023-12-04 13:00:00+00:00,1.2657,1.26574,1.26038,1.26224,13281
1701709200,2023-12-04 17:00:00+00:00,1.26223,1.26341,1.26052,1.2631999999999999,5015
1701723600,2023-12-04 21:00:00+00:00,1.26321,1.26441,1.26206,1.2636,4780
1701738000,2023-12-05 01:00:00+00:00,1.2636,1.2641,1.26273,1.26391,4927
1701752400,2023-12-05 05:00:00+00:00,1.2639,1.26396,1.26063,1.2631299999999999,10149
1701766800,2023-12-05 09:00:00+00:00,1.26312,1.26456,1.26167,1.26363,9272
1701781200,2023-12-05 13:00:00+00:00,1.26363,1.26515,1.2582499999999999,1.25952,15918
1701795600,2023-12-05 17:00:00+00:00,1.2595399999999999,1.25964,1.25772,1.25928,5525
1701810000,2023-12-05 21:00:00+00:00,1.25918,1.26083,1.25854,1.26025,4564
1701824400,2023-12-06 01:00:00+00:00,1.26025,1.26136,1.25999,1.2610700000000001,4539
1701838800,2023-12-06 05:00:00+00:00,1.26106,1.26117,1.25913,1.26,7357
1701853200,2023-12-06 09:00:00+00:00,1.26001,1.26096,1.2582,1.2598799999999999,9426
1701867600,2023-12-06 13:00:00+00:00,1.25989,1.26047,1.2576399999999999,1.25808,10848
1701882000,2023-12-06 17:00:00+00:00,1.25804,1.25834,1.25515,1.2558,4690
1701896400,2023-12-06 21:00:00+00:00,1.25592,1.25643,1.25462,1.25592,3319
1701910800,2023-12-07 01:00:00+00:00,1.25594,1.2561499999999999,1.25445,1.25502,4891
1701925200,2023-12-07 05:00:00+00:00,1.25501,1.25892,1.2546599999999999,1.25849,9468
1701939600,2023-12-07 09:00:00+00:00,1.25861,1.25937,1.25509,1.25835,10454
1701954000,2023-12-07 13:00:00+00:00,1.2583199999999999,1.26117,1.25454,1.26029,14129
1701968400,2023-12-07 17:00:00+00:00,1.26028,1.26028,1.25827,1.25918,6246
1701982800,2023-12-07 21:00:00+00:00,1.25889,1.2601200000000001,1.25691,1.25903,5533
1701997200,2023-12-08 01:00:00+00:00,1.25905,1.2597800000000001,1.25862,1.25877,6205
1702011600,2023-12-08 05:00:00+00:00,1.25874,1.25897,1.25546,1.25573,9719
1702026000,2023-12-08 09:00:00+00:00,1.2557,1.25867,1.25112,1.2545600000000001,11295
1702040400,2023-12-08 13:00:00+00:00,1.2545600000000001,1.25625,1.2502499999999999,1.25453,15126
1702054800,2023-12-08 17:00:00+00:00,1.25455,1.25556,1.25418,1.25461,5209
1702242000,2023-12-10 21:00:00+00:00,1.25436,1.2558500000000001,1.25235,1.2545600000000001,6076
1702256400,2023-12-11 01:00:00+00:00,1.25453,1.25467,1.25348,1.25419,3323
1702270800,2023-12-11 05:00:00+00:00,1.25418,1.25606,1.2535,1.25537,7336
1702285200,2023-12-11 09:00:00+00:00,1.25539,1.25909,1.25537,1.25807,6759
1702299600,2023-12-11 13:00:00+00:00,1.2581,1.25818,1.25401,1.25403,9075
1702314000,2023-12-11 17:00:00+00:00,1.2540200000000001,1.25675,1.2538,1.25546,4356
1702328400,2023-12-11 21:00:00+00:00,1.2554,1.25692,1.25482,1.2565,3278
1702342800,2023-12-12 01:00:00+00:00,1.2565,1.2584,1.2563,1.25758,4713
1702357200,2023-12-12 05:00:00+00:00,1.2576399999999999,1.25843,1.25427,1.25653,7060
1702371600,2023-12-12 09:00:00+00:00,1.25653,1.2616100000000001,1.25399,1.25434,8974
1702386000,2023-12-12 13:00:00+00:00,1.25431,1.25715,1.25142,1.25452,12283
1702400400,2023-12-12 17:00:00+00:00,1.25447,1.25718,1.25428,1.25622,6190
1702414800,2023-12-12 21:00:00+00:00,1.25621,1.25706,1.25369,1.2559,3250
1702429200,2023-12-13 01:00:00+00:00,1.25589,1.25604,1.25481,1.25572,3436
1702443600,2023-12-13 05:00:00+00:00,1.25572,1.25584,1.25172,1.25264,7037
1702458000,2023-12-13 09:00:00+00:00,1.2526,1.25489,1.25095,1.25399,7565
1702472400,2023-12-13 13:00:00+00:00,1.2539500000000001,1.25473,1.25053,1.25079,9364
1702486800,2023-12-13 17:00:00+00:00,1.25073,1.26345,1.25001,1.26176,16513
1702501200,2023-12-13 21:00:00+00:00,1.26175,1.2641499999999999,1.26101,1.26402,7421
1702515600,2023-12-14 01:00:00+00:00,1.26404,1.26524,1.26292,1.26357,7741
1702530000,2023-12-14 05:00:00+00:00,1.26356,1.26709,1.2612,1.26674,12815
1702544400,2023-12-14 09:00:00+00:00,1.26672,1.27328,1.26521,1.27271,14607
1702558800,2023-12-14 13:00:00+00:00,1.2727,1.2793999999999999,1.27029,1.27843,17633
1702573200,2023-12-14 17:00:00+00:00,1.2784200000000001,1.2784200000000001,1.2748,1.27644,7498
1702587600,2023-12-14 21:00:00+00:00,1.27649,1.27709,1.27472,1.2754699999999999,5262
1702602000,2023-12-15 01:00:00+00:00,1.27548,1.27736,1.27548,1.2759,4517
1702616400,2023-12-15 05:00:00+00:00,1.2759,1.27759,1.27402,1.27747,10374
1702630800,2023-12-15 09:00:00+00:00,1.27748,1.27905,1.2699,1.27109,49796
1702645200,2023-12-15 13:00:00+00:00,1.27109,1.2730000000000001,1.26851,1.27053,72168
1702659600,2023-12-15 17:00:00+00:00,1.2705199999999999,1.27054,1.26684,1.26773,31404
1702846800,2023-12-17 21:00:00+00:00,1.2675,1.2683900000000001,1.26592,1.26813,16544
1702861200,2023-12-18 01:00:00+00:00,1.26814,1.2699799999999999,1.2681,1.2693400000000001,17229
1702875600,2023-12-18 05:00:00+00:00,1.2693400000000001,1.2704,1.26653,1.26667,35621
1702890000,2023-12-18 09:00:00+00:00,1.26668,1.26786,1.2647300000000001,1.26671,39415
1702904400,2023-12-18 13:00:00+00:00,1.26673,1.26704,1.26284,1.26528,48755
1702918800,2023-12-18 17:00:00+00:00,1.26528,1.26532,1.26332,1.26472,20808
1702933200,2023-12-18 21:00:00+00:00,1.2643499999999999,1.2663,1.26197,1.26528,12520
1702947600,2023-12-19 01:00:00+00:00,1.26528,1.26647,1.26498,1.26581,20768
1702962000,2023-12-19 05:00:00+00:00,1.26581,1.27017,1.26509,1.26992,45359
1702976400,2023-12-19 09:00:00+00:00,1.26992,1.27466,1.26932,1.27431,47353
1702990800,2023-12-19 13:00:00+00:00,1.27431,1.2762,1.27255,1.27355,59300
1703005200,2023-12-19 17:00:00+00:00,1.27355,1.2738800000000001,1.27159,1.27297,21642
1703019600,2023-12-19 21:00:00+00:00,1.27245,1.27329,1.27157,1.2719,15011
1703034000,2023-12-20 01:00:00+00:00,1.27191,1.27257,1.27169,1.27218,12389
1703048400,2023-12-20 05:00:00+00:00,1.27218,1.2722,1.26474,1.26786,51670
1703062800,2023-12-20 09:00:00+00:00,1.26787,1.26795,1.26296,1.26611,43315
1703077200,2023-12-20 13:00:00+00:00,1.26611,1.26821,1.26525,1.26701,53707
1703091600,2023-12-20 17:00:00+00:00,1.26701,1.26739,1.26241,1.26376,33324
1703106000,2023-12-20 21:00:00+00:00,1.26302,1.2650299999999999,1.26207,1.26422,15690
1703120400,2023-12-21 01:00:00+00:00,1.26422,1.26511,1.26303,1.26494,15510
1703134800,2023-12-21 05:00:00+00:00,1.26495,1.26497,1.26123,1.2631299999999999,33056
1703149200,2023-12-21 09:00:00+00:00,1.2631299999999999,1.2695699999999999,1.26216,1.26811,48596
1703163600,2023-12-21 13:00:00+00:00,1.26811,1.26906,1.26429,1.26642,76000
1703178000,2023-12-21 17:00:00+00:00,1.26642,1.26925,1.2658800000000001,1.26882,28853
1703192400,2023-12-21 21:00:00+00:00,1.26845,1.26923,1.2667,1.2681,15573
1703206800,2023-12-22 01:00:00+00:00,1.2681,1.26914,1.26798,1.26856,17705
1703221200,2023-12-22 05:00:00+00:00,1.26856,1.27155,1.268,1.2686600000000001,37987
1703235600,2023-12-22 09:00:00+00:00,1.26865,1.27438,1.26861,1.27352,51020
1703250000,2023-12-22 13:00:00+00:00,1.27351,1.27444,1.26978,1.2709,60807
1703264400,2023-12-22 17:00:00+00:00,1.2709,1.27102,1.26899,1.26955,24075
1703451600,2023-12-24 21:00:00+00:00,1.26882,1.27055,1.26813,1.2702,96
1703538000,2023-12-25 21:00:00+00:00,1.26811,1.27122,1.2680799999999999,1.2706,10032
1703552400,2023-12-26 01:00:00+00:00,1.2706,1.27131,1.27021,1.27058,10488
1703566800,2023-12-26 05:00:00+00:00,1.27058,1.27081,1.26864,1.2691,14456
1703581200,2023-12-26 09:00:00+00:00,1.2691,1.27123,1.2684199999999999,1.27043,25338
1703595600,2023-12-26 13:00:00+00:00,1.27042,1.27204,1.27011,1.27068,27501
1703610000,2023-12-26 17:00:00+00:00,1.27068,1.27304,1.2705199999999999,1.27234,15502
1703624400,2023-12-26 21:00:00+00:00,1.27131,1.2730000000000001,1.2711999999999999,1.2725,10114
1703638800,2023-12-27 01:00:00+00:00,1.2725,1.2732700000000001,1.27198,1.2732299999999999,9832
1703653200,2023-12-27 05:00:00+00:00,1.27322,1.2735400000000001,1.26985,1.27203,27795
1703667600,2023-12-27 09:00:00+00:00,1.27203,1.27597,1.27103,1.27548,31499
1703682000,2023-12-27 13:00:00+00:00,1.27548,1.28029,1.27438,1.27897,48489
1703696400,2023-12-27 17:00:00+00:00,1.27897,1.28018,1.27833,1.27977,21947
1703710800,2023-12-27 21:00:00+00:00,1.27915,1.2814,1.27846,1.28128,11221
1703725200,2023-12-28 01:00:00+00:00,1.28128,1.28164,1.28013,1.28088,11959
1703739600,2023-12-28 05:00:00+00:00,1.28088,1.28278,1.2790599999999999,1.27942,33590
1703754000,2023-12-28 09:00:00+00:00,1.2794400000000001,1.28057,1.27383,1.2742,38849
1703768400,2023-12-28 13:00:00+00:00,1.2742,1.27753,1.27284,1.2739,49987
1703782800,2023-12-28 17:00:00+00:00,1.2739,1.274,1.27124,1.27315,23159
1703797200,2023-12-28 21:00:00+00:00,1.2729300000000001,1.27471,1.27155,1.27367,15847
1703811600,2023-12-29 01:00:00+00:00,1.27367,1.27638,1.27322,1.27627,13709
1703826000,2023-12-29 05:00:00+00:00,1.27627,1.2772700000000001,1.27004,1.27057,32058
1703840400,2023-12-29 09:00:00+00:00,1.2705600000000001,1.27499,1.2704,1.2721,42727
1703854800,2023-12-29 13:00:00+00:00,1.2721,1.27668,1.27007,1.27625,70676
1703869200,2023-12-29 17:00:00+00:00,1.27624,1.27626,1.27273,1.27301,29998
1704142800,2024-01-01 21:00:00+00:00,1.2721,1.27351,1.27167,1.27206,12871
1704157200,2024-01-02 01:00:00+00:00,1.27206,1.27411,1.27097,1.27369,13901
1704171600,2024-01-02 05:00:00+00:00,1.27369,1.2760099999999999,1.2717,1.27175,41003
1704186000,2024-01-02 09:00:00+00:00,1.27173,1.27188,1.26212,1.26295,56849
1704200400,2024-01-02 13:00:00+00:00,1.26296,1.26448,1.2610700000000001,1.2633,72034
1704214800,2024-01-02 17:00:00+00:00,1.26329,1.2635,1.26149,1.2616,22851
1704229200,2024-01-02 21:00:00+00:00,1.26149,1.26335,1.26096,1.26288,12806
1704243600,2024-01-03 01:00:00+00:00,1.26288,1.26416,1.26262,1.26304,13582
1704258000,2024-01-03 05:00:00+00:00,1.26304,1.2652700000000001,1.26242,1.26278,36274
1704272400,2024-01-03 09:00:00+00:00,1.26278,1.26432,1.26183,1.26298,42441
1704286800,2024-01-03 13:00:00+00:00,1.26298,1.26567,1.26154,1.26447,78919
1704301200,2024-01-03 17:00:00+00:00,1.26447,1.26767,1.26305,1.26642,53680
1704315600,2024-01-03 21:00:00+00:00,1.26639,1.26736,1.26517,1.26621,13441
1704330000,2024-01-04 01:00:00+00:00,1.26621,1.26762,1.26567,1.26653,17250
1704344400,2024-01-04 05:00:00+00:00,1.26653,1.27248,1.26648,1.27204,47088
1704358800,2024-01-04 09:00:00+00:00,1.27203,1.2730000000000001,1.26704,1.26736,48389
1704373200,2024-01-04 13:00:00+00:00,1.26734,1.27107,1.26646,1.26833,59351
1704387600,2024-01-04 17:00:00+00:00,1.2683200000000001,1.2686600000000001,1.26739,1.26814,20357
1704402000,2024-01-04 21:00:00+00:00,1.26758,1.26953,1.26722,1.26933,12644
1704416400,2024-01-05 01:00:00+00:00,1.26933,1.26963,1.26735,1.2674,13637
1704430800,2024-01-05 05:00:00+00:00,1.2674,1.2689300000000001,1.2657,1.266,35324
1704445200,2024-01-05 09:00:00+00:00,1.266,1.2671299999999999,1.26112,1.26579,55819
1704459600,2024-01-05 13:00:00+00:00,1.2658,1.27711,1.2655,1.27233,109818
1704474000,2024-01-05 17:00:00+00:00,1.2723200000000001,1.2739500000000001,1.27102,1.27176,29732
1704661200,2024-01-07 21:00:00+00:00,1.27101,1.27299,1.2705199999999999,1.2720799999999999,11142
1704675600,2024-01-08 01:00:00+00:00,1.2720799999999999,1.2720799999999999,1.26977,1.27035,12803
1704690000,2024-01-08 05:00:00+00:00,1.27036,1.2720099999999999,1.26734,1.26946,33587
1704704400,2024-01-08 09:00:00+00:00,1.26947,1.27211,1.26931,1.27119,36699
1704718800,2024-01-08 13:00:00+00:00,1.27119,1.2767,1.2709,1.2754699999999999,50037
1704733200,2024-01-08 17:00:00+00:00,1.2754699999999999,1.27606,1.27399,1.27474,20196
1704747600,2024-01-08 21:00:00+00:00,1.27467,1.27607,1.27386,1.2760099999999999,16488
1704762000,2024-01-09 01:00:00+00:00,1.2760099999999999,1.27649,1.27373,1.27434,15245
1704776400,2024-01-09 05:00:00+00:00,1.27434,1.2751000000000001,1.27241,1.27344,30111
1704790800,2024-01-09 09:00:00+00:00,1.27345,1.27383,1.27071,1.27254,38730
1704805200,2024-01-09 13:00:00+00:00,1.27255,1.27318,1.26892,1.27105,50336
1704819600,2024-01-09 17:00:00+00:00,1.27105,1.27177,1.26918,1.27065,24020
1704834000,2024-01-09 21:00:00+00:00,1.2705899999999999,1.2718099999999999,1.26956,1.27106,14020
1704848400,2024-01-10 01:00:00+00:00,1.27106,1.27127,1.2697,1.27014,13270
1704862800,2024-01-10 05:00:00+00:00,1.27014,1.27289,1.2686,1.27255,33173
1704877200,2024-01-10 09:00:00+00:00,1.27255,1.27366,1.2717800000000001,1.27241,33564
1704891600,2024-01-10 13:00:00+00:00,1.2724199999999999,1.27412,1.27132,1.27336,43732
1704906000,2024-01-10 17:00:00+00:00,1.27335,1.27441,1.27273,1.27413,23043
1704920400,2024-01-10 21:00:00+00:00,1.2741500000000001,1.27614,1.2717800000000001,1.2760099999999999,12308
1704934800,2024-01-11 01:00:00+00:00,1.27602,1.2771,1.27576,1.27633,15266
1704949200,2024-01-11 05:00:00+00:00,1.27633,1.27744,1.27383,1.27396,29256
1704963600,2024-01-11 09:00:00+00:00,1.27396,1.2783,1.27026,1.2711299999999999,61131
1704978000,2024-01-11 13:00:00+00:00,1.27114,1.27538,1.2690000000000001,1.27203,119578
1704992400,2024-01-11 17:00:00+00:00,1.27203,1.2765900000000001,1.2719,1.2753,47457
1705006800,2024-01-11 21:00:00+00:00,1.2743,1.27814,1.2733400000000001,1.27803,21529
1705021200,2024-01-12 01:00:00+00:00,1.27803,1.2785,1.2768,1.27725,20194
1705035600,2024-01-12 05:00:00+00:00,1.27725,1.27795,1.27495,1.27523,36439
1705050000,2024-01-12 09:00:00+00:00,1.27522,1.27687,1.27193,1.27551,53672
1705064400,2024-01-12 13:00:00+00:00,1.27551,1.27858,1.27322,1.27393,70818
1705078800,2024-01-12 17:00:00+00:00,1.27394,1.27564,1.27351,1.27516,24279
1705266000,2024-01-14 21:00:00+00:00,1.2732700000000001,1.27503,1.27261,1.2741799999999999,17741
1705280400,2024-01-15 01:00:00+00:00,1.27417,1.27653,1.27417,1.27525,15821
1705294800,2024-01-15 05:00:00+00:00,1.27525,1.27602,1.27185,1.27261,30389
1705309200,2024-01-15 09:00:00+00:00,1.27261,1.2739500000000001,1.27128,1.27276,36504
1705323600,2024-01-15 13:00:00+00:00,1.27276,1.27385,1.27129,1.27292,29699
1705338000,2024-01-15 17:00:00+00:00,1.27291,1.27318,1.27253,1.27268,3817
1705352400,2024-01-15 21:00:00+00:00,1.27264,1.27286,1.26788,1.26947,21042
1705366800,2024-01-16 01:00:00+00:00,1.26947,1.26949,1.26762,1.26804,18528
1705381200,2024-01-16 05:00:00+00:00,1.26804,1.26867,1.2635,1.2640799999999999,50041
1705395600,2024-01-16 09:00:00+00:00,1.2641,1.26724,1.26201,1.26424,57107
1705410000,2024-01-16 13:00:00+00:00,1.26423,1.2679,1.26244,1.26248,95527
1705424400,2024-01-16 17:00:00+00:00,1.26248,1.26403,1.26192,1.26358,24001
1705438800,2024-01-16 21:00:00+00:00,1.2635,1.26431,1.26214,1.26355,15703
1705453200,2024-01-17 01:00:00+00:00,1.26355,1.26438,1.26057,1.26098,20790
1705467600,2024-01-17 05:00:00+00:00,1.26098,1.2683499999999999,1.25964,1.26803,62788
1705482000,2024-01-17 09:00:00+00:00,1.26803,1.26965,1.26414,1.26507,52282
1705496400,2024-01-17 13:00:00+00:00,1.26507,1.26824,1.26382,1.26783,67547
1705510800,2024-01-17 17:00:00+00:00,1.26784,1.26867,1.26623,1.26759,27298
1705525200,2024-01-17 21:00:00+00:00,1.26755,1.26916,1.26602,1.2689,22371
1705539600,2024-01-18 01:00:00+00:00,1.26889,1.26956,1.2677399999999999,1.2686899999999999,20538
1705554000,2024-01-18 05:00:00+00:00,1.2686899999999999,1.27041,1.26735,1.26742,44649
1705568400,2024-01-18 09:00:00+00:00,1.26742,1.26959,1.2650299999999999,1.26525,54849
1705582800,2024-01-18 13:00:00+00:00,1.26525,1.26921,1.2648,1.2681,77384
1705597200,2024-01-18 17:00:00+00:00,1.2681,1.27077,1.26768,1.27051,28559
1705611600,2024-01-18 21:00:00+00:00,1.2705600000000001,1.27121,1.26959,1.27071,15218
1705626000,2024-01-19 01:00:00+00:00,1.2707,1.2714699999999999,1.26959,1.2698800000000001,18117
1705640400,2024-01-19 05:00:00+00:00,1.2698800000000001,1.2701,1.26655,1.26838,50108
1705654800,2024-01-19 09:00:00+00:00,1.26838,1.26911,1.26699,1.26745,43341
1705669200,2024-01-19 13:00:00+00:00,1.26745,1.26884,1.26611,1.26879,63714
1705683600,2024-01-19 17:00:00+00:00,1.26878,1.27046,1.2682,1.27032,22465
1705870800,2024-01-21 21:00:00+00:00,1.26807,1.2713,1.26776,1.27087,22479
1705885200,2024-01-22 01:00:00+00:00,1.27087,1.27191,1.27068,1.27188,18793
1705899600,2024-01-22 05:00:00+00:00,1.27187,1.27245,1.26867,1.27047,38385
1705914000,2024-01-22 09:00:00+00:00,1.27047,1.27319,1.26981,1.27267,40068
1705928400,2024-01-22 13:00:00+00:00,1.27268,1.2732999999999999,1.27087,1.27213,48625
1705942800,2024-01-22 17:00:00+00:00,1.27213,1.27218,1.26978,1.27082,23347
1705957200,2024-01-22 21:00:00+00:00,1.2703,1.27213,1.26949,1.27204,13507
1705971600,2024-01-23 01:00:00+00:00,1.27204,1.27386,1.27151,1.2737,27630
1705986000,2024-01-23 05:00:00+00:00,1.27371,1.27475,1.27203,1.27285,45044
1706000400,2024-01-23 09:00:00+00:00,1.27285,1.27286,1.26997,1.27082,46820
1706014800,2024-01-23 13:00:00+00:00,1.27082,1.2708300000000001,1.26488,1.26577,54606
1706029200,2024-01-23 17:00:00+00:00,1.26577,1.26912,1.26566,1.26858,20839
1706043600,2024-01-23 21:00:00+00:00,1.26862,1.26984,1.2663,1.26923,32412
1706058000,2024-01-24 01:00:00+00:00,1.26923,1.27044,1.26854,1.27021,15406
1706072400,2024-01-24 05:00:00+00:00,1.27021,1.27736,1.26996,1.27648,49769
1706086800,2024-01-24 09:00:00+00:00,1.27649,1.27712,1.2728,1.27665,47944
1706101200,2024-01-24 13:00:00+00:00,1.27665,1.2775,1.27337,1.2747899999999999,70604
1706115600,2024-01-24 17:00:00+00:00,1.2747899999999999,1.27504,1.27135,1.27246,33536
1706130000,2024-01-24 21:00:00+00:00,1.27233,1.27265,1.27033,1.27116,20543
1706144400,2024-01-25 01:00:00+00:00,1.2711299999999999,1.2717,1.2707,1.27102,18035
1706158800,2024-01-25 05:00:00+00:00,1.27102,1.27371,1.27084,1.27263,34182
1706173200,2024-01-25 09:00:00+00:00,1.27263,1.27428,1.26979,1.27363,57666
1706187600,2024-01-25 13:00:00+00:00,1.27363,1.27363,1.2681499999999999,1.2690299999999999,79901
1706202000,2024-01-25 17:00:00+00:00,1.26904,1.27109,1.26862,1.27073,29613
1706216400,2024-01-25 21:00:00+00:00,1.2707,1.27119,1.26938,1.27084,11548
1706230800,2024-01-26 01:00:00+00:00,1.2708300000000001,1.27159,1.2701799999999999,1.27057,11932
1706245200,2024-01-26 05:00:00+00:00,1.27057,1.2722,1.26754,1.27142,36661
1706259600,2024-01-26 09:00:00+00:00,1.27142,1.27585,1.27142,1.27487,49791
1706274000,2024-01-26 13:00:00+00:00,1.27487,1.27548,1.27062,1.27132,56061
1706288400,2024-01-26 17:00:00+00:00,1.27131,1.27151,1.26986,1.2699,19047
1706475600,2024-01-28 21:00:00+00:00,1.26851,1.2705899999999999,1.26851,1.27004,17328
1706490000,2024-01-29 01:00:00+00:00,1.27,1.2708,1.26948,1.27019,14724
1706504400,2024-01-29 05:00:00+00:00,1.2701799999999999,1.2719,1.26983,1.27034,33931
1706518800,2024-01-29 09:00:00+00:00,1.27034,1.2713,1.26829,1.2693699999999999,35706
1706533200,2024-01-29 13:00:00+00:00,1.2693699999999999,1.26962,1.26619,1.26834,42695
1706547600,2024-01-29 17:00:00+00:00,1.26833,1.27177,1.26768,1.27074,23557
1706562000,2024-01-29 21:00:00+00:00,1.27065,1.27211,1.2699500000000001,1.27104,18113
1706576400,2024-01-30 01:00:00+00:00,1.27104,1.27134,1.27035,1.2705600000000001,13594
1706590800,2024-01-30 05:00:00+00:00,1.2705600000000001,1.27087,1.2671299999999999,1.26811,36723
1706605200,2024-01-30 09:00:00+00:00,1.2681,1.2683900000000001,1.26624,1.26752,33858
1706619600,2024-01-30 13:00:00+00:00,1.26752,1.26891,1.264,1.26807,62547
1706634000,2024-01-30 17:00:00+00:00,1.26807,1.27001,1.26734,1.26982,18844
1706648400,2024-01-30 21:00:00+00:00,1.26981,1.27009,1.26741,1.26849,15658
1706662800,2024-01-31 01:00:00+00:00,1.26849,1.26849,1.26723,1.2677399999999999,16409
1706677200,2024-01-31 05:00:00+00:00,1.2677399999999999,1.26975,1.26667,1.26699,37245
1706691600,2024-01-31 09:00:00+00:00,1.267,1.27127,1.26669,1.27054,49054
1706706000,2024-01-31 13:00:00+00:00,1.27054,1.27509,1.27003,1.27183,82281
1706720400,2024-01-31 17:00:00+00:00,1.2718,1.27392,1.26579,1.2686899999999999,103277
1706734800,2024-01-31 21:00:00+00:00,1.26789,1.2689599999999999,1.26559,1.26792,17820
1706749200,2024-02-01 01:00:00+00:00,1.26792,1.2698,1.26673,1.26673,16188
1706763600,2024-02-01 05:00:00+00:00,1.26674,1.26742,1.26418,1.26554,40021
1706778000,2024-02-01 09:00:00+00:00,1.26554,1.26858,1.2625,1.26587,62322
1706792400,2024-02-01 13:00:00+00:00,1.26589,1.27399,1.2640799999999999,1.27363,82371
1706806800,2024-02-01 17:00:00+00:00,1.27363,1.27556,1.27279,1.27429,30147
1706821200,2024-02-01 21:00:00+00:00,1.27408,1.2754699999999999,1.27331,1.27455,12293
1706835600,2024-02-02 01:00:00+00:00,1.27455,1.2754400000000001,1.27429,1.27491,12582
1706850000,2024-02-02 05:00:00+00:00,1.27492,1.27675,1.27421,1.27577,31556
1706864400,2024-02-02 09:00:00+00:00,1.27577,1.27726,1.2668300000000001,1.26716,48450
1706878800,2024-02-02 13:00:00+00:00,1.26716,1.26738,1.26138,1.26185,77466
1706893200,2024-02-02 17:00:00+00:00,1.26184,1.26437,1.26156,1.26302,28017
1707080400,2024-02-04 21:00:00+00:00,1.2647599999999999,1.2647599999999999,1.25984,1.26113,28864
1707094800,2024-02-05 01:00:00+00:00,1.26112,1.26138,1.25989,1.26111,22550
1707109200,2024-02-05 05:00:00+00:00,1.26111,1.26296,1.26004,1.26013,36374
1707123600,2024-02-05 09:00:00+00:00,1.2601499999999999,1.26037,1.25496,1.2552699999999999,41814
1707138000,2024-02-05 13:00:00+00:00,1.25526,1.25622,1.2518099999999999,1.25358,52582
1707152400,2024-02-05 17:00:00+00:00,1.25358,1.25444,1.2526,1.2536,26270
1707166800,2024-02-05 21:00:00+00:00,1.25322,1.2548,1.2524899999999999,1.25465,10248
1707181200,2024-02-06 01:00:00+00:00,1.25465,1.25567,1.25392,1.25521,20218
1707195600,2024-02-06 05:00:00+00:00,1.25521,1.25654,1.25401,1.2542,38003
1707210000,2024-02-06 09:00:00+00:00,1.2542,1.2572,1.2536100000000001,1.25637,26202
1707224400,2024-02-06 13:00:00+00:00,1.2563900000000001,1.25995,1.25579,1.2595,29998
1707238800,2024-02-06 17:00:00+00:00,1.2595,1.2603,1.25872,1.25959,15129
1707253200,2024-02-06 21:00:00+00:00,1.25934,1.26128,1.25839,1.26104,8636
1707267600,2024-02-07 01:00:00+00:00,1.26104,1.2612,1.2597800000000001,1.26054,10640
1707282000,2024-02-07 05:00:00+00:00,1.26055,1.26375,1.2599,1.26331,21759
1707296400,2024-02-07 09:00:00+00:00,1.26331,1.264,1.26203,1.2625199999999999,19061
1707310800,2024-02-07 13:00:00+00:00,1.26253,1.26418,1.26162,1.2622900000000001,31819
1707325200,2024-02-07 17:00:00+00:00,1.26228,1.2634400000000001,1.26199,1.26247,12563
1707339600,2024-02-07 21:00:00+00:00,1.26246,1.26362,1.26133,1.26329,9590
1707354000,2024-02-08 01:00:00+00:00,1.26329,1.26385,1.26266,1.26302,12696
1707368400,2024-02-08 05:00:00+00:00,1.26305,1.26371,1.26126,1.26304,20097
1707382800,2024-02-08 09:00:00+00:00,1.26304,1.26346,1.25717,1.25811,24489
1707397200,2024-02-08 13:00:00+00:00,1.25807,1.26228,1.2578,1.2617,27184
1707411600,2024-02-08 17:00:00+00:00,1.2617099999999999,1.26296,1.26113,1.2617,12937
1707426000,2024-02-08 21:00:00+00:00,1.26157,1.26213,1.26052,1.26184,7138
1707440400,2024-02-09 01:00:00+00:00,1.26183,1.26221,1.26112,1.26145,7580
1707454800,2024-02-09 05:00:00+00:00,1.26145,1.26349,1.2606600000000001,1.26109,19098
1707469200,2024-02-09 09:00:00+00:00,1.26109,1.26356,1.25989,1.26204,23938
1707483600,2024-02-09 13:00:00+00:00,1.26202,1.26428,1.26157,1.26298,24325
1707498000,2024-02-09 17:00:00+00:00,1.26299,1.26376,1.2624900000000001,1.2627,8713
1707685200,2024-02-11 21:00:00+00:00,1.26169,1.26438,1.26169,1.26358,7283
1707699600,2024-02-12 01:00:00+00:00,1.26359,1.2637800000000001,1.26262,1.26292,5286
1707714000,2024-02-12 05:00:00+00:00,1.26291,1.26547,1.26175,1.2621,18406
1707728400,2024-02-12 09:00:00+00:00,1.2621,1.26258,1.26059,1.26093,17892
1707742800,2024-02-12 13:00:00+00:00,1.26093,1.26395,1.26093,1.26391,22065
1707757200,2024-02-12 17:00:00+00:00,1.26391,1.26404,1.26209,1.26287,12172
1707771600,2024-02-12 21:00:00+00:00,1.26288,1.26288,1.26182,1.26206,4781
1707786000,2024-02-13 01:00:00+00:00,1.26207,1.26209,1.26086,1.26147,7061
1707800400,2024-02-13 05:00:00+00:00,1.26148,1.2655699999999999,1.26144,1.26545,21145
1707814800,2024-02-13 09:00:00+00:00,1.26547,1.26881,1.25896,1.25931,29929
1707829200,2024-02-13 13:00:00+00:00,1.2593,1.26085,1.25754,1.25997,33322
1707843600,2024-02-13 17:00:00+00:00,1.25997,1.2603,1.2572999999999999,1.25916,12635
1707858000,2024-02-13 21:00:00+00:00,1.25896,1.25991,1.25781,1.25967,8411
1707872400,2024-02-14 01:00:00+00:00,1.25966,1.26048,1.25923,1.26025,11483
1707886800,2024-02-14 05:00:00+00:00,1.26025,1.26111,1.25355,1.25394,27347
1707901200,2024-02-14 09:00:00+00:00,1.25394,1.25681,1.25354,1.25576,22003
1707915600,2024-02-14 13:00:00+00:00,1.25576,1.25652,1.25394,1.2564,26631
1707930000,2024-02-14 17:00:00+00:00,1.25641,1.25705,1.25567,1.2562,11097
1707944400,2024-02-14 21:00:00+00:00,1.25647,1.25731,1.25467,1.25623,6508
1707958800,2024-02-15 01:00:00+00:00,1.25622,1.25694,1.25583,1.2564600000000001,8913
1707973200,2024-02-15 05:00:00+00:00,1.25647,1.25731,1.25416,1.25542,19338
1707987600,2024-02-15 09:00:00+00:00,1.25542,1.25766,1.2540499999999999,1.25697,22515
1708002000,2024-02-15 13:00:00+00:00,1.25696,1.25967,1.2560799999999999,1.25862,28336
1708016400,2024-02-15 17:00:00+00:00,1.2586,1.2601,1.25839,1.25994,10222
1708030800,2024-02-15 21:00:00+00:00,1.25961,1.2605,1.25796,1.2588,8211
1708045200,2024-02-16 01:00:00+00:00,1.2588,1.25882,1.2576800000000001,1.25821,8672
1708059600,2024-02-16 05:00:00+00:00,1.25821,1.26058,1.25743,1.2585600000000001,20326
1708074000,2024-02-16 09:00:00+00:00,1.25855,1.2601,1.25505,1.25666,21441
1708088400,2024-02-16 13:00:00+00:00,1.2566899999999999,1.26082,1.25532,1.2607300000000001,28176
1708102800,2024-02-16 17:00:00+00:00,1.26072,1.26245,1.25959,1.25996,13306
1708290000,2024-02-18 21:00:00+00:00,1.2599,1.2627,1.25957,1.26139,8687
1708304400,2024-02-19 01:00:00+00:00,1.26138,1.26212,1.26111,1.2618800000000001,8739
1708318800,2024-02-19 05:00:00+00:00,1.2618800000000001,1.26298,1.26067,1.26146,15827
1708333200,2024-02-19 09:00:00+00:00,1.26143,1.26219,1.25979,1.25994,18840
1708347600,2024-02-19 13:00:00+00:00,1.25993,1.2600500000000001,1.2583199999999999,1.25911,12621
1708362000,2024-02-19 17:00:00+00:00,1.25911,1.26,1.25895,1.25936,3124
1708376400,2024-02-19 21:00:00+00:00,1.25935,1.2597,1.258,1.25842,9272
1708390800,2024-02-20 01:00:00+00:00,1.25843,1.25888,1.25789,1.25818,8377
1708405200,2024-02-20 05:00:00+00:00,1.25817,1.2606899999999999,1.2580200000000001,1.26033,21179
1708419600,2024-02-20 09:00:00+00:00,1.2603,1.26461,1.25869,1.26427,26915
1708434000,2024-02-20 13:00:00+00:00,1.26426,1.2668599999999999,1.2629299999999999,1.26349,28152
1708448400,2024-02-20 17:00:00+00:00,1.26348,1.26353,1.2616100000000001,1.26215,11313
1708462800,2024-02-20 21:00:00+00:00,1.26218,1.26281,1.26136,1.26275,7898
1708477200,2024-02-21 01:00:00+00:00,1.26274,1.26372,1.26272,1.26333,10374
1708491600,2024-02-21 05:00:00+00:00,1.26334,1.2634699999999999,1.26025,1.2612,19985
1708506000,2024-02-21 09:00:00+00:00,1.2612,1.26307,1.2608,1.26239,19759
1708520400,2024-02-21 13:00:00+00:00,1.26241,1.26346,1.2605,1.26158,23883
1708534800,2024-02-21 17:00:00+00:00,1.26158,1.26419,1.26056,1.26361,18722
1708549200,2024-02-21 21:00:00+00:00,1.26348,1.26467,1.26273,1.26394,7572
1708563600,2024-02-22 01:00:00+00:00,1.26393,1.26486,1.26308,1.26448,8568
1708578000,2024-02-22 05:00:00+00:00,1.26448,1.27096,1.2644199999999999,1.26759,26110
1708592400,2024-02-22 09:00:00+00:00,1.26758,1.2690000000000001,1.26261,1.26284,22335
1708606800,2024-02-22 13:00:00+00:00,1.2628300000000001,1.26599,1.26114,1.2656399999999999,31178
1708621200,2024-02-22 17:00:00+00:00,1.2656399999999999,1.26645,1.2644,1.26602,10741
1708635600,2024-02-22 21:00:00+00:00,1.266,1.26664,1.26478,1.26624,8122
1708650000,2024-02-23 01:00:00+00:00,1.26624,1.26658,1.26572,1.26615,7282
1708664400,2024-02-23 05:00:00+00:00,1.26615,1.26768,1.26487,1.26563,18096
1708678800,2024-02-23 09:00:00+00:00,1.26563,1.27014,1.26558,1.26935,22177
1708693200,2024-02-23 13:00:00+00:00,1.26931,1.27002,1.26654,1.26779,24712
1708707600,2024-02-23 17:00:00+00:00,1.26779,1.2686,1.26653,1.26705,11816
1708894800,2024-02-25 21:00:00+00:00,1.2674,1.2677100000000001,1.26607,1.26616,8646
1708909200,2024-02-26 01:00:00+00:00,1.26617,1.26702,1.26562,1.26666,8353
1708923600,2024-02-26 05:00:00+00:00,1.26665,1.26811,1.26626,1.26791,15849
1708938000,2024-02-26 09:00:00+00:00,1.26792,1.26996,1.2673,1.2697,19464
1708952400,2024-02-26 13:00:00+00:00,1.2697,1.26985,1.26719,1.26762,21222
1708966800,2024-02-26 17:00:00+00:00,1.26762,1.2688,1.26705,1.26828,8751
1708981200,2024-02-26 21:00:00+00:00,1.26829,1.2686600000000001,1.26714,1.26786,11271
1708995600,2024-02-27 01:00:00+00:00,1.26786,1.26872,1.26739,1.26801,20635
1709010000,2024-02-27 05:00:00+00:00,1.26801,1.26969,1.26776,1.26891,18302
1709024400,2024-02-27 09:00:00+00:00,1.26889,1.2695,1.2671000000000001,1.26818,21355
1709038800,2024-02-27 13:00:00+00:00,1.26818,1.26951,1.26601,1.26854,24231
1709053200,2024-02-27 17:00:00+00:00,1.26853,1.2694,1.2677800000000001,1.2681,15726
1709067600,2024-02-27 21:00:00+00:00,1.26841,1.26867,1.26723,1.2676,11372
1709082000,2024-02-28 01:00:00+00:00,1.26759,1.26777,1.26572,1.26593,8725
1709096400,2024-02-28 05:00:00+00:00,1.26592,1.26624,1.26233,1.2625199999999999,18273
1709110800,2024-02-28 09:00:00+00:00,1.2625199999999999,1.26579,1.26214,1.26436,25474
1709125200,2024-02-28 13:00:00+00:00,1.2643499999999999,1.26737,1.26361,1.26596,24529
1709139600,2024-02-28 17:00:00+00:00,1.26596,1.26638,1.26509,1.26582,9060
1709154000,2024-02-28 21:00:00+00:00,1.26608,1.26666,1.26467,1.26589,9784
1709168400,2024-02-29 01:00:00+00:00,1.26589,1.26714,1.26581,1.26664,15172
1709182800,2024-02-29 05:00:00+00:00,1.26664,1.26745,1.26523,1.26665,21500
1709197200,2024-02-29 09:00:00+00:00,1.26665,1.26745,1.26349,1.26523,26568
1709211600,2024-02-29 13:00:00+00:00,1.26523,1.26819,1.26147,1.26172,29356
1709226000,2024-02-29 17:00:00+00:00,1.26172,1.26277,1.26123,1.26207,12048
1709240400,2024-02-29 21:00:00+00:00,1.26238,1.26342,1.26088,1.26342,10634
1709254800,2024-03-01 01:00:00+00:00,1.26342,1.26352,1.26237,1.2625899999999999,19855
1709269200,2024-03-01 05:00:00+00:00,1.2626,1.26414,1.2625,1.26303,17721
1709283600,2024-03-01 09:00:00+00:00,1.26304,1.26472,1.26174,1.26302,23052
1709298000,2024-03-01 13:00:00+00:00,1.26303,1.2659500000000001,1.25994,1.2655699999999999,30278
1709312400,2024-03-01 17:00:00+00:00,1.26556,1.26639,1.26458,1.26509,10197
1709499600,2024-03-03 21:00:00+00:00,1.26436,1.26661,1.26436,1.26593,7966
1709514000,2024-03-04 01:00:00+00:00,1.26592,1.26666,1.26558,1.26621,6547
1709528400,2024-03-04 05:00:00+00:00,1.2662200000000001,1.26799,1.26606,1.26777,22024
1709542800,2024-03-04 09:00:00+00:00,1.26777,1.26838,1.2665600000000001,1.26773,16094
1709557200,2024-03-04 13:00:00+00:00,1.26773,1.27066,1.26725,1.2696100000000001,20333
1709571600,2024-03-04 17:00:00+00:00,1.2696100000000001,1.26977,1.26844,1.26889,10359
1709586000,2024-03-04 21:00:00+00:00,1.26907,1.26947,1.2684,1.26898,6140
1709600400,2024-03-05 01:00:00+00:00,1.2690000000000001,1.26908,1.2680799999999999,1.2683,8232
1709614800,2024-03-05 05:00:00+00:00,1.26831,1.26887,1.26712,1.26854,16459
1709629200,2024-03-05 09:00:00+00:00,1.26853,1.26929,1.26739,1.26912,16610
1709643600,2024-03-05 13:00:00+00:00,1.26915,1.27348,1.2686899999999999,1.2711000000000001,27622
1709658000,2024-03-05 17:00:00+00:00,1.27107,1.2711299999999999,1.2695699999999999,1.27043,11665
1709672400,2024-03-05 21:00:00+00:00,1.2704,1.27082,1.2689599999999999,1.26926,8853
1709686800,2024-03-06 01:00:00+00:00,1.26926,1.27067,1.26915,1.27035,8811
1709701200,2024-03-06 05:00:00+00:00,1.27035,1.27315,1.2702499999999999,1.27305,19664
1709715600,2024-03-06 09:00:00+00:00,1.27305,1.27306,1.27051,1.2723900000000001,22895
1709730000,2024-03-06 13:00:00+00:00,1.2723900000000001,1.27615,1.27165,1.27441,29416
1709744400,2024-03-06 17:00:00+00:00,1.2744,1.27534,1.2724,1.27294,15438
1709758800,2024-03-06 21:00:00+00:00,1.27302,1.27396,1.27252,1.27302,9580
1709773200,2024-03-07 01:00:00+00:00,1.27301,1.27405,1.27227,1.27335,9731
1709787600,2024-03-07 05:00:00+00:00,1.2733400000000001,1.2751299999999999,1.27291,1.27498,20329
1709802000,2024-03-07 09:00:00+00:00,1.275,1.27628,1.27448,1.27518,21090
1709816400,2024-03-07 13:00:00+00:00,1.2752,1.27982,1.2748599999999999,1.27918,26564
1709830800,2024-03-07 17:00:00+00:00,1.27919,1.28109,1.2791299999999999,1.2806899999999999,9735
1709845200,2024-03-07 21:00:00+00:00,1.28074,1.28199,1.27997,1.28088,8602
1709859600,2024-03-08 01:00:00+00:00,1.28087,1.2812299999999999,1.2804,1.2809300000000001,7358
1709874000,2024-03-08 05:00:00+00:00,1.28094,1.28294,1.2800799999999999,1.28275,16096
1709888400,2024-03-08 09:00:00+00:00,1.28275,1.28939,1.28228,1.28636,24188
1709902800,2024-03-08 13:00:00+00:00,1.28635,1.28863,1.28431,1.28488,34324
1709917200,2024-03-08 17:00:00+00:00,1.28488,1.28585,1.2839800000000001,1.28562,12683
1710104400,2024-03-10 21:00:00+00:00,1.2852299999999999,1.2862,1.28463,1.2854999999999999,11404
1710118800,2024-03-11 01:00:00+00:00,1.2854999999999999,1.28558,1.28452,1.28491,9915
1710133200,2024-03-11 05:00:00+00:00,1.2849,1.28579,1.28317,1.28421,20707
1710147600,2024-03-11 09:00:00+00:00,1.28422,1.28539,1.28197,1.28239,20103
1710162000,2024-03-11 13:00:00+00:00,1.28239,1.28262,1.2795,1.28085,23712
1710176400,2024-03-11 17:00:00+00:00,1.28084,1.28135,1.27949,1.2812299999999999,8751
1710190800,2024-03-11 21:00:00+00:00,1.2812299999999999,1.2822,1.2808899999999999,1.28206,7368
1710205200,2024-03-12 01:00:00+00:00,1.28206,1.28235,1.28142,1.28203,10224
1710219600,2024-03-12 05:00:00+00:00,1.28204,1.28208,1.2776,1.27901,18249
1710234000,2024-03-12 09:00:00+00:00,1.27901,1.28078,1.2746,1.27604,14509
1710248400,2024-03-12 13:00:00+00:00,1.27617,1.27894,1.27505,1.27839,11510
1710262800,2024-03-12 17:00:00+00:00,1.27839,1.2794699999999999,1.27808,1.27888,3905
1710277200,2024-03-12 21:00:00+00:00,1.27888,1.27977,1.27872,1.27923,3546
1710291600,2024-03-13 01:00:00+00:00,1.27923,1.27986,1.27871,1.27933,4293
1710306000,2024-03-13 05:00:00+00:00,1.27931,1.28007,1.2775400000000001,1.27759,7125
1710320400,2024-03-13 09:00:00+00:00,1.27759,1.2808899999999999,1.27746,1.27908,8929
1710334800,2024-03-13 13:00:00+00:00,1.27912,1.28111,1.27896,1.28073,10682
1710349200,2024-03-13 17:00:00+00:00,1.28073,1.28087,1.27868,1.27955,3731
1710363600,2024-03-13 21:00:00+00:00,1.27955,1.28042,1.27942,1.27996,4224
1710378000,2024-03-14 01:00:00+00:00,1.27997,1.28011,1.27865,1.27889,4648
1710392400,2024-03-14 05:00:00+00:00,1.27889,1.2819099999999999,1.27888,1.28158,7606
1710406800,2024-03-14 09:00:00+00:00,1.28158,1.28228,1.27674,1.27743,12030
1710421200,2024-03-14 13:00:00+00:00,1.27743,1.2778399999999999,1.27306,1.27507,10403
1710435600,2024-03-14 17:00:00+00:00,1.27505,1.27573,1.27433,1.27523,4647
1710450000,2024-03-14 21:00:00+00:00,1.27523,1.27543,1.27339,1.27363,3910
1710464400,2024-03-15 01:00:00+00:00,1.2736399999999999,1.27405,1.27298,1.27379,3585
1710478800,2024-03-15 05:00:00+00:00,1.27379,1.2753700000000001,1.27331,1.27518,7233
1710493200,2024-03-15 09:00:00+00:00,1.27522,1.27585,1.27421,1.2744,8377
1710507600,2024-03-15 13:00:00+00:00,1.27435,1.27534,1.27253,1.2729300000000001,9151
1710522000,2024-03-15 17:00:00+00:00,1.2729300000000001,1.27405,1.27289,1.27318,3452
1710709200,2024-03-17 21:00:00+00:00,1.27288,1.27372,1.27261,1.27333,4529
1710723600,2024-03-18 01:00:00+00:00,1.27335,1.27376,1.27259,1.27326,3549
1710738000,2024-03-18 05:00:00+00:00,1.27326,1.27467,1.27318,1.27348,6143
1710752400,2024-03-18 09:00:00+00:00,1.27348,1.2745600000000001,1.27275,1.2733400000000001,6440
1710766800,2024-03-18 13:00:00+00:00,1.27333,1.2738,1.27179,1.27245,7844
1710781200,2024-03-18 17:00:00+00:00,1.27246,1.27314,1.27219,1.27244,3235
1710795600,2024-03-18 21:00:00+00:00,1.27229,1.27287,1.27135,1.2718,5128
1710810000,2024-03-19 01:00:00+00:00,1.2718,1.27285,1.27072,1.27084,8948
1710824400,2024-03-19 05:00:00+00:00,1.27084,1.27118,1.26676,1.26711,9170
1710838800,2024-03-19 09:00:00+00:00,1.26711,1.27087,1.26704,1.26986,7928
1710853200,2024-03-19 13:00:00+00:00,1.26986,1.27328,1.26963,1.2729599999999999,7895
1710867600,2024-03-19 17:00:00+00:00,1.2729599999999999,1.27297,1.27121,1.27185,3634
1710882000,2024-03-19 21:00:00+00:00,1.27185,1.27221,1.271,1.2716,4706
1710896400,2024-03-20 01:00:00+00:00,1.2716,1.27243,1.27138,1.27191,3759
1710910800,2024-03-20 05:00:00+00:00,1.27191,1.27297,1.26868,1.26924,7552
1710925200,2024-03-20 09:00:00+00:00,1.26924,1.27008,1.26844,1.27,6458
1710939600,2024-03-20 13:00:00+00:00,1.27,1.27212,1.26981,1.27189,6388
1710954000,2024-03-20 17:00:00+00:00,1.27187,1.27866,1.27166,1.27834,14991
1710968400,2024-03-20 21:00:00+00:00,1.27816,1.28022,1.2781500000000001,1.27951,6794
1710982800,2024-03-21 01:00:00+00:00,1.27951,1.27986,1.27882,1.27893,5171
1710997200,2024-03-21 05:00:00+00:00,1.27893,1.28033,1.27621,1.27717,10751
1711011600,2024-03-21 09:00:00+00:00,1.27717,1.27846,1.27066,1.27093,10880
1711026000,2024-03-21 13:00:00+00:00,1.27094,1.27095,1.26535,1.26554,11214
1711040400,2024-03-21 17:00:00+00:00,1.26554,1.2663,1.2650299999999999,1.26547,3993
1711054800,2024-03-21 21:00:00+00:00,1.26543,1.26748,1.26505,1.26515,3879
1711069200,2024-03-22 01:00:00+00:00,1.26515,1.2653699999999999,1.2634,1.26423,6793
1711083600,2024-03-22 05:00:00+00:00,1.26419,1.26419,1.25841,1.25872,8423
1711098000,2024-03-22 09:00:00+00:00,1.25872,1.26224,1.25753,1.26206,8181
1711112400,2024-03-22 13:00:00+00:00,1.26211,1.26237,1.25874,1.2591999999999999,7845
1711126800,2024-03-22 17:00:00+00:00,1.2591999999999999,1.26006,1.2585600000000001,1.25986,2951
1711314000,2024-03-24 21:00:00+00:00,1.25952,1.26138,1.25878,1.26128,4576
1711328400,2024-03-25 01:00:00+00:00,1.26128,1.2616800000000001,1.26038,1.26135,3781
1711342800,2024-03-25 05:00:00+00:00,1.26135,1.26172,1.2595100000000001,1.26144,6168
1711357200,2024-03-25 09:00:00+00:00,1.26144,1.26489,1.26133,1.26449,6558
1711371600,2024-03-25 13:00:00+00:00,1.26446,1.26521,1.26352,1.26395,6044
1711386000,2024-03-25 17:00:00+00:00,1.26396,1.26426,1.26332,1.26356,3256
1711400400,2024-03-25 21:00:00+00:00,1.26338,1.2646899999999999,1.26335,1.26417,3572
1711414800,2024-03-26 01:00:00+00:00,1.26417,1.26478,1.26358,1.2646,4062
1711429200,2024-03-26 05:00:00+00:00,1.2646,1.26636,1.26403,1.26543,6318
1711443600,2024-03-26 09:00:00+00:00,1.26543,1.26679,1.2635100000000001,1.26421,7264
1711458000,2024-03-26 13:00:00+00:00,1.2641499999999999,1.26453,1.26218,1.26271,7873
1711472400,2024-03-26 17:00:00+00:00,1.26271,1.26322,1.26227,1.26282,2812
1711486800,2024-03-26 21:00:00+00:00,1.26258,1.26291,1.26113,1.2616,3397
1711501200,2024-03-27 01:00:00+00:00,1.2616,1.26178,1.26084,1.26142,5001
1711515600,2024-03-27 05:00:00+00:00,1.2613699999999999,1.26377,1.2612999999999999,1.26261,7749
1711530000,2024-03-27 09:00:00+00:00,1.26261,1.26384,1.26055,1.26177,6951
1711544400,2024-03-27 13:00:00+00:00,1.26177,1.26345,1.2613699999999999,1.2628,7282
1711558800,2024-03-27 17:00:00+00:00,1.2628,1.2640799999999999,1.26215,1.26338,3105
1711573200,2024-03-27 21:00:00+00:00,1.26338,1.26342,1.2610999999999999,1.2625199999999999,4714
1711587600,2024-03-28 01:00:00+00:00,1.2625199999999999,1.2637,1.2624900000000001,1.26316,4178
1711602000,2024-03-28 05:00:00+00:00,1.2631700000000001,1.2631700000000001,1.25857,1.25929,5563
1711616400,2024-03-28 09:00:00+00:00,1.25929,1.26517,1.25913,1.26457,9171
1711630800,2024-03-28 13:00:00+00:00,1.26475,1.26544,1.26214,1.26251,9283
1711645200,2024-03-28 17:00:00+00:00,1.2625,1.2628300000000001,1.26116,1.2619099999999999,3691
1711659600,2024-03-28 21:00:00+00:00,1.2619099999999999,1.26306,1.26182,1.2624,1292
1711674000,2024-03-29 01:00:00+00:00,1.2624,1.26241,1.26151,1.26194,1073
1711688400,2024-03-29 05:00:00+00:00,1.26194,1.26265,1.26124,1.26135,1104
1711702800,2024-03-29 09:00:00+00:00,1.26132,1.26446,1.26092,1.26441,1856
1711717200,2024-03-29 13:00:00+00:00,1.26441,1.26441,1.26177,1.26193,1293
1711731600,2024-03-29 17:00:00+00:00,1.26193,1.26297,1.26126,1.26167,800
1711918800,2024-03-31 21:00:00+00:00,1.25715,1.26419,1.25715,1.26345,5436
1711933200,2024-04-01 01:00:00+00:00,1.26345,1.26389,1.26253,1.26295,4840
1711947600,2024-04-01 05:00:00+00:00,1.26295,1.26316,1.26162,1.2622200000000001,3946
1711962000,2024-04-01 09:00:00+00:00,1.26221,1.2624,1.26028,1.26121,4377
1711976400,2024-04-01 13:00:00+00:00,1.26121,1.26133,1.25394,1.25452,7778
1711990800,2024-04-01 17:00:00+00:00,1.25452,1.2551,1.25417,1.25506,3043
1712005200,2024-04-01 21:00:00+00:00,1.25509,1.25587,1.25411,1.2546599999999999,3164
1712019600,2024-04-02 01:00:00+00:00,1.2546599999999999,1.25491,1.25404,1.25445,4709
1712034000,2024-04-02 05:00:00+00:00,1.25445,1.2564600000000001,1.25393,1.25619,7023
1712048400,2024-04-02 09:00:00+00:00,1.25619,1.25766,1.25548,1.25568,7115
1712062800,2024-04-02 13:00:00+00:00,1.25568,1.25776,1.2552400000000001,1.25714,10612
1712077200,2024-04-02 17:00:00+00:00,1.25714,1.25782,1.25661,1.2576800000000001,3327
1712091600,2024-04-02 21:00:00+00:00,1.2576800000000001,1.25805,1.25698,1.25725,2323
1712106000,2024-04-03 01:00:00+00:00,1.25725,1.25828,1.25668,1.25786,3871
1712120400,2024-04-03 05:00:00+00:00,1.25786,1.25826,1.25626,1.2577099999999999,6139
1712134800,2024-04-03 09:00:00+00:00,1.25767,1.2588300000000001,1.25674,1.25727,7755
1712149200,2024-04-03 13:00:00+00:00,1.25729,1.26509,1.2567300000000001,1.26458,13808
1712163600,2024-04-03 17:00:00+00:00,1.26458,1.26555,1.26399,1.26519,4524
1712178000,2024-04-03 21:00:00+00:00,1.26494,1.26562,1.26445,1.26522,3412
1712192400,2024-04-04 01:00:00+00:00,1.26522,1.26554,1.2646600000000001,1.26523,2939
1712206800,2024-04-04 05:00:00+00:00,1.26523,1.26694,1.26509,1.26631,6103
1712221200,2024-04-04 09:00:00+00:00,1.26631,1.26696,1.26478,1.26685,6179
1712235600,2024-04-04 13:00:00+00:00,1.26685,1.2683499999999999,1.26615,1.26658,7111
1712250000,2024-04-04 17:00:00+00:00,1.26658,1.26696,1.26349,1.2641499999999999,8630
1712264400,2024-04-04 21:00:00+00:00,1.26411,1.26481,1.26292,1.2646600000000001,4746
1712278800,2024-04-05 01:00:00+00:00,1.2646600000000001,1.2647,1.26211,1.26253,5327
1712293200,2024-04-05 05:00:00+00:00,1.26253,1.26404,1.26143,1.26368,6399
1712307600,2024-04-05 09:00:00+00:00,1.26367,1.26449,1.25821,1.2594699999999999,8444
1712322000,2024-04-05 13:00:00+00:00,1.25946,1.26355,1.25746,1.26346,13763
1712336400,2024-04-05 17:00:00+00:00,1.26346,1.26403,1.26311,1.2637,5054
1712523600,2024-04-07 21:00:00+00:00,1.2625,1.26338,1.26145,1.2616100000000001,4075
1712538000,2024-04-08 01:00:00+00:00,1.26158,1.26393,1.26156,1.26292,6708
1712552400,2024-04-08 05:00:00+00:00,1.2629299999999999,1.26348,1.26184,1.26217,8535
1712566800,2024-04-08 09:00:00+00:00,1.26217,1.26362,1.26133,1.26262,6636
1712581200,2024-04-08 13:00:00+00:00,1.26264,1.26558,1.26264,1.26484,9664
1712595600,2024-04-08 17:00:00+00:00,1.26485,1.26637,1.2646899999999999,1.26542,5193
1712610000,2024-04-08 21:00:00+00:00,1.26541,1.26592,1.26335,1.2653699999999999,2966
1712624400,2024-04-09 01:00:00+00:00,1.26536,1.26611,1.26519,1.26563,5213
1712638800,2024-04-09 05:00:00+00:00,1.2656399999999999,1.26642,1.26487,1.26605,6204
1712653200,2024-04-09 09:00:00+00:00,1.26606,1.27033,1.26569,1.26967,7720
1712667600,2024-04-09 13:00:00+00:00,1.26967,1.27093,1.26667,1.26696,10719
1712682000,2024-04-09 17:00:00+00:00,1.26696,1.26795,1.2662900000000001,1.2677100000000001,4546
1712696400,2024-04-09 21:00:00+00:00,1.2675100000000001,1.26776,1.2659799999999999,1.26748,2670
1712710800,2024-04-10 01:00:00+00:00,1.2674699999999999,1.26786,1.2668599999999999,1.2677399999999999,5168
1712725200,2024-04-10 05:00:00+00:00,1.26772,1.26944,1.2673,1.26942,5619
1712739600,2024-04-10 09:00:00+00:00,1.26942,1.2707899999999999,1.2595,1.26116,10287
1712754000,2024-04-10 13:00:00+00:00,1.26116,1.26123,1.25202,1.25339,17011
1712768400,2024-04-10 17:00:00+00:00,1.25339,1.25536,1.25216,1.25394,10436
1712782800,2024-04-10 21:00:00+00:00,1.25367,1.25414,1.25251,1.2537099999999999,4140
1712797200,2024-04-11 01:00:00+00:00,1.2537099999999999,1.25492,1.25359,1.25473,6128
1712811600,2024-04-11 05:00:00+00:00,1.25473,1.25696,1.25325,1.25503,8617
1712826000,2024-04-11 09:00:00+00:00,1.25503,1.25723,1.25302,1.2566899999999999,12157
1712840400,2024-04-11 13:00:00+00:00,1.2567,1.25784,1.25108,1.2536800000000001,15149
1712854800,2024-04-11 17:00:00+00:00,1.2536800000000001,1.25637,1.25332,1.25499,6055
1712869200,2024-04-11 21:00:00+00:00,1.25518,1.25567,1.25487,1.2555100000000001,2493
1712883600,2024-04-12 01:00:00+00:00,1.2555100000000001,1.25584,1.25369,1.25376,4706
1712898000,2024-04-12 05:00:00+00:00,1.25376,1.25442,1.25055,1.25079,9508
1712912400,2024-04-12 09:00:00+00:00,1.25079,1.25114,1.24513,1.24543,10765
1712926800,2024-04-12 13:00:00+00:00,1.2454399999999999,1.24661,1.2426599999999999,1.2449,16516
1712941200,2024-04-12 17:00:00+00:00,1.24488,1.24617,1.24426,1.24481,8309
1713128400,2024-04-14 21:00:00+00:00,1.2445,1.24625,1.24309,1.24521,4958
1713142800,2024-04-15 01:00:00+00:00,1.24521,1.24646,1.24405,1.2460499999999999,7151
1713157200,2024-04-15 05:00:00+00:00,1.2460499999999999,1.2487300000000001,1.2457799999999999,1.24816,11174
1713171600,2024-04-15 09:00:00+00:00,1.24815,1.24985,1.2450700000000001,1.24791,11269
1713186000,2024-04-15 13:00:00+00:00,1.24791,1.24963,1.24447,1.24574,15600
1713200400,2024-04-15 17:00:00+00:00,1.24574,1.24621,1.24355,1.24452,9523
1713214800,2024-04-15 21:00:00+00:00,1.24447,1.24492,1.24251,1.24373,5101
1713229200,2024-04-16 01:00:00+00:00,1.24373,1.24388,1.24204,1.2433,7410
1713243600,2024-04-16 05:00:00+00:00,1.2433,1.24485,1.24086,1.24367,10798
1713258000,2024-04-16 09:00:00+00:00,1.24367,1.24718,1.24366,1.24604,9129
1713272400,2024-04-16 13:00:00+00:00,1.24606,1.24674,1.24272,1.24353,15611
1713286800,2024-04-16 17:00:00+00:00,1.24353,1.24506,1.24054,1.2426,12562
1713301200,2024-04-16 21:00:00+00:00,1.24244,1.24323,1.24203,1.2429000000000001,3829
1713315600,2024-04-17 01:00:00+00:00,1.2429000000000001,1.24396,1.24247,1.24294,5405
1713330000,2024-04-17 05:00:00+00:00,1.24294,1.24819,1.2416800000000001,1.24714,11046
1713344400,2024-04-17 09:00:00+00:00,1.24714,1.24767,1.2446,1.2450700000000001,9612
1713358800,2024-04-17 13:00:00+00:00,1.2450700000000001,1.24691,1.24241,1.24289,15845
1713373200,2024-04-17 17:00:00+00:00,1.24289,1.24649,1.24265,1.2453400000000001,9933
1713387600,2024-04-17 21:00:00+00:00,1.2451,1.2457799999999999,1.2436099999999999,1.24527,2788
1713402000,2024-04-18 01:00:00+00:00,1.24527,1.24711,1.24491,1.24705,5663
1713416400,2024-04-18 05:00:00+00:00,1.24705,1.24843,1.24624,1.24743,9346
1713430800,2024-04-18 09:00:00+00:00,1.24744,1.2482,1.24471,1.24587,9415
1713445200,2024-04-18 13:00:00+00:00,1.24588,1.24682,1.24363,1.24485,18297
1713459600,2024-04-18 17:00:00+00:00,1.24485,1.24499,1.2433,1.2436,10114
1713474000,2024-04-18 21:00:00+00:00,1.24319,1.24382,1.24259,1.24272,4373
1713488400,2024-04-19 01:00:00+00:00,1.24272,1.24295,1.23886,1.24197,28878
1713502800,2024-04-19 05:00:00+00:00,1.24195,1.2451699999999999,1.24035,1.24401,18521
1713517200,2024-04-19 09:00:00+00:00,1.24402,1.24635,1.24295,1.24487,8661
1713531600,2024-04-19 13:00:00+00:00,1.24486,1.2468,1.23726,1.23899,10782
1713546000,2024-04-19 17:00:00+00:00,1.23899,1.23931,1.23665,1.23684,7191
1713733200,2024-04-21 21:00:00+00:00,1.2366,1.23844,1.23639,1.23721,3356
1713747600,2024-04-22 01:00:00+00:00,1.23721,1.23919,1.23721,1.23859,5176
1713762000,2024-04-22 05:00:00+00:00,1.2386,1.23875,1.2351,1.23658,6815
1713776400,2024-04-22 09:00:00+00:00,1.23657,1.23674,1.23091,1.23113,7315
1713790800,2024-04-22 13:00:00+00:00,1.23111,1.23469,1.22996,1.23469,7600
1713805200,2024-04-22 17:00:00+00:00,1.23469,1.23616,1.2345,1.23493,4563
1713819600,2024-04-22 21:00:00+00:00,1.2349700000000001,1.23554,1.23437,1.2354,2546
1713834000,2024-04-23 01:00:00+00:00,1.23539,1.23581,1.2347299999999999,1.23513,4780
1713848400,2024-04-23 05:00:00+00:00,1.23513,1.23884,1.23316,1.23701,7574
1713862800,2024-04-23 09:00:00+00:00,1.23699,1.24064,1.23457,1.23917,7266
1713877200,2024-04-23 13:00:00+00:00,1.23916,1.24584,1.23811,1.24447,11183
1713891600,2024-04-23 17:00:00+00:00,1.24447,1.24581,1.24442,1.2448,4213
1713906000,2024-04-23 21:00:00+00:00,1.24434,1.246,1.24315,1.24583,2221
1713920400,2024-04-24 01:00:00+00:00,1.24581,1.24645,1.24529,1.24547,3653
1713934800,2024-04-24 05:00:00+00:00,1.24548,1.24572,1.24226,1.2426,5013
1713949200,2024-04-24 09:00:00+00:00,1.2426,1.24475,1.24251,1.24417,5365
1713963600,2024-04-24 13:00:00+00:00,1.24417,1.24553,1.24267,1.24463,8895
1713978000,2024-04-24 17:00:00+00:00,1.24463,1.24698,1.2445599999999999,1.24627,4844
1713992400,2024-04-24 21:00:00+00:00,1.2463,1.24642,1.24393,1.24615,2140
1714006800,2024-04-25 01:00:00+00:00,1.24615,1.24681,1.24539,1.2467,3726
1714021200,2024-04-25 05:00:00+00:00,1.2467,1.2523,1.24662,1.2521200000000001,6259
1714035600,2024-04-25 09:00:00+00:00,1.25211,1.25275,1.24668,1.24782,7811
1714050000,2024-04-25 13:00:00+00:00,1.24792,1.2517,1.2457,1.25147,12085
1714064400,2024-04-25 17:00:00+00:00,1.25148,1.25224,1.25034,1.25126,6361
1714078800,2024-04-25 21:00:00+00:00,1.25113,1.25145,1.2499500000000001,1.25044,3045
1714093200,2024-04-26 01:00:00+00:00,1.25044,1.25082,1.24937,1.25008,3713
1714107600,2024-04-26 05:00:00+00:00,1.25007,1.25408,1.24969,1.25271,8272
1714122000,2024-04-26 09:00:00+00:00,1.25271,1.25409,1.2497,1.25082,8528
1714136400,2024-04-26 13:00:00+00:00,1.25086,1.25179,1.24491,1.24874,10652
1714150800,2024-04-26 17:00:00+00:00,1.2487300000000001,1.25037,1.2485,1.24927,4036
1714338000,2024-04-28 21:00:00+00:00,1.248,1.25165,1.24618,1.25146,2710
1714352400,2024-04-29 01:00:00+00:00,1.2515,1.2548300000000001,1.25121,1.2542200000000001,6594
1714366800,2024-04-29 05:00:00+00:00,1.2542200000000001,1.25475,1.2512400000000001,1.25183,9967
1714381200,2024-04-29 09:00:00+00:00,1.25183,1.25435,1.25074,1.25296,7426
1714395600,2024-04-29 13:00:00+00:00,1.25296,1.25694,1.25143,1.25633,8590
1714410000,2024-04-29 17:00:00+00:00,1.25631,1.25692,1.25518,1.25622,5024
1714424400,2024-04-29 21:00:00+00:00,1.25623,1.25637,1.25491,1.2554699999999999,2131
1714438800,2024-04-30 01:00:00+00:00,1.2554699999999999,1.2558,1.25417,1.25453,4031
1714453200,2024-04-30 05:00:00+00:00,1.25453,1.25461,1.2524,1.25394,5761
1714467600,2024-04-30 09:00:00+00:00,1.25399,1.25545,1.25021,1.2518099999999999,7928
1714482000,2024-04-30 13:00:00+00:00,1.25182,1.2540200000000001,1.25013,1.25073,12218
1714496400,2024-04-30 17:00:00+00:00,1.25073,1.25118,1.24895,1.24911,5522
1714510800,2024-04-30 21:00:00+00:00,1.2487,1.24957,1.2481,1.24853,2792
1714525200,2024-05-01 01:00:00+00:00,1.24853,1.24886,1.24719,1.24774,2231
1714539600,2024-05-01 05:00:00+00:00,1.24772,1.24979,1.24661,1.24978,4938
1714554000,2024-05-01 09:00:00+00:00,1.2498,1.2498,1.24762,1.24877,5788
1714568400,2024-05-01 13:00:00+00:00,1.24875,1.24998,1.2477,1.24808,8516
1714582800,2024-05-01 17:00:00+00:00,1.24816,1.25498,1.24784,1.25252,13272
1714597200,2024-05-01 21:00:00+00:00,1.2524,1.254,1.2512699999999999,1.2527,4017
1714611600,2024-05-02 01:00:00+00:00,1.2527,1.25392,1.25202,1.2534,4763
1714626000,2024-05-02 05:00:00+00:00,1.25339,1.25443,1.25118,1.25207,9313
1714640400,2024-05-02 09:00:00+00:00,1.25206,1.25325,1.25051,1.2515,8502
1714654800,2024-05-02 13:00:00+00:00,1.25153,1.25216,1.24719,1.25161,12306
1714669200,2024-05-02 17:00:00+00:00,1.25163,1.25388,1.25138,1.2533400000000001,6445
1714683600,2024-05-02 21:00:00+00:00,1.2528299999999999,1.25449,1.25075,1.25434,3766
1714698000,2024-05-03 01:00:00+00:00,1.25434,1.25565,1.25419,1.25475,4341
1714712400,2024-05-03 05:00:00+00:00,1.25476,1.25626,1.25392,1.25595,6536
1714726800,2024-05-03 09:00:00+00:00,1.25595,1.26338,1.25513,1.26059,8559
1714741200,2024-05-03 13:00:00+00:00,1.26053,1.2610299999999999,1.25293,1.25424,14959
1714755600,2024-05-03 17:00:00+00:00,1.25424,1.25543,1.2539,1.25452,4907
1714942800,2024-05-05 21:00:00+00:00,1.2544,1.25528,1.2530700000000001,1.25502,2504
1714957200,2024-05-06 01:00:00+00:00,1.25502,1.25565,1.2543199999999999,1.25437,4220
1714971600,2024-05-06 05:00:00+00:00,1.25433,1.25815,1.25421,1.2581,5334
1714986000,2024-05-06 09:00:00+00:00,1.25808,1.25943,1.2572,1.25909,5551
1715000400,2024-05-06 13:00:00+00:00,1.2591,1.25919,1.25582,1.25633,5937
1715014800,2024-05-06 17:00:00+00:00,1.25633,1.2569,1.25576,1.25613,3927
1715029200,2024-05-06 21:00:00+00:00,1.25641,1.25688,1.25539,1.25681,2654
1715043600,2024-05-07 01:00:00+00:00,1.25681,1.25702,1.25489,1.2553,5674
1715058000,2024-05-07 05:00:00+00:00,1.25531,1.25561,1.25319,1.25393,7128
1715072400,2024-05-07 09:00:00+00:00,1.25393,1.25545,1.25295,1.25536,5809
1715086800,2024-05-07 13:00:00+00:00,1.25535,1.2564899999999999,1.25256,1.25266,7513
1715101200,2024-05-07 17:00:00+00:00,1.25266,1.25269,1.25004,1.25079,4372
1715115600,2024-05-07 21:00:00+00:00,1.25064,1.25104,1.24945,1.24952,2675
1715130000,2024-05-08 01:00:00+00:00,1.24956,1.2497,1.2484,1.24868,4700
1715144400,2024-05-08 05:00:00+00:00,1.24869,1.24927,1.24676,1.2475,6453
1715158800,2024-05-08 09:00:00+00:00,1.2475,1.25008,1.24739,1.24796,6033
1715173200,2024-05-08 13:00:00+00:00,1.24796,1.25048,1.2473,1.24976,7259
1715187600,2024-05-08 17:00:00+00:00,1.24976,1.25012,1.24923,1.24973,3874
1715202000,2024-05-08 21:00:00+00:00,1.24969,1.24996,1.24799,1.24896,1851
1715216400,2024-05-09 01:00:00+00:00,1.24896,1.25014,1.24877,1.24916,3843
1715230800,2024-05-09 05:00:00+00:00,1.24916,1.2493,1.24699,1.2473,4713
1715245200,2024-05-09 09:00:00+00:00,1.2473,1.25114,1.24458,1.25023,8844
1715259600,2024-05-09 13:00:00+00:00,1.25023,1.25225,1.24879,1.25138,9764
1715274000,2024-05-09 17:00:00+00:00,1.25138,1.25265,1.25119,1.25231,4293
1715288400,2024-05-09 21:00:00+00:00,1.25228,1.25291,1.2507,1.25196,2433
1715302800,2024-05-10 01:00:00+00:00,1.25196,1.25243,1.2511700000000001,1.2515,4082
1715317200,2024-05-10 05:00:00+00:00,1.2515,1.2541,1.25144,1.25321,7837
1715331600,2024-05-10 09:00:00+00:00,1.25327,1.25359,1.25159,1.25221,6778
1715346000,2024-05-10 13:00:00+00:00,1.25221,1.2537099999999999,1.2502499999999999,1.2534399999999999,8585
1715360400,2024-05-10 17:00:00+00:00,1.2534399999999999,1.25355,1.25221,1.25234,3576
1715547600,2024-05-12 21:00:00+00:00,1.2514,1.25271,1.25098,1.25209,2917
1715562000,2024-05-13 01:00:00+00:00,1.25209,1.25287,1.25171,1.25244,4594
1715576400,2024-05-13 05:00:00+00:00,1.25244,1.25356,1.2517800000000001,1.25329,4989
1715590800,2024-05-13 09:00:00+00:00,1.25329,1.25574,1.25257,1.25558,6017
1715605200,2024-05-13 13:00:00+00:00,1.25558,1.25687,1.25468,1.25611,7269
1715619600,2024-05-13 17:00:00+00:00,1.25611,1.25634,1.25526,1.25587,3656
1715634000,2024-05-13 21:00:00+00:00,1.25552,1.25619,1.25531,1.2557,1838
1715648400,2024-05-14 01:00:00+00:00,1.2557,1.25596,1.25528,1.2554,4165
1715662800,2024-05-14 05:00:00+00:00,1.2554,1.25633,1.25091,1.25285,6293
1715677200,2024-05-14 09:00:00+00:00,1.25285,1.25648,1.25199,1.25533,7576
1715691600,2024-05-14 13:00:00+00:00,1.2553,1.25928,1.25488,1.25851,9498
1715706000,2024-05-14 17:00:00+00:00,1.25851,1.25926,1.2581,1.25909,3950
1715720400,2024-05-14 21:00:00+00:00,1.2588599999999999,1.25904,1.2573699999999999,1.2588,2005
1715734800,2024-05-15 01:00:00+00:00,1.2588,1.25991,1.25873,1.25931,2963
1715749200,2024-05-15 05:00:00+00:00,1.2593,1.26139,1.25868,1.26123,5437
1715763600,2024-05-15 09:00:00+00:00,1.26123,1.26707,1.2603,1.26448,7977
1715778000,2024-05-15 13:00:00+00:00,1.26447,1.26769,1.26143,1.26742,11647
1715792400,2024-05-15 17:00:00+00:00,1.26742,1.26861,1.26716,1.26848,4788
1715806800,2024-05-15 21:00:00+00:00,1.26844,1.27004,1.26708,1.26992,3075
1715821200,2024-05-16 01:00:00+00:00,1.2699,1.2699099999999999,1.26828,1.26877,5608
1715835600,2024-05-16 05:00:00+00:00,1.2687599999999999,1.26889,1.26694,1.26741,6137
1715850000,2024-05-16 09:00:00+00:00,1.26742,1.26754,1.2652,1.26546,6691
1715864400,2024-05-16 13:00:00+00:00,1.26542,1.26802,1.2643499999999999,1.2673,7998
1715878800,2024-05-16 17:00:00+00:00,1.2673,1.26765,1.2665600000000001,1.2668599999999999,4218
1715893200,2024-05-16 21:00:00+00:00,1.26688,1.26722,1.26611,1.26641,2286
1715907600,2024-05-17 01:00:00+00:00,1.26641,1.26646,1.26518,1.26553,4471
1715922000,2024-05-17 05:00:00+00:00,1.26553,1.26696,1.2645,1.26491,5565
1715936400,2024-05-17 09:00:00+00:00,1.2649,1.26614,1.26456,1.2659500000000001,4848
1715950800,2024-05-17 13:00:00+00:00,1.2659500000000001,1.27084,1.2659500000000001,1.2701,7499
1715965200,2024-05-17 17:00:00+00:00,1.2701,1.27115,1.2698800000000001,1.27001,3727
1716152400,2024-05-19 21:00:00+00:00,1.2686,1.2708300000000001,1.26847,1.27051,2299
1716166800,2024-05-20 01:00:00+00:00,1.27051,1.2711000000000001,1.27004,1.27077,4683
1716181200,2024-05-20 05:00:00+00:00,1.2707600000000001,1.27087,1.26892,1.2705,5762
1716195600,2024-05-20 09:00:00+00:00,1.2705,1.27061,1.26924,1.26963,6034
1716210000,2024-05-20 13:00:00+00:00,1.2696,1.2718099999999999,1.26958,1.27176,7244
1716224400,2024-05-20 17:00:00+00:00,1.27176,1.27251,1.27039,1.27055,3409
1716238800,2024-05-20 21:00:00+00:00,1.27031,1.2711000000000001,1.26974,1.27092,1998
1716253200,2024-05-21 01:00:00+00:00,1.27093,1.2711700000000001,1.26972,1.27097,4232
1716267600,2024-05-21 05:00:00+00:00,1.27097,1.27207,1.27036,1.27107,5373
1716282000,2024-05-21 09:00:00+00:00,1.27107,1.2723900000000001,1.27061,1.27078,5505
1716296400,2024-05-21 13:00:00+00:00,1.2707600000000001,1.27268,1.26864,1.27074,9906
1716310800,2024-05-21 17:00:00+00:00,1.27073,1.27156,1.2701500000000001,1.27082,3976
1716325200,2024-05-21 21:00:00+00:00,1.2707,1.27157,1.27007,1.2713,2104
1716339600,2024-05-22 01:00:00+00:00,1.2713,1.27226,1.27094,1.27102,5004
1716354000,2024-05-22 05:00:00+00:00,1.27102,1.27613,1.27081,1.27285,7473
1716368400,2024-05-22 09:00:00+00:00,1.27285,1.27339,1.27002,1.27265,7275
1716382800,2024-05-22 13:00:00+00:00,1.27264,1.2747600000000001,1.2721,1.27438,8518
1716397200,2024-05-22 17:00:00+00:00,1.27438,1.27501,1.27103,1.2716,7257
1716411600,2024-05-22 21:00:00+00:00,1.27159,1.27237,1.27115,1.27195,3016
1716426000,2024-05-23 01:00:00+00:00,1.27194,1.27317,1.27166,1.27256,4912
1716440400,2024-05-23 05:00:00+00:00,1.27256,1.27385,1.2716,1.27204,7738
1716454800,2024-05-23 09:00:00+00:00,1.27204,1.27446,1.27053,1.27319,7618
1716469200,2024-05-23 13:00:00+00:00,1.27319,1.27466,1.27043,1.27119,11942
1716483600,2024-05-23 17:00:00+00:00,1.27121,1.27121,1.26852,1.26973,6999
1716498000,2024-05-23 21:00:00+00:00,1.26968,1.26987,1.26856,1.2694,2964
1716512400,2024-05-24 01:00:00+00:00,1.2694,1.26975,1.2687,1.26917,3995
1716526800,2024-05-24 05:00:00+00:00,1.26915,1.27072,1.26716,1.27048,8541
1716541200,2024-05-24 09:00:00+00:00,1.27048,1.27253,1.27033,1.27207,6612
1716555600,2024-05-24 13:00:00+00:00,1.2720799999999999,1.27508,1.27176,1.27339,9120
1716570000,2024-05-24 17:00:00+00:00,1.27339,1.27459,1.2732,1.2736399999999999,4476
1716757200,2024-05-26 21:00:00+00:00,1.2734,1.2743,1.2726899999999999,1.27387,1987
1716771600,2024-05-27 01:00:00+00:00,1.27387,1.27435,1.27381,1.27427,2160
1716786000,2024-05-27 05:00:00+00:00,1.27427,1.27473,1.27341,1.2741799999999999,3710
1716800400,2024-05-27 09:00:00+00:00,1.27419,1.27584,1.27419,1.27565,4577
1716814800,2024-05-27 13:00:00+00:00,1.27568,1.27776,1.27551,1.27699,4006
1716829200,2024-05-27 17:00:00+00:00,1.27699,1.27714,1.2767,1.27679,1720
1716843600,2024-05-27 21:00:00+00:00,1.27683,1.27758,1.27654,1.27712,2347
1716858000,2024-05-28 01:00:00+00:00,1.27706,1.27829,1.2770299999999999,1.27745,4210
1716872400,2024-05-28 05:00:00+00:00,1.27747,1.2781500000000001,1.27623,1.27689,6116
1716886800,2024-05-28 09:00:00+00:00,1.27689,1.2794400000000001,1.27638,1.27921,5959
1716901200,2024-05-28 13:00:00+00:00,1.27921,1.28006,1.27707,1.27765,8726
1716915600,2024-05-28 17:00:00+00:00,1.2776100000000001,1.27776,1.2753999999999999,1.27607,6246
1716930000,2024-05-28 21:00:00+00:00,1.27609,1.27634,1.27445,1.27536,2971
1716944400,2024-05-29 01:00:00+00:00,1.2753700000000001,1.2759800000000001,1.27469,1.27523,5080
1716958800,2024-05-29 05:00:00+00:00,1.27523,1.27715,1.27492,1.27556,7426
1716973200,2024-05-29 09:00:00+00:00,1.27557,1.27647,1.2735400000000001,1.27445,7600
1716987600,2024-05-29 13:00:00+00:00,1.2745,1.2746,1.2705199999999999,1.2717,10520
1717002000,2024-05-29 17:00:00+00:00,1.27168,1.2717,1.26985,1.27003,5258
1717016400,2024-05-29 21:00:00+00:00,1.26985,1.2705,1.26905,1.26936,3357
1717030800,2024-05-30 01:00:00+00:00,1.2693699999999999,1.27034,1.2689599999999999,1.2695,4877
1717045200,2024-05-30 05:00:00+00:00,1.26948,1.27152,1.26811,1.27125,7772
1717059600,2024-05-30 09:00:00+00:00,1.27125,1.27278,1.27033,1.2724199999999999,7621
1717074000,2024-05-30 13:00:00+00:00,1.27243,1.27471,1.27176,1.27412,9452
1717088400,2024-05-30 17:00:00+00:00,1.27412,1.27436,1.2726199999999999,1.27316,4610
1717102800,2024-05-30 21:00:00+00:00,1.27291,1.2733400000000001,1.27233,1.2730299999999999,3022
1717117200,2024-05-31 01:00:00+00:00,1.2730299999999999,1.2732299999999999,1.2715,1.2721,5216
1717131600,2024-05-31 05:00:00+00:00,1.2721,1.27233,1.27002,1.27099,7628
1717146000,2024-05-31 09:00:00+00:00,1.271,1.27505,1.27066,1.27467,9402
1717160400,2024-05-31 13:00:00+00:00,1.27464,1.2766,1.27179,1.27298,11530
1717174800,2024-05-31 17:00:00+00:00,1.27297,1.27465,1.2724199999999999,1.27407,5497
1717362000,2024-06-02 21:00:00+00:00,1.27335,1.27551,1.27286,1.27532,3167
1717376400,2024-06-03 01:00:00+00:00,1.27531,1.27553,1.27375,1.27431,4172
1717390800,2024-06-03 05:00:00+00:00,1.2743,1.27438,1.27041,1.27046,7960
1717405200,2024-06-03 09:00:00+00:00,1.27047,1.27359,1.26946,1.27311,8311
1717419600,2024-06-03 13:00:00+00:00,1.2731,1.27939,1.2730000000000001,1.2779099999999999,11142
1717434000,2024-06-03 17:00:00+00:00,1.27789,1.2808,1.27753,1.2807,5695
1717448400,2024-06-03 21:00:00+00:00,1.28068,1.28172,1.27982,1.28116,3001
1717462800,2024-06-04 01:00:00+00:00,1.28116,1.28124,1.28036,1.28095,3697
1717477200,2024-06-04 05:00:00+00:00,1.28095,1.2812700000000001,1.27737,1.2776399999999999,8205
1717491600,2024-06-04 09:00:00+00:00,1.27766,1.27786,1.2743,1.27649,9741
1717506000,2024-06-04 13:00:00+00:00,1.27649,1.27917,1.2759,1.27865,11523
1717520400,2024-06-04 17:00:00+00:00,1.27864,1.27968,1.27671,1.27699,6142
1717534800,2024-06-04 21:00:00+00:00,1.27711,1.27769,1.2741500000000001,1.27751,2377
1717549200,2024-06-05 01:00:00+00:00,1.27752,1.27807,1.27699,1.27739,4631
1717563600,2024-06-05 05:00:00+00:00,1.27739,1.27828,1.27648,1.27747,7032
1717578000,2024-06-05 09:00:00+00:00,1.27746,1.2794400000000001,1.27668,1.27924,6840
1717592400,2024-06-05 13:00:00+00:00,1.27923,1.27949,1.27554,1.27777,11428
1717606800,2024-06-05 17:00:00+00:00,1.27778,1.27943,1.27744,1.27857,4199
1717621200,2024-06-05 21:00:00+00:00,1.27851,1.2803,1.27794,1.28018,2655
1717635600,2024-06-06 01:00:00+00:00,1.28018,1.2808899999999999,1.27949,1.27956,4020
1717650000,2024-06-06 05:00:00+00:00,1.27955,1.28003,1.27755,1.2787,6095
1717664400,2024-06-06 09:00:00+00:00,1.2787,1.27911,1.27656,1.27786,7531
1717678800,2024-06-06 13:00:00+00:00,1.27783,1.27891,1.27627,1.27783,9636
1717693200,2024-06-06 17:00:00+00:00,1.27783,1.27955,1.27776,1.27894,4362
1717707600,2024-06-06 21:00:00+00:00,1.27836,1.27939,1.27836,1.27885,2263
1717722000,2024-06-07 01:00:00+00:00,1.2788599999999999,1.27915,1.27836,1.27901,4328
1717736400,2024-06-07 05:00:00+00:00,1.2790300000000001,1.2802,1.2781500000000001,1.27887,6828
1717750800,2024-06-07 09:00:00+00:00,1.2788599999999999,1.28115,1.27254,1.2738,8714
1717765200,2024-06-07 13:00:00+00:00,1.27376,1.27409,1.27159,1.27243,12588
1717779600,2024-06-07 17:00:00+00:00,1.2723900000000001,1.2726899999999999,1.27149,1.27149,5874
1717966800,2024-06-09 21:00:00+00:00,1.27267,1.27314,1.27109,1.27246,3256
1717981200,2024-06-10 01:00:00+00:00,1.27247,1.27268,1.27108,1.27165,3414
1717995600,2024-06-10 05:00:00+00:00,1.27165,1.27244,1.2705600000000001,1.27078,8177
1718010000,2024-06-10 09:00:00+00:00,1.27078,1.27294,1.26882,1.27124,7494
1718024400,2024-06-10 13:00:00+00:00,1.27124,1.27369,1.27041,1.27287,8007
1718038800,2024-06-10 17:00:00+00:00,1.27287,1.27368,1.27241,1.27301,4630
1718053200,2024-06-10 21:00:00+00:00,1.27302,1.27332,1.27048,1.27274,2498
1718067600,2024-06-11 01:00:00+00:00,1.27274,1.2738800000000001,1.2724199999999999,1.27346,3931
1718082000,2024-06-11 05:00:00+00:00,1.27347,1.27401,1.27142,1.2725,7156
1718096400,2024-06-11 09:00:00+00:00,1.27251,1.27495,1.27229,1.27441,9004
1718110800,2024-06-11 13:00:00+00:00,1.27441,1.27477,1.2705899999999999,1.2729,9493
1718125200,2024-06-11 17:00:00+00:00,1.2729,1.27511,1.27268,1.27397,4733
1718139600,2024-06-11 21:00:00+00:00,1.27379,1.2741,1.2726600000000001,1.27333,2247
1718154000,2024-06-12 01:00:00+00:00,1.2733400000000001,1.2744900000000001,1.27329,1.2738800000000001,3911
1718168400,2024-06-12 05:00:00+00:00,1.27387,1.27597,1.27367,1.27575,6095
1718182800,2024-06-12 09:00:00+00:00,1.27575,1.2858,1.27487,1.28531,7893
1718197200,2024-06-12 13:00:00+00:00,1.28528,1.28605,1.28259,1.28455,11667
1718211600,2024-06-12 17:00:00+00:00,1.28457,1.28483,1.2791000000000001,1.27976,11644
1718226000,2024-06-12 21:00:00+00:00,1.27976,1.27994,1.27888,1.27954,2387
1718240400,2024-06-13 01:00:00+00:00,1.27955,1.27996,1.27804,1.27805,4644
1718254800,2024-06-13 05:00:00+00:00,1.27806,1.2799,1.27728,1.27986,6964
1718269200,2024-06-13 09:00:00+00:00,1.27986,1.28076,1.27618,1.27846,8786
1718283600,2024-06-13 13:00:00+00:00,1.27846,1.27929,1.27386,1.27454,11779
1718298000,2024-06-13 17:00:00+00:00,1.27454,1.2766899999999999,1.2745,1.27617,5837
1718312400,2024-06-13 21:00:00+00:00,1.27596,1.2762,1.2739,1.27507,2431
1718326800,2024-06-14 01:00:00+00:00,1.27507,1.2763200000000001,1.2748599999999999,1.27489,4794
1718341200,2024-06-14 05:00:00+00:00,1.27489,1.27528,1.272,1.27216,9458
1718355600,2024-06-14 09:00:00+00:00,1.27215,1.27224,1.26702,1.26906,11738
1718370000,2024-06-14 13:00:00+00:00,1.26906,1.26959,1.2656800000000001,1.2686600000000001,10963
1718384400,2024-06-14 17:00:00+00:00,1.26865,1.26926,1.26783,1.26852,4919
1718571600,2024-06-16 21:00:00+00:00,1.26823,1.26884,1.26733,1.26841,3084
1718586000,2024-06-17 01:00:00+00:00,1.26841,1.26865,1.26766,1.26833,4331
1718600400,2024-06-17 05:00:00+00:00,1.26833,1.26841,1.26613,1.26741,8813
1718614800,2024-06-17 09:00:00+00:00,1.26743,1.26775,1.2658800000000001,1.26673,7620
1718629200,2024-06-17 13:00:00+00:00,1.26673,1.26977,1.26642,1.2696399999999999,8410
1718643600,2024-06-17 17:00:00+00:00,1.26965,1.27093,1.26952,1.27043,4620
1718658000,2024-06-17 21:00:00+00:00,1.27011,1.27149,1.26942,1.27097,2769
1718672400,2024-06-18 01:00:00+00:00,1.27097,1.27109,1.26931,1.2694,4291
1718686800,2024-06-18 05:00:00+00:00,1.2694,1.27024,1.26729,1.26801,7798
1718701200,2024-06-18 09:00:00+00:00,1.26798,1.26939,1.26688,1.26913,8493
1718715600,2024-06-18 13:00:00+00:00,1.26914,1.2721,1.26855,1.27024,10060
1718730000,2024-06-18 17:00:00+00:00,1.27024,1.27099,1.26981,1.27082,5506
1718744400,2024-06-18 21:00:00+00:00,1.27074,1.27109,1.26885,1.27038,2181
1718758800,2024-06-19 01:00:00+00:00,1.27037,1.27134,1.27029,1.2705600000000001,3271
1718773200,2024-06-19 05:00:00+00:00,1.2705600000000001,1.27328,1.27001,1.2732700000000001,7657
1718787600,2024-06-19 09:00:00+00:00,1.2732700000000001,1.27399,1.27156,1.27196,6807
1718802000,2024-06-19 13:00:00+00:00,1.27197,1.27338,1.27168,1.2720799999999999,4739
1718816400,2024-06-19 17:00:00+00:00,1.27207,1.27217,1.27139,1.27166,1237
1718830800,2024-06-19 21:00:00+00:00,1.27169,1.27225,1.27093,1.27151,2188
1718845200,2024-06-20 01:00:00+00:00,1.27151,1.27187,1.27098,1.27133,3401
1718859600,2024-06-20 05:00:00+00:00,1.27132,1.27151,1.26956,1.26969,6528
1718874000,2024-06-20 09:00:00+00:00,1.2697,1.27077,1.26752,1.2678,8574
1718888400,2024-06-20 13:00:00+00:00,1.26779,1.2687599999999999,1.2659,1.26633,8916
1718902800,2024-06-20 17:00:00+00:00,1.26633,1.26819,1.26547,1.26565,5702
1718917200,2024-06-20 21:00:00+00:00,1.26565,1.2662200000000001,1.26505,1.26567,2124
1718931600,2024-06-21 01:00:00+00:00,1.26567,1.26654,1.26552,1.26616,3220
1718946000,2024-06-21 05:00:00+00:00,1.26616,1.26731,1.26306,1.26543,7986
1718960400,2024-06-21 09:00:00+00:00,1.26543,1.26607,1.26309,1.26485,7601
1718974800,2024-06-21 13:00:00+00:00,1.26484,1.26506,1.26224,1.2639,9544
1718989200,2024-06-21 17:00:00+00:00,1.26385,1.26515,1.26357,1.2640500000000001,4886
1719176400,2024-06-23 21:00:00+00:00,1.2641,1.26455,1.26295,1.26404,2449
1719190800,2024-06-24 01:00:00+00:00,1.26404,1.26452,1.26328,1.2645,4609
1719205200,2024-06-24 05:00:00+00:00,1.2645,1.26657,1.26446,1.26575,6141
1719219600,2024-06-24 09:00:00+00:00,1.26575,1.26719,1.2657,1.26651,6989
1719234000,2024-06-24 13:00:00+00:00,1.2665,1.26978,1.2665,1.26801,7849
1719248400,2024-06-24 17:00:00+00:00,1.268,1.26935,1.26735,1.26828,5155
1719262800,2024-06-24 21:00:00+00:00,1.26829,1.26895,1.2666,1.2686,1986
1719277200,2024-06-25 01:00:00+00:00,1.2686,1.26965,1.26837,1.26941,3753
1719291600,2024-06-25 05:00:00+00:00,1.26942,1.2702,1.26826,1.27009,5932
1719306000,2024-06-25 09:00:00+00:00,1.27009,1.2702499999999999,1.2675100000000001,1.26798,6872
1719320400,2024-06-25 13:00:00+00:00,1.26798,1.26871,1.26701,1.26786,8377
1719334800,2024-06-25 17:00:00+00:00,1.26784,1.2696,1.2677,1.26844,4218
1719349200,2024-06-25 21:00:00+00:00,1.26856,1.26882,1.26756,1.26845,2424
1719363600,2024-06-26 01:00:00+00:00,1.26844,1.2693699999999999,1.2683499999999999,1.26863,4320
1719378000,2024-06-26 05:00:00+00:00,1.26863,1.26887,1.26612,1.26654,6796
1719392400,2024-06-26 09:00:00+00:00,1.2665199999999999,1.26739,1.26394,1.26449,7503
1719406800,2024-06-26 13:00:00+00:00,1.2645,1.2651,1.26182,1.2625899999999999,10315
1719421200,2024-06-26 17:00:00+00:00,1.2625899999999999,1.26376,1.26155,1.26214,5278
1719435600,2024-06-26 21:00:00+00:00,1.26175,1.26242,1.26125,1.26143,2920
1719450000,2024-06-27 01:00:00+00:00,1.26142,1.26363,1.2614,1.26361,3810
1719464400,2024-06-27 05:00:00+00:00,1.26362,1.26472,1.26263,1.2635100000000001,6813
1719478800,2024-06-27 09:00:00+00:00,1.26352,1.26609,1.26343,1.26552,8196
1719493200,2024-06-27 13:00:00+00:00,1.26551,1.26704,1.26437,1.26511,9594
1719507600,2024-06-27 17:00:00+00:00,1.26511,1.2653400000000001,1.26368,1.26388,4715
1719522000,2024-06-27 21:00:00+00:00,1.26365,1.2646899999999999,1.26287,1.2629000000000001,2595
1719536400,2024-06-28 01:00:00+00:00,1.26291,1.2637800000000001,1.26215,1.26228,4829
1719550800,2024-06-28 05:00:00+00:00,1.2622900000000001,1.2649599999999999,1.26227,1.2635399999999999,6185
1719565200,2024-06-28 09:00:00+00:00,1.2635399999999999,1.26626,1.26308,1.26505,8302
1719579600,2024-06-28 13:00:00+00:00,1.26502,1.26515,1.26196,1.2642,12535
1719594000,2024-06-28 17:00:00+00:00,1.2642,1.26541,1.26311,1.2644199999999999,6573
1719781200,2024-06-30 21:00:00+00:00,1.2651,1.2656,1.26373,1.2652700000000001,3439
1719795600,2024-07-01 01:00:00+00:00,1.2652700000000001,1.26657,1.2650299999999999,1.26569,4332
1719810000,2024-07-01 05:00:00+00:00,1.26567,1.26889,1.2656399999999999,1.26738,8364
1719824400,2024-07-01 09:00:00+00:00,1.26738,1.26802,1.26581,1.26655,7639
1719838800,2024-07-01 13:00:00+00:00,1.2665600000000001,1.27092,1.26362,1.26481,11153
1719853200,2024-07-01 17:00:00+00:00,1.26483,1.26517,1.26332,1.26495,3756
1719867600,2024-07-01 21:00:00+00:00,1.26464,1.26526,1.26337,1.26411,2007
1719882000,2024-07-02 01:00:00+00:00,1.26411,1.26423,1.2631999999999999,1.2633,2889
1719896400,2024-07-02 05:00:00+00:00,1.2633,1.26397,1.26154,1.2629000000000001,6577
1719910800,2024-07-02 09:00:00+00:00,1.2629000000000001,1.26325,1.26272,1.26324,240
1719954000,2024-07-02 21:00:00+00:00,1.26841,1.26931,1.26663,1.26884,1955
1719968400,2024-07-03 01:00:00+00:00,1.26885,1.26886,1.26814,1.26868,2686
1719982800,2024-07-03 05:00:00+00:00,1.26867,1.2701500000000001,1.2678099999999999,1.2695699999999999,5860
1719997200,2024-07-03 09:00:00+00:00,1.2695699999999999,1.27222,1.26921,1.27185,6175
1720011600,2024-07-03 13:00:00+00:00,1.27185,1.2777,1.2718,1.2753999999999999,10165
1720026000,2024-07-03 17:00:00+00:00,1.2753999999999999,1.2753999999999999,1.27338,1.2741,2990
1720040400,2024-07-03 21:00:00+00:00,1.27455,1.2751700000000001,1.27299,1.27509,1923
1720054800,2024-07-04 01:00:00+00:00,1.27509,1.27539,1.27411,1.27434,2880
1720069200,2024-07-04 05:00:00+00:00,1.27434,1.27624,1.27409,1.27556,5640
1720083600,2024-07-04 09:00:00+00:00,1.27556,1.27637,1.2747,1.27494,5230
1720098000,2024-07-04 13:00:00+00:00,1.27494,1.27674,1.27472,1.27609,4151
1720112400,2024-07-04 17:00:00+00:00,1.27609,1.27627,1.27569,1.27575,1458
1720126800,2024-07-04 21:00:00+00:00,1.27585,1.2766899999999999,1.27522,1.27641,2535
1720141200,2024-07-05 01:00:00+00:00,1.2764,1.27724,1.27616,1.2770000000000001,3747
1720155600,2024-07-05 05:00:00+00:00,1.2770000000000001,1.27813,1.2763200000000001,1.27796,5780
1720170000,2024-07-05 09:00:00+00:00,1.27796,1.28104,1.2760500000000001,1.28029,6976
1720184400,2024-07-05 13:00:00+00:00,1.28029,1.28139,1.27869,1.27982,11265
1720198800,2024-07-05 17:00:00+00:00,1.27982,1.2817,1.27975,1.28135,4027
1720386000,2024-07-07 21:00:00+00:00,1.2796,1.2815400000000001,1.27839,1.28046,3107
1720400400,2024-07-08 01:00:00+00:00,1.28046,1.28185,1.28023,1.28146,3684
1720414800,2024-07-08 05:00:00+00:00,1.28146,1.28213,1.27996,1.2819099999999999,7332
1720429200,2024-07-08 09:00:00+00:00,1.2819,1.28399,1.28128,1.28382,7017
1720443600,2024-07-08 13:00:00+00:00,1.28382,1.28455,1.28201,1.28212,6917
1720458000,2024-07-08 17:00:00+00:00,1.28212,1.28225,1.28036,1.2805900000000001,2827
1720472400,2024-07-08 21:00:00+00:00,1.28042,1.28167,1.28024,1.28081,1828
1720486800,2024-07-09 01:00:00+00:00,1.28082,1.28092,1.27989,1.28087,3591
1720501200,2024-07-09 05:00:00+00:00,1.28086,1.28125,1.27961,1.28054,5849
1720515600,2024-07-09 09:00:00+00:00,1.28054,1.28253,1.2793700000000001,1.2806600000000001,5805
1720530000,2024-07-09 13:00:00+00:00,1.28075,1.28209,1.27779,1.2783,9642
1720544400,2024-07-09 17:00:00+00:00,1.2783,1.2790300000000001,1.2781500000000001,1.27854,4249
1720558800,2024-07-09 21:00:00+00:00,1.27833,1.27915,1.2778800000000001,1.27857,2348
1720573200,2024-07-10 01:00:00+00:00,1.27858,1.27945,1.2784499999999999,1.27943,3591
1720587600,2024-07-10 05:00:00+00:00,1.2794400000000001,1.28018,1.27885,1.27966,5509
1720602000,2024-07-10 09:00:00+00:00,1.2796699999999999,1.28122,1.27966,1.28083,5765
1720616400,2024-07-10 13:00:00+00:00,1.28083,1.2846600000000001,1.28064,1.2846199999999999,7838
1720630800,2024-07-10 17:00:00+00:00,1.2846199999999999,1.28488,1.28348,1.28477,3491
1720645200,2024-07-10 21:00:00+00:00,1.28476,1.28582,1.28454,1.28546,1834
1720659600,2024-07-11 01:00:00+00:00,1.28546,1.2864200000000001,1.28491,1.2858,2793
1720674000,2024-07-11 05:00:00+00:00,1.2858100000000001,1.28751,1.28549,1.2875,5885
1720688400,2024-07-11 09:00:00+00:00,1.28749,1.29487,1.28688,1.2931599999999999,7737
1720702800,2024-07-11 13:00:00+00:00,1.29314,1.29483,1.29036,1.2910599999999999,13239
1720717200,2024-07-11 17:00:00+00:00,1.2910599999999999,1.2915,1.2898800000000001,1.2913700000000001,6206
1720731600,2024-07-11 21:00:00+00:00,1.2913000000000001,1.29242,1.29038,1.29092,4733
1720746000,2024-07-12 01:00:00+00:00,1.29091,1.29125,1.29021,1.2911299999999999,4223
1720760400,2024-07-12 05:00:00+00:00,1.29115,1.29456,1.29028,1.29456,6550
1720774800,2024-07-12 09:00:00+00:00,1.29457,1.29683,1.29303,1.2965,8035
1720789200,2024-07-12 13:00:00+00:00,1.29651,1.29905,1.29578,1.2987,10923
1720803600,2024-07-12 17:00:00+00:00,1.2987199999999999,1.29905,1.29804,1.29875,4041
1720990800,2024-07-14 21:00:00+00:00,1.29636,1.2980800000000001,1.29615,1.29661,3914
1721005200,2024-07-15 01:00:00+00:00,1.29661,1.29757,1.29617,1.29755,3084
1721019600,2024-07-15 05:00:00+00:00,1.29755,1.29895,1.29635,1.29886,6324
1721034000,2024-07-15 09:00:00+00:00,1.29886,1.2990599999999999,1.29674,1.2977,7371
1721048400,2024-07-15 13:00:00+00:00,1.29771,1.29946,1.29673,1.29771,9416
1721062800,2024-07-15 17:00:00+00:00,1.29771,1.29771,1.29622,1.29666,6129
1721077200,2024-07-15 21:00:00+00:00,1.2967,1.297,1.29614,1.29649,2510
1721091600,2024-07-16 01:00:00+00:00,1.29649,1.29665,1.29612,1.29627,3311
1721106000,2024-07-16 05:00:00+00:00,1.2962799999999999,1.29727,1.29514,1.29634,6781
1721120400,2024-07-16 09:00:00+00:00,1.29631,1.29798,1.29383,1.2946900000000001,8358
1721134800,2024-07-16 13:00:00+00:00,1.2946900000000001,1.2958,1.2941,1.29544,8865
1721149200,2024-07-16 17:00:00+00:00,1.29543,1.29767,1.2953000000000001,1.29724,4604
1721163600,2024-07-16 21:00:00+00:00,1.29727,1.29788,1.29603,1.29698,2861
1721178000,2024-07-17 01:00:00+00:00,1.29699,1.29785,1.2967,1.29681,3360
1721192400,2024-07-17 05:00:00+00:00,1.29681,1.30302,1.2965900000000001,1.30285,9286
1721206800,2024-07-17 09:00:00+00:00,1.30285,1.3044,1.3022,1.30323,8398
1721221200,2024-07-17 13:00:00+00:00,1.30322,1.30363,1.29989,1.30042,10251
1721235600,2024-07-17 17:00:00+00:00,1.30041,1.30121,1.30004,1.30085,6051
1721250000,2024-07-17 21:00:00+00:00,1.30081,1.30107,1.3002,1.30036,3732
1721264400,2024-07-18 01:00:00+00:00,1.30035,1.30072,1.2999,1.30015,4878
1721278800,2024-07-18 05:00:00+00:00,1.30015,1.30126,1.29831,1.29858,8271
1721293200,2024-07-18 09:00:00+00:00,1.29857,1.29965,1.29751,1.2981500000000001,7226
1721307600,2024-07-18 13:00:00+00:00,1.2981500000000001,1.29849,1.29683,1.2971599999999999,10695
1721322000,2024-07-18 17:00:00+00:00,1.2971599999999999,1.2972000000000001,1.29404,1.29429,6327
1721336400,2024-07-18 21:00:00+00:00,1.29417,1.2951,1.29343,1.29447,3420
1721350800,2024-07-19 01:00:00+00:00,1.29448,1.2947,1.29344,1.29389,3933
1721365200,2024-07-19 05:00:00+00:00,1.29389,1.29417,1.29144,1.29172,8083
1721379600,2024-07-19 09:00:00+00:00,1.29168,1.2928600000000001,1.2901099999999999,1.29203,7357
1721394000,2024-07-19 13:00:00+00:00,1.29203,1.29265,1.2912,1.29142,8515
1721408400,2024-07-19 17:00:00+00:00,1.29142,1.29184,1.29067,1.29112,5312
1721595600,2024-07-21 21:00:00+00:00,1.2919,1.29392,1.29047,1.29284,3744
1721610000,2024-07-22 01:00:00+00:00,1.29284,1.29299,1.29122,1.29177,4149
1721624400,2024-07-22 05:00:00+00:00,1.2917399999999999,1.29321,1.29102,1.29277,8212
1721638800,2024-07-22 09:00:00+00:00,1.29276,1.2942,1.29139,1.29165,6789
1721653200,2024-07-22 13:00:00+00:00,1.29172,1.29195,1.29051,1.29179,8019
1721667600,2024-07-22 17:00:00+00:00,1.29183,1.29341,1.2918,1.2932000000000001,3871
1721682000,2024-07-22 21:00:00+00:00,1.2931300000000001,1.29349,1.29224,1.2928,3024
1721696400,2024-07-23 01:00:00+00:00,1.2928,1.29335,1.29247,1.29279,3710
1721710800,2024-07-23 05:00:00+00:00,1.29279,1.2928600000000001,1.29092,1.2923200000000001,6843
1721725200,2024-07-23 09:00:00+00:00,1.29234,1.29253,1.2888,1.29055,7631
1721739600,2024-07-23 13:00:00+00:00,1.29055,1.29175,1.29044,1.291,7880
1721754000,2024-07-23 17:00:00+00:00,1.291,1.29131,1.29002,1.29067,4079
1721768400,2024-07-23 21:00:00+00:00,1.29062,1.291,1.2896,1.28968,2410
1721782800,2024-07-24 01:00:00+00:00,1.2897,1.28997,1.28841,1.28872,4477
1721797200,2024-07-24 05:00:00+00:00,1.28874,1.29016,1.28777,1.28968,7848
1721811600,2024-07-24 09:00:00+00:00,1.28968,1.29298,1.2888600000000001,1.29282,6902
1721826000,2024-07-24 13:00:00+00:00,1.2928899999999999,1.29373,1.29145,1.2925900000000001,8537
1721840400,2024-07-24 17:00:00+00:00,1.2925900000000001,1.29271,1.28993,1.29061,5425
1721854800,2024-07-24 21:00:00+00:00,1.29053,1.29089,1.2889,1.2896,3739
1721869200,2024-07-25 01:00:00+00:00,1.2896,1.28985,1.2885900000000001,1.28888,5425
1721883600,2024-07-25 05:00:00+00:00,1.2888899999999999,1.2913700000000001,1.28738,1.28858,9030
1721898000,2024-07-25 09:00:00+00:00,1.2885900000000001,1.2894,1.28569,1.28752,9192
1721912400,2024-07-25 13:00:00+00:00,1.28752,1.2892000000000001,1.28632,1.2883,12229
1721926800,2024-07-25 17:00:00+00:00,1.2883,1.28898,1.28491,1.28505,6345
1721941200,2024-07-25 21:00:00+00:00,1.2848600000000001,1.28606,1.2847,1.2857,2894
1721955600,2024-07-26 01:00:00+00:00,1.28569,1.28657,1.28543,1.28638,3769
1721970000,2024-07-26 05:00:00+00:00,1.28638,1.28728,1.2857,1.28658,6207
1721984400,2024-07-26 09:00:00+00:00,1.2864900000000001,1.28738,1.28538,1.28663,6721
1721998800,2024-07-26 13:00:00+00:00,1.28665,1.28753,1.28501,1.28741,8755
1722013200,2024-07-26 17:00:00+00:00,1.28742,1.28779,1.28633,1.28638,4597
1722200400,2024-07-28 21:00:00+00:00,1.2859,1.28881,1.28573,1.2885,3587
1722214800,2024-07-29 01:00:00+00:00,1.28849,1.28879,1.28739,1.2875,4405
1722229200,2024-07-29 05:00:00+00:00,1.2875,1.28781,1.2808,1.28129,7489
1722243600,2024-07-29 09:00:00+00:00,1.2812999999999999,1.2846199999999999,1.28068,1.28382,6169
1722258000,2024-07-29 13:00:00+00:00,1.28382,1.28596,1.28231,1.28542,6519
1722272400,2024-07-29 17:00:00+00:00,1.28542,1.28678,1.28539,1.2861099999999999,4449
1722286800,2024-07-29 21:00:00+00:00,1.28582,1.2866,1.28508,1.28531,2816
1722301200,2024-07-30 01:00:00+00:00,1.28531,1.28598,1.2845,1.28582,3541
1722315600,2024-07-30 05:00:00+00:00,1.28582,1.28639,1.28433,1.28589,6421
1722330000,2024-07-30 09:00:00+00:00,1.28589,1.28643,1.2828300000000001,1.28286,5503
1722344400,2024-07-30 13:00:00+00:00,1.28285,1.28441,1.282,1.2833700000000001,9936
1722358800,2024-07-30 17:00:00+00:00,1.28335,1.28395,1.28268,1.28345,5064
1722373200,2024-07-30 21:00:00+00:00,1.28338,1.28422,1.28217,1.28404,3337
1722387600,2024-07-31 01:00:00+00:00,1.28404,1.2852299999999999,1.28352,1.28456,6786
1722402000,2024-07-31 05:00:00+00:00,1.28456,1.2847,1.28209,1.283,9214
1722416400,2024-07-31 09:00:00+00:00,1.283,1.28544,1.28209,1.28474,8618
1722430800,2024-07-31 13:00:00+00:00,1.28474,1.28542,1.28225,1.28363,10681
1722445200,2024-07-31 17:00:00+00:00,1.28363,1.28641,1.28203,1.2854999999999999,10257
1722459600,2024-07-31 21:00:00+00:00,1.28545,1.28627,1.28484,1.28532,3080
1722474000,2024-08-01 01:00:00+00:00,1.28531,1.28603,1.28478,1.28501,5929
1722488400,2024-08-01 05:00:00+00:00,1.28501,1.28533,1.27763,1.27789,9382
1722502800,2024-08-01 09:00:00+00:00,1.27789,1.28232,1.27501,1.28103,10077
1722517200,2024-08-01 13:00:00+00:00,1.28102,1.28395,1.27519,1.27543,11480
1722531600,2024-08-01 17:00:00+00:00,1.27543,1.2758099999999999,1.27267,1.27366,6935
1722546000,2024-08-01 21:00:00+00:00,1.2739099999999999,1.27394,1.2720500000000001,1.27236,4885
1722560400,2024-08-02 01:00:00+00:00,1.27236,1.27297,1.27131,1.27251,5774
1722574800,2024-08-02 05:00:00+00:00,1.27252,1.2739500000000001,1.27072,1.27352,9708
1722589200,2024-08-02 09:00:00+00:00,1.27353,1.2808,1.27332,1.28022,9573
1722603600,2024-08-02 13:00:00+00:00,1.28017,1.28399,1.27835,1.27888,14883
1722618000,2024-08-02 17:00:00+00:00,1.27888,1.28124,1.27887,1.28036,7607
1722805200,2024-08-04 21:00:00+00:00,1.28006,1.28083,1.27794,1.27839,6782
1722819600,2024-08-05 01:00:00+00:00,1.27839,1.28047,1.2778,1.2800500000000001,10048
1722834000,2024-08-05 05:00:00+00:00,1.2800500000000001,1.28166,1.27104,1.27626,17923
1722848400,2024-08-05 09:00:00+00:00,1.27622,1.27773,1.27275,1.27519,13911
1722862800,2024-08-05 13:00:00+00:00,1.27519,1.27958,1.2748300000000001,1.27664,19486
1722877200,2024-08-05 17:00:00+00:00,1.2766,1.2778800000000001,1.27444,1.27732,10568
1722891600,2024-08-05 21:00:00+00:00,1.27737,1.28027,1.27603,1.28027,7755
1722906000,2024-08-06 01:00:00+00:00,1.28027,1.28031,1.27721,1.27729,8881
1722920400,2024-08-06 05:00:00+00:00,1.27729,1.27785,1.27297,1.27321,13580
1722934800,2024-08-06 09:00:00+00:00,1.27321,1.27321,1.26728,1.26792,12619
1722949200,2024-08-06 13:00:00+00:00,1.26792,1.2726,1.26787,1.27047,14591
1722963600,2024-08-06 17:00:00+00:00,1.27046,1.27093,1.26847,1.26906,8488
1722978000,2024-08-06 21:00:00+00:00,1.26906,1.27034,1.26628,1.27028,5319
1722992400,2024-08-07 01:00:00+00:00,1.27028,1.2718,1.26931,1.2704,9171
1723006800,2024-08-07 05:00:00+00:00,1.27043,1.27161,1.2687599999999999,1.27017,11282
1723021200,2024-08-07 09:00:00+00:00,1.2701799999999999,1.27355,1.26972,1.27224,9520
1723035600,2024-08-07 13:00:00+00:00,1.27223,1.2726,1.27046,1.27072,11269
1723050000,2024-08-07 17:00:00+00:00,1.27075,1.27097,1.26834,1.26897,8699
1723064400,2024-08-07 21:00:00+00:00,1.26852,1.26935,1.2678,1.2680799999999999,4039
1723078800,2024-08-08 01:00:00+00:00,1.2680799999999999,1.27021,1.26806,1.26951,6806
1723093200,2024-08-08 05:00:00+00:00,1.26951,1.27133,1.26901,1.27001,8855
1723107600,2024-08-08 09:00:00+00:00,1.27002,1.27042,1.26648,1.2675100000000001,9711
1723122000,2024-08-08 13:00:00+00:00,1.26753,1.27435,1.26753,1.2742200000000001,12147
1723136400,2024-08-08 17:00:00+00:00,1.2742200000000001,1.27523,1.27344,1.2747899999999999,6348
1723150800,2024-08-08 21:00:00+00:00,1.27455,1.27493,1.27273,1.27404,3857
1723165200,2024-08-09 01:00:00+00:00,1.27406,1.27602,1.27405,1.27496,5709
1723179600,2024-08-09 05:00:00+00:00,1.27495,1.27721,1.27478,1.27651,7432
1723194000,2024-08-09 09:00:00+00:00,1.27651,1.27681,1.2726,1.27368,7045
1723208400,2024-08-09 13:00:00+00:00,1.27369,1.27734,1.2731,1.27575,9573
1723222800,2024-08-09 17:00:00+00:00,1.27575,1.27698,1.27536,1.27569,5746
1723410000,2024-08-11 21:00:00+00:00,1.2765,1.2765,1.27468,1.27565,2720
1723424400,2024-08-12 01:00:00+00:00,1.27561,1.2763,1.2756,1.27628,3413
1723438800,2024-08-12 05:00:00+00:00,1.27628,1.27817,1.27596,1.27637,6159
1723453200,2024-08-12 09:00:00+00:00,1.27636,1.2775,1.27526,1.2763499999999999,5630
1723467600,2024-08-12 13:00:00+00:00,1.2763499999999999,1.27935,1.27568,1.27579,9964
1723482000,2024-08-12 17:00:00+00:00,1.2757800000000001,1.2771,1.27553,1.27649,4917
1723496400,2024-08-12 21:00:00+00:00,1.27648,1.27715,1.2758,1.27661,2390
1723510800,2024-08-13 01:00:00+00:00,1.27661,1.2778800000000001,1.27641,1.27786,3279
1723525200,2024-08-13 05:00:00+00:00,1.27786,1.2812700000000001,1.27758,1.27973,7000
1723539600,2024-08-13 09:00:00+00:00,1.27976,1.28125,1.2779,1.2806899999999999,8025
1723554000,2024-08-13 13:00:00+00:00,1.2806899999999999,1.28468,1.27997,1.28449,9868
1723568400,2024-08-13 17:00:00+00:00,1.28449,1.28726,1.28434,1.28606,6074
1723582800,2024-08-13 21:00:00+00:00,1.28619,1.2867199999999999,1.28512,1.28626,2454
1723597200,2024-08-14 01:00:00+00:00,1.28627,1.28682,1.28538,1.28583,5100
1723611600,2024-08-14 05:00:00+00:00,1.28583,1.2861,1.28147,1.2840799999999999,7543
1723626000,2024-08-14 09:00:00+00:00,1.2840799999999999,1.2861500000000001,1.28268,1.28394,7024
1723640400,2024-08-14 13:00:00+00:00,1.28389,1.28636,1.2833,1.28376,9983
1723654800,2024-08-14 17:00:00+00:00,1.28377,1.28377,1.28208,1.28292,5235
1723669200,2024-08-14 21:00:00+00:00,1.2828300000000001,1.28309,1.28179,1.28267,2142
1723683600,2024-08-15 01:00:00+00:00,1.28268,1.28404,1.28197,1.28396,4314
1723698000,2024-08-15 05:00:00+00:00,1.28397,1.28577,1.28376,1.2843499999999999,5689
1723712400,2024-08-15 09:00:00+00:00,1.2843499999999999,1.28693,1.28099,1.28173,6426
1723726800,2024-08-15 13:00:00+00:00,1.28175,1.28711,1.27987,1.28514,10342
1723741200,2024-08-15 17:00:00+00:00,1.28514,1.2864200000000001,1.28477,1.28525,4498
1723755600,2024-08-15 21:00:00+00:00,1.28537,1.28634,1.28423,1.28623,2806
1723770000,2024-08-16 01:00:00+00:00,1.28624,1.28749,1.28601,1.28726,3349
1723784400,2024-08-16 05:00:00+00:00,1.28726,1.28909,1.28702,1.28853,5577
1723798800,2024-08-16 09:00:00+00:00,1.28853,1.29136,1.28848,1.28971,6048
1723813200,2024-08-16 13:00:00+00:00,1.28969,1.29212,1.28813,1.29202,7597
1723827600,2024-08-16 17:00:00+00:00,1.29202,1.29457,1.29202,1.29425,4350
1724014800,2024-08-18 21:00:00+00:00,1.29405,1.29524,1.29204,1.29448,3064
1724029200,2024-08-19 01:00:00+00:00,1.29448,1.29597,1.29434,1.29529,4408
1724043600,2024-08-19 05:00:00+00:00,1.2953000000000001,1.29752,1.29524,1.29714,6913
1724058000,2024-08-19 09:00:00+00:00,1.2971599999999999,1.29719,1.2942,1.29505,5440
1724072400,2024-08-19 13:00:00+00:00,1.29504,1.29968,1.29404,1.29814,8088
1724086800,2024-08-19 17:00:00+00:00,1.29814,1.2995999999999999,1.29787,1.29883,4454
1724101200,2024-08-19 21:00:00+00:00,1.2983500000000001,1.29938,1.29778,1.29856,2224
1724115600,2024-08-20 01:00:00+00:00,1.29856,1.29928,1.29768,1.29794,4259
1724130000,2024-08-20 05:00:00+00:00,1.29793,1.30125,1.2974,1.30005,6453
1724144400,2024-08-20 09:00:00+00:00,1.30005,1.30295,1.29914,1.30268,6214
1724158800,2024-08-20 13:00:00+00:00,1.3026900000000001,1.30522,1.30124,1.30248,9979
1724173200,2024-08-20 17:00:00+00:00,1.30249,1.30355,1.3017400000000001,1.30322,4566
1724187600,2024-08-20 21:00:00+00:00,1.30323,1.30379,1.3023799999999999,1.30341,3511
1724202000,2024-08-21 01:00:00+00:00,1.30342,1.30359,1.30223,1.3026,3882
1724216400,2024-08-21 05:00:00+00:00,1.3026,1.30311,1.30107,1.30126,6257
1724230800,2024-08-21 09:00:00+00:00,1.30125,1.3047900000000001,1.30125,1.30447,5693
1724245200,2024-08-21 13:00:00+00:00,1.30446,1.3091,1.3032,1.3089,12179
1724259600,2024-08-21 17:00:00+00:00,1.30892,1.3119,1.30846,1.30873,6378
1724274000,2024-08-21 21:00:00+00:00,1.30896,1.30966,1.30842,1.30895,2781
1724288400,2024-08-22 01:00:00+00:00,1.30895,1.30908,1.30813,1.30836,3411
1724302800,2024-08-22 05:00:00+00:00,1.30836,1.31284,1.30811,1.31134,6542
1724317200,2024-08-22 09:00:00+00:00,1.31135,1.31273,1.30953,1.3118400000000001,7303
1724331600,2024-08-22 13:00:00+00:00,1.3118400000000001,1.31305,1.30815,1.30858,9545
1724346000,2024-08-22 17:00:00+00:00,1.3086,1.30946,1.30763,1.30895,5504
1724360400,2024-08-22 21:00:00+00:00,1.30872,1.3101099999999999,1.30837,1.30981,2916
1724374800,2024-08-23 01:00:00+00:00,1.30981,1.31093,1.30963,1.3109,4144
1724389200,2024-08-23 05:00:00+00:00,1.31089,1.3130899999999999,1.31067,1.3130899999999999,5745
1724403600,2024-08-23 09:00:00+00:00,1.31308,1.31364,1.31106,1.31193,6136
1724418000,2024-08-23 13:00:00+00:00,1.31188,1.32298,1.31082,1.31906,13819
1724432400,2024-08-23 17:00:00+00:00,1.31902,1.32207,1.3189,1.32129,6894
1724619600,2024-08-25 21:00:00+00:00,1.3207,1.3219400000000001,1.3192,1.32139,3640
1724634000,2024-08-26 01:00:00+00:00,1.32137,1.32218,1.31988,1.32007,3933
1724648400,2024-08-26 05:00:00+00:00,1.32006,1.32094,1.3189600000000001,1.31976,5778
1724662800,2024-08-26 09:00:00+00:00,1.31976,1.3205200000000001,1.31796,1.32013,6892
1724677200,2024-08-26 13:00:00+00:00,1.32013,1.32091,1.31803,1.31982,9575
1724691600,2024-08-26 17:00:00+00:00,1.31983,1.32071,1.31816,1.31855,5003
1724706000,2024-08-26 21:00:00+00:00,1.31876,1.3192599999999999,1.31769,1.31811,2604
1724720400,2024-08-27 01:00:00+00:00,1.31811,1.31949,1.31811,1.31927,3087
1724734800,2024-08-27 05:00:00+00:00,1.31928,1.32229,1.31912,1.32176,6966
1724749200,2024-08-27 09:00:00+00:00,1.32171,1.32463,1.32036,1.32126,7986
1724763600,2024-08-27 13:00:00+00:00,1.32123,1.32419,1.32123,1.32325,9456
1724778000,2024-08-27 17:00:00+00:00,1.32325,1.3265799999999999,1.3231600000000001,1.32598,5392
1724792400,2024-08-27 21:00:00+00:00,1.32541,1.32623,1.32415,1.32593,2463
1724806800,2024-08-28 01:00:00+00:00,1.32593,1.32602,1.32399,1.3241399999999999,4469
1724821200,2024-08-28 05:00:00+00:00,1.3241399999999999,1.3244,1.32168,1.32297,7328
1724835600,2024-08-28 09:00:00+00:00,1.32297,1.32392,1.3198699999999999,1.32099,8494
1724850000,2024-08-28 13:00:00+00:00,1.32099,1.32303,1.31738,1.31855,11068
1724864400,2024-08-28 17:00:00+00:00,1.31854,1.3191,1.31677,1.31901,6283
1724878800,2024-08-28 21:00:00+00:00,1.31904,1.32078,1.31874,1.32061,3201
1724893200,2024-08-29 01:00:00+00:00,1.32061,1.3212,1.31966,1.32119,4229
1724907600,2024-08-29 05:00:00+00:00,1.32119,1.3226499999999999,1.31683,1.31881,9020
1724922000,2024-08-29 09:00:00+00:00,1.31883,1.32019,1.31537,1.31605,9567
1724936400,2024-08-29 13:00:00+00:00,1.31605,1.31901,1.31451,1.31824,11678
1724950800,2024-08-29 17:00:00+00:00,1.31823,1.31891,1.31632,1.31676,6633
1724965200,2024-08-29 21:00:00+00:00,1.3168199999999999,1.3170600000000001,1.3155999999999999,1.31674,2677
1724979600,2024-08-30 01:00:00+00:00,1.31674,1.3171,1.316,1.31641,3833
1724994000,2024-08-30 05:00:00+00:00,1.31641,1.31995,1.3164,1.31822,6368
1725008400,2024-08-30 09:00:00+00:00,1.31823,1.31891,1.3143500000000001,1.31548,7834
1725022800,2024-08-30 13:00:00+00:00,1.31554,1.31637,1.31094,1.31189,12912
1725037200,2024-08-30 17:00:00+00:00,1.31188,1.31358,1.31122,1.31242,6380
1725224400,2024-09-01 21:00:00+00:00,1.3131,1.31379,1.31181,1.31336,2446
1725238800,2024-09-02 01:00:00+00:00,1.31336,1.31372,1.31198,1.3125499999999999,3852
1725253200,2024-09-02 05:00:00+00:00,1.31256,1.31458,1.31223,1.31344,5661
1725267600,2024-09-02 09:00:00+00:00,1.31344,1.31474,1.3127499999999999,1.31424,5248
1725282000,2024-09-02 13:00:00+00:00,1.31425,1.31549,1.31355,1.31417,4659
1725296400,2024-09-02 17:00:00+00:00,1.31418,1.31477,1.31417,1.3145,856
1725310800,2024-09-02 21:00:00+00:00,1.31406,1.31487,1.31338,1.3136999999999999,2731
1725325200,2024-09-03 01:00:00+00:00,1.31371,1.3146900000000001,1.31227,1.31244,4917
1725339600,2024-09-03 05:00:00+00:00,1.31241,1.31396,1.31081,1.3121800000000001,8356
1725354000,2024-09-03 09:00:00+00:00,1.3121800000000001,1.31391,1.3109,1.31304,8600
1725368400,2024-09-03 13:00:00+00:00,1.3130600000000001,1.31461,1.3088199999999999,1.3103099999999999,12354
1725382800,2024-09-03 17:00:00+00:00,1.31032,1.31163,1.30875,1.31118,5798
1725397200,2024-09-03 21:00:00+00:00,1.31122,1.3115,1.31012,1.3103799999999999,3667
1725411600,2024-09-04 01:00:00+00:00,1.3103799999999999,1.31183,1.31015,1.31173,4482
1725426000,2024-09-04 05:00:00+00:00,1.31173,1.31272,1.3100800000000001,1.31202,7906
1725440400,2024-09-04 09:00:00+00:00,1.31202,1.31267,1.31064,1.31233,7373
1725454800,2024-09-04 13:00:00+00:00,1.31235,1.31749,1.31208,1.31502,11739
1725469200,2024-09-04 17:00:00+00:00,1.31495,1.3152599999999999,1.31271,1.3143500000000001,7028
1725483600,2024-09-04 21:00:00+00:00,1.3144,1.31488,1.3137400000000001,1.31434,5085
1725498000,2024-09-05 01:00:00+00:00,1.31434,1.3155999999999999,1.31434,1.3147,4622
1725512400,2024-09-05 05:00:00+00:00,1.31471,1.3171,1.31368,1.31689,7498
1725526800,2024-09-05 09:00:00+00:00,1.31689,1.31796,1.3153299999999999,1.31606,8349
1725541200,2024-09-05 13:00:00+00:00,1.31613,1.3178,1.31507,1.3173,12152
1725555600,2024-09-05 17:00:00+00:00,1.31729,1.3185,1.3164,1.31781,7334
1725570000,2024-09-05 21:00:00+00:00,1.31759,1.31813,1.31724,1.31778,2713
1725584400,2024-09-06 01:00:00+00:00,1.31778,1.31796,1.31725,1.31782,4651
1725598800,2024-09-06 05:00:00+00:00,1.31783,1.3192599999999999,1.31659,1.3167200000000001,7656
1725613200,2024-09-06 09:00:00+00:00,1.3167200000000001,1.3237700000000001,1.31509,1.32098,9218
1725627600,2024-09-06 13:00:00+00:00,1.32094,1.32163,1.31097,1.31199,17874
1725642000,2024-09-06 17:00:00+00:00,1.312,1.31391,1.3112599999999999,1.31266,9833
1725829200,2024-09-08 21:00:00+00:00,1.31177,1.31412,1.31128,1.31298,4520
1725843600,2024-09-09 01:00:00+00:00,1.31297,1.3142800000000001,1.31192,1.31192,5330
1725858000,2024-09-09 05:00:00+00:00,1.31192,1.31193,1.3082500000000001,1.3087900000000001,8052
1725872400,2024-09-09 09:00:00+00:00,1.3088,1.30997,1.30727,1.3083,7439
1725886800,2024-09-09 13:00:00+00:00,1.3083,1.31005,1.30675,1.30969,9908
1725901200,2024-09-09 17:00:00+00:00,1.30969,1.31021,1.30695,1.30729,7413
1725915600,2024-09-09 21:00:00+00:00,1.3072,1.30765,1.3057699999999999,1.30623,2842
1725930000,2024-09-10 01:00:00+00:00,1.30622,1.30771,1.30614,1.30766,3424
1725944400,2024-09-10 05:00:00+00:00,1.30765,1.31074,1.3072,1.30851,7194
1725958800,2024-09-10 09:00:00+00:00,1.3085200000000001,1.31042,1.30683,1.30701,7393
1725973200,2024-09-10 13:00:00+00:00,1.30695,1.30753,1.30492,1.3068,10883
1725987600,2024-09-10 17:00:00+00:00,1.30679,1.30863,1.30657,1.30793,6580
1726002000,2024-09-10 21:00:00+00:00,1.30789,1.30843,1.30613,1.30719,2953
1726016400,2024-09-11 01:00:00+00:00,1.30721,1.3102,1.307,1.31018,6009
1726030800,2024-09-11 05:00:00+00:00,1.31018,1.3111,1.30773,1.3082799999999999,7903
1726045200,2024-09-11 09:00:00+00:00,1.3082799999999999,1.3097699999999999,1.30468,1.30613,9115
1726059600,2024-09-11 13:00:00+00:00,1.3061099999999999,1.30728,1.3001800000000001,1.30363,13439
1726074000,2024-09-11 17:00:00+00:00,1.3036400000000001,1.30495,1.30352,1.30417,7795
1726088400,2024-09-11 21:00:00+00:00,1.3042500000000001,1.3045200000000001,1.30338,1.30339,2390
1726102800,2024-09-12 01:00:00+00:00,1.30339,1.30487,1.30318,1.3048600000000001,5196
1726117200,2024-09-12 05:00:00+00:00,1.30487,1.30564,1.30324,1.3047,7057
1726131600,2024-09-12 09:00:00+00:00,1.30469,1.30619,1.30374,1.30538,8893
1726146000,2024-09-12 13:00:00+00:00,1.3054999999999999,1.30945,1.30501,1.30918,12010
1726160400,2024-09-12 17:00:00+00:00,1.30919,1.31269,1.3085200000000001,1.3122,9704
1726174800,2024-09-12 21:00:00+00:00,1.31223,1.31457,1.3119,1.3145,3102
1726189200,2024-09-13 01:00:00+00:00,1.31451,1.31503,1.31372,1.31471,5986
1726203600,2024-09-13 05:00:00+00:00,1.3147,1.31494,1.31242,1.31432,7519
1726218000,2024-09-13 09:00:00+00:00,1.31432,1.31519,1.31146,1.31371,8962
1726232400,2024-09-13 13:00:00+00:00,1.31372,1.31575,1.31228,1.31307,10852
1726246800,2024-09-13 17:00:00+00:00,1.31307,1.3134000000000001,1.31174,1.31212,7457
1726434000,2024-09-15 21:00:00+00:00,1.3125,1.3143099999999999,1.31167,1.3140800000000001,2971
1726448400,2024-09-16 01:00:00+00:00,1.31405,1.3163,1.3138,1.3153000000000001,3856
1726462800,2024-09-16 05:00:00+00:00,1.3153000000000001,1.3192599999999999,1.3152300000000001,1.3188,6701
1726477200,2024-09-16 09:00:00+00:00,1.31879,1.32087,1.31822,1.31979,7826
1726491600,2024-09-16 13:00:00+00:00,1.31985,1.32138,1.31911,1.32067,9453
1726506000,2024-09-16 17:00:00+00:00,1.32069,1.32178,1.31973,1.32151,5766
1726520400,2024-09-16 21:00:00+00:00,1.32141,1.32169,1.32,1.32017,2664
1726534800,2024-09-17 01:00:00+00:00,1.32017,1.32114,1.32,1.3203,3945
1726549200,2024-09-17 05:00:00+00:00,1.32031,1.32293,1.31982,1.32279,6951
1726563600,2024-09-17 09:00:00+00:00,1.32274,1.32291,1.31989,1.32103,8186
1726578000,2024-09-17 13:00:00+00:00,1.32103,1.32125,1.3152300000000001,1.31578,11709
1726592400,2024-09-17 17:00:00+00:00,1.31576,1.31689,1.31459,1.31601,8606
1726606800,2024-09-17 21:00:00+00:00,1.31586,1.31708,1.31508,1.31686,3029
1726621200,2024-09-18 01:00:00+00:00,1.31686,1.31722,1.31579,1.31588,4329
1726635600,2024-09-18 05:00:00+00:00,1.3158699999999999,1.32116,1.31564,1.32057,7242
1726650000,2024-09-18 09:00:00+00:00,1.32056,1.3227,1.32046,1.3218,7026
1726664400,2024-09-18 13:00:00+00:00,1.3218,1.32537,1.31949,1.32102,9619
1726678800,2024-09-18 17:00:00+00:00,1.32101,1.32975,1.31751,1.32126,16918
1726693200,2024-09-18 21:00:00+00:00,1.32121,1.3218,1.31684,1.3171,5109
1726707600,2024-09-19 01:00:00+00:00,1.31704,1.32134,1.31531,1.32084,7916
1726722000,2024-09-19 05:00:00+00:00,1.32087,1.32646,1.3208199999999999,1.32629,10561
1726736400,2024-09-19 09:00:00+00:00,1.32634,1.33139,1.32398,1.32399,11733
1726750800,2024-09-19 13:00:00+00:00,1.32399,1.3289,1.32199,1.32809,13206
1726765200,2024-09-19 17:00:00+00:00,1.3281,1.32891,1.32734,1.32834,7420
1726779600,2024-09-19 21:00:00+00:00,1.32774,1.32855,1.32718,1.32774,2951
1726794000,2024-09-20 01:00:00+00:00,1.32774,1.33015,1.3274,1.32926,5978
1726808400,2024-09-20 05:00:00+00:00,1.32925,1.334,1.32866,1.33005,10114
1726822800,2024-09-20 09:00:00+00:00,1.33007,1.33228,1.32808,1.33203,8715
1726837200,2024-09-20 13:00:00+00:00,1.33203,1.33313,1.32678,1.33261,13551
1726851600,2024-09-20 17:00:00+00:00,1.33258,1.3327,1.3306200000000001,1.33186,9086
1727038800,2024-09-22 21:00:00+00:00,1.33182,1.33225,1.32973,1.33106,2746
1727053200,2024-09-23 01:00:00+00:00,1.33105,1.33194,1.33066,1.33161,4822
1727067600,2024-09-23 05:00:00+00:00,1.33161,1.332,1.3248199999999999,1.32713,9720
1727082000,2024-09-23 09:00:00+00:00,1.32712,1.3329,1.3271,1.3327,8491
1727096400,2024-09-23 13:00:00+00:00,1.3327,1.33589,1.33128,1.3343099999999999,12337
1727110800,2024-09-23 17:00:00+00:00,1.33432,1.33538,1.3336999999999999,1.33454,7622
1727125200,2024-09-23 21:00:00+00:00,1.33378,1.33541,1.33343,1.33442,3214
1727139600,2024-09-24 01:00:00+00:00,1.33443,1.3357700000000001,1.33402,1.3357700000000001,6098
1727154000,2024-09-24 05:00:00+00:00,1.3357700000000001,1.33809,1.33316,1.3376700000000001,10175
1727168400,2024-09-24 09:00:00+00:00,1.33765,1.33894,1.33586,1.33866,8438
1727182800,2024-09-24 13:00:00+00:00,1.33866,1.33986,1.3367499999999999,1.33903,11773
1727197200,2024-09-24 17:00:00+00:00,1.33904,1.34155,1.33876,1.3412,7967
1727211600,2024-09-24 21:00:00+00:00,1.34108,1.34294,1.3409,1.34232,3015
1727226000,2024-09-25 01:00:00+00:00,1.34234,1.34246,1.34104,1.34174,6455
1727240400,2024-09-25 05:00:00+00:00,1.34174,1.34182,1.33754,1.3378999999999999,8964
1727254800,2024-09-25 09:00:00+00:00,1.33789,1.33959,1.33637,1.33952,9455
1727269200,2024-09-25 13:00:00+00:00,1.33954,1.34123,1.33273,1.33323,12665
1727283600,2024-09-25 17:00:00+00:00,1.33324,1.3332600000000001,1.3312300000000001,1.33226,9301
1727298000,2024-09-25 21:00:00+00:00,1.33174,1.33282,1.33111,1.33276,3097
1727312400,2024-09-26 01:00:00+00:00,1.33276,1.3342399999999999,1.33208,1.3339400000000001,4332
1727326800,2024-09-26 05:00:00+00:00,1.3339400000000001,1.33578,1.33342,1.33509,8536
1727341200,2024-09-26 09:00:00+00:00,1.33509,1.33888,1.33488,1.33721,9391
1727355600,2024-09-26 13:00:00+00:00,1.3373,1.3434,1.33509,1.3409499999999999,14600
1727370000,2024-09-26 17:00:00+00:00,1.34093,1.3425099999999999,1.34084,1.3413300000000001,8322
1727384400,2024-09-26 21:00:00+00:00,1.341,1.34167,1.33788,1.33983,3104
1727398800,2024-09-27 01:00:00+00:00,1.33982,1.34012,1.33799,1.33852,5794
1727413200,2024-09-27 05:00:00+00:00,1.33852,1.33964,1.33598,1.33737,11100
1727427600,2024-09-27 09:00:00+00:00,1.33739,1.3426,1.33703,1.34241,9313
1727442000,2024-09-27 13:00:00+00:00,1.34239,1.34271,1.3379699999999999,1.3383,12944
1727456400,2024-09-27 17:00:00+00:00,1.3383,1.3388200000000001,1.33685,1.33714,9086
1727643600,2024-09-29 21:00:00+00:00,1.337,1.33844,1.33631,1.33823,3142
1727658000,2024-09-30 01:00:00+00:00,1.3382399999999999,1.3389199999999999,1.33735,1.3388,6259
1727672400,2024-09-30 05:00:00+00:00,1.33881,1.34227,1.33741,1.34169,9157
1727686800,2024-09-30 09:00:00+00:00,1.34172,1.34176,1.33812,1.33859,7560
1727701200,2024-09-30 13:00:00+00:00,1.33862,1.34166,1.336,1.34016,13328
1727715600,2024-09-30 17:00:00+00:00,1.34018,1.34077,1.33499,1.33727,10151
1727730000,2024-09-30 21:00:00+00:00,1.33725,1.33823,1.33619,1.33749,3789
1727744400,2024-10-01 01:00:00+00:00,1.33749,1.3389,1.33681,1.33803,6222
1727758800,2024-10-01 05:00:00+00:00,1.33803,1.3384800000000001,1.33258,1.33324,10709
1727773200,2024-10-01 09:00:00+00:00,1.33312,1.33384,1.33107,1.33181,10458
1727787600,2024-10-01 13:00:00+00:00,1.33179,1.33273,1.32454,1.32545,16484
1727802000,2024-10-01 17:00:00+00:00,1.32542,1.3289900000000001,1.32369,1.3284799999999999,12260
1727816400,2024-10-01 21:00:00+00:00,1.32846,1.32859,1.3271899999999999,1.32765,3001
1727830800,2024-10-02 01:00:00+00:00,1.32766,1.32957,1.32676,1.32693,5369
1727845200,2024-10-02 05:00:00+00:00,1.3269199999999999,1.33049,1.3260399999999999,1.32961,9403
1727859600,2024-10-02 09:00:00+00:00,1.3296000000000001,1.32973,1.32731,1.32732,9113
1727874000,2024-10-02 13:00:00+00:00,1.32739,1.32831,1.32457,1.32709,12063
1727888400,2024-10-02 17:00:00+00:00,1.3271,1.3275000000000001,1.32581,1.3266,6951
1727902800,2024-10-02 21:00:00+00:00,1.32671,1.32824,1.32517,1.32615,3699
1727917200,2024-10-03 01:00:00+00:00,1.32614,1.3262800000000001,1.32429,1.3243800000000001,6310
1727931600,2024-10-03 05:00:00+00:00,1.32437,1.32457,1.31054,1.3115999999999999,12171
1727946000,2024-10-03 09:00:00+00:00,1.3115999999999999,1.3128199999999999,1.30927,1.31139,10877
1727960400,2024-10-03 13:00:00+00:00,1.31127,1.31311,1.3092,1.31249,14893
1727974800,2024-10-03 17:00:00+00:00,1.31249,1.31314,1.31121,1.31228,7980
1727989200,2024-10-03 21:00:00+00:00,1.31212,1.31337,1.31101,1.3130600000000001,3007
1728003600,2024-10-04 01:00:00+00:00,1.31312,1.31354,1.31232,1.31272,5840
1728018000,2024-10-04 05:00:00+00:00,1.31272,1.31671,1.31266,1.31564,8935
1728032400,2024-10-04 09:00:00+00:00,1.31564,1.31745,1.30748,1.30786,9662
1728046800,2024-10-04 13:00:00+00:00,1.3079,1.3119100000000001,1.30695,1.3115,14284
1728061200,2024-10-04 17:00:00+00:00,1.31147,1.31291,1.31145,1.31234,7598
1728248400,2024-10-06 21:00:00+00:00,1.3119,1.3127900000000001,1.31015,1.3122099999999999,4780
1728262800,2024-10-07 01:00:00+00:00,1.3122099999999999,1.31341,1.31166,1.31166,6357
1728277200,2024-10-07 05:00:00+00:00,1.31165,1.31224,1.30861,1.30884,9120
1728291600,2024-10-07 09:00:00+00:00,1.30881,1.30894,1.30591,1.30783,9800
1728306000,2024-10-07 13:00:00+00:00,1.30777,1.30938,1.3068,1.30894,10923
1728320400,2024-10-07 17:00:00+00:00,1.30894,1.30964,1.30688,1.30814,6049
1728334800,2024-10-07 21:00:00+00:00,1.3081,1.31,1.30743,1.31,3397
1728349200,2024-10-08 01:00:00+00:00,1.31,1.31033,1.30846,1.30898,8095
1728363600,2024-10-08 05:00:00+00:00,1.30898,1.31039,1.3064,1.30995,10099
1728378000,2024-10-08 09:00:00+00:00,1.30993,1.31131,1.30899,1.31006,8209
1728392400,2024-10-08 13:00:00+00:00,1.3100100000000001,1.31119,1.30808,1.3088,10659
1728406800,2024-10-08 17:00:00+00:00,1.3087900000000001,1.31051,1.30758,1.3102800000000001,7937
1728421200,2024-10-08 21:00:00+00:00,1.31023,1.31043,1.3072300000000001,1.30998,2126
1728435600,2024-10-09 01:00:00+00:00,1.30996,1.31019,1.30811,1.30838,7260
1728450000,2024-10-09 05:00:00+00:00,1.30838,1.31014,1.30554,1.30772,10397
1728464400,2024-10-09 09:00:00+00:00,1.30775,1.30951,1.3075999999999999,1.30824,7320
1728478800,2024-10-09 13:00:00+00:00,1.30824,1.30887,1.30653,1.30681,9970
1728493200,2024-10-09 17:00:00+00:00,1.30681,1.3075700000000001,1.30592,1.30687,6192
1728507600,2024-10-09 21:00:00+00:00,1.3068,1.30724,1.30624,1.30686,2944
1728522000,2024-10-10 01:00:00+00:00,1.30684,1.30778,1.3067,1.30721,6177
1728536400,2024-10-10 05:00:00+00:00,1.3072,1.30888,1.30674,1.30738,7855
1728550800,2024-10-10 09:00:00+00:00,1.30741,1.30937,1.3021099999999999,1.30758,8759
1728565200,2024-10-10 13:00:00+00:00,1.30762,1.30846,1.30252,1.3035,13397
1728579600,2024-10-10 17:00:00+00:00,1.30351,1.3064,1.30214,1.30563,6893
1728594000,2024-10-10 21:00:00+00:00,1.30572,1.30637,1.30355,1.30637,2758
1728608400,2024-10-11 01:00:00+00:00,1.30641,1.30664,1.30481,1.30492,4200
1728622800,2024-10-11 05:00:00+00:00,1.30492,1.30807,1.30415,1.3073299999999999,6694
1728637200,2024-10-11 09:00:00+00:00,1.3072300000000001,1.30813,1.3051300000000001,1.30647,7331
1728651600,2024-10-11 13:00:00+00:00,1.30647,1.30829,1.30567,1.30722,9742
1728666000,2024-10-11 17:00:00+00:00,1.30722,1.3078,1.30612,1.3062,4395
1728853200,2024-10-13 21:00:00+00:00,1.30626,1.30652,1.30407,1.30508,2805
1728867600,2024-10-14 01:00:00+00:00,1.30508,1.30624,1.3042099999999999,1.30588,6033
1728882000,2024-10-14 05:00:00+00:00,1.30589,1.30717,1.30561,1.3066499999999999,7102
1728896400,2024-10-14 09:00:00+00:00,1.3066200000000001,1.30673,1.30307,1.30341,7017
1728910800,2024-10-14 13:00:00+00:00,1.30339,1.30598,1.30298,1.30515,9139
1728925200,2024-10-14 17:00:00+00:00,1.3051300000000001,1.30614,1.30415,1.30575,6050
1728939600,2024-10-14 21:00:00+00:00,1.30507,1.30675,1.30474,1.30656,2596
1728954000,2024-10-15 01:00:00+00:00,1.30653,1.30685,1.30473,1.30498,5449
1728968400,2024-10-15 05:00:00+00:00,1.30497,1.30863,1.30353,1.3075999999999999,8244
1728982800,2024-10-15 09:00:00+00:00,1.30756,1.3094299999999999,1.30683,1.3088,7100
1728997200,2024-10-15 13:00:00+00:00,1.3088,1.31026,1.30683,1.30693,10490
1729011600,2024-10-15 17:00:00+00:00,1.30694,1.30756,1.3060399999999999,1.30722,6355
1729026000,2024-10-15 21:00:00+00:00,1.30697,1.30735,1.30598,1.30644,3286
1729040400,2024-10-16 01:00:00+00:00,1.30644,1.30772,1.30634,1.30736,5113
1729054800,2024-10-16 05:00:00+00:00,1.30737,1.3076400000000001,1.29822,1.30034,9890
1729069200,2024-10-16 09:00:00+00:00,1.30034,1.30374,1.30006,1.30149,8038
1729083600,2024-10-16 13:00:00+00:00,1.30149,1.30309,1.29948,1.30041,8340
1729098000,2024-10-16 17:00:00+00:00,1.30044,1.30051,1.29767,1.29889,4995
1729112400,2024-10-16 21:00:00+00:00,1.29895,1.29969,1.29773,1.2987199999999999,3287
1729126800,2024-10-17 01:00:00+00:00,1.2987,1.30011,1.29805,1.29836,6916
1729141200,2024-10-17 05:00:00+00:00,1.2983500000000001,1.29959,1.29735,1.29778,7941
1729155600,2024-10-17 09:00:00+00:00,1.2977699999999999,1.3023,1.29757,1.30084,8733
1729170000,2024-10-17 13:00:00+00:00,1.3007900000000001,1.30185,1.29797,1.30101,12735
1729184400,2024-10-17 17:00:00+00:00,1.30099,1.30151,1.30043,1.30087,6588
1729198800,2024-10-17 21:00:00+00:00,1.30048,1.30192,1.29985,1.30136,2774
1729213200,2024-10-18 01:00:00+00:00,1.30137,1.30261,1.30137,1.30215,6089
1729227600,2024-10-18 05:00:00+00:00,1.30219,1.30704,1.30198,1.30409,8702
1729242000,2024-10-18 09:00:00+00:00,1.30409,1.30545,1.30341,1.30487,8226
1729256400,2024-10-18 13:00:00+00:00,1.30487,1.30664,1.30198,1.30438,9344
1729270800,2024-10-18 17:00:00+00:00,1.30438,1.30505,1.30379,1.30471,6657
1729458000,2024-10-20 21:00:00+00:00,1.30469,1.30576,1.30257,1.3043,3120
1729472400,2024-10-21 01:00:00+00:00,1.3042500000000001,1.30526,1.30382,1.30402,4712
1729486800,2024-10-21 05:00:00+00:00,1.30404,1.30443,1.30119,1.3026,6540
1729501200,2024-10-21 09:00:00+00:00,1.30261,1.30331,1.30131,1.3029,6604
1729515600,2024-10-21 13:00:00+00:00,1.3029,1.30316,1.2978100000000001,1.29866,8339
1729530000,2024-10-21 17:00:00+00:00,1.29867,1.29912,1.2977,1.29829,4853
1729544400,2024-10-21 21:00:00+00:00,1.29821,1.29875,1.29665,1.29804,3306
1729558800,2024-10-22 01:00:00+00:00,1.29804,1.29995,1.29802,1.2999399999999999,5587
1729573200,2024-10-22 05:00:00+00:00,1.2999399999999999,1.30146,1.29859,1.29889,6884
1729587600,2024-10-22 09:00:00+00:00,1.29884,1.29918,1.29557,1.29559,7064
1729602000,2024-10-22 13:00:00+00:00,1.29557,1.29826,1.2944499999999999,1.29744,9138
1729616400,2024-10-22 17:00:00+00:00,1.29745,1.29854,1.29727,1.29826,5124
1729630800,2024-10-22 21:00:00+00:00,1.29827,1.29874,1.29587,1.29766,2935
1729645200,2024-10-23 01:00:00+00:00,1.29768,1.29916,1.2971,1.29885,7805
1729659600,2024-10-23 05:00:00+00:00,1.29886,1.29946,1.29618,1.2984,7874
1729674000,2024-10-23 09:00:00+00:00,1.2984,1.2986900000000001,1.29443,1.29526,7416
1729688400,2024-10-23 13:00:00+00:00,1.29524,1.29617,1.29224,1.29282,9521
1729702800,2024-10-23 17:00:00+00:00,1.29282,1.29334,1.2907,1.292,7076
1729717200,2024-10-23 21:00:00+00:00,1.29183,1.29266,1.29085,1.29254,3302
1729731600,2024-10-24 01:00:00+00:00,1.2925499999999999,1.293,1.29176,1.293,6151
1729746000,2024-10-24 05:00:00+00:00,1.293,1.29724,1.29256,1.2961,9164
1729760400,2024-10-24 09:00:00+00:00,1.29609,1.29822,1.29547,1.2974,8278
1729774800,2024-10-24 13:00:00+00:00,1.29737,1.29874,1.29477,1.29592,10836
1729789200,2024-10-24 17:00:00+00:00,1.2959,1.2977400000000001,1.29586,1.29744,6851
1729803600,2024-10-24 21:00:00+00:00,1.29746,1.29757,1.29528,1.29685,2869
1729818000,2024-10-25 01:00:00+00:00,1.29685,1.29728,1.2959800000000001,1.29643,5254
1729832400,2024-10-25 05:00:00+00:00,1.29643,1.29794,1.29558,1.2975400000000001,6844
1729846800,2024-10-25 09:00:00+00:00,1.29755,1.2996400000000001,1.29739,1.29922,5736
1729861200,2024-10-25 13:00:00+00:00,1.29921,1.29983,1.29715,1.29762,8492
1729875600,2024-10-25 17:00:00+00:00,1.29764,1.29772,1.29579,1.296,6783
1730062800,2024-10-27 21:00:00+00:00,1.29614,1.29657,1.29498,1.29545,5731
1730077200,2024-10-28 01:00:00+00:00,1.29543,1.29586,1.29394,1.29483,5564
1730091600,2024-10-28 05:00:00+00:00,1.29482,1.2978399999999999,1.29465,1.29725,7440
1730106000,2024-10-28 09:00:00+00:00,1.29724,1.29969,1.2965900000000001,1.29867,7766
1730120400,2024-10-28 13:00:00+00:00,1.29868,1.30013,1.2973,1.29745,8789
1730134800,2024-10-28 17:00:00+00:00,1.29746,1.29785,1.29657,1.29684,5139
1730149200,2024-10-28 21:00:00+00:00,1.2969300000000001,1.29768,1.29646,1.29732,4757
1730163600,2024-10-29 01:00:00+00:00,1.29732,1.29744,1.29578,1.29633,8319
1730178000,2024-10-29 05:00:00+00:00,1.29632,1.2989600000000001,1.29622,1.29794,7820
1730192400,2024-10-29 09:00:00+00:00,1.29794,1.29924,1.29669,1.2977699999999999,9008
1730206800,2024-10-29 13:00:00+00:00,1.2977699999999999,1.30115,1.2977699999999999,1.29982,11850
1730221200,2024-10-29 17:00:00+00:00,1.29983,1.30155,1.29923,1.3007,5140
1730235600,2024-10-29 21:00:00+00:00,1.30072,1.302,1.30041,1.30105,4951
1730250000,2024-10-30 01:00:00+00:00,1.30104,1.30107,1.29956,1.30003,5420
1730264400,2024-10-30 05:00:00+00:00,1.30002,1.30266,1.29926,1.30003,9496
1730278800,2024-10-30 09:00:00+00:00,1.30008,1.30015,1.29364,1.2995999999999999,11430
1730293200,2024-10-30 13:00:00+00:00,1.29959,1.30431,1.29734,1.29778,13159
1730307600,2024-10-30 17:00:00+00:00,1.29778,1.29868,1.2959,1.29624,6769
1730322000,2024-10-30 21:00:00+00:00,1.29627,1.29627,1.2943500000000001,1.29446,3805
1730336400,2024-10-31 01:00:00+00:00,1.29446,1.2956699999999999,1.29426,1.29556,5515
1730350800,2024-10-31 05:00:00+00:00,1.29556,1.29987,1.29528,1.29818,8419
1730365200,2024-10-31 09:00:00+00:00,1.29819,1.2999399999999999,1.29237,1.2935400000000001,11154
1730379600,2024-10-31 13:00:00+00:00,1.29356,1.29356,1.28433,1.28597,14942
1730394000,2024-10-31 17:00:00+00:00,1.28598,1.29,1.28585,1.28897,6453
1730408400,2024-10-31 21:00:00+00:00,1.2888899999999999,1.29028,1.2888600000000001,1.28961,4609
1730422800,2024-11-01 01:00:00+00:00,1.2896,1.29021,1.28843,1.28885,5447
1730437200,2024-11-01 05:00:00+00:00,1.2888600000000001,1.29179,1.28878,1.29095,7453
1730451600,2024-11-01 09:00:00+00:00,1.29093,1.29799,1.29046,1.29664,11061
1730466000,2024-11-01 13:00:00+00:00,1.29637,1.29772,1.29265,1.29275,11888
1730480400,2024-11-01 17:00:00+00:00,1.29271,1.29343,1.29132,1.29142,6489
1730667600,2024-11-03 21:00:00+00:00,1.29656,1.29791,1.29494,1.29749,5124
1730682000,2024-11-04 01:00:00+00:00,1.2974999999999999,1.29985,1.29717,1.29924,6918
1730696400,2024-11-04 05:00:00+00:00,1.29925,1.2995999999999999,1.29451,1.29712,9155
1730710800,2024-11-04 09:00:00+00:00,1.29714,1.29825,1.29513,1.2969300000000001,8883
1730725200,2024-11-04 13:00:00+00:00,1.29694,1.2993000000000001,1.2934,1.29561,12051
1730739600,2024-11-04 17:00:00+00:00,1.29561,1.29613,1.2941799999999999,1.2956400000000001,6707
1730754000,2024-11-04 21:00:00+00:00,1.29556,1.29583,1.2947899999999999,1.29553,3460
1730768400,2024-11-05 01:00:00+00:00,1.29553,1.29632,1.29527,1.2959800000000001,6133
1730782800,2024-11-05 05:00:00+00:00,1.2959399999999999,1.2984499999999999,1.29576,1.2982,6717
1730797200,2024-11-05 09:00:00+00:00,1.29822,1.29942,1.29787,1.29825,6488
1730811600,2024-11-05 13:00:00+00:00,1.29825,1.30343,1.2981099999999999,1.30332,10932
1730826000,2024-11-05 17:00:00+00:00,1.30332,1.30417,1.30158,1.30408,6387
1730840400,2024-11-05 21:00:00+00:00,1.30386,1.30476,1.29487,1.29668,11372
1730854800,2024-11-06 01:00:00+00:00,1.29666,1.2969300000000001,1.28628,1.28883,19242
1730869200,2024-11-06 05:00:00+00:00,1.28881,1.29233,1.28458,1.29009,18214
1730883600,2024-11-06 09:00:00+00:00,1.28995,1.29093,1.2841,1.2864200000000001,16248
1730898000,2024-11-06 13:00:00+00:00,1.28639,1.29083,1.28341,1.2889300000000001,16834
1730912400,2024-11-06 17:00:00+00:00,1.2889300000000001,1.29192,1.28768,1.28768,9590
1730926800,2024-11-06 21:00:00+00:00,1.2873299999999999,1.28918,1.28693,1.28891,4867
1730941200,2024-11-07 01:00:00+00:00,1.28891,1.29343,1.28885,1.29304,5450
1730955600,2024-11-07 05:00:00+00:00,1.2929599999999999,1.2947,1.2907199999999999,1.29073,10743
1730970000,2024-11-07 09:00:00+00:00,1.2907199999999999,1.2974700000000001,1.28976,1.29721,12624
1730984400,2024-11-07 13:00:00+00:00,1.29719,1.3008899999999999,1.2964,1.29895,13321
1730998800,2024-11-07 17:00:00+00:00,1.2989600000000001,1.29911,1.2948,1.29837,11918
1731013200,2024-11-07 21:00:00+00:00,1.29832,1.2989,1.29644,1.29729,4918
1731027600,2024-11-08 01:00:00+00:00,1.2973,1.29761,1.29614,1.29695,6667
1731042000,2024-11-08 05:00:00+00:00,1.29697,1.2974,1.29352,1.2959800000000001,10927
1731056400,2024-11-08 09:00:00+00:00,1.29599,1.29763,1.29275,1.29412,10005
1731070800,2024-11-08 13:00:00+00:00,1.29413,1.29481,1.2883200000000001,1.28969,13123
1731085200,2024-11-08 17:00:00+00:00,1.28967,1.2925200000000001,1.28961,1.29163,6987
1731272400,2024-11-10 21:00:00+00:00,1.29078,1.29257,1.2876699999999999,1.2918,4940
1731286800,2024-11-11 01:00:00+00:00,1.29181,1.29231,1.2901,1.2915,5395
1731301200,2024-11-11 05:00:00+00:00,1.29151,1.2922,1.2882799999999999,1.29002,8812
1731315600,2024-11-11 09:00:00+00:00,1.29002,1.29065,1.28559,1.28663,7914
1731330000,2024-11-11 13:00:00+00:00,1.28665,1.28778,1.28575,1.28639,9308
1731344400,2024-11-11 17:00:00+00:00,1.28638,1.28694,1.2857,1.28673,4887
1731358800,2024-11-11 21:00:00+00:00,1.28653,1.2873299999999999,1.28577,1.28612,5062
1731373200,2024-11-12 01:00:00+00:00,1.28613,1.28613,1.28302,1.28328,7655
1731387600,2024-11-12 05:00:00+00:00,1.28324,1.28324,1.27923,1.28234,11202
1731402000,2024-11-12 09:00:00+00:00,1.28228,1.28311,1.28045,1.28095,10373
1731416400,2024-11-12 13:00:00+00:00,1.2809599999999999,1.28107,1.2719,1.27329,12848
1731430800,2024-11-12 17:00:00+00:00,1.2732999999999999,1.27505,1.27321,1.27466,7643
1731445200,2024-11-12 21:00:00+00:00,1.27407,1.27531,1.27309,1.27497,5166
1731459600,2024-11-13 01:00:00+00:00,1.27498,1.27545,1.27373,1.2743,5682
1731474000,2024-11-13 05:00:00+00:00,1.27428,1.27555,1.27294,1.2751000000000001,8783
1731488400,2024-11-13 09:00:00+00:00,1.27509,1.2769,1.2736399999999999,1.27541,10089
1731502800,2024-11-13 13:00:00+00:00,1.2753999999999999,1.27562,1.26863,1.27099,15982
1731517200,2024-11-13 17:00:00+00:00,1.27101,1.27199,1.27,1.27065,7598
1731531600,2024-11-13 21:00:00+00:00,1.27037,1.27109,1.26919,1.2693699999999999,4802
1731546000,2024-11-14 01:00:00+00:00,1.26938,1.26939,1.26728,1.26872,6706
1731560400,2024-11-14 05:00:00+00:00,1.26871,1.26952,1.26556,1.26565,9652
1731574800,2024-11-14 09:00:00+00:00,1.26566,1.26794,1.26297,1.26571,11495
1731589200,2024-11-14 13:00:00+00:00,1.26566,1.27198,1.26555,1.27032,12620
1731603600,2024-11-14 17:00:00+00:00,1.27035,1.27046,1.26471,1.26639,9564
1731618000,2024-11-14 21:00:00+00:00,1.26648,1.26718,1.26565,1.2664900000000001,5361
1731632400,2024-11-15 01:00:00+00:00,1.2664900000000001,1.26821,1.26648,1.26748,7144
1731646800,2024-11-15 05:00:00+00:00,1.26748,1.26901,1.26486,1.26518,10575
1731661200,2024-11-15 09:00:00+00:00,1.26519,1.26965,1.2640500000000001,1.26498,10046
1731675600,2024-11-15 13:00:00+00:00,1.26498,1.26541,1.26141,1.26268,14920
1731690000,2024-11-15 17:00:00+00:00,1.2627,1.26318,1.25969,1.2617099999999999,8876
1731877200,2024-11-17 21:00:00+00:00,1.26169,1.26422,1.2598,1.2635100000000001,6085
1731891600,2024-11-18 01:00:00+00:00,1.26352,1.264,1.26206,1.26297,5654
1731906000,2024-11-18 05:00:00+00:00,1.26297,1.26403,1.26129,1.26296,9221
1731920400,2024-11-18 09:00:00+00:00,1.26296,1.26319,1.26136,1.2624900000000001,9016
1731934800,2024-11-18 13:00:00+00:00,1.2624900000000001,1.26682,1.26186,1.26655,10337
1731949200,2024-11-18 17:00:00+00:00,1.26654,1.26864,1.26642,1.2677100000000001,6151
1731963600,2024-11-18 21:00:00+00:00,1.26704,1.26794,1.26657,1.26768,4426
1731978000,2024-11-19 01:00:00+00:00,1.26767,1.26892,1.26671,1.2669000000000001,5401
1731992400,2024-11-19 05:00:00+00:00,1.2669000000000001,1.26795,1.2612999999999999,1.26272,11367
1732006800,2024-11-19 09:00:00+00:00,1.26269,1.26531,1.26248,1.2635399999999999,11272
1732021200,2024-11-19 13:00:00+00:00,1.26348,1.26819,1.26273,1.2671000000000001,12635
1732035600,2024-11-19 17:00:00+00:00,1.2671000000000001,1.26852,1.26615,1.26807,6097
1732050000,2024-11-19 21:00:00+00:00,1.26759,1.26952,1.2671000000000001,1.26891,4372
1732064400,2024-11-20 01:00:00+00:00,1.26894,1.2693400000000001,1.26797,1.26838,4185
1732078800,2024-11-20 05:00:00+00:00,1.26836,1.27143,1.2664,1.2669000000000001,9704
1732093200,2024-11-20 09:00:00+00:00,1.2669000000000001,1.2675,1.26489,1.26736,9292
1732107600,2024-11-20 13:00:00+00:00,1.26738,1.2674400000000001,1.26306,1.26539,11447
1732122000,2024-11-20 17:00:00+00:00,1.2654,1.26547,1.26414,1.26487,5850
1732136400,2024-11-20 21:00:00+00:00,1.26472,1.26589,1.26447,1.26548,3518
1732150800,2024-11-21 01:00:00+00:00,1.26549,1.26597,1.26495,1.26499,4271
1732165200,2024-11-21 05:00:00+00:00,1.26501,1.26574,1.26227,1.2631999999999999,10871
1732179600,2024-11-21 09:00:00+00:00,1.2631999999999999,1.26573,1.26253,1.26471,9176
1732194000,2024-11-21 13:00:00+00:00,1.26471,1.26525,1.25762,1.25998,14111
1732208400,2024-11-21 17:00:00+00:00,1.25999,1.26051,1.2586,1.2588300000000001,5547
1732222800,2024-11-21 21:00:00+00:00,1.2588599999999999,1.25939,1.2583199999999999,1.25879,4482
1732237200,2024-11-22 01:00:00+00:00,1.25878,1.25938,1.2566,1.25685,6497
1732251600,2024-11-22 05:00:00+00:00,1.25682,1.25814,1.24918,1.25119,13064
1732266000,2024-11-22 09:00:00+00:00,1.25114,1.2539799999999999,1.2487,1.25201,11592
1732280400,2024-11-22 13:00:00+00:00,1.25202,1.25374,1.25071,1.25298,13076
1732294800,2024-11-22 17:00:00+00:00,1.25298,1.25349,1.25217,1.2528000000000001,7391
1732482000,2024-11-24 21:00:00+00:00,1.25894,1.2604600000000001,1.25667,1.25939,6773
1732496400,2024-11-25 01:00:00+00:00,1.25937,1.26067,1.25887,1.2594,6546
1732510800,2024-11-25 05:00:00+00:00,1.25939,1.26048,1.25482,1.2573400000000001,10841
1732525200,2024-11-25 09:00:00+00:00,1.25738,1.2612999999999999,1.25514,1.26111,10455
1732539600,2024-11-25 13:00:00+00:00,1.26112,1.2612999999999999,1.25414,1.25539,12483
1732554000,2024-11-25 17:00:00+00:00,1.25539,1.25781,1.25534,1.25674,6344
1732568400,2024-11-25 21:00:00+00:00,1.25662,1.25728,1.25069,1.25265,10002
1732582800,2024-11-26 01:00:00+00:00,1.25265,1.25622,1.25241,1.25481,8081
1732597200,2024-11-26 05:00:00+00:00,1.2548,1.25779,1.25377,1.25715,11802
1732611600,2024-11-26 09:00:00+00:00,1.25711,1.2616,1.25708,1.2582,11364
1732626000,2024-11-26 13:00:00+00:00,1.2582,1.25879,1.25308,1.25369,13690
1732640400,2024-11-26 17:00:00+00:00,1.25369,1.25687,1.25245,1.25675,8167
1732654800,2024-11-26 21:00:00+00:00,1.25685,1.2579799999999999,1.25659,1.25744,5611
1732669200,2024-11-27 01:00:00+00:00,1.25743,1.25755,1.25663,1.2567599999999999,5950
1732683600,2024-11-27 05:00:00+00:00,1.2567599999999999,1.2616100000000001,1.25667,1.26038,11087
1732698000,2024-11-27 09:00:00+00:00,1.26038,1.26624,1.2597800000000001,1.2662200000000001,10294
1732712400,2024-11-27 13:00:00+00:00,1.26628,1.26936,1.26332,1.26745,13538
1732726800,2024-11-27 17:00:00+00:00,1.2674400000000001,1.26821,1.26692,1.26772,6104
1732741200,2024-11-27 21:00:00+00:00,1.26729,1.26824,1.2664900000000001,1.26725,4988
1732755600,2024-11-28 01:00:00+00:00,1.26728,1.2675,1.26587,1.26641,5773
1732770000,2024-11-28 05:00:00+00:00,1.2664,1.26681,1.2645,1.26508,9454
1732784400,2024-11-28 09:00:00+00:00,1.26508,1.26736,1.2647300000000001,1.26634,7490
1732798800,2024-11-28 13:00:00+00:00,1.26635,1.2689599999999999,1.26609,1.2687300000000001,6591
1732813200,2024-11-28 17:00:00+00:00,1.2687300000000001,1.26908,1.26836,1.26838,1112
1732827600,2024-11-28 21:00:00+00:00,1.26806,1.27114,1.26754,1.2701799999999999,5474
1732842000,2024-11-29 01:00:00+00:00,1.2701799999999999,1.27167,1.27014,1.27064,6367
1732856400,2024-11-29 05:00:00+00:00,1.27063,1.27496,1.26899,1.26926,9552
1732870800,2024-11-29 09:00:00+00:00,1.26925,1.27027,1.26772,1.26851,8988
1732885200,2024-11-29 13:00:00+00:00,1.26852,1.27241,1.2671999999999999,1.27241,11841
1732899600,2024-11-29 17:00:00+00:00,1.27243,1.27457,1.2723499999999999,1.27282,8553
1733086800,2024-12-01 21:00:00+00:00,1.2727,1.27358,1.2686,1.26904,6205
1733101200,2024-12-02 01:00:00+00:00,1.2690299999999999,1.26945,1.26801,1.26862,6796
1733115600,2024-12-02 05:00:00+00:00,1.2686,1.27084,1.26787,1.2703,11361
1733130000,2024-12-02 09:00:00+00:00,1.27029,1.27222,1.26621,1.26845,10897
1733144400,2024-12-02 13:00:00+00:00,1.26846,1.26919,1.2616800000000001,1.26438,13600
1733158800,2024-12-02 17:00:00+00:00,1.2644,1.26702,1.26409,1.26479,7115
1733173200,2024-12-02 21:00:00+00:00,1.26472,1.266,1.26384,1.26461,5543
1733187600,2024-12-03 01:00:00+00:00,1.26462,1.26497,1.26383,1.26472,6406
1733202000,2024-12-03 05:00:00+00:00,1.2647,1.26967,1.26427,1.2677100000000001,10240
1733216400,2024-12-03 09:00:00+00:00,1.26772,1.26829,1.26432,1.26695,9326
1733230800,2024-12-03 13:00:00+00:00,1.26695,1.26922,1.26366,1.26914,12884
1733245200,2024-12-03 17:00:00+00:00,1.26912,1.26994,1.26634,1.26641,6876
1733259600,2024-12-03 21:00:00+00:00,1.26645,1.2677800000000001,1.2659799999999999,1.26671,4358
1733274000,2024-12-04 01:00:00+00:00,1.26671,1.26947,1.26515,1.26906,7466
1733288400,2024-12-04 05:00:00+00:00,1.26907,1.27013,1.26297,1.26763,10883
1733302800,2024-12-04 09:00:00+00:00,1.26764,1.26854,1.26606,1.26701,10373
1733317200,2024-12-04 13:00:00+00:00,1.26701,1.27211,1.2662200000000001,1.27161,12831
1733331600,2024-12-04 17:00:00+00:00,1.27161,1.27188,1.2686899999999999,1.26947,7265
1733346000,2024-12-04 21:00:00+00:00,1.26967,1.27074,1.2692700000000001,1.26965,4300
1733360400,2024-12-05 01:00:00+00:00,1.26965,1.27166,1.26943,1.27141,5552
1733374800,2024-12-05 05:00:00+00:00,1.2713999999999999,1.27401,1.27122,1.27212,8329
1733389200,2024-12-05 09:00:00+00:00,1.27212,1.27514,1.27139,1.27512,9665
1733403600,2024-12-05 13:00:00+00:00,1.27515,1.27705,1.2732999999999999,1.27463,11833
1733418000,2024-12-05 17:00:00+00:00,1.27461,1.2761,1.27317,1.27503,5689
1733432400,2024-12-05 21:00:00+00:00,1.27506,1.27618,1.27397,1.2744,3945
1733446800,2024-12-06 01:00:00+00:00,1.27442,1.2753700000000001,1.27421,1.27447,5122
1733461200,2024-12-06 05:00:00+00:00,1.27445,1.27739,1.27408,1.27591,7594
1733475600,2024-12-06 09:00:00+00:00,1.27593,1.28104,1.27494,1.2794400000000001,9409
1733490000,2024-12-06 13:00:00+00:00,1.27945,1.27984,1.27211,1.27272,13941
1733504400,2024-12-06 17:00:00+00:00,1.27271,1.27428,1.27233,1.27355,5261
1733691600,2024-12-08 21:00:00+00:00,1.2729300000000001,1.27503,1.2726,1.2738399999999999,4560
1733706000,2024-12-09 01:00:00+00:00,1.2738399999999999,1.27435,1.27168,1.27197,5953
1733720400,2024-12-09 05:00:00+00:00,1.27197,1.27783,1.27197,1.27682,9201
1733734800,2024-12-09 09:00:00+00:00,1.27686,1.2784200000000001,1.27514,1.2778399999999999,8465
1733749200,2024-12-09 13:00:00+00:00,1.2778399999999999,1.27986,1.2763499999999999,1.27702,9874
1733763600,2024-12-09 17:00:00+00:00,1.2770299999999999,1.27714,1.27412,1.2741799999999999,5496
1733778000,2024-12-09 21:00:00+00:00,1.27379,1.2751000000000001,1.27379,1.2747,4239
1733792400,2024-12-10 01:00:00+00:00,1.27471,1.27545,1.27351,1.27538,7034
1733806800,2024-12-10 05:00:00+00:00,1.27539,1.27628,1.27368,1.27543,8324
1733821200,2024-12-10 09:00:00+00:00,1.2753999999999999,1.27653,1.27435,1.27504,8556
1733835600,2024-12-10 13:00:00+00:00,1.27511,1.27624,1.27236,1.2745,10411
1733850000,2024-12-10 17:00:00+00:00,1.27453,1.27774,1.27442,1.27625,6075
1733864400,2024-12-10 21:00:00+00:00,1.27596,1.27795,1.27596,1.27778,4160
1733878800,2024-12-11 01:00:00+00:00,1.27779,1.27813,1.27627,1.27655,5754
1733893200,2024-12-11 05:00:00+00:00,1.27655,1.27713,1.2727,1.27294,10094
1733907600,2024-12-11 09:00:00+00:00,1.27294,1.27814,1.27129,1.27702,10781
1733922000,2024-12-11 13:00:00+00:00,1.27699,1.27758,1.27338,1.27431,12539
1733936400,2024-12-11 17:00:00+00:00,1.27431,1.27569,1.27326,1.2742200000000001,7357
1733950800,2024-12-11 21:00:00+00:00,1.2747899999999999,1.27713,1.27375,1.2768,4767
1733965200,2024-12-12 01:00:00+00:00,1.27681,1.27702,1.2760799999999999,1.27641,5061
1733979600,2024-12-12 05:00:00+00:00,1.27643,1.27877,1.2754400000000001,1.27589,8211
1733994000,2024-12-12 09:00:00+00:00,1.27588,1.27641,1.27185,1.27288,10446
1734008400,2024-12-12 13:00:00+00:00,1.27294,1.27365,1.2671000000000001,1.27027,14501
1734022800,2024-12-12 17:00:00+00:00,1.27029,1.27037,1.2664,1.26644,7503
1734037200,2024-12-12 21:00:00+00:00,1.26675,1.26791,1.26639,1.26661,4532
1734051600,2024-12-13 01:00:00+00:00,1.26662,1.26693,1.26571,1.26636,5084
1734066000,2024-12-13 05:00:00+00:00,1.26637,1.2665,1.2618800000000001,1.26394,9040
1734080400,2024-12-13 09:00:00+00:00,1.264,1.26678,1.26334,1.26647,8309
1734094800,2024-12-13 13:00:00+00:00,1.26646,1.26654,1.2608,1.26207,10572
1734109200,2024-12-13 17:00:00+00:00,1.26207,1.2628,1.2612700000000001,1.26151,6487
1734296400,2024-12-15 21:00:00+00:00,1.2616,1.26357,1.26085,1.26348,4275
1734310800,2024-12-16 01:00:00+00:00,1.2635,1.26392,1.26285,1.26361,4332
1734325200,2024-12-16 05:00:00+00:00,1.26361,1.26714,1.26294,1.26535,7642
1734339600,2024-12-16 09:00:00+00:00,1.26536,1.26641,1.26418,1.26637,7154
1734354000,2024-12-16 13:00:00+00:00,1.26636,1.26982,1.2635,1.26824,11210
1734368400,2024-12-16 17:00:00+00:00,1.26824,1.26984,1.26718,1.26738,4517
1734382800,2024-12-16 21:00:00+00:00,1.26735,1.26981,1.26633,1.2689300000000001,3662
1734397200,2024-12-17 01:00:00+00:00,1.2689300000000001,1.26974,1.26723,1.26743,4487
1734411600,2024-12-17 05:00:00+00:00,1.2674400000000001,1.27065,1.26657,1.26868,9028
1734426000,2024-12-17 09:00:00+00:00,1.26872,1.27078,1.26704,1.2702,9306
1734440400,2024-12-17 13:00:00+00:00,1.2702,1.27284,1.2684,1.27196,11103
1734454800,2024-12-17 17:00:00+00:00,1.27194,1.27279,1.27,1.27003,5727
1734469200,2024-12-17 21:00:00+00:00,1.27012,1.27143,1.26975,1.27104,3879
1734483600,2024-12-18 01:00:00+00:00,1.27103,1.27118,1.2695,1.2702,4914
1734498000,2024-12-18 05:00:00+00:00,1.27019,1.27249,1.26795,1.26874,8312
1734512400,2024-12-18 09:00:00+00:00,1.26874,1.27221,1.26867,1.26909,8971
1734526800,2024-12-18 13:00:00+00:00,1.26908,1.27092,1.26834,1.27048,9340
1734541200,2024-12-18 17:00:00+00:00,1.27048,1.2718,1.25621,1.2564600000000001,14571
1734555600,2024-12-18 21:00:00+00:00,1.25653,1.25899,1.25629,1.2589299999999999,7043
1734570000,2024-12-19 01:00:00+00:00,1.25896,1.25963,1.25812,1.2585,6410
1734584400,2024-12-19 05:00:00+00:00,1.25847,1.26667,1.2582900000000001,1.26607,11317
1734598800,2024-12-19 09:00:00+00:00,1.26607,1.26607,1.25833,1.25919,11423
1734613200,2024-12-19 13:00:00+00:00,1.25918,1.26023,1.25075,1.251,14286
1734627600,2024-12-19 17:00:00+00:00,1.25099,1.2530999999999999,1.24924,1.24945,7630
1734642000,2024-12-19 21:00:00+00:00,1.24962,1.25061,1.24862,1.24895,4666
1734656400,2024-12-20 01:00:00+00:00,1.24895,1.24904,1.2475,1.24866,5708
1734670800,2024-12-20 05:00:00+00:00,1.24867,1.2517,1.24771,1.2503,10373
1734685200,2024-12-20 09:00:00+00:00,1.2503,1.25592,1.24951,1.25539,9008
1734699600,2024-12-20 13:00:00+00:00,1.2553,1.26136,1.25376,1.26032,13540
1734714000,2024-12-20 17:00:00+00:00,1.26029,1.26081,1.25628,1.25628,6781
1734901200,2024-12-22 21:00:00+00:00,1.25592,1.2582900000000001,1.2552400000000001,1.25808,4720
1734915600,2024-12-23 01:00:00+00:00,1.25808,1.25877,1.25757,1.25778,4682
1734930000,2024-12-23 05:00:00+00:00,1.25778,1.25831,1.2555399999999999,1.25691,6929
1734944400,2024-12-23 09:00:00+00:00,1.25691,1.25719,1.25122,1.2525,7641
1734958800,2024-12-23 13:00:00+00:00,1.25255,1.2538,1.25099,1.25206,10325
1734973200,2024-12-23 17:00:00+00:00,1.25208,1.25387,1.25207,1.25263,6109
1734987600,2024-12-23 21:00:00+00:00,1.25268,1.25379,1.2524,1.25318,4035
1735002000,2024-12-24 01:00:00+00:00,1.25318,1.25416,1.2527599999999999,1.25377,4580
1735016400,2024-12-24 05:00:00+00:00,1.25376,1.25449,1.25281,1.2533699999999999,5472
1735030800,2024-12-24 09:00:00+00:00,1.2533699999999999,1.25677,1.25265,1.25655,6356
1735045200,2024-12-24 13:00:00+00:00,1.25654,1.25745,1.25186,1.25189,8388
1735059600,2024-12-24 17:00:00+00:00,1.2519,1.2548599999999999,1.2519,1.25289,2333
1735074000,2024-12-24 21:00:00+00:00,1.25301,1.2530700000000001,1.25291,1.2530700000000001,16
1735160400,2024-12-25 21:00:00+00:00,1.25514,1.2551999999999999,1.2533400000000001,1.25413,3448
1735174800,2024-12-26 01:00:00+00:00,1.25413,1.2548,1.25375,1.25445,2991
1735189200,2024-12-26 05:00:00+00:00,1.25445,1.2545,1.25217,1.25306,4007
1735203600,2024-12-26 09:00:00+00:00,1.25306,1.25346,1.25143,1.25235,4788
1735218000,2024-12-26 13:00:00+00:00,1.25235,1.25248,1.2501,1.25153,8229
1735232400,2024-12-26 17:00:00+00:00,1.25153,1.25362,1.25153,1.2518,6942
1735246800,2024-12-26 21:00:00+00:00,1.25196,1.25317,1.2515,1.25228,4023
1735261200,2024-12-27 01:00:00+00:00,1.25227,1.25287,1.25182,1.25205,5190
1735275600,2024-12-27 05:00:00+00:00,1.25204,1.25342,1.2505,1.25085,6081
1735290000,2024-12-27 09:00:00+00:00,1.25085,1.2574100000000001,1.25085,1.2574,7706
1735304400,2024-12-27 13:00:00+00:00,1.25743,1.25925,1.25536,1.256,11105
1735318800,2024-12-27 17:00:00+00:00,1.25599,1.2583199999999999,1.25599,1.25717,7029
1735506000,2024-12-29 21:00:00+00:00,1.25724,1.25873,1.25628,1.25803,3184
1735520400,2024-12-30 01:00:00+00:00,1.2580200000000001,1.2585,1.25752,1.25815,3703
1735534800,2024-12-30 05:00:00+00:00,1.25816,1.25889,1.2561499999999999,1.25772,6480
1735549200,2024-12-30 09:00:00+00:00,1.2577099999999999,1.2607,1.2553,1.2554400000000001,8208
1735563600,2024-12-30 13:00:00+00:00,1.2554,1.25674,1.2506300000000001,1.25442,12049
1735578000,2024-12-30 17:00:00+00:00,1.25444,1.25586,1.25372,1.25379,6814
1735592400,2024-12-30 21:00:00+00:00,1.25386,1.25595,1.25339,1.25579,3599
1735606800,2024-12-31 01:00:00+00:00,1.2557800000000001,1.25595,1.25443,1.25506,3982
1735621200,2024-12-31 05:00:00+00:00,1.25505,1.25691,1.25413,1.25545,7137
1735635600,2024-12-31 09:00:00+00:00,1.25545,1.25545,1.25201,1.25284,9110
1735650000,2024-12-31 13:00:00+00:00,1.25289,1.25542,1.25053,1.25191,12821
1735664400,2024-12-31 17:00:00+00:00,1.2518500000000001,1.2527300000000001,1.2504,1.25098,7167
1735765200,2025-01-01 21:00:00+00:00,1.2511999999999999,1.2522199999999999,1.25062,1.25199,4859
1735779600,2025-01-02 01:00:00+00:00,1.252,1.25403,1.25199,1.25322,3956
1735794000,2025-01-02 05:00:00+00:00,1.25321,1.25339,1.24799,1.2482,7768
1735808400,2025-01-02 09:00:00+00:00,1.2482,1.24917,1.23973,1.2404,11085
1735822800,2025-01-02 13:00:00+00:00,1.2404,1.24111,1.23527,1.2371699999999999,13812
1735837200,2025-01-02 17:00:00+00:00,1.23718,1.23849,1.23638,1.23677,6935
1735851600,2025-01-02 21:00:00+00:00,1.23629,1.23898,1.23629,1.2385,3593
1735866000,2025-01-03 01:00:00+00:00,1.2385,1.23973,1.2384,1.23952,3949
1735880400,2025-01-03 05:00:00+00:00,1.2395100000000001,1.24165,1.23874,1.2405599999999999,7917
1735894800,2025-01-03 09:00:00+00:00,1.24057,1.24161,1.23864,1.24014,7828
1735909200,2025-01-03 13:00:00+00:00,1.24014,1.24291,1.23881,1.24182,11265
1735923600,2025-01-03 17:00:00+00:00,1.24183,1.24339,1.24155,1.24176,6032
1736110800,2025-01-05 21:00:00+00:00,1.24124,1.2438500000000001,1.24078,1.24349,4878
1736125200,2025-01-06 01:00:00+00:00,1.24348,1.24439,1.24316,1.24362,4849
1736139600,2025-01-06 05:00:00+00:00,1.24362,1.24912,1.24356,1.24754,8587
1736154000,2025-01-06 09:00:00+00:00,1.24756,1.25508,1.24554,1.25342,14021
1736168400,2025-01-06 13:00:00+00:00,1.2534100000000001,1.2537,1.24654,1.2517800000000001,14361
1736182800,2025-01-06 17:00:00+00:00,1.25179,1.25235,1.2502499999999999,1.25113,5732
1736197200,2025-01-06 21:00:00+00:00,1.25137,1.25232,1.24999,1.25191,4613
1736211600,2025-01-07 01:00:00+00:00,1.2519,1.25423,1.2519,1.25376,1555
1736226000,2025-01-07 05:00:00+00:00,1.25376,1.25645,1.25316,1.2563,6768
1736240400,2025-01-07 09:00:00+00:00,1.25616,1.25686,1.2523900000000001,1.2542,9189
1736254800,2025-01-07 13:00:00+00:00,1.25421,1.25438,1.24802,1.24999,14654
1736269200,2025-01-07 17:00:00+00:00,1.24998,1.25035,1.24677,1.24689,7098
1736283600,2025-01-07 21:00:00+00:00,1.24702,1.2485,1.24688,1.24848,4020
1736298000,2025-01-08 01:00:00+00:00,1.24848,1.24888,1.24779,1.2488,3944
1736312400,2025-01-08 05:00:00+00:00,1.24879,1.24937,1.24401,1.24501,8856
1736326800,2025-01-08 09:00:00+00:00,1.24501,1.24519,1.23208,1.23561,14390
1736341200,2025-01-08 13:00:00+00:00,1.23559,1.23683,1.23241,1.23458,12894
1736355600,2025-01-08 17:00:00+00:00,1.23457,1.2376800000000001,1.23457,1.23527,7021
1736370000,2025-01-08 21:00:00+00:00,1.23597,1.23655,1.23478,1.23591,3951
1736384400,2025-01-09 01:00:00+00:00,1.2359,1.23649,1.23288,1.23318,5355
1736398800,2025-01-09 05:00:00+00:00,1.23316,1.2332,1.22383,1.22818,12432
1736413200,2025-01-09 09:00:00+00:00,1.22818,1.23228,1.22516,1.23005,11323
1736427600,2025-01-09 13:00:00+00:00,1.23004,1.23166,1.22873,1.2301,9212
1736442000,2025-01-09 17:00:00+00:00,1.23007,1.23151,1.22963,1.23056,3178
1736456400,2025-01-09 21:00:00+00:00,1.23018,1.23103,1.2294100000000001,1.23032,4101
1736470800,2025-01-10 01:00:00+00:00,1.23032,1.23075,1.22743,1.22759,4925
1736485200,2025-01-10 05:00:00+00:00,1.22759,1.23078,1.22661,1.23022,8560
1736499600,2025-01-10 09:00:00+00:00,1.23022,1.23215,1.21918,1.22314,10484
1736514000,2025-01-10 13:00:00+00:00,1.22308,1.22625,1.21948,1.2221899999999999,17445
1736528400,2025-01-10 17:00:00+00:00,1.22217,1.22229,1.21995,1.22046,8438
1736715600,2025-01-12 21:00:00+00:00,1.21972,1.22101,1.21885,1.21908,5153
1736730000,2025-01-13 01:00:00+00:00,1.21909,1.21928,1.21259,1.21464,6704
1736744400,2025-01-13 05:00:00+00:00,1.21467,1.21709,1.21015,1.21064,11652
1736758800,2025-01-13 09:00:00+00:00,1.21062,1.21534,1.20997,1.21415,11755
1736773200,2025-01-13 13:00:00+00:00,1.21412,1.21745,1.21322,1.21736,13173
1736787600,2025-01-13 17:00:00+00:00,1.2174,1.22035,1.21633,1.21921,6533
1736802000,2025-01-13 21:00:00+00:00,1.21958,1.22501,1.21888,1.22112,7070
1736816400,2025-01-14 01:00:00+00:00,1.2211400000000001,1.22174,1.2192,1.22023,6430
1736830800,2025-01-14 05:00:00+00:00,1.22037,1.22458,1.2176,1.21779,11807
1736845200,2025-01-14 09:00:00+00:00,1.21774,1.21929,1.21362,1.21528,11205
1736859600,2025-01-14 13:00:00+00:00,1.2153100000000001,1.22125,1.21407,1.21854,14502
1736874000,2025-01-14 17:00:00+00:00,1.21852,1.22159,1.21834,1.22075,6205
1736888400,2025-01-14 21:00:00+00:00,1.22072,1.22141,1.21988,1.2199200000000001,3902
1736902800,2025-01-15 01:00:00+00:00,1.2199200000000001,1.22072,1.21921,1.2199,4841
1736917200,2025-01-15 05:00:00+00:00,1.2199,1.22409,1.21589,1.22183,10816
1736931600,2025-01-15 09:00:00+00:00,1.2218,1.23055,1.22013,1.2297500000000001,9221
1736946000,2025-01-15 13:00:00+00:00,1.22988,1.23054,1.2186,1.22143,14588
1736960400,2025-01-15 17:00:00+00:00,1.2214800000000001,1.22447,1.22129,1.22315,5264
1736974800,2025-01-15 21:00:00+00:00,1.22319,1.22478,1.22269,1.22285,5287
1736989200,2025-01-16 01:00:00+00:00,1.22289,1.22336,1.22066,1.2208700000000001,5359
1737003600,2025-01-16 05:00:00+00:00,1.22088,1.22262,1.21895,1.21973,9404
1737018000,2025-01-16 09:00:00+00:00,1.21972,1.2212399999999999,1.21746,1.21971,10204
1737032400,2025-01-16 13:00:00+00:00,1.2196799999999999,1.22602,1.21765,1.22366,14818
1737046800,2025-01-16 17:00:00+00:00,1.22365,1.2246,1.2227000000000001,1.22352,5998
1737061200,2025-01-16 21:00:00+00:00,1.22342,1.22399,1.22291,1.22323,3300
1737075600,2025-01-17 01:00:00+00:00,1.22332,1.22442,1.22122,1.22171,4774
1737090000,2025-01-17 05:00:00+00:00,1.22172,1.22193,1.21608,1.21958,9628
1737104400,2025-01-17 09:00:00+00:00,1.21962,1.22164,1.21754,1.21816,9628
1737118800,2025-01-17 13:00:00+00:00,1.21817,1.22276,1.2161,1.2173,13295
1737133200,2025-01-17 17:00:00+00:00,1.2173,1.21863,1.21609,1.21656,6297
1737320400,2025-01-19 21:00:00+00:00,1.21658,1.21942,1.21593,1.21918,4986
1737334800,2025-01-20 01:00:00+00:00,1.21918,1.2214800000000001,1.21854,1.221,4887
1737349200,2025-01-20 05:00:00+00:00,1.22101,1.22215,1.2165300000000001,1.21777,9143
1737363600,2025-01-20 09:00:00+00:00,1.21781,1.22986,1.21781,1.22983,9529
1737378000,2025-01-20 13:00:00+00:00,1.22983,1.23262,1.22543,1.2281900000000001,14276
1737392400,2025-01-20 17:00:00+00:00,1.22821,1.23441,1.22787,1.23184,6440
1737406800,2025-01-20 21:00:00+00:00,1.232,1.23445,1.22471,1.22752,11083
1737421200,2025-01-21 01:00:00+00:00,1.22747,1.23115,1.22724,1.22761,9203
1737435600,2025-01-21 05:00:00+00:00,1.22759,1.22861,1.22348,1.22479,10892
1737450000,2025-01-21 09:00:00+00:00,1.22478,1.22809,1.22292,1.2278,11624
1737464400,2025-01-21 13:00:00+00:00,1.22784,1.23353,1.22699,1.23258,13690
1737478800,2025-01-21 17:00:00+00:00,1.23259,1.23601,1.23233,1.23442,6094
1737493200,2025-01-21 21:00:00+00:00,1.2347299999999999,1.23537,1.23221,1.23324,6729
1737507600,2025-01-22 01:00:00+00:00,1.23314,1.23476,1.23284,1.23434,5001
1737522000,2025-01-22 05:00:00+00:00,1.23432,1.2365,1.23114,1.23639,10988
1737536400,2025-01-22 09:00:00+00:00,1.23644,1.23756,1.2336,1.23453,10211
1737550800,2025-01-22 13:00:00+00:00,1.23451,1.23481,1.2307299999999999,1.23213,12083
1737565200,2025-01-22 17:00:00+00:00,1.23214,1.2331,1.23057,1.2307299999999999,5765
1737579600,2025-01-22 21:00:00+00:00,1.2308,1.23231,1.23055,1.23104,4848
1737594000,2025-01-23 01:00:00+00:00,1.23103,1.23209,1.23017,1.23115,5420
1737608400,2025-01-23 05:00:00+00:00,1.23116,1.23207,1.2293,1.2316799999999999,9412
1737622800,2025-01-23 09:00:00+00:00,1.23171,1.23306,1.22999,1.23228,9912
1737637200,2025-01-23 13:00:00+00:00,1.23236,1.2375,1.23,1.2372,14291
1737651600,2025-01-23 17:00:00+00:00,1.23723,1.23724,1.23467,1.23499,7321
1737666000,2025-01-23 21:00:00+00:00,1.23467,1.23582,1.23449,1.23545,3719
1737680400,2025-01-24 01:00:00+00:00,1.23546,1.24038,1.23544,1.2399499999999999,8906
1737694800,2025-01-24 05:00:00+00:00,1.23997,1.24475,1.23765,1.24273,12818
1737709200,2025-01-24 09:00:00+00:00,1.24273,1.24356,1.24006,1.24142,9271
1737723600,2025-01-24 13:00:00+00:00,1.24142,1.25016,1.24091,1.24877,12008
1737738000,2025-01-24 17:00:00+00:00,1.24876,1.24952,1.24775,1.24797,6125
1737925200,2025-01-26 21:00:00+00:00,1.24658,1.24783,1.24476,1.24488,5768
1737939600,2025-01-27 01:00:00+00:00,1.24488,1.2462900000000001,1.2442199999999999,1.24467,6575
1737954000,2025-01-27 05:00:00+00:00,1.24466,1.24862,1.24259,1.24861,11298
1737968400,2025-01-27 09:00:00+00:00,1.24864,1.25228,1.24856,1.2502499999999999,12683
1737982800,2025-01-27 13:00:00+00:00,1.25022,1.25116,1.24671,1.24744,13339
1737997200,2025-01-27 17:00:00+00:00,1.24741,1.25001,1.24694,1.24946,7652
1738011600,2025-01-27 21:00:00+00:00,1.24947,1.24983,1.2436099999999999,1.24503,8531
1738026000,2025-01-28 01:00:00+00:00,1.24493,1.2454399999999999,1.24343,1.2445,7566
1738040400,2025-01-28 05:00:00+00:00,1.24451,1.24555,1.2426,1.2448,10229
1738054800,2025-01-28 09:00:00+00:00,1.24471,1.24516,1.24143,1.24236,9302
1738069200,2025-01-28 13:00:00+00:00,1.24234,1.24469,1.24217,1.24284,11671
1738083600,2025-01-28 17:00:00+00:00,1.2429000000000001,1.24453,1.24219,1.24393,6793
1738098000,2025-01-28 21:00:00+00:00,1.2437,1.2447,1.24333,1.24357,4115
1738112400,2025-01-29 01:00:00+00:00,1.24357,1.2455,1.24343,1.24536,5554
1738126800,2025-01-29 05:00:00+00:00,1.24552,1.2463,1.2416,1.24204,10238
1738141200,2025-01-29 09:00:00+00:00,1.2420499999999999,1.24283,1.2393,1.23974,10505
1738155600,2025-01-29 13:00:00+00:00,1.23977,1.24491,1.23966,1.24421,13167
1738170000,2025-01-29 17:00:00+00:00,1.24423,1.2457799999999999,1.24121,1.24433,13264
1738184400,2025-01-29 21:00:00+00:00,1.24443,1.24597,1.24323,1.24492,4384
1738198800,2025-01-30 01:00:00+00:00,1.24493,1.24553,1.24418,1.24479,5062
1738213200,2025-01-30 05:00:00+00:00,1.24479,1.24622,1.24316,1.24427,8829
1738227600,2025-01-30 09:00:00+00:00,1.24426,1.2471,1.24244,1.24673,10560
1738242000,2025-01-30 13:00:00+00:00,1.24665,1.2476099999999999,1.24354,1.24443,12806
1738256400,2025-01-30 17:00:00+00:00,1.24444,1.24641,1.24078,1.24127,8374
1738270800,2025-01-30 21:00:00+00:00,1.2413,1.24307,1.24071,1.24186,5074
1738285200,2025-01-31 01:00:00+00:00,1.24187,1.24275,1.2414100000000001,1.24204,5496
1738299600,2025-01-31 05:00:00+00:00,1.2420499999999999,1.24393,1.24007,1.24211,9382
1738314000,2025-01-31 09:00:00+00:00,1.24211,1.24317,1.2405599999999999,1.24137,8911
1738328400,2025-01-31 13:00:00+00:00,1.24135,1.24715,1.23876,1.24536,14092
1738342800,2025-01-31 17:00:00+00:00,1.24539,1.24612,1.23861,1.2393,13911
1738530000,2025-02-02 21:00:00+00:00,1.22944,1.23231,1.22643,1.22879,12950
1738544400,2025-02-03 01:00:00+00:00,1.22876,1.22879,1.2248999999999999,1.2276799999999999,12741
1738558800,2025-02-03 05:00:00+00:00,1.2276799999999999,1.23228,1.22728,1.22925,14161
1738573200,2025-02-03 09:00:00+00:00,1.22925,1.23746,1.22919,1.23648,12721
1738587600,2025-02-03 13:00:00+00:00,1.23648,1.24359,1.23358,1.23939,19698
1738602000,2025-02-03 17:00:00+00:00,1.23938,1.24548,1.23827,1.2449,11617
1738616400,2025-02-03 21:00:00+00:00,1.24493,1.24527,1.24092,1.24211,6473
1738630800,2025-02-04 01:00:00+00:00,1.24211,1.24269,1.23787,1.23975,8743
1738645200,2025-02-04 05:00:00+00:00,1.23976,1.24367,1.2393399999999999,1.24244,11593
1738659600,2025-02-04 09:00:00+00:00,1.24247,1.24342,1.23956,1.24282,10349
1738674000,2025-02-04 13:00:00+00:00,1.24283,1.24927,1.24282,1.24823,14398
1738688400,2025-02-04 17:00:00+00:00,1.24821,1.24902,1.24746,1.24765,6821
1738702800,2025-02-04 21:00:00+00:00,1.24748,1.24895,1.24702,1.24703,5985
1738717200,2025-02-05 01:00:00+00:00,1.24702,1.24824,1.24633,1.24676,6148
1738731600,2025-02-05 05:00:00+00:00,1.24676,1.25286,1.24657,1.2517800000000001,10791
1738746000,2025-02-05 09:00:00+00:00,1.25176,1.25496,1.25118,1.25146,10424
1738760400,2025-02-05 13:00:00+00:00,1.25147,1.2536800000000001,1.25017,1.25088,12757
1738774800,2025-02-05 17:00:00+00:00,1.25084,1.25139,1.24979,1.25031,6564
1738789200,2025-02-05 21:00:00+00:00,1.2504,1.25092,1.24982,1.25076,4950
1738803600,2025-02-06 01:00:00+00:00,1.25073,1.25088,1.2483,1.24835,5491
1738818000,2025-02-06 05:00:00+00:00,1.24835,1.2490999999999999,1.24173,1.24251,9114
1738832400,2025-02-06 09:00:00+00:00,1.24252,1.24309,1.23601,1.23833,12803
1738846800,2025-02-06 13:00:00+00:00,1.23831,1.24449,1.23815,1.24416,11831
1738861200,2025-02-06 17:00:00+00:00,1.24416,1.24551,1.24297,1.24323,6156
1738875600,2025-02-06 21:00:00+00:00,1.2431,1.24428,1.24219,1.24312,4617
1738890000,2025-02-07 01:00:00+00:00,1.24311,1.24394,1.24197,1.24215,5544
1738904400,2025-02-07 05:00:00+00:00,1.24215,1.24685,1.24193,1.24591,7996
1738918800,2025-02-07 09:00:00+00:00,1.24591,1.24927,1.2420200000000001,1.24304,9922
1738933200,2025-02-07 13:00:00+00:00,1.24302,1.24662,1.23762,1.24024,18108
1738947600,2025-02-07 17:00:00+00:00,1.24023,1.24224,1.23967,1.24,8800
1739134800,2025-02-09 21:00:00+00:00,1.23692,1.24004,1.23629,1.23828,7258
1739149200,2025-02-10 01:00:00+00:00,1.23828,1.24085,1.238,1.24007,5994
1739163600,2025-02-10 05:00:00+00:00,1.24008,1.24204,1.2391,1.24084,9119
1739178000,2025-02-10 09:00:00+00:00,1.24076,1.24218,1.23794,1.23905,8620
1739192400,2025-02-10 13:00:00+00:00,1.23906,1.23942,1.23711,1.2380200000000001,9532
1739206800,2025-02-10 17:00:00+00:00,1.2380200000000001,1.23811,1.23628,1.23654,4523
1739221200,2025-02-10 21:00:00+00:00,1.23606,1.23687,1.23537,1.2359499999999999,4953
1739235600,2025-02-11 01:00:00+00:00,1.23593,1.23628,1.23453,1.23616,5452
1739250000,2025-02-11 05:00:00+00:00,1.23614,1.23777,1.23323,1.23652,8054
1739264400,2025-02-11 09:00:00+00:00,1.23653,1.23987,1.23559,1.2398,8082
1739278800,2025-02-11 13:00:00+00:00,1.23983,1.2426,1.23968,1.24232,9481
1739293200,2025-02-11 17:00:00+00:00,1.24231,1.24541,1.24208,1.24436,6473
1739307600,2025-02-11 21:00:00+00:00,1.24425,1.24535,1.2426,1.24502,4458
1739322000,2025-02-12 01:00:00+00:00,1.24502,1.24585,1.24405,1.2445,6475
1739336400,2025-02-12 05:00:00+00:00,1.2445,1.24651,1.2435100000000001,1.24461,8346
1739350800,2025-02-12 09:00:00+00:00,1.2446,1.24617,1.2376800000000001,1.23887,9884
1739365200,2025-02-12 13:00:00+00:00,1.23879,1.24833,1.23781,1.24774,15234
1739379600,2025-02-12 17:00:00+00:00,1.24772,1.24825,1.24346,1.24425,7911
1739394000,2025-02-12 21:00:00+00:00,1.2442,1.24576,1.24302,1.24564,5248
1739408400,2025-02-13 01:00:00+00:00,1.24563,1.24954,1.24521,1.24911,7491
1739422800,2025-02-13 05:00:00+00:00,1.24909,1.2517,1.2472,1.2490999999999999,10838
1739437200,2025-02-13 09:00:00+00:00,1.2490999999999999,1.25049,1.2452,1.2471,10792
1739451600,2025-02-13 13:00:00+00:00,1.24707,1.25426,1.24615,1.25216,13332
1739466000,2025-02-13 17:00:00+00:00,1.25217,1.25681,1.24769,1.25637,10699
1739480400,2025-02-13 21:00:00+00:00,1.25539,1.25719,1.25216,1.25638,5645
1739494800,2025-02-14 01:00:00+00:00,1.25637,1.25657,1.25494,1.25537,5429
1739509200,2025-02-14 05:00:00+00:00,1.25537,1.25958,1.25519,1.25872,10089
1739523600,2025-02-14 09:00:00+00:00,1.25874,1.26089,1.25719,1.26027,9800
1739538000,2025-02-14 13:00:00+00:00,1.26031,1.263,1.26006,1.2609,10935
1739552400,2025-02-14 17:00:00+00:00,1.2609,1.2610299999999999,1.2582499999999999,1.25846,5718
1739739600,2025-02-16 21:00:00+00:00,1.25785,1.26002,1.25772,1.25992,6440
1739754000,2025-02-17 01:00:00+00:00,1.25992,1.25993,1.2583199999999999,1.25882,7927
1739768400,2025-02-17 05:00:00+00:00,1.25881,1.26043,1.25837,1.25912,9152
1739782800,2025-02-17 09:00:00+00:00,1.2591,1.2607599999999999,1.25879,1.25931,7273
1739797200,2025-02-17 13:00:00+00:00,1.25931,1.26263,1.25854,1.26224,5954
1739811600,2025-02-17 17:00:00+00:00,1.2622499999999999,1.26346,1.26185,1.26235,2831
1739826000,2025-02-17 21:00:00+00:00,1.2616800000000001,1.26246,1.25997,1.26056,4484
1739840400,2025-02-18 01:00:00+00:00,1.26056,1.26122,1.25931,1.2598,6946
1739854800,2025-02-18 05:00:00+00:00,1.25979,1.26227,1.2593,1.26071,8984
1739869200,2025-02-18 09:00:00+00:00,1.2606899999999999,1.26092,1.2582499999999999,1.25923,8149
1739883600,2025-02-18 13:00:00+00:00,1.25926,1.26203,1.2589299999999999,1.26003,9848
1739898000,2025-02-18 17:00:00+00:00,1.26004,1.26136,1.2592400000000001,1.26109,5342
1739912400,2025-02-18 21:00:00+00:00,1.26096,1.26377,1.26072,1.26135,6063
1739926800,2025-02-19 01:00:00+00:00,1.26131,1.26244,1.26082,1.26241,6388
1739941200,2025-02-19 05:00:00+00:00,1.2624,1.26379,1.26031,1.2604199999999999,8868
1739955600,2025-02-19 09:00:00+00:00,1.26043,1.26054,1.25752,1.25907,8910
1739970000,2025-02-19 13:00:00+00:00,1.25908,1.2606600000000001,1.25629,1.25725,12581
1739984400,2025-02-19 17:00:00+00:00,1.25726,1.25903,1.25661,1.25847,7875
1739998800,2025-02-19 21:00:00+00:00,1.25826,1.25941,1.25742,1.25831,6262
1740013200,2025-02-20 01:00:00+00:00,1.2583,1.25995,1.25809,1.25939,7951
1740027600,2025-02-20 05:00:00+00:00,1.25939,1.26159,1.25888,1.26138,10290
1740042000,2025-02-20 09:00:00+00:00,1.26138,1.26231,1.25974,1.26128,11272
1740056400,2025-02-20 13:00:00+00:00,1.26129,1.26602,1.26051,1.26521,14476
1740070800,2025-02-20 17:00:00+00:00,1.26518,1.26709,1.26487,1.26675,6651
1740085200,2025-02-20 21:00:00+00:00,1.26642,1.26742,1.26536,1.26559,6335
1740099600,2025-02-21 01:00:00+00:00,1.2656,1.2674,1.26554,1.26599,7371
1740114000,2025-02-21 05:00:00+00:00,1.2659799999999999,1.26787,1.26422,1.26499,11958
1740128400,2025-02-21 09:00:00+00:00,1.26498,1.2656399999999999,1.26367,1.26455,8223
1740142800,2025-02-21 13:00:00+00:00,1.26456,1.2668300000000001,1.26301,1.2645,13472
1740157200,2025-02-21 17:00:00+00:00,1.26449,1.26454,1.26246,1.26329,9310
1740344400,2025-02-23 21:00:00+00:00,1.26278,1.26797,1.26237,1.26784,8346
1740358800,2025-02-24 01:00:00+00:00,1.26783,1.26906,1.26707,1.26742,8314
1740373200,2025-02-24 05:00:00+00:00,1.26741,1.26748,1.26255,1.26382,12960
1740387600,2025-02-24 09:00:00+00:00,1.2638,1.26507,1.26264,1.26447,9564
1740402000,2025-02-24 13:00:00+00:00,1.26447,1.26495,1.26118,1.26403,14546
1740416400,2025-02-24 17:00:00+00:00,1.26403,1.26506,1.26169,1.26216,8115
1740430800,2025-02-24 21:00:00+00:00,1.26216,1.2629000000000001,1.26156,1.2623,5367
1740445200,2025-02-25 01:00:00+00:00,1.2623199999999999,1.26383,1.2621,1.26372,6847
1740459600,2025-02-25 05:00:00+00:00,1.26371,1.26387,1.26058,1.26238,11987
1740474000,2025-02-25 09:00:00+00:00,1.26238,1.26777,1.26154,1.26706,11266
1740488400,2025-02-25 13:00:00+00:00,1.26707,1.26772,1.2640500000000001,1.26628,15857
1740502800,2025-02-25 17:00:00+00:00,1.2662900000000001,1.2677399999999999,1.2659500000000001,1.2662900000000001,9095
1740517200,2025-02-25 21:00:00+00:00,1.26619,1.26776,1.26584,1.26646,5808
1740531600,2025-02-26 01:00:00+00:00,1.26647,1.26668,1.26349,1.26382,7202
1740546000,2025-02-26 05:00:00+00:00,1.26386,1.26646,1.26359,1.26536,11695
1740560400,2025-02-26 09:00:00+00:00,1.2653400000000001,1.26647,1.26399,1.2654,10543
1740574800,2025-02-26 13:00:00+00:00,1.26535,1.27159,1.26516,1.26841,16779
1740589200,2025-02-26 17:00:00+00:00,1.26843,1.26966,1.26684,1.2673,10326
1740603600,2025-02-26 21:00:00+00:00,1.267,1.26841,1.26604,1.26644,6054
1740618000,2025-02-27 01:00:00+00:00,1.26643,1.26666,1.2650000000000001,1.26544,8333
1740632400,2025-02-27 05:00:00+00:00,1.26548,1.26789,1.2653699999999999,1.26784,10954
1740646800,2025-02-27 09:00:00+00:00,1.26788,1.26888,1.26288,1.26325,13164
1740661200,2025-02-27 13:00:00+00:00,1.26324,1.26452,1.26089,1.2612700000000001,16534
1740675600,2025-02-27 17:00:00+00:00,1.26128,1.26297,1.25969,1.2598799999999999,9321
1740690000,2025-02-27 21:00:00+00:00,1.2598099999999999,1.26104,1.25908,1.25942,6297
1740704400,2025-02-28 01:00:00+00:00,1.25946,1.26004,1.25806,1.25857,8006
1740718800,2025-02-28 05:00:00+00:00,1.2585600000000001,1.2607,1.25728,1.25953,11707
1740733200,2025-02-28 09:00:00+00:00,1.25952,1.2610299999999999,1.25834,1.26023,10329
1740747600,2025-02-28 13:00:00+00:00,1.26023,1.26218,1.25806,1.25898,15889
1740762000,2025-02-28 17:00:00+00:00,1.259,1.2591,1.25591,1.25754,12289
1740949200,2025-03-02 21:00:00+00:00,1.2581,1.2613400000000001,1.25616,1.26087,9236
1740963600,2025-03-03 01:00:00+00:00,1.26087,1.26132,1.25964,1.26048,7497
1740978000,2025-03-03 05:00:00+00:00,1.26047,1.26299,1.2582200000000001,1.2628300000000001,12470
1740992400,2025-03-03 09:00:00+00:00,1.26284,1.26887,1.26284,1.26794,14799
1741006800,2025-03-03 13:00:00+00:00,1.26795,1.27179,1.26724,1.27161,16501
1741021200,2025-03-03 17:00:00+00:00,1.27157,1.27248,1.26797,1.26989,14075
1741035600,2025-03-03 21:00:00+00:00,1.2694,1.27097,1.2687599999999999,1.2697,8686
1741050000,2025-03-04 01:00:00+00:00,1.2697,1.26996,1.26788,1.26955,10169
1741064400,2025-03-04 05:00:00+00:00,1.26955,1.27409,1.26882,1.27244,15212
1741078800,2025-03-04 09:00:00+00:00,1.27247,1.27539,1.27043,1.27224,13899
1741093200,2025-03-04 13:00:00+00:00,1.27226,1.27457,1.2699500000000001,1.27434,19434
1741107600,2025-03-04 17:00:00+00:00,1.27434,1.27996,1.2741,1.27928,16737
1741122000,2025-03-04 21:00:00+00:00,1.27841,1.2797100000000001,1.27763,1.27769,8903
1741136400,2025-03-05 01:00:00+00:00,1.27773,1.27968,1.27675,1.27956,10876
1741150800,2025-03-05 05:00:00+00:00,1.27952,1.28545,1.27871,1.28355,16172
1741165200,2025-03-05 09:00:00+00:00,1.28355,1.28429,1.28039,1.28226,14459
1741179600,2025-03-05 13:00:00+00:00,1.28225,1.2881,1.28198,1.28795,21435
1741194000,2025-03-05 17:00:00+00:00,1.2879399999999999,1.2900800000000001,1.28647,1.2892700000000001,11932
1741208400,2025-03-05 21:00:00+00:00,1.28906,1.29077,1.28846,1.29044,8367
1741222800,2025-03-06 01:00:00+00:00,1.29046,1.29085,1.2883,1.2901799999999999,8451
1741237200,2025-03-06 05:00:00+00:00,1.29019,1.29238,1.28689,1.28765,17268
1741251600,2025-03-06 09:00:00+00:00,1.28765,1.28977,1.28659,1.28965,15587
1741266000,2025-03-06 13:00:00+00:00,1.28969,1.29188,1.28804,1.28875,21699
1741280400,2025-03-06 17:00:00+00:00,1.28873,1.29033,1.28701,1.28746,11837
1741294800,2025-03-06 21:00:00+00:00,1.28747,1.28895,1.28722,1.2883499999999999,5902
1741309200,2025-03-07 01:00:00+00:00,1.28837,1.2892700000000001,1.2877,1.28844,8007
1741323600,2025-03-07 05:00:00+00:00,1.28845,1.29447,1.28795,1.29386,13290
1741338000,2025-03-07 09:00:00+00:00,1.29386,1.29426,1.29024,1.29028,14757
1741352400,2025-03-07 13:00:00+00:00,1.29029,1.29367,1.28946,1.2907600000000001,20429
1741366800,2025-03-07 17:00:00+00:00,1.29075,1.2929300000000001,1.28962,1.29195,10570
1741554000,2025-03-09 21:00:00+00:00,1.2913000000000001,1.29457,1.2911299999999999,1.29285,9520
1741568400,2025-03-10 01:00:00+00:00,1.2928600000000001,1.2931,1.29051,1.29127,7792
1741582800,2025-03-10 05:00:00+00:00,1.29127,1.29227,1.28738,1.2909,15105
1741597200,2025-03-10 09:00:00+00:00,1.29092,1.29466,1.29021,1.29256,16689
1741611600,2025-03-10 13:00:00+00:00,1.29254,1.29258,1.28772,1.28777,16021
1741626000,2025-03-10 17:00:00+00:00,1.28775,1.28804,1.28613,1.28748,8105
1741640400,2025-03-10 21:00:00+00:00,1.28747,1.28905,1.28712,1.28892,8833
1741654800,2025-03-11 01:00:00+00:00,1.2889300000000001,1.2898100000000001,1.2873,1.28765,9847
1741669200,2025-03-11 05:00:00+00:00,1.28766,1.2941500000000001,1.2873999999999999,1.29348,16314
1741683600,2025-03-11 09:00:00+00:00,1.29348,1.29516,1.29189,1.29328,14678
1741698000,2025-03-11 13:00:00+00:00,1.29319,1.29565,1.29181,1.29492,17787
1741712400,2025-03-11 17:00:00+00:00,1.29492,1.29658,1.29393,1.2942,9760
1741726800,2025-03-11 21:00:00+00:00,1.29462,1.29501,1.2931300000000001,1.29372,6309
1741741200,2025-03-12 01:00:00+00:00,1.29373,1.29422,1.2919,1.29314,7158
1741755600,2025-03-12 05:00:00+00:00,1.2931300000000001,1.2945,1.2913299999999999,1.29343,13377
1741770000,2025-03-12 09:00:00+00:00,1.29342,1.29889,1.29274,1.29352,16255
1741784400,2025-03-12 13:00:00+00:00,1.29349,1.29827,1.29243,1.29672,13983
1741798800,2025-03-12 17:00:00+00:00,1.29671,1.29728,1.29539,1.2962799999999999,6112
1741813200,2025-03-12 21:00:00+00:00,1.2962799999999999,1.29703,1.29605,1.29664,5121
1741827600,2025-03-13 01:00:00+00:00,1.29664,1.29734,1.29522,1.29581,6334
1741842000,2025-03-13 05:00:00+00:00,1.29582,1.29658,1.29413,1.29597,12554
1741856400,2025-03-13 09:00:00+00:00,1.2959800000000001,1.29683,1.29209,1.29372,15064
1741870800,2025-03-13 13:00:00+00:00,1.29373,1.29602,1.2935400000000001,1.29401,13585
1741885200,2025-03-13 17:00:00+00:00,1.29398,1.29555,1.2939,1.2947899999999999,5415
1741899600,2025-03-13 21:00:00+00:00,1.29478,1.29587,1.29405,1.2941799999999999,5848
1741914000,2025-03-14 01:00:00+00:00,1.29417,1.29497,1.2935400000000001,1.29489,8829
1741928400,2025-03-14 05:00:00+00:00,1.29488,1.29488,1.29173,1.29283,12687
1741942800,2025-03-14 09:00:00+00:00,1.2928,1.29538,1.29244,1.29387,14477
1741957200,2025-03-14 13:00:00+00:00,1.29382,1.29459,1.29108,1.29278,11785
1741971600,2025-03-14 17:00:00+00:00,1.29279,1.2938100000000001,1.29274,1.29345,4759
1742158800,2025-03-16 21:00:00+00:00,1.2926199999999999,1.29443,1.29248,1.29383,6039
1742173200,2025-03-17 01:00:00+00:00,1.29382,1.29449,1.29291,1.29345,5910
1742187600,2025-03-17 05:00:00+00:00,1.29346,1.29577,1.29281,1.2953000000000001,8899
1742202000,2025-03-17 09:00:00+00:00,1.29532,1.29828,1.2950300000000001,1.29794,10450
1742216400,2025-03-17 13:00:00+00:00,1.29794,1.29949,1.29676,1.29907,8879
1742230800,2025-03-17 17:00:00+00:00,1.29904,1.29984,1.29832,1.29846,4681
1742245200,2025-03-17 21:00:00+00:00,1.29892,1.2989600000000001,1.29807,1.29814,4643
1742259600,2025-03-18 01:00:00+00:00,1.29814,1.29829,1.29705,1.29741,5061
1742274000,2025-03-18 05:00:00+00:00,1.29742,1.30048,1.29675,1.30016,8982
1742288400,2025-03-18 09:00:00+00:00,1.30017,1.30026,1.29515,1.29674,10751
1742302800,2025-03-18 13:00:00+00:00,1.29676,1.30071,1.2955999999999999,1.30051,12006
1742317200,2025-03-18 17:00:00+00:00,1.30053,1.30099,1.2995700000000001,1.30016,4554
1742331600,2025-03-18 21:00:00+00:00,1.30005,1.30034,1.2992,1.29941,4062
1742346000,2025-03-19 01:00:00+00:00,1.29941,1.30029,1.29813,1.29843,5018
1742360400,2025-03-19 05:00:00+00:00,1.29841,1.29871,1.29573,1.29721,11229
1742374800,2025-03-19 09:00:00+00:00,1.29724,1.29823,1.2955,1.29658,9429
1742389200,2025-03-19 13:00:00+00:00,1.29658,1.29761,1.29555,1.29643,8832
1742403600,2025-03-19 17:00:00+00:00,1.29638,1.30112,1.29604,1.30019,11391
1742418000,2025-03-19 21:00:00+00:00,1.3004,1.3014700000000001,1.29983,1.3002799999999999,5350
1742432400,2025-03-20 01:00:00+00:00,1.30029,1.30132,1.29905,1.29943,5290
1742446800,2025-03-20 05:00:00+00:00,1.29943,1.29962,1.29461,1.29551,10252
1742461200,2025-03-20 09:00:00+00:00,1.29553,1.29796,1.29358,1.29529,13301
1742475600,2025-03-20 13:00:00+00:00,1.29522,1.29737,1.29522,1.29612,10340
1742490000,2025-03-20 17:00:00+00:00,1.29612,1.29708,1.29565,1.29676,3927
1742504400,2025-03-20 21:00:00+00:00,1.29673,1.29703,1.2959100000000001,1.29636,4736
1742518800,2025-03-21 01:00:00+00:00,1.29636,1.29666,1.2925499999999999,1.2929300000000001,5938
1742533200,2025-03-21 05:00:00+00:00,1.2929599999999999,1.29452,1.29221,1.29328,9560
1742547600,2025-03-21 09:00:00+00:00,1.29329,1.29553,1.29231,1.2937,10862
1742562000,2025-03-21 13:00:00+00:00,1.29369,1.29391,1.28877,1.29221,11320
1742576400,2025-03-21 17:00:00+00:00,1.2922,1.2929599999999999,1.291,1.29165,3498
1742763600,2025-03-23 21:00:00+00:00,1.29071,1.29346,1.29071,1.2924,6567
1742778000,2025-03-24 01:00:00+00:00,1.29241,1.293,1.29111,1.2923200000000001,7186
1742792400,2025-03-24 05:00:00+00:00,1.29231,1.2965,1.29222,1.29609,10991
1742806800,2025-03-24 09:00:00+00:00,1.29609,1.29731,1.2917,1.29175,15197
1742821200,2025-03-24 13:00:00+00:00,1.29175,1.29489,1.28948,1.29096,15532
1742835600,2025-03-24 17:00:00+00:00,1.29096,1.2928899999999999,1.2904499999999999,1.29197,6725
1742850000,2025-03-24 21:00:00+00:00,1.29197,1.29246,1.29153,1.29204,6728
1742864400,2025-03-25 01:00:00+00:00,1.29205,1.29279,1.29108,1.2922,7394
1742878800,2025-03-25 05:00:00+00:00,1.2922,1.29301,1.2901099999999999,1.2929599999999999,13465
1742893200,2025-03-25 09:00:00+00:00,1.29297,1.2959800000000001,1.29272,1.29455,14056
1742907600,2025-03-25 13:00:00+00:00,1.2944200000000001,1.29658,1.29322,1.29587,14960
1742922000,2025-03-25 17:00:00+00:00,1.29579,1.29579,1.29388,1.29429,6221
1742936400,2025-03-25 21:00:00+00:00,1.29429,1.29478,1.2926199999999999,1.29427,8599
1742950800,2025-03-26 01:00:00+00:00,1.29426,1.29453,1.29287,1.29306,9293
1742965200,2025-03-26 05:00:00+00:00,1.29306,1.29423,1.28854,1.29085,15164
1742979600,2025-03-26 09:00:00+00:00,1.29086,1.29125,1.28735,1.28823,15747
1742994000,2025-03-26 13:00:00+00:00,1.28822,1.29026,1.28757,1.2882799999999999,16243
1743008400,2025-03-26 17:00:00+00:00,1.28827,1.28928,1.28731,1.28734,5958
1743022800,2025-03-26 21:00:00+00:00,1.2873,1.29014,1.28701,1.28994,11535
1743037200,2025-03-27 01:00:00+00:00,1.28994,1.29247,1.28993,1.29115,9587
1743051600,2025-03-27 05:00:00+00:00,1.2911299999999999,1.29283,1.29006,1.29193,16490
1743066000,2025-03-27 09:00:00+00:00,1.29195,1.29631,1.29139,1.29273,15994
1743080400,2025-03-27 13:00:00+00:00,1.29273,1.29913,1.29217,1.29485,17243
1743094800,2025-03-27 17:00:00+00:00,1.29484,1.29572,1.29403,1.29462,5614
1743109200,2025-03-27 21:00:00+00:00,1.29466,1.29508,1.29399,1.29458,7141
1743123600,2025-03-28 01:00:00+00:00,1.29457,1.2952,1.29368,1.29404,7741
1743138000,2025-03-28 05:00:00+00:00,1.294,1.29674,1.29376,1.2950599999999999,12681
1743152400,2025-03-28 09:00:00+00:00,1.29508,1.29632,1.29215,1.29539,14182
1743166800,2025-03-28 13:00:00+00:00,1.29538,1.2967,1.2928600000000001,1.29395,16776
1743181200,2025-03-28 17:00:00+00:00,1.29394,1.29471,1.29332,1.29372,5574
1743368400,2025-03-30 21:00:00+00:00,1.2943,1.29586,1.29214,1.29585,9476
1743382800,2025-03-31 01:00:00+00:00,1.29586,1.29708,1.29542,1.29561,12532
1743397200,2025-03-31 05:00:00+00:00,1.29561,1.29717,1.29344,1.29437,16573
1743411600,2025-03-31 09:00:00+00:00,1.29436,1.29585,1.2917399999999999,1.2931599999999999,13056
1743426000,2025-03-31 13:00:00+00:00,1.2931599999999999,1.29402,1.2885499999999999,1.29065,19746
1743440400,2025-03-31 17:00:00+00:00,1.29057,1.29233,1.29039,1.29162,8435
1743454800,2025-03-31 21:00:00+00:00,1.29108,1.29263,1.29092,1.29253,6067
1743469200,2025-04-01 01:00:00+00:00,1.2925200000000001,1.294,1.2917,1.29367,10959
1743483600,2025-04-01 05:00:00+00:00,1.29367,1.29369,1.2901500000000001,1.29249,14761
1743498000,2025-04-01 09:00:00+00:00,1.29253,1.29372,1.28845,1.2888899999999999,16715
1743512400,2025-04-01 13:00:00+00:00,1.2888899999999999,1.2928899999999999,1.28784,1.29256,19398
1743526800,2025-04-01 17:00:00+00:00,1.2925499999999999,1.2932000000000001,1.29075,1.29205,9471
1743541200,2025-04-01 21:00:00+00:00,1.29176,1.2932299999999999,1.2909,1.29097,6389
1743555600,2025-04-02 01:00:00+00:00,1.29097,1.29295,1.29055,1.29179,8754
1743570000,2025-04-02 05:00:00+00:00,1.2918,1.29237,1.28996,1.29197,11764
1743584400,2025-04-02 09:00:00+00:00,1.29197,1.29492,1.29189,1.29423,13462
1743598800,2025-04-02 13:00:00+00:00,1.29421,1.29779,1.29332,1.29697,18201
1743613200,2025-04-02 17:00:00+00:00,1.29697,1.3024200000000001,1.29526,1.29982,16424
1743627600,2025-04-02 21:00:00+00:00,1.29936,1.30564,1.2969,1.30396,20273
1743642000,2025-04-03 01:00:00+00:00,1.3039399999999999,1.30762,1.30363,1.30576,19944
1743656400,2025-04-03 05:00:00+00:00,1.30578,1.3167499999999999,1.30567,1.31615,24788
1743670800,2025-04-03 09:00:00+00:00,1.3161399999999999,1.32061,1.31369,1.31572,26702
1743685200,2025-04-03 13:00:00+00:00,1.3157,1.31951,1.31033,1.31044,26889
1743699600,2025-04-03 17:00:00+00:00,1.31039,1.31078,1.30789,1.30973,15241
1743714000,2025-04-03 21:00:00+00:00,1.30877,1.3107199999999999,1.30827,1.3100399999999999,12023
1743728400,2025-04-04 01:00:00+00:00,1.31005,1.31088,1.30798,1.30965,16380
1743742800,2025-04-04 05:00:00+00:00,1.30965,1.31128,1.29743,1.29818,23518
1743757200,2025-04-04 09:00:00+00:00,1.29821,1.305,1.29613,1.3000099999999999,35454
1743771600,2025-04-04 13:00:00+00:00,1.3,1.30164,1.28871,1.28941,36335
1743786000,2025-04-04 17:00:00+00:00,1.28942,1.2913299999999999,1.28522,1.28983,22730
1743973200,2025-04-06 21:00:00+00:00,1.2841,1.2931599999999999,1.28199,1.29087,21449
1743987600,2025-04-07 01:00:00+00:00,1.29088,1.29153,1.2849,1.29012,25361
1744002000,2025-04-07 05:00:00+00:00,1.29013,1.29331,1.28644,1.28705,32037
1744016400,2025-04-07 09:00:00+00:00,1.28705,1.28757,1.28029,1.28365,30440
1744030800,2025-04-07 13:00:00+00:00,1.2836699999999999,1.28458,1.27094,1.27292,35718
1744045200,2025-04-07 17:00:00+00:00,1.27298,1.27777,1.27073,1.27133,22456
1744059600,2025-04-07 21:00:00+00:00,1.27156,1.27645,1.27132,1.27508,12106
1744074000,2025-04-08 01:00:00+00:00,1.27507,1.2791000000000001,1.27506,1.27853,17919
1744088400,2025-04-08 05:00:00+00:00,1.27853,1.27955,1.27446,1.27516,22995
1744102800,2025-04-08 09:00:00+00:00,1.27516,1.27951,1.27236,1.27751,24245
1744117200,2025-04-08 13:00:00+00:00,1.2775,1.27927,1.27429,1.27717,29771
1744131600,2025-04-08 17:00:00+00:00,1.27714,1.28137,1.27541,1.27629,23074
1744146000,2025-04-08 21:00:00+00:00,1.27577,1.2814999999999999,1.2732999999999999,1.2814,15461
1744160400,2025-04-09 01:00:00+00:00,1.2814,1.28559,1.28126,1.28545,28472
1744174800,2025-04-09 05:00:00+00:00,1.28541,1.28632,1.27856,1.28243,32171
1744189200,2025-04-09 09:00:00+00:00,1.2824200000000001,1.28361,1.2769599999999999,1.28027,28872
1744203600,2025-04-09 13:00:00+00:00,1.28027,1.28137,1.27505,1.2764199999999999,28114
1744218000,2025-04-09 17:00:00+00:00,1.27644,1.2836699999999999,1.27426,1.28122,33231
1744232400,2025-04-09 21:00:00+00:00,1.28129,1.2846,1.27872,1.28434,16735
1744246800,2025-04-10 01:00:00+00:00,1.28433,1.286,1.28212,1.28585,21724
1744261200,2025-04-10 05:00:00+00:00,1.28585,1.28807,1.28441,1.28685,27041
1744275600,2025-04-10 09:00:00+00:00,1.28684,1.2955999999999999,1.28603,1.2924,27743
1744290000,2025-04-10 13:00:00+00:00,1.29244,1.2977699999999999,1.28913,1.29535,32647
1744304400,2025-04-10 17:00:00+00:00,1.2953299999999999,1.29951,1.29309,1.29624,25233
1744318800,2025-04-10 21:00:00+00:00,1.29624,1.30467,1.29617,1.30159,18401
1744333200,2025-04-11 01:00:00+00:00,1.30159,1.30461,1.29938,1.30202,27186
1744347600,2025-04-11 05:00:00+00:00,1.30203,1.31327,1.29841,1.3108,31317
1744362000,2025-04-11 09:00:00+00:00,1.31075,1.31442,1.30556,1.31217,31067
1744376400,2025-04-11 13:00:00+00:00,1.3121800000000001,1.31334,1.30293,1.30506,34837
1744390800,2025-04-11 17:00:00+00:00,1.30506,1.30937,1.3043,1.30813,22588
1744578000,2025-04-13 21:00:00+00:00,1.3091,1.31053,1.30606,1.30961,13608
1744592400,2025-04-14 01:00:00+00:00,1.30965,1.31273,1.30946,1.31034,18789
1744606800,2025-04-14 05:00:00+00:00,1.31034,1.31864,1.30958,1.31702,21031
1744621200,2025-04-14 09:00:00+00:00,1.31703,1.32,1.3140800000000001,1.31449,17295
1744635600,2025-04-14 13:00:00+00:00,1.31451,1.31915,1.3122,1.31654,25824
1744650000,2025-04-14 17:00:00+00:00,1.3165499999999999,1.31985,1.3165200000000001,1.31875,14092
1744664400,2025-04-14 21:00:00+00:00,1.31883,1.31985,1.31634,1.31726,8076
1744678800,2025-04-15 01:00:00+00:00,1.31725,1.3216700000000001,1.31687,1.3210600000000001,11514
1744693200,2025-04-15 05:00:00+00:00,1.3210600000000001,1.3237700000000001,1.3183500000000001,1.32288,18338
1744707600,2025-04-15 09:00:00+00:00,1.32288,1.3250899999999999,1.32179,1.32225,17915
1744722000,2025-04-15 13:00:00+00:00,1.32224,1.32455,1.3204500000000001,1.3211300000000001,23087
1744736400,2025-04-15 17:00:00+00:00,1.3211300000000001,1.32337,1.32054,1.32256,11245
1744750800,2025-04-15 21:00:00+00:00,1.32261,1.32532,1.32084,1.32457,9085
1744765200,2025-04-16 01:00:00+00:00,1.32457,1.32661,1.3242099999999999,1.32635,11820
1744779600,2025-04-16 05:00:00+00:00,1.32633,1.3289900000000001,1.32562,1.32877,19277
1744794000,2025-04-16 09:00:00+00:00,1.32881,1.32911,1.32497,1.32588,19077
1744808400,2025-04-16 13:00:00+00:00,1.32586,1.32703,1.32257,1.32328,19559
1744822800,2025-04-16 17:00:00+00:00,1.3232300000000001,1.3248,1.32112,1.32432,16129
1744837200,2025-04-16 21:00:00+00:00,1.3226200000000001,1.3243800000000001,1.32104,1.32114,9550
1744851600,2025-04-17 01:00:00+00:00,1.32114,1.3228900000000001,1.3202,1.32088,9457
1744866000,2025-04-17 05:00:00+00:00,1.32087,1.32469,1.32029,1.32386,15855
1744880400,2025-04-17 09:00:00+00:00,1.32386,1.32493,1.32178,1.3248199999999999,17735
1744894800,2025-04-17 13:00:00+00:00,1.32484,1.32722,1.32266,1.32572,22470
1744909200,2025-04-17 17:00:00+00:00,1.32573,1.3271600000000001,1.32458,1.3262800000000001,9915
1744923600,2025-04-17 21:00:00+00:00,1.32554,1.32831,1.3247900000000001,1.32799,14876
1744938000,2025-04-18 01:00:00+00:00,1.32796,1.3283800000000001,1.3262399999999999,1.32677,41464
1744952400,2025-04-18 05:00:00+00:00,1.32675,1.3278400000000001,1.3256999999999999,1.32715,30443
1744966800,2025-04-18 09:00:00+00:00,1.32715,1.32799,1.32654,1.32762,25023
1744981200,2025-04-18 13:00:00+00:00,1.32756,1.32849,1.3271,1.32829,25521
1744995600,2025-04-18 17:00:00+00:00,1.32826,1.32974,1.32783,1.3290199999999999,15965
1745182800,2025-04-20 21:00:00+00:00,1.3272,1.33549,1.32676,1.33454,11062
1745197200,2025-04-21 01:00:00+00:00,1.33454,1.33859,1.33418,1.33823,12184
1745211600,2025-04-21 05:00:00+00:00,1.33823,1.34154,1.3371,1.34137,15886
1745226000,2025-04-21 09:00:00+00:00,1.3413599999999999,1.3421,1.33784,1.3403,16404
1745240400,2025-04-21 13:00:00+00:00,1.34029,1.34082,1.33745,1.33781,16601
1745254800,2025-04-21 17:00:00+00:00,1.33781,1.33834,1.33619,1.33738,8767
1745269200,2025-04-21 21:00:00+00:00,1.3365,1.3384,1.33609,1.33697,8231
1745283600,2025-04-22 01:00:00+00:00,1.33697,1.3409200000000001,1.33697,1.34015,10945
1745298000,2025-04-22 05:00:00+00:00,1.34015,1.34226,1.33679,1.33864,20207
1745312400,2025-04-22 09:00:00+00:00,1.33864,1.33895,1.33549,1.33707,17810
1745326800,2025-04-22 13:00:00+00:00,1.33712,1.33895,1.33422,1.3345500000000001,19677
1745341200,2025-04-22 17:00:00+00:00,1.33454,1.33535,1.33251,1.3327200000000001,11411
1745355600,2025-04-22 21:00:00+00:00,1.33219,1.33324,1.32331,1.33045,14780
1745370000,2025-04-23 01:00:00+00:00,1.33045,1.33165,1.32862,1.33044,12928
1745384400,2025-04-23 05:00:00+00:00,1.33045,1.33273,1.3281100000000001,1.33189,19265
1745398800,2025-04-23 09:00:00+00:00,1.33189,1.33378,1.32898,1.3303,17593
1745413200,2025-04-23 13:00:00+00:00,1.33029,1.33186,1.32493,1.3259699999999999,26701
1745427600,2025-04-23 17:00:00+00:00,1.32596,1.32763,1.3247200000000001,1.32484,14085
1745442000,2025-04-23 21:00:00+00:00,1.3254299999999999,1.32783,1.32439,1.3277,7659
1745456400,2025-04-24 01:00:00+00:00,1.32769,1.32858,1.32645,1.32691,8701
1745470800,2025-04-24 05:00:00+00:00,1.3269199999999999,1.33087,1.32638,1.33005,16301
1745485200,2025-04-24 09:00:00+00:00,1.33006,1.33198,1.3296700000000001,1.33005,15155
1745499600,2025-04-24 13:00:00+00:00,1.33011,1.33315,1.32895,1.33276,18326
1745514000,2025-04-24 17:00:00+00:00,1.33276,1.33483,1.3314300000000001,1.33371,8843
1745528400,2025-04-24 21:00:00+00:00,1.33382,1.33392,1.33052,1.3306200000000001,6645
1745542800,2025-04-25 01:00:00+00:00,1.3306200000000001,1.33169,1.32786,1.32862,11078
1745557200,2025-04-25 05:00:00+00:00,1.32862,1.3313,1.32733,1.33014,16492
1745571600,2025-04-25 09:00:00+00:00,1.33014,1.33253,1.32864,1.33221,12674
1745586000,2025-04-25 13:00:00+00:00,1.33222,1.33314,1.32972,1.33186,16625
1745600400,2025-04-25 17:00:00+00:00,1.33185,1.33314,1.33038,1.33073,9538
1745787600,2025-04-27 21:00:00+00:00,1.3307,1.33107,1.32873,1.32993,6552
1745802000,2025-04-28 01:00:00+00:00,1.32993,1.33144,1.32793,1.3314300000000001,7477
1745816400,2025-04-28 05:00:00+00:00,1.33144,1.33328,1.32873,1.33282,15085
1745830800,2025-04-28 09:00:00+00:00,1.33285,1.33537,1.33285,1.33415,14720
1745845200,2025-04-28 13:00:00+00:00,1.33416,1.3419400000000001,1.33403,1.34121,19599
1745859600,2025-04-28 17:00:00+00:00,1.34121,1.34435,1.34103,1.34374,10033
1745874000,2025-04-28 21:00:00+00:00,1.34315,1.3443100000000001,1.34229,1.3425099999999999,4745
1745888400,2025-04-29 01:00:00+00:00,1.3425099999999999,1.34414,1.33932,1.33951,8384
1745902800,2025-04-29 05:00:00+00:00,1.33951,1.3425099999999999,1.33951,1.3410199999999999,14208
1745917200,2025-04-29 09:00:00+00:00,1.34103,1.34131,1.33795,1.34083,13638
1745931600,2025-04-29 13:00:00+00:00,1.34083,1.34199,1.33873,1.34062,17829
1745946000,2025-04-29 17:00:00+00:00,1.34063,1.34098,1.33924,1.33987,8209
1745960400,2025-04-29 21:00:00+00:00,1.33914,1.3413599999999999,1.33914,1.34015,4812
1745974800,2025-04-30 01:00:00+00:00,1.3401399999999999,1.34106,1.33814,1.33897,7895
1745989200,2025-04-30 05:00:00+00:00,1.33898,1.34052,1.33621,1.33662,13318
1746003600,2025-04-30 09:00:00+00:00,1.33664,1.33731,1.3342399999999999,1.3351,15074
1746018000,2025-04-30 13:00:00+00:00,1.3351,1.3357999999999999,1.33081,1.33456,20966
1746032400,2025-04-30 17:00:00+00:00,1.33456,1.33571,1.33181,1.33253,11294
1746046800,2025-04-30 21:00:00+00:00,1.3326,1.33305,1.33167,1.33181,5100
1746061200,2025-05-01 01:00:00+00:00,1.33181,1.33181,1.3292,1.32927,7531
1746075600,2025-05-01 05:00:00+00:00,1.32926,1.33321,1.32739,1.3323800000000001,13777
1746090000,2025-05-01 09:00:00+00:00,1.33237,1.33443,1.33111,1.33149,14481
1746104400,2025-05-01 13:00:00+00:00,1.33144,1.33262,1.32608,1.32798,19106
1746118800,2025-05-01 17:00:00+00:00,1.32798,1.32857,1.32593,1.32688,8962
1746133200,2025-05-01 21:00:00+00:00,1.3268499999999999,1.32889,1.32467,1.32781,5792
1746147600,2025-05-02 01:00:00+00:00,1.32782,1.33127,1.3274599999999999,1.33071,9017
1746162000,2025-05-02 05:00:00+00:00,1.33071,1.33209,1.32815,1.3290899999999999,15516
1746176400,2025-05-02 09:00:00+00:00,1.32905,1.33149,1.32606,1.3289900000000001,17874
1746190800,2025-05-02 13:00:00+00:00,1.3289900000000001,1.33297,1.32756,1.32826,23392
1746205200,2025-05-02 17:00:00+00:00,1.32826,1.32928,1.32627,1.32656,10647
1746392400,2025-05-04 21:00:00+00:00,1.3258,1.3275000000000001,1.3256700000000001,1.32704,5704
1746406800,2025-05-05 01:00:00+00:00,1.32707,1.32998,1.32707,1.32943,8667
1746421200,2025-05-05 05:00:00+00:00,1.32943,1.3305799999999999,1.32745,1.32806,14559
1746435600,2025-05-05 09:00:00+00:00,1.3281,1.33347,1.32809,1.33298,15672
1746450000,2025-05-05 13:00:00+00:00,1.3329900000000001,1.33355,1.32694,1.32728,17946
1746464400,2025-05-05 17:00:00+00:00,1.32728,1.32985,1.3271,1.3289900000000001,7697
1746478800,2025-05-05 21:00:00+00:00,1.32874,1.32968,1.3266499999999999,1.3268499999999999,3758
1746493200,2025-05-06 01:00:00+00:00,1.32683,1.33045,1.32593,1.33015,9377
1746507600,2025-05-06 05:00:00+00:00,1.33015,1.33327,1.3284500000000001,1.33142,14362
1746522000,2025-05-06 09:00:00+00:00,1.33141,1.34016,1.33069,1.33958,14811
1746536400,2025-05-06 13:00:00+00:00,1.33958,1.3396,1.33509,1.3357,17699
1746550800,2025-05-06 17:00:00+00:00,1.33575,1.33856,1.33555,1.33625,10045
1746565200,2025-05-06 21:00:00+00:00,1.33626,1.33775,1.33324,1.33508,11328
1746579600,2025-05-07 01:00:00+00:00,1.33509,1.3361,1.33348,1.33415,12031
1746594000,2025-05-07 05:00:00+00:00,1.33414,1.33661,1.33348,1.3335,16030
1746608400,2025-05-07 09:00:00+00:00,1.33349,1.33671,1.3322,1.33658,12513
1746622800,2025-05-07 13:00:00+00:00,1.33658,1.33761,1.33317,1.33472,15497
1746637200,2025-05-07 17:00:00+00:00,1.33471,1.33523,1.32792,1.32897,16657
1746651600,2025-05-07 21:00:00+00:00,1.32829,1.33061,1.32829,1.32949,5378
1746666000,2025-05-08 01:00:00+00:00,1.32949,1.33554,1.32929,1.33313,10241
1746680400,2025-05-08 05:00:00+00:00,1.33312,1.33321,1.32605,1.32652,17725
1746694800,2025-05-08 09:00:00+00:00,1.32653,1.33413,1.3241800000000001,1.3323,17894
1746709200,2025-05-08 13:00:00+00:00,1.3323,1.33439,1.32609,1.32651,19869
1746723600,2025-05-08 17:00:00+00:00,1.32651,1.32664,1.32355,1.3242,9949
1746738000,2025-05-08 21:00:00+00:00,1.32429,1.32512,1.32185,1.32386,4855
1746752400,2025-05-09 01:00:00+00:00,1.32385,1.32413,1.3211,1.3235299999999999,10752
1746766800,2025-05-09 05:00:00+00:00,1.3235299999999999,1.32699,1.32227,1.32691,12723
1746781200,2025-05-09 09:00:00+00:00,1.32691,1.32859,1.32611,1.32843,13206
1746795600,2025-05-09 13:00:00+00:00,1.32843,1.33216,1.32832,1.33061,13878
1746810000,2025-05-09 17:00:00+00:00,1.3305799999999999,1.33182,1.3296299999999999,1.32989,6685
1746997200,2025-05-11 21:00:00+00:00,1.3279,1.32943,1.32552,1.3288,6904
1747011600,2025-05-12 01:00:00+00:00,1.3287900000000001,1.32934,1.32743,1.32849,8771
1747026000,2025-05-12 05:00:00+00:00,1.32851,1.32983,1.31586,1.31934,20926
1747040400,2025-05-12 09:00:00+00:00,1.31933,1.32033,1.31388,1.3195299999999999,19598
1747054800,2025-05-12 13:00:00+00:00,1.3195299999999999,1.32142,1.31763,1.31772,19733
1747069200,2025-05-12 17:00:00+00:00,1.31772,1.31837,1.31613,1.31744,9802
1747083600,2025-05-12 21:00:00+00:00,1.31676,1.31842,1.31639,1.3177400000000001,6169
1747098000,2025-05-13 01:00:00+00:00,1.31775,1.31999,1.3174000000000001,1.31999,8682
1747112400,2025-05-13 05:00:00+00:00,1.31999,1.32159,1.31885,1.32105,14533
1747126800,2025-05-13 09:00:00+00:00,1.32104,1.32434,1.3201100000000001,1.32423,14241
1747141200,2025-05-13 13:00:00+00:00,1.32423,1.3293599999999999,1.32203,1.32915,17855
1747155600,2025-05-13 17:00:00+00:00,1.32915,1.33156,1.32866,1.3303099999999999,7477
1747170000,2025-05-13 21:00:00+00:00,1.33023,1.33155,1.32985,1.33128,4554
1747184400,2025-05-14 01:00:00+00:00,1.33128,1.33188,1.32974,1.33034,9306
1747198800,2025-05-14 05:00:00+00:00,1.33034,1.33576,1.329,1.33461,16120
1747213200,2025-05-14 09:00:00+00:00,1.33463,1.33593,1.33154,1.3324099999999999,17267
1747227600,2025-05-14 13:00:00+00:00,1.3324099999999999,1.33282,1.32699,1.32815,20511
1747242000,2025-05-14 17:00:00+00:00,1.3281399999999999,1.32873,1.32524,1.32535,10778
1747256400,2025-05-14 21:00:00+00:00,1.32553,1.32736,1.32488,1.32715,4572
1747270800,2025-05-15 01:00:00+00:00,1.3271600000000001,1.32857,1.32715,1.32736,9032
1747285200,2025-05-15 05:00:00+00:00,1.32736,1.3304,1.32616,1.32889,14925
1747299600,2025-05-15 09:00:00+00:00,1.32888,1.3308,1.3266499999999999,1.33047,14866
1747314000,2025-05-15 13:00:00+00:00,1.33047,1.3318699999999999,1.32626,1.32882,18223
1747328400,2025-05-15 17:00:00+00:00,1.3288,1.3308200000000001,1.32858,1.32966,8022
1747342800,2025-05-15 21:00:00+00:00,1.32985,1.33166,1.32955,1.33133,5197
1747357200,2025-05-16 01:00:00+00:00,1.33132,1.33185,1.3305799999999999,1.33174,8462
1747371600,2025-05-16 05:00:00+00:00,1.33173,1.33315,1.33006,1.33037,12442
1747386000,2025-05-16 09:00:00+00:00,1.33036,1.33078,1.3272599999999999,1.32822,12744
1747400400,2025-05-16 13:00:00+00:00,1.32825,1.3298,1.32497,1.32676,17212
1747414800,2025-05-16 17:00:00+00:00,1.32679,1.3287,1.32667,1.32771,8777
1747602000,2025-05-18 21:00:00+00:00,1.327,1.33125,1.3265500000000001,1.33117,7164
1747616400,2025-05-19 01:00:00+00:00,1.33117,1.33127,1.32895,1.32979,9361
1747630800,2025-05-19 05:00:00+00:00,1.32979,1.33716,1.32919,1.33666,15972
1747645200,2025-05-19 09:00:00+00:00,1.3366799999999999,1.34028,1.3362,1.33701,16394
1747659600,2025-05-19 13:00:00+00:00,1.3370199999999999,1.33748,1.33448,1.33537,16759
1747674000,2025-05-19 17:00:00+00:00,1.33537,1.33635,1.33439,1.33585,7528
1747688400,2025-05-19 21:00:00+00:00,1.33576,1.3361399999999999,1.3344,1.33551,5373
1747702800,2025-05-20 01:00:00+00:00,1.33554,1.33728,1.33463,1.33627,10259
1747717200,2025-05-20 05:00:00+00:00,1.33628,1.33938,1.33625,1.33727,16194
1747731600,2025-05-20 09:00:00+00:00,1.33727,1.33829,1.33346,1.33391,12869
1747746000,2025-05-20 13:00:00+00:00,1.33391,1.33732,1.33338,1.33705,17620
1747760400,2025-05-20 17:00:00+00:00,1.33705,1.33928,1.33688,1.3391199999999999,9028
1747774800,2025-05-20 21:00:00+00:00,1.33842,1.34107,1.3377,1.34076,5198
1747789200,2025-05-21 01:00:00+00:00,1.34077,1.34345,1.33978,1.34294,10557
1747803600,2025-05-21 05:00:00+00:00,1.34294,1.34679,1.33901,1.33979,17374
1747818000,2025-05-21 09:00:00+00:00,1.33979,1.34369,1.33876,1.34215,18468
1747832400,2025-05-21 13:00:00+00:00,1.34219,1.34506,1.34137,1.34459,18333
1747846800,2025-05-21 17:00:00+00:00,1.34458,1.34517,1.34121,1.34186,12868
1747861200,2025-05-21 21:00:00+00:00,1.34149,1.34308,1.34039,1.34238,7447
1747875600,2025-05-22 01:00:00+00:00,1.34237,1.34399,1.34158,1.3428,9791
1747890000,2025-05-22 05:00:00+00:00,1.3428,1.34397,1.3400699999999999,1.3401399999999999,16841
1747904400,2025-05-22 09:00:00+00:00,1.34012,1.34254,1.33901,1.3412,17308
1747918800,2025-05-22 13:00:00+00:00,1.3412,1.34356,1.34051,1.3417,18744
1747933200,2025-05-22 17:00:00+00:00,1.34169,1.34288,1.34028,1.34175,9582
1747947600,2025-05-22 21:00:00+00:00,1.3415,1.3434599999999999,1.34017,1.3431199999999999,5440
1747962000,2025-05-23 01:00:00+00:00,1.3431199999999999,1.34544,1.34289,1.34512,8146
1747976400,2025-05-23 05:00:00+00:00,1.34512,1.34906,1.3443,1.34872,13209
1747990800,2025-05-23 09:00:00+00:00,1.34871,1.35324,1.34731,1.35172,19358
1748005200,2025-05-23 13:00:00+00:00,1.3517000000000001,1.35227,1.34796,1.35208,18779
1748019600,2025-05-23 17:00:00+00:00,1.35208,1.35384,1.35202,1.35384,8866
1748206800,2025-05-25 21:00:00+00:00,1.35206,1.35602,1.35205,1.35601,8146
1748221200,2025-05-26 01:00:00+00:00,1.3559999999999999,1.35923,1.35525,1.35816,9955
1748235600,2025-05-26 05:00:00+00:00,1.35816,1.35916,1.3557000000000001,1.35633,12547
1748250000,2025-05-26 09:00:00+00:00,1.3563399999999999,1.3568,1.3550200000000001,1.35548,8646
1748264400,2025-05-26 13:00:00+00:00,1.35548,1.3564,1.35516,1.35632,4147
1748278800,2025-05-26 17:00:00+00:00,1.35636,1.35642,1.3556599999999999,1.35575,2639
1748293200,2025-05-26 21:00:00+00:00,1.35585,1.35842,1.35513,1.35815,4599
1748307600,2025-05-27 01:00:00+00:00,1.3581400000000001,1.35858,1.35531,1.3554300000000001,8116
1748322000,2025-05-27 05:00:00+00:00,1.3554300000000001,1.35723,1.3521,1.35358,14029
1748336400,2025-05-27 09:00:00+00:00,1.35357,1.35613,1.3532899999999999,1.3561,13252
1748350800,2025-05-27 13:00:00+00:00,1.3561,1.35638,1.34994,1.35064,16005
1748365200,2025-05-27 17:00:00+00:00,1.35066,1.35142,1.35012,1.35015,6390
1748379600,2025-05-27 21:00:00+00:00,1.35008,1.35212,1.35008,1.35144,3914
1748394000,2025-05-28 01:00:00+00:00,1.35144,1.35156,1.34699,1.34713,11747
1748408400,2025-05-28 05:00:00+00:00,1.34713,1.35101,1.34603,1.35083,13040
1748422800,2025-05-28 09:00:00+00:00,1.35084,1.35184,1.3465,1.3468200000000001,12055
1748437200,2025-05-28 13:00:00+00:00,1.34683,1.34883,1.3449200000000001,1.3473899999999999,17478
1748451600,2025-05-28 17:00:00+00:00,1.3474,1.34787,1.346,1.34627,9179
1748466000,2025-05-28 21:00:00+00:00,1.34643,1.34698,1.34145,1.34276,11969
1748480400,2025-05-29 01:00:00+00:00,1.34275,1.34458,1.34179,1.3439,11358
1748494800,2025-05-29 05:00:00+00:00,1.3439,1.34738,1.34256,1.34592,15235
1748509200,2025-05-29 09:00:00+00:00,1.34596,1.35042,1.34572,1.35004,15363
1748523600,2025-05-29 13:00:00+00:00,1.35005,1.35063,1.34756,1.3492,18105
1748538000,2025-05-29 17:00:00+00:00,1.3492,1.35036,1.34837,1.3483800000000001,9202
1748552400,2025-05-29 21:00:00+00:00,1.3487,1.35087,1.34806,1.3495599999999999,6501
1748566800,2025-05-30 01:00:00+00:00,1.3495599999999999,1.35099,1.34674,1.34705,10092
1748581200,2025-05-30 05:00:00+00:00,1.34704,1.34845,1.34541,1.3465,14034
1748595600,2025-05-30 09:00:00+00:00,1.34649,1.34984,1.3461699999999999,1.34917,14845
1748610000,2025-05-30 13:00:00+00:00,1.3492199999999999,1.34933,1.34471,1.34595,19533
1748624400,2025-05-30 17:00:00+00:00,1.34596,1.34757,1.3449200000000001,1.3449200000000001,9689
1748811600,2025-06-01 21:00:00+00:00,1.3459699999999999,1.34913,1.34498,1.34875,6343
1748826000,2025-06-02 01:00:00+00:00,1.34875,1.35047,1.34723,1.34876,8871
1748840400,2025-06-02 05:00:00+00:00,1.34876,1.3556300000000001,1.34871,1.3542100000000001,14064
1748854800,2025-06-02 09:00:00+00:00,1.35422,1.35542,1.35262,1.35415,13649
1748869200,2025-06-02 13:00:00+00:00,1.35415,1.35586,1.35176,1.35218,17844
1748883600,2025-06-02 17:00:00+00:00,1.35212,1.35486,1.35164,1.3542100000000001,8027
1748898000,2025-06-02 21:00:00+00:00,1.35373,1.35583,1.35325,1.35466,4460
1748912400,2025-06-03 01:00:00+00:00,1.35466,1.35467,1.3514,1.35229,8993
1748926800,2025-06-03 05:00:00+00:00,1.3523,1.35365,1.35045,1.3514,12548
1748941200,2025-06-03 09:00:00+00:00,1.3514,1.35256,1.34909,1.35027,12936
1748955600,2025-06-03 13:00:00+00:00,1.35029,1.35325,1.34954,1.35176,17040
1748970000,2025-06-03 17:00:00+00:00,1.3518,1.35284,1.35128,1.35137,6669
1748984400,2025-06-03 21:00:00+00:00,1.3512,1.35323,1.35107,1.3525800000000001,4582
1748998800,2025-06-04 01:00:00+00:00,1.3525800000000001,1.35437,1.35097,1.35111,9036
1749013200,2025-06-04 05:00:00+00:00,1.3511199999999999,1.3544800000000001,1.35003,1.35391,13251
1749027600,2025-06-04 09:00:00+00:00,1.35392,1.35432,1.35108,1.3542100000000001,13605
1749042000,2025-06-04 13:00:00+00:00,1.35423,1.35789,1.35306,1.35702,17546
1749056400,2025-06-04 17:00:00+00:00,1.35702,1.35728,1.35443,1.3552,7489
1749070800,2025-06-04 21:00:00+00:00,1.3550499999999999,1.35587,1.35456,1.35587,4613
1749085200,2025-06-05 01:00:00+00:00,1.35588,1.35648,1.35398,1.35466,8952
1749099600,2025-06-05 05:00:00+00:00,1.35468,1.3573,1.35418,1.35662,11539
1749114000,2025-06-05 09:00:00+00:00,1.3566099999999999,1.35935,1.35596,1.35779,14697
1749128400,2025-06-05 13:00:00+00:00,1.35775,1.36155,1.35701,1.35854,20061
1749142800,2025-06-05 17:00:00+00:00,1.35854,1.35884,1.35657,1.35663,9779
1749157200,2025-06-05 21:00:00+00:00,1.35651,1.35837,1.35641,1.35781,5044
1749171600,2025-06-06 01:00:00+00:00,1.3578000000000001,1.35828,1.35646,1.3574,7732
1749186000,2025-06-06 05:00:00+00:00,1.35738,1.3574,1.35337,1.35371,11301
1749200400,2025-06-06 09:00:00+00:00,1.35371,1.35628,1.35182,1.35354,13693
1749214800,2025-06-06 13:00:00+00:00,1.35351,1.35472,1.35065,1.35182,20465
1749229200,2025-06-06 17:00:00+00:00,1.35183,1.35335,1.3515,1.35242,8458
1749416400,2025-06-08 21:00:00+00:00,1.35237,1.3538700000000001,1.35162,1.35301,4331
1749430800,2025-06-09 01:00:00+00:00,1.35309,1.35645,1.35309,1.35532,7639
1749445200,2025-06-09 05:00:00+00:00,1.35532,1.35769,1.35479,1.3572199999999999,10646
1749459600,2025-06-09 09:00:00+00:00,1.3572199999999999,1.35803,1.3532899999999999,1.3535300000000001,11516
1749474000,2025-06-09 13:00:00+00:00,1.35349,1.35632,1.35235,1.35575,13947
1749488400,2025-06-09 17:00:00+00:00,1.35578,1.35649,1.35406,1.35422,6450
1749502800,2025-06-09 21:00:00+00:00,1.3542,1.35632,1.35372,1.3553600000000001,5102
1749517200,2025-06-10 01:00:00+00:00,1.35538,1.35596,1.35185,1.3537,9823
1749531600,2025-06-10 05:00:00+00:00,1.35371,1.3545099999999999,1.34552,1.3486799999999999,16467
1749546000,2025-06-10 09:00:00+00:00,1.3486799999999999,1.35117,1.3479,1.35063,12651
1749560400,2025-06-10 13:00:00+00:00,1.3506,1.35358,1.34971,1.34977,13984
1749574800,2025-06-10 17:00:00+00:00,1.34979,1.35072,1.3489200000000001,1.3492899999999999,7437
1749589200,2025-06-10 21:00:00+00:00,1.3492899999999999,1.35092,1.3489200000000001,1.34912,6491
1749603600,2025-06-11 01:00:00+00:00,1.34912,1.34948,1.3474,1.34816,7555
1749618000,2025-06-11 05:00:00+00:00,1.34817,1.34952,1.34633,1.34935,10438
1749632400,2025-06-11 09:00:00+00:00,1.34936,1.35487,1.3484,1.3518,13252
1749646800,2025-06-11 13:00:00+00:00,1.35182,1.35569,1.35009,1.35486,17423
1749661200,2025-06-11 17:00:00+00:00,1.35487,1.35664,1.35351,1.3537,9331
1749675600,2025-06-11 21:00:00+00:00,1.35398,1.3587500000000001,1.35377,1.35824,6634
1749690000,2025-06-12 01:00:00+00:00,1.35824,1.35924,1.3566099999999999,1.3581400000000001,9088
1749704400,2025-06-12 05:00:00+00:00,1.3580999999999999,1.35889,1.35218,1.35651,14556
1749718800,2025-06-12 09:00:00+00:00,1.3565,1.3618299999999999,1.35592,1.3609499999999999,17787
1749733200,2025-06-12 13:00:00+00:00,1.36094,1.36226,1.35812,1.35906,18161
1749747600,2025-06-12 17:00:00+00:00,1.3590499999999999,1.36147,1.35832,1.36112,7234
1749762000,2025-06-12 21:00:00+00:00,1.36107,1.36314,1.35582,1.3569,9496
1749776400,2025-06-13 01:00:00+00:00,1.3569,1.35702,1.35293,1.35331,14691
1749790800,2025-06-13 05:00:00+00:00,1.35331,1.35694,1.35206,1.35583,16091
1749805200,2025-06-13 09:00:00+00:00,1.35583,1.35619,1.35223,1.35332,15453
1749819600,2025-06-13 13:00:00+00:00,1.35331,1.36019,1.35156,1.35937,16505
1749834000,2025-06-13 17:00:00+00:00,1.3593199999999999,1.3593199999999999,1.35576,1.35701,10327
1750021200,2025-06-15 21:00:00+00:00,1.35491,1.35704,1.35364,1.35488,7649
1750035600,2025-06-16 01:00:00+00:00,1.35484,1.35574,1.35339,1.3546,9004
1750050000,2025-06-16 05:00:00+00:00,1.35461,1.35918,1.35461,1.35778,14335
1750064400,2025-06-16 09:00:00+00:00,1.35778,1.35901,1.3572899999999999,1.35815,11906
1750078800,2025-06-16 13:00:00+00:00,1.35815,1.36213,1.35815,1.36075,16810
1750093200,2025-06-16 17:00:00+00:00,1.36076,1.36099,1.35689,1.35696,8938
1750107600,2025-06-16 21:00:00+00:00,1.35752,1.3578700000000001,1.35565,1.35659,7867
1750122000,2025-06-17 01:00:00+00:00,1.35664,1.35786,1.35578,1.35721,8743
1750136400,2025-06-17 05:00:00+00:00,1.3572199999999999,1.35778,1.35476,1.35476,12375
1750150800,2025-06-17 09:00:00+00:00,1.35473,1.3572600000000001,1.35406,1.35469,13139
1750165200,2025-06-17 13:00:00+00:00,1.3547,1.3564,1.3465500000000001,1.34705,17720
1750179600,2025-06-17 17:00:00+00:00,1.34705,1.34737,1.34146,1.3418999999999999,12743
1750194000,2025-06-17 21:00:00+00:00,1.34204,1.34371,1.3412600000000001,1.34303,6552
1750208400,2025-06-18 01:00:00+00:00,1.34302,1.34462,1.34261,1.34429,7887
1750222800,2025-06-18 05:00:00+00:00,1.34427,1.34756,1.34372,1.34519,12012
1750237200,2025-06-18 09:00:00+00:00,1.3452,1.34674,1.3437299999999999,1.34463,11277
1750251600,2025-06-18 13:00:00+00:00,1.34461,1.34745,1.3434300000000001,1.3456000000000001,16451
1750266000,2025-06-18 17:00:00+00:00,1.3456000000000001,1.34753,1.33999,1.34177,18016
1750280400,2025-06-18 21:00:00+00:00,1.34168,1.3426,1.3407,1.34142,6449
1750294800,2025-06-19 01:00:00+00:00,1.34142,1.34148,1.33863,1.341,8880
1750309200,2025-06-19 05:00:00+00:00,1.341,1.34273,1.33819,1.34262,12934
1750323600,2025-06-19 09:00:00+00:00,1.34263,1.34481,1.34033,1.34402,14065
1750338000,2025-06-19 13:00:00+00:00,1.34402,1.34446,1.34165,1.34241,10493
1750352400,2025-06-19 17:00:00+00:00,1.34239,1.34692,1.34235,1.3446799999999999,5175
1750366800,2025-06-19 21:00:00+00:00,1.34546,1.34893,1.34487,1.34871,6157
1750381200,2025-06-20 01:00:00+00:00,1.3487,1.3498700000000001,1.34761,1.34943,8095
1750395600,2025-06-20 05:00:00+00:00,1.34944,1.34999,1.34616,1.34901,12168
1750410000,2025-06-20 09:00:00+00:00,1.3489900000000001,1.35101,1.34847,1.35004,12017
1750424400,2025-06-20 13:00:00+00:00,1.35008,1.35049,1.34528,1.34699,16165
1750438800,2025-06-20 17:00:00+00:00,1.34699,1.34757,1.34402,1.34477,8952
1750626000,2025-06-22 21:00:00+00:00,1.33983,1.34406,1.33933,1.34209,10220
1750640400,2025-06-23 01:00:00+00:00,1.34214,1.34371,1.34024,1.34084,9968
1750654800,2025-06-23 05:00:00+00:00,1.34084,1.34475,1.34084,1.34137,14196
1750669200,2025-06-23 09:00:00+00:00,1.34137,1.34161,1.33696,1.3390900000000001,16070
1750683600,2025-06-23 13:00:00+00:00,1.33908,1.35049,1.33862,1.34912,20683
1750698000,2025-06-23 17:00:00+00:00,1.34913,1.35301,1.3489,1.3520400000000001,12316
1750712400,2025-06-23 21:00:00+00:00,1.35186,1.35538,1.35091,1.35476,8573
1750726800,2025-06-24 01:00:00+00:00,1.35477,1.35718,1.35347,1.35642,8712
1750741200,2025-06-24 05:00:00+00:00,1.35641,1.36023,1.35586,1.35995,15243
1750755600,2025-06-24 09:00:00+00:00,1.35993,1.36255,1.3594,1.36002,11657
1750770000,2025-06-24 13:00:00+00:00,1.36002,1.36474,1.35901,1.36245,17682
1750784400,2025-06-24 17:00:00+00:00,1.36246,1.36381,1.36074,1.3613,9218
1750798800,2025-06-24 21:00:00+00:00,1.36101,1.3623,1.36086,1.36163,4755
1750813200,2025-06-25 01:00:00+00:00,1.36163,1.36283,1.36103,1.36152,8717
1750827600,2025-06-25 05:00:00+00:00,1.36152,1.36325,1.36054,1.36206,11027
1750842000,2025-06-25 09:00:00+00:00,1.36204,1.36211,1.35897,1.35958,10894
1750856400,2025-06-25 13:00:00+00:00,1.35959,1.36425,1.3593199999999999,1.36394,13189
1750870800,2025-06-25 17:00:00+00:00,1.36394,1.36706,1.36358,1.36603,8905
1750885200,2025-06-25 21:00:00+00:00,1.36599,1.36947,1.36384,1.36887,4980
1750899600,2025-06-26 01:00:00+00:00,1.3688799999999999,1.37238,1.36761,1.36997,9234
1750914000,2025-06-26 05:00:00+00:00,1.36997,1.37639,1.36959,1.37488,14430
1750928400,2025-06-26 09:00:00+00:00,1.37484,1.37528,1.36987,1.37173,13784
1750942800,2025-06-26 13:00:00+00:00,1.37178,1.37697,1.37062,1.3754,17179
1750957200,2025-06-26 17:00:00+00:00,1.37539,1.37622,1.37219,1.37243,8754
1750971600,2025-06-26 21:00:00+00:00,1.37246,1.37347,1.37138,1.373,4960
1750986000,2025-06-27 01:00:00+00:00,1.37299,1.37487,1.37218,1.3721999999999999,7441
1751000400,2025-06-27 05:00:00+00:00,1.37225,1.37494,1.37195,1.37423,9719
1751014800,2025-06-27 09:00:00+00:00,1.37426,1.37515,1.37192,1.37396,11271
1751029200,2025-06-27 13:00:00+00:00,1.37397,1.37457,1.37022,1.37065,14515
1751043600,2025-06-27 17:00:00+00:00,1.37065,1.37202,1.36821,1.37161,10927
1751230800,2025-06-29 21:00:00+00:00,1.36981,1.37276,1.36957,1.37131,6014
1751245200,2025-06-30 01:00:00+00:00,1.37131,1.37296,1.3710499999999999,1.3728500000000001,7811
1751259600,2025-06-30 05:00:00+00:00,1.3728500000000001,1.37398,1.36924,1.36987,10830
1751274000,2025-06-30 09:00:00+00:00,1.36986,1.37108,1.3684,1.36924,8834
1751288400,2025-06-30 13:00:00+00:00,1.36924,1.37219,1.36733,1.3713199999999999,15449
1751302800,2025-06-30 17:00:00+00:00,1.3713199999999999,1.37351,1.37029,1.3724,7959
1751317200,2025-06-30 21:00:00+00:00,1.37237,1.374,1.36995,1.37396,5072
1751331600,2025-07-01 01:00:00+00:00,1.37396,1.37479,1.37233,1.374,7396
1751346000,2025-07-01 05:00:00+00:00,1.37399,1.37824,1.37314,1.37731,10482
1751360400,2025-07-01 09:00:00+00:00,1.37737,1.37876,1.37396,1.37404,11579
1751374800,2025-07-01 13:00:00+00:00,1.3740299999999999,1.37426,1.37029,1.37234,16476
1751389200,2025-07-01 17:00:00+00:00,1.3724,1.3749500000000001,1.37206,1.37415,8335
1751403600,2025-07-01 21:00:00+00:00,1.37408,1.37486,1.3738000000000001,1.3747500000000001,3257
1751418000,2025-07-02 01:00:00+00:00,1.3747500000000001,1.37517,1.3731499999999999,1.37431,5925
1751432400,2025-07-02 05:00:00+00:00,1.37429,1.37445,1.36932,1.3697,8943
1751446800,2025-07-02 09:00:00+00:00,1.36968,1.3712,1.3588,1.36068,14528
1751461200,2025-07-02 13:00:00+00:00,1.36068,1.36311,1.35618,1.36298,15765
1751475600,2025-07-02 17:00:00+00:00,1.36298,1.36435,1.36259,1.36315,7282
1751490000,2025-07-02 21:00:00+00:00,1.36327,1.36656,1.3629,1.3649200000000001,2666
1751533200,2025-07-03 09:00:00+00:00,1.36609,1.3667,1.35853,1.3614,12249
1751547600,2025-07-03 13:00:00+00:00,1.36141,1.3672900000000001,1.36106,1.36504,16369
1751562000,2025-07-03 17:00:00+00:00,1.36496,1.36543,1.36382,1.36531,3472
1751576400,2025-07-03 21:00:00+00:00,1.36523,1.36674,1.36449,1.36622,3396
1751590800,2025-07-04 01:00:00+00:00,1.36623,1.36633,1.36603,1.3661699999999999,178
1751605200,2025-07-04 05:00:00+00:00,1.36658,1.36665,1.3656,1.36631,3523
1751619600,2025-07-04 09:00:00+00:00,1.3663,1.36635,1.36342,1.36344,6094
1751634000,2025-07-04 13:00:00+00:00,1.36344,1.36524,1.36342,1.3646099999999999,7479
1751648400,2025-07-04 17:00:00+00:00,1.36462,1.36568,1.36361,1.3636599999999999,19313
1751835600,2025-07-06 21:00:00+00:00,1.3648,1.36567,1.36379,1.36466,4268
1751850000,2025-07-07 01:00:00+00:00,1.36466,1.36466,1.36152,1.36162,7307
1751864400,2025-07-07 05:00:00+00:00,1.36162,1.36253,1.35784,1.35795,10500
1751878800,2025-07-07 09:00:00+00:00,1.35795,1.36204,1.35744,1.36164,8975
1751893200,2025-07-07 13:00:00+00:00,1.36164,1.36466,1.35931,1.3594,12860
1751907600,2025-07-07 17:00:00+00:00,1.3594300000000001,1.36157,1.35884,1.35978,10746
1751922000,2025-07-07 21:00:00+00:00,1.35994,1.36359,1.35949,1.36276,5753
1751936400,2025-07-08 01:00:00+00:00,1.36276,1.36415,1.36172,1.36307,7359
1751950800,2025-07-08 05:00:00+00:00,1.36306,1.36455,1.3609,1.36112,10009
1751965200,2025-07-08 09:00:00+00:00,1.36114,1.36135,1.3562400000000001,1.35771,9363
1751979600,2025-07-08 13:00:00+00:00,1.35771,1.35812,1.3525,1.35777,17272
1751994000,2025-07-08 17:00:00+00:00,1.35777,1.3596599999999999,1.35764,1.35805,10818
1752008400,2025-07-08 21:00:00+00:00,1.35788,1.35941,1.35676,1.35852,4284
1752022800,2025-07-09 01:00:00+00:00,1.35852,1.3592,1.35633,1.3584399999999999,8868
1752037200,2025-07-09 05:00:00+00:00,1.35845,1.36054,1.35782,1.36003,11807
1752051600,2025-07-09 09:00:00+00:00,1.36002,1.36121,1.3573,1.36074,11301
1752066000,2025-07-09 13:00:00+00:00,1.36074,1.36186,1.35782,1.35832,13089
1752080400,2025-07-09 17:00:00+00:00,1.3583,1.35998,1.35799,1.3584100000000001,7707
1752094800,2025-07-09 21:00:00+00:00,1.35833,1.36124,1.35796,1.36087,4370
1752109200,2025-07-10 01:00:00+00:00,1.36084,1.36114,1.35992,1.36043,5577
1752123600,2025-07-10 05:00:00+00:00,1.36043,1.36185,1.36012,1.36049,9202
1752138000,2025-07-10 09:00:00+00:00,1.3605,1.3615300000000001,1.35559,1.35593,9542
1752152400,2025-07-10 13:00:00+00:00,1.35591,1.3571900000000001,1.3532199999999999,1.3563,15972
1752166800,2025-07-10 17:00:00+00:00,1.35629,1.35827,1.35601,1.3572600000000001,8029
1752181200,2025-07-10 21:00:00+00:00,1.35686,1.35846,1.35442,1.35542,6365
1752195600,2025-07-11 01:00:00+00:00,1.3554300000000001,1.35689,1.35481,1.35553,9105
1752210000,2025-07-11 05:00:00+00:00,1.35554,1.3563399999999999,1.35276,1.35344,11606
1752224400,2025-07-11 09:00:00+00:00,1.35344,1.3552,1.3495300000000001,1.35034,12510
1752238800,2025-07-11 13:00:00+00:00,1.35035,1.35194,1.34802,1.35057,15654
1752253200,2025-07-11 17:00:00+00:00,1.35056,1.35165,1.34835,1.34891,8956
1752440400,2025-07-13 21:00:00+00:00,1.3483,1.35034,1.34811,1.3498,6589
1752454800,2025-07-14 01:00:00+00:00,1.3498,1.35015,1.34713,1.34751,7982
1752469200,2025-07-14 05:00:00+00:00,1.34748,1.34885,1.34507,1.34748,10404
1752483600,2025-07-14 09:00:00+00:00,1.34747,1.3492600000000001,1.34696,1.34769,9818
1752498000,2025-07-14 13:00:00+00:00,1.34768,1.34837,1.34263,1.34345,14318
1752512400,2025-07-14 17:00:00+00:00,1.3433899999999999,1.34402,1.34234,1.34257,6656
1752526800,2025-07-14 21:00:00+00:00,1.34249,1.34397,1.34178,1.34347,5734
1752541200,2025-07-15 01:00:00+00:00,1.34347,1.34385,1.3426,1.34306,6615
1752555600,2025-07-15 05:00:00+00:00,1.34305,1.34519,1.34267,1.34453,9581
1752570000,2025-07-15 09:00:00+00:00,1.34454,1.34661,1.34311,1.34473,11652
1752584400,2025-07-15 13:00:00+00:00,1.34473,1.34496,1.33795,1.33861,19445
1752598800,2025-07-15 17:00:00+00:00,1.33861,1.33917,1.33784,1.33836,4610
1752613200,2025-07-15 21:00:00+00:00,1.3373300000000001,1.33979,1.33725,1.33926,3940
1752627600,2025-07-16 01:00:00+00:00,1.33927,1.33996,1.33815,1.33954,6929
1752642000,2025-07-16 05:00:00+00:00,1.3395299999999999,1.3415599999999999,1.33881,1.33902,10589
1752656400,2025-07-16 09:00:00+00:00,1.33905,1.34115,1.3382100000000001,1.33917,12162
1752670800,2025-07-16 13:00:00+00:00,1.3391600000000001,1.34844,1.3364,1.34211,25760
1752685200,2025-07-16 17:00:00+00:00,1.3421,1.34397,1.34039,1.34172,10965
1752699600,2025-07-16 21:00:00+00:00,1.34181,1.3419699999999999,1.33948,1.33985,5417
1752714000,2025-07-17 01:00:00+00:00,1.3399,1.34043,1.33834,1.33944,6913
1752728400,2025-07-17 05:00:00+00:00,1.33944,1.34097,1.3373300000000001,1.3409499999999999,12455
1752742800,2025-07-17 09:00:00+00:00,1.34098,1.34125,1.33793,1.34002,11138
1752757200,2025-07-17 13:00:00+00:00,1.34,1.34198,1.3391899999999999,1.33996,14145
1752771600,2025-07-17 17:00:00+00:00,1.33994,1.34191,1.33983,1.3412600000000001,7425
1752786000,2025-07-17 21:00:00+00:00,1.34121,1.34369,1.3407,1.34308,4204
1752800400,2025-07-18 01:00:00+00:00,1.34308,1.34396,1.3423,1.3423,5877
1752814800,2025-07-18 05:00:00+00:00,1.34228,1.34417,1.34098,1.3436,9022
1752829200,2025-07-18 09:00:00+00:00,1.3436,1.34715,1.34341,1.34569,8651
1752843600,2025-07-18 13:00:00+00:00,1.34569,1.34741,1.34161,1.34179,14211
1752858000,2025-07-18 17:00:00+00:00,1.34179,1.34205,1.34047,1.3407200000000001,7010
1753045200,2025-07-20 21:00:00+00:00,1.34064,1.34238,1.34009,1.3403,6282
1753059600,2025-07-21 01:00:00+00:00,1.34029,1.34183,1.3401399999999999,1.34177,6509
1753074000,2025-07-21 05:00:00+00:00,1.34178,1.34652,1.34161,1.34511,9362
1753088400,2025-07-21 09:00:00+00:00,1.34512,1.34827,1.34443,1.34791,9473
1753102800,2025-07-21 13:00:00+00:00,1.3479,1.35096,1.3466,1.34936,13145
1753117200,2025-07-21 17:00:00+00:00,1.34936,1.34951,1.34822,1.34884,7394
1753131600,2025-07-21 21:00:00+00:00,1.34806,1.3491900000000001,1.34782,1.34822,4091
1753146000,2025-07-22 01:00:00+00:00,1.34823,1.3486799999999999,1.34732,1.34759,4990
1753160400,2025-07-22 05:00:00+00:00,1.34759,1.34914,1.34611,1.3489,8789
1753174800,2025-07-22 09:00:00+00:00,1.3489,1.34985,1.3474,1.3480400000000001,8939
1753189200,2025-07-22 13:00:00+00:00,1.34803,1.35318,1.34701,1.35289,15549
1753203600,2025-07-22 17:00:00+00:00,1.35289,1.35333,1.35182,1.3526,6890
1753218000,2025-07-22 21:00:00+00:00,1.35228,1.35338,1.3513,1.35257,5968
1753232400,2025-07-23 01:00:00+00:00,1.3525800000000001,1.35339,1.35156,1.35266,8062
1753246800,2025-07-23 05:00:00+00:00,1.35266,1.35477,1.35145,1.35409,9849
1753261200,2025-07-23 09:00:00+00:00,1.35408,1.35479,1.35291,1.35446,9633
1753275600,2025-07-23 13:00:00+00:00,1.35446,1.35755,1.35227,1.35606,15182
1753290000,2025-07-23 17:00:00+00:00,1.3560699999999999,1.35829,1.35564,1.35778,8416
1753304400,2025-07-23 21:00:00+00:00,1.35776,1.35863,1.35675,1.35732,4518
1753318800,2025-07-24 01:00:00+00:00,1.3572899999999999,1.35877,1.35725,1.35786,6963
1753333200,2025-07-24 05:00:00+00:00,1.35785,1.35808,1.35419,1.3543,10017
1753347600,2025-07-24 09:00:00+00:00,1.3543,1.35532,1.35307,1.35344,10440
1753362000,2025-07-24 13:00:00+00:00,1.35344,1.35618,1.35043,1.35102,16912
1753376400,2025-07-24 17:00:00+00:00,1.35103,1.35272,1.3502,1.35086,9872
1753390800,2025-07-24 21:00:00+00:00,1.3508499999999999,1.3511199999999999,1.35007,1.35063,4559
1753405200,2025-07-25 01:00:00+00:00,1.35063,1.35113,1.34855,1.34904,7012
1753419600,2025-07-25 05:00:00+00:00,1.34904,1.35034,1.34585,1.3462100000000001,11443
1753434000,2025-07-25 09:00:00+00:00,1.3462100000000001,1.34633,1.34225,1.34324,9933
1753448400,2025-07-25 13:00:00+00:00,1.34325,1.34427,1.34154,1.342,15268
1753462800,2025-07-25 17:00:00+00:00,1.34199,1.34387,1.34188,1.34358,7113
1753650000,2025-07-27 21:00:00+00:00,1.3424,1.34482,1.34209,1.34425,6151
1753664400,2025-07-28 01:00:00+00:00,1.34425,1.34517,1.34293,1.34353,6808
1753678800,2025-07-28 05:00:00+00:00,1.34353,1.34356,1.34053,1.34201,12415
1753693200,2025-07-28 09:00:00+00:00,1.342,1.34374,1.34021,1.34367,12422
1753707600,2025-07-28 13:00:00+00:00,1.34367,1.34389,1.33755,1.33778,13600
1753722000,2025-07-28 17:00:00+00:00,1.33777,1.33795,1.33494,1.33494,6348
1753736400,2025-07-28 21:00:00+00:00,1.33493,1.33606,1.33441,1.33446,4299
1753750800,2025-07-29 01:00:00+00:00,1.33446,1.33575,1.33358,1.33486,6455
1753765200,2025-07-29 05:00:00+00:00,1.33486,1.33527,1.33147,1.33408,12327
1753779600,2025-07-29 09:00:00+00:00,1.33408,1.33609,1.33152,1.3315299999999999,11914
1753794000,2025-07-29 13:00:00+00:00,1.3314599999999999,1.33465,1.33067,1.33379,15368
1753808400,2025-07-29 17:00:00+00:00,1.3338,1.33637,1.33347,1.33433,8844
1753822800,2025-07-29 21:00:00+00:00,1.3341,1.33656,1.33391,1.33648,3750
1753837200,2025-07-30 01:00:00+00:00,1.33648,1.33684,1.33488,1.33499,7594
1753851600,2025-07-30 05:00:00+00:00,1.335,1.33681,1.3341,1.3366500000000001,9774
1753866000,2025-07-30 09:00:00+00:00,1.3366500000000001,1.3384800000000001,1.33064,1.33079,12653
1753880400,2025-07-30 13:00:00+00:00,1.33078,1.33128,1.32687,1.3280699999999999,15124
1753894800,2025-07-30 17:00:00+00:00,1.32808,1.33117,1.32269,1.32318,18369
1753909200,2025-07-30 21:00:00+00:00,1.32313,1.32581,1.3219699999999999,1.32504,4808
1753923600,2025-07-31 01:00:00+00:00,1.32504,1.32687,1.32409,1.3268,9130
1753938000,2025-07-31 05:00:00+00:00,1.32679,1.3281,1.32388,1.32488,12059
1753952400,2025-07-31 09:00:00+00:00,1.32488,1.3249,1.32078,1.32156,12828
1753966800,2025-07-31 13:00:00+00:00,1.32156,1.32385,1.31848,1.3222,17031
1753981200,2025-07-31 17:00:00+00:00,1.32219,1.32261,1.31983,1.3202099999999999,9250
1753995600,2025-07-31 21:00:00+00:00,1.32008,1.32124,1.3195700000000001,1.32093,6132
1754010000,2025-08-01 01:00:00+00:00,1.32092,1.3212,1.31891,1.31979,7803
1754024400,2025-08-01 05:00:00+00:00,1.31978,1.3212,1.3159,1.31595,10736
1754038800,2025-08-01 09:00:00+00:00,1.31605,1.3302100000000001,1.31391,1.3284,14845
1754053200,2025-08-01 13:00:00+00:00,1.3283800000000001,1.3309199999999999,1.32413,1.32443,26043
1754067600,2025-08-01 17:00:00+00:00,1.3244099999999999,1.32916,1.32149,1.32778,11564
1754254800,2025-08-03 21:00:00+00:00,1.32687,1.32931,1.32579,1.32615,5493
1754269200,2025-08-04 01:00:00+00:00,1.32614,1.32898,1.32534,1.32775,6341
1754283600,2025-08-04 05:00:00+00:00,1.32775,1.32914,1.32643,1.32776,9089
1754298000,2025-08-04 09:00:00+00:00,1.32775,1.33142,1.32704,1.32974,9855
1754312400,2025-08-04 13:00:00+00:00,1.32973,1.3331,1.32773,1.32851,12534
1754326800,2025-08-04 17:00:00+00:00,1.3285,1.32874,1.32721,1.32873,5718
1754341200,2025-08-04 21:00:00+00:00,1.32802,1.33029,1.32762,1.3299,4000
1754355600,2025-08-05 01:00:00+00:00,1.3299,1.32996,1.32752,1.32856,5448
1754370000,2025-08-05 05:00:00+00:00,1.32856,1.32954,1.32596,1.32801,8218
1754384400,2025-08-05 09:00:00+00:00,1.32803,1.32952,1.3266200000000001,1.32822,9427
1754398800,2025-08-05 13:00:00+00:00,1.32821,1.33161,1.32683,1.33094,12952
1754413200,2025-08-05 17:00:00+00:00,1.33096,1.33157,1.32888,1.32979,6291
1754427600,2025-08-05 21:00:00+00:00,1.32949,1.3306,1.32893,1.33007,3179
1754442000,2025-08-06 01:00:00+00:00,1.33006,1.3314,1.32947,1.33111,4553
1754456400,2025-08-06 05:00:00+00:00,1.33111,1.33117,1.32813,1.32834,7030
1754470800,2025-08-06 09:00:00+00:00,1.32833,1.333,1.32832,1.33172,8750
1754485200,2025-08-06 13:00:00+00:00,1.33171,1.3361399999999999,1.3312,1.33462,15467
1754499600,2025-08-06 17:00:00+00:00,1.33462,1.33673,1.33446,1.33564,9201
1754514000,2025-08-06 21:00:00+00:00,1.33469,1.33596,1.33368,1.3347,4491
1754528400,2025-08-07 01:00:00+00:00,1.33469,1.33678,1.33449,1.33673,6001
1754542800,2025-08-07 05:00:00+00:00,1.33674,1.33791,1.33623,1.33683,9612
1754557200,2025-08-07 09:00:00+00:00,1.33683,1.34358,1.33643,1.34199,14067
1754571600,2025-08-07 13:00:00+00:00,1.342,1.34333,1.33899,1.3429,16562
1754586000,2025-08-07 17:00:00+00:00,1.34291,1.34474,1.34029,1.34412,11205
1754600400,2025-08-07 21:00:00+00:00,1.3439999999999999,1.34524,1.34348,1.34471,5009
1754614800,2025-08-08 01:00:00+00:00,1.3447200000000001,1.34497,1.34335,1.3434300000000001,5564
1754629200,2025-08-08 05:00:00+00:00,1.34342,1.34501,1.34234,1.34335,9333
1754643600,2025-08-08 09:00:00+00:00,1.34336,1.34523,1.34171,1.3422,11717
1754658000,2025-08-08 13:00:00+00:00,1.3422100000000001,1.34534,1.3422100000000001,1.34466,14181
1754672400,2025-08-08 17:00:00+00:00,1.34466,1.34581,1.34422,1.3447,8305
1754859600,2025-08-10 21:00:00+00:00,1.3437000000000001,1.34506,1.34357,1.34418,3185
1754874000,2025-08-11 01:00:00+00:00,1.34418,1.34672,1.34402,1.34653,4656
1754888400,2025-08-11 05:00:00+00:00,1.34654,1.34759,1.34473,1.34638,7837
1754902800,2025-08-11 09:00:00+00:00,1.34637,1.34684,1.34117,1.34222,9586
1754917200,2025-08-11 13:00:00+00:00,1.34223,1.3425799999999999,1.33987,1.34237,11737
1754931600,2025-08-11 17:00:00+00:00,1.34237,1.34363,1.34167,1.34299,6770
1754946000,2025-08-11 21:00:00+00:00,1.3425500000000001,1.34366,1.34216,1.34293,3357
1754960400,2025-08-12 01:00:00+00:00,1.34293,1.34387,1.34237,1.3437299999999999,5311
1754974800,2025-08-12 05:00:00+00:00,1.34374,1.34704,1.3419400000000001,1.34681,10907
1754989200,2025-08-12 09:00:00+00:00,1.34681,1.35088,1.34456,1.34846,12368
1755003600,2025-08-12 13:00:00+00:00,1.34843,1.35229,1.34622,1.3514599999999999,19942
1755018000,2025-08-12 17:00:00+00:00,1.35148,1.3515,1.34873,1.34994,7616
1755032400,2025-08-12 21:00:00+00:00,1.34817,1.35053,1.34817,1.3501699999999999,4987
1755046800,2025-08-13 01:00:00+00:00,1.3501699999999999,1.35068,1.3492,1.35039,4845
1755061200,2025-08-13 05:00:00+00:00,1.35039,1.3562,1.34988,1.3556300000000001,9489
1755075600,2025-08-13 09:00:00+00:00,1.3556300000000001,1.35788,1.35554,1.3559700000000001,10246
1755090000,2025-08-13 13:00:00+00:00,1.35598,1.3584,1.35529,1.35724,12556
1755104400,2025-08-13 17:00:00+00:00,1.35724,1.35799,1.3562699999999999,1.35764,5922
1755118800,2025-08-13 21:00:00+00:00,1.35654,1.35868,1.35572,1.35849,3474
1755133200,2025-08-14 01:00:00+00:00,1.35849,1.3591,1.357,1.3574899999999999,6204
1755147600,2025-08-14 05:00:00+00:00,1.35748,1.3590200000000001,1.35623,1.35712,11095
1755162000,2025-08-14 09:00:00+00:00,1.35712,1.3594,1.35454,1.3552,12445
1755176400,2025-08-14 13:00:00+00:00,1.35519,1.3556,1.3519999999999999,1.35223,15094
1755190800,2025-08-14 17:00:00+00:00,1.35226,1.3538299999999999,1.35222,1.35291,6790
1755205200,2025-08-14 21:00:00+00:00,1.35232,1.35342,1.35232,1.35334,3185
1755219600,2025-08-15 01:00:00+00:00,1.35334,1.3550200000000001,1.35301,1.35469,5346
1755234000,2025-08-15 05:00:00+00:00,1.35469,1.35593,1.35419,1.35457,7172
1755248400,2025-08-15 09:00:00+00:00,1.35456,1.35686,1.3545099999999999,1.35602,8970
1755262800,2025-08-15 13:00:00+00:00,1.35602,1.35742,1.35531,1.35565,12680
1755277200,2025-08-15 17:00:00+00:00,1.35565,1.35592,1.35489,1.3550499999999999,6585
1755464400,2025-08-17 21:00:00+00:00,1.35468,1.3563100000000001,1.35468,1.35523,3736
1755478800,2025-08-18 01:00:00+00:00,1.35523,1.35641,1.35483,1.35621,4522
1755493200,2025-08-18 05:00:00+00:00,1.3562,1.35632,1.35302,1.35455,9057
1755507600,2025-08-18 09:00:00+00:00,1.35455,1.35494,1.35344,1.35431,8628
1755522000,2025-08-18 13:00:00+00:00,1.35431,1.35455,1.35061,1.3508200000000001,11275
1755536400,2025-08-18 17:00:00+00:00,1.35081,1.35147,1.35008,1.35012,5777
1755550800,2025-08-18 21:00:00+00:00,1.35007,1.35126,1.34997,1.35019,3536
1755565200,2025-08-19 01:00:00+00:00,1.35018,1.35056,1.3486,1.3504399999999999,5961
1755579600,2025-08-19 05:00:00+00:00,1.3504399999999999,1.35218,1.34957,1.35191,8907
1755594000,2025-08-19 09:00:00+00:00,1.35191,1.35303,1.35027,1.35088,8238
1755608400,2025-08-19 13:00:00+00:00,1.35088,1.3515,1.34846,1.34884,11439
1755622800,2025-08-19 17:00:00+00:00,1.34884,1.34947,1.34767,1.34914,5488
1755637200,2025-08-19 21:00:00+00:00,1.34852,1.3492,1.3474,1.34793,4841
1755651600,2025-08-20 01:00:00+00:00,1.34792,1.34825,1.3461,1.34735,7778
1755666000,2025-08-20 05:00:00+00:00,1.3473600000000001,1.3508499999999999,1.3471,1.35002,10694
1755680400,2025-08-20 09:00:00+00:00,1.34999,1.35046,1.3470900000000001,1.34882,8569
1755694800,2025-08-20 13:00:00+00:00,1.34882,1.34908,1.3446799999999999,1.3459699999999999,12526
1755709200,2025-08-20 17:00:00+00:00,1.34596,1.3471199999999999,1.34474,1.34542,6880
1755723600,2025-08-20 21:00:00+00:00,1.34515,1.34659,1.3446799999999999,1.34559,4057
1755738000,2025-08-21 01:00:00+00:00,1.34559,1.34638,1.34457,1.3451,5189
1755752400,2025-08-21 05:00:00+00:00,1.34514,1.34707,1.3434599999999999,1.3465099999999999,9328
1755766800,2025-08-21 09:00:00+00:00,1.3465099999999999,1.34816,1.3441,1.3445,10817
1755781200,2025-08-21 13:00:00+00:00,1.34454,1.34586,1.34047,1.34182,15816
1755795600,2025-08-21 17:00:00+00:00,1.34184,1.3425799999999999,1.34105,1.34115,6793
1755810000,2025-08-21 21:00:00+00:00,1.34056,1.3419400000000001,1.34056,1.34192,3194
1755824400,2025-08-22 01:00:00+00:00,1.34192,1.34225,1.33925,1.33931,6733
1755838800,2025-08-22 05:00:00+00:00,1.33932,1.3413599999999999,1.33897,1.34127,8433
1755853200,2025-08-22 09:00:00+00:00,1.34128,1.34196,1.34066,1.34124,8910
1755867600,2025-08-22 13:00:00+00:00,1.34123,1.35433,1.34116,1.35246,20255
1755882000,2025-08-22 17:00:00+00:00,1.35246,1.35432,1.35163,1.3523800000000001,9275
1756069200,2025-08-24 21:00:00+00:00,1.35132,1.35278,1.34942,1.34965,4366
1756083600,2025-08-25 01:00:00+00:00,1.34965,1.35141,1.34887,1.3510900000000001,5578
1756098000,2025-08-25 05:00:00+00:00,1.3510900000000001,1.35262,1.35016,1.35023,7715
1756112400,2025-08-25 09:00:00+00:00,1.35023,1.35198,1.3483,1.35038,7667
1756126800,2025-08-25 13:00:00+00:00,1.35039,1.35122,1.3483800000000001,1.34873,12340
1756141200,2025-08-25 17:00:00+00:00,1.34872,1.3489,1.34453,1.34515,8552
1756155600,2025-08-25 21:00:00+00:00,1.34428,1.34897,1.34419,1.34801,6946
1756170000,2025-08-26 01:00:00+00:00,1.3479999999999999,1.3482,1.3449499999999999,1.34559,8360
1756184400,2025-08-26 05:00:00+00:00,1.34559,1.34687,1.3433899999999999,1.34628,13027
1756198800,2025-08-26 09:00:00+00:00,1.34628,1.34925,1.34607,1.34784,10940
1756213200,2025-08-26 13:00:00+00:00,1.3477999999999999,1.3492199999999999,1.34696,1.34767,14109
1756227600,2025-08-26 17:00:00+00:00,1.34768,1.34846,1.34674,1.34768,6470
1756242000,2025-08-26 21:00:00+00:00,1.3472,1.34817,1.34681,1.34706,4082
1756256400,2025-08-27 01:00:00+00:00,1.34707,1.34738,1.34461,1.34476,5835
1756270800,2025-08-27 05:00:00+00:00,1.34477,1.3464800000000001,1.343,1.34443,9066
1756285200,2025-08-27 09:00:00+00:00,1.34445,1.34489,1.34159,1.34406,9614
1756299600,2025-08-27 13:00:00+00:00,1.34406,1.34965,1.3435000000000001,1.3495300000000001,13779
1756314000,2025-08-27 17:00:00+00:00,1.3495300000000001,1.35009,1.34896,1.34976,7954
1756328400,2025-08-27 21:00:00+00:00,1.34869,1.3505,1.34813,1.35038,3675
1756342800,2025-08-28 01:00:00+00:00,1.35039,1.35176,1.35002,1.35034,5810
1756357200,2025-08-28 05:00:00+00:00,1.35034,1.35125,1.34822,1.34981,9802
1756371600,2025-08-28 09:00:00+00:00,1.34981,1.35252,1.34966,1.35023,11811
1756386000,2025-08-28 13:00:00+00:00,1.35023,1.35264,1.34882,1.35213,14483
1756400400,2025-08-28 17:00:00+00:00,1.35212,1.3529900000000001,1.35062,1.35111,7809
1756414800,2025-08-28 21:00:00+00:00,1.3507500000000001,1.3510499999999999,1.34934,1.3507799999999999,4746
1756429200,2025-08-29 01:00:00+00:00,1.3508,1.35107,1.34933,1.35022,6794
1756443600,2025-08-29 05:00:00+00:00,1.35022,1.35023,1.34689,1.34765,9248
1756458000,2025-08-29 09:00:00+00:00,1.34765,1.34779,1.34454,1.34593,11509
1756472400,2025-08-29 13:00:00+00:00,1.34593,1.35153,1.3446,1.35071,15638
1756486800,2025-08-29 17:00:00+00:00,1.35069,1.35161,1.34964,1.34964,7485
1756674000,2025-08-31 21:00:00+00:00,1.3491,1.35183,1.3491,1.35174,3263
1756688400,2025-09-01 01:00:00+00:00,1.35175,1.3528,1.35046,1.35174,7227
1756702800,2025-09-01 05:00:00+00:00,1.35172,1.35396,1.35142,1.35344,9642
1756717200,2025-09-01 09:00:00+00:00,1.35345,1.35362,1.35217,1.35316,8506
1756731600,2025-09-01 13:00:00+00:00,1.3532199999999999,1.35489,1.35303,1.35413,7772
1756746000,2025-09-01 17:00:00+00:00,1.35413,1.35491,1.35394,1.35434,1988
1756760400,2025-09-01 21:00:00+00:00,1.3532199999999999,1.3549,1.3532199999999999,1.35368,3544
1756774800,2025-09-02 01:00:00+00:00,1.35368,1.35407,1.35223,1.35266,6826
1756789200,2025-09-02 05:00:00+00:00,1.3526500000000001,1.3532600000000001,1.33747,1.3412,15327
1756803600,2025-09-02 09:00:00+00:00,1.34119,1.34168,1.3339400000000001,1.33509,15819
1756818000,2025-09-02 13:00:00+00:00,1.33509,1.34177,1.33415,1.3391600000000001,18085
1756832400,2025-09-02 17:00:00+00:00,1.3391600000000001,1.33966,1.33744,1.33927,7400
1756846800,2025-09-02 21:00:00+00:00,1.33883,1.33951,1.33714,1.33749,3479
1756861200,2025-09-03 01:00:00+00:00,1.33748,1.33771,1.33598,1.33683,6567
1756875600,2025-09-03 05:00:00+00:00,1.33684,1.34084,1.33325,1.3406500000000001,12910
1756890000,2025-09-03 09:00:00+00:00,1.34061,1.34284,1.3394300000000001,1.34237,12924
1756904400,2025-09-03 13:00:00+00:00,1.34237,1.3452899999999999,1.34096,1.3449,16341
1756918800,2025-09-03 17:00:00+00:00,1.3449,1.34575,1.34338,1.3443800000000001,7737
1756933200,2025-09-03 21:00:00+00:00,1.34394,1.34442,1.3434,1.34413,4545
1756947600,2025-09-04 01:00:00+00:00,1.34413,1.34489,1.3424800000000001,1.34261,6711
1756962000,2025-09-04 05:00:00+00:00,1.34261,1.3457,1.3416299999999999,1.34536,8479
1756976400,2025-09-04 09:00:00+00:00,1.34536,1.3459400000000001,1.3421699999999999,1.3440699999999999,10040
1756990800,2025-09-04 13:00:00+00:00,1.34408,1.3447,1.34169,1.34216,11365
1757005200,2025-09-04 17:00:00+00:00,1.34216,1.34367,1.3418700000000001,1.34353,4498
1757019600,2025-09-04 21:00:00+00:00,1.34273,1.34503,1.34212,1.3449,3907
1757034000,2025-09-05 01:00:00+00:00,1.34491,1.34569,1.34466,1.34498,4863
1757048400,2025-09-05 05:00:00+00:00,1.34504,1.34723,1.3449499999999999,1.34696,7328
1757062800,2025-09-05 09:00:00+00:00,1.34697,1.35346,1.34575,1.3520699999999999,11510
1757077200,2025-09-05 13:00:00+00:00,1.3521,1.35547,1.3504800000000001,1.35259,16842
1757091600,2025-09-05 17:00:00+00:00,1.3526,1.35263,1.35008,1.35029,7896
1757278800,2025-09-07 21:00:00+00:00,1.3498299999999999,1.35041,1.34809,1.34962,4987
1757293200,2025-09-08 01:00:00+00:00,1.34964,1.35055,1.3486799999999999,1.34962,5906
1757307600,2025-09-08 05:00:00+00:00,1.34961,1.3526099999999999,1.34958,1.35126,8808
1757322000,2025-09-08 09:00:00+00:00,1.35126,1.35492,1.35019,1.35427,8377
1757336400,2025-09-08 13:00:00+00:00,1.35427,1.35561,1.35277,1.3537,10547
1757350800,2025-09-08 17:00:00+00:00,1.35369,1.35551,1.3526799999999999,1.35435,5485
1757365200,2025-09-08 21:00:00+00:00,1.35443,1.35622,1.35406,1.35582,3829
1757379600,2025-09-09 01:00:00+00:00,1.35581,1.35754,1.35529,1.35736,5147
1757394000,2025-09-09 05:00:00+00:00,1.35733,1.35823,1.35577,1.35727,9648
1757408400,2025-09-09 09:00:00+00:00,1.35727,1.35906,1.35454,1.3554599999999999,8427
1757422800,2025-09-09 13:00:00+00:00,1.3554599999999999,1.35748,1.3523,1.35347,13411
1757437200,2025-09-09 17:00:00+00:00,1.35347,1.35386,1.35171,1.35269,6013
1757451600,2025-09-09 21:00:00+00:00,1.35193,1.35303,1.3514300000000001,1.3522,3850
1757466000,2025-09-10 01:00:00+00:00,1.35221,1.3542,1.3514599999999999,1.3541699999999999,5864
1757480400,2025-09-10 05:00:00+00:00,1.35416,1.35437,1.3513,1.35272,9035
1757494800,2025-09-10 09:00:00+00:00,1.3527,1.35647,1.35236,1.35296,10340
1757509200,2025-09-10 13:00:00+00:00,1.3529900000000001,1.35615,1.3525800000000001,1.35361,11680
1757523600,2025-09-10 17:00:00+00:00,1.35362,1.35418,1.35213,1.3529900000000001,6062
1757538000,2025-09-10 21:00:00+00:00,1.3526500000000001,1.35396,1.3521,1.35274,3538
1757552400,2025-09-11 01:00:00+00:00,1.35273,1.35341,1.3522,1.3527,4484
1757566800,2025-09-11 05:00:00+00:00,1.3527,1.3527,1.35029,1.35149,8704
1757581200,2025-09-11 09:00:00+00:00,1.35149,1.35487,1.34938,1.35452,12249
1757595600,2025-09-11 13:00:00+00:00,1.35446,1.35791,1.35394,1.35775,13871
1757610000,2025-09-11 17:00:00+00:00,1.35776,1.3583,1.35683,1.35712,6611
1757624400,2025-09-11 21:00:00+00:00,1.3568,1.35803,1.35645,1.35724,3578
1757638800,2025-09-12 01:00:00+00:00,1.35725,1.35736,1.35521,1.35561,5257
1757653200,2025-09-12 05:00:00+00:00,1.3556,1.3575300000000001,1.35307,1.35333,9411
1757667600,2025-09-12 09:00:00+00:00,1.35334,1.35628,1.35239,1.35428,9461
1757682000,2025-09-12 13:00:00+00:00,1.35428,1.35698,1.35376,1.35603,10633
1757696400,2025-09-12 17:00:00+00:00,1.3560400000000001,1.35709,1.35501,1.35508,5801
1757883600,2025-09-14 21:00:00+00:00,1.35284,1.3562400000000001,1.35284,1.35554,3591
1757898000,2025-09-15 01:00:00+00:00,1.35553,1.35711,1.35527,1.35673,3748
1757912400,2025-09-15 05:00:00+00:00,1.35674,1.35992,1.35533,1.3582,7786
1757926800,2025-09-15 09:00:00+00:00,1.35819,1.36202,1.35784,1.3615,8876
1757941200,2025-09-15 13:00:00+00:00,1.3615,1.36176,1.35847,1.35988,9876
1757955600,2025-09-15 17:00:00+00:00,1.35989,1.36113,1.35947,1.35974,5624
1757970000,2025-09-15 21:00:00+00:00,1.35967,1.36059,1.3591199999999999,1.36016,2778
1757984400,2025-09-16 01:00:00+00:00,1.36017,1.3625099999999999,1.35979,1.36159,5403
1757998800,2025-09-16 05:00:00+00:00,1.3616,1.36428,1.36142,1.36267,9144
1758013200,2025-09-16 09:00:00+00:00,1.36276,1.36499,1.36238,1.36402,10341
1758027600,2025-09-16 13:00:00+00:00,1.36403,1.36721,1.36386,1.36574,12128
1758042000,2025-09-16 17:00:00+00:00,1.36574,1.36683,1.36415,1.3643399999999999,5989
1758056400,2025-09-16 21:00:00+00:00,1.36449,1.36593,1.36369,1.36452,3231
1758070800,2025-09-17 01:00:00+00:00,1.36452,1.36479,1.3639299999999999,1.36418,3443
1758085200,2025-09-17 05:00:00+00:00,1.36419,1.36534,1.36297,1.36403,6787
1758099600,2025-09-17 09:00:00+00:00,1.36403,1.36566,1.36381,1.36541,6963
1758114000,2025-09-17 13:00:00+00:00,1.36541,1.36696,1.36486,1.36652,8109
1758128400,2025-09-17 17:00:00+00:00,1.36652,1.37265,1.3618299999999999,1.36233,19090
1758142800,2025-09-17 21:00:00+00:00,1.3624100000000001,1.36352,1.36157,1.3627,3998
1758157200,2025-09-18 01:00:00+00:00,1.36269,1.36304,1.36047,1.36064,4921
1758171600,2025-09-18 05:00:00+00:00,1.36063,1.3648500000000001,1.35859,1.36395,9914
1758186000,2025-09-18 09:00:00+00:00,1.36395,1.36608,1.35946,1.35949,10587
1758200400,2025-09-18 13:00:00+00:00,1.35938,1.35959,1.35338,1.35523,14864
1758214800,2025-09-18 17:00:00+00:00,1.35522,1.3562699999999999,1.35439,1.35522,6786
1758229200,2025-09-18 21:00:00+00:00,1.35492,1.35564,1.354,1.35486,4253
1758243600,2025-09-19 01:00:00+00:00,1.35486,1.35594,1.35309,1.3544399999999999,6395
1758258000,2025-09-19 05:00:00+00:00,1.35445,1.35515,1.34822,1.34992,11012
1758272400,2025-09-19 09:00:00+00:00,1.34991,1.3510499999999999,1.34632,1.34687,8661
1758286800,2025-09-19 13:00:00+00:00,1.34689,1.34981,1.3468200000000001,1.34821,11644
1758301200,2025-09-19 17:00:00+00:00,1.34822,1.34853,1.34661,1.34666,5685
1758488400,2025-09-21 21:00:00+00:00,1.34628,1.34723,1.34532,1.3467799999999999,3515
1758502800,2025-09-22 01:00:00+00:00,1.34679,1.34745,1.34528,1.34606,4749
1758517200,2025-09-22 05:00:00+00:00,1.34606,1.35031,1.3458999999999999,1.34958,8003
1758531600,2025-09-22 09:00:00+00:00,1.34958,1.35163,1.349,1.35084,7738
1758546000,2025-09-22 13:00:00+00:00,1.3508499999999999,1.35205,1.34921,1.35081,7397
1758560400,2025-09-22 17:00:00+00:00,1.3508,1.35196,1.35066,1.35114,4510
1758574800,2025-09-22 21:00:00+00:00,1.35058,1.35203,1.34879,1.3519999999999999,2452
1758589200,2025-09-23 01:00:00+00:00,1.35201,1.35274,1.35029,1.3507500000000001,3985
1758603600,2025-09-23 05:00:00+00:00,1.35073,1.3528,1.3486799999999999,1.35037,9285
1758618000,2025-09-23 09:00:00+00:00,1.35034,1.35298,1.34969,1.35242,7688
1758632400,2025-09-23 13:00:00+00:00,1.35244,1.35367,1.35058,1.35209,11277
1758646800,2025-09-23 17:00:00+00:00,1.3520699999999999,1.35266,1.35135,1.35235,6612
1758661200,2025-09-23 21:00:00+00:00,1.35178,1.35274,1.35016,1.35148,3255
1758675600,2025-09-24 01:00:00+00:00,1.35149,1.35162,1.3505099999999999,1.35087,3980
1758690000,2025-09-24 05:00:00+00:00,1.35087,1.35119,1.34729,1.34835,7439
1758704400,2025-09-24 09:00:00+00:00,1.34836,1.34875,1.3436,1.34452,8129
1758718800,2025-09-24 13:00:00+00:00,1.34452,1.34579,1.34263,1.34425,11423
1758733200,2025-09-24 17:00:00+00:00,1.34426,1.34557,1.34419,1.3446500000000001,5462
1758747600,2025-09-24 21:00:00+00:00,1.3440699999999999,1.34578,1.34355,1.34569,3333
1758762000,2025-09-25 01:00:00+00:00,1.34567,1.34645,1.34491,1.34626,3985
1758776400,2025-09-25 05:00:00+00:00,1.34626,1.34672,1.34341,1.34524,7388
1758790800,2025-09-25 09:00:00+00:00,1.3452899999999999,1.3459400000000001,1.3372600000000001,1.33832,9134
1758805200,2025-09-25 13:00:00+00:00,1.3383099999999999,1.33945,1.33356,1.3338700000000001,13616
1758819600,2025-09-25 17:00:00+00:00,1.33386,1.33462,1.33234,1.33417,6754
1758834000,2025-09-25 21:00:00+00:00,1.33347,1.3345799999999999,1.33288,1.33446,3972
1758848400,2025-09-26 01:00:00+00:00,1.33446,1.33555,1.33395,1.33538,3318
1758862800,2025-09-26 05:00:00+00:00,1.33539,1.33707,1.3345099999999999,1.33647,6426
1758877200,2025-09-26 09:00:00+00:00,1.33647,1.33768,1.3343,1.33768,7412
1758891600,2025-09-26 13:00:00+00:00,1.33774,1.34131,1.33752,1.33982,11183
1758906000,2025-09-26 17:00:00+00:00,1.33984,1.34114,1.33927,1.3397999999999999,4396
1759093200,2025-09-28 21:00:00+00:00,1.3385500000000001,1.3424800000000001,1.33822,1.34236,2696
1759107600,2025-09-29 01:00:00+00:00,1.34236,1.34415,1.3416299999999999,1.34372,3853
1759122000,2025-09-29 05:00:00+00:00,1.34371,1.34503,1.3431199999999999,1.34352,6254
1759136400,2025-09-29 09:00:00+00:00,1.34351,1.34569,1.34243,1.34512,6863
1759150800,2025-09-29 13:00:00+00:00,1.3451,1.34523,1.3416299999999999,1.34306,9611
1759165200,2025-09-29 17:00:00+00:00,1.34308,1.3439,1.34228,1.34299,4033
1759179600,2025-09-29 21:00:00+00:00,1.34244,1.3437700000000001,1.34198,1.34246,2305
1759194000,2025-09-30 01:00:00+00:00,1.34247,1.34389,1.34204,1.34384,3718
1759208400,2025-09-30 05:00:00+00:00,1.34385,1.3452,1.3428200000000001,1.34461,8066
1759222800,2025-09-30 09:00:00+00:00,1.34461,1.34523,1.34243,1.34424,6828
1759237200,2025-09-30 13:00:00+00:00,1.34426,1.3467,1.34132,1.34586,11845
1759251600,2025-09-30 17:00:00+00:00,1.34588,1.34639,1.34384,1.3443800000000001,5510
1759266000,2025-09-30 21:00:00+00:00,1.34435,1.34504,1.3434599999999999,1.34406,3390
1759280400,2025-10-01 01:00:00+00:00,1.34406,1.3464,1.34347,1.34631,3370
1759294800,2025-10-01 05:00:00+00:00,1.34632,1.34802,1.3453300000000001,1.34676,9486
1759309200,2025-10-01 09:00:00+00:00,1.3467500000000001,1.35218,1.34578,1.35121,10786
1759323600,2025-10-01 13:00:00+00:00,1.35122,1.35276,1.34653,1.3473899999999999,13271
1759338000,2025-10-01 17:00:00+00:00,1.3473600000000001,1.34891,1.34688,1.34755,4633
1759352400,2025-10-01 21:00:00+00:00,1.34751,1.3483399999999999,1.34677,1.34688,2472
1759366800,2025-10-02 01:00:00+00:00,1.34687,1.34875,1.34671,1.34752,3064
1759381200,2025-10-02 05:00:00+00:00,1.34751,1.35104,1.34686,1.35043,6835
1759395600,2025-10-02 09:00:00+00:00,1.35043,1.3507799999999999,1.34639,1.3465799999999999,7560
1759410000,2025-10-02 13:00:00+00:00,1.34662,1.34689,1.34012,1.3439,11845
1759424400,2025-10-02 17:00:00+00:00,1.3439,1.34521,1.34354,1.3437999999999999,4982
1759438800,2025-10-02 21:00:00+00:00,1.34303,1.3454,1.3425099999999999,1.34446,2598
1759453200,2025-10-03 01:00:00+00:00,1.34446,1.34501,1.34331,1.34355,3314
1759467600,2025-10-03 05:00:00+00:00,1.34354,1.34674,1.3428499999999999,1.34577,5876
1759482000,2025-10-03 09:00:00+00:00,1.34576,1.346,1.3437000000000001,1.34583,6399
1759496400,2025-10-03 13:00:00+00:00,1.34585,1.34849,1.34503,1.34775,10841
1759510800,2025-10-03 17:00:00+00:00,1.3477299999999999,1.34853,1.34625,1.34757,4530
1759698000,2025-10-05 21:00:00+00:00,1.34306,1.34517,1.34226,1.34395,6123
1759712400,2025-10-06 01:00:00+00:00,1.34396,1.34581,1.34354,1.34467,4015
1759726800,2025-10-06 05:00:00+00:00,1.34466,1.34643,1.34181,1.34358,10246
1759741200,2025-10-06 09:00:00+00:00,1.34358,1.3440699999999999,1.34162,1.3437700000000001,8530
1759755600,2025-10-06 13:00:00+00:00,1.34379,1.34842,1.3437000000000001,1.34753,9922
1759770000,2025-10-06 17:00:00+00:00,1.34752,1.34901,1.3474599999999999,1.34839,4264
1759784400,2025-10-06 21:00:00+00:00,1.34832,1.34873,1.34765,1.34822,2710
1759798800,2025-10-07 01:00:00+00:00,1.34821,1.34821,1.3467500000000001,1.34693,2967
1759813200,2025-10-07 05:00:00+00:00,1.34691,1.34707,1.34286,1.34369,7345
1759827600,2025-10-07 09:00:00+00:00,1.34368,1.34443,1.3391899999999999,1.34142,8015
1759842000,2025-10-07 13:00:00+00:00,1.3414,1.34545,1.34094,1.34428,10650
1759856400,2025-10-07 17:00:00+00:00,1.34428,1.34519,1.34154,1.3421699999999999,6042
1759870800,2025-10-07 21:00:00+00:00,1.34252,1.34289,1.34017,1.34152,3186
1759885200,2025-10-08 01:00:00+00:00,1.34154,1.34154,1.339,1.33937,5235
1759899600,2025-10-08 05:00:00+00:00,1.33937,1.3426,1.33839,1.34081,8217
1759914000,2025-10-08 09:00:00+00:00,1.34082,1.34275,1.34006,1.34192,8389
1759928400,2025-10-08 13:00:00+00:00,1.34193,1.34388,1.33724,1.33872,9694
1759942800,2025-10-08 17:00:00+00:00,1.33872,1.34051,1.33709,1.34027,6177
1759957200,2025-10-08 21:00:00+00:00,1.3400699999999999,1.34131,1.33936,1.34098,3112
1759971600,2025-10-09 01:00:00+00:00,1.34097,1.3418999999999999,1.34061,1.34128,3886
1759986000,2025-10-09 05:00:00+00:00,1.34127,1.34168,1.33427,1.33619,9400
1760000400,2025-10-09 09:00:00+00:00,1.33619,1.33898,1.33583,1.33846,9197
1760014800,2025-10-09 13:00:00+00:00,1.33847,1.33967,1.32907,1.3293599999999999,14522
1760029200,2025-10-09 17:00:00+00:00,1.32937,1.33049,1.32796,1.33012,6834
1760043600,2025-10-09 21:00:00+00:00,1.32956,1.33074,1.32858,1.33042,3575
1760058000,2025-10-10 01:00:00+00:00,1.33044,1.33138,1.3299699999999999,1.33086,4044
1760072400,2025-10-10 05:00:00+00:00,1.33087,1.33142,1.32797,1.33084,8896
1760086800,2025-10-10 09:00:00+00:00,1.33083,1.33093,1.32614,1.32792,8780
1760101200,2025-10-10 13:00:00+00:00,1.32721,1.33709,1.32684,1.3345,16984
1760115600,2025-10-10 17:00:00+00:00,1.3345,1.3357,1.33314,1.33511,8946
1760302800,2025-10-12 21:00:00+00:00,1.33411,1.33532,1.3326500000000001,1.33507,6285
1760317200,2025-10-13 01:00:00+00:00,1.33507,1.33632,1.33449,1.33564,4929
1760331600,2025-10-13 05:00:00+00:00,1.33563,1.33661,1.33148,1.33266,9489
1760346000,2025-10-13 09:00:00+00:00,1.33266,1.33527,1.3324500000000001,1.33339,9122
1760360400,2025-10-13 13:00:00+00:00,1.33335,1.33384,1.3319,1.333,10182
1760374800,2025-10-13 17:00:00+00:00,1.33301,1.33404,1.33262,1.33317,4888
1760389200,2025-10-13 21:00:00+00:00,1.33267,1.33382,1.3324099999999999,1.33361,3674
1760403600,2025-10-14 01:00:00+00:00,1.33361,1.33525,1.33347,1.3351899999999999,5375
1760418000,2025-10-14 05:00:00+00:00,1.3351899999999999,1.33521,1.32523,1.32836,12766
1760432400,2025-10-14 09:00:00+00:00,1.32837,1.3284099999999999,1.32483,1.32612,10517
1760446800,2025-10-14 13:00:00+00:00,1.32612,1.33293,1.32605,1.3317700000000001,15014
1760461200,2025-10-14 17:00:00+00:00,1.33176,1.33321,1.3312,1.33175,7491
1760475600,2025-10-14 21:00:00+00:00,1.33206,1.33307,1.33124,1.33285,3686
1760490000,2025-10-15 01:00:00+00:00,1.33285,1.3354,1.33253,1.3348499999999999,5464
1760504400,2025-10-15 05:00:00+00:00,1.33484,1.33735,1.33413,1.33454,9915
1760518800,2025-10-15 09:00:00+00:00,1.33454,1.33669,1.3336000000000001,1.33461,8911
1760533200,2025-10-15 13:00:00+00:00,1.3346,1.34035,1.3334,1.33905,13449
1760547600,2025-10-15 17:00:00+00:00,1.33904,1.3406500000000001,1.3369900000000001,1.34021,7791
1760562000,2025-10-15 21:00:00+00:00,1.33934,1.3428499999999999,1.3388499999999999,1.3422,4351
1760576400,2025-10-16 01:00:00+00:00,1.3421699999999999,1.34421,1.3412600000000001,1.34138,5678
1760590800,2025-10-16 05:00:00+00:00,1.34141,1.3443100000000001,1.3403800000000001,1.34378,10127
1760605200,2025-10-16 09:00:00+00:00,1.3437999999999999,1.3449,1.34213,1.34473,9432
1760619600,2025-10-16 13:00:00+00:00,1.34474,1.34549,1.34114,1.34266,14119
1760634000,2025-10-16 17:00:00+00:00,1.34265,1.3447200000000001,1.34196,1.3434300000000001,8446
1760648400,2025-10-16 21:00:00+00:00,1.3433,1.34521,1.34268,1.34469,4398
1760662800,2025-10-17 01:00:00+00:00,1.34469,1.34538,1.3431199999999999,1.3452,6434
1760677200,2025-10-17 05:00:00+00:00,1.34519,1.34715,1.34114,1.34239,11865
1760691600,2025-10-17 09:00:00+00:00,1.34239,1.3443399999999999,1.34081,1.34124,10347
1760706000,2025-10-17 13:00:00+00:00,1.34123,1.3430900000000001,1.33905,1.34173,13722
1760720400,2025-10-17 17:00:00+00:00,1.3417,1.34388,1.34103,1.34231,7180
1760907600,2025-10-19 21:00:00+00:00,1.34269,1.34349,1.34176,1.3434,3549
1760922000,2025-10-20 01:00:00+00:00,1.3433899999999999,1.34432,1.34269,1.34355,4229
1760936400,2025-10-20 05:00:00+00:00,1.34354,1.34412,1.34056,1.3427799999999999,8096
1760950800,2025-10-20 09:00:00+00:00,1.3428,1.34389,1.33998,1.34257,9042
1760965200,2025-10-20 13:00:00+00:00,1.3426,1.34277,1.34016,1.34157,9927
1760979600,2025-10-20 17:00:00+00:00,1.34155,1.3416000000000001,1.33998,1.34032,4800
1760994000,2025-10-20 21:00:00+00:00,1.34024,1.34159,1.33956,1.3414,2799
1761008400,2025-10-21 01:00:00+00:00,1.34139,1.34141,1.33874,1.33918,4688
1761022800,2025-10-21 05:00:00+00:00,1.33921,1.3397000000000001,1.33722,1.338,10161
1761037200,2025-10-21 09:00:00+00:00,1.338,1.33947,1.33664,1.33863,9746
1761051600,2025-10-21 13:00:00+00:00,1.33862,1.33983,1.33612,1.33734,13958
1761066000,2025-10-21 17:00:00+00:00,1.3373300000000001,1.3376700000000001,1.33648,1.33691,6292
1761080400,2025-10-21 21:00:00+00:00,1.3369,1.33745,1.33602,1.33709,3627
1761094800,2025-10-22 01:00:00+00:00,1.3371,1.33803,1.3367499999999999,1.3378999999999999,3848
1761109200,2025-10-22 05:00:00+00:00,1.33791,1.3387,1.33125,1.33209,11504
1761123600,2025-10-22 09:00:00+00:00,1.33203,1.33406,1.33054,1.33242,9413
1761138000,2025-10-22 13:00:00+00:00,1.3324099999999999,1.33764,1.33163,1.33711,12889
1761152400,2025-10-22 17:00:00+00:00,1.33711,1.33724,1.33523,1.33542,5891
1761166800,2025-10-22 21:00:00+00:00,1.33538,1.33592,1.33393,1.3345099999999999,3226
1761181200,2025-10-23 01:00:00+00:00,1.33452,1.33472,1.33291,1.33388,3852
1761195600,2025-10-23 05:00:00+00:00,1.33388,1.33571,1.33377,1.33498,6591
1761210000,2025-10-23 09:00:00+00:00,1.33499,1.33544,1.33262,1.33434,6818
1761224400,2025-10-23 13:00:00+00:00,1.33437,1.3348200000000001,1.33107,1.33121,11010
1761238800,2025-10-23 17:00:00+00:00,1.33117,1.33274,1.33115,1.3324500000000001,2001
1761253200,2025-10-23 21:00:00+00:00,1.3317700000000001,1.33323,1.33175,1.3329900000000001,3315
1761267600,2025-10-24 01:00:00+00:00,1.333,1.3331,1.33179,1.33212,3975
1761282000,2025-10-24 05:00:00+00:00,1.33212,1.3333599999999999,1.33005,1.33205,9406
1761296400,2025-10-24 09:00:00+00:00,1.3320400000000001,1.33732,1.32998,1.33454,10305
1761310800,2025-10-24 13:00:00+00:00,1.3345799999999999,1.33593,1.32871,1.32953,13574
1761325200,2025-10-24 17:00:00+00:00,1.32952,1.3317,1.32949,1.3309199999999999,5333
1761512400,2025-10-26 21:00:00+00:00,1.33217,1.33359,1.33168,1.33273,5321
1761526800,2025-10-27 01:00:00+00:00,1.33273,1.33279,1.3312300000000001,1.33205,3618
1761541200,2025-10-27 05:00:00+00:00,1.3320699999999999,1.33469,1.33103,1.33448,8073
1761555600,2025-10-27 09:00:00+00:00,1.33448,1.33527,1.33257,1.33342,8255
1761570000,2025-10-27 13:00:00+00:00,1.33344,1.3338999999999999,1.33174,1.33338,8222
1761584400,2025-10-27 17:00:00+00:00,1.33338,1.3338700000000001,1.33246,1.33357,4607
1761598800,2025-10-27 21:00:00+00:00,1.33354,1.33581,1.33331,1.33517,4431
1761613200,2025-10-28 01:00:00+00:00,1.33517,1.33697,1.33483,1.33621,5201
1761627600,2025-10-28 05:00:00+00:00,1.33622,1.3367200000000001,1.33002,1.33171,9756
1761642000,2025-10-28 09:00:00+00:00,1.3317,1.33283,1.32473,1.32564,10554
1761656400,2025-10-28 13:00:00+00:00,1.32564,1.3290899999999999,1.32539,1.32772,10293
1761670800,2025-10-28 17:00:00+00:00,1.32773,1.32836,1.32667,1.32724,4183
1761685200,2025-10-28 21:00:00+00:00,1.32724,1.32802,1.32635,1.32641,5227
1761699600,2025-10-29 01:00:00+00:00,1.32638,1.3268,1.32329,1.32347,4798
1761714000,2025-10-29 05:00:00+00:00,1.32346,1.3241,1.31976,1.3220399999999999,8608
1761728400,2025-10-29 09:00:00+00:00,1.32203,1.32252,1.31942,1.32067,9809
1761742800,2025-10-29 13:00:00+00:00,1.32066,1.32476,1.3201800000000001,1.32254,11092
1761757200,2025-10-29 17:00:00+00:00,1.3225500000000001,1.32279,1.31406,1.31948,16282
1761771600,2025-10-29 21:00:00+00:00,1.31948,1.3207499999999999,1.3187,1.32059,5282
1761786000,2025-10-30 01:00:00+00:00,1.32057,1.32185,1.31969,1.32101,7864
1761800400,2025-10-30 05:00:00+00:00,1.32102,1.3214000000000001,1.3184,1.31881,11654
1761814800,2025-10-30 09:00:00+00:00,1.3188,1.31906,1.31162,1.31567,11986
1761829200,2025-10-30 13:00:00+00:00,1.31571,1.31808,1.31346,1.31527,10652
1761843600,2025-10-30 17:00:00+00:00,1.31528,1.31575,1.31392,1.3151,5657
1761858000,2025-10-30 21:00:00+00:00,1.31509,1.31649,1.31493,1.31535,4708
1761872400,2025-10-31 01:00:00+00:00,1.31535,1.31581,1.31476,1.31495,5823
1761886800,2025-10-31 05:00:00+00:00,1.31501,1.31572,1.31247,1.3143099999999999,9069
1761901200,2025-10-31 09:00:00+00:00,1.31434,1.31479,1.3096700000000001,1.31146,11615
1761915600,2025-10-31 13:00:00+00:00,1.31141,1.31429,1.31034,1.3131,11971
1761930000,2025-10-31 17:00:00+00:00,1.31314,1.31486,1.31294,1.31476,4571
1762117200,2025-11-02 21:00:00+00:00,1.31256,1.31424,1.31256,1.31344,6072
1762131600,2025-11-03 01:00:00+00:00,1.31344,1.31454,1.3133,1.31419,4317
1762146000,2025-11-03 05:00:00+00:00,1.31418,1.31491,1.31172,1.3125499999999999,6449
1762160400,2025-11-03 09:00:00+00:00,1.31249,1.3146499999999999,1.31202,1.31268,6942
1762174800,2025-11-03 13:00:00+00:00,1.31268,1.31623,1.3108,1.3145,10870
1762189200,2025-11-03 17:00:00+00:00,1.31451,1.31481,1.31342,1.31373,5447
1762203600,2025-11-03 21:00:00+00:00,1.314,1.31411,1.31182,1.31247,5272
1762218000,2025-11-04 01:00:00+00:00,1.31246,1.31333,1.31175,1.31213,6345
1762232400,2025-11-04 05:00:00+00:00,1.3121399999999999,1.31393,1.30588,1.30629,11977
1762246800,2025-11-04 09:00:00+00:00,1.3063,1.30792,1.30526,1.30578,9047
1762261200,2025-11-04 13:00:00+00:00,1.3057699999999999,1.30651,1.30256,1.30288,11937
1762275600,2025-11-04 17:00:00+00:00,1.30288,1.30288,1.30097,1.30188,5841
1762290000,2025-11-04 21:00:00+00:00,1.30195,1.3027,1.30093,1.3014999999999999,5870
1762304400,2025-11-05 01:00:00+00:00,1.30152,1.30302,1.30138,1.3022,5868
1762318800,2025-11-05 05:00:00+00:00,1.30221,1.30531,1.30192,1.30399,9139
1762333200,2025-11-05 09:00:00+00:00,1.30398,1.30471,1.30115,1.30259,10924
1762347600,2025-11-05 13:00:00+00:00,1.3026,1.30494,1.30137,1.30386,13040
1762362000,2025-11-05 17:00:00+00:00,1.3038699999999999,1.30535,1.30378,1.30503,5999
1762376400,2025-11-05 21:00:00+00:00,1.30468,1.30653,1.3045200000000001,1.30633,4450
1762390800,2025-11-06 01:00:00+00:00,1.30633,1.30658,1.30569,1.30609,5043
1762405200,2025-11-06 05:00:00+00:00,1.30607,1.3089,1.30528,1.30804,8310
1762419600,2025-11-06 09:00:00+00:00,1.30804,1.31254,1.30596,1.31078,10166
1762434000,2025-11-06 13:00:00+00:00,1.31077,1.3124500000000001,1.30804,1.3121800000000001,11773
1762448400,2025-11-06 17:00:00+00:00,1.31219,1.31427,1.31198,1.31357,7005
1762462800,2025-11-06 21:00:00+00:00,1.31241,1.31421,1.31215,1.31251,5789
1762477200,2025-11-07 01:00:00+00:00,1.31254,1.3130600000000001,1.31151,1.31193,6337
1762491600,2025-11-07 05:00:00+00:00,1.31193,1.31277,1.3094700000000001,1.3098,7485
1762506000,2025-11-07 09:00:00+00:00,1.30979,1.31381,1.30957,1.31303,9562
1762520400,2025-11-07 13:00:00+00:00,1.3130899999999999,1.31746,1.31273,1.31699,12294
1762534800,2025-11-07 17:00:00+00:00,1.317,1.3175,1.31521,1.31625,7915
1762722000,2025-11-09 21:00:00+00:00,1.3136999999999999,1.3164,1.3133,1.31509,7651
1762736400,2025-11-10 01:00:00+00:00,1.31508,1.31603,1.31419,1.31547,8165
1762750800,2025-11-10 05:00:00+00:00,1.31546,1.31846,1.31389,1.31729,9617
1762765200,2025-11-10 09:00:00+00:00,1.31729,1.31914,1.31516,1.3175,8020
1762779600,2025-11-10 13:00:00+00:00,1.31754,1.318,1.31453,1.31779,10762
1762794000,2025-11-10 17:00:00+00:00,1.31781,1.3185,1.3172,1.31724,6486
1762808400,2025-11-10 21:00:00+00:00,1.3172,1.31773,1.31573,1.3165,5335
1762822800,2025-11-11 01:00:00+00:00,1.31649,1.31718,1.3161100000000001,1.31656,6399
1762837200,2025-11-11 05:00:00+00:00,1.31657,1.3171599999999999,1.31164,1.31294,10512
1762851600,2025-11-11 09:00:00+00:00,1.3128600000000001,1.31784,1.31208,1.31711,10021
1762866000,2025-11-11 13:00:00+00:00,1.3171,1.31848,1.3159100000000001,1.31744,12400
1762880400,2025-11-11 17:00:00+00:00,1.31742,1.31783,1.3147199999999999,1.31478,7417
1762894800,2025-11-11 21:00:00+00:00,1.31502,1.31538,1.3136999999999999,1.31385,5507
1762909200,2025-11-12 01:00:00+00:00,1.31387,1.31437,1.31284,1.31341,7221
1762923600,2025-11-12 05:00:00+00:00,1.31339,1.31556,1.31148,1.3115700000000001,9828
1762938000,2025-11-12 09:00:00+00:00,1.3115700000000001,1.31395,1.30961,1.31046,10735
1762952400,2025-11-12 13:00:00+00:00,1.31045,1.31399,1.3084500000000001,1.31387,12788
1762966800,2025-11-12 17:00:00+00:00,1.31386,1.31441,1.31233,1.3131300000000001,7870
1762981200,2025-11-12 21:00:00+00:00,1.31296,1.31324,1.31103,1.31236,6873
1762995600,2025-11-13 01:00:00+00:00,1.31236,1.31288,1.3115,1.31172,8616
1763010000,2025-11-13 05:00:00+00:00,1.31172,1.3170899999999999,1.31006,1.31556,11797
1763024400,2025-11-13 09:00:00+00:00,1.31556,1.31845,1.31432,1.31685,10135
1763038800,2025-11-13 13:00:00+00:00,1.31693,1.32161,1.31654,1.32111,14286
1763053200,2025-11-13 17:00:00+00:00,1.32112,1.32139,1.31834,1.31913,9224
1763067600,2025-11-13 21:00:00+00:00,1.3186200000000001,1.3192300000000001,1.31351,1.3146200000000001,8640
1763082000,2025-11-14 01:00:00+00:00,1.31463,1.31592,1.31391,1.3148,8282
1763096400,2025-11-14 05:00:00+00:00,1.3148,1.32001,1.31078,1.3155299999999999,13946
1763110800,2025-11-14 09:00:00+00:00,1.31552,1.3181,1.31226,1.31674,11506
1763125200,2025-11-14 13:00:00+00:00,1.3167499999999999,1.31779,1.3125,1.31607,14486
1763139600,2025-11-14 17:00:00+00:00,1.31606,1.31741,1.31495,1.3171599999999999,8243
1763326800,2025-11-16 21:00:00+00:00,1.31433,1.31714,1.31433,1.31555,5752
1763341200,2025-11-17 01:00:00+00:00,1.31556,1.3155999999999999,1.31413,1.31432,4849
1763355600,2025-11-17 05:00:00+00:00,1.31434,1.31809,1.31358,1.31646,9178
1763370000,2025-11-17 09:00:00+00:00,1.31647,1.31933,1.31488,1.31732,9890
1763384400,2025-11-17 13:00:00+00:00,1.3173,1.31792,1.31608,1.31697,11078
1763398800,2025-11-17 17:00:00+00:00,1.31698,1.3170899999999999,1.31446,1.31529,7657
1763413200,2025-11-17 21:00:00+00:00,1.31566,1.31569,1.31454,1.31514,5825
1763427600,2025-11-18 01:00:00+00:00,1.31513,1.31642,1.31446,1.31603,7649
1763442000,2025-11-18 05:00:00+00:00,1.31604,1.31772,1.31477,1.31522,11244
1763456400,2025-11-18 09:00:00+00:00,1.3152300000000001,1.31612,1.31336,1.31545,10255
1763470800,2025-11-18 13:00:00+00:00,1.31539,1.31715,1.3135,1.31412,13091
1763485200,2025-11-18 17:00:00+00:00,1.31413,1.31571,1.31396,1.31443,7466
1763499600,2025-11-18 21:00:00+00:00,1.3146499999999999,1.3149199999999999,1.31311,1.31324,5380
1763514000,2025-11-19 01:00:00+00:00,1.31325,1.3147199999999999,1.31287,1.31456,7314
1763528400,2025-11-19 05:00:00+00:00,1.31457,1.31552,1.31176,1.31273,10187
1763542800,2025-11-19 09:00:00+00:00,1.31272,1.31301,1.30921,1.3118699999999999,9906
1763557200,2025-11-19 13:00:00+00:00,1.31186,1.3122500000000001,1.30566,1.30677,12612
1763571600,2025-11-19 17:00:00+00:00,1.30678,1.30761,1.3043,1.3057,8194
1763586000,2025-11-19 21:00:00+00:00,1.3057400000000001,1.30622,1.30447,1.30462,5224
1763600400,2025-11-20 01:00:00+00:00,1.30462,1.30621,1.30375,1.30531,6029
1763614800,2025-11-20 05:00:00+00:00,1.3053,1.308,1.30497,1.3079399999999999,9164
1763629200,2025-11-20 09:00:00+00:00,1.3078699999999999,1.30997,1.30498,1.30954,10400
1763643600,2025-11-20 13:00:00+00:00,1.30953,1.31232,1.30655,1.30682,15225
1763658000,2025-11-20 17:00:00+00:00,1.30681,1.30876,1.3066499999999999,1.30707,7100
1763672400,2025-11-20 21:00:00+00:00,1.3070300000000001,1.30875,1.30644,1.30823,8100
1763686800,2025-11-21 01:00:00+00:00,1.30824,1.30964,1.30746,1.30893,7536
1763701200,2025-11-21 05:00:00+00:00,1.30892,1.3103099999999999,1.30588,1.30609,13979
1763715600,2025-11-21 09:00:00+00:00,1.30597,1.30952,1.3038699999999999,1.30844,13596
1763730000,2025-11-21 13:00:00+00:00,1.30843,1.31077,1.30695,1.3100399999999999,15825
1763744400,2025-11-21 17:00:00+00:00,1.31002,1.31097,1.3091,1.30949,9014
1763931600,2025-11-23 21:00:00+00:00,1.3094999999999999,1.31021,1.3085499999999999,1.30885,6013
1763946000,2025-11-24 01:00:00+00:00,1.3088600000000001,1.3107199999999999,1.30884,1.3102,8174
1763960400,2025-11-24 05:00:00+00:00,1.31019,1.3112,1.30883,1.30902,10350
1763974800,2025-11-24 09:00:00+00:00,1.30901,1.31181,1.30877,1.31052,9723
1763989200,2025-11-24 13:00:00+00:00,1.31047,1.31078,1.30804,1.3100800000000001,12118
1764003600,2025-11-24 17:00:00+00:00,1.3100800000000001,1.31162,1.30996,1.3103099999999999,6254
1764018000,2025-11-24 21:00:00+00:00,1.3103799999999999,1.3115999999999999,1.3102,1.31075,5872
1764032400,2025-11-25 01:00:00+00:00,1.31076,1.31158,1.30952,1.31019,6111
1764046800,2025-11-25 05:00:00+00:00,1.31018,1.31382,1.30978,1.3134700000000001,9290
1764061200,2025-11-25 09:00:00+00:00,1.31346,1.31608,1.31087,1.31534,11191
1764075600,2025-11-25 13:00:00+00:00,1.31535,1.32043,1.31532,1.32004,14129
1764090000,2025-11-25 17:00:00+00:00,1.32005,1.3214000000000001,1.31538,1.31642,9317
1764104400,2025-11-25 21:00:00+00:00,1.3164500000000001,1.31873,1.31576,1.31783,7733
1764118800,2025-11-26 01:00:00+00:00,1.31784,1.31972,1.31765,1.31911,7364
1764133200,2025-11-26 05:00:00+00:00,1.3191,1.31981,1.31651,1.3174299999999999,11050
1764147600,2025-11-26 09:00:00+00:00,1.31744,1.32246,1.31242,1.3192300000000001,17878
1764162000,2025-11-26 13:00:00+00:00,1.31922,1.32381,1.31853,1.32263,14271
1764176400,2025-11-26 17:00:00+00:00,1.3226200000000001,1.32434,1.32237,1.3241800000000001,7486
1764190800,2025-11-26 21:00:00+00:00,1.323,1.32608,1.323,1.3256999999999999,5677
1764205200,2025-11-27 01:00:00+00:00,1.32575,1.32687,1.3247499999999999,1.32584,7958
1764219600,2025-11-27 05:00:00+00:00,1.32586,1.32634,1.32097,1.3214000000000001,9480
1764234000,2025-11-27 09:00:00+00:00,1.32139,1.32495,1.32116,1.32435,8423
1764248400,2025-11-27 13:00:00+00:00,1.32436,1.32551,1.32293,1.32374,7085
1764262800,2025-11-27 17:00:00+00:00,1.32374,1.32402,1.32337,1.32378,4170
1764277200,2025-11-27 21:00:00+00:00,1.32367,1.32444,1.32283,1.32327,5954
1764291600,2025-11-28 01:00:00+00:00,1.32324,1.32447,1.3227,1.32327,24528
1764306000,2025-11-28 05:00:00+00:00,1.32338,1.32342,1.32005,1.3207900000000001,32152
1764320400,2025-11-28 09:00:00+00:00,1.32076,1.32287,1.32003,1.32259,36239
1764334800,2025-11-28 13:00:00+00:00,1.3226,1.3254299999999999,1.32067,1.32369,15063
1764349200,2025-11-28 17:00:00+00:00,1.32365,1.32466,1.3222,1.32239,8594
1764536400,2025-11-30 21:00:00+00:00,1.32244,1.32489,1.3216999999999999,1.32379,9459
1764550800,2025-12-01 01:00:00+00:00,1.32378,1.32401,1.32183,1.32208,7468
1764565200,2025-12-01 05:00:00+00:00,1.32205,1.32364,1.32051,1.32327,12695
1764579600,2025-12-01 09:00:00+00:00,1.3232599999999999,1.32757,1.32181,1.32657,13668
1764594000,2025-12-01 13:00:00+00:00,1.32656,1.32663,1.32211,1.32241,15430
1764608400,2025-12-01 17:00:00+00:00,1.32242,1.32281,1.3207900000000001,1.32119,8292
1764622800,2025-12-01 21:00:00+00:00,1.3213300000000001,1.32156,1.32026,1.32119,4915
1764637200,2025-12-02 01:00:00+00:00,1.32118,1.32218,1.32104,1.3214000000000001,6161
1764651600,2025-12-02 05:00:00+00:00,1.32139,1.32211,1.32008,1.32108,10413
1764666000,2025-12-02 09:00:00+00:00,1.32105,1.32119,1.31807,1.32069,11525
1764680400,2025-12-02 13:00:00+00:00,1.3207,1.3213300000000001,1.3179400000000001,1.31938,14489
1764694800,2025-12-02 17:00:00+00:00,1.31939,1.32149,1.31902,1.32115,7274
1764709200,2025-12-02 21:00:00+00:00,1.32115,1.32271,1.31943,1.3226499999999999,5931
1764723600,2025-12-03 01:00:00+00:00,1.32267,1.32382,1.32242,1.32364,5861
1764738000,2025-12-03 05:00:00+00:00,1.32367,1.3285,1.3235000000000001,1.32788,10958
1764752400,2025-12-03 09:00:00+00:00,1.32791,1.33152,1.32738,1.32989,11310
1764766800,2025-12-03 13:00:00+00:00,1.32988,1.33479,1.32923,1.3343099999999999,14565
1764781200,2025-12-03 17:00:00+00:00,1.3342800000000001,1.33534,1.33382,1.3351600000000001,8150
1764795600,2025-12-03 21:00:00+00:00,1.33493,1.3351899999999999,1.33347,1.33402,5033
1764810000,2025-12-04 01:00:00+00:00,1.33402,1.33402,1.3327,1.33382,6529
1764824400,2025-12-04 05:00:00+00:00,1.33383,1.33594,1.33312,1.3346,10562
1764838800,2025-12-04 09:00:00+00:00,1.3346,1.33635,1.3322,1.3342,11923
1764853200,2025-12-04 13:00:00+00:00,1.3342100000000001,1.33853,1.33403,1.33433,12790
1764867600,2025-12-04 17:00:00+00:00,1.3343099999999999,1.33514,1.33235,1.33266,7893
1764882000,2025-12-04 21:00:00+00:00,1.3324799999999999,1.33334,1.33182,1.3333300000000001,5060
1764896400,2025-12-05 01:00:00+00:00,1.3333300000000001,1.33457,1.33246,1.33454,5636
1764910800,2025-12-05 05:00:00+00:00,1.33453,1.33626,1.33417,1.33459,9408
1764925200,2025-12-05 09:00:00+00:00,1.33456,1.33559,1.33283,1.33505,10311
1764939600,2025-12-05 13:00:00+00:00,1.33504,1.33621,1.33158,1.33305,13150
1764954000,2025-12-05 17:00:00+00:00,1.33303,1.33409,1.33257,1.33298,7338
1765141200,2025-12-07 21:00:00+00:00,1.33161,1.33379,1.3314,1.33369,6038
1765155600,2025-12-08 01:00:00+00:00,1.33369,1.33423,1.33344,1.33369,4330
1765170000,2025-12-08 05:00:00+00:00,1.3336999999999999,1.33467,1.33134,1.33168,9051
1765184400,2025-12-08 09:00:00+00:00,1.33167,1.33295,1.33136,1.332,9134
1765198800,2025-12-08 13:00:00+00:00,1.33201,1.33381,1.33053,1.33233,12841
1765213200,2025-12-08 17:00:00+00:00,1.33234,1.33308,1.33183,1.33203,6617
1765227600,2025-12-08 21:00:00+00:00,1.33209,1.3333,1.33144,1.3333,4516
1765242000,2025-12-09 01:00:00+00:00,1.3332899999999999,1.3336999999999999,1.33259,1.33332,6315
1765256400,2025-12-09 05:00:00+00:00,1.33335,1.33563,1.33236,1.33471,9876
1765270800,2025-12-09 09:00:00+00:00,1.33471,1.3348900000000001,1.33098,1.33149,10671
1765285200,2025-12-09 13:00:00+00:00,1.33148,1.33205,1.32871,1.32979,12937
1765299600,2025-12-09 17:00:00+00:00,1.32978,1.33071,1.32907,1.32969,6424
1765314000,2025-12-09 21:00:00+00:00,1.32976,1.33048,1.3289900000000001,1.32983,3991
1765328400,2025-12-10 01:00:00+00:00,1.32982,1.33098,1.32975,1.33067,4613
1765342800,2025-12-10 05:00:00+00:00,1.3307,1.33273,1.33053,1.33132,7789
1765357200,2025-12-10 09:00:00+00:00,1.33128,1.33319,1.33017,1.333,10271
1765371600,2025-12-10 13:00:00+00:00,1.3329900000000001,1.33478,1.33147,1.3345099999999999,12082
1765386000,2025-12-10 17:00:00+00:00,1.33452,1.33891,1.33257,1.338,16387
1765400400,2025-12-10 21:00:00+00:00,1.33813,1.33921,1.33655,1.33817,5715
1765414800,2025-12-11 01:00:00+00:00,1.33817,1.33872,1.3361100000000001,1.33619,6611
1765429200,2025-12-11 05:00:00+00:00,1.33619,1.33791,1.3354599999999999,1.33714,10084
1765443600,2025-12-11 09:00:00+00:00,1.33714,1.34154,1.33679,1.3407200000000001,10962
1765458000,2025-12-11 13:00:00+00:00,1.34074,1.34385,1.34067,1.3421,14014
1765472400,2025-12-11 17:00:00+00:00,1.34209,1.34247,1.33818,1.3385099999999999,8252
1765486800,2025-12-11 21:00:00+00:00,1.33857,1.34,1.33837,1.3391899999999999,5050
1765501200,2025-12-12 01:00:00+00:00,1.33915,1.3397000000000001,1.3388,1.3395299999999999,4489
1765515600,2025-12-12 05:00:00+00:00,1.33957,1.33988,1.3373300000000001,1.3383,8487
1765530000,2025-12-12 09:00:00+00:00,1.3383,1.33837,1.3364500000000001,1.33691,9289
1765544400,2025-12-12 13:00:00+00:00,1.33692,1.33786,1.33427,1.3372899999999999,13943
1765558800,2025-12-12 17:00:00+00:00,1.3372899999999999,1.33772,1.33561,1.33656,8525
1765746000,2025-12-14 21:00:00+00:00,1.33708,1.33742,1.3355299999999999,1.33735,4868
1765760400,2025-12-15 01:00:00+00:00,1.33734,1.33741,1.33544,1.33635,5258
1765774800,2025-12-15 05:00:00+00:00,1.33639,1.3388499999999999,1.3357,1.33876,7877
1765789200,2025-12-15 09:00:00+00:00,1.33875,1.33966,1.33743,1.33871,9615
1765803600,2025-12-15 13:00:00+00:00,1.33862,1.34018,1.33652,1.33676,16129
1765818000,2025-12-15 17:00:00+00:00,1.3367499999999999,1.33776,1.33591,1.33759,6830
1765832400,2025-12-15 21:00:00+00:00,1.33698,1.33835,1.33612,1.33673,5360
1765846800,2025-12-16 01:00:00+00:00,1.33674,1.33741,1.3361100000000001,1.33624,5667
1765861200,2025-12-16 05:00:00+00:00,1.33624,1.34155,1.33548,1.34105,8383
1765875600,2025-12-16 09:00:00+00:00,1.34104,1.34561,1.34063,1.34254,11718
1765890000,2025-12-16 13:00:00+00:00,1.3425500000000001,1.34479,1.34042,1.3424,16340
1765904400,2025-12-16 17:00:00+00:00,1.34241,1.34357,1.33994,1.34189,9584
1765918800,2025-12-16 21:00:00+00:00,1.34206,1.34269,1.34145,1.34244,4374
1765933200,2025-12-17 01:00:00+00:00,1.34244,1.34244,1.33798,1.33827,5756
1765947600,2025-12-17 05:00:00+00:00,1.3382800000000001,1.339,1.33113,1.33259,11927
1765962000,2025-12-17 09:00:00+00:00,1.33259,1.33592,1.332,1.33565,10521
1765976400,2025-12-17 13:00:00+00:00,1.3356,1.34066,1.3348200000000001,1.33875,14497
1765990800,2025-12-17 17:00:00+00:00,1.33872,1.33947,1.33721,1.3374,8050
1766005200,2025-12-17 21:00:00+00:00,1.33751,1.33802,1.33612,1.33643,4981
1766019600,2025-12-18 01:00:00+00:00,1.33643,1.33742,1.33619,1.3369900000000001,5901
1766034000,2025-12-18 05:00:00+00:00,1.337,1.33754,1.33407,1.3348200000000001,9301
1766048400,2025-12-18 09:00:00+00:00,1.33481,1.34428,1.33432,1.34275,13169
1766062800,2025-12-18 13:00:00+00:00,1.34274,1.3446799999999999,1.33701,1.33814,16607
1766077200,2025-12-18 17:00:00+00:00,1.33817,1.33902,1.33746,1.33811,8128
1766091600,2025-12-18 21:00:00+00:00,1.33782,1.3389,1.33695,1.3382399999999999,4726
1766106000,2025-12-19 01:00:00+00:00,1.3382100000000001,1.33864,1.33696,1.33761,5773
1766120400,2025-12-19 05:00:00+00:00,1.33759,1.33879,1.33627,1.33813,10031
1766134800,2025-12-19 09:00:00+00:00,1.33813,1.33865,1.33569,1.33724,9866
1766149200,2025-12-19 13:00:00+00:00,1.33725,1.33871,1.33569,1.3376700000000001,12751
1766163600,2025-12-19 17:00:00+00:00,1.33771,1.3394,1.33708,1.3372,7460
1766350800,2025-12-21 21:00:00+00:00,1.33534,1.3397999999999999,1.33534,1.3395299999999999,14293
1766365200,2025-12-22 01:00:00+00:00,1.33956,1.34019,1.3391,1.33968,4533
1766379600,2025-12-22 05:00:00+00:00,1.3397000000000001,1.34249,1.33914,1.34245,7467
1766394000,2025-12-22 09:00:00+00:00,1.34246,1.3444099999999999,1.34239,1.3437999999999999,8736
1766408400,2025-12-22 13:00:00+00:00,1.34379,1.3477700000000001,1.34313,1.34704,10639
1766422800,2025-12-22 17:00:00+00:00,1.34702,1.34705,1.34535,1.34608,5788
1766437200,2025-12-22 21:00:00+00:00,1.34566,1.34833,1.34422,1.34766,4454
1766451600,2025-12-23 01:00:00+00:00,1.34766,1.34938,1.34762,1.34887,4965
1766466000,2025-12-23 05:00:00+00:00,1.34886,1.35189,1.34792,1.35054,8693
1766480400,2025-12-23 09:00:00+00:00,1.35055,1.3519,1.34942,1.34949,10553
1766494800,2025-12-23 13:00:00+00:00,1.3495,1.35005,1.34706,1.3473,12190
1766509200,2025-12-23 17:00:00+00:00,1.34731,1.35236,1.34715,1.35158,6824
1766523600,2025-12-23 21:00:00+00:00,1.35012,1.35317,1.3481,1.35294,5245
1766538000,2025-12-24 01:00:00+00:00,1.35294,1.35344,1.35091,1.3519,5010
1766552400,2025-12-24 05:00:00+00:00,1.35189,1.3528,1.35023,1.35222,7956
1766566800,2025-12-24 09:00:00+00:00,1.35218,1.3524,1.3501,1.3504399999999999,8765
1766581200,2025-12-24 13:00:00+00:00,1.35043,1.3511,1.3492199999999999,1.3497,11335
1766595600,2025-12-24 17:00:00+00:00,1.34969,1.3506,1.34942,1.35023,12783
1766696400,2025-12-25 21:00:00+00:00,1.35217,1.35228,1.3498999999999999,1.35122,8278
1766710800,2025-12-26 01:00:00+00:00,1.35125,1.35191,1.3486,1.34941,6621
1766725200,2025-12-26 05:00:00+00:00,1.34942,1.35004,1.3477299999999999,1.34851,9174
1766739600,2025-12-26 09:00:00+00:00,1.34851,1.35275,1.34833,1.35165,9413
1766754000,2025-12-26 13:00:00+00:00,1.35174,1.3526,1.34819,1.34946,12538
1766768400,2025-12-26 17:00:00+00:00,1.34944,1.35059,1.34896,1.34946,8514
1766955600,2025-12-28 21:00:00+00:00,1.34731,1.35121,1.34731,1.35089,6589
1766970000,2025-12-29 01:00:00+00:00,1.35088,1.351,1.34839,1.34913,5090
1766984400,2025-12-29 05:00:00+00:00,1.34914,1.35079,1.34732,1.34908,11563
1766998800,2025-12-29 09:00:00+00:00,1.34905,1.3511199999999999,1.34688,1.34933,11832
1767013200,2025-12-29 13:00:00+00:00,1.34931,1.35123,1.3481,1.34853,15147
1767027600,2025-12-29 17:00:00+00:00,1.34854,1.35151,1.3484099999999999,1.35119,7392
1767042000,2025-12-29 21:00:00+00:00,1.35057,1.3510499999999999,1.34977,1.35081,5354
1767056400,2025-12-30 01:00:00+00:00,1.3508200000000001,1.35174,1.34993,1.35147,5707
1767070800,2025-12-30 05:00:00+00:00,1.35147,1.35219,1.35006,1.3514599999999999,8697
1767085200,2025-12-30 09:00:00+00:00,1.3514599999999999,1.35309,1.34866,1.34881,9190
1767099600,2025-12-30 13:00:00+00:00,1.3488,1.34884,1.3449499999999999,1.34691,12119
1767114000,2025-12-30 17:00:00+00:00,1.3469,1.34749,1.34607,1.34666,6151
1767128400,2025-12-30 21:00:00+00:00,1.34646,1.34677,1.3458,1.34606,3995
1767142800,2025-12-31 01:00:00+00:00,1.3461400000000001,1.34657,1.34569,1.34604,5720
1767157200,2025-12-31 05:00:00+00:00,1.346,1.34657,1.34257,1.34371,8789
1767171600,2025-12-31 09:00:00+00:00,1.3437700000000001,1.34764,1.34324,1.34544,10616
1767186000,2025-12-31 13:00:00+00:00,1.34545,1.34604,1.34021,1.34519,14391
1767200400,2025-12-31 17:00:00+00:00,1.3452,1.3483,1.3447,1.3471600000000001,7151
1767301200,2026-01-01 21:00:00+00:00,1.34637,1.34878,1.34607,1.34869,3627
1767315600,2026-01-02 01:00:00+00:00,1.3487,1.34913,1.34695,1.34707,4565
1767330000,2026-01-02 05:00:00+00:00,1.34706,1.34718,1.34496,1.34549,9381
1767344400,2026-01-02 09:00:00+00:00,1.34552,1.34596,1.3434300000000001,1.34579,9797
1767358800,2026-01-02 13:00:00+00:00,1.34579,1.35019,1.3453,1.34627,12879
1767373200,2026-01-02 17:00:00+00:00,1.34626,1.34663,1.34457,1.34564,7770
1767560400,2026-01-04 21:00:00+00:00,1.34451,1.34583,1.34368,1.34399,6522
1767574800,2026-01-05 01:00:00+00:00,1.3439999999999999,1.34429,1.34135,1.34284,7298
1767589200,2026-01-05 05:00:00+00:00,1.34283,1.3443800000000001,1.34176,1.34424,10197
1767603600,2026-01-05 09:00:00+00:00,1.34424,1.34744,1.3424800000000001,1.34525,11506
1767618000,2026-01-05 13:00:00+00:00,1.3452899999999999,1.35393,1.34505,1.3533,14698
1767632400,2026-01-05 17:00:00+00:00,1.3532899999999999,1.3547799999999999,1.35285,1.35405,7957
1767646800,2026-01-05 21:00:00+00:00,1.35391,1.35464,1.35282,1.35463,5588
1767661200,2026-01-06 01:00:00+00:00,1.35463,1.3562400000000001,1.35413,1.35494,6229
1767675600,2026-01-06 05:00:00+00:00,1.35498,1.35679,1.35354,1.35354,11121
1767690000,2026-01-06 09:00:00+00:00,1.35354,1.35401,1.35063,1.35241,10982
1767704400,2026-01-06 13:00:00+00:00,1.35241,1.35347,1.34916,1.35096,14044
1767718800,2026-01-06 17:00:00+00:00,1.35097,1.35121,1.34921,1.35007,7268
1767733200,2026-01-06 21:00:00+00:00,1.34993,1.35099,1.3491,1.35057,5496
1767747600,2026-01-07 01:00:00+00:00,1.35057,1.35168,1.35025,1.3508499999999999,7295
1767762000,2026-01-07 05:00:00+00:00,1.35086,1.35172,1.34849,1.34947,9867
1767776400,2026-01-07 09:00:00+00:00,1.34944,1.35058,1.34816,1.34949,11120
1767790800,2026-01-07 13:00:00+00:00,1.34948,1.35009,1.34681,1.34729,14174
1767805200,2026-01-07 17:00:00+00:00,1.34729,1.34738,1.34554,1.34558,8285
1767819600,2026-01-07 21:00:00+00:00,1.3456000000000001,1.3461699999999999,1.3452600000000001,1.3455599999999999,4204
1767834000,2026-01-08 01:00:00+00:00,1.34557,1.34656,1.3450199999999999,1.34578,6697
1767848400,2026-01-08 05:00:00+00:00,1.34577,1.34619,1.34318,1.3437700000000001,9456
1767862800,2026-01-08 09:00:00+00:00,1.34379,1.34507,1.3415599999999999,1.34235,10407
1767877200,2026-01-08 13:00:00+00:00,1.34234,1.3446500000000001,1.3417,1.34358,13762
1767891600,2026-01-08 17:00:00+00:00,1.34352,1.34448,1.3418999999999999,1.34391,8354
1767906000,2026-01-08 21:00:00+00:00,1.34328,1.34413,1.3422,1.34279,5824
1767920400,2026-01-09 01:00:00+00:00,1.3427799999999999,1.34382,1.3424,1.34305,6648
1767934800,2026-01-09 05:00:00+00:00,1.34304,1.34345,1.34047,1.34098,10663
1767949200,2026-01-09 09:00:00+00:00,1.3409900000000001,1.34504,1.33988,1.3435000000000001,13417
1767963600,2026-01-09 13:00:00+00:00,1.34351,1.34437,1.33922,1.34027,17666
1767978000,2026-01-09 17:00:00+00:00,1.34028,1.34141,1.33956,1.33991,8588
1768165200,2026-01-11 21:00:00+00:00,1.33939,1.3441,1.33903,1.34276,6553
1768179600,2026-01-12 01:00:00+00:00,1.34276,1.34363,1.34166,1.3433899999999999,5250
1768194000,2026-01-12 05:00:00+00:00,1.34338,1.3469,1.3429,1.3453300000000001,10555
1768208400,2026-01-12 09:00:00+00:00,1.34532,1.34859,1.34476,1.34819,13273
1768222800,2026-01-12 13:00:00+00:00,1.34817,1.3483399999999999,1.34551,1.34641,15307
1768237200,2026-01-12 17:00:00+00:00,1.3464,1.34691,1.34567,1.34637,6808
1768251600,2026-01-12 21:00:00+00:00,1.34622,1.3477299999999999,1.3455300000000001,1.34701,6454
1768266000,2026-01-13 01:00:00+00:00,1.34705,1.34789,1.34691,1.34721,7109
1768280400,2026-01-13 05:00:00+00:00,1.34722,1.34855,1.3462,1.34809,10555
1768294800,2026-01-13 09:00:00+00:00,1.34806,1.34949,1.34545,1.34753,12342
1768309200,2026-01-13 13:00:00+00:00,1.34748,1.34775,1.3425,1.34335,15604
1768323600,2026-01-13 17:00:00+00:00,1.34334,1.3440400000000001,1.3419699999999999,1.34212,8156
1768338000,2026-01-13 21:00:00+00:00,1.34209,1.3428499999999999,1.34186,1.3422100000000001,4652
1768352400,2026-01-14 01:00:00+00:00,1.3422100000000001,1.34479,1.34207,1.34358,6264
1768366800,2026-01-14 05:00:00+00:00,1.34358,1.34584,1.34341,1.34566,10551
1768381200,2026-01-14 09:00:00+00:00,1.34565,1.34588,1.34386,1.34444,12134
1768395600,2026-01-14 13:00:00+00:00,1.34444,1.34644,1.34302,1.34322,15974
1768410000,2026-01-14 17:00:00+00:00,1.34321,1.34464,1.34242,1.34462,9024
1768424400,2026-01-14 21:00:00+00:00,1.34372,1.34453,1.34271,1.34352,6273
1768438800,2026-01-15 01:00:00+00:00,1.34352,1.34354,1.34226,1.34273,7788
1768453200,2026-01-15 05:00:00+00:00,1.34272,1.3445,1.34231,1.34365,10562
1768467600,2026-01-15 09:00:00+00:00,1.3437000000000001,1.34388,1.33691,1.33731,9734
1768482000,2026-01-15 13:00:00+00:00,1.3373300000000001,1.3394300000000001,1.33627,1.33869,13143
1768496400,2026-01-15 17:00:00+00:00,1.3387,1.33939,1.33743,1.3379699999999999,8664
1768510800,2026-01-15 21:00:00+00:00,1.33765,1.33833,1.33707,1.33795,5108
1768525200,2026-01-16 01:00:00+00:00,1.3379400000000001,1.33913,1.33782,1.3382800000000001,5613
1768539600,2026-01-16 05:00:00+00:00,1.33827,1.34054,1.33766,1.33972,8921
1768554000,2026-01-16 09:00:00+00:00,1.33971,1.34132,1.33884,1.34039,11963
1768568400,2026-01-16 13:00:00+00:00,1.3403800000000001,1.3405,1.3366500000000001,1.33789,13539
1768582800,2026-01-16 17:00:00+00:00,1.3378999999999999,1.33872,1.33734,1.33755,6480
1768770000,2026-01-18 21:00:00+00:00,1.33434,1.34091,1.33385,1.33911,9826
1768784400,2026-01-19 01:00:00+00:00,1.3391199999999999,1.34059,1.33808,1.33951,7790
1768798800,2026-01-19 05:00:00+00:00,1.3395000000000001,1.3415599999999999,1.33841,1.34055,9336
1768813200,2026-01-19 09:00:00+00:00,1.34057,1.34169,1.34018,1.3413599999999999,6934
1768827600,2026-01-19 13:00:00+00:00,1.34134,1.34352,1.34101,1.3430900000000001,7856
1768842000,2026-01-19 17:00:00+00:00,1.34308,1.3434,1.34214,1.34247,2661
1768856400,2026-01-19 21:00:00+00:00,1.34213,1.3428,1.34081,1.3424,4184
1768870800,2026-01-20 01:00:00+00:00,1.34241,1.345,1.34193,1.34417,5384
1768885200,2026-01-20 05:00:00+00:00,1.3441,1.34914,1.34253,1.3474599999999999,14152
1768899600,2026-01-20 09:00:00+00:00,1.3474300000000001,1.34853,1.34394,1.3452600000000001,14581
1768914000,2026-01-20 13:00:00+00:00,1.3452600000000001,1.3477299999999999,1.34403,1.34558,15888
1768928400,2026-01-20 17:00:00+00:00,1.34557,1.34577,1.3424800000000001,1.3442,9246
1768942800,2026-01-20 21:00:00+00:00,1.3440699999999999,1.34568,1.34274,1.34523,5356
1768957200,2026-01-21 01:00:00+00:00,1.3452600000000001,1.3454,1.34326,1.3437299999999999,5728
1768971600,2026-01-21 05:00:00+00:00,1.3437299999999999,1.3449200000000001,1.3409,1.3409900000000001,9445
1768986000,2026-01-21 09:00:00+00:00,1.34105,1.34445,1.3401,1.34415,12692
1769000400,2026-01-21 13:00:00+00:00,1.34415,1.34595,1.3416000000000001,1.3427799999999999,17397
1769014800,2026-01-21 17:00:00+00:00,1.34277,1.34317,1.3409200000000001,1.3429,10546
1769029200,2026-01-21 21:00:00+00:00,1.34253,1.34326,1.34158,1.34299,6081
1769043600,2026-01-22 01:00:00+00:00,1.34299,1.34396,1.3422100000000001,1.34283,5793
1769058000,2026-01-22 05:00:00+00:00,1.34284,1.34466,1.34094,1.34442,9559
1769072400,2026-01-22 09:00:00+00:00,1.34443,1.34528,1.3401399999999999,1.34232,14022
1769086800,2026-01-22 13:00:00+00:00,1.34225,1.34992,1.34219,1.34917,14306
1769101200,2026-01-22 17:00:00+00:00,1.34916,1.35062,1.34854,1.34995,7372
1769115600,2026-01-22 21:00:00+00:00,1.34934,1.3508200000000001,1.34764,1.34978,5013
1769130000,2026-01-23 01:00:00+00:00,1.34977,1.35008,1.34883,1.34978,5285
1769144400,2026-01-23 05:00:00+00:00,1.34973,1.35349,1.34822,1.353,11842
1769158800,2026-01-23 09:00:00+00:00,1.35302,1.3537,1.35144,1.3525,11162
1769173200,2026-01-23 13:00:00+00:00,1.3525,1.3623,1.3520400000000001,1.36081,15180
1769187600,2026-01-23 17:00:00+00:00,1.36081,1.3645,1.35919,1.36423,13003
1769374800,2026-01-25 21:00:00+00:00,1.36608,1.36812,1.36436,1.36608,9645
1769389200,2026-01-26 01:00:00+00:00,1.3660700000000001,1.36795,1.36529,1.36665,7986
1769403600,2026-01-26 05:00:00+00:00,1.36665,1.36771,1.36426,1.36722,13432
1769418000,2026-01-26 09:00:00+00:00,1.36727,1.36756,1.36428,1.36611,11754
1769432400,2026-01-26 13:00:00+00:00,1.36611,1.37134,1.3658000000000001,1.36879,14698
1769446800,2026-01-26 17:00:00+00:00,1.36882,1.37016,1.3673199999999999,1.36768,9789
1769461200,2026-01-26 21:00:00+00:00,1.36767,1.36826,1.36683,1.36795,6244
1769475600,2026-01-27 01:00:00+00:00,1.36799,1.3700700000000001,1.36711,1.3678,7398
1769490000,2026-01-27 05:00:00+00:00,1.36791,1.37001,1.36634,1.3698299999999999,12007
1769504400,2026-01-27 09:00:00+00:00,1.3698000000000001,1.37487,1.36829,1.37355,15211
1769518800,2026-01-27 13:00:00+00:00,1.37355,1.37909,1.3731,1.37874,18740
1769533200,2026-01-27 17:00:00+00:00,1.37873,1.38702,1.3774,1.38456,14868
1769547600,2026-01-27 21:00:00+00:00,1.38464,1.3847800000000001,1.37988,1.38,8662
1769562000,2026-01-28 01:00:00+00:00,1.38004,1.38105,1.37886,1.38045,8751
1769576400,2026-01-28 05:00:00+00:00,1.38042,1.38311,1.3774899999999999,1.37869,15070
1769590800,2026-01-28 09:00:00+00:00,1.3786800000000001,1.38001,1.37647,1.377,14644
1769605200,2026-01-28 13:00:00+00:00,1.37698,1.38015,1.37493,1.37897,20101
1769619600,2026-01-28 17:00:00+00:00,1.37896,1.38103,1.37521,1.38056,15967
1769634000,2026-01-28 21:00:00+00:00,1.3805,1.38352,1.37886,1.38029,11468
1769648400,2026-01-29 01:00:00+00:00,1.3802699999999999,1.38441,1.37935,1.3838,9810
1769662800,2026-01-29 05:00:00+00:00,1.38374,1.38482,1.38002,1.38036,14933
1769677200,2026-01-29 09:00:00+00:00,1.3803,1.38188,1.3780299999999999,1.38063,14141
1769691600,2026-01-29 13:00:00+00:00,1.38064,1.38342,1.37422,1.37975,24592
1769706000,2026-01-29 17:00:00+00:00,1.37972,1.38133,1.37879,1.3808,11717
1769720400,2026-01-29 21:00:00+00:00,1.38028,1.38145,1.3758,1.37605,9318
1769734800,2026-01-30 01:00:00+00:00,1.37605,1.37676,1.37313,1.37561,12003
1769749200,2026-01-30 05:00:00+00:00,1.3756,1.37833,1.3725100000000001,1.37337,16855
1769763600,2026-01-30 09:00:00+00:00,1.37335,1.37878,1.37323,1.37439,16358
1769778000,2026-01-30 13:00:00+00:00,1.37442,1.37581,1.36997,1.37093,22525
1769792400,2026-01-30 17:00:00+00:00,1.37091,1.37186,1.3678,1.36817,17017
1769979600,2026-02-01 21:00:00+00:00,1.36799,1.37055,1.3661699999999999,1.36929,14802
1769994000,2026-02-02 01:00:00+00:00,1.36929,1.37001,1.36606,1.36723,13639
1770008400,2026-02-02 05:00:00+00:00,1.36724,1.37111,1.3661400000000001,1.37088,17785
1770022800,2026-02-02 09:00:00+00:00,1.37087,1.37154,1.3649,1.36517,16040
1770037200,2026-02-02 13:00:00+00:00,1.36518,1.36772,1.36228,1.36594,20529
1770051600,2026-02-02 17:00:00+00:00,1.36594,1.36681,1.36432,1.36679,10504
1770066000,2026-02-02 21:00:00+00:00,1.36628,1.36864,1.36533,1.36859,6686
1770080400,2026-02-03 01:00:00+00:00,1.36855,1.36944,1.36708,1.369,9317
1770094800,2026-02-03 05:00:00+00:00,1.369,1.37067,1.36662,1.36666,14150
1770109200,2026-02-03 09:00:00+00:00,1.3666800000000001,1.36899,1.36503,1.36704,12907
1770123600,2026-02-03 13:00:00+00:00,1.36704,1.3707500000000001,1.36567,1.36954,17884
1770138000,2026-02-03 17:00:00+00:00,1.3695,1.37021,1.36734,1.3697300000000001,11059
1770152400,2026-02-03 21:00:00+00:00,1.3691900000000001,1.37103,1.3685800000000001,1.37063,6783
1770166800,2026-02-04 01:00:00+00:00,1.37062,1.37198,1.36963,1.3715,7739
1770181200,2026-02-04 05:00:00+00:00,1.3715899999999999,1.37334,1.37008,1.37083,11133
1770195600,2026-02-04 09:00:00+00:00,1.37082,1.37292,1.3694600000000001,1.3713600000000001,12102
1770210000,2026-02-04 13:00:00+00:00,1.37133,1.37176,1.36429,1.36464,19240
1770224400,2026-02-04 17:00:00+00:00,1.36467,1.36639,1.36423,1.3651900000000001,10620
1770238800,2026-02-04 21:00:00+00:00,1.36559,1.36622,1.36429,1.36477,6744
1770253200,2026-02-05 01:00:00+00:00,1.36481,1.36483,1.36157,1.36197,9266
1770267600,2026-02-05 05:00:00+00:00,1.36196,1.36328,1.35565,1.35653,13478
1770282000,2026-02-05 09:00:00+00:00,1.35652,1.36158,1.35405,1.35836,17200
1770296400,2026-02-05 13:00:00+00:00,1.35834,1.3589,1.35172,1.35517,20447
1770310800,2026-02-05 17:00:00+00:00,1.35519,1.35569,1.35236,1.3529900000000001,9880
1770325200,2026-02-05 21:00:00+00:00,1.35337,1.35426,1.3508,1.35395,8468
1770339600,2026-02-06 01:00:00+00:00,1.35395,1.3569499999999999,1.35394,1.35694,7589
1770354000,2026-02-06 05:00:00+00:00,1.35686,1.35821,1.35578,1.35771,11255
1770368400,2026-02-06 09:00:00+00:00,1.35773,1.35965,1.35715,1.3589,10407
1770382800,2026-02-06 13:00:00+00:00,1.35891,1.36235,1.35872,1.36176,13713
1770397200,2026-02-06 17:00:00+00:00,1.36175,1.36229,1.36067,1.36093,7543
1770584400,2026-02-08 21:00:00+00:00,1.35908,1.36216,1.35876,1.36014,8437
1770598800,2026-02-09 01:00:00+00:00,1.36013,1.36173,1.35906,1.36142,4891
1770613200,2026-02-09 05:00:00+00:00,1.36142,1.36291,1.35863,1.3601,13889
1770627600,2026-02-09 09:00:00+00:00,1.36011,1.36701,1.35933,1.36506,15057
1770642000,2026-02-09 13:00:00+00:00,1.36507,1.3691200000000001,1.3621400000000001,1.36719,17173
1770656400,2026-02-09 17:00:00+00:00,1.36719,1.37003,1.36639,1.36937,8988
1770670800,2026-02-09 21:00:00+00:00,1.36857,1.36971,1.36717,1.36848,6110
1770685200,2026-02-10 01:00:00+00:00,1.36847,1.36963,1.3673899999999999,1.36785,6861
1770699600,2026-02-10 05:00:00+00:00,1.36777,1.36844,1.36634,1.36679,10998
1770714000,2026-02-10 09:00:00+00:00,1.3667799999999999,1.36928,1.36575,1.36817,12191
1770728400,2026-02-10 13:00:00+00:00,1.36815,1.36969,1.3643100000000001,1.36531,15693
1770742800,2026-02-10 17:00:00+00:00,1.36532,1.36573,1.36372,1.36407,9065
1770757200,2026-02-10 21:00:00+00:00,1.36497,1.36497,1.36311,1.36444,7055
1770771600,2026-02-11 01:00:00+00:00,1.36443,1.36703,1.36441,1.367,6455
1770786000,2026-02-11 05:00:00+00:00,1.36701,1.36991,1.36639,1.36952,9859
1770800400,2026-02-11 09:00:00+00:00,1.36952,1.37124,1.36094,1.36414,14221
1770814800,2026-02-11 13:00:00+00:00,1.36411,1.36701,1.36263,1.36574,19939
1770829200,2026-02-11 17:00:00+00:00,1.36573,1.36593,1.36175,1.36279,8657
1770843600,2026-02-11 21:00:00+00:00,1.36225,1.36401,1.3615,1.36394,5963
1770858000,2026-02-12 01:00:00+00:00,1.3639299999999999,1.36422,1.36172,1.36213,7318
1770872400,2026-02-12 05:00:00+00:00,1.3621400000000001,1.3654,1.36042,1.36493,11411
1770886800,2026-02-12 09:00:00+00:00,1.3649200000000001,1.3652,1.36222,1.36497,10319
1770901200,2026-02-12 13:00:00+00:00,1.36504,1.36716,1.36158,1.36186,19124
1770915600,2026-02-12 17:00:00+00:00,1.36195,1.36269,1.36043,1.36216,10375
1770930000,2026-02-12 21:00:00+00:00,1.36143,1.36269,1.36086,1.36164,5853
1770944400,2026-02-13 01:00:00+00:00,1.36166,1.36237,1.35992,1.36035,6128
1770958800,2026-02-13 05:00:00+00:00,1.36025,1.36299,1.3590200000000001,1.36223,10504
1770973200,2026-02-13 09:00:00+00:00,1.36222,1.36459,1.35987,1.36323,12246
1770987600,2026-02-13 13:00:00+00:00,1.36323,1.36594,1.3606500000000001,1.36483,17161
1771002000,2026-02-13 17:00:00+00:00,1.36491,1.36575,1.36414,1.3646099999999999,9105
1771189200,2026-02-15 21:00:00+00:00,1.36348,1.36496,1.36348,1.36437,6340
1771203600,2026-02-16 01:00:00+00:00,1.36436,1.3645800000000001,1.3635,1.3639299999999999,4423
1771218000,2026-02-16 05:00:00+00:00,1.36392,1.36622,1.36353,1.36445,8250
1771232400,2026-02-16 09:00:00+00:00,1.36441,1.3652,1.36284,1.36335,8084
1771246800,2026-02-16 13:00:00+00:00,1.36334,1.36405,1.36255,1.36266,8231
1771261200,2026-02-16 17:00:00+00:00,1.36266,1.36333,1.36237,1.3627799999999999,3050
1771275600,2026-02-16 21:00:00+00:00,1.36306,1.36326,1.36132,1.36163,6458
1771290000,2026-02-17 01:00:00+00:00,1.36163,1.36205,1.3603,1.36071,7310
1771304400,2026-02-17 05:00:00+00:00,1.36074,1.36151,1.3552,1.3590900000000001,10699
1771318800,2026-02-17 09:00:00+00:00,1.35904,1.36062,1.35241,1.3525,11760
1771333200,2026-02-17 13:00:00+00:00,1.35248,1.3550200000000001,1.34954,1.35465,17015
1771347600,2026-02-17 17:00:00+00:00,1.3547,1.35682,1.35406,1.35659,8016
1771362000,2026-02-17 21:00:00+00:00,1.3551,1.35728,1.35378,1.35584,6690
1771376400,2026-02-18 01:00:00+00:00,1.35588,1.35598,1.35498,1.35592,6074
1771390800,2026-02-18 05:00:00+00:00,1.35592,1.35794,1.35531,1.3574899999999999,10331
1771405200,2026-02-18 09:00:00+00:00,1.35748,1.35823,1.35517,1.35517,10112
1771419600,2026-02-18 13:00:00+00:00,1.35514,1.35587,1.35121,1.35221,13695
1771434000,2026-02-18 17:00:00+00:00,1.35221,1.35254,1.34903,1.34911,9341
1771448400,2026-02-18 21:00:00+00:00,1.3496000000000001,1.34999,1.34881,1.34966,5519
1771462800,2026-02-19 01:00:00+00:00,1.34959,1.34972,1.34801,1.34872,5618
1771477200,2026-02-19 05:00:00+00:00,1.34872,1.35169,1.34845,1.35039,8776
1771491600,2026-02-19 09:00:00+00:00,1.35037,1.35073,1.34487,1.34665,12057
1771506000,2026-02-19 13:00:00+00:00,1.34673,1.34741,1.34338,1.34521,15920
1771520400,2026-02-19 17:00:00+00:00,1.34521,1.3473,1.3447,1.34636,9117
1771534800,2026-02-19 21:00:00+00:00,1.34618,1.34713,1.34413,1.34462,6334
1771549200,2026-02-20 01:00:00+00:00,1.34463,1.34481,1.3434300000000001,1.34457,6824
1771563600,2026-02-20 05:00:00+00:00,1.34457,1.34793,1.3436,1.3467500000000001,11334
1771578000,2026-02-20 09:00:00+00:00,1.34677,1.34968,1.34616,1.34873,12676
1771592400,2026-02-20 13:00:00+00:00,1.34872,1.3514599999999999,1.34605,1.34889,21757
1771606800,2026-02-20 17:00:00+00:00,1.34897,1.35063,1.3476,1.34782,11701
1771794000,2026-02-22 21:00:00+00:00,1.3484,1.35335,1.34748,1.35187,9059
1771808400,2026-02-23 01:00:00+00:00,1.35186,1.35283,1.351,1.35196,5932
1771822800,2026-02-23 05:00:00+00:00,1.35201,1.35351,1.35053,1.35079,9646
1771837200,2026-02-23 09:00:00+00:00,1.3507799999999999,1.35126,1.34756,1.35056,10764
1771851600,2026-02-23 13:00:00+00:00,1.35056,1.35253,1.3484099999999999,1.34957,15469
1771866000,2026-02-23 17:00:00+00:00,1.3495599999999999,1.3501,1.3485,1.34904,7932
1771880400,2026-02-23 21:00:00+00:00,1.34911,1.34995,1.34774,1.34904,8603
1771894800,2026-02-24 01:00:00+00:00,1.349,1.35009,1.34786,1.3489,6541
1771909200,2026-02-24 05:00:00+00:00,1.34891,1.35026,1.34697,1.35,11106
1771923600,2026-02-24 09:00:00+00:00,1.35,1.35062,1.34763,1.34857,10300
1771938000,2026-02-24 13:00:00+00:00,1.34856,1.35368,1.34795,1.35185,13938
1771952400,2026-02-24 17:00:00+00:00,1.35184,1.35203,1.34866,1.34876,7727
1771966800,2026-02-24 21:00:00+00:00,1.34901,1.35068,1.34849,1.35023,5775
1771981200,2026-02-25 01:00:00+00:00,1.35023,1.35253,1.35019,1.35218,8347
1771995600,2026-02-25 05:00:00+00:00,1.35219,1.35341,1.35093,1.3518,9806
1772010000,2026-02-25 09:00:00+00:00,1.3518,1.35357,1.34911,1.3508200000000001,9629
1772024400,2026-02-25 13:00:00+00:00,1.35083,1.35654,1.35062,1.3556,12969
1772038800,2026-02-25 17:00:00+00:00,1.3556300000000001,1.35602,1.3547500000000001,1.35576,5985
1772053200,2026-02-25 21:00:00+00:00,1.35548,1.35739,1.35473,1.3572899999999999,6658
1772067600,2026-02-26 01:00:00+00:00,1.3573,1.35754,1.3549,1.35601,6869
1772082000,2026-02-26 05:00:00+00:00,1.35601,1.3562699999999999,1.35187,1.35277,9790
1772096400,2026-02-26 09:00:00+00:00,1.35278,1.35569,1.3523399999999999,1.3536299999999999,9111
1772110800,2026-02-26 13:00:00+00:00,1.35362,1.35542,1.34489,1.34512,16310
1772125200,2026-02-26 17:00:00+00:00,1.34513,1.3486,1.34448,1.34852,4858
1772139600,2026-02-26 21:00:00+00:00,1.34886,1.34906,1.3476,1.3477000000000001,1848
1772154000,2026-02-27 01:00:00+00:00,1.34771,1.3501400000000001,1.34769,1.3489200000000001,6703
1772168400,2026-02-27 05:00:00+00:00,1.34891,1.3507799999999999,1.34611,1.3484099999999999,10559
1772182800,2026-02-27 09:00:00+00:00,1.34842,1.3486799999999999,1.34393,1.34447,11156
1772197200,2026-02-27 13:00:00+00:00,1.3445,1.34769,1.3440699999999999,1.34601,16420
1772211600,2026-02-27 17:00:00+00:00,1.34601,1.34903,1.3459400000000001,1.34845,8342
1772398800,2026-03-01 21:00:00+00:00,1.34169,1.3453300000000001,1.34002,1.345,12925
1772413200,2026-03-02 01:00:00+00:00,1.34506,1.3456000000000001,1.3414,1.34145,9142
1772427600,2026-03-02 05:00:00+00:00,1.34144,1.3415300000000001,1.33141,1.33722,18143
1772442000,2026-03-02 09:00:00+00:00,1.33722,1.3426,1.33721,1.33823,15574
1772456400,2026-03-02 13:00:00+00:00,1.3382100000000001,1.3425799999999999,1.33595,1.34158,21022
1772470800,2026-03-02 17:00:00+00:00,1.3415,1.3431600000000001,1.33859,1.34044,11180
1772485200,2026-03-02 21:00:00+00:00,1.33978,1.34254,1.33939,1.34089,7667
1772499600,2026-03-03 01:00:00+00:00,1.34086,1.34123,1.33609,1.33633,11412
1772514000,2026-03-03 05:00:00+00:00,1.33636,1.33664,1.32808,1.32984,17744
1772528400,2026-03-03 09:00:00+00:00,1.32981,1.3327200000000001,1.32625,1.33007,20482
1772542800,2026-03-03 13:00:00+00:00,1.33008,1.33375,1.32528,1.33235,25984
1772557200,2026-03-03 17:00:00+00:00,1.33234,1.337,1.33222,1.3354300000000001,15741
1772571600,2026-03-03 21:00:00+00:00,1.3357299999999999,1.3363399999999999,1.33033,1.3325,11073
1772586000,2026-03-04 01:00:00+00:00,1.33249,1.33416,1.33108,1.3317999999999999,13480
1772600400,2026-03-04 05:00:00+00:00,1.3317700000000001,1.33761,1.33049,1.33603,17271
1772614800,2026-03-04 09:00:00+00:00,1.33609,1.34027,1.33481,1.33629,18851
1772629200,2026-03-04 13:00:00+00:00,1.33628,1.33849,1.33462,1.33608,21013
1772643600,2026-03-04 17:00:00+00:00,1.33609,1.33807,1.33468,1.33716,9396
1772658000,2026-03-04 21:00:00+00:00,1.33708,1.33873,1.33605,1.33666,9353
1772672400,2026-03-05 01:00:00+00:00,1.33667,1.33719,1.33129,1.33144,12123
1772686800,2026-03-05 05:00:00+00:00,1.3314300000000001,1.33761,1.33061,1.3355000000000001,19377
1772701200,2026-03-05 09:00:00+00:00,1.3355000000000001,1.3374,1.33322,1.3345799999999999,15224
1772715600,2026-03-05 13:00:00+00:00,1.33457,1.3360400000000001,1.32971,1.33298,21698
1772730000,2026-03-05 17:00:00+00:00,1.3329900000000001,1.33642,1.33175,1.33554,15374
1772744400,2026-03-05 21:00:00+00:00,1.33531,1.33717,1.33317,1.33647,8840
1772758800,2026-03-06 01:00:00+00:00,1.33646,1.33734,1.3355000000000001,1.33556,8753
1772773200,2026-03-06 05:00:00+00:00,1.33555,1.33793,1.33178,1.3323800000000001,25350
1772787600,2026-03-06 09:00:00+00:00,1.3323800000000001,1.33891,1.33114,1.33385,49379
1772802000,2026-03-06 13:00:00+00:00,1.33385,1.34096,1.33253,1.33868,73223
1772816400,2026-03-06 17:00:00+00:00,1.33868,1.34148,1.33779,1.34148,34075
1773003600,2026-03-08 21:00:00+00:00,1.33384,1.3344,1.32828,1.32856,34395
1773018000,2026-03-09 01:00:00+00:00,1.32857,1.33377,1.3284500000000001,1.33334,34826
1773032400,2026-03-09 05:00:00+00:00,1.33334,1.33636,1.3302399999999999,1.33392,57547
1773046800,2026-03-09 09:00:00+00:00,1.33392,1.33827,1.33264,1.33731,55254
1773061200,2026-03-09 13:00:00+00:00,1.33734,1.34087,1.33461,1.3385099999999999,53171
1773075600,2026-03-09 17:00:00+00:00,1.3385,1.34471,1.33836,1.34356,37699
1773090000,2026-03-09 21:00:00+00:00,1.34356,1.34481,1.34182,1.3431,28192
1773104400,2026-03-10 01:00:00+00:00,1.3431,1.34376,1.34137,1.34359,24596
1773118800,2026-03-10 05:00:00+00:00,1.34359,1.3483399999999999,1.34359,1.34576,36290
1773133200,2026-03-10 09:00:00+00:00,1.34576,1.34679,1.34303,1.3448,46657
1773147600,2026-03-10 13:00:00+00:00,1.3448,1.3481,1.34376,1.3462399999999999,47060
1773162000,2026-03-10 17:00:00+00:00,1.3462399999999999,1.34632,1.34114,1.34116,41712
1773176400,2026-03-10 21:00:00+00:00,1.34162,1.34487,1.3410199999999999,1.34459,16210
1773190800,2026-03-11 01:00:00+00:00,1.34459,1.34575,1.34363,1.34484,16480
1773205200,2026-03-11 05:00:00+00:00,1.34484,1.34561,1.34019,1.34157,37625
1773219600,2026-03-11 09:00:00+00:00,1.34158,1.34496,1.33945,1.34184,45757
1773234000,2026-03-11 13:00:00+00:00,1.34184,1.34436,1.33934,1.34101,52394
1773248400,2026-03-11 17:00:00+00:00,1.34101,1.3422399999999999,1.34013,1.34085,17265
1773262800,2026-03-11 21:00:00+00:00,1.34085,1.34147,1.33698,1.3388499999999999,19655
1773277200,2026-03-12 01:00:00+00:00,1.3388499999999999,1.33936,1.33612,1.33684,18869
1773291600,2026-03-12 05:00:00+00:00,1.33684,1.3397700000000001,1.33643,1.33884,25787
1773306000,2026-03-12 09:00:00+00:00,1.33884,1.33917,1.33626,1.33687,23607
1773320400,2026-03-12 13:00:00+00:00,1.33687,1.33747,1.3338,1.33564,57643
1773334800,2026-03-12 17:00:00+00:00,1.33564,1.33595,1.33337,1.3339400000000001,27480
1773349200,2026-03-12 21:00:00+00:00,1.3339400000000001,1.33697,1.3339400000000001,1.33562,13747
1773363600,2026-03-13 01:00:00+00:00,1.33562,1.33621,1.33284,1.33323,14588
1773378000,2026-03-13 05:00:00+00:00,1.33323,1.33341,1.32554,1.32623,36878
1773392400,2026-03-13 09:00:00+00:00,1.32623,1.32894,1.32455,1.32812,45707
1773406800,2026-03-13 13:00:00+00:00,1.3281100000000001,1.3284,1.32301,1.32462,53255
1773421200,2026-03-13 17:00:00+00:00,1.32462,1.32494,1.32185,1.32203,20414
1773608400,2026-03-15 21:00:00+00:00,1.32335,1.32659,1.32227,1.32591,21498
1773622800,2026-03-16 01:00:00+00:00,1.32591,1.32649,1.32489,1.32503,15325
1773637200,2026-03-16 05:00:00+00:00,1.3250199999999999,1.3256299999999999,1.32302,1.32473,30588
1773651600,2026-03-16 09:00:00+00:00,1.3247200000000001,1.33099,1.32459,1.33078,34895
1773666000,2026-03-16 13:00:00+00:00,1.33078,1.33174,1.32885,1.3302100000000001,41040
1773680400,2026-03-16 17:00:00+00:00,1.3302,1.33398,1.3302,1.33173,21621
1773694800,2026-03-16 21:00:00+00:00,1.33179,1.332,1.32952,1.3306499999999999,14746
1773709200,2026-03-17 01:00:00+00:00,1.3306499999999999,1.33154,1.32862,1.32869,17311
1773723600,2026-03-17 05:00:00+00:00,1.32869,1.33383,1.32733,1.3335,29364
1773738000,2026-03-17 09:00:00+00:00,1.33351,1.33598,1.33111,1.33465,23401
1773752400,2026-03-17 13:00:00+00:00,1.33465,1.33589,1.33331,1.33588,27016
1773766800,2026-03-17 17:00:00+00:00,1.33588,1.33643,1.33477,1.33551,9273
1773781200,2026-03-17 21:00:00+00:00,1.33551,1.3363,1.33503,1.33531,16133
1773795600,2026-03-18 01:00:00+00:00,1.33531,1.33721,1.335,1.33718,7854
1773810000,2026-03-18 05:00:00+00:00,1.33718,1.33744,1.33409,1.33597,13065
1773824400,2026-03-18 09:00:00+00:00,1.33597,1.3371,1.33038,1.33255,31176
1773838800,2026-03-18 13:00:00+00:00,1.33254,1.33441,1.33025,1.33417,28986
1773853200,2026-03-18 17:00:00+00:00,1.33417,1.33504,1.32518,1.3266,25821
1773867600,2026-03-18 21:00:00+00:00,1.3266,1.32926,1.32508,1.32832,12528
1773882000,2026-03-19 01:00:00+00:00,1.32832,1.3298,1.32626,1.32636,11434
1773896400,2026-03-19 05:00:00+00:00,1.32642,1.32914,1.32456,1.3285,33345
1773910800,2026-03-19 09:00:00+00:00,1.32851,1.33583,1.32714,1.335,44389
1773925200,2026-03-19 13:00:00+00:00,1.335,1.3409900000000001,1.33375,1.3403100000000001,49404
1773939600,2026-03-19 17:00:00+00:00,1.3403100000000001,1.34671,1.3394,1.34241,26979
1773954000,2026-03-19 21:00:00+00:00,1.34241,1.34419,1.34127,1.3415599999999999,11735
1773968400,2026-03-20 01:00:00+00:00,1.3415599999999999,1.34178,1.33987,1.33998,9222
1773982800,2026-03-20 05:00:00+00:00,1.33998,1.34365,1.33806,1.33819,20828
1773997200,2026-03-20 09:00:00+00:00,1.33819,1.34094,1.33474,1.33508,31876
1774011600,2026-03-20 13:00:00+00:00,1.33508,1.33514,1.32985,1.33364,46560
1774026000,2026-03-20 17:00:00+00:00,1.33364,1.33532,1.33196,1.33407,21131
1774213200,2026-03-22 21:00:00+00:00,1.33032,1.3343,1.33032,1.33324,22736
1774227600,2026-03-23 01:00:00+00:00,1.33324,1.3339699999999999,1.33012,1.33012,16518
1774242000,2026-03-23 05:00:00+00:00,1.33011,1.3330899999999999,1.32633,1.32693,37228
1774256400,2026-03-23 09:00:00+00:00,1.32693,1.34342,1.32566,1.34149,87727
1774270800,2026-03-23 13:00:00+00:00,1.34149,1.3479,1.33773,1.34237,65519
1774285200,2026-03-23 17:00:00+00:00,1.34237,1.34579,1.34104,1.34294,23127
1774299600,2026-03-23 21:00:00+00:00,1.34294,1.34361,1.33864,1.33941,22797
1774314000,2026-03-24 01:00:00+00:00,1.33941,1.34085,1.3385500000000001,1.33986,19695
1774328400,2026-03-24 05:00:00+00:00,1.33986,1.34453,1.33796,1.34023,35558
1774342800,2026-03-24 09:00:00+00:00,1.34023,1.34149,1.33648,1.33768,35097
1774357200,2026-03-24 13:00:00+00:00,1.33768,1.34249,1.3351899999999999,1.33776,46818
1774371600,2026-03-24 17:00:00+00:00,1.33776,1.3431600000000001,1.33639,1.34128,27092
1774386000,2026-03-24 21:00:00+00:00,1.34128,1.3436,1.34035,1.34144,17775
1774400400,2026-03-25 01:00:00+00:00,1.34144,1.34173,1.33718,1.33748,12437
1774414800,2026-03-25 05:00:00+00:00,1.33748,1.3424,1.33698,1.33962,24372
1774429200,2026-03-25 09:00:00+00:00,1.33962,1.34269,1.33693,1.33717,28039
1774443600,2026-03-25 13:00:00+00:00,1.33717,1.33923,1.33586,1.33842,34889
1774458000,2026-03-25 17:00:00+00:00,1.33842,1.33856,1.33578,1.33622,14145
1774472400,2026-03-25 21:00:00+00:00,1.33621,1.33669,1.33541,1.33619,8524
1774486800,2026-03-26 01:00:00+00:00,1.33619,1.33677,1.33484,1.33548,8411
1774501200,2026-03-26 05:00:00+00:00,1.33548,1.33671,1.3336299999999999,1.33537,19731
1774515600,2026-03-26 09:00:00+00:00,1.33537,1.33652,1.33215,1.33552,25180
1774530000,2026-03-26 13:00:00+00:00,1.33552,1.33779,1.33185,1.33185,33694
1774544400,2026-03-26 17:00:00+00:00,1.33185,1.33681,1.33097,1.3332899999999999,18695
1774558800,2026-03-26 21:00:00+00:00,1.3332899999999999,1.33434,1.33217,1.3342399999999999,11378
1774573200,2026-03-27 01:00:00+00:00,1.33425,1.33472,1.33345,1.3339400000000001,12215
1774587600,2026-03-27 05:00:00+00:00,1.33393,1.33454,1.33018,1.33064,20273
1774602000,2026-03-27 09:00:00+00:00,1.33064,1.3317700000000001,1.32718,1.32973,25575
1774616400,2026-03-27 13:00:00+00:00,1.32973,1.33324,1.32598,1.32671,34494
1774630800,2026-03-27 17:00:00+00:00,1.32671,1.3276,1.32592,1.32592,15380
1774818000,2026-03-29 21:00:00+00:00,1.32546,1.32649,1.32322,1.32518,15177
1774832400,2026-03-30 01:00:00+00:00,1.32518,1.32771,1.32451,1.32678,16733
1774846800,2026-03-30 05:00:00+00:00,1.32678,1.32824,1.32324,1.32345,16605
1774861200,2026-03-30 09:00:00+00:00,1.32345,1.32538,1.32202,1.32277,20209
1774875600,2026-03-30 13:00:00+00:00,1.32277,1.32339,1.31735,1.31903,32174
1774890000,2026-03-30 17:00:00+00:00,1.31903,1.3197,1.3174000000000001,1.31826,18696
1774904400,2026-03-30 21:00:00+00:00,1.31775,1.32028,1.3159,1.32003,11080
1774918800,2026-03-31 01:00:00+00:00,1.32002,1.32242,1.31958,1.31968,15460
1774933200,2026-03-31 05:00:00+00:00,1.31968,1.3219400000000001,1.31908,1.32115,21179
1774947600,2026-03-31 09:00:00+00:00,1.32115,1.32485,1.31916,1.32366,24757
1774962000,2026-03-31 13:00:00+00:00,1.32366,1.3264,1.31721,1.32155,47844
1774976400,2026-03-31 17:00:00+00:00,1.32155,1.32477,1.32154,1.32224,28956
1774990800,2026-03-31 21:00:00+00:00,1.32226,1.32542,1.32168,1.32461,8656
1775005200,2026-04-01 01:00:00+00:00,1.32461,1.32471,1.32193,1.32427,13940
1775019600,2026-04-01 05:00:00+00:00,1.32427,1.33007,1.32413,1.32886,27145
1775034000,2026-04-01 09:00:00+00:00,1.32886,1.33264,1.32771,1.33056,25948
1775048400,2026-04-01 13:00:00+00:00,1.3305500000000001,1.3338700000000001,1.32929,1.33386,38117
1775062800,2026-04-01 17:00:00+00:00,1.33386,1.33461,1.32925,1.33061,21697
1775077200,2026-04-01 21:00:00+00:00,1.32985,1.33144,1.32898,1.3311899999999999,10339
1775091600,2026-04-02 01:00:00+00:00,1.3311899999999999,1.332,1.32293,1.3235700000000001,28968
1775106000,2026-04-02 05:00:00+00:00,1.3235700000000001,1.3237700000000001,1.31958,1.32012,21267
1775120400,2026-04-02 09:00:00+00:00,1.32012,1.32183,1.31813,1.32141,20296
1775134800,2026-04-02 13:00:00+00:00,1.32141,1.3251,1.32016,1.32312,40418
1775149200,2026-04-02 17:00:00+00:00,1.32312,1.32424,1.32202,1.32247,16850
1775163600,2026-04-02 21:00:00+00:00,1.32203,1.32376,1.3209,1.32342,5159
1775178000,2026-04-03 01:00:00+00:00,1.32342,1.32346,1.32215,1.3226499999999999,2648
1775192400,2026-04-03 05:00:00+00:00,1.3226499999999999,1.32425,1.32218,1.3237999999999999,4389
1775206800,2026-04-03 09:00:00+00:00,1.3237999999999999,1.32388,1.32025,1.32124,7029
1775221200,2026-04-03 13:00:00+00:00,1.32123,1.32195,1.31948,1.31971,11087
1775235600,2026-04-03 17:00:00+00:00,1.31971,1.32088,1.31869,1.32035,8710
1775422800,2026-04-05 21:00:00+00:00,1.3188,1.31981,1.31763,1.31968,10889
1775437200,2026-04-06 01:00:00+00:00,1.31968,1.3218,1.31904,1.32123,12989
1775451600,2026-04-06 05:00:00+00:00,1.32123,1.3259,1.32092,1.32491,14237
1775466000,2026-04-06 09:00:00+00:00,1.32491,1.32555,1.3232300000000001,1.32452,14003
1775480400,2026-04-06 13:00:00+00:00,1.32452,1.32683,1.3223500000000001,1.32344,25403
1775494800,2026-04-06 17:00:00+00:00,1.32345,1.3244099999999999,1.32177,1.32348,14496
1775509200,2026-04-06 21:00:00+00:00,1.32367,1.3241800000000001,1.32245,1.32308,8100
1775523600,2026-04-07 01:00:00+00:00,1.32308,1.32351,1.32112,1.32325,11648
1775538000,2026-04-07 05:00:00+00:00,1.32325,1.3285,1.32185,1.32829,21695
1775552400,2026-04-07 09:00:00+00:00,1.32828,1.32839,1.32362,1.32503,25755
1775566800,2026-04-07 13:00:00+00:00,1.32503,1.32672,1.3235700000000001,1.325,35096
1775581200,2026-04-07 17:00:00+00:00,1.325,1.33007,1.32471,1.32915,24783
1775595600,2026-04-07 21:00:00+00:00,1.3284500000000001,1.34101,1.32764,1.33876,33113
1775610000,2026-04-08 01:00:00+00:00,1.33876,1.34174,1.33859,1.34157,22912
1775624400,2026-04-08 05:00:00+00:00,1.34157,1.34457,1.34063,1.34277,31212
1775638800,2026-04-08 09:00:00+00:00,1.34277,1.3484099999999999,1.342,1.3473,26996
1775653200,2026-04-08 13:00:00+00:00,1.3473,1.34819,1.3419699999999999,1.34243,38673
1775667600,2026-04-08 17:00:00+00:00,1.34243,1.3427799999999999,1.33808,1.33936,23650
1775682000,2026-04-08 21:00:00+00:00,1.3391,1.3403,1.3385099999999999,1.33906,8480
1775696400,2026-04-09 01:00:00+00:00,1.33907,1.34062,1.33811,1.33989,12086
1775710800,2026-04-09 05:00:00+00:00,1.33989,1.34073,1.33806,1.34033,17421
1775725200,2026-04-09 09:00:00+00:00,1.34033,1.343,1.33954,1.34159,17670
1775739600,2026-04-09 13:00:00+00:00,1.34159,1.3455599999999999,1.3403399999999999,1.34444,33687
1775754000,2026-04-09 17:00:00+00:00,1.34444,1.34583,1.34295,1.34337,19533
1775768400,2026-04-09 21:00:00+00:00,1.34324,1.34364,1.34206,1.3425,8175
1775782800,2026-04-10 01:00:00+00:00,1.3425,1.34318,1.342,1.34211,8495
1775797200,2026-04-10 05:00:00+00:00,1.34211,1.3428499999999999,1.34104,1.34206,12683
1775811600,2026-04-10 09:00:00+00:00,1.34206,1.34676,1.34171,1.34581,18390
1775826000,2026-04-10 13:00:00+00:00,1.34581,1.3479,1.34476,1.3456000000000001,28512
1775840400,2026-04-10 17:00:00+00:00,1.3456000000000001,1.34718,1.3453,1.3463,15464
1776027600,2026-04-12 21:00:00+00:00,1.33853,1.34077,1.33805,1.34023,12817
1776042000,2026-04-13 01:00:00+00:00,1.34023,1.34093,1.3397999999999999,1.34047,9366
1776056400,2026-04-13 05:00:00+00:00,1.34047,1.3434,1.3401399999999999,1.34277,16255
1776070800,2026-04-13 09:00:00+00:00,1.34277,1.34426,1.3415599999999999,1.34358,17136
1776085200,2026-04-13 13:00:00+00:00,1.34358,1.34824,1.34342,1.34735,31064
1776099600,2026-04-13 17:00:00+00:00,1.34735,1.35083,1.34735,1.35063,16133
1776114000,2026-04-13 21:00:00+00:00,1.35037,1.35165,1.3493,1.35145,6140
1776128400,2026-04-14 01:00:00+00:00,1.35145,1.35215,1.35032,1.35189,7929
1776142800,2026-04-14 05:00:00+00:00,1.35189,1.3538999999999999,1.35107,1.35375,17770
1776157200,2026-04-14 09:00:00+00:00,1.35375,1.35891,1.35337,1.35866,18688
1776171600,2026-04-14 13:00:00+00:00,1.35866,1.35886,1.35578,1.35672,27064
1776186000,2026-04-14 17:00:00+00:00,1.35672,1.35727,1.3560400000000001,1.35656,12366
1776200400,2026-04-14 21:00:00+00:00,1.35643,1.35788,1.35559,1.35731,9013
1776214800,2026-04-15 01:00:00+00:00,1.35731,1.35772,1.35569,1.35673,10179
1776229200,2026-04-15 05:00:00+00:00,1.35673,1.3578299999999999,1.35552,1.3564,15567
1776243600,2026-04-15 09:00:00+00:00,1.3564,1.35696,1.35432,1.35548,20694
1776258000,2026-04-15 13:00:00+00:00,1.35548,1.3578700000000001,1.35526,1.35732,27341
1776272400,2026-04-15 17:00:00+00:00,1.35732,1.35763,1.35588,1.35602,14764
1776286800,2026-04-15 21:00:00+00:00,1.3556599999999999,1.35747,1.35538,1.35735,6476
1776301200,2026-04-16 01:00:00+00:00,1.35735,1.35945,1.35608,1.35763,10547
1776315600,2026-04-16 05:00:00+00:00,1.35763,1.35821,1.35471,1.3550200000000001,16528
1776330000,2026-04-16 09:00:00+00:00,1.3550200000000001,1.35533,1.35312,1.35465,15896
1776344400,2026-04-16 13:00:00+00:00,1.35465,1.35547,1.35162,1.35284,28520
1776358800,2026-04-16 17:00:00+00:00,1.35284,1.35349,1.35213,1.35262,14482
1776373200,2026-04-16 21:00:00+00:00,1.35175,1.3536000000000001,1.35172,1.35203,7368
1776387600,2026-04-17 01:00:00+00:00,1.35203,1.35272,1.35138,1.35222,8686
1776402000,2026-04-17 05:00:00+00:00,1.35222,1.3534,1.35042,1.35306,15000
1776416400,2026-04-17 09:00:00+00:00,1.35306,1.35857,1.35189,1.35831,19919
1776430800,2026-04-17 13:00:00+00:00,1.3583,1.3599,1.3544100000000001,1.35534,41166
1776445200,2026-04-17 17:00:00+00:00,1.35534,1.3554599999999999,1.35125,1.35157,21117
1776632400,2026-04-19 21:00:00+00:00,1.34796,1.3496000000000001,1.34747,1.34952,11350
1776646800,2026-04-20 01:00:00+00:00,1.34952,1.35084,1.3489,1.35049,10307
1776661200,2026-04-20 05:00:00+00:00,1.35049,1.35186,1.34815,1.34971,22198
1776675600,2026-04-20 09:00:00+00:00,1.34971,1.35278,1.34965,1.3516,21796
1776690000,2026-04-20 13:00:00+00:00,1.3516,1.3544100000000001,1.35069,1.3538000000000001,33642
1776704400,2026-04-20 17:00:00+00:00,1.35379,1.35439,1.35298,1.35328,15805
1776718800,2026-04-20 21:00:00+00:00,1.35222,1.35388,1.35218,1.3524,6975
1776733200,2026-04-21 01:00:00+00:00,1.3524,1.3529,1.35145,1.35149,10788
1776747600,2026-04-21 05:00:00+00:00,1.35149,1.35305,1.34822,1.35034,21170
1776762000,2026-04-21 09:00:00+00:00,1.35034,1.3523399999999999,1.34954,1.35145,19865
1776776400,2026-04-21 13:00:00+00:00,1.3514599999999999,1.35395,1.3497,1.34976,32631
1776790800,2026-04-21 17:00:00+00:00,1.34976,1.35255,1.34745,1.35063,31247
1776805200,2026-04-21 21:00:00+00:00,1.35006,1.35201,1.34935,1.35095,10105
1776819600,2026-04-22 01:00:00+00:00,1.35095,1.35147,1.35029,1.35071,11441
1776834000,2026-04-22 05:00:00+00:00,1.35071,1.35341,1.35065,1.35283,18671
1776848400,2026-04-22 09:00:00+00:00,1.35283,1.35351,1.3492199999999999,1.3494,19940
1776862800,2026-04-22 13:00:00+00:00,1.3494,1.35242,1.34917,1.35043,29822
1776877200,2026-04-22 17:00:00+00:00,1.35043,1.35163,1.34982,1.35023,15970
1776891600,2026-04-22 21:00:00+00:00,1.34962,1.35098,1.34787,1.3508499999999999,10891
1776906000,2026-04-23 01:00:00+00:00,1.35084,1.35102,1.34822,1.34901,14901
1776920400,2026-04-23 05:00:00+00:00,1.34901,1.35074,1.34811,1.35043,17895
1776934800,2026-04-23 09:00:00+00:00,1.35043,1.3513,1.34833,1.34873,24739
1776949200,2026-04-23 13:00:00+00:00,1.34873,1.3518,1.34781,1.34915,27637
1776963600,2026-04-23 17:00:00+00:00,1.34915,1.34932,1.34475,1.34661,30620
1776978000,2026-04-23 21:00:00+00:00,1.34643,1.3471199999999999,1.34571,1.34677,8008
1776992400,2026-04-24 01:00:00+00:00,1.34677,1.34729,1.34531,1.34627,11605
1777006800,2026-04-24 05:00:00+00:00,1.34627,1.3484099999999999,1.34598,1.34763,15226
1777021200,2026-04-24 09:00:00+00:00,1.34763,1.35045,1.3474,1.35013,25535
1777035600,2026-04-24 13:00:00+00:00,1.35013,1.35213,1.3486099999999999,1.3520699999999999,32405
1777050000,2026-04-24 17:00:00+00:00,1.35206,1.35375,1.35172,1.35328,16951
1777237200,2026-04-26 21:00:00+00:00,1.35095,1.35228,1.34993,1.35213,7955
1777251600,2026-04-27 01:00:00+00:00,1.35213,1.35484,1.35213,1.35406,11421
1777266000,2026-04-27 05:00:00+00:00,1.35406,1.35574,1.35242,1.3553899999999999,16754
1777280400,2026-04-27 09:00:00+00:00,1.3553899999999999,1.35758,1.35474,1.3548,17720
1777294800,2026-04-27 13:00:00+00:00,1.35483,1.3564,1.3537,1.35431,25573
1777309200,2026-04-27 17:00:00+00:00,1.35431,1.35445,1.35303,1.3532899999999999,12799
1777323600,2026-04-27 21:00:00+00:00,1.3529200000000001,1.35411,1.3529200000000001,1.35321,6850
1777338000,2026-04-28 01:00:00+00:00,1.3532,1.35359,1.35206,1.35301,11506
1777352400,2026-04-28 05:00:00+00:00,1.35301,1.3531,1.35019,1.3505,19554
1777366800,2026-04-28 09:00:00+00:00,1.3505,1.35053,1.34628,1.34923,24988
1777381200,2026-04-28 13:00:00+00:00,1.34923,1.35165,1.3481,1.3514300000000001,31623
1777395600,2026-04-28 17:00:00+00:00,1.3514300000000001,1.3522,1.3507799999999999,1.3517299999999999,15177
1777410000,2026-04-28 21:00:00+00:00,1.35148,1.35277,1.3508200000000001,1.35244,4855
1777424400,2026-04-29 01:00:00+00:00,1.35244,1.35253,1.35099,1.3513,11546
1777438800,2026-04-29 05:00:00+00:00,1.3513,1.35131,1.34945,1.34993,15191
1777453200,2026-04-29 09:00:00+00:00,1.34993,1.3513600000000001,1.34959,1.35001,18627
1777467600,2026-04-29 13:00:00+00:00,1.35001,1.3507,1.34711,1.34809,32421
1777482000,2026-04-29 17:00:00+00:00,1.34809,1.34931,1.34574,1.34755,26318
1777496400,2026-04-29 21:00:00+00:00,1.34718,1.3495300000000001,1.34644,1.34843,11610
1777510800,2026-04-30 01:00:00+00:00,1.34843,1.34863,1.34549,1.34605,16938
1777525200,2026-04-30 05:00:00+00:00,1.34605,1.35002,1.34537,1.34846,26449
1777539600,2026-04-30 09:00:00+00:00,1.34846,1.3535,1.34788,1.35124,40886
1777554000,2026-04-30 13:00:00+00:00,1.35125,1.35934,1.35045,1.35776,41228
1777568400,2026-04-30 17:00:00+00:00,1.35776,1.36121,1.35759,1.36025,20576
1777582800,2026-04-30 21:00:00+00:00,1.36012,1.3608500000000001,1.35991,1.36035,7374
1777597200,2026-05-01 01:00:00+00:00,1.36035,1.36117,1.35954,1.35969,10972
1777611600,2026-05-01 05:00:00+00:00,1.35969,1.36224,1.35865,1.36079,19265
1777626000,2026-05-01 09:00:00+00:00,1.36079,1.36429,1.35914,1.36294,18115
1777640400,2026-05-01 13:00:00+00:00,1.36294,1.36575,1.35984,1.35987,32282
1777654800,2026-05-01 17:00:00+00:00,1.35987,1.36015,1.35683,1.3569,17660
1777842000,2026-05-03 21:00:00+00:00,1.35782,1.36023,1.35747,1.35865,7760
1777856400,2026-05-04 01:00:00+00:00,1.35865,1.36011,1.35762,1.35877,13578
1777870800,2026-05-04 05:00:00+00:00,1.35877,1.35983,1.3559,1.3560400000000001,16891
1777885200,2026-05-04 09:00:00+00:00,1.3560400000000001,1.3566099999999999,1.3523,1.35568,26806
1777899600,2026-05-04 13:00:00+00:00,1.35569,1.35691,1.35119,1.35187,36368
1777914000,2026-05-04 17:00:00+00:00,1.35187,1.35419,1.35184,1.35301,16479
1777928400,2026-05-04 21:00:00+00:00,1.35272,1.35344,1.35145,1.35244,6734
1777942800,2026-05-05 01:00:00+00:00,1.35244,1.35317,1.35144,1.35154,8852
1777957200,2026-05-05 05:00:00+00:00,1.35154,1.35503,1.35134,1.35418,17894
1777971600,2026-05-05 09:00:00+00:00,1.35418,1.3550499999999999,1.35305,1.35436,21780
1777986000,2026-05-05 13:00:00+00:00,1.35435,1.35782,1.35433,1.35558,29076
1778000400,2026-05-05 17:00:00+00:00,1.35558,1.35588,1.35368,1.35382,14216
1778014800,2026-05-05 21:00:00+00:00,1.3553,1.35794,1.35317,1.35744,11491
1778029200,2026-05-06 01:00:00+00:00,1.35744,1.35954,1.3563,1.35893,17556
1778043600,2026-05-06 05:00:00+00:00,1.35893,1.36343,1.35809,1.36255,24705
1778058000,2026-05-06 09:00:00+00:00,1.36255,1.36432,1.36076,1.36115,32974
1778072400,2026-05-06 13:00:00+00:00,1.36115,1.36192,1.3578299999999999,1.35834,32913
1778086800,2026-05-06 17:00:00+00:00,1.35833,1.35992,1.35813,1.3592,16121
1778101200,2026-05-06 21:00:00+00:00,1.35862,1.3599,1.35843,1.35918,8968
1778115600,2026-05-07 01:00:00+00:00,1.35918,1.36081,1.35903,1.35974,12903
1778130000,2026-05-07 05:00:00+00:00,1.35974,1.3624100000000001,1.35907,1.36218,21627
1778144400,2026-05-07 09:00:00+00:00,1.36218,1.36301,1.3609200000000001,1.36231,21731
1778158800,2026-05-07 13:00:00+00:00,1.36232,1.36321,1.35903,1.3593899999999999,32422
1778173200,2026-05-07 17:00:00+00:00,1.3593899999999999,1.35948,1.35479,1.35497,26542
1778187600,2026-05-07 21:00:00+00:00,1.35454,1.3566,1.3544800000000001,1.35506,9466
1778202000,2026-05-08 01:00:00+00:00,1.35506,1.35682,1.35494,1.35649,12959
1778216400,2026-05-08 05:00:00+00:00,1.35649,1.3615,1.35647,1.36133,16472
1778230800,2026-05-08 09:00:00+00:00,1.36133,1.36239,1.36001,1.36135,21128
1778245200,2026-05-08 13:00:00+00:00,1.36135,1.36306,1.36059,1.36167,27828
1778259600,2026-05-08 17:00:00+00:00,1.36167,1.3636300000000001,1.36159,1.3634,14133
1778446800,2026-05-10 21:00:00+00:00,1.35483,1.36008,1.35483,1.35988,11881
1778461200,2026-05-11 01:00:00+00:00,1.35987,1.36006,1.35788,1.35807,11824
1778475600,2026-05-11 05:00:00+00:00,1.35807,1.36142,1.35797,1.36074,16094
1778490000,2026-05-11 09:00:00+00:00,1.36075,1.36155,1.35854,1.3611,20344
1778504400,2026-05-11 13:00:00+00:00,1.3611,1.3653,1.36107,1.36409,25900
1778518800,2026-05-11 17:00:00+00:00,1.36409,1.3645,1.36068,1.36094,15461
1778533200,2026-05-11 21:00:00+00:00,1.36072,1.361,1.35927,1.35935,6234
1778547600,2026-05-12 01:00:00+00:00,1.35935,1.35954,1.35795,1.35842,12588
1778562000,2026-05-12 05:00:00+00:00,1.35842,1.35859,1.35019,1.3529900000000001,24067
1778576400,2026-05-12 09:00:00+00:00,1.3529900000000001,1.35528,1.35131,1.3537,26446
1778590800,2026-05-12 13:00:00+00:00,1.3537,1.35427,1.35001,1.3517700000000001,35363
1778605200,2026-05-12 17:00:00+00:00,1.3517700000000001,1.35439,1.35161,1.35396,18270
1778619600,2026-05-12 21:00:00+00:00,1.35341,1.3542,1.35269,1.35364,7463
1778634000,2026-05-13 01:00:00+00:00,1.35365,1.35461,1.35282,1.35338,12444
1778648400,2026-05-13 05:00:00+00:00,1.35338,1.3551199999999999,1.35185,1.3523800000000001,17875
1778662800,2026-05-13 09:00:00+00:00,1.3523800000000001,1.35243,1.3484099999999999,1.349,23386
1778677200,2026-05-13 13:00:00+00:00,1.349,1.35291,1.349,1.35149,26002
1778691600,2026-05-13 17:00:00+00:00,1.35149,1.35262,1.35106,1.35232,15707
1778706000,2026-05-13 21:00:00+00:00,1.35213,1.35324,1.35154,1.35293,6658
1778720400,2026-05-14 01:00:00+00:00,1.35293,1.35323,1.35206,1.3528,10077
1778734800,2026-05-14 05:00:00+00:00,1.35279,1.3532199999999999,1.35031,1.35195,16576
1778749200,2026-05-14 09:00:00+00:00,1.35195,1.3520400000000001,1.34951,1.35074,17984
1778763600,2026-05-14 13:00:00+00:00,1.35074,1.35125,1.34318,1.34428,26099
1778778000,2026-05-14 17:00:00+00:00,1.34428,1.34459,1.33947,1.34002,16845
1778792400,2026-05-14 21:00:00+00:00,1.3399,1.34042,1.33741,1.33802,8884
1778806800,2026-05-15 01:00:00+00:00,1.33802,1.33817,1.33628,1.33631,13858
1778821200,2026-05-15 05:00:00+00:00,1.33632,1.33753,1.33346,1.3345500000000001,26016
1778835600,2026-05-15 09:00:00+00:00,1.3345500000000001,1.3393,1.33278,1.33532,26041
1778850000,2026-05-15 13:00:00+00:00,1.33532,1.3363,1.3316,1.33305,35653
1778864400,2026-05-15 17:00:00+00:00,1.33305,1.33383,1.33147,1.3325,17040
1779051600,2026-05-17 21:00:00+00:00,1.33195,1.33246,1.33045,1.3308499999999999,10657
1779066000,2026-05-18 01:00:00+00:00,1.33084,1.33193,1.3302,1.33152,16183
1779080400,2026-05-18 05:00:00+00:00,1.33152,1.33839,1.33129,1.33768,18826
1779094800,2026-05-18 09:00:00+00:00,1.33768,1.34027,1.33462,1.3395000000000001,22009
1779109200,2026-05-18 13:00:00+00:00,1.3395000000000001,1.3449200000000001,1.33798,1.34291,31654
1779123600,2026-05-18 17:00:00+00:00,1.34291,1.34387,1.34002,1.34327,20221
1779138000,2026-05-18 21:00:00+00:00,1.34293,1.3437000000000001,1.34135,1.34191,8115
1779152400,2026-05-19 01:00:00+00:00,1.34191,1.34249,1.34057,1.34058,14088
1779166800,2026-05-19 05:00:00+00:00,1.34058,1.34179,1.33888,1.33926,18123
1779181200,2026-05-19 09:00:00+00:00,1.33926,1.34195,1.33869,1.3407,18911
1779195600,2026-05-19 13:00:00+00:00,1.3407,1.34074,1.33781,1.33989,31752
1779210000,2026-05-19 17:00:00+00:00,1.33989,1.34118,1.33926,1.33939,13259
1779224400,2026-05-19 21:00:00+00:00,1.33928,1.3404,1.33869,1.3388900000000001,12192
1779238800,2026-05-20 01:00:00+00:00,1.3388900000000001,1.34061,1.33778,1.33903,17409
1779253200,2026-05-20 05:00:00+00:00,1.33903,1.3406500000000001,1.33748,1.33817,19408
1779267600,2026-05-20 09:00:00+00:00,1.33817,1.34077,1.33801,1.3397299999999999,16585
1779282000,2026-05-20 13:00:00+00:00,1.33972,1.34634,1.33829,1.34416,37076
1779296400,2026-05-20 17:00:00+00:00,1.34416,1.34507,1.34323,1.34345,17649
1779310800,2026-05-20 21:00:00+00:00,1.34318,1.34393,1.3428,1.34369,6023
1779325200,2026-05-21 01:00:00+00:00,1.34369,1.34453,1.34189,1.34313,11418
1779339600,2026-05-21 05:00:00+00:00,1.34313,1.34547,1.34154,1.34352,20978
1779354000,2026-05-21 09:00:00+00:00,1.34352,1.34462,1.34115,1.34135,22704
1779368400,2026-05-21 13:00:00+00:00,1.34135,1.34204,1.3392,1.34079,28711
1779382800,2026-05-21 17:00:00+00:00,1.34079,1.3449,1.34052,1.34297,23552
1779397200,2026-05-21 21:00:00+00:00,1.3418999999999999,1.3434,1.3418999999999999,1.34253,9400
1779411600,2026-05-22 01:00:00+00:00,1.3425099999999999,1.34317,1.34229,1.34302,10119
1779426000,2026-05-22 05:00:00+00:00,1.34302,1.34384,1.3413,1.34257,13509
1779440400,2026-05-22 09:00:00+00:00,1.34257,1.3437000000000001,1.34164,1.34364,14987
1779454800,2026-05-22 13:00:00+00:00,1.34364,1.34628,1.34177,1.3444099999999999,25079
1779469200,2026-05-22 17:00:00+00:00,1.3444,1.34532,1.3424800000000001,1.34324,14451
1779656400,2026-05-24 21:00:00+00:00,1.34482,1.3488,1.3446,1.34788,7377
1779670800,2026-05-25 01:00:00+00:00,1.34788,1.3490199999999999,1.3474,1.34829,9718
1779685200,2026-05-25 05:00:00+00:00,1.34829,1.34936,1.34703,1.34933,11917
1779699600,2026-05-25 09:00:00+00:00,1.34933,1.35063,1.34872,1.35005,9314
1779714000,2026-05-25 13:00:00+00:00,1.35005,1.35052,1.34925,1.35036,11097
1779728400,2026-05-25 17:00:00+00:00,1.35036,1.35088,1.3503,1.35062,3396
1779742800,2026-05-25 21:00:00+00:00,1.34935,1.3504800000000001,1.34879,1.34942,6723
1779757200,2026-05-26 01:00:00+00:00,1.34941,1.34948,1.34802,1.34805,8106
1779771600,2026-05-26 05:00:00+00:00,1.34805,1.34849,1.34645,1.3474599999999999,15296
1779786000,2026-05-26 09:00:00+00:00,1.3474599999999999,1.3489200000000001,1.34656,1.34668,16443
1779800400,2026-05-26 13:00:00+00:00,1.34668,1.347,1.34344,1.34409,24361
1779814800,2026-05-26 17:00:00+00:00,1.34409,1.3453300000000001,1.34382,1.34466,11207
1779829200,2026-05-26 21:00:00+00:00,1.3443800000000001,1.3458700000000001,1.34345,1.3455300000000001,6276
1779843600,2026-05-27 01:00:00+00:00,1.3455300000000001,1.34583,1.34457,1.34539,9388
1779858000,2026-05-27 05:00:00+00:00,1.34539,1.34566,1.34412,1.34462,12929
1779872400,2026-05-27 09:00:00+00:00,1.34462,1.34564,1.34301,1.34397,18535
1779886800,2026-05-27 13:00:00+00:00,1.34398,1.34577,1.34161,1.34306,27072
1779901200,2026-05-27 17:00:00+00:00,1.34306,1.34328,1.3417,1.3427,11606
1779915600,2026-05-27 21:00:00+00:00,1.34232,1.34304,1.34093,1.34131,6724
1779930000,2026-05-28 01:00:00+00:00,1.34131,1.34138,1.33673,1.33774,14307
1779944400,2026-05-28 05:00:00+00:00,1.33774,1.34112,1.33751,1.34015,15734
1779958800,2026-05-28 09:00:00+00:00,1.34015,1.3424800000000001,1.33863,1.34206,17168
1779973200,2026-05-28 13:00:00+00:00,1.34206,1.34507,1.34071,1.34463,28690
1779987600,2026-05-28 17:00:00+00:00,1.34463,1.34479,1.34362,1.34436,13529
1780002000,2026-05-28 21:00:00+00:00,1.3437000000000001,1.34484,1.34365,1.34406,4589
1780016400,2026-05-29 01:00:00+00:00,1.34406,1.34504,1.34301,1.3437999999999999,9374
1780030800,2026-05-29 05:00:00+00:00,1.3437999999999999,1.34444,1.34082,1.34112,13774
1780045200,2026-05-29 09:00:00+00:00,1.34112,1.34341,1.34091,1.3433899999999999,16527
1780059600,2026-05-29 13:00:00+00:00,1.3433899999999999,1.34851,1.34293,1.3467,29253
1780074000,2026-05-29 17:00:00+00:00,1.34671,1.34707,1.34478,1.3454,16391
1780261200,2026-05-31 21:00:00+00:00,1.3449,1.34631,1.34453,1.34511,14567
1780275600,2026-06-01 01:00:00+00:00,1.34511,1.34593,1.34483,1.34569,8600
1780290000,2026-06-01 05:00:00+00:00,1.34569,1.34757,1.34552,1.34705,13190
1780304400,2026-06-01 09:00:00+00:00,1.34705,1.34747,1.34552,1.34635,14768
1780318800,2026-06-01 13:00:00+00:00,1.34634,1.34637,1.3406500000000001,1.34602,29895
1780333200,2026-06-01 17:00:00+00:00,1.34602,1.34696,1.34532,1.34546,11659
1780347600,2026-06-01 21:00:00+00:00,1.345,1.34619,1.34482,1.34535,9085
1780362000,2026-06-02 01:00:00+00:00,1.34535,1.34644,1.34506,1.34636,9079
1780376400,2026-06-02 05:00:00+00:00,1.34636,1.34813,1.34605,1.34632,15217
1780390800,2026-06-02 09:00:00+00:00,1.34632,1.34771,1.34605,1.34718,13093
1780405200,2026-06-02 13:00:00+00:00,1.34718,1.3480400000000001,1.34633,1.34659,19673
1780419600,2026-06-02 17:00:00+00:00,1.3465799999999999,1.3471899999999999,1.3452899999999999,1.34643,9677
1780434000,2026-06-02 21:00:00+00:00,1.34634,1.3467500000000001,1.3449900000000001,1.34656,6554
1780448400,2026-06-03 01:00:00+00:00,1.34656,1.3471600000000001,1.34584,1.34601,7494
1780462800,2026-06-03 05:00:00+00:00,1.34601,1.34635,1.34364,1.34424,15428
1780477200,2026-06-03 09:00:00+00:00,1.34424,1.34598,1.34272,1.3431899999999999,16611
1780491600,2026-06-03 13:00:00+00:00,1.3431899999999999,1.34394,1.34155,1.3422399999999999,26331
1780506000,2026-06-03 17:00:00+00:00,1.34225,1.3428200000000001,1.34116,1.34167,9691
1780520400,2026-06-03 21:00:00+00:00,1.3415599999999999,1.34317,1.34113,1.34254,7816
1780534800,2026-06-04 01:00:00+00:00,1.34254,1.3431199999999999,1.3417,1.34308,8993
1780549200,2026-06-04 05:00:00+00:00,1.34308,1.34353,1.34112,1.34297,14400
1780563600,2026-06-04 09:00:00+00:00,1.34297,1.34623,1.34296,1.34557,18192
1780578000,2026-06-04 13:00:00+00:00,1.34557,1.34571,1.34297,1.34349,20848
1780592400,2026-06-04 17:00:00+00:00,1.34349,1.3436,1.34201,1.34237,8424
1780606800,2026-06-04 21:00:00+00:00,1.34216,1.34279,1.34172,1.34234,9742
1780621200,2026-06-05 01:00:00+00:00,1.34233,1.34314,1.34157,1.34291,9906
1780635600,2026-06-05 05:00:00+00:00,1.34291,1.34577,1.34237,1.34551,13153
1780650000,2026-06-05 09:00:00+00:00,1.34551,1.34829,1.34039,1.34042,18893
1780664400,2026-06-05 13:00:00+00:00,1.34042,1.34219,1.33404,1.33556,35386
1780678800,2026-06-05 17:00:00+00:00,1.33556,1.33566,1.3329900000000001,1.33407,20492
1780866000,2026-06-07 21:00:00+00:00,1.33186,1.3348900000000001,1.33164,1.3348900000000001,9320
1780880400,2026-06-08 01:00:00+00:00,1.3348900000000001,1.33502,1.33183,1.3339400000000001,15711
1780894800,2026-06-08 05:00:00+00:00,1.3339400000000001,1.3348499999999999,1.33197,1.3321,22789
1780909200,2026-06-08 09:00:00+00:00,1.3321,1.33694,1.33056,1.33503,23844
1780923600,2026-06-08 13:00:00+00:00,1.33503,1.33649,1.33351,1.33429,29894
1780938000,2026-06-08 17:00:00+00:00,1.33429,1.33521,1.33368,1.33384,15485
1780952400,2026-06-08 21:00:00+00:00,1.3336999999999999,1.33447,1.33307,1.3336000000000001,7753
1780966800,2026-06-09 01:00:00+00:00,1.33361,1.33628,1.33353,1.33601,10761
1780981200,2026-06-09 05:00:00+00:00,1.33601,1.33825,1.33556,1.3379699999999999,16855
1780995600,2026-06-09 09:00:00+00:00,1.33798,1.34074,1.33788,1.3403399999999999,13887
1781010000,2026-06-09 13:00:00+00:00,1.34036,1.34107,1.33582,1.33713,36196
1781024400,2026-06-09 17:00:00+00:00,1.33713,1.33905,1.3370600000000001,1.33788,21068
1781038800,2026-06-09 21:00:00+00:00,1.3371,1.33803,1.3364099999999999,1.33785,11321
1781053200,2026-06-10 01:00:00+00:00,1.33785,1.33906,1.33721,1.33819,13811
1781067600,2026-06-10 05:00:00+00:00,1.33819,1.33968,1.33796,1.33859,16769
1781082000,2026-06-10 09:00:00+00:00,1.33859,1.34084,1.33757,1.3388900000000001,24357
1781096400,2026-06-10 13:00:00+00:00,1.3388900000000001,1.3423,1.3371,1.33891,37153
1781110800,2026-06-10 17:00:00+00:00,1.33891,1.33962,1.33667,1.33674,19785
1781125200,2026-06-10 21:00:00+00:00,1.33666,1.33719,1.3349199999999999,1.33704,17695
1781139600,2026-06-11 01:00:00+00:00,1.33704,1.33917,1.33696,1.33832,13130
1781154000,2026-06-11 05:00:00+00:00,1.33832,1.33914,1.33608,1.33633,14704
1781168400,2026-06-11 09:00:00+00:00,1.33633,1.33692,1.33401,1.3361,19599
1781182800,2026-06-11 13:00:00+00:00,1.33609,1.33622,1.33242,1.3333,30209
1781197200,2026-06-11 17:00:00+00:00,1.3333,1.34332,1.33261,1.34155,33372
1781211600,2026-06-11 21:00:00+00:00,1.34144,1.3426,1.3391600000000001,1.34083,11589
1781226000,2026-06-12 01:00:00+00:00,1.34083,1.34177,1.33995,1.3411,16368
1781240400,2026-06-12 05:00:00+00:00,1.3411,1.34191,1.33832,1.3413,23753
1781254800,2026-06-12 09:00:00+00:00,1.3413,1.34256,1.33893,1.33932,21879
1781269200,2026-06-12 13:00:00+00:00,1.33932,1.34242,1.33901,1.34154,120191
1781283600,2026-06-12 17:00:00+00:00,1.34154,1.3422,1.3401399999999999,1.34076,71307
1781470800,2026-06-14 21:00:00+00:00,1.33957,1.34612,1.33957,1.3444,36471
1781485200,2026-06-15 01:00:00+00:00,1.3444,1.34511,1.34328,1.3450199999999999,40849
1781499600,2026-06-15 05:00:00+00:00,1.3450199999999999,1.34604,1.34184,1.3422,61304
1781514000,2026-06-15 09:00:00+00:00,1.34228,1.3434300000000001,1.3417,1.34299,51153
1781528400,2026-06-15 13:00:00+00:00,1.34299,1.34446,1.3424,1.34294,74065
1781542800,2026-06-15 17:00:00+00:00,1.34294,1.3431600000000001,1.34062,1.34128,49040
1781557200,2026-06-15 21:00:00+00:00,1.34128,1.34192,1.34044,1.34137,24514
1781571600,2026-06-16 01:00:00+00:00,1.34137,1.34181,1.3390900000000001,1.33972,37930
1781586000,2026-06-16 05:00:00+00:00,1.33972,1.34243,1.33905,1.34243,57685
1781600400,2026-06-16 09:00:00+00:00,1.34243,1.34317,1.34076,1.34158,57655
1781614800,2026-06-16 13:00:00+00:00,1.34158,1.34433,1.3403100000000001,1.34293,93903
1781629200,2026-06-16 17:00:00+00:00,1.34293,1.34331,1.34216,1.3425799999999999,45896
1781643600,2026-06-16 21:00:00+00:00,1.34256,1.34338,1.34207,1.34308,36696
1781658000,2026-06-17 01:00:00+00:00,1.34308,1.34337,1.34247,1.3431,25157
1781672400,2026-06-17 05:00:00+00:00,1.3431,1.34375,1.34082,1.34172,61269
1781686800,2026-06-17 09:00:00+00:00,1.34172,1.34199,1.33994,1.34152,61625
1781701200,2026-06-17 13:00:00+00:00,1.34151,1.34186,1.3384800000000001,1.33965,70686
1781715600,2026-06-17 17:00:00+00:00,1.33965,1.34036,1.32621,1.32926,131435
1781730000,2026-06-17 21:00:00+00:00,1.3288,1.33181,1.32778,1.33066,35976
1781744400,2026-06-18 01:00:00+00:00,1.3306499999999999,1.33199,1.33061,1.3314300000000001,47185
1781758800,2026-06-18 05:00:00+00:00,1.3314300000000001,1.33251,1.32412,1.32453,73747
1781773200,2026-06-18 09:00:00+00:00,1.32453,1.32501,1.32051,1.32333,77203
1781787600,2026-06-18 13:00:00+00:00,1.32333,1.3253599999999999,1.3211,1.32213,106062
1781802000,2026-06-18 17:00:00+00:00,1.32213,1.32303,1.31928,1.32043,65760
1781816400,2026-06-18 21:00:00+00:00,1.31981,1.32142,1.31978,1.32091,21140
1781830800,2026-06-19 01:00:00+00:00,1.32091,1.3210899999999999,1.3168199999999999,1.31699,40667
1781845200,2026-06-19 05:00:00+00:00,1.31699,1.3233,1.31631,1.32327,59675
1781859600,2026-06-19 09:00:00+00:00,1.32327,1.32408,1.3223,1.3235299999999999,67566
1781874000,2026-06-19 13:00:00+00:00,1.3235299999999999,1.32366,1.32137,1.32285,55077
1781888400,2026-06-19 17:00:00+00:00,1.32285,1.3238400000000001,1.32202,1.32352,29171
1782075600,2026-06-21 21:00:00+00:00,1.3181,1.32224,1.31808,1.32221,20517
1782090000,2026-06-22 01:00:00+00:00,1.32221,1.32339,1.32038,1.32073,39772
1782104400,2026-06-22 05:00:00+00:00,1.32073,1.3221,1.31836,1.32057,63981
1782118800,2026-06-22 09:00:00+00:00,1.32056,1.32733,1.32053,1.32613,67813
1782133200,2026-06-22 13:00:00+00:00,1.32616,1.32676,1.32378,1.32446,101170
1782147600,2026-06-22 17:00:00+00:00,1.32446,1.3252,1.32403,1.32483,43155
1782162000,2026-06-22 21:00:00+00:00,1.32483,1.3258,1.32392,1.32453,22172
1782176400,2026-06-23 01:00:00+00:00,1.32453,1.32498,1.32342,1.32369,45895
1782190800,2026-06-23 05:00:00+00:00,1.32369,1.32498,1.32125,1.32205,72424
1782205200,2026-06-23 09:00:00+00:00,1.32205,1.3231600000000001,1.32068,1.32117,70135
1782219600,2026-06-23 13:00:00+00:00,1.32117,1.32222,1.3185,1.31869,89866
1782234000,2026-06-23 17:00:00+00:00,1.31869,1.32039,1.31822,1.3203,39011
1782248400,2026-06-23 21:00:00+00:00,1.32025,1.32043,1.31869,1.31992,25876
1782262800,2026-06-24 01:00:00+00:00,1.3199100000000001,1.3204799999999999,1.31871,1.31931,48532
1782277200,2026-06-24 05:00:00+00:00,1.31931,1.32092,1.31714,1.3193,73071
1782291600,2026-06-24 09:00:00+00:00,1.31929,1.31958,1.31419,1.31503,74892
1782306000,2026-06-24 13:00:00+00:00,1.31503,1.31791,1.3140100000000001,1.31707,97823
1782320400,2026-06-24 17:00:00+00:00,1.31707,1.31724,1.31536,1.31673,71015
1782334800,2026-06-24 21:00:00+00:00,1.3166,1.31718,1.31582,1.31632,29423
1782349200,2026-06-25 01:00:00+00:00,1.31632,1.31856,1.31626,1.31822,60651
1782363600,2026-06-25 05:00:00+00:00,1.31822,1.31969,1.31676,1.31905,63216
1782378000,2026-06-25 09:00:00+00:00,1.31905,1.31976,1.31513,1.31764,70342
1782392400,2026-06-25 13:00:00+00:00,1.31764,1.32193,1.31735,1.32056,119434
1782406800,2026-06-25 17:00:00+00:00,1.32056,1.32066,1.31898,1.31901,66308
1782421200,2026-06-25 21:00:00+00:00,1.319,1.3205,1.31846,1.3193,36497
1782435600,2026-06-26 01:00:00+00:00,1.3193,1.3202,1.31802,1.3201399999999999,61507
1782450000,2026-06-26 05:00:00+00:00,1.3201399999999999,1.32224,1.31908,1.32164,74834
1782464400,2026-06-26 09:00:00+00:00,1.32164,1.32287,1.32,1.32108,78625
1782478800,2026-06-26 13:00:00+00:00,1.3210899999999999,1.3232,1.31973,1.3206,92712
1782493200,2026-06-26 17:00:00+00:00,1.3206,1.32098,1.3192,1.31954,50349
1782680400,2026-06-28 21:00:00+00:00,1.31985,1.32062,1.31908,1.31989,28565
1782694800,2026-06-29 01:00:00+00:00,1.31989,1.32101,1.3195999999999999,1.31992,41379
1782709200,2026-06-29 05:00:00+00:00,1.31992,1.32282,1.3198699999999999,1.3207200000000001,53332
1782723600,2026-06-29 09:00:00+00:00,1.3207200000000001,1.32403,1.32062,1.32336,61657
1782738000,2026-06-29 13:00:00+00:00,1.32336,1.3259,1.32277,1.32544,89280
1782752400,2026-06-29 17:00:00+00:00,1.32544,1.32625,1.32507,1.32581,37483
1782766800,2026-06-29 21:00:00+00:00,1.32558,1.3262,1.32395,1.32452,24605
1782781200,2026-06-30 01:00:00+00:00,1.32452,1.3247900000000001,1.32287,1.32288,60023
1782795600,2026-06-30 05:00:00+00:00,1.3229,1.32473,1.32215,1.32303,67622
1782810000,2026-06-30 09:00:00+00:00,1.32302,1.324,1.32123,1.32153,63723
1782824400,2026-06-30 13:00:00+00:00,1.32153,1.32768,1.32134,1.3250899999999999,92071
1782838800,2026-06-30 17:00:00+00:00,1.3250899999999999,1.3266,1.32501,1.32599,50239
1782853200,2026-06-30 21:00:00+00:00,1.32598,1.32646,1.3244,1.32456,19451
1782867600,2026-07-01 01:00:00+00:00,1.32458,1.32461,1.32317,1.32415,53758
1782882000,2026-07-01 05:00:00+00:00,1.32415,1.32531,1.32288,1.32468,64159
1782896400,2026-07-01 09:00:00+00:00,1.32467,1.32572,1.32339,1.32373,72672
1782910800,2026-07-01 13:00:00+00:00,1.32373,1.32921,1.3219,1.32813,126630
1782925200,2026-07-01 17:00:00+00:00,1.32813,1.32858,1.32688,1.3274,51422
1782939600,2026-07-01 21:00:00+00:00,1.32731,1.32837,1.3265,1.32781,24081
1782954000,2026-07-02 01:00:00+00:00,1.32781,1.3295,1.32771,1.32892,51453
1782968400,2026-07-02 05:00:00+00:00,1.32893,1.33632,1.32862,1.33572,94002
1782982800,2026-07-02 09:00:00+00:00,1.33572,1.3383,1.32971,1.33646,98442
1782997200,2026-07-02 13:00:00+00:00,1.33646,1.3384800000000001,1.3349,1.33531,158069
1783011600,2026-07-02 17:00:00+00:00,1.3353,1.3354,1.33379,1.3346,78685
1783026000,2026-07-02 21:00:00+00:00,1.33446,1.33499,1.33346,1.33479,25900
1783040400,2026-07-03 01:00:00+00:00,1.33479,1.3366500000000001,1.33466,1.33652,50023
1783054800,2026-07-03 05:00:00+00:00,1.33652,1.33813,1.33571,1.33602,65260
1783069200,2026-07-03 09:00:00+00:00,1.33602,1.3364099999999999,1.3349,1.33559,50925
1783083600,2026-07-03 13:00:00+00:00,1.33559,1.33588,1.33459,1.33549,43743
1783098000,2026-07-03 17:00:00+00:00,1.33549,1.33583,1.33462,1.33464,50153
1783285200,2026-07-05 21:00:00+00:00,1.33386,1.33589,1.33386,1.33529,33498
1783299600,2026-07-06 01:00:00+00:00,1.33529,1.3354300000000001,1.33392,1.33429,51673
1783314000,2026-07-06 05:00:00+00:00,1.33429,1.33504,1.33285,1.33378,69410
1783328400,2026-07-06 09:00:00+00:00,1.33377,1.33517,1.33312,1.33423,68808
1783342800,2026-07-06 13:00:00+00:00,1.33423,1.33768,1.33411,1.33758,82883
1783357200,2026-07-06 17:00:00+00:00,1.33758,1.33972,1.33749,1.33897,44085
1783371600,2026-07-06 21:00:00+00:00,1.33888,1.34015,1.33782,1.3388,25473
1783386000,2026-07-07 01:00:00+00:00,1.3388,1.3402,1.33878,1.3389199999999999,57195
1783400400,2026-07-07 05:00:00+00:00,1.33891,1.3394,1.3375,1.33914,72780
1783414800,2026-07-07 09:00:00+00:00,1.3391600000000001,1.3394300000000001,1.33693,1.33856,68345
1783429200,2026-07-07 13:00:00+00:00,1.33854,1.3387,1.3360699999999999,1.33713,91231
1783443600,2026-07-07 17:00:00+00:00,1.33713,1.3376299999999999,1.33488,1.33586,58179
1783458000,2026-07-07 21:00:00+00:00,1.33583,1.33612,1.3343,1.33526,30898
1783472400,2026-07-08 01:00:00+00:00,1.33526,1.33591,1.33422,1.33537,74829
1783486800,2026-07-08 05:00:00+00:00,1.33537,1.33704,1.33374,1.3339699999999999,106197
1783501200,2026-07-08 09:00:00+00:00,1.33396,1.3357299999999999,1.33221,1.3341,110944
1783515600,2026-07-08 13:00:00+00:00,1.33409,1.33861,1.33405,1.33847,129910
1783530000,2026-07-08 17:00:00+00:00,1.3384800000000001,1.34105,1.33847,1.3389,80923
1783544400,2026-07-08 21:00:00+00:00,1.33863,1.3404099999999999,1.3382,1.33979,24630
1783558800,2026-07-09 01:00:00+00:00,1.33979,1.34008,1.33867,1.33989,49833
1783573200,2026-07-09 05:00:00+00:00,1.33989,1.3431,1.33986,1.34125,71792
1783587600,2026-07-09 09:00:00+00:00,1.34125,1.34158,1.33807,1.33843,63708
1783602000,2026-07-09 13:00:00+00:00,1.33843,1.34121,1.33843,1.34097,81898
1783616400,2026-07-09 17:00:00+00:00,1.34097,1.3419400000000001,1.34046,1.34082,43037
1783630800,2026-07-09 21:00:00+00:00,1.3406799999999999,1.34252,1.33989,1.34225,27636
1783645200,2026-07-10 01:00:00+00:00,1.3422399999999999,1.34519,1.3419699999999999,1.34305,66862
1783659600,2026-07-10 05:00:00+00:00,1.34305,1.34361,1.34085,1.34098,78403
1783674000,2026-07-10 09:00:00+00:00,1.34098,1.34376,1.3409,1.34211,83404
1783688400,2026-07-10 13:00:00+00:00,1.34211,1.34233,1.33921,1.3411,105086
1783702800,2026-07-10 17:00:00+00:00,1.34109,1.3413,1.33926,1.34,62000
1783890000,2026-07-12 21:00:00+00:00,1.3385,1.33906,1.33691,1.33762,50510
1783904400,2026-07-13 01:00:00+00:00,1.33762,1.3385099999999999,1.33666,1.33839,88166
1783918800,2026-07-13 05:00:00+00:00,1.3384,1.34117,1.33743,1.3394300000000001,101304
1783933200,2026-07-13 09:00:00+00:00,1.3394300000000001,1.34026,1.33816,1.33992,89762
1783947600,2026-07-13 13:00:00+00:00,1.3399,1.34023,1.33576,1.3363,125284
1783962000,2026-07-13 17:00:00+00:00,1.3363,1.33666,1.3342399999999999,1.33456,76200
1783976400,2026-07-13 21:00:00+00:00,1.33461,1.33635,1.33423,1.33515,46152
1783990800,2026-07-14 01:00:00+00:00,1.33515,1.33642,1.33506,1.33591,84371
1784005200,2026-07-14 05:00:00+00:00,1.3359,1.3376700000000001,1.33513,1.33748,91962
1784019600,2026-07-14 09:00:00+00:00,1.33748,1.34439,1.33661,1.3409200000000001,100127
1784034000,2026-07-14 13:00:00+00:00,1.3409200000000001,1.34233,1.33756,1.3388900000000001,133794
1784048400,2026-07-14 17:00:00+00:00,1.33888,1.33924,1.3368,1.33906,70363
1784062800,2026-07-14 21:00:00+00:00,1.33897,1.3404099999999999,1.33812,1.3403100000000001,32304
1784077200,2026-07-15 01:00:00+00:00,1.3403100000000001,1.34094,1.33984,1.34025,57899
1784091600,2026-07-15 05:00:00+00:00,1.34025,1.34202,1.3390900000000001,1.3396,70035
1784106000,2026-07-15 09:00:00+00:00,1.3396,1.34304,1.33807,1.3428499999999999,74076
1784120400,2026-07-15 13:00:00+00:00,1.3428499999999999,1.35284,1.34218,1.35264,108325
1784134800,2026-07-15 17:00:00+00:00,1.35263,1.35582,1.35259,1.3538299999999999,74895
1784149200,2026-07-15 21:00:00+00:00,1.3538299999999999,1.3544399999999999,1.35273,1.35338,32386
1784163600,2026-07-16 01:00:00+00:00,1.35338,1.35381,1.3519700000000001,1.35324,60094
1784178000,2026-07-16 05:00:00+00:00,1.35325,1.35426,1.35188,1.35209,76507
1784192400,2026-07-16 09:00:00+00:00,1.35209,1.35214,1.34933,1.34976,78310
1784206800,2026-07-16 13:00:00+00:00,1.34975,1.35174,1.34652,1.3466,105373
1784221200,2026-07-16 17:00:00+00:00,1.34659,1.34806,1.34596,1.34786,61008
1784235600,2026-07-16 21:00:00+00:00,1.34764,1.3484,1.3469,1.3477299999999999,29209
1784250000,2026-07-17 01:00:00+00:00,1.3477299999999999,1.3479999999999999,1.3457,1.3458999999999999,68053
1784264400,2026-07-17 05:00:00+00:00,1.3458999999999999,1.34808,1.34419,1.3443100000000001,82157
1784278800,2026-07-17 09:00:00+00:00,1.3443100000000001,1.3446799999999999,1.34261,1.34317,80783
1784293200,2026-07-17 13:00:00+00:00,1.34317,1.34559,1.34281,1.34558,113399
1784307600,2026-07-17 17:00:00+00:00,1.34559,1.34601,1.34503,1.34513,64716
1784494800,2026-07-19 21:00:00+00:00,1.34426,1.34593,1.34383,1.34507,36989
1784509200,2026-07-20 01:00:00+00:00,1.34508,1.3468,1.34486,1.34664,54582
1784523600,2026-07-20 05:00:00+00:00,1.34664,1.34813,1.34576,1.34698,63867
1784538000,2026-07-20 09:00:00+00:00,1.34697,1.34785,1.34485,1.34547,68494
1784552400,2026-07-20 13:00:00+00:00,1.34547,1.3458999999999999,1.34122,1.34203,76610
1784566800,2026-07-20 17:00:00+00:00,1.34203,1.34396,1.3418700000000001,1.34303,49602
1784581200,2026-07-20 21:00:00+00:00,1.34289,1.34355,1.34214,1.34314,24359
1784595600,2026-07-21 01:00:00+00:00,1.34313,1.34409,1.34294,1.3440400000000001,55813
1784610000,2026-07-21 05:00:00+00:00,1.3440400000000001,1.34557,1.34275,1.34288,63851
1784624400,2026-07-21 09:00:00+00:00,1.34288,1.3434,1.33819,1.3389,55397
1784638800,2026-07-21 13:00:00+00:00,1.3389,1.33994,1.33596,1.3382399999999999,80207
1784653200,2026-07-21 17:00:00+00:00,1.3382399999999999,1.33875,1.33737,1.33744,40552
1784667600,2026-07-21 21:00:00+00:00,1.33734,1.33873,1.33661,1.33852,27603
1784682000,2026-07-22 01:00:00+00:00,1.33852,1.33901,1.3379400000000001,1.33838,48053
1784696400,2026-07-22 05:00:00+00:00,1.33838,1.33952,1.33692,1.33738,69244
1784710800,2026-07-22 09:00:00+00:00,1.33738,1.3375,1.33548,1.3359,64757
1784725200,2026-07-22 13:00:00+00:00,1.3359,1.33911,1.3359,1.3373,74097
1784739600,2026-07-22 17:00:00+00:00,1.3373,1.33772,1.33686,1.33744,39983
1784754000,2026-07-22 21:00:00+00:00,1.33744,1.33819,1.3367200000000001,1.33812,25206
1784768400,2026-07-23 01:00:00+00:00,1.33812,1.33934,1.338,1.33869,66180
1784782800,2026-07-23 05:00:00+00:00,1.33869,1.3391199999999999,1.33609,1.33687,69613
1784797200,2026-07-23 09:00:00+00:00,1.33686,1.33776,1.33349,1.33425,74977
1784811600,2026-07-23 13:00:00+00:00,1.33425,1.33449,1.32987,1.33239,112949
1784826000,2026-07-23 17:00:00+00:00,1.33239,1.3324799999999999,1.33115,1.33137,56298
1784840400,2026-07-23 21:00:00+00:00,1.33115,1.3324799999999999,1.33027,1.3324799999999999,26228
1784854800,2026-07-24 01:00:00+00:00,1.3324799999999999,1.3326799999999999,1.33064,1.33103,46649
1784869200,2026-07-24 05:00:00+00:00,1.33103,1.33444,1.3308200000000001,1.33212,58412
1784883600,2026-07-24 09:00:00+00:00,1.33212,1.33287,1.3305799999999999,1.33104,57089
1784898000,2026-07-24 13:00:00+00:00,1.33103,1.3348900000000001,1.3305799999999999,1.33325,79067
1784912400,2026-07-24 17:00:00+00:00,1.33325,1.3333,1.33167,1.3324,41732
1785099600,2026-07-26 21:00:00+00:00,1.33137,1.33632,1.33137,1.3351,32999
1785114000,2026-07-27 01:00:00+00:00,1.3351199999999999,1.33637,1.335,1.33509,46523
1785128400,2026-07-27 05:00:00+00:00,1.33509,1.3361,1.3330600000000001,1.33378,61273
1785142800,2026-07-27 09:00:00+00:00,1.33378,1.33411,1.33043,1.33137,59641
1785157200,2026-07-27 13:00:00+00:00,1.33137,1.33212,1.32991,1.3303099999999999,83647
1785171600,2026-07-27 17:00:00+00:00,1.3303099999999999,1.33036,1.32842,1.32878,40778
1785186000,2026-07-27 21:00:00+00:00,1.3287200000000001,1.3305,1.32857,1.32932,24097
1785200400,2026-07-28 01:00:00+00:00,1.32932,1.33044,1.32897,1.32943,44318
1785214800,2026-07-28 05:00:00+00:00,1.32943,1.33054,1.32857,1.33027,52400
1785229200,2026-07-28 09:00:00+00:00,1.33027,1.33033,1.32735,1.32981,50234
1785243600,2026-07-28 13:00:00+00:00,1.32981,1.33112,1.32855,1.33012,74519
1785258000,2026-07-28 17:00:00+00:00,1.33012,1.33059,1.32863,1.3288,41640
1785272400,2026-07-28 21:00:00+00:00,1.3288,1.33006,1.3280699999999999,1.32924,29406
1785286800,2026-07-29 01:00:00+00:00,1.32925,1.33015,1.32817,1.32976,60664
1785301200,2026-07-29 05:00:00+00:00,1.32976,1.3309,1.32947,1.3306,54527
1785315600,2026-07-29 09:00:00+00:00,1.3306,1.3306,1.3278699999999999,1.32839,54551
1785330000,2026-07-29 13:00:00+00:00,1.32839,1.33045,1.32798,1.32888,74289
1785344400,2026-07-29 17:00:00+00:00,1.32888,1.33874,1.32878,1.33677,116149
1785358800,2026-07-29 21:00:00+00:00,1.33677,1.33758,1.3338,1.33552,41778
1785373200,2026-07-30 01:00:00+00:00,1.33552,1.33594,1.33417,1.33442,49692
1785387600,2026-07-30 05:00:00+00:00,1.33442,1.33623,1.3332899999999999,1.33558,69715
1785402000,2026-07-30 09:00:00+00:00,1.33558,1.34071,1.33556,1.33713,87496
1785416400,2026-07-30 13:00:00+00:00,1.33713,1.34706,1.3367200000000001,1.34647,147218
1785430800,2026-07-30 17:00:00+00:00,1.34647,1.34768,1.34544,1.34652,60866
1785445200,2026-07-30 21:00:00+00:00,1.34642,1.34713,1.3453,1.34584,32341
1785459600,2026-07-31 01:00:00+00:00,1.34584,1.34627,1.3442,1.34459,61306
1785474000,2026-07-31 05:00:00+00:00,1.34458,1.34644,1.34353,1.34595,81000
1785488400,2026-07-31 09:00:00+00:00,1.34595,1.34681,1.34142,1.34206,75322
1785502800,2026-07-31 13:00:00+00:00,1.34207,1.34728,1.34003,1.34647,117751
1785517200,2026-07-31 17:00:00+00:00,1.34647,1.34952,1.34645,1.34799,88011
1785704400,2026-08-02 21:00:00+00:00,1.34911,1.35064,1.3483,1.34875,56824
1785718800,2026-08-03 01:00:00+00:00,1.34875,1.34917,1.34639,1.34723,72218
1785733200,2026-08-03 05:00:00+00:00,1.34723,1.34779,1.34531,1.34547,66915
1785747600,2026-08-03 09:00:00+00:00,1.34546,1.34715,1.34481,1.34643,67613
1785762000,2026-08-03 13:00:00+00:00,1.34643,1.34673,1.34226,1.34254,88498
1785776400,2026-08-03 17:00:00+00:00,1.34254,1.3434599999999999,1.34176,1.34322,49329
1785790800,2026-08-03 21:00:00+00:00,1.3426,1.3433,1.34216,1.34244,28555
1785805200,2026-08-04 01:00:00+00:00,1.34244,1.34331,1.34202,1.34262,59139
1785819600,2026-08-04 05:00:00+00:00,1.34262,1.34425,1.34195,1.34421,68240
1785834000,2026-08-04 09:00:00+00:00,1.34421,1.34549,1.34361,1.34427,69567
1785848400,2026-08-04 13:00:00+00:00,1.34427,1.3456299999999999,1.3437700000000001,1.34464,84961
1785862800,2026-08-04 17:00:00+00:00,1.34464,1.34547,1.34396,1.34518,52625
1785877200,2026-08-04 21:00:00+00:00,1.34505,1.34564,1.34409,1.34507,25789
1785891600,2026-08-05 01:00:00+00:00,1.34507,1.346,1.3444,1.34548,53916
1785906000,2026-08-05 05:00:00+00:00,1.34548,1.34706,1.34509,1.34566,68030
1785920400,2026-08-05 09:00:00+00:00,1.34566,1.3484099999999999,1.34548,1.34698,61330
1785934800,2026-08-05 13:00:00+00:00,1.34698,1.34862,1.34569,1.34599,94924
1785949200,2026-08-05 17:00:00+00:00,1.34599,1.34734,1.34552,1.3467500000000001,41284
1785963600,2026-08-05 21:00:00+00:00,1.34667,1.34715,1.3458999999999999,1.34668,28666
1785978000,2026-08-06 01:00:00+00:00,1.34668,1.34726,1.34581,1.34602,59362
1785992400,2026-08-06 05:00:00+00:00,1.34602,1.34659,1.34546,1.34642,63385
1786006800,2026-08-06 09:00:00+00:00,1.34642,1.3472,1.34521,1.34694,63843
1786021200,2026-08-06 13:00:00+00:00,1.34694,1.34795,1.34494,1.3456000000000001,94624
1786035600,2026-08-06 17:00:00+00:00,1.3456000000000001,1.3459400000000001,1.34484,1.34536,50629
1786050000,2026-08-06 21:00:00+00:00,1.34535,1.34631,1.34454,1.34498,24400
1786064400,2026-08-07 01:00:00+00:00,1.34498,1.34567,1.34485,1.34536,44665
1786078800,2026-08-07 05:00:00+00:00,1.34536,1.34582,1.34428,1.34428,53647
1786093200,2026-08-07 09:00:00+00:00,1.34429,1.3507,1.34341,1.35029,62984
1786107600,2026-08-07 13:00:00+00:00,1.35029,1.3509,1.34828,1.34964,98062
1786122000,2026-08-07 17:00:00+00:00,1.34964,1.35038,1.34893,1.34896,55823
1786309200,2026-08-09 21:00:00+00:00,1.3490199999999999,1.35001,1.34866,1.34906,31933
1786323600,2026-08-10 01:00:00+00:00,1.34904,1.3491900000000001,1.34832,1.34885,44661
1786338000,2026-08-10 05:00:00+00:00,1.34885,1.35056,1.34873,1.35034,56494
1786352400,2026-08-10 09:00:00+00:00,1.35034,1.35068,1.3490199999999999,1.34949,53384
1786366800,2026-08-10 13:00:00+00:00,1.34948,1.35308,1.34947,1.35138,75344
1786381200,2026-08-10 17:00:00+00:00,1.35138,1.35149,1.35053,1.35067,36753
1786395600,2026-08-10 21:00:00+00:00,1.35064,1.35154,1.3498999999999999,1.35111,23142
1786410000,2026-08-11 01:00:00+00:00,1.35111,1.35153,1.35026,1.35117,44508
1786424400,2026-08-11 05:00:00+00:00,1.35117,1.35159,1.34944,1.35041,59311
1786438800,2026-08-11 09:00:00+00:00,1.35043,1.35065,1.34921,1.34992,63619
1786453200,2026-08-11 13:00:00+00:00,1.34992,1.35159,1.34968,1.35059,69598
1786467600,2026-08-11 17:00:00+00:00,1.35059,1.35093,1.34964,1.35073,32582
1786482000,2026-08-11 21:00:00+00:00,1.3505099999999999,1.3511600000000001,1.3501400000000001,1.3507799999999999,21984
1786496400,2026-08-12 01:00:00+00:00,1.3507799999999999,1.35093,1.35016,1.35073,38241
1786510800,2026-08-12 05:00:00+00:00,1.35073,1.35126,1.3502399999999999,1.3510900000000001,40286
1786525200,2026-08-12 09:00:00+00:00,1.3510900000000001,1.35453,1.35074,1.35376,63578
1786539600,2026-08-12 13:00:00+00:00,1.35376,1.35412,1.34945,1.34971,79273
1786554000,2026-08-12 17:00:00+00:00,1.34971,1.3501699999999999,1.34876,1.34944,32301
1786568400,2026-08-12 21:00:00+00:00,1.34944,1.35009,1.34886,1.34978,18729
1786582800,2026-08-13 01:00:00+00:00,1.34978,1.34997,1.34867,1.34954,38975
1786597200,2026-08-13 05:00:00+00:00,1.34954,1.34993,1.34742,1.34785,47003
1786611600,2026-08-13 09:00:00+00:00,1.34785,1.351,1.34752,1.35088,41813
1786626000,2026-08-13 13:00:00+00:00,1.35088,1.35132,1.34828,1.3485800000000001,67856
1786640400,2026-08-13 17:00:00+00:00,1.3485800000000001,1.34893,1.34795,1.34854,33363
1786654800,2026-08-13 21:00:00+00:00,1.34854,1.3498299999999999,1.34767,1.34975,24561
1786669200,2026-08-14 01:00:00+00:00,1.34975,1.35002,1.34886,1.34974,41320
1786683600,2026-08-14 05:00:00+00:00,1.34974,1.35272,1.34969,1.35228,46828
1786698000,2026-08-14 09:00:00+00:00,1.35228,1.3551199999999999,1.35195,1.35382,42570
1786712400,2026-08-14 13:00:00+00:00,1.35382,1.35618,1.35341,1.35394,64991
1786726800,2026-08-14 17:00:00+00:00,1.35394,1.35395,1.35272,1.3534,31664
1786914000,2026-08-16 21:00:00+00:00,1.35262,1.35561,1.3524,1.35552,16802
1786928400,2026-08-17 01:00:00+00:00,1.35552,1.35567,1.35467,1.35513,31266
1786942800,2026-08-17 05:00:00+00:00,1.35513,1.35712,1.35491,1.35538,44560
1786957200,2026-08-17 09:00:00+00:00,1.35537,1.35652,1.35514,1.35606,38157
1786971600,2026-08-17 13:00:00+00:00,1.35606,1.3568799999999999,1.3550200000000001,1.35587,51417
1786986000,2026-08-17 17:00:00+00:00,1.35587,1.3559999999999999,1.35357,1.35431,29705
1787000400,2026-08-17 21:00:00+00:00,1.35435,1.35542,1.3538299999999999,1.35503,16660
1787014800,2026-08-18 01:00:00+00:00,1.35503,1.3553600000000001,1.3531,1.35352,31677
1787029200,2026-08-18 05:00:00+00:00,1.35352,1.35431,1.35195,1.35321,40734
1787043600,2026-08-18 09:00:00+00:00,1.3531900000000001,1.35342,1.35196,1.35314,35734
1787058000,2026-08-18 13:00:00+00:00,1.35314,1.35511,1.35282,1.35405,59199
1787072400,2026-08-18 17:00:00+00:00,1.35406,1.3541400000000001,1.35286,1.35315,26313
1787086800,2026-08-18 21:00:00+00:00,1.3531900000000001,1.35416,1.35256,1.3529,21148
1787101200,2026-08-19 01:00:00+00:00,1.3529,1.35437,1.3523399999999999,1.35418,41543
1787115600,2026-08-19 05:00:00+00:00,1.35418,1.3566099999999999,1.35395,1.35532,44929
1787130000,2026-08-19 09:00:00+00:00,1.35532,1.36032,1.3547500000000001,1.35949,47652
1787144400,2026-08-19 13:00:00+00:00,1.35948,1.3630499999999999,1.35948,1.36102,95494
1787158800,2026-08-19 17:00:00+00:00,1.36102,1.36159,1.35897,1.36053,48478
1787173200,2026-08-19 21:00:00+00:00,1.36053,1.36135,1.35976,1.35995,24369
1787187600,2026-08-20 01:00:00+00:00,1.35995,1.36166,1.35947,1.36072,48295
1787202000,2026-08-20 05:00:00+00:00,1.36073,1.36374,1.35999,1.36354,58760
1787216400,2026-08-20 09:00:00+00:00,1.36355,1.36595,1.36204,1.36422,56186
1787230800,2026-08-20 13:00:00+00:00,1.36423,1.36528,1.36237,1.36306,80624
1787245200,2026-08-20 17:00:00+00:00,1.36306,1.3633,1.36206,1.363,32709
1787259600,2026-08-20 21:00:00+00:00,1.363,1.36467,1.36226,1.36378,19310
1787274000,2026-08-21 01:00:00+00:00,1.36378,1.36555,1.36367,1.3643399999999999,35356
1787288400,2026-08-21 05:00:00+00:00,1.3643399999999999,1.36654,1.36354,1.36646,47229
1787302800,2026-08-21 09:00:00+00:00,1.36646,1.36757,1.36351,1.36433,48462
1787317200,2026-08-21 13:00:00+00:00,1.36433,1.36472,1.3618299999999999,1.36422,66192
1787331600,2026-08-21 17:00:00+00:00,1.36422,1.36538,1.36396,1.36399,30282
1787518800,2026-08-23 21:00:00+00:00,1.36185,1.36559,1.36185,1.36547,23777
1787533200,2026-08-24 01:00:00+00:00,1.36548,1.36561,1.36412,1.36474,50572
1787547600,2026-08-24 05:00:00+00:00,1.36474,1.3649200000000001,1.36211,1.36215,52839
1787562000,2026-08-24 09:00:00+00:00,1.36215,1.36475,1.36215,1.36425,47495
1787576400,2026-08-24 13:00:00+00:00,1.36426,1.36498,1.36287,1.36347,64884
1787590800,2026-08-24 17:00:00+00:00,1.36347,1.36371,1.36247,1.36304,34229
1787605200,2026-08-24 21:00:00+00:00,1.36298,1.36407,1.36246,1.36394,18463
1787619600,2026-08-25 01:00:00+00:00,1.36395,1.36398,1.36238,1.36263,38014
1787634000,2026-08-25 05:00:00+00:00,1.36263,1.36445,1.36219,1.36414,42604
1787648400,2026-08-25 09:00:00+00:00,1.36414,1.36496,1.3626,1.36357,44013
1787662800,2026-08-25 13:00:00+00:00,1.36358,1.3653,1.36272,1.36349,59722
1787677200,2026-08-25 17:00:00+00:00,1.3635,1.36548,1.36335,1.36472,32335
1787691600,2026-08-25 21:00:00+00:00,1.36472,1.36518,1.36391,1.36452,21975
1787706000,2026-08-26 01:00:00+00:00,1.36452,1.36477,1.36319,1.36327,34677
1787720400,2026-08-26 05:00:00+00:00,1.36327,1.36407,1.36249,1.36286,38717
1787734800,2026-08-26 09:00:00+00:00,1.36286,1.36356,1.36066,1.3607,41405
1787749200,2026-08-26 13:00:00+00:00,1.3607,1.3609,1.35831,1.3590499999999999,71985
1787763600,2026-08-26 17:00:00+00:00,1.3590499999999999,1.35984,1.35886,1.35964,32254
1787778000,2026-08-26 21:00:00+00:00,1.35921,1.35985,1.35861,1.35923,31870
1787792400,2026-08-27 01:00:00+00:00,1.35923,1.3595,1.35867,1.3587799999999999,32706
1787806800,2026-08-27 05:00:00+00:00,1.35877,1.35968,1.35797,1.35801,41970
1787821200,2026-08-27 09:00:00+00:00,1.35801,1.35838,1.35707,1.35745,55797
1787835600,2026-08-27 13:00:00+00:00,1.35745,1.3602699999999999,1.35734,1.35935,70905
1787850000,2026-08-27 17:00:00+00:00,1.35935,1.35969,1.35832,1.35926,27627
1787864400,2026-08-27 21:00:00+00:00,1.3590900000000001,1.35985,1.35811,1.3596,16265
1787878800,2026-08-28 01:00:00+00:00,1.3596,1.35981,1.35876,1.35886,27809
1787893200,2026-08-28 05:00:00+00:00,1.35886,1.35949,1.35805,1.3587500000000001,39639
1787907600,2026-08-28 09:00:00+00:00,1.3587500000000001,1.3592,1.35737,1.3584,42895
1787922000,2026-08-28 13:00:00+00:00,1.3584100000000001,1.35987,1.35294,1.35371,109417
1787936400,2026-08-28 17:00:00+00:00,1.35371,1.35405,1.3526799999999999,1.35339,39619
1788123600,2026-08-30 21:00:00+00:00,1.3531,1.35472,1.35296,1.35452,20747
1788138000,2026-08-31 01:00:00+00:00,1.35452,1.35473,1.3537,1.3544800000000001,35402
1788152400,2026-08-31 05:00:00+00:00,1.3544800000000001,1.35558,1.35367,1.35402,38165
1788166800,2026-08-31 09:00:00+00:00,1.35402,1.35468,1.3535599999999999,1.35384,42067
1788181200,2026-08-31 13:00:00+00:00,1.3538299999999999,1.35654,1.35359,1.35486,58823
1788195600,2026-08-31 17:00:00+00:00,1.35487,1.35533,1.35461,1.35492,25941
1788210000,2026-08-31 21:00:00+00:00,1.35492,1.3559700000000001,1.35432,1.35527,21272
1788224400,2026-09-01 01:00:00+00:00,1.35527,1.35534,1.35382,1.35427,42720
1788238800,2026-09-01 05:00:00+00:00,1.35427,1.35497,1.35291,1.35413,50119
1788253200,2026-09-01 09:00:00+00:00,1.35415,1.3548499999999999,1.35291,1.35297,56181
1788267600,2026-09-01 13:00:00+00:00,1.35297,1.35523,1.3514300000000001,1.35147,66892
1788282000,2026-09-01 17:00:00+00:00,1.35147,1.35211,1.3506,1.35154,36562
1788296400,2026-09-01 21:00:00+00:00,1.35154,1.3519700000000001,1.35068,1.35069,18966
1788310800,2026-09-02 01:00:00+00:00,1.35068,1.35086,1.3496299999999999,1.34966,37042
1788325200,2026-09-02 05:00:00+00:00,1.34966,1.35148,1.34897,1.35009,49573
1788339600,2026-09-02 09:00:00+00:00,1.35009,1.3507,1.3474599999999999,1.3475,52100
1788354000,2026-09-02 13:00:00+00:00,1.34749,1.35137,1.34748,1.34942,82625
1788368400,2026-09-02 17:00:00+00:00,1.34942,1.3495599999999999,1.3483399999999999,1.34854,31679
1788382800,2026-09-02 21:00:00+00:00,1.34854,1.349,1.34782,1.34878,18826
1788397200,2026-09-03 01:00:00+00:00,1.34878,1.34986,1.34805,1.34936,47726
1788411600,2026-09-03 05:00:00+00:00,1.34936,1.35074,1.34833,1.34999,60829
1788426000,2026-09-03 09:00:00+00:00,1.34999,1.35219,1.34843,1.35183,68594
1788440400,2026-09-03 13:00:00+00:00,1.35183,1.3548200000000001,1.35004,1.35442,87637
1788454800,2026-09-03 17:00:00+00:00,1.35442,1.3547,1.35223,1.35248,39852
1788469200,2026-09-03 21:00:00+00:00,1.35245,1.35337,1.35195,1.35301,22564
1788483600,2026-09-04 01:00:00+00:00,1.35301,1.35377,1.35267,1.35318,39603
1788498000,2026-09-04 05:00:00+00:00,1.35318,1.35493,1.35296,1.35328,45685
1788512400,2026-09-04 09:00:00+00:00,1.35328,1.3538700000000001,1.3482,1.35039,69011
1788526800,2026-09-04 13:00:00+00:00,1.35038,1.35252,1.34949,1.35199,83550
1788541200,2026-09-04 17:00:00+00:00,1.35199,1.35218,1.35107,1.35154,34539
1788728400,2026-09-06 21:00:00+00:00,1.35084,1.35221,1.35084,1.35201,19874
1788742800,2026-09-07 01:00:00+00:00,1.35201,1.35206,1.35054,1.3512,26104
1788757200,2026-09-07 05:00:00+00:00,1.3512,1.3545099999999999,1.35098,1.35355,42518
1788771600,2026-09-07 09:00:00+00:00,1.35355,1.35438,1.35291,1.35375,31412
1788786000,2026-09-07 13:00:00+00:00,1.35375,1.35477,1.35357,1.35467,26665
1788800400,2026-09-07 17:00:00+00:00,1.35467,1.35467,1.35389,1.35403,5199
1788814800,2026-09-07 21:00:00+00:00,1.35402,1.3549,1.35312,1.35427,16174
1788829200,2026-09-08 01:00:00+00:00,1.35426,1.35498,1.35335,1.35397,29448
1788843600,2026-09-08 05:00:00+00:00,1.35397,1.35528,1.35222,1.35255,44389
1788858000,2026-09-08 09:00:00+00:00,1.35253,1.35556,1.35215,1.3554300000000001,46702
1788872400,2026-09-08 13:00:00+00:00,1.3554300000000001,1.3562,1.35305,1.35364,54715
1788886800,2026-09-08 17:00:00+00:00,1.35364,1.35507,1.35357,1.35405,26668
1788901200,2026-09-08 21:00:00+00:00,1.35405,1.3548,1.35336,1.3548,17905
1788915600,2026-09-09 01:00:00+00:00,1.3548,1.35507,1.3541400000000001,1.35504,32643
1788930000,2026-09-09 05:00:00+00:00,1.35504,1.3568,1.35419,1.35428,50510
1788944400,2026-09-09 09:00:00+00:00,1.35428,1.3566500000000001,1.35304,1.3551,46526
1788958800,2026-09-09 13:00:00+00:00,1.3551,1.35652,1.35344,1.35516,68437
1788973200,2026-09-09 17:00:00+00:00,1.35516,1.35608,1.35415,1.35462,30390
1788987600,2026-09-09 21:00:00+00:00,1.35462,1.35589,1.3535599999999999,1.35455,20280
1789002000,2026-09-10 01:00:00+00:00,1.35455,1.35603,1.35452,1.35533,33431
1789016400,2026-09-10 05:00:00+00:00,1.35534,1.35595,1.3547,1.3556599999999999,40419
1789030800,2026-09-10 09:00:00+00:00,1.3556599999999999,1.35577,1.34912,1.35111,60341
1789045200,2026-09-10 13:00:00+00:00,1.35111,1.35345,1.3496299999999999,1.35235,78543
1789059600,2026-09-10 17:00:00+00:00,1.35235,1.35306,1.35045,1.35108,37472
1789074000,2026-09-10 21:00:00+00:00,1.35108,1.3516599999999999,1.3504,1.35157,16616
1789088400,2026-09-11 01:00:00+00:00,1.35157,1.35165,1.3495599999999999,1.35027,46453
1789102800,2026-09-11 05:00:00+00:00,1.35027,1.3526500000000001,1.35018,1.35058,47224
1789117200,2026-09-11 09:00:00+00:00,1.35058,1.35241,1.34812,1.3524,60940
1789131600,2026-09-11 13:00:00+00:00,1.3524,1.35349,1.35137,1.35232,86750
1789146000,2026-09-11 17:00:00+00:00,1.35232,1.35286,1.35172,1.35264,28756
1789333200,2026-09-13 21:00:00+00:00,1.3508499999999999,1.35357,1.3508499999999999,1.35182,33582
1789347600,2026-09-14 01:00:00+00:00,1.35183,1.35199,1.3501400000000001,1.35034,46965
1789362000,2026-09-14 05:00:00+00:00,1.35035,1.35064,1.34795,1.34835,60198
1789376400,2026-09-14 09:00:00+00:00,1.34836,1.3496299999999999,1.34666,1.34692,64738
1789390800,2026-09-14 13:00:00+00:00,1.34692,1.35089,1.3464,1.35055,83638
1789405200,2026-09-14 17:00:00+00:00,1.35054,1.35138,1.34961,1.34996,44508
1789419600,2026-09-14 21:00:00+00:00,1.34989,1.3504800000000001,1.34939,1.34954,23214
1789434000,2026-09-15 01:00:00+00:00,1.34954,1.34965,1.34827,1.3483800000000001,44052
1789448400,2026-09-15 05:00:00+00:00,1.3483800000000001,1.34867,1.34642,1.3474300000000001,48648
1789462800,2026-09-15 09:00:00+00:00,1.3474300000000001,1.34898,1.34681,1.3482,54811
1789477200,2026-09-15 13:00:00+00:00,1.3482,1.34966,1.34697,1.34812,64552
1789491600,2026-09-15 17:00:00+00:00,1.34811,1.34826,1.3471199999999999,1.3477700000000001,33778
1789506000,2026-09-15 21:00:00+00:00,1.3477700000000001,1.34801,1.34663,1.34694,21800
1789520400,2026-09-16 01:00:00+00:00,1.34694,1.3486,1.34654,1.34846,33630
1789534800,2026-09-16 05:00:00+00:00,1.34845,1.34978,1.34667,1.34704,48478
1789549200,2026-09-16 09:00:00+00:00,1.34704,1.34733,1.34461,1.34576,51222
1789563600,2026-09-16 13:00:00+00:00,1.34576,1.34631,1.34423,1.3445,58337
1789578000,2026-09-16 17:00:00+00:00,1.3445,1.3461,1.33724,1.338,102540
1789592400,2026-09-16 21:00:00+00:00,1.338,1.33887,1.33717,1.33724,23562
1789606800,2026-09-17 01:00:00+00:00,1.33724,1.33812,1.33694,1.33809,33176
1789621200,2026-09-17 05:00:00+00:00,1.33809,1.34022,1.33778,1.33949,42845
1789635600,2026-09-17 09:00:00+00:00,1.33949,1.34064,1.33498,1.33864,63805
1789650000,2026-09-17 13:00:00+00:00,1.33864,1.3388200000000001,1.3336299999999999,1.33487,69168
1789664400,2026-09-17 17:00:00+00:00,1.33487,1.33592,1.33453,1.33582,30286
1789678800,2026-09-17 21:00:00+00:00,1.33582,1.33622,1.33499,1.33612,18182
1789693200,2026-09-18 01:00:00+00:00,1.33612,1.33759,1.3356,1.3369,42254
1789707600,2026-09-18 05:00:00+00:00,1.3369,1.33751,1.3360699999999999,1.33708,51216
1789722000,2026-09-18 09:00:00+00:00,1.33708,1.3372899999999999,1.33355,1.33487,55433
1789736400,2026-09-18 13:00:00+00:00,1.33486,1.3386,1.33392,1.3382399999999999,69995
1789750800,2026-09-18 17:00:00+00:00,1.3382399999999999,1.33982,1.3382399999999999,1.33945,37850
1789938000,2026-09-20 21:00:00+00:00,1.33834,1.3394,1.33834,1.33878,24587
1789952400,2026-09-21 01:00:00+00:00,1.33877,1.33933,1.3373599999999999,1.33781,29392
1789966800,2026-09-21 05:00:00+00:00,1.33781,1.33888,1.33685,1.33829,35037
1789981200,2026-09-21 09:00:00+00:00,1.3383,1.34003,1.33796,1.3391,36892
1789995600,2026-09-21 13:00:00+00:00,1.3391,1.3394300000000001,1.3367200000000001,1.33719,46120
