timestamp,datetime,open,high,low,close,volume
1783008000,2026-07-02 16:00:00+00:00,4128.48,4130.21,4121.89,4123.4,7499
1783008900,2026-07-02 16:15:00+00:00,4123.4,4123.92,4115.43,4116.35,7777
1783009800,2026-07-02 16:30:00+00:00,4116.35,4116.89,4100.24,4114.73,9050
1783010700,2026-07-02 16:45:00+00:00,4114.73,4120.46,4113.98,4118.15,6142
1783011600,2026-07-02 17:00:00+00:00,4118.17,4119.84,4113.52,4118.18,6754
1783012500,2026-07-02 17:15:00+00:00,4118.2,4119.83,4111.5,4112.61,6699
1783013400,2026-07-02 17:30:00+00:00,4112.49,4114.53,4105.9,4107.44,6625
1783014300,2026-07-02 17:45:00+00:00,4107.44,4110.34,4105.77,4106.81,5223
1783015200,2026-07-02 18:00:00+00:00,4106.81,4123.79,4105.9,4119.2,6148
1783016100,2026-07-02 18:15:00+00:00,4119.2,4123.18,4115.56,4123.12,5839
1783017000,2026-07-02 18:30:00+00:00,4123.12,4127.04,4121.26,4121.3,5474
1783017900,2026-07-02 18:45:00+00:00,4121.3,4124.47,4119.89,4122.65,4660
1783018800,2026-07-02 19:00:00+00:00,4122.65,4124.42,4113.25,4114.48,5668
1783019700,2026-07-02 19:15:00+00:00,4114.48,4114.96,4108.22,4112.67,4739
1783020600,2026-07-02 19:30:00+00:00,4112.67,4114.82,4110.98,4113.46,4953
1783021500,2026-07-02 19:45:00+00:00,4113.46,4124.13,4112.77,4121.33,5233
1783029600,2026-07-02 22:00:00+00:00,4091.17,4128.08,4091.17,4124.48,1327
1783030500,2026-07-02 22:15:00+00:00,4124.49,4125.33,4122.65,4124.35,1547
1783031400,2026-07-02 22:30:00+00:00,4124.36,4126.37,4122.62,4123.21,1683
1783032300,2026-07-02 22:45:00+00:00,4123.21,4126.62,4122.88,4124.64,1349
1783033200,2026-07-02 23:00:00+00:00,4124.64,4127.28,4124.28,4125.39,1728
1783034100,2026-07-02 23:15:00+00:00,4125.39,4130.39,4124.33,4129.82,2285
1783035000,2026-07-02 23:30:00+00:00,4129.82,4133.33,4121.1,4124.79,3235
1783035900,2026-07-02 23:45:00+00:00,4124.79,4131.76,4124.48,4126.06,4458
1783036800,2026-07-03 00:00:00+00:00,4126.06,4136.91,4122.66,4135.02,7234
1783037700,2026-07-03 00:15:00+00:00,4135.02,4140.93,4131.74,4137.22,5189
1783038600,2026-07-03 00:30:00+00:00,4137.22,4139.65,4133.05,4136.33,4830
1783039500,2026-07-03 00:45:00+00:00,4136.33,4150.97,4135.31,4147.11,4994
1783040400,2026-07-03 01:00:00+00:00,4147.11,4179.37,4146.65,4176.26,8430
1783041300,2026-07-03 01:15:00+00:00,4176.26,4194.36,4173.86,4187.66,7562
1783042200,2026-07-03 01:30:00+00:00,4187.66,4195.42,4179.24,4179.79,6592
1783043100,2026-07-03 01:45:00+00:00,4179.77,4184.04,4175.27,4182.35,5331
1783044000,2026-07-03 02:00:00+00:00,4182.35,4184.31,4177.1,4179.44,4751
1783044900,2026-07-03 02:15:00+00:00,4179.42,4181.14,4176.52,4179.18,3381
1783045800,2026-07-03 02:30:00+00:00,4179.26,4186.86,4178.08,4183.27,4644
1783046700,2026-07-03 02:45:00+00:00,4183.28,4186.78,4178.82,4183.49,4088
1783047600,2026-07-03 03:00:00+00:00,4183.49,4184.63,4179.7,4182.71,4204
1783048500,2026-07-03 03:15:00+00:00,4182.71,4183.64,4179.28,4181.37,3158
1783049400,2026-07-03 03:30:00+00:00,4181.39,4183.19,4177.32,4177.4,3165
1783050300,2026-07-03 03:45:00+00:00,4177.4,4179.35,4175.26,4176.04,2509
1783051200,2026-07-03 04:00:00+00:00,4176.04,4178.87,4173.09,4177.78,2609
1783052100,2026-07-03 04:15:00+00:00,4177.77,4182.81,4176.66,4178.54,2397
1783053000,2026-07-03 04:30:00+00:00,4178.56,4178.71,4175.38,4177.26,2086
1783053900,2026-07-03 04:45:00+00:00,4177.26,4178.89,4174.6,4178.85,1961
1783054800,2026-07-03 05:00:00+00:00,4178.87,4181.24,4177.02,4178.36,2853
1783055700,2026-07-03 05:15:00+00:00,4178.36,4179.29,4173.07,4176.1,3035
1783056600,2026-07-03 05:30:00+00:00,4176.1,4181.93,4173.18,4175.14,4775
1783057500,2026-07-03 05:45:00+00:00,4175.14,4176.5,4169.23,4171.21,3912
1783058400,2026-07-03 06:00:00+00:00,4171.22,4171.86,4162.0,4162.39,5158
1783059300,2026-07-03 06:15:00+00:00,4162.39,4167.23,4160.48,4164.77,4317
1783060200,2026-07-03 06:30:00+00:00,4164.77,4173.69,4164.43,4171.1,4179
1783061100,2026-07-03 06:45:00+00:00,4171.1,4174.47,4170.26,4173.04,3762
1783062000,2026-07-03 07:00:00+00:00,4173.04,4181.21,4171.3,4174.06,4205
1783062900,2026-07-03 07:15:00+00:00,4174.06,4176.04,4169.26,4175.47,3473
1783063800,2026-07-03 07:30:00+00:00,4175.47,4179.79,4173.84,4179.5,3538
1783064700,2026-07-03 07:45:00+00:00,4179.5,4181.73,4174.94,4177.7,4287
1783065600,2026-07-03 08:00:00+00:00,4177.7,4185.83,4177.7,4183.97,4087
1783066500,2026-07-03 08:15:00+00:00,4183.97,4185.47,4181.22,4183.16,3525
1783067400,2026-07-03 08:30:00+00:00,4183.14,4186.52,4180.69,4184.32,3552
1783068300,2026-07-03 08:45:00+00:00,4184.32,4185.39,4176.99,4180.95,3378
1783069200,2026-07-03 09:00:00+00:00,4181.04,4181.86,4176.0,4180.43,3099
1783070100,2026-07-03 09:15:00+00:00,4180.43,4180.54,4171.2,4171.95,3369
1783071000,2026-07-03 09:30:00+00:00,4171.95,4173.02,4168.61,4172.31,3696
1783071900,2026-07-03 09:45:00+00:00,4172.31,4175.2,4171.73,4172.1,2909
1783072800,2026-07-03 10:00:00+00:00,4172.1,4180.76,4170.81,4179.83,3126
1783073700,2026-07-03 10:15:00+00:00,4179.85,4181.18,4177.92,4178.52,2798
1783074600,2026-07-03 10:30:00+00:00,4178.48,4179.02,4175.53,4177.7,2216
1783075500,2026-07-03 10:45:00+00:00,4177.7,4178.79,4174.65,4177.14,2145
1783076400,2026-07-03 11:00:00+00:00,4177.14,4183.86,4175.65,4183.45,2995
1783077300,2026-07-03 11:15:00+00:00,4183.45,4186.1,4182.7,4183.15,2990
1783078200,2026-07-03 11:30:00+00:00,4183.15,4185.89,4182.68,4185.39,2488
1783079100,2026-07-03 11:45:00+00:00,4185.39,4186.22,4178.61,4181.05,2786
1783080000,2026-07-03 12:00:00+00:00,4181.05,4183.23,4177.91,4178.01,3317
1783080900,2026-07-03 12:15:00+00:00,4178.01,4178.3,4172.4,4174.93,3222
1783081800,2026-07-03 12:30:00+00:00,4174.93,4177.69,4173.08,4174.95,3674
1783082700,2026-07-03 12:45:00+00:00,4174.95,4177.6,4172.31,4176.89,2969
1783083600,2026-07-03 13:00:00+00:00,4176.89,4179.32,4164.47,4166.8,5748
1783084500,2026-07-03 13:15:00+00:00,4166.8,4172.3,4166.7,4171.52,4363
1783085400,2026-07-03 13:30:00+00:00,4171.52,4171.83,4165.09,4167.15,4387
1783086300,2026-07-03 13:45:00+00:00,4167.15,4168.9,4163.51,4164.73,4334
1783087200,2026-07-03 14:00:00+00:00,4164.73,4167.2,4155.35,4162.28,5148
1783088100,2026-07-03 14:15:00+00:00,4162.28,4166.81,4161.33,4166.23,4320
1783089000,2026-07-03 14:30:00+00:00,4166.23,4167.31,4163.44,4163.92,3500
1783089900,2026-07-03 14:45:00+00:00,4163.92,4171.2,4163.64,4169.85,3227
1783090800,2026-07-03 15:00:00+00:00,4169.86,4174.1,4168.67,4172.1,4085
1783091700,2026-07-03 15:15:00+00:00,4172.1,4174.33,4166.94,4167.45,3631
1783092600,2026-07-03 15:30:00+00:00,4167.46,4168.89,4166.0,4167.72,2537
1783093500,2026-07-03 15:45:00+00:00,4167.72,4168.94,4164.51,4164.87,2396
1783094400,2026-07-03 16:00:00+00:00,4164.87,4165.73,4162.96,4164.14,2589
1783095300,2026-07-03 16:15:00+00:00,4164.14,4167.5,4162.74,4166.66,2128
1783096200,2026-07-03 16:30:00+00:00,4166.66,4170.47,4166.65,4170.24,2308
1783097100,2026-07-03 16:45:00+00:00,4170.24,4176.34,4169.71,4174.74,2905
1783098000,2026-07-03 17:00:00+00:00,4174.74,4174.74,4171.97,4171.97,2
1783288800,2026-07-05 22:00:00+00:00,4171.97,4185.73,4167.47,4180.85,5277
1783289700,2026-07-05 22:15:00+00:00,4180.85,4185.8,4177.28,4184.94,3112
1783290600,2026-07-05 22:30:00+00:00,4184.96,4191.54,4182.97,4188.79,3635
1783291500,2026-07-05 22:45:00+00:00,4188.79,4189.89,4183.91,4188.23,2903
1783292400,2026-07-05 23:00:00+00:00,4188.23,4191.49,4186.83,4187.46,2690
1783293300,2026-07-05 23:15:00+00:00,4187.46,4201.78,4186.61,4200.38,2614
1783294200,2026-07-05 23:30:00+00:00,4200.39,4201.46,4193.37,4196.46,3882
1783295100,2026-07-05 23:45:00+00:00,4196.46,4197.39,4177.58,4183.1,5316
1783296000,2026-07-06 00:00:00+00:00,4183.1,4185.49,4170.37,4174.88,6452
1783296900,2026-07-06 00:15:00+00:00,4174.88,4181.67,4171.21,4174.53,5394
1783297800,2026-07-06 00:30:00+00:00,4174.53,4187.5,4174.15,4185.89,5391
1783298700,2026-07-06 00:45:00+00:00,4185.89,4188.96,4174.7,4179.61,6213
1783299600,2026-07-06 01:00:00+00:00,4179.61,4192.62,4172.52,4188.82,7409
1783300500,2026-07-06 01:15:00+00:00,4188.82,4192.88,4180.62,4189.52,6050
1783301400,2026-07-06 01:30:00+00:00,4189.52,4200.48,4187.43,4198.2,6467
1783302300,2026-07-06 01:45:00+00:00,4198.19,4203.03,4184.98,4186.01,6168
1783303200,2026-07-06 02:00:00+00:00,4185.99,4187.83,4177.04,4181.09,5987
1783304100,2026-07-06 02:15:00+00:00,4181.09,4186.16,4175.72,4177.63,4830
1783305000,2026-07-06 02:30:00+00:00,4177.63,4178.69,4168.56,4172.42,6556
1783305900,2026-07-06 02:45:00+00:00,4172.5,4175.97,4170.03,4174.17,4786
1783306800,2026-07-06 03:00:00+00:00,4174.17,4176.36,4165.45,4166.56,5057
1783307700,2026-07-06 03:15:00+00:00,4166.58,4167.9,4162.53,4165.78,4389
1783308600,2026-07-06 03:30:00+00:00,4165.78,4169.3,4161.61,4162.87,3882
1783309500,2026-07-06 03:45:00+00:00,4162.87,4166.89,4161.03,4165.23,3379
1783310400,2026-07-06 04:00:00+00:00,4165.2,4166.61,4161.06,4163.44,3292
1783311300,2026-07-06 04:15:00+00:00,4163.44,4164.58,4160.24,4161.04,2793
1783312200,2026-07-06 04:30:00+00:00,4161.04,4162.32,4157.54,4160.19,3353
1783313100,2026-07-06 04:45:00+00:00,4160.2,4161.15,4158.0,4159.66,3092
1783314000,2026-07-06 05:00:00+00:00,4159.67,4160.95,4151.17,4152.22,4006
1783314900,2026-07-06 05:15:00+00:00,4152.22,4154.46,4150.49,4152.88,3407
1783315800,2026-07-06 05:30:00+00:00,4152.78,4160.51,4149.33,4155.43,5756
1783316700,2026-07-06 05:45:00+00:00,4155.43,4156.9,4144.66,4147.96,5073
1783317600,2026-07-06 06:00:00+00:00,4147.96,4152.26,4145.73,4152.01,5236
1783318500,2026-07-06 06:15:00+00:00,4152.01,4156.75,4147.91,4156.52,4289
1783319400,2026-07-06 06:30:00+00:00,4156.52,4159.74,4153.41,4155.92,5445
1783320300,2026-07-06 06:45:00+00:00,4155.92,4156.99,4148.96,4150.41,4272
1783321200,2026-07-06 07:00:00+00:00,4150.41,4153.52,4147.12,4151.12,4579
1783322100,2026-07-06 07:15:00+00:00,4151.01,4155.68,4150.32,4152.96,4273
1783323000,2026-07-06 07:30:00+00:00,4152.96,4164.42,4151.17,4163.62,4270
1783323900,2026-07-06 07:45:00+00:00,4163.62,4166.32,4162.11,4164.45,3832
1783324800,2026-07-06 08:00:00+00:00,4164.45,4166.07,4157.23,4158.06,4089
1783325700,2026-07-06 08:15:00+00:00,4158.07,4158.78,4153.47,4155.46,3513
1783326600,2026-07-06 08:30:00+00:00,4155.46,4156.19,4148.46,4149.09,3732
1783327500,2026-07-06 08:45:00+00:00,4149.09,4152.92,4147.12,4150.48,3358
1783328400,2026-07-06 09:00:00+00:00,4150.48,4151.31,4147.96,4149.74,3081
1783329300,2026-07-06 09:15:00+00:00,4149.74,4149.87,4141.41,4143.66,3696
1783330200,2026-07-06 09:30:00+00:00,4143.66,4143.66,4136.38,4139.62,4959
1783331100,2026-07-06 09:45:00+00:00,4139.62,4144.93,4139.29,4143.24,3396
1783332000,2026-07-06 10:00:00+00:00,4143.24,4148.66,4142.15,4148.42,2946
1783332900,2026-07-06 10:15:00+00:00,4148.42,4150.9,4147.55,4148.95,3037
1783333800,2026-07-06 10:30:00+00:00,4148.91,4155.62,4148.71,4154.43,4250
1783334700,2026-07-06 10:45:00+00:00,4154.43,4155.81,4152.44,4155.03,5366
1783335600,2026-07-06 11:00:00+00:00,4155.03,4156.31,4151.47,4154.89,5628
1783336500,2026-07-06 11:15:00+00:00,4154.89,4159.6,4153.62,4154.99,5709
1783337400,2026-07-06 11:30:00+00:00,4154.99,4158.79,4152.53,4153.58,4331
1783338300,2026-07-06 11:45:00+00:00,4153.59,4155.95,4151.94,4155.28,4198
1783339200,2026-07-06 12:00:00+00:00,4155.28,4158.54,4153.71,4156.09,4714
1783340100,2026-07-06 12:15:00+00:00,4156.09,4157.58,4145.08,4145.74,5390
1783341000,2026-07-06 12:30:00+00:00,4145.74,4146.3,4131.44,4133.62,6060
1783341900,2026-07-06 12:45:00+00:00,4133.62,4142.86,4133.4,4139.64,5736
1783342800,2026-07-06 13:00:00+00:00,4139.64,4148.46,4137.04,4141.12,7260
1783343700,2026-07-06 13:15:00+00:00,4141.28,4148.76,4138.57,4142.38,7586
1783344600,2026-07-06 13:30:00+00:00,4142.38,4150.51,4141.91,4149.21,9035
1783345500,2026-07-06 13:45:00+00:00,4149.21,4149.57,4136.82,4140.72,9458
1783346400,2026-07-06 14:00:00+00:00,4140.72,4147.11,4133.55,4140.57,7861
1783347300,2026-07-06 14:15:00+00:00,4140.57,4140.85,4132.38,4137.17,7590
1783348200,2026-07-06 14:30:00+00:00,4137.18,4141.78,4128.44,4130.15,6404
1783349100,2026-07-06 14:45:00+00:00,4130.14,4138.24,4129.04,4138.22,5947
1783350000,2026-07-06 15:00:00+00:00,4138.22,4146.55,4137.55,4139.71,6279
1783350900,2026-07-06 15:15:00+00:00,4139.71,4151.0,4138.66,4150.63,5298
1783351800,2026-07-06 15:30:00+00:00,4148.75,4152.0,4147.06,4149.98,5480
1783352700,2026-07-06 15:45:00+00:00,4149.98,4150.56,4144.85,4148.36,4062
1783353600,2026-07-06 16:00:00+00:00,4148.39,4148.49,4140.46,4140.61,3866
1783354500,2026-07-06 16:15:00+00:00,4140.61,4146.53,4140.3,4145.57,4547
1783355400,2026-07-06 16:30:00+00:00,4145.57,4150.33,4145.29,4149.37,4502
1783356300,2026-07-06 16:45:00+00:00,4149.39,4156.26,4148.77,4155.09,4766
1783357200,2026-07-06 17:00:00+00:00,4155.09,4156.26,4152.48,4153.52,4328
1783358100,2026-07-06 17:15:00+00:00,4153.52,4159.66,4150.27,4155.52,5159
1783359000,2026-07-06 17:30:00+00:00,4155.52,4159.31,4154.86,4156.76,4941
1783359900,2026-07-06 17:45:00+00:00,4156.76,4161.58,4156.25,4161.16,4184
1783360800,2026-07-06 18:00:00+00:00,4161.16,4162.09,4155.39,4158.21,3832
1783361700,2026-07-06 18:15:00+00:00,4158.21,4163.3,4158.21,4161.87,3261
1783362600,2026-07-06 18:30:00+00:00,4161.94,4167.54,4159.78,4164.17,4077
1783363500,2026-07-06 18:45:00+00:00,4164.17,4165.26,4162.17,4163.94,3417
1783364400,2026-07-06 19:00:00+00:00,4163.94,4165.46,4158.93,4159.5,3099
1783365300,2026-07-06 19:15:00+00:00,4159.5,4163.41,4158.9,4162.9,3463
1783366200,2026-07-06 19:30:00+00:00,4162.9,4163.1,4159.8,4161.25,3348
1783367100,2026-07-06 19:45:00+00:00,4161.25,4165.11,4161.24,4163.79,4244
1783375200,2026-07-06 22:00:00+00:00,4162.13,4167.26,4157.56,4166.0,1427
1783376100,2026-07-06 22:15:00+00:00,4166.0,4167.39,4165.12,4166.06,1138
1783377000,2026-07-06 22:30:00+00:00,4166.06,4168.43,4165.99,4167.23,1634
1783377900,2026-07-06 22:45:00+00:00,4167.22,4167.73,4164.09,4164.22,1606
1783378800,2026-07-06 23:00:00+00:00,4164.22,4165.57,4162.86,4165.44,1459
1783379700,2026-07-06 23:15:00+00:00,4165.44,4165.54,4162.92,4163.13,1172
1783380600,2026-07-06 23:30:00+00:00,4163.13,4165.28,4160.9,4161.98,1431
1783381500,2026-07-06 23:45:00+00:00,4161.98,4163.79,4156.87,4157.31,2995
1783382400,2026-07-07 00:00:00+00:00,4157.3,4158.56,4152.73,4156.07,4503
1783383300,2026-07-07 00:15:00+00:00,4156.06,4160.65,4152.02,4159.79,4433
1783384200,2026-07-07 00:30:00+00:00,4159.79,4162.72,4148.38,4149.72,4464
1783385100,2026-07-07 00:45:00+00:00,4149.7,4153.83,4145.22,4146.01,4588
1783386000,2026-07-07 01:00:00+00:00,4146.02,4147.93,4137.73,4141.64,6787
1783386900,2026-07-07 01:15:00+00:00,4141.69,4142.91,4125.88,4132.68,6080
1783387800,2026-07-07 01:30:00+00:00,4132.67,4142.21,4132.23,4142.07,5333
1783388700,2026-07-07 01:45:00+00:00,4142.07,4146.43,4140.56,4141.79,4947
1783389600,2026-07-07 02:00:00+00:00,4141.81,4144.62,4137.61,4142.48,4886
1783390500,2026-07-07 02:15:00+00:00,4142.48,4145.25,4138.1,4140.59,3303
1783391400,2026-07-07 02:30:00+00:00,4140.59,4144.41,4136.17,4139.56,4073
1783392300,2026-07-07 02:45:00+00:00,4139.56,4139.67,4131.23,4136.63,4302
1783393200,2026-07-07 03:00:00+00:00,4136.63,4140.24,4135.14,4136.71,3696
1783394100,2026-07-07 03:15:00+00:00,4136.71,4137.73,4129.25,4132.17,4270
1783395000,2026-07-07 03:30:00+00:00,4132.17,4134.9,4127.13,4129.64,3545
1783395900,2026-07-07 03:45:00+00:00,4129.64,4131.63,4124.47,4131.15,3318
1783396800,2026-07-07 04:00:00+00:00,4131.15,4141.31,4130.42,4136.27,3475
1783397700,2026-07-07 04:15:00+00:00,4136.33,4137.34,4131.07,4132.13,3347
1783398600,2026-07-07 04:30:00+00:00,4132.13,4132.27,4128.6,4128.76,2971
1783399500,2026-07-07 04:45:00+00:00,4128.77,4131.27,4125.94,4126.7,2602
1783400400,2026-07-07 05:00:00+00:00,4126.7,4131.38,4122.12,4122.43,3733
1783401300,2026-07-07 05:15:00+00:00,4122.44,4128.62,4120.9,4128.34,4082
1783402200,2026-07-07 05:30:00+00:00,4128.38,4128.58,4116.64,4122.62,6630
1783403100,2026-07-07 05:45:00+00:00,4122.62,4127.25,4120.39,4123.85,4781
1783404000,2026-07-07 06:00:00+00:00,4123.85,4129.61,4121.52,4123.58,5256
1783404900,2026-07-07 06:15:00+00:00,4123.6,4129.71,4123.37,4126.76,4146
1783405800,2026-07-07 06:30:00+00:00,4126.76,4132.51,4124.91,4132.51,4050
1783406700,2026-07-07 06:45:00+00:00,4132.51,4133.03,4128.5,4130.48,3965
1783407600,2026-07-07 07:00:00+00:00,4130.48,4131.27,4124.36,4129.62,4350
1783408500,2026-07-07 07:15:00+00:00,4129.62,4132.17,4126.08,4126.68,4283
1783409400,2026-07-07 07:30:00+00:00,4126.68,4131.37,4125.82,4130.34,3526
1783410300,2026-07-07 07:45:00+00:00,4130.34,4133.72,4124.55,4124.74,4200
1783411200,2026-07-07 08:00:00+00:00,4124.73,4139.37,4124.43,4137.07,5206
1783412100,2026-07-07 08:15:00+00:00,4137.07,4138.77,4134.06,4138.68,4372
1783413000,2026-07-07 08:30:00+00:00,4138.68,4139.09,4128.88,4131.08,4400
1783413900,2026-07-07 08:45:00+00:00,4131.08,4131.11,4121.91,4125.99,4500
1783414800,2026-07-07 09:00:00+00:00,4125.99,4128.98,4124.52,4127.59,4191
1783415700,2026-07-07 09:15:00+00:00,4127.57,4131.0,4119.8,4121.62,3998
1783416600,2026-07-07 09:30:00+00:00,4121.62,4133.81,4121.57,4132.98,4047
1783417500,2026-07-07 09:45:00+00:00,4132.98,4133.21,4124.99,4131.28,4316
1783418400,2026-07-07 10:00:00+00:00,4131.28,4135.12,4131.18,4132.48,3700
1783419300,2026-07-07 10:15:00+00:00,4132.5,4138.86,4132.09,4137.38,3379
1783420200,2026-07-07 10:30:00+00:00,4137.38,4137.51,4134.59,4135.61,3509
1783421100,2026-07-07 10:45:00+00:00,4135.63,4137.16,4133.56,4135.71,3289
1783422000,2026-07-07 11:00:00+00:00,4135.71,4136.27,4131.89,4133.28,4060
1783422900,2026-07-07 11:15:00+00:00,4133.28,4145.26,4133.13,4143.17,4626
1783423800,2026-07-07 11:30:00+00:00,4143.17,4149.06,4139.56,4148.4,4543
1783424700,2026-07-07 11:45:00+00:00,4148.38,4158.2,4147.13,4156.79,5351
1783425600,2026-07-07 12:00:00+00:00,4156.79,4174.62,4154.57,4173.26,7064
1783426500,2026-07-07 12:15:00+00:00,4173.26,4175.14,4163.09,4168.75,6838
1783427400,2026-07-07 12:30:00+00:00,4165.64,4168.22,4161.64,4166.45,5569
1783428300,2026-07-07 12:45:00+00:00,4166.47,4172.79,4164.22,4172.27,5462
1783429200,2026-07-07 13:00:00+00:00,4172.27,4178.17,4160.13,4171.39,8935
1783430100,2026-07-07 13:15:00+00:00,4171.46,4172.55,4164.27,4166.26,5714
1783431000,2026-07-07 13:30:00+00:00,4166.39,4180.51,4163.62,4177.57,9042
1783431900,2026-07-07 13:45:00+00:00,4177.57,4180.02,4156.07,4158.45,8318
1783432800,2026-07-07 14:00:00+00:00,4158.45,4163.7,4151.08,4152.37,8556
1783433700,2026-07-07 14:15:00+00:00,4152.37,4159.8,4151.26,4158.19,7587
1783434600,2026-07-07 14:30:00+00:00,4158.19,4159.3,4143.6,4152.35,7392
1783435500,2026-07-07 14:45:00+00:00,4152.35,4157.7,4151.94,4154.28,6945
1783436400,2026-07-07 15:00:00+00:00,4154.28,4155.63,4148.22,4148.79,6351
1783437300,2026-07-07 15:15:00+00:00,4148.79,4149.03,4141.74,4143.07,6117
1783438200,2026-07-07 15:30:00+00:00,4143.07,4148.39,4142.26,4146.62,5821
1783439100,2026-07-07 15:45:00+00:00,4146.62,4148.08,4135.78,4139.06,6034
1783440000,2026-07-07 16:00:00+00:00,4139.06,4143.66,4137.01,4141.14,5118
1783440900,2026-07-07 16:15:00+00:00,4141.14,4147.26,4140.81,4146.13,4951
1783441800,2026-07-07 16:30:00+00:00,4146.0,4146.59,4142.51,4143.28,4701
1783442700,2026-07-07 16:45:00+00:00,4143.28,4146.68,4141.01,4145.11,4440
1783443600,2026-07-07 17:00:00+00:00,4145.11,4146.91,4142.22,4143.03,4319
1783444500,2026-07-07 17:15:00+00:00,4143.03,4146.72,4140.62,4146.11,4552
1783445400,2026-07-07 17:30:00+00:00,4146.11,4148.2,4144.56,4147.12,3926
1783446300,2026-07-07 17:45:00+00:00,4147.11,4147.39,4143.08,4144.55,3548
1783447200,2026-07-07 18:00:00+00:00,4144.58,4145.27,4140.96,4142.37,3826
1783448100,2026-07-07 18:15:00+00:00,4142.36,4144.28,4140.22,4141.69,4166
1783449000,2026-07-07 18:30:00+00:00,4141.69,4142.47,4136.19,4142.0,4158
1783449900,2026-07-07 18:45:00+00:00,4142.0,4142.65,4125.09,4127.05,6665
1783450800,2026-07-07 19:00:00+00:00,4127.05,4127.79,4103.13,4105.83,9055
1783451700,2026-07-07 19:15:00+00:00,4105.83,4106.9,4092.19,4103.52,8340
1783452600,2026-07-07 19:30:00+00:00,4103.52,4115.06,4103.45,4109.28,5976
1783453500,2026-07-07 19:45:00+00:00,4109.28,4117.65,4108.14,4114.25,7286
1783461600,2026-07-07 22:00:00+00:00,4094.64,4106.34,4089.29,4104.04,2994
1783462500,2026-07-07 22:15:00+00:00,4104.01,4104.13,4099.64,4099.7,1521
1783463400,2026-07-07 22:30:00+00:00,4099.74,4102.68,4098.76,4101.11,2201
1783464300,2026-07-07 22:45:00+00:00,4101.11,4101.15,4095.69,4098.35,2962
1783465200,2026-07-07 23:00:00+00:00,4098.35,4108.07,4096.36,4105.93,3787
1783466100,2026-07-07 23:15:00+00:00,4105.93,4106.63,4101.16,4104.94,2706
1783467000,2026-07-07 23:30:00+00:00,4104.94,4105.44,4097.35,4098.36,2705
1783467900,2026-07-07 23:45:00+00:00,4098.36,4101.26,4095.79,4098.57,4805
1783468800,2026-07-08 00:00:00+00:00,4098.57,4104.1,4096.97,4100.28,7950
1783469700,2026-07-08 00:15:00+00:00,4100.28,4107.95,4098.96,4105.5,7132
1783470600,2026-07-08 00:30:00+00:00,4105.5,4126.78,4103.84,4123.29,6828
1783471500,2026-07-08 00:45:00+00:00,4123.31,4125.2,4111.29,4111.58,6223
1783472400,2026-07-08 01:00:00+00:00,4111.58,4117.95,4098.29,4108.4,9545
1783473300,2026-07-08 01:15:00+00:00,4108.42,4110.31,4102.21,4102.72,7445
1783474200,2026-07-08 01:30:00+00:00,4102.72,4105.9,4096.46,4103.33,8097
1783475100,2026-07-08 01:45:00+00:00,4103.33,4112.95,4102.27,4111.16,7041
1783476000,2026-07-08 02:00:00+00:00,4111.27,4118.06,4106.06,4112.23,7083
1783476900,2026-07-08 02:15:00+00:00,4112.23,4124.88,4112.01,4118.94,5455
1783477800,2026-07-08 02:30:00+00:00,4118.94,4121.21,4116.29,4120.2,5611
1783478700,2026-07-08 02:45:00+00:00,4120.2,4120.78,4113.45,4114.61,4981
1783479600,2026-07-08 03:00:00+00:00,4114.61,4131.0,4114.56,4128.13,6511
1783480500,2026-07-08 03:15:00+00:00,4128.13,4130.78,4124.64,4129.93,4785
1783481400,2026-07-08 03:30:00+00:00,4129.93,4131.2,4125.52,4126.82,3870
1783482300,2026-07-08 03:45:00+00:00,4126.82,4129.18,4122.71,4123.45,3503
1783483200,2026-07-08 04:00:00+00:00,4123.45,4128.84,4121.67,4124.34,3950
1783484100,2026-07-08 04:15:00+00:00,4124.34,4127.4,4120.59,4126.0,4020
1783485000,2026-07-08 04:30:00+00:00,4126.0,4128.31,4122.13,4125.18,4145
1783485900,2026-07-08 04:45:00+00:00,4125.18,4127.11,4124.1,4125.3,3894
1783486800,2026-07-08 05:00:00+00:00,4125.3,4133.98,4125.02,4125.85,5641
1783487700,2026-07-08 05:15:00+00:00,4125.85,4129.43,4122.03,4122.09,4505
1783488600,2026-07-08 05:30:00+00:00,4122.09,4131.73,4121.17,4128.31,6363
1783489500,2026-07-08 05:45:00+00:00,4128.32,4130.03,4124.86,4127.84,5674
1783490400,2026-07-08 06:00:00+00:00,4127.84,4131.82,4122.31,4131.62,6571
1783491300,2026-07-08 06:15:00+00:00,4131.6,4133.61,4128.84,4129.56,5900
1783492200,2026-07-08 06:30:00+00:00,4129.56,4129.86,4124.71,4126.58,5204
1783493100,2026-07-08 06:45:00+00:00,4126.56,4127.15,4123.49,4123.59,5842
1783494000,2026-07-08 07:00:00+00:00,4123.59,4125.35,4116.35,4118.16,6240
1783494900,2026-07-08 07:15:00+00:00,4118.16,4121.29,4114.81,4120.33,6086
1783495800,2026-07-08 07:30:00+00:00,4120.33,4127.23,4118.2,4127.23,5935
1783496700,2026-07-08 07:45:00+00:00,4127.23,4127.28,4119.05,4121.14,5322
1783497600,2026-07-08 08:00:00+00:00,4121.15,4121.33,4116.5,4117.73,6147
1783498500,2026-07-08 08:15:00+00:00,4117.73,4120.92,4080.64,4088.52,13353
1783499400,2026-07-08 08:30:00+00:00,4088.39,4091.94,4060.5,4065.58,13118
1783500300,2026-07-08 08:45:00+00:00,4065.58,4075.9,4051.93,4056.76,12022
1783501200,2026-07-08 09:00:00+00:00,4056.76,4056.81,4049.97,4055.86,10966
1783502100,2026-07-08 09:15:00+00:00,4055.65,4060.96,4053.57,4056.61,9067
1783503000,2026-07-08 09:30:00+00:00,4056.61,4058.57,4044.53,4048.42,9269
1783503900,2026-07-08 09:45:00+00:00,4048.4,4052.8,4041.31,4043.32,8631
1783504800,2026-07-08 10:00:00+00:00,4043.32,4048.35,4040.39,4044.66,8049
1783505700,2026-07-08 10:15:00+00:00,4044.74,4055.8,4043.28,4050.75,7582
1783506600,2026-07-08 10:30:00+00:00,4050.67,4058.33,4049.9,4057.19,8352
1783507500,2026-07-08 10:45:00+00:00,4057.19,4058.34,4052.84,4052.91,7009
1783508400,2026-07-08 11:00:00+00:00,4052.91,4057.15,4048.01,4050.76,7039
1783509300,2026-07-08 11:15:00+00:00,4050.74,4054.49,4047.61,4049.98,7201
1783510200,2026-07-08 11:30:00+00:00,4050.09,4065.75,4041.46,4064.06,9131
1783511100,2026-07-08 11:45:00+00:00,4064.06,4072.39,4059.22,4062.1,10523
1783512000,2026-07-08 12:00:00+00:00,4062.11,4073.65,4058.57,4071.69,10078
1783512900,2026-07-08 12:15:00+00:00,4072.04,4077.69,4065.77,4070.9,10254
1783513800,2026-07-08 12:30:00+00:00,4070.9,4078.24,4067.92,4078.11,8743
1783514700,2026-07-08 12:45:00+00:00,4078.1,4086.36,4070.65,4072.11,10236
1783515600,2026-07-08 13:00:00+00:00,4072.21,4082.87,4069.69,4071.94,12027
1783516500,2026-07-08 13:15:00+00:00,4071.94,4075.89,4064.94,4066.68,10834
1783517400,2026-07-08 13:30:00+00:00,4066.67,4080.2,4066.67,4073.17,13342
1783518300,2026-07-08 13:45:00+00:00,4073.25,4079.17,4068.03,4070.67,12472
1783519200,2026-07-08 14:00:00+00:00,4070.64,4071.25,4056.72,4057.4,11925
1783520100,2026-07-08 14:15:00+00:00,4057.4,4065.3,4051.51,4060.13,12864
1783521000,2026-07-08 14:30:00+00:00,4060.16,4061.21,4035.3,4036.46,13235
1783521900,2026-07-08 14:45:00+00:00,4036.43,4046.37,4033.64,4040.66,12834
1783522800,2026-07-08 15:00:00+00:00,4040.61,4043.75,4033.37,4033.55,12831
1783523700,2026-07-08 15:15:00+00:00,4033.57,4035.98,4026.15,4030.85,12484
1783524600,2026-07-08 15:30:00+00:00,4030.87,4033.48,4021.54,4032.82,11930
1783525500,2026-07-08 15:45:00+00:00,4032.8,4038.41,4029.72,4034.24,10486
1783526400,2026-07-08 16:00:00+00:00,4034.22,4042.87,4033.13,4039.29,10241
1783527300,2026-07-08 16:15:00+00:00,4039.3,4044.96,4037.66,4043.62,8839
1783528200,2026-07-08 16:30:00+00:00,4043.4,4057.39,4039.5,4056.55,10061
1783529100,2026-07-08 16:45:00+00:00,4056.55,4064.49,4053.49,4063.71,10243
1783530000,2026-07-08 17:00:00+00:00,4063.68,4070.34,4059.52,4064.7,10035
1783530900,2026-07-08 17:15:00+00:00,4064.7,4073.84,4063.4,4073.08,10208
1783531800,2026-07-08 17:30:00+00:00,4073.08,4076.4,4068.78,4069.87,7289
1783532700,2026-07-08 17:45:00+00:00,4069.87,4070.32,4064.36,4065.46,6741
1783533600,2026-07-08 18:00:00+00:00,4065.46,4075.65,4063.27,4075.15,10186
1783534500,2026-07-08 18:15:00+00:00,4075.15,4075.25,4067.44,4069.66,8137
1783535400,2026-07-08 18:30:00+00:00,4069.66,4079.49,4067.0,4079.34,8048
1783536300,2026-07-08 18:45:00+00:00,4079.34,4091.43,4078.76,4084.32,7755
1783537200,2026-07-08 19:00:00+00:00,4084.32,4090.79,4084.32,4087.57,6891
1783538100,2026-07-08 19:15:00+00:00,4087.45,4088.58,4084.75,4088.21,5691
1783539000,2026-07-08 19:30:00+00:00,4088.29,4091.26,4083.33,4084.06,7228
1783539900,2026-07-08 19:45:00+00:00,4084.07,4084.28,4077.99,4079.71,7436
1783548000,2026-07-08 22:00:00+00:00,4074.17,4079.68,4069.82,4076.91,1585
1783548900,2026-07-08 22:15:00+00:00,4076.95,4078.92,4073.44,4074.29,2275
1783549800,2026-07-08 22:30:00+00:00,4074.29,4079.21,4073.48,4076.26,2565
1783550700,2026-07-08 22:45:00+00:00,4076.26,4079.8,4076.0,4076.46,1859
1783551600,2026-07-08 23:00:00+00:00,4076.46,4077.41,4073.7,4076.89,1778
1783552500,2026-07-08 23:15:00+00:00,4076.87,4077.8,4075.22,4077.52,1447
1783553400,2026-07-08 23:30:00+00:00,4077.52,4077.52,4073.72,4075.16,2141
1783554300,2026-07-08 23:45:00+00:00,4075.16,4077.59,4071.86,4076.17,3017
1783555200,2026-07-09 00:00:00+00:00,4076.13,4087.53,4076.04,4087.5,6592
1783556100,2026-07-09 00:15:00+00:00,4087.44,4089.74,4073.84,4077.97,5732
1783557000,2026-07-09 00:30:00+00:00,4077.97,4081.76,4075.4,4076.96,5806
1783557900,2026-07-09 00:45:00+00:00,4076.96,4079.01,4070.11,4073.95,5517
1783558800,2026-07-09 01:00:00+00:00,4073.7,4078.74,4064.97,4074.1,9796
1783559700,2026-07-09 01:15:00+00:00,4074.08,4076.65,4066.45,4066.62,7327
1783560600,2026-07-09 01:30:00+00:00,4066.6,4075.06,4062.31,4073.37,7233
1783561500,2026-07-09 01:45:00+00:00,4073.37,4076.02,4068.96,4072.6,5818
1783562400,2026-07-09 02:00:00+00:00,4072.8,4079.42,4072.04,4078.46,6603
1783563300,2026-07-09 02:15:00+00:00,4078.46,4082.65,4076.71,4080.23,4240
1783564200,2026-07-09 02:30:00+00:00,4080.43,4081.76,4069.78,4070.81,5787
1783565100,2026-07-09 02:45:00+00:00,4070.81,4071.81,4064.35,4065.02,6063
1783566000,2026-07-09 03:00:00+00:00,4065.04,4067.64,4055.19,4058.74,6514
1783566900,2026-07-09 03:15:00+00:00,4058.74,4061.11,4054.08,4058.18,6195
1783567800,2026-07-09 03:30:00+00:00,4058.18,4063.47,4056.27,4061.87,4379
1783568700,2026-07-09 03:45:00+00:00,4061.87,4064.17,4061.11,4064.14,3041
1783569600,2026-07-09 04:00:00+00:00,4064.14,4064.52,4058.79,4060.52,3638
1783570500,2026-07-09 04:15:00+00:00,4060.48,4061.05,4057.27,4058.9,3186
1783571400,2026-07-09 04:30:00+00:00,4058.92,4064.53,4056.3,4057.84,3462
1783572300,2026-07-09 04:45:00+00:00,4057.88,4064.51,4056.42,4064.1,2923
1783573200,2026-07-09 05:00:00+00:00,4064.1,4075.95,4063.64,4073.5,6113
1783574100,2026-07-09 05:15:00+00:00,4073.5,4073.69,4066.79,4072.2,5609
1783575000,2026-07-09 05:30:00+00:00,4072.2,4077.06,4064.62,4075.49,7260
1783575900,2026-07-09 05:45:00+00:00,4075.49,4084.17,4073.71,4081.93,7295
1783576800,2026-07-09 06:00:00+00:00,4081.93,4099.64,4081.21,4092.03,9232
1783577700,2026-07-09 06:15:00+00:00,4092.03,4103.16,4091.29,4102.28,8854
1783578600,2026-07-09 06:30:00+00:00,4102.28,4107.02,4095.89,4102.8,7602
1783579500,2026-07-09 06:45:00+00:00,4102.8,4108.06,4102.2,4107.93,6067
1783580400,2026-07-09 07:00:00+00:00,4107.93,4110.15,4101.29,4101.38,6913
1783581300,2026-07-09 07:15:00+00:00,4101.38,4109.85,4101.37,4108.76,5535
1783582200,2026-07-09 07:30:00+00:00,4108.76,4110.9,4103.6,4108.99,5061
1783583100,2026-07-09 07:45:00+00:00,4109.07,4111.14,4104.62,4107.88,4772
1783584000,2026-07-09 08:00:00+00:00,4107.88,4110.56,4105.21,4108.15,6203
1783584900,2026-07-09 08:15:00+00:00,4108.15,4117.69,4107.63,4114.77,5688
1783585800,2026-07-09 08:30:00+00:00,4114.77,4116.61,4110.05,4113.53,5194
1783586700,2026-07-09 08:45:00+00:00,4113.53,4113.81,4107.7,4108.24,4640
1783587600,2026-07-09 09:00:00+00:00,4108.24,4109.59,4105.75,4108.62,4790
1783588500,2026-07-09 09:15:00+00:00,4108.6,4112.33,4107.35,4108.38,4379
1783589400,2026-07-09 09:30:00+00:00,4108.38,4109.88,4103.05,4103.78,5160
1783590300,2026-07-09 09:45:00+00:00,4103.78,4107.53,4102.98,4106.24,4081
1783591200,2026-07-09 10:00:00+00:00,4106.26,4110.11,4103.92,4105.04,4141
1783592100,2026-07-09 10:15:00+00:00,4105.06,4106.61,4103.99,4104.31,3496
1783593000,2026-07-09 10:30:00+00:00,4104.31,4105.46,4102.42,4103.42,3831
1783593900,2026-07-09 10:45:00+00:00,4103.42,4104.42,4093.69,4099.05,6295
1783594800,2026-07-09 11:00:00+00:00,4099.06,4105.03,4097.8,4104.97,6237
1783595700,2026-07-09 11:15:00+00:00,4104.97,4107.11,4098.9,4100.57,4791
1783596600,2026-07-09 11:30:00+00:00,4100.52,4109.4,4098.76,4106.24,5350
1783597500,2026-07-09 11:45:00+00:00,4106.26,4110.57,4104.61,4108.6,5117
1783598400,2026-07-09 12:00:00+00:00,4108.6,4120.01,4105.82,4112.69,7806
1783599300,2026-07-09 12:15:00+00:00,4112.69,4113.48,4104.97,4106.74,7272
1783600200,2026-07-09 12:30:00+00:00,4106.76,4122.58,4106.74,4113.11,7303
1783601100,2026-07-09 12:45:00+00:00,4113.11,4114.65,4107.5,4107.74,6701
1783602000,2026-07-09 13:00:00+00:00,4107.74,4121.08,4106.67,4120.53,9227
1783602900,2026-07-09 13:15:00+00:00,4120.72,4127.25,4118.56,4126.07,8558
1783603800,2026-07-09 13:30:00+00:00,4126.13,4129.47,4119.57,4127.38,10856
1783604700,2026-07-09 13:45:00+00:00,4127.38,4127.72,4117.75,4121.92,10021
1783605600,2026-07-09 14:00:00+00:00,4121.9,4135.93,4120.08,4122.3,11267
1783606500,2026-07-09 14:15:00+00:00,4122.28,4125.52,4114.26,4124.8,11307
1783607400,2026-07-09 14:30:00+00:00,4124.78,4126.71,4120.59,4124.11,9250
1783608300,2026-07-09 14:45:00+00:00,4124.14,4128.0,4118.07,4127.7,9114
1783609200,2026-07-09 15:00:00+00:00,4127.71,4130.83,4124.74,4125.02,8547
1783610100,2026-07-09 15:15:00+00:00,4125.0,4130.65,4124.82,4127.84,7491
1783611000,2026-07-09 15:30:00+00:00,4127.96,4131.36,4126.22,4129.9,6611
1783611900,2026-07-09 15:45:00+00:00,4130.11,4132.53,4126.32,4126.8,6509
1783612800,2026-07-09 16:00:00+00:00,4126.79,4131.28,4125.57,4130.18,5956
1783613700,2026-07-09 16:15:00+00:00,4130.18,4133.15,4128.77,4132.66,6333
1783614600,2026-07-09 16:30:00+00:00,4132.47,4138.1,4131.78,4133.22,7081
1783615500,2026-07-09 16:45:00+00:00,4133.37,4134.39,4128.02,4128.05,4529
1783616400,2026-07-09 17:00:00+00:00,4128.03,4128.88,4125.67,4127.48,4979
1783617300,2026-07-09 17:15:00+00:00,4127.48,4131.94,4124.95,4131.63,6282
1783618200,2026-07-09 17:30:00+00:00,4131.63,4134.19,4129.07,4132.16,5973
1783619100,2026-07-09 17:45:00+00:00,4132.16,4138.03,4131.88,4136.05,4512
1783620000,2026-07-09 18:00:00+00:00,4135.93,4136.29,4127.43,4128.63,4778
1783620900,2026-07-09 18:15:00+00:00,4128.63,4128.77,4123.07,4123.99,4662
1783621800,2026-07-09 18:30:00+00:00,4123.95,4125.42,4121.46,4125.42,3930
1783622700,2026-07-09 18:45:00+00:00,4125.43,4125.51,4122.28,4124.51,3891
1783623600,2026-07-09 19:00:00+00:00,4124.51,4126.96,4122.94,4124.39,4775
1783624500,2026-07-09 19:15:00+00:00,4124.39,4125.56,4120.66,4120.97,3454
1783625400,2026-07-09 19:30:00+00:00,4120.97,4122.69,4118.83,4120.28,4211
1783626300,2026-07-09 19:45:00+00:00,4120.27,4123.51,4119.99,4122.32,5112
1783634400,2026-07-09 22:00:00+00:00,4120.93,4127.36,4120.58,4123.45,1460
1783635300,2026-07-09 22:15:00+00:00,4123.45,4124.67,4122.4,4123.11,1286
1783636200,2026-07-09 22:30:00+00:00,4123.11,4124.63,4122.27,4123.48,1284
1783637100,2026-07-09 22:45:00+00:00,4123.48,4124.11,4121.51,4121.63,1215
1783638000,2026-07-09 23:00:00+00:00,4121.69,4124.45,4121.25,4123.67,990
1783638900,2026-07-09 23:15:00+00:00,4123.72,4125.0,4121.03,4121.93,1070
1783639800,2026-07-09 23:30:00+00:00,4122.13,4122.91,4120.91,4122.67,734
1783640700,2026-07-09 23:45:00+00:00,4122.7,4124.34,4121.56,4123.21,1320
1783641600,2026-07-10 00:00:00+00:00,4123.13,4125.57,4119.57,4122.17,3736
1783642500,2026-07-10 00:15:00+00:00,4122.14,4123.68,4116.85,4119.48,3145
1783643400,2026-07-10 00:30:00+00:00,4119.48,4123.96,4114.08,4123.13,3801
1783644300,2026-07-10 00:45:00+00:00,4123.13,4128.19,4121.12,4126.08,4041
1783645200,2026-07-10 01:00:00+00:00,4126.1,4130.82,4118.72,4124.96,7287
1783646100,2026-07-10 01:15:00+00:00,4124.92,4127.38,4120.06,4121.64,5871
1783647000,2026-07-10 01:30:00+00:00,4121.64,4123.47,4108.93,4111.66,5642
1783647900,2026-07-10 01:45:00+00:00,4111.66,4121.23,4108.48,4116.78,5254
1783648800,2026-07-10 02:00:00+00:00,4116.78,4128.79,4115.89,4124.78,5184
1783649700,2026-07-10 02:15:00+00:00,4124.78,4128.01,4121.66,4125.77,3806
1783650600,2026-07-10 02:30:00+00:00,4125.77,4128.62,4122.1,4125.68,4413
1783651500,2026-07-10 02:45:00+00:00,4125.68,4129.05,4123.26,4127.71,3906
1783652400,2026-07-10 03:00:00+00:00,4127.71,4134.76,4125.67,4126.44,3914
1783653300,2026-07-10 03:15:00+00:00,4126.44,4128.31,4120.42,4125.29,3286
1783654200,2026-07-10 03:30:00+00:00,4125.29,4127.77,4120.95,4121.54,2318
1783655100,2026-07-10 03:45:00+00:00,4121.54,4122.29,4119.25,4120.13,1937
1783656000,2026-07-10 04:00:00+00:00,4120.13,4121.0,4116.6,4120.89,2340
1783656900,2026-07-10 04:15:00+00:00,4120.84,4121.03,4111.93,4117.44,2431
1783657800,2026-07-10 04:30:00+00:00,4117.44,4119.6,4116.61,4118.9,1796
1783658700,2026-07-10 04:45:00+00:00,4118.91,4119.11,4114.83,4115.08,2200
1783659600,2026-07-10 05:00:00+00:00,4115.11,4116.31,4113.05,4113.99,2847
1783660500,2026-07-10 05:15:00+00:00,4113.99,4117.05,4112.69,4114.12,2674
1783661400,2026-07-10 05:30:00+00:00,4114.12,4115.35,4109.04,4113.98,5779
1783662300,2026-07-10 05:45:00+00:00,4113.96,4116.93,4107.96,4116.69,4774
1783663200,2026-07-10 06:00:00+00:00,4116.69,4119.21,4114.81,4115.21,4377
1783664100,2026-07-10 06:15:00+00:00,4115.21,4120.06,4113.84,4114.55,4431
1783665000,2026-07-10 06:30:00+00:00,4114.49,4116.12,4110.92,4111.47,4225
1783665900,2026-07-10 06:45:00+00:00,4111.47,4114.29,4111.12,4111.74,3488
1783666800,2026-07-10 07:00:00+00:00,4111.51,4113.73,4108.92,4111.38,3772
1783667700,2026-07-10 07:15:00+00:00,4111.38,4115.29,4108.45,4112.34,3597
1783668600,2026-07-10 07:30:00+00:00,4112.34,4114.5,4105.21,4106.78,3606
1783669500,2026-07-10 07:45:00+00:00,4106.76,4109.92,4104.28,4108.8,3963
1783670400,2026-07-10 08:00:00+00:00,4108.8,4109.5,4103.86,4107.14,4452
1783671300,2026-07-10 08:15:00+00:00,4107.16,4108.77,4103.3,4104.31,4038
1783672200,2026-07-10 08:30:00+00:00,4104.37,4105.63,4099.28,4101.79,3641
1783673100,2026-07-10 08:45:00+00:00,4101.79,4101.84,4094.7,4097.86,3887
1783674000,2026-07-10 09:00:00+00:00,4097.87,4100.77,4094.17,4100.77,3826
1783674900,2026-07-10 09:15:00+00:00,4100.77,4103.41,4099.78,4102.64,2928
1783675800,2026-07-10 09:30:00+00:00,4102.64,4103.98,4098.24,4102.81,2843
1783676700,2026-07-10 09:45:00+00:00,4102.86,4105.4,4102.13,4104.32,2606
1783677600,2026-07-10 10:00:00+00:00,4104.32,4108.49,4104.12,4106.32,2852
1783678500,2026-07-10 10:15:00+00:00,4106.34,4112.62,4106.09,4109.36,2979
1783679400,2026-07-10 10:30:00+00:00,4109.44,4110.52,4106.14,4109.01,2532
1783680300,2026-07-10 10:45:00+00:00,4109.01,4109.05,4104.34,4104.54,3195
1783681200,2026-07-10 11:00:00+00:00,4104.54,4108.05,4104.28,4106.28,3256
1783682100,2026-07-10 11:15:00+00:00,4106.28,4108.15,4099.91,4100.0,2731
1783683000,2026-07-10 11:30:00+00:00,4099.97,4107.45,4095.96,4106.73,4168
1783683900,2026-07-10 11:45:00+00:00,4106.73,4107.97,4102.03,4102.27,3794
1783684800,2026-07-10 12:00:00+00:00,4102.29,4117.18,4100.96,4114.8,5573
1783685700,2026-07-10 12:15:00+00:00,4114.8,4116.32,4103.23,4105.93,6237
1783686600,2026-07-10 12:30:00+00:00,4105.93,4106.99,4097.39,4098.12,5943
1783687500,2026-07-10 12:45:00+00:00,4098.12,4104.9,4097.66,4100.66,4782
1783688400,2026-07-10 13:00:00+00:00,4100.66,4106.2,4098.54,4104.31,6460
1783689300,2026-07-10 13:15:00+00:00,4104.29,4106.66,4085.4,4087.22,6700
1783690200,2026-07-10 13:30:00+00:00,4087.11,4102.62,4086.84,4098.27,9765
1783691100,2026-07-10 13:45:00+00:00,4098.33,4105.45,4097.14,4099.85,8153
1783692000,2026-07-10 14:00:00+00:00,4099.85,4103.49,4097.44,4100.05,8859
1783692900,2026-07-10 14:15:00+00:00,4100.03,4108.95,4097.4,4105.42,8573
1783693800,2026-07-10 14:30:00+00:00,4105.42,4107.79,4072.72,4099.14,12611
1783694700,2026-07-10 14:45:00+00:00,4099.08,4107.64,4091.37,4092.75,9781
1783695600,2026-07-10 15:00:00+00:00,4092.75,4100.91,4091.28,4097.37,8524
1783696500,2026-07-10 15:15:00+00:00,4097.3,4107.67,4097.25,4102.08,8647
1783697400,2026-07-10 15:30:00+00:00,4102.18,4106.86,4101.37,4106.18,8843
1783698300,2026-07-10 15:45:00+00:00,4106.18,4113.39,4105.57,4112.83,6734
1783699200,2026-07-10 16:00:00+00:00,4112.83,4114.81,4107.93,4110.16,6574
1783700100,2026-07-10 16:15:00+00:00,4110.16,4114.5,4107.25,4114.35,6188
1783701000,2026-07-10 16:30:00+00:00,4114.35,4115.37,4108.86,4108.93,5156
1783701900,2026-07-10 16:45:00+00:00,4108.93,4109.69,4104.24,4104.24,5360
1783702800,2026-07-10 17:00:00+00:00,4104.24,4105.47,4102.21,4103.9,5593
1783703700,2026-07-10 17:15:00+00:00,4103.89,4106.83,4103.61,4105.59,5115
1783704600,2026-07-10 17:30:00+00:00,4105.6,4106.85,4103.24,4103.84,4028
1783705500,2026-07-10 17:45:00+00:00,4104.02,4105.26,4100.41,4100.65,3319
1783706400,2026-07-10 18:00:00+00:00,4100.62,4105.23,4099.94,4104.76,4352
1783707300,2026-07-10 18:15:00+00:00,4104.84,4105.45,4102.15,4102.9,3340
1783708200,2026-07-10 18:30:00+00:00,4102.9,4103.81,4098.59,4098.84,3710
1783709100,2026-07-10 18:45:00+00:00,4098.92,4101.66,4097.95,4101.22,3186
1783710000,2026-07-10 19:00:00+00:00,4101.22,4102.45,4097.74,4101.59,3763
1783710900,2026-07-10 19:15:00+00:00,4101.59,4103.33,4101.17,4101.8,2845
1783711800,2026-07-10 19:30:00+00:00,4101.81,4103.62,4100.53,4102.52,3228
1783712700,2026-07-10 19:45:00+00:00,4102.54,4109.04,4102.31,4108.45,3374
1783893600,2026-07-12 22:00:00+00:00,4095.58,4103.13,4062.86,4081.01,5780
1783894500,2026-07-12 22:15:00+00:00,4081.04,4087.99,4079.97,4084.16,4480
1783895400,2026-07-12 22:30:00+00:00,4084.16,4086.44,4077.84,4078.38,2869
1783896300,2026-07-12 22:45:00+00:00,4078.42,4080.78,4069.54,4076.5,3250
1783897200,2026-07-12 23:00:00+00:00,4076.5,4076.54,4068.19,4070.17,3820
1783898100,2026-07-12 23:15:00+00:00,4070.17,4075.16,4068.75,4074.65,2370
1783899000,2026-07-12 23:30:00+00:00,4074.65,4079.14,4071.66,4077.59,2261
1783899900,2026-07-12 23:45:00+00:00,4077.59,4084.74,4075.37,4084.29,6359
1783900800,2026-07-13 00:00:00+00:00,4084.26,4091.08,4080.63,4086.73,7382
1783901700,2026-07-13 00:15:00+00:00,4086.73,4087.79,4073.99,4074.44,6360
1783902600,2026-07-13 00:30:00+00:00,4074.44,4075.36,4060.96,4073.11,6674
1783903500,2026-07-13 00:45:00+00:00,4073.11,4077.33,4068.49,4073.97,6407
1783904400,2026-07-13 01:00:00+00:00,4073.94,4081.02,4065.33,4079.47,9500
1783905300,2026-07-13 01:15:00+00:00,4079.47,4081.92,4071.05,4079.77,8854
1783906200,2026-07-13 01:30:00+00:00,4079.77,4089.63,4077.57,4084.41,7867
1783907100,2026-07-13 01:45:00+00:00,4084.41,4087.98,4067.42,4072.16,8570
1783908000,2026-07-13 02:00:00+00:00,4072.27,4074.89,4069.92,4071.93,7943
1783908900,2026-07-13 02:15:00+00:00,4071.93,4074.26,4066.31,4067.14,5335
1783909800,2026-07-13 02:30:00+00:00,4067.1,4077.38,4064.39,4072.64,6956
1783910700,2026-07-13 02:45:00+00:00,4072.68,4072.95,4068.29,4068.49,6258
1783911600,2026-07-13 03:00:00+00:00,4068.47,4069.38,4052.63,4057.99,6908
1783912500,2026-07-13 03:15:00+00:00,4057.97,4062.44,4057.87,4061.82,5258
1783913400,2026-07-13 03:30:00+00:00,4061.82,4062.44,4056.9,4057.86,4504
1783914300,2026-07-13 03:45:00+00:00,4057.86,4061.03,4057.51,4060.45,2997
1783915200,2026-07-13 04:00:00+00:00,4060.45,4060.45,4052.28,4054.43,3717
1783916100,2026-07-13 04:15:00+00:00,4054.43,4057.89,4050.03,4055.39,3753
1783917000,2026-07-13 04:30:00+00:00,4055.41,4057.61,4053.0,4054.09,2996
1783917900,2026-07-13 04:45:00+00:00,4054.09,4059.19,4052.61,4058.87,3070
1783918800,2026-07-13 05:00:00+00:00,4058.85,4072.93,4054.72,4069.44,5544
1783919700,2026-07-13 05:15:00+00:00,4069.44,4069.6,4057.5,4058.05,5104
1783920600,2026-07-13 05:30:00+00:00,4058.05,4065.61,4052.17,4063.53,7877
1783921500,2026-07-13 05:45:00+00:00,4063.53,4064.23,4052.52,4053.55,6495
1783922400,2026-07-13 06:00:00+00:00,4053.55,4056.15,4043.64,4050.7,7856
1783923300,2026-07-13 06:15:00+00:00,4050.75,4061.24,4050.6,4061.03,6599
1783924200,2026-07-13 06:30:00+00:00,4061.03,4063.5,4058.55,4060.11,6266
1783925100,2026-07-13 06:45:00+00:00,4060.11,4060.5,4051.99,4055.6,5632
1783926000,2026-07-13 07:00:00+00:00,4055.61,4061.17,4048.86,4055.5,6409
1783926900,2026-07-13 07:15:00+00:00,4055.5,4059.33,4055.5,4058.78,5394
1783927800,2026-07-13 07:30:00+00:00,4058.78,4062.85,4056.17,4057.29,4717
1783928700,2026-07-13 07:45:00+00:00,4057.35,4065.07,4056.01,4064.69,4830
1783929600,2026-07-13 08:00:00+00:00,4064.75,4074.88,4062.84,4073.92,6627
1783930500,2026-07-13 08:15:00+00:00,4073.92,4080.7,4073.5,4074.0,6035
1783931400,2026-07-13 08:30:00+00:00,4074.0,4076.38,4071.82,4075.6,4204
1783932300,2026-07-13 08:45:00+00:00,4075.6,4078.47,4072.14,4074.52,4410
1783933200,2026-07-13 09:00:00+00:00,4074.54,4076.16,4072.62,4074.48,3880
1783934100,2026-07-13 09:15:00+00:00,4074.44,4076.59,4071.27,4072.6,3822
1783935000,2026-07-13 09:30:00+00:00,4072.6,4073.91,4069.36,4072.65,4168
1783935900,2026-07-13 09:45:00+00:00,4072.59,4073.67,4068.1,4068.12,3110
1783936800,2026-07-13 10:00:00+00:00,4068.13,4070.49,4066.67,4067.64,3130
1783937700,2026-07-13 10:15:00+00:00,4067.58,4069.41,4064.38,4065.05,2886
1783938600,2026-07-13 10:30:00+00:00,4065.04,4068.2,4046.4,4052.0,3987
1783939500,2026-07-13 10:45:00+00:00,4051.97,4061.52,4047.99,4060.53,5075
1783940400,2026-07-13 11:00:00+00:00,4060.51,4068.13,4057.94,4064.02,5717
1783941300,2026-07-13 11:15:00+00:00,4063.81,4065.08,4058.13,4062.78,4651
1783942200,2026-07-13 11:30:00+00:00,4062.76,4068.31,4062.02,4065.25,5094
1783943100,2026-07-13 11:45:00+00:00,4065.47,4065.81,4054.93,4056.38,4790
1783944000,2026-07-13 12:00:00+00:00,4056.38,4060.39,4053.51,4056.26,6505
1783944900,2026-07-13 12:15:00+00:00,4056.26,4063.53,4055.16,4058.95,6285
1783945800,2026-07-13 12:30:00+00:00,4058.73,4063.98,4058.56,4062.73,5873
1783946700,2026-07-13 12:45:00+00:00,4062.73,4067.45,4062.73,4067.29,5559
1783947600,2026-07-13 13:00:00+00:00,4067.36,4067.58,4059.2,4061.78,7558
1783948500,2026-07-13 13:15:00+00:00,4061.76,4065.9,4058.49,4062.23,6426
1783949400,2026-07-13 13:30:00+00:00,4062.14,4063.97,4051.48,4054.79,10925
1783950300,2026-07-13 13:45:00+00:00,4054.78,4058.21,4041.93,4043.18,11498
1783951200,2026-07-13 14:00:00+00:00,4043.23,4046.91,4029.69,4035.83,10736
1783952100,2026-07-13 14:15:00+00:00,4035.86,4037.22,4002.44,4016.85,12378
1783953000,2026-07-13 14:30:00+00:00,4016.87,4016.96,4000.27,4005.31,10311
1783953900,2026-07-13 14:45:00+00:00,4005.31,4015.25,4001.87,4015.17,9433
1783954800,2026-07-13 15:00:00+00:00,4015.19,4017.64,4010.81,4014.75,8925
1783955700,2026-07-13 15:15:00+00:00,4014.86,4020.19,4012.9,4016.53,8628
1783956600,2026-07-13 15:30:00+00:00,4016.52,4017.67,4012.24,4013.32,7834
1783957500,2026-07-13 15:45:00+00:00,4013.34,4016.01,4010.11,4015.84,7336
1783958400,2026-07-13 16:00:00+00:00,4015.8,4017.82,4012.52,4013.92,6458
1783959300,2026-07-13 16:15:00+00:00,4013.9,4014.01,4000.43,4003.72,7351
1783960200,2026-07-13 16:30:00+00:00,4003.71,4004.74,3990.68,4000.61,10632
1783961100,2026-07-13 16:45:00+00:00,4000.61,4002.64,3986.37,3993.18,8924
1783962000,2026-07-13 17:00:00+00:00,3993.23,3998.92,3992.0,3997.54,7190
1783962900,2026-07-13 17:15:00+00:00,3997.54,4001.91,3996.55,3998.77,7358
1783963800,2026-07-13 17:30:00+00:00,3998.86,4000.87,3996.08,3996.85,6788
1783964700,2026-07-13 17:45:00+00:00,3996.84,3999.3,3992.04,3993.05,6796
1783965600,2026-07-13 18:00:00+00:00,3993.05,3995.09,3989.95,3993.75,6692
1783966500,2026-07-13 18:15:00+00:00,3993.73,3996.81,3986.55,3995.21,6563
1783967400,2026-07-13 18:30:00+00:00,3995.21,4000.71,3993.98,4000.09,6091
1783968300,2026-07-13 18:45:00+00:00,4000.07,4005.07,3998.12,4001.38,6233
1783969200,2026-07-13 19:00:00+00:00,4001.39,4004.45,3997.64,3997.99,6607
1783970100,2026-07-13 19:15:00+00:00,3997.99,4000.79,3996.71,3998.28,5239
1783971000,2026-07-13 19:30:00+00:00,3998.22,4001.01,3993.43,3999.09,6402
1783971900,2026-07-13 19:45:00+00:00,3999.06,4002.34,3996.85,4001.97,7127
1783980000,2026-07-13 22:00:00+00:00,3977.51,4005.94,3971.22,4003.84,1461
1783980900,2026-07-13 22:15:00+00:00,4003.84,4005.84,4003.62,4004.37,1250
1783981800,2026-07-13 22:30:00+00:00,4004.3,4005.5,4002.9,4003.87,1591
1783982700,2026-07-13 22:45:00+00:00,4003.87,4005.14,4000.74,4000.88,2042
1783983600,2026-07-13 23:00:00+00:00,4000.9,4003.05,3999.52,4000.19,1941
1783984500,2026-07-13 23:15:00+00:00,4000.19,4000.52,3996.89,3997.39,1994
1783985400,2026-07-13 23:30:00+00:00,3997.24,3997.41,3993.54,3995.44,2533
1783986300,2026-07-13 23:45:00+00:00,3995.36,4001.98,3992.57,4001.04,4841
1783987200,2026-07-14 00:00:00+00:00,4001.13,4004.77,3983.12,3995.32,9774
1783988100,2026-07-14 00:15:00+00:00,3995.34,3996.93,3985.68,3995.29,8835
1783989000,2026-07-14 00:30:00+00:00,3995.29,4007.08,3994.19,4002.9,8277
1783989900,2026-07-14 00:45:00+00:00,4002.85,4007.18,4000.41,4004.16,8514
1783990800,2026-07-14 01:00:00+00:00,4004.16,4004.38,3992.08,3995.21,9894
1783991700,2026-07-14 01:15:00+00:00,3995.2,4004.75,3995.01,3997.81,7214
1783992600,2026-07-14 01:30:00+00:00,3997.81,4004.03,3992.7,4001.99,7782
1783993500,2026-07-14 01:45:00+00:00,4001.97,4012.12,3998.76,4010.61,7550
1783994400,2026-07-14 02:00:00+00:00,4010.49,4017.81,4005.93,4016.59,6501
1783995300,2026-07-14 02:15:00+00:00,4016.61,4019.07,4013.61,4017.8,5152
1783996200,2026-07-14 02:30:00+00:00,4017.78,4019.0,4010.59,4010.83,5468
1783997100,2026-07-14 02:45:00+00:00,4010.83,4013.92,4009.04,4012.13,4743
1783998000,2026-07-14 03:00:00+00:00,4012.13,4016.67,4012.06,4013.98,4987
1783998900,2026-07-14 03:15:00+00:00,4014.08,4018.77,4011.04,4017.95,5222
1783999800,2026-07-14 03:30:00+00:00,4018.0,4019.02,4013.76,4015.3,4182
1784000700,2026-07-14 03:45:00+00:00,4015.3,4018.07,4014.49,4016.87,3122
1784001600,2026-07-14 04:00:00+00:00,4016.91,4018.78,4013.44,4015.63,3736
1784002500,2026-07-14 04:15:00+00:00,4015.78,4017.31,4014.0,4015.61,3052
1784003400,2026-07-14 04:30:00+00:00,4015.61,4023.41,4015.61,4020.51,3140
1784004300,2026-07-14 04:45:00+00:00,4020.38,4021.33,4015.79,4020.23,3056
1784005200,2026-07-14 05:00:00+00:00,4020.33,4023.93,4019.62,4023.07,3332
1784006100,2026-07-14 05:15:00+00:00,4023.07,4024.07,4019.95,4022.7,3512
1784007000,2026-07-14 05:30:00+00:00,4022.7,4034.05,4022.44,4032.09,6427
1784007900,2026-07-14 05:45:00+00:00,4032.04,4032.7,4029.09,4031.24,5021
1784008800,2026-07-14 06:00:00+00:00,4031.28,4033.14,4028.65,4030.88,4819
1784009700,2026-07-14 06:15:00+00:00,4030.88,4031.1,4022.93,4022.94,4604
1784010600,2026-07-14 06:30:00+00:00,4022.94,4026.34,4021.67,4025.21,5305
1784011500,2026-07-14 06:45:00+00:00,4025.21,4026.69,4022.99,4023.93,4880
1784012400,2026-07-14 07:00:00+00:00,4023.89,4028.99,4020.71,4024.73,5801
1784013300,2026-07-14 07:15:00+00:00,4024.71,4029.84,4024.43,4026.22,5239
1784014200,2026-07-14 07:30:00+00:00,4026.22,4029.59,4022.86,4023.65,4605
1784015100,2026-07-14 07:45:00+00:00,4023.65,4026.1,4020.14,4020.69,6214
1784016000,2026-07-14 08:00:00+00:00,4020.69,4022.46,4014.4,4017.27,6867
1784016900,2026-07-14 08:15:00+00:00,4017.27,4023.04,4017.15,4021.72,4336
1784017800,2026-07-14 08:30:00+00:00,4021.5,4023.83,4018.72,4019.29,5267
1784018700,2026-07-14 08:45:00+00:00,4019.29,4020.9,4015.92,4015.97,4888
1784019600,2026-07-14 09:00:00+00:00,4015.96,4024.34,4013.84,4020.59,5329
1784020500,2026-07-14 09:15:00+00:00,4020.61,4021.82,4015.14,4015.8,5285
1784021400,2026-07-14 09:30:00+00:00,4015.74,4018.14,4013.69,4017.22,4649
1784022300,2026-07-14 09:45:00+00:00,4017.17,4023.88,4016.34,4021.71,4937
1784023200,2026-07-14 10:00:00+00:00,4021.62,4022.2,4016.87,4018.22,4050
1784024100,2026-07-14 10:15:00+00:00,4018.22,4020.01,4015.66,4017.74,4289
1784025000,2026-07-14 10:30:00+00:00,4017.75,4020.12,4015.13,4019.11,4934
1784025900,2026-07-14 10:45:00+00:00,4019.11,4022.84,4017.98,4021.59,3934
1784026800,2026-07-14 11:00:00+00:00,4021.6,4024.0,4015.36,4022.82,5904
1784027700,2026-07-14 11:15:00+00:00,4022.84,4028.37,4020.55,4024.95,4924
1784028600,2026-07-14 11:30:00+00:00,4024.93,4030.31,4024.52,4028.0,5014
1784029500,2026-07-14 11:45:00+00:00,4027.98,4031.88,4025.73,4031.2,4862
1784030400,2026-07-14 12:00:00+00:00,4031.14,4035.93,4025.09,4025.76,5864
1784031300,2026-07-14 12:15:00+00:00,4025.82,4030.89,4023.18,4029.36,5930
1784032200,2026-07-14 12:30:00+00:00,4029.36,4102.56,4029.2,4092.7,12509
1784033100,2026-07-14 12:45:00+00:00,4093.15,4095.19,4068.9,4076.12,10644
1784034000,2026-07-14 13:00:00+00:00,4076.09,4083.35,4070.79,4075.03,9682
1784034900,2026-07-14 13:15:00+00:00,4075.03,4086.23,4072.08,4081.3,8751
1784035800,2026-07-14 13:30:00+00:00,4081.42,4088.57,4075.72,4087.47,12402
1784036700,2026-07-14 13:45:00+00:00,4087.49,4087.49,4074.08,4076.39,11355
1784037600,2026-07-14 14:00:00+00:00,4076.39,4085.0,4072.59,4082.21,11334
1784038500,2026-07-14 14:15:00+00:00,4082.21,4085.23,4070.56,4076.8,11934
1784039400,2026-07-14 14:30:00+00:00,4076.81,4090.03,4073.14,4080.02,10883
1784040300,2026-07-14 14:45:00+00:00,4079.99,4087.54,4077.41,4085.05,9818
1784041200,2026-07-14 15:00:00+00:00,4085.06,4100.67,4078.65,4090.11,10296
1784042100,2026-07-14 15:15:00+00:00,4090.05,4090.99,4082.42,4084.94,7464
1784043000,2026-07-14 15:30:00+00:00,4084.85,4086.82,4066.69,4074.07,9173
1784043900,2026-07-14 15:45:00+00:00,4074.04,4076.48,4064.42,4066.11,9635
1784044800,2026-07-14 16:00:00+00:00,4066.1,4067.02,4057.71,4062.86,8845
1784045700,2026-07-14 16:15:00+00:00,4062.77,4065.05,4057.86,4059.4,6707
1784046600,2026-07-14 16:30:00+00:00,4059.42,4062.8,4057.68,4060.82,6794
1784047500,2026-07-14 16:45:00+00:00,4060.83,4062.17,4057.69,4061.52,5550
1784048400,2026-07-14 17:00:00+00:00,4061.52,4064.7,4055.37,4056.62,6604
1784049300,2026-07-14 17:15:00+00:00,4056.62,4064.09,4054.3,4062.84,7032
1784050200,2026-07-14 17:30:00+00:00,4062.82,4065.04,4059.37,4059.74,5277
1784051100,2026-07-14 17:45:00+00:00,4059.74,4063.82,4058.3,4062.77,4996
1784052000,2026-07-14 18:00:00+00:00,4062.71,4062.83,4059.65,4061.61,5235
1784052900,2026-07-14 18:15:00+00:00,4061.64,4063.1,4056.6,4058.46,5348
1784053800,2026-07-14 18:30:00+00:00,4058.49,4059.54,4042.8,4046.46,6841
1784054700,2026-07-14 18:45:00+00:00,4046.46,4054.75,4044.68,4054.11,4670
1784055600,2026-07-14 19:00:00+00:00,4054.17,4057.3,4052.28,4056.55,5292
1784056500,2026-07-14 19:15:00+00:00,4056.55,4056.97,4051.28,4051.58,4984
1784057400,2026-07-14 19:30:00+00:00,4051.6,4052.82,4047.54,4052.44,4250
1784058300,2026-07-14 19:45:00+00:00,4052.42,4056.92,4051.64,4055.57,5445
1784066400,2026-07-14 22:00:00+00:00,4019.79,4052.87,4019.79,4050.6,1360
1784067300,2026-07-14 22:15:00+00:00,4050.65,4052.02,4049.09,4051.63,2289
1784068200,2026-07-14 22:30:00+00:00,4051.61,4052.76,4048.9,4050.52,2105
1784069100,2026-07-14 22:45:00+00:00,4050.49,4050.7,4048.47,4048.93,1537
1784070000,2026-07-14 23:00:00+00:00,4048.93,4050.2,4046.74,4047.54,1797
1784070900,2026-07-14 23:15:00+00:00,4047.47,4053.88,4046.67,4053.86,2285
1784071800,2026-07-14 23:30:00+00:00,4053.77,4056.03,4051.24,4054.73,2733
1784072700,2026-07-14 23:45:00+00:00,4054.7,4055.0,4051.97,4053.01,2674
1784073600,2026-07-15 00:00:00+00:00,4053.0,4056.16,4050.94,4051.21,6934
1784074500,2026-07-15 00:15:00+00:00,4051.21,4058.1,4051.05,4058.1,4710
1784075400,2026-07-15 00:30:00+00:00,4058.27,4058.56,4052.16,4054.61,3983
1784076300,2026-07-15 00:45:00+00:00,4054.61,4060.66,4054.1,4058.99,4053
1784077200,2026-07-15 01:00:00+00:00,4058.99,4062.14,4055.1,4055.67,7069
1784078100,2026-07-15 01:15:00+00:00,4055.52,4057.31,4052.63,4054.39,6938
1784079000,2026-07-15 01:30:00+00:00,4054.39,4054.7,4036.4,4038.8,7729
1784079900,2026-07-15 01:45:00+00:00,4038.8,4042.53,4035.43,4037.33,6583
1784080800,2026-07-15 02:00:00+00:00,4037.16,4042.2,4033.91,4036.65,6419
1784081700,2026-07-15 02:15:00+00:00,4036.65,4036.93,4029.03,4033.09,5055
1784082600,2026-07-15 02:30:00+00:00,4032.89,4041.88,4032.65,4041.65,5351
1784083500,2026-07-15 02:45:00+00:00,4041.66,4041.95,4034.37,4035.06,4923
1784084400,2026-07-15 03:00:00+00:00,4034.97,4040.32,4032.76,4033.93,4638
1784085300,2026-07-15 03:15:00+00:00,4033.94,4035.28,4029.99,4030.94,5137
1784086200,2026-07-15 03:30:00+00:00,4030.94,4035.59,4027.94,4029.29,3745
1784087100,2026-07-15 03:45:00+00:00,4029.28,4033.49,4029.15,4031.2,2958
1784088000,2026-07-15 04:00:00+00:00,4031.18,4033.26,4029.92,4031.54,2620
1784088900,2026-07-15 04:15:00+00:00,4031.52,4035.13,4030.91,4033.47,2970
1784089800,2026-07-15 04:30:00+00:00,4033.47,4035.03,4027.96,4030.0,2529
1784090700,2026-07-15 04:45:00+00:00,4030.13,4034.35,4030.08,4033.15,1853
1784091600,2026-07-15 05:00:00+00:00,4033.15,4035.99,4025.05,4026.07,4788
1784092500,2026-07-15 05:15:00+00:00,4026.05,4028.56,4024.64,4025.06,3541
1784093400,2026-07-15 05:30:00+00:00,4025.04,4036.58,4022.08,4029.45,5853
1784094300,2026-07-15 05:45:00+00:00,4029.64,4034.64,4027.13,4034.6,4686
1784095200,2026-07-15 06:00:00+00:00,4034.6,4035.49,4027.16,4027.61,6038
1784096100,2026-07-15 06:15:00+00:00,4027.59,4028.62,4021.16,4026.3,5851
1784097000,2026-07-15 06:30:00+00:00,4026.32,4033.11,4022.59,4032.48,4994
1784097900,2026-07-15 06:45:00+00:00,4032.48,4033.76,4029.55,4032.08,5928
1784098800,2026-07-15 07:00:00+00:00,4032.15,4034.29,4028.14,4029.34,5478
1784099700,2026-07-15 07:15:00+00:00,4029.35,4029.91,4019.88,4024.0,5560
1784100600,2026-07-15 07:30:00+00:00,4023.95,4026.93,4019.65,4022.81,5177
1784101500,2026-07-15 07:45:00+00:00,4022.81,4026.69,4021.3,4024.31,4695
1784102400,2026-07-15 08:00:00+00:00,4024.6,4025.95,4017.25,4017.82,6108
1784103300,2026-07-15 08:15:00+00:00,4017.82,4026.75,4017.81,4026.69,5895
1784104200,2026-07-15 08:30:00+00:00,4026.71,4029.23,4024.43,4028.52,4781
1784105100,2026-07-15 08:45:00+00:00,4028.51,4033.15,4027.62,4031.15,3913
1784106000,2026-07-15 09:00:00+00:00,4031.14,4034.21,4029.53,4030.33,4923
1784106900,2026-07-15 09:15:00+00:00,4030.33,4032.91,4026.95,4027.39,4061
1784107800,2026-07-15 09:30:00+00:00,4027.3,4029.57,4025.43,4027.27,4096
1784108700,2026-07-15 09:45:00+00:00,4027.3,4030.4,4026.1,4030.23,3857
1784109600,2026-07-15 10:00:00+00:00,4030.23,4035.94,4028.64,4033.59,4642
1784110500,2026-07-15 10:15:00+00:00,4033.56,4035.53,4026.5,4028.84,5347
1784111400,2026-07-15 10:30:00+00:00,4028.84,4034.04,4028.32,4031.13,5337
1784112300,2026-07-15 10:45:00+00:00,4031.13,4031.22,4027.0,4027.99,4590
1784113200,2026-07-15 11:00:00+00:00,4027.86,4032.86,4027.59,4030.3,5724
1784114100,2026-07-15 11:15:00+00:00,4030.33,4031.24,4027.6,4030.72,5043
1784115000,2026-07-15 11:30:00+00:00,4030.74,4039.38,4029.26,4037.4,4606
1784115900,2026-07-15 11:45:00+00:00,4037.39,4040.17,4035.45,4038.29,5740
1784116800,2026-07-15 12:00:00+00:00,4038.29,4042.55,4035.87,4037.84,5998
1784117700,2026-07-15 12:15:00+00:00,4037.9,4040.78,4037.35,4039.44,7245
1784118600,2026-07-15 12:30:00+00:00,4039.02,4066.07,4038.9,4063.05,10213
1784119500,2026-07-15 12:45:00+00:00,4063.05,4071.41,4060.96,4067.79,8582
1784120400,2026-07-15 13:00:00+00:00,4067.79,4074.02,4061.57,4061.57,9641
1784121300,2026-07-15 13:15:00+00:00,4061.49,4066.56,4054.11,4055.8,7059
1784122200,2026-07-15 13:30:00+00:00,4055.7,4063.08,4055.41,4060.96,8973
1784123100,2026-07-15 13:45:00+00:00,4060.96,4066.29,4054.85,4061.63,9844
1784124000,2026-07-15 14:00:00+00:00,4061.63,4065.6,4059.92,4064.22,9642
1784124900,2026-07-15 14:15:00+00:00,4064.31,4065.95,4055.46,4058.39,10644
1784125800,2026-07-15 14:30:00+00:00,4058.42,4063.95,4056.81,4057.23,10096
1784126700,2026-07-15 14:45:00+00:00,4057.33,4060.97,4053.19,4060.4,10898
1784127600,2026-07-15 15:00:00+00:00,4060.56,4062.93,4042.96,4043.92,10068
1784128500,2026-07-15 15:15:00+00:00,4043.87,4049.79,4039.49,4049.0,10195
1784129400,2026-07-15 15:30:00+00:00,4049.05,4050.46,4044.53,4049.6,9771
1784130300,2026-07-15 15:45:00+00:00,4049.61,4050.8,4046.29,4046.83,7802
1784131200,2026-07-15 16:00:00+00:00,4046.89,4047.84,4037.19,4038.33,8144
1784132100,2026-07-15 16:15:00+00:00,4038.32,4040.83,4032.88,4034.77,9484
1784133000,2026-07-15 16:30:00+00:00,4034.77,4036.89,4026.71,4028.69,8981
1784133900,2026-07-15 16:45:00+00:00,4028.71,4037.96,4027.41,4033.75,8825
1784134800,2026-07-15 17:00:00+00:00,4033.73,4039.17,4032.74,4035.89,7125
1784135700,2026-07-15 17:15:00+00:00,4035.67,4048.13,4033.15,4047.52,7128
1784136600,2026-07-15 17:30:00+00:00,4047.3,4063.02,4046.84,4062.37,6719
1784137500,2026-07-15 17:45:00+00:00,4062.37,4066.03,4060.16,4062.17,7399
1784138400,2026-07-15 18:00:00+00:00,4062.2,4070.31,4061.67,4067.86,7009
1784139300,2026-07-15 18:15:00+00:00,4067.86,4075.26,4066.66,4074.0,7196
1784140200,2026-07-15 18:30:00+00:00,4074.0,4081.45,4067.65,4067.65,6588
1784141100,2026-07-15 18:45:00+00:00,4067.65,4068.4,4057.76,4059.03,6290
1784142000,2026-07-15 19:00:00+00:00,4059.06,4062.9,4057.2,4060.91,5935
1784142900,2026-07-15 19:15:00+00:00,4060.89,4061.4,4052.78,4056.03,5141
1784143800,2026-07-15 19:30:00+00:00,4056.03,4057.53,4047.87,4051.1,6971
1784144700,2026-07-15 19:45:00+00:00,4051.12,4057.2,4050.46,4056.88,5863
1784152800,2026-07-15 22:00:00+00:00,4050.87,4065.25,4050.87,4063.44,1337
1784153700,2026-07-15 22:15:00+00:00,4063.34,4064.06,4061.26,4062.11,1259
1784154600,2026-07-15 22:30:00+00:00,4062.24,4062.27,4059.03,4060.02,1351
1784155500,2026-07-15 22:45:00+00:00,4059.99,4061.36,4058.01,4059.33,1386
1784156400,2026-07-15 23:00:00+00:00,4059.32,4061.99,4058.72,4060.21,1440
1784157300,2026-07-15 23:15:00+00:00,4060.18,4060.29,4056.92,4057.58,1422
1784158200,2026-07-15 23:30:00+00:00,4057.58,4059.12,4055.5,4057.78,1415
1784159100,2026-07-15 23:45:00+00:00,4057.78,4060.64,4056.09,4057.8,2875
1784160000,2026-07-16 00:00:00+00:00,4057.79,4059.42,4054.75,4056.3,4978
1784160900,2026-07-16 00:15:00+00:00,4056.3,4060.31,4054.92,4058.25,4035
1784161800,2026-07-16 00:30:00+00:00,4058.25,4061.09,4053.95,4054.93,3694
1784162700,2026-07-16 00:45:00+00:00,4054.78,4060.83,4043.7,4044.49,4984
1784163600,2026-07-16 01:00:00+00:00,4044.49,4050.45,4040.84,4045.14,7123
1784164500,2026-07-16 01:15:00+00:00,4045.18,4045.27,4033.82,4036.75,6607
1784165400,2026-07-16 01:30:00+00:00,4036.76,4045.96,4036.55,4042.11,5483
1784166300,2026-07-16 01:45:00+00:00,4042.11,4043.89,4037.06,4038.99,5734
1784167200,2026-07-16 02:00:00+00:00,4038.99,4040.04,4031.08,4032.43,5024
1784168100,2026-07-16 02:15:00+00:00,4032.48,4034.94,4028.78,4034.55,4111
1784169000,2026-07-16 02:30:00+00:00,4034.53,4035.71,4024.15,4027.66,5790
1784169900,2026-07-16 02:45:00+00:00,4027.66,4032.43,4024.58,4031.42,4131
1784170800,2026-07-16 03:00:00+00:00,4031.42,4033.03,4029.13,4029.78,4709
1784171700,2026-07-16 03:15:00+00:00,4029.82,4033.98,4027.63,4033.87,4148
1784172600,2026-07-16 03:30:00+00:00,4033.87,4036.2,4032.29,4035.44,3373
1784173500,2026-07-16 03:45:00+00:00,4035.44,4036.84,4034.09,4036.22,2500
1784174400,2026-07-16 04:00:00+00:00,4036.21,4037.86,4031.86,4036.89,2728
1784175300,2026-07-16 04:15:00+00:00,4036.87,4036.88,4031.87,4033.95,1914
1784176200,2026-07-16 04:30:00+00:00,4033.95,4035.32,4031.88,4032.56,2187
1784177100,2026-07-16 04:45:00+00:00,4032.56,4035.25,4032.27,4033.16,1612
1784178000,2026-07-16 05:00:00+00:00,4033.09,4033.92,4029.22,4030.79,3073
1784178900,2026-07-16 05:15:00+00:00,4030.79,4032.94,4026.59,4027.6,3558
1784179800,2026-07-16 05:30:00+00:00,4027.61,4033.08,4025.01,4032.43,6807
1784180700,2026-07-16 05:45:00+00:00,4032.45,4032.81,4025.37,4027.27,5450
1784181600,2026-07-16 06:00:00+00:00,4027.08,4036.46,4026.77,4032.02,6574
1784182500,2026-07-16 06:15:00+00:00,4032.14,4032.89,4027.85,4030.34,4877
1784183400,2026-07-16 06:30:00+00:00,4030.31,4030.76,4022.85,4026.92,5603
1784184300,2026-07-16 06:45:00+00:00,4026.92,4031.41,4026.34,4030.56,4854
1784185200,2026-07-16 07:00:00+00:00,4030.6,4030.68,4025.58,4026.18,4410
1784186100,2026-07-16 07:15:00+00:00,4026.02,4026.88,4023.75,4024.44,4218
1784187000,2026-07-16 07:30:00+00:00,4024.44,4028.34,4022.93,4025.97,4094
1784187900,2026-07-16 07:45:00+00:00,4026.02,4031.79,4025.78,4030.63,4512
1784188800,2026-07-16 08:00:00+00:00,4030.52,4034.12,4025.35,4025.68,5122
1784189700,2026-07-16 08:15:00+00:00,4025.68,4033.65,4025.21,4032.25,4056
1784190600,2026-07-16 08:30:00+00:00,4032.25,4035.59,4031.95,4033.59,4152
1784191500,2026-07-16 08:45:00+00:00,4033.62,4036.49,4033.08,4035.23,3100
1784192400,2026-07-16 09:00:00+00:00,4035.28,4037.51,4035.16,4036.91,2663
1784193300,2026-07-16 09:15:00+00:00,4036.91,4037.76,4030.7,4033.04,2653
1784194200,2026-07-16 09:30:00+00:00,4033.07,4034.99,4030.29,4034.25,3125
1784195100,2026-07-16 09:45:00+00:00,4034.23,4036.2,4031.5,4031.56,2656
1784196000,2026-07-16 10:00:00+00:00,4031.51,4032.77,4029.53,4031.73,2857
1784196900,2026-07-16 10:15:00+00:00,4031.73,4034.72,4031.36,4033.23,2727
1784197800,2026-07-16 10:30:00+00:00,4033.27,4034.52,4031.47,4033.05,3415
1784198700,2026-07-16 10:45:00+00:00,4033.06,4033.2,4028.51,4029.45,3000
1784199600,2026-07-16 11:00:00+00:00,4029.45,4030.12,4026.43,4027.94,3421
1784200500,2026-07-16 11:15:00+00:00,4027.71,4027.83,4021.14,4024.32,4200
1784201400,2026-07-16 11:30:00+00:00,4024.32,4035.92,4023.47,4034.85,4857
1784202300,2026-07-16 11:45:00+00:00,4034.84,4042.29,4027.18,4038.36,6482
1784203200,2026-07-16 12:00:00+00:00,4038.36,4043.27,4027.6,4031.66,6227
1784204100,2026-07-16 12:15:00+00:00,4031.66,4032.11,4012.67,4024.44,8090
1784205000,2026-07-16 12:30:00+00:00,4024.44,4029.5,4000.4,4002.68,8913
1784205900,2026-07-16 12:45:00+00:00,4002.68,4008.83,3990.34,3992.24,9009
1784206800,2026-07-16 13:00:00+00:00,3992.25,3996.86,3973.57,3992.21,10551
1784207700,2026-07-16 13:15:00+00:00,3992.23,4006.11,3991.06,4005.42,8230
1784208600,2026-07-16 13:30:00+00:00,4005.41,4008.3,3981.79,3986.21,12381
1784209500,2026-07-16 13:45:00+00:00,3986.22,3996.99,3986.09,3990.03,10702
1784210400,2026-07-16 14:00:00+00:00,3989.98,3997.28,3986.98,3989.08,10839
1784211300,2026-07-16 14:15:00+00:00,3989.06,4000.56,3987.62,3999.1,10761
1784212200,2026-07-16 14:30:00+00:00,3999.19,4004.71,3995.52,4004.64,9237
1784213100,2026-07-16 14:45:00+00:00,4004.65,4005.5,3992.37,3997.74,7999
1784214000,2026-07-16 15:00:00+00:00,3997.74,3998.6,3989.32,3992.84,7919
1784214900,2026-07-16 15:15:00+00:00,3992.84,4016.84,3992.64,4011.35,9167
1784215800,2026-07-16 15:30:00+00:00,4011.35,4016.14,4007.54,4010.38,7634
1784216700,2026-07-16 15:45:00+00:00,4010.37,4013.13,4005.36,4006.95,5866
1784217600,2026-07-16 16:00:00+00:00,4006.95,4007.63,3989.82,3989.82,7162
1784218500,2026-07-16 16:15:00+00:00,3989.66,3991.61,3982.33,3987.39,8179
1784219400,2026-07-16 16:30:00+00:00,3987.41,3992.55,3986.76,3991.97,5523
1784220300,2026-07-16 16:45:00+00:00,3991.9,3996.99,3989.23,3992.03,5746
1784221200,2026-07-16 17:00:00+00:00,3992.03,3992.97,3984.45,3985.75,5117
1784222100,2026-07-16 17:15:00+00:00,3985.75,3988.71,3982.64,3987.54,7985
1784223000,2026-07-16 17:30:00+00:00,3987.55,3988.69,3979.95,3981.52,6205
1784223900,2026-07-16 17:45:00+00:00,3981.51,3987.56,3980.93,3984.53,6331
1784224800,2026-07-16 18:00:00+00:00,3984.62,3989.3,3983.54,3985.11,6961
1784225700,2026-07-16 18:15:00+00:00,3985.08,3990.34,3984.3,3986.35,6057
1784226600,2026-07-16 18:30:00+00:00,3986.35,3986.35,3976.52,3983.08,7257
1784227500,2026-07-16 18:45:00+00:00,3983.08,3984.87,3979.38,3980.27,4340
1784228400,2026-07-16 19:00:00+00:00,3980.3,3986.06,3978.97,3980.43,5999
1784229300,2026-07-16 19:15:00+00:00,3980.42,3984.01,3978.47,3978.75,4903
1784230200,2026-07-16 19:30:00+00:00,3978.74,3979.57,3969.1,3975.64,6667
1784231100,2026-07-16 19:45:00+00:00,3975.67,3982.55,3972.97,3979.87,5846
1784239200,2026-07-16 22:00:00+00:00,3973.91,3980.2,3971.79,3976.18,1620
1784240100,2026-07-16 22:15:00+00:00,3976.18,3977.58,3974.65,3976.41,1541
1784241000,2026-07-16 22:30:00+00:00,3976.37,3976.87,3973.36,3973.44,1399
1784241900,2026-07-16 22:45:00+00:00,3973.48,3978.42,3973.14,3978.28,1284
1784242800,2026-07-16 23:00:00+00:00,3978.27,3980.28,3975.07,3980.06,2277
1784243700,2026-07-16 23:15:00+00:00,3980.04,3980.56,3977.63,3978.29,1435
1784244600,2026-07-16 23:30:00+00:00,3978.29,3981.85,3975.45,3981.38,2025
1784245500,2026-07-16 23:45:00+00:00,3981.38,3986.41,3976.53,3985.9,5233
1784246400,2026-07-17 00:00:00+00:00,3985.9,3987.32,3983.05,3983.86,6691
1784247300,2026-07-17 00:15:00+00:00,3983.81,3990.89,3983.67,3984.76,6025
1784248200,2026-07-17 00:30:00+00:00,3984.76,3985.06,3980.48,3981.97,4511
1784249100,2026-07-17 00:45:00+00:00,3981.93,3991.95,3981.44,3991.91,5682
1784250000,2026-07-17 01:00:00+00:00,3991.91,3994.97,3987.19,3992.02,9213
1784250900,2026-07-17 01:15:00+00:00,3992.02,3996.11,3987.85,3990.98,7177
1784251800,2026-07-17 01:30:00+00:00,3990.98,3995.37,3988.82,3991.32,7668
1784252700,2026-07-17 01:45:00+00:00,3991.16,3992.66,3978.99,3983.14,7237
1784253600,2026-07-17 02:00:00+00:00,3983.16,3987.25,3979.63,3980.72,6538
1784254500,2026-07-17 02:15:00+00:00,3980.74,3984.36,3980.24,3983.06,4442
1784255400,2026-07-17 02:30:00+00:00,3983.08,3984.13,3970.55,3974.82,7302
1784256300,2026-07-17 02:45:00+00:00,3974.91,3980.08,3974.29,3979.11,6819
1784257200,2026-07-17 03:00:00+00:00,3979.11,3992.44,3978.66,3988.51,7092
1784258100,2026-07-17 03:15:00+00:00,3988.61,4008.57,3988.42,4000.98,6901
1784259000,2026-07-17 03:30:00+00:00,4000.97,4001.45,3995.83,3997.44,4232
1784259900,2026-07-17 03:45:00+00:00,3997.46,3998.49,3990.54,3991.34,3955
1784260800,2026-07-17 04:00:00+00:00,3991.34,3991.67,3987.24,3988.74,3519
1784261700,2026-07-17 04:15:00+00:00,3988.75,3990.14,3985.14,3986.18,3948
1784262600,2026-07-17 04:30:00+00:00,3986.19,3988.12,3980.11,3981.85,5070
1784263500,2026-07-17 04:45:00+00:00,3981.89,3984.57,3980.22,3981.74,3312
1784264400,2026-07-17 05:00:00+00:00,3981.74,3982.78,3977.04,3979.59,4420
1784265300,2026-07-17 05:15:00+00:00,3979.59,3981.61,3975.2,3979.68,4937
1784266200,2026-07-17 05:30:00+00:00,3979.65,3990.36,3978.36,3986.62,8831
1784267100,2026-07-17 05:45:00+00:00,3986.62,3991.42,3981.62,3985.11,7067
1784268000,2026-07-17 06:00:00+00:00,3985.04,4000.76,3985.02,3999.7,7964
1784268900,2026-07-17 06:15:00+00:00,3999.71,4005.93,3997.71,4003.61,6826
1784269800,2026-07-17 06:30:00+00:00,4003.63,4007.12,3995.62,3996.19,6308
1784270700,2026-07-17 06:45:00+00:00,3996.18,4001.52,3995.8,3999.23,6164
1784271600,2026-07-17 07:00:00+00:00,3999.23,4002.49,3993.13,3996.5,6673
1784272500,2026-07-17 07:15:00+00:00,3996.47,3999.25,3993.97,3996.19,6096
1784273400,2026-07-17 07:30:00+00:00,3996.35,3998.64,3994.0,3998.61,6225
1784274300,2026-07-17 07:45:00+00:00,3998.59,3998.66,3992.53,3992.72,5202
1784275200,2026-07-17 08:00:00+00:00,3992.62,3999.85,3991.34,3993.16,6866
1784276100,2026-07-17 08:15:00+00:00,3993.17,3994.98,3987.89,3992.37,7456
1784277000,2026-07-17 08:30:00+00:00,3992.43,3993.43,3987.8,3993.3,5935
1784277900,2026-07-17 08:45:00+00:00,3993.29,3999.34,3991.63,3994.14,5134
1784278800,2026-07-17 09:00:00+00:00,3994.14,3998.49,3992.65,3997.87,6615
1784279700,2026-07-17 09:15:00+00:00,3997.91,4002.45,3995.53,3999.03,5332
1784280600,2026-07-17 09:30:00+00:00,3999.08,3999.64,3995.18,3995.71,5283
1784281500,2026-07-17 09:45:00+00:00,3995.69,3998.62,3994.67,3998.01,4517
1784282400,2026-07-17 10:00:00+00:00,3997.98,3998.68,3994.79,3997.25,5759
1784283300,2026-07-17 10:15:00+00:00,3997.3,3999.07,3994.37,3996.15,4726
1784284200,2026-07-17 10:30:00+00:00,3996.15,3997.5,3993.91,3996.35,3751
1784285100,2026-07-17 10:45:00+00:00,3996.35,3997.28,3990.34,3990.74,4101
1784286000,2026-07-17 11:00:00+00:00,3990.74,3994.27,3990.22,3991.65,4905
1784286900,2026-07-17 11:15:00+00:00,3991.64,3996.02,3989.85,3995.66,5498
1784287800,2026-07-17 11:30:00+00:00,3995.67,3996.53,3991.4,3991.99,5438
1784288700,2026-07-17 11:45:00+00:00,3991.99,3998.83,3991.39,3994.03,5134
1784289600,2026-07-17 12:00:00+00:00,3993.88,3995.46,3988.27,3989.9,5436
1784290500,2026-07-17 12:15:00+00:00,3989.9,3992.26,3984.24,3987.33,5604
1784291400,2026-07-17 12:30:00+00:00,3987.33,3988.31,3965.51,3969.55,5948
1784292300,2026-07-17 12:45:00+00:00,3969.55,3973.09,3964.05,3966.09,6991
1784293200,2026-07-17 13:00:00+00:00,3966.02,3975.66,3959.56,3969.76,9240
1784294100,2026-07-17 13:15:00+00:00,3969.76,3975.08,3967.06,3968.23,8290
1784295000,2026-07-17 13:30:00+00:00,3968.27,4003.4,3963.94,3984.95,12262
1784295900,2026-07-17 13:45:00+00:00,3984.97,3997.32,3981.02,3996.91,10277
1784296800,2026-07-17 14:00:00+00:00,3996.91,4000.69,3990.0,3994.47,11749
1784297700,2026-07-17 14:15:00+00:00,3994.47,4004.22,3993.59,3998.52,12050
1784298600,2026-07-17 14:30:00+00:00,3998.45,3999.65,3992.04,3997.68,11052
1784299500,2026-07-17 14:45:00+00:00,3997.67,4001.33,3992.82,4001.1,10522
1784300400,2026-07-17 15:00:00+00:00,4001.05,4014.0,3997.61,4005.96,9536
1784301300,2026-07-17 15:15:00+00:00,4005.96,4013.36,4004.51,4013.25,9211
1784302200,2026-07-17 15:30:00+00:00,4013.44,4016.31,4009.26,4015.24,9670
1784303100,2026-07-17 15:45:00+00:00,4015.3,4021.17,4013.73,4019.11,7920
1784304000,2026-07-17 16:00:00+00:00,4019.11,4020.36,4010.7,4017.88,9313
1784304900,2026-07-17 16:15:00+00:00,4017.79,4023.72,4016.65,4018.62,7656
1784305800,2026-07-17 16:30:00+00:00,4018.62,4019.23,4012.75,4017.35,6317
1784306700,2026-07-17 16:45:00+00:00,4017.35,4020.59,4014.53,4014.93,5965
1784307600,2026-07-17 17:00:00+00:00,4014.98,4019.22,4013.24,4013.31,5866
1784308500,2026-07-17 17:15:00+00:00,4013.3,4015.84,4012.31,4013.86,6250
1784309400,2026-07-17 17:30:00+00:00,4013.9,4014.52,4009.62,4010.89,5839
1784310300,2026-07-17 17:45:00+00:00,4010.88,4013.31,4008.3,4010.0,5946
1784311200,2026-07-17 18:00:00+00:00,4010.08,4012.87,4007.52,4010.38,6017
1784312100,2026-07-17 18:15:00+00:00,4010.39,4016.1,4008.83,4015.4,6544
1784313000,2026-07-17 18:30:00+00:00,4015.21,4016.14,4007.18,4008.11,4904
1784313900,2026-07-17 18:45:00+00:00,4008.11,4012.2,4006.52,4011.23,4946
1784314800,2026-07-17 19:00:00+00:00,4011.22,4011.45,4004.38,4005.97,4809
1784315700,2026-07-17 19:15:00+00:00,4005.97,4006.68,4002.31,4005.32,4401
1784316600,2026-07-17 19:30:00+00:00,4005.32,4010.02,4004.96,4009.92,3359
1784317500,2026-07-17 19:45:00+00:00,4009.92,4016.53,4009.28,4015.15,5576
1784498400,2026-07-19 22:00:00+00:00,4000.49,4006.17,3964.89,3996.51,3192
1784499300,2026-07-19 22:15:00+00:00,3996.16,4000.3,3994.65,3994.92,2996
1784500200,2026-07-19 22:30:00+00:00,3994.92,3999.25,3993.24,3996.74,3067
1784501100,2026-07-19 22:45:00+00:00,3996.74,3998.39,3994.59,3994.7,2041
1784502000,2026-07-19 23:00:00+00:00,3994.92,3995.56,3990.55,3990.97,2861
1784502900,2026-07-19 23:15:00+00:00,3990.99,3993.92,3990.51,3993.1,2024
1784503800,2026-07-19 23:30:00+00:00,3993.1,3994.32,3989.85,3992.35,2486
1784504700,2026-07-19 23:45:00+00:00,3992.35,3996.12,3989.2,3995.46,5390
1784505600,2026-07-20 00:00:00+00:00,3995.42,3998.79,3982.51,3996.07,7867
1784506500,2026-07-20 00:15:00+00:00,3996.11,4005.63,3993.35,4003.78,7518
1784507400,2026-07-20 00:30:00+00:00,4003.77,4007.22,3998.39,3998.66,6771
1784508300,2026-07-20 00:45:00+00:00,3998.66,4010.13,3998.49,4008.63,6177
1784509200,2026-07-20 01:00:00+00:00,4008.6,4020.9,4005.59,4010.06,10583
1784510100,2026-07-20 01:15:00+00:00,4010.07,4010.29,3999.67,4003.01,8817
1784511000,2026-07-20 01:30:00+00:00,4003.05,4005.69,3995.42,3997.04,8831
1784511900,2026-07-20 01:45:00+00:00,3997.03,4004.39,3996.96,4002.09,7922
1784512800,2026-07-20 02:00:00+00:00,4002.05,4009.84,4001.28,4006.21,8534
1784513700,2026-07-20 02:15:00+00:00,4006.21,4008.81,4003.92,4006.81,5390
1784514600,2026-07-20 02:30:00+00:00,4006.84,4016.12,4005.91,4014.78,8639
1784515500,2026-07-20 02:45:00+00:00,4014.84,4028.74,4013.8,4021.81,7456
1784516400,2026-07-20 03:00:00+00:00,4021.62,4024.51,4018.47,4024.06,7536
1784517300,2026-07-20 03:15:00+00:00,4024.07,4026.75,4021.55,4022.08,6987
1784518200,2026-07-20 03:30:00+00:00,4022.07,4027.93,4018.67,4027.15,4621
1784519100,2026-07-20 03:45:00+00:00,4027.21,4027.77,4022.63,4024.06,4330
1784520000,2026-07-20 04:00:00+00:00,4024.03,4026.72,4021.39,4021.47,3341
1784520900,2026-07-20 04:15:00+00:00,4021.47,4025.47,4021.37,4025.27,3226
1784521800,2026-07-20 04:30:00+00:00,4025.27,4025.44,4022.11,4022.95,3312
1784522700,2026-07-20 04:45:00+00:00,4022.99,4022.99,4018.4,4018.89,3523
1784523600,2026-07-20 05:00:00+00:00,4018.97,4021.13,4011.77,4013.77,4207
1784524500,2026-07-20 05:15:00+00:00,4013.75,4014.93,4009.89,4010.94,4246
1784525400,2026-07-20 05:30:00+00:00,4010.94,4014.51,4007.84,4009.88,6999
1784526300,2026-07-20 05:45:00+00:00,4009.9,4010.84,4005.31,4008.61,6642
1784527200,2026-07-20 06:00:00+00:00,4008.58,4011.76,4006.68,4007.41,6075
1784528100,2026-07-20 06:15:00+00:00,4007.2,4009.57,4003.88,4004.83,6469
1784529000,2026-07-20 06:30:00+00:00,4004.83,4006.53,4002.77,4004.81,6230
1784529900,2026-07-20 06:45:00+00:00,4004.81,4007.56,4003.12,4003.84,5325
1784530800,2026-07-20 07:00:00+00:00,4003.84,4006.9,4002.02,4004.26,5415
1784531700,2026-07-20 07:15:00+00:00,4004.27,4008.73,4002.2,4006.71,5562
1784532600,2026-07-20 07:30:00+00:00,4006.63,4021.04,4006.48,4021.01,7550
1784533500,2026-07-20 07:45:00+00:00,4021.03,4021.78,4015.77,4017.14,5950
1784534400,2026-07-20 08:00:00+00:00,4017.28,4025.49,4017.07,4023.93,6758
1784535300,2026-07-20 08:15:00+00:00,4023.93,4030.62,4021.73,4021.91,6316
1784536200,2026-07-20 08:30:00+00:00,4021.86,4024.87,4018.9,4021.8,5695
1784537100,2026-07-20 08:45:00+00:00,4021.95,4022.89,4017.5,4019.0,4424
1784538000,2026-07-20 09:00:00+00:00,4018.97,4021.02,4015.21,4019.42,4838
1784538900,2026-07-20 09:15:00+00:00,4019.33,4022.07,4015.55,4016.43,4178
1784539800,2026-07-20 09:30:00+00:00,4016.42,4020.95,4014.72,4019.19,4477
1784540700,2026-07-20 09:45:00+00:00,4019.18,4023.28,4017.55,4021.22,4272
1784541600,2026-07-20 10:00:00+00:00,4021.22,4021.79,4018.19,4020.76,3825
1784542500,2026-07-20 10:15:00+00:00,4020.76,4023.31,4018.71,4021.87,3612
1784543400,2026-07-20 10:30:00+00:00,4021.85,4024.18,4021.19,4022.09,3818
1784544300,2026-07-20 10:45:00+00:00,4022.23,4025.65,4020.84,4024.16,3856
1784545200,2026-07-20 11:00:00+00:00,4024.16,4027.31,4019.71,4022.0,5622
1784546100,2026-07-20 11:15:00+00:00,4022.22,4023.93,4019.95,4022.21,4200
1784547000,2026-07-20 11:30:00+00:00,4022.21,4040.66,4021.46,4032.47,10431
1784547900,2026-07-20 11:45:00+00:00,4032.48,4032.48,4024.91,4025.23,6876
1784548800,2026-07-20 12:00:00+00:00,4025.23,4025.23,4011.35,4012.67,7210
1784549700,2026-07-20 12:15:00+00:00,4012.67,4014.88,4006.76,4012.85,6752
1784550600,2026-07-20 12:30:00+00:00,4012.87,4014.75,4006.45,4009.93,6927
1784551500,2026-07-20 12:45:00+00:00,4009.9,4015.71,4007.88,4007.97,7191
1784552400,2026-07-20 13:00:00+00:00,4007.96,4013.83,4007.76,4008.73,8902
1784553300,2026-07-20 13:15:00+00:00,4008.66,4012.61,4006.86,4008.47,6978
1784554200,2026-07-20 13:30:00+00:00,4008.56,4017.32,4008.03,4013.0,10197
1784555100,2026-07-20 13:45:00+00:00,4013.0,4013.38,4005.6,4005.67,9581
1784556000,2026-07-20 14:00:00+00:00,4005.71,4007.74,3998.25,3998.72,10111
1784556900,2026-07-20 14:15:00+00:00,3998.8,4006.76,3998.21,4006.74,9740
1784557800,2026-07-20 14:30:00+00:00,4006.75,4010.86,4005.99,4007.33,8276
1784558700,2026-07-20 14:45:00+00:00,4007.36,4013.63,4005.1,4006.15,8924
1784559600,2026-07-20 15:00:00+00:00,4006.29,4019.34,4004.39,4014.11,10013
1784560500,2026-07-20 15:15:00+00:00,4014.1,4016.61,4010.97,4016.4,7755
1784561400,2026-07-20 15:30:00+00:00,4016.43,4016.76,4010.22,4012.93,7840
1784562300,2026-07-20 15:45:00+00:00,4012.93,4016.43,4011.76,4011.83,6410
1784563200,2026-07-20 16:00:00+00:00,4011.83,4018.37,4011.19,4013.6,6058
1784564100,2026-07-20 16:15:00+00:00,4013.6,4014.38,4010.68,4012.49,5434
1784565000,2026-07-20 16:30:00+00:00,4012.52,4012.72,4001.38,4009.57,7086
1784565900,2026-07-20 16:45:00+00:00,4009.58,4010.52,4006.96,4009.79,5452
1784566800,2026-07-20 17:00:00+00:00,4009.79,4012.37,4009.53,4010.07,4742
1784567700,2026-07-20 17:15:00+00:00,4010.12,4013.03,4008.79,4012.12,5536
1784568600,2026-07-20 17:30:00+00:00,4012.12,4013.0,4007.68,4008.02,4756
1784569500,2026-07-20 17:45:00+00:00,4008.02,4008.02,4003.75,4005.19,5123
1784570400,2026-07-20 18:00:00+00:00,4005.23,4010.81,4005.22,4008.79,4476
1784571300,2026-07-20 18:15:00+00:00,4008.79,4011.82,4003.2,4006.65,5747
1784572200,2026-07-20 18:30:00+00:00,4006.74,4007.49,4004.29,4006.4,5196
1784573100,2026-07-20 18:45:00+00:00,4006.38,4008.76,4005.32,4007.29,4898
1784574000,2026-07-20 19:00:00+00:00,4007.31,4008.04,4004.38,4004.64,4698
1784574900,2026-07-20 19:15:00+00:00,4004.64,4012.93,4004.32,4012.86,4499
1784575800,2026-07-20 19:30:00+00:00,4012.97,4017.96,4005.21,4005.76,5577
1784576700,2026-07-20 19:45:00+00:00,4005.74,4010.03,4005.5,4006.79,5082
1784584800,2026-07-20 22:00:00+00:00,4004.66,4009.39,4004.51,4006.91,937
1784585700,2026-07-20 22:15:00+00:00,4006.94,4010.69,4005.1,4009.75,1887
1784586600,2026-07-20 22:30:00+00:00,4009.75,4009.78,4002.74,4004.03,2017
1784587500,2026-07-20 22:45:00+00:00,4004.03,4008.32,3999.7,4000.4,2610
1784588400,2026-07-20 23:00:00+00:00,4000.61,4009.82,4000.13,4002.98,2833
1784589300,2026-07-20 23:15:00+00:00,4003.04,4007.25,4002.97,4003.58,1984
1784590200,2026-07-20 23:30:00+00:00,4003.35,4008.53,4003.35,4007.39,2135
1784591100,2026-07-20 23:45:00+00:00,4007.38,4010.37,4004.2,4009.87,3239
1784592000,2026-07-21 00:00:00+00:00,4009.87,4012.56,4003.48,4010.47,6504
1784592900,2026-07-21 00:15:00+00:00,4010.45,4018.43,4007.65,4014.88,5505
1784593800,2026-07-21 00:30:00+00:00,4014.88,4023.7,4014.02,4022.33,4286
1784594700,2026-07-21 00:45:00+00:00,4022.29,4027.04,4021.71,4024.76,4267
1784595600,2026-07-21 01:00:00+00:00,4024.78,4030.01,4018.4,4028.69,7971
1784596500,2026-07-21 01:15:00+00:00,4028.69,4035.64,4025.99,4028.13,6249
1784597400,2026-07-21 01:30:00+00:00,4028.13,4030.9,4023.14,4024.33,5246
1784598300,2026-07-21 01:45:00+00:00,4024.23,4028.26,4021.31,4023.13,4333
1784599200,2026-07-21 02:00:00+00:00,4023.11,4026.61,4021.97,4024.34,4257
1784600100,2026-07-21 02:15:00+00:00,4024.34,4029.95,4021.84,4028.71,3327
1784601000,2026-07-21 02:30:00+00:00,4028.7,4045.18,4027.88,4035.63,6764
1784601900,2026-07-21 02:45:00+00:00,4035.61,4038.45,4030.91,4037.98,4521
1784602800,2026-07-21 03:00:00+00:00,4037.99,4042.32,4037.64,4037.96,4682
1784603700,2026-07-21 03:15:00+00:00,4037.96,4051.25,4036.7,4047.43,5061
1784604600,2026-07-21 03:30:00+00:00,4047.43,4049.58,4041.73,4041.81,3034
1784605500,2026-07-21 03:45:00+00:00,4041.79,4047.44,4041.72,4046.88,2748
1784606400,2026-07-21 04:00:00+00:00,4046.87,4051.86,4045.56,4045.88,3043
1784607300,2026-07-21 04:15:00+00:00,4045.92,4046.73,4043.64,4044.59,2031
1784608200,2026-07-21 04:30:00+00:00,4044.6,4047.55,4044.17,4047.14,2090
1784609100,2026-07-21 04:45:00+00:00,4047.12,4049.75,4045.42,4049.55,1871
1784610000,2026-07-21 05:00:00+00:00,4049.53,4051.7,4046.22,4051.46,2959
1784610900,2026-07-21 05:15:00+00:00,4051.37,4056.34,4048.0,4054.49,3143
1784611800,2026-07-21 05:30:00+00:00,4054.46,4066.39,4054.46,4065.87,5614
1784612700,2026-07-21 05:45:00+00:00,4066.24,4067.91,4061.24,4061.38,4376
1784613600,2026-07-21 06:00:00+00:00,4061.33,4072.46,4061.31,4071.28,5008
1784614500,2026-07-21 06:15:00+00:00,4071.28,4074.37,4068.32,4072.4,4195
1784615400,2026-07-21 06:30:00+00:00,4072.45,4080.57,4071.81,4076.93,4774
1784616300,2026-07-21 06:45:00+00:00,4076.93,4084.13,4076.85,4078.39,4396
1784617200,2026-07-21 07:00:00+00:00,4078.44,4080.14,4071.58,4072.0,4063
1784618100,2026-07-21 07:15:00+00:00,4072.0,4073.45,4068.23,4069.51,3183
1784619000,2026-07-21 07:30:00+00:00,4069.48,4075.34,4067.59,4071.41,3217
1784619900,2026-07-21 07:45:00+00:00,4071.46,4072.56,4069.73,4071.28,2951
1784620800,2026-07-21 08:00:00+00:00,4071.26,4072.48,4065.42,4067.93,4103
1784621700,2026-07-21 08:15:00+00:00,4067.93,4068.61,4062.82,4063.57,3395
1784622600,2026-07-21 08:30:00+00:00,4063.55,4065.06,4060.79,4062.18,3417
1784623500,2026-07-21 08:45:00+00:00,4062.24,4063.59,4059.15,4062.78,2856
1784624400,2026-07-21 09:00:00+00:00,4062.82,4066.74,4062.82,4065.11,2820
1784625300,2026-07-21 09:15:00+00:00,4065.23,4068.42,4062.51,4062.73,3643
1784626200,2026-07-21 09:30:00+00:00,4062.73,4065.52,4060.95,4062.37,2880
1784627100,2026-07-21 09:45:00+00:00,4062.37,4069.66,4062.12,4065.91,3098
1784628000,2026-07-21 10:00:00+00:00,4065.79,4068.4,4060.84,4066.16,4273
1784628900,2026-07-21 10:15:00+00:00,4066.18,4069.25,4064.74,4066.66,3564
1784629800,2026-07-21 10:30:00+00:00,4066.78,4070.09,4066.53,4066.95,2997
1784630700,2026-07-21 10:45:00+00:00,4067.07,4068.51,4062.38,4062.9,3143
1784631600,2026-07-21 11:00:00+00:00,4062.87,4063.69,4055.41,4058.51,3641
1784632500,2026-07-21 11:15:00+00:00,4058.48,4059.75,4056.19,4058.01,3018
1784633400,2026-07-21 11:30:00+00:00,4058.12,4061.13,4055.43,4056.01,3209
1784634300,2026-07-21 11:45:00+00:00,4055.87,4058.36,4054.33,4055.96,2531
1784635200,2026-07-21 12:00:00+00:00,4056.06,4060.96,4055.62,4059.31,4286
1784636100,2026-07-21 12:15:00+00:00,4059.31,4065.72,4055.73,4061.5,5222
1784637000,2026-07-21 12:30:00+00:00,4061.56,4063.69,4050.98,4053.89,5501
1784637900,2026-07-21 12:45:00+00:00,4053.89,4062.1,4052.77,4053.81,4600
1784638800,2026-07-21 13:00:00+00:00,4053.79,4060.38,4053.72,4059.74,6240
1784639700,2026-07-21 13:15:00+00:00,4059.74,4061.62,4050.3,4050.88,6196
1784640600,2026-07-21 13:30:00+00:00,4050.84,4057.41,4044.61,4046.37,9862
1784641500,2026-07-21 13:45:00+00:00,4046.4,4053.43,4044.44,4053.12,8078
1784642400,2026-07-21 14:00:00+00:00,4053.13,4065.89,4051.61,4065.88,8290
1784643300,2026-07-21 14:15:00+00:00,4065.78,4069.42,4060.88,4069.4,8357
1784644200,2026-07-21 14:30:00+00:00,4069.38,4073.68,4062.24,4067.45,8197
1784645100,2026-07-21 14:45:00+00:00,4067.45,4070.69,4066.23,4068.32,7661
1784646000,2026-07-21 15:00:00+00:00,4068.32,4073.77,4065.52,4073.22,7083
1784646900,2026-07-21 15:15:00+00:00,4073.22,4079.09,4073.12,4076.8,7159
1784647800,2026-07-21 15:30:00+00:00,4076.8,4083.41,4075.39,4075.65,6706
1784648700,2026-07-21 15:45:00+00:00,4075.84,4078.11,4072.05,4074.14,4126
1784649600,2026-07-21 16:00:00+00:00,4074.01,4079.17,4073.53,4078.45,4174
1784650500,2026-07-21 16:15:00+00:00,4078.43,4078.55,4073.91,4075.64,3819
1784651400,2026-07-21 16:30:00+00:00,4075.66,4076.27,4070.95,4072.02,3326
1784652300,2026-07-21 16:45:00+00:00,4072.02,4073.27,4069.81,4071.41,3398
1784653200,2026-07-21 17:00:00+00:00,4071.41,4072.52,4069.14,4070.39,2996
1784654100,2026-07-21 17:15:00+00:00,4070.47,4072.75,4068.83,4072.21,3389
1784655000,2026-07-21 17:30:00+00:00,4072.19,4072.27,4066.7,4068.08,2545
1784655900,2026-07-21 17:45:00+00:00,4068.04,4068.65,4066.73,4068.65,2237
1784656800,2026-07-21 18:00:00+00:00,4068.67,4072.22,4067.63,4071.48,3090
1784657700,2026-07-21 18:15:00+00:00,4071.39,4087.14,4071.14,4083.72,4884
1784658600,2026-07-21 18:30:00+00:00,4083.72,4085.61,4081.08,4082.22,3347
1784659500,2026-07-21 18:45:00+00:00,4082.29,4083.34,4079.15,4082.15,2656
1784660400,2026-07-21 19:00:00+00:00,4082.17,4085.68,4080.0,4080.82,3790
1784661300,2026-07-21 19:15:00+00:00,4080.84,4085.29,4080.84,4084.02,3315
1784662200,2026-07-21 19:30:00+00:00,4084.11,4085.08,4081.9,4083.38,3157
1784663100,2026-07-21 19:45:00+00:00,4083.4,4085.34,4082.83,4084.4,3863
1784671200,2026-07-21 22:00:00+00:00,4076.59,4080.53,4076.55,4078.99,1174
1784672100,2026-07-21 22:15:00+00:00,4078.91,4083.02,4078.2,4082.85,1709
1784673000,2026-07-21 22:30:00+00:00,4082.85,4085.04,4082.51,4083.95,1520
1784673900,2026-07-21 22:45:00+00:00,4083.9,4084.35,4078.16,4080.4,1902
1784674800,2026-07-21 23:00:00+00:00,4080.4,4081.92,4079.45,4081.26,1349
1784675700,2026-07-21 23:15:00+00:00,4081.26,4082.48,4080.81,4081.12,918
1784676600,2026-07-21 23:30:00+00:00,4081.13,4082.34,4079.16,4080.41,1150
1784677500,2026-07-21 23:45:00+00:00,4080.4,4083.03,4079.19,4080.56,1707
1784678400,2026-07-22 00:00:00+00:00,4080.55,4092.72,4076.62,4092.17,5982
1784679300,2026-07-22 00:15:00+00:00,4092.16,4098.69,4092.16,4098.05,5841
1784680200,2026-07-22 00:30:00+00:00,4098.08,4102.36,4089.62,4092.75,5044
1784681100,2026-07-22 00:45:00+00:00,4092.75,4099.35,4091.44,4097.42,5592
1784682000,2026-07-22 01:00:00+00:00,4097.44,4121.46,4096.72,4121.24,9083
1784682900,2026-07-22 01:15:00+00:00,4121.19,4121.62,4111.69,4115.52,7947
1784683800,2026-07-22 01:30:00+00:00,4115.54,4122.89,4112.86,4121.67,8271
1784684700,2026-07-22 01:45:00+00:00,4121.67,4123.7,4117.26,4122.1,6757
1784685600,2026-07-22 02:00:00+00:00,4122.1,4123.43,4118.74,4121.87,6354
1784686500,2026-07-22 02:15:00+00:00,4121.91,4125.97,4119.84,4124.17,4948
1784687400,2026-07-22 02:30:00+00:00,4124.18,4130.35,4122.12,4128.21,6182
1784688300,2026-07-22 02:45:00+00:00,4128.21,4130.87,4126.12,4130.36,6003
1784689200,2026-07-22 03:00:00+00:00,4130.49,4140.62,4129.11,4137.2,6132
1784690100,2026-07-22 03:15:00+00:00,4137.2,4141.62,4136.64,4138.17,5213
1784691000,2026-07-22 03:30:00+00:00,4138.16,4138.21,4132.43,4133.48,3693
1784691900,2026-07-22 03:45:00+00:00,4133.52,4134.36,4129.94,4130.84,3696
1784692800,2026-07-22 04:00:00+00:00,4130.84,4131.19,4126.21,4126.92,3903
1784693700,2026-07-22 04:15:00+00:00,4126.92,4129.59,4126.84,4128.75,2881
1784694600,2026-07-22 04:30:00+00:00,4128.75,4129.01,4124.6,4127.26,3066
1784695500,2026-07-22 04:45:00+00:00,4127.26,4127.63,4125.16,4126.98,3203
1784696400,2026-07-22 05:00:00+00:00,4127.0,4129.95,4125.87,4128.48,3454
1784697300,2026-07-22 05:15:00+00:00,4128.46,4128.65,4123.11,4123.69,4184
1784698200,2026-07-22 05:30:00+00:00,4123.72,4133.95,4122.95,4132.41,6643
1784699100,2026-07-22 05:45:00+00:00,4132.44,4133.2,4127.82,4130.98,5649
1784700000,2026-07-22 06:00:00+00:00,4130.98,4135.26,4129.35,4129.79,5377
1784700900,2026-07-22 06:15:00+00:00,4129.76,4131.89,4113.8,4117.32,5878
1784701800,2026-07-22 06:30:00+00:00,4117.39,4120.3,4114.55,4118.76,5994
1784702700,2026-07-22 06:45:00+00:00,4118.71,4120.7,4113.25,4116.32,5342
1784703600,2026-07-22 07:00:00+00:00,4116.31,4117.31,4111.77,4116.39,6035
1784704500,2026-07-22 07:15:00+00:00,4116.17,4122.49,4115.91,4119.64,4467
1784705400,2026-07-22 07:30:00+00:00,4119.55,4123.08,4110.87,4112.26,5954
1784706300,2026-07-22 07:45:00+00:00,4112.24,4114.37,4109.2,4110.56,5880
1784707200,2026-07-22 08:00:00+00:00,4110.58,4116.07,4110.5,4114.66,6672
1784708100,2026-07-22 08:15:00+00:00,4114.67,4117.83,4113.35,4117.47,5990
1784709000,2026-07-22 08:30:00+00:00,4117.46,4119.11,4114.09,4114.53,5501
1784709900,2026-07-22 08:45:00+00:00,4114.67,4120.16,4113.33,4118.31,5163
1784710800,2026-07-22 09:00:00+00:00,4118.29,4122.21,4117.74,4121.69,4915
1784711700,2026-07-22 09:15:00+00:00,4121.82,4122.32,4117.88,4118.72,4789
1784712600,2026-07-22 09:30:00+00:00,4118.59,4121.63,4114.3,4116.01,5315
1784713500,2026-07-22 09:45:00+00:00,4115.99,4117.86,4113.16,4115.0,4485
1784714400,2026-07-22 10:00:00+00:00,4114.99,4120.0,4114.75,4117.46,4971
1784715300,2026-07-22 10:15:00+00:00,4117.46,4121.74,4116.42,4119.22,4999
1784716200,2026-07-22 10:30:00+00:00,4119.22,4119.91,4115.89,4117.07,4067
1784717100,2026-07-22 10:45:00+00:00,4117.07,4120.26,4116.13,4117.46,3722
1784718000,2026-07-22 11:00:00+00:00,4117.46,4120.92,4115.19,4119.04,4278
1784718900,2026-07-22 11:15:00+00:00,4119.04,4122.98,4117.42,4118.62,3645
1784719800,2026-07-22 11:30:00+00:00,4118.62,4120.55,4112.49,4115.15,5599
1784720700,2026-07-22 11:45:00+00:00,4115.14,4123.0,4114.71,4122.58,4957
1784721600,2026-07-22 12:00:00+00:00,4122.57,4127.33,4121.79,4126.98,6468
1784722500,2026-07-22 12:15:00+00:00,4127.09,4133.12,4124.7,4132.61,6429
1784723400,2026-07-22 12:30:00+00:00,4132.57,4134.34,4124.66,4127.18,6662
1784724300,2026-07-22 12:45:00+00:00,4127.2,4127.6,4106.52,4112.81,6559
1784725200,2026-07-22 13:00:00+00:00,4112.95,4125.81,4112.64,4125.67,6589
1784726100,2026-07-22 13:15:00+00:00,4125.56,4134.91,4124.95,4131.65,6723
1784727000,2026-07-22 13:30:00+00:00,4131.78,4146.81,4131.78,4142.7,10710
1784727900,2026-07-22 13:45:00+00:00,4142.79,4155.81,4142.53,4154.43,10419
1784728800,2026-07-22 14:00:00+00:00,4154.61,4163.42,4153.24,4156.54,10480
1784729700,2026-07-22 14:15:00+00:00,4156.54,4156.58,4144.34,4146.34,10143
1784730600,2026-07-22 14:30:00+00:00,4146.38,4152.89,4146.18,4150.7,10353
1784731500,2026-07-22 14:45:00+00:00,4150.89,4152.82,4144.07,4148.45,9628
1784732400,2026-07-22 15:00:00+00:00,4148.43,4158.46,4148.43,4157.47,8821
1784733300,2026-07-22 15:15:00+00:00,4157.49,4161.42,4153.23,4157.12,6312
1784734200,2026-07-22 15:30:00+00:00,4157.12,4160.93,4155.54,4159.94,7187
1784735100,2026-07-22 15:45:00+00:00,4159.96,4166.0,4158.28,4159.37,7416
1784736000,2026-07-22 16:00:00+00:00,4159.39,4159.48,4153.12,4154.38,6568
1784736900,2026-07-22 16:15:00+00:00,4154.4,4155.55,4147.87,4149.14,4832
1784737800,2026-07-22 16:30:00+00:00,4149.1,4151.35,4144.32,4147.02,4731
1784738700,2026-07-22 16:45:00+00:00,4147.12,4148.97,4144.49,4146.79,5512
1784739600,2026-07-22 17:00:00+00:00,4146.79,4147.8,4142.96,4145.34,5630
1784740500,2026-07-22 17:15:00+00:00,4145.22,4147.09,4142.66,4146.04,5749
1784741400,2026-07-22 17:30:00+00:00,4146.06,4147.53,4138.35,4140.55,5468
1784742300,2026-07-22 17:45:00+00:00,4140.57,4143.73,4140.38,4142.37,4176
1784743200,2026-07-22 18:00:00+00:00,4142.35,4142.73,4136.62,4138.09,5436
1784744100,2026-07-22 18:15:00+00:00,4138.05,4139.72,4134.65,4135.14,5521
1784745000,2026-07-22 18:30:00+00:00,4135.13,4136.26,4131.86,4135.81,5903
1784745900,2026-07-22 18:45:00+00:00,4135.87,4138.83,4135.28,4136.02,4565
1784746800,2026-07-22 19:00:00+00:00,4135.9,4137.17,4133.03,4134.04,4516
1784747700,2026-07-22 19:15:00+00:00,4134.04,4135.45,4131.63,4134.42,4246
1784748600,2026-07-22 19:30:00+00:00,4134.36,4136.18,4132.58,4133.88,3781
1784749500,2026-07-22 19:45:00+00:00,4133.87,4135.31,4128.89,4131.84,5271
1784757600,2026-07-22 22:00:00+00:00,4123.93,4125.62,4087.25,4123.62,2627
1784758500,2026-07-22 22:15:00+00:00,4124.02,4128.81,4120.69,4128.65,3641
1784759400,2026-07-22 22:30:00+00:00,4128.68,4129.82,4119.91,4121.5,3554
1784760300,2026-07-22 22:45:00+00:00,4121.43,4126.7,4120.59,4121.65,4171
1784761200,2026-07-22 23:00:00+00:00,4121.65,4124.74,4116.45,4123.9,4308
1784762100,2026-07-22 23:15:00+00:00,4123.86,4124.11,4119.15,4119.95,2395
1784763000,2026-07-22 23:30:00+00:00,4120.0,4124.54,4119.08,4123.63,2291
1784763900,2026-07-22 23:45:00+00:00,4123.58,4134.32,4122.89,4133.35,5483
1784764800,2026-07-23 00:00:00+00:00,4133.42,4134.42,4126.1,4126.79,5714
1784765700,2026-07-23 00:15:00+00:00,4126.79,4134.68,4126.66,4129.2,5395
1784766600,2026-07-23 00:30:00+00:00,4129.13,4132.31,4127.11,4127.7,4564
1784767500,2026-07-23 00:45:00+00:00,4127.72,4133.32,4125.0,4132.14,5013
1784768400,2026-07-23 01:00:00+00:00,4132.11,4138.96,4129.78,4134.64,9464
1784769300,2026-07-23 01:15:00+00:00,4134.56,4141.03,4133.63,4137.46,6731
1784770200,2026-07-23 01:30:00+00:00,4137.48,4139.26,4121.41,4121.52,9681
1784771100,2026-07-23 01:45:00+00:00,4121.49,4123.66,4114.21,4117.85,8425
1784772000,2026-07-23 02:00:00+00:00,4117.84,4118.83,4112.11,4117.67,6924
1784772900,2026-07-23 02:15:00+00:00,4117.75,4118.08,4113.14,4116.25,5529
1784773800,2026-07-23 02:30:00+00:00,4116.28,4122.3,4113.79,4122.15,7577
1784774700,2026-07-23 02:45:00+00:00,4122.16,4128.62,4121.3,4128.05,6494
1784775600,2026-07-23 03:00:00+00:00,4128.1,4129.09,4123.97,4127.34,5975
1784776500,2026-07-23 03:15:00+00:00,4127.34,4133.03,4126.6,4130.54,5162
1784777400,2026-07-23 03:30:00+00:00,4130.53,4131.1,4125.75,4128.75,4466
1784778300,2026-07-23 03:45:00+00:00,4128.8,4128.83,4124.12,4124.74,3757
1784779200,2026-07-23 04:00:00+00:00,4124.6,4127.7,4122.51,4127.68,4575
1784780100,2026-07-23 04:15:00+00:00,4127.68,4129.86,4125.02,4129.8,4364
1784781000,2026-07-23 04:30:00+00:00,4129.75,4130.49,4123.13,4123.15,4027
1784781900,2026-07-23 04:45:00+00:00,4123.19,4124.33,4119.94,4121.21,3839
1784782800,2026-07-23 05:00:00+00:00,4121.2,4124.98,4119.43,4124.37,4623
1784783700,2026-07-23 05:15:00+00:00,4124.37,4125.63,4119.76,4125.63,4387
1784784600,2026-07-23 05:30:00+00:00,4125.63,4128.49,4123.35,4127.65,6853
1784785500,2026-07-23 05:45:00+00:00,4127.67,4130.51,4120.61,4124.05,6410
1784786400,2026-07-23 06:00:00+00:00,4124.01,4128.17,4121.08,4123.19,7684
1784787300,2026-07-23 06:15:00+00:00,4123.19,4127.74,4121.23,4122.07,5671
1784788200,2026-07-23 06:30:00+00:00,4122.07,4123.85,4116.91,4119.96,6700
1784789100,2026-07-23 06:45:00+00:00,4119.97,4122.32,4117.7,4118.51,5470
1784790000,2026-07-23 07:00:00+00:00,4118.52,4119.4,4101.93,4106.69,8454
1784790900,2026-07-23 07:15:00+00:00,4106.68,4112.03,4105.5,4108.39,7035
1784791800,2026-07-23 07:30:00+00:00,4108.39,4108.81,4091.25,4095.48,6805
1784792700,2026-07-23 07:45:00+00:00,4095.53,4096.94,4089.98,4095.38,7762
1784793600,2026-07-23 08:00:00+00:00,4095.37,4097.73,4090.08,4091.46,6856
1784794500,2026-07-23 08:15:00+00:00,4091.45,4092.46,4088.38,4091.91,5741
1784795400,2026-07-23 08:30:00+00:00,4091.83,4093.7,4088.58,4092.42,5860
1784796300,2026-07-23 08:45:00+00:00,4092.42,4094.82,4087.02,4093.41,5411
1784797200,2026-07-23 09:00:00+00:00,4093.38,4099.37,4092.64,4094.86,6650
1784798100,2026-07-23 09:15:00+00:00,4094.86,4097.07,4089.37,4091.41,5576
1784799000,2026-07-23 09:30:00+00:00,4091.44,4093.15,4088.58,4091.86,5102
1784799900,2026-07-23 09:45:00+00:00,4091.86,4094.21,4088.34,4089.86,4935
1784800800,2026-07-23 10:00:00+00:00,4089.82,4091.62,4087.93,4090.83,5747
1784801700,2026-07-23 10:15:00+00:00,4090.83,4092.49,4085.88,4089.85,5210
1784802600,2026-07-23 10:30:00+00:00,4089.88,4092.82,4086.54,4089.34,5182
1784803500,2026-07-23 10:45:00+00:00,4089.3,4095.28,4087.21,4093.13,5061
1784804400,2026-07-23 11:00:00+00:00,4093.13,4093.81,4086.96,4087.69,6320
1784805300,2026-07-23 11:15:00+00:00,4087.71,4089.22,4080.9,4084.33,6726
1784806200,2026-07-23 11:30:00+00:00,4084.34,4084.35,4073.03,4078.62,8160
1784807100,2026-07-23 11:45:00+00:00,4078.61,4089.23,4077.79,4085.64,7071
1784808000,2026-07-23 12:00:00+00:00,4085.65,4085.94,4081.2,4081.43,5973
1784808900,2026-07-23 12:15:00+00:00,4081.44,4083.18,4070.29,4074.66,8540
1784809800,2026-07-23 12:30:00+00:00,4074.14,4074.96,4064.18,4068.94,8821
1784810700,2026-07-23 12:45:00+00:00,4068.94,4069.19,4060.97,4061.73,9535
1784811600,2026-07-23 13:00:00+00:00,4061.73,4063.49,4040.35,4040.92,12925
1784812500,2026-07-23 13:15:00+00:00,4040.93,4059.02,4040.62,4058.62,10535
1784813400,2026-07-23 13:30:00+00:00,4058.62,4067.29,4055.35,4056.3,12214
1784814300,2026-07-23 13:45:00+00:00,4056.33,4058.95,4042.68,4043.28,11753
1784815200,2026-07-23 14:00:00+00:00,4043.24,4051.3,4040.11,4047.93,11836
1784816100,2026-07-23 14:15:00+00:00,4047.92,4056.87,4042.25,4056.37,11327
1784817000,2026-07-23 14:30:00+00:00,4056.35,4060.7,4051.67,4057.0,10715
1784817900,2026-07-23 14:45:00+00:00,4056.98,4061.66,4056.03,4057.83,10238
1784818800,2026-07-23 15:00:00+00:00,4057.86,4059.46,4049.44,4051.4,10296
1784819700,2026-07-23 15:15:00+00:00,4051.42,4056.79,4045.31,4046.98,10633
1784820600,2026-07-23 15:30:00+00:00,4046.99,4053.16,4042.26,4048.11,10861
1784821500,2026-07-23 15:45:00+00:00,4048.08,4051.04,4046.71,4048.66,7771
1784822400,2026-07-23 16:00:00+00:00,4048.66,4050.78,4047.33,4050.2,7163
1784823300,2026-07-23 16:15:00+00:00,4050.16,4051.6,4045.76,4050.04,5999
1784824200,2026-07-23 16:30:00+00:00,4050.03,4051.06,4047.02,4049.85,6028
1784825100,2026-07-23 16:45:00+00:00,4049.86,4051.78,4048.04,4051.46,5981
1784826000,2026-07-23 17:00:00+00:00,4051.52,4054.6,4046.87,4047.25,7524
1784826900,2026-07-23 17:15:00+00:00,4047.25,4050.55,4046.09,4047.26,7319
1784827800,2026-07-23 17:30:00+00:00,4047.27,4049.19,4041.92,4042.88,7346
1784828700,2026-07-23 17:45:00+00:00,4042.87,4044.33,4041.63,4041.83,6783
1784829600,2026-07-23 18:00:00+00:00,4041.83,4044.2,4040.67,4041.88,7638
1784830500,2026-07-23 18:15:00+00:00,4041.86,4045.14,4040.68,4044.55,7404
1784831400,2026-07-23 18:30:00+00:00,4044.47,4048.39,4044.44,4046.5,6130
1784832300,2026-07-23 18:45:00+00:00,4046.51,4048.4,4044.58,4046.06,5232
1784833200,2026-07-23 19:00:00+00:00,4046.12,4048.55,4042.84,4043.08,3424
1784834100,2026-07-23 19:15:00+00:00,4043.07,4049.22,4042.94,4048.24,4465
1784835000,2026-07-23 19:30:00+00:00,4048.24,4050.99,4045.82,4045.84,5346
1784835900,2026-07-23 19:45:00+00:00,4045.85,4051.19,4044.89,4049.66,5581
1784844000,2026-07-23 22:00:00+00:00,4032.03,4050.41,4032.03,4048.92,838
1784844900,2026-07-23 22:15:00+00:00,4049.18,4050.34,4049.18,4049.88,661
1784845800,2026-07-23 22:30:00+00:00,4049.93,4050.45,4048.77,4049.39,792
1784846700,2026-07-23 22:45:00+00:00,4049.35,4050.47,4048.5,4049.55,827
1784847600,2026-07-23 23:00:00+00:00,4049.55,4049.82,4047.36,4048.45,1042
1784848500,2026-07-23 23:15:00+00:00,4048.46,4049.86,4047.13,4049.13,1009
1784849400,2026-07-23 23:30:00+00:00,4049.1,4050.73,4046.93,4048.21,1640
1784850300,2026-07-23 23:45:00+00:00,4048.22,4049.67,4046.56,4047.02,2514
1784851200,2026-07-24 00:00:00+00:00,4047.01,4049.96,4041.16,4041.61,5053
1784852100,2026-07-24 00:15:00+00:00,4041.51,4048.04,4041.19,4046.55,3849
1784853000,2026-07-24 00:30:00+00:00,4046.55,4050.12,4044.85,4049.13,3053
1784853900,2026-07-24 00:45:00+00:00,4049.2,4050.82,4048.37,4049.7,3057
1784854800,2026-07-24 01:00:00+00:00,4049.65,4050.15,4040.04,4042.42,6457
1784855700,2026-07-24 01:15:00+00:00,4042.4,4045.9,4041.47,4042.72,5379
1784856600,2026-07-24 01:30:00+00:00,4042.73,4050.36,4041.55,4049.94,5265
1784857500,2026-07-24 01:45:00+00:00,4049.94,4050.13,4041.39,4043.58,4558
1784858400,2026-07-24 02:00:00+00:00,4043.58,4045.85,4040.92,4045.68,3798
1784859300,2026-07-24 02:15:00+00:00,4045.65,4048.32,4042.61,4046.5,2574
1784860200,2026-07-24 02:30:00+00:00,4046.5,4048.11,4041.27,4041.68,3696
1784861100,2026-07-24 02:45:00+00:00,4041.68,4041.78,4022.93,4024.35,6581
1784862000,2026-07-24 03:00:00+00:00,4024.35,4032.27,4022.98,4031.72,4552
1784862900,2026-07-24 03:15:00+00:00,4031.7,4033.66,4028.05,4030.38,4006
1784863800,2026-07-24 03:30:00+00:00,4030.39,4033.28,4030.35,4031.56,2538
1784864700,2026-07-24 03:45:00+00:00,4031.54,4032.13,4028.37,4029.29,2294
1784865600,2026-07-24 04:00:00+00:00,4029.18,4030.23,4026.98,4028.13,2327
1784866500,2026-07-24 04:15:00+00:00,4028.11,4030.28,4027.59,4029.75,2095
1784867400,2026-07-24 04:30:00+00:00,4029.74,4030.34,4025.9,4026.79,1728
1784868300,2026-07-24 04:45:00+00:00,4026.79,4028.75,4025.49,4027.0,1422
1784869200,2026-07-24 05:00:00+00:00,4027.0,4032.18,4025.2,4027.56,2543
1784870100,2026-07-24 05:15:00+00:00,4027.38,4029.81,4022.33,4026.16,2853
1784871000,2026-07-24 05:30:00+00:00,4026.14,4031.5,4023.94,4024.74,5412
1784871900,2026-07-24 05:45:00+00:00,4024.68,4029.22,4021.82,4023.04,4181
1784872800,2026-07-24 06:00:00+00:00,4023.03,4031.35,4022.89,4030.93,3882
1784873700,2026-07-24 06:15:00+00:00,4030.94,4038.94,4029.09,4036.56,4603
1784874600,2026-07-24 06:30:00+00:00,4036.56,4037.16,4033.12,4033.85,4525
1784875500,2026-07-24 06:45:00+00:00,4033.83,4038.66,4031.52,4035.59,4421
1784876400,2026-07-24 07:00:00+00:00,4035.6,4047.4,4034.9,4045.41,5380
1784877300,2026-07-24 07:15:00+00:00,4045.41,4050.69,4043.91,4048.72,4628
1784878200,2026-07-24 07:30:00+00:00,4048.7,4053.61,4045.68,4048.4,4380
1784879100,2026-07-24 07:45:00+00:00,4048.29,4049.63,4045.98,4048.4,3479
1784880000,2026-07-24 08:00:00+00:00,4048.36,4049.09,4045.17,4046.8,4275
1784880900,2026-07-24 08:15:00+00:00,4046.83,4052.47,4045.02,4052.47,4146
1784881800,2026-07-24 08:30:00+00:00,4052.33,4055.52,4048.66,4054.66,3781
1784882700,2026-07-24 08:45:00+00:00,4054.66,4058.65,4052.25,4057.43,3419
1784883600,2026-07-24 09:00:00+00:00,4057.5,4060.76,4053.19,4054.03,3398
1784884500,2026-07-24 09:15:00+00:00,4054.09,4056.66,4052.44,4052.97,3063
1784885400,2026-07-24 09:30:00+00:00,4052.94,4056.23,4051.57,4055.6,2686
1784886300,2026-07-24 09:45:00+00:00,4055.6,4059.83,4054.6,4059.74,2742
1784887200,2026-07-24 10:00:00+00:00,4059.79,4061.44,4057.61,4058.1,2665
1784888100,2026-07-24 10:15:00+00:00,4058.1,4063.68,4057.42,4062.0,2703
1784889000,2026-07-24 10:30:00+00:00,4061.97,4063.82,4058.08,4058.33,2199
1784889900,2026-07-24 10:45:00+00:00,4058.52,4060.26,4057.05,4060.04,2423
1784890800,2026-07-24 11:00:00+00:00,4060.03,4063.38,4058.54,4061.24,2592
1784891700,2026-07-24 11:15:00+00:00,4061.34,4061.92,4059.05,4059.05,2300
1784892600,2026-07-24 11:30:00+00:00,4059.08,4060.35,4055.18,4055.24,2980
1784893500,2026-07-24 11:45:00+00:00,4055.24,4061.48,4051.35,4057.75,3634
1784894400,2026-07-24 12:00:00+00:00,4057.73,4058.52,4052.27,4056.58,5432
1784895300,2026-07-24 12:15:00+00:00,4056.55,4060.06,4054.73,4059.58,3906
1784896200,2026-07-24 12:30:00+00:00,4059.43,4059.59,4051.96,4055.08,5160
1784897100,2026-07-24 12:45:00+00:00,4055.08,4056.34,4051.64,4054.56,3790
1784898000,2026-07-24 13:00:00+00:00,4054.15,4054.5,4044.65,4048.09,5431
1784898900,2026-07-24 13:15:00+00:00,4047.99,4049.31,4044.85,4046.32,5255
1784899800,2026-07-24 13:30:00+00:00,4046.3,4056.74,4044.61,4052.06,8122
1784900700,2026-07-24 13:45:00+00:00,4052.07,4068.59,4048.2,4067.24,8871
1784901600,2026-07-24 14:00:00+00:00,4067.24,4070.01,4057.17,4058.71,9210
1784902500,2026-07-24 14:15:00+00:00,4058.71,4069.27,4055.9,4066.05,9097
1784903400,2026-07-24 14:30:00+00:00,4066.09,4068.06,4059.2,4060.28,8603
1784904300,2026-07-24 14:45:00+00:00,4060.28,4066.42,4058.45,4063.33,8146
1784905200,2026-07-24 15:00:00+00:00,4063.34,4076.5,4061.8,4074.65,9020
1784906100,2026-07-24 15:15:00+00:00,4074.6,4082.04,4071.81,4075.0,8816
1784907000,2026-07-24 15:30:00+00:00,4075.04,4079.58,4071.65,4072.04,7222
1784907900,2026-07-24 15:45:00+00:00,4072.04,4077.81,4070.96,4077.38,5620
1784908800,2026-07-24 16:00:00+00:00,4077.43,4077.51,4074.44,4074.87,4837
1784909700,2026-07-24 16:15:00+00:00,4074.87,4078.16,4073.4,4073.71,4310
1784910600,2026-07-24 16:30:00+00:00,4073.68,4074.02,4066.62,4067.67,4949
1784911500,2026-07-24 16:45:00+00:00,4067.67,4067.68,4064.11,4066.98,3727
1784912400,2026-07-24 17:00:00+00:00,4067.0,4068.36,4062.85,4064.15,4552
1784913300,2026-07-24 17:15:00+00:00,4064.14,4069.83,4063.52,4068.34,4550
1784914200,2026-07-24 17:30:00+00:00,4068.31,4069.84,4066.1,4066.52,3275
1784915100,2026-07-24 17:45:00+00:00,4066.49,4067.27,4063.03,4063.34,3167
1784916000,2026-07-24 18:00:00+00:00,4063.38,4064.51,4061.26,4061.62,3019
1784916900,2026-07-24 18:15:00+00:00,4061.63,4062.94,4054.89,4055.27,3864
1784917800,2026-07-24 18:30:00+00:00,4055.33,4057.11,4051.1,4052.07,4172
1784918700,2026-07-24 18:45:00+00:00,4052.08,4055.89,4051.76,4054.37,3095
1784919600,2026-07-24 19:00:00+00:00,4054.38,4056.37,4052.13,4052.32,4473
1784920500,2026-07-24 19:15:00+00:00,4052.34,4052.38,4049.16,4051.5,3791
1784921400,2026-07-24 19:30:00+00:00,4051.46,4057.92,4051.29,4056.77,4595
1784922300,2026-07-24 19:45:00+00:00,4056.86,4057.37,4052.67,4053.67,3940
1785103200,2026-07-26 22:00:00+00:00,4088.39,4096.67,4009.11,4087.7,3149
1785104100,2026-07-26 22:15:00+00:00,4087.93,4090.06,4083.56,4086.47,2567
1785105000,2026-07-26 22:30:00+00:00,4086.26,4092.99,4085.49,4091.08,2129
1785105900,2026-07-26 22:45:00+00:00,4091.05,4093.7,4088.74,4089.4,1841
1785106800,2026-07-26 23:00:00+00:00,4089.44,4091.27,4084.41,4084.75,1806
1785107700,2026-07-26 23:15:00+00:00,4084.77,4086.3,4083.62,4084.75,2219
1785108600,2026-07-26 23:30:00+00:00,4084.75,4089.22,4084.54,4088.92,1983
1785109500,2026-07-26 23:45:00+00:00,4088.95,4096.25,4088.1,4093.99,6784
1785110400,2026-07-27 00:00:00+00:00,4093.9,4116.23,4093.86,4115.6,8189
1785111300,2026-07-27 00:15:00+00:00,4115.63,4115.63,4090.64,4094.48,8252
1785112200,2026-07-27 00:30:00+00:00,4094.46,4102.46,4093.66,4099.77,5782
1785113100,2026-07-27 00:45:00+00:00,4099.81,4109.22,4098.85,4100.77,6980
1785114000,2026-07-27 01:00:00+00:00,4100.76,4112.5,4100.42,4107.08,9940
1785114900,2026-07-27 01:15:00+00:00,4107.32,4109.06,4096.87,4099.94,7993
1785115800,2026-07-27 01:30:00+00:00,4099.94,4104.24,4097.8,4102.63,8813
1785116700,2026-07-27 01:45:00+00:00,4102.62,4110.08,4102.58,4110.08,7217
1785117600,2026-07-27 02:00:00+00:00,4110.07,4110.94,4103.24,4105.5,6921
1785118500,2026-07-27 02:15:00+00:00,4105.48,4105.89,4102.04,4103.08,4822
1785119400,2026-07-27 02:30:00+00:00,4103.14,4103.14,4095.42,4096.51,6712
1785120300,2026-07-27 02:45:00+00:00,4096.43,4097.62,4093.49,4093.49,4691
1785121200,2026-07-27 03:00:00+00:00,4093.49,4095.85,4088.88,4091.93,5851
1785122100,2026-07-27 03:15:00+00:00,4092.0,4093.5,4085.25,4085.57,5220
1785123000,2026-07-27 03:30:00+00:00,4085.53,4090.78,4085.06,4089.81,4304
1785123900,2026-07-27 03:45:00+00:00,4089.8,4091.27,4088.51,4090.96,3097
1785124800,2026-07-27 04:00:00+00:00,4090.96,4092.81,4088.56,4090.11,4061
1785125700,2026-07-27 04:15:00+00:00,4090.12,4090.45,4087.01,4089.03,2783
1785126600,2026-07-27 04:30:00+00:00,4089.06,4092.41,4089.06,4090.42,3083
1785127500,2026-07-27 04:45:00+00:00,4090.44,4091.27,4089.21,4090.27,2808
1785128400,2026-07-27 05:00:00+00:00,4090.27,4094.78,4088.49,4094.75,4015
1785129300,2026-07-27 05:15:00+00:00,4094.7,4094.7,4086.17,4087.03,3403
1785130200,2026-07-27 05:30:00+00:00,4086.96,4090.27,4085.59,4088.03,6993
1785131100,2026-07-27 05:45:00+00:00,4088.24,4093.62,4084.36,4093.11,6043
1785132000,2026-07-27 06:00:00+00:00,4093.14,4096.37,4091.62,4094.31,6783
1785132900,2026-07-27 06:15:00+00:00,4094.31,4096.46,4091.21,4096.08,5498
1785133800,2026-07-27 06:30:00+00:00,4096.06,4099.32,4094.11,4098.62,4850
1785134700,2026-07-27 06:45:00+00:00,4098.54,4099.02,4095.09,4096.07,3813
1785135600,2026-07-27 07:00:00+00:00,4095.88,4102.03,4095.81,4101.95,6489
1785136500,2026-07-27 07:15:00+00:00,4101.95,4106.01,4099.78,4103.1,5864
1785137400,2026-07-27 07:30:00+00:00,4103.1,4103.73,4095.84,4097.22,5317
1785138300,2026-07-27 07:45:00+00:00,4097.21,4099.16,4088.42,4088.59,5236
1785139200,2026-07-27 08:00:00+00:00,4088.59,4093.1,4087.02,4091.28,7315
1785140100,2026-07-27 08:15:00+00:00,4091.23,4092.54,4088.85,4090.88,5966
1785141000,2026-07-27 08:30:00+00:00,4090.85,4092.88,4087.26,4091.35,5721
1785141900,2026-07-27 08:45:00+00:00,4091.38,4096.86,4090.82,4095.18,4433
1785142800,2026-07-27 09:00:00+00:00,4095.18,4098.41,4093.06,4093.95,4151
1785143700,2026-07-27 09:15:00+00:00,4093.95,4095.83,4091.02,4091.49,4338
1785144600,2026-07-27 09:30:00+00:00,4091.44,4094.68,4090.43,4094.13,4465
1785145500,2026-07-27 09:45:00+00:00,4094.14,4100.39,4093.75,4096.08,4092
1785146400,2026-07-27 10:00:00+00:00,4095.91,4096.32,4086.43,4090.8,5123
1785147300,2026-07-27 10:15:00+00:00,4090.81,4093.87,4089.15,4093.05,4575
1785148200,2026-07-27 10:30:00+00:00,4093.05,4101.91,4093.01,4100.3,4407
1785149100,2026-07-27 10:45:00+00:00,4100.32,4102.34,4098.73,4099.37,3982
1785150000,2026-07-27 11:00:00+00:00,4099.47,4104.12,4096.85,4101.91,4549
1785150900,2026-07-27 11:15:00+00:00,4102.08,4103.32,4096.6,4096.6,4270
1785151800,2026-07-27 11:30:00+00:00,4096.74,4099.97,4094.43,4095.57,6009
1785152700,2026-07-27 11:45:00+00:00,4095.58,4097.23,4093.57,4093.87,5418
1785153600,2026-07-27 12:00:00+00:00,4093.82,4097.66,4086.33,4087.61,6847
1785154500,2026-07-27 12:15:00+00:00,4087.6,4088.95,4081.67,4086.52,6760
1785155400,2026-07-27 12:30:00+00:00,4086.41,4088.51,4083.02,4086.62,5108
1785156300,2026-07-27 12:45:00+00:00,4086.62,4089.01,4081.43,4083.71,6770
1785157200,2026-07-27 13:00:00+00:00,4083.69,4088.79,4080.91,4084.85,9490
1785158100,2026-07-27 13:15:00+00:00,4084.87,4087.16,4075.93,4076.01,8357
1785159000,2026-07-27 13:30:00+00:00,4076.0,4089.14,4075.46,4086.68,11153
1785159900,2026-07-27 13:45:00+00:00,4086.75,4089.49,4070.36,4074.11,10935
1785160800,2026-07-27 14:00:00+00:00,4074.16,4079.03,4071.01,4076.91,11041
1785161700,2026-07-27 14:15:00+00:00,4076.95,4078.56,4066.99,4068.13,10664
1785162600,2026-07-27 14:30:00+00:00,4068.13,4070.56,4065.3,4068.76,11249
1785163500,2026-07-27 14:45:00+00:00,4068.78,4077.33,4068.76,4076.23,9386
1785164400,2026-07-27 15:00:00+00:00,4076.21,4076.51,4071.81,4076.02,9691
1785165300,2026-07-27 15:15:00+00:00,4075.93,4079.37,4074.51,4076.42,9767
1785166200,2026-07-27 15:30:00+00:00,4076.46,4077.93,4072.6,4076.07,7738
1785167100,2026-07-27 15:45:00+00:00,4076.11,4079.81,4074.49,4078.37,7374
1785168000,2026-07-27 16:00:00+00:00,4078.38,4084.76,4077.66,4081.38,7390
1785168900,2026-07-27 16:15:00+00:00,4081.41,4088.74,4079.65,4085.06,8248
1785169800,2026-07-27 16:30:00+00:00,4085.16,4093.92,4084.99,4088.27,7605
1785170700,2026-07-27 16:45:00+00:00,4088.4,4088.49,4080.68,4082.28,6730
1785171600,2026-07-27 17:00:00+00:00,4082.3,4082.3,4070.59,4073.52,6735
1785172500,2026-07-27 17:15:00+00:00,4073.52,4076.77,4072.26,4074.69,6670
1785173400,2026-07-27 17:30:00+00:00,4074.72,4076.02,4072.1,4074.5,5748
1785174300,2026-07-27 17:45:00+00:00,4074.47,4077.17,4073.26,4076.39,5521
1785175200,2026-07-27 18:00:00+00:00,4076.4,4079.22,4076.03,4076.69,6110
1785176100,2026-07-27 18:15:00+00:00,4076.67,4076.98,4074.12,4076.8,5954
1785177000,2026-07-27 18:30:00+00:00,4076.82,4079.24,4072.85,4076.23,6150
1785177900,2026-07-27 18:45:00+00:00,4076.24,4079.48,4074.91,4077.93,6057
1785178800,2026-07-27 19:00:00+00:00,4077.93,4081.8,4076.05,4080.33,5712
1785179700,2026-07-27 19:15:00+00:00,4080.31,4088.6,4079.41,4085.74,5034
1785180600,2026-07-27 19:30:00+00:00,4085.76,4087.29,4083.7,4086.92,4890
1785181500,2026-07-27 19:45:00+00:00,4086.95,4089.27,4082.36,4083.37,6350
1785189600,2026-07-27 22:00:00+00:00,4063.21,4081.42,4063.21,4077.15,1254
1785190500,2026-07-27 22:15:00+00:00,4077.32,4077.32,4070.94,4072.39,1851
1785191400,2026-07-27 22:30:00+00:00,4072.37,4074.96,4072.16,4074.81,1510
1785192300,2026-07-27 22:45:00+00:00,4074.83,4074.86,4073.54,4074.11,1390
1785193200,2026-07-27 23:00:00+00:00,4074.09,4074.91,4071.66,4074.12,1381
1785194100,2026-07-27 23:15:00+00:00,4074.12,4074.6,4071.9,4072.99,1151
1785195000,2026-07-27 23:30:00+00:00,4072.87,4073.47,4071.53,4071.94,1261
1785195900,2026-07-27 23:45:00+00:00,4071.96,4073.26,4069.85,4073.24,4473
1785196800,2026-07-28 00:00:00+00:00,4073.25,4074.13,4061.96,4067.02,6326
1785197700,2026-07-28 00:15:00+00:00,4066.81,4067.42,4059.08,4061.96,5130
1785198600,2026-07-28 00:30:00+00:00,4061.98,4066.15,4060.39,4065.44,5714
1785199500,2026-07-28 00:45:00+00:00,4065.45,4065.45,4057.39,4057.8,5457
1785200400,2026-07-28 01:00:00+00:00,4057.68,4060.18,4053.64,4057.87,8448
1785201300,2026-07-28 01:15:00+00:00,4057.87,4059.09,4046.26,4047.33,7834
1785202200,2026-07-28 01:30:00+00:00,4047.27,4050.46,4043.27,4048.89,7449
1785203100,2026-07-28 01:45:00+00:00,4048.91,4048.93,4042.46,4045.13,6899
1785204000,2026-07-28 02:00:00+00:00,4045.14,4047.57,4042.39,4046.36,6221
1785204900,2026-07-28 02:15:00+00:00,4046.36,4049.01,4045.29,4046.09,4550
1785205800,2026-07-28 02:30:00+00:00,4046.09,4047.84,4041.39,4044.19,6213
1785206700,2026-07-28 02:45:00+00:00,4044.12,4045.46,4040.63,4042.0,5448
1785207600,2026-07-28 03:00:00+00:00,4041.93,4047.31,4040.28,4045.82,4241
1785208500,2026-07-28 03:15:00+00:00,4045.82,4049.29,4045.26,4047.71,4402
1785209400,2026-07-28 03:30:00+00:00,4047.71,4051.12,4047.19,4048.36,4845
1785210300,2026-07-28 03:45:00+00:00,4048.35,4050.71,4048.04,4049.38,3566
1785211200,2026-07-28 04:00:00+00:00,4049.38,4049.57,4043.45,4043.97,3861
1785212100,2026-07-28 04:15:00+00:00,4043.97,4047.87,4043.53,4045.57,3947
1785213000,2026-07-28 04:30:00+00:00,4045.59,4047.8,4043.78,4047.61,3036
1785213900,2026-07-28 04:45:00+00:00,4047.61,4047.92,4041.46,4042.1,3372
1785214800,2026-07-28 05:00:00+00:00,4041.99,4043.91,4039.81,4042.25,4575
1785215700,2026-07-28 05:15:00+00:00,4042.28,4043.6,4040.75,4043.08,4472
1785216600,2026-07-28 05:30:00+00:00,4043.1,4045.57,4034.61,4041.57,5744
1785217500,2026-07-28 05:45:00+00:00,4041.56,4046.46,4039.57,4045.18,4470
1785218400,2026-07-28 06:00:00+00:00,4045.07,4047.81,4042.75,4044.16,4942
1785219300,2026-07-28 06:15:00+00:00,4044.14,4048.92,4043.89,4047.61,5645
1785220200,2026-07-28 06:30:00+00:00,4047.7,4052.29,4046.72,4049.75,5119
1785221100,2026-07-28 06:45:00+00:00,4049.74,4051.45,4047.82,4048.4,4754
1785222000,2026-07-28 07:00:00+00:00,4048.4,4051.16,4047.39,4048.82,5466
1785222900,2026-07-28 07:15:00+00:00,4048.78,4052.38,4048.56,4050.11,4607
1785223800,2026-07-28 07:30:00+00:00,4050.13,4051.01,4048.42,4049.31,4073
1785224700,2026-07-28 07:45:00+00:00,4049.36,4049.75,4046.11,4047.24,4789
1785225600,2026-07-28 08:00:00+00:00,4047.24,4055.09,4042.9,4044.35,6883
1785226500,2026-07-28 08:15:00+00:00,4044.33,4051.2,4044.16,4049.61,7227
1785227400,2026-07-28 08:30:00+00:00,4049.61,4049.68,4041.78,4043.09,5484
1785228300,2026-07-28 08:45:00+00:00,4043.15,4046.1,4041.6,4045.42,4760
1785229200,2026-07-28 09:00:00+00:00,4045.31,4045.91,4040.65,4040.92,4099
1785230100,2026-07-28 09:15:00+00:00,4040.92,4044.11,4038.97,4040.32,3819
1785231000,2026-07-28 09:30:00+00:00,4040.3,4040.33,4029.42,4033.28,4878
1785231900,2026-07-28 09:45:00+00:00,4033.26,4034.26,4019.32,4023.38,4644
1785232800,2026-07-28 10:00:00+00:00,4023.15,4027.02,4020.53,4024.22,4905
1785233700,2026-07-28 10:15:00+00:00,4024.08,4025.82,4016.89,4017.49,4708
1785234600,2026-07-28 10:30:00+00:00,4017.46,4023.5,4017.07,4022.42,4761
1785235500,2026-07-28 10:45:00+00:00,4022.42,4028.51,4022.08,4026.51,4908
1785236400,2026-07-28 11:00:00+00:00,4026.34,4028.74,4023.16,4023.96,6361
1785237300,2026-07-28 11:15:00+00:00,4023.96,4032.33,4023.77,4027.51,6514
1785238200,2026-07-28 11:30:00+00:00,4027.57,4031.45,4026.42,4027.07,5628
1785239100,2026-07-28 11:45:00+00:00,4027.05,4028.28,4023.95,4028.07,5363
1785240000,2026-07-28 12:00:00+00:00,4028.07,4028.8,4022.92,4027.75,6752
1785240900,2026-07-28 12:15:00+00:00,4027.75,4034.88,4026.02,4034.34,5904
1785241800,2026-07-28 12:30:00+00:00,4034.35,4034.93,4025.5,4033.55,5711
1785242700,2026-07-28 12:45:00+00:00,4033.55,4038.07,4028.33,4029.35,6504
1785243600,2026-07-28 13:00:00+00:00,4029.37,4035.59,4029.31,4032.83,7790
1785244500,2026-07-28 13:15:00+00:00,4032.85,4036.03,4028.43,4028.91,7207
1785245400,2026-07-28 13:30:00+00:00,4028.87,4032.79,4020.26,4025.14,10214
1785246300,2026-07-28 13:45:00+00:00,4025.1,4028.95,4021.49,4021.98,10498
1785247200,2026-07-28 14:00:00+00:00,4021.96,4033.37,4021.79,4025.72,9444
1785248100,2026-07-28 14:15:00+00:00,4025.82,4026.78,4011.51,4022.18,9078
1785249000,2026-07-28 14:30:00+00:00,4022.21,4025.22,4018.67,4022.65,9556
1785249900,2026-07-28 14:45:00+00:00,4022.67,4029.55,4021.19,4024.41,7753
1785250800,2026-07-28 15:00:00+00:00,4024.42,4036.42,4022.15,4033.61,10097
1785251700,2026-07-28 15:15:00+00:00,4033.64,4040.92,4031.59,4035.46,10047
1785252600,2026-07-28 15:30:00+00:00,4035.43,4041.97,4032.35,4041.34,8124
1785253500,2026-07-28 15:45:00+00:00,4041.28,4047.04,4041.02,4045.99,6281
1785254400,2026-07-28 16:00:00+00:00,4045.99,4046.5,4042.19,4044.68,5857
1785255300,2026-07-28 16:15:00+00:00,4044.61,4045.8,4042.03,4042.13,5345
1785256200,2026-07-28 16:30:00+00:00,4042.11,4043.81,4040.23,4040.46,5461
1785257100,2026-07-28 16:45:00+00:00,4040.46,4041.07,4036.54,4037.49,5099
1785258000,2026-07-28 17:00:00+00:00,4037.67,4041.08,4035.43,4036.96,5708
1785258900,2026-07-28 17:15:00+00:00,4036.96,4041.5,4035.2,4037.64,5801
1785259800,2026-07-28 17:30:00+00:00,4037.72,4037.85,4027.59,4028.23,4744
1785260700,2026-07-28 17:45:00+00:00,4028.23,4029.66,4025.78,4027.84,5842
1785261600,2026-07-28 18:00:00+00:00,4027.86,4030.4,4026.98,4028.25,5206
1785262500,2026-07-28 18:15:00+00:00,4028.24,4030.03,4025.79,4027.16,6382
1785263400,2026-07-28 18:30:00+00:00,4027.18,4027.5,4022.98,4024.17,5655
1785264300,2026-07-28 18:45:00+00:00,4024.16,4026.04,4021.66,4022.94,3930
1785265200,2026-07-28 19:00:00+00:00,4022.92,4025.72,4022.31,4024.08,3708
1785266100,2026-07-28 19:15:00+00:00,4024.08,4025.12,4021.9,4023.28,3332
1785267000,2026-07-28 19:30:00+00:00,4023.37,4027.69,4023.07,4026.15,4374
1785267900,2026-07-28 19:45:00+00:00,4026.17,4028.0,4025.31,4026.38,4384
1785276000,2026-07-28 22:00:00+00:00,4022.84,4028.28,4019.96,4024.33,1048
1785276900,2026-07-28 22:15:00+00:00,4024.59,4025.15,4017.08,4020.82,1592
1785277800,2026-07-28 22:30:00+00:00,4020.84,4021.18,4013.71,4018.26,2435
1785278700,2026-07-28 22:45:00+00:00,4018.08,4019.65,4015.06,4018.2,2258
1785279600,2026-07-28 23:00:00+00:00,4018.2,4023.05,4016.28,4022.01,2995
1785280500,2026-07-28 23:15:00+00:00,4022.01,4022.08,4014.96,4018.5,3347
1785281400,2026-07-28 23:30:00+00:00,4018.5,4023.41,4017.3,4022.84,2370
1785282300,2026-07-28 23:45:00+00:00,4022.86,4026.21,4018.93,4024.84,7395
1785283200,2026-07-29 00:00:00+00:00,4024.86,4026.05,4017.34,4020.55,7284
1785284100,2026-07-29 00:15:00+00:00,4020.55,4029.87,4020.45,4022.64,5651
1785285000,2026-07-29 00:30:00+00:00,4022.63,4027.7,4021.41,4025.76,4629
1785285900,2026-07-29 00:45:00+00:00,4025.79,4025.96,4020.34,4021.83,5009
1785286800,2026-07-29 01:00:00+00:00,4021.83,4021.83,4010.12,4012.98,8339
1785287700,2026-07-29 01:15:00+00:00,4012.97,4020.18,4011.6,4018.31,5239
1785288600,2026-07-29 01:30:00+00:00,4018.31,4030.53,4014.95,4027.56,6791
1785289500,2026-07-29 01:45:00+00:00,4027.56,4028.2,4021.81,4025.82,5666
1785290400,2026-07-29 02:00:00+00:00,4025.81,4029.2,4022.94,4028.17,7570
1785291300,2026-07-29 02:15:00+00:00,4028.17,4035.41,4026.23,4032.98,5038
1785292200,2026-07-29 02:30:00+00:00,4032.98,4037.85,4030.63,4034.85,4983
1785293100,2026-07-29 02:45:00+00:00,4034.72,4035.15,4029.14,4029.55,4315
1785294000,2026-07-29 03:00:00+00:00,4029.34,4032.74,4027.25,4027.64,5646
1785294900,2026-07-29 03:15:00+00:00,4027.64,4028.87,4025.48,4026.91,3836
1785295800,2026-07-29 03:30:00+00:00,4026.89,4029.57,4024.61,4026.05,3678
1785296700,2026-07-29 03:45:00+00:00,4026.04,4026.89,4023.12,4023.57,4341
1785297600,2026-07-29 04:00:00+00:00,4023.56,4024.86,4021.28,4021.79,4643
1785298500,2026-07-29 04:15:00+00:00,4021.79,4025.51,4020.56,4023.42,3994
1785299400,2026-07-29 04:30:00+00:00,4023.42,4027.36,4023.29,4027.09,5344
1785300300,2026-07-29 04:45:00+00:00,4027.05,4027.6,4023.46,4027.2,6265
1785301200,2026-07-29 05:00:00+00:00,4027.2,4031.6,4026.6,4030.35,5037
1785302100,2026-07-29 05:15:00+00:00,4030.35,4031.14,4027.02,4030.44,4224
1785303000,2026-07-29 05:30:00+00:00,4030.44,4039.51,4029.81,4039.06,7014
1785303900,2026-07-29 05:45:00+00:00,4039.06,4039.97,4031.48,4032.97,5791
1785304800,2026-07-29 06:00:00+00:00,4032.92,4038.19,4032.83,4037.35,5047
1785305700,2026-07-29 06:15:00+00:00,4037.28,4042.95,4035.7,4040.89,4132
1785306600,2026-07-29 06:30:00+00:00,4040.89,4044.69,4040.69,4042.72,4501
1785307500,2026-07-29 06:45:00+00:00,4042.58,4042.9,4039.63,4041.1,3689
1785308400,2026-07-29 07:00:00+00:00,4041.09,4046.48,4040.97,4045.3,4031
1785309300,2026-07-29 07:15:00+00:00,4045.3,4047.66,4044.08,4045.94,3171
1785310200,2026-07-29 07:30:00+00:00,4046.01,4047.46,4044.65,4045.85,2689
1785311100,2026-07-29 07:45:00+00:00,4045.87,4046.88,4042.64,4043.72,2843
1785312000,2026-07-29 08:00:00+00:00,4043.72,4044.4,4039.0,4039.01,3837
1785312900,2026-07-29 08:15:00+00:00,4039.0,4042.15,4035.6,4037.25,3462
1785313800,2026-07-29 08:30:00+00:00,4037.26,4039.16,4035.66,4038.18,3261
1785314700,2026-07-29 08:45:00+00:00,4038.18,4040.09,4036.95,4037.52,3194
1785315600,2026-07-29 09:00:00+00:00,4037.5,4038.28,4035.55,4036.29,3426
1785316500,2026-07-29 09:15:00+00:00,4036.29,4037.69,4033.35,4033.73,3522
1785317400,2026-07-29 09:30:00+00:00,4033.69,4034.93,4031.17,4034.32,3437
1785318300,2026-07-29 09:45:00+00:00,4034.33,4036.34,4031.89,4032.63,2828
1785319200,2026-07-29 10:00:00+00:00,4032.58,4034.1,4030.81,4031.82,3617
1785320100,2026-07-29 10:15:00+00:00,4031.79,4033.27,4030.07,4033.02,2685
1785321000,2026-07-29 10:30:00+00:00,4032.98,4034.32,4026.1,4027.36,2574
1785321900,2026-07-29 10:45:00+00:00,4027.32,4028.61,4025.94,4027.38,2649
1785322800,2026-07-29 11:00:00+00:00,4027.38,4029.65,4024.92,4029.61,3095
1785323700,2026-07-29 11:15:00+00:00,4029.79,4033.47,4028.34,4032.74,2693
1785324600,2026-07-29 11:30:00+00:00,4032.76,4032.92,4030.14,4030.94,2365
1785325500,2026-07-29 11:45:00+00:00,4030.92,4036.05,4030.48,4032.71,3764
1785326400,2026-07-29 12:00:00+00:00,4032.73,4033.35,4026.04,4027.02,4196
1785327300,2026-07-29 12:15:00+00:00,4027.08,4027.51,4012.56,4013.1,8678
1785328200,2026-07-29 12:30:00+00:00,4013.03,4022.49,4009.16,4020.91,5946
1785329100,2026-07-29 12:45:00+00:00,4020.89,4023.64,4018.89,4022.59,5452
1785330000,2026-07-29 13:00:00+00:00,4022.59,4026.34,4014.91,4015.67,7560
1785330900,2026-07-29 13:15:00+00:00,4015.64,4023.14,4013.66,4014.5,7499
1785331800,2026-07-29 13:30:00+00:00,4014.49,4017.87,4010.13,4013.6,9678
1785332700,2026-07-29 13:45:00+00:00,4013.62,4015.92,4002.44,4007.24,10301
1785333600,2026-07-29 14:00:00+00:00,4007.27,4008.62,3995.92,3999.34,9976
1785334500,2026-07-29 14:15:00+00:00,3999.31,4010.12,3998.95,4005.38,9634
1785335400,2026-07-29 14:30:00+00:00,4005.41,4009.17,3998.82,4001.16,9699
1785336300,2026-07-29 14:45:00+00:00,4001.16,4005.74,3998.23,4004.74,9727
1785337200,2026-07-29 15:00:00+00:00,4004.74,4009.8,4003.13,4006.78,9486
1785338100,2026-07-29 15:15:00+00:00,4006.79,4011.24,4003.69,4010.46,8033
1785339000,2026-07-29 15:30:00+00:00,4010.64,4013.48,4007.07,4010.54,7555
1785339900,2026-07-29 15:45:00+00:00,4010.54,4013.77,4008.17,4009.77,6054
1785340800,2026-07-29 16:00:00+00:00,4009.95,4015.64,4007.6,4009.42,5939
1785341700,2026-07-29 16:15:00+00:00,4009.42,4017.5,4007.8,4016.49,5607
1785342600,2026-07-29 16:30:00+00:00,4016.39,4019.06,4014.97,4017.04,5439
1785343500,2026-07-29 16:45:00+00:00,4017.0,4032.68,4015.17,4027.24,7466
1785344400,2026-07-29 17:00:00+00:00,4027.26,4050.48,4027.13,4042.08,9203
1785345300,2026-07-29 17:15:00+00:00,4042.08,4050.48,4037.16,4039.12,9928
1785346200,2026-07-29 17:30:00+00:00,4039.07,4047.31,4036.23,4045.69,8698
1785347100,2026-07-29 17:45:00+00:00,4045.84,4048.04,4041.3,4043.82,6443
1785348000,2026-07-29 18:00:00+00:00,4043.82,4085.96,4041.55,4080.79,12167
1785348900,2026-07-29 18:15:00+00:00,4080.79,4083.78,4063.67,4067.45,8177
1785349800,2026-07-29 18:30:00+00:00,4067.45,4086.75,4051.88,4083.07,12158
1785350700,2026-07-29 18:45:00+00:00,4083.07,4109.62,4081.83,4106.58,11247
1785351600,2026-07-29 19:00:00+00:00,4106.71,4116.2,4089.8,4099.49,11747
1785352500,2026-07-29 19:15:00+00:00,4099.52,4104.5,4080.86,4084.04,11727
1785353400,2026-07-29 19:30:00+00:00,4084.04,4088.29,4065.11,4069.23,11887
1785354300,2026-07-29 19:45:00+00:00,4069.23,4071.9,4044.2,4044.59,11005
1785362400,2026-07-29 22:00:00+00:00,4027.47,4077.72,4016.39,4076.09,2365
1785363300,2026-07-29 22:15:00+00:00,4076.18,4077.53,4072.27,4074.71,967
1785364200,2026-07-29 22:30:00+00:00,4074.71,4081.25,4072.7,4081.25,2274
1785365100,2026-07-29 22:45:00+00:00,4081.33,4090.57,4079.65,4088.45,3125
1785366000,2026-07-29 23:00:00+00:00,4088.54,4100.37,4088.18,4091.56,4133
1785366900,2026-07-29 23:15:00+00:00,4091.6,4094.87,4090.33,4093.44,3383
1785367800,2026-07-29 23:30:00+00:00,4093.46,4094.51,4089.08,4090.13,3961
1785368700,2026-07-29 23:45:00+00:00,4090.25,4093.02,4084.41,4084.65,9611
1785369600,2026-07-30 00:00:00+00:00,4084.69,4086.6,4079.06,4081.37,10157
1785370500,2026-07-30 00:15:00+00:00,4081.31,4083.59,4072.72,4075.25,10262
1785371400,2026-07-30 00:30:00+00:00,4075.27,4076.88,4064.99,4066.09,8332
1785372300,2026-07-30 00:45:00+00:00,4066.05,4072.91,4064.81,4072.18,7377
1785373200,2026-07-30 01:00:00+00:00,4072.18,4092.82,4070.15,4075.6,9937
1785374100,2026-07-30 01:15:00+00:00,4075.43,4084.67,4073.16,4081.19,8649
1785375000,2026-07-30 01:30:00+00:00,4081.19,4089.7,4080.6,4086.72,8431
1785375900,2026-07-30 01:45:00+00:00,4086.72,4090.93,4083.78,4084.59,7090
1785376800,2026-07-30 02:00:00+00:00,4084.63,4090.31,4082.26,4082.5,6401
1785377700,2026-07-30 02:15:00+00:00,4082.5,4083.7,4079.86,4082.68,5800
1785378600,2026-07-30 02:30:00+00:00,4082.66,4082.84,4073.47,4076.83,9121
1785379500,2026-07-30 02:45:00+00:00,4076.9,4077.05,4063.21,4063.7,7513
1785380400,2026-07-30 03:00:00+00:00,4063.54,4070.06,4060.4,4062.95,6640
1785381300,2026-07-30 03:15:00+00:00,4062.93,4063.92,4052.5,4053.83,7765
1785382200,2026-07-30 03:30:00+00:00,4053.78,4055.91,4050.74,4052.41,6632
1785383100,2026-07-30 03:45:00+00:00,4052.41,4059.73,4052.22,4058.8,6177
1785384000,2026-07-30 04:00:00+00:00,4058.81,4060.16,4052.87,4053.29,5732
1785384900,2026-07-30 04:15:00+00:00,4053.29,4055.24,4050.9,4054.05,4838
1785385800,2026-07-30 04:30:00+00:00,4054.05,4054.08,4047.67,4048.71,4729
1785386700,2026-07-30 04:45:00+00:00,4048.53,4051.93,4044.2,4045.92,5107
1785387600,2026-07-30 05:00:00+00:00,4045.91,4046.07,4041.61,4045.86,6557
1785388500,2026-07-30 05:15:00+00:00,4045.89,4047.33,4037.47,4046.82,6162
1785389400,2026-07-30 05:30:00+00:00,4046.8,4051.24,4028.33,4033.34,9749
1785390300,2026-07-30 05:45:00+00:00,4033.34,4038.54,4029.94,4033.67,8231
1785391200,2026-07-30 06:00:00+00:00,4033.67,4039.46,4031.24,4032.32,8887
1785392100,2026-07-30 06:15:00+00:00,4032.27,4039.29,4029.27,4033.1,8051
1785393000,2026-07-30 06:30:00+00:00,4033.1,4038.24,4030.97,4035.73,7159
1785393900,2026-07-30 06:45:00+00:00,4035.73,4040.45,4034.18,4036.71,6117
1785394800,2026-07-30 07:00:00+00:00,4036.44,4047.76,4035.31,4046.68,8871
1785395700,2026-07-30 07:15:00+00:00,4046.73,4051.19,4042.92,4045.84,7144
1785396600,2026-07-30 07:30:00+00:00,4045.86,4047.23,4036.08,4045.86,6800
1785397500,2026-07-30 07:45:00+00:00,4045.87,4046.52,4038.06,4038.87,6513
1785398400,2026-07-30 08:00:00+00:00,4038.8,4056.31,4036.59,4053.28,8258
1785399300,2026-07-30 08:15:00+00:00,4053.2,4068.22,4052.05,4064.56,7820
1785400200,2026-07-30 08:30:00+00:00,4064.24,4072.73,4062.92,4065.77,8036
1785401100,2026-07-30 08:45:00+00:00,4065.77,4070.87,4059.39,4061.4,6393
1785402000,2026-07-30 09:00:00+00:00,4061.42,4069.14,4060.33,4065.86,7200
1785402900,2026-07-30 09:15:00+00:00,4066.05,4072.38,4064.41,4067.55,8355
1785403800,2026-07-30 09:30:00+00:00,4067.48,4069.15,4060.54,4065.5,7550
1785404700,2026-07-30 09:45:00+00:00,4065.49,4073.05,4062.31,4063.34,6016
1785405600,2026-07-30 10:00:00+00:00,4063.32,4074.68,4062.96,4068.32,7552
1785406500,2026-07-30 10:15:00+00:00,4068.32,4077.6,4067.49,4076.36,7482
1785407400,2026-07-30 10:30:00+00:00,4076.38,4082.7,4075.17,4081.17,7723
1785408300,2026-07-30 10:45:00+00:00,4081.24,4083.09,4077.98,4078.08,6387
1785409200,2026-07-30 11:00:00+00:00,4078.06,4082.85,4077.5,4079.67,6516
1785410100,2026-07-30 11:15:00+00:00,4079.67,4081.93,4076.52,4077.8,5841
1785411000,2026-07-30 11:30:00+00:00,4078.01,4079.37,4076.23,4077.42,5376
1785411900,2026-07-30 11:45:00+00:00,4077.41,4080.64,4075.63,4077.74,5481
1785412800,2026-07-30 12:00:00+00:00,4077.72,4082.5,4074.66,4078.74,7577
1785413700,2026-07-30 12:15:00+00:00,4078.74,4081.32,4071.58,4076.89,7121
1785414600,2026-07-30 12:30:00+00:00,4076.85,4086.5,4071.73,4077.05,9917
1785415500,2026-07-30 12:45:00+00:00,4077.16,4079.34,4067.15,4068.88,10265
1785416400,2026-07-30 13:00:00+00:00,4068.88,4076.64,4065.01,4076.58,11147
1785417300,2026-07-30 13:15:00+00:00,4076.58,4083.9,4071.95,4080.2,9867
1785418200,2026-07-30 13:30:00+00:00,4080.15,4098.51,4074.75,4088.86,13457
1785419100,2026-07-30 13:45:00+00:00,4088.86,4112.68,4085.28,4112.21,10740
1785420000,2026-07-30 14:00:00+00:00,4112.2,4120.29,4093.49,4097.97,10944
1785420900,2026-07-30 14:15:00+00:00,4096.62,4100.18,4087.01,4095.24,11168
1785421800,2026-07-30 14:30:00+00:00,4094.59,4111.28,4094.59,4110.7,10934
1785422700,2026-07-30 14:45:00+00:00,4110.67,4112.91,4096.44,4099.99,12182
1785423600,2026-07-30 15:00:00+00:00,4100.04,4100.32,4083.07,4085.54,11710
1785424500,2026-07-30 15:15:00+00:00,4085.32,4097.14,4084.76,4096.0,10287
1785425400,2026-07-30 15:30:00+00:00,4095.99,4106.87,4092.5,4105.35,10183
1785426300,2026-07-30 15:45:00+00:00,4105.35,4110.01,4103.53,4108.13,8760
1785427200,2026-07-30 16:00:00+00:00,4108.09,4115.87,4107.76,4114.2,8023
1785428100,2026-07-30 16:15:00+00:00,4114.01,4119.24,4113.66,4116.01,7035
1785429000,2026-07-30 16:30:00+00:00,4116.01,4116.41,4108.29,4108.6,7205
1785429900,2026-07-30 16:45:00+00:00,4108.6,4110.75,4106.59,4110.75,6110
1785430800,2026-07-30 17:00:00+00:00,4110.78,4111.27,4104.87,4104.89,6831
1785431700,2026-07-30 17:15:00+00:00,4104.9,4108.22,4098.53,4101.67,7453
1785432600,2026-07-30 17:30:00+00:00,4101.66,4108.14,4099.95,4106.0,9000
1785433500,2026-07-30 17:45:00+00:00,4106.11,4108.46,4101.23,4102.66,6869
1785434400,2026-07-30 18:00:00+00:00,4102.69,4106.8,4102.59,4106.52,5870
1785435300,2026-07-30 18:15:00+00:00,4106.51,4106.78,4100.79,4103.5,6115
1785436200,2026-07-30 18:30:00+00:00,4103.49,4107.8,4102.97,4104.89,5824
1785437100,2026-07-30 18:45:00+00:00,4104.87,4105.31,4098.81,4099.79,5185
1785438000,2026-07-30 19:00:00+00:00,4099.77,4105.65,4098.8,4104.7,6450
1785438900,2026-07-30 19:15:00+00:00,4104.72,4114.95,4102.96,4112.88,6810
1785439800,2026-07-30 19:30:00+00:00,4112.88,4115.41,4111.5,4112.3,6208
1785440700,2026-07-30 19:45:00+00:00,4112.29,4113.1,4109.16,4111.96,4963
1785448800,2026-07-30 22:00:00+00:00,4078.18,4107.71,4069.83,4106.7,1670
1785449700,2026-07-30 22:15:00+00:00,4106.7,4108.6,4106.36,4107.71,1328
1785450600,2026-07-30 22:30:00+00:00,4107.66,4110.45,4106.96,4110.36,1656
1785451500,2026-07-30 22:45:00+00:00,4110.36,4111.19,4108.94,4109.13,1537
1785452400,2026-07-30 23:00:00+00:00,4109.13,4111.67,4106.45,4107.28,2117
1785453300,2026-07-30 23:15:00+00:00,4107.17,4107.42,4103.76,4104.08,2053
1785454200,2026-07-30 23:30:00+00:00,4104.03,4107.42,4102.16,4106.05,2389
1785455100,2026-07-30 23:45:00+00:00,4106.05,4110.0,4105.35,4105.85,2672
1785456000,2026-07-31 00:00:00+00:00,4105.58,4107.05,4100.5,4101.19,4583
1785456900,2026-07-31 00:15:00+00:00,4101.21,4103.71,4096.0,4096.38,4372
1785457800,2026-07-31 00:30:00+00:00,4096.38,4097.41,4090.41,4092.89,4223
1785458700,2026-07-31 00:45:00+00:00,4092.89,4095.97,4090.41,4094.66,4595
1785459600,2026-07-31 01:00:00+00:00,4094.62,4101.39,4088.66,4088.92,7792
1785460500,2026-07-31 01:15:00+00:00,4088.92,4094.98,4086.46,4091.89,5272
1785461400,2026-07-31 01:30:00+00:00,4091.89,4091.99,4083.68,4085.62,5386
1785462300,2026-07-31 01:45:00+00:00,4085.31,4089.34,4081.87,4084.25,4756
1785463200,2026-07-31 02:00:00+00:00,4084.31,4090.39,4081.46,4085.48,4758
1785464100,2026-07-31 02:15:00+00:00,4085.54,4085.54,4081.45,4082.14,2879
1785465000,2026-07-31 02:30:00+00:00,4082.09,4084.32,4075.37,4075.46,4363
1785465900,2026-07-31 02:45:00+00:00,4075.44,4078.35,4074.15,4076.05,4018
1785466800,2026-07-31 03:00:00+00:00,4076.03,4076.17,4071.97,4073.34,3592
1785467700,2026-07-31 03:15:00+00:00,4073.36,4075.99,4072.24,4075.23,3506
1785468600,2026-07-31 03:30:00+00:00,4075.23,4079.45,4074.96,4076.41,2853
1785469500,2026-07-31 03:45:00+00:00,4076.41,4077.44,4074.16,4074.98,2749
1785470400,2026-07-31 04:00:00+00:00,4074.98,4076.91,4073.29,4076.72,2350
1785471300,2026-07-31 04:15:00+00:00,4076.62,4080.02,4074.49,4079.99,2267
1785472200,2026-07-31 04:30:00+00:00,4079.97,4081.4,4079.22,4079.28,1628
1785473100,2026-07-31 04:45:00+00:00,4079.23,4080.03,4074.69,4079.91,2012
1785474000,2026-07-31 05:00:00+00:00,4079.91,4083.21,4079.62,4079.75,2313
1785474900,2026-07-31 05:15:00+00:00,4079.8,4082.87,4079.37,4080.8,1646
1785475800,2026-07-31 05:30:00+00:00,4080.8,4081.61,4075.69,4076.39,4209
1785476700,2026-07-31 05:45:00+00:00,4076.39,4076.43,4073.28,4074.26,3005
1785477600,2026-07-31 06:00:00+00:00,4074.26,4082.74,4072.75,4082.23,3846
1785478500,2026-07-31 06:15:00+00:00,4082.27,4087.42,4081.01,4084.83,3612
1785479400,2026-07-31 06:30:00+00:00,4084.85,4084.97,4077.11,4078.05,5081
1785480300,2026-07-31 06:45:00+00:00,4078.05,4081.54,4076.29,4077.56,3842
1785481200,2026-07-31 07:00:00+00:00,4077.56,4079.03,4075.33,4077.47,4224
1785482100,2026-07-31 07:15:00+00:00,4077.45,4079.13,4072.02,4072.56,3855
1785483000,2026-07-31 07:30:00+00:00,4072.6,4073.82,4068.03,4072.08,3482
1785483900,2026-07-31 07:45:00+00:00,4072.24,4074.35,4067.45,4067.5,3865
1785484800,2026-07-31 08:00:00+00:00,4067.46,4067.65,4061.02,4062.1,4457
1785485700,2026-07-31 08:15:00+00:00,4062.12,4067.27,4057.92,4058.56,3452
1785486600,2026-07-31 08:30:00+00:00,4058.56,4061.43,4054.06,4059.14,3609
1785487500,2026-07-31 08:45:00+00:00,4059.07,4064.43,4057.67,4060.92,3810
1785488400,2026-07-31 09:00:00+00:00,4060.7,4063.94,4055.16,4056.63,6012
1785489300,2026-07-31 09:15:00+00:00,4056.78,4057.45,4051.22,4052.38,3900
1785490200,2026-07-31 09:30:00+00:00,4052.19,4054.55,4050.17,4053.02,3766
1785491100,2026-07-31 09:45:00+00:00,4053.02,4057.05,4052.25,4055.0,3000
1785492000,2026-07-31 10:00:00+00:00,4055.0,4058.25,4053.09,4055.79,2834
1785492900,2026-07-31 10:15:00+00:00,4055.79,4056.0,4051.94,4053.17,3044
1785493800,2026-07-31 10:30:00+00:00,4052.99,4056.45,4052.81,4054.64,3102
1785494700,2026-07-31 10:45:00+00:00,4054.63,4057.06,4053.59,4054.39,3132
1785495600,2026-07-31 11:00:00+00:00,4054.25,4059.3,4052.19,4056.91,4107
1785496500,2026-07-31 11:15:00+00:00,4056.95,4060.96,4054.0,4058.75,4665
1785497400,2026-07-31 11:30:00+00:00,4058.75,4058.75,4050.62,4051.99,3880
1785498300,2026-07-31 11:45:00+00:00,4051.99,4055.38,4051.26,4053.59,2835
1785499200,2026-07-31 12:00:00+00:00,4053.71,4059.26,4052.42,4059.03,3949
1785500100,2026-07-31 12:15:00+00:00,4059.03,4059.24,4046.93,4047.15,3923
1785501000,2026-07-31 12:30:00+00:00,4047.18,4051.49,4042.46,4044.53,4874
1785501900,2026-07-31 12:45:00+00:00,4044.53,4046.32,4040.41,4040.64,4752
1785502800,2026-07-31 13:00:00+00:00,4040.61,4042.64,4034.58,4036.12,7675
1785503700,2026-07-31 13:15:00+00:00,4036.2,4046.81,4035.43,4042.42,6253
1785504600,2026-07-31 13:30:00+00:00,4042.42,4043.69,4022.41,4024.98,9608
1785505500,2026-07-31 13:45:00+00:00,4024.98,4032.13,4021.92,4025.27,8756
1785506400,2026-07-31 14:00:00+00:00,4025.27,4032.42,4020.94,4031.98,10693
1785507300,2026-07-31 14:15:00+00:00,4031.98,4040.12,4029.77,4038.77,9503
1785508200,2026-07-31 14:30:00+00:00,4038.69,4043.0,4036.59,4041.35,6858
1785509100,2026-07-31 14:45:00+00:00,4041.35,4050.21,4040.87,4049.13,7866
1785510000,2026-07-31 15:00:00+00:00,4049.13,4050.62,4042.61,4046.91,8922
1785510900,2026-07-31 15:15:00+00:00,4046.91,4052.62,4040.11,4041.13,8434
1785511800,2026-07-31 15:30:00+00:00,4041.11,4043.64,4036.55,4042.08,6120
1785512700,2026-07-31 15:45:00+00:00,4042.15,4046.68,4039.81,4045.44,6763
1785513600,2026-07-31 16:00:00+00:00,4045.42,4046.83,4041.23,4046.27,4437
1785514500,2026-07-31 16:15:00+00:00,4046.37,4048.36,4043.02,4047.36,4543
1785515400,2026-07-31 16:30:00+00:00,4047.35,4049.86,4041.15,4042.44,5623
1785516300,2026-07-31 16:45:00+00:00,4042.49,4045.07,4042.11,4043.24,4207
1785517200,2026-07-31 17:00:00+00:00,4043.23,4046.38,4041.38,4045.53,4442
1785518100,2026-07-31 17:15:00+00:00,4045.54,4053.41,4044.76,4050.3,6410
1785519000,2026-07-31 17:30:00+00:00,4050.3,4053.12,4047.58,4051.9,6615
1785519900,2026-07-31 17:45:00+00:00,4051.86,4054.73,4050.16,4053.46,6984
1785520800,2026-07-31 18:00:00+00:00,4053.46,4055.06,4047.16,4048.13,5830
1785521700,2026-07-31 18:15:00+00:00,4048.13,4051.68,4047.69,4051.01,3988
1785522600,2026-07-31 18:30:00+00:00,4050.98,4051.65,4048.04,4049.43,3025
1785523500,2026-07-31 18:45:00+00:00,4049.43,4051.58,4048.07,4050.73,3515
1785524400,2026-07-31 19:00:00+00:00,4050.74,4052.92,4046.84,4047.97,3158
1785525300,2026-07-31 19:15:00+00:00,4047.95,4050.59,4047.05,4050.5,2508
1785526200,2026-07-31 19:30:00+00:00,4050.51,4054.56,4048.91,4054.08,2842
1785527100,2026-07-31 19:45:00+00:00,4054.1,4055.54,4049.99,4050.77,5530
1785708000,2026-08-02 22:00:00+00:00,4074.21,4078.85,4049.79,4076.04,3265
1785708900,2026-08-02 22:15:00+00:00,4076.04,4077.06,4063.71,4065.8,2513
1785709800,2026-08-02 22:30:00+00:00,4065.8,4068.2,4063.88,4066.69,1904
1785710700,2026-08-02 22:45:00+00:00,4066.58,4066.96,4063.25,4063.47,1688
1785711600,2026-08-02 23:00:00+00:00,4063.47,4067.05,4062.99,4066.33,1812
1785712500,2026-08-02 23:15:00+00:00,4066.33,4072.59,4065.92,4071.93,1566
1785713400,2026-08-02 23:30:00+00:00,4071.93,4072.27,4067.69,4069.47,1148
1785714300,2026-08-02 23:45:00+00:00,4069.67,4074.82,4068.05,4074.77,3693
1785715200,2026-08-03 00:00:00+00:00,4074.9,4079.24,4069.99,4072.01,7582
1785716100,2026-08-03 00:15:00+00:00,4071.87,4072.87,4061.07,4064.14,7140
1785717000,2026-08-03 00:30:00+00:00,4064.14,4069.89,4056.89,4058.19,8546
1785717900,2026-08-03 00:45:00+00:00,4058.16,4060.63,4055.54,4057.06,7909
1785718800,2026-08-03 01:00:00+00:00,4057.09,4063.36,4051.5,4052.29,9691
1785719700,2026-08-03 01:15:00+00:00,4052.29,4055.12,4047.25,4052.81,7347
1785720600,2026-08-03 01:30:00+00:00,4052.84,4056.98,4047.41,4051.09,7758
1785721500,2026-08-03 01:45:00+00:00,4051.11,4057.46,4049.91,4056.54,6281
1785722400,2026-08-03 02:00:00+00:00,4056.54,4060.96,4053.21,4055.75,5788
1785723300,2026-08-03 02:15:00+00:00,4055.75,4060.83,4051.93,4058.03,4320
1785724200,2026-08-03 02:30:00+00:00,4058.03,4060.68,4052.32,4059.56,6538
1785725100,2026-08-03 02:45:00+00:00,4059.56,4067.0,4058.39,4062.38,5494
1785726000,2026-08-03 03:00:00+00:00,4062.26,4065.47,4060.86,4064.28,4474
1785726900,2026-08-03 03:15:00+00:00,4064.28,4067.87,4061.47,4063.8,4310
1785727800,2026-08-03 03:30:00+00:00,4063.75,4064.9,4060.59,4060.62,3837
1785728700,2026-08-03 03:45:00+00:00,4060.62,4066.74,4059.29,4065.01,3458
1785729600,2026-08-03 04:00:00+00:00,4065.04,4068.27,4064.3,4066.62,3120
1785730500,2026-08-03 04:15:00+00:00,4066.62,4071.02,4066.09,4068.19,2951
1785731400,2026-08-03 04:30:00+00:00,4068.21,4071.24,4068.21,4070.62,3618
1785732300,2026-08-03 04:45:00+00:00,4070.56,4071.84,4063.8,4063.85,3431
1785733200,2026-08-03 05:00:00+00:00,4063.89,4065.3,4056.72,4057.45,4857
1785734100,2026-08-03 05:15:00+00:00,4057.45,4062.77,4054.12,4060.33,3812
1785735000,2026-08-03 05:30:00+00:00,4060.3,4064.58,4055.04,4063.37,6038
1785735900,2026-08-03 05:45:00+00:00,4063.4,4069.87,4058.79,4068.81,4571
1785736800,2026-08-03 06:00:00+00:00,4068.81,4071.13,4065.92,4065.97,4783
1785737700,2026-08-03 06:15:00+00:00,4065.97,4072.07,4065.26,4068.46,5264
1785738600,2026-08-03 06:30:00+00:00,4068.51,4068.91,4060.38,4065.52,5134
1785739500,2026-08-03 06:45:00+00:00,4065.49,4066.97,4062.73,4063.82,4913
1785740400,2026-08-03 07:00:00+00:00,4063.82,4065.33,4059.59,4061.51,5857
1785741300,2026-08-03 07:15:00+00:00,4061.52,4062.08,4051.92,4058.03,6387
1785742200,2026-08-03 07:30:00+00:00,4058.03,4061.19,4056.5,4059.63,5050
1785743100,2026-08-03 07:45:00+00:00,4059.64,4063.27,4058.36,4061.04,4614
1785744000,2026-08-03 08:00:00+00:00,4060.88,4062.19,4058.39,4061.74,4981
1785744900,2026-08-03 08:15:00+00:00,4061.72,4062.45,4054.23,4056.17,4656
1785745800,2026-08-03 08:30:00+00:00,4056.17,4060.69,4054.81,4058.46,4683
1785746700,2026-08-03 08:45:00+00:00,4058.46,4060.92,4057.58,4059.46,3818
1785747600,2026-08-03 09:00:00+00:00,4059.46,4062.21,4057.26,4061.48,3924
1785748500,2026-08-03 09:15:00+00:00,4061.49,4061.49,4052.05,4052.61,4073
1785749400,2026-08-03 09:30:00+00:00,4052.6,4054.78,4046.43,4053.5,5383
1785750300,2026-08-03 09:45:00+00:00,4053.5,4058.1,4053.43,4055.27,4546
1785751200,2026-08-03 10:00:00+00:00,4055.27,4057.12,4053.02,4056.29,4181
1785752100,2026-08-03 10:15:00+00:00,4056.24,4057.09,4051.9,4053.41,4433
1785753000,2026-08-03 10:30:00+00:00,4053.4,4053.66,4048.65,4049.21,3902
1785753900,2026-08-03 10:45:00+00:00,4049.19,4050.71,4046.08,4049.38,3789
1785754800,2026-08-03 11:00:00+00:00,4049.39,4052.91,4047.67,4049.77,4867
1785755700,2026-08-03 11:15:00+00:00,4049.72,4049.93,4045.35,4048.46,4574
1785756600,2026-08-03 11:30:00+00:00,4048.45,4054.97,4047.9,4053.56,4564
1785757500,2026-08-03 11:45:00+00:00,4053.56,4063.1,4052.59,4062.49,5356
1785758400,2026-08-03 12:00:00+00:00,4062.49,4064.65,4054.74,4055.88,5749
1785759300,2026-08-03 12:15:00+00:00,4055.93,4056.5,4048.55,4050.8,6175
1785760200,2026-08-03 12:30:00+00:00,4050.83,4052.9,4042.21,4044.86,6229
1785761100,2026-08-03 12:45:00+00:00,4044.79,4048.9,4043.23,4047.65,5046
1785762000,2026-08-03 13:00:00+00:00,4047.65,4053.6,4038.71,4038.82,8768
1785762900,2026-08-03 13:15:00+00:00,4038.77,4040.44,4031.47,4034.22,8463
1785763800,2026-08-03 13:30:00+00:00,4034.06,4035.54,4019.0,4031.86,10666
1785764700,2026-08-03 13:45:00+00:00,4031.89,4035.4,4028.09,4032.3,8351
1785765600,2026-08-03 14:00:00+00:00,4031.15,4036.08,4026.62,4033.21,9486
1785766500,2026-08-03 14:15:00+00:00,4033.2,4035.94,4029.78,4032.46,7396
1785767400,2026-08-03 14:30:00+00:00,4032.33,4038.09,4031.76,4036.41,7532
1785768300,2026-08-03 14:45:00+00:00,4036.48,4039.23,4033.72,4036.26,7614
1785769200,2026-08-03 15:00:00+00:00,4036.26,4037.05,4030.35,4033.34,7988
1785770100,2026-08-03 15:15:00+00:00,4033.33,4038.42,4030.59,4032.86,7354
1785771000,2026-08-03 15:30:00+00:00,4032.78,4038.85,4030.95,4036.74,6572
1785771900,2026-08-03 15:45:00+00:00,4036.74,4040.95,4035.36,4036.03,5359
1785772800,2026-08-03 16:00:00+00:00,4036.14,4037.6,4034.64,4036.59,4594
1785773700,2026-08-03 16:15:00+00:00,4036.5,4038.52,4034.93,4036.96,4277
1785774600,2026-08-03 16:30:00+00:00,4036.96,4039.29,4035.45,4038.54,3303
1785775500,2026-08-03 16:45:00+00:00,4038.72,4038.75,4035.67,4036.91,3685
1785776400,2026-08-03 17:00:00+00:00,4036.93,4037.7,4033.29,4034.31,3927
1785777300,2026-08-03 17:15:00+00:00,4034.29,4037.73,4033.92,4034.38,4796
1785778200,2026-08-03 17:30:00+00:00,4034.37,4036.97,4034.09,4036.06,3602
1785779100,2026-08-03 17:45:00+00:00,4036.07,4036.45,4030.27,4030.5,3023
1785780000,2026-08-03 18:00:00+00:00,4030.55,4038.54,4029.65,4035.04,4491
1785780900,2026-08-03 18:15:00+00:00,4035.07,4038.93,4034.93,4037.91,4125
1785781800,2026-08-03 18:30:00+00:00,4037.92,4041.49,4036.53,4041.45,3866
1785782700,2026-08-03 18:45:00+00:00,4041.46,4045.05,4040.49,4043.46,4357
1785783600,2026-08-03 19:00:00+00:00,4043.46,4049.48,4043.46,4046.3,4811
1785784500,2026-08-03 19:15:00+00:00,4046.29,4054.32,4046.25,4052.96,4762
1785785400,2026-08-03 19:30:00+00:00,4052.96,4055.75,4051.99,4054.03,3708
1785786300,2026-08-03 19:45:00+00:00,4054.05,4055.56,4051.53,4051.83,3755
1785794400,2026-08-03 22:00:00+00:00,4017.16,4053.97,4017.16,4051.26,995
1785795300,2026-08-03 22:15:00+00:00,4051.26,4052.52,4050.71,4052.07,967
1785796200,2026-08-03 22:30:00+00:00,4051.96,4053.41,4051.59,4052.83,984
1785797100,2026-08-03 22:45:00+00:00,4052.79,4053.47,4051.18,4052.77,1414
1785798000,2026-08-03 23:00:00+00:00,4052.74,4054.98,4050.05,4051.35,1692
1785798900,2026-08-03 23:15:00+00:00,4051.35,4054.52,4050.53,4051.62,1578
1785799800,2026-08-03 23:30:00+00:00,4051.62,4052.73,4051.04,4052.24,1135
1785800700,2026-08-03 23:45:00+00:00,4052.32,4053.93,4051.16,4053.84,1963
1785801600,2026-08-04 00:00:00+00:00,4053.79,4069.1,4053.06,4063.61,5815
1785802500,2026-08-04 00:15:00+00:00,4063.51,4064.46,4058.04,4059.02,3791
1785803400,2026-08-04 00:30:00+00:00,4059.07,4060.71,4055.59,4056.32,2994
1785804300,2026-08-04 00:45:00+00:00,4056.34,4058.02,4048.59,4049.14,4510
1785805200,2026-08-04 01:00:00+00:00,4049.11,4050.63,4042.45,4046.84,5578
1785806100,2026-08-04 01:15:00+00:00,4046.83,4052.5,4046.83,4049.15,4466
1785807000,2026-08-04 01:30:00+00:00,4049.17,4060.12,4048.32,4059.15,5412
1785807900,2026-08-04 01:45:00+00:00,4059.15,4061.82,4056.59,4058.65,5281
1785808800,2026-08-04 02:00:00+00:00,4058.72,4061.12,4055.68,4058.21,5112
1785809700,2026-08-04 02:15:00+00:00,4058.21,4059.8,4055.78,4056.74,3214
1785810600,2026-08-04 02:30:00+00:00,4056.74,4064.98,4055.63,4061.75,4806
1785811500,2026-08-04 02:45:00+00:00,4061.79,4062.38,4058.07,4058.83,3921
1785812400,2026-08-04 03:00:00+00:00,4058.79,4060.62,4056.39,4058.1,3721
1785813300,2026-08-04 03:15:00+00:00,4058.12,4061.66,4057.73,4057.81,3583
1785814200,2026-08-04 03:30:00+00:00,4057.85,4058.76,4052.65,4052.86,2344
1785815100,2026-08-04 03:45:00+00:00,4052.87,4055.52,4052.07,4052.45,2027
1785816000,2026-08-04 04:00:00+00:00,4052.46,4056.83,4051.02,4056.79,1876
1785816900,2026-08-04 04:15:00+00:00,4057.03,4061.63,4055.94,4061.37,2184
1785817800,2026-08-04 04:30:00+00:00,4061.41,4064.2,4060.5,4062.71,2101
1785818700,2026-08-04 04:45:00+00:00,4062.73,4066.23,4062.47,4063.74,2332
1785819600,2026-08-04 05:00:00+00:00,4063.76,4064.58,4057.13,4057.97,2932
1785820500,2026-08-04 05:15:00+00:00,4057.93,4063.98,4057.38,4063.25,2394
1785821400,2026-08-04 05:30:00+00:00,4063.23,4067.72,4059.18,4062.81,4522
1785822300,2026-08-04 05:45:00+00:00,4062.83,4064.41,4058.61,4061.88,4126
1785823200,2026-08-04 06:00:00+00:00,4061.88,4066.19,4061.78,4064.25,4901
1785824100,2026-08-04 06:15:00+00:00,4063.94,4064.89,4059.5,4059.81,4023
1785825000,2026-08-04 06:30:00+00:00,4059.91,4060.14,4055.62,4060.14,3990
1785825900,2026-08-04 06:45:00+00:00,4060.09,4063.74,4058.82,4063.4,3688
1785826800,2026-08-04 07:00:00+00:00,4063.4,4065.81,4060.83,4060.97,4388
1785827700,2026-08-04 07:15:00+00:00,4060.9,4065.64,4060.89,4062.99,4015
1785828600,2026-08-04 07:30:00+00:00,4063.0,4066.74,4061.34,4062.81,3980
1785829500,2026-08-04 07:45:00+00:00,4062.81,4066.13,4062.27,4065.47,2994
1785830400,2026-08-04 08:00:00+00:00,4065.5,4072.8,4064.49,4068.14,5379
1785831300,2026-08-04 08:15:00+00:00,4068.14,4068.7,4060.32,4063.36,3547
1785832200,2026-08-04 08:30:00+00:00,4063.36,4064.45,4058.4,4059.43,4484
1785833100,2026-08-04 08:45:00+00:00,4059.36,4059.59,4054.44,4055.06,3495
1785834000,2026-08-04 09:00:00+00:00,4055.02,4055.36,4048.51,4050.62,3724
1785834900,2026-08-04 09:15:00+00:00,4050.55,4052.07,4048.56,4050.29,3609
1785835800,2026-08-04 09:30:00+00:00,4050.3,4051.37,4046.1,4050.33,3438
1785836700,2026-08-04 09:45:00+00:00,4050.32,4050.99,4047.38,4049.74,3045
1785837600,2026-08-04 10:00:00+00:00,4049.74,4049.8,4046.88,4048.98,3255
1785838500,2026-08-04 10:15:00+00:00,4048.95,4049.9,4045.51,4048.99,2379
1785839400,2026-08-04 10:30:00+00:00,4048.97,4054.07,4046.46,4052.68,3170
1785840300,2026-08-04 10:45:00+00:00,4052.68,4060.61,4052.45,4053.76,6409
1785841200,2026-08-04 11:00:00+00:00,4053.82,4058.76,4052.23,4056.65,4518
1785842100,2026-08-04 11:15:00+00:00,4056.65,4060.97,4055.34,4060.77,3981
1785843000,2026-08-04 11:30:00+00:00,4060.86,4070.46,4059.86,4069.52,5736
1785843900,2026-08-04 11:45:00+00:00,4069.42,4084.15,4066.99,4074.97,9153
1785844800,2026-08-04 12:00:00+00:00,4075.16,4075.93,4061.01,4062.06,6906
1785845700,2026-08-04 12:15:00+00:00,4062.17,4070.36,4061.08,4067.95,5705
1785846600,2026-08-04 12:30:00+00:00,4067.95,4084.4,4067.95,4078.02,6767
1785847500,2026-08-04 12:45:00+00:00,4078.03,4079.22,4069.43,4070.86,6624
1785848400,2026-08-04 13:00:00+00:00,4070.86,4071.63,4061.26,4063.75,6405
1785849300,2026-08-04 13:15:00+00:00,4063.71,4091.2,4062.31,4078.48,8226
1785850200,2026-08-04 13:30:00+00:00,4078.49,4091.65,4075.88,4083.43,10786
1785851100,2026-08-04 13:45:00+00:00,4083.35,4093.87,4081.57,4083.94,8792
1785852000,2026-08-04 14:00:00+00:00,4084.23,4091.45,4082.95,4090.15,7879
1785852900,2026-08-04 14:15:00+00:00,4090.12,4091.83,4080.63,4083.77,7196
1785853800,2026-08-04 14:30:00+00:00,4083.76,4086.7,4074.33,4079.91,8856
1785854700,2026-08-04 14:45:00+00:00,4079.67,4084.74,4077.77,4083.51,6535
1785855600,2026-08-04 15:00:00+00:00,4083.49,4085.67,4079.61,4084.08,6482
1785856500,2026-08-04 15:15:00+00:00,4084.13,4084.34,4074.73,4078.32,5494
1785857400,2026-08-04 15:30:00+00:00,4078.31,4087.2,4076.62,4083.99,7308
1785858300,2026-08-04 15:45:00+00:00,4083.97,4088.78,4082.77,4087.18,6143
1785859200,2026-08-04 16:00:00+00:00,4087.3,4088.42,4084.34,4085.03,5583
1785860100,2026-08-04 16:15:00+00:00,4085.03,4089.97,4083.08,4087.65,5320
1785861000,2026-08-04 16:30:00+00:00,4087.68,4089.36,4084.91,4089.09,4786
1785861900,2026-08-04 16:45:00+00:00,4089.09,4093.54,4088.72,4093.31,4665
1785862800,2026-08-04 17:00:00+00:00,4093.28,4106.35,4092.42,4099.99,6691
1785863700,2026-08-04 17:15:00+00:00,4100.08,4101.22,4094.31,4094.65,6133
1785864600,2026-08-04 17:30:00+00:00,4094.67,4096.18,4091.62,4095.46,4255
1785865500,2026-08-04 17:45:00+00:00,4095.45,4096.47,4086.08,4086.09,5088
1785866400,2026-08-04 18:00:00+00:00,4086.08,4088.89,4084.88,4088.67,4774
1785867300,2026-08-04 18:15:00+00:00,4088.66,4088.9,4084.32,4084.63,3480
1785868200,2026-08-04 18:30:00+00:00,4084.56,4085.74,4076.31,4076.6,3023
1785869100,2026-08-04 18:45:00+00:00,4076.6,4081.18,4075.17,4079.85,3206
1785870000,2026-08-04 19:00:00+00:00,4079.86,4084.24,4078.71,4081.62,3763
1785870900,2026-08-04 19:15:00+00:00,4081.62,4084.8,4079.37,4080.21,3681
1785871800,2026-08-04 19:30:00+00:00,4080.12,4082.49,4078.83,4081.42,3375
1785872700,2026-08-04 19:45:00+00:00,4081.43,4082.25,4076.28,4078.54,4610
1785880800,2026-08-04 22:00:00+00:00,4065.5,4078.35,4054.09,4076.94,374
1785881700,2026-08-04 22:15:00+00:00,4076.77,4079.74,4075.69,4079.57,863
1785882600,2026-08-04 22:30:00+00:00,4079.62,4085.73,4079.16,4083.96,1736
1785883500,2026-08-04 22:45:00+00:00,4083.96,4084.53,4075.58,4075.64,2383
1785884400,2026-08-04 23:00:00+00:00,4075.79,4077.08,4068.46,4073.42,2916
1785885300,2026-08-04 23:15:00+00:00,4073.42,4074.74,4065.42,4067.04,2080
1785886200,2026-08-04 23:30:00+00:00,4067.04,4069.94,4065.78,4069.19,1491
1785887100,2026-08-04 23:45:00+00:00,4069.19,4073.56,4068.97,4072.41,2455
1785888000,2026-08-05 00:00:00+00:00,4072.44,4074.07,4070.3,4071.73,3759
1785888900,2026-08-05 00:15:00+00:00,4071.73,4078.88,4071.3,4078.48,2883
1785889800,2026-08-05 00:30:00+00:00,4078.5,4083.02,4077.82,4078.06,2727
1785890700,2026-08-05 00:45:00+00:00,4078.03,4083.42,4077.62,4082.41,3677
1785891600,2026-08-05 01:00:00+00:00,4082.39,4086.81,4077.46,4085.76,6980
1785892500,2026-08-05 01:15:00+00:00,4085.75,4088.46,4082.57,4084.57,5503
1785893400,2026-08-05 01:30:00+00:00,4084.35,4093.07,4079.98,4092.88,4709
1785894300,2026-08-05 01:45:00+00:00,4092.88,4102.47,4092.62,4101.31,4684
1785895200,2026-08-05 02:00:00+00:00,4101.32,4102.86,4096.37,4099.6,4421
1785896100,2026-08-05 02:15:00+00:00,4099.68,4108.51,4095.24,4103.5,3804
1785897000,2026-08-05 02:30:00+00:00,4103.75,4128.78,4101.38,4128.14,7177
1785897900,2026-08-05 02:45:00+00:00,4128.14,4135.26,4124.5,4129.17,6603
1785898800,2026-08-05 03:00:00+00:00,4128.93,4136.02,4126.68,4135.78,5222
1785899700,2026-08-05 03:15:00+00:00,4135.82,4136.55,4129.72,4130.42,4064
1785900600,2026-08-05 03:30:00+00:00,4130.4,4130.78,4127.4,4128.51,3256
1785901500,2026-08-05 03:45:00+00:00,4128.49,4130.31,4127.39,4128.24,2269
1785902400,2026-08-05 04:00:00+00:00,4128.24,4141.27,4128.06,4138.5,3600
1785903300,2026-08-05 04:15:00+00:00,4138.5,4141.06,4137.72,4138.54,2493
1785904200,2026-08-05 04:30:00+00:00,4138.54,4138.78,4133.21,4134.56,1968
1785905100,2026-08-05 04:45:00+00:00,4134.35,4136.0,4132.35,4135.44,1946
1785906000,2026-08-05 05:00:00+00:00,4135.4,4138.12,4134.67,4137.23,3244
1785906900,2026-08-05 05:15:00+00:00,4137.24,4142.1,4135.52,4139.47,2619
1785907800,2026-08-05 05:30:00+00:00,4139.46,4159.36,4139.46,4157.12,6971
1785908700,2026-08-05 05:45:00+00:00,4157.0,4172.73,4156.76,4161.36,7160
1785909600,2026-08-05 06:00:00+00:00,4161.36,4174.22,4160.06,4173.08,4695
1785910500,2026-08-05 06:15:00+00:00,4173.06,4173.35,4160.87,4168.72,4750
1785911400,2026-08-05 06:30:00+00:00,4168.72,4178.39,4166.93,4175.75,4736
1785912300,2026-08-05 06:45:00+00:00,4175.73,4178.31,4172.11,4177.43,3890
1785913200,2026-08-05 07:00:00+00:00,4177.43,4179.44,4166.09,4166.16,5030
1785914100,2026-08-05 07:15:00+00:00,4166.19,4169.31,4163.07,4164.25,5178
1785915000,2026-08-05 07:30:00+00:00,4164.24,4166.72,4162.24,4166.55,4611
1785915900,2026-08-05 07:45:00+00:00,4166.65,4171.99,4164.11,4170.69,3703
1785916800,2026-08-05 08:00:00+00:00,4170.8,4172.58,4164.82,4165.42,3914
1785917700,2026-08-05 08:15:00+00:00,4165.42,4168.16,4162.1,4164.33,3883
1785918600,2026-08-05 08:30:00+00:00,4164.33,4166.98,4161.2,4166.12,5084
1785919500,2026-08-05 08:45:00+00:00,4166.15,4166.28,4158.99,4160.46,5035
1785920400,2026-08-05 09:00:00+00:00,4160.56,4167.14,4160.44,4162.91,5029
1785921300,2026-08-05 09:15:00+00:00,4162.95,4162.95,4155.07,4157.56,5016
1785922200,2026-08-05 09:30:00+00:00,4157.65,4159.17,4154.32,4158.14,5249
1785923100,2026-08-05 09:45:00+00:00,4158.17,4159.15,4153.06,4157.98,3100
1785924000,2026-08-05 10:00:00+00:00,4157.98,4158.06,4150.32,4151.14,3892
1785924900,2026-08-05 10:15:00+00:00,4151.15,4158.51,4150.13,4156.69,4095
1785925800,2026-08-05 10:30:00+00:00,4156.69,4157.83,4153.86,4155.14,3273
1785926700,2026-08-05 10:45:00+00:00,4155.39,4161.51,4153.81,4161.33,3608
1785927600,2026-08-05 11:00:00+00:00,4161.17,4170.91,4160.74,4170.82,4456
1785928500,2026-08-05 11:15:00+00:00,4170.82,4180.61,4169.3,4175.92,4397
1785929400,2026-08-05 11:30:00+00:00,4175.96,4188.6,4173.99,4184.8,6446
1785930300,2026-08-05 11:45:00+00:00,4184.75,4192.6,4182.84,4188.76,6225
1785931200,2026-08-05 12:00:00+00:00,4188.7,4199.96,4188.68,4197.4,6157
1785932100,2026-08-05 12:15:00+00:00,4197.31,4213.31,4197.31,4205.25,6849
1785933000,2026-08-05 12:30:00+00:00,4205.3,4208.95,4192.76,4194.68,6377
1785933900,2026-08-05 12:45:00+00:00,4194.68,4195.61,4183.02,4183.73,6348
1785934800,2026-08-05 13:00:00+00:00,4183.73,4197.03,4183.63,4187.92,7270
1785935700,2026-08-05 13:15:00+00:00,4187.92,4198.0,4185.56,4197.0,7046
1785936600,2026-08-05 13:30:00+00:00,4197.07,4204.9,4192.5,4197.31,10389
1785937500,2026-08-05 13:45:00+00:00,4197.31,4206.75,4189.52,4205.61,8976
1785938400,2026-08-05 14:00:00+00:00,4205.58,4234.74,4203.56,4229.55,12025
1785939300,2026-08-05 14:15:00+00:00,4229.37,4240.47,4226.45,4236.76,11134
1785940200,2026-08-05 14:30:00+00:00,4236.66,4243.41,4228.59,4243.06,10777
1785941100,2026-08-05 14:45:00+00:00,4243.28,4247.49,4233.27,4244.13,10270
1785942000,2026-08-05 15:00:00+00:00,4244.13,4260.97,4242.67,4257.91,9984
1785942900,2026-08-05 15:15:00+00:00,4257.91,4265.11,4250.13,4257.41,9093
1785943800,2026-08-05 15:30:00+00:00,4257.44,4259.54,4252.17,4255.85,6056
1785944700,2026-08-05 15:45:00+00:00,4255.72,4255.86,4232.17,4232.66,8839
1785945600,2026-08-05 16:00:00+00:00,4232.66,4236.16,4224.74,4234.26,6717
1785946500,2026-08-05 16:15:00+00:00,4234.3,4241.66,4232.61,4241.31,6519
1785947400,2026-08-05 16:30:00+00:00,4241.31,4246.87,4238.93,4244.56,5390
1785948300,2026-08-05 16:45:00+00:00,4244.59,4247.34,4238.24,4242.27,5108
1785949200,2026-08-05 17:00:00+00:00,4242.3,4244.23,4239.24,4242.0,3767
1785950100,2026-08-05 17:15:00+00:00,4241.87,4246.52,4236.79,4244.71,4980
1785951000,2026-08-05 17:30:00+00:00,4244.71,4250.79,4240.93,4248.27,5830
1785951900,2026-08-05 17:45:00+00:00,4248.27,4252.41,4247.44,4250.22,4592
1785952800,2026-08-05 18:00:00+00:00,4250.2,4257.46,4249.1,4253.15,5531
1785953700,2026-08-05 18:15:00+00:00,4253.15,4267.72,4252.9,4262.93,4193
1785954600,2026-08-05 18:30:00+00:00,4262.93,4263.88,4254.54,4259.28,4274
1785955500,2026-08-05 18:45:00+00:00,4259.33,4263.53,4257.89,4260.86,4030
1785956400,2026-08-05 19:00:00+00:00,4260.86,4262.1,4256.02,4258.14,4452
1785957300,2026-08-05 19:15:00+00:00,4258.14,4258.25,4250.49,4252.88,4373
1785958200,2026-08-05 19:30:00+00:00,4252.87,4254.18,4248.26,4253.17,4571
1785959100,2026-08-05 19:45:00+00:00,4253.15,4253.4,4246.23,4246.93,5185
1785967200,2026-08-05 22:00:00+00:00,4244.09,4253.63,4237.35,4247.53,1820
1785968100,2026-08-05 22:15:00+00:00,4247.3,4248.86,4246.83,4247.92,1302
1785969000,2026-08-05 22:30:00+00:00,4247.92,4250.29,4247.65,4248.29,1854
1785969900,2026-08-05 22:45:00+00:00,4248.29,4250.26,4247.82,4249.95,1713
1785970800,2026-08-05 23:00:00+00:00,4249.91,4258.1,4249.02,4256.19,2331
1785971700,2026-08-05 23:15:00+00:00,4256.19,4264.19,4256.0,4263.51,2429
1785972600,2026-08-05 23:30:00+00:00,4263.52,4281.88,4261.03,4280.49,4240
1785973500,2026-08-05 23:45:00+00:00,4280.48,4280.63,4271.97,4277.84,4385
1785974400,2026-08-06 00:00:00+00:00,4277.88,4277.99,4264.46,4270.71,6231
1785975300,2026-08-06 00:15:00+00:00,4270.71,4284.56,4270.69,4274.02,5910
1785976200,2026-08-06 00:30:00+00:00,4273.92,4291.02,4273.83,4286.33,5891
1785977100,2026-08-06 00:45:00+00:00,4286.33,4300.17,4285.91,4294.69,6299
1785978000,2026-08-06 01:00:00+00:00,4294.69,4302.64,4280.14,4284.83,9560
1785978900,2026-08-06 01:15:00+00:00,4284.72,4287.84,4272.87,4276.11,8116
1785979800,2026-08-06 01:30:00+00:00,4276.12,4297.12,4275.73,4287.62,7874
1785980700,2026-08-06 01:45:00+00:00,4287.62,4297.41,4282.93,4286.51,6660
1785981600,2026-08-06 02:00:00+00:00,4286.38,4304.08,4283.53,4295.16,6891
1785982500,2026-08-06 02:15:00+00:00,4295.18,4300.03,4291.82,4292.13,4365
1785983400,2026-08-06 02:30:00+00:00,4291.96,4292.41,4280.91,4285.77,6337
1785984300,2026-08-06 02:45:00+00:00,4285.75,4287.05,4274.76,4278.55,6086
1785985200,2026-08-06 03:00:00+00:00,4278.55,4280.93,4273.87,4274.03,5617
1785986100,2026-08-06 03:15:00+00:00,4273.98,4274.09,4260.7,4266.25,6587
1785987000,2026-08-06 03:30:00+00:00,4266.24,4266.73,4261.45,4262.74,3976
1785987900,2026-08-06 03:45:00+00:00,4262.75,4265.74,4260.21,4265.66,3967
1785988800,2026-08-06 04:00:00+00:00,4265.69,4267.24,4262.18,4263.35,4167
1785989700,2026-08-06 04:15:00+00:00,4263.32,4263.85,4252.78,4255.21,3922
1785990600,2026-08-06 04:30:00+00:00,4255.23,4261.18,4255.23,4259.04,3780
1785991500,2026-08-06 04:45:00+00:00,4259.07,4262.97,4258.26,4262.22,3344
1785992400,2026-08-06 05:00:00+00:00,4262.21,4265.21,4256.49,4259.47,5541
1785993300,2026-08-06 05:15:00+00:00,4259.55,4259.55,4252.98,4253.94,4670
1785994200,2026-08-06 05:30:00+00:00,4254.04,4265.94,4247.1,4263.38,7381
1785995100,2026-08-06 05:45:00+00:00,4263.38,4268.48,4261.97,4267.07,5325
1785996000,2026-08-06 06:00:00+00:00,4267.21,4268.56,4256.59,4260.46,6178
1785996900,2026-08-06 06:15:00+00:00,4260.28,4261.2,4254.52,4257.5,5479
1785997800,2026-08-06 06:30:00+00:00,4257.5,4257.99,4249.27,4256.63,4851
1785998700,2026-08-06 06:45:00+00:00,4256.61,4258.21,4250.9,4256.07,4383
1785999600,2026-08-06 07:00:00+00:00,4256.1,4263.65,4253.09,4263.18,5864
1786000500,2026-08-06 07:15:00+00:00,4263.18,4265.25,4258.11,4261.8,4505
1786001400,2026-08-06 07:30:00+00:00,4261.77,4261.96,4254.61,4254.91,3932
1786002300,2026-08-06 07:45:00+00:00,4254.9,4262.89,4252.59,4262.66,4707
1786003200,2026-08-06 08:00:00+00:00,4262.71,4269.46,4260.22,4268.87,5295
1786004100,2026-08-06 08:15:00+00:00,4268.89,4270.61,4263.48,4267.82,5047
1786005000,2026-08-06 08:30:00+00:00,4267.78,4274.91,4266.41,4273.21,4990
1786005900,2026-08-06 08:45:00+00:00,4273.24,4278.83,4270.42,4278.27,6294
1786006800,2026-08-06 09:00:00+00:00,4278.27,4283.63,4275.98,4279.85,6844
1786007700,2026-08-06 09:15:00+00:00,4279.96,4284.67,4278.43,4283.37,4325
1786008600,2026-08-06 09:30:00+00:00,4283.37,4284.26,4271.72,4271.72,5420
1786009500,2026-08-06 09:45:00+00:00,4271.88,4276.28,4271.11,4272.93,4312
1786010400,2026-08-06 10:00:00+00:00,4272.92,4273.7,4268.56,4269.51,4971
1786011300,2026-08-06 10:15:00+00:00,4269.51,4270.99,4267.13,4269.22,4551
1786012200,2026-08-06 10:30:00+00:00,4269.22,4269.78,4264.53,4265.37,4596
1786013100,2026-08-06 10:45:00+00:00,4265.37,4271.48,4264.72,4270.77,4386
1786014000,2026-08-06 11:00:00+00:00,4270.87,4273.34,4266.5,4268.96,5802
1786014900,2026-08-06 11:15:00+00:00,4268.92,4271.44,4260.56,4264.28,5641
1786015800,2026-08-06 11:30:00+00:00,4264.33,4266.98,4259.74,4260.61,5134
1786016700,2026-08-06 11:45:00+00:00,4260.61,4263.6,4254.14,4263.2,6117
1786017600,2026-08-06 12:00:00+00:00,4263.2,4265.76,4255.4,4256.17,7348
1786018500,2026-08-06 12:15:00+00:00,4256.19,4263.11,4253.28,4261.62,6835
1786019400,2026-08-06 12:30:00+00:00,4261.62,4271.0,4257.97,4267.0,5944
1786020300,2026-08-06 12:45:00+00:00,4267.26,4267.64,4249.04,4250.15,7004
1786021200,2026-08-06 13:00:00+00:00,4250.14,4255.93,4230.62,4238.28,9013
1786022100,2026-08-06 13:15:00+00:00,4238.25,4248.22,4235.91,4247.61,7362
1786023000,2026-08-06 13:30:00+00:00,4247.64,4274.15,4245.77,4270.38,10315
1786023900,2026-08-06 13:45:00+00:00,4270.22,4270.29,4262.19,4266.92,9641
1786024800,2026-08-06 14:00:00+00:00,4266.99,4275.28,4263.83,4268.26,8840
1786025700,2026-08-06 14:15:00+00:00,4268.26,4268.99,4260.15,4265.25,9257
1786026600,2026-08-06 14:30:00+00:00,4265.29,4274.78,4265.29,4273.51,8869
1786027500,2026-08-06 14:45:00+00:00,4273.53,4275.24,4262.77,4272.96,9349
1786028400,2026-08-06 15:00:00+00:00,4273.02,4274.33,4262.0,4263.82,9490
1786029300,2026-08-06 15:15:00+00:00,4263.82,4263.88,4250.68,4254.84,9283
1786030200,2026-08-06 15:30:00+00:00,4254.84,4255.6,4246.37,4251.5,7731
1786031100,2026-08-06 15:45:00+00:00,4251.49,4251.73,4229.51,4233.69,9338
1786032000,2026-08-06 16:00:00+00:00,4233.71,4243.11,4230.87,4232.78,8973
1786032900,2026-08-06 16:15:00+00:00,4232.84,4233.07,4223.33,4230.07,8863
1786033800,2026-08-06 16:30:00+00:00,4230.07,4236.06,4229.98,4233.46,7681
1786034700,2026-08-06 16:45:00+00:00,4233.46,4242.54,4231.61,4241.39,6608
1786035600,2026-08-06 17:00:00+00:00,4241.42,4244.62,4239.34,4240.96,6446
1786036500,2026-08-06 17:15:00+00:00,4240.95,4242.7,4238.38,4241.7,6271
1786037400,2026-08-06 17:30:00+00:00,4241.68,4243.58,4238.38,4241.98,5186
1786038300,2026-08-06 17:45:00+00:00,4241.99,4248.11,4240.28,4247.15,5135
1786039200,2026-08-06 18:00:00+00:00,4247.31,4249.05,4244.09,4246.84,4993
1786040100,2026-08-06 18:15:00+00:00,4246.85,4249.63,4245.96,4246.72,4636
1786041000,2026-08-06 18:30:00+00:00,4246.73,4247.77,4240.72,4241.75,3703
1786041900,2026-08-06 18:45:00+00:00,4241.78,4245.63,4240.73,4243.43,3508
1786042800,2026-08-06 19:00:00+00:00,4243.43,4251.27,4242.95,4247.37,4497
1786043700,2026-08-06 19:15:00+00:00,4247.35,4248.53,4235.22,4237.27,5168
1786044600,2026-08-06 19:30:00+00:00,4237.27,4239.54,4232.95,4234.65,5477
1786045500,2026-08-06 19:45:00+00:00,4234.66,4250.66,4234.59,4248.72,7041
1786053600,2026-08-06 22:00:00+00:00,4220.77,4240.3,4220.77,4238.91,961
1786054500,2026-08-06 22:15:00+00:00,4238.91,4243.34,4238.67,4242.2,1469
1786055400,2026-08-06 22:30:00+00:00,4242.2,4243.37,4238.86,4239.14,1568
1786056300,2026-08-06 22:45:00+00:00,4239.12,4242.69,4238.8,4240.5,1649
1786057200,2026-08-06 23:00:00+00:00,4240.17,4245.48,4240.0,4245.13,1235
1786058100,2026-08-06 23:15:00+00:00,4245.05,4245.96,4242.78,4244.91,1223
1786059000,2026-08-06 23:30:00+00:00,4244.89,4248.46,4244.54,4246.41,1053
1786059900,2026-08-06 23:45:00+00:00,4246.41,4252.94,4245.57,4252.08,3449
1786060800,2026-08-07 00:00:00+00:00,4252.11,4252.71,4243.34,4244.76,4649
1786061700,2026-08-07 00:15:00+00:00,4244.74,4246.13,4238.93,4243.85,3375
1786062600,2026-08-07 00:30:00+00:00,4243.76,4243.86,4230.07,4234.73,3767
1786063500,2026-08-07 00:45:00+00:00,4234.73,4236.71,4229.56,4232.66,4277
1786064400,2026-08-07 01:00:00+00:00,4232.64,4246.45,4231.61,4244.15,5755
1786065300,2026-08-07 01:15:00+00:00,4244.25,4250.05,4239.86,4243.28,4846
1786066200,2026-08-07 01:30:00+00:00,4243.28,4258.68,4238.97,4256.47,4942
1786067100,2026-08-07 01:45:00+00:00,4256.47,4259.14,4251.7,4256.56,4438
1786068000,2026-08-07 02:00:00+00:00,4256.62,4261.59,4255.87,4258.52,3735
1786068900,2026-08-07 02:15:00+00:00,4258.52,4261.03,4257.28,4260.65,2067
1786069800,2026-08-07 02:30:00+00:00,4260.66,4261.67,4249.59,4249.61,5636
1786070700,2026-08-07 02:45:00+00:00,4249.59,4255.86,4246.82,4250.28,3747
1786071600,2026-08-07 03:00:00+00:00,4250.28,4259.3,4249.38,4254.49,3880
1786072500,2026-08-07 03:15:00+00:00,4254.49,4258.73,4251.63,4258.62,3490
1786073400,2026-08-07 03:30:00+00:00,4258.61,4261.2,4257.38,4260.53,1999
1786074300,2026-08-07 03:45:00+00:00,4260.52,4266.28,4258.95,4265.99,2471
1786075200,2026-08-07 04:00:00+00:00,4265.95,4268.95,4261.92,4265.84,3241
1786076100,2026-08-07 04:15:00+00:00,4265.84,4268.35,4261.66,4264.67,2982
1786077000,2026-08-07 04:30:00+00:00,4264.7,4268.29,4260.5,4263.72,2917
1786077900,2026-08-07 04:45:00+00:00,4263.72,4267.06,4262.1,4264.76,1439
1786078800,2026-08-07 05:00:00+00:00,4264.83,4271.09,4261.67,4269.09,5122
1786079700,2026-08-07 05:15:00+00:00,4269.02,4270.53,4264.61,4266.45,4276
1786080600,2026-08-07 05:30:00+00:00,4266.46,4277.24,4265.84,4271.29,7766
1786081500,2026-08-07 05:45:00+00:00,4271.28,4280.38,4271.24,4278.48,5502
1786082400,2026-08-07 06:00:00+00:00,4278.58,4291.38,4278.22,4286.63,4938
1786083300,2026-08-07 06:15:00+00:00,4286.63,4291.31,4283.09,4283.28,6458
1786084200,2026-08-07 06:30:00+00:00,4283.27,4295.0,4279.97,4291.92,3556
1786085100,2026-08-07 06:45:00+00:00,4291.87,4298.59,4288.63,4297.04,3259
1786086000,2026-08-07 07:00:00+00:00,4297.07,4297.77,4290.13,4291.07,2627
1786086900,2026-08-07 07:15:00+00:00,4291.07,4292.56,4284.54,4285.33,2577
1786087800,2026-08-07 07:30:00+00:00,4285.33,4288.65,4283.71,4284.92,2557
1786088700,2026-08-07 07:45:00+00:00,4284.93,4291.09,4282.76,4289.93,2329
1786089600,2026-08-07 08:00:00+00:00,4289.93,4300.43,4288.9,4299.64,3245
1786090500,2026-08-07 08:15:00+00:00,4299.64,4300.53,4293.11,4294.77,2378
1786091400,2026-08-07 08:30:00+00:00,4294.76,4316.52,4293.9,4308.93,3474
1786092300,2026-08-07 08:45:00+00:00,4308.93,4311.31,4303.29,4306.01,2312
1786093200,2026-08-07 09:00:00+00:00,4306.0,4307.2,4304.4,4305.96,2147
1786094100,2026-08-07 09:15:00+00:00,4305.96,4310.91,4304.66,4306.65,2000
1786095000,2026-08-07 09:30:00+00:00,4306.79,4318.39,4302.19,4317.32,3058
1786095900,2026-08-07 09:45:00+00:00,4317.46,4320.87,4314.3,4315.88,3210
1786096800,2026-08-07 10:00:00+00:00,4315.88,4319.24,4307.96,4308.13,2543
1786097700,2026-08-07 10:15:00+00:00,4308.12,4314.37,4308.12,4313.64,4730
1786098600,2026-08-07 10:30:00+00:00,4313.66,4318.19,4313.07,4316.72,3368
1786099500,2026-08-07 10:45:00+00:00,4316.89,4320.54,4316.23,4316.65,2128
1786100400,2026-08-07 11:00:00+00:00,4316.65,4326.1,4316.63,4320.06,3469
1786101300,2026-08-07 11:15:00+00:00,4320.06,4327.23,4316.99,4324.87,2903
1786102200,2026-08-07 11:30:00+00:00,4324.87,4327.71,4320.77,4322.67,4957
1786103100,2026-08-07 11:45:00+00:00,4322.61,4326.84,4320.59,4321.05,3545
1786104000,2026-08-07 12:00:00+00:00,4320.84,4325.28,4314.85,4315.05,3615
1786104900,2026-08-07 12:15:00+00:00,4315.05,4317.23,4300.97,4308.84,5676
1786105800,2026-08-07 12:30:00+00:00,4308.36,4370.64,4308.36,4366.81,12714
1786106700,2026-08-07 12:45:00+00:00,4366.81,4371.74,4355.48,4361.3,9779
1786107600,2026-08-07 13:00:00+00:00,4361.39,4363.97,4345.91,4347.77,7770
1786108500,2026-08-07 13:15:00+00:00,4347.75,4357.88,4338.97,4356.05,8771
1786109400,2026-08-07 13:30:00+00:00,4356.2,4367.73,4349.98,4358.4,9685
1786110300,2026-08-07 13:45:00+00:00,4358.4,4359.79,4342.25,4348.05,9540
1786111200,2026-08-07 14:00:00+00:00,4348.03,4348.91,4327.22,4334.41,12827
1786112100,2026-08-07 14:15:00+00:00,4334.41,4352.72,4330.4,4348.73,9856
1786113000,2026-08-07 14:30:00+00:00,4348.73,4350.5,4342.22,4343.97,6661
1786113900,2026-08-07 14:45:00+00:00,4343.97,4348.76,4340.18,4341.47,5969
1786114800,2026-08-07 15:00:00+00:00,4341.42,4355.9,4340.18,4355.24,6466
1786115700,2026-08-07 15:15:00+00:00,4355.25,4358.31,4350.94,4351.19,5858
1786116600,2026-08-07 15:30:00+00:00,4351.21,4353.76,4346.91,4349.56,5231
1786117500,2026-08-07 15:45:00+00:00,4349.54,4351.72,4339.68,4340.89,5489
1786118400,2026-08-07 16:00:00+00:00,4340.87,4349.45,4338.45,4347.34,8420
1786119300,2026-08-07 16:15:00+00:00,4347.32,4349.36,4334.15,4337.42,9059
1786120200,2026-08-07 16:30:00+00:00,4337.45,4342.09,4332.52,4338.57,7574
1786121100,2026-08-07 16:45:00+00:00,4338.52,4342.21,4328.99,4329.0,9119
1786122000,2026-08-07 17:00:00+00:00,4328.99,4338.52,4327.75,4335.48,5020
1786122900,2026-08-07 17:15:00+00:00,4335.48,4342.04,4333.64,4339.54,4299
1786123800,2026-08-07 17:30:00+00:00,4339.5,4339.99,4329.51,4336.1,5808
1786124700,2026-08-07 17:45:00+00:00,4336.07,4342.98,4334.78,4340.06,4270
1786125600,2026-08-07 18:00:00+00:00,4340.07,4342.93,4334.67,4334.85,5818
1786126500,2026-08-07 18:15:00+00:00,4334.84,4337.88,4332.06,4334.26,5594
1786127400,2026-08-07 18:30:00+00:00,4334.33,4338.87,4333.21,4334.17,3997
1786128300,2026-08-07 18:45:00+00:00,4334.15,4337.44,4333.03,4335.39,3215
1786129200,2026-08-07 19:00:00+00:00,4335.42,4345.67,4335.27,4343.43,7475
1786130100,2026-08-07 19:15:00+00:00,4343.41,4350.33,4342.81,4348.41,6629
1786131000,2026-08-07 19:30:00+00:00,4348.41,4348.7,4344.2,4347.7,7601
1786131900,2026-08-07 19:45:00+00:00,4347.74,4349.37,4339.89,4343.88,5246
1786312800,2026-08-09 22:00:00+00:00,4336.25,4350.02,4307.72,4343.35,6714
1786313700,2026-08-09 22:15:00+00:00,4343.35,4344.6,4338.02,4343.38,5575
1786314600,2026-08-09 22:30:00+00:00,4343.38,4345.06,4339.8,4340.17,4028
1786315500,2026-08-09 22:45:00+00:00,4340.01,4343.93,4339.78,4341.18,3257
1786316400,2026-08-09 23:00:00+00:00,4341.33,4347.37,4340.78,4346.2,3446
1786317300,2026-08-09 23:15:00+00:00,4346.24,4348.91,4343.79,4346.15,2198
1786318200,2026-08-09 23:30:00+00:00,4346.15,4347.15,4339.87,4341.98,2462
1786319100,2026-08-09 23:45:00+00:00,4342.11,4343.32,4331.83,4332.65,3495
1786320000,2026-08-10 00:00:00+00:00,4332.46,4346.88,4332.39,4344.16,5472
1786320900,2026-08-10 00:15:00+00:00,4344.23,4345.47,4337.03,4337.46,4675
1786321800,2026-08-10 00:30:00+00:00,4337.43,4339.18,4333.53,4334.3,5028
1786322700,2026-08-10 00:45:00+00:00,4334.29,4337.35,4330.61,4331.87,4633
1786323600,2026-08-10 01:00:00+00:00,4331.93,4340.58,4321.86,4322.94,10732
1786324500,2026-08-10 01:15:00+00:00,4322.94,4328.04,4316.08,4316.1,5385
1786325400,2026-08-10 01:30:00+00:00,4316.0,4320.59,4313.07,4317.1,5121
1786326300,2026-08-10 01:45:00+00:00,4317.1,4323.94,4315.84,4322.25,4262
1786327200,2026-08-10 02:00:00+00:00,4322.25,4325.68,4318.42,4324.27,4916
1786328100,2026-08-10 02:15:00+00:00,4324.24,4331.95,4323.23,4330.61,3202
1786329000,2026-08-10 02:30:00+00:00,4330.63,4332.15,4323.04,4326.22,4130
1786329900,2026-08-10 02:45:00+00:00,4326.19,4327.1,4318.57,4319.38,3595
1786330800,2026-08-10 03:00:00+00:00,4319.38,4321.23,4317.55,4319.88,2886
1786331700,2026-08-10 03:15:00+00:00,4319.87,4328.24,4319.49,4327.19,3370
1786332600,2026-08-10 03:30:00+00:00,4327.19,4329.8,4324.53,4324.96,2244
1786333500,2026-08-10 03:45:00+00:00,4324.93,4327.77,4324.14,4326.55,1383
1786334400,2026-08-10 04:00:00+00:00,4326.55,4332.67,4322.85,4332.08,2218
1786335300,2026-08-10 04:15:00+00:00,4332.1,4337.43,4330.59,4334.47,1804
1786336200,2026-08-10 04:30:00+00:00,4334.39,4336.16,4329.62,4332.03,1732
1786337100,2026-08-10 04:45:00+00:00,4332.0,4339.33,4331.73,4339.22,2343
1786338000,2026-08-10 05:00:00+00:00,4339.29,4339.66,4333.34,4334.9,1966
1786338900,2026-08-10 05:15:00+00:00,4334.97,4336.4,4332.51,4333.57,1312
1786339800,2026-08-10 05:30:00+00:00,4333.57,4344.13,4331.32,4343.34,6771
1786340700,2026-08-10 05:45:00+00:00,4343.34,4352.02,4340.36,4347.15,5283
1786341600,2026-08-10 06:00:00+00:00,4347.23,4350.0,4341.84,4347.13,2947
1786342500,2026-08-10 06:15:00+00:00,4347.09,4349.59,4342.53,4348.13,2852
1786343400,2026-08-10 06:30:00+00:00,4348.13,4355.69,4345.94,4354.95,4538
1786344300,2026-08-10 06:45:00+00:00,4354.98,4359.68,4354.8,4357.95,4746
1786345200,2026-08-10 07:00:00+00:00,4357.87,4358.65,4350.01,4351.05,3781
1786346100,2026-08-10 07:15:00+00:00,4351.05,4358.81,4350.41,4354.88,5479
1786347000,2026-08-10 07:30:00+00:00,4354.96,4359.97,4352.6,4359.16,4072
1786347900,2026-08-10 07:45:00+00:00,4359.16,4361.88,4354.81,4355.24,2773
1786348800,2026-08-10 08:00:00+00:00,4355.24,4356.09,4351.52,4354.44,2373
1786349700,2026-08-10 08:15:00+00:00,4354.44,4356.15,4352.12,4355.48,1935
1786350600,2026-08-10 08:30:00+00:00,4355.43,4356.52,4345.6,4346.12,2642
1786351500,2026-08-10 08:45:00+00:00,4346.11,4349.0,4343.69,4346.47,3597
1786352400,2026-08-10 09:00:00+00:00,4346.47,4349.82,4345.46,4349.47,2991
1786353300,2026-08-10 09:15:00+00:00,4349.54,4349.54,4344.8,4346.9,2137
1786354200,2026-08-10 09:30:00+00:00,4346.9,4346.9,4340.44,4344.06,5483
1786355100,2026-08-10 09:45:00+00:00,4344.06,4345.24,4340.91,4341.03,3101
1786356000,2026-08-10 10:00:00+00:00,4341.03,4341.42,4338.99,4340.51,3108
1786356900,2026-08-10 10:15:00+00:00,4340.51,4344.06,4339.15,4343.53,1956
1786357800,2026-08-10 10:30:00+00:00,4343.53,4344.08,4337.78,4337.9,1561
1786358700,2026-08-10 10:45:00+00:00,4337.93,4340.56,4335.25,4335.52,2335
1786359600,2026-08-10 11:00:00+00:00,4335.55,4336.64,4329.64,4331.44,3616
1786360500,2026-08-10 11:15:00+00:00,4331.33,4336.24,4328.78,4334.73,2618
1786361400,2026-08-10 11:30:00+00:00,4334.73,4339.18,4334.3,4337.32,1740
1786362300,2026-08-10 11:45:00+00:00,4337.26,4337.86,4332.0,4334.91,1800
1786363200,2026-08-10 12:00:00+00:00,4334.82,4337.41,4331.29,4331.75,2783
1786364100,2026-08-10 12:15:00+00:00,4331.75,4332.54,4323.99,4327.65,3448
1786365000,2026-08-10 12:30:00+00:00,4327.57,4332.51,4326.23,4329.0,2958
1786365900,2026-08-10 12:45:00+00:00,4329.02,4335.48,4328.73,4332.31,2290
1786366800,2026-08-10 13:00:00+00:00,4332.31,4337.69,4325.82,4337.06,4444
1786367700,2026-08-10 13:15:00+00:00,4337.2,4337.64,4329.05,4335.08,3428
1786368600,2026-08-10 13:30:00+00:00,4335.02,4339.86,4329.89,4330.86,7861
1786369500,2026-08-10 13:45:00+00:00,4330.83,4331.88,4316.47,4317.75,7471
1786370400,2026-08-10 14:00:00+00:00,4317.75,4331.15,4317.74,4330.04,4254
1786371300,2026-08-10 14:15:00+00:00,4330.13,4348.02,4328.36,4345.35,5423
1786372200,2026-08-10 14:30:00+00:00,4345.36,4351.76,4344.5,4349.32,5008
1786373100,2026-08-10 14:45:00+00:00,4349.3,4350.67,4342.5,4345.32,4473
1786374000,2026-08-10 15:00:00+00:00,4345.57,4352.18,4343.09,4346.82,4505
1786374900,2026-08-10 15:15:00+00:00,4346.77,4352.41,4345.76,4349.04,3796
1786375800,2026-08-10 15:30:00+00:00,4349.14,4351.9,4347.72,4350.1,3162
1786376700,2026-08-10 15:45:00+00:00,4350.03,4359.37,4348.45,4358.27,4260
1786377600,2026-08-10 16:00:00+00:00,4358.31,4364.64,4356.67,4361.26,4733
1786378500,2026-08-10 16:15:00+00:00,4361.26,4364.59,4360.76,4362.58,3491
1786379400,2026-08-10 16:30:00+00:00,4362.58,4362.86,4349.38,4351.56,4153
1786380300,2026-08-10 16:45:00+00:00,4351.71,4356.92,4351.53,4356.76,2686
1786381200,2026-08-10 17:00:00+00:00,4356.76,4358.14,4351.61,4356.96,2626
1786382100,2026-08-10 17:15:00+00:00,4356.96,4361.15,4356.22,4361.0,3508
1786383000,2026-08-10 17:30:00+00:00,4360.79,4365.37,4359.4,4360.14,3531
1786383900,2026-08-10 17:45:00+00:00,4360.18,4361.14,4357.58,4360.16,3850
1786384800,2026-08-10 18:00:00+00:00,4360.16,4365.25,4359.76,4362.9,4198
1786385700,2026-08-10 18:15:00+00:00,4362.9,4366.99,4361.31,4365.74,4182
1786386600,2026-08-10 18:30:00+00:00,4365.83,4382.91,4365.06,4379.56,6034
1786387500,2026-08-10 18:45:00+00:00,4379.56,4379.71,4373.22,4378.38,4834
1786388400,2026-08-10 19:00:00+00:00,4378.31,4382.78,4378.31,4382.03,5113
1786389300,2026-08-10 19:15:00+00:00,4382.03,4391.52,4381.26,4390.59,5440
1786390200,2026-08-10 19:30:00+00:00,4390.59,4393.97,4384.23,4388.11,5582
1786391100,2026-08-10 19:45:00+00:00,4388.09,4395.18,4387.23,4388.19,5000
1786399200,2026-08-10 22:00:00+00:00,4382.37,4392.75,4352.16,4391.11,1286
1786400100,2026-08-10 22:15:00+00:00,4391.11,4393.44,4390.87,4391.85,1115
1786401000,2026-08-10 22:30:00+00:00,4391.85,4396.05,4391.82,4395.3,1232
1786401900,2026-08-10 22:45:00+00:00,4395.32,4400.66,4395.22,4399.55,1283
1786402800,2026-08-10 23:00:00+00:00,4399.55,4401.78,4395.47,4397.25,1738
1786403700,2026-08-10 23:15:00+00:00,4397.21,4397.25,4394.46,4395.22,1211
1786404600,2026-08-10 23:30:00+00:00,4395.22,4398.76,4395.07,4398.51,1526
1786405500,2026-08-10 23:45:00+00:00,4398.44,4402.66,4396.14,4402.06,2664
1786406400,2026-08-11 00:00:00+00:00,4402.07,4408.88,4396.1,4405.24,3854
1786407300,2026-08-11 00:15:00+00:00,4405.24,4415.92,4404.31,4413.93,2900
1786408200,2026-08-11 00:30:00+00:00,4413.99,4414.06,4407.46,4414.06,2805
1786409100,2026-08-11 00:45:00+00:00,4414.06,4419.08,4408.21,4409.22,2738
1786410000,2026-08-11 01:00:00+00:00,4409.69,4415.21,4393.48,4414.37,7195
1786410900,2026-08-11 01:15:00+00:00,4414.37,4420.37,4412.32,4419.06,5164
1786411800,2026-08-11 01:30:00+00:00,4419.02,4422.45,4414.95,4415.17,4558
1786412700,2026-08-11 01:45:00+00:00,4415.26,4434.09,4414.48,4429.66,4235
1786413600,2026-08-11 02:00:00+00:00,4429.66,4434.3,4421.81,4433.69,3991
1786414500,2026-08-11 02:15:00+00:00,4433.69,4435.21,4425.81,4428.3,2742
1786415400,2026-08-11 02:30:00+00:00,4428.3,4429.07,4413.72,4418.23,4335
1786416300,2026-08-11 02:45:00+00:00,4418.23,4419.05,4407.88,4410.7,3670
1786417200,2026-08-11 03:00:00+00:00,4410.65,4415.12,4409.69,4413.21,3168
1786418100,2026-08-11 03:15:00+00:00,4413.21,4420.49,4412.73,4420.3,2635
1786419000,2026-08-11 03:30:00+00:00,4420.3,4421.47,4415.57,4415.92,1514
1786419900,2026-08-11 03:45:00+00:00,4415.92,4418.76,4414.0,4416.75,1811
1786420800,2026-08-11 04:00:00+00:00,4416.74,4419.62,4411.95,4413.85,1807
1786421700,2026-08-11 04:15:00+00:00,4413.79,4415.69,4409.91,4415.22,1542
1786422600,2026-08-11 04:30:00+00:00,4415.17,4420.15,4408.09,4410.0,3324
1786423500,2026-08-11 04:45:00+00:00,4410.0,4411.3,4403.12,4408.69,2456
1786424400,2026-08-11 05:00:00+00:00,4408.69,4408.83,4399.25,4402.14,2077
1786425300,2026-08-11 05:15:00+00:00,4402.14,4402.14,4390.84,4392.38,2843
1786426200,2026-08-11 05:30:00+00:00,4392.38,4392.38,4372.31,4376.77,8953
1786427100,2026-08-11 05:45:00+00:00,4376.78,4378.28,4367.47,4375.3,5860
1786428000,2026-08-11 06:00:00+00:00,4375.33,4382.43,4371.67,4372.77,4091
1786428900,2026-08-11 06:15:00+00:00,4372.83,4376.05,4361.65,4363.28,4874
1786429800,2026-08-11 06:30:00+00:00,4363.29,4369.07,4359.74,4363.41,4893
1786430700,2026-08-11 06:45:00+00:00,4363.41,4367.38,4359.39,4366.12,3863
1786431600,2026-08-11 07:00:00+00:00,4366.07,4367.52,4361.14,4363.22,3369
1786432500,2026-08-11 07:15:00+00:00,4363.18,4365.8,4357.45,4362.89,2782
1786433400,2026-08-11 07:30:00+00:00,4362.91,4364.69,4356.67,4358.28,2857
1786434300,2026-08-11 07:45:00+00:00,4358.53,4361.34,4356.59,4357.47,2060
1786435200,2026-08-11 08:00:00+00:00,4357.47,4366.62,4356.78,4365.06,2666
1786436100,2026-08-11 08:15:00+00:00,4365.06,4369.76,4358.95,4369.04,2567
1786437000,2026-08-11 08:30:00+00:00,4369.01,4375.83,4368.49,4374.62,2111
1786437900,2026-08-11 08:45:00+00:00,4374.63,4376.6,4368.88,4369.04,2243
1786438800,2026-08-11 09:00:00+00:00,4369.04,4372.84,4367.43,4372.31,2318
1786439700,2026-08-11 09:15:00+00:00,4372.31,4375.45,4370.63,4371.74,2602
1786440600,2026-08-11 09:30:00+00:00,4371.74,4374.92,4369.98,4370.37,2012
1786441500,2026-08-11 09:45:00+00:00,4370.37,4374.54,4370.19,4372.25,1370
1786442400,2026-08-11 10:00:00+00:00,4372.25,4375.83,4371.05,4373.12,1765
1786443300,2026-08-11 10:15:00+00:00,4373.11,4381.63,4372.23,4378.12,2575
1786444200,2026-08-11 10:30:00+00:00,4378.07,4381.06,4376.8,4377.61,2045
1786445100,2026-08-11 10:45:00+00:00,4377.57,4382.49,4377.42,4382.25,1868
1786446000,2026-08-11 11:00:00+00:00,4382.25,4392.84,4380.36,4391.23,5468
1786446900,2026-08-11 11:15:00+00:00,4391.38,4392.31,4385.1,4387.2,3099
1786447800,2026-08-11 11:30:00+00:00,4387.24,4387.97,4382.99,4386.23,2621
1786448700,2026-08-11 11:45:00+00:00,4386.17,4389.75,4384.82,4387.58,2635
1786449600,2026-08-11 12:00:00+00:00,4387.57,4397.42,4383.76,4396.8,3566
1786450500,2026-08-11 12:15:00+00:00,4396.83,4399.67,4387.46,4391.14,4786
1786451400,2026-08-11 12:30:00+00:00,4391.14,4398.39,4388.68,4398.38,3331
1786452300,2026-08-11 12:45:00+00:00,4398.38,4400.1,4392.1,4392.27,2885
1786453200,2026-08-11 13:00:00+00:00,4392.27,4400.91,4391.71,4393.86,4091
1786454100,2026-08-11 13:15:00+00:00,4393.79,4400.69,4389.61,4397.71,4003
1786455000,2026-08-11 13:30:00+00:00,4397.76,4401.79,4388.81,4399.6,6344
1786455900,2026-08-11 13:45:00+00:00,4399.6,4404.01,4384.51,4388.92,6948
1786456800,2026-08-11 14:00:00+00:00,4388.94,4389.74,4381.07,4386.86,5568
1786457700,2026-08-11 14:15:00+00:00,4386.86,4390.1,4381.46,4383.9,5094
1786458600,2026-08-11 14:30:00+00:00,4384.04,4395.29,4384.04,4393.25,4615
1786459500,2026-08-11 14:45:00+00:00,4393.31,4397.88,4391.65,4394.03,3738
1786460400,2026-08-11 15:00:00+00:00,4394.12,4398.66,4389.08,4392.12,3827
1786461300,2026-08-11 15:15:00+00:00,4392.04,4392.06,4381.97,4386.69,4661
1786462200,2026-08-11 15:30:00+00:00,4386.75,4386.99,4368.98,4375.81,5926
1786463100,2026-08-11 15:45:00+00:00,4375.7,4383.72,4374.85,4383.66,3798
1786464000,2026-08-11 16:00:00+00:00,4383.68,4384.72,4378.57,4379.31,3127
1786464900,2026-08-11 16:15:00+00:00,4379.39,4383.3,4378.33,4382.88,2657
1786465800,2026-08-11 16:30:00+00:00,4382.88,4385.66,4379.27,4384.64,2141
1786466700,2026-08-11 16:45:00+00:00,4384.64,4385.38,4380.89,4383.31,2407
1786467600,2026-08-11 17:00:00+00:00,4383.23,4385.67,4381.02,4381.03,2341
1786468500,2026-08-11 17:15:00+00:00,4381.05,4384.18,4378.83,4381.26,3046
1786469400,2026-08-11 17:30:00+00:00,4381.26,4381.85,4374.14,4376.18,2474
1786470300,2026-08-11 17:45:00+00:00,4376.18,4377.47,4368.89,4369.09,2032
1786471200,2026-08-11 18:00:00+00:00,4369.09,4369.16,4360.11,4363.67,3680
1786472100,2026-08-11 18:15:00+00:00,4363.67,4367.26,4360.28,4361.3,2991
1786473000,2026-08-11 18:30:00+00:00,4361.29,4371.76,4361.1,4371.06,2126
1786473900,2026-08-11 18:45:00+00:00,4371.06,4372.62,4370.02,4371.46,1572
1786474800,2026-08-11 19:00:00+00:00,4371.33,4372.15,4363.31,4363.77,2085
1786475700,2026-08-11 19:15:00+00:00,4363.77,4370.7,4361.27,4370.22,2212
1786476600,2026-08-11 19:30:00+00:00,4370.34,4374.1,4366.36,4367.52,2290
1786477500,2026-08-11 19:45:00+00:00,4367.52,4373.25,4366.21,4370.61,2624
1786485600,2026-08-11 22:00:00+00:00,4367.51,4375.39,4355.96,4373.85,968
1786486500,2026-08-11 22:15:00+00:00,4373.85,4377.03,4373.2,4376.36,1018
1786487400,2026-08-11 22:30:00+00:00,4376.41,4377.94,4374.91,4376.19,1591
1786488300,2026-08-11 22:45:00+00:00,4376.18,4378.31,4366.98,4368.94,3033
1786489200,2026-08-11 23:00:00+00:00,4369.21,4369.66,4362.39,4366.39,3493
1786490100,2026-08-11 23:15:00+00:00,4366.37,4374.52,4365.1,4372.51,2362
1786491000,2026-08-11 23:30:00+00:00,4372.49,4372.67,4366.54,4367.82,1986
1786491900,2026-08-11 23:45:00+00:00,4367.82,4371.72,4367.79,4371.45,2117
1786492800,2026-08-12 00:00:00+00:00,4371.47,4379.29,4366.29,4377.94,5338
1786493700,2026-08-12 00:15:00+00:00,4378.03,4381.03,4373.94,4380.61,4481
1786494600,2026-08-12 00:30:00+00:00,4380.64,4383.57,4379.08,4382.82,3651
1786495500,2026-08-12 00:45:00+00:00,4382.79,4383.12,4377.53,4380.44,3240
1786496400,2026-08-12 01:00:00+00:00,4380.44,4390.58,4378.27,4390.23,6015
1786497300,2026-08-12 01:15:00+00:00,4390.23,4393.9,4386.5,4390.44,3627
1786498200,2026-08-12 01:30:00+00:00,4390.44,4393.18,4385.21,4393.04,4648
1786499100,2026-08-12 01:45:00+00:00,4393.09,4397.34,4391.05,4396.31,4278
1786500000,2026-08-12 02:00:00+00:00,4396.35,4404.71,4394.12,4401.64,4385
1786500900,2026-08-12 02:15:00+00:00,4401.56,4403.67,4399.17,4402.08,2940
1786501800,2026-08-12 02:30:00+00:00,4402.1,4408.21,4397.67,4405.41,6089
1786502700,2026-08-12 02:45:00+00:00,4405.33,4414.48,4405.22,4411.18,5371
1786503600,2026-08-12 03:00:00+00:00,4411.18,4416.07,4408.43,4410.68,4967
1786504500,2026-08-12 03:15:00+00:00,4410.68,4410.7,4404.45,4407.29,3429
1786505400,2026-08-12 03:30:00+00:00,4407.29,4408.71,4401.1,4401.33,2893
1786506300,2026-08-12 03:45:00+00:00,4401.33,4403.62,4400.57,4402.23,2384
1786507200,2026-08-12 04:00:00+00:00,4402.24,4403.19,4396.5,4397.37,2313
1786508100,2026-08-12 04:15:00+00:00,4397.39,4399.25,4395.42,4398.96,2262
1786509000,2026-08-12 04:30:00+00:00,4398.95,4400.05,4395.43,4400.01,2009
1786509900,2026-08-12 04:45:00+00:00,4400.01,4402.27,4399.11,4400.93,2190
1786510800,2026-08-12 05:00:00+00:00,4400.94,4404.76,4400.14,4400.72,2425
1786511700,2026-08-12 05:15:00+00:00,4400.72,4400.76,4392.35,4392.49,3104
1786512600,2026-08-12 05:30:00+00:00,4392.61,4397.03,4387.91,4387.91,5103
1786513500,2026-08-12 05:45:00+00:00,4387.91,4393.83,4383.82,4390.74,4885
1786514400,2026-08-12 06:00:00+00:00,4390.78,4392.9,4385.07,4386.97,3438
1786515300,2026-08-12 06:15:00+00:00,4386.97,4390.4,4385.48,4389.7,3518
1786516200,2026-08-12 06:30:00+00:00,4389.7,4397.33,4388.23,4394.41,4567
1786517100,2026-08-12 06:45:00+00:00,4394.43,4406.28,4394.4,4403.35,4565
1786518000,2026-08-12 07:00:00+00:00,4403.36,4406.06,4400.99,4401.5,4422
1786518900,2026-08-12 07:15:00+00:00,4401.5,4402.78,4398.13,4402.37,3827
1786519800,2026-08-12 07:30:00+00:00,4402.37,4408.46,4401.34,4407.79,3230
1786520700,2026-08-12 07:45:00+00:00,4407.76,4409.97,4404.84,4406.13,3931
1786521600,2026-08-12 08:00:00+00:00,4406.13,4410.43,4405.76,4408.47,4490
1786522500,2026-08-12 08:15:00+00:00,4408.34,4409.38,4405.49,4406.91,3787
1786523400,2026-08-12 08:30:00+00:00,4406.91,4407.5,4404.38,4405.94,3293
1786524300,2026-08-12 08:45:00+00:00,4405.96,4405.96,4401.66,4401.72,2865
1786525200,2026-08-12 09:00:00+00:00,4401.75,4413.02,4401.72,4412.75,3976
1786526100,2026-08-12 09:15:00+00:00,4412.97,4424.15,4412.3,4413.17,6315
1786527000,2026-08-12 09:30:00+00:00,4413.06,4417.01,4412.04,4413.65,4830
1786527900,2026-08-12 09:45:00+00:00,4413.73,4416.5,4410.8,4415.77,5188
1786528800,2026-08-12 10:00:00+00:00,4415.77,4419.24,4414.52,4417.85,4128
1786529700,2026-08-12 10:15:00+00:00,4417.87,4420.91,4417.24,4419.54,3974
1786530600,2026-08-12 10:30:00+00:00,4419.57,4419.83,4412.81,4414.7,3357
1786531500,2026-08-12 10:45:00+00:00,4414.69,4415.7,4407.23,4412.63,4969
1786532400,2026-08-12 11:00:00+00:00,4412.64,4415.18,4407.77,4407.8,3698
1786533300,2026-08-12 11:15:00+00:00,4407.78,4416.69,4407.76,4414.97,3127
1786534200,2026-08-12 11:30:00+00:00,4414.97,4415.8,4410.16,4413.23,3247
1786535100,2026-08-12 11:45:00+00:00,4413.21,4415.35,4412.51,4412.7,2837
1786536000,2026-08-12 12:00:00+00:00,4412.68,4413.01,4406.12,4408.63,4739
1786536900,2026-08-12 12:15:00+00:00,4408.61,4426.45,4404.55,4426.12,6677
1786537800,2026-08-12 12:30:00+00:00,4426.12,4438.15,4381.56,4428.43,11292
1786538700,2026-08-12 12:45:00+00:00,4428.43,4438.23,4416.76,4437.11,9104
1786539600,2026-08-12 13:00:00+00:00,4437.09,4441.09,4420.7,4421.81,9998
1786540500,2026-08-12 13:15:00+00:00,4421.82,4428.94,4414.49,4418.36,9299
1786541400,2026-08-12 13:30:00+00:00,4418.33,4420.7,4408.28,4416.5,11706
1786542300,2026-08-12 13:45:00+00:00,4416.41,4433.94,4415.25,4427.56,11578
1786543200,2026-08-12 14:00:00+00:00,4427.56,4434.79,4420.95,4431.84,10310
1786544100,2026-08-12 14:15:00+00:00,4431.7,4439.63,4429.68,4431.43,8734
1786545000,2026-08-12 14:30:00+00:00,4431.45,4435.97,4416.22,4424.86,10088
1786545900,2026-08-12 14:45:00+00:00,4424.86,4432.45,4416.32,4422.06,10769
1786546800,2026-08-12 15:00:00+00:00,4422.07,4430.09,4414.82,4426.47,9861
1786547700,2026-08-12 15:15:00+00:00,4426.49,4428.09,4419.48,4421.36,8021
1786548600,2026-08-12 15:30:00+00:00,4421.53,4425.3,4416.63,4418.11,6551
1786549500,2026-08-12 15:45:00+00:00,4418.11,4422.29,4410.85,4420.99,6485
1786550400,2026-08-12 16:00:00+00:00,4420.97,4425.72,4416.77,4423.35,6757
1786551300,2026-08-12 16:15:00+00:00,4423.46,4426.4,4422.22,4423.12,4544
1786552200,2026-08-12 16:30:00+00:00,4423.09,4423.86,4409.14,4410.97,7942
1786553100,2026-08-12 16:45:00+00:00,4410.97,4411.37,4396.39,4401.5,7327
1786554000,2026-08-12 17:00:00+00:00,4401.53,4407.56,4399.72,4403.62,7079
1786554900,2026-08-12 17:15:00+00:00,4403.6,4409.86,4401.87,4406.4,7066
1786555800,2026-08-12 17:30:00+00:00,4406.52,4411.45,4401.3,4401.93,5517
1786556700,2026-08-12 17:45:00+00:00,4401.93,4405.49,4398.87,4399.27,3693
1786557600,2026-08-12 18:00:00+00:00,4398.99,4406.54,4396.31,4405.7,3686
1786558500,2026-08-12 18:15:00+00:00,4405.8,4411.12,4404.49,4408.49,4627
1786559400,2026-08-12 18:30:00+00:00,4408.51,4413.63,4407.94,4413.54,4686
1786560300,2026-08-12 18:45:00+00:00,4413.56,4417.86,4412.74,4413.04,4671
1786561200,2026-08-12 19:00:00+00:00,4413.04,4418.36,4412.83,4416.35,4217
1786562100,2026-08-12 19:15:00+00:00,4416.32,4417.97,4415.65,4416.66,4356
1786563000,2026-08-12 19:30:00+00:00,4416.68,4416.76,4411.26,4413.21,4809
1786563900,2026-08-12 19:45:00+00:00,4413.21,4413.98,4408.09,4413.76,5946
1786572000,2026-08-12 22:00:00+00:00,4403.56,4409.89,4360.52,4403.02,1024
1786572900,2026-08-12 22:15:00+00:00,4403.02,4403.17,4398.1,4399.25,516
1786573800,2026-08-12 22:30:00+00:00,4399.25,4401.72,4398.7,4400.09,1682
1786574700,2026-08-12 22:45:00+00:00,4400.08,4402.98,4399.82,4402.22,1568
1786575600,2026-08-12 23:00:00+00:00,4401.52,4405.94,4401.52,4405.59,1703
1786576500,2026-08-12 23:15:00+00:00,4405.59,4409.71,4405.56,4408.25,1350
1786577400,2026-08-12 23:30:00+00:00,4408.25,4410.3,4407.24,4408.48,1332
1786578300,2026-08-12 23:45:00+00:00,4408.51,4414.47,4407.79,4414.37,2065
1786579200,2026-08-13 00:00:00+00:00,4414.16,4422.27,4412.95,4419.14,6267
1786580100,2026-08-13 00:15:00+00:00,4419.12,4437.38,4419.12,4428.26,6601
1786581000,2026-08-13 00:30:00+00:00,4428.26,4449.63,4424.49,4440.08,7020
1786581900,2026-08-13 00:45:00+00:00,4440.06,4440.21,4423.9,4427.89,6888
1786582800,2026-08-13 01:00:00+00:00,4427.63,4435.27,4422.82,4430.07,9061
1786583700,2026-08-13 01:15:00+00:00,4430.07,4435.32,4418.81,4419.34,7909
1786584600,2026-08-13 01:30:00+00:00,4419.34,4430.11,4417.75,4419.23,8477
1786585500,2026-08-13 01:45:00+00:00,4419.22,4419.22,4406.23,4408.43,8769
1786586400,2026-08-13 02:00:00+00:00,4408.4,4414.01,4405.33,4410.72,8158
1786587300,2026-08-13 02:15:00+00:00,4410.74,4412.5,4405.94,4406.5,3902
1786588200,2026-08-13 02:30:00+00:00,4406.36,4410.3,4398.68,4410.28,7778
1786589100,2026-08-13 02:45:00+00:00,4410.28,4410.57,4405.38,4407.06,5152
1786590000,2026-08-13 03:00:00+00:00,4407.06,4412.15,4403.81,4406.97,5950
1786590900,2026-08-13 03:15:00+00:00,4406.98,4410.1,4405.52,4409.15,5077
1786591800,2026-08-13 03:30:00+00:00,4409.18,4410.4,4405.32,4405.88,2870
1786592700,2026-08-13 03:45:00+00:00,4405.88,4407.53,4398.65,4400.16,3659
1786593600,2026-08-13 04:00:00+00:00,4400.16,4400.29,4391.47,4394.48,5246
1786594500,2026-08-13 04:15:00+00:00,4394.49,4399.15,4392.49,4398.11,3719
1786595400,2026-08-13 04:30:00+00:00,4398.12,4399.48,4395.07,4395.8,2988
1786596300,2026-08-13 04:45:00+00:00,4395.81,4398.83,4395.29,4397.75,4076
1786597200,2026-08-13 05:00:00+00:00,4397.69,4404.75,4393.03,4404.53,5311
1786598100,2026-08-13 05:15:00+00:00,4404.57,4407.23,4400.64,4406.28,4132
1786599000,2026-08-13 05:30:00+00:00,4406.26,4407.16,4386.36,4387.62,8396
1786599900,2026-08-13 05:45:00+00:00,4387.6,4389.26,4380.33,4382.96,7608
1786600800,2026-08-13 06:00:00+00:00,4382.93,4385.51,4374.98,4375.81,7429
1786601700,2026-08-13 06:15:00+00:00,4375.81,4378.72,4374.15,4375.94,6285
1786602600,2026-08-13 06:30:00+00:00,4375.94,4378.7,4368.75,4374.08,5950
1786603500,2026-08-13 06:45:00+00:00,4374.08,4381.58,4373.92,4380.87,5466
1786604400,2026-08-13 07:00:00+00:00,4380.86,4381.67,4374.97,4376.83,5481
1786605300,2026-08-13 07:15:00+00:00,4376.93,4377.65,4373.65,4376.42,5299
1786606200,2026-08-13 07:30:00+00:00,4376.37,4378.6,4372.15,4378.39,5617
1786607100,2026-08-13 07:45:00+00:00,4378.54,4378.75,4369.21,4369.87,5525
1786608000,2026-08-13 08:00:00+00:00,4369.86,4370.52,4364.05,4365.92,6423
1786608900,2026-08-13 08:15:00+00:00,4365.95,4373.52,4364.88,4372.74,5861
1786609800,2026-08-13 08:30:00+00:00,4372.72,4375.74,4371.85,4373.63,4890
1786610700,2026-08-13 08:45:00+00:00,4373.62,4379.22,4373.41,4375.83,4448
1786611600,2026-08-13 09:00:00+00:00,4375.86,4378.35,4372.39,4376.83,5553
1786612500,2026-08-13 09:15:00+00:00,4376.83,4382.25,4376.2,4379.91,5446
1786613400,2026-08-13 09:30:00+00:00,4379.91,4381.68,4378.76,4379.97,4519
1786614300,2026-08-13 09:45:00+00:00,4380.01,4384.83,4378.45,4384.47,3476
1786615200,2026-08-13 10:00:00+00:00,4384.53,4385.32,4381.38,4381.56,3584
1786616100,2026-08-13 10:15:00+00:00,4381.59,4387.6,4381.57,4387.15,3466
1786617000,2026-08-13 10:30:00+00:00,4387.14,4390.56,4384.51,4390.51,3080
1786617900,2026-08-13 10:45:00+00:00,4390.51,4393.76,4388.19,4392.08,3692
1786618800,2026-08-13 11:00:00+00:00,4392.1,4394.35,4388.28,4394.22,4416
1786619700,2026-08-13 11:15:00+00:00,4394.22,4396.51,4388.01,4388.05,4704
1786620600,2026-08-13 11:30:00+00:00,4388.07,4389.84,4383.7,4383.96,4399
1786621500,2026-08-13 11:45:00+00:00,4383.94,4388.07,4382.72,4387.61,4375
1786622400,2026-08-13 12:00:00+00:00,4387.63,4391.7,4385.67,4388.99,5673
1786623300,2026-08-13 12:15:00+00:00,4389.03,4392.65,4384.0,4390.9,6395
1786624200,2026-08-13 12:30:00+00:00,4390.81,4401.09,4380.72,4392.08,8341
1786625100,2026-08-13 12:45:00+00:00,4392.09,4401.9,4391.67,4401.77,8802
1786626000,2026-08-13 13:00:00+00:00,4401.85,4402.17,4391.03,4393.84,10688
1786626900,2026-08-13 13:15:00+00:00,4393.84,4395.38,4384.01,4385.2,9714
1786627800,2026-08-13 13:30:00+00:00,4384.9,4389.74,4375.23,4379.41,11555
1786628700,2026-08-13 13:45:00+00:00,4379.42,4382.97,4370.67,4372.62,12168
1786629600,2026-08-13 14:00:00+00:00,4372.76,4378.86,4366.5,4370.83,11116
1786630500,2026-08-13 14:15:00+00:00,4370.83,4378.13,4367.49,4367.62,10980
1786631400,2026-08-13 14:30:00+00:00,4367.39,4381.75,4357.53,4381.18,8975
1786632300,2026-08-13 14:45:00+00:00,4381.33,4386.96,4381.03,4383.67,9411
1786633200,2026-08-13 15:00:00+00:00,4383.69,4385.67,4368.26,4369.68,8870
1786634100,2026-08-13 15:15:00+00:00,4369.71,4373.92,4363.46,4365.34,9545
1786635000,2026-08-13 15:30:00+00:00,4365.35,4371.51,4357.44,4368.37,9029
1786635900,2026-08-13 15:45:00+00:00,4368.39,4370.87,4363.23,4365.09,7464
1786636800,2026-08-13 16:00:00+00:00,4365.13,4367.37,4353.97,4355.1,7939
1786637700,2026-08-13 16:15:00+00:00,4355.07,4362.93,4351.08,4362.42,9216
1786638600,2026-08-13 16:30:00+00:00,4362.46,4367.09,4362.44,4365.57,6968
1786639500,2026-08-13 16:45:00+00:00,4365.65,4368.39,4364.01,4366.96,5595
1786640400,2026-08-13 17:00:00+00:00,4366.9,4373.29,4364.92,4371.38,6704
1786641300,2026-08-13 17:15:00+00:00,4371.5,4371.82,4362.36,4363.12,7401
1786642200,2026-08-13 17:30:00+00:00,4363.13,4364.42,4355.53,4357.22,7450
1786643100,2026-08-13 17:45:00+00:00,4357.22,4360.02,4355.71,4355.91,5883
1786644000,2026-08-13 18:00:00+00:00,4355.9,4362.73,4355.84,4361.92,7240
1786644900,2026-08-13 18:15:00+00:00,4361.9,4363.51,4354.72,4357.54,6764
1786645800,2026-08-13 18:30:00+00:00,4357.48,4360.34,4356.33,4357.89,5914
1786646700,2026-08-13 18:45:00+00:00,4357.96,4358.21,4354.65,4356.94,4585
1786647600,2026-08-13 19:00:00+00:00,4356.98,4358.86,4346.18,4346.77,5413
1786648500,2026-08-13 19:15:00+00:00,4346.77,4351.73,4343.58,4351.53,6856
1786649400,2026-08-13 19:30:00+00:00,4351.51,4354.14,4349.65,4351.33,6012
1786650300,2026-08-13 19:45:00+00:00,4351.33,4351.46,4347.73,4350.1,6189
1786658400,2026-08-13 22:00:00+00:00,4340.87,4356.85,4339.71,4354.01,1662
1786659300,2026-08-13 22:15:00+00:00,4354.01,4357.86,4352.75,4357.21,2376
1786660200,2026-08-13 22:30:00+00:00,4357.16,4362.77,4355.77,4360.4,3188
1786661100,2026-08-13 22:45:00+00:00,4360.37,4361.08,4353.19,4354.61,3193
1786662000,2026-08-13 23:00:00+00:00,4354.61,4360.53,4349.13,4360.53,3053
1786662900,2026-08-13 23:15:00+00:00,4360.51,4363.05,4356.86,4363.02,2899
1786663800,2026-08-13 23:30:00+00:00,4363.02,4363.5,4358.52,4360.21,3241
1786664700,2026-08-13 23:45:00+00:00,4360.37,4364.09,4356.35,4356.35,4318
1786665600,2026-08-14 00:00:00+00:00,4356.22,4362.02,4350.24,4352.08,6104
1786666500,2026-08-14 00:15:00+00:00,4352.08,4352.24,4339.26,4339.26,5308
1786667400,2026-08-14 00:30:00+00:00,4339.3,4346.93,4334.29,4339.64,6600
1786668300,2026-08-14 00:45:00+00:00,4339.7,4342.72,4329.09,4340.96,7336
1786669200,2026-08-14 01:00:00+00:00,4340.92,4341.4,4321.89,4324.15,8911
1786670100,2026-08-14 01:15:00+00:00,4324.37,4326.0,4314.91,4319.57,7606
1786671000,2026-08-14 01:30:00+00:00,4319.59,4321.52,4313.01,4319.57,6728
1786671900,2026-08-14 01:45:00+00:00,4319.57,4323.34,4312.11,4318.14,7504
1786672800,2026-08-14 02:00:00+00:00,4318.14,4322.86,4310.73,4312.44,6878
1786673700,2026-08-14 02:15:00+00:00,4312.42,4318.26,4312.28,4312.94,5208
1786674600,2026-08-14 02:30:00+00:00,4312.96,4322.57,4311.2,4321.1,6554
1786675500,2026-08-14 02:45:00+00:00,4320.98,4321.93,4312.65,4315.62,6236
1786676400,2026-08-14 03:00:00+00:00,4315.71,4323.69,4313.67,4320.17,5995
1786677300,2026-08-14 03:15:00+00:00,4320.15,4326.11,4319.9,4325.71,4854
1786678200,2026-08-14 03:30:00+00:00,4325.68,4328.24,4325.06,4325.61,2683
1786679100,2026-08-14 03:45:00+00:00,4325.69,4326.75,4323.44,4323.46,2193
1786680000,2026-08-14 04:00:00+00:00,4323.43,4327.22,4322.69,4325.95,2966
1786680900,2026-08-14 04:15:00+00:00,4325.95,4328.02,4325.08,4325.17,2773
1786681800,2026-08-14 04:30:00+00:00,4325.17,4326.46,4323.17,4325.23,3236
1786682700,2026-08-14 04:45:00+00:00,4325.24,4326.91,4323.74,4326.91,2241
1786683600,2026-08-14 05:00:00+00:00,4326.86,4326.96,4319.33,4320.23,4187
1786684500,2026-08-14 05:15:00+00:00,4320.21,4320.29,4317.08,4318.37,3637
1786685400,2026-08-14 05:30:00+00:00,4318.35,4324.89,4310.93,4317.71,6955
1786686300,2026-08-14 05:45:00+00:00,4317.69,4333.45,4317.41,4333.44,5761
1786687200,2026-08-14 06:00:00+00:00,4333.62,4336.59,4329.55,4332.44,6633
1786688100,2026-08-14 06:15:00+00:00,4332.44,4333.54,4328.38,4329.12,5117
1786689000,2026-08-14 06:30:00+00:00,4329.15,4332.99,4327.87,4332.99,4395
1786689900,2026-08-14 06:45:00+00:00,4332.99,4335.84,4332.57,4335.54,4221
1786690800,2026-08-14 07:00:00+00:00,4335.55,4337.34,4331.08,4331.13,4748
1786691700,2026-08-14 07:15:00+00:00,4331.13,4336.45,4329.74,4331.9,4775
1786692600,2026-08-14 07:30:00+00:00,4331.87,4340.24,4331.59,4339.67,4212
1786693500,2026-08-14 07:45:00+00:00,4339.69,4345.22,4339.3,4343.63,4238
1786694400,2026-08-14 08:00:00+00:00,4343.68,4347.95,4341.84,4347.77,4947
1786695300,2026-08-14 08:15:00+00:00,4347.72,4349.18,4343.48,4345.69,4298
1786696200,2026-08-14 08:30:00+00:00,4345.73,4349.27,4343.53,4343.68,3893
1786697100,2026-08-14 08:45:00+00:00,4343.68,4349.67,4342.71,4348.61,3330
1786698000,2026-08-14 09:00:00+00:00,4348.61,4351.0,4346.04,4350.73,3539
1786698900,2026-08-14 09:15:00+00:00,4350.73,4354.19,4348.77,4351.74,3841
1786699800,2026-08-14 09:30:00+00:00,4351.77,4354.49,4349.92,4353.47,3098
1786700700,2026-08-14 09:45:00+00:00,4353.55,4357.46,4352.66,4357.15,3543
1786701600,2026-08-14 10:00:00+00:00,4357.16,4358.65,4353.83,4354.34,4134
1786702500,2026-08-14 10:15:00+00:00,4354.39,4355.32,4349.95,4351.3,3769
1786703400,2026-08-14 10:30:00+00:00,4351.27,4351.97,4348.22,4351.92,3178
1786704300,2026-08-14 10:45:00+00:00,4351.85,4353.51,4348.32,4349.3,3570
1786705200,2026-08-14 11:00:00+00:00,4349.33,4351.64,4348.33,4350.6,3612
1786706100,2026-08-14 11:15:00+00:00,4350.61,4357.09,4350.59,4356.73,4436
1786707000,2026-08-14 11:30:00+00:00,4356.71,4363.49,4356.46,4362.43,4801
1786707900,2026-08-14 11:45:00+00:00,4362.42,4369.42,4360.94,4369.2,4962
1786708800,2026-08-14 12:00:00+00:00,4369.23,4376.8,4365.64,4371.73,6662
1786709700,2026-08-14 12:15:00+00:00,4371.73,4380.84,4369.62,4380.03,6759
1786710600,2026-08-14 12:30:00+00:00,4380.0,4386.74,4372.14,4372.79,7140
1786711500,2026-08-14 12:45:00+00:00,4372.85,4377.82,4370.91,4373.65,7017
1786712400,2026-08-14 13:00:00+00:00,4373.69,4381.08,4370.18,4375.02,8541
1786713300,2026-08-14 13:15:00+00:00,4375.09,4386.49,4374.99,4384.46,7037
1786714200,2026-08-14 13:30:00+00:00,4384.42,4396.87,4383.56,4393.86,9673
1786715100,2026-08-14 13:45:00+00:00,4393.87,4394.74,4382.85,4384.41,8491
1786716000,2026-08-14 14:00:00+00:00,4384.53,4393.19,4384.23,4390.49,8933
1786716900,2026-08-14 14:15:00+00:00,4390.54,4394.68,4385.08,4390.67,8760
1786717800,2026-08-14 14:30:00+00:00,4390.69,4391.56,4381.52,4384.32,8863
1786718700,2026-08-14 14:45:00+00:00,4384.3,4384.47,4378.82,4381.43,8345
1786719600,2026-08-14 15:00:00+00:00,4381.43,4394.09,4381.01,4392.09,9689
1786720500,2026-08-14 15:15:00+00:00,4392.13,4393.81,4378.86,4384.8,9392
1786721400,2026-08-14 15:30:00+00:00,4384.81,4389.91,4383.88,4389.52,7941
1786722300,2026-08-14 15:45:00+00:00,4389.5,4394.74,4389.31,4391.56,6590
1786723200,2026-08-14 16:00:00+00:00,4391.58,4396.6,4388.76,4389.73,6249
1786724100,2026-08-14 16:15:00+00:00,4389.65,4393.03,4386.93,4387.54,4819
1786725000,2026-08-14 16:30:00+00:00,4387.54,4389.02,4380.22,4385.81,7118
1786725900,2026-08-14 16:45:00+00:00,4385.78,4387.43,4384.79,4385.88,5537
1786726800,2026-08-14 17:00:00+00:00,4385.95,4386.44,4380.31,4382.31,6248
1786727700,2026-08-14 17:15:00+00:00,4382.34,4384.77,4379.25,4379.46,6073
1786728600,2026-08-14 17:30:00+00:00,4379.43,4382.75,4376.94,4377.68,6093
1786729500,2026-08-14 17:45:00+00:00,4377.66,4379.04,4376.28,4378.43,4305
1786730400,2026-08-14 18:00:00+00:00,4378.45,4381.75,4376.44,4377.34,4730
1786731300,2026-08-14 18:15:00+00:00,4377.34,4380.43,4377.0,4379.33,3631
1786732200,2026-08-14 18:30:00+00:00,4379.33,4382.74,4376.12,4376.47,3919
1786733100,2026-08-14 18:45:00+00:00,4376.41,4376.88,4370.71,4373.48,3593
1786734000,2026-08-14 19:00:00+00:00,4373.48,4377.2,4372.1,4375.96,3340
1786734900,2026-08-14 19:15:00+00:00,4375.96,4377.85,4374.28,4377.33,3535
1786735800,2026-08-14 19:30:00+00:00,4377.18,4378.2,4375.62,4375.63,3681
1786736700,2026-08-14 19:45:00+00:00,4375.63,4379.88,4373.36,4376.0,5498
1786917600,2026-08-16 22:00:00+00:00,4375.27,4380.11,4276.43,4375.56,3092
1786918500,2026-08-16 22:15:00+00:00,4375.56,4375.97,4372.67,4374.54,1931
1786919400,2026-08-16 22:30:00+00:00,4374.54,4379.02,4374.54,4377.76,2299
1786920300,2026-08-16 22:45:00+00:00,4377.76,4386.84,4377.62,4385.89,3090
1786921200,2026-08-16 23:00:00+00:00,4385.92,4386.23,4379.49,4379.8,2815
1786922100,2026-08-16 23:15:00+00:00,4379.8,4381.1,4372.66,4374.7,2703
1786923000,2026-08-16 23:30:00+00:00,4374.72,4375.16,4367.16,4368.28,2938
1786923900,2026-08-16 23:45:00+00:00,4368.24,4373.86,4368.14,4370.25,3762
1786924800,2026-08-17 00:00:00+00:00,4370.28,4379.46,4368.0,4378.82,5334
1786925700,2026-08-17 00:15:00+00:00,4378.75,4390.86,4378.26,4389.76,4833
1786926600,2026-08-17 00:30:00+00:00,4389.62,4397.58,4387.34,4395.77,4432
1786927500,2026-08-17 00:45:00+00:00,4395.77,4402.05,4394.28,4400.71,4195
1786928400,2026-08-17 01:00:00+00:00,4400.71,4411.76,4398.95,4409.11,7752
1786929300,2026-08-17 01:15:00+00:00,4409.11,4416.33,4406.0,4407.17,7115
1786930200,2026-08-17 01:30:00+00:00,4407.17,4408.09,4397.42,4403.52,6370
1786931100,2026-08-17 01:45:00+00:00,4403.51,4403.95,4391.92,4395.63,5988
1786932000,2026-08-17 02:00:00+00:00,4395.58,4398.19,4392.49,4394.26,5407
1786932900,2026-08-17 02:15:00+00:00,4394.32,4397.45,4389.71,4395.36,4545
1786933800,2026-08-17 02:30:00+00:00,4395.38,4398.15,4389.72,4392.97,6289
1786934700,2026-08-17 02:45:00+00:00,4392.96,4393.45,4388.16,4393.08,5244
1786935600,2026-08-17 03:00:00+00:00,4393.11,4394.87,4388.58,4390.33,4755
1786936500,2026-08-17 03:15:00+00:00,4390.33,4393.57,4387.87,4392.95,4236
1786937400,2026-08-17 03:30:00+00:00,4392.94,4397.1,4390.91,4395.11,3518
1786938300,2026-08-17 03:45:00+00:00,4395.1,4397.61,4392.79,4397.02,3019
1786939200,2026-08-17 04:00:00+00:00,4397.06,4399.49,4396.42,4398.3,3665
1786940100,2026-08-17 04:15:00+00:00,4398.3,4398.83,4390.08,4390.75,2966
1786941000,2026-08-17 04:30:00+00:00,4390.75,4396.61,4388.87,4395.68,3049
1786941900,2026-08-17 04:45:00+00:00,4395.71,4397.86,4389.85,4390.71,3269
1786942800,2026-08-17 05:00:00+00:00,4390.71,4393.2,4386.92,4387.67,3429
1786943700,2026-08-17 05:15:00+00:00,4387.67,4399.4,4386.94,4399.33,3392
1786944600,2026-08-17 05:30:00+00:00,4399.33,4401.24,4391.96,4395.69,5933
1786945500,2026-08-17 05:45:00+00:00,4395.8,4397.45,4392.33,4394.75,5260
1786946400,2026-08-17 06:00:00+00:00,4394.83,4398.17,4392.69,4396.8,5598
1786947300,2026-08-17 06:15:00+00:00,4396.8,4400.02,4392.7,4398.49,5188
1786948200,2026-08-17 06:30:00+00:00,4398.46,4398.61,4393.44,4396.12,5124
1786949100,2026-08-17 06:45:00+00:00,4396.2,4404.49,4396.12,4403.04,4793
1786950000,2026-08-17 07:00:00+00:00,4403.04,4403.98,4395.95,4396.45,5243
1786950900,2026-08-17 07:15:00+00:00,4396.43,4405.09,4396.1,4404.92,4848
1786951800,2026-08-17 07:30:00+00:00,4404.91,4411.32,4404.58,4409.24,5265
1786952700,2026-08-17 07:45:00+00:00,4409.26,4409.89,4403.38,4405.18,3661
1786953600,2026-08-17 08:00:00+00:00,4405.21,4405.21,4397.51,4402.84,4970
1786954500,2026-08-17 08:15:00+00:00,4402.81,4403.72,4400.3,4401.75,3794
1786955400,2026-08-17 08:30:00+00:00,4401.75,4402.14,4395.99,4396.28,3827
1786956300,2026-08-17 08:45:00+00:00,4396.28,4396.85,4392.51,4395.0,4284
1786957200,2026-08-17 09:00:00+00:00,4394.99,4400.58,4393.23,4399.06,3928
1786958100,2026-08-17 09:15:00+00:00,4399.09,4399.91,4395.5,4396.85,4025
1786959000,2026-08-17 09:30:00+00:00,4396.8,4397.45,4393.5,4394.13,3498
1786959900,2026-08-17 09:45:00+00:00,4394.2,4395.85,4392.43,4395.56,3653
1786960800,2026-08-17 10:00:00+00:00,4395.58,4396.34,4393.11,4395.96,3651
1786961700,2026-08-17 10:15:00+00:00,4395.95,4405.49,4391.76,4404.95,4100
1786962600,2026-08-17 10:30:00+00:00,4404.88,4405.69,4395.25,4398.17,5874
1786963500,2026-08-17 10:45:00+00:00,4398.17,4399.47,4396.27,4398.97,3653
1786964400,2026-08-17 11:00:00+00:00,4399.1,4403.97,4397.82,4399.64,5829
1786965300,2026-08-17 11:15:00+00:00,4399.83,4404.64,4397.03,4403.58,5128
1786966200,2026-08-17 11:30:00+00:00,4403.58,4404.89,4399.17,4399.51,4270
1786967100,2026-08-17 11:45:00+00:00,4399.51,4400.71,4395.36,4396.67,4332
1786968000,2026-08-17 12:00:00+00:00,4396.66,4397.6,4391.6,4393.95,7519
1786968900,2026-08-17 12:15:00+00:00,4393.94,4398.82,4382.41,4385.57,7348
1786969800,2026-08-17 12:30:00+00:00,4385.45,4390.25,4378.29,4378.34,7632
1786970700,2026-08-17 12:45:00+00:00,4378.34,4386.4,4377.17,4384.89,7537
1786971600,2026-08-17 13:00:00+00:00,4384.9,4389.52,4381.83,4386.4,9476
1786972500,2026-08-17 13:15:00+00:00,4386.43,4388.94,4382.2,4386.28,8150
1786973400,2026-08-17 13:30:00+00:00,4386.25,4391.94,4384.88,4385.76,11211
1786974300,2026-08-17 13:45:00+00:00,4385.73,4416.2,4384.66,4408.65,10246
1786975200,2026-08-17 14:00:00+00:00,4408.48,4412.86,4403.71,4412.49,8457
1786976100,2026-08-17 14:15:00+00:00,4412.34,4427.62,4411.71,4418.18,8846
1786977000,2026-08-17 14:30:00+00:00,4418.31,4424.65,4416.28,4417.41,7510
1786977900,2026-08-17 14:45:00+00:00,4417.44,4421.01,4413.92,4417.3,7450
1786978800,2026-08-17 15:00:00+00:00,4417.3,4422.37,4415.13,4421.27,7870
1786979700,2026-08-17 15:15:00+00:00,4421.19,4425.97,4419.39,4425.44,7826
1786980600,2026-08-17 15:30:00+00:00,4425.58,4426.43,4418.79,4419.33,7117
1786981500,2026-08-17 15:45:00+00:00,4419.31,4427.81,4417.68,4427.5,5468
1786982400,2026-08-17 16:00:00+00:00,4427.64,4428.83,4423.99,4425.95,5749
1786983300,2026-08-17 16:15:00+00:00,4426.02,4427.66,4422.94,4424.8,5393
1786984200,2026-08-17 16:30:00+00:00,4424.93,4427.08,4422.78,4424.66,4891
1786985100,2026-08-17 16:45:00+00:00,4424.68,4425.7,4422.41,4424.24,4281
1786986000,2026-08-17 17:00:00+00:00,4424.24,4426.13,4421.15,4422.94,5479
1786986900,2026-08-17 17:15:00+00:00,4422.91,4423.25,4413.41,4416.57,7439
1786987800,2026-08-17 17:30:00+00:00,4416.56,4418.59,4411.2,4417.38,6994
1786988700,2026-08-17 17:45:00+00:00,4417.39,4420.54,4413.2,4413.68,4932
1786989600,2026-08-17 18:00:00+00:00,4413.69,4414.56,4410.09,4413.76,5941
1786990500,2026-08-17 18:15:00+00:00,4413.79,4416.13,4404.74,4406.24,5831
1786991400,2026-08-17 18:30:00+00:00,4406.28,4406.9,4398.14,4401.36,6102
1786992300,2026-08-17 18:45:00+00:00,4401.36,4407.51,4400.13,4406.62,4343
1786993200,2026-08-17 19:00:00+00:00,4406.6,4408.62,4400.23,4408.58,4828
1786994100,2026-08-17 19:15:00+00:00,4408.58,4417.42,4408.58,4414.45,4779
1786995000,2026-08-17 19:30:00+00:00,4414.47,4420.44,4413.97,4419.38,4792
1786995900,2026-08-17 19:45:00+00:00,4419.38,4420.96,4416.44,4419.68,5408
1787004000,2026-08-17 22:00:00+00:00,4406.6,4418.43,4405.48,4416.74,554
1787004900,2026-08-17 22:15:00+00:00,4416.74,4417.1,4411.83,4412.36,579
1787005800,2026-08-17 22:30:00+00:00,4412.36,4415.65,4411.44,4414.58,1528
1787006700,2026-08-17 22:45:00+00:00,4414.55,4416.22,4410.41,4411.74,1558
1787007600,2026-08-17 23:00:00+00:00,4411.91,4414.88,4409.66,4414.72,2012
1787008500,2026-08-17 23:15:00+00:00,4414.72,4421.83,4414.72,4420.23,2665
1787009400,2026-08-17 23:30:00+00:00,4419.93,4422.76,4419.93,4422.62,2639
1787010300,2026-08-17 23:45:00+00:00,4422.58,4426.03,4421.5,4425.93,3578
1787011200,2026-08-18 00:00:00+00:00,4425.92,4429.76,4418.95,4421.73,4982
1787012100,2026-08-18 00:15:00+00:00,4421.71,4431.54,4420.83,4431.18,5269
1787013000,2026-08-18 00:30:00+00:00,4431.11,4433.45,4428.25,4429.45,3480
1787013900,2026-08-18 00:45:00+00:00,4429.45,4434.93,4428.37,4434.64,3752
1787014800,2026-08-18 01:00:00+00:00,4434.34,4436.15,4428.43,4429.21,7505
1787015700,2026-08-18 01:15:00+00:00,4429.23,4430.79,4420.21,4424.89,6510
1787016600,2026-08-18 01:30:00+00:00,4424.94,4426.23,4411.61,4411.61,5723
1787017500,2026-08-18 01:45:00+00:00,4411.61,4412.04,4404.07,4407.99,7728
1787018400,2026-08-18 02:00:00+00:00,4407.93,4408.13,4398.48,4400.98,6840
1787019300,2026-08-18 02:15:00+00:00,4400.98,4405.54,4400.28,4402.31,4512
1787020200,2026-08-18 02:30:00+00:00,4402.31,4402.63,4394.05,4394.89,6503
1787021100,2026-08-18 02:45:00+00:00,4394.93,4400.45,4394.26,4399.86,5610
1787022000,2026-08-18 03:00:00+00:00,4399.85,4404.06,4398.79,4401.46,5821
1787022900,2026-08-18 03:15:00+00:00,4401.44,4402.04,4394.29,4397.12,4874
1787023800,2026-08-18 03:30:00+00:00,4397.14,4397.24,4394.54,4394.77,3939
1787024700,2026-08-18 03:45:00+00:00,4394.74,4395.0,4390.57,4391.75,3278
1787025600,2026-08-18 04:00:00+00:00,4391.79,4392.75,4389.95,4392.28,3092
1787026500,2026-08-18 04:15:00+00:00,4392.26,4393.63,4390.67,4392.39,3002
1787027400,2026-08-18 04:30:00+00:00,4392.39,4394.31,4388.76,4393.53,3621
1787028300,2026-08-18 04:45:00+00:00,4393.56,4395.4,4392.14,4393.56,2888
1787029200,2026-08-18 05:00:00+00:00,4393.58,4394.11,4390.79,4391.29,3519
1787030100,2026-08-18 05:15:00+00:00,4391.27,4395.93,4391.04,4391.36,3255
1787031000,2026-08-18 05:30:00+00:00,4391.33,4394.15,4385.9,4393.61,6944
1787031900,2026-08-18 05:45:00+00:00,4393.59,4397.46,4392.96,4394.19,4980
1787032800,2026-08-18 06:00:00+00:00,4394.19,4395.29,4387.49,4395.14,5653
1787033700,2026-08-18 06:15:00+00:00,4395.12,4399.76,4393.56,4399.4,4467
1787034600,2026-08-18 06:30:00+00:00,4399.4,4400.15,4395.03,4397.12,3530
1787035500,2026-08-18 06:45:00+00:00,4397.19,4399.33,4397.19,4398.77,3861
1787036400,2026-08-18 07:00:00+00:00,4398.77,4400.78,4396.72,4397.62,4316
1787037300,2026-08-18 07:15:00+00:00,4397.59,4403.31,4397.4,4403.06,3791
1787038200,2026-08-18 07:30:00+00:00,4403.07,4403.64,4396.33,4401.47,4779
1787039100,2026-08-18 07:45:00+00:00,4401.45,4402.65,4395.43,4395.58,4052
1787040000,2026-08-18 08:00:00+00:00,4395.58,4396.12,4387.92,4392.47,6225
1787040900,2026-08-18 08:15:00+00:00,4392.47,4393.47,4386.83,4389.35,5589
1787041800,2026-08-18 08:30:00+00:00,4389.34,4398.6,4389.07,4396.51,5135
1787042700,2026-08-18 08:45:00+00:00,4396.49,4396.9,4391.43,4393.21,3644
1787043600,2026-08-18 09:00:00+00:00,4393.23,4393.84,4391.02,4392.68,4570
1787044500,2026-08-18 09:15:00+00:00,4392.65,4392.74,4388.51,4389.36,5171
1787045400,2026-08-18 09:30:00+00:00,4389.09,4394.96,4387.24,4388.38,4549
1787046300,2026-08-18 09:45:00+00:00,4388.29,4394.92,4386.97,4393.29,4468
1787047200,2026-08-18 10:00:00+00:00,4393.29,4395.69,4392.25,4394.5,4388
1787048100,2026-08-18 10:15:00+00:00,4394.5,4396.15,4389.63,4391.99,3638
1787049000,2026-08-18 10:30:00+00:00,4391.99,4398.56,4391.66,4398.55,3216
1787049900,2026-08-18 10:45:00+00:00,4398.53,4399.57,4396.36,4397.59,3414
1787050800,2026-08-18 11:00:00+00:00,4397.59,4399.04,4391.97,4393.51,4386
1787051700,2026-08-18 11:15:00+00:00,4393.49,4394.66,4389.55,4390.01,4094
1787052600,2026-08-18 11:30:00+00:00,4390.02,4392.45,4388.57,4390.9,4302
1787053500,2026-08-18 11:45:00+00:00,4390.91,4396.77,4389.78,4395.91,4463
1787054400,2026-08-18 12:00:00+00:00,4395.91,4397.03,4389.47,4393.03,6264
1787055300,2026-08-18 12:15:00+00:00,4393.04,4400.78,4391.43,4395.15,5633
1787056200,2026-08-18 12:30:00+00:00,4395.16,4398.11,4391.05,4392.13,5379
1787057100,2026-08-18 12:45:00+00:00,4392.15,4396.93,4390.64,4394.18,4916
1787058000,2026-08-18 13:00:00+00:00,4394.15,4397.29,4388.21,4395.69,7077
1787058900,2026-08-18 13:15:00+00:00,4395.61,4395.96,4388.12,4388.96,7651
1787059800,2026-08-18 13:30:00+00:00,4388.97,4406.56,4376.11,4401.17,11883
1787060700,2026-08-18 13:45:00+00:00,4401.18,4402.22,4389.39,4394.46,11774
1787061600,2026-08-18 14:00:00+00:00,4394.46,4406.53,4390.99,4393.14,10943
1787062500,2026-08-18 14:15:00+00:00,4393.27,4404.95,4392.29,4394.13,10998
1787063400,2026-08-18 14:30:00+00:00,4394.13,4396.26,4377.61,4379.58,9985
1787064300,2026-08-18 14:45:00+00:00,4379.61,4388.77,4363.72,4366.58,10779
1787065200,2026-08-18 15:00:00+00:00,4366.54,4377.6,4358.93,4359.87,11096
1787066100,2026-08-18 15:15:00+00:00,4359.87,4365.17,4351.5,4354.87,9494
1787067000,2026-08-18 15:30:00+00:00,4354.9,4362.33,4354.43,4358.57,7397
1787067900,2026-08-18 15:45:00+00:00,4358.94,4366.62,4358.71,4364.74,6170
1787068800,2026-08-18 16:00:00+00:00,4364.87,4371.61,4364.87,4367.63,6867
1787069700,2026-08-18 16:15:00+00:00,4367.62,4369.67,4363.42,4363.91,7255
1787070600,2026-08-18 16:30:00+00:00,4364.56,4368.57,4363.0,4367.31,6912
1787071500,2026-08-18 16:45:00+00:00,4367.42,4368.77,4362.99,4363.79,6192
1787072400,2026-08-18 17:00:00+00:00,4363.63,4367.11,4363.54,4366.86,6231
1787073300,2026-08-18 17:15:00+00:00,4366.86,4368.27,4363.03,4365.35,6785
1787074200,2026-08-18 17:30:00+00:00,4365.27,4366.21,4358.65,4358.67,6383
1787075100,2026-08-18 17:45:00+00:00,4358.66,4360.47,4356.58,4357.68,6112
1787076000,2026-08-18 18:00:00+00:00,4357.68,4358.12,4352.63,4357.78,6116
1787076900,2026-08-18 18:15:00+00:00,4357.78,4360.98,4355.68,4360.19,5265
1787077800,2026-08-18 18:30:00+00:00,4360.29,4360.54,4353.4,4354.16,4468
1787078700,2026-08-18 18:45:00+00:00,4354.18,4356.05,4352.82,4354.2,3862
1787079600,2026-08-18 19:00:00+00:00,4354.24,4358.38,4354.03,4356.98,3503
1787080500,2026-08-18 19:15:00+00:00,4356.96,4358.64,4352.38,4354.8,3408
1787081400,2026-08-18 19:30:00+00:00,4354.85,4357.77,4349.64,4349.84,3224
1787082300,2026-08-18 19:45:00+00:00,4349.93,4353.28,4338.24,4345.5,7372
1787090400,2026-08-18 22:00:00+00:00,4316.78,4343.31,4314.8,4339.97,1089
1787091300,2026-08-18 22:15:00+00:00,4339.97,4341.31,4333.15,4335.97,2153
1787092200,2026-08-18 22:30:00+00:00,4335.97,4336.5,4332.38,4333.64,1768
1787093100,2026-08-18 22:45:00+00:00,4333.62,4335.49,4333.02,4333.74,1541
1787094000,2026-08-18 23:00:00+00:00,4333.74,4338.23,4332.57,4334.01,2168
1787094900,2026-08-18 23:15:00+00:00,4333.95,4337.3,4329.96,4330.41,2402
1787095800,2026-08-18 23:30:00+00:00,4330.44,4332.59,4327.01,4329.73,3275
1787096700,2026-08-18 23:45:00+00:00,4329.77,4334.19,4329.41,4332.92,4279
1787097600,2026-08-19 00:00:00+00:00,4332.77,4344.9,4331.49,4342.85,7145
1787098500,2026-08-19 00:15:00+00:00,4342.78,4346.34,4339.07,4342.88,6220
1787099400,2026-08-19 00:30:00+00:00,4342.86,4347.09,4339.55,4343.59,5703
1787100300,2026-08-19 00:45:00+00:00,4343.62,4344.65,4337.05,4337.91,6769
1787101200,2026-08-19 01:00:00+00:00,4337.79,4343.95,4324.46,4343.81,9697
1787102100,2026-08-19 01:15:00+00:00,4343.83,4346.24,4332.97,4342.29,8694
1787103000,2026-08-19 01:30:00+00:00,4342.38,4357.52,4342.3,4355.46,7354
1787103900,2026-08-19 01:45:00+00:00,4355.41,4356.64,4350.47,4356.44,6754
1787104800,2026-08-19 02:00:00+00:00,4356.41,4357.2,4351.59,4353.5,5173
1787105700,2026-08-19 02:15:00+00:00,4353.62,4362.0,4352.47,4359.64,6296
1787106600,2026-08-19 02:30:00+00:00,4359.6,4360.18,4354.12,4355.26,7197
1787107500,2026-08-19 02:45:00+00:00,4355.29,4357.22,4351.44,4354.92,6055
1787108400,2026-08-19 03:00:00+00:00,4354.92,4356.06,4351.92,4354.45,6038
1787109300,2026-08-19 03:15:00+00:00,4354.44,4357.92,4351.78,4357.03,4985
1787110200,2026-08-19 03:30:00+00:00,4357.05,4360.33,4355.86,4358.44,3151
1787111100,2026-08-19 03:45:00+00:00,4358.52,4358.8,4354.73,4354.96,2804
1787112000,2026-08-19 04:00:00+00:00,4355.12,4356.21,4353.06,4354.64,2597
1787112900,2026-08-19 04:15:00+00:00,4354.62,4354.95,4350.06,4351.15,3855
1787113800,2026-08-19 04:30:00+00:00,4351.15,4352.04,4344.92,4346.46,4389
1787114700,2026-08-19 04:45:00+00:00,4346.49,4348.49,4343.77,4348.46,3906
1787115600,2026-08-19 05:00:00+00:00,4348.44,4350.67,4338.7,4338.9,5387
1787116500,2026-08-19 05:15:00+00:00,4338.89,4345.25,4336.66,4345.19,4655
1787117400,2026-08-19 05:30:00+00:00,4345.33,4345.34,4336.73,4342.25,7689
1787118300,2026-08-19 05:45:00+00:00,4342.21,4342.26,4335.02,4335.58,5332
1787119200,2026-08-19 06:00:00+00:00,4335.6,4341.75,4335.21,4337.41,6516
1787120100,2026-08-19 06:15:00+00:00,4337.39,4348.29,4336.81,4343.21,6811
1787121000,2026-08-19 06:30:00+00:00,4343.21,4345.62,4337.02,4341.87,6880
1787121900,2026-08-19 06:45:00+00:00,4341.86,4349.38,4340.73,4349.02,7674
1787122800,2026-08-19 07:00:00+00:00,4349.05,4353.5,4347.4,4350.49,6618
1787123700,2026-08-19 07:15:00+00:00,4350.44,4357.02,4347.42,4356.77,5300
1787124600,2026-08-19 07:30:00+00:00,4356.73,4363.17,4352.71,4354.47,6544
1787125500,2026-08-19 07:45:00+00:00,4354.45,4357.73,4354.19,4354.78,5482
1787126400,2026-08-19 08:00:00+00:00,4354.81,4362.74,4350.99,4361.63,7930
1787127300,2026-08-19 08:15:00+00:00,4361.64,4362.49,4357.34,4360.97,5468
1787128200,2026-08-19 08:30:00+00:00,4360.93,4363.03,4356.46,4362.52,5520
1787129100,2026-08-19 08:45:00+00:00,4362.55,4363.14,4354.77,4355.6,4788
1787130000,2026-08-19 09:00:00+00:00,4355.58,4359.79,4354.94,4356.25,4859
1787130900,2026-08-19 09:15:00+00:00,4356.18,4357.4,4353.4,4356.53,4701
1787131800,2026-08-19 09:30:00+00:00,4356.56,4360.93,4355.33,4358.7,3588
1787132700,2026-08-19 09:45:00+00:00,4358.68,4361.94,4357.99,4361.88,3626
1787133600,2026-08-19 10:00:00+00:00,4362.03,4364.13,4359.53,4363.65,4863
1787134500,2026-08-19 10:15:00+00:00,4363.65,4369.05,4363.47,4368.68,3429
1787135400,2026-08-19 10:30:00+00:00,4368.67,4369.4,4365.84,4367.99,3605
1787136300,2026-08-19 10:45:00+00:00,4367.99,4369.49,4366.14,4367.2,3113
1787137200,2026-08-19 11:00:00+00:00,4367.27,4374.03,4367.27,4373.26,5031
1787138100,2026-08-19 11:15:00+00:00,4373.26,4374.02,4368.76,4370.77,3942
1787139000,2026-08-19 11:30:00+00:00,4370.77,4371.69,4363.15,4363.52,3891
1787139900,2026-08-19 11:45:00+00:00,4363.49,4367.59,4363.31,4364.59,4179
1787140800,2026-08-19 12:00:00+00:00,4364.57,4370.66,4361.97,4368.24,6131
1787141700,2026-08-19 12:15:00+00:00,4368.46,4373.52,4365.91,4369.3,5882
1787142600,2026-08-19 12:30:00+00:00,4369.27,4420.63,4368.54,4417.49,11851
1787143500,2026-08-19 12:45:00+00:00,4417.39,4442.38,4411.38,4438.64,11522
1787144400,2026-08-19 13:00:00+00:00,4438.64,4460.67,4424.1,4455.82,11755
1787145300,2026-08-19 13:15:00+00:00,4455.82,4464.13,4454.8,4458.16,9820
1787146200,2026-08-19 13:30:00+00:00,4458.16,4466.19,4442.18,4460.47,11740
1787147100,2026-08-19 13:45:00+00:00,4460.47,4463.17,4444.88,4459.65,10693
1787148000,2026-08-19 14:00:00+00:00,4459.49,4475.36,4455.04,4473.58,10455
1787148900,2026-08-19 14:15:00+00:00,4473.64,4487.78,4470.04,4485.74,10085
1787149800,2026-08-19 14:30:00+00:00,4485.82,4498.49,4483.77,4489.26,9352
1787150700,2026-08-19 14:45:00+00:00,4489.38,4489.44,4478.01,4488.01,9024
1787151600,2026-08-19 15:00:00+00:00,4487.97,4488.22,4479.56,4485.11,7730
1787152500,2026-08-19 15:15:00+00:00,4485.33,4487.93,4478.09,4483.6,10064
1787153400,2026-08-19 15:30:00+00:00,4483.44,4492.45,4480.03,4490.28,9354
1787154300,2026-08-19 15:45:00+00:00,4490.23,4494.37,4488.44,4493.77,8663
1787155200,2026-08-19 16:00:00+00:00,4493.76,4499.07,4491.02,4497.68,8626
1787156100,2026-08-19 16:15:00+00:00,4497.68,4499.34,4490.54,4491.09,8709
1787157000,2026-08-19 16:30:00+00:00,4491.09,4496.44,4490.6,4495.17,8023
1787157900,2026-08-19 16:45:00+00:00,4495.16,4497.65,4493.23,4493.34,6619
1787158800,2026-08-19 17:00:00+00:00,4493.53,4499.07,4488.97,4492.3,9518
1787159700,2026-08-19 17:15:00+00:00,4492.37,4492.61,4486.07,4487.98,5395
1787160600,2026-08-19 17:30:00+00:00,4488.02,4491.43,4484.26,4488.41,5185
1787161500,2026-08-19 17:45:00+00:00,4488.41,4489.32,4484.29,4486.92,3743
1787162400,2026-08-19 18:00:00+00:00,4486.99,4496.29,4485.39,4487.79,6809
1787163300,2026-08-19 18:15:00+00:00,4487.77,4487.77,4472.68,4475.4,6272
1787164200,2026-08-19 18:30:00+00:00,4475.42,4491.68,4472.16,4490.39,9485
1787165100,2026-08-19 18:45:00+00:00,4490.41,4496.76,4489.4,4494.97,5606
1787166000,2026-08-19 19:00:00+00:00,4494.96,4505.53,4494.27,4503.09,5247
1787166900,2026-08-19 19:15:00+00:00,4503.09,4507.73,4502.6,4507.49,5683
1787167800,2026-08-19 19:30:00+00:00,4507.01,4510.67,4502.45,4506.89,6432
1787168700,2026-08-19 19:45:00+00:00,4506.8,4512.06,4505.11,4511.08,6552
1787176800,2026-08-19 22:00:00+00:00,4489.31,4526.85,4489.31,4519.76,2373
1787177700,2026-08-19 22:15:00+00:00,4519.86,4521.42,4519.01,4520.89,1821
1787178600,2026-08-19 22:30:00+00:00,4520.89,4522.04,4517.57,4518.44,2924
1787179500,2026-08-19 22:45:00+00:00,4518.33,4521.69,4516.38,4518.81,2467
1787180400,2026-08-19 23:00:00+00:00,4518.82,4523.58,4517.25,4519.34,3832
1787181300,2026-08-19 23:15:00+00:00,4519.34,4520.21,4515.21,4517.51,2617
1787182200,2026-08-19 23:30:00+00:00,4517.56,4518.15,4513.51,4514.34,2250
1787183100,2026-08-19 23:45:00+00:00,4514.31,4517.31,4511.28,4511.69,3434
1787184000,2026-08-20 00:00:00+00:00,4511.71,4518.73,4510.09,4516.18,8422
1787184900,2026-08-20 00:15:00+00:00,4516.21,4521.13,4508.5,4510.36,6420
1787185800,2026-08-20 00:30:00+00:00,4510.36,4513.09,4503.87,4505.88,4784
1787186700,2026-08-20 00:45:00+00:00,4505.88,4510.37,4503.73,4504.58,5409
1787187600,2026-08-20 01:00:00+00:00,4504.51,4510.12,4491.58,4493.18,10407
1787188500,2026-08-20 01:15:00+00:00,4493.21,4503.36,4493.11,4500.5,8607
1787189400,2026-08-20 01:30:00+00:00,4500.45,4501.25,4493.34,4493.81,9566
1787190300,2026-08-20 01:45:00+00:00,4493.83,4495.57,4484.39,4489.7,7950
1787191200,2026-08-20 02:00:00+00:00,4489.75,4499.63,4488.53,4497.68,8595
1787192100,2026-08-20 02:15:00+00:00,4497.66,4497.68,4489.39,4492.71,5305
1787193000,2026-08-20 02:30:00+00:00,4492.71,4494.5,4490.13,4490.46,6979
1787193900,2026-08-20 02:45:00+00:00,4490.44,4494.59,4488.81,4490.65,5910
1787194800,2026-08-20 03:00:00+00:00,4490.65,4496.98,4488.04,4492.66,5907
1787195700,2026-08-20 03:15:00+00:00,4492.66,4496.53,4490.3,4493.48,4956
1787196600,2026-08-20 03:30:00+00:00,4493.46,4498.57,4492.24,4497.82,3622
1787197500,2026-08-20 03:45:00+00:00,4497.82,4501.19,4496.67,4498.81,4204
1787198400,2026-08-20 04:00:00+00:00,4498.81,4499.2,4494.91,4496.43,4364
1787199300,2026-08-20 04:15:00+00:00,4496.38,4497.19,4489.55,4489.68,3833
1787200200,2026-08-20 04:30:00+00:00,4489.69,4490.83,4486.2,4487.08,4235
1787201100,2026-08-20 04:45:00+00:00,4487.06,4491.46,4486.82,4488.42,3809
1787202000,2026-08-20 05:00:00+00:00,4488.46,4493.92,4484.04,4485.51,3818
1787202900,2026-08-20 05:15:00+00:00,4485.55,4486.97,4482.81,4483.15,4265
1787203800,2026-08-20 05:30:00+00:00,4483.15,4486.0,4478.0,4480.63,6425
1787204700,2026-08-20 05:45:00+00:00,4480.65,4483.15,4477.76,4481.27,4620
1787205600,2026-08-20 06:00:00+00:00,4481.22,4493.38,4479.96,4492.72,5064
1787206500,2026-08-20 06:15:00+00:00,4492.72,4495.83,4491.8,4494.04,5106
1787207400,2026-08-20 06:30:00+00:00,4494.06,4495.41,4491.67,4492.35,4882
1787208300,2026-08-20 06:45:00+00:00,4492.37,4495.4,4491.19,4493.76,4174
1787209200,2026-08-20 07:00:00+00:00,4493.61,4493.72,4487.05,4487.77,5872
1787210100,2026-08-20 07:15:00+00:00,4487.77,4490.38,4483.65,4483.96,5478
1787211000,2026-08-20 07:30:00+00:00,4483.96,4493.33,4483.42,4491.13,6119
1787211900,2026-08-20 07:45:00+00:00,4491.11,4494.27,4488.3,4490.86,4794
1787212800,2026-08-20 08:00:00+00:00,4490.83,4495.44,4490.53,4494.27,6357
1787213700,2026-08-20 08:15:00+00:00,4494.23,4498.7,4489.92,4491.27,5686
1787214600,2026-08-20 08:30:00+00:00,4491.27,4495.4,4487.06,4490.51,5532
1787215500,2026-08-20 08:45:00+00:00,4490.45,4491.98,4487.54,4489.24,4554
1787216400,2026-08-20 09:00:00+00:00,4489.28,4494.12,4488.39,4492.32,4534
1787217300,2026-08-20 09:15:00+00:00,4492.32,4493.81,4488.09,4489.92,3851
1787218200,2026-08-20 09:30:00+00:00,4489.86,4490.52,4484.44,4489.13,4111
1787219100,2026-08-20 09:45:00+00:00,4489.12,4489.12,4481.76,4482.58,5415
1787220000,2026-08-20 10:00:00+00:00,4482.55,4491.24,4480.68,4490.45,5051
1787220900,2026-08-20 10:15:00+00:00,4490.45,4494.17,4486.34,4493.77,3990
1787221800,2026-08-20 10:30:00+00:00,4493.79,4494.77,4489.98,4491.06,4648
1787222700,2026-08-20 10:45:00+00:00,4491.05,4491.19,4487.45,4490.12,4567
1787223600,2026-08-20 11:00:00+00:00,4490.1,4491.25,4482.8,4485.25,6017
1787224500,2026-08-20 11:15:00+00:00,4485.21,4489.77,4481.11,4484.23,4815
1787225400,2026-08-20 11:30:00+00:00,4484.24,4486.79,4474.2,4474.67,6029
1787226300,2026-08-20 11:45:00+00:00,4474.79,4475.69,4465.39,4466.98,8103
1787227200,2026-08-20 12:00:00+00:00,4467.04,4467.19,4450.54,4462.42,9666
1787228100,2026-08-20 12:15:00+00:00,4462.39,4467.82,4456.95,4459.22,9555
1787229000,2026-08-20 12:30:00+00:00,4459.33,4466.98,4451.2,4466.65,7756
1787229900,2026-08-20 12:45:00+00:00,4466.52,4477.1,4464.01,4474.75,7286
1787230800,2026-08-20 13:00:00+00:00,4474.79,4484.61,4471.83,4472.81,10754
1787231700,2026-08-20 13:15:00+00:00,4472.81,4476.65,4470.15,4471.77,9039
1787232600,2026-08-20 13:30:00+00:00,4471.82,4487.86,4469.28,4486.64,13078
1787233500,2026-08-20 13:45:00+00:00,4486.66,4489.33,4479.26,4481.56,12577
1787234400,2026-08-20 14:00:00+00:00,4481.58,4490.63,4480.79,4485.01,11788
1787235300,2026-08-20 14:15:00+00:00,4485.04,4493.87,4481.67,4491.55,11722
1787236200,2026-08-20 14:30:00+00:00,4491.72,4501.14,4491.59,4499.27,11024
1787237100,2026-08-20 14:45:00+00:00,4499.01,4516.24,4498.55,4515.89,10882
1787238000,2026-08-20 15:00:00+00:00,4515.9,4537.31,4515.04,4535.06,13033
1787238900,2026-08-20 15:15:00+00:00,4534.85,4540.91,4523.58,4532.46,12164
1787239800,2026-08-20 15:30:00+00:00,4532.43,4533.67,4509.84,4511.49,11501
1787240700,2026-08-20 15:45:00+00:00,4511.47,4524.15,4510.83,4521.65,10307
1787241600,2026-08-20 16:00:00+00:00,4521.62,4524.77,4510.34,4511.2,9600
1787242500,2026-08-20 16:15:00+00:00,4511.22,4513.15,4505.31,4509.2,8872
1787243400,2026-08-20 16:30:00+00:00,4509.21,4512.67,4502.63,4509.16,8447
1787244300,2026-08-20 16:45:00+00:00,4509.14,4513.65,4507.33,4509.9,7308
1787245200,2026-08-20 17:00:00+00:00,4510.02,4513.91,4507.68,4509.31,6274
1787246100,2026-08-20 17:15:00+00:00,4509.29,4516.52,4507.84,4512.84,7654
1787247000,2026-08-20 17:30:00+00:00,4512.99,4518.66,4510.79,4518.2,5582
1787247900,2026-08-20 17:45:00+00:00,4518.09,4520.46,4517.12,4519.91,5947
1787248800,2026-08-20 18:00:00+00:00,4519.92,4522.38,4509.3,4510.66,7432
1787249700,2026-08-20 18:15:00+00:00,4510.63,4520.13,4508.24,4519.0,7221
1787250600,2026-08-20 18:30:00+00:00,4518.99,4523.46,4518.39,4520.19,6272
1787251500,2026-08-20 18:45:00+00:00,4520.19,4525.29,4517.95,4522.02,6032
1787252400,2026-08-20 19:00:00+00:00,4522.02,4528.11,4518.05,4527.58,5745
1787253300,2026-08-20 19:15:00+00:00,4527.64,4529.41,4522.67,4522.78,5481
1787254200,2026-08-20 19:30:00+00:00,4522.78,4529.63,4521.88,4526.09,5662
1787255100,2026-08-20 19:45:00+00:00,4526.09,4532.16,4524.92,4528.48,6091
1787263200,2026-08-20 22:00:00+00:00,4508.3,4520.93,4508.3,4518.36,1110
1787264100,2026-08-20 22:15:00+00:00,4518.36,4520.87,4517.93,4519.63,729
1787265000,2026-08-20 22:30:00+00:00,4519.63,4523.53,4518.19,4522.63,774
1787265900,2026-08-20 22:45:00+00:00,4522.63,4524.42,4519.37,4524.04,890
1787266800,2026-08-20 23:00:00+00:00,4523.92,4532.66,4523.38,4531.66,1323
1787267700,2026-08-20 23:15:00+00:00,4531.62,4532.2,4522.52,4526.93,1290
1787268600,2026-08-20 23:30:00+00:00,4526.93,4528.39,4520.64,4524.42,1138
1787269500,2026-08-20 23:45:00+00:00,4524.39,4528.07,4522.38,4526.19,1212
1787270400,2026-08-21 00:00:00+00:00,4526.19,4527.33,4517.37,4518.48,4544
1787271300,2026-08-21 00:15:00+00:00,4518.47,4520.61,4513.66,4514.63,3635
1787272200,2026-08-21 00:30:00+00:00,4514.63,4517.05,4510.66,4513.56,2691
1787273100,2026-08-21 00:45:00+00:00,4513.63,4513.9,4509.64,4510.39,3225
1787274000,2026-08-21 01:00:00+00:00,4510.38,4521.04,4508.65,4520.71,7242
1787274900,2026-08-21 01:15:00+00:00,4520.71,4530.51,4520.25,4529.31,5046
1787275800,2026-08-21 01:30:00+00:00,4529.34,4543.53,4523.59,4525.82,6195
1787276700,2026-08-21 01:45:00+00:00,4525.82,4533.25,4525.26,4530.55,4449
1787277600,2026-08-21 02:00:00+00:00,4530.44,4530.98,4518.07,4520.92,4456
1787278500,2026-08-21 02:15:00+00:00,4520.97,4529.28,4519.89,4527.21,3016
1787279400,2026-08-21 02:30:00+00:00,4527.11,4538.02,4525.15,4538.02,4377
1787280300,2026-08-21 02:45:00+00:00,4538.02,4542.87,4532.33,4533.69,3940
1787281200,2026-08-21 03:00:00+00:00,4533.62,4538.34,4531.9,4532.43,3098
1787282100,2026-08-21 03:15:00+00:00,4532.43,4534.69,4529.5,4529.5,3360
1787283000,2026-08-21 03:30:00+00:00,4529.56,4535.6,4526.6,4529.05,3045
1787283900,2026-08-21 03:45:00+00:00,4528.96,4535.59,4528.05,4535.31,2357
1787284800,2026-08-21 04:00:00+00:00,4535.5,4541.39,4535.33,4540.04,2648
1787285700,2026-08-21 04:15:00+00:00,4540.04,4547.32,4537.22,4546.73,2539
1787286600,2026-08-21 04:30:00+00:00,4546.71,4547.93,4540.69,4541.62,2290
1787287500,2026-08-21 04:45:00+00:00,4541.59,4542.34,4540.08,4540.56,1991
1787288400,2026-08-21 05:00:00+00:00,4540.51,4540.65,4534.54,4537.11,2322
1787289300,2026-08-21 05:15:00+00:00,4537.08,4538.66,4530.37,4530.39,2590
1787290200,2026-08-21 05:30:00+00:00,4530.37,4543.37,4529.08,4543.03,5107
1787291100,2026-08-21 05:45:00+00:00,4543.03,4556.18,4541.48,4553.56,3895
1787292000,2026-08-21 06:00:00+00:00,4553.57,4555.11,4545.47,4548.85,4127
1787292900,2026-08-21 06:15:00+00:00,4548.85,4557.93,4548.85,4555.43,3777
1787293800,2026-08-21 06:30:00+00:00,4555.43,4565.73,4554.46,4562.41,4061
1787294700,2026-08-21 06:45:00+00:00,4562.69,4567.54,4560.81,4560.82,3595
1787295600,2026-08-21 07:00:00+00:00,4560.82,4566.09,4558.37,4561.45,3574
1787296500,2026-08-21 07:15:00+00:00,4561.49,4567.84,4559.73,4561.61,3060
1787297400,2026-08-21 07:30:00+00:00,4561.58,4566.14,4559.89,4564.3,3533
1787298300,2026-08-21 07:45:00+00:00,4564.38,4568.02,4560.79,4564.34,3413
1787299200,2026-08-21 08:00:00+00:00,4564.46,4567.95,4559.1,4565.47,4129
1787300100,2026-08-21 08:15:00+00:00,4565.49,4581.83,4563.8,4579.32,4997
1787301000,2026-08-21 08:30:00+00:00,4579.34,4584.16,4576.39,4582.36,5195
1787301900,2026-08-21 08:45:00+00:00,4582.34,4584.93,4580.26,4584.1,3323
1787302800,2026-08-21 09:00:00+00:00,4584.11,4600.38,4582.03,4599.1,4321
1787303700,2026-08-21 09:15:00+00:00,4599.27,4601.97,4581.22,4582.18,4437
1787304600,2026-08-21 09:30:00+00:00,4582.18,4586.77,4580.62,4582.89,3327
1787305500,2026-08-21 09:45:00+00:00,4582.93,4585.37,4580.29,4582.58,2581
1787306400,2026-08-21 10:00:00+00:00,4582.58,4588.82,4577.81,4578.69,3825
1787307300,2026-08-21 10:15:00+00:00,4578.71,4589.27,4578.4,4588.55,3382
1787308200,2026-08-21 10:30:00+00:00,4588.56,4594.04,4585.63,4593.02,2984
1787309100,2026-08-21 10:45:00+00:00,4593.03,4593.52,4587.71,4588.47,3429
1787310000,2026-08-21 11:00:00+00:00,4588.4,4595.42,4587.14,4590.57,3845
1787310900,2026-08-21 11:15:00+00:00,4590.59,4601.11,4590.59,4598.34,5062
1787311800,2026-08-21 11:30:00+00:00,4598.41,4604.57,4593.28,4596.82,5182
1787312700,2026-08-21 11:45:00+00:00,4596.82,4600.4,4595.68,4597.06,3942
1787313600,2026-08-21 12:00:00+00:00,4597.05,4601.54,4589.21,4592.78,5140
1787314500,2026-08-21 12:15:00+00:00,4592.73,4595.83,4581.94,4584.65,4080
1787315400,2026-08-21 12:30:00+00:00,4584.65,4584.67,4563.36,4573.33,5913
1787316300,2026-08-21 12:45:00+00:00,4573.35,4580.82,4573.05,4577.89,4401
1787317200,2026-08-21 13:00:00+00:00,4577.85,4586.88,4575.51,4584.88,6711
1787318100,2026-08-21 13:15:00+00:00,4584.97,4587.66,4579.05,4584.02,5816
1787319000,2026-08-21 13:30:00+00:00,4584.0,4590.91,4573.22,4587.68,9902
1787319900,2026-08-21 13:45:00+00:00,4587.59,4592.93,4576.73,4580.99,8529
1787320800,2026-08-21 14:00:00+00:00,4580.9,4590.64,4579.75,4589.44,7990
1787321700,2026-08-21 14:15:00+00:00,4589.58,4603.11,4586.37,4603.03,8198
1787322600,2026-08-21 14:30:00+00:00,4603.04,4603.61,4580.45,4582.36,8266
1787323500,2026-08-21 14:45:00+00:00,4582.39,4595.33,4580.52,4591.51,6574
1787324400,2026-08-21 15:00:00+00:00,4591.7,4598.07,4587.12,4595.05,6991
1787325300,2026-08-21 15:15:00+00:00,4595.11,4607.49,4594.94,4602.77,5370
1787326200,2026-08-21 15:30:00+00:00,4602.95,4610.52,4599.47,4609.59,6037
1787327100,2026-08-21 15:45:00+00:00,4609.58,4615.28,4606.97,4614.5,7261
1787328000,2026-08-21 16:00:00+00:00,4614.5,4617.7,4608.98,4614.48,6494
1787328900,2026-08-21 16:15:00+00:00,4614.5,4620.74,4610.41,4613.96,5925
1787329800,2026-08-21 16:30:00+00:00,4614.17,4622.01,4612.18,4621.46,5309
1787330700,2026-08-21 16:45:00+00:00,4621.36,4629.13,4620.97,4628.76,5495
1787331600,2026-08-21 17:00:00+00:00,4628.84,4632.14,4621.65,4623.09,5533
1787332500,2026-08-21 17:15:00+00:00,4623.09,4625.88,4615.12,4621.89,5833
1787333400,2026-08-21 17:30:00+00:00,4621.89,4624.61,4618.61,4619.34,3911
1787334300,2026-08-21 17:45:00+00:00,4619.34,4622.4,4616.85,4620.45,4319
1787335200,2026-08-21 18:00:00+00:00,4620.52,4627.57,4620.2,4624.04,4291
1787336100,2026-08-21 18:15:00+00:00,4624.05,4627.62,4623.95,4625.13,3494
1787337000,2026-08-21 18:30:00+00:00,4625.13,4625.19,4619.45,4620.8,5279
1787337900,2026-08-21 18:45:00+00:00,4620.83,4626.03,4620.75,4624.37,4440
1787338800,2026-08-21 19:00:00+00:00,4624.37,4625.49,4618.42,4622.75,4668
1787339700,2026-08-21 19:15:00+00:00,4622.68,4623.31,4617.86,4618.06,4096
1787340600,2026-08-21 19:30:00+00:00,4618.12,4619.66,4615.56,4618.04,4094
1787341500,2026-08-21 19:45:00+00:00,4618.06,4623.63,4615.6,4617.03,4754
1787522400,2026-08-23 22:00:00+00:00,4608.1,4623.42,4606.88,4617.03,2563
1787523300,2026-08-23 22:15:00+00:00,4617.03,4620.69,4612.64,4614.0,1510
1787524200,2026-08-23 22:30:00+00:00,4613.91,4616.95,4606.85,4610.75,1599
1787525100,2026-08-23 22:45:00+00:00,4610.78,4610.93,4605.87,4605.94,1338
1787526000,2026-08-23 23:00:00+00:00,4606.07,4609.38,4604.47,4607.46,1274
1787526900,2026-08-23 23:15:00+00:00,4607.47,4616.14,4606.59,4614.97,1214
1787527800,2026-08-23 23:30:00+00:00,4614.97,4619.23,4607.43,4608.18,1431
1787528700,2026-08-23 23:45:00+00:00,4608.21,4624.43,4607.99,4623.96,2732
1787529600,2026-08-24 00:00:00+00:00,4624.18,4640.8,4620.04,4637.33,5784
1787530500,2026-08-24 00:15:00+00:00,4637.28,4640.35,4594.42,4604.63,6026
1787531400,2026-08-24 00:30:00+00:00,4604.57,4608.89,4600.95,4607.0,5636
1787532300,2026-08-24 00:45:00+00:00,4606.87,4623.02,4603.72,4621.57,4521
1787533200,2026-08-24 01:00:00+00:00,4621.67,4634.91,4618.6,4621.86,7382
1787534100,2026-08-24 01:15:00+00:00,4621.95,4625.65,4610.95,4614.41,6905
1787535000,2026-08-24 01:30:00+00:00,4614.29,4620.85,4607.85,4618.18,6760
1787535900,2026-08-24 01:45:00+00:00,4618.07,4637.53,4614.88,4632.08,5564
1787536800,2026-08-24 02:00:00+00:00,4631.97,4652.12,4627.87,4650.25,5828
1787537700,2026-08-24 02:15:00+00:00,4650.34,4655.38,4649.21,4655.24,4133
1787538600,2026-08-24 02:30:00+00:00,4655.24,4656.76,4637.24,4637.53,5326
1787539500,2026-08-24 02:45:00+00:00,4637.48,4644.68,4627.41,4643.59,6563
1787540400,2026-08-24 03:00:00+00:00,4643.58,4643.91,4633.24,4637.12,4566
1787541300,2026-08-24 03:15:00+00:00,4637.1,4648.31,4635.29,4643.73,5191
1787542200,2026-08-24 03:30:00+00:00,4643.74,4650.12,4642.57,4642.88,3787
1787543100,2026-08-24 03:45:00+00:00,4642.87,4644.69,4639.9,4641.54,2801
1787544000,2026-08-24 04:00:00+00:00,4641.5,4642.53,4632.21,4638.46,4472
1787544900,2026-08-24 04:15:00+00:00,4638.46,4641.93,4634.21,4640.4,3414
1787545800,2026-08-24 04:30:00+00:00,4640.38,4640.73,4632.78,4638.08,3270
1787546700,2026-08-24 04:45:00+00:00,4638.1,4640.38,4635.85,4638.77,3094
1787547600,2026-08-24 05:00:00+00:00,4638.82,4643.53,4638.43,4643.45,3604
1787548500,2026-08-24 05:15:00+00:00,4643.31,4646.45,4635.88,4635.88,3510
1787549400,2026-08-24 05:30:00+00:00,4635.84,4639.43,4629.56,4633.23,6976
1787550300,2026-08-24 05:45:00+00:00,4633.15,4643.09,4630.0,4640.8,4472
1787551200,2026-08-24 06:00:00+00:00,4640.69,4652.4,4639.29,4652.03,5863
1787552100,2026-08-24 06:15:00+00:00,4651.73,4659.8,4640.69,4642.63,6100
1787553000,2026-08-24 06:30:00+00:00,4642.63,4653.54,4641.79,4642.93,4954
1787553900,2026-08-24 06:45:00+00:00,4642.91,4653.88,4642.83,4649.99,5047
1787554800,2026-08-24 07:00:00+00:00,4650.03,4654.6,4644.21,4648.39,4816
1787555700,2026-08-24 07:15:00+00:00,4648.39,4650.16,4642.13,4642.55,5295
1787556600,2026-08-24 07:30:00+00:00,4642.5,4647.92,4634.69,4634.76,5520
1787557500,2026-08-24 07:45:00+00:00,4634.76,4643.78,4629.95,4641.56,5090
1787558400,2026-08-24 08:00:00+00:00,4641.66,4646.15,4635.83,4637.51,5189
1787559300,2026-08-24 08:15:00+00:00,4637.37,4639.64,4629.22,4629.25,4877
1787560200,2026-08-24 08:30:00+00:00,4629.26,4645.99,4628.6,4645.3,3811
1787561100,2026-08-24 08:45:00+00:00,4645.46,4645.99,4635.88,4637.84,4054
1787562000,2026-08-24 09:00:00+00:00,4637.87,4644.66,4637.13,4641.86,4016
1787562900,2026-08-24 09:15:00+00:00,4641.84,4641.95,4634.7,4635.85,3381
1787563800,2026-08-24 09:30:00+00:00,4635.91,4640.78,4632.79,4639.07,3913
1787564700,2026-08-24 09:45:00+00:00,4639.08,4645.94,4638.81,4645.82,3085
1787565600,2026-08-24 10:00:00+00:00,4645.89,4650.06,4645.36,4648.06,3436
1787566500,2026-08-24 10:15:00+00:00,4648.2,4648.42,4642.29,4643.1,3410
1787567400,2026-08-24 10:30:00+00:00,4643.08,4649.0,4642.59,4644.2,3083
1787568300,2026-08-24 10:45:00+00:00,4643.97,4647.04,4641.67,4643.32,3228
1787569200,2026-08-24 11:00:00+00:00,4643.18,4646.85,4639.03,4642.23,4221
1787570100,2026-08-24 11:15:00+00:00,4642.21,4647.55,4640.33,4646.48,3241
1787571000,2026-08-24 11:30:00+00:00,4646.43,4670.35,4643.44,4658.62,7381
1787571900,2026-08-24 11:45:00+00:00,4658.7,4661.42,4648.15,4657.84,5592
1787572800,2026-08-24 12:00:00+00:00,4657.82,4660.14,4649.85,4657.23,5726
1787573700,2026-08-24 12:15:00+00:00,4657.23,4662.68,4651.37,4661.79,5358
1787574600,2026-08-24 12:30:00+00:00,4661.83,4668.73,4645.25,4657.41,5925
1787575500,2026-08-24 12:45:00+00:00,4657.41,4667.27,4654.34,4662.75,5118
1787576400,2026-08-24 13:00:00+00:00,4662.69,4677.83,4661.46,4677.06,7891
1787577300,2026-08-24 13:15:00+00:00,4677.02,4677.88,4667.57,4672.17,7188
1787578200,2026-08-24 13:30:00+00:00,4672.24,4680.9,4658.35,4658.66,10296
1787579100,2026-08-24 13:45:00+00:00,4658.75,4677.99,4655.97,4664.56,9689
1787580000,2026-08-24 14:00:00+00:00,4664.68,4672.05,4659.81,4665.67,9617
1787580900,2026-08-24 14:15:00+00:00,4665.72,4674.98,4654.97,4671.47,7671
1787581800,2026-08-24 14:30:00+00:00,4671.54,4678.66,4669.58,4671.82,6843
1787582700,2026-08-24 14:45:00+00:00,4671.93,4675.69,4656.72,4670.3,8158
1787583600,2026-08-24 15:00:00+00:00,4670.32,4676.6,4665.14,4672.94,7394
1787584500,2026-08-24 15:15:00+00:00,4672.95,4679.44,4668.06,4675.76,6404
1787585400,2026-08-24 15:30:00+00:00,4675.76,4677.46,4659.57,4660.65,7028
1787586300,2026-08-24 15:45:00+00:00,4660.6,4663.15,4639.81,4648.98,7641
1787587200,2026-08-24 16:00:00+00:00,4648.98,4661.78,4646.22,4657.42,6054
1787588100,2026-08-24 16:15:00+00:00,4657.42,4660.53,4655.84,4658.84,5440
1787589000,2026-08-24 16:30:00+00:00,4658.85,4662.22,4658.29,4659.52,4229
1787589900,2026-08-24 16:45:00+00:00,4659.52,4659.97,4641.91,4644.84,5792
1787590800,2026-08-24 17:00:00+00:00,4644.87,4655.28,4641.62,4651.81,7722
1787591700,2026-08-24 17:15:00+00:00,4651.8,4654.14,4630.0,4638.48,8083
1787592600,2026-08-24 17:30:00+00:00,4638.25,4642.96,4635.5,4638.65,5882
1787593500,2026-08-24 17:45:00+00:00,4638.65,4639.05,4632.47,4636.55,5468
1787594400,2026-08-24 18:00:00+00:00,4636.55,4640.75,4624.87,4632.03,5616
1787595300,2026-08-24 18:15:00+00:00,4632.06,4642.22,4627.14,4640.35,5696
1787596200,2026-08-24 18:30:00+00:00,4640.38,4641.74,4625.16,4634.98,5073
1787597100,2026-08-24 18:45:00+00:00,4634.98,4637.63,4631.53,4636.56,4443
1787598000,2026-08-24 19:00:00+00:00,4636.52,4640.67,4635.88,4636.23,2916
1787598900,2026-08-24 19:15:00+00:00,4636.23,4644.77,4635.89,4641.45,3308
1787599800,2026-08-24 19:30:00+00:00,4641.45,4650.61,4640.04,4649.9,4272
1787600700,2026-08-24 19:45:00+00:00,4649.87,4655.9,4649.74,4651.47,3499
1787608800,2026-08-24 22:00:00+00:00,4648.89,4660.63,4601.08,4658.51,1497
1787609700,2026-08-24 22:15:00+00:00,4658.51,4659.31,4656.54,4657.53,580
1787610600,2026-08-24 22:30:00+00:00,4657.49,4661.42,4657.11,4661.4,641
1787611500,2026-08-24 22:45:00+00:00,4661.29,4668.29,4660.74,4667.51,793
1787612400,2026-08-24 23:00:00+00:00,4667.72,4672.14,4666.79,4672.13,1112
1787613300,2026-08-24 23:15:00+00:00,4672.25,4676.78,4668.84,4669.2,1352
1787614200,2026-08-24 23:30:00+00:00,4669.2,4676.81,4667.58,4676.32,1450
1787615100,2026-08-24 23:45:00+00:00,4676.29,4682.8,4674.85,4679.72,2362
1787616000,2026-08-25 00:00:00+00:00,4679.83,4691.58,4675.24,4690.35,6126
1787616900,2026-08-25 00:15:00+00:00,4690.35,4691.26,4676.37,4682.36,4484
1787617800,2026-08-25 00:30:00+00:00,4682.27,4696.73,4681.72,4693.55,5404
1787618700,2026-08-25 00:45:00+00:00,4693.62,4694.68,4683.93,4684.3,4236
1787619600,2026-08-25 01:00:00+00:00,4684.09,4686.82,4670.52,4678.05,7820
1787620500,2026-08-25 01:15:00+00:00,4678.05,4680.23,4663.99,4669.41,7143
1787621400,2026-08-25 01:30:00+00:00,4669.47,4674.53,4666.57,4670.62,7446
1787622300,2026-08-25 01:45:00+00:00,4670.66,4675.59,4656.43,4657.89,6251
1787623200,2026-08-25 02:00:00+00:00,4657.73,4661.4,4638.13,4641.67,7455
1787624100,2026-08-25 02:15:00+00:00,4641.67,4656.81,4640.79,4656.22,5356
1787625000,2026-08-25 02:30:00+00:00,4656.22,4656.65,4630.67,4630.67,6567
1787625900,2026-08-25 02:45:00+00:00,4630.64,4637.35,4616.28,4629.45,7799
1787626800,2026-08-25 03:00:00+00:00,4629.44,4638.08,4622.1,4633.65,6350
1787627700,2026-08-25 03:15:00+00:00,4633.61,4638.38,4631.85,4637.76,6270
1787628600,2026-08-25 03:30:00+00:00,4637.63,4641.28,4633.84,4634.31,3678
1787629500,2026-08-25 03:45:00+00:00,4634.33,4635.84,4631.41,4633.58,3158
1787630400,2026-08-25 04:00:00+00:00,4633.61,4637.74,4630.84,4637.02,2771
1787631300,2026-08-25 04:15:00+00:00,4637.02,4637.15,4628.82,4630.79,2545
1787632200,2026-08-25 04:30:00+00:00,4630.79,4632.67,4623.61,4625.72,3416
1787633100,2026-08-25 04:45:00+00:00,4625.72,4628.8,4624.04,4625.86,3724
1787634000,2026-08-25 05:00:00+00:00,4625.86,4639.05,4624.0,4637.92,4213
1787634900,2026-08-25 05:15:00+00:00,4637.84,4647.81,4637.74,4646.47,3312
1787635800,2026-08-25 05:30:00+00:00,4646.47,4646.85,4637.88,4638.9,5230
1787636700,2026-08-25 05:45:00+00:00,4638.9,4645.87,4635.67,4642.9,4894
1787637600,2026-08-25 06:00:00+00:00,4642.92,4650.41,4641.29,4649.59,4296
1787638500,2026-08-25 06:15:00+00:00,4649.63,4653.41,4645.47,4650.04,3875
1787639400,2026-08-25 06:30:00+00:00,4650.04,4653.44,4647.73,4647.73,3715
1787640300,2026-08-25 06:45:00+00:00,4647.58,4649.24,4636.9,4638.27,3823
1787641200,2026-08-25 07:00:00+00:00,4638.28,4642.01,4636.38,4639.72,4634
1787642100,2026-08-25 07:15:00+00:00,4639.73,4643.69,4634.03,4634.38,3787
1787643000,2026-08-25 07:30:00+00:00,4634.44,4640.1,4633.77,4639.56,3435
1787643900,2026-08-25 07:45:00+00:00,4639.55,4640.54,4629.62,4630.11,3860
1787644800,2026-08-25 08:00:00+00:00,4630.13,4631.22,4620.02,4626.65,5494
1787645700,2026-08-25 08:15:00+00:00,4626.4,4645.25,4625.76,4632.79,5718
1787646600,2026-08-25 08:30:00+00:00,4632.9,4635.22,4625.76,4631.93,5760
1787647500,2026-08-25 08:45:00+00:00,4631.96,4633.72,4625.07,4630.28,4205
1787648400,2026-08-25 09:00:00+00:00,4630.22,4633.34,4624.77,4630.41,5201
1787649300,2026-08-25 09:15:00+00:00,4630.45,4633.43,4625.62,4626.43,4635
1787650200,2026-08-25 09:30:00+00:00,4626.38,4639.36,4623.98,4637.14,5802
1787651100,2026-08-25 09:45:00+00:00,4636.98,4642.49,4635.76,4636.23,5723
1787652000,2026-08-25 10:00:00+00:00,4636.23,4638.54,4633.14,4635.3,4084
1787652900,2026-08-25 10:15:00+00:00,4635.26,4638.92,4632.96,4633.6,3143
1787653800,2026-08-25 10:30:00+00:00,4633.64,4640.91,4632.78,4637.54,2824
1787654700,2026-08-25 10:45:00+00:00,4637.53,4642.33,4636.93,4639.08,2625
1787655600,2026-08-25 11:00:00+00:00,4639.16,4643.29,4636.25,4642.86,4291
1787656500,2026-08-25 11:15:00+00:00,4642.89,4645.09,4638.92,4641.54,3329
1787657400,2026-08-25 11:30:00+00:00,4641.39,4645.21,4640.23,4640.56,3309
1787658300,2026-08-25 11:45:00+00:00,4640.6,4647.33,4640.51,4642.36,3854
1787659200,2026-08-25 12:00:00+00:00,4642.41,4642.6,4634.84,4639.08,4661
1787660100,2026-08-25 12:15:00+00:00,4638.9,4639.38,4631.77,4637.27,5104
1787661000,2026-08-25 12:30:00+00:00,4637.3,4640.68,4630.09,4638.36,5704
1787661900,2026-08-25 12:45:00+00:00,4638.34,4644.19,4637.19,4640.71,5440
1787662800,2026-08-25 13:00:00+00:00,4640.61,4641.18,4622.67,4623.07,8511
1787663700,2026-08-25 13:15:00+00:00,4623.02,4628.14,4608.7,4609.73,8576
1787664600,2026-08-25 13:30:00+00:00,4609.57,4623.47,4609.07,4612.73,10494
1787665500,2026-08-25 13:45:00+00:00,4612.81,4617.47,4605.18,4616.3,9486
1787666400,2026-08-25 14:00:00+00:00,4615.89,4626.45,4613.46,4622.87,8035
1787667300,2026-08-25 14:15:00+00:00,4622.9,4628.37,4618.26,4623.88,7132
1787668200,2026-08-25 14:30:00+00:00,4623.86,4638.07,4613.05,4637.11,7932
1787669100,2026-08-25 14:45:00+00:00,4636.99,4640.02,4632.57,4635.5,6583
1787670000,2026-08-25 15:00:00+00:00,4635.51,4637.22,4630.43,4633.29,7421
1787670900,2026-08-25 15:15:00+00:00,4633.29,4644.68,4629.28,4639.82,7097
1787671800,2026-08-25 15:30:00+00:00,4639.8,4659.3,4639.66,4656.07,7692
1787672700,2026-08-25 15:45:00+00:00,4656.07,4657.09,4648.87,4652.66,5914
1787673600,2026-08-25 16:00:00+00:00,4652.67,4653.33,4642.73,4644.72,5563
1787674500,2026-08-25 16:15:00+00:00,4644.71,4647.23,4637.89,4640.64,5100
1787675400,2026-08-25 16:30:00+00:00,4640.64,4645.42,4636.99,4643.9,4925
1787676300,2026-08-25 16:45:00+00:00,4643.95,4646.5,4640.32,4643.46,4645
1787677200,2026-08-25 17:00:00+00:00,4643.45,4643.77,4634.14,4637.84,5061
1787678100,2026-08-25 17:15:00+00:00,4637.93,4645.01,4634.39,4637.01,5259
1787679000,2026-08-25 17:30:00+00:00,4637.01,4644.57,4636.22,4642.86,4797
1787679900,2026-08-25 17:45:00+00:00,4642.83,4648.37,4642.53,4648.34,4490
1787680800,2026-08-25 18:00:00+00:00,4648.33,4650.24,4644.17,4647.09,3730
1787681700,2026-08-25 18:15:00+00:00,4647.09,4650.48,4646.2,4649.94,3442
1787682600,2026-08-25 18:30:00+00:00,4649.98,4650.36,4645.87,4649.22,2792
1787683500,2026-08-25 18:45:00+00:00,4649.23,4655.0,4649.18,4654.51,2997
1787684400,2026-08-25 19:00:00+00:00,4654.51,4663.13,4653.23,4662.14,3919
1787685300,2026-08-25 19:15:00+00:00,4662.17,4668.07,4659.91,4660.97,4041
1787686200,2026-08-25 19:30:00+00:00,4660.92,4664.53,4657.9,4662.14,4041
1787687100,2026-08-25 19:45:00+00:00,4662.14,4667.46,4660.21,4666.92,4471
1787695200,2026-08-25 22:00:00+00:00,4652.17,4664.55,4626.74,4664.39,1270
1787696100,2026-08-25 22:15:00+00:00,4664.39,4666.65,4663.79,4666.65,707
1787697000,2026-08-25 22:30:00+00:00,4666.7,4670.59,4666.43,4669.76,992
1787697900,2026-08-25 22:45:00+00:00,4669.67,4673.54,4669.56,4672.49,785
1787698800,2026-08-25 23:00:00+00:00,4672.49,4673.31,4666.92,4667.95,1138
1787699700,2026-08-25 23:15:00+00:00,4667.9,4668.0,4659.94,4660.83,1115
1787700600,2026-08-25 23:30:00+00:00,4660.83,4661.23,4655.48,4655.94,1188
1787701500,2026-08-25 23:45:00+00:00,4655.87,4658.76,4653.11,4654.76,1940
1787702400,2026-08-26 00:00:00+00:00,4654.76,4657.74,4650.87,4651.1,4473
1787703300,2026-08-26 00:15:00+00:00,4651.1,4654.84,4642.86,4646.54,3258
1787704200,2026-08-26 00:30:00+00:00,4646.6,4649.98,4636.14,4636.86,3707
1787705100,2026-08-26 00:45:00+00:00,4636.84,4638.81,4634.26,4637.37,3675
1787706000,2026-08-26 01:00:00+00:00,4637.42,4647.74,4629.39,4643.97,6107
1787706900,2026-08-26 01:15:00+00:00,4644.01,4650.32,4643.16,4643.47,5557
1787707800,2026-08-26 01:30:00+00:00,4643.64,4647.04,4638.81,4644.6,6701
1787708700,2026-08-26 01:45:00+00:00,4644.55,4660.75,4643.0,4656.91,6658
1787709600,2026-08-26 02:00:00+00:00,4656.94,4661.6,4654.76,4659.98,5000
1787710500,2026-08-26 02:15:00+00:00,4659.98,4661.59,4655.88,4658.92,3103
1787711400,2026-08-26 02:30:00+00:00,4658.88,4670.64,4657.39,4667.05,4603
1787712300,2026-08-26 02:45:00+00:00,4667.05,4668.87,4657.79,4658.29,3663
1787713200,2026-08-26 03:00:00+00:00,4658.28,4658.62,4647.09,4648.14,4328
1787714100,2026-08-26 03:15:00+00:00,4648.1,4650.7,4645.82,4650.12,3514
1787715000,2026-08-26 03:30:00+00:00,4650.11,4651.23,4645.17,4645.18,2562
1787715900,2026-08-26 03:45:00+00:00,4645.31,4645.41,4642.46,4642.58,2523
1787716800,2026-08-26 04:00:00+00:00,4642.58,4644.33,4641.71,4642.43,2212
1787717700,2026-08-26 04:15:00+00:00,4642.41,4643.19,4641.04,4642.13,2321
1787718600,2026-08-26 04:30:00+00:00,4642.15,4643.22,4639.69,4640.74,2247
1787719500,2026-08-26 04:45:00+00:00,4640.74,4641.77,4638.69,4640.49,2448
1787720400,2026-08-26 05:00:00+00:00,4640.55,4645.87,4640.02,4643.23,3004
1787721300,2026-08-26 05:15:00+00:00,4643.23,4645.35,4641.33,4643.35,2994
1787722200,2026-08-26 05:30:00+00:00,4643.36,4649.41,4637.89,4638.0,5289
1787723100,2026-08-26 05:45:00+00:00,4637.96,4640.48,4635.28,4639.58,4202
1787724000,2026-08-26 06:00:00+00:00,4639.54,4641.28,4635.96,4637.42,3998
1787724900,2026-08-26 06:15:00+00:00,4637.5,4637.76,4624.56,4626.7,4645
1787725800,2026-08-26 06:30:00+00:00,4626.78,4634.05,4625.65,4633.28,3928
1787726700,2026-08-26 06:45:00+00:00,4633.25,4636.77,4630.41,4634.15,2803
1787727600,2026-08-26 07:00:00+00:00,4634.05,4639.28,4633.03,4636.41,3968
1787728500,2026-08-26 07:15:00+00:00,4636.34,4637.65,4630.7,4631.25,3535
1787729400,2026-08-26 07:30:00+00:00,4631.25,4636.31,4628.82,4631.65,3509
1787730300,2026-08-26 07:45:00+00:00,4631.7,4634.79,4626.29,4628.85,3446
1787731200,2026-08-26 08:00:00+00:00,4628.68,4630.27,4625.52,4625.58,3954
1787732100,2026-08-26 08:15:00+00:00,4625.56,4629.58,4622.15,4629.44,2669
1787733000,2026-08-26 08:30:00+00:00,4629.59,4630.63,4624.9,4629.27,2968
1787733900,2026-08-26 08:45:00+00:00,4629.18,4629.75,4625.88,4628.19,2422
1787734800,2026-08-26 09:00:00+00:00,4628.19,4630.8,4623.93,4624.94,3451
1787735700,2026-08-26 09:15:00+00:00,4624.97,4625.17,4616.13,4616.74,3326
1787736600,2026-08-26 09:30:00+00:00,4616.71,4622.29,4616.55,4622.03,2405
1787737500,2026-08-26 09:45:00+00:00,4621.96,4625.49,4621.93,4623.23,2507
1787738400,2026-08-26 10:00:00+00:00,4623.07,4623.95,4617.62,4618.87,2483
1787739300,2026-08-26 10:15:00+00:00,4618.83,4620.31,4613.02,4615.09,3049
1787740200,2026-08-26 10:30:00+00:00,4615.09,4624.1,4614.51,4622.29,2865
1787741100,2026-08-26 10:45:00+00:00,4622.34,4623.93,4618.65,4620.01,2544
1787742000,2026-08-26 11:00:00+00:00,4620.01,4621.8,4616.5,4618.43,3459
1787742900,2026-08-26 11:15:00+00:00,4618.39,4622.96,4616.43,4620.58,3205
1787743800,2026-08-26 11:30:00+00:00,4620.66,4622.88,4617.14,4619.0,3013
1787744700,2026-08-26 11:45:00+00:00,4618.96,4625.26,4616.89,4624.57,3235
1787745600,2026-08-26 12:00:00+00:00,4624.57,4629.73,4623.6,4625.37,4190
1787746500,2026-08-26 12:15:00+00:00,4625.37,4630.5,4624.39,4630.29,4106
1787747400,2026-08-26 12:30:00+00:00,4630.29,4632.55,4612.26,4622.5,7501
1787748300,2026-08-26 12:45:00+00:00,4622.44,4626.22,4610.7,4614.3,6897
1787749200,2026-08-26 13:00:00+00:00,4614.47,4621.34,4608.22,4611.1,8067
1787750100,2026-08-26 13:15:00+00:00,4611.15,4614.15,4597.82,4611.18,6967
1787751000,2026-08-26 13:30:00+00:00,4611.36,4622.94,4610.08,4619.62,9154
1787751900,2026-08-26 13:45:00+00:00,4619.64,4631.85,4618.04,4631.49,8237
1787752800,2026-08-26 14:00:00+00:00,4631.66,4633.41,4619.32,4620.15,7106
1787753700,2026-08-26 14:15:00+00:00,4620.13,4626.78,4616.18,4616.59,7146
1787754600,2026-08-26 14:30:00+00:00,4616.25,4622.85,4612.68,4621.91,6426
1787755500,2026-08-26 14:45:00+00:00,4621.84,4622.77,4602.77,4602.9,7646
1787756400,2026-08-26 15:00:00+00:00,4602.94,4605.4,4587.91,4588.86,8410
1787757300,2026-08-26 15:15:00+00:00,4588.85,4598.11,4582.95,4594.77,6698
1787758200,2026-08-26 15:30:00+00:00,4594.78,4604.74,4594.36,4604.74,5342
1787759100,2026-08-26 15:45:00+00:00,4604.78,4609.21,4595.98,4596.03,6360
1787760000,2026-08-26 16:00:00+00:00,4596.03,4601.46,4590.36,4600.15,6306
1787760900,2026-08-26 16:15:00+00:00,4600.19,4600.87,4594.06,4594.93,5185
1787761800,2026-08-26 16:30:00+00:00,4594.83,4596.32,4585.52,4588.21,5404
1787762700,2026-08-26 16:45:00+00:00,4588.2,4596.8,4588.03,4591.57,5627
1787763600,2026-08-26 17:00:00+00:00,4591.59,4596.12,4590.58,4594.74,4828
1787764500,2026-08-26 17:15:00+00:00,4594.74,4598.93,4593.44,4597.75,5202
1787765400,2026-08-26 17:30:00+00:00,4597.79,4602.21,4595.67,4597.13,4387
1787766300,2026-08-26 17:45:00+00:00,4597.13,4599.35,4594.11,4597.76,3519
1787767200,2026-08-26 18:00:00+00:00,4597.78,4604.58,4596.62,4600.2,3917
1787768100,2026-08-26 18:15:00+00:00,4600.2,4600.45,4592.71,4594.76,4214
1787769000,2026-08-26 18:30:00+00:00,4594.72,4597.36,4592.37,4596.73,4033
1787769900,2026-08-26 18:45:00+00:00,4596.8,4597.76,4593.23,4593.78,3946
1787770800,2026-08-26 19:00:00+00:00,4593.77,4595.58,4591.02,4594.38,3957
1787771700,2026-08-26 19:15:00+00:00,4594.37,4598.98,4591.23,4598.49,4254
1787772600,2026-08-26 19:30:00+00:00,4598.46,4601.52,4594.28,4595.63,3343
1787773500,2026-08-26 19:45:00+00:00,4595.64,4596.46,4592.32,4594.31,4261
1787781600,2026-08-26 22:00:00+00:00,4593.63,4606.31,4593.6,4602.29,1592
1787782500,2026-08-26 22:15:00+00:00,4602.44,4613.03,4602.12,4610.43,1714
1787783400,2026-08-26 22:30:00+00:00,4610.43,4611.39,4608.4,4610.76,1479
1787784300,2026-08-26 22:45:00+00:00,4610.76,4611.84,4606.53,4609.12,1241
1787785200,2026-08-26 23:00:00+00:00,4609.26,4615.6,4606.43,4615.23,1955
1787786100,2026-08-26 23:15:00+00:00,4614.97,4622.05,4613.95,4619.8,910
1787787000,2026-08-26 23:30:00+00:00,4619.8,4624.79,4617.99,4622.45,932
1787787900,2026-08-26 23:45:00+00:00,4622.35,4624.75,4620.46,4623.3,1652
1787788800,2026-08-27 00:00:00+00:00,4623.3,4626.98,4616.07,4617.88,4038
1787789700,2026-08-27 00:15:00+00:00,4617.69,4621.44,4613.07,4618.91,3551
1787790600,2026-08-27 00:30:00+00:00,4618.89,4618.89,4605.06,4605.85,3215
1787791500,2026-08-27 00:45:00+00:00,4605.83,4610.91,4600.31,4604.95,4445
1787792400,2026-08-27 01:00:00+00:00,4605.01,4624.88,4602.17,4624.64,6945
1787793300,2026-08-27 01:15:00+00:00,4624.69,4624.93,4616.7,4618.49,4460
1787794200,2026-08-27 01:30:00+00:00,4618.49,4631.39,4617.84,4623.8,5656
1787795100,2026-08-27 01:45:00+00:00,4623.8,4640.83,4623.46,4640.0,5100
1787796000,2026-08-27 02:00:00+00:00,4640.01,4642.96,4637.94,4640.39,4343
1787796900,2026-08-27 02:15:00+00:00,4640.39,4640.52,4632.61,4632.97,3174
1787797800,2026-08-27 02:30:00+00:00,4632.97,4633.68,4623.39,4627.21,5249
1787798700,2026-08-27 02:45:00+00:00,4627.23,4631.31,4624.15,4629.62,4907
1787799600,2026-08-27 03:00:00+00:00,4629.62,4635.03,4628.14,4634.14,4303
1787800500,2026-08-27 03:15:00+00:00,4634.21,4638.57,4632.78,4635.31,3351
1787801400,2026-08-27 03:30:00+00:00,4635.28,4635.5,4628.71,4629.09,2416
1787802300,2026-08-27 03:45:00+00:00,4629.15,4629.5,4624.23,4625.44,2633
1787803200,2026-08-27 04:00:00+00:00,4625.44,4627.23,4624.29,4625.33,2959
1787804100,2026-08-27 04:15:00+00:00,4625.31,4626.92,4620.45,4620.45,3023
1787805000,2026-08-27 04:30:00+00:00,4620.47,4620.81,4617.13,4619.13,3320
1787805900,2026-08-27 04:45:00+00:00,4619.11,4620.66,4617.45,4618.75,3718
1787806800,2026-08-27 05:00:00+00:00,4618.75,4621.42,4616.08,4619.92,3420
1787807700,2026-08-27 05:15:00+00:00,4619.76,4621.51,4616.69,4617.0,2726
1787808600,2026-08-27 05:30:00+00:00,4617.01,4619.75,4604.73,4605.25,5676
1787809500,2026-08-27 05:45:00+00:00,4605.25,4609.73,4600.67,4606.96,5477
1787810400,2026-08-27 06:00:00+00:00,4606.96,4607.48,4599.43,4605.95,5343
1787811300,2026-08-27 06:15:00+00:00,4605.93,4610.42,4603.9,4610.29,4574
1787812200,2026-08-27 06:30:00+00:00,4610.28,4611.78,4604.64,4607.55,3938
1787813100,2026-08-27 06:45:00+00:00,4607.4,4609.67,4597.8,4600.21,4722
1787814000,2026-08-27 07:00:00+00:00,4600.21,4605.8,4598.47,4603.75,4532
1787814900,2026-08-27 07:15:00+00:00,4603.75,4603.79,4593.42,4599.29,4030
1787815800,2026-08-27 07:30:00+00:00,4599.25,4601.39,4594.82,4597.88,3959
1787816700,2026-08-27 07:45:00+00:00,4597.88,4602.62,4595.62,4600.14,3817
1787817600,2026-08-27 08:00:00+00:00,4600.11,4606.82,4599.67,4603.14,4337
1787818500,2026-08-27 08:15:00+00:00,4603.3,4606.14,4599.98,4600.79,3572
1787819400,2026-08-27 08:30:00+00:00,4600.85,4601.74,4594.47,4595.89,4351
1787820300,2026-08-27 08:45:00+00:00,4595.93,4602.25,4595.54,4598.96,4065
1787821200,2026-08-27 09:00:00+00:00,4598.95,4600.68,4593.56,4596.04,4513
1787822100,2026-08-27 09:15:00+00:00,4595.96,4599.32,4593.57,4597.66,4213
1787823000,2026-08-27 09:30:00+00:00,4597.74,4599.21,4577.79,4582.34,4405
1787823900,2026-08-27 09:45:00+00:00,4582.25,4585.8,4579.02,4580.26,3342
1787824800,2026-08-27 10:00:00+00:00,4580.37,4581.9,4568.93,4581.57,4433
1787825700,2026-08-27 10:15:00+00:00,4581.62,4583.58,4577.42,4580.36,3307
1787826600,2026-08-27 10:30:00+00:00,4580.36,4586.01,4576.14,4585.58,4065
1787827500,2026-08-27 10:45:00+00:00,4585.55,4590.45,4585.44,4590.05,3975
1787828400,2026-08-27 11:00:00+00:00,4590.02,4592.56,4587.2,4592.46,4175
1787829300,2026-08-27 11:15:00+00:00,4592.46,4596.84,4591.0,4594.52,3559
1787830200,2026-08-27 11:30:00+00:00,4594.56,4599.71,4593.79,4597.49,4607
1787831100,2026-08-27 11:45:00+00:00,4597.53,4600.34,4594.44,4598.2,4558
1787832000,2026-08-27 12:00:00+00:00,4598.27,4601.12,4592.53,4592.73,4973
1787832900,2026-08-27 12:15:00+00:00,4592.72,4600.61,4591.64,4595.19,5185
1787833800,2026-08-27 12:30:00+00:00,4595.19,4596.37,4587.0,4587.49,4542
1787834700,2026-08-27 12:45:00+00:00,4587.51,4588.0,4580.32,4585.73,6141
1787835600,2026-08-27 13:00:00+00:00,4585.82,4590.83,4579.65,4585.27,8385
1787836500,2026-08-27 13:15:00+00:00,4585.31,4593.28,4583.0,4590.11,6864
1787837400,2026-08-27 13:30:00+00:00,4590.16,4593.03,4572.14,4578.62,10416
1787838300,2026-08-27 13:45:00+00:00,4578.6,4582.79,4565.03,4572.27,9312
1787839200,2026-08-27 14:00:00+00:00,4572.37,4579.16,4568.3,4573.66,8794
1787840100,2026-08-27 14:15:00+00:00,4573.66,4584.07,4573.62,4581.19,7619
1787841000,2026-08-27 14:30:00+00:00,4581.19,4597.36,4581.1,4595.22,7843
1787841900,2026-08-27 14:45:00+00:00,4595.34,4598.16,4588.01,4591.18,8034
1787842800,2026-08-27 15:00:00+00:00,4591.17,4595.36,4591.02,4592.55,6700
1787843700,2026-08-27 15:15:00+00:00,4592.55,4597.99,4588.69,4592.96,6264
1787844600,2026-08-27 15:30:00+00:00,4592.95,4605.7,4592.09,4601.1,6718
1787845500,2026-08-27 15:45:00+00:00,4601.23,4611.29,4600.08,4610.44,7170
1787846400,2026-08-27 16:00:00+00:00,4610.45,4612.87,4604.34,4604.44,6989
1787847300,2026-08-27 16:15:00+00:00,4604.51,4608.5,4602.37,4607.61,6361
1787848200,2026-08-27 16:30:00+00:00,4607.6,4612.82,4605.92,4611.52,6497
1787849100,2026-08-27 16:45:00+00:00,4611.5,4616.66,4610.18,4614.89,6154
1787850000,2026-08-27 17:00:00+00:00,4615.4,4616.52,4608.49,4610.17,6491
1787850900,2026-08-27 17:15:00+00:00,4610.24,4612.01,4608.34,4610.27,6064
1787851800,2026-08-27 17:30:00+00:00,4610.29,4614.28,4608.37,4610.89,5256
1787852700,2026-08-27 17:45:00+00:00,4610.99,4611.64,4605.07,4606.43,6899
1787853600,2026-08-27 18:00:00+00:00,4606.44,4608.0,4602.04,4605.54,6932
1787854500,2026-08-27 18:15:00+00:00,4605.56,4607.99,4601.36,4601.61,5274
1787855400,2026-08-27 18:30:00+00:00,4601.61,4605.05,4600.87,4604.49,5174
1787856300,2026-08-27 18:45:00+00:00,4604.48,4611.21,4604.23,4610.32,4729
1787857200,2026-08-27 19:00:00+00:00,4610.48,4618.03,4610.42,4615.49,5745
1787858100,2026-08-27 19:15:00+00:00,4615.51,4616.12,4604.25,4605.82,5211
1787859000,2026-08-27 19:30:00+00:00,4605.71,4610.14,4604.71,4609.78,4993
1787859900,2026-08-27 19:45:00+00:00,4609.84,4612.69,4605.33,4609.17,5983
1787868000,2026-08-27 22:00:00+00:00,4597.75,4607.17,4594.97,4604.68,1351
1787868900,2026-08-27 22:15:00+00:00,4604.68,4608.32,4604.23,4607.48,941
1787869800,2026-08-27 22:30:00+00:00,4607.48,4609.89,4606.51,4607.59,813
1787870700,2026-08-27 22:45:00+00:00,4607.6,4610.65,4606.55,4610.6,634
1787871600,2026-08-27 23:00:00+00:00,4610.46,4611.29,4602.74,4602.8,915
1787872500,2026-08-27 23:15:00+00:00,4602.79,4603.45,4599.9,4600.81,856
1787873400,2026-08-27 23:30:00+00:00,4600.8,4601.95,4598.42,4599.53,888
1787874300,2026-08-27 23:45:00+00:00,4599.52,4599.54,4594.02,4594.33,1272
1787875200,2026-08-28 00:00:00+00:00,4594.37,4602.49,4593.05,4600.54,3285
1787876100,2026-08-28 00:15:00+00:00,4600.47,4600.75,4590.48,4593.9,2919
1787877000,2026-08-28 00:30:00+00:00,4593.81,4594.28,4587.64,4590.98,2942
1787877900,2026-08-28 00:45:00+00:00,4590.98,4591.02,4585.58,4588.66,2873
1787878800,2026-08-28 01:00:00+00:00,4588.74,4602.1,4586.28,4593.75,5807
1787879700,2026-08-28 01:15:00+00:00,4593.73,4598.03,4583.68,4585.61,5879
1787880600,2026-08-28 01:30:00+00:00,4585.66,4588.95,4578.24,4582.02,6194
1787881500,2026-08-28 01:45:00+00:00,4582.02,4583.17,4575.22,4575.79,5171
1787882400,2026-08-28 02:00:00+00:00,4575.83,4582.68,4574.91,4581.32,4428
1787883300,2026-08-28 02:15:00+00:00,4581.3,4584.8,4578.54,4583.41,2860
1787884200,2026-08-28 02:30:00+00:00,4583.38,4589.6,4583.05,4584.92,4397
1787885100,2026-08-28 02:45:00+00:00,4585.04,4587.23,4582.22,4586.27,3695
1787886000,2026-08-28 03:00:00+00:00,4586.25,4588.23,4582.67,4584.1,4599
1787886900,2026-08-28 03:15:00+00:00,4584.13,4590.04,4584.1,4587.88,3445
1787887800,2026-08-28 03:30:00+00:00,4587.96,4588.26,4580.91,4581.9,1901
1787888700,2026-08-28 03:45:00+00:00,4581.95,4582.11,4578.46,4579.84,1818
1787889600,2026-08-28 04:00:00+00:00,4579.87,4580.39,4577.87,4579.44,2327
1787890500,2026-08-28 04:15:00+00:00,4579.42,4585.31,4578.62,4584.73,2133
1787891400,2026-08-28 04:30:00+00:00,4584.73,4584.73,4578.06,4579.81,1982
1787892300,2026-08-28 04:45:00+00:00,4579.79,4585.26,4578.21,4584.27,1914
1787893200,2026-08-28 05:00:00+00:00,4584.3,4585.22,4578.17,4579.82,2773
1787894100,2026-08-28 05:15:00+00:00,4579.8,4586.2,4578.94,4584.01,2686
1787895000,2026-08-28 05:30:00+00:00,4584.05,4584.05,4571.41,4572.59,4878
1787895900,2026-08-28 05:45:00+00:00,4572.64,4577.4,4571.5,4573.24,3260
1787896800,2026-08-28 06:00:00+00:00,4573.23,4583.53,4572.34,4581.8,4237
1787897700,2026-08-28 06:15:00+00:00,4581.81,4585.55,4580.62,4585.01,3894
1787898600,2026-08-28 06:30:00+00:00,4585.01,4588.48,4582.78,4588.24,4106
1787899500,2026-08-28 06:45:00+00:00,4588.28,4613.18,4588.13,4612.53,6469
1787900400,2026-08-28 07:00:00+00:00,4612.43,4613.33,4596.6,4600.72,5434
1787901300,2026-08-28 07:15:00+00:00,4600.39,4610.08,4599.34,4607.49,4025
1787902200,2026-08-28 07:30:00+00:00,4607.47,4614.27,4607.01,4609.07,3577
1787903100,2026-08-28 07:45:00+00:00,4609.07,4613.35,4607.35,4611.72,2426
1787904000,2026-08-28 08:00:00+00:00,4611.73,4614.49,4609.94,4611.73,3449
1787904900,2026-08-28 08:15:00+00:00,4611.73,4612.33,4607.94,4609.04,3058
1787905800,2026-08-28 08:30:00+00:00,4609.0,4611.4,4603.14,4603.47,3622
1787906700,2026-08-28 08:45:00+00:00,4603.45,4606.14,4600.86,4602.8,2879
1787907600,2026-08-28 09:00:00+00:00,4602.6,4604.22,4600.65,4601.56,3804
1787908500,2026-08-28 09:15:00+00:00,4601.57,4604.04,4600.34,4601.76,3349
1787909400,2026-08-28 09:30:00+00:00,4601.7,4605.04,4600.91,4604.0,3542
1787910300,2026-08-28 09:45:00+00:00,4604.0,4607.31,4603.04,4605.1,2792
1787911200,2026-08-28 10:00:00+00:00,4605.1,4608.91,4603.29,4608.57,3204
1787912100,2026-08-28 10:15:00+00:00,4608.54,4609.82,4601.85,4605.24,3463
1787913000,2026-08-28 10:30:00+00:00,4605.31,4607.86,4601.76,4602.78,3014
1787913900,2026-08-28 10:45:00+00:00,4602.8,4603.17,4597.53,4600.15,3065
1787914800,2026-08-28 11:00:00+00:00,4600.15,4601.32,4594.83,4598.72,4026
1787915700,2026-08-28 11:15:00+00:00,4598.7,4601.15,4597.57,4598.97,2818
1787916600,2026-08-28 11:30:00+00:00,4598.86,4600.85,4591.26,4594.62,3245
1787917500,2026-08-28 11:45:00+00:00,4594.66,4595.98,4591.4,4593.24,3844
1787918400,2026-08-28 12:00:00+00:00,4593.2,4597.03,4590.75,4594.3,5294
1787919300,2026-08-28 12:15:00+00:00,4594.38,4603.69,4592.21,4601.34,4001
1787920200,2026-08-28 12:30:00+00:00,4601.34,4602.11,4588.97,4591.8,5478
1787921100,2026-08-28 12:45:00+00:00,4591.8,4602.63,4590.12,4601.61,5721
1787922000,2026-08-28 13:00:00+00:00,4601.55,4605.32,4596.09,4598.85,7693
1787922900,2026-08-28 13:15:00+00:00,4598.9,4604.44,4593.64,4603.92,6959
1787923800,2026-08-28 13:30:00+00:00,4603.89,4607.77,4598.71,4604.67,7931
1787924700,2026-08-28 13:45:00+00:00,4604.65,4627.23,4603.3,4604.67,7688
1787925600,2026-08-28 14:00:00+00:00,4604.67,4631.13,4543.31,4545.8,14624
1787926500,2026-08-28 14:15:00+00:00,4545.92,4568.34,4529.61,4551.81,13142
1787927400,2026-08-28 14:30:00+00:00,4551.81,4576.99,4551.52,4561.21,11385
1787928300,2026-08-28 14:45:00+00:00,4560.83,4580.68,4550.26,4576.63,10934
1787929200,2026-08-28 15:00:00+00:00,4576.63,4582.85,4556.82,4559.05,11039
1787930100,2026-08-28 15:15:00+00:00,4559.07,4569.15,4551.49,4566.76,9919
1787931000,2026-08-28 15:30:00+00:00,4566.81,4567.52,4534.06,4539.15,10140
1787931900,2026-08-28 15:45:00+00:00,4539.23,4545.89,4523.83,4524.43,11238
1787932800,2026-08-28 16:00:00+00:00,4524.44,4529.35,4497.09,4497.95,12102
1787933700,2026-08-28 16:15:00+00:00,4497.9,4503.6,4463.89,4480.76,12784
1787934600,2026-08-28 16:30:00+00:00,4480.79,4487.25,4465.67,4468.93,11160
1787935500,2026-08-28 16:45:00+00:00,4468.99,4484.97,4468.99,4479.31,8687
1787936400,2026-08-28 17:00:00+00:00,4479.32,4482.75,4471.06,4480.64,9186
1787937300,2026-08-28 17:15:00+00:00,4480.73,4486.56,4474.93,4477.97,8257
1787938200,2026-08-28 17:30:00+00:00,4477.98,4481.64,4460.3,4467.18,7466
1787939100,2026-08-28 17:45:00+00:00,4467.26,4475.86,4466.33,4469.23,6383
1787940000,2026-08-28 18:00:00+00:00,4469.23,4471.56,4459.52,4461.2,7646
1787940900,2026-08-28 18:15:00+00:00,4461.25,4463.28,4452.41,4456.14,7757
1787941800,2026-08-28 18:30:00+00:00,4456.08,4458.62,4445.27,4451.23,6728
1787942700,2026-08-28 18:45:00+00:00,4451.23,4458.35,4448.31,4456.8,7036
1787943600,2026-08-28 19:00:00+00:00,4456.9,4462.71,4452.74,4456.98,6795
1787944500,2026-08-28 19:15:00+00:00,4457.01,4463.64,4455.17,4462.05,5073
1787945400,2026-08-28 19:30:00+00:00,4462.06,4466.89,4460.93,4464.97,5041
1787946300,2026-08-28 19:45:00+00:00,4465.02,4465.02,4452.86,4458.28,5911
1788127200,2026-08-30 22:00:00+00:00,4428.39,4459.45,4386.38,4458.81,3322
1788128100,2026-08-30 22:15:00+00:00,4458.82,4465.94,4455.61,4459.36,1909
1788129000,2026-08-30 22:30:00+00:00,4459.5,4462.34,4452.53,4457.69,1697
1788129900,2026-08-30 22:45:00+00:00,4457.69,4462.4,4456.81,4461.33,1078
1788130800,2026-08-30 23:00:00+00:00,4461.27,4466.67,4459.56,4460.43,1737
1788131700,2026-08-30 23:15:00+00:00,4460.44,4465.15,4455.03,4457.52,1824
1788132600,2026-08-30 23:30:00+00:00,4457.56,4457.87,4446.42,4447.37,2235
1788133500,2026-08-30 23:45:00+00:00,4447.4,4460.15,4435.85,4458.28,4011
1788134400,2026-08-31 00:00:00+00:00,4458.38,4463.42,4453.28,4461.74,5435
1788135300,2026-08-31 00:15:00+00:00,4461.74,4465.16,4452.03,4456.72,3662
1788136200,2026-08-31 00:30:00+00:00,4456.7,4472.11,4456.63,4465.15,3987
1788137100,2026-08-31 00:45:00+00:00,4465.19,4468.96,4455.99,4456.21,3662
1788138000,2026-08-31 01:00:00+00:00,4456.49,4462.98,4435.84,4443.56,8723
1788138900,2026-08-31 01:15:00+00:00,4443.62,4454.15,4442.0,4443.78,7076
1788139800,2026-08-31 01:30:00+00:00,4443.8,4453.81,4436.37,4450.83,7357
1788140700,2026-08-31 01:45:00+00:00,4450.9,4452.65,4436.03,4440.0,6669
1788141600,2026-08-31 02:00:00+00:00,4440.08,4441.32,4417.74,4424.2,6568
1788142500,2026-08-31 02:15:00+00:00,4424.25,4427.99,4418.52,4422.93,5312
1788143400,2026-08-31 02:30:00+00:00,4422.93,4426.34,4401.85,4402.99,6800
1788144300,2026-08-31 02:45:00+00:00,4402.99,4422.75,4396.4,4422.7,5430
1788145200,2026-08-31 03:00:00+00:00,4422.81,4428.19,4421.62,4428.13,4062
1788146100,2026-08-31 03:15:00+00:00,4428.26,4433.8,4426.23,4427.69,3864
1788147000,2026-08-31 03:30:00+00:00,4427.34,4427.71,4419.73,4422.84,2875
1788147900,2026-08-31 03:45:00+00:00,4422.81,4426.87,4421.44,4422.49,2274
1788148800,2026-08-31 04:00:00+00:00,4422.49,4422.77,4416.7,4421.15,2620
1788149700,2026-08-31 04:15:00+00:00,4421.12,4421.52,4415.74,4415.88,2781
1788150600,2026-08-31 04:30:00+00:00,4415.84,4421.89,4412.83,4420.09,2703
1788151500,2026-08-31 04:45:00+00:00,4420.06,4424.88,4418.63,4424.45,2734
1788152400,2026-08-31 05:00:00+00:00,4424.39,4426.97,4419.07,4422.61,3210
1788153300,2026-08-31 05:15:00+00:00,4422.7,4440.78,4421.94,4440.22,3981
1788154200,2026-08-31 05:30:00+00:00,4440.14,4442.13,4430.45,4437.6,4836
1788155100,2026-08-31 05:45:00+00:00,4437.57,4443.78,4434.14,4442.85,4625
1788156000,2026-08-31 06:00:00+00:00,4442.81,4443.09,4429.11,4431.93,4812
1788156900,2026-08-31 06:15:00+00:00,4431.92,4439.03,4431.28,4435.93,4014
1788157800,2026-08-31 06:30:00+00:00,4435.89,4441.12,4431.28,4439.5,3922
1788158700,2026-08-31 06:45:00+00:00,4439.51,4442.53,4436.51,4439.29,3789
1788159600,2026-08-31 07:00:00+00:00,4439.26,4441.85,4435.51,4436.05,3995
1788160500,2026-08-31 07:15:00+00:00,4436.06,4448.11,4435.0,4443.77,3566
1788161400,2026-08-31 07:30:00+00:00,4443.91,4447.08,4441.13,4446.45,3749
1788162300,2026-08-31 07:45:00+00:00,4446.45,4447.76,4440.8,4443.1,3478
1788163200,2026-08-31 08:00:00+00:00,4443.09,4449.44,4436.96,4438.76,4637
1788164100,2026-08-31 08:15:00+00:00,4438.82,4441.32,4436.04,4440.03,4023
1788165000,2026-08-31 08:30:00+00:00,4440.13,4440.25,4434.26,4435.35,3547
1788165900,2026-08-31 08:45:00+00:00,4435.31,4436.95,4433.7,4435.56,2799
1788166800,2026-08-31 09:00:00+00:00,4435.81,4442.93,4435.52,4442.91,3091
1788167700,2026-08-31 09:15:00+00:00,4442.93,4444.15,4437.78,4439.11,2550
1788168600,2026-08-31 09:30:00+00:00,4439.11,4444.6,4438.98,4443.05,2163
1788169500,2026-08-31 09:45:00+00:00,4443.06,4445.47,4440.88,4445.28,2167
1788170400,2026-08-31 10:00:00+00:00,4445.28,4453.7,4444.75,4451.58,4071
1788171300,2026-08-31 10:15:00+00:00,4451.57,4452.02,4446.34,4448.39,3473
1788172200,2026-08-31 10:30:00+00:00,4448.43,4451.63,4447.5,4450.92,2945
1788173100,2026-08-31 10:45:00+00:00,4450.86,4455.51,4449.36,4453.83,3413
1788174000,2026-08-31 11:00:00+00:00,4453.83,4457.59,4453.0,4453.68,3185
1788174900,2026-08-31 11:15:00+00:00,4453.68,4463.99,4452.63,4463.17,3193
1788175800,2026-08-31 11:30:00+00:00,4463.08,4463.88,4453.53,4454.68,4184
1788176700,2026-08-31 11:45:00+00:00,4454.73,4456.25,4452.42,4455.41,3473
1788177600,2026-08-31 12:00:00+00:00,4455.41,4460.89,4449.97,4457.24,4824
1788178500,2026-08-31 12:15:00+00:00,4457.24,4458.68,4447.16,4447.62,6297
1788179400,2026-08-31 12:30:00+00:00,4447.5,4449.94,4438.91,4440.42,5804
1788180300,2026-08-31 12:45:00+00:00,4440.43,4441.52,4435.32,4435.69,4990
1788181200,2026-08-31 13:00:00+00:00,4435.74,4446.61,4433.76,4445.99,6911
1788182100,2026-08-31 13:15:00+00:00,4445.96,4448.24,4439.3,4445.95,6146
1788183000,2026-08-31 13:30:00+00:00,4445.94,4447.3,4431.78,4433.58,10110
1788183900,2026-08-31 13:45:00+00:00,4433.57,4433.71,4415.55,4418.42,8392
1788184800,2026-08-31 14:00:00+00:00,4418.42,4427.86,4416.01,4427.35,8757
1788185700,2026-08-31 14:15:00+00:00,4427.36,4431.05,4416.29,4420.04,8103
1788186600,2026-08-31 14:30:00+00:00,4420.04,4436.6,4419.11,4432.82,7370
1788187500,2026-08-31 14:45:00+00:00,4432.98,4436.13,4425.91,4431.62,8451
1788188400,2026-08-31 15:00:00+00:00,4431.6,4437.53,4428.07,4435.17,7811
1788189300,2026-08-31 15:15:00+00:00,4435.28,4437.81,4428.99,4432.84,7131
1788190200,2026-08-31 15:30:00+00:00,4432.84,4434.18,4426.21,4427.34,7578
1788191100,2026-08-31 15:45:00+00:00,4427.32,4433.55,4424.48,4426.2,6514
1788192000,2026-08-31 16:00:00+00:00,4426.46,4437.16,4423.61,4434.71,6523
1788192900,2026-08-31 16:15:00+00:00,4434.7,4438.6,4433.29,4438.39,5198
1788193800,2026-08-31 16:30:00+00:00,4438.37,4440.27,4431.26,4435.72,6675
1788194700,2026-08-31 16:45:00+00:00,4435.72,4437.53,4432.24,4433.24,5419
1788195600,2026-08-31 17:00:00+00:00,4433.22,4435.24,4430.73,4433.82,5511
1788196500,2026-08-31 17:15:00+00:00,4433.76,4437.08,4428.75,4430.53,6224
1788197400,2026-08-31 17:30:00+00:00,4430.53,4436.88,4429.77,4436.57,5778
1788198300,2026-08-31 17:45:00+00:00,4436.27,4440.06,4435.73,4436.54,5481
1788199200,2026-08-31 18:00:00+00:00,4436.6,4436.82,4430.4,4433.8,5506
1788200100,2026-08-31 18:15:00+00:00,4433.78,4434.5,4429.46,4429.7,4884
1788201000,2026-08-31 18:30:00+00:00,4429.67,4430.27,4426.19,4429.25,5509
1788201900,2026-08-31 18:45:00+00:00,4429.27,4434.64,4429.17,4430.88,4622
1788202800,2026-08-31 19:00:00+00:00,4430.88,4435.44,4429.16,4433.81,4743
1788203700,2026-08-31 19:15:00+00:00,4433.78,4442.4,4432.94,4440.47,4349
1788204600,2026-08-31 19:30:00+00:00,4440.47,4445.37,4438.99,4442.98,5591
1788205500,2026-08-31 19:45:00+00:00,4442.98,4453.63,4441.48,4453.63,6528
1788213600,2026-08-31 22:00:00+00:00,4421.34,4455.64,4399.4,4451.62,1452
1788214500,2026-08-31 22:15:00+00:00,4451.62,4452.03,4447.78,4449.79,605
1788215400,2026-08-31 22:30:00+00:00,4449.68,4451.11,4447.2,4447.81,493
1788216300,2026-08-31 22:45:00+00:00,4447.74,4448.19,4445.46,4446.79,561
1788217200,2026-08-31 23:00:00+00:00,4446.95,4447.06,4443.09,4443.98,881
1788218100,2026-08-31 23:15:00+00:00,4443.93,4444.19,4441.73,4443.12,617
1788219000,2026-08-31 23:30:00+00:00,4443.21,4447.8,4442.98,4445.55,847
1788219900,2026-08-31 23:45:00+00:00,4445.55,4452.29,4445.38,4452.16,1674
1788220800,2026-09-01 00:00:00+00:00,4452.17,4457.96,4446.29,4455.09,5905
1788221700,2026-09-01 00:15:00+00:00,4455.2,4461.25,4452.51,4460.16,4672
1788222600,2026-09-01 00:30:00+00:00,4460.11,4460.83,4451.88,4453.08,2869
1788223500,2026-09-01 00:45:00+00:00,4453.08,4461.33,4451.03,4453.57,3595
1788224400,2026-09-01 01:00:00+00:00,4453.67,4456.81,4445.31,4446.27,7598
1788225300,2026-09-01 01:15:00+00:00,4446.3,4447.74,4437.77,4439.74,6154
1788226200,2026-09-01 01:30:00+00:00,4439.67,4445.66,4436.21,4445.66,5526
1788227100,2026-09-01 01:45:00+00:00,4445.48,4446.57,4439.28,4444.26,5368
1788228000,2026-09-01 02:00:00+00:00,4444.16,4449.12,4441.77,4444.76,5065
1788228900,2026-09-01 02:15:00+00:00,4444.76,4448.35,4440.25,4440.5,2987
1788229800,2026-09-01 02:30:00+00:00,4440.57,4440.87,4431.37,4431.75,5332
1788230700,2026-09-01 02:45:00+00:00,4431.45,4443.07,4427.66,4442.96,4724
1788231600,2026-09-01 03:00:00+00:00,4442.93,4444.02,4438.29,4439.74,3725
1788232500,2026-09-01 03:15:00+00:00,4439.8,4440.32,4431.61,4433.93,3959
1788233400,2026-09-01 03:30:00+00:00,4433.98,4438.75,4433.18,4438.5,3381
1788234300,2026-09-01 03:45:00+00:00,4438.49,4443.23,4436.53,4436.58,2560
1788235200,2026-09-01 04:00:00+00:00,4436.48,4437.66,4430.08,4431.08,3000
1788236100,2026-09-01 04:15:00+00:00,4431.07,4433.73,4429.48,4429.54,2544
1788237000,2026-09-01 04:30:00+00:00,4429.58,4430.49,4426.44,4427.72,3033
1788237900,2026-09-01 04:45:00+00:00,4427.76,4429.66,4425.38,4426.53,2783
1788238800,2026-09-01 05:00:00+00:00,4426.47,4432.53,4426.13,4429.34,3050
1788239700,2026-09-01 05:15:00+00:00,4429.34,4430.65,4425.27,4426.79,3046
1788240600,2026-09-01 05:30:00+00:00,4426.82,4443.44,4423.83,4442.58,5677
1788241500,2026-09-01 05:45:00+00:00,4442.72,4445.94,4439.99,4440.15,4323
1788242400,2026-09-01 06:00:00+00:00,4440.16,4440.5,4431.58,4432.89,4486
1788243300,2026-09-01 06:15:00+00:00,4432.87,4435.03,4427.56,4428.98,4127
1788244200,2026-09-01 06:30:00+00:00,4428.9,4435.2,4428.36,4434.85,3507
1788245100,2026-09-01 06:45:00+00:00,4434.88,4435.28,4428.1,4429.56,3023
1788246000,2026-09-01 07:00:00+00:00,4429.6,4434.97,4429.35,4433.08,4911
1788246900,2026-09-01 07:15:00+00:00,4433.1,4433.61,4425.8,4426.12,4564
1788247800,2026-09-01 07:30:00+00:00,4425.93,4428.29,4412.07,4418.06,5391
1788248700,2026-09-01 07:45:00+00:00,4418.25,4423.29,4416.75,4420.11,5162
1788249600,2026-09-01 08:00:00+00:00,4420.16,4420.16,4389.28,4405.41,7834
1788250500,2026-09-01 08:15:00+00:00,4405.41,4405.8,4381.72,4383.03,6997
1788251400,2026-09-01 08:30:00+00:00,4383.07,4383.77,4369.88,4375.5,7389
1788252300,2026-09-01 08:45:00+00:00,4375.39,4378.49,4369.2,4370.63,5760
1788253200,2026-09-01 09:00:00+00:00,4370.58,4376.05,4366.33,4376.01,6330
1788254100,2026-09-01 09:15:00+00:00,4375.99,4378.09,4370.47,4372.86,5570
1788255000,2026-09-01 09:30:00+00:00,4372.85,4373.01,4365.41,4371.6,5179
1788255900,2026-09-01 09:45:00+00:00,4371.48,4373.54,4364.45,4364.57,4340
1788256800,2026-09-01 10:00:00+00:00,4364.59,4381.77,4364.09,4378.23,4159
1788257700,2026-09-01 10:15:00+00:00,4378.24,4385.52,4378.2,4384.91,4257
1788258600,2026-09-01 10:30:00+00:00,4384.92,4385.88,4381.45,4381.45,4062
1788259500,2026-09-01 10:45:00+00:00,4381.5,4381.65,4375.04,4378.03,5014
1788260400,2026-09-01 11:00:00+00:00,4378.09,4383.06,4375.87,4377.16,5401
1788261300,2026-09-01 11:15:00+00:00,4377.12,4381.94,4374.79,4380.44,5003
1788262200,2026-09-01 11:30:00+00:00,4380.45,4384.75,4378.16,4384.01,4634
1788263100,2026-09-01 11:45:00+00:00,4384.01,4387.17,4371.9,4374.37,5133
1788264000,2026-09-01 12:00:00+00:00,4374.37,4374.57,4366.85,4370.86,6785
1788264900,2026-09-01 12:15:00+00:00,4370.68,4376.0,4365.83,4368.45,7180
1788265800,2026-09-01 12:30:00+00:00,4368.26,4368.77,4351.91,4364.64,7094
1788266700,2026-09-01 12:45:00+00:00,4364.64,4369.75,4356.06,4356.17,6115
1788267600,2026-09-01 13:00:00+00:00,4356.18,4357.67,4326.02,4329.35,10567
1788268500,2026-09-01 13:15:00+00:00,4329.4,4344.52,4326.3,4343.03,7723
1788269400,2026-09-01 13:30:00+00:00,4342.99,4362.2,4341.04,4361.71,10386
1788270300,2026-09-01 13:45:00+00:00,4361.42,4367.45,4354.04,4365.46,8928
1788271200,2026-09-01 14:00:00+00:00,4365.45,4370.33,4353.17,4370.08,8258
1788272100,2026-09-01 14:15:00+00:00,4370.19,4375.51,4365.57,4365.69,7923
1788273000,2026-09-01 14:30:00+00:00,4365.67,4373.16,4364.04,4366.93,8837
1788273900,2026-09-01 14:45:00+00:00,4367.0,4370.27,4356.7,4360.39,7929
1788274800,2026-09-01 15:00:00+00:00,4360.42,4362.98,4355.14,4357.25,8449
1788275700,2026-09-01 15:15:00+00:00,4357.22,4365.91,4356.07,4365.74,7568
1788276600,2026-09-01 15:30:00+00:00,4365.76,4370.76,4361.51,4370.73,7689
1788277500,2026-09-01 15:45:00+00:00,4370.73,4373.86,4368.55,4372.85,5916
1788278400,2026-09-01 16:00:00+00:00,4372.88,4374.73,4362.32,4362.41,7176
1788279300,2026-09-01 16:15:00+00:00,4362.25,4365.51,4352.46,4352.63,9798
1788280200,2026-09-01 16:30:00+00:00,4352.65,4357.69,4346.86,4354.81,8237
1788281100,2026-09-01 16:45:00+00:00,4354.75,4359.07,4350.97,4351.33,7420
1788282000,2026-09-01 17:00:00+00:00,4351.33,4351.89,4344.33,4346.41,8079
1788282900,2026-09-01 17:15:00+00:00,4346.4,4350.11,4342.53,4349.91,8046
1788283800,2026-09-01 17:30:00+00:00,4349.71,4351.92,4342.67,4343.98,7840
1788284700,2026-09-01 17:45:00+00:00,4343.94,4344.52,4340.88,4342.91,6203
1788285600,2026-09-01 18:00:00+00:00,4342.95,4344.53,4334.42,4336.44,5942
1788286500,2026-09-01 18:15:00+00:00,4336.37,4341.71,4335.58,4337.49,6418
1788287400,2026-09-01 18:30:00+00:00,4337.48,4337.63,4328.26,4329.57,6783
1788288300,2026-09-01 18:45:00+00:00,4329.57,4334.31,4328.05,4331.68,7083
1788289200,2026-09-01 19:00:00+00:00,4331.66,4337.32,4329.03,4337.29,7942
1788290100,2026-09-01 19:15:00+00:00,4337.3,4337.63,4333.31,4334.41,4387
1788291000,2026-09-01 19:30:00+00:00,4334.3,4334.69,4322.4,4326.47,3854
1788291900,2026-09-01 19:45:00+00:00,4326.55,4330.41,4323.4,4327.01,6330
1788300000,2026-09-01 22:00:00+00:00,4320.26,4333.91,4306.56,4329.03,1027
1788300900,2026-09-01 22:15:00+00:00,4328.99,4329.16,4324.99,4327.6,903
1788301800,2026-09-01 22:30:00+00:00,4327.68,4329.34,4324.81,4327.96,660
1788302700,2026-09-01 22:45:00+00:00,4327.92,4331.06,4327.23,4329.17,742
1788303600,2026-09-01 23:00:00+00:00,4329.08,4332.42,4326.95,4330.43,1005
1788304500,2026-09-01 23:15:00+00:00,4330.36,4331.41,4325.41,4330.77,931
1788305400,2026-09-01 23:30:00+00:00,4330.77,4335.51,4330.51,4333.71,1107
1788306300,2026-09-01 23:45:00+00:00,4333.71,4333.83,4322.72,4324.28,1847
1788307200,2026-09-02 00:00:00+00:00,4324.28,4330.23,4315.46,4328.18,5816
1788308100,2026-09-02 00:15:00+00:00,4328.16,4334.37,4322.46,4325.71,5327
1788309000,2026-09-02 00:30:00+00:00,4325.76,4331.55,4320.28,4329.98,4535
1788309900,2026-09-02 00:45:00+00:00,4329.98,4331.3,4314.37,4315.56,4955
1788310800,2026-09-02 01:00:00+00:00,4315.35,4322.4,4304.22,4317.43,9277
1788311700,2026-09-02 01:15:00+00:00,4317.44,4326.63,4315.11,4317.11,6458
1788312600,2026-09-02 01:30:00+00:00,4317.16,4318.45,4305.03,4309.07,6779
1788313500,2026-09-02 01:45:00+00:00,4309.07,4309.82,4287.82,4290.81,6439
1788314400,2026-09-02 02:00:00+00:00,4291.08,4301.91,4287.02,4296.15,5738
1788315300,2026-09-02 02:15:00+00:00,4296.33,4306.46,4296.06,4304.25,4285
1788316200,2026-09-02 02:30:00+00:00,4304.27,4314.65,4299.38,4309.12,5418
1788317100,2026-09-02 02:45:00+00:00,4309.12,4311.03,4300.12,4302.81,4544
1788318000,2026-09-02 03:00:00+00:00,4302.76,4304.28,4296.71,4300.63,4568
1788318900,2026-09-02 03:15:00+00:00,4300.63,4302.36,4289.18,4293.61,4638
1788319800,2026-09-02 03:30:00+00:00,4293.61,4293.91,4282.4,4288.54,4629
1788320700,2026-09-02 03:45:00+00:00,4288.54,4303.73,4288.42,4303.19,3682
1788321600,2026-09-02 04:00:00+00:00,4303.19,4306.72,4301.97,4304.21,2653
1788322500,2026-09-02 04:15:00+00:00,4304.21,4305.6,4301.29,4302.73,2653
1788323400,2026-09-02 04:30:00+00:00,4302.73,4307.78,4302.45,4304.66,2442
1788324300,2026-09-02 04:45:00+00:00,4304.9,4307.61,4303.74,4307.24,2435
1788325200,2026-09-02 05:00:00+00:00,4307.2,4310.03,4303.46,4309.9,3516
1788326100,2026-09-02 05:15:00+00:00,4309.94,4313.84,4306.66,4313.0,4013
1788327000,2026-09-02 05:30:00+00:00,4313.03,4324.8,4313.03,4323.08,5766
1788327900,2026-09-02 05:45:00+00:00,4323.18,4326.54,4319.22,4319.75,4531
1788328800,2026-09-02 06:00:00+00:00,4319.8,4329.26,4317.48,4326.59,5377
1788329700,2026-09-02 06:15:00+00:00,4326.59,4328.49,4320.76,4322.7,5207
1788330600,2026-09-02 06:30:00+00:00,4322.68,4326.41,4316.76,4324.24,6533
1788331500,2026-09-02 06:45:00+00:00,4324.24,4324.97,4314.52,4321.61,5274
1788332400,2026-09-02 07:00:00+00:00,4321.67,4331.0,4319.09,4326.65,6200
1788333300,2026-09-02 07:15:00+00:00,4326.68,4329.2,4324.91,4326.67,5444
1788334200,2026-09-02 07:30:00+00:00,4326.66,4331.31,4321.8,4322.58,4438
1788335100,2026-09-02 07:45:00+00:00,4322.63,4325.02,4320.37,4323.16,5012
1788336000,2026-09-02 08:00:00+00:00,4323.19,4331.56,4321.89,4325.45,4884
1788336900,2026-09-02 08:15:00+00:00,4325.45,4327.73,4322.49,4322.96,5247
1788337800,2026-09-02 08:30:00+00:00,4322.96,4326.77,4319.31,4321.92,5206
1788338700,2026-09-02 08:45:00+00:00,4321.99,4322.57,4312.47,4312.83,5895
1788339600,2026-09-02 09:00:00+00:00,4312.8,4322.32,4312.22,4313.86,5250
1788340500,2026-09-02 09:15:00+00:00,4313.86,4315.26,4304.78,4308.94,4642
1788341400,2026-09-02 09:30:00+00:00,4309.01,4311.75,4307.25,4310.02,4712
1788342300,2026-09-02 09:45:00+00:00,4309.97,4311.41,4307.88,4308.5,3686
1788343200,2026-09-02 10:00:00+00:00,4308.5,4309.57,4301.65,4306.84,4230
1788344100,2026-09-02 10:15:00+00:00,4306.77,4312.22,4305.98,4309.83,3608
1788345000,2026-09-02 10:30:00+00:00,4309.86,4310.7,4307.08,4309.34,3837
1788345900,2026-09-02 10:45:00+00:00,4309.29,4310.4,4305.15,4309.24,4021
1788346800,2026-09-02 11:00:00+00:00,4309.21,4324.48,4307.47,4322.49,5911
1788347700,2026-09-02 11:15:00+00:00,4322.49,4323.07,4315.58,4321.79,5826
1788348600,2026-09-02 11:30:00+00:00,4321.73,4332.8,4321.61,4324.54,5460
1788349500,2026-09-02 11:45:00+00:00,4324.56,4332.91,4323.28,4332.28,5753
1788350400,2026-09-02 12:00:00+00:00,4332.34,4336.36,4328.94,4333.06,7659
1788351300,2026-09-02 12:15:00+00:00,4333.06,4344.38,4329.81,4336.17,6815
1788352200,2026-09-02 12:30:00+00:00,4336.17,4337.59,4327.38,4334.28,5779
1788353100,2026-09-02 12:45:00+00:00,4334.28,4339.21,4330.39,4331.25,6865
1788354000,2026-09-02 13:00:00+00:00,4331.27,4344.51,4330.48,4339.4,7890
1788354900,2026-09-02 13:15:00+00:00,4339.4,4358.45,4336.44,4358.3,8692
1788355800,2026-09-02 13:30:00+00:00,4358.27,4379.39,4356.92,4378.05,10691
1788356700,2026-09-02 13:45:00+00:00,4378.05,4385.36,4367.64,4385.29,9303
1788357600,2026-09-02 14:00:00+00:00,4385.12,4397.55,4378.72,4387.83,10329
1788358500,2026-09-02 14:15:00+00:00,4387.83,4397.18,4384.77,4387.43,8615
1788359400,2026-09-02 14:30:00+00:00,4387.43,4388.09,4381.22,4385.44,8112
1788360300,2026-09-02 14:45:00+00:00,4385.35,4386.8,4374.22,4376.91,7473
1788361200,2026-09-02 15:00:00+00:00,4376.91,4380.84,4372.57,4372.88,9346
1788362100,2026-09-02 15:15:00+00:00,4372.76,4372.94,4365.42,4372.6,7253
1788363000,2026-09-02 15:30:00+00:00,4372.61,4374.98,4365.81,4366.2,5361
1788363900,2026-09-02 15:45:00+00:00,4366.1,4373.88,4364.45,4373.11,7198
1788364800,2026-09-02 16:00:00+00:00,4373.06,4374.76,4368.75,4372.3,4518
1788365700,2026-09-02 16:15:00+00:00,4372.3,4372.39,4367.58,4368.56,5336
1788366600,2026-09-02 16:30:00+00:00,4368.52,4370.51,4364.34,4364.92,6188
1788367500,2026-09-02 16:45:00+00:00,4364.92,4370.51,4364.49,4368.2,4851
1788368400,2026-09-02 17:00:00+00:00,4368.17,4371.05,4367.5,4368.88,4106
1788369300,2026-09-02 17:15:00+00:00,4368.88,4369.91,4364.56,4369.86,5457
1788370200,2026-09-02 17:30:00+00:00,4369.89,4377.65,4366.5,4376.48,4805
1788371100,2026-09-02 17:45:00+00:00,4376.46,4380.73,4375.26,4376.87,3835
1788372000,2026-09-02 18:00:00+00:00,4376.88,4377.53,4370.18,4370.26,4790
1788372900,2026-09-02 18:15:00+00:00,4370.25,4379.57,4369.2,4373.12,5311
1788373800,2026-09-02 18:30:00+00:00,4373.08,4378.15,4372.42,4372.99,4543
1788374700,2026-09-02 18:45:00+00:00,4372.99,4375.82,4372.42,4374.05,4687
1788375600,2026-09-02 19:00:00+00:00,4374.05,4380.19,4371.61,4379.25,4403
1788376500,2026-09-02 19:15:00+00:00,4379.25,4383.09,4378.13,4381.16,3695
1788377400,2026-09-02 19:30:00+00:00,4381.36,4388.61,4381.11,4387.95,5085
1788378300,2026-09-02 19:45:00+00:00,4387.92,4391.23,4384.74,4391.18,3619
1788386400,2026-09-02 22:00:00+00:00,4374.0,4392.83,4352.78,4389.86,763
1788387300,2026-09-02 22:15:00+00:00,4389.79,4390.65,4387.69,4389.65,894
1788388200,2026-09-02 22:30:00+00:00,4389.65,4389.65,4384.72,4384.9,795
1788389100,2026-09-02 22:45:00+00:00,4384.98,4385.11,4381.9,4384.52,666
1788390000,2026-09-02 23:00:00+00:00,4384.62,4386.63,4383.73,4383.89,850
1788390900,2026-09-02 23:15:00+00:00,4383.96,4384.06,4381.77,4382.12,693
1788391800,2026-09-02 23:30:00+00:00,4381.96,4385.38,4381.0,4385.09,956
1788392700,2026-09-02 23:45:00+00:00,4385.13,4388.72,4384.28,4385.49,1554
1788393600,2026-09-03 00:00:00+00:00,4385.55,4392.45,4384.44,4390.19,3872
1788394500,2026-09-03 00:15:00+00:00,4390.19,4390.3,4385.13,4387.07,3329
1788395400,2026-09-03 00:30:00+00:00,4387.06,4389.75,4382.39,4387.67,2707
1788396300,2026-09-03 00:45:00+00:00,4387.73,4397.67,4385.67,4395.36,3401
1788397200,2026-09-03 01:00:00+00:00,4395.36,4409.28,4387.15,4401.11,6774
1788398100,2026-09-03 01:15:00+00:00,4401.11,4403.64,4393.96,4401.58,5503
1788399000,2026-09-03 01:30:00+00:00,4401.55,4409.35,4400.27,4400.7,5397
1788399900,2026-09-03 01:45:00+00:00,4400.7,4412.55,4400.11,4410.2,4702
1788400800,2026-09-03 02:00:00+00:00,4410.16,4415.28,4408.99,4411.02,5057
1788401700,2026-09-03 02:15:00+00:00,4411.05,4413.27,4406.55,4411.48,3232
1788402600,2026-09-03 02:30:00+00:00,4411.54,4417.96,4409.28,4413.52,4329
1788403500,2026-09-03 02:45:00+00:00,4413.52,4420.33,4411.44,4420.23,3883
1788404400,2026-09-03 03:00:00+00:00,4420.24,4429.97,4419.24,4428.67,3162
1788405300,2026-09-03 03:15:00+00:00,4428.77,4431.16,4424.48,4429.32,3675
1788406200,2026-09-03 03:30:00+00:00,4429.23,4432.1,4426.46,4426.46,2176
1788407100,2026-09-03 03:45:00+00:00,4426.47,4432.45,4425.27,4431.34,2105
1788408000,2026-09-03 04:00:00+00:00,4431.26,4435.77,4425.48,4431.01,2605
1788408900,2026-09-03 04:15:00+00:00,4431.11,4436.71,4429.97,4436.57,1220
1788409800,2026-09-03 04:30:00+00:00,4436.57,4438.65,4435.32,4437.93,1450
1788410700,2026-09-03 04:45:00+00:00,4437.94,4438.63,4433.88,4437.26,1642
1788411600,2026-09-03 05:00:00+00:00,4437.24,4440.1,4428.79,4429.46,2438
1788412500,2026-09-03 05:15:00+00:00,4429.5,4430.66,4422.49,4424.91,3628
1788413400,2026-09-03 05:30:00+00:00,4424.96,4432.49,4422.19,4432.15,4968
1788414300,2026-09-03 05:45:00+00:00,4432.12,4439.23,4428.29,4431.0,4316
1788415200,2026-09-03 06:00:00+00:00,4431.03,4436.17,4425.66,4426.9,5054
1788416100,2026-09-03 06:15:00+00:00,4426.97,4430.64,4418.01,4421.47,4627
1788417000,2026-09-03 06:30:00+00:00,4421.47,4426.02,4420.19,4425.49,4055
1788417900,2026-09-03 06:45:00+00:00,4425.42,4428.69,4420.41,4420.5,3350
1788418800,2026-09-03 07:00:00+00:00,4420.45,4431.5,4418.92,4421.98,5240
1788419700,2026-09-03 07:15:00+00:00,4422.01,4430.14,4421.54,4426.36,4220
1788420600,2026-09-03 07:30:00+00:00,4426.36,4430.65,4423.5,4426.69,4577
1788421500,2026-09-03 07:45:00+00:00,4426.63,4431.0,4424.11,4428.76,3550
1788422400,2026-09-03 08:00:00+00:00,4428.66,4443.56,4427.78,4431.28,6789
1788423300,2026-09-03 08:15:00+00:00,4431.34,4439.45,4430.63,4438.13,4015
1788424200,2026-09-03 08:30:00+00:00,4438.13,4439.62,4431.32,4434.01,3360
1788425100,2026-09-03 08:45:00+00:00,4434.06,4439.91,4433.84,4434.89,3321
1788426000,2026-09-03 09:00:00+00:00,4434.94,4441.87,4434.05,4437.9,3764
1788426900,2026-09-03 09:15:00+00:00,4437.85,4438.18,4431.95,4435.11,3404
1788427800,2026-09-03 09:30:00+00:00,4434.86,4437.92,4429.51,4429.91,3417
1788428700,2026-09-03 09:45:00+00:00,4429.91,4430.41,4425.5,4427.51,2941
1788429600,2026-09-03 10:00:00+00:00,4427.53,4429.8,4422.93,4424.44,3517
1788430500,2026-09-03 10:15:00+00:00,4424.42,4425.55,4418.92,4422.46,3189
1788431400,2026-09-03 10:30:00+00:00,4422.25,4426.25,4419.92,4425.62,3045
1788432300,2026-09-03 10:45:00+00:00,4425.52,4428.45,4424.0,4427.17,1938
1788433200,2026-09-03 11:00:00+00:00,4427.18,4432.63,4424.95,4432.56,3756
1788434100,2026-09-03 11:15:00+00:00,4432.55,4438.0,4430.24,4434.33,3607
1788435000,2026-09-03 11:30:00+00:00,4434.41,4439.18,4426.31,4438.63,3189
1788435900,2026-09-03 11:45:00+00:00,4438.63,4445.27,4436.58,4444.06,3356
1788436800,2026-09-03 12:00:00+00:00,4444.04,4450.12,4441.09,4443.88,4586
1788437700,2026-09-03 12:15:00+00:00,4443.71,4449.03,4437.75,4446.54,4873
1788438600,2026-09-03 12:30:00+00:00,4446.54,4478.69,4439.09,4467.81,8827
1788439500,2026-09-03 12:45:00+00:00,4467.81,4495.07,4465.44,4493.4,6977
1788440400,2026-09-03 13:00:00+00:00,4493.37,4495.89,4484.69,4485.54,8214
1788441300,2026-09-03 13:15:00+00:00,4485.64,4487.75,4476.94,4479.71,7044
1788442200,2026-09-03 13:30:00+00:00,4479.81,4482.37,4467.89,4469.89,9276
1788443100,2026-09-03 13:45:00+00:00,4469.89,4471.01,4456.54,4470.36,8304
1788444000,2026-09-03 14:00:00+00:00,4470.36,4472.85,4458.75,4469.15,8860
1788444900,2026-09-03 14:15:00+00:00,4469.18,4480.71,4469.08,4477.56,8184
1788445800,2026-09-03 14:30:00+00:00,4477.22,4479.69,4466.0,4472.69,8289
1788446700,2026-09-03 14:45:00+00:00,4472.65,4485.26,4470.24,4485.26,7632
1788447600,2026-09-03 15:00:00+00:00,4485.26,4504.45,4484.13,4503.76,8144
1788448500,2026-09-03 15:15:00+00:00,4503.68,4510.76,4501.56,4506.31,6840
1788449400,2026-09-03 15:30:00+00:00,4506.31,4509.53,4494.82,4494.95,6719
1788450300,2026-09-03 15:45:00+00:00,4494.97,4495.56,4485.99,4493.08,6151
1788451200,2026-09-03 16:00:00+00:00,4493.1,4495.3,4487.47,4493.82,6219
1788452100,2026-09-03 16:15:00+00:00,4493.82,4494.72,4490.51,4493.27,5194
1788453000,2026-09-03 16:30:00+00:00,4493.28,4495.48,4486.62,4487.79,5284
1788453900,2026-09-03 16:45:00+00:00,4487.61,4490.99,4485.4,4486.16,4104
1788454800,2026-09-03 17:00:00+00:00,4486.27,4488.72,4483.16,4487.84,4012
1788455700,2026-09-03 17:15:00+00:00,4488.04,4493.71,4485.05,4492.76,3851
1788456600,2026-09-03 17:30:00+00:00,4492.76,4494.02,4490.8,4491.82,3284
1788457500,2026-09-03 17:45:00+00:00,4491.82,4494.61,4486.43,4486.43,3083
1788458400,2026-09-03 18:00:00+00:00,4486.56,4489.67,4483.85,4483.85,3836
1788459300,2026-09-03 18:15:00+00:00,4483.87,4488.07,4479.63,4479.78,3723
1788460200,2026-09-03 18:30:00+00:00,4479.8,4482.78,4475.82,4481.39,3238
1788461100,2026-09-03 18:45:00+00:00,4481.37,4482.62,4473.97,4475.14,3608
1788462000,2026-09-03 19:00:00+00:00,4475.12,4476.9,4472.85,4474.38,3846
1788462900,2026-09-03 19:15:00+00:00,4474.37,4476.58,4472.59,4475.72,3092
1788463800,2026-09-03 19:30:00+00:00,4475.74,4478.74,4473.97,4477.42,2783
1788464700,2026-09-03 19:45:00+00:00,4477.49,4480.74,4473.23,4475.08,3569
1788472800,2026-09-03 22:00:00+00:00,4474.1,4478.07,4472.46,4477.85,1080
1788473700,2026-09-03 22:15:00+00:00,4477.87,4478.54,4472.89,4474.88,828
1788474600,2026-09-03 22:30:00+00:00,4474.88,4476.5,4472.44,4473.75,929
1788475500,2026-09-03 22:45:00+00:00,4473.78,4475.66,4471.26,4474.45,1011
1788476400,2026-09-03 23:00:00+00:00,4474.19,4477.49,4472.24,4474.05,931
1788477300,2026-09-03 23:15:00+00:00,4474.1,4474.9,4471.5,4473.6,857
1788478200,2026-09-03 23:30:00+00:00,4473.6,4478.19,4473.38,4477.26,911
1788479100,2026-09-03 23:45:00+00:00,4477.27,4480.12,4474.8,4479.82,1156
1788480000,2026-09-04 00:00:00+00:00,4480.0,4483.17,4478.04,4480.71,3783
1788480900,2026-09-04 00:15:00+00:00,4480.61,4480.88,4474.14,4474.52,3062
1788481800,2026-09-04 00:30:00+00:00,4474.52,4482.15,4472.59,4482.14,3049
1788482700,2026-09-04 00:45:00+00:00,4482.34,4487.02,4480.66,4486.28,3031
1788483600,2026-09-04 01:00:00+00:00,4486.32,4487.22,4474.33,4474.84,6365
1788484500,2026-09-04 01:15:00+00:00,4474.88,4478.83,4467.7,4470.92,5249
1788485400,2026-09-04 01:30:00+00:00,4470.95,4476.82,4467.89,4473.86,5293
1788486300,2026-09-04 01:45:00+00:00,4473.88,4480.52,4466.96,4478.75,4268
1788487200,2026-09-04 02:00:00+00:00,4478.73,4482.52,4477.07,4479.19,3401
1788488100,2026-09-04 02:15:00+00:00,4479.19,4480.2,4471.43,4473.74,2435
1788489000,2026-09-04 02:30:00+00:00,4473.74,4477.21,4470.23,4470.65,4260
1788489900,2026-09-04 02:45:00+00:00,4470.65,4480.81,4469.94,4477.33,3316
1788490800,2026-09-04 03:00:00+00:00,4477.36,4478.62,4470.17,4473.42,2972
1788491700,2026-09-04 03:15:00+00:00,4473.38,4474.56,4471.28,4472.35,2904
1788492600,2026-09-04 03:30:00+00:00,4472.44,4475.19,4468.87,4469.2,2700
1788493500,2026-09-04 03:45:00+00:00,4469.18,4470.08,4466.89,4466.91,2465
1788494400,2026-09-04 04:00:00+00:00,4466.84,4470.06,4465.26,4469.27,2874
1788495300,2026-09-04 04:15:00+00:00,4469.27,4472.32,4468.24,4471.64,2206
1788496200,2026-09-04 04:30:00+00:00,4471.64,4474.82,4471.57,4473.64,2021
1788497100,2026-09-04 04:45:00+00:00,4473.55,4474.82,4472.63,4473.7,1676
1788498000,2026-09-04 05:00:00+00:00,4473.68,4474.45,4467.22,4469.41,2816
1788498900,2026-09-04 05:15:00+00:00,4469.44,4475.18,4467.33,4467.66,2670
1788499800,2026-09-04 05:30:00+00:00,4467.66,4477.53,4466.73,4471.0,4111
1788500700,2026-09-04 05:45:00+00:00,4470.96,4472.79,4467.17,4471.96,3462
1788501600,2026-09-04 06:00:00+00:00,4471.98,4473.29,4466.62,4468.89,4271
1788502500,2026-09-04 06:15:00+00:00,4468.89,4471.85,4466.69,4468.78,3601
1788503400,2026-09-04 06:30:00+00:00,4468.76,4469.76,4463.07,4464.21,4351
1788504300,2026-09-04 06:45:00+00:00,4464.08,4464.47,4460.04,4463.0,3912
1788505200,2026-09-04 07:00:00+00:00,4462.94,4471.28,4461.47,4467.79,3877
1788506100,2026-09-04 07:15:00+00:00,4467.77,4472.79,4466.61,4472.6,2676
1788507000,2026-09-04 07:30:00+00:00,4472.6,4486.21,4472.6,4485.66,3658
1788507900,2026-09-04 07:45:00+00:00,4485.66,4490.67,4481.2,4483.25,3465
1788508800,2026-09-04 08:00:00+00:00,4483.37,4486.42,4479.17,4481.94,3912
1788509700,2026-09-04 08:15:00+00:00,4481.9,4483.95,4479.4,4481.01,2719
1788510600,2026-09-04 08:30:00+00:00,4481.07,4482.58,4477.33,4477.44,2599
1788511500,2026-09-04 08:45:00+00:00,4477.38,4479.83,4474.33,4477.68,2500
1788512400,2026-09-04 09:00:00+00:00,4477.63,4479.11,4468.9,4469.97,3406
1788513300,2026-09-04 09:15:00+00:00,4469.95,4470.57,4463.73,4466.67,3705
1788514200,2026-09-04 09:30:00+00:00,4466.72,4470.16,4464.38,4467.21,3424
1788515100,2026-09-04 09:45:00+00:00,4467.24,4469.61,4465.48,4465.55,2702
1788516000,2026-09-04 10:00:00+00:00,4465.55,4473.2,4465.34,4472.76,2407
1788516900,2026-09-04 10:15:00+00:00,4472.65,4473.51,4468.04,4471.14,2818
1788517800,2026-09-04 10:30:00+00:00,4471.14,4475.18,4469.89,4473.46,2722
1788518700,2026-09-04 10:45:00+00:00,4473.5,4476.49,4472.67,4472.81,2566
1788519600,2026-09-04 11:00:00+00:00,4472.78,4473.28,4469.45,4470.18,3399
1788520500,2026-09-04 11:15:00+00:00,4470.2,4470.8,4465.31,4465.58,2710
1788521400,2026-09-04 11:30:00+00:00,4465.6,4470.32,4465.16,4468.18,2952
1788522300,2026-09-04 11:45:00+00:00,4468.13,4470.55,4465.07,4466.92,3309
1788523200,2026-09-04 12:00:00+00:00,4466.88,4470.37,4464.48,4464.77,4506
1788524100,2026-09-04 12:15:00+00:00,4464.77,4475.51,4464.36,4471.1,6196
1788525000,2026-09-04 12:30:00+00:00,4467.61,4470.72,4374.86,4393.92,12583
1788525900,2026-09-04 12:45:00+00:00,4393.75,4409.88,4380.08,4393.61,10821
1788526800,2026-09-04 13:00:00+00:00,4393.71,4394.22,4365.34,4394.09,10346
1788527700,2026-09-04 13:15:00+00:00,4394.05,4414.41,4391.23,4412.31,8022
1788528600,2026-09-04 13:30:00+00:00,4412.33,4424.0,4405.02,4423.76,10561
1788529500,2026-09-04 13:45:00+00:00,4423.74,4434.59,4413.1,4413.1,9139
1788530400,2026-09-04 14:00:00+00:00,4413.1,4434.94,4411.9,4433.99,9543
1788531300,2026-09-04 14:15:00+00:00,4433.84,4437.25,4426.46,4429.02,8937
1788532200,2026-09-04 14:30:00+00:00,4429.02,4442.2,4425.33,4428.88,8417
1788533100,2026-09-04 14:45:00+00:00,4428.92,4432.09,4417.05,4427.4,8512
1788534000,2026-09-04 15:00:00+00:00,4427.4,4443.5,4422.61,4443.29,7706
1788534900,2026-09-04 15:15:00+00:00,4443.22,4448.79,4439.5,4439.87,7514
1788535800,2026-09-04 15:30:00+00:00,4439.92,4446.57,4436.44,4442.85,6862
1788536700,2026-09-04 15:45:00+00:00,4442.85,4445.95,4435.64,4436.54,6354
1788537600,2026-09-04 16:00:00+00:00,4436.54,4440.29,4432.01,4438.78,6665
1788538500,2026-09-04 16:15:00+00:00,4438.61,4443.36,4433.19,4434.12,5904
1788539400,2026-09-04 16:30:00+00:00,4434.02,4439.77,4433.25,4438.03,5858
1788540300,2026-09-04 16:45:00+00:00,4438.11,4440.45,4434.65,4436.32,4941
1788541200,2026-09-04 17:00:00+00:00,4436.26,4436.57,4430.09,4433.62,4645
1788542100,2026-09-04 17:15:00+00:00,4433.69,4440.37,4427.31,4428.52,4570
1788543000,2026-09-04 17:30:00+00:00,4428.52,4429.77,4416.37,4417.26,5438
1788543900,2026-09-04 17:45:00+00:00,4417.25,4421.34,4415.57,4416.49,5087
1788544800,2026-09-04 18:00:00+00:00,4416.49,4419.74,4411.95,4419.53,5310
1788545700,2026-09-04 18:15:00+00:00,4419.53,4426.67,4419.12,4424.68,4850
1788546600,2026-09-04 18:30:00+00:00,4424.7,4425.72,4421.21,4422.91,4063
1788547500,2026-09-04 18:45:00+00:00,4422.91,4425.98,4421.99,4423.95,3449
1788548400,2026-09-04 19:00:00+00:00,4423.95,4430.05,4422.46,4429.15,3992
1788549300,2026-09-04 19:15:00+00:00,4429.18,4435.79,4426.8,4435.55,2498
1788550200,2026-09-04 19:30:00+00:00,4435.57,4438.32,4434.04,4436.72,2436
1788551100,2026-09-04 19:45:00+00:00,4436.84,4437.29,4432.61,4434.66,3708
1788732000,2026-09-06 22:00:00+00:00,4417.0,4428.82,4416.69,4428.78,1766
1788732900,2026-09-06 22:15:00+00:00,4428.78,4429.82,4426.7,4428.61,760
1788733800,2026-09-06 22:30:00+00:00,4428.55,4431.11,4427.49,4430.6,712
1788734700,2026-09-06 22:45:00+00:00,4430.65,4434.92,4429.0,4429.2,770
1788735600,2026-09-06 23:00:00+00:00,4429.28,4431.1,4429.09,4429.77,527
1788736500,2026-09-06 23:15:00+00:00,4429.78,4429.88,4425.08,4426.8,766
1788737400,2026-09-06 23:30:00+00:00,4426.32,4430.19,4425.05,4428.81,1010
1788738300,2026-09-06 23:45:00+00:00,4428.86,4433.83,4420.99,4423.16,1717
1788739200,2026-09-07 00:00:00+00:00,4423.21,4427.44,4420.98,4424.81,3883
1788740100,2026-09-07 00:15:00+00:00,4424.84,4428.51,4422.12,4422.13,2727
1788741000,2026-09-07 00:30:00+00:00,4422.09,4425.13,4418.34,4423.97,4021
1788741900,2026-09-07 00:45:00+00:00,4424.01,4429.47,4409.9,4412.46,4406
1788742800,2026-09-07 01:00:00+00:00,4412.43,4415.72,4395.44,4399.58,7699
1788743700,2026-09-07 01:15:00+00:00,4399.56,4403.54,4389.5,4403.21,5486
1788744600,2026-09-07 01:30:00+00:00,4403.21,4413.18,4402.88,4410.08,5278
1788745500,2026-09-07 01:45:00+00:00,4410.13,4416.61,4408.64,4408.93,4832
1788746400,2026-09-07 02:00:00+00:00,4408.89,4410.56,4402.77,4403.74,4167
1788747300,2026-09-07 02:15:00+00:00,4403.52,4409.29,4403.33,4407.56,2694
1788748200,2026-09-07 02:30:00+00:00,4408.3,4418.4,4406.7,4414.8,5286
1788749100,2026-09-07 02:45:00+00:00,4414.8,4418.92,4407.26,4408.68,4481
1788750000,2026-09-07 03:00:00+00:00,4408.72,4410.3,4405.33,4407.74,4538
1788750900,2026-09-07 03:15:00+00:00,4407.74,4410.05,4404.5,4408.59,3128
1788751800,2026-09-07 03:30:00+00:00,4408.55,4408.81,4401.52,4401.67,1943
1788752700,2026-09-07 03:45:00+00:00,4401.54,4404.84,4401.16,4404.07,1996
1788753600,2026-09-07 04:00:00+00:00,4404.07,4407.08,4401.19,4406.47,2109
1788754500,2026-09-07 04:15:00+00:00,4406.54,4406.58,4400.03,4402.06,1482
1788755400,2026-09-07 04:30:00+00:00,4402.08,4402.44,4394.24,4396.66,1551
1788756300,2026-09-07 04:45:00+00:00,4396.5,4398.85,4395.41,4397.86,1390
1788757200,2026-09-07 05:00:00+00:00,4397.86,4404.05,4397.46,4402.41,1920
1788758100,2026-09-07 05:15:00+00:00,4402.47,4411.55,4401.81,4410.95,1877
1788759000,2026-09-07 05:30:00+00:00,4410.85,4413.08,4401.36,4404.21,4141
1788759900,2026-09-07 05:45:00+00:00,4404.03,4406.5,4393.02,4393.92,3980
1788760800,2026-09-07 06:00:00+00:00,4393.97,4394.62,4385.07,4391.98,4598
1788761700,2026-09-07 06:15:00+00:00,4392.04,4398.09,4389.95,4394.36,3279
1788762600,2026-09-07 06:30:00+00:00,4394.36,4399.81,4393.76,4396.18,3108
1788763500,2026-09-07 06:45:00+00:00,4396.25,4399.07,4391.19,4392.67,3571
1788764400,2026-09-07 07:00:00+00:00,4392.72,4401.66,4391.65,4401.44,4477
1788765300,2026-09-07 07:15:00+00:00,4401.44,4402.15,4394.5,4395.07,3886
1788766200,2026-09-07 07:30:00+00:00,4395.15,4399.01,4392.24,4395.89,4335
1788767100,2026-09-07 07:45:00+00:00,4395.92,4406.58,4394.9,4406.27,4662
1788768000,2026-09-07 08:00:00+00:00,4406.25,4417.58,4405.12,4417.05,5712
1788768900,2026-09-07 08:15:00+00:00,4417.08,4423.43,4416.21,4419.75,4520
1788769800,2026-09-07 08:30:00+00:00,4419.76,4423.81,4413.41,4414.63,4031
1788770700,2026-09-07 08:45:00+00:00,4414.64,4415.11,4409.58,4410.89,2974
1788771600,2026-09-07 09:00:00+00:00,4410.89,4413.75,4410.77,4411.06,2522
1788772500,2026-09-07 09:15:00+00:00,4411.05,4411.8,4405.32,4405.49,2669
1788773400,2026-09-07 09:30:00+00:00,4405.64,4409.99,4403.53,4409.53,2618
1788774300,2026-09-07 09:45:00+00:00,4409.53,4410.22,4404.67,4405.63,1609
1788775200,2026-09-07 10:00:00+00:00,4405.55,4406.17,4402.27,4403.08,1851
1788776100,2026-09-07 10:15:00+00:00,4402.93,4404.58,4395.7,4395.85,1962
1788777000,2026-09-07 10:30:00+00:00,4395.84,4399.2,4391.81,4398.53,2333
1788777900,2026-09-07 10:45:00+00:00,4398.56,4398.62,4387.95,4391.54,3414
1788778800,2026-09-07 11:00:00+00:00,4391.51,4394.25,4388.86,4393.66,2331
1788779700,2026-09-07 11:15:00+00:00,4393.62,4394.95,4387.42,4389.49,2362
1788780600,2026-09-07 11:30:00+00:00,4389.49,4389.82,4381.03,4386.61,3156
1788781500,2026-09-07 11:45:00+00:00,4386.61,4392.06,4384.82,4385.12,2068
1788782400,2026-09-07 12:00:00+00:00,4385.12,4392.89,4385.12,4390.71,2720
1788783300,2026-09-07 12:15:00+00:00,4390.71,4395.33,4390.22,4395.29,2380
1788784200,2026-09-07 12:30:00+00:00,4395.29,4397.56,4392.61,4396.96,2384
1788785100,2026-09-07 12:45:00+00:00,4397.0,4397.96,4394.14,4396.68,2630
1788786000,2026-09-07 13:00:00+00:00,4396.62,4404.56,4395.26,4404.01,4707
1788786900,2026-09-07 13:15:00+00:00,4404.02,4404.98,4401.36,4403.87,2999
1788787800,2026-09-07 13:30:00+00:00,4403.85,4407.51,4401.63,4403.33,3044
1788788700,2026-09-07 13:45:00+00:00,4403.32,4407.78,4401.13,4402.68,2887
1788789600,2026-09-07 14:00:00+00:00,4402.47,4408.98,4401.04,4407.07,3217
1788790500,2026-09-07 14:15:00+00:00,4407.16,4409.08,4405.0,4406.89,2685
1788791400,2026-09-07 14:30:00+00:00,4406.91,4412.08,4404.58,4411.89,3117
1788792300,2026-09-07 14:45:00+00:00,4411.85,4419.51,4410.73,4415.91,5076
1788793200,2026-09-07 15:00:00+00:00,4415.9,4416.64,4409.11,4414.81,3398
1788794100,2026-09-07 15:15:00+00:00,4414.78,4415.05,4411.43,4412.83,2501
1788795000,2026-09-07 15:30:00+00:00,4412.77,4413.95,4408.77,4411.76,1819
1788795900,2026-09-07 15:45:00+00:00,4411.76,4414.96,4411.18,4414.43,1517
1788796800,2026-09-07 16:00:00+00:00,4414.43,4417.24,4412.72,4415.19,1412
1788797700,2026-09-07 16:15:00+00:00,4415.24,4415.8,4412.42,4413.55,1111
1788798600,2026-09-07 16:30:00+00:00,4413.53,4414.1,4411.71,4414.02,1085
1788799500,2026-09-07 16:45:00+00:00,4414.0,4414.45,4412.57,4414.33,668
1788800400,2026-09-07 17:00:00+00:00,4414.42,4415.01,4411.86,4412.06,575
1788801300,2026-09-07 17:15:00+00:00,4412.1,4413.77,4411.07,4412.2,507
1788802200,2026-09-07 17:30:00+00:00,4412.2,4412.51,4409.15,4410.82,489
1788803100,2026-09-07 17:45:00+00:00,4410.82,4410.84,4407.03,4407.03,708
1788804000,2026-09-07 18:00:00+00:00,4407.1,4409.04,4404.29,4404.67,846
1788804900,2026-09-07 18:15:00+00:00,4404.78,4406.39,4402.92,4406.13,966
1788818400,2026-09-07 22:00:00+00:00,4403.84,4413.8,4381.88,4412.44,1018
1788819300,2026-09-07 22:15:00+00:00,4412.44,4413.16,4409.55,4409.58,526
1788820200,2026-09-07 22:30:00+00:00,4409.58,4409.87,4407.71,4408.01,691
1788821100,2026-09-07 22:45:00+00:00,4408.11,4408.51,4406.1,4407.45,383
1788822000,2026-09-07 23:00:00+00:00,4407.38,4412.28,4407.04,4410.94,555
1788822900,2026-09-07 23:15:00+00:00,4410.92,4412.61,4408.76,4410.81,1154
1788823800,2026-09-07 23:30:00+00:00,4410.76,4427.86,4410.76,4427.17,2212
1788824700,2026-09-07 23:45:00+00:00,4427.19,4427.83,4419.94,4422.75,1791
1788825600,2026-09-08 00:00:00+00:00,4423.0,4424.38,4414.83,4417.1,6964
1788826500,2026-09-08 00:15:00+00:00,4417.22,4430.09,4415.73,4421.33,5623
1788827400,2026-09-08 00:30:00+00:00,4421.43,4426.23,4418.62,4421.52,4258
1788828300,2026-09-08 00:45:00+00:00,4421.55,4427.44,4414.95,4425.99,3841
1788829200,2026-09-08 01:00:00+00:00,4425.98,4431.36,4416.98,4428.36,7223
1788830100,2026-09-08 01:15:00+00:00,4428.52,4436.26,4426.92,4434.36,5075
1788831000,2026-09-08 01:30:00+00:00,4434.27,4436.9,4430.63,4433.35,5461
1788831900,2026-09-08 01:45:00+00:00,4433.41,4440.67,4433.41,4437.01,5345
1788832800,2026-09-08 02:00:00+00:00,4437.02,4438.62,4425.95,4428.04,4356
1788833700,2026-09-08 02:15:00+00:00,4428.12,4429.61,4424.27,4424.83,3263
1788834600,2026-09-08 02:30:00+00:00,4424.8,4426.9,4421.27,4426.59,4877
1788835500,2026-09-08 02:45:00+00:00,4426.57,4428.02,4421.09,4424.24,3573
1788836400,2026-09-08 03:00:00+00:00,4424.24,4431.72,4422.39,4429.6,3021
1788837300,2026-09-08 03:15:00+00:00,4429.6,4440.11,4428.57,4431.89,3786
1788838200,2026-09-08 03:30:00+00:00,4432.06,4434.99,4430.42,4432.58,2174
1788839100,2026-09-08 03:45:00+00:00,4432.58,4438.78,4432.35,4437.65,2774
1788840000,2026-09-08 04:00:00+00:00,4437.7,4442.89,4437.7,4439.17,2522
1788840900,2026-09-08 04:15:00+00:00,4439.15,4440.67,4431.48,4432.53,2803
1788841800,2026-09-08 04:30:00+00:00,4432.51,4436.57,4432.13,4436.46,3007
1788842700,2026-09-08 04:45:00+00:00,4436.44,4439.82,4434.1,4435.96,2043
1788843600,2026-09-08 05:00:00+00:00,4435.92,4437.58,4426.97,4427.25,3224
1788844500,2026-09-08 05:15:00+00:00,4427.33,4431.51,4420.3,4420.46,3245
1788845400,2026-09-08 05:30:00+00:00,4420.46,4426.93,4417.98,4425.75,5766
1788846300,2026-09-08 05:45:00+00:00,4425.67,4428.85,4417.3,4419.09,3876
1788847200,2026-09-08 06:00:00+00:00,4419.16,4420.12,4408.5,4411.55,5027
1788848100,2026-09-08 06:15:00+00:00,4411.55,4411.55,4399.02,4400.11,5396
1788849000,2026-09-08 06:30:00+00:00,4400.15,4408.64,4398.09,4407.22,4121
1788849900,2026-09-08 06:45:00+00:00,4407.31,4409.25,4403.07,4403.64,3753
1788850800,2026-09-08 07:00:00+00:00,4403.64,4409.4,4402.2,4402.97,3442
1788851700,2026-09-08 07:15:00+00:00,4402.86,4404.26,4400.21,4401.53,3297
1788852600,2026-09-08 07:30:00+00:00,4401.52,4405.33,4391.1,4395.59,3704
1788853500,2026-09-08 07:45:00+00:00,4395.59,4397.28,4389.97,4392.27,2949
1788854400,2026-09-08 08:00:00+00:00,4392.58,4395.82,4387.79,4390.33,3505
1788855300,2026-09-08 08:15:00+00:00,4390.46,4396.39,4389.43,4394.64,3325
1788856200,2026-09-08 08:30:00+00:00,4394.61,4398.54,4391.88,4392.66,4139
1788857100,2026-09-08 08:45:00+00:00,4392.66,4398.19,4390.93,4394.13,4657
1788858000,2026-09-08 09:00:00+00:00,4394.06,4397.96,4391.2,4397.36,3538
1788858900,2026-09-08 09:15:00+00:00,4397.36,4399.29,4392.39,4392.99,2890
1788859800,2026-09-08 09:30:00+00:00,4393.03,4403.67,4390.85,4401.42,3774
1788860700,2026-09-08 09:45:00+00:00,4401.38,4405.57,4400.98,4402.9,2485
1788861600,2026-09-08 10:00:00+00:00,4402.92,4402.92,4393.64,4396.25,3333
1788862500,2026-09-08 10:15:00+00:00,4396.27,4406.91,4395.98,4399.38,3205
1788863400,2026-09-08 10:30:00+00:00,4399.38,4399.46,4393.86,4397.08,2407
1788864300,2026-09-08 10:45:00+00:00,4397.08,4400.41,4395.19,4395.24,2387
1788865200,2026-09-08 11:00:00+00:00,4395.25,4399.39,4391.07,4395.05,3180
1788866100,2026-09-08 11:15:00+00:00,4395.01,4402.94,4394.87,4401.95,2852
1788867000,2026-09-08 11:30:00+00:00,4401.95,4407.9,4400.48,4403.5,2674
1788867900,2026-09-08 11:45:00+00:00,4403.5,4406.59,4397.68,4406.35,2940
1788868800,2026-09-08 12:00:00+00:00,4406.35,4406.67,4390.38,4391.78,4813
1788869700,2026-09-08 12:15:00+00:00,4391.72,4401.81,4385.3,4401.81,5216
1788870600,2026-09-08 12:30:00+00:00,4401.8,4408.11,4395.15,4396.48,4793
1788871500,2026-09-08 12:45:00+00:00,4396.48,4411.75,4395.57,4411.55,3928
1788872400,2026-09-08 13:00:00+00:00,4411.46,4413.19,4402.4,4408.27,7409
1788873300,2026-09-08 13:15:00+00:00,4408.3,4410.77,4398.98,4400.33,5322
1788874200,2026-09-08 13:30:00+00:00,4400.33,4405.69,4390.2,4396.59,8935
1788875100,2026-09-08 13:45:00+00:00,4396.59,4407.37,4394.28,4395.52,7345
1788876000,2026-09-08 14:00:00+00:00,4395.52,4402.78,4391.39,4394.38,7306
1788876900,2026-09-08 14:15:00+00:00,4394.33,4403.62,4393.93,4396.74,6216
1788877800,2026-09-08 14:30:00+00:00,4396.72,4400.71,4392.69,4397.3,7530
1788878700,2026-09-08 14:45:00+00:00,4397.27,4399.16,4388.98,4398.57,6110
1788879600,2026-09-08 15:00:00+00:00,4398.58,4408.18,4397.49,4404.72,5825
1788880500,2026-09-08 15:15:00+00:00,4404.73,4409.26,4396.36,4398.95,6238
1788881400,2026-09-08 15:30:00+00:00,4398.97,4404.1,4397.27,4400.16,5212
1788882300,2026-09-08 15:45:00+00:00,4400.13,4400.5,4394.61,4394.7,4325
1788883200,2026-09-08 16:00:00+00:00,4394.68,4395.09,4380.43,4386.42,5482
1788884100,2026-09-08 16:15:00+00:00,4386.28,4395.48,4383.66,4393.99,4829
1788885000,2026-09-08 16:30:00+00:00,4393.99,4396.64,4392.93,4394.14,3939
1788885900,2026-09-08 16:45:00+00:00,4394.12,4398.34,4390.1,4393.6,5099
1788886800,2026-09-08 17:00:00+00:00,4393.62,4403.78,4393.62,4395.43,5185
1788887700,2026-09-08 17:15:00+00:00,4395.43,4397.34,4391.95,4393.96,4433
1788888600,2026-09-08 17:30:00+00:00,4394.08,4395.03,4385.35,4385.37,3949
1788889500,2026-09-08 17:45:00+00:00,4385.47,4390.35,4385.13,4389.9,3042
1788890400,2026-09-08 18:00:00+00:00,4389.93,4390.3,4383.96,4387.49,4010
1788891300,2026-09-08 18:15:00+00:00,4387.49,4387.64,4384.27,4385.55,3385
1788892200,2026-09-08 18:30:00+00:00,4385.65,4385.7,4381.4,4385.62,2917
1788893100,2026-09-08 18:45:00+00:00,4385.62,4386.61,4358.16,4375.57,8232
1788894000,2026-09-08 19:00:00+00:00,4375.52,4377.22,4369.27,4370.4,5068
1788894900,2026-09-08 19:15:00+00:00,4370.48,4373.1,4366.19,4368.64,4597
1788895800,2026-09-08 19:30:00+00:00,4368.63,4369.7,4361.35,4368.72,4321
1788896700,2026-09-08 19:45:00+00:00,4368.72,4368.85,4356.74,4359.38,5420
1788904800,2026-09-08 22:00:00+00:00,4352.19,4358.48,4340.63,4355.94,1183
1788905700,2026-09-08 22:15:00+00:00,4355.96,4357.54,4353.18,4354.29,663
1788906600,2026-09-08 22:30:00+00:00,4354.74,4355.98,4350.28,4351.71,810
1788907500,2026-09-08 22:45:00+00:00,4351.84,4354.15,4350.8,4353.93,698
1788908400,2026-09-08 23:00:00+00:00,4353.97,4354.84,4351.72,4352.23,694
1788909300,2026-09-08 23:15:00+00:00,4352.28,4357.55,4351.83,4357.44,858
1788910200,2026-09-08 23:30:00+00:00,4357.37,4359.8,4356.6,4358.49,899
1788911100,2026-09-08 23:45:00+00:00,4358.39,4358.44,4349.01,4349.79,1890
1788912000,2026-09-09 00:00:00+00:00,4349.8,4352.83,4344.53,4349.53,3613
1788912900,2026-09-09 00:15:00+00:00,4349.53,4350.19,4341.09,4346.89,3259
1788913800,2026-09-09 00:30:00+00:00,4346.94,4354.86,4343.56,4354.75,3241
1788914700,2026-09-09 00:45:00+00:00,4354.75,4365.47,4352.73,4364.62,2743
1788915600,2026-09-09 01:00:00+00:00,4364.62,4368.54,4353.97,4368.15,4972
1788916500,2026-09-09 01:15:00+00:00,4368.15,4373.02,4362.8,4371.57,3807
1788917400,2026-09-09 01:30:00+00:00,4371.54,4378.02,4370.71,4376.33,3868
1788918300,2026-09-09 01:45:00+00:00,4376.33,4378.04,4370.72,4373.54,3429
1788919200,2026-09-09 02:00:00+00:00,4373.51,4375.57,4370.4,4373.39,3955
1788920100,2026-09-09 02:15:00+00:00,4373.44,4376.87,4371.47,4372.79,2074
1788921000,2026-09-09 02:30:00+00:00,4372.79,4374.46,4367.1,4374.11,2484
1788921900,2026-09-09 02:45:00+00:00,4373.98,4384.44,4373.01,4382.33,3377
1788922800,2026-09-09 03:00:00+00:00,4382.35,4382.9,4378.05,4379.04,2201
1788923700,2026-09-09 03:15:00+00:00,4379.04,4379.21,4375.38,4377.96,1546
1788924600,2026-09-09 03:30:00+00:00,4378.02,4379.9,4375.31,4378.6,1099
1788925500,2026-09-09 03:45:00+00:00,4378.6,4378.99,4375.04,4375.06,1220
1788926400,2026-09-09 04:00:00+00:00,4375.06,4376.06,4370.52,4373.24,1442
1788927300,2026-09-09 04:15:00+00:00,4373.25,4380.73,4372.28,4379.96,1925
1788928200,2026-09-09 04:30:00+00:00,4379.88,4380.06,4376.2,4377.9,1563
1788929100,2026-09-09 04:45:00+00:00,4377.9,4382.47,4377.42,4381.45,2123
1788930000,2026-09-09 05:00:00+00:00,4381.43,4387.79,4380.33,4387.59,2135
1788930900,2026-09-09 05:15:00+00:00,4387.46,4388.54,4383.17,4384.94,1925
1788931800,2026-09-09 05:30:00+00:00,4385.11,4395.64,4384.16,4395.45,2752
1788932700,2026-09-09 05:45:00+00:00,4395.33,4400.94,4392.43,4398.72,2554
1788933600,2026-09-09 06:00:00+00:00,4398.68,4405.25,4398.27,4401.28,3115
1788934500,2026-09-09 06:15:00+00:00,4401.31,4403.25,4395.13,4398.05,2670
1788935400,2026-09-09 06:30:00+00:00,4398.31,4406.02,4397.04,4400.29,2831
1788936300,2026-09-09 06:45:00+00:00,4400.26,4401.48,4398.69,4400.48,2061
1788937200,2026-09-09 07:00:00+00:00,4400.48,4407.72,4399.17,4406.5,2410
1788938100,2026-09-09 07:15:00+00:00,4406.5,4408.78,4402.83,4407.64,2942
1788939000,2026-09-09 07:30:00+00:00,4407.68,4410.38,4406.23,4410.32,2016
1788939900,2026-09-09 07:45:00+00:00,4410.33,4412.75,4408.37,4409.07,2629
1788940800,2026-09-09 08:00:00+00:00,4409.07,4411.9,4403.62,4403.77,3526
1788941700,2026-09-09 08:15:00+00:00,4403.81,4404.79,4399.41,4399.69,2892
1788942600,2026-09-09 08:30:00+00:00,4399.59,4403.47,4398.97,4399.9,2609
1788943500,2026-09-09 08:45:00+00:00,4399.88,4403.23,4398.93,4400.66,2158
1788944400,2026-09-09 09:00:00+00:00,4400.66,4402.27,4397.78,4398.37,2731
1788945300,2026-09-09 09:15:00+00:00,4398.34,4400.08,4396.84,4398.39,2269
1788946200,2026-09-09 09:30:00+00:00,4398.12,4398.69,4395.28,4396.27,2683
1788947100,2026-09-09 09:45:00+00:00,4396.29,4396.29,4388.47,4390.61,2849
1788948000,2026-09-09 10:00:00+00:00,4390.61,4393.51,4386.1,4391.12,2596
1788948900,2026-09-09 10:15:00+00:00,4391.04,4395.92,4389.18,4394.28,2676
1788949800,2026-09-09 10:30:00+00:00,4394.29,4399.29,4393.41,4394.89,2693
1788950700,2026-09-09 10:45:00+00:00,4394.87,4403.04,4394.61,4399.56,2922
1788951600,2026-09-09 11:00:00+00:00,4399.56,4404.57,4399.56,4403.54,2843
1788952500,2026-09-09 11:15:00+00:00,4403.56,4409.05,4401.38,4408.29,3081
1788953400,2026-09-09 11:30:00+00:00,4408.15,4408.37,4403.42,4405.48,2890
1788954300,2026-09-09 11:45:00+00:00,4405.63,4415.24,4403.36,4407.22,4886
1788955200,2026-09-09 12:00:00+00:00,4407.33,4409.38,4399.0,4399.15,4059
1788956100,2026-09-09 12:15:00+00:00,4399.16,4400.24,4393.58,4393.65,4431
1788957000,2026-09-09 12:30:00+00:00,4393.68,4397.54,4390.73,4395.34,4615
1788957900,2026-09-09 12:45:00+00:00,4395.34,4402.13,4395.23,4400.05,3422
1788958800,2026-09-09 13:00:00+00:00,4400.05,4413.58,4398.53,4413.22,5655
1788959700,2026-09-09 13:15:00+00:00,4413.24,4430.21,4410.81,4429.47,5996
1788960600,2026-09-09 13:30:00+00:00,4429.47,4434.07,4412.79,4417.04,9375
1788961500,2026-09-09 13:45:00+00:00,4417.07,4423.74,4410.56,4414.95,7219
1788962400,2026-09-09 14:00:00+00:00,4414.75,4428.62,4414.26,4423.29,7782
1788963300,2026-09-09 14:15:00+00:00,4423.31,4426.08,4409.74,4425.87,8610
1788964200,2026-09-09 14:30:00+00:00,4425.91,4427.03,4418.53,4418.81,6328
1788965100,2026-09-09 14:45:00+00:00,4418.81,4423.51,4414.85,4418.71,6626
1788966000,2026-09-09 15:00:00+00:00,4418.71,4432.0,4380.11,4389.63,12159
1788966900,2026-09-09 15:15:00+00:00,4389.66,4395.26,4375.0,4394.59,10153
1788967800,2026-09-09 15:30:00+00:00,4394.6,4407.02,4392.45,4402.96,7696
1788968700,2026-09-09 15:45:00+00:00,4403.02,4407.16,4397.98,4398.44,6055
1788969600,2026-09-09 16:00:00+00:00,4398.48,4403.11,4394.81,4397.87,6972
1788970500,2026-09-09 16:15:00+00:00,4397.87,4402.43,4391.42,4401.7,5100
1788971400,2026-09-09 16:30:00+00:00,4401.67,4407.87,4398.84,4407.29,4569
1788972300,2026-09-09 16:45:00+00:00,4407.29,4410.37,4405.53,4409.41,4131
1788973200,2026-09-09 17:00:00+00:00,4409.5,4420.45,4408.79,4416.53,5113
1788974100,2026-09-09 17:15:00+00:00,4416.53,4420.48,4414.27,4414.71,4673
1788975000,2026-09-09 17:30:00+00:00,4414.71,4417.14,4411.71,4413.55,4039
1788975900,2026-09-09 17:45:00+00:00,4413.55,4416.89,4413.31,4415.98,2846
1788976800,2026-09-09 18:00:00+00:00,4416.04,4421.61,4415.77,4420.33,3511
1788977700,2026-09-09 18:15:00+00:00,4420.33,4420.65,4416.62,4417.89,2884
1788978600,2026-09-09 18:30:00+00:00,4418.0,4418.32,4409.51,4409.81,3168
1788979500,2026-09-09 18:45:00+00:00,4409.87,4410.12,4401.62,4403.15,4151
1788980400,2026-09-09 19:00:00+00:00,4403.25,4404.19,4396.74,4400.26,4336
1788981300,2026-09-09 19:15:00+00:00,4400.19,4404.87,4398.56,4399.59,3679
1788982200,2026-09-09 19:30:00+00:00,4399.59,4400.91,4395.66,4399.81,3388
1788983100,2026-09-09 19:45:00+00:00,4399.81,4401.51,4396.28,4399.15,4370
1788991200,2026-09-09 22:00:00+00:00,4401.6,4406.11,4401.15,4402.85,957
1788992100,2026-09-09 22:15:00+00:00,4402.98,4404.35,4400.18,4402.35,655
1788993000,2026-09-09 22:30:00+00:00,4402.35,4403.95,4399.81,4401.39,952
1788993900,2026-09-09 22:45:00+00:00,4401.39,4401.66,4397.53,4399.45,953
1788994800,2026-09-09 23:00:00+00:00,4399.44,4402.94,4398.16,4400.59,1248
1788995700,2026-09-09 23:15:00+00:00,4400.44,4402.34,4395.68,4397.41,1190
1788996600,2026-09-09 23:30:00+00:00,4397.31,4399.07,4393.19,4394.26,801
1788997500,2026-09-09 23:45:00+00:00,4394.36,4395.1,4393.01,4394.13,1427
1788998400,2026-09-10 00:00:00+00:00,4394.13,4397.07,4389.61,4394.82,2999
1788999300,2026-09-10 00:15:00+00:00,4394.87,4398.46,4392.08,4392.69,3116
1789000200,2026-09-10 00:30:00+00:00,4392.69,4401.63,4391.31,4400.81,2792
1789001100,2026-09-10 00:45:00+00:00,4400.84,4404.7,4397.76,4400.94,3309
1789002000,2026-09-10 01:00:00+00:00,4400.94,4418.97,4400.14,4412.61,4899
1789002900,2026-09-10 01:15:00+00:00,4412.75,4416.48,4410.21,4410.32,4901
1789003800,2026-09-10 01:30:00+00:00,4410.32,4410.91,4405.16,4409.97,4221
1789004700,2026-09-10 01:45:00+00:00,4409.97,4414.4,4407.87,4412.06,4703
1789005600,2026-09-10 02:00:00+00:00,4412.15,4418.68,4411.57,4413.93,4658
1789006500,2026-09-10 02:15:00+00:00,4413.93,4417.68,4407.9,4416.91,2725
1789007400,2026-09-10 02:30:00+00:00,4416.9,4420.72,4411.03,4417.98,3877
1789008300,2026-09-10 02:45:00+00:00,4417.99,4420.75,4416.09,4419.31,3113
1789009200,2026-09-10 03:00:00+00:00,4419.22,4421.08,4411.47,4412.48,3148
1789010100,2026-09-10 03:15:00+00:00,4412.48,4414.79,4409.16,4409.99,2608
1789011000,2026-09-10 03:30:00+00:00,4409.99,4412.47,4407.03,4407.75,1821
1789011900,2026-09-10 03:45:00+00:00,4407.85,4409.96,4406.75,4409.01,1498
1789012800,2026-09-10 04:00:00+00:00,4409.01,4415.45,4409.0,4414.0,1533
1789013700,2026-09-10 04:15:00+00:00,4414.0,4415.47,4410.6,4411.56,1505
1789014600,2026-09-10 04:30:00+00:00,4411.66,4413.68,4405.47,4406.47,1700
1789015500,2026-09-10 04:45:00+00:00,4406.47,4411.61,4406.24,4408.38,1570
1789016400,2026-09-10 05:00:00+00:00,4408.35,4418.79,4408.05,4418.78,2500
1789017300,2026-09-10 05:15:00+00:00,4418.81,4420.66,4416.88,4420.63,2363
1789018200,2026-09-10 05:30:00+00:00,4420.66,4429.46,4417.35,4428.14,4719
1789019100,2026-09-10 05:45:00+00:00,4428.04,4431.26,4423.59,4431.06,3680
1789020000,2026-09-10 06:00:00+00:00,4430.97,4434.62,4415.97,4416.24,3870
1789020900,2026-09-10 06:15:00+00:00,4416.34,4417.59,4410.85,4417.51,4221
1789021800,2026-09-10 06:30:00+00:00,4417.5,4426.94,4413.21,4426.79,3980
1789022700,2026-09-10 06:45:00+00:00,4426.8,4428.87,4423.59,4425.19,3879
1789023600,2026-09-10 07:00:00+00:00,4425.19,4425.35,4413.02,4413.2,3704
1789024500,2026-09-10 07:15:00+00:00,4413.24,4414.98,4407.96,4408.38,3196
1789025400,2026-09-10 07:30:00+00:00,4408.38,4410.7,4404.0,4409.67,4218
1789026300,2026-09-10 07:45:00+00:00,4409.42,4415.35,4408.84,4411.78,3281
1789027200,2026-09-10 08:00:00+00:00,4411.79,4412.83,4404.62,4405.6,4222
1789028100,2026-09-10 08:15:00+00:00,4405.65,4407.69,4403.89,4405.61,3750
1789029000,2026-09-10 08:30:00+00:00,4405.64,4405.97,4394.76,4395.85,4437
1789029900,2026-09-10 08:45:00+00:00,4395.9,4398.36,4392.43,4394.83,4476
1789030800,2026-09-10 09:00:00+00:00,4394.83,4396.62,4389.71,4394.86,3847
1789031700,2026-09-10 09:15:00+00:00,4395.1,4396.89,4391.65,4392.87,3532
1789032600,2026-09-10 09:30:00+00:00,4392.78,4393.09,4388.35,4392.99,3847
1789033500,2026-09-10 09:45:00+00:00,4393.05,4395.75,4392.47,4394.01,2901
1789034400,2026-09-10 10:00:00+00:00,4394.01,4400.05,4389.87,4395.12,5008
1789035300,2026-09-10 10:15:00+00:00,4395.11,4400.2,4393.55,4394.02,3862
1789036200,2026-09-10 10:30:00+00:00,4394.05,4394.71,4377.81,4383.69,5114
1789037100,2026-09-10 10:45:00+00:00,4383.57,4387.94,4374.93,4378.87,5625
1789038000,2026-09-10 11:00:00+00:00,4378.82,4384.45,4375.18,4383.5,4910
1789038900,2026-09-10 11:15:00+00:00,4383.5,4388.7,4379.84,4385.9,4897
1789039800,2026-09-10 11:30:00+00:00,4385.92,4390.69,4384.41,4384.52,4254
1789040700,2026-09-10 11:45:00+00:00,4384.53,4385.27,4373.4,4374.52,5613
1789041600,2026-09-10 12:00:00+00:00,4374.52,4377.75,4369.78,4375.25,5913
1789042500,2026-09-10 12:15:00+00:00,4375.25,4377.13,4361.88,4363.42,5403
1789043400,2026-09-10 12:30:00+00:00,4363.58,4373.42,4323.99,4340.87,9159
1789044300,2026-09-10 12:45:00+00:00,4340.77,4354.95,4336.28,4340.21,8101
1789045200,2026-09-10 13:00:00+00:00,4340.07,4355.36,4339.42,4343.79,8657
1789046100,2026-09-10 13:15:00+00:00,4343.79,4357.66,4341.42,4357.66,9071
1789047000,2026-09-10 13:30:00+00:00,4357.73,4373.35,4352.28,4364.46,10298
1789047900,2026-09-10 13:45:00+00:00,4364.58,4375.82,4362.4,4365.58,8605
1789048800,2026-09-10 14:00:00+00:00,4365.63,4375.08,4359.14,4359.34,9066
1789049700,2026-09-10 14:15:00+00:00,4359.29,4376.27,4353.85,4363.35,8956
1789050600,2026-09-10 14:30:00+00:00,4363.12,4370.29,4356.14,4356.2,8166
1789051500,2026-09-10 14:45:00+00:00,4356.2,4361.66,4353.87,4358.08,7908
1789052400,2026-09-10 15:00:00+00:00,4358.09,4361.45,4352.58,4359.66,7369
1789053300,2026-09-10 15:15:00+00:00,4359.64,4367.73,4358.57,4365.31,7570
1789054200,2026-09-10 15:30:00+00:00,4365.4,4372.13,4362.24,4365.74,6410
1789055100,2026-09-10 15:45:00+00:00,4365.78,4370.08,4360.88,4365.82,5850
1789056000,2026-09-10 16:00:00+00:00,4365.95,4369.92,4353.99,4359.0,7317
1789056900,2026-09-10 16:15:00+00:00,4359.03,4363.73,4355.32,4362.96,5919
1789057800,2026-09-10 16:30:00+00:00,4363.05,4365.58,4355.67,4356.48,6176
1789058700,2026-09-10 16:45:00+00:00,4356.48,4364.26,4356.39,4363.99,5086
1789059600,2026-09-10 17:00:00+00:00,4363.99,4368.06,4359.55,4362.47,5479
1789060500,2026-09-10 17:15:00+00:00,4362.48,4366.9,4361.25,4365.82,6144
1789061400,2026-09-10 17:30:00+00:00,4365.83,4366.32,4355.28,4359.43,6492
1789062300,2026-09-10 17:45:00+00:00,4359.46,4360.23,4351.1,4352.63,5778
1789063200,2026-09-10 18:00:00+00:00,4352.75,4356.16,4340.34,4340.85,7748
1789064100,2026-09-10 18:15:00+00:00,4340.83,4346.29,4337.39,4339.03,6670
1789065000,2026-09-10 18:30:00+00:00,4339.03,4339.04,4331.84,4333.82,6117
1789065900,2026-09-10 18:45:00+00:00,4333.82,4338.61,4329.73,4332.9,6856
1789066800,2026-09-10 19:00:00+00:00,4332.76,4332.88,4313.68,4322.48,7215
1789067700,2026-09-10 19:15:00+00:00,4322.48,4330.8,4319.33,4327.27,5404
1789068600,2026-09-10 19:30:00+00:00,4327.27,4329.55,4323.56,4324.36,5313
1789069500,2026-09-10 19:45:00+00:00,4324.35,4326.06,4320.1,4324.32,5792
1789077600,2026-09-10 22:00:00+00:00,4311.47,4324.54,4285.91,4321.31,739
1789078500,2026-09-10 22:15:00+00:00,4321.23,4322.05,4318.86,4319.7,671
1789079400,2026-09-10 22:30:00+00:00,4319.7,4320.44,4313.63,4315.96,1209
1789080300,2026-09-10 22:45:00+00:00,4315.97,4319.17,4315.02,4318.57,666
1789081200,2026-09-10 23:00:00+00:00,4318.57,4319.85,4316.58,4319.52,658
1789082100,2026-09-10 23:15:00+00:00,4319.51,4320.46,4317.6,4318.13,458
1789083000,2026-09-10 23:30:00+00:00,4318.1,4320.31,4314.47,4315.98,934
1789083900,2026-09-10 23:45:00+00:00,4315.98,4317.96,4310.87,4315.1,1700
1789084800,2026-09-11 00:00:00+00:00,4315.18,4323.68,4312.54,4319.05,5732
1789085700,2026-09-11 00:15:00+00:00,4319.03,4324.07,4316.98,4323.9,4774
1789086600,2026-09-11 00:30:00+00:00,4323.9,4327.51,4319.68,4327.47,4224
1789087500,2026-09-11 00:45:00+00:00,4327.44,4333.78,4326.71,4332.04,4357
1789088400,2026-09-11 01:00:00+00:00,4332.04,4340.42,4328.06,4333.12,6673
1789089300,2026-09-11 01:15:00+00:00,4333.1,4337.52,4320.84,4328.09,5166
1789090200,2026-09-11 01:30:00+00:00,4328.1,4334.97,4322.46,4326.72,4374
1789091100,2026-09-11 01:45:00+00:00,4326.72,4330.12,4323.88,4329.32,3836
1789092000,2026-09-11 02:00:00+00:00,4329.32,4333.47,4327.57,4330.68,3135
1789092900,2026-09-11 02:15:00+00:00,4330.64,4334.53,4323.42,4325.14,2928
1789093800,2026-09-11 02:30:00+00:00,4325.12,4326.52,4316.75,4318.55,5340
1789094700,2026-09-11 02:45:00+00:00,4318.54,4326.69,4315.86,4322.73,4253
1789095600,2026-09-11 03:00:00+00:00,4322.73,4326.47,4314.26,4319.57,4247
1789096500,2026-09-11 03:15:00+00:00,4319.57,4321.55,4303.89,4309.16,3861
1789097400,2026-09-11 03:30:00+00:00,4309.15,4312.48,4306.35,4308.2,3188
1789098300,2026-09-11 03:45:00+00:00,4308.2,4308.32,4300.64,4303.8,3895
1789099200,2026-09-11 04:00:00+00:00,4303.8,4324.96,4301.86,4321.52,4979
1789100100,2026-09-11 04:15:00+00:00,4321.52,4329.13,4319.32,4328.64,3719
1789101000,2026-09-11 04:30:00+00:00,4328.64,4332.8,4325.35,4330.42,3609
1789101900,2026-09-11 04:45:00+00:00,4330.42,4335.29,4329.01,4331.77,2539
1789102800,2026-09-11 05:00:00+00:00,4331.77,4338.1,4328.18,4338.03,3515
1789103700,2026-09-11 05:15:00+00:00,4338.01,4339.35,4333.42,4334.6,3082
1789104600,2026-09-11 05:30:00+00:00,4334.57,4342.88,4333.54,4342.75,4873
1789105500,2026-09-11 05:45:00+00:00,4342.75,4352.02,4339.57,4346.03,4177
1789106400,2026-09-11 06:00:00+00:00,4346.03,4361.01,4345.74,4358.97,5598
1789107300,2026-09-11 06:15:00+00:00,4358.98,4360.39,4351.2,4351.58,4387
1789108200,2026-09-11 06:30:00+00:00,4351.58,4353.97,4347.03,4350.62,4449
1789109100,2026-09-11 06:45:00+00:00,4350.64,4355.37,4349.48,4353.15,3763
1789110000,2026-09-11 07:00:00+00:00,4353.19,4356.18,4349.78,4351.56,3385
1789110900,2026-09-11 07:15:00+00:00,4351.83,4352.34,4345.94,4346.28,3359
1789111800,2026-09-11 07:30:00+00:00,4346.2,4347.79,4343.04,4345.08,3325
1789112700,2026-09-11 07:45:00+00:00,4345.1,4345.21,4340.5,4344.91,3487
1789113600,2026-09-11 08:00:00+00:00,4344.91,4349.4,4342.13,4347.43,4867
1789114500,2026-09-11 08:15:00+00:00,4347.39,4357.49,4343.6,4351.5,5016
1789115400,2026-09-11 08:30:00+00:00,4351.38,4356.7,4351.09,4352.61,4106
1789116300,2026-09-11 08:45:00+00:00,4352.63,4355.41,4345.52,4346.99,4038
1789117200,2026-09-11 09:00:00+00:00,4347.02,4353.97,4342.38,4342.38,4095
1789118100,2026-09-11 09:15:00+00:00,4342.38,4346.16,4341.41,4343.7,3465
1789119000,2026-09-11 09:30:00+00:00,4343.74,4345.01,4340.77,4343.4,3277
1789119900,2026-09-11 09:45:00+00:00,4343.4,4347.69,4342.37,4346.31,3310
1789120800,2026-09-11 10:00:00+00:00,4346.31,4349.8,4341.3,4346.1,3693
1789121700,2026-09-11 10:15:00+00:00,4346.25,4349.92,4345.62,4349.29,3461
1789122600,2026-09-11 10:30:00+00:00,4349.18,4349.64,4343.68,4345.06,4336
1789123500,2026-09-11 10:45:00+00:00,4345.09,4345.31,4336.64,4337.47,3447
1789124400,2026-09-11 11:00:00+00:00,4337.53,4342.55,4334.61,4338.05,4266
1789125300,2026-09-11 11:15:00+00:00,4338.04,4341.59,4335.89,4336.41,4396
1789126200,2026-09-11 11:30:00+00:00,4336.41,4337.24,4330.06,4334.6,4306
1789127100,2026-09-11 11:45:00+00:00,4334.66,4336.14,4330.69,4333.27,4714
1789128000,2026-09-11 12:00:00+00:00,4333.29,4334.79,4324.66,4327.88,6290
1789128900,2026-09-11 12:15:00+00:00,4327.87,4343.33,4327.15,4341.15,8866
1789129800,2026-09-11 12:30:00+00:00,4340.9,4362.34,4289.57,4353.82,12025
1789130700,2026-09-11 12:45:00+00:00,4353.87,4390.13,4352.43,4388.38,10772
1789131600,2026-09-11 13:00:00+00:00,4388.18,4394.25,4380.43,4389.24,9232
1789132500,2026-09-11 13:15:00+00:00,4389.36,4398.47,4380.39,4390.05,8047
1789133400,2026-09-11 13:30:00+00:00,4390.05,4400.24,4381.53,4394.72,10890
1789134300,2026-09-11 13:45:00+00:00,4394.74,4402.45,4387.14,4401.55,9677
1789135200,2026-09-11 14:00:00+00:00,4401.55,4402.37,4381.51,4383.03,10847
1789136100,2026-09-11 14:15:00+00:00,4382.74,4385.36,4374.21,4375.07,9997
1789137000,2026-09-11 14:30:00+00:00,4375.01,4375.49,4364.65,4371.43,9147
1789137900,2026-09-11 14:45:00+00:00,4371.43,4384.27,4370.41,4370.76,8314
1789138800,2026-09-11 15:00:00+00:00,4370.56,4372.82,4359.16,4362.43,7884
1789139700,2026-09-11 15:15:00+00:00,4362.45,4372.32,4361.34,4370.35,7690
1789140600,2026-09-11 15:30:00+00:00,4370.29,4377.14,4368.97,4372.76,6604
1789141500,2026-09-11 15:45:00+00:00,4372.76,4373.76,4365.2,4367.1,6125
1789142400,2026-09-11 16:00:00+00:00,4367.1,4372.67,4360.95,4361.3,5894
1789143300,2026-09-11 16:15:00+00:00,4361.3,4363.97,4351.93,4354.9,6698
1789144200,2026-09-11 16:30:00+00:00,4354.86,4365.85,4353.26,4363.49,5918
1789145100,2026-09-11 16:45:00+00:00,4363.49,4365.07,4360.22,4361.7,4649
1789146000,2026-09-11 17:00:00+00:00,4361.7,4369.14,4360.74,4365.6,4576
1789146900,2026-09-11 17:15:00+00:00,4365.6,4369.77,4363.44,4366.86,4981
1789147800,2026-09-11 17:30:00+00:00,4366.86,4370.46,4359.92,4362.06,4227
1789148700,2026-09-11 17:45:00+00:00,4361.64,4363.76,4357.82,4358.2,4567
1789149600,2026-09-11 18:00:00+00:00,4358.24,4360.12,4345.86,4346.8,4234
1789150500,2026-09-11 18:15:00+00:00,4346.85,4353.02,4343.99,4350.55,6234
1789151400,2026-09-11 18:30:00+00:00,4350.55,4351.47,4345.65,4347.01,3834
1789152300,2026-09-11 18:45:00+00:00,4347.05,4347.4,4344.23,4346.95,3231
1789153200,2026-09-11 19:00:00+00:00,4346.98,4351.91,4344.34,4351.86,3689
1789154100,2026-09-11 19:15:00+00:00,4351.97,4353.76,4347.35,4347.46,3038
1789155000,2026-09-11 19:30:00+00:00,4347.46,4348.45,4345.15,4346.19,3400
1789155900,2026-09-11 19:45:00+00:00,4346.15,4349.44,4342.64,4348.46,3743
1789336800,2026-09-13 22:00:00+00:00,4328.26,4342.37,4305.91,4330.66,3101
1789337700,2026-09-13 22:15:00+00:00,4331.28,4336.28,4328.24,4335.87,1857
1789338600,2026-09-13 22:30:00+00:00,4335.8,4338.03,4333.61,4337.13,1171
1789339500,2026-09-13 22:45:00+00:00,4337.14,4339.98,4335.13,4337.83,699
1789340400,2026-09-13 23:00:00+00:00,4337.83,4342.39,4337.83,4339.43,486
1789341300,2026-09-13 23:15:00+00:00,4339.32,4340.34,4335.63,4339.24,764
1789342200,2026-09-13 23:30:00+00:00,4339.24,4341.98,4337.76,4337.82,985
1789343100,2026-09-13 23:45:00+00:00,4337.72,4338.08,4331.72,4332.69,2411
1789344000,2026-09-14 00:00:00+00:00,4332.68,4347.44,4329.78,4342.57,4525
1789344900,2026-09-14 00:15:00+00:00,4342.5,4345.03,4333.0,4337.82,3847
1789345800,2026-09-14 00:30:00+00:00,4337.8,4340.56,4331.97,4338.06,4086
1789346700,2026-09-14 00:45:00+00:00,4338.11,4343.36,4337.12,4338.49,3263
1789347600,2026-09-14 01:00:00+00:00,4338.49,4344.56,4329.43,4331.44,7728
1789348500,2026-09-14 01:15:00+00:00,4331.4,4337.89,4326.08,4335.46,5665
1789349400,2026-09-14 01:30:00+00:00,4335.5,4346.67,4328.22,4342.32,4711
1789350300,2026-09-14 01:45:00+00:00,4342.32,4355.18,4342.31,4353.19,3702
1789351200,2026-09-14 02:00:00+00:00,4353.01,4354.87,4348.32,4349.21,3656
1789352100,2026-09-14 02:15:00+00:00,4349.19,4353.98,4348.09,4352.04,1699
1789353000,2026-09-14 02:30:00+00:00,4352.19,4355.27,4342.99,4345.58,3670
1789353900,2026-09-14 02:45:00+00:00,4345.52,4348.0,4330.22,4330.8,2583
1789354800,2026-09-14 03:00:00+00:00,4330.8,4336.1,4327.41,4333.31,1944
1789355700,2026-09-14 03:15:00+00:00,4333.31,4336.36,4331.89,4334.83,1213
1789356600,2026-09-14 03:30:00+00:00,4334.83,4335.19,4327.06,4329.09,1560
1789357500,2026-09-14 03:45:00+00:00,4329.09,4333.58,4328.52,4330.29,1565
1789358400,2026-09-14 04:00:00+00:00,4330.29,4331.6,4328.99,4329.09,1721
1789359300,2026-09-14 04:15:00+00:00,4329.09,4331.63,4328.72,4331.39,1526
1789360200,2026-09-14 04:30:00+00:00,4331.46,4331.61,4323.33,4323.38,1580
1789361100,2026-09-14 04:45:00+00:00,4323.38,4331.64,4321.87,4329.41,1511
1789362000,2026-09-14 05:00:00+00:00,4329.42,4332.55,4326.46,4330.69,2533
1789362900,2026-09-14 05:15:00+00:00,4330.78,4332.11,4326.25,4326.42,1975
1789363800,2026-09-14 05:30:00+00:00,4326.42,4337.08,4325.2,4330.81,3382
1789364700,2026-09-14 05:45:00+00:00,4330.81,4337.39,4323.22,4337.36,3386
1789365600,2026-09-14 06:00:00+00:00,4337.35,4338.74,4326.9,4329.93,4416
1789366500,2026-09-14 06:15:00+00:00,4329.93,4332.51,4326.85,4330.07,3449
1789367400,2026-09-14 06:30:00+00:00,4330.07,4332.35,4325.05,4327.28,2928
1789368300,2026-09-14 06:45:00+00:00,4327.28,4329.64,4320.6,4322.13,3213
1789369200,2026-09-14 07:00:00+00:00,4322.14,4324.22,4317.44,4323.89,3643
1789370100,2026-09-14 07:15:00+00:00,4323.98,4324.2,4316.23,4316.8,1924
1789371000,2026-09-14 07:30:00+00:00,4316.81,4319.64,4315.56,4319.16,2054
1789371900,2026-09-14 07:45:00+00:00,4319.29,4321.98,4307.85,4310.83,4010
1789372800,2026-09-14 08:00:00+00:00,4310.87,4318.26,4310.68,4313.28,4572
1789373700,2026-09-14 08:15:00+00:00,4313.2,4314.37,4310.14,4310.6,3726
1789374600,2026-09-14 08:30:00+00:00,4310.6,4316.16,4309.54,4311.8,4173
1789375500,2026-09-14 08:45:00+00:00,4311.79,4313.33,4303.23,4306.55,3604
1789376400,2026-09-14 09:00:00+00:00,4306.56,4311.67,4305.0,4305.8,2879
1789377300,2026-09-14 09:15:00+00:00,4305.8,4306.03,4280.41,4287.88,4072
1789378200,2026-09-14 09:30:00+00:00,4287.74,4289.6,4279.12,4281.4,5464
1789379100,2026-09-14 09:45:00+00:00,4281.4,4288.35,4278.13,4285.46,4774
1789380000,2026-09-14 10:00:00+00:00,4285.48,4289.48,4278.14,4288.36,4736
1789380900,2026-09-14 10:15:00+00:00,4288.36,4292.64,4285.82,4291.17,3575
1789381800,2026-09-14 10:30:00+00:00,4291.23,4294.96,4289.21,4293.86,2685
1789382700,2026-09-14 10:45:00+00:00,4293.88,4296.57,4290.02,4294.62,3001
1789383600,2026-09-14 11:00:00+00:00,4294.69,4296.89,4291.13,4292.23,4243
1789384500,2026-09-14 11:15:00+00:00,4292.23,4296.89,4291.04,4296.1,2856
1789385400,2026-09-14 11:30:00+00:00,4296.1,4296.8,4292.06,4292.26,3553
1789386300,2026-09-14 11:45:00+00:00,4292.26,4293.84,4284.14,4286.99,3678
1789387200,2026-09-14 12:00:00+00:00,4286.99,4296.68,4285.0,4294.59,3943
1789388100,2026-09-14 12:15:00+00:00,4294.59,4297.7,4283.19,4285.83,6349
1789389000,2026-09-14 12:30:00+00:00,4285.84,4289.54,4273.42,4283.65,8174
1789389900,2026-09-14 12:45:00+00:00,4283.4,4283.47,4265.76,4270.96,6013
1789390800,2026-09-14 13:00:00+00:00,4271.0,4272.66,4253.48,4266.3,8622
1789391700,2026-09-14 13:15:00+00:00,4266.28,4277.8,4263.82,4273.35,5893
1789392600,2026-09-14 13:30:00+00:00,4273.5,4278.44,4266.73,4274.81,9481
1789393500,2026-09-14 13:45:00+00:00,4274.86,4281.18,4269.68,4272.5,9193
1789394400,2026-09-14 14:00:00+00:00,4272.56,4281.95,4264.93,4281.54,8933
1789395300,2026-09-14 14:15:00+00:00,4281.64,4282.97,4263.92,4270.03,7692
1789396200,2026-09-14 14:30:00+00:00,4270.05,4277.12,4266.09,4276.8,6955
1789397100,2026-09-14 14:45:00+00:00,4276.8,4279.49,4273.92,4279.49,6917
1789398000,2026-09-14 15:00:00+00:00,4279.46,4286.6,4272.53,4276.91,8672
1789398900,2026-09-14 15:15:00+00:00,4276.66,4284.81,4272.55,4283.56,6585
1789399800,2026-09-14 15:30:00+00:00,4283.54,4298.32,4282.71,4294.16,8970
1789400700,2026-09-14 15:45:00+00:00,4294.21,4295.01,4286.28,4288.23,6168
1789401600,2026-09-14 16:00:00+00:00,4288.26,4297.64,4286.24,4294.38,5296
1789402500,2026-09-14 16:15:00+00:00,4294.46,4305.41,4294.44,4300.03,5700
1789403400,2026-09-14 16:30:00+00:00,4300.01,4307.97,4299.44,4306.03,5936
1789404300,2026-09-14 16:45:00+00:00,4306.03,4317.79,4304.71,4315.76,8052
1789405200,2026-09-14 17:00:00+00:00,4315.8,4316.49,4311.04,4311.04,6069
1789406100,2026-09-14 17:15:00+00:00,4310.98,4314.09,4309.11,4311.77,5600
1789407000,2026-09-14 17:30:00+00:00,4311.76,4313.65,4307.75,4309.92,5053
1789407900,2026-09-14 17:45:00+00:00,4309.56,4313.84,4308.58,4311.05,4946
1789408800,2026-09-14 18:00:00+00:00,4311.08,4315.83,4308.21,4312.57,5374
1789409700,2026-09-14 18:15:00+00:00,4312.63,4312.67,4306.27,4309.73,4797
1789410600,2026-09-14 18:30:00+00:00,4309.72,4313.26,4308.52,4309.34,5031
1789411500,2026-09-14 18:45:00+00:00,4309.33,4309.75,4304.6,4307.39,3794
1789412400,2026-09-14 19:00:00+00:00,4307.4,4307.91,4302.8,4305.99,3248
1789413300,2026-09-14 19:15:00+00:00,4305.97,4305.97,4295.8,4296.33,3559
1789414200,2026-09-14 19:30:00+00:00,4296.3,4297.37,4290.45,4291.78,3920
1789415100,2026-09-14 19:45:00+00:00,4291.8,4291.88,4282.75,4283.53,4873
1789423200,2026-09-14 22:00:00+00:00,4294.14,4301.27,4284.04,4296.83,1277
1789424100,2026-09-14 22:15:00+00:00,4296.78,4298.4,4292.61,4295.52,1150
1789425000,2026-09-14 22:30:00+00:00,4295.52,4298.43,4293.48,4295.44,1253
1789425900,2026-09-14 22:45:00+00:00,4295.45,4298.31,4292.94,4295.29,991
1789426800,2026-09-14 23:00:00+00:00,4295.3,4297.38,4290.82,4292.05,1264
1789427700,2026-09-14 23:15:00+00:00,4292.1,4292.29,4286.82,4289.99,1210
1789428600,2026-09-14 23:30:00+00:00,4289.99,4291.65,4287.77,4289.34,978
1789429500,2026-09-14 23:45:00+00:00,4289.41,4289.51,4287.14,4288.2,1147
1789430400,2026-09-15 00:00:00+00:00,4288.2,4289.08,4283.58,4286.77,5438
1789431300,2026-09-15 00:15:00+00:00,4286.79,4289.69,4283.61,4288.11,3819
1789432200,2026-09-15 00:30:00+00:00,4288.12,4293.06,4283.08,4292.5,2385
1789433100,2026-09-15 00:45:00+00:00,4292.5,4296.65,4291.75,4292.91,5014
1789434000,2026-09-15 01:00:00+00:00,4292.87,4299.87,4287.89,4299.63,6664
1789434900,2026-09-15 01:15:00+00:00,4299.53,4305.83,4299.01,4301.88,4429
1789435800,2026-09-15 01:30:00+00:00,4301.88,4306.61,4295.17,4298.69,3639
1789436700,2026-09-15 01:45:00+00:00,4298.69,4305.0,4294.13,4304.47,2886
1789437600,2026-09-15 02:00:00+00:00,4304.86,4311.74,4304.51,4307.31,3824
1789438500,2026-09-15 02:15:00+00:00,4307.29,4310.14,4305.38,4310.12,2607
1789439400,2026-09-15 02:30:00+00:00,4310.18,4317.33,4307.16,4311.36,3293
1789440300,2026-09-15 02:45:00+00:00,4311.26,4317.32,4311.05,4314.12,2774
1789441200,2026-09-15 03:00:00+00:00,4314.12,4314.51,4309.83,4310.89,3440
1789442100,2026-09-15 03:15:00+00:00,4310.89,4314.36,4309.73,4310.71,2293
1789443000,2026-09-15 03:30:00+00:00,4310.62,4313.47,4308.0,4308.5,2207
1789443900,2026-09-15 03:45:00+00:00,4308.5,4310.05,4303.17,4303.43,1692
1789444800,2026-09-15 04:00:00+00:00,4303.26,4309.66,4302.37,4307.15,2638
1789445700,2026-09-15 04:15:00+00:00,4307.22,4308.52,4302.61,4303.47,2224
1789446600,2026-09-15 04:30:00+00:00,4303.47,4306.17,4300.56,4304.89,2290
1789447500,2026-09-15 04:45:00+00:00,4304.75,4307.84,4304.05,4304.66,2384
1789448400,2026-09-15 05:00:00+00:00,4304.66,4307.47,4300.42,4301.6,2622
1789449300,2026-09-15 05:15:00+00:00,4301.64,4301.92,4296.35,4297.24,3371
1789450200,2026-09-15 05:30:00+00:00,4297.16,4300.16,4289.06,4296.15,4509
1789451100,2026-09-15 05:45:00+00:00,4296.21,4299.77,4290.71,4290.97,4010
1789452000,2026-09-15 06:00:00+00:00,4290.97,4294.2,4286.01,4289.79,4616
1789452900,2026-09-15 06:15:00+00:00,4289.75,4292.29,4287.15,4289.45,4278
1789453800,2026-09-15 06:30:00+00:00,4289.46,4291.25,4285.91,4290.79,3969
1789454700,2026-09-15 06:45:00+00:00,4290.79,4295.31,4290.43,4293.41,3698
1789455600,2026-09-15 07:00:00+00:00,4293.3,4295.38,4286.65,4288.13,4736
1789456500,2026-09-15 07:15:00+00:00,4288.08,4292.33,4287.64,4292.08,4103
1789457400,2026-09-15 07:30:00+00:00,4292.07,4292.97,4280.62,4283.88,4604
1789458300,2026-09-15 07:45:00+00:00,4283.84,4290.0,4276.18,4280.6,5980
1789459200,2026-09-15 08:00:00+00:00,4280.6,4280.74,4263.62,4267.93,6355
1789460100,2026-09-15 08:15:00+00:00,4267.7,4275.38,4266.87,4273.18,4805
1789461000,2026-09-15 08:30:00+00:00,4273.21,4274.89,4267.03,4267.51,4234
1789461900,2026-09-15 08:45:00+00:00,4267.54,4269.62,4261.21,4262.42,4632
1789462800,2026-09-15 09:00:00+00:00,4262.4,4267.14,4261.36,4265.67,4693
1789463700,2026-09-15 09:15:00+00:00,4265.62,4269.55,4261.63,4266.95,5199
1789464600,2026-09-15 09:30:00+00:00,4266.86,4272.17,4264.89,4269.45,3932
1789465500,2026-09-15 09:45:00+00:00,4269.48,4271.99,4267.86,4268.26,3662
1789466400,2026-09-15 10:00:00+00:00,4268.32,4277.81,4268.26,4273.1,4150
1789467300,2026-09-15 10:15:00+00:00,4273.03,4274.7,4269.89,4274.41,3557
1789468200,2026-09-15 10:30:00+00:00,4274.44,4277.36,4273.64,4274.87,4311
1789469100,2026-09-15 10:45:00+00:00,4274.77,4283.86,4274.58,4281.47,3709
1789470000,2026-09-15 11:00:00+00:00,4281.41,4283.9,4278.66,4283.67,3681
1789470900,2026-09-15 11:15:00+00:00,4283.69,4285.54,4282.45,4283.39,3538
1789471800,2026-09-15 11:30:00+00:00,4283.26,4285.04,4280.19,4282.81,4707
1789472700,2026-09-15 11:45:00+00:00,4282.83,4286.74,4282.36,4284.61,3909
1789473600,2026-09-15 12:00:00+00:00,4284.67,4284.96,4275.78,4278.44,4378
1789474500,2026-09-15 12:15:00+00:00,4278.38,4279.16,4271.32,4277.63,4874
1789475400,2026-09-15 12:30:00+00:00,4277.63,4286.06,4274.64,4281.17,5333
1789476300,2026-09-15 12:45:00+00:00,4281.22,4295.82,4280.94,4290.24,8333
1789477200,2026-09-15 13:00:00+00:00,4290.22,4294.42,4283.84,4286.76,6970
1789478100,2026-09-15 13:15:00+00:00,4286.78,4293.14,4283.57,4287.32,6369
1789479000,2026-09-15 13:30:00+00:00,4287.33,4294.09,4284.03,4289.66,10090
1789479900,2026-09-15 13:45:00+00:00,4289.68,4298.29,4288.2,4294.74,8569
1789480800,2026-09-15 14:00:00+00:00,4294.75,4300.46,4293.38,4294.52,8720
1789481700,2026-09-15 14:15:00+00:00,4294.58,4295.57,4282.78,4284.09,7680
1789482600,2026-09-15 14:30:00+00:00,4284.1,4286.05,4275.55,4278.11,8515
1789483500,2026-09-15 14:45:00+00:00,4278.08,4282.97,4273.69,4277.06,7228
1789484400,2026-09-15 15:00:00+00:00,4276.81,4286.17,4276.53,4285.29,7101
1789485300,2026-09-15 15:15:00+00:00,4285.3,4287.52,4282.27,4283.93,5357
1789486200,2026-09-15 15:30:00+00:00,4283.98,4290.37,4281.48,4287.67,5796
1789487100,2026-09-15 15:45:00+00:00,4287.71,4294.69,4284.97,4289.32,6554
1789488000,2026-09-15 16:00:00+00:00,4289.3,4291.59,4286.18,4286.34,6479
1789488900,2026-09-15 16:15:00+00:00,4286.34,4297.09,4285.51,4295.5,5811
1789489800,2026-09-15 16:30:00+00:00,4295.56,4297.74,4291.42,4296.58,5837
1789490700,2026-09-15 16:45:00+00:00,4296.63,4298.34,4294.99,4295.55,4558
1789491600,2026-09-15 17:00:00+00:00,4295.53,4299.14,4290.27,4295.02,4670
1789492500,2026-09-15 17:15:00+00:00,4295.02,4296.59,4291.47,4293.12,4852
1789493400,2026-09-15 17:30:00+00:00,4293.13,4299.0,4292.23,4293.27,4082
1789494300,2026-09-15 17:45:00+00:00,4293.24,4296.21,4293.16,4294.94,4145
1789495200,2026-09-15 18:00:00+00:00,4294.96,4304.2,4292.9,4302.35,5324
1789496100,2026-09-15 18:15:00+00:00,4302.46,4306.86,4302.05,4304.9,6351
1789497000,2026-09-15 18:30:00+00:00,4304.78,4308.31,4301.62,4304.78,4374
1789497900,2026-09-15 18:45:00+00:00,4304.77,4310.37,4304.33,4308.6,5114
1789498800,2026-09-15 19:00:00+00:00,4308.63,4310.64,4300.22,4300.27,5146
1789499700,2026-09-15 19:15:00+00:00,4300.26,4302.26,4298.21,4301.15,5216
1789500600,2026-09-15 19:30:00+00:00,4301.13,4302.46,4296.74,4296.78,3441
1789501500,2026-09-15 19:45:00+00:00,4296.81,4299.78,4294.21,4297.81,4549
1789509600,2026-09-15 22:00:00+00:00,4270.1,4295.87,4269.99,4292.69,824
1789510500,2026-09-15 22:15:00+00:00,4292.78,4298.91,4291.44,4298.49,1201
1789511400,2026-09-15 22:30:00+00:00,4298.57,4299.05,4294.25,4294.46,820
1789512300,2026-09-15 22:45:00+00:00,4294.46,4295.19,4288.62,4288.85,832
1789513200,2026-09-15 23:00:00+00:00,4288.76,4289.33,4284.7,4286.03,1104
1789514100,2026-09-15 23:15:00+00:00,4286.08,4287.18,4281.9,4284.34,736
1789515000,2026-09-15 23:30:00+00:00,4284.34,4287.53,4282.35,4284.49,1098
1789515900,2026-09-15 23:45:00+00:00,4284.56,4286.11,4281.01,4283.38,1202
1789516800,2026-09-16 00:00:00+00:00,4283.46,4284.62,4280.41,4282.49,2588
1789517700,2026-09-16 00:15:00+00:00,4282.51,4286.1,4281.62,4283.96,2642
1789518600,2026-09-16 00:30:00+00:00,4283.97,4285.7,4279.72,4283.57,2305
1789519500,2026-09-16 00:45:00+00:00,4283.48,4285.04,4275.37,4277.22,2899
1789520400,2026-09-16 01:00:00+00:00,4277.22,4287.76,4276.56,4287.14,5181
1789521300,2026-09-16 01:15:00+00:00,4287.14,4293.51,4284.46,4290.47,2859
1789522200,2026-09-16 01:30:00+00:00,4290.3,4291.41,4285.67,4288.46,3203
1789523100,2026-09-16 01:45:00+00:00,4288.41,4289.1,4279.89,4282.39,2931
1789524000,2026-09-16 02:00:00+00:00,4282.39,4294.86,4281.83,4292.07,2779
1789524900,2026-09-16 02:15:00+00:00,4292.07,4300.66,4289.83,4298.84,3110
1789525800,2026-09-16 02:30:00+00:00,4298.84,4315.87,4298.48,4310.9,5626
1789526700,2026-09-16 02:45:00+00:00,4310.91,4323.26,4310.59,4321.61,4537
1789527600,2026-09-16 03:00:00+00:00,4321.51,4338.68,4321.36,4336.96,4657
1789528500,2026-09-16 03:15:00+00:00,4336.96,4340.88,4331.74,4331.82,4669
1789529400,2026-09-16 03:30:00+00:00,4331.8,4332.38,4325.81,4326.95,3719
1789530300,2026-09-16 03:45:00+00:00,4326.95,4327.78,4322.71,4326.91,2862
1789531200,2026-09-16 04:00:00+00:00,4326.87,4328.38,4325.34,4326.67,1812
1789532100,2026-09-16 04:15:00+00:00,4326.67,4328.43,4323.22,4325.58,1678
1789533000,2026-09-16 04:30:00+00:00,4325.56,4328.2,4322.71,4322.83,1805
1789533900,2026-09-16 04:45:00+00:00,4322.87,4323.34,4320.45,4321.81,1487
1789534800,2026-09-16 05:00:00+00:00,4321.72,4324.36,4320.65,4321.48,2646
1789535700,2026-09-16 05:15:00+00:00,4321.48,4326.82,4321.47,4324.77,2008
1789536600,2026-09-16 05:30:00+00:00,4324.77,4332.87,4324.31,4332.71,4136
1789537500,2026-09-16 05:45:00+00:00,4332.71,4333.62,4326.4,4326.42,3577
1789538400,2026-09-16 06:00:00+00:00,4326.42,4332.17,4321.41,4325.74,4584
1789539300,2026-09-16 06:15:00+00:00,4325.71,4330.15,4324.73,4326.78,3534
1789540200,2026-09-16 06:30:00+00:00,4326.8,4328.22,4323.69,4327.97,2745
1789541100,2026-09-16 06:45:00+00:00,4328.0,4333.12,4325.26,4332.9,3446
1789542000,2026-09-16 07:00:00+00:00,4332.9,4335.86,4329.95,4335.41,4657
1789542900,2026-09-16 07:15:00+00:00,4335.44,4337.51,4332.09,4335.6,2748
1789543800,2026-09-16 07:30:00+00:00,4335.52,4339.05,4333.59,4336.14,3565
1789544700,2026-09-16 07:45:00+00:00,4336.52,4338.04,4328.37,4329.2,3279
1789545600,2026-09-16 08:00:00+00:00,4329.18,4329.61,4322.94,4327.52,3725
1789546500,2026-09-16 08:15:00+00:00,4327.49,4337.6,4326.66,4333.97,4763
1789547400,2026-09-16 08:30:00+00:00,4334.02,4334.33,4323.62,4328.37,3769
1789548300,2026-09-16 08:45:00+00:00,4328.41,4331.35,4324.72,4330.22,2963
1789549200,2026-09-16 09:00:00+00:00,4330.31,4332.52,4329.58,4332.07,3205
1789550100,2026-09-16 09:15:00+00:00,4332.08,4334.01,4327.42,4329.56,3737
1789551000,2026-09-16 09:30:00+00:00,4329.53,4337.26,4329.45,4334.93,3750
1789551900,2026-09-16 09:45:00+00:00,4334.93,4339.27,4331.28,4338.12,2696
1789552800,2026-09-16 10:00:00+00:00,4338.17,4348.94,4337.49,4342.75,4377
1789553700,2026-09-16 10:15:00+00:00,4342.74,4348.71,4340.83,4347.97,3064
1789554600,2026-09-16 10:30:00+00:00,4348.05,4349.51,4345.75,4349.02,2971
1789555500,2026-09-16 10:45:00+00:00,4349.02,4349.78,4345.4,4349.78,3061
1789556400,2026-09-16 11:00:00+00:00,4350.05,4353.2,4346.82,4347.05,4521
1789557300,2026-09-16 11:15:00+00:00,4347.05,4353.65,4346.41,4350.63,3168
1789558200,2026-09-16 11:30:00+00:00,4350.73,4353.12,4347.08,4349.93,3925
1789559100,2026-09-16 11:45:00+00:00,4349.91,4350.76,4341.59,4341.66,3347
1789560000,2026-09-16 12:00:00+00:00,4341.57,4348.14,4340.49,4343.32,4623
1789560900,2026-09-16 12:15:00+00:00,4343.35,4345.66,4337.8,4339.46,4806
1789561800,2026-09-16 12:30:00+00:00,4339.72,4345.11,4334.9,4343.72,4395
1789562700,2026-09-16 12:45:00+00:00,4343.57,4348.86,4342.44,4347.48,4627
1789563600,2026-09-16 13:00:00+00:00,4347.4,4357.13,4343.67,4356.33,6726
1789564500,2026-09-16 13:15:00+00:00,4356.33,4360.27,4349.32,4351.98,6832
1789565400,2026-09-16 13:30:00+00:00,4351.92,4354.26,4340.4,4340.54,9186
1789566300,2026-09-16 13:45:00+00:00,4340.43,4345.76,4334.94,4338.52,6835
1789567200,2026-09-16 14:00:00+00:00,4338.59,4340.01,4324.09,4340.01,8291
1789568100,2026-09-16 14:15:00+00:00,4340.01,4341.09,4330.7,4337.99,6234
1789569000,2026-09-16 14:30:00+00:00,4338.02,4345.99,4334.32,4345.59,6631
1789569900,2026-09-16 14:45:00+00:00,4345.62,4356.01,4345.03,4354.97,6191
1789570800,2026-09-16 15:00:00+00:00,4354.98,4357.98,4350.01,4353.19,8599
1789571700,2026-09-16 15:15:00+00:00,4353.16,4355.13,4344.05,4344.14,6958
1789572600,2026-09-16 15:30:00+00:00,4344.16,4352.48,4342.78,4350.56,5187
1789573500,2026-09-16 15:45:00+00:00,4350.58,4361.62,4349.91,4352.63,6407
1789574400,2026-09-16 16:00:00+00:00,4352.68,4352.83,4346.58,4350.0,4083
1789575300,2026-09-16 16:15:00+00:00,4350.0,4352.05,4344.23,4345.87,2999
1789576200,2026-09-16 16:30:00+00:00,4345.84,4348.4,4344.91,4347.51,2402
1789577100,2026-09-16 16:45:00+00:00,4347.51,4348.52,4343.69,4346.53,2203
1789578000,2026-09-16 17:00:00+00:00,4346.59,4346.74,4341.66,4343.54,2548
1789578900,2026-09-16 17:15:00+00:00,4343.54,4347.45,4342.41,4346.81,2977
1789579800,2026-09-16 17:30:00+00:00,4346.82,4349.94,4343.37,4344.03,3904
1789580700,2026-09-16 17:45:00+00:00,4344.03,4364.81,4342.5,4356.6,4809
1789581600,2026-09-16 18:00:00+00:00,4356.69,4367.15,4307.62,4310.24,14109
1789582500,2026-09-16 18:15:00+00:00,4310.29,4324.04,4306.01,4322.45,12950
1789583400,2026-09-16 18:30:00+00:00,4322.23,4323.58,4259.84,4301.1,13676
1789584300,2026-09-16 18:45:00+00:00,4301.08,4307.41,4256.84,4261.1,13743
1789585200,2026-09-16 19:00:00+00:00,4261.23,4287.2,4234.94,4252.68,12327
1789586100,2026-09-16 19:15:00+00:00,4252.78,4257.62,4239.46,4253.68,11520
1789587000,2026-09-16 19:30:00+00:00,4253.53,4270.94,4253.14,4265.0,10940
1789587900,2026-09-16 19:45:00+00:00,4264.85,4276.54,4264.49,4272.13,8286
1789596000,2026-09-16 22:00:00+00:00,4258.62,4262.82,4246.43,4258.99,1703
1789596900,2026-09-16 22:15:00+00:00,4258.99,4263.6,4257.38,4261.87,1050
1789597800,2026-09-16 22:30:00+00:00,4261.97,4275.97,4261.78,4272.99,1370
1789598700,2026-09-16 22:45:00+00:00,4272.99,4273.92,4265.51,4266.39,880
1789599600,2026-09-16 23:00:00+00:00,4266.39,4267.88,4258.65,4262.58,1594
1789600500,2026-09-16 23:15:00+00:00,4262.7,4273.07,4261.88,4271.62,1067
1789601400,2026-09-16 23:30:00+00:00,4271.63,4274.16,4268.41,4273.37,1211
1789602300,2026-09-16 23:45:00+00:00,4273.5,4275.66,4271.26,4271.52,1920
1789603200,2026-09-17 00:00:00+00:00,4271.52,4286.79,4266.12,4284.85,4421
1789604100,2026-09-17 00:15:00+00:00,4284.96,4289.42,4281.46,4284.38,4001
1789605000,2026-09-17 00:30:00+00:00,4284.38,4292.25,4281.88,4288.64,2653
1789605900,2026-09-17 00:45:00+00:00,4288.64,4289.19,4276.91,4280.02,4696
1789606800,2026-09-17 01:00:00+00:00,4280.13,4310.23,4279.84,4298.6,7036
1789607700,2026-09-17 01:15:00+00:00,4298.52,4312.49,4298.12,4309.78,4824
1789608600,2026-09-17 01:30:00+00:00,4309.78,4318.14,4308.37,4309.24,4618
1789609500,2026-09-17 01:45:00+00:00,4309.24,4311.83,4298.04,4300.04,3700
1789610400,2026-09-17 02:00:00+00:00,4300.13,4300.82,4280.8,4287.25,4512
1789611300,2026-09-17 02:15:00+00:00,4287.25,4292.89,4286.79,4291.84,2477
1789612200,2026-09-17 02:30:00+00:00,4291.84,4292.82,4281.3,4288.49,3621
1789613100,2026-09-17 02:45:00+00:00,4288.03,4289.61,4273.86,4277.07,3724
1789614000,2026-09-17 03:00:00+00:00,4277.07,4286.64,4276.98,4285.04,2972
1789614900,2026-09-17 03:15:00+00:00,4285.04,4287.11,4283.14,4286.08,1818
1789615800,2026-09-17 03:30:00+00:00,4285.85,4296.48,4285.81,4295.77,2204
1789616700,2026-09-17 03:45:00+00:00,4295.77,4297.35,4293.62,4296.03,1579
1789617600,2026-09-17 04:00:00+00:00,4296.03,4296.45,4292.82,4293.56,1794
1789618500,2026-09-17 04:15:00+00:00,4293.6,4295.59,4291.08,4291.13,2113
1789619400,2026-09-17 04:30:00+00:00,4291.1,4296.5,4290.2,4295.23,1972
1789620300,2026-09-17 04:45:00+00:00,4295.23,4298.8,4295.12,4297.32,1704
1789621200,2026-09-17 05:00:00+00:00,4297.22,4299.02,4293.92,4294.08,1881
1789622100,2026-09-17 05:15:00+00:00,4294.03,4294.06,4285.17,4286.22,2049
1789623000,2026-09-17 05:30:00+00:00,4286.46,4298.03,4286.12,4296.9,3806
1789623900,2026-09-17 05:45:00+00:00,4297.1,4305.41,4295.94,4304.49,3579
1789624800,2026-09-17 06:00:00+00:00,4304.49,4312.35,4304.17,4311.97,4337
1789625700,2026-09-17 06:15:00+00:00,4312.01,4313.0,4304.78,4312.02,4259
1789626600,2026-09-17 06:30:00+00:00,4311.98,4315.13,4305.58,4309.33,4376
1789627500,2026-09-17 06:45:00+00:00,4309.34,4311.9,4306.58,4310.78,3179
1789628400,2026-09-17 07:00:00+00:00,4310.81,4323.41,4309.19,4322.92,3777
1789629300,2026-09-17 07:15:00+00:00,4322.92,4329.82,4319.12,4329.19,4199
1789630200,2026-09-17 07:30:00+00:00,4329.17,4334.97,4329.17,4331.41,3300
1789631100,2026-09-17 07:45:00+00:00,4331.54,4335.28,4323.69,4327.13,3559
1789632000,2026-09-17 08:00:00+00:00,4327.13,4328.16,4317.81,4320.3,4011
1789632900,2026-09-17 08:15:00+00:00,4320.27,4321.71,4314.45,4315.88,3576
1789633800,2026-09-17 08:30:00+00:00,4315.88,4319.47,4311.96,4313.87,3845
1789634700,2026-09-17 08:45:00+00:00,4313.85,4313.91,4310.1,4311.56,3679
1789635600,2026-09-17 09:00:00+00:00,4311.56,4319.15,4311.5,4315.79,3757
1789636500,2026-09-17 09:15:00+00:00,4315.8,4316.4,4305.86,4306.49,3801
1789637400,2026-09-17 09:30:00+00:00,4306.47,4311.04,4304.96,4309.12,3300
1789638300,2026-09-17 09:45:00+00:00,4309.12,4311.22,4305.5,4306.16,3056
1789639200,2026-09-17 10:00:00+00:00,4306.16,4313.62,4305.09,4310.21,3332
1789640100,2026-09-17 10:15:00+00:00,4310.21,4315.53,4306.63,4313.44,3193
1789641000,2026-09-17 10:30:00+00:00,4313.4,4318.48,4312.11,4316.34,2843
1789641900,2026-09-17 10:45:00+00:00,4316.31,4325.03,4316.08,4324.14,2662
1789642800,2026-09-17 11:00:00+00:00,4324.17,4339.89,4323.84,4331.98,5794
1789643700,2026-09-17 11:15:00+00:00,4332.02,4334.67,4326.38,4328.36,4499
1789644600,2026-09-17 11:30:00+00:00,4328.41,4328.76,4323.24,4324.91,3600
1789645500,2026-09-17 11:45:00+00:00,4324.93,4353.16,4324.4,4349.6,4990
1789646400,2026-09-17 12:00:00+00:00,4349.51,4355.28,4343.48,4354.57,7725
1789647300,2026-09-17 12:15:00+00:00,4354.49,4381.27,4353.22,4380.87,7822
1789648200,2026-09-17 12:30:00+00:00,4380.93,4380.93,4360.23,4360.48,6451
1789649100,2026-09-17 12:45:00+00:00,4360.5,4374.79,4358.99,4373.22,5867
1789650000,2026-09-17 13:00:00+00:00,4373.28,4374.11,4360.12,4366.25,7762
1789650900,2026-09-17 13:15:00+00:00,4366.25,4375.11,4364.96,4366.85,6428
1789651800,2026-09-17 13:30:00+00:00,4366.88,4373.99,4356.15,4358.25,9373
1789652700,2026-09-17 13:45:00+00:00,4358.09,4371.66,4355.33,4366.79,7382
1789653600,2026-09-17 14:00:00+00:00,4367.19,4379.93,4364.59,4371.66,8426
1789654500,2026-09-17 14:15:00+00:00,4371.66,4372.88,4365.49,4366.73,7774
1789655400,2026-09-17 14:30:00+00:00,4366.73,4367.8,4359.34,4360.93,5513
1789656300,2026-09-17 14:45:00+00:00,4360.93,4364.55,4352.16,4353.89,5841
1789657200,2026-09-17 15:00:00+00:00,4353.92,4362.17,4351.34,4361.77,4774
1789658100,2026-09-17 15:15:00+00:00,4361.81,4364.45,4356.3,4358.05,4621
1789659000,2026-09-17 15:30:00+00:00,4358.05,4367.1,4355.45,4365.6,5004
1789659900,2026-09-17 15:45:00+00:00,4365.54,4370.0,4363.29,4369.85,4979
1789660800,2026-09-17 16:00:00+00:00,4369.83,4372.42,4367.06,4368.03,5430
1789661700,2026-09-17 16:15:00+00:00,4367.99,4368.82,4363.69,4367.51,4442
1789662600,2026-09-17 16:30:00+00:00,4367.48,4367.48,4357.4,4359.89,5186
1789663500,2026-09-17 16:45:00+00:00,4359.91,4362.27,4355.82,4362.26,4964
1789664400,2026-09-17 17:00:00+00:00,4362.29,4365.76,4358.23,4361.87,3966
1789665300,2026-09-17 17:15:00+00:00,4361.93,4363.09,4357.79,4360.45,4651
1789666200,2026-09-17 17:30:00+00:00,4360.52,4363.72,4357.67,4360.4,3824
1789667100,2026-09-17 17:45:00+00:00,4360.35,4361.68,4358.57,4361.23,2998
1789668000,2026-09-17 18:00:00+00:00,4361.34,4365.35,4360.1,4364.64,3541
1789668900,2026-09-17 18:15:00+00:00,4364.54,4365.61,4355.9,4356.26,3574
1789669800,2026-09-17 18:30:00+00:00,4356.42,4356.45,4348.36,4352.11,4126
1789670700,2026-09-17 18:45:00+00:00,4352.13,4352.7,4349.16,4351.48,2648
1789671600,2026-09-17 19:00:00+00:00,4351.53,4356.02,4351.3,4354.67,3454
1789672500,2026-09-17 19:15:00+00:00,4354.72,4354.72,4343.19,4343.24,3629
1789673400,2026-09-17 19:30:00+00:00,4343.24,4346.8,4342.56,4345.16,3350
1789674300,2026-09-17 19:45:00+00:00,4345.21,4349.36,4344.1,4346.06,3448
1789682400,2026-09-17 22:00:00+00:00,4318.57,4344.91,4318.4,4344.29,1113
1789683300,2026-09-17 22:15:00+00:00,4344.29,4345.12,4341.49,4344.79,907
1789684200,2026-09-17 22:30:00+00:00,4344.78,4349.43,4342.25,4344.25,1087
1789685100,2026-09-17 22:45:00+00:00,4344.25,4346.06,4341.39,4344.36,1273
1789686000,2026-09-17 23:00:00+00:00,4344.24,4346.27,4339.42,4344.91,916
1789686900,2026-09-17 23:15:00+00:00,4344.91,4347.39,4341.38,4343.97,843
1789687800,2026-09-17 23:30:00+00:00,4344.07,4344.93,4343.18,4344.25,310
1789688700,2026-09-17 23:45:00+00:00,4344.25,4348.02,4343.17,4346.24,583
1789689600,2026-09-18 00:00:00+00:00,4346.24,4354.79,4341.97,4354.27,2585
1789690500,2026-09-18 00:15:00+00:00,4354.16,4357.32,4350.66,4353.28,2368
1789691400,2026-09-18 00:30:00+00:00,4353.28,4360.12,4352.85,4358.65,2040
1789692300,2026-09-18 00:45:00+00:00,4358.61,4359.25,4352.33,4356.32,2573
1789693200,2026-09-18 01:00:00+00:00,4356.32,4365.47,4356.32,4357.97,5041
1789694100,2026-09-18 01:15:00+00:00,4357.87,4364.58,4354.64,4359.86,3368
1789695000,2026-09-18 01:30:00+00:00,4359.97,4360.01,4347.16,4347.27,3704
1789695900,2026-09-18 01:45:00+00:00,4347.27,4350.37,4344.05,4348.27,2434
1789696800,2026-09-18 02:00:00+00:00,4348.1,4351.71,4345.75,4350.35,2236
1789697700,2026-09-18 02:15:00+00:00,4350.35,4353.71,4348.04,4352.85,1631
1789698600,2026-09-18 02:30:00+00:00,4352.96,4356.49,4350.23,4351.45,3396
1789699500,2026-09-18 02:45:00+00:00,4351.45,4355.71,4343.22,4346.72,3985
1789700400,2026-09-18 03:00:00+00:00,4346.6,4351.89,4344.14,4344.64,3645
1789701300,2026-09-18 03:15:00+00:00,4344.64,4344.78,4334.21,4340.83,3895
1789702200,2026-09-18 03:30:00+00:00,4340.83,4359.02,4340.51,4357.5,2716
1789703100,2026-09-18 03:45:00+00:00,4357.34,4360.77,4356.78,4359.16,2114
1789704000,2026-09-18 04:00:00+00:00,4359.05,4361.48,4356.72,4356.89,1991
1789704900,2026-09-18 04:15:00+00:00,4357.03,4358.0,4352.64,4358.0,2085
1789705800,2026-09-18 04:30:00+00:00,4357.94,4365.4,4356.98,4364.49,2096
1789706700,2026-09-18 04:45:00+00:00,4364.49,4366.98,4360.93,4366.62,2398
1789707600,2026-09-18 05:00:00+00:00,4366.71,4369.2,4363.82,4365.34,1909
1789708500,2026-09-18 05:15:00+00:00,4365.56,4369.37,4363.7,4364.4,1955
1789709400,2026-09-18 05:30:00+00:00,4364.4,4378.08,4360.04,4376.92,5700
1789710300,2026-09-18 05:45:00+00:00,4376.92,4378.01,4370.44,4377.33,3823
1789711200,2026-09-18 06:00:00+00:00,4377.28,4390.21,4377.16,4388.87,4232
1789712100,2026-09-18 06:15:00+00:00,4388.85,4393.79,4381.69,4392.43,3570
1789713000,2026-09-18 06:30:00+00:00,4392.43,4396.9,4390.66,4396.0,4221
1789713900,2026-09-18 06:45:00+00:00,4396.0,4397.23,4389.56,4393.35,3290
1789714800,2026-09-18 07:00:00+00:00,4393.35,4395.63,4388.87,4390.46,4170
1789715700,2026-09-18 07:15:00+00:00,4390.46,4395.8,4389.56,4395.55,3741
1789716600,2026-09-18 07:30:00+00:00,4395.53,4397.16,4391.14,4393.62,3511
1789717500,2026-09-18 07:45:00+00:00,4393.65,4399.53,4392.53,4393.22,3315
1789718400,2026-09-18 08:00:00+00:00,4393.21,4398.35,4390.26,4390.3,3818
1789719300,2026-09-18 08:15:00+00:00,4390.26,4394.06,4387.62,4387.75,3885
1789720200,2026-09-18 08:30:00+00:00,4387.82,4389.43,4385.07,4386.71,3897
1789721100,2026-09-18 08:45:00+00:00,4386.8,4394.26,4386.25,4392.21,2875
1789722000,2026-09-18 09:00:00+00:00,4392.29,4398.14,4391.52,4394.35,2995
1789722900,2026-09-18 09:15:00+00:00,4394.35,4395.31,4385.76,4387.69,3435
1789723800,2026-09-18 09:30:00+00:00,4387.71,4388.74,4376.49,4376.53,3159
1789724700,2026-09-18 09:45:00+00:00,4376.51,4378.25,4373.12,4376.48,3795
1789725600,2026-09-18 10:00:00+00:00,4376.48,4380.03,4375.65,4379.04,2928
1789726500,2026-09-18 10:15:00+00:00,4379.04,4381.34,4377.53,4381.31,2729
1789727400,2026-09-18 10:30:00+00:00,4381.35,4381.85,4378.18,4381.27,3144
1789728300,2026-09-18 10:45:00+00:00,4381.29,4381.86,4376.18,4381.71,3742
1789729200,2026-09-18 11:00:00+00:00,4381.69,4388.41,4377.52,4388.13,6298
1789730100,2026-09-18 11:15:00+00:00,4388.12,4388.44,4377.63,4377.65,5505
1789731000,2026-09-18 11:30:00+00:00,4377.68,4382.58,4374.48,4375.79,4590
1789731900,2026-09-18 11:45:00+00:00,4375.72,4381.82,4372.47,4381.46,4444
1789732800,2026-09-18 12:00:00+00:00,4381.5,4382.73,4370.55,4373.5,7086
1789733700,2026-09-18 12:15:00+00:00,4373.83,4376.77,4353.71,4358.15,7046
1789734600,2026-09-18 12:30:00+00:00,4358.16,4373.03,4358.09,4369.06,6159
1789735500,2026-09-18 12:45:00+00:00,4369.2,4370.56,4366.26,4368.82,5668
1789736400,2026-09-18 13:00:00+00:00,4368.85,4375.47,4363.76,4371.35,7260
1789737300,2026-09-18 13:15:00+00:00,4371.38,4374.47,4363.01,4367.1,5202
1789738200,2026-09-18 13:30:00+00:00,4367.22,4367.67,4352.13,4353.33,8558
1789739100,2026-09-18 13:45:00+00:00,4353.3,4358.03,4347.23,4349.1,8705
1789740000,2026-09-18 14:00:00+00:00,4349.1,4356.53,4347.54,4351.51,9098
1789740900,2026-09-18 14:15:00+00:00,4351.5,4355.06,4342.9,4342.94,8543
1789741800,2026-09-18 14:30:00+00:00,4342.8,4354.82,4342.62,4353.57,7562
1789742700,2026-09-18 14:45:00+00:00,4353.48,4361.71,4351.58,4352.97,7467
1789743600,2026-09-18 15:00:00+00:00,4352.99,4356.4,4348.03,4352.13,6613
1789744500,2026-09-18 15:15:00+00:00,4352.13,4357.02,4351.67,4356.18,5668
1789745400,2026-09-18 15:30:00+00:00,4356.13,4357.34,4348.72,4354.79,5690
1789746300,2026-09-18 15:45:00+00:00,4354.78,4358.03,4352.27,4356.68,4972
1789747200,2026-09-18 16:00:00+00:00,4356.68,4364.83,4354.83,4361.75,4380
1789748100,2026-09-18 16:15:00+00:00,4361.75,4378.64,4359.94,4377.6,3756
1789749000,2026-09-18 16:30:00+00:00,4377.62,4383.7,4374.5,4377.99,4458
1789749900,2026-09-18 16:45:00+00:00,4377.99,4383.69,4376.89,4382.83,4113
1789750800,2026-09-18 17:00:00+00:00,4382.92,4387.2,4381.57,4385.45,4284
1789751700,2026-09-18 17:15:00+00:00,4385.41,4389.23,4382.66,4386.87,3546
1789752600,2026-09-18 17:30:00+00:00,4386.87,4396.6,4385.3,4393.15,3705
1789753500,2026-09-18 17:45:00+00:00,4393.03,4397.03,4392.1,4393.15,3215
1789754400,2026-09-18 18:00:00+00:00,4393.01,4394.28,4389.09,4392.04,4074
1789755300,2026-09-18 18:15:00+00:00,4392.05,4392.64,4389.05,4390.5,3623
1789756200,2026-09-18 18:30:00+00:00,4390.63,4390.83,4380.77,4380.79,3099
1789757100,2026-09-18 18:45:00+00:00,4380.8,4383.82,4379.61,4382.14,3905
1789758000,2026-09-18 19:00:00+00:00,4382.17,4386.0,4379.43,4384.27,4070
1789758900,2026-09-18 19:15:00+00:00,4384.28,4384.92,4378.92,4380.41,3304
1789759800,2026-09-18 19:30:00+00:00,4380.5,4382.31,4379.44,4381.36,4003
1789760700,2026-09-18 19:45:00+00:00,4381.4,4383.17,4374.91,4376.32,4824
1789941600,2026-09-20 22:00:00+00:00,4370.17,4381.85,4353.1,4379.48,2441
1789942500,2026-09-20 22:15:00+00:00,4378.65,4379.35,4374.52,4375.71,1262
1789943400,2026-09-20 22:30:00+00:00,4375.53,4377.59,4374.14,4374.18,1285
1789944300,2026-09-20 22:45:00+00:00,4374.3,4376.69,4373.24,4373.62,916
1789945200,2026-09-20 23:00:00+00:00,4373.6,4374.55,4370.68,4372.85,1026
1789946100,2026-09-20 23:15:00+00:00,4372.89,4374.56,4371.49,4373.97,682
1789947000,2026-09-20 23:30:00+00:00,4373.97,4375.92,4370.73,4370.75,718
1789947900,2026-09-20 23:45:00+00:00,4370.71,4373.09,4368.57,4372.52,1408
1789948800,2026-09-21 00:00:00+00:00,4372.59,4372.88,4363.47,4364.12,3316
1789949700,2026-09-21 00:15:00+00:00,4364.19,4369.47,4358.05,4367.76,3188
1789950600,2026-09-21 00:30:00+00:00,4367.75,4376.06,4365.81,4369.09,2678
1789951500,2026-09-21 00:45:00+00:00,4369.16,4370.74,4362.23,4366.42,3359
1789952400,2026-09-21 01:00:00+00:00,4366.38,4380.52,4366.38,4380.4,6096
1789953300,2026-09-21 01:15:00+00:00,4380.41,4383.22,4374.36,4374.93,4128
1789954200,2026-09-21 01:30:00+00:00,4374.95,4380.53,4373.56,4379.24,4251
1789955100,2026-09-21 01:45:00+00:00,4379.24,4382.81,4375.28,4377.29,3649
1789956000,2026-09-21 02:00:00+00:00,4377.35,4377.63,4368.23,4368.8,3993
1789956900,2026-09-21 02:15:00+00:00,4368.8,4369.79,4361.02,4369.52,3144
1789957800,2026-09-21 02:30:00+00:00,4369.52,4372.4,4363.99,4366.43,3675
1789958700,2026-09-21 02:45:00+00:00,4366.43,4370.25,4362.88,4363.72,3792
1789959600,2026-09-21 03:00:00+00:00,4363.6,4366.76,4359.0,4363.21,3857
1789960500,2026-09-21 03:15:00+00:00,4363.21,4365.35,4358.98,4360.02,2854
1789961400,2026-09-21 03:30:00+00:00,4360.0,4368.01,4359.38,4367.24,2151
1789962300,2026-09-21 03:45:00+00:00,4367.36,4368.16,4357.71,4358.88,2795
1789963200,2026-09-21 04:00:00+00:00,4358.88,4361.08,4355.96,4359.97,2532
1789964100,2026-09-21 04:15:00+00:00,4359.93,4365.17,4359.25,4361.32,2302
1789965000,2026-09-21 04:30:00+00:00,4361.32,4363.21,4357.87,4361.78,1869
1789965900,2026-09-21 04:45:00+00:00,4361.63,4362.21,4354.98,4355.79,2352
1789966800,2026-09-21 05:00:00+00:00,4355.79,4357.25,4352.47,4355.79,2849
1789967700,2026-09-21 05:15:00+00:00,4355.77,4361.04,4353.85,4357.39,2713
1789968600,2026-09-21 05:30:00+00:00,4357.48,4361.95,4351.86,4354.47,4191
1789969500,2026-09-21 05:45:00+00:00,4354.5,4355.94,4349.14,4350.76,3480
1789970400,2026-09-21 06:00:00+00:00,4350.77,4355.74,4349.19,4353.0,4166
1789971300,2026-09-21 06:15:00+00:00,4353.01,4354.52,4346.2,4347.15,3539
1789972200,2026-09-21 06:30:00+00:00,4347.13,4353.92,4346.99,4351.7,3289
1789973100,2026-09-21 06:45:00+00:00,4351.7,4354.79,4350.07,4353.12,3802
1789974000,2026-09-21 07:00:00+00:00,4353.15,4356.06,4345.63,4352.96,5196
1789974900,2026-09-21 07:15:00+00:00,4352.96,4355.56,4347.06,4350.6,3691
1789975800,2026-09-21 07:30:00+00:00,4350.6,4354.97,4341.92,4346.98,4303
1789976700,2026-09-21 07:45:00+00:00,4346.96,4349.83,4344.02,4344.14,3909
1789977600,2026-09-21 08:00:00+00:00,4344.14,4353.25,4343.32,4350.36,4110
1789978500,2026-09-21 08:15:00+00:00,4350.37,4355.36,4349.82,4353.1,3642
1789979400,2026-09-21 08:30:00+00:00,4353.02,4357.65,4350.79,4357.47,3468
1789980300,2026-09-21 08:45:00+00:00,4357.43,4357.43,4349.76,4353.16,3456
1789981200,2026-09-21 09:00:00+00:00,4353.09,4353.9,4349.36,4353.83,3504
1789982100,2026-09-21 09:15:00+00:00,4353.69,4354.85,4346.47,4346.51,3178
1789983000,2026-09-21 09:30:00+00:00,4346.49,4347.71,4339.92,4347.55,3978
1789983900,2026-09-21 09:45:00+00:00,4347.51,4348.38,4343.35,4345.5,2698
1789984800,2026-09-21 10:00:00+00:00,4345.36,4353.39,4344.99,4353.39,2742
1789985700,2026-09-21 10:15:00+00:00,4353.84,4356.58,4350.0,4350.89,4122
1789986600,2026-09-21 10:30:00+00:00,4350.78,4352.14,4347.76,4348.31,3989
1789987500,2026-09-21 10:45:00+00:00,4348.33,4350.65,4342.48,4342.65,2689
1789988400,2026-09-21 11:00:00+00:00,4342.65,4348.38,4341.84,4348.26,3853
1789989300,2026-09-21 11:15:00+00:00,4348.32,4355.2,4348.3,4353.65,3247
1789990200,2026-09-21 11:30:00+00:00,4353.45,4367.13,4352.03,4366.48,3683
1789991100,2026-09-21 11:45:00+00:00,4366.54,4371.02,4364.72,4369.05,4415
1789992000,2026-09-21 12:00:00+00:00,4369.19,4374.67,4362.64,4369.15,5346
1789992900,2026-09-21 12:15:00+00:00,4369.26,4370.91,4351.41,4355.35,6104
1789993800,2026-09-21 12:30:00+00:00,4355.35,4363.1,4351.08,4362.9,5887
1789994700,2026-09-21 12:45:00+00:00,4362.9,4363.67,4353.75,4359.64,5269
1789995600,2026-09-21 13:00:00+00:00,4359.44,4364.23,4355.86,4363.02,6360
1789996500,2026-09-21 13:15:00+00:00,4363.05,4369.48,4360.55,4364.16,5294
1789997400,2026-09-21 13:30:00+00:00,4364.16,4364.42,4349.08,4352.9,9460
1789998300,2026-09-21 13:45:00+00:00,4352.88,4356.17,4345.91,4346.0,7327
1789999200,2026-09-21 14:00:00+00:00,4346.03,4347.16,4322.53,4340.08,8642
1790000100,2026-09-21 14:15:00+00:00,4340.02,4342.85,4334.04,4341.33,8067
1790001000,2026-09-21 14:30:00+00:00,4341.3,4343.56,4331.94,4332.09,7837
1790001900,2026-09-21 14:45:00+00:00,4332.12,4342.61,4332.01,4338.8,7194
1790002800,2026-09-21 15:00:00+00:00,4338.88,4350.32,4338.88,4349.29,6113
1790003700,2026-09-21 15:15:00+00:00,4349.29,4353.74,4348.33,4350.68,4592
1790004600,2026-09-21 15:30:00+00:00,4350.68,4355.92,4348.08,4349.9,5064
1790005500,2026-09-21 15:45:00+00:00,4349.91,4353.99,4346.33,4348.08,5519
1790006400,2026-09-21 16:00:00+00:00,4348.1,4355.79,4344.78,4355.09,4691
