timestamp,datetime,open,high,low,close,volume
1767330000,2026-01-02 05:00:00+00:00,4339.9,4348.9,4337.4,4348.0,3873.29
1767333600,2026-01-02 06:00:00+00:00,4347.4,4347.9,4340.0,4341.5,3504.43
1767337200,2026-01-02 07:00:00+00:00,4341.5,4349.4,4338.1,4348.6,5128.61
1767340800,2026-01-02 08:00:00+00:00,4348.5,4363.4,4346.5,4353.1,7729.12
1767344400,2026-01-02 09:00:00+00:00,4352.8,4357.9,4349.5,4351.4,4321.63
1767348000,2026-01-02 10:00:00+00:00,4351.5,4364.7,4350.6,4362.6,5311.04
1767351600,2026-01-02 11:00:00+00:00,4362.3,4365.7,4356.9,4359.4,3855.57
1767355200,2026-01-02 12:00:00+00:00,4359.1,4364.6,4351.3,4360.9,4417.61
1767358800,2026-01-02 13:00:00+00:00,4368.7,4368.7,4327.5,4331.5,18033.72
1767362400,2026-01-02 14:00:00+00:00,4331.7,4339.7,4313.1,4318.6,18078.12
1767366000,2026-01-02 15:00:00+00:00,4318.6,4322.6,4295.3,4300.4,20858.06
1767369600,2026-01-02 16:00:00+00:00,4300.6,4302.5,4279.2,4291.4,17123.87
1767373200,2026-01-02 17:00:00+00:00,4291.0,4298.4,4286.8,4286.8,8136.28
1767376800,2026-01-02 18:00:00+00:00,4286.9,4288.0,4273.6,4279.2,12986.67
1767380400,2026-01-02 19:00:00+00:00,4279.4,4290.1,4279.4,4282.0,6820.03
1767384000,2026-01-02 20:00:00+00:00,4282.2,4295.3,4281.3,4295.2,5219.4
1767387600,2026-01-02 21:00:00+00:00,4295.3,4296.6,4283.5,4283.5,2039.1
1767567600,2026-01-04 23:00:00+00:00,4322.7,4339.3,4317.2,4335.3,9752.710000000001
1767571200,2026-01-05 00:00:00+00:00,4335.8,4360.3,4333.2,4358.4,10236.79
1767574800,2026-01-05 01:00:00+00:00,4358.5,4384.6,4354.3,4365.0,17172.59
1767578400,2026-01-05 02:00:00+00:00,4365.3,4372.7,4351.0,4368.9,7537.4
1767582000,2026-01-05 03:00:00+00:00,4368.7,4377.1,4362.4,4362.7,4609.05
1767585600,2026-01-05 04:00:00+00:00,4360.0,4371.7,4360.0,4369.0,3375.0
1767589200,2026-01-05 05:00:00+00:00,4367.3,4377.5,4363.9,4375.3,4628.89
1767592800,2026-01-05 06:00:00+00:00,4375.0,4390.0,4374.2,4383.6,12047.91
1767596400,2026-01-05 07:00:00+00:00,4383.8,4388.8,4380.2,4385.1,7460.51
1767600000,2026-01-05 08:00:00+00:00,4385.3,4397.9,4383.1,4393.8,8495.92
1767603600,2026-01-05 09:00:00+00:00,4393.7,4403.0,4390.7,4399.8,9014.95
1767607200,2026-01-05 10:00:00+00:00,4399.9,4405.6,4395.5,4401.3,7602.51
1767610800,2026-01-05 11:00:00+00:00,4401.6,4402.7,4376.1,4384.6,9862.58
1767614400,2026-01-05 12:00:00+00:00,4384.4,4386.9,4370.6,4375.3,6904.7
1767618000,2026-01-05 13:00:00+00:00,4375.4,4384.5,4360.9,4382.7,18658.71
1767621600,2026-01-05 14:00:00+00:00,4382.9,4408.2,4382.2,4401.7,24058.67
1767625200,2026-01-05 15:00:00+00:00,4402.1,4421.5,4399.5,4412.9,25775.13
1767628800,2026-01-05 16:00:00+00:00,4412.7,4419.7,4402.8,4406.6,13296.32
1767632400,2026-01-05 17:00:00+00:00,4406.8,4413.5,4397.1,4408.1,11058.06
1767636000,2026-01-05 18:00:00+00:00,4407.8,4413.6,4404.3,4413.6,8828.72
1767639600,2026-01-05 19:00:00+00:00,4413.8,4414.9,4399.5,4404.8,5997.0
1767643200,2026-01-05 20:00:00+00:00,4404.6,4411.9,4402.2,4408.8,6120.59
1767646800,2026-01-05 21:00:00+00:00,4409.0,4414.7,4407.7,4413.6,2465.38
1767654000,2026-01-05 23:00:00+00:00,4413.7,4425.5,4400.9,4404.6,3445.95
1767657600,2026-01-06 00:00:00+00:00,4404.5,4409.5,4394.6,4401.3,4155.62
1767661200,2026-01-06 01:00:00+00:00,4391.8,4416.1,4391.8,4413.9,6740.78
1767664800,2026-01-06 02:00:00+00:00,4414.0,4425.9,4412.0,4418.8,7340.84
1767668400,2026-01-06 03:00:00+00:00,4418.7,4432.8,4418.1,4432.2,5084.04
1767672000,2026-01-06 04:00:00+00:00,4432.2,4433.3,4426.0,4431.9,3017.24
1767675600,2026-01-06 05:00:00+00:00,4431.8,4439.1,4414.1,4417.2,6021.82
1767679200,2026-01-06 06:00:00+00:00,4417.2,4430.8,4416.3,4429.5,5667.82
1767682800,2026-01-06 07:00:00+00:00,4429.4,4434.4,4420.7,4423.2,6217.2
1767686400,2026-01-06 08:00:00+00:00,4422.4,4439.9,4420.8,4432.7,8850.96
1767690000,2026-01-06 09:00:00+00:00,4433.1,4433.1,4408.6,4410.4,11162.3
1767693600,2026-01-06 10:00:00+00:00,4410.1,4419.9,4406.4,4415.6,5153.44
1767697200,2026-01-06 11:00:00+00:00,4415.6,4429.2,4412.3,4428.0,5774.97
1767700800,2026-01-06 12:00:00+00:00,4428.0,4431.1,4423.2,4428.3,4562.14
1767704400,2026-01-06 13:00:00+00:00,4428.1,4434.9,4418.0,4432.1,11270.43
1767708000,2026-01-06 14:00:00+00:00,4432.3,4454.6,4428.6,4452.2,23091.79
1767711600,2026-01-06 15:00:00+00:00,4451.9,4455.7,4428.3,4442.4,24223.9
1767715200,2026-01-06 16:00:00+00:00,4442.3,4453.6,4435.6,4452.6,10618.1
1767718800,2026-01-06 17:00:00+00:00,4452.6,4455.5,4447.6,4453.8,9890.31
1767722400,2026-01-06 18:00:00+00:00,4453.7,4457.6,4446.1,4453.9,13845.7
1767726000,2026-01-06 19:00:00+00:00,4451.7,4452.3,4441.9,4446.1,7764.1
1767729600,2026-01-06 20:00:00+00:00,4446.0,4458.6,4445.5,4458.1,6243.03
1767733200,2026-01-06 21:00:00+00:00,4458.0,4462.2,4456.3,4459.6,2244.29
1767740400,2026-01-06 23:00:00+00:00,4459.3,4466.3,4457.3,4458.5,3468.97
1767744000,2026-01-07 00:00:00+00:00,4458.7,4460.3,4447.1,4456.8,5255.6
1767747600,2026-01-07 01:00:00+00:00,4457.1,4460.8,4425.8,4430.4,12211.44
1767751200,2026-01-07 02:00:00+00:00,4430.3,4444.4,4425.2,4439.9,7136.82
1767754800,2026-01-07 03:00:00+00:00,4439.9,4445.4,4436.6,4439.6,3265.93
1767758400,2026-01-07 04:00:00+00:00,4439.5,4440.9,4427.4,4428.3,6004.95
1767762000,2026-01-07 05:00:00+00:00,4428.6,4434.5,4407.3,4418.0,9809.14
1767765600,2026-01-07 06:00:00+00:00,4418.0,4424.1,4405.4,4408.7,9236.33
1767769200,2026-01-07 07:00:00+00:00,4408.3,4429.1,4405.9,4424.7,5768.98
1767772800,2026-01-07 08:00:00+00:00,4424.6,4438.9,4422.8,4432.2,6120.04
1767776400,2026-01-07 09:00:00+00:00,4431.8,4432.4,4423.1,4427.5,4899.09
1767780000,2026-01-07 10:00:00+00:00,4427.1,4431.6,4422.1,4428.1,3243.45
1767783600,2026-01-07 11:00:00+00:00,4428.2,4428.7,4410.1,4410.8,5940.83
1767787200,2026-01-07 12:00:00+00:00,4411.2,4418.1,4402.5,4408.4,8956.37
1767790800,2026-01-07 13:00:00+00:00,4408.2,4416.9,4390.5,4416.8,25639.04
1767794400,2026-01-07 14:00:00+00:00,4416.6,4418.0,4399.4,4408.5,22128.12
1767798000,2026-01-07 15:00:00+00:00,4408.5,4416.4,4386.8,4410.5,30237.75
1767801600,2026-01-07 16:00:00+00:00,4410.2,4432.3,4407.7,4428.1,19153.53
1767805200,2026-01-07 17:00:00+00:00,4428.0,4429.4,4413.3,4415.7,12225.28
1767808800,2026-01-07 18:00:00+00:00,4415.5,4422.7,4411.1,4415.5,12006.65
1767812400,2026-01-07 19:00:00+00:00,4415.6,4421.7,4408.9,4420.7,6714.64
1767816000,2026-01-07 20:00:00+00:00,4420.7,4425.4,4414.6,4416.5,7311.19
1767819600,2026-01-07 21:00:00+00:00,4416.4,4421.0,4413.8,4421.0,1896.79
1767826800,2026-01-07 23:00:00+00:00,4421.0,4427.1,4421.0,4426.1,3488.63
1767830400,2026-01-08 00:00:00+00:00,4425.9,4429.1,4409.0,4412.9,4000.65
1767834000,2026-01-08 01:00:00+00:00,4412.5,4423.3,4404.1,4411.0,8093.89
1767837600,2026-01-08 02:00:00+00:00,4411.0,4412.2,4395.6,4403.6,6830.08
1767841200,2026-01-08 03:00:00+00:00,4404.0,4409.3,4399.4,4402.1,3254.17
1767844800,2026-01-08 04:00:00+00:00,4402.2,4402.6,4392.3,4394.5,3316.18
1767848400,2026-01-08 05:00:00+00:00,4393.7,4394.9,4377.5,4387.5,9819.76
1767852000,2026-01-08 06:00:00+00:00,4387.3,4399.6,4377.6,4395.4,7983.9
1767855600,2026-01-08 07:00:00+00:00,4395.3,4402.3,4390.0,4392.5,5726.85
1767859200,2026-01-08 08:00:00+00:00,4392.4,4395.3,4381.3,4393.3,6100.65
1767862800,2026-01-08 09:00:00+00:00,4393.1,4397.2,4387.4,4394.2,4909.96
1767866400,2026-01-08 10:00:00+00:00,4394.2,4396.9,4384.5,4395.5,5879.81
1767870000,2026-01-08 11:00:00+00:00,4395.4,4395.5,4383.5,4384.9,3444.26
1767873600,2026-01-08 12:00:00+00:00,4384.8,4392.9,4368.9,4388.6,12663.43
1767877200,2026-01-08 13:00:00+00:00,4389.0,4398.4,4378.9,4385.9,13370.18
1767880800,2026-01-08 14:00:00+00:00,4386.2,4402.1,4381.1,4395.3,18427.33
1767884400,2026-01-08 15:00:00+00:00,4395.3,4419.6,4390.2,4417.4,29911.08
1767888000,2026-01-08 16:00:00+00:00,4417.5,4428.4,4410.1,4426.4,14216.0
1767891600,2026-01-08 17:00:00+00:00,4426.6,4429.7,4420.7,4426.7,12100.32
1767895200,2026-01-08 18:00:00+00:00,4426.7,4426.7,4410.8,4412.8,25252.91
1767898800,2026-01-08 19:00:00+00:00,4412.8,4415.9,4407.6,4414.8,5129.58
1767902400,2026-01-08 20:00:00+00:00,4414.7,4441.6,4414.2,4439.0,14101.08
1767906000,2026-01-08 21:00:00+00:00,4435.9,4443.2,4435.9,4441.8,4292.68
1767913200,2026-01-08 23:00:00+00:00,4443.2,4447.6,4436.1,4439.2,3430.59
1767916800,2026-01-09 00:00:00+00:00,4439.5,4440.8,4423.3,4426.3,4572.72
1767920400,2026-01-09 01:00:00+00:00,4426.4,4432.7,4415.7,4431.3,7888.4
1767924000,2026-01-09 02:00:00+00:00,4431.7,4439.4,4428.7,4432.8,5188.27
1767927600,2026-01-09 03:00:00+00:00,4432.6,4433.4,4423.3,4426.7,3082.34
1767931200,2026-01-09 04:00:00+00:00,4427.0,4429.7,4423.3,4428.4,2464.81
1767934800,2026-01-09 05:00:00+00:00,4420.5,4434.7,4420.5,4430.4,4080.96
1767938400,2026-01-09 06:00:00+00:00,4431.0,4439.9,4428.3,4436.9,4561.39
1767942000,2026-01-09 07:00:00+00:00,4437.2,4438.6,4431.1,4433.2,4873.35
1767945600,2026-01-09 08:00:00+00:00,4432.7,4439.7,4426.7,4430.8,5372.55
1767949200,2026-01-09 09:00:00+00:00,4431.0,4440.3,4430.9,4433.3,3975.47
1767952800,2026-01-09 10:00:00+00:00,4433.6,4436.6,4429.6,4435.2,3667.89
1767956400,2026-01-09 11:00:00+00:00,4435.3,4439.2,4431.3,4438.2,4753.49
1767960000,2026-01-09 12:00:00+00:00,4443.5,4443.5,4423.4,4428.4,7799.72
1767963600,2026-01-09 13:00:00+00:00,4428.5,4454.7,4420.9,4445.9,20940.75
1767967200,2026-01-09 14:00:00+00:00,4446.1,4461.7,4442.0,4457.8,27928.62
1767970800,2026-01-09 15:00:00+00:00,4457.3,4480.9,4453.1,4475.4,30090.41
1767974400,2026-01-09 16:00:00+00:00,4475.7,4477.7,4463.2,4470.4,14619.39
1767978000,2026-01-09 17:00:00+00:00,4470.3,4475.4,4445.3,4447.8,21251.76
1767981600,2026-01-09 18:00:00+00:00,4447.5,4468.0,4446.3,4459.8,31876.16
1767985200,2026-01-09 19:00:00+00:00,4459.7,4465.2,4456.2,4462.2,5816.72
1767988800,2026-01-09 20:00:00+00:00,4461.9,4472.7,4460.7,4470.0,8034.54
1767992400,2026-01-09 21:00:00+00:00,4469.9,4474.2,4467.5,4471.8,2650.1
1768172400,2026-01-11 23:00:00+00:00,4492.0,4508.9,4485.3,4504.0,8623.2
1768176000,2026-01-12 00:00:00+00:00,4500.2,4566.6,4500.2,4553.9,29176.37
1768179600,2026-01-12 01:00:00+00:00,4554.1,4560.0,4535.3,4536.0,18640.77
1768183200,2026-01-12 02:00:00+00:00,4535.5,4547.9,4527.0,4543.3,11554.26
1768186800,2026-01-12 03:00:00+00:00,4543.4,4547.4,4533.3,4536.5,5156.37
1768190400,2026-01-12 04:00:00+00:00,4536.7,4537.9,4528.7,4533.3,4098.12
1768194000,2026-01-12 05:00:00+00:00,4533.9,4549.5,4530.8,4545.2,6406.64
1768197600,2026-01-12 06:00:00+00:00,4545.2,4545.2,4534.7,4543.2,5744.95
1768201200,2026-01-12 07:00:00+00:00,4543.6,4553.7,4539.3,4551.7,9023.86
1768204800,2026-01-12 08:00:00+00:00,4551.6,4562.4,4543.5,4560.9,9333.369999999999
1768208400,2026-01-12 09:00:00+00:00,4560.8,4563.5,4551.8,4553.3,7816.33
1768212000,2026-01-12 10:00:00+00:00,4553.4,4559.7,4550.0,4558.4,7027.63
1768215600,2026-01-12 11:00:00+00:00,4558.6,4559.3,4545.4,4548.7,5891.8
1768219200,2026-01-12 12:00:00+00:00,4548.9,4554.3,4541.5,4554.3,8336.95
1768222800,2026-01-12 13:00:00+00:00,4554.3,4584.7,4552.4,4580.2,25280.36
1768226400,2026-01-12 14:00:00+00:00,4580.5,4582.0,4549.0,4566.0,33666.04
1768230000,2026-01-12 15:00:00+00:00,4565.7,4592.1,4565.3,4584.8,31974.48
1768233600,2026-01-12 16:00:00+00:00,4584.8,4594.4,4571.9,4580.9,26762.3
1768237200,2026-01-12 17:00:00+00:00,4580.7,4584.6,4573.9,4580.8,12322.01
1768240800,2026-01-12 18:00:00+00:00,4580.8,4583.1,4563.7,4574.2,34647.49
1768244400,2026-01-12 19:00:00+00:00,4574.5,4582.8,4572.2,4574.5,8023.77
1768248000,2026-01-12 20:00:00+00:00,4574.4,4575.1,4554.9,4557.2,10224.4
1768251600,2026-01-12 21:00:00+00:00,4557.3,4562.9,4552.6,4562.7,4790.76
1768258800,2026-01-12 23:00:00+00:00,4563.9,4570.8,4540.3,4561.5,3411.43
1768262400,2026-01-13 00:00:00+00:00,4561.6,4561.6,4547.2,4549.7,4224.24
1768266000,2026-01-13 01:00:00+00:00,4550.1,4558.4,4538.2,4540.3,7572.82
1768269600,2026-01-13 02:00:00+00:00,4539.9,4558.1,4538.9,4557.0,5157.06
1768273200,2026-01-13 03:00:00+00:00,4556.7,4562.6,4555.2,4557.0,4468.7
1768276800,2026-01-13 04:00:00+00:00,4557.3,4562.7,4556.9,4560.3,3689.57
1768280400,2026-01-13 05:00:00+00:00,4559.5,4565.1,4547.9,4554.6,5428.48
1768284000,2026-01-13 06:00:00+00:00,4554.4,4554.7,4536.7,4544.4,7024.05
1768287600,2026-01-13 07:00:00+00:00,4544.7,4549.2,4539.5,4543.0,7034.67
1768291200,2026-01-13 08:00:00+00:00,4542.8,4559.3,4541.7,4555.5,7388.79
1768294800,2026-01-13 09:00:00+00:00,4555.0,4558.0,4548.4,4549.1,4887.88
1768298400,2026-01-13 10:00:00+00:00,4549.2,4551.2,4543.3,4548.9,5048.32
1768302000,2026-01-13 11:00:00+00:00,4549.1,4554.7,4544.7,4550.8,8548.95
1768305600,2026-01-13 12:00:00+00:00,4550.9,4557.8,4540.1,4555.9,8007.1
1768309200,2026-01-13 13:00:00+00:00,4555.6,4583.2,4553.0,4573.4,35415.65
1768312800,2026-01-13 14:00:00+00:00,4573.4,4597.9,4570.9,4592.8,32277.56
1768316400,2026-01-13 15:00:00+00:00,4592.4,4593.8,4563.0,4581.5,28406.23
1768320000,2026-01-13 16:00:00+00:00,4581.6,4583.4,4555.2,4576.1,18140.36
1768323600,2026-01-13 17:00:00+00:00,4576.2,4578.8,4548.9,4552.9,19494.2
1768327200,2026-01-13 18:00:00+00:00,4552.7,4564.1,4543.4,4556.2,39390.23
1768330800,2026-01-13 19:00:00+00:00,4556.5,4560.7,4546.3,4559.2,10755.95
1768334400,2026-01-13 20:00:00+00:00,4559.2,4559.5,4530.6,4548.0,15622.43
1768338000,2026-01-13 21:00:00+00:00,4548.1,4551.7,4544.6,4548.3,4734.49
1768345200,2026-01-13 23:00:00+00:00,4548.2,4560.4,4548.2,4557.8,3426.53
1768348800,2026-01-14 00:00:00+00:00,4558.3,4572.3,4558.3,4570.8,5306.03
1768352400,2026-01-14 01:00:00+00:00,4567.6,4581.5,4567.6,4580.6,10212.460000000001
1768356000,2026-01-14 02:00:00+00:00,4580.8,4585.4,4575.8,4583.0,6103.07
1768359600,2026-01-14 03:00:00+00:00,4582.7,4592.8,4575.4,4590.4,7489.18
1768363200,2026-01-14 04:00:00+00:00,4590.5,4592.5,4586.9,4589.9,6745.19
1768366800,2026-01-14 05:00:00+00:00,4590.7,4601.5,4578.6,4580.2,13743.99
1768370400,2026-01-14 06:00:00+00:00,4580.2,4598.5,4579.1,4598.4,8488.07
1768374000,2026-01-14 07:00:00+00:00,4598.6,4601.1,4592.8,4593.6,7662.12
1768377600,2026-01-14 08:00:00+00:00,4593.8,4598.8,4582.3,4595.7,10939.34
1768381200,2026-01-14 09:00:00+00:00,4595.8,4600.6,4588.4,4591.8,7716.08
1768384800,2026-01-14 10:00:00+00:00,4591.8,4600.1,4589.3,4595.1,7067.92
1768388400,2026-01-14 11:00:00+00:00,4595.0,4599.2,4588.0,4592.4,7032.76
1768392000,2026-01-14 12:00:00+00:00,4592.2,4604.0,4592.2,4600.8,12713.11
1768395600,2026-01-14 13:00:00+00:00,4600.9,4603.7,4585.2,4597.7,18517.5
1768399200,2026-01-14 14:00:00+00:00,4597.6,4600.6,4567.8,4578.4,29079.829999999998
1768402800,2026-01-14 15:00:00+00:00,4578.3,4587.5,4559.8,4578.7,35746.63
1768406400,2026-01-14 16:00:00+00:00,4578.8,4585.6,4569.2,4578.0,18679.03
1768410000,2026-01-14 17:00:00+00:00,4577.9,4580.0,4561.6,4575.2,27652.0
1768413600,2026-01-14 18:00:00+00:00,4575.3,4598.8,4573.5,4596.4,41108.77
1768417200,2026-01-14 19:00:00+00:00,4596.5,4604.4,4594.7,4600.6,19267.21
1768420800,2026-01-14 20:00:00+00:00,4600.6,4603.1,4586.6,4593.1,25049.34
1768424400,2026-01-14 21:00:00+00:00,4593.2,4593.7,4577.5,4587.8,6814.21
1768431600,2026-01-14 23:00:00+00:00,4589.6,4591.1,4561.1,4573.5,3465.27
1768435200,2026-01-15 00:00:00+00:00,4573.3,4576.8,4568.4,4573.2,4615.6
1768438800,2026-01-15 01:00:00+00:00,4573.4,4575.9,4541.4,4558.2,20914.51
1768442400,2026-01-15 02:00:00+00:00,4557.9,4572.8,4553.3,4560.8,11742.77
1768446000,2026-01-15 03:00:00+00:00,4560.5,4562.0,4538.4,4550.0,12950.7
1768449600,2026-01-15 04:00:00+00:00,4549.7,4555.3,4544.6,4550.5,6479.85
1768453200,2026-01-15 05:00:00+00:00,4549.6,4556.5,4538.5,4553.0,7435.13
1768456800,2026-01-15 06:00:00+00:00,4551.3,4570.3,4551.3,4568.4,8174.71
1768460400,2026-01-15 07:00:00+00:00,4568.8,4571.9,4557.4,4560.0,6175.58
1768464000,2026-01-15 08:00:00+00:00,4560.3,4565.4,4556.1,4562.1,7124.87
1768467600,2026-01-15 09:00:00+00:00,4562.0,4571.1,4558.5,4570.8,6789.65
1768471200,2026-01-15 10:00:00+00:00,4570.6,4578.8,4567.3,4578.1,8473.03
1768474800,2026-01-15 11:00:00+00:00,4578.2,4580.9,4573.5,4577.3,6225.67
1768478400,2026-01-15 12:00:00+00:00,4577.2,4578.8,4569.6,4571.8,5783.58
1768482000,2026-01-15 13:00:00+00:00,4571.9,4574.1,4537.9,4545.5,24762.28
1768485600,2026-01-15 14:00:00+00:00,4545.5,4572.7,4540.2,4568.8,25647.09
1768489200,2026-01-15 15:00:00+00:00,4568.7,4576.2,4562.1,4574.1,17331.69
1768492800,2026-01-15 16:00:00+00:00,4573.9,4584.0,4559.6,4564.1,21217.260000000002
1768496400,2026-01-15 17:00:00+00:00,4564.3,4575.7,4564.2,4575.4,11366.21
1768500000,2026-01-15 18:00:00+00:00,4575.3,4579.9,4571.5,4576.0,15262.5
1768503600,2026-01-15 19:00:00+00:00,4576.1,4580.4,4570.7,4573.9,7451.39
1768507200,2026-01-15 20:00:00+00:00,4574.1,4574.6,4558.1,4563.7,9059.45
1768510800,2026-01-15 21:00:00+00:00,4563.4,4574.5,4562.4,4574.4,3525.19
1768518000,2026-01-15 23:00:00+00:00,4575.5,4579.4,4564.5,4568.5,3488.85
1768521600,2026-01-16 00:00:00+00:00,4568.1,4569.0,4556.3,4558.3,4969.25
1768525200,2026-01-16 01:00:00+00:00,4557.7,4566.2,4551.7,4558.7,8705.66
1768528800,2026-01-16 02:00:00+00:00,4558.7,4561.6,4548.5,4552.3,10305.94
1768532400,2026-01-16 03:00:00+00:00,4552.1,4557.1,4549.7,4553.3,3215.36
1768536000,2026-01-16 04:00:00+00:00,4553.3,4559.4,4553.1,4558.5,2749.93
1768539600,2026-01-16 05:00:00+00:00,4558.4,4574.1,4552.5,4569.3,5880.16
1768543200,2026-01-16 06:00:00+00:00,4569.4,4570.2,4551.0,4555.7,8999.58
1768546800,2026-01-16 07:00:00+00:00,4555.4,4570.1,4554.4,4565.4,9904.18
1768550400,2026-01-16 08:00:00+00:00,4565.1,4568.7,4559.1,4560.7,5427.89
1768554000,2026-01-16 09:00:00+00:00,4560.7,4566.1,4556.6,4558.1,3683.94
1768557600,2026-01-16 10:00:00+00:00,4558.0,4569.0,4557.5,4558.0,6468.38
1768561200,2026-01-16 11:00:00+00:00,4558.0,4574.4,4556.2,4570.4,7361.7699999999995
1768564800,2026-01-16 12:00:00+00:00,4570.3,4570.9,4554.9,4559.6,7810.53
1768568400,2026-01-16 13:00:00+00:00,4559.7,4563.8,4539.9,4559.6,27187.0
1768572000,2026-01-16 14:00:00+00:00,4559.6,4572.8,4553.8,4565.8,19847.14
1768575600,2026-01-16 15:00:00+00:00,4565.3,4578.5,4493.0,4528.7,75635.41
1768579200,2026-01-16 16:00:00+00:00,4528.5,4557.8,4524.7,4549.7,29305.43
1768582800,2026-01-16 17:00:00+00:00,4550.1,4551.8,4534.9,4539.9,10192.65
1768586400,2026-01-16 18:00:00+00:00,4539.9,4555.0,4538.6,4541.8,11736.87
1768590000,2026-01-16 19:00:00+00:00,4541.7,4551.1,4539.7,4549.1,5151.88
1768593600,2026-01-16 20:00:00+00:00,4549.2,4554.1,4538.9,4541.2,9221.119999999999
1768597200,2026-01-16 21:00:00+00:00,4541.1,4556.0,4541.1,4549.3,4362.42
1768795200,2026-01-19 04:00:00+00:00,4549.3,4626.2,4549.3,4625.1,1171.51
1768885200,2026-01-20 05:00:00+00:00,4654.8,4676.7,4653.9,4674.5,17802.58
1768888800,2026-01-20 06:00:00+00:00,4674.6,4677.3,4665.2,4672.5,12904.78
1768892400,2026-01-20 07:00:00+00:00,4672.3,4681.9,4671.4,4675.3,11134.86
1768896000,2026-01-20 08:00:00+00:00,4675.3,4691.9,4674.3,4689.5,12982.6
1768899600,2026-01-20 09:00:00+00:00,4689.4,4696.8,4681.1,4691.5,13844.1
1768903200,2026-01-20 10:00:00+00:00,4691.4,4694.3,4682.6,4686.2,8491.55
1768906800,2026-01-20 11:00:00+00:00,4686.2,4694.7,4681.2,4692.5,6297.49
1768910400,2026-01-20 12:00:00+00:00,4692.5,4692.5,4683.4,4687.2,8811.49
1768914000,2026-01-20 13:00:00+00:00,4687.3,4697.7,4673.9,4696.2,25839.94
1768917600,2026-01-20 14:00:00+00:00,4696.2,4710.5,4687.3,4700.3,37396.15
1768921200,2026-01-20 15:00:00+00:00,4699.8,4707.6,4680.6,4695.9,34012.2
1768924800,2026-01-20 16:00:00+00:00,4696.0,4715.9,4687.3,4711.9,22680.71
1768928400,2026-01-20 17:00:00+00:00,4711.6,4720.9,4704.2,4717.6,17507.95
1768932000,2026-01-20 18:00:00+00:00,4717.7,4725.1,4711.4,4718.1,20045.61
1768935600,2026-01-20 19:00:00+00:00,4718.3,4725.4,4715.2,4719.8,8350.68
1768939200,2026-01-20 20:00:00+00:00,4719.7,4720.5,4706.5,4715.3,10762.52
1768942800,2026-01-20 21:00:00+00:00,4715.4,4723.2,4715.0,4723.0,2993.5
1768950000,2026-01-20 23:00:00+00:00,4721.4,4738.8,4715.4,4733.7,3475.84
1768953600,2026-01-21 00:00:00+00:00,4733.5,4746.8,4728.4,4743.5,7393.01
1768957200,2026-01-21 01:00:00+00:00,4743.5,4801.6,4742.4,4792.4,31987.34
1768960800,2026-01-21 02:00:00+00:00,4792.5,4799.2,4774.3,4793.3,13943.55
1768964400,2026-01-21 03:00:00+00:00,4793.1,4806.5,4783.4,4801.5,13708.03
1768968000,2026-01-21 04:00:00+00:00,4801.2,4827.5,4793.9,4821.4,9899.06
1768971600,2026-01-21 05:00:00+00:00,4822.3,4834.8,4815.6,4826.3,10747.29
1768975200,2026-01-21 06:00:00+00:00,4826.5,4845.0,4801.9,4804.1,19819.55
1768978800,2026-01-21 07:00:00+00:00,4803.8,4813.3,4789.1,4811.4,19505.58
1768982400,2026-01-21 08:00:00+00:00,4810.8,4825.5,4807.6,4810.8,11649.49
1768986000,2026-01-21 09:00:00+00:00,4810.8,4833.3,4808.4,4816.3,12642.85
1768989600,2026-01-21 10:00:00+00:00,4816.4,4823.1,4815.5,4818.3,8413.3
1768993200,2026-01-21 11:00:00+00:00,4818.2,4827.9,4811.3,4823.0,11261.28
1768996800,2026-01-21 12:00:00+00:00,4823.2,4827.4,4812.0,4821.9,13249.78
1769000400,2026-01-21 13:00:00+00:00,4822.1,4837.2,4814.9,4836.2,20717.16
1769004000,2026-01-21 14:00:00+00:00,4836.5,4838.4,4794.7,4807.6,52167.04
1769007600,2026-01-21 15:00:00+00:00,4807.6,4825.1,4767.7,4803.9,44557.22
1769011200,2026-01-21 16:00:00+00:00,4803.9,4812.6,4775.5,4790.4,25189.19
1769014800,2026-01-21 17:00:00+00:00,4790.6,4790.9,4758.5,4782.9,30654.56
1769018400,2026-01-21 18:00:00+00:00,4782.5,4807.4,4776.5,4807.1,18037.29
1769022000,2026-01-21 19:00:00+00:00,4807.0,4811.1,4711.0,4737.3,37957.13
1769025600,2026-01-21 20:00:00+00:00,4736.9,4784.8,4728.4,4783.9,25174.01
1769029200,2026-01-21 21:00:00+00:00,4783.5,4796.7,4769.9,4790.1,7033.85
1769036400,2026-01-21 23:00:00+00:00,4790.1,4791.6,4733.2,4733.5,3491.45
1769040000,2026-01-22 00:00:00+00:00,4733.8,4753.7,4733.3,4752.7,6993.78
1769043600,2026-01-22 01:00:00+00:00,4752.3,4764.5,4726.6,4753.1,11430.55
1769047200,2026-01-22 02:00:00+00:00,4752.8,4753.7,4729.2,4743.8,9030.369999999999
1769050800,2026-01-22 03:00:00+00:00,4744.1,4752.0,4738.9,4751.3,3689.37
1769054400,2026-01-22 04:00:00+00:00,4751.8,4755.7,4748.6,4751.6,3742.75
1769058000,2026-01-22 05:00:00+00:00,4752.0,4776.0,4748.6,4775.7,6763.88
1769061600,2026-01-22 06:00:00+00:00,4770.5,4783.5,4770.5,4781.2,7721.67
1769065200,2026-01-22 07:00:00+00:00,4781.3,4795.0,4780.3,4787.4,8686.41
1769068800,2026-01-22 08:00:00+00:00,4787.3,4790.7,4777.2,4786.1,7618.95
1769072400,2026-01-22 09:00:00+00:00,4786.1,4793.4,4769.2,4778.3,15527.11
1769076000,2026-01-22 10:00:00+00:00,4778.7,4787.6,4774.7,4784.9,6264.32
1769079600,2026-01-22 11:00:00+00:00,4784.7,4792.4,4780.1,4787.1,6928.0
1769083200,2026-01-22 12:00:00+00:00,4786.8,4788.5,4774.4,4775.4,8538.03
1769086800,2026-01-22 13:00:00+00:00,4775.5,4791.3,4763.5,4777.7,21158.1
1769090400,2026-01-22 14:00:00+00:00,4777.4,4803.3,4775.6,4790.6,29170.0
1769094000,2026-01-22 15:00:00+00:00,4790.6,4830.7,4780.3,4827.9,31668.69
1769097600,2026-01-22 16:00:00+00:00,4828.1,4842.0,4824.0,4834.7,23655.829999999998
1769101200,2026-01-22 17:00:00+00:00,4834.7,4863.4,4824.9,4861.7,28173.25
1769104800,2026-01-22 18:00:00+00:00,4861.6,4876.4,4858.5,4872.6,22900.77
1769108400,2026-01-22 19:00:00+00:00,4872.6,4881.5,4863.2,4869.1,13234.68
1769112000,2026-01-22 20:00:00+00:00,4869.4,4886.1,4868.7,4874.4,11381.28
1769115600,2026-01-22 21:00:00+00:00,4874.6,4898.2,4872.2,4892.3,6497.16
1769122800,2026-01-22 23:00:00+00:00,4893.9,4917.9,4886.3,4914.7,3520.02
1769126400,2026-01-23 00:00:00+00:00,4915.1,4922.4,4903.6,4921.5,8108.19
1769130000,2026-01-23 01:00:00+00:00,4921.9,4923.9,4891.9,4910.7,13493.01
1769133600,2026-01-23 02:00:00+00:00,4909.9,4918.4,4902.3,4911.6,6668.34
1769137200,2026-01-23 03:00:00+00:00,4911.3,4915.0,4893.4,4906.9,9576.9
1769140800,2026-01-23 04:00:00+00:00,4906.6,4913.9,4904.9,4911.9,4159.79
1769144400,2026-01-23 05:00:00+00:00,4911.7,4922.9,4909.6,4916.0,5650.73
1769148000,2026-01-23 06:00:00+00:00,4916.2,4918.2,4900.1,4908.0,9954.72
1769151600,2026-01-23 07:00:00+00:00,4908.4,4914.6,4898.2,4899.4,8240.12
1769155200,2026-01-23 08:00:00+00:00,4899.1,4902.6,4855.8,4869.2,22265.71
1769158800,2026-01-23 09:00:00+00:00,4868.7,4876.6,4855.1,4873.3,13846.21
1769162400,2026-01-23 10:00:00+00:00,4873.5,4887.2,4870.5,4884.9,8288.4
1769166000,2026-01-23 11:00:00+00:00,4884.8,4885.4,4866.7,4877.2,8465.56
1769169600,2026-01-23 12:00:00+00:00,4877.6,4897.3,4872.7,4893.9,8883.76
1769173200,2026-01-23 13:00:00+00:00,4894.1,4902.5,4878.2,4893.7,21644.53
1769176800,2026-01-23 14:00:00+00:00,4894.2,4911.2,4887.4,4898.0,22402.84
1769180400,2026-01-23 15:00:00+00:00,4897.5,4917.9,4892.8,4915.8,27589.37
1769184000,2026-01-23 16:00:00+00:00,4913.9,4943.8,4913.9,4935.3,36793.42
1769187600,2026-01-23 17:00:00+00:00,4935.6,4943.3,4916.9,4920.8,20633.85
1769191200,2026-01-23 18:00:00+00:00,4921.1,4939.3,4913.4,4921.7,18583.3
1769194800,2026-01-23 19:00:00+00:00,4922.1,4945.3,4922.1,4939.1,12928.54
1769198400,2026-01-23 20:00:00+00:00,4939.0,4940.6,4925.6,4935.3,10372.83
1769202000,2026-01-23 21:00:00+00:00,4935.3,4944.1,4932.5,4933.6,6089.79
1769382000,2026-01-25 23:00:00+00:00,4977.7,4993.3,4964.8,4992.6,13028.99
1769385600,2026-01-26 00:00:00+00:00,4993.3,5005.3,4983.2,4994.9,10993.22
1769389200,2026-01-26 01:00:00+00:00,4994.7,5036.8,4981.9,5022.7,26485.77
1769392800,2026-01-26 02:00:00+00:00,5022.8,5045.4,5018.1,5032.8,12179.12
1769396400,2026-01-26 03:00:00+00:00,5032.4,5040.4,5021.4,5027.8,9586.84
1769400000,2026-01-26 04:00:00+00:00,5028.0,5029.9,5009.5,5022.5,9112.44
1769403600,2026-01-26 05:00:00+00:00,5021.8,5028.2,5003.6,5026.0,14793.48
1769407200,2026-01-26 06:00:00+00:00,5025.7,5061.8,5016.9,5028.1,20247.1
1769410800,2026-01-26 07:00:00+00:00,5028.4,5046.3,5023.9,5040.3,9224.7
1769414400,2026-01-26 08:00:00+00:00,5040.2,5050.0,5031.3,5035.2,14711.789999999999
1769418000,2026-01-26 09:00:00+00:00,5035.2,5051.3,5027.0,5036.1,14677.3
1769421600,2026-01-26 10:00:00+00:00,5036.3,5046.9,5030.4,5044.0,10161.56
1769425200,2026-01-26 11:00:00+00:00,5044.0,5045.2,5030.4,5043.7,9323.81
1769428800,2026-01-26 12:00:00+00:00,5043.5,5049.3,5028.4,5030.1,15244.01
1769432400,2026-01-26 13:00:00+00:00,5030.5,5034.8,5005.9,5019.8,30707.86
1769436000,2026-01-26 14:00:00+00:00,5019.6,5048.6,5009.4,5047.6,43219.88
1769439600,2026-01-26 15:00:00+00:00,5048.0,5049.1,5025.2,5042.3,46302.53
1769443200,2026-01-26 16:00:00+00:00,5042.3,5056.9,5015.9,5040.3,38307.590000000004
1769446800,2026-01-26 17:00:00+00:00,5040.9,5056.0,5030.6,5052.0,21679.55
1769450400,2026-01-26 18:00:00+00:00,5051.8,5054.2,5007.3,5018.5,32855.97
1769454000,2026-01-26 19:00:00+00:00,5019.1,5019.4,4956.6,4977.5,38497.44
1769457600,2026-01-26 20:00:00+00:00,4977.5,5012.2,4975.9,5003.3,21867.34
1769461200,2026-01-26 21:00:00+00:00,5003.5,5007.8,4937.5,4958.7,16998.07
1769468400,2026-01-26 23:00:00+00:00,4959.4,5009.9,4958.4,4991.6,3416.17
1769472000,2026-01-27 00:00:00+00:00,4991.6,5002.6,4962.2,4981.0,8046.72
1769475600,2026-01-27 01:00:00+00:00,4981.2,5025.4,4966.9,5009.2,14893.95
1769479200,2026-01-27 02:00:00+00:00,5008.6,5028.7,4997.8,5021.3,7415.66
1769482800,2026-01-27 03:00:00+00:00,5021.8,5028.2,5008.3,5025.8,4910.1
1769486400,2026-01-27 04:00:00+00:00,5025.6,5027.5,5010.3,5015.0,4076.62
1769490000,2026-01-27 05:00:00+00:00,5016.5,5034.2,5005.8,5032.0,7740.46
1769493600,2026-01-27 06:00:00+00:00,5031.8,5043.5,5025.5,5035.4,7747.45
1769497200,2026-01-27 07:00:00+00:00,5035.3,5051.2,5031.0,5035.5,14131.72
1769500800,2026-01-27 08:00:00+00:00,5035.4,5038.0,5022.4,5029.5,13120.09
1769504400,2026-01-27 09:00:00+00:00,5028.9,5050.2,5028.0,5049.2,9597.52
1769508000,2026-01-27 10:00:00+00:00,5049.1,5049.2,5032.1,5036.4,9783.44
1769511600,2026-01-27 11:00:00+00:00,5036.6,5040.9,5016.1,5027.0,10397.47
1769515200,2026-01-27 12:00:00+00:00,5023.4,5041.3,5023.4,5035.5,10237.49
1769518800,2026-01-27 13:00:00+00:00,5035.4,5043.3,5019.7,5027.7,24234.85
1769522400,2026-01-27 14:00:00+00:00,5031.8,5031.8,4995.9,5003.5,42097.28
1769526000,2026-01-27 15:00:00+00:00,4996.2,5042.2,4996.2,5041.5,38979.9
1769529600,2026-01-27 16:00:00+00:00,5041.4,5054.2,5034.4,5039.0,28517.12
1769533200,2026-01-27 17:00:00+00:00,5039.1,5045.9,5028.6,5033.1,21889.38
1769536800,2026-01-27 18:00:00+00:00,5033.0,5047.4,5027.9,5039.8,16400.54
1769540400,2026-01-27 19:00:00+00:00,5032.5,5052.2,5032.5,5051.2,9634.54
1769544000,2026-01-27 20:00:00+00:00,5051.0,5138.1,5050.1,5128.6,42985.95
1769547600,2026-01-27 21:00:00+00:00,5128.9,5144.7,5123.0,5133.5,14384.039999999999
1769554800,2026-01-27 23:00:00+00:00,5132.9,5135.8,5110.3,5123.1,3475.77
1769558400,2026-01-28 00:00:00+00:00,5123.2,5130.9,5108.7,5122.4,3014.22
1769562000,2026-01-28 01:00:00+00:00,5122.8,5174.6,5119.0,5153.4,6298.03
1769565600,2026-01-28 02:00:00+00:00,5152.9,5182.8,5150.5,5180.3,4293.2699999999995
1769569200,2026-01-28 03:00:00+00:00,5180.2,5196.1,5172.6,5183.1,4149.62
1769572800,2026-01-28 04:00:00+00:00,5182.7,5197.9,5181.3,5196.6,2340.1
1769576400,2026-01-28 05:00:00+00:00,5194.8,5213.2,5191.0,5207.8,2666.8
1769580000,2026-01-28 06:00:00+00:00,5207.0,5218.3,5198.9,5216.6,2503.54
1769583600,2026-01-28 07:00:00+00:00,5217.1,5241.9,5209.6,5240.1,4253.13
1769587200,2026-01-28 08:00:00+00:00,5239.3,5298.9,5235.9,5280.9,92938.56
1769590800,2026-01-28 09:00:00+00:00,5280.7,5285.1,5250.7,5265.7,15328.54
1769594400,2026-01-28 10:00:00+00:00,5265.8,5273.8,5256.4,5257.6,10430.86
1769598000,2026-01-28 11:00:00+00:00,5258.2,5258.9,5224.9,5248.1,15887.94
1769601600,2026-01-28 12:00:00+00:00,5248.3,5265.7,5238.2,5265.6,15250.12
1769605200,2026-01-28 13:00:00+00:00,5265.5,5276.0,5242.6,5252.5,26461.81
1769608800,2026-01-28 14:00:00+00:00,5252.9,5275.3,5234.6,5272.7,36896.16
1769612400,2026-01-28 15:00:00+00:00,5272.6,5284.9,5220.4,5265.2,62002.6
1769616000,2026-01-28 16:00:00+00:00,5265.5,5288.4,5261.4,5287.5,34194.5
1769619600,2026-01-28 17:00:00+00:00,5287.9,5295.1,5270.0,5286.1,25864.62
1769623200,2026-01-28 18:00:00+00:00,5286.3,5314.5,5255.0,5271.2,35466.21
1769626800,2026-01-28 19:00:00+00:00,5268.9,5319.8,5254.9,5313.0,23682.34
1769630400,2026-01-28 20:00:00+00:00,5312.5,5379.0,5307.3,5363.3,29128.3
1769634000,2026-01-28 21:00:00+00:00,5363.7,5406.7,5363.3,5401.7,12266.789999999999
1769641200,2026-01-28 23:00:00+00:00,5403.8,5580.7,5403.3,5493.3,3469.47
1769644800,2026-01-29 00:00:00+00:00,5435.3,5508.9,5435.3,5502.4,23037.92
1769648400,2026-01-29 01:00:00+00:00,5502.8,5534.4,5426.3,5527.9,29799.71
1769652000,2026-01-29 02:00:00+00:00,5528.0,5532.3,5486.5,5519.6,18653.44
1769655600,2026-01-29 03:00:00+00:00,5519.1,5533.2,5492.1,5530.8,14020.0
1769659200,2026-01-29 04:00:00+00:00,5524.7,5548.9,5517.6,5543.7,12161.49
1769662800,2026-01-29 05:00:00+00:00,5539.4,5547.2,5498.4,5544.8,16205.84
1769666400,2026-01-29 06:00:00+00:00,5545.0,5579.8,5537.7,5544.9,18478.170000000002
1769670000,2026-01-29 07:00:00+00:00,5544.9,5557.9,5520.1,5532.3,14981.82
1769673600,2026-01-29 08:00:00+00:00,5532.3,5538.7,5457.8,5494.5,27926.73
1769677200,2026-01-29 09:00:00+00:00,5494.0,5514.2,5482.0,5498.7,15464.18
1769680800,2026-01-29 10:00:00+00:00,5510.3,5510.3,5466.9,5468.0,14344.51
1769684400,2026-01-29 11:00:00+00:00,5468.4,5513.8,5454.9,5507.4,13892.72
1769688000,2026-01-29 12:00:00+00:00,5507.1,5527.2,5503.1,5518.4,11917.21
1769691600,2026-01-29 13:00:00+00:00,5519.1,5525.4,5482.7,5494.2,22424.55
1769695200,2026-01-29 14:00:00+00:00,5494.6,5535.2,5473.2,5479.2,50015.95
1769698800,2026-01-29 15:00:00+00:00,5479.2,5479.2,5079.9,5166.8,140887.0
1769702400,2026-01-29 16:00:00+00:00,5155.4,5292.8,5155.4,5246.4,48829.41
1769706000,2026-01-29 17:00:00+00:00,5246.8,5358.1,5246.1,5318.2,33138.12
1769709600,2026-01-29 18:00:00+00:00,5317.9,5344.5,5289.9,5321.6,22504.2
1769713200,2026-01-29 19:00:00+00:00,5322.5,5328.2,5272.6,5288.0,15717.789999999999
1769716800,2026-01-29 20:00:00+00:00,5288.7,5392.5,5264.9,5377.2,20893.73
1769720400,2026-01-29 21:00:00+00:00,5376.8,5410.1,5353.9,5364.7,9698.95
1769727600,2026-01-29 23:00:00+00:00,5363.9,5432.5,5361.4,5421.5,3425.41
1769731200,2026-01-30 00:00:00+00:00,5421.4,5434.1,5372.1,5389.2,13039.49
1769734800,2026-01-30 01:00:00+00:00,5389.9,5392.8,5274.3,5285.6,23333.68
1769738400,2026-01-30 02:00:00+00:00,5284.2,5299.7,5099.7,5208.9,42338.58
1769742000,2026-01-30 03:00:00+00:00,5208.7,5213.7,5130.8,5179.0,14778.93
1769745600,2026-01-30 04:00:00+00:00,5178.1,5308.7,5175.9,5197.0,6933.58
1769749200,2026-01-30 05:00:00+00:00,5196.0,5223.1,5161.9,5166.3,7100.54
1769752800,2026-01-30 06:00:00+00:00,5164.6,5186.6,5125.3,5137.8,10391.5
1769756400,2026-01-30 07:00:00+00:00,5138.0,5168.9,5097.6,5163.1,14133.14
1769760000,2026-01-30 08:00:00+00:00,5162.7,5162.7,5029.0,5098.9,22141.59
1769763600,2026-01-30 09:00:00+00:00,5097.7,5115.4,4916.6,4993.9,37105.25
1769767200,2026-01-30 10:00:00+00:00,4993.2,5104.1,4980.9,5101.6,17448.08
1769770800,2026-01-30 11:00:00+00:00,5099.9,5127.8,5068.6,5118.6,15761.27
1769774400,2026-01-30 12:00:00+00:00,5129.5,5129.5,5036.5,5045.9,15529.87
1769778000,2026-01-30 13:00:00+00:00,5047.0,5081.7,4972.2,4999.5,26871.43
1769781600,2026-01-30 14:00:00+00:00,5000.6,5096.2,4993.5,5014.9,35262.16
1769785200,2026-01-30 15:00:00+00:00,5013.6,5057.9,4960.2,5032.7,36223.27
1769788800,2026-01-30 16:00:00+00:00,5033.2,5034.6,4915.0,4965.6,34733.64
1769792400,2026-01-30 17:00:00+00:00,4963.5,4966.2,4778.9,4828.4,52817.09
1769796000,2026-01-30 18:00:00+00:00,4828.3,4870.9,4654.3,4853.5,79849.03
1769799600,2026-01-30 19:00:00+00:00,4852.2,4925.8,4813.9,4908.8,24432.7
1769803200,2026-01-30 20:00:00+00:00,4909.2,4910.5,4782.4,4824.7,20208.95
1769806800,2026-01-30 21:00:00+00:00,4825.1,4871.8,4809.4,4861.4,9826.94
1769986800,2026-02-01 23:00:00+00:00,4782.4,4787.9,4659.2,4718.6,18137.66
1769990400,2026-02-02 00:00:00+00:00,4719.5,4859.5,4717.2,4744.5,18931.39
1769994000,2026-02-02 01:00:00+00:00,4745.2,4763.1,4558.2,4718.7,35082.979999999996
1769997600,2026-02-02 02:00:00+00:00,4712.6,4750.9,4673.9,4687.2,14620.36
1770001200,2026-02-02 03:00:00+00:00,4687.3,4706.6,4603.9,4619.5,15427.69
1770004800,2026-02-02 04:00:00+00:00,4620.9,4688.4,4576.5,4655.3,12673.1
1770008400,2026-02-02 05:00:00+00:00,4671.0,4671.0,4468.9,4525.4,23667.54
1770012000,2026-02-02 06:00:00+00:00,4526.9,4550.6,4377.1,4480.1,26063.83
1770015600,2026-02-02 07:00:00+00:00,4479.7,4594.9,4458.8,4563.4,18237.36
1770019200,2026-02-02 08:00:00+00:00,4563.4,4628.0,4533.3,4616.0,15791.73
1770022800,2026-02-02 09:00:00+00:00,4615.4,4707.9,4576.9,4697.0,13886.35
1770026400,2026-02-02 10:00:00+00:00,4693.9,4711.5,4631.9,4681.2,12406.83
1770030000,2026-02-02 11:00:00+00:00,4682.3,4759.0,4680.0,4744.2,14236.71
1770033600,2026-02-02 12:00:00+00:00,4745.1,4791.5,4721.3,4770.0,13214.84
1770037200,2026-02-02 13:00:00+00:00,4769.9,4781.9,4646.0,4682.9,33178.68
1770040800,2026-02-02 14:00:00+00:00,4683.5,4771.9,4657.3,4697.9,30940.68
1770044400,2026-02-02 15:00:00+00:00,4693.4,4721.9,4591.9,4595.6,27959.7
1770048000,2026-02-02 16:00:00+00:00,4596.8,4687.0,4571.5,4641.4,24276.98
1770051600,2026-02-02 17:00:00+00:00,4641.4,4691.6,4632.0,4649.9,20728.18
1770055200,2026-02-02 18:00:00+00:00,4649.8,4650.0,4593.5,4633.4,19091.89
1770058800,2026-02-02 19:00:00+00:00,4633.4,4689.9,4607.4,4661.3,9664.6
1770062400,2026-02-02 20:00:00+00:00,4677.2,4677.2,4625.2,4630.2,9183.53
1770066000,2026-02-02 21:00:00+00:00,4631.8,4665.9,4620.9,4634.8,3732.52
1770073200,2026-02-02 23:00:00+00:00,4644.9,4753.8,4644.1,4752.4,3447.66
1770076800,2026-02-03 00:00:00+00:00,4752.6,4807.6,4742.0,4756.6,10040.24
1770080400,2026-02-03 01:00:00+00:00,4757.0,4835.9,4741.9,4816.6,11990.35
1770084000,2026-02-03 02:00:00+00:00,4817.1,4817.9,4722.4,4760.1,11772.6
1770087600,2026-02-03 03:00:00+00:00,4760.0,4790.0,4728.2,4785.5,6318.34
1770091200,2026-02-03 04:00:00+00:00,4784.9,4802.3,4776.5,4786.5,3304.29
1770094800,2026-02-03 05:00:00+00:00,4786.7,4819.4,4785.2,4800.2,4823.72
1770098400,2026-02-03 06:00:00+00:00,4801.9,4869.9,4791.9,4856.9,9747.78
1770102000,2026-02-03 07:00:00+00:00,4855.1,4909.9,4846.9,4893.9,12526.28
1770105600,2026-02-03 08:00:00+00:00,4894.1,4929.4,4874.9,4889.7,14441.58
1770109200,2026-02-03 09:00:00+00:00,4889.7,4903.9,4862.6,4893.7,11867.47
1770112800,2026-02-03 10:00:00+00:00,4893.5,4906.9,4876.3,4878.7,8713.22
1770116400,2026-02-03 11:00:00+00:00,4879.1,4895.8,4859.1,4892.8,6784.51
1770120000,2026-02-03 12:00:00+00:00,4893.5,4913.4,4868.9,4892.1,9771.94
1770123600,2026-02-03 13:00:00+00:00,4892.3,4931.6,4880.6,4911.9,24166.59
1770127200,2026-02-03 14:00:00+00:00,4912.6,4917.0,4871.5,4893.1,25246.0
1770130800,2026-02-03 15:00:00+00:00,4893.0,4925.1,4880.8,4911.6,20167.56
1770134400,2026-02-03 16:00:00+00:00,4911.1,4972.0,4906.0,4932.1,23445.17
1770138000,2026-02-03 17:00:00+00:00,4932.2,4946.6,4883.6,4905.4,23234.87
1770141600,2026-02-03 18:00:00+00:00,4905.0,4931.2,4854.4,4884.4,22082.6
1770145200,2026-02-03 19:00:00+00:00,4884.1,4925.8,4855.9,4903.2,12703.08
1770148800,2026-02-03 20:00:00+00:00,4903.8,4933.9,4878.4,4921.4,9144.66
1770152400,2026-02-03 21:00:00+00:00,4921.0,4941.4,4911.2,4924.4,3048.06
1770159600,2026-02-03 23:00:00+00:00,4920.0,4951.7,4884.3,4922.6,3519.98
1770163200,2026-02-04 00:00:00+00:00,4923.8,4993.6,4920.8,4992.0,8865.72
1770166800,2026-02-04 01:00:00+00:00,4992.5,5029.4,4960.3,5021.1,14823.83
1770170400,2026-02-04 02:00:00+00:00,5021.8,5040.7,5009.0,5015.5,7912.6900000000005
1770174000,2026-02-04 03:00:00+00:00,5014.8,5047.9,5010.1,5044.2,5636.3
1770177600,2026-02-04 04:00:00+00:00,5044.6,5054.9,5030.2,5054.1,3860.79
1770181200,2026-02-04 05:00:00+00:00,5054.0,5063.2,5042.4,5052.2,6509.15
1770184800,2026-02-04 06:00:00+00:00,5053.3,5056.4,5024.9,5050.5,8461.36
1770188400,2026-02-04 07:00:00+00:00,5051.9,5067.4,5036.4,5060.7,8561.9
1770192000,2026-02-04 08:00:00+00:00,5060.2,5067.8,5045.0,5060.4,7492.05
1770195600,2026-02-04 09:00:00+00:00,5059.8,5063.6,5018.9,5036.2,9030.86
1770199200,2026-02-04 10:00:00+00:00,5037.0,5040.8,5018.6,5026.1,7275.49
1770202800,2026-02-04 11:00:00+00:00,4989.9,5030.8,4989.9,5025.2,7657.31
1770206400,2026-02-04 12:00:00+00:00,5024.5,5042.0,5012.5,5018.5,6009.13
1770210000,2026-02-04 13:00:00+00:00,5018.2,5040.9,4998.9,5030.9,12048.07
1770213600,2026-02-04 14:00:00+00:00,5031.7,5036.4,4942.3,4962.3,32438.63
1770217200,2026-02-04 15:00:00+00:00,4961.2,4984.6,4862.9,4897.0,37996.81
1770220800,2026-02-04 16:00:00+00:00,4897.0,4918.0,4821.6,4880.8,30282.420000000002
1770224400,2026-02-04 17:00:00+00:00,4880.4,4906.9,4863.5,4875.2,20409.72
1770228000,2026-02-04 18:00:00+00:00,4873.5,4910.8,4847.8,4903.6,18035.96
1770231600,2026-02-04 19:00:00+00:00,4903.7,4933.3,4890.6,4917.4,10740.11
1770235200,2026-02-04 20:00:00+00:00,4917.5,4927.3,4889.9,4915.5,7009.02
1770238800,2026-02-04 21:00:00+00:00,4914.8,4948.0,4913.9,4940.3,2125.5
1770246000,2026-02-04 23:00:00+00:00,4940.5,4998.9,4940.5,4987.3,3462.08
1770249600,2026-02-05 00:00:00+00:00,4987.1,4995.8,4971.5,4982.0,4911.61
1770253200,2026-02-05 01:00:00+00:00,4982.6,4987.6,4910.9,4932.2,13863.65
1770256800,2026-02-05 02:00:00+00:00,4936.0,4936.0,4776.5,4784.9,26484.239999999998
1770260400,2026-02-05 03:00:00+00:00,4784.3,4861.0,4758.9,4852.4,14648.76
1770264000,2026-02-05 04:00:00+00:00,4852.3,4864.7,4834.7,4842.4,4499.52
1770267600,2026-02-05 05:00:00+00:00,4835.6,4877.6,4795.9,4865.7,8642.72
1770271200,2026-02-05 06:00:00+00:00,4868.0,4905.8,4846.9,4892.7,6731.49
1770274800,2026-02-05 07:00:00+00:00,4891.1,4914.1,4868.6,4888.2,7533.86
1770278400,2026-02-05 08:00:00+00:00,4888.0,4915.9,4875.3,4887.9,6728.65
1770282000,2026-02-05 09:00:00+00:00,4888.3,4891.0,4825.0,4830.8,10653.77
1770285600,2026-02-05 10:00:00+00:00,4829.8,4861.5,4821.9,4851.8,5818.85
1770289200,2026-02-05 11:00:00+00:00,4850.7,4869.4,4839.5,4843.0,4755.9
1770292800,2026-02-05 12:00:00+00:00,4843.2,4853.8,4784.9,4830.1,15076.9
1770296400,2026-02-05 13:00:00+00:00,4830.0,4847.0,4775.9,4812.1,17186.67
1770300000,2026-02-05 14:00:00+00:00,4811.9,4845.0,4781.1,4821.7,25245.74
1770303600,2026-02-05 15:00:00+00:00,4820.4,4841.9,4774.7,4792.5,24009.59
1770307200,2026-02-05 16:00:00+00:00,4791.7,4883.9,4787.4,4865.9,19110.19
1770310800,2026-02-05 17:00:00+00:00,4864.8,4867.2,4835.4,4845.4,8668.62
1770314400,2026-02-05 18:00:00+00:00,4845.3,4852.3,4826.7,4834.3,9848.6
1770318000,2026-02-05 19:00:00+00:00,4835.1,4842.9,4800.9,4806.4,6218.5
1770321600,2026-02-05 20:00:00+00:00,4806.9,4820.1,4768.5,4787.5,9435.35
1770325200,2026-02-05 21:00:00+00:00,4802.4,4802.4,4733.5,4752.0,10431.73
1770332400,2026-02-05 23:00:00+00:00,4753.9,4769.8,4675.1,4675.9,3379.5
1770336000,2026-02-06 00:00:00+00:00,4675.9,4735.6,4623.9,4733.8,20177.27
1770339600,2026-02-06 01:00:00+00:00,4733.0,4757.3,4663.9,4746.0,13783.1
1770343200,2026-02-06 02:00:00+00:00,4746.6,4817.4,4731.7,4787.4,11568.130000000001
1770346800,2026-02-06 03:00:00+00:00,4786.4,4810.3,4770.6,4795.0,4663.77
1770350400,2026-02-06 04:00:00+00:00,4795.9,4802.8,4777.8,4785.8,1907.44
1770354000,2026-02-06 05:00:00+00:00,4784.3,4870.1,4778.4,4869.2,8534.37
1770357600,2026-02-06 06:00:00+00:00,4870.2,4875.5,4794.9,4819.5,8742.2
1770361200,2026-02-06 07:00:00+00:00,4818.9,4835.8,4810.7,4816.2,4888.12
1770364800,2026-02-06 08:00:00+00:00,4815.5,4858.4,4803.4,4838.7,7039.67
1770368400,2026-02-06 09:00:00+00:00,4838.0,4850.4,4816.1,4843.4,5470.98
1770372000,2026-02-06 10:00:00+00:00,4841.9,4855.6,4826.5,4853.8,4288.65
1770375600,2026-02-06 11:00:00+00:00,4853.6,4872.6,4839.5,4863.0,5270.5
1770379200,2026-02-06 12:00:00+00:00,4864.0,4879.9,4845.9,4875.6,7905.55
1770382800,2026-02-06 13:00:00+00:00,4875.9,4914.9,4872.1,4904.9,13058.75
1770386400,2026-02-06 14:00:00+00:00,4905.6,4927.6,4870.1,4926.4,17250.24
1770390000,2026-02-06 15:00:00+00:00,4942.7,4942.7,4905.1,4921.5,14398.72
1770393600,2026-02-06 16:00:00+00:00,4921.7,4931.9,4898.9,4929.2,8778.45
1770397200,2026-02-06 17:00:00+00:00,4929.2,4946.8,4926.1,4938.2,8056.15
1770400800,2026-02-06 18:00:00+00:00,4938.7,4949.5,4921.8,4940.2,9163.45
1770404400,2026-02-06 19:00:00+00:00,4940.2,4940.9,4925.7,4934.6,3508.05
1770408000,2026-02-06 20:00:00+00:00,4934.3,4936.9,4914.3,4931.1,5282.74
1770411600,2026-02-06 21:00:00+00:00,4931.1,4946.0,4924.0,4933.7,2724.14
1770591600,2026-02-08 23:00:00+00:00,4953.9,5022.9,4945.2,5011.3,7639.21
1770595200,2026-02-09 00:00:00+00:00,5011.4,5021.9,4987.0,4995.1,4553.88
1770598800,2026-02-09 01:00:00+00:00,4996.0,5018.1,4950.9,4956.2,8342.68
1770602400,2026-02-09 02:00:00+00:00,4956.3,4991.1,4943.2,4980.5,5650.79
1770606000,2026-02-09 03:00:00+00:00,4980.4,5005.7,4979.7,4991.0,3271.87
1770609600,2026-02-09 04:00:00+00:00,4990.4,4999.5,4982.6,4988.6,1939.7
1770613200,2026-02-09 05:00:00+00:00,4987.9,5017.0,4986.3,5011.9,3088.34
1770616800,2026-02-09 06:00:00+00:00,5012.5,5021.5,4989.0,5006.3,4409.84
1770620400,2026-02-09 07:00:00+00:00,5006.4,5006.4,4969.1,4981.1,4719.44
1770624000,2026-02-09 08:00:00+00:00,4980.7,5010.9,4977.8,5002.0,4072.84
1770627600,2026-02-09 09:00:00+00:00,5002.6,5016.5,4977.5,4982.1,4413.13
1770631200,2026-02-09 10:00:00+00:00,4982.4,4990.8,4956.5,4965.2,6435.77
1770634800,2026-02-09 11:00:00+00:00,4965.4,4993.9,4963.1,4985.0,3423.98
1770638400,2026-02-09 12:00:00+00:00,4985.9,4997.5,4982.2,4989.6,3186.08
1770642000,2026-02-09 13:00:00+00:00,4989.3,5000.7,4970.8,4982.8,7496.41
1770645600,2026-02-09 14:00:00+00:00,4982.3,5017.2,4977.7,5013.5,11542.53
1770649200,2026-02-09 15:00:00+00:00,5013.4,5038.3,4999.5,5036.1,11946.11
1770652800,2026-02-09 16:00:00+00:00,5036.5,5060.7,5033.7,5050.8,11861.21
1770656400,2026-02-09 17:00:00+00:00,5051.7,5053.6,5018.3,5023.7,7258.5199999999995
1770660000,2026-02-09 18:00:00+00:00,5024.5,5042.3,5022.4,5040.9,8224.38
1770663600,2026-02-09 19:00:00+00:00,5040.8,5057.9,5040.4,5052.3,3722.82
1770667200,2026-02-09 20:00:00+00:00,5052.2,5065.0,5050.5,5056.8,4652.67
1770670800,2026-02-09 21:00:00+00:00,5057.5,5061.0,5026.4,5038.1,2723.98
1770678000,2026-02-09 23:00:00+00:00,5038.2,5054.8,4964.9,5009.2,3460.4
1770681600,2026-02-10 00:00:00+00:00,5010.3,5026.9,4984.9,4996.5,3202.47
1770685200,2026-02-10 01:00:00+00:00,4996.8,5015.9,4989.4,5008.8,4132.77
1770688800,2026-02-10 02:00:00+00:00,5009.0,5032.9,5007.1,5015.1,3436.82
1770692400,2026-02-10 03:00:00+00:00,5012.9,5014.6,4990.4,5005.4,2833.69
1770696000,2026-02-10 04:00:00+00:00,5006.3,5010.2,4993.4,5006.7,1513.0
1770699600,2026-02-10 05:00:00+00:00,5006.8,5017.9,4986.7,5015.8,2804.83
1770703200,2026-02-10 06:00:00+00:00,5015.3,5022.3,4994.9,4999.7,2534.43
1770706800,2026-02-10 07:00:00+00:00,4999.6,5011.0,4993.9,5009.2,2402.78
1770710400,2026-02-10 08:00:00+00:00,5003.5,5031.0,5003.5,5017.7,3614.89
1770714000,2026-02-10 09:00:00+00:00,5017.5,5039.2,5016.5,5022.4,4101.81
1770717600,2026-02-10 10:00:00+00:00,5022.5,5035.2,5013.8,5024.1,5588.89
1770721200,2026-02-10 11:00:00+00:00,5023.4,5034.9,5021.3,5032.9,2768.75
1770724800,2026-02-10 12:00:00+00:00,5033.6,5034.6,4995.9,5008.8,6228.14
1770728400,2026-02-10 13:00:00+00:00,5008.9,5036.3,5002.5,5028.0,7824.72
1770732000,2026-02-10 14:00:00+00:00,5028.0,5056.6,4997.1,5016.9,15200.53
1770735600,2026-02-10 15:00:00+00:00,5015.9,5024.8,4975.2,4995.5,14522.72
1770739200,2026-02-10 16:00:00+00:00,4996.6,5003.6,4982.1,5000.4,7467.57
1770742800,2026-02-10 17:00:00+00:00,5000.3,5017.9,4997.5,5003.6,4794.1
1770746400,2026-02-10 18:00:00+00:00,5003.0,5005.2,4980.6,4989.9,7995.72
1770750000,2026-02-10 19:00:00+00:00,4989.2,5007.1,4985.3,5004.7,3269.24
1770753600,2026-02-10 20:00:00+00:00,5004.4,5022.8,4996.8,5006.8,4658.5
1770757200,2026-02-10 21:00:00+00:00,5005.9,5008.9,4996.9,5001.8,1266.46
1770764400,2026-02-10 23:00:00+00:00,5001.9,5031.3,5000.2,5018.0,3483.18
1770768000,2026-02-11 00:00:00+00:00,5018.6,5026.0,5004.8,5014.8,2521.04
1770771600,2026-02-11 01:00:00+00:00,5014.3,5029.8,5007.3,5028.9,2794.42
1770775200,2026-02-11 02:00:00+00:00,5029.5,5034.9,5009.5,5033.1,2920.46
1770778800,2026-02-11 03:00:00+00:00,5032.5,5038.9,5022.1,5032.9,2334.62
1770782400,2026-02-11 04:00:00+00:00,5032.5,5037.6,5023.9,5027.1,1469.64
1770786000,2026-02-11 05:00:00+00:00,5025.1,5042.0,5021.5,5030.7,2782.14
1770789600,2026-02-11 06:00:00+00:00,5030.5,5042.7,5027.5,5042.2,2512.39
1770793200,2026-02-11 07:00:00+00:00,5042.3,5047.2,5026.1,5032.6,6793.27
1770796800,2026-02-11 08:00:00+00:00,5032.8,5038.0,5022.7,5030.9,2565.92
1770800400,2026-02-11 09:00:00+00:00,5031.3,5049.8,5024.3,5040.5,4427.66
1770804000,2026-02-11 10:00:00+00:00,5040.4,5082.7,5039.9,5072.5,11126.22
1770807600,2026-02-11 11:00:00+00:00,5072.7,5095.7,5061.3,5090.7,7697.29
1770811200,2026-02-11 12:00:00+00:00,5091.3,5098.4,5025.3,5061.1,13628.17
1770814800,2026-02-11 13:00:00+00:00,5061.4,5068.9,4990.2,5043.5,19189.13
1770818400,2026-02-11 14:00:00+00:00,5042.1,5061.0,5012.6,5036.2,12304.66
1770822000,2026-02-11 15:00:00+00:00,5036.2,5059.4,5015.9,5038.1,12419.72
1770825600,2026-02-11 16:00:00+00:00,5019.4,5055.7,5019.4,5053.1,8040.13
1770829200,2026-02-11 17:00:00+00:00,5052.6,5077.3,5045.3,5070.4,8815.78
1770832800,2026-02-11 18:00:00+00:00,5069.7,5071.8,5044.0,5061.3,10686.75
1770836400,2026-02-11 19:00:00+00:00,5061.7,5073.3,5055.0,5060.4,3953.61
1770840000,2026-02-11 20:00:00+00:00,5060.1,5068.7,5056.3,5065.3,2143.61
1770843600,2026-02-11 21:00:00+00:00,5065.3,5071.9,5048.0,5061.7,2071.09
1770850800,2026-02-11 23:00:00+00:00,5061.2,5076.7,5027.9,5037.4,3504.67
1770854400,2026-02-12 00:00:00+00:00,5037.4,5043.9,5024.9,5038.8,2669.47
1770858000,2026-02-12 01:00:00+00:00,5018.9,5039.7,5018.9,5038.7,3273.72
1770861600,2026-02-12 02:00:00+00:00,5038.8,5047.9,5029.4,5040.6,2344.19
1770865200,2026-02-12 03:00:00+00:00,5039.6,5049.9,5029.6,5032.1,2040.08
1770868800,2026-02-12 04:00:00+00:00,5026.1,5045.0,5026.1,5044.3,1327.64
1770872400,2026-02-12 05:00:00+00:00,5043.9,5053.2,5039.6,5050.2,2779.21
1770876000,2026-02-12 06:00:00+00:00,5051.1,5051.7,5022.8,5035.0,3829.27
1770879600,2026-02-12 07:00:00+00:00,5034.8,5041.4,5027.5,5039.2,2590.69
1770883200,2026-02-12 08:00:00+00:00,5039.6,5048.9,5027.4,5043.9,3511.6
1770886800,2026-02-12 09:00:00+00:00,5043.4,5056.4,5041.2,5048.9,3678.86
1770890400,2026-02-12 10:00:00+00:00,5048.7,5053.2,5030.9,5037.7,4784.11
1770894000,2026-02-12 11:00:00+00:00,5037.9,5044.1,5034.5,5039.5,1800.73
1770897600,2026-02-12 12:00:00+00:00,5040.4,5044.7,5024.5,5028.1,4263.58
1770901200,2026-02-12 13:00:00+00:00,5028.3,5060.6,5027.0,5052.1,7889.42
1770904800,2026-02-12 14:00:00+00:00,5052.1,5055.0,5015.2,5020.9,13656.61
1770908400,2026-02-12 15:00:00+00:00,5020.3,5051.9,5015.6,5037.8,11833.29
1770912000,2026-02-12 16:00:00+00:00,5037.4,5045.5,4853.9,4930.2,59616.48
1770915600,2026-02-12 17:00:00+00:00,4928.4,4958.3,4913.8,4915.4,15949.38
1770919200,2026-02-12 18:00:00+00:00,4915.6,4926.3,4880.8,4909.8,15435.35
1770922800,2026-02-12 19:00:00+00:00,4910.0,4932.2,4901.0,4918.9,5211.64
1770926400,2026-02-12 20:00:00+00:00,4919.2,4922.3,4884.9,4889.0,5465.45
1770930000,2026-02-12 21:00:00+00:00,4889.6,4901.2,4885.9,4895.3,2768.7
1770937200,2026-02-12 23:00:00+00:00,4903.9,4905.4,4861.0,4893.6,3464.12
1770940800,2026-02-13 00:00:00+00:00,4892.4,4921.6,4886.0,4900.6,3611.27
1770944400,2026-02-13 01:00:00+00:00,4900.6,4961.7,4899.5,4953.7,6472.83
1770948000,2026-02-13 02:00:00+00:00,4954.2,4964.9,4944.9,4961.9,3495.59
1770951600,2026-02-13 03:00:00+00:00,4961.7,4962.4,4945.9,4955.5,1710.84
1770955200,2026-02-13 04:00:00+00:00,4953.9,4970.3,4945.6,4947.9,1631.83
1770958800,2026-02-13 05:00:00+00:00,4950.0,4959.3,4917.1,4919.3,3992.58
1770962400,2026-02-13 06:00:00+00:00,4918.5,4941.9,4918.3,4940.6,3587.63
1770966000,2026-02-13 07:00:00+00:00,4939.8,4955.8,4923.9,4948.5,4837.79
1770969600,2026-02-13 08:00:00+00:00,4948.9,4963.4,4943.9,4955.8,3671.88
1770973200,2026-02-13 09:00:00+00:00,4956.7,4956.7,4935.1,4944.0,3467.63
1770976800,2026-02-13 10:00:00+00:00,4943.9,4954.8,4921.1,4924.7,5516.24
1770980400,2026-02-13 11:00:00+00:00,4924.7,4928.9,4906.7,4927.3,6551.84
1770984000,2026-02-13 12:00:00+00:00,4925.7,4947.9,4925.7,4942.7,4530.47
1770987600,2026-02-13 13:00:00+00:00,4943.9,4978.4,4931.0,4962.3,11865.4
1770991200,2026-02-13 14:00:00+00:00,4961.1,4990.6,4940.0,4971.3,16230.01
1770994800,2026-02-13 15:00:00+00:00,4971.3,4997.2,4949.1,4952.6,13701.66
1770998400,2026-02-13 16:00:00+00:00,4952.9,5010.7,4951.3,4983.9,12834.47
1771002000,2026-02-13 17:00:00+00:00,4983.9,5005.4,4981.7,4997.4,5947.31
1771005600,2026-02-13 18:00:00+00:00,4997.4,5012.8,4991.9,5008.0,7358.63
1771009200,2026-02-13 19:00:00+00:00,5008.6,5023.0,5000.3,5000.3,5338.63
1771012800,2026-02-13 20:00:00+00:00,5000.1,5011.0,4997.2,5007.9,4789.95
1771016400,2026-02-13 21:00:00+00:00,5007.8,5021.3,5000.2,5000.2,1999.77
1771196400,2026-02-15 23:00:00+00:00,5000.2,5005.5,4985.5,4992.4,1059.22
1771200000,2026-02-16 00:00:00+00:00,4992.3,4996.9,4972.1,4988.9,1993.6399999999999
1771203600,2026-02-16 01:00:00+00:00,4988.0,5005.3,4980.3,5001.5,1610.09
1771207200,2026-02-16 02:00:00+00:00,5002.3,5004.9,4965.2,4968.7,2469.33
1771210800,2026-02-16 03:00:00+00:00,4967.6,4973.4,4939.9,4961.1,3063.11
1771214400,2026-02-16 04:00:00+00:00,4960.1,4966.1,4941.9,4948.6,2398.42
1771304400,2026-02-17 05:00:00+00:00,4926.2,4926.2,4829.1,4860.8,11946.85
1771308000,2026-02-17 06:00:00+00:00,4859.0,4886.8,4859.0,4883.9,4365.02
1771311600,2026-02-17 07:00:00+00:00,4882.4,4895.6,4876.2,4889.7,3233.52
1771315200,2026-02-17 08:00:00+00:00,4889.9,4903.3,4888.7,4893.4,3156.41
1771318800,2026-02-17 09:00:00+00:00,4892.9,4905.5,4880.2,4899.1,3594.44
1771322400,2026-02-17 10:00:00+00:00,4898.5,4913.4,4881.0,4886.0,5150.86
1771326000,2026-02-17 11:00:00+00:00,4886.4,4904.2,4886.4,4902.6,3004.35
1771329600,2026-02-17 12:00:00+00:00,4902.3,4917.9,4901.4,4905.5,4442.19
1771333200,2026-02-17 13:00:00+00:00,4905.2,4906.9,4841.7,4843.3,13503.17
1771336800,2026-02-17 14:00:00+00:00,4842.6,4880.2,4808.1,4835.2,24637.89
1771340400,2026-02-17 15:00:00+00:00,4834.7,4856.0,4820.9,4851.1,11277.16
1771344000,2026-02-17 16:00:00+00:00,4851.0,4866.9,4840.7,4841.6,8220.76
1771347600,2026-02-17 17:00:00+00:00,4841.4,4843.9,4821.9,4837.9,8291.53
1771351200,2026-02-17 18:00:00+00:00,4837.4,4884.9,4835.0,4871.6,10534.19
1771354800,2026-02-17 19:00:00+00:00,4874.5,4874.5,4849.1,4853.2,3577.61
1771358400,2026-02-17 20:00:00+00:00,4853.1,4856.5,4845.6,4850.6,2401.46
1771362000,2026-02-17 21:00:00+00:00,4850.1,4859.1,4847.4,4850.0,1251.56
1771369200,2026-02-17 23:00:00+00:00,4852.4,4856.1,4822.4,4830.8,3375.48
1771372800,2026-02-18 00:00:00+00:00,4829.9,4855.1,4829.7,4845.7,2070.39
1771376400,2026-02-18 01:00:00+00:00,4845.7,4865.6,4845.7,4861.9,2456.88
1771380000,2026-02-18 02:00:00+00:00,4861.2,4879.7,4858.5,4877.7,2007.82
1771383600,2026-02-18 03:00:00+00:00,4877.9,4894.5,4876.6,4893.4,2011.09
1771387200,2026-02-18 04:00:00+00:00,4893.0,4915.7,4890.9,4905.5,2111.71
1771390800,2026-02-18 05:00:00+00:00,4907.4,4913.0,4903.1,4906.3,1207.21
1771394400,2026-02-18 06:00:00+00:00,4906.6,4909.2,4898.1,4903.6,1673.48
1771398000,2026-02-18 07:00:00+00:00,4903.5,4916.1,4902.5,4903.4,2381.48
1771401600,2026-02-18 08:00:00+00:00,4904.1,4907.1,4890.2,4891.6,4098.98
1771405200,2026-02-18 09:00:00+00:00,4891.4,4897.4,4887.0,4891.8,3741.1
1771408800,2026-02-18 10:00:00+00:00,4891.3,4899.3,4883.2,4888.9,4421.63
1771412400,2026-02-18 11:00:00+00:00,4888.4,4892.1,4879.8,4887.3,2526.66
1771416000,2026-02-18 12:00:00+00:00,4886.6,4921.4,4885.8,4917.4,7190.49
1771419600,2026-02-18 13:00:00+00:00,4917.2,4943.7,4916.8,4928.1,11988.47
1771423200,2026-02-18 14:00:00+00:00,4928.9,4969.4,4926.5,4966.2,12910.32
1771426800,2026-02-18 15:00:00+00:00,4966.0,4983.5,4965.6,4972.7,13617.83
1771430400,2026-02-18 16:00:00+00:00,4972.8,4985.8,4965.4,4975.1,7371.3
1771434000,2026-02-18 17:00:00+00:00,4975.3,4976.7,4968.1,4974.0,4609.26
1771437600,2026-02-18 18:00:00+00:00,4974.1,4978.1,4955.1,4962.1,7029.02
1771441200,2026-02-18 19:00:00+00:00,4961.5,4970.3,4947.6,4954.6,5850.87
1771444800,2026-02-18 20:00:00+00:00,4954.6,4962.3,4949.8,4959.2,3107.57
1771448400,2026-02-18 21:00:00+00:00,4958.8,4960.6,4949.5,4950.0,983.59
1771455600,2026-02-18 23:00:00+00:00,4947.6,4961.7,4925.4,4948.7,3423.07
1771459200,2026-02-19 00:00:00+00:00,4948.5,4948.7,4932.4,4934.1,1924.68
1771462800,2026-02-19 01:00:00+00:00,4934.1,4948.9,4933.0,4946.0,1366.68
1771466400,2026-02-19 02:00:00+00:00,4946.6,4950.1,4938.8,4940.8,1202.76
1771470000,2026-02-19 03:00:00+00:00,4940.8,4956.5,4939.1,4954.3,1930.19
1771473600,2026-02-19 04:00:00+00:00,4953.9,4958.6,4949.2,4956.7,1364.75
1771477200,2026-02-19 05:00:00+00:00,4956.4,4971.5,4956.4,4969.4,1778.19
1771480800,2026-02-19 06:00:00+00:00,4969.0,4991.9,4968.3,4989.3,3006.48
1771484400,2026-02-19 07:00:00+00:00,4990.4,4993.7,4980.8,4981.9,2566.29
1771488000,2026-02-19 08:00:00+00:00,4981.9,4994.8,4977.8,4989.4,3022.26
1771491600,2026-02-19 09:00:00+00:00,4989.7,4993.0,4965.9,4968.3,4686.07
1771495200,2026-02-19 10:00:00+00:00,4968.3,4969.1,4954.6,4966.9,4920.88
1771498800,2026-02-19 11:00:00+00:00,4966.9,4970.7,4951.0,4957.2,4384.85
1771502400,2026-02-19 12:00:00+00:00,4957.7,4965.9,4953.7,4958.3,3445.2599999999998
1771506000,2026-02-19 13:00:00+00:00,4959.0,4972.4,4944.0,4970.5,6623.57
1771509600,2026-02-19 14:00:00+00:00,4970.4,4983.5,4935.9,4978.5,12571.21
1771513200,2026-02-19 15:00:00+00:00,4979.1,4996.7,4968.6,4987.3,13443.95
1771516800,2026-02-19 16:00:00+00:00,4987.8,4988.1,4962.7,4968.1,7974.2699999999995
1771520400,2026-02-19 17:00:00+00:00,4968.1,4975.0,4955.8,4958.1,4516.41
1771524000,2026-02-19 18:00:00+00:00,4958.4,4962.7,4947.9,4954.6,5797.82
1771527600,2026-02-19 19:00:00+00:00,4954.6,4963.6,4950.7,4960.4,2595.33
1771531200,2026-02-19 20:00:00+00:00,4960.8,4976.1,4960.8,4974.5,2868.54
1771534800,2026-02-19 21:00:00+00:00,4976.7,4976.7,4964.1,4969.4,1963.48
1771542000,2026-02-19 23:00:00+00:00,4968.9,4980.4,4957.4,4959.5,3455.33
1771545600,2026-02-20 00:00:00+00:00,4957.4,4979.4,4957.4,4978.4,1195.35
1771549200,2026-02-20 01:00:00+00:00,4978.5,4987.3,4966.8,4970.7,2429.75
1771552800,2026-02-20 02:00:00+00:00,4969.4,4979.6,4964.5,4967.6,2025.73
1771556400,2026-02-20 03:00:00+00:00,4971.1,4971.1,4953.2,4959.9,2039.16
1771560000,2026-02-20 04:00:00+00:00,4959.5,4975.1,4958.1,4971.4,818.63
1771563600,2026-02-20 05:00:00+00:00,4972.0,4984.0,4969.8,4984.0,1657.46
1771567200,2026-02-20 06:00:00+00:00,4984.4,5002.8,4983.6,4993.5,3360.7
1771570800,2026-02-20 07:00:00+00:00,4994.2,5001.2,4978.5,4979.2,3845.36
1771574400,2026-02-20 08:00:00+00:00,4979.5,5004.5,4977.7,5002.6,4645.1
1771578000,2026-02-20 09:00:00+00:00,5002.4,5016.9,5000.8,5001.5,5753.6
1771581600,2026-02-20 10:00:00+00:00,5001.7,5012.0,4992.4,5008.5,5468.52
1771585200,2026-02-20 11:00:00+00:00,5008.7,5008.7,4988.6,4990.7,5040.43
1771588800,2026-02-20 12:00:00+00:00,4990.9,4999.5,4979.6,4998.4,7041.29
1771592400,2026-02-20 13:00:00+00:00,4998.0,5022.6,4991.6,5017.4,8262.28
1771596000,2026-02-20 14:00:00+00:00,5017.0,5035.1,5010.7,5028.7,15534.43
1771599600,2026-02-20 15:00:00+00:00,5027.5,5038.4,4959.4,5016.2,28543.49
1771603200,2026-02-20 16:00:00+00:00,5016.2,5043.7,5012.1,5040.9,10993.27
1771606800,2026-02-20 17:00:00+00:00,5040.9,5051.2,5029.1,5047.6,9754.16
1771610400,2026-02-20 18:00:00+00:00,5047.6,5050.9,5029.0,5047.9,12171.72
1771614000,2026-02-20 19:00:00+00:00,5047.5,5058.5,5045.0,5056.3,5323.44
1771617600,2026-02-20 20:00:00+00:00,5056.2,5074.6,5053.7,5073.3,6230.6
1771621200,2026-02-20 21:00:00+00:00,5073.4,5084.9,5034.8,5034.8,4289.59
1771801200,2026-02-22 23:00:00+00:00,5110.9,5148.1,5110.9,5141.1,6496.67
1771804800,2026-02-23 00:00:00+00:00,5140.9,5142.4,5104.9,5119.8,9155.65
1771808400,2026-02-23 01:00:00+00:00,5120.2,5143.9,5115.5,5133.3,3996.18
1771812000,2026-02-23 02:00:00+00:00,5133.0,5152.7,5132.7,5148.9,3690.43
1771815600,2026-02-23 03:00:00+00:00,5151.5,5151.5,5127.1,5142.3,3615.22
1771819200,2026-02-23 04:00:00+00:00,5142.2,5144.2,5131.2,5135.2,2029.42
1771822800,2026-02-23 05:00:00+00:00,5135.9,5137.2,5127.8,5133.8,1977.48
1771826400,2026-02-23 06:00:00+00:00,5134.2,5137.1,5120.0,5121.2,2891.54
1771830000,2026-02-23 07:00:00+00:00,5121.3,5130.2,5099.0,5111.5,7039.35
1771833600,2026-02-23 08:00:00+00:00,5111.4,5116.8,5096.7,5114.9,5215.39
1771837200,2026-02-23 09:00:00+00:00,5114.6,5124.5,5113.3,5124.0,4697.57
1771840800,2026-02-23 10:00:00+00:00,5124.3,5138.7,5119.5,5137.9,6989.16
1771844400,2026-02-23 11:00:00+00:00,5138.4,5138.4,5121.2,5124.2,3695.51
1771848000,2026-02-23 12:00:00+00:00,5124.2,5140.3,5119.8,5138.9,5303.17
1771851600,2026-02-23 13:00:00+00:00,5138.9,5140.3,5118.0,5120.1,7612.12
1771855200,2026-02-23 14:00:00+00:00,5119.8,5175.8,5115.4,5167.4,18444.32
1771858800,2026-02-23 15:00:00+00:00,5167.0,5180.1,5155.5,5170.5,15256.73
1771862400,2026-02-23 16:00:00+00:00,5170.2,5194.8,5149.9,5184.3,15014.84
1771866000,2026-02-23 17:00:00+00:00,5185.0,5188.4,5165.1,5181.3,8224.93
1771869600,2026-02-23 18:00:00+00:00,5181.9,5189.8,5174.7,5183.4,6963.12
1771873200,2026-02-23 19:00:00+00:00,5180.3,5192.3,5180.3,5189.3,3826.59
1771876800,2026-02-23 20:00:00+00:00,5188.9,5211.2,5188.5,5209.5,6149.88
1771880400,2026-02-23 21:00:00+00:00,5209.1,5210.4,5199.8,5201.8,2434.32
1771887600,2026-02-23 23:00:00+00:00,5201.4,5223.3,5194.9,5208.4,3482.3
1771891200,2026-02-24 00:00:00+00:00,5208.0,5211.3,5190.7,5197.0,6227.62
1771894800,2026-02-24 01:00:00+00:00,5196.9,5196.9,5118.0,5150.5,18084.34
1771898400,2026-02-24 02:00:00+00:00,5150.9,5164.8,5138.4,5162.9,4465.53
1771902000,2026-02-24 03:00:00+00:00,5163.3,5166.1,5144.6,5145.9,2164.38
1771905600,2026-02-24 04:00:00+00:00,5145.4,5149.2,5134.9,5142.3,2342.43
1771909200,2026-02-24 05:00:00+00:00,5142.0,5159.5,5137.6,5156.9,3332.08
1771912800,2026-02-24 06:00:00+00:00,5157.1,5158.7,5127.5,5147.5,3823.77
1771916400,2026-02-24 07:00:00+00:00,5146.9,5157.5,5137.5,5152.6,5945.64
1771920000,2026-02-24 08:00:00+00:00,5152.5,5155.5,5138.4,5146.9,5235.15
1771923600,2026-02-24 09:00:00+00:00,5146.2,5153.3,5139.3,5144.6,2984.69
1771927200,2026-02-24 10:00:00+00:00,5144.1,5154.9,5136.2,5146.2,5001.23
1771930800,2026-02-24 11:00:00+00:00,5146.2,5151.9,5144.5,5145.8,2169.75
1771934400,2026-02-24 12:00:00+00:00,5146.0,5146.4,5116.1,5122.7,8759.82
1771938000,2026-02-24 13:00:00+00:00,5123.1,5134.0,5080.8,5086.2,17958.71
1771941600,2026-02-24 14:00:00+00:00,5085.9,5110.9,5063.4,5099.4,24213.29
1771945200,2026-02-24 15:00:00+00:00,5101.6,5127.3,5089.1,5122.1,13040.85
1771948800,2026-02-24 16:00:00+00:00,5122.4,5124.6,5101.7,5113.6,7441.71
1771952400,2026-02-24 17:00:00+00:00,5113.6,5136.2,5113.3,5135.9,6821.4
1771956000,2026-02-24 18:00:00+00:00,5136.0,5142.4,5125.2,5132.8,9054.66
1771959600,2026-02-24 19:00:00+00:00,5131.9,5132.4,5118.1,5125.7,3867.8
1771963200,2026-02-24 20:00:00+00:00,5126.0,5145.3,5118.1,5135.7,5041.5
1771966800,2026-02-24 21:00:00+00:00,5135.8,5137.8,5111.9,5114.4,2017.24
1771974000,2026-02-24 23:00:00+00:00,5113.9,5123.9,5089.8,5118.9,3429.32
1771977600,2026-02-25 00:00:00+00:00,5108.2,5129.2,5108.2,5124.9,2145.86
1771981200,2026-02-25 01:00:00+00:00,5125.0,5161.9,5116.7,5149.0,6115.8
1771984800,2026-02-25 02:00:00+00:00,5148.3,5165.9,5138.2,5152.5,3998.13
1771988400,2026-02-25 03:00:00+00:00,5153.2,5162.6,5150.4,5154.5,2555.91
1771992000,2026-02-25 04:00:00+00:00,5154.0,5157.8,5143.2,5155.2,2097.79
1771995600,2026-02-25 05:00:00+00:00,5156.0,5183.9,5155.6,5175.1,5699.68
1771999200,2026-02-25 06:00:00+00:00,5174.0,5174.8,5155.6,5167.1,3350.78
1772002800,2026-02-25 07:00:00+00:00,5167.6,5168.3,5153.4,5157.7,3211.4700000000003
1772006400,2026-02-25 08:00:00+00:00,5157.6,5170.5,5156.9,5158.4,3038.53
1772010000,2026-02-25 09:00:00+00:00,5158.2,5167.8,5148.4,5166.8,4985.07
1772013600,2026-02-25 10:00:00+00:00,5166.3,5168.6,5141.9,5147.6,5455.9
1772017200,2026-02-25 11:00:00+00:00,5127.1,5154.7,5127.1,5153.4,6244.31
1772020800,2026-02-25 12:00:00+00:00,5153.2,5159.1,5148.9,5154.9,4467.13
1772024400,2026-02-25 13:00:00+00:00,5155.8,5163.9,5152.9,5157.6,6516.08
1772028000,2026-02-25 14:00:00+00:00,5157.1,5165.7,5130.9,5164.1,15222.73
1772031600,2026-02-25 15:00:00+00:00,5163.2,5175.9,5144.2,5168.4,13439.83
1772035200,2026-02-25 16:00:00+00:00,5168.0,5187.5,5163.0,5185.6,8886.62
1772038800,2026-02-25 17:00:00+00:00,5185.9,5191.2,5176.8,5180.4,6177.88
1772042400,2026-02-25 18:00:00+00:00,5180.4,5180.9,5180.3,5180.3,9.15
1772046000,2026-02-25 19:00:00+00:00,5180.1,5183.2,5172.0,5178.3,3164.52
1772049600,2026-02-25 20:00:00+00:00,5178.0,5178.9,5117.2,5123.8,10421.19
1772053200,2026-02-25 21:00:00+00:00,5125.1,5145.3,5122.5,5137.6,4709.69
1772060400,2026-02-25 23:00:00+00:00,5129.2,5152.0,5129.1,5133.9,3444.69
1772064000,2026-02-26 00:00:00+00:00,5124.0,5161.3,5124.0,5157.1,4470.18
1772067600,2026-02-26 01:00:00+00:00,5157.7,5167.3,5148.4,5160.7,4500.43
1772071200,2026-02-26 02:00:00+00:00,5165.4,5165.4,5142.7,5153.5,3272.41
1772074800,2026-02-26 03:00:00+00:00,5153.3,5163.3,5152.1,5162.0,1908.5
1772078400,2026-02-26 04:00:00+00:00,5162.0,5169.3,5160.5,5162.6,2382.81
1772082000,2026-02-26 05:00:00+00:00,5162.7,5175.8,5160.0,5168.3,3405.28
1772085600,2026-02-26 06:00:00+00:00,5168.7,5170.0,5160.9,5163.7,2788.23
1772089200,2026-02-26 07:00:00+00:00,5164.1,5165.4,5150.3,5156.5,4242.51
1772092800,2026-02-26 08:00:00+00:00,5156.7,5161.8,5136.8,5149.7,6692.22
1772096400,2026-02-26 09:00:00+00:00,5149.3,5159.7,5144.0,5156.3,5109.94
1772100000,2026-02-26 10:00:00+00:00,5160.3,5160.3,5134.5,5141.0,6260.51
1772103600,2026-02-26 11:00:00+00:00,5140.7,5148.2,5130.3,5134.6,4727.74
1772107200,2026-02-26 12:00:00+00:00,5134.8,5158.1,5127.0,5153.9,7221.72
1772110800,2026-02-26 13:00:00+00:00,5154.0,5156.0,5134.1,5136.2,8170.25
1772114400,2026-02-26 14:00:00+00:00,5136.1,5146.1,5108.5,5135.0,14582.82
1772118000,2026-02-26 15:00:00+00:00,5134.6,5164.0,5098.7,5156.4,21874.43
1772121600,2026-02-26 16:00:00+00:00,5156.9,5158.2,5143.3,5150.2,8815.52
1772125200,2026-02-26 17:00:00+00:00,5150.6,5161.3,5132.5,5137.9,7664.88
1772128800,2026-02-26 18:00:00+00:00,5138.1,5156.7,5130.2,5150.8,12280.49
1772132400,2026-02-26 19:00:00+00:00,5151.2,5165.2,5149.8,5158.1,5334.31
1772136000,2026-02-26 20:00:00+00:00,5157.8,5172.1,5157.7,5167.4,5064.46
1772139600,2026-02-26 21:00:00+00:00,5167.7,5171.7,5154.1,5155.4,3556.7
1772146800,2026-02-26 23:00:00+00:00,5155.8,5160.6,5145.4,5154.8,1946.38
1772150400,2026-02-27 00:00:00+00:00,5155.5,5165.9,5139.9,5145.5,3491.46
1772154000,2026-02-27 01:00:00+00:00,5136.8,5164.4,5136.8,5164.1,3771.08
1772157600,2026-02-27 02:00:00+00:00,5164.1,5170.1,5144.1,5154.2,5170.54
1772161200,2026-02-27 03:00:00+00:00,5154.6,5161.3,5151.4,5155.1,2479.71
1772164800,2026-02-27 04:00:00+00:00,5154.5,5159.4,5151.9,5154.4,1064.61
1772168400,2026-02-27 05:00:00+00:00,5151.9,5171.4,5151.9,5168.6,3213.93
1772172000,2026-02-27 06:00:00+00:00,5168.5,5170.2,5155.8,5156.7,3269.62
1772175600,2026-02-27 07:00:00+00:00,5156.8,5160.4,5146.5,5147.0,6603.81
1772179200,2026-02-27 08:00:00+00:00,5147.1,5153.3,5145.0,5149.0,3479.51
1772182800,2026-02-27 09:00:00+00:00,5149.3,5153.2,5142.4,5146.2,4045.61
1772186400,2026-02-27 10:00:00+00:00,5146.4,5151.1,5137.1,5147.5,5387.05
1772190000,2026-02-27 11:00:00+00:00,5142.2,5156.1,5142.2,5155.9,3335.39
1772193600,2026-02-27 12:00:00+00:00,5156.0,5160.9,5153.5,5158.2,4312.04
1772197200,2026-02-27 13:00:00+00:00,5158.4,5213.2,5157.4,5194.7,27727.0
1772200800,2026-02-27 14:00:00+00:00,5194.7,5208.2,5184.5,5194.8,15852.960000000001
1772204400,2026-02-27 15:00:00+00:00,5194.7,5218.9,5186.5,5211.7,19765.9
1772208000,2026-02-27 16:00:00+00:00,5211.9,5230.5,5194.5,5200.8,16088.289999999999
1772211600,2026-02-27 17:00:00+00:00,5201.0,5208.4,5191.3,5206.3,11144.42
1772215200,2026-02-27 18:00:00+00:00,5206.1,5218.7,5193.9,5216.9,9660.6
1772218800,2026-02-27 19:00:00+00:00,5216.7,5224.7,5212.1,5222.3,4966.15
1772222400,2026-02-27 20:00:00+00:00,5221.8,5237.7,5220.8,5235.2,5797.91
1772226000,2026-02-27 21:00:00+00:00,5235.5,5252.9,5201.8,5201.8,5230.54
1772406000,2026-03-01 23:00:00+00:00,5318.1,5363.6,5308.2,5354.3,12735.7
1772409600,2026-03-02 00:00:00+00:00,5355.2,5355.9,5307.8,5314.5,8832.12
1772413200,2026-03-02 01:00:00+00:00,5314.4,5314.5,5269.2,5292.2,15319.74
1772416800,2026-03-02 02:00:00+00:00,5292.4,5318.8,5283.1,5312.7,5427.15
1772420400,2026-03-02 03:00:00+00:00,5311.3,5333.4,5311.3,5332.6,3596.67
1772424000,2026-03-02 04:00:00+00:00,5332.5,5333.9,5312.3,5323.7,3049.53
1772427600,2026-03-02 05:00:00+00:00,5322.1,5333.9,5307.3,5332.8,3646.64
1772431200,2026-03-02 06:00:00+00:00,5332.7,5357.8,5330.6,5355.4,7089.16
1772434800,2026-03-02 07:00:00+00:00,5355.6,5388.0,5352.8,5376.9,11552.73
1772438400,2026-03-02 08:00:00+00:00,5385.9,5385.9,5360.2,5362.8,10917.58
1772442000,2026-03-02 09:00:00+00:00,5363.0,5372.3,5353.9,5360.8,7428.13
1772445600,2026-03-02 10:00:00+00:00,5361.7,5370.7,5347.5,5358.0,8105.68
1772449200,2026-03-02 11:00:00+00:00,5358.1,5368.9,5339.9,5353.5,6562.98
1772452800,2026-03-02 12:00:00+00:00,5353.8,5367.6,5347.4,5366.3,6649.36
1772456400,2026-03-02 13:00:00+00:00,5366.1,5386.1,5350.7,5363.7,17069.44
1772460000,2026-03-02 14:00:00+00:00,5362.9,5364.7,5272.5,5300.3,36015.26
1772463600,2026-03-02 15:00:00+00:00,5300.0,5318.2,5275.5,5283.5,18642.54
1772467200,2026-03-02 16:00:00+00:00,5282.6,5283.2,5226.8,5257.9,25115.88
1772470800,2026-03-02 17:00:00+00:00,5257.5,5289.0,5254.3,5275.0,7777.66
1772474400,2026-03-02 18:00:00+00:00,5275.3,5284.7,5256.8,5283.7,9094.17
1772478000,2026-03-02 19:00:00+00:00,5283.8,5302.4,5282.1,5298.1,6575.38
1772481600,2026-03-02 20:00:00+00:00,5298.0,5314.8,5296.1,5300.0,6716.55
1772485200,2026-03-02 21:00:00+00:00,5308.5,5308.5,5289.3,5289.8,2228.13
1772492400,2026-03-02 23:00:00+00:00,5289.6,5314.8,5288.8,5313.0,3519.07
1772496000,2026-03-03 00:00:00+00:00,5313.8,5330.8,5304.0,5318.4,3810.85
1772499600,2026-03-03 01:00:00+00:00,5318.8,5348.1,5305.4,5306.8,7395.81
1772503200,2026-03-03 02:00:00+00:00,5307.6,5335.7,5300.6,5333.9,5001.26
1772506800,2026-03-03 03:00:00+00:00,5334.6,5341.1,5326.1,5335.1,2426.6
1772510400,2026-03-03 04:00:00+00:00,5334.7,5343.1,5326.9,5331.8,2746.84
1772514000,2026-03-03 05:00:00+00:00,5328.6,5335.4,5271.9,5285.8,6813.44
1772517600,2026-03-03 06:00:00+00:00,5287.6,5290.1,5246.0,5276.9,10939.35
1772521200,2026-03-03 07:00:00+00:00,5276.7,5300.0,5272.4,5294.5,5677.43
1772524800,2026-03-03 08:00:00+00:00,5294.4,5302.9,5256.7,5262.7,8008.33
1772528400,2026-03-03 09:00:00+00:00,5262.4,5271.3,5189.9,5240.7,21195.71
1772532000,2026-03-03 10:00:00+00:00,5241.2,5254.0,5200.0,5213.6,9648.84
1772535600,2026-03-03 11:00:00+00:00,5212.2,5228.7,5035.3,5107.9,41946.21
1772539200,2026-03-03 12:00:00+00:00,5108.4,5190.8,5102.1,5188.4,20139.02
1772542800,2026-03-03 13:00:00+00:00,5188.5,5188.5,5091.1,5120.4,21972.13
1772546400,2026-03-03 14:00:00+00:00,5120.8,5139.7,4978.9,5001.9,40138.15
1772550000,2026-03-03 15:00:00+00:00,5002.7,5061.3,4958.9,5059.2,33110.69
1772553600,2026-03-03 16:00:00+00:00,5059.3,5099.1,5054.2,5071.8,17281.27
1772557200,2026-03-03 17:00:00+00:00,5071.7,5074.5,5029.0,5043.4,12567.06
1772560800,2026-03-03 18:00:00+00:00,5043.3,5103.7,5043.2,5100.4,13188.84
1772564400,2026-03-03 19:00:00+00:00,5100.9,5115.4,5063.2,5076.2,8501.02
1772568000,2026-03-03 20:00:00+00:00,5077.6,5095.6,5049.9,5063.2,6095.63
1772571600,2026-03-03 21:00:00+00:00,5062.5,5069.1,5047.2,5053.4,2750.35
1772578800,2026-03-03 23:00:00+00:00,5063.9,5093.0,5046.7,5087.3,3480.23
1772582400,2026-03-04 00:00:00+00:00,5088.4,5103.4,5068.2,5101.2,3993.7400000000002
1772586000,2026-03-04 01:00:00+00:00,5102.1,5142.0,5101.8,5137.6,8900.91
1772589600,2026-03-04 02:00:00+00:00,5137.8,5154.6,5116.5,5119.3,6994.36
1772593200,2026-03-04 03:00:00+00:00,5118.7,5140.2,5103.9,5137.0,4358.42
1772596800,2026-03-04 04:00:00+00:00,5137.2,5143.5,5114.0,5120.3,2697.29
1772600400,2026-03-04 05:00:00+00:00,5119.6,5131.1,5114.4,5123.4,2655.38
1772604000,2026-03-04 06:00:00+00:00,5122.3,5124.2,5083.9,5124.2,6820.62
1772607600,2026-03-04 07:00:00+00:00,5122.9,5139.9,5122.4,5132.1,6445.71
1772611200,2026-03-04 08:00:00+00:00,5132.2,5146.7,5111.7,5132.5,6151.1900000000005
1772614800,2026-03-04 09:00:00+00:00,5131.8,5150.3,5123.9,5147.8,5861.82
1772618400,2026-03-04 10:00:00+00:00,5147.9,5168.6,5145.1,5155.8,10342.01
1772622000,2026-03-04 11:00:00+00:00,5155.2,5167.1,5153.2,5158.1,4011.28
1772625600,2026-03-04 12:00:00+00:00,5158.2,5172.2,5121.8,5135.9,8127.07
1772629200,2026-03-04 13:00:00+00:00,5161.4,5161.4,5131.2,5132.4,8895.67
1772632800,2026-03-04 14:00:00+00:00,5132.0,5149.1,5102.3,5109.6,15584.6
1772636400,2026-03-04 15:00:00+00:00,5109.1,5131.2,5094.1,5115.5,16549.42
1772640000,2026-03-04 16:00:00+00:00,5115.1,5126.5,5102.4,5115.4,8210.19
1772643600,2026-03-04 17:00:00+00:00,5114.8,5118.9,5085.4,5107.5,7725.05
1772647200,2026-03-04 18:00:00+00:00,5106.6,5109.4,5073.3,5098.6,11000.89
1772650800,2026-03-04 19:00:00+00:00,5098.7,5104.4,5087.5,5102.6,3393.13
1772654400,2026-03-04 20:00:00+00:00,5102.3,5113.1,5088.7,5100.7,3202.18
1772658000,2026-03-04 21:00:00+00:00,5100.8,5110.2,5095.3,5105.5,2045.49
1772665200,2026-03-04 23:00:00+00:00,5109.6,5131.7,5105.9,5130.1,3468.69
1772668800,2026-03-05 00:00:00+00:00,5130.4,5145.4,5124.3,5137.8,3036.73
1772672400,2026-03-05 01:00:00+00:00,5138.0,5151.9,5131.0,5135.6,5357.05
1772676000,2026-03-05 02:00:00+00:00,5135.1,5155.7,5134.8,5155.5,4041.57
1772679600,2026-03-05 03:00:00+00:00,5155.6,5158.2,5141.2,5143.4,2643.07
1772683200,2026-03-05 04:00:00+00:00,5143.3,5149.8,5129.1,5133.6,2215.6
1772686800,2026-03-05 05:00:00+00:00,5134.9,5139.8,5110.8,5111.6,3142.47
1772690400,2026-03-05 06:00:00+00:00,5111.8,5131.4,5082.9,5130.4,7587.75
1772694000,2026-03-05 07:00:00+00:00,5129.8,5135.7,5121.9,5125.3,3755.7
1772697600,2026-03-05 08:00:00+00:00,5125.0,5134.0,5100.1,5129.9,6368.68
1772701200,2026-03-05 09:00:00+00:00,5129.8,5146.4,5116.6,5125.7,6231.1900000000005
1772704800,2026-03-05 10:00:00+00:00,5125.0,5132.4,5110.8,5129.5,4910.75
1772708400,2026-03-05 11:00:00+00:00,5129.4,5132.4,5121.9,5128.7,3333.13
1772712000,2026-03-05 12:00:00+00:00,5129.0,5136.6,5125.4,5126.9,3564.1
1772715600,2026-03-05 13:00:00+00:00,5127.5,5128.8,5039.4,5080.4,27051.06
1772719200,2026-03-05 14:00:00+00:00,5080.7,5093.1,5053.1,5064.7,15960.24
1772722800,2026-03-05 15:00:00+00:00,5064.6,5082.4,5019.4,5065.2,20586.79
1772726400,2026-03-05 16:00:00+00:00,5065.7,5067.4,5016.3,5040.4,11447.07
1772730000,2026-03-05 17:00:00+00:00,5040.5,5052.4,5017.4,5025.1,10237.64
1772733600,2026-03-05 18:00:00+00:00,5024.9,5048.5,5012.8,5031.5,11432.11
1772737200,2026-03-05 19:00:00+00:00,5031.5,5043.6,5017.4,5028.5,4071.85
1772740800,2026-03-05 20:00:00+00:00,5028.2,5058.3,5025.1,5040.5,7081.93
1772744400,2026-03-05 21:00:00+00:00,5040.2,5048.5,5035.9,5047.2,2211.55
1772751600,2026-03-05 23:00:00+00:00,5053.6,5073.1,5046.1,5049.5,3517.78
1772755200,2026-03-06 00:00:00+00:00,5049.4,5054.9,5036.8,5046.4,2715.53
1772758800,2026-03-06 01:00:00+00:00,5046.3,5105.2,5027.9,5096.0,7877.26
1772762400,2026-03-06 02:00:00+00:00,5095.9,5099.8,5083.7,5087.8,3962.32
1772766000,2026-03-06 03:00:00+00:00,5088.7,5103.7,5086.0,5093.8,2955.93
1772769600,2026-03-06 04:00:00+00:00,5093.8,5099.1,5088.9,5091.1,1277.35
1772773200,2026-03-06 05:00:00+00:00,5089.9,5092.8,5076.8,5080.5,2982.6
1772776800,2026-03-06 06:00:00+00:00,5080.0,5085.8,5072.6,5078.8,2591.24
1772780400,2026-03-06 07:00:00+00:00,5078.6,5083.3,5067.9,5082.1,4935.53
1772784000,2026-03-06 08:00:00+00:00,5081.9,5086.2,5058.4,5070.6,4113.86
1772787600,2026-03-06 09:00:00+00:00,5071.5,5071.7,5045.3,5047.4,6532.57
1772791200,2026-03-06 10:00:00+00:00,5048.4,5055.9,5038.1,5053.8,5571.75
1772794800,2026-03-06 11:00:00+00:00,5054.6,5063.5,5024.9,5040.0,6005.82
1772798400,2026-03-06 12:00:00+00:00,5040.2,5059.7,5039.2,5045.8,5459.87
1772802000,2026-03-06 13:00:00+00:00,5027.8,5093.9,5027.8,5047.7,19850.28
1772805600,2026-03-06 14:00:00+00:00,5047.1,5096.3,5043.8,5093.2,17602.11
1772809200,2026-03-06 15:00:00+00:00,5093.2,5135.9,5091.3,5105.1,26308.47
1772812800,2026-03-06 16:00:00+00:00,5105.6,5116.9,5089.9,5103.4,10798.16
1772816400,2026-03-06 17:00:00+00:00,5104.0,5116.7,5092.6,5104.1,7300.52
1772820000,2026-03-06 18:00:00+00:00,5103.8,5130.4,5101.8,5124.2,18234.23
1772823600,2026-03-06 19:00:00+00:00,5124.3,5137.7,5119.1,5122.4,4388.53
1772827200,2026-03-06 20:00:00+00:00,5122.1,5125.1,5111.4,5115.3,4775.41
1772830800,2026-03-06 21:00:00+00:00,5115.0,5138.9,5112.6,5112.6,3488.5099999999998
1773007200,2026-03-08 22:00:00+00:00,5119.4,5133.9,5067.4,5092.4,10009.52
1773010800,2026-03-08 23:00:00+00:00,5094.2,5099.4,5003.9,5037.3,11533.36
1773014400,2026-03-09 00:00:00+00:00,5037.0,5042.8,4989.4,5010.8,9535.59
1773018000,2026-03-09 01:00:00+00:00,5010.6,5048.3,4975.1,5031.5,11426.03
1773021600,2026-03-09 02:00:00+00:00,5015.8,5059.7,5015.8,5054.8,8741.74
1773025200,2026-03-09 03:00:00+00:00,5055.2,5063.0,5041.5,5051.9,3969.11
1773028800,2026-03-09 04:00:00+00:00,5051.9,5057.3,5045.2,5050.3,1351.01
1773032400,2026-03-09 05:00:00+00:00,5050.5,5101.5,5041.0,5085.5,6757.46
1773036000,2026-03-09 06:00:00+00:00,5085.3,5095.6,5057.5,5058.7,5140.37
1773039600,2026-03-09 07:00:00+00:00,5058.7,5069.1,5049.3,5060.6,5771.26
1773043200,2026-03-09 08:00:00+00:00,5060.7,5072.6,5048.8,5058.3,5264.08
1773046800,2026-03-09 09:00:00+00:00,5058.0,5094.4,5056.7,5068.2,8510.49
1773050400,2026-03-09 10:00:00+00:00,5067.9,5073.7,5044.8,5048.7,7728.34
1773054000,2026-03-09 11:00:00+00:00,5048.7,5058.7,5040.4,5049.6,6555.52
1773057600,2026-03-09 12:00:00+00:00,5050.1,5074.4,5050.1,5057.0,8214.6
1773061200,2026-03-09 13:00:00+00:00,5057.0,5073.4,5028.9,5035.4,15438.57
1773064800,2026-03-09 14:00:00+00:00,5035.0,5078.6,5020.8,5056.5,16138.94
1773068400,2026-03-09 15:00:00+00:00,5056.1,5065.9,5041.7,5062.4,13246.45
1773072000,2026-03-09 16:00:00+00:00,5062.0,5073.6,5057.0,5067.0,8989.67
1773075600,2026-03-09 17:00:00+00:00,5067.1,5069.4,5051.6,5058.8,12536.53
1773079200,2026-03-09 18:00:00+00:00,5058.8,5090.6,5055.5,5087.1,8696.92
1773082800,2026-03-09 19:00:00+00:00,5087.2,5108.6,5082.2,5104.4,8989.91
1773086400,2026-03-09 20:00:00+00:00,5104.8,5111.9,5097.6,5102.6,2873.57
1773093600,2026-03-09 22:00:00+00:00,5106.3,5116.9,5081.0,5116.0,3486.92
1773097200,2026-03-09 23:00:00+00:00,5115.8,5119.5,5099.5,5103.7,2555.97
1773100800,2026-03-10 00:00:00+00:00,5105.0,5105.0,5088.7,5094.1,3301.53
1773104400,2026-03-10 01:00:00+00:00,5094.2,5149.1,5087.9,5147.1,9506.36
1773108000,2026-03-10 02:00:00+00:00,5146.7,5149.7,5126.0,5128.2,5757.14
1773111600,2026-03-10 03:00:00+00:00,5127.7,5135.8,5116.9,5120.3,3215.23
1773115200,2026-03-10 04:00:00+00:00,5119.2,5129.2,5116.3,5126.0,2254.06
1773118800,2026-03-10 05:00:00+00:00,5126.4,5142.1,5126.3,5140.6,2115.68
1773122400,2026-03-10 06:00:00+00:00,5141.2,5143.9,5134.6,5137.5,2748.55
1773126000,2026-03-10 07:00:00+00:00,5138.0,5145.2,5121.2,5144.4,5527.46
1773129600,2026-03-10 08:00:00+00:00,5144.5,5157.9,5138.4,5146.4,8474.56
1773133200,2026-03-10 09:00:00+00:00,5146.5,5152.3,5143.6,5145.7,4577.38
1773136800,2026-03-10 10:00:00+00:00,5145.4,5147.2,5119.5,5140.5,7446.1
1773140400,2026-03-10 11:00:00+00:00,5155.0,5155.0,5134.8,5138.1,7929.48
1773144000,2026-03-10 12:00:00+00:00,5138.5,5152.8,5125.3,5150.4,7746.17
1773147600,2026-03-10 13:00:00+00:00,5150.1,5192.8,5148.8,5168.1,27246.33
1773151200,2026-03-10 14:00:00+00:00,5169.3,5177.9,5147.5,5169.7,19417.66
1773154800,2026-03-10 15:00:00+00:00,5169.9,5202.6,5165.9,5191.9,19398.99
1773158400,2026-03-10 16:00:00+00:00,5192.0,5199.0,5186.1,5190.8,12919.62
1773162000,2026-03-10 17:00:00+00:00,5190.8,5198.4,5186.5,5191.0,15687.23
1773165600,2026-03-10 18:00:00+00:00,5190.9,5191.2,5122.9,5153.9,16534.51
1773169200,2026-03-10 19:00:00+00:00,5154.2,5170.4,5142.6,5160.9,6770.0
1773172800,2026-03-10 20:00:00+00:00,5161.6,5161.6,5152.4,5152.6,1914.68
1773180000,2026-03-10 22:00:00+00:00,5145.2,5160.1,5145.2,5150.6,3521.21
1773183600,2026-03-10 23:00:00+00:00,5151.1,5159.9,5149.1,5158.8,1683.22
1773187200,2026-03-11 00:00:00+00:00,5158.9,5180.9,5147.9,5177.0,4330.51
1773190800,2026-03-11 01:00:00+00:00,5176.9,5184.8,5169.8,5169.8,3676.07
1773194400,2026-03-11 02:00:00+00:00,5169.8,5182.6,5155.9,5179.3,4710.66
1773198000,2026-03-11 03:00:00+00:00,5179.4,5182.4,5161.4,5165.0,2704.31
1773201600,2026-03-11 04:00:00+00:00,5165.4,5171.0,5161.8,5166.7,1645.94
1773205200,2026-03-11 05:00:00+00:00,5166.4,5170.7,5151.7,5161.5,2989.98
1773208800,2026-03-11 06:00:00+00:00,5161.1,5172.3,5153.5,5159.7,3276.87
1773212400,2026-03-11 07:00:00+00:00,5158.9,5163.7,5146.0,5157.6,6074.8
1773216000,2026-03-11 08:00:00+00:00,5157.2,5160.6,5137.2,5149.1,6622.27
1773219600,2026-03-11 09:00:00+00:00,5148.8,5159.0,5141.0,5149.6,5048.97
1773223200,2026-03-11 10:00:00+00:00,5149.7,5156.9,5138.7,5148.0,5867.09
1773226800,2026-03-11 11:00:00+00:00,5148.2,5155.0,5136.2,5143.1,5670.08
1773230400,2026-03-11 12:00:00+00:00,5142.6,5161.4,5125.9,5129.0,10715.35
1773234000,2026-03-11 13:00:00+00:00,5128.6,5145.0,5109.8,5138.2,16343.14
1773237600,2026-03-11 14:00:00+00:00,5137.9,5158.2,5135.7,5144.7,15712.65
1773241200,2026-03-11 15:00:00+00:00,5144.6,5147.7,5123.8,5127.3,11739.73
1773244800,2026-03-11 16:00:00+00:00,5127.3,5139.4,5124.7,5137.0,7224.71
1773248400,2026-03-11 17:00:00+00:00,5137.2,5142.4,5112.3,5130.5,23293.03
1773252000,2026-03-11 18:00:00+00:00,5130.5,5140.2,5130.1,5134.0,4577.62
1773255600,2026-03-11 19:00:00+00:00,5134.1,5145.1,5130.8,5144.9,2589.49
1773259200,2026-03-11 20:00:00+00:00,5144.7,5145.4,5136.8,5137.8,3460.16
1773266400,2026-03-11 22:00:00+00:00,5139.3,5143.7,5088.9,5098.7,3946.83
1773270000,2026-03-11 23:00:00+00:00,5098.4,5117.8,5092.7,5093.9,3418.51
1773273600,2026-03-12 00:00:00+00:00,5093.3,5121.9,5083.9,5112.0,5088.38
1773277200,2026-03-12 01:00:00+00:00,5110.1,5132.3,5110.1,5128.3,5228.68
1773280800,2026-03-12 02:00:00+00:00,5127.6,5134.5,5104.4,5109.9,5202.71
1773284400,2026-03-12 03:00:00+00:00,5105.9,5114.4,5105.9,5112.1,2966.86
1773288000,2026-03-12 04:00:00+00:00,5112.3,5113.1,5099.2,5101.3,2031.89
1773291600,2026-03-12 05:00:00+00:00,5101.5,5116.4,5095.9,5113.6,2902.29
1773295200,2026-03-12 06:00:00+00:00,5113.5,5130.1,5106.6,5126.5,3625.39
1773298800,2026-03-12 07:00:00+00:00,5125.8,5144.8,5124.2,5142.3,4818.56
1773302400,2026-03-12 08:00:00+00:00,5142.1,5149.8,5135.3,5138.3,4758.95
1773306000,2026-03-12 09:00:00+00:00,5138.5,5150.1,5133.7,5148.1,5082.42
1773309600,2026-03-12 10:00:00+00:00,5148.0,5151.7,5135.7,5142.1,5710.13
1773313200,2026-03-12 11:00:00+00:00,5141.8,5143.5,5132.5,5138.7,2813.87
1773316800,2026-03-12 12:00:00+00:00,5138.9,5146.2,5122.4,5141.6,9304.35
1773320400,2026-03-12 13:00:00+00:00,5146.4,5146.4,5106.0,5111.3,15448.24
1773324000,2026-03-12 14:00:00+00:00,5110.9,5124.1,5098.1,5102.7,11984.22
1773327600,2026-03-12 15:00:00+00:00,5102.5,5104.8,5068.5,5091.9,18725.89
1773331200,2026-03-12 16:00:00+00:00,5092.0,5098.2,5080.7,5084.0,11906.17
1773334800,2026-03-12 17:00:00+00:00,5083.8,5090.4,5062.9,5066.3,16070.16
1773338400,2026-03-12 18:00:00+00:00,5065.8,5073.4,5049.2,5053.9,7993.79
1773342000,2026-03-12 19:00:00+00:00,5054.1,5056.8,5038.4,5045.6,8055.98
1773345600,2026-03-12 20:00:00+00:00,5045.9,5051.5,5012.1,5038.0,3471.25
1773352800,2026-03-12 22:00:00+00:00,5037.9,5053.2,5028.5,5053.0,2615.19
1773356400,2026-03-12 23:00:00+00:00,5053.5,5058.3,5046.5,5055.4,3200.48
1773360000,2026-03-13 00:00:00+00:00,5054.9,5072.0,5054.3,5070.5,3958.52
1773363600,2026-03-13 01:00:00+00:00,5070.6,5082.4,5065.3,5082.4,8393.33
1773367200,2026-03-13 02:00:00+00:00,5081.8,5086.3,5067.6,5069.3,4303.41
1773370800,2026-03-13 03:00:00+00:00,5069.7,5073.9,5063.3,5073.1,2709.11
1773374400,2026-03-13 04:00:00+00:00,5072.8,5075.0,5059.4,5061.0,2362.87
1773378000,2026-03-13 05:00:00+00:00,5061.3,5068.8,5054.5,5060.1,4731.11
1773381600,2026-03-13 06:00:00+00:00,5060.0,5065.2,5042.5,5046.1,6262.45
1773385200,2026-03-13 07:00:00+00:00,5046.1,5052.2,5029.4,5043.4,6540.67
1773388800,2026-03-13 08:00:00+00:00,5043.7,5046.7,5019.9,5046.1,7626.07
1773392400,2026-03-13 09:00:00+00:00,5046.2,5055.8,5041.8,5048.2,4796.43
1773396000,2026-03-13 10:00:00+00:00,5047.9,5057.3,5038.9,5053.5,5262.13
1773399600,2026-03-13 11:00:00+00:00,5053.8,5066.8,5045.0,5066.8,5566.97
1773403200,2026-03-13 12:00:00+00:00,5066.9,5082.4,5063.7,5078.3,9125.99
1773406800,2026-03-13 13:00:00+00:00,5081.8,5081.8,5056.0,5061.4,10596.539999999999
1773410400,2026-03-13 14:00:00+00:00,5068.0,5068.0,4993.2,4999.7,20534.85
1773414000,2026-03-13 15:00:00+00:00,5030.1,5030.1,4986.1,4993.0,23006.25
1773417600,2026-03-13 16:00:00+00:00,4992.7,5010.9,4976.7,5004.5,16237.31
1773421200,2026-03-13 17:00:00+00:00,5004.0,5022.0,5001.4,5004.8,11439.84
1773424800,2026-03-13 18:00:00+00:00,5004.7,5009.9,4994.6,5004.8,5257.47
1773428400,2026-03-13 19:00:00+00:00,5004.8,5008.1,4968.0,4975.9,10364.3
1773432000,2026-03-13 20:00:00+00:00,4976.2,5015.6,4970.9,5015.6,3504.86
1773612000,2026-03-15 22:00:00+00:00,4981.5,4983.8,4956.9,4982.7,5838.85
1773615600,2026-03-15 23:00:00+00:00,4981.9,4983.9,4924.0,4954.5,7489.83
1773619200,2026-03-16 00:00:00+00:00,4955.0,4989.3,4953.9,4984.3,6391.29
1773622800,2026-03-16 01:00:00+00:00,4985.4,4985.4,4939.9,4973.9,7184.85
1773626400,2026-03-16 02:00:00+00:00,4973.3,4976.6,4955.3,4960.5,3386.81
1773630000,2026-03-16 03:00:00+00:00,4961.1,4978.2,4955.3,4976.4,2768.69
1773633600,2026-03-16 04:00:00+00:00,4977.1,4984.0,4969.9,4970.4,1809.53
1773637200,2026-03-16 05:00:00+00:00,4970.3,4977.9,4960.8,4975.0,2589.25
1773640800,2026-03-16 06:00:00+00:00,4974.9,4993.7,4962.4,4970.1,5978.55
1773644400,2026-03-16 07:00:00+00:00,4970.0,4973.9,4946.8,4952.8,7988.25
1773648000,2026-03-16 08:00:00+00:00,4952.6,4961.9,4942.1,4948.9,9284.02
1773651600,2026-03-16 09:00:00+00:00,4948.0,4949.5,4930.4,4933.3,11204.87
1773655200,2026-03-16 10:00:00+00:00,4933.6,4959.2,4927.4,4958.1,9090.55
1773658800,2026-03-16 11:00:00+00:00,4958.2,4982.1,4950.7,4955.8,10960.34
1773662400,2026-03-16 12:00:00+00:00,4955.6,4987.4,4953.4,4978.8,15094.8
1773666000,2026-03-16 13:00:00+00:00,4979.3,4995.2,4972.7,4989.6,15193.43
1773669600,2026-03-16 14:00:00+00:00,4989.7,4998.4,4946.0,4954.7,18940.33
1773673200,2026-03-16 15:00:00+00:00,4954.3,4964.8,4942.4,4945.8,17074.68
1773676800,2026-03-16 16:00:00+00:00,4945.4,4958.1,4932.5,4949.8,11130.79
1773680400,2026-03-16 17:00:00+00:00,4950.0,4963.5,4943.4,4950.6,9968.79
1773684000,2026-03-16 18:00:00+00:00,4950.9,4977.9,4949.7,4972.8,6482.41
1773687600,2026-03-16 19:00:00+00:00,4972.6,4980.4,4967.9,4973.2,4763.61
1773691200,2026-03-16 20:00:00+00:00,4972.8,4981.9,4964.7,4965.2,2745.21
1773698400,2026-03-16 22:00:00+00:00,4966.1,4975.8,4957.8,4961.5,3539.54
1773702000,2026-03-16 23:00:00+00:00,4960.9,4974.9,4960.9,4971.9,1493.78
1773705600,2026-03-17 00:00:00+00:00,4971.9,4973.2,4956.2,4961.0,2183.91
1773709200,2026-03-17 01:00:00+00:00,4960.2,4986.6,4952.6,4986.0,4303.19
1773712800,2026-03-17 02:00:00+00:00,4988.0,4988.0,4978.0,4980.1,2069.12
1773716400,2026-03-17 03:00:00+00:00,4979.9,4991.4,4978.1,4984.2,1972.4
1773720000,2026-03-17 04:00:00+00:00,4985.0,5000.6,4984.0,4996.3,2753.5
1773723600,2026-03-17 05:00:00+00:00,4997.0,5003.3,4978.2,4978.4,4774.72
1773727200,2026-03-17 06:00:00+00:00,4979.2,4980.9,4962.9,4967.8,5876.8
1773730800,2026-03-17 07:00:00+00:00,4967.6,4985.8,4966.9,4978.9,5243.77
1773734400,2026-03-17 08:00:00+00:00,4976.2,4987.4,4976.2,4982.9,5336.33
1773738000,2026-03-17 09:00:00+00:00,4983.1,4984.2,4968.3,4968.6,5492.11
1773741600,2026-03-17 10:00:00+00:00,4968.6,4974.6,4948.7,4958.3,9523.24
1773745200,2026-03-17 11:00:00+00:00,4957.9,4970.0,4954.9,4961.2,4905.3
1773748800,2026-03-17 12:00:00+00:00,4960.9,4982.9,4957.2,4970.2,9452.1
1773752400,2026-03-17 13:00:00+00:00,4970.5,4990.6,4964.5,4975.8,13787.02
1773756000,2026-03-17 14:00:00+00:00,4975.5,4980.4,4961.1,4966.4,9466.58
1773759600,2026-03-17 15:00:00+00:00,4965.8,4976.1,4930.9,4956.5,19170.9
1773763200,2026-03-17 16:00:00+00:00,4956.4,4964.2,4949.5,4960.3,7877.02
1773766800,2026-03-17 17:00:00+00:00,4960.4,4967.6,4954.9,4960.9,8344.28
1773770400,2026-03-17 18:00:00+00:00,4961.3,4967.4,4957.8,4961.4,3264.36
1773774000,2026-03-17 19:00:00+00:00,4961.0,4963.3,4954.3,4959.0,3829.06
1773777600,2026-03-17 20:00:00+00:00,4958.8,4965.5,4958.6,4965.2,2021.54
1773784800,2026-03-17 22:00:00+00:00,4964.5,4965.1,4950.8,4957.5,3441.67
1773788400,2026-03-17 23:00:00+00:00,4957.3,4961.8,4956.1,4960.5,676.48
1773792000,2026-03-18 00:00:00+00:00,4958.6,4971.2,4958.6,4962.3,3619.16
1773795600,2026-03-18 01:00:00+00:00,4962.8,4975.9,4948.2,4956.1,6077.34
1773799200,2026-03-18 02:00:00+00:00,4956.1,4964.6,4946.9,4948.8,2509.19
1773802800,2026-03-18 03:00:00+00:00,4948.8,4954.8,4942.4,4946.6,2443.04
1773806400,2026-03-18 04:00:00+00:00,4948.4,4950.9,4938.8,4943.8,3030.21
1773810000,2026-03-18 05:00:00+00:00,4944.3,4960.1,4941.6,4955.0,4308.36
1773813600,2026-03-18 06:00:00+00:00,4954.3,4974.4,4953.5,4967.7,5169.5
1773817200,2026-03-18 07:00:00+00:00,4968.0,4973.3,4948.6,4953.0,4555.82
1773820800,2026-03-18 08:00:00+00:00,4952.9,4955.6,4935.0,4944.6,12520.42
1773824400,2026-03-18 09:00:00+00:00,4945.0,4953.9,4942.6,4950.3,4667.16
1773828000,2026-03-18 10:00:00+00:00,4950.2,4950.3,4916.5,4925.6,13396.58
1773831600,2026-03-18 11:00:00+00:00,4925.6,4931.6,4881.9,4887.2,21494.41
1773835200,2026-03-18 12:00:00+00:00,4887.8,4889.8,4826.9,4838.3,36504.45
1773838800,2026-03-18 13:00:00+00:00,4837.9,4843.1,4791.0,4835.7,34793.49
1773842400,2026-03-18 14:00:00+00:00,4835.8,4852.9,4813.3,4827.0,16739.06
1773846000,2026-03-18 15:00:00+00:00,4826.8,4837.5,4818.4,4820.2,9323.6
1773849600,2026-03-18 16:00:00+00:00,4820.1,4848.7,4818.6,4845.1,8419.4
1773853200,2026-03-18 17:00:00+00:00,4845.3,4857.9,4842.0,4849.0,12163.97
1773856800,2026-03-18 18:00:00+00:00,4849.1,4858.4,4810.1,4811.2,14079.04
1773860400,2026-03-18 19:00:00+00:00,4810.8,4822.8,4795.3,4800.7,12972.35
1773864000,2026-03-18 20:00:00+00:00,4800.4,4806.0,4763.2,4777.8,9093.01
1773871200,2026-03-18 22:00:00+00:00,4781.9,4795.9,4759.9,4791.0,3520.67
1773874800,2026-03-18 23:00:00+00:00,4790.4,4798.9,4784.4,4793.1,2293.84
1773878400,2026-03-19 00:00:00+00:00,4792.3,4804.7,4791.5,4796.5,3165.91
1773882000,2026-03-19 01:00:00+00:00,4787.6,4822.6,4787.6,4805.2,6431.7300000000005
1773885600,2026-03-19 02:00:00+00:00,4805.1,4817.3,4796.5,4813.4,3185.27
1773889200,2026-03-19 03:00:00+00:00,4813.7,4821.3,4806.2,4806.6,2330.48
1773892800,2026-03-19 04:00:00+00:00,4806.3,4809.1,4800.9,4805.7,1419.66
1773896400,2026-03-19 05:00:00+00:00,4805.4,4809.6,4782.0,4783.1,5027.42
1773900000,2026-03-19 06:00:00+00:00,4783.0,4798.1,4702.9,4719.1,16649.34
1773903600,2026-03-19 07:00:00+00:00,4719.2,4739.9,4681.2,4683.5,13059.15
1773907200,2026-03-19 08:00:00+00:00,4683.2,4696.1,4641.9,4664.5,18586.24
1773910800,2026-03-19 09:00:00+00:00,4665.1,4682.0,4644.2,4655.0,14827.69
1773914400,2026-03-19 10:00:00+00:00,4654.5,4675.9,4623.3,4635.8,19242.44
1773918000,2026-03-19 11:00:00+00:00,4636.2,4656.6,4606.3,4608.3,19903.31
1773921600,2026-03-19 12:00:00+00:00,4608.8,4610.9,4487.0,4531.2,47217.45
1773925200,2026-03-19 13:00:00+00:00,4530.0,4578.9,4458.9,4577.9,48135.73
1773928800,2026-03-19 14:00:00+00:00,4578.8,4605.7,4537.3,4557.4,34849.49
1773932400,2026-03-19 15:00:00+00:00,4557.1,4595.6,4519.9,4552.2,23927.39
1773936000,2026-03-19 16:00:00+00:00,4551.9,4581.9,4533.1,4541.0,15276.52
1773939600,2026-03-19 17:00:00+00:00,4541.1,4587.2,4530.6,4572.7,16628.99
1773943200,2026-03-19 18:00:00+00:00,4573.2,4580.2,4552.6,4579.7,8495.32
1773946800,2026-03-19 19:00:00+00:00,4579.7,4620.8,4579.7,4601.8,15786.96
1773950400,2026-03-19 20:00:00+00:00,4601.4,4618.6,4599.9,4605.8,4122.19
1773957600,2026-03-19 22:00:00+00:00,4607.8,4633.4,4591.9,4592.0,3455.99
1773961200,2026-03-19 23:00:00+00:00,4589.7,4603.9,4589.7,4599.4,2426.4
1773964800,2026-03-20 00:00:00+00:00,4599.4,4620.5,4597.8,4603.4,3495.3
1773968400,2026-03-20 01:00:00+00:00,4603.5,4655.4,4594.4,4633.0,9884.35
1773972000,2026-03-20 02:00:00+00:00,4633.9,4658.4,4626.1,4653.2,5965.48
1773975600,2026-03-20 03:00:00+00:00,4652.8,4692.1,4648.3,4679.1,6719.71
1773979200,2026-03-20 04:00:00+00:00,4680.2,4681.9,4669.4,4675.9,3133.39
1773982800,2026-03-20 05:00:00+00:00,4675.9,4678.0,4640.7,4643.8,6352.05
1773986400,2026-03-20 06:00:00+00:00,4643.9,4656.5,4615.5,4624.2,8339.36
1773990000,2026-03-20 07:00:00+00:00,4623.8,4662.9,4622.7,4661.1,7846.97
1773993600,2026-03-20 08:00:00+00:00,4661.6,4690.2,4639.1,4649.0,13429.42
1773997200,2026-03-20 09:00:00+00:00,4648.4,4655.7,4614.4,4622.3,8227.12
1774000800,2026-03-20 10:00:00+00:00,4622.2,4624.4,4593.0,4600.3,11681.44
1774004400,2026-03-20 11:00:00+00:00,4599.7,4629.9,4592.1,4627.3,8240.02
1774008000,2026-03-20 12:00:00+00:00,4627.3,4650.8,4616.7,4632.9,13347.94
1774011600,2026-03-20 13:00:00+00:00,4634.4,4634.4,4567.0,4570.9,22828.23
1774015200,2026-03-20 14:00:00+00:00,4571.0,4577.1,4501.5,4518.8,29860.86
1774018800,2026-03-20 15:00:00+00:00,4518.4,4536.3,4496.0,4509.2,19282.58
1774022400,2026-03-20 16:00:00+00:00,4507.9,4570.2,4507.9,4539.2,19366.86
1774026000,2026-03-20 17:00:00+00:00,4539.5,4556.4,4510.6,4529.8,15838.53
1774029600,2026-03-20 18:00:00+00:00,4530.0,4534.4,4432.3,4454.6,19050.27
1774033200,2026-03-20 19:00:00+00:00,4455.2,4472.6,4441.3,4457.7,11650.63
1774036800,2026-03-20 20:00:00+00:00,4457.4,4528.8,4442.4,4445.9,4677.84
1774216800,2026-03-22 22:00:00+00:00,4465.6,4491.0,4443.9,4452.0,6579.03
1774220400,2026-03-22 23:00:00+00:00,4453.2,4465.1,4407.1,4419.8,8351.92
1774224000,2026-03-23 00:00:00+00:00,4428.7,4428.7,4275.9,4310.3,27766.71
1774227600,2026-03-23 01:00:00+00:00,4311.6,4408.9,4283.9,4343.9,18813.79
1774231200,2026-03-23 02:00:00+00:00,4343.3,4377.7,4309.9,4316.2,14047.4
1774234800,2026-03-23 03:00:00+00:00,4315.9,4333.3,4291.4,4309.2,10125.45
1774238400,2026-03-23 04:00:00+00:00,4307.1,4338.9,4307.1,4324.8,7132.89
1774242000,2026-03-23 05:00:00+00:00,4324.4,4337.1,4259.4,4268.0,13628.380000000001
1774245600,2026-03-23 06:00:00+00:00,4267.7,4271.0,4119.9,4179.0,39809.45
1774249200,2026-03-23 07:00:00+00:00,4178.7,4187.7,4053.9,4159.6,37526.12
1774252800,2026-03-23 08:00:00+00:00,4160.4,4227.2,4157.5,4205.6,24733.39
1774256400,2026-03-23 09:00:00+00:00,4206.5,4264.2,4178.0,4208.4,21694.35
1774260000,2026-03-23 10:00:00+00:00,4208.6,4236.9,4195.7,4223.9,11927.27
1774263600,2026-03-23 11:00:00+00:00,4224.3,4420.2,4224.0,4333.1,39051.04
1774267200,2026-03-23 12:00:00+00:00,4334.0,4449.4,4291.9,4434.5,24626.65
1774270800,2026-03-23 13:00:00+00:00,4435.5,4442.9,4357.9,4411.5,26774.5
1774274400,2026-03-23 14:00:00+00:00,4411.5,4470.4,4409.8,4417.4,27576.91
1774278000,2026-03-23 15:00:00+00:00,4418.3,4442.8,4304.7,4319.5,29625.77
1774281600,2026-03-23 16:00:00+00:00,4318.0,4347.9,4308.0,4332.0,17545.13
1774285200,2026-03-23 17:00:00+00:00,4331.9,4395.4,4326.6,4382.7,20651.96
1774288800,2026-03-23 18:00:00+00:00,4382.8,4423.4,4358.7,4404.9,7980.77
1774292400,2026-03-23 19:00:00+00:00,4405.5,4406.4,4348.5,4355.4,10522.64
1774296000,2026-03-23 20:00:00+00:00,4354.6,4370.0,4338.9,4364.3,2898.18
1774303200,2026-03-23 22:00:00+00:00,4368.7,4387.7,4317.4,4383.8,3517.25
1774306800,2026-03-23 23:00:00+00:00,4382.6,4404.4,4377.9,4396.7,3691.94
1774310400,2026-03-24 00:00:00+00:00,4396.6,4402.3,4282.9,4320.8,8995.96
1774314000,2026-03-24 01:00:00+00:00,4320.5,4330.8,4263.1,4277.3,10549.03
1774317600,2026-03-24 02:00:00+00:00,4277.0,4334.0,4260.2,4320.8,7654.83
1774321200,2026-03-24 03:00:00+00:00,4321.0,4322.5,4289.3,4300.7,3563.43
1774324800,2026-03-24 04:00:00+00:00,4301.3,4311.6,4280.9,4287.9,3043.93
1774328400,2026-03-24 05:00:00+00:00,4288.4,4329.3,4273.8,4303.4,7164.68
1774332000,2026-03-24 06:00:00+00:00,4302.8,4360.6,4299.4,4357.7,7062.55
1774335600,2026-03-24 07:00:00+00:00,4356.4,4391.5,4354.9,4374.1,9676.26
1774339200,2026-03-24 08:00:00+00:00,4374.0,4377.5,4346.6,4367.4,10365.9
1774342800,2026-03-24 09:00:00+00:00,4351.2,4386.1,4351.2,4381.6,7926.55
1774346400,2026-03-24 10:00:00+00:00,4381.9,4396.8,4369.1,4393.6,8592.960000000001
1774350000,2026-03-24 11:00:00+00:00,4392.8,4397.1,4326.3,4361.9,16400.25
1774353600,2026-03-24 12:00:00+00:00,4362.1,4381.5,4315.6,4332.6,18414.28
1774357200,2026-03-24 13:00:00+00:00,4332.9,4344.6,4304.3,4336.4,23432.49
1774360800,2026-03-24 14:00:00+00:00,4334.9,4388.9,4334.3,4370.2,19706.05
1774364400,2026-03-24 15:00:00+00:00,4369.7,4385.1,4350.4,4366.7,16482.38
1774368000,2026-03-24 16:00:00+00:00,4366.3,4382.8,4357.6,4376.1,13224.7
1774371600,2026-03-24 17:00:00+00:00,4376.1,4381.5,4326.1,4342.2,15727.66
1774375200,2026-03-24 18:00:00+00:00,4342.2,4378.4,4337.5,4344.8,9262.37
1774378800,2026-03-24 19:00:00+00:00,4343.9,4365.8,4343.3,4354.8,4023.76
1774382400,2026-03-24 20:00:00+00:00,4351.6,4439.5,4351.6,4428.8,10785.41
1774389600,2026-03-24 22:00:00+00:00,4427.4,4446.2,4412.1,4441.6,3481.84
1774393200,2026-03-24 23:00:00+00:00,4441.4,4508.9,4429.3,4503.1,10910.21
1774396800,2026-03-25 00:00:00+00:00,4502.9,4526.7,4494.4,4518.8,12670.33
1774400400,2026-03-25 01:00:00+00:00,4518.7,4553.9,4507.2,4547.1,16108.34
1774404000,2026-03-25 02:00:00+00:00,4554.9,4554.9,4532.2,4535.8,10486.24
1774407600,2026-03-25 03:00:00+00:00,4535.4,4538.3,4520.0,4521.7,6905.09
1774411200,2026-03-25 04:00:00+00:00,4522.4,4527.1,4517.8,4525.1,3599.9
1774414800,2026-03-25 05:00:00+00:00,4525.9,4525.9,4500.6,4508.9,6808.8
1774418400,2026-03-25 06:00:00+00:00,4508.9,4510.0,4486.4,4497.7,8701.66
1774422000,2026-03-25 07:00:00+00:00,4497.8,4515.7,4490.6,4492.9,11040.94
1774425600,2026-03-25 08:00:00+00:00,4493.1,4522.6,4489.5,4509.5,11627.17
1774429200,2026-03-25 09:00:00+00:00,4509.6,4520.9,4479.6,4504.3,12240.77
1774432800,2026-03-25 10:00:00+00:00,4504.6,4515.2,4503.4,4511.0,7206.44
1774436400,2026-03-25 11:00:00+00:00,4511.4,4540.1,4508.5,4531.3,9820.58
1774440000,2026-03-25 12:00:00+00:00,4531.7,4536.4,4473.4,4496.3,19693.73
1774443600,2026-03-25 13:00:00+00:00,4496.7,4529.7,4493.1,4497.2,23689.24
1774447200,2026-03-25 14:00:00+00:00,4497.2,4531.5,4485.1,4519.2,16158.76
1774450800,2026-03-25 15:00:00+00:00,4519.1,4521.5,4475.9,4511.3,20438.5
1774454400,2026-03-25 16:00:00+00:00,4511.0,4517.1,4497.4,4507.3,9462.289999999999
1774458000,2026-03-25 17:00:00+00:00,4507.4,4515.6,4494.7,4502.1,22198.52
1774461600,2026-03-25 18:00:00+00:00,4501.9,4520.5,4482.1,4489.6,11401.51
1774465200,2026-03-25 19:00:00+00:00,4488.9,4491.2,4438.2,4482.6,14253.1
1774468800,2026-03-25 20:00:00+00:00,4482.2,4493.5,4446.8,4457.2,4957.98
1774476000,2026-03-25 22:00:00+00:00,4462.8,4485.0,4455.8,4467.8,3490.2
1774479600,2026-03-25 23:00:00+00:00,4467.8,4469.1,4439.5,4449.2,4167.82
1774483200,2026-03-26 00:00:00+00:00,4449.2,4490.5,4449.1,4487.2,5294.17
1774486800,2026-03-26 01:00:00+00:00,4486.9,4495.5,4472.6,4485.9,4264.44
1774490400,2026-03-26 02:00:00+00:00,4486.2,4486.2,4455.8,4459.1,4118.74
1774494000,2026-03-26 03:00:00+00:00,4459.0,4468.9,4449.7,4464.1,3085.95
1774497600,2026-03-26 04:00:00+00:00,4467.2,4474.8,4461.9,4470.8,1981.12
1774501200,2026-03-26 05:00:00+00:00,4470.9,4472.6,4388.8,4388.9,10910.0
1774504800,2026-03-26 06:00:00+00:00,4388.6,4410.3,4366.0,4406.8,11939.01
1774508400,2026-03-26 07:00:00+00:00,4407.0,4414.4,4388.2,4403.3,9404.51
1774512000,2026-03-26 08:00:00+00:00,4402.6,4409.9,4363.2,4378.7,13709.99
1774515600,2026-03-26 09:00:00+00:00,4379.3,4388.0,4366.0,4375.2,11806.03
1774519200,2026-03-26 10:00:00+00:00,4375.0,4399.2,4368.5,4394.1,12907.6
1774522800,2026-03-26 11:00:00+00:00,4394.4,4407.0,4369.8,4373.6,13789.95
1774526400,2026-03-26 12:00:00+00:00,4374.0,4396.4,4366.6,4380.7,14984.58
1774530000,2026-03-26 13:00:00+00:00,4371.5,4411.7,4371.5,4404.0,25239.07
1774533600,2026-03-26 14:00:00+00:00,4404.3,4430.5,4387.6,4415.8,25951.09
1774537200,2026-03-26 15:00:00+00:00,4415.4,4420.0,4383.7,4387.9,20685.81
1774540800,2026-03-26 16:00:00+00:00,4387.9,4392.8,4316.7,4339.2,28842.08
1774544400,2026-03-26 17:00:00+00:00,4338.8,4352.4,4326.4,4331.5,18345.8
1774548000,2026-03-26 18:00:00+00:00,4331.1,4348.4,4317.6,4344.9,8338.73
1774551600,2026-03-26 19:00:00+00:00,4345.6,4349.8,4310.3,4315.2,8937.41
1774555200,2026-03-26 20:00:00+00:00,4315.0,4370.7,4302.1,4330.8,13736.67
1774562400,2026-03-26 22:00:00+00:00,4325.7,4363.5,4323.0,4360.4,3416.89
1774566000,2026-03-26 23:00:00+00:00,4358.8,4362.4,4337.7,4354.2,1847.65
1774569600,2026-03-27 00:00:00+00:00,4353.3,4359.2,4324.4,4327.9,1347.29
1774573200,2026-03-27 01:00:00+00:00,4326.2,4368.2,4326.2,4365.3,1578.26
1774576800,2026-03-27 02:00:00+00:00,4367.3,4388.5,4367.3,4380.0,1114.88
1774580400,2026-03-27 03:00:00+00:00,4380.9,4394.1,4368.9,4385.9,660.41
1774584000,2026-03-27 04:00:00+00:00,4385.7,4398.1,4380.1,4394.8,467.48
1774587600,2026-03-27 05:00:00+00:00,4394.0,4423.2,4388.6,4402.8,1660.42
1774591200,2026-03-27 06:00:00+00:00,4401.9,4420.7,4399.9,4407.5,938.07
1774594800,2026-03-27 07:00:00+00:00,4407.0,4437.1,4395.1,4429.1,37762.14
1774598400,2026-03-27 08:00:00+00:00,4429.2,4432.1,4405.2,4406.0,9107.32
1774602000,2026-03-27 09:00:00+00:00,4405.9,4420.1,4402.2,4411.1,6777.57
1774605600,2026-03-27 10:00:00+00:00,4411.1,4414.9,4392.5,4396.7,9689.66
1774609200,2026-03-27 11:00:00+00:00,4397.2,4407.6,4386.1,4401.4,10320.24
1774612800,2026-03-27 12:00:00+00:00,4401.5,4426.3,4393.7,4419.3,11179.12
1774616400,2026-03-27 13:00:00+00:00,4419.4,4425.1,4394.9,4412.5,19502.09
1774620000,2026-03-27 14:00:00+00:00,4414.4,4499.4,4412.9,4494.0,29628.81
1774623600,2026-03-27 15:00:00+00:00,4494.2,4539.2,4485.5,4508.3,30626.24
1774627200,2026-03-27 16:00:00+00:00,4508.5,4517.7,4489.7,4500.4,17807.33
1774630800,2026-03-27 17:00:00+00:00,4500.4,4506.6,4468.9,4469.4,20018.01
1774634400,2026-03-27 18:00:00+00:00,4469.7,4512.2,4469.7,4500.0,8017.86
1774638000,2026-03-27 19:00:00+00:00,4501.0,4509.1,4483.3,4497.0,7020.24
1774641600,2026-03-27 20:00:00+00:00,4497.4,4503.2,4472.8,4475.2,5106.64
1774821600,2026-03-29 22:00:00+00:00,4464.0,4492.8,4460.2,4466.2,4656.68
1774825200,2026-03-29 23:00:00+00:00,4467.3,4475.0,4425.9,4430.8,6983.92
1774828800,2026-03-30 00:00:00+00:00,4430.9,4448.1,4398.6,4415.1,10894.15
1774832400,2026-03-30 01:00:00+00:00,4414.5,4460.3,4414.2,4452.4,8124.99
1774836000,2026-03-30 02:00:00+00:00,4452.7,4482.6,4441.7,4464.8,5052.16
1774839600,2026-03-30 03:00:00+00:00,4464.3,4501.9,4462.0,4482.0,5411.82
1774843200,2026-03-30 04:00:00+00:00,4480.4,4482.4,4468.8,4480.7,3016.98
1774846800,2026-03-30 05:00:00+00:00,4480.7,4511.3,4480.5,4505.4,4562.05
1774850400,2026-03-30 06:00:00+00:00,4505.5,4533.1,4499.6,4513.9,7075.54
1774854000,2026-03-30 07:00:00+00:00,4513.5,4516.7,4497.2,4509.1,6223.19
1774857600,2026-03-30 08:00:00+00:00,4509.0,4522.9,4506.6,4520.8,6228.12
1774861200,2026-03-30 09:00:00+00:00,4520.5,4523.3,4505.2,4515.9,6044.22
1774864800,2026-03-30 10:00:00+00:00,4515.8,4523.1,4510.5,4515.1,4174.07
1774868400,2026-03-30 11:00:00+00:00,4515.3,4565.3,4507.8,4542.9,12316.49
1774872000,2026-03-30 12:00:00+00:00,4543.4,4562.0,4528.5,4553.5,10187.2
1774875600,2026-03-30 13:00:00+00:00,4553.8,4562.9,4500.6,4507.6,17076.86
1774879200,2026-03-30 14:00:00+00:00,4507.1,4525.8,4495.9,4523.1,14956.48
1774882800,2026-03-30 15:00:00+00:00,4522.9,4541.0,4508.4,4532.0,11290.47
1774886400,2026-03-30 16:00:00+00:00,4533.9,4533.9,4514.0,4523.4,7903.73
1774890000,2026-03-30 17:00:00+00:00,4523.0,4525.9,4494.8,4498.7,9707.18
1774893600,2026-03-30 18:00:00+00:00,4499.0,4507.0,4481.9,4482.7,6051.23
1774897200,2026-03-30 19:00:00+00:00,4482.4,4502.2,4476.6,4497.1,6090.63
1774900800,2026-03-30 20:00:00+00:00,4497.6,4500.9,4484.1,4494.3,2306.3
1774908000,2026-03-30 22:00:00+00:00,4492.8,4506.4,4484.4,4493.3,3594.51
1774911600,2026-03-30 23:00:00+00:00,4493.0,4504.0,4474.7,4496.0,2465.7
1774915200,2026-03-31 00:00:00+00:00,4495.3,4531.2,4463.9,4530.5,8363.869999999999
1774918800,2026-03-31 01:00:00+00:00,4530.4,4603.4,4514.8,4589.4,16209.08
1774922400,2026-03-31 02:00:00+00:00,4588.6,4591.5,4549.6,4551.7,6567.76
1774926000,2026-03-31 03:00:00+00:00,4551.4,4561.2,4532.4,4538.8,4241.04
1774929600,2026-03-31 04:00:00+00:00,4539.8,4551.7,4539.4,4546.8,3174.26
1774933200,2026-03-31 05:00:00+00:00,4546.6,4564.1,4529.6,4550.9,5485.14
1774936800,2026-03-31 06:00:00+00:00,4550.6,4550.6,4535.3,4540.3,4749.02
1774940400,2026-03-31 07:00:00+00:00,4540.8,4549.9,4525.7,4548.6,6250.41
1774944000,2026-03-31 08:00:00+00:00,4548.4,4559.4,4544.5,4552.9,6441.98
1774947600,2026-03-31 09:00:00+00:00,4553.2,4556.6,4534.0,4539.2,5576.58
1774951200,2026-03-31 10:00:00+00:00,4538.6,4545.5,4512.8,4530.5,6133.29
1774954800,2026-03-31 11:00:00+00:00,4531.4,4577.8,4524.9,4566.7,11599.56
1774958400,2026-03-31 12:00:00+00:00,4567.2,4581.9,4553.3,4558.4,9951.45
1774962000,2026-03-31 13:00:00+00:00,4559.3,4593.9,4551.7,4591.2,16021.54
1774965600,2026-03-31 14:00:00+00:00,4591.1,4615.9,4579.2,4582.6,19610.32
1774969200,2026-03-31 15:00:00+00:00,4583.2,4609.7,4583.2,4593.9,12048.52
1774972800,2026-03-31 16:00:00+00:00,4594.0,4636.6,4591.4,4623.0,13626.81
1774976400,2026-03-31 17:00:00+00:00,4623.1,4652.4,4620.9,4639.4,16359.03
1774980000,2026-03-31 18:00:00+00:00,4638.9,4655.9,4638.0,4652.1,6426.47
1774983600,2026-03-31 19:00:00+00:00,4652.1,4670.2,4645.7,4667.2,8355.73
1774987200,2026-03-31 20:00:00+00:00,4667.3,4671.5,4648.9,4653.5,4329.17
1774994400,2026-03-31 22:00:00+00:00,4652.3,4679.8,4643.9,4663.6,3556.14
1774998000,2026-03-31 23:00:00+00:00,4663.3,4682.7,4654.2,4677.5,3439.71
1775001600,2026-04-01 00:00:00+00:00,4677.5,4704.4,4675.4,4692.7,8471.48
1775005200,2026-04-01 01:00:00+00:00,4692.5,4705.8,4662.2,4672.7,7410.27
1775008800,2026-04-01 02:00:00+00:00,4673.8,4681.4,4658.4,4665.0,5517.22
1775012400,2026-04-01 03:00:00+00:00,4664.2,4674.1,4659.4,4660.9,3803.12
1775016000,2026-04-01 04:00:00+00:00,4661.5,4661.6,4646.9,4656.6,4165.04
1775019600,2026-04-01 05:00:00+00:00,4656.8,4683.9,4654.7,4664.2,6159.82
1775023200,2026-04-01 06:00:00+00:00,4662.8,4713.8,4662.8,4711.3,10896.96
1775026800,2026-04-01 07:00:00+00:00,4711.4,4728.1,4689.5,4693.3,11375.69
1775030400,2026-04-01 08:00:00+00:00,4693.5,4721.4,4690.9,4709.7,8577.96
1775034000,2026-04-01 09:00:00+00:00,4709.7,4711.5,4693.9,4704.4,5046.74
1775037600,2026-04-01 10:00:00+00:00,4696.3,4719.9,4696.3,4712.6,4866.54
1775041200,2026-04-01 11:00:00+00:00,4712.1,4745.4,4709.1,4734.1,8326.5
1775044800,2026-04-01 12:00:00+00:00,4735.9,4735.9,4705.9,4706.0,14332.33
1775048400,2026-04-01 13:00:00+00:00,4705.9,4730.7,4697.2,4719.3,13074.42
1775052000,2026-04-01 14:00:00+00:00,4719.1,4750.7,4705.2,4742.3,16134.69
1775055600,2026-04-01 15:00:00+00:00,4742.7,4770.1,4739.1,4768.3,13476.52
1775059200,2026-04-01 16:00:00+00:00,4768.2,4772.8,4756.0,4768.9,6341.5
1775062800,2026-04-01 17:00:00+00:00,4769.1,4774.9,4754.3,4755.3,7248.1
1775066400,2026-04-01 18:00:00+00:00,4755.0,4756.5,4722.1,4733.4,10186.73
1775070000,2026-04-01 19:00:00+00:00,4733.9,4758.3,4731.5,4745.6,5991.99
1775073600,2026-04-01 20:00:00+00:00,4745.6,4751.1,4733.9,4738.5,1862.21
1775080800,2026-04-01 22:00:00+00:00,4736.9,4762.0,4730.5,4755.0,3487.7
1775084400,2026-04-01 23:00:00+00:00,4756.1,4779.8,4752.4,4762.8,4070.58
1775088000,2026-04-02 00:00:00+00:00,4763.2,4777.8,4753.9,4764.3,4570.83
1775091600,2026-04-02 01:00:00+00:00,4764.9,4767.3,4629.6,4677.7,27128.07
1775095200,2026-04-02 02:00:00+00:00,4677.0,4686.1,4637.3,4669.0,12002.78
1775098800,2026-04-02 03:00:00+00:00,4667.9,4680.7,4656.7,4661.0,4363.34
1775102400,2026-04-02 04:00:00+00:00,4657.5,4662.5,4637.7,4652.8,4455.81
1775106000,2026-04-02 05:00:00+00:00,4653.2,4660.5,4566.1,4576.0,12514.3
1775109600,2026-04-02 06:00:00+00:00,4575.7,4589.5,4534.3,4578.9,18409.87
1775113200,2026-04-02 07:00:00+00:00,4578.4,4630.9,4577.6,4622.1,9664.1
1775116800,2026-04-02 08:00:00+00:00,4622.0,4628.4,4595.5,4600.0,9054.39
1775120400,2026-04-02 09:00:00+00:00,4599.4,4611.2,4592.1,4601.2,6899.39
1775124000,2026-04-02 10:00:00+00:00,4601.4,4615.0,4583.4,4600.6,5285.43
1775127600,2026-04-02 11:00:00+00:00,4601.0,4610.7,4572.7,4580.1,5716.69
1775131200,2026-04-02 12:00:00+00:00,4580.5,4610.4,4574.7,4582.0,8737.96
1775134800,2026-04-02 13:00:00+00:00,4582.2,4633.0,4559.4,4626.8,18587.420000000002
1775138400,2026-04-02 14:00:00+00:00,4626.6,4680.3,4611.5,4661.8,23777.86
1775142000,2026-04-02 15:00:00+00:00,4662.3,4664.2,4632.4,4641.4,10456.02
1775145600,2026-04-02 16:00:00+00:00,4640.8,4651.8,4622.5,4640.4,10008.81
1775149200,2026-04-02 17:00:00+00:00,4639.6,4649.7,4626.6,4629.6,7474.24
1775152800,2026-04-02 18:00:00+00:00,4630.4,4652.9,4628.0,4649.1,3254.07
1775156400,2026-04-02 19:00:00+00:00,4649.7,4662.5,4641.7,4651.8,4185.65
1775160000,2026-04-02 20:00:00+00:00,4652.5,4657.5,4644.3,4655.2,2210.05
1775426400,2026-04-05 22:00:00+00:00,4628.9,4653.2,4588.8,4627.5,8846.73
1775430000,2026-04-05 23:00:00+00:00,4627.7,4632.3,4584.9,4590.7,4054.37
1775433600,2026-04-06 00:00:00+00:00,4591.1,4609.6,4580.1,4601.8,3489.98
1775437200,2026-04-06 01:00:00+00:00,4602.8,4622.6,4599.7,4605.7,4093.86
1775440800,2026-04-06 02:00:00+00:00,4603.7,4651.4,4603.7,4627.5,4504.47
1775444400,2026-04-06 03:00:00+00:00,4627.0,4627.4,4604.4,4620.2,3280.2
1775448000,2026-04-06 04:00:00+00:00,4619.2,4639.2,4619.0,4639.0,1717.45
1775451600,2026-04-06 05:00:00+00:00,4638.8,4658.3,4631.4,4632.4,3427.81
1775455200,2026-04-06 06:00:00+00:00,4632.6,4647.2,4623.2,4645.6,3440.17
1775458800,2026-04-06 07:00:00+00:00,4645.8,4668.2,4624.2,4664.4,4157.43
1775462400,2026-04-06 08:00:00+00:00,4664.3,4678.6,4658.6,4676.7,3985.58
1775466000,2026-04-06 09:00:00+00:00,4676.7,4687.0,4670.9,4673.8,3644.05
1775469600,2026-04-06 10:00:00+00:00,4673.9,4677.8,4664.0,4669.2,2789.78
1775473200,2026-04-06 11:00:00+00:00,4670.2,4677.1,4657.3,4658.5,3183.35
1775476800,2026-04-06 12:00:00+00:00,4658.8,4666.8,4639.5,4655.4,4195.76
1775480400,2026-04-06 13:00:00+00:00,4655.7,4662.1,4638.4,4659.5,7908.05
1775484000,2026-04-06 14:00:00+00:00,4661.3,4677.9,4639.9,4662.5,9334.22
1775487600,2026-04-06 15:00:00+00:00,4662.9,4663.6,4631.3,4647.3,7683.09
1775491200,2026-04-06 16:00:00+00:00,4647.4,4651.9,4637.3,4639.5,3891.4
1775494800,2026-04-06 17:00:00+00:00,4639.8,4642.5,4625.3,4634.5,5749.6
1775498400,2026-04-06 18:00:00+00:00,4634.7,4647.9,4629.8,4639.1,3639.58
1775502000,2026-04-06 19:00:00+00:00,4639.1,4640.5,4626.5,4636.1,2905.41
1775505600,2026-04-06 20:00:00+00:00,4636.5,4639.5,4628.5,4630.0,1055.76
1775512800,2026-04-06 22:00:00+00:00,4632.5,4648.8,4629.5,4639.0,3465.84
1775516400,2026-04-06 23:00:00+00:00,4638.8,4641.9,4631.8,4639.8,1000.41
1775520000,2026-04-07 00:00:00+00:00,4639.8,4643.0,4629.7,4635.8,1989.85
1775523600,2026-04-07 01:00:00+00:00,4635.3,4645.9,4595.3,4605.8,12806.44
1775527200,2026-04-07 02:00:00+00:00,4606.2,4633.1,4598.9,4629.8,4116.0
1775530800,2026-04-07 03:00:00+00:00,4629.8,4633.3,4618.6,4628.8,2027.0
1775534400,2026-04-07 04:00:00+00:00,4629.1,4644.2,4624.7,4640.3,2965.64
1775538000,2026-04-07 05:00:00+00:00,4640.8,4641.4,4602.3,4621.9,5826.31
1775541600,2026-04-07 06:00:00+00:00,4622.0,4635.8,4616.7,4634.4,4538.74
1775545200,2026-04-07 07:00:00+00:00,4638.6,4638.6,4615.5,4625.0,4261.09
1775548800,2026-04-07 08:00:00+00:00,4625.1,4671.5,4623.5,4663.5,9569.84
1775552400,2026-04-07 09:00:00+00:00,4663.7,4675.1,4637.9,4650.5,9950.56
1775556000,2026-04-07 10:00:00+00:00,4650.7,4660.5,4628.8,4631.4,9695.07
1775559600,2026-04-07 11:00:00+00:00,4631.0,4643.9,4607.8,4638.5,8105.05
1775563200,2026-04-07 12:00:00+00:00,4639.1,4650.2,4625.5,4630.0,7230.17
1775566800,2026-04-07 13:00:00+00:00,4630.1,4642.7,4613.9,4622.5,9646.76
1775570400,2026-04-07 14:00:00+00:00,4622.4,4641.3,4585.8,4612.0,19866.1
1775574000,2026-04-07 15:00:00+00:00,4612.2,4638.9,4603.9,4635.2,11705.47
1775577600,2026-04-07 16:00:00+00:00,4635.7,4648.5,4632.0,4636.3,7192.11
1775581200,2026-04-07 17:00:00+00:00,4636.4,4666.7,4633.3,4655.6,9164.28
1775584800,2026-04-07 18:00:00+00:00,4656.2,4666.6,4636.9,4642.4,6201.19
1775588400,2026-04-07 19:00:00+00:00,4642.4,4699.6,4640.8,4681.2,12353.25
1775592000,2026-04-07 20:00:00+00:00,4681.2,4697.6,4676.9,4687.2,4341.42
1775599200,2026-04-07 22:00:00+00:00,4701.1,4801.0,4694.4,4799.0,3449.51
1775602800,2026-04-07 23:00:00+00:00,4798.7,4817.4,4782.2,4814.6,13542.01
1775606400,2026-04-08 00:00:00+00:00,4814.6,4841.9,4790.8,4799.5,16820.96
1775610000,2026-04-08 01:00:00+00:00,4800.6,4808.0,4771.1,4792.5,17626.13
1775613600,2026-04-08 02:00:00+00:00,4792.4,4807.7,4782.1,4787.3,6578.25
1775617200,2026-04-08 03:00:00+00:00,4787.7,4789.2,4778.3,4782.1,3848.65
1775620800,2026-04-08 04:00:00+00:00,4773.7,4790.0,4773.7,4786.6,4228.28
1775624400,2026-04-08 05:00:00+00:00,4786.9,4826.1,4783.3,4809.4,7481.67
1775628000,2026-04-08 06:00:00+00:00,4809.1,4820.7,4800.1,4800.5,12080.22
1775631600,2026-04-08 07:00:00+00:00,4800.7,4801.2,4784.9,4793.6,6617.13
1775635200,2026-04-08 08:00:00+00:00,4793.8,4799.9,4771.4,4775.7,7674.63
1775638800,2026-04-08 09:00:00+00:00,4775.8,4787.9,4756.8,4764.1,8565.76
1775642400,2026-04-08 10:00:00+00:00,4764.2,4777.0,4752.1,4763.6,6003.09
1775646000,2026-04-08 11:00:00+00:00,4763.2,4784.3,4760.3,4780.3,8679.01
1775649600,2026-04-08 12:00:00+00:00,4780.2,4788.7,4747.6,4781.0,12842.02
1775653200,2026-04-08 13:00:00+00:00,4780.5,4787.5,4746.7,4758.0,16153.210000000001
1775656800,2026-04-08 14:00:00+00:00,4757.6,4772.7,4711.5,4716.1,23682.73
1775660400,2026-04-08 15:00:00+00:00,4715.5,4742.7,4713.8,4735.9,11784.81
1775664000,2026-04-08 16:00:00+00:00,4724.8,4745.0,4724.8,4739.8,7336.92
1775667600,2026-04-08 17:00:00+00:00,4739.6,4743.8,4709.4,4713.4,11620.01
1775671200,2026-04-08 18:00:00+00:00,4713.0,4723.7,4682.0,4684.0,13041.23
1775674800,2026-04-08 19:00:00+00:00,4683.2,4710.5,4674.5,4709.2,7027.16
1775678400,2026-04-08 20:00:00+00:00,4709.1,4711.2,4696.0,4698.9,2056.9
1775685600,2026-04-08 22:00:00+00:00,4698.7,4711.6,4682.4,4695.4,3499.4
1775689200,2026-04-08 23:00:00+00:00,4695.1,4697.3,4682.4,4692.7,2615.78
1775692800,2026-04-09 00:00:00+00:00,4693.3,4696.3,4672.5,4684.3,4408.29
1775696400,2026-04-09 01:00:00+00:00,4684.1,4706.1,4676.3,4705.1,6801.03
1775700000,2026-04-09 02:00:00+00:00,4705.4,4710.5,4694.9,4696.0,4277.05
1775703600,2026-04-09 03:00:00+00:00,4697.3,4697.3,4681.9,4688.9,3495.29
1775707200,2026-04-09 04:00:00+00:00,4686.9,4702.3,4686.9,4698.1,2236.06
1775710800,2026-04-09 05:00:00+00:00,4703.5,4703.5,4683.0,4690.3,4078.87
1775714400,2026-04-09 06:00:00+00:00,4703.1,4703.1,4681.1,4690.2,5626.95
1775718000,2026-04-09 07:00:00+00:00,4690.4,4709.1,4683.4,4702.3,10257.71
1775721600,2026-04-09 08:00:00+00:00,4702.2,4712.5,4698.0,4704.4,4928.97
1775725200,2026-04-09 09:00:00+00:00,4704.0,4712.4,4701.6,4707.8,4385.5199999999995
1775728800,2026-04-09 10:00:00+00:00,4707.8,4725.3,4702.0,4719.6,4726.68
1775732400,2026-04-09 11:00:00+00:00,4719.7,4736.6,4716.8,4735.2,4643.0
1775736000,2026-04-09 12:00:00+00:00,4735.6,4738.9,4713.5,4724.8,7749.72
1775739600,2026-04-09 13:00:00+00:00,4725.2,4756.7,4717.8,4743.5,13266.67
1775743200,2026-04-09 14:00:00+00:00,4743.9,4755.7,4726.4,4747.9,12385.61
1775746800,2026-04-09 15:00:00+00:00,4747.9,4777.8,4740.1,4771.3,18855.12
1775750400,2026-04-09 16:00:00+00:00,4771.6,4779.4,4762.7,4766.9,7493.28
1775754000,2026-04-09 17:00:00+00:00,4767.4,4779.9,4764.8,4776.2,9637.45
1775757600,2026-04-09 18:00:00+00:00,4776.5,4776.6,4746.1,4750.5,7522.71
1775761200,2026-04-09 19:00:00+00:00,4750.5,4760.8,4744.6,4746.9,3970.06
1775764800,2026-04-09 20:00:00+00:00,4746.9,4751.3,4738.5,4744.4,1801.55
1775772000,2026-04-09 22:00:00+00:00,4744.4,4763.9,4736.1,4741.5,3385.92
1775775600,2026-04-09 23:00:00+00:00,4741.3,4741.3,4733.7,4740.9,2122.95
1775779200,2026-04-10 00:00:00+00:00,4740.5,4740.5,4727.7,4740.3,4058.89
1775782800,2026-04-10 01:00:00+00:00,4740.1,4754.3,4735.2,4741.2,6015.68
1775786400,2026-04-10 02:00:00+00:00,4741.4,4742.1,4714.3,4729.4,7179.3
1775790000,2026-04-10 03:00:00+00:00,4729.5,4747.2,4729.1,4743.0,4576.72
1775793600,2026-04-10 04:00:00+00:00,4744.3,4748.5,4735.7,4735.7,2421.49
1775797200,2026-04-10 05:00:00+00:00,4736.4,4746.9,4735.2,4743.8,2385.06
1775800800,2026-04-10 06:00:00+00:00,4743.9,4744.1,4720.2,4723.6,5794.71
1775804400,2026-04-10 07:00:00+00:00,4723.5,4735.1,4718.5,4726.9,3203.06
1775808000,2026-04-10 08:00:00+00:00,4727.2,4730.4,4706.6,4717.0,7185.03
1775811600,2026-04-10 09:00:00+00:00,4717.5,4737.2,4717.0,4728.5,5519.41
1775815200,2026-04-10 10:00:00+00:00,4728.6,4737.9,4719.2,4734.6,3490.57
1775818800,2026-04-10 11:00:00+00:00,4734.6,4746.8,4731.0,4745.9,2803.03
1775822400,2026-04-10 12:00:00+00:00,4746.0,4760.8,4737.8,4749.4,11495.21
1775826000,2026-04-10 13:00:00+00:00,4749.3,4758.3,4742.8,4753.2,11205.73
1775829600,2026-04-10 14:00:00+00:00,4753.0,4773.9,4745.6,4753.2,14200.96
1775833200,2026-04-10 15:00:00+00:00,4753.3,4765.8,4733.2,4739.7,10565.46
1775836800,2026-04-10 16:00:00+00:00,4739.8,4744.6,4722.3,4742.0,9601.94
1775840400,2026-04-10 17:00:00+00:00,4742.3,4747.2,4736.0,4738.4,7916.9
1775844000,2026-04-10 18:00:00+00:00,4738.6,4751.6,4729.0,4743.4,5310.34
1775847600,2026-04-10 19:00:00+00:00,4743.4,4748.5,4735.9,4737.5,3147.41
1775851200,2026-04-10 20:00:00+00:00,4737.4,4737.4,4717.9,4724.9,3820.53
1776031200,2026-04-12 22:00:00+00:00,4642.6,4661.3,4619.1,4634.5,8114.81
1776034800,2026-04-12 23:00:00+00:00,4634.4,4648.1,4618.5,4647.5,4541.4
1776038400,2026-04-13 00:00:00+00:00,4647.6,4674.9,4640.8,4671.9,4424.15
1776042000,2026-04-13 01:00:00+00:00,4671.4,4703.4,4669.9,4697.0,8036.4
1776045600,2026-04-13 02:00:00+00:00,4697.6,4703.4,4686.4,4695.9,3200.4
1776049200,2026-04-13 03:00:00+00:00,4696.4,4699.7,4687.6,4695.5,1686.01
1776052800,2026-04-13 04:00:00+00:00,4693.9,4700.9,4683.1,4698.6,3110.9900000000002
1776056400,2026-04-13 05:00:00+00:00,4698.8,4706.5,4691.8,4705.0,2765.54
1776060000,2026-04-13 06:00:00+00:00,4705.4,4708.6,4696.6,4701.8,4036.0
1776063600,2026-04-13 07:00:00+00:00,4701.9,4716.4,4701.3,4710.3,4391.5
1776067200,2026-04-13 08:00:00+00:00,4710.6,4715.1,4697.2,4700.2,3840.14
1776070800,2026-04-13 09:00:00+00:00,4705.4,4705.4,4687.1,4691.3,4707.59
1776074400,2026-04-13 10:00:00+00:00,4691.3,4700.1,4684.4,4698.1,2744.49
1776078000,2026-04-13 11:00:00+00:00,4698.7,4705.3,4679.1,4683.0,4504.27
1776081600,2026-04-13 12:00:00+00:00,4682.5,4701.7,4679.5,4699.8,6923.2
1776085200,2026-04-13 13:00:00+00:00,4699.7,4721.9,4696.9,4707.2,15778.8
1776088800,2026-04-13 14:00:00+00:00,4707.1,4708.2,4685.8,4696.1,9697.44
1776092400,2026-04-13 15:00:00+00:00,4696.5,4697.0,4676.4,4690.8,6559.16
1776096000,2026-04-13 16:00:00+00:00,4691.1,4724.5,4685.4,4710.3,16448.07
1776099600,2026-04-13 17:00:00+00:00,4710.6,4728.3,4702.3,4707.2,13969.869999999999
1776103200,2026-04-13 18:00:00+00:00,4707.4,4718.1,4700.0,4715.9,3071.62
1776106800,2026-04-13 19:00:00+00:00,4715.9,4724.6,4707.7,4719.4,3686.73
1776110400,2026-04-13 20:00:00+00:00,4719.2,4722.3,4716.1,4720.5,1277.16
1776117600,2026-04-13 22:00:00+00:00,4723.2,4737.2,4721.5,4735.9,3574.62
1776121200,2026-04-13 23:00:00+00:00,4735.9,4743.6,4732.1,4735.2,2366.46
1776124800,2026-04-14 00:00:00+00:00,4735.6,4753.3,4729.4,4746.6,3943.35
1776128400,2026-04-14 01:00:00+00:00,4746.6,4756.7,4738.0,4741.1,4447.21
1776132000,2026-04-14 02:00:00+00:00,4741.0,4754.3,4738.2,4751.5,2650.99
1776135600,2026-04-14 03:00:00+00:00,4751.6,4751.7,4741.8,4746.2,1304.02
1776139200,2026-04-14 04:00:00+00:00,4743.9,4753.1,4743.1,4750.2,1299.74
1776142800,2026-04-14 05:00:00+00:00,4750.0,4750.2,4733.9,4736.2,2971.86
1776146400,2026-04-14 06:00:00+00:00,4736.5,4760.2,4736.3,4759.3,4176.41
1776150000,2026-04-14 07:00:00+00:00,4759.3,4774.3,4744.8,4754.1,10416.49
1776153600,2026-04-14 08:00:00+00:00,4753.5,4767.6,4751.1,4763.9,4044.81
1776157200,2026-04-14 09:00:00+00:00,4764.4,4766.9,4748.7,4755.5,6048.8
1776160800,2026-04-14 10:00:00+00:00,4755.6,4765.0,4727.2,4745.0,7348.1900000000005
1776164400,2026-04-14 11:00:00+00:00,4744.5,4759.7,4743.3,4751.0,5499.1
1776168000,2026-04-14 12:00:00+00:00,4751.0,4754.1,4738.1,4747.2,7629.67
1776171600,2026-04-14 13:00:00+00:00,4746.8,4782.8,4746.8,4772.7,15804.74
1776175200,2026-04-14 14:00:00+00:00,4772.3,4795.9,4770.6,4781.2,17986.0
1776178800,2026-04-14 15:00:00+00:00,4781.2,4793.7,4768.3,4785.8,9230.52
1776182400,2026-04-14 16:00:00+00:00,4786.0,4797.9,4782.9,4787.4,7397.06
1776186000,2026-04-14 17:00:00+00:00,4787.3,4821.6,4786.8,4813.4,17741.13
1776189600,2026-04-14 18:00:00+00:00,4813.5,4821.7,4809.1,4814.0,4910.0
1776193200,2026-04-14 19:00:00+00:00,4814.2,4823.9,4814.2,4822.6,3928.6
1776196800,2026-04-14 20:00:00+00:00,4823.1,4824.2,4816.9,4818.4,1824.01
1776204000,2026-04-14 22:00:00+00:00,4816.6,4828.5,4811.1,4813.4,3430.5099999999998
1776207600,2026-04-14 23:00:00+00:00,4813.0,4822.9,4811.4,4815.6,2838.8
1776211200,2026-04-15 00:00:00+00:00,4815.4,4818.0,4805.5,4813.6,2989.87
1776214800,2026-04-15 01:00:00+00:00,4814.0,4849.3,4806.4,4824.9,9851.77
1776218400,2026-04-15 02:00:00+00:00,4824.2,4831.1,4798.4,4801.6,5325.56
1776222000,2026-04-15 03:00:00+00:00,4802.1,4807.5,4794.9,4803.5,3349.96
1776225600,2026-04-15 04:00:00+00:00,4801.9,4805.5,4798.4,4802.8,1246.04
1776229200,2026-04-15 05:00:00+00:00,4803.0,4808.2,4789.8,4797.2,3662.42
1776232800,2026-04-15 06:00:00+00:00,4797.3,4802.4,4788.1,4788.8,3671.45
1776236400,2026-04-15 07:00:00+00:00,4789.1,4793.9,4781.3,4788.0,6327.71
1776240000,2026-04-15 08:00:00+00:00,4787.7,4799.3,4781.0,4795.5,4927.0
1776243600,2026-04-15 09:00:00+00:00,4795.3,4796.3,4762.3,4775.1,9187.38
1776247200,2026-04-15 10:00:00+00:00,4774.5,4783.1,4766.6,4776.7,4231.44
1776250800,2026-04-15 11:00:00+00:00,4776.7,4791.7,4772.3,4789.6,3846.5
1776254400,2026-04-15 12:00:00+00:00,4792.6,4792.6,4783.2,4787.8,4717.28
1776258000,2026-04-15 13:00:00+00:00,4788.3,4807.4,4785.0,4805.8,8616.67
1776261600,2026-04-15 14:00:00+00:00,4805.6,4808.5,4790.1,4792.3,8058.0
1776265200,2026-04-15 15:00:00+00:00,4792.9,4792.9,4761.8,4777.4,12313.64
1776268800,2026-04-15 16:00:00+00:00,4777.9,4788.9,4775.9,4779.8,7214.31
1776272400,2026-04-15 17:00:00+00:00,4780.1,4784.7,4766.8,4768.7,6461.68
1776276000,2026-04-15 18:00:00+00:00,4768.7,4779.2,4766.1,4776.1,4052.44
1776279600,2026-04-15 19:00:00+00:00,4776.1,4780.0,4771.0,4772.2,1952.38
1776283200,2026-04-15 20:00:00+00:00,4772.6,4773.3,4764.4,4767.8,1359.79
1776290400,2026-04-15 22:00:00+00:00,4767.5,4787.7,4766.3,4783.1,3483.61
1776294000,2026-04-15 23:00:00+00:00,4783.1,4802.5,4783.1,4799.3,3095.06
1776297600,2026-04-16 00:00:00+00:00,4799.3,4813.6,4795.0,4808.6,7259.85
1776301200,2026-04-16 01:00:00+00:00,4808.6,4812.5,4786.8,4793.8,3547.47
1776304800,2026-04-16 02:00:00+00:00,4794.6,4801.1,4788.5,4796.0,2015.4099999999999
1776308400,2026-04-16 03:00:00+00:00,4795.7,4803.5,4795.4,4801.6,1584.09
1776312000,2026-04-16 04:00:00+00:00,4800.2,4810.0,4799.1,4809.6,1386.84
1776315600,2026-04-16 05:00:00+00:00,4809.4,4815.2,4797.6,4798.0,5040.93
1776319200,2026-04-16 06:00:00+00:00,4797.5,4806.0,4789.9,4802.2,9683.32
1776322800,2026-04-16 07:00:00+00:00,4801.9,4806.7,4792.2,4796.9,7753.73
1776326400,2026-04-16 08:00:00+00:00,4796.7,4797.1,4781.7,4788.6,4950.74
1776330000,2026-04-16 09:00:00+00:00,4788.8,4793.4,4781.6,4788.1,3841.38
1776333600,2026-04-16 10:00:00+00:00,4788.0,4792.6,4779.5,4792.6,2542.87
1776337200,2026-04-16 11:00:00+00:00,4792.6,4798.2,4790.7,4797.8,2570.35
1776340800,2026-04-16 12:00:00+00:00,4798.9,4798.9,4786.9,4791.7,5197.12
1776344400,2026-04-16 13:00:00+00:00,4792.2,4800.1,4759.2,4769.8,13936.03
1776348000,2026-04-16 14:00:00+00:00,4769.7,4782.3,4746.0,4764.2,16631.25
1776351600,2026-04-16 15:00:00+00:00,4764.3,4788.6,4763.8,4782.1,9238.2
1776355200,2026-04-16 16:00:00+00:00,4782.5,4785.3,4759.9,4766.6,6645.61
1776358800,2026-04-16 17:00:00+00:00,4766.5,4770.5,4755.9,4764.0,6556.29
1776362400,2026-04-16 18:00:00+00:00,4769.4,4769.4,4760.4,4763.6,2530.44
1776366000,2026-04-16 19:00:00+00:00,4764.8,4773.6,4764.2,4768.4,2536.2200000000003
1776369600,2026-04-16 20:00:00+00:00,4768.7,4769.0,4759.9,4764.8,1370.57
1776376800,2026-04-16 22:00:00+00:00,4765.7,4772.7,4765.3,4769.9,3529.74
1776380400,2026-04-16 23:00:00+00:00,4769.5,4772.6,4766.3,4766.4,772.89
1776384000,2026-04-17 00:00:00+00:00,4765.9,4776.1,4760.6,4770.2,1800.12
1776387600,2026-04-17 01:00:00+00:00,4769.5,4770.4,4739.8,4764.1,6772.29
1776391200,2026-04-17 02:00:00+00:00,4763.7,4768.9,4758.2,4758.5,2187.57
1776394800,2026-04-17 03:00:00+00:00,4758.7,4773.0,4758.7,4768.0,1946.04
1776398400,2026-04-17 04:00:00+00:00,4767.8,4779.5,4767.0,4778.1,1929.41
1776402000,2026-04-17 05:00:00+00:00,4777.6,4781.1,4769.0,4769.8,3251.0
1776405600,2026-04-17 06:00:00+00:00,4770.4,4770.4,4753.9,4759.4,4042.86
1776409200,2026-04-17 07:00:00+00:00,4759.9,4769.2,4754.1,4759.4,4666.29
1776412800,2026-04-17 08:00:00+00:00,4760.0,4772.7,4756.5,4771.7,3850.33
1776416400,2026-04-17 09:00:00+00:00,4771.7,4776.6,4765.9,4766.1,3892.37
1776420000,2026-04-17 10:00:00+00:00,4766.5,4769.9,4757.0,4762.9,2939.27
1776423600,2026-04-17 11:00:00+00:00,4763.1,4787.9,4759.4,4775.9,5684.76
1776427200,2026-04-17 12:00:00+00:00,4775.6,4824.7,4773.7,4822.9,19089.02
1776430800,2026-04-17 13:00:00+00:00,4822.9,4871.6,4810.8,4857.0,34522.94
1776434400,2026-04-17 14:00:00+00:00,4857.2,4862.8,4837.3,4849.6,15515.27
1776438000,2026-04-17 15:00:00+00:00,4850.1,4857.4,4831.2,4843.6,13023.86
1776441600,2026-04-17 16:00:00+00:00,4843.4,4849.9,4839.9,4842.9,4064.4
1776445200,2026-04-17 17:00:00+00:00,4842.9,4845.5,4828.9,4838.5,6605.69
1776448800,2026-04-17 18:00:00+00:00,4838.6,4844.0,4830.9,4833.5,2952.18
1776452400,2026-04-17 19:00:00+00:00,4833.8,4836.5,4827.5,4829.4,3570.69
1776456000,2026-04-17 20:00:00+00:00,4829.5,4830.2,4801.9,4803.3,6190.81
1776636000,2026-04-19 22:00:00+00:00,4768.9,4768.9,4751.5,4753.3,4666.03
1776639600,2026-04-19 23:00:00+00:00,4752.8,4753.3,4705.9,4728.9,8823.5
1776643200,2026-04-20 00:00:00+00:00,4728.3,4747.7,4718.1,4745.9,6578.81
1776646800,2026-04-20 01:00:00+00:00,4745.9,4788.4,4744.2,4781.7,9658.35
1776650400,2026-04-20 02:00:00+00:00,4781.3,4782.7,4767.0,4767.2,3799.75
1776675600,2026-04-20 09:00:00+00:00,4833.5,4833.5,4758.5,4765.3,29777.74
1776679200,2026-04-20 10:00:00+00:00,4765.6,4833.5,4763.5,4769.6,2558.42
1776682800,2026-04-20 11:00:00+00:00,4769.6,4833.5,4760.2,4784.8,5796.3
1776686400,2026-04-20 12:00:00+00:00,4784.7,4796.8,4772.7,4777.2,11641.35
1776690000,2026-04-20 13:00:00+00:00,4777.5,4801.2,4773.6,4792.7,9907.62
1776693600,2026-04-20 14:00:00+00:00,4792.7,4801.8,4765.8,4778.8,14922.32
1776697200,2026-04-20 15:00:00+00:00,4779.6,4783.7,4766.5,4773.8,8674.45
1776700800,2026-04-20 16:00:00+00:00,4773.7,4780.5,4766.4,4779.5,5166.89
1776704400,2026-04-20 17:00:00+00:00,4779.8,4786.3,4777.9,4781.0,5167.39
1776708000,2026-04-20 18:00:00+00:00,4781.5,4790.9,4781.5,4788.7,2989.56
1776711600,2026-04-20 19:00:00+00:00,4788.6,4796.0,4783.6,4788.7,3343.52
1776715200,2026-04-20 20:00:00+00:00,4788.9,4796.6,4786.7,4794.9,1882.21
1776722400,2026-04-20 22:00:00+00:00,4796.3,4808.7,4795.0,4802.4,3495.87
1776726000,2026-04-20 23:00:00+00:00,4802.6,4806.4,4794.4,4796.3,1799.62
1776729600,2026-04-21 00:00:00+00:00,4796.9,4805.1,4790.3,4797.5,3068.84
1776733200,2026-04-21 01:00:00+00:00,4798.2,4798.2,4779.2,4783.7,3387.92
1776736800,2026-04-21 02:00:00+00:00,4784.1,4784.1,4775.4,4779.9,2639.98
1776740400,2026-04-21 03:00:00+00:00,4780.1,4780.8,4765.1,4770.2,4786.97
1776744000,2026-04-21 04:00:00+00:00,4770.0,4770.5,4760.9,4761.6,4367.84
1776747600,2026-04-21 05:00:00+00:00,4761.7,4769.6,4755.6,4756.8,6602.66
1776751200,2026-04-21 06:00:00+00:00,4756.5,4782.7,4746.9,4750.7,10653.51
1776754800,2026-04-21 07:00:00+00:00,4750.2,4765.4,4744.7,4758.8,4831.11
1776758400,2026-04-21 08:00:00+00:00,4758.4,4766.1,4747.2,4758.9,4506.08
1776762000,2026-04-21 09:00:00+00:00,4758.8,4762.2,4753.9,4756.3,4731.98
1776765600,2026-04-21 10:00:00+00:00,4756.7,4763.6,4753.5,4762.9,2475.21
1776769200,2026-04-21 11:00:00+00:00,4763.1,4771.9,4748.2,4768.1,5329.31
1776772800,2026-04-21 12:00:00+00:00,4768.3,4770.6,4735.5,4751.5,11370.16
1776776400,2026-04-21 13:00:00+00:00,4751.5,4767.7,4731.2,4752.1,15584.55
1776780000,2026-04-21 14:00:00+00:00,4752.1,4755.8,4694.8,4711.3,29328.36
1776783600,2026-04-21 15:00:00+00:00,4711.7,4730.5,4699.8,4713.7,17807.52
1776787200,2026-04-21 16:00:00+00:00,4714.2,4719.8,4680.3,4683.4,14877.37
1776790800,2026-04-21 17:00:00+00:00,4683.2,4695.9,4668.9,4684.9,18421.63
1776794400,2026-04-21 18:00:00+00:00,4684.8,4688.1,4665.9,4682.0,8373.44
1776798000,2026-04-21 19:00:00+00:00,4682.6,4688.0,4639.7,4652.2,13026.460000000001
1776801600,2026-04-21 20:00:00+00:00,4652.4,4693.5,4642.3,4692.4,7792.24
1776808800,2026-04-21 22:00:00+00:00,4692.6,4702.0,4687.0,4691.5,3554.5
1776812400,2026-04-21 23:00:00+00:00,4691.0,4712.3,4689.9,4709.7,3731.94
1776816000,2026-04-22 00:00:00+00:00,4710.2,4719.9,4710.0,4711.6,3539.6
1776819600,2026-04-22 01:00:00+00:00,4711.3,4726.4,4707.4,4723.7,6157.95
1776823200,2026-04-22 02:00:00+00:00,4724.2,4730.1,4721.4,4727.4,3475.45
1776826800,2026-04-22 03:00:00+00:00,4727.0,4736.6,4724.3,4730.9,3549.79
1776830400,2026-04-22 04:00:00+00:00,4730.0,4731.3,4724.0,4726.3,3514.7200000000003
1776834000,2026-04-22 05:00:00+00:00,4726.3,4743.8,4723.8,4740.3,6588.86
1776837600,2026-04-22 06:00:00+00:00,4739.9,4740.4,4731.4,4739.9,4050.31
1776841200,2026-04-22 07:00:00+00:00,4739.8,4744.7,4732.3,4733.4,4245.33
1776844800,2026-04-22 08:00:00+00:00,4733.5,4735.3,4724.4,4729.6,4028.81
1776848400,2026-04-22 09:00:00+00:00,4729.4,4735.0,4724.9,4727.3,3886.04
1776852000,2026-04-22 10:00:00+00:00,4727.5,4733.1,4718.2,4732.0,3770.57
1776855600,2026-04-22 11:00:00+00:00,4731.8,4733.5,4720.2,4722.8,4490.01
1776859200,2026-04-22 12:00:00+00:00,4723.1,4732.9,4715.0,4716.5,7198.78
1776862800,2026-04-22 13:00:00+00:00,4716.8,4733.3,4708.5,4725.6,11290.84
1776866400,2026-04-22 14:00:00+00:00,4725.4,4730.2,4700.8,4708.2,11299.71
1776870000,2026-04-22 15:00:00+00:00,4708.1,4712.3,4697.1,4700.1,6521.54
1776873600,2026-04-22 16:00:00+00:00,4700.0,4708.0,4696.0,4701.4,4475.09
1776877200,2026-04-22 17:00:00+00:00,4701.3,4712.3,4701.1,4710.3,4648.9
1776880800,2026-04-22 18:00:00+00:00,4710.0,4724.1,4702.3,4714.6,5328.07
1776884400,2026-04-22 19:00:00+00:00,4714.9,4718.3,4709.7,4712.9,2977.47
1776888000,2026-04-22 20:00:00+00:00,4713.8,4713.8,4707.0,4712.2,1681.86
1776895200,2026-04-22 22:00:00+00:00,4713.1,4717.5,4696.7,4697.1,3468.48
1776898800,2026-04-22 23:00:00+00:00,4697.4,4700.7,4694.5,4698.9,1744.32
1776902400,2026-04-23 00:00:00+00:00,4698.9,4725.2,4664.3,4719.4,11720.27
1776906000,2026-04-23 01:00:00+00:00,4719.2,4721.4,4692.3,4693.3,6059.88
1776909600,2026-04-23 02:00:00+00:00,4692.8,4694.8,4667.9,4668.3,8535.32
1776913200,2026-04-23 03:00:00+00:00,4668.9,4678.7,4667.8,4673.9,4407.54
1776916800,2026-04-23 04:00:00+00:00,4672.9,4676.6,4668.2,4674.0,2001.17
1776920400,2026-04-23 05:00:00+00:00,4673.5,4685.0,4659.6,4682.9,5090.23
1776924000,2026-04-23 06:00:00+00:00,4683.5,4692.9,4678.8,4684.0,7843.45
1776927600,2026-04-23 07:00:00+00:00,4683.8,4691.3,4673.3,4690.0,8589.14
1776931200,2026-04-23 08:00:00+00:00,4689.5,4696.0,4671.7,4673.5,4373.62
1776934800,2026-04-23 09:00:00+00:00,4673.3,4673.9,4664.6,4667.4,6389.36
1776938400,2026-04-23 10:00:00+00:00,4667.4,4671.8,4653.9,4666.5,6889.43
1776942000,2026-04-23 11:00:00+00:00,4666.7,4691.7,4665.2,4691.3,6104.42
1776945600,2026-04-23 12:00:00+00:00,4691.0,4715.6,4690.2,4711.6,14949.93
1776949200,2026-04-23 13:00:00+00:00,4712.0,4713.0,4694.7,4695.9,10440.72
1776952800,2026-04-23 14:00:00+00:00,4695.4,4707.9,4687.8,4704.5,9776.24
1776956400,2026-04-23 15:00:00+00:00,4704.8,4712.1,4687.2,4691.2,7714.81
1776960000,2026-04-23 16:00:00+00:00,4691.5,4708.0,4686.4,4703.7,5647.84
1776963600,2026-04-23 17:00:00+00:00,4704.0,4705.6,4634.0,4679.5,28362.29
1776967200,2026-04-23 18:00:00+00:00,4680.0,4692.6,4668.8,4671.1,6880.89
1776970800,2026-04-23 19:00:00+00:00,4671.0,4674.5,4659.4,4666.7,5111.26
1776974400,2026-04-23 20:00:00+00:00,4666.4,4668.7,4656.6,4662.5,2061.2
1776981600,2026-04-23 22:00:00+00:00,4669.5,4673.7,4659.2,4662.4,3421.43
1776985200,2026-04-23 23:00:00+00:00,4662.6,4670.0,4655.9,4664.7,1575.8
1776988800,2026-04-24 00:00:00+00:00,4665.6,4677.0,4660.2,4673.7,2667.48
1776992400,2026-04-24 01:00:00+00:00,4673.7,4680.6,4659.6,4669.0,3517.6
1776996000,2026-04-24 02:00:00+00:00,4670.3,4670.3,4641.2,4646.3,4513.4
1776999600,2026-04-24 03:00:00+00:00,4645.9,4647.4,4637.4,4641.4,3484.91
1777003200,2026-04-24 04:00:00+00:00,4640.8,4645.4,4626.1,4643.2,5097.91
1777006800,2026-04-24 05:00:00+00:00,4643.5,4656.2,4638.3,4655.4,3396.0
1777010400,2026-04-24 06:00:00+00:00,4655.6,4657.0,4635.5,4641.0,4696.37
1777014000,2026-04-24 07:00:00+00:00,4641.0,4664.6,4640.1,4663.3,4008.45
1777017600,2026-04-24 08:00:00+00:00,4664.0,4666.6,4654.0,4659.4,3186.7200000000003
1777021200,2026-04-24 09:00:00+00:00,4660.0,4665.8,4648.8,4651.6,6557.68
1777024800,2026-04-24 10:00:00+00:00,4651.3,4655.4,4643.5,4646.9,3110.8
1777028400,2026-04-24 11:00:00+00:00,4647.0,4687.8,4646.9,4677.1,11432.539999999999
1777032000,2026-04-24 12:00:00+00:00,4677.1,4681.8,4660.2,4670.8,7698.18
1777035600,2026-04-24 13:00:00+00:00,4671.1,4688.1,4659.3,4681.8,9478.44
1777039200,2026-04-24 14:00:00+00:00,4681.9,4711.0,4677.1,4697.1,15539.14
1777042800,2026-04-24 15:00:00+00:00,4697.3,4704.3,4684.7,4697.8,7793.01
1777046400,2026-04-24 16:00:00+00:00,4697.5,4700.4,4689.5,4697.6,3579.1
1777050000,2026-04-24 17:00:00+00:00,4698.3,4700.9,4689.6,4694.0,6150.17
1777053600,2026-04-24 18:00:00+00:00,4694.3,4695.4,4686.9,4692.6,2157.25
1777057200,2026-04-24 19:00:00+00:00,4693.3,4696.3,4683.4,4686.0,3093.75
1777060800,2026-04-24 20:00:00+00:00,4685.8,4687.3,4675.0,4679.3,3282.13
1777240800,2026-04-26 22:00:00+00:00,4650.0,4657.9,4647.9,4653.5,1763.68
1777244400,2026-04-26 23:00:00+00:00,4653.9,4653.9,4643.0,4648.7,2057.75
1777248000,2026-04-27 00:00:00+00:00,4649.2,4667.0,4640.5,4666.5,3306.28
1777251600,2026-04-27 01:00:00+00:00,4666.3,4678.7,4659.4,4671.0,5170.63
1777255200,2026-04-27 02:00:00+00:00,4671.6,4692.2,4664.5,4686.8,4366.31
1777258800,2026-04-27 03:00:00+00:00,4687.1,4698.7,4683.5,4693.7,3173.54
1777262400,2026-04-27 04:00:00+00:00,4693.7,4699.7,4692.2,4694.4,1783.15
1777266000,2026-04-27 05:00:00+00:00,4695.1,4695.1,4677.9,4679.6,3434.64
1777269600,2026-04-27 06:00:00+00:00,4679.3,4684.8,4678.2,4681.5,2559.36
1777273200,2026-04-27 07:00:00+00:00,4681.3,4687.4,4678.9,4681.8,2285.14
1777276800,2026-04-27 08:00:00+00:00,4682.3,4683.9,4674.1,4675.9,2580.82
1777280400,2026-04-27 09:00:00+00:00,4676.2,4677.5,4668.6,4673.0,3931.62
1777284000,2026-04-27 10:00:00+00:00,4673.1,4680.3,4668.6,4678.2,2379.28
1777287600,2026-04-27 11:00:00+00:00,4678.1,4678.4,4667.4,4673.6,2637.1
1777291200,2026-04-27 12:00:00+00:00,4674.0,4681.9,4665.9,4668.0,6011.93
1777294800,2026-04-27 13:00:00+00:00,4668.7,4672.8,4657.2,4665.5,7817.88
1777298400,2026-04-27 14:00:00+00:00,4665.1,4666.1,4645.2,4647.1,10467.64
1777302000,2026-04-27 15:00:00+00:00,4647.3,4651.0,4635.1,4638.7,10402.05
1777305600,2026-04-27 16:00:00+00:00,4638.5,4648.2,4635.4,4645.0,4096.01
1777309200,2026-04-27 17:00:00+00:00,4645.3,4654.8,4636.4,4651.1,7781.14
1777312800,2026-04-27 18:00:00+00:00,4650.6,4654.1,4647.5,4649.6,2407.59
1777316400,2026-04-27 19:00:00+00:00,4649.4,4651.8,4645.6,4650.1,2954.15
1777320000,2026-04-27 20:00:00+00:00,4649.8,4651.7,4645.7,4651.6,974.06
1777327200,2026-04-27 22:00:00+00:00,4651.4,4660.2,4650.9,4656.6,3500.6
1777330800,2026-04-27 23:00:00+00:00,4657.2,4664.2,4656.0,4661.0,1245.86
1777334400,2026-04-28 00:00:00+00:00,4661.0,4670.4,4659.1,4659.5,2081.01
1777338000,2026-04-28 01:00:00+00:00,4659.1,4659.7,4635.3,4638.6,4145.6
1777341600,2026-04-28 02:00:00+00:00,4638.5,4647.9,4633.8,4636.9,4232.5
1777345200,2026-04-28 03:00:00+00:00,4636.8,4644.0,4636.2,4639.5,2287.08
1777348800,2026-04-28 04:00:00+00:00,4638.5,4639.0,4633.6,4635.2,2331.41
1777352400,2026-04-28 05:00:00+00:00,4635.4,4635.4,4591.9,4600.5,11307.64
1777356000,2026-04-28 06:00:00+00:00,4599.8,4610.8,4590.4,4596.6,8575.73
1777359600,2026-04-28 07:00:00+00:00,4596.5,4607.2,4588.3,4600.5,6718.72
1777363200,2026-04-28 08:00:00+00:00,4600.9,4603.3,4582.2,4597.5,7042.2
1777366800,2026-04-28 09:00:00+00:00,4597.3,4597.9,4571.6,4572.5,8171.53
1777370400,2026-04-28 10:00:00+00:00,4572.3,4584.4,4570.6,4570.6,4883.49
1777374000,2026-04-28 11:00:00+00:00,4570.5,4576.3,4521.9,4529.1,17088.75
1777377600,2026-04-28 12:00:00+00:00,4529.5,4567.7,4521.5,4561.3,16708.92
1777381200,2026-04-28 13:00:00+00:00,4560.9,4562.1,4537.6,4547.3,13984.960000000001
1777384800,2026-04-28 14:00:00+00:00,4546.9,4547.9,4523.9,4542.2,16238.0
1777388400,2026-04-28 15:00:00+00:00,4541.8,4554.1,4534.4,4554.0,9677.84
1777392000,2026-04-28 16:00:00+00:00,4553.9,4562.7,4545.3,4560.1,6251.76
1777395600,2026-04-28 17:00:00+00:00,4560.2,4569.8,4554.9,4562.9,8057.78
1777399200,2026-04-28 18:00:00+00:00,4563.3,4568.7,4559.9,4562.3,2587.86
1777402800,2026-04-28 19:00:00+00:00,4562.4,4568.0,4561.2,4563.5,2527.29
1777406400,2026-04-28 20:00:00+00:00,4563.3,4566.8,4559.6,4563.5,1647.07
1777413600,2026-04-28 22:00:00+00:00,4565.3,4567.9,4560.2,4561.7,3488.43
1777417200,2026-04-28 23:00:00+00:00,4562.2,4564.4,4555.9,4563.6,1186.37
1777420800,2026-04-29 00:00:00+00:00,4563.4,4578.2,4562.7,4567.6,3552.73
1777424400,2026-04-29 01:00:00+00:00,4567.4,4567.4,4543.0,4552.0,5656.51
1777428000,2026-04-29 02:00:00+00:00,4552.4,4571.6,4552.4,4560.8,3542.19
1777431600,2026-04-29 03:00:00+00:00,4560.8,4570.6,4559.6,4563.5,1855.31
1777435200,2026-04-29 04:00:00+00:00,4563.0,4573.2,4563.0,4572.0,1900.94
1777438800,2026-04-29 05:00:00+00:00,4572.5,4575.2,4558.3,4558.6,1987.53
1777442400,2026-04-29 06:00:00+00:00,4558.4,4566.2,4548.7,4552.0,4772.81
1777446000,2026-04-29 07:00:00+00:00,4552.0,4557.1,4534.4,4535.3,7103.16
1777449600,2026-04-29 08:00:00+00:00,4535.5,4543.9,4524.4,4540.0,5913.85
1777453200,2026-04-29 09:00:00+00:00,4540.4,4548.2,4518.4,4522.2,7307.83
1777456800,2026-04-29 10:00:00+00:00,4522.0,4543.4,4521.5,4536.6,4516.69
1777460400,2026-04-29 11:00:00+00:00,4536.9,4539.5,4525.8,4528.6,3587.69
1777464000,2026-04-29 12:00:00+00:00,4528.1,4536.0,4506.8,4511.3,7673.46
1777467600,2026-04-29 13:00:00+00:00,4519.9,4519.9,4476.1,4488.6,18384.75
1777471200,2026-04-29 14:00:00+00:00,4488.6,4510.3,4484.2,4505.8,12854.89
1777474800,2026-04-29 15:00:00+00:00,4505.8,4525.9,4502.5,4514.1,12525.95
1777478400,2026-04-29 16:00:00+00:00,4514.5,4532.2,4511.1,4512.9,8958.47
1777482000,2026-04-29 17:00:00+00:00,4513.3,4522.4,4509.8,4515.7,7668.96
1777485600,2026-04-29 18:00:00+00:00,4515.1,4520.9,4485.9,4506.6,11442.35
1777489200,2026-04-29 19:00:00+00:00,4507.0,4518.9,4501.3,4514.7,5484.35
1777492800,2026-04-29 20:00:00+00:00,4515.1,4521.2,4508.9,4511.2,2778.4
1777500000,2026-04-29 22:00:00+00:00,4504.7,4518.8,4504.7,4517.5,3468.93
1777503600,2026-04-29 23:00:00+00:00,4515.5,4528.1,4515.5,4527.7,1005.0
1777507200,2026-04-30 00:00:00+00:00,4527.5,4540.2,4522.1,4535.9,3867.38
1777510800,2026-04-30 01:00:00+00:00,4535.6,4548.0,4530.3,4544.7,3967.32
1777514400,2026-04-30 02:00:00+00:00,4545.0,4547.7,4525.0,4530.3,4149.03
1777518000,2026-04-30 03:00:00+00:00,4530.3,4534.9,4520.8,4521.8,2613.87
1777521600,2026-04-30 04:00:00+00:00,4521.3,4521.9,4506.1,4507.1,3148.65
1777525200,2026-04-30 05:00:00+00:00,4506.9,4534.9,4506.9,4527.6,3205.23
1777528800,2026-04-30 06:00:00+00:00,4527.6,4557.6,4524.8,4555.5,7659.53
1777532400,2026-04-30 07:00:00+00:00,4555.7,4571.2,4550.4,4564.5,7388.34
1777536000,2026-04-30 08:00:00+00:00,4564.4,4595.3,4563.1,4582.3,8931.08
1777539600,2026-04-30 09:00:00+00:00,4582.6,4598.5,4580.2,4591.1,7401.88
1777543200,2026-04-30 10:00:00+00:00,4591.1,4612.7,4589.4,4605.6,7139.63
1777546800,2026-04-30 11:00:00+00:00,4605.8,4611.9,4593.4,4596.9,9555.75
1777550400,2026-04-30 12:00:00+00:00,4597.2,4606.6,4588.9,4606.3,8675.11
1777554000,2026-04-30 13:00:00+00:00,4606.4,4612.5,4576.3,4577.0,12350.04
1777557600,2026-04-30 14:00:00+00:00,4577.1,4592.6,4575.2,4586.4,11051.34
1777561200,2026-04-30 15:00:00+00:00,4587.2,4591.7,4577.6,4582.0,5870.94
1777564800,2026-04-30 16:00:00+00:00,4582.1,4585.0,4571.9,4574.3,7507.21
1777568400,2026-04-30 17:00:00+00:00,4574.8,4588.9,4574.7,4583.7,7587.35
1777572000,2026-04-30 18:00:00+00:00,4583.9,4592.4,4583.5,4589.3,3501.36
1777575600,2026-04-30 19:00:00+00:00,4589.4,4594.2,4581.6,4583.9,3215.07
1777579200,2026-04-30 20:00:00+00:00,4584.3,4589.9,4582.2,4589.9,1410.52
1777586400,2026-04-30 22:00:00+00:00,4590.8,4605.9,4590.8,4596.6,3508.06
1777590000,2026-04-30 23:00:00+00:00,4597.1,4600.7,4592.7,4592.8,1334.96
1777593600,2026-05-01 00:00:00+00:00,4592.9,4597.4,4584.4,4585.7,1600.97
1777597200,2026-05-01 01:00:00+00:00,4585.5,4588.0,4579.8,4586.5,1971.73
1777600800,2026-05-01 02:00:00+00:00,4586.5,4602.0,4581.9,4584.4,2985.58
1777604400,2026-05-01 03:00:00+00:00,4584.0,4597.4,4582.8,4592.5,1935.0
1777608000,2026-05-01 04:00:00+00:00,4591.7,4594.2,4574.2,4574.3,2908.52
1777611600,2026-05-01 05:00:00+00:00,4574.6,4582.1,4568.0,4570.1,2249.78
1777615200,2026-05-01 06:00:00+00:00,4570.1,4573.3,4556.1,4560.7,3575.57
1777618800,2026-05-01 07:00:00+00:00,4559.9,4563.6,4540.7,4543.4,5240.15
1777622400,2026-05-01 08:00:00+00:00,4543.6,4547.9,4529.8,4534.2,4070.29
1777626000,2026-05-01 09:00:00+00:00,4534.0,4537.9,4523.9,4527.5,3816.86
1777629600,2026-05-01 10:00:00+00:00,4527.6,4541.3,4526.3,4531.8,2552.92
1777633200,2026-05-01 11:00:00+00:00,4531.7,4544.5,4526.9,4543.9,3109.72
1777636800,2026-05-01 12:00:00+00:00,4543.4,4573.2,4539.9,4556.0,9204.05
1777640400,2026-05-01 13:00:00+00:00,4555.5,4594.8,4550.8,4591.4,9581.78
1777644000,2026-05-01 14:00:00+00:00,4590.8,4626.9,4589.7,4597.5,18228.3
1777647600,2026-05-01 15:00:00+00:00,4597.9,4613.1,4584.3,4608.3,9708.78
1777651200,2026-05-01 16:00:00+00:00,4607.9,4615.2,4598.8,4604.5,5156.4
1777654800,2026-05-01 17:00:00+00:00,4604.1,4608.4,4592.3,4595.2,6410.0
1777658400,2026-05-01 18:00:00+00:00,4595.6,4596.7,4579.2,4590.0,3855.96
1777662000,2026-05-01 19:00:00+00:00,4590.1,4593.5,4574.9,4576.9,3148.15
1777665600,2026-05-01 20:00:00+00:00,4576.9,4598.4,4572.9,4598.4,1811.02
1777845600,2026-05-03 22:00:00+00:00,4587.2,4594.8,4577.4,4584.6,1680.4
1777849200,2026-05-03 23:00:00+00:00,4583.9,4586.3,4576.3,4578.9,1182.5
1777852800,2026-05-04 00:00:00+00:00,4581.8,4581.8,4566.4,4577.5,2334.62
1777856400,2026-05-04 01:00:00+00:00,4578.6,4579.3,4557.7,4578.1,2570.06
1777860000,2026-05-04 02:00:00+00:00,4577.9,4583.8,4555.9,4570.8,3263.26
1777863600,2026-05-04 03:00:00+00:00,4570.5,4581.8,4563.5,4581.7,2681.34
1777867200,2026-05-04 04:00:00+00:00,4580.4,4580.4,4569.7,4570.5,2073.0
1777870800,2026-05-04 05:00:00+00:00,4569.9,4577.9,4557.2,4564.1,3404.23
1777874400,2026-05-04 06:00:00+00:00,4564.0,4565.8,4548.4,4553.6,3484.46
1777878000,2026-05-04 07:00:00+00:00,4553.1,4558.3,4542.5,4543.6,2900.61
1777881600,2026-05-04 08:00:00+00:00,4543.8,4546.5,4538.4,4541.4,3348.05
1777885200,2026-05-04 09:00:00+00:00,4541.8,4549.2,4535.9,4539.9,2332.96
1777888800,2026-05-04 10:00:00+00:00,4540.5,4540.8,4488.9,4527.1,14900.3
1777892400,2026-05-04 11:00:00+00:00,4527.4,4535.7,4516.3,4525.0,5761.46
1777896000,2026-05-04 12:00:00+00:00,4525.2,4544.3,4524.3,4533.2,6489.58
1777899600,2026-05-04 13:00:00+00:00,4533.5,4542.0,4520.2,4528.9,7771.39
1777903200,2026-05-04 14:00:00+00:00,4528.8,4548.6,4518.3,4526.6,9143.77
1777906800,2026-05-04 15:00:00+00:00,4526.6,4531.8,4474.5,4485.5,21297.26
1777910400,2026-05-04 16:00:00+00:00,4485.3,4491.0,4464.0,4474.3,15156.08
1777914000,2026-05-04 17:00:00+00:00,4475.0,4495.7,4474.8,4486.4,8189.58
1777917600,2026-05-04 18:00:00+00:00,4486.8,4489.1,4473.6,4480.2,3558.73
1777921200,2026-05-04 19:00:00+00:00,4479.8,4490.8,4474.9,4481.5,5476.78
1777924800,2026-05-04 20:00:00+00:00,4481.4,4487.8,4475.2,4486.3,2026.13
1777932000,2026-05-04 22:00:00+00:00,4487.9,4489.8,4478.7,4480.9,3476.52
1777935600,2026-05-04 23:00:00+00:00,4480.7,4484.9,4479.6,4482.0,961.02
1777939200,2026-05-05 00:00:00+00:00,4482.5,4494.0,4476.6,4492.8,3152.58
1777942800,2026-05-05 01:00:00+00:00,4492.8,4505.4,4488.4,4504.3,3151.74
1777946400,2026-05-05 02:00:00+00:00,4504.4,4510.3,4497.9,4502.1,2710.56
1777950000,2026-05-05 03:00:00+00:00,4502.0,4505.6,4495.3,4498.6,1722.02
1777953600,2026-05-05 04:00:00+00:00,4497.4,4499.7,4490.9,4496.9,1908.55
1777957200,2026-05-05 05:00:00+00:00,4496.9,4515.1,4494.3,4509.2,3327.34
1777960800,2026-05-05 06:00:00+00:00,4509.2,4515.4,4497.1,4511.4,3817.37
1777964400,2026-05-05 07:00:00+00:00,4511.8,4522.0,4507.2,4509.3,3737.27
1777968000,2026-05-05 08:00:00+00:00,4509.3,4523.3,4509.1,4522.1,3769.74
1777971600,2026-05-05 09:00:00+00:00,4522.5,4524.4,4515.0,4520.4,4004.54
1777975200,2026-05-05 10:00:00+00:00,4520.6,4521.1,4503.9,4508.0,3266.62
1777978800,2026-05-05 11:00:00+00:00,4507.9,4529.4,4504.0,4526.8,4502.51
1777982400,2026-05-05 12:00:00+00:00,4526.6,4539.3,4518.1,4528.6,7624.58
1777986000,2026-05-05 13:00:00+00:00,4528.9,4550.1,4528.9,4543.7,11138.14
1777989600,2026-05-05 14:00:00+00:00,4544.2,4551.4,4530.3,4547.2,13339.78
1777993200,2026-05-05 15:00:00+00:00,4547.5,4549.0,4533.2,4533.3,5069.42
1777996800,2026-05-05 16:00:00+00:00,4533.3,4533.8,4518.5,4526.0,7376.19
1778000400,2026-05-05 17:00:00+00:00,4525.6,4527.5,4517.7,4524.2,5945.87
1778004000,2026-05-05 18:00:00+00:00,4521.9,4530.4,4521.9,4525.6,2741.87
1778007600,2026-05-05 19:00:00+00:00,4525.5,4525.9,4516.2,4519.9,2965.29
1778011200,2026-05-05 20:00:00+00:00,4519.9,4524.7,4518.8,4521.7,1126.6
1778018400,2026-05-05 22:00:00+00:00,4523.2,4541.1,4510.0,4537.1,3449.9900000000002
1778022000,2026-05-05 23:00:00+00:00,4537.4,4560.1,4533.3,4558.4,3805.5
1778025600,2026-05-06 00:00:00+00:00,4558.0,4585.1,4552.2,4583.7,5377.56
1778029200,2026-05-06 01:00:00+00:00,4583.8,4593.7,4574.3,4590.3,6456.85
1778032800,2026-05-06 02:00:00+00:00,4590.1,4605.7,4589.7,4604.5,5512.62
1778036400,2026-05-06 03:00:00+00:00,4604.5,4615.9,4601.9,4607.4,5475.89
1778040000,2026-05-06 04:00:00+00:00,4607.5,4618.3,4607.2,4613.9,4003.86
1778043600,2026-05-06 05:00:00+00:00,4613.9,4628.7,4609.5,4627.8,5928.17
1778047200,2026-05-06 06:00:00+00:00,4627.8,4634.1,4621.7,4633.4,6277.0599999999995
1778050800,2026-05-06 07:00:00+00:00,4633.7,4647.1,4622.4,4646.3,10313.02
1778054400,2026-05-06 08:00:00+00:00,4646.6,4668.2,4636.7,4665.9,10717.97
1778058000,2026-05-06 09:00:00+00:00,4665.9,4674.1,4653.6,4667.3,13487.45
1778061600,2026-05-06 10:00:00+00:00,4667.2,4688.5,4661.3,4683.5,11013.09
1778065200,2026-05-06 11:00:00+00:00,4683.3,4686.6,4655.9,4657.2,10862.14
1778068800,2026-05-06 12:00:00+00:00,4657.2,4658.7,4624.9,4648.3,16152.69
1778072400,2026-05-06 13:00:00+00:00,4648.0,4673.1,4633.4,4667.4,15654.64
1778076000,2026-05-06 14:00:00+00:00,4662.7,4682.6,4662.7,4668.1,13528.87
1778079600,2026-05-06 15:00:00+00:00,4668.1,4671.2,4653.1,4653.2,6940.0
1778083200,2026-05-06 16:00:00+00:00,4652.9,4657.4,4644.5,4647.9,6068.59
1778086800,2026-05-06 17:00:00+00:00,4647.8,4653.0,4643.7,4648.7,7650.68
1778090400,2026-05-06 18:00:00+00:00,4649.0,4655.2,4646.6,4650.7,3688.42
1778094000,2026-05-06 19:00:00+00:00,4651.0,4665.2,4651.0,4656.9,4439.43
1778097600,2026-05-06 20:00:00+00:00,4657.4,4664.3,4649.7,4657.0,2488.9
1778104800,2026-05-06 22:00:00+00:00,4656.1,4663.1,4651.9,4658.0,3441.36
1778108400,2026-05-06 23:00:00+00:00,4657.6,4662.8,4653.2,4662.1,1615.7
1778112000,2026-05-07 00:00:00+00:00,4664.3,4664.3,4648.1,4651.5,2882.97
1778115600,2026-05-07 01:00:00+00:00,4651.3,4684.4,4647.9,4677.6,7670.0
1778119200,2026-05-07 02:00:00+00:00,4677.3,4681.2,4662.1,4669.9,2924.25
1778122800,2026-05-07 03:00:00+00:00,4669.1,4672.5,4662.8,4662.9,1613.55
1778126400,2026-05-07 04:00:00+00:00,4661.6,4663.4,4654.3,4659.0,2681.74
1778130000,2026-05-07 05:00:00+00:00,4658.9,4669.3,4657.0,4663.3,2729.7200000000003
1778133600,2026-05-07 06:00:00+00:00,4663.4,4713.3,4663.4,4702.5,9148.6
1778137200,2026-05-07 07:00:00+00:00,4701.7,4714.4,4694.9,4706.4,7094.27
1778140800,2026-05-07 08:00:00+00:00,4707.1,4717.5,4694.8,4695.0,7566.82
1778144400,2026-05-07 09:00:00+00:00,4695.3,4702.9,4685.9,4692.3,6356.06
1778148000,2026-05-07 10:00:00+00:00,4692.0,4703.5,4689.9,4698.9,3503.19
1778151600,2026-05-07 11:00:00+00:00,4699.3,4706.9,4690.3,4705.9,4766.65
1778155200,2026-05-07 12:00:00+00:00,4706.0,4716.6,4695.6,4714.0,9631.3
1778158800,2026-05-07 13:00:00+00:00,4714.1,4722.4,4694.9,4710.4,13574.25
1778162400,2026-05-07 14:00:00+00:00,4709.9,4727.9,4705.0,4727.2,15406.33
1778166000,2026-05-07 15:00:00+00:00,4727.3,4729.1,4648.2,4693.0,14677.52
1778169600,2026-05-07 16:00:00+00:00,4693.8,4693.8,4666.5,4678.7,13682.83
1778173200,2026-05-07 17:00:00+00:00,4678.9,4683.4,4650.5,4675.0,28811.0
1778176800,2026-05-07 18:00:00+00:00,4674.9,4679.4,4658.5,4673.0,7566.45
1778180400,2026-05-07 19:00:00+00:00,4673.5,4676.4,4660.9,4666.8,4978.5
1778184000,2026-05-07 20:00:00+00:00,4666.9,4683.0,4647.2,4649.9,4679.3
1778191200,2026-05-07 22:00:00+00:00,4636.4,4662.4,4624.9,4648.8,3547.2599999999998
1778194800,2026-05-07 23:00:00+00:00,4648.3,4668.3,4647.8,4667.1,1947.67
1778198400,2026-05-08 00:00:00+00:00,4667.3,4672.4,4656.6,4663.9,2909.6
1778202000,2026-05-08 01:00:00+00:00,4664.0,4688.2,4663.0,4685.1,5187.11
1778205600,2026-05-08 02:00:00+00:00,4685.0,4695.3,4669.3,4675.6,4006.63
1778209200,2026-05-08 03:00:00+00:00,4675.5,4693.7,4673.2,4682.9,2719.42
1778212800,2026-05-08 04:00:00+00:00,4682.5,4685.8,4670.5,4673.3,2562.5
1778216400,2026-05-08 05:00:00+00:00,4673.5,4693.9,4672.2,4689.9,2465.89
1778220000,2026-05-08 06:00:00+00:00,4690.4,4697.4,4675.0,4688.2,4573.49
1778223600,2026-05-08 07:00:00+00:00,4687.9,4688.8,4660.1,4671.3,7069.04
1778227200,2026-05-08 08:00:00+00:00,4671.1,4686.8,4669.8,4678.7,3035.24
1778230800,2026-05-08 09:00:00+00:00,4679.3,4686.4,4670.8,4675.5,3820.5099999999998
1778234400,2026-05-08 10:00:00+00:00,4675.3,4691.7,4674.6,4683.3,3006.82
1778238000,2026-05-08 11:00:00+00:00,4684.0,4690.9,4677.1,4681.4,4129.14
1778241600,2026-05-08 12:00:00+00:00,4681.4,4695.5,4663.5,4688.0,12271.869999999999
1778245200,2026-05-08 13:00:00+00:00,4687.3,4712.5,4679.6,4711.7,15609.16
1778248800,2026-05-08 14:00:00+00:00,4711.7,4714.3,4677.0,4679.6,14991.97
1778252400,2026-05-08 15:00:00+00:00,4679.7,4684.7,4665.4,4670.5,12178.7
1778256000,2026-05-08 16:00:00+00:00,4670.3,4683.8,4668.9,4675.8,5303.45
1778259600,2026-05-08 17:00:00+00:00,4675.8,4686.0,4675.6,4684.3,12573.99
1778263200,2026-05-08 18:00:00+00:00,4684.3,4692.5,4683.2,4685.8,3572.69
1778266800,2026-05-08 19:00:00+00:00,4685.4,4690.3,4684.5,4687.3,2315.2599999999998
1778270400,2026-05-08 20:00:00+00:00,4687.7,4687.8,4677.2,4684.6,2478.12
1778450400,2026-05-10 22:00:00+00:00,4650.7,4658.4,4643.9,4654.0,2482.16
1778454000,2026-05-10 23:00:00+00:00,4653.9,4661.4,4651.2,4654.2,2015.71
1778457600,2026-05-11 00:00:00+00:00,4653.8,4656.0,4632.3,4646.4,5863.16
1778461200,2026-05-11 01:00:00+00:00,4645.9,4668.0,4637.4,4648.1,7363.59
1778464800,2026-05-11 02:00:00+00:00,4648.6,4662.9,4638.6,4643.9,5870.91
1778468400,2026-05-11 03:00:00+00:00,4643.5,4652.2,4637.0,4640.9,3213.37
1778472000,2026-05-11 04:00:00+00:00,4640.3,4641.6,4629.8,4633.7,3084.87
1778475600,2026-05-11 05:00:00+00:00,4633.7,4642.7,4609.0,4613.5,7244.9
1778479200,2026-05-11 06:00:00+00:00,4613.4,4642.6,4610.5,4640.6,6433.26
1778482800,2026-05-11 07:00:00+00:00,4640.8,4642.5,4626.7,4630.3,3892.19
1778486400,2026-05-11 08:00:00+00:00,4630.2,4641.4,4626.7,4629.8,4158.81
1778490000,2026-05-11 09:00:00+00:00,4629.5,4632.3,4612.6,4619.2,7642.5199999999995
1778493600,2026-05-11 10:00:00+00:00,4618.9,4629.8,4618.4,4626.1,3472.22
1778497200,2026-05-11 11:00:00+00:00,4626.5,4639.9,4626.5,4637.2,4398.72
1778500800,2026-05-11 12:00:00+00:00,4629.8,4664.1,4629.8,4662.6,12893.94
1778504400,2026-05-11 13:00:00+00:00,4662.8,4712.3,4661.2,4699.6,24108.88
1778508000,2026-05-11 14:00:00+00:00,4699.6,4702.4,4678.5,4689.3,15285.41
1778511600,2026-05-11 15:00:00+00:00,4689.2,4702.0,4686.1,4695.7,6424.54
1778515200,2026-05-11 16:00:00+00:00,4695.9,4697.1,4670.7,4680.0,8468.54
1778518800,2026-05-11 17:00:00+00:00,4679.9,4688.1,4679.3,4686.9,11240.52
1778522400,2026-05-11 18:00:00+00:00,4687.0,4692.7,4684.0,4687.7,3001.09
1778526000,2026-05-11 19:00:00+00:00,4688.1,4700.4,4685.7,4697.4,5492.87
1778529600,2026-05-11 20:00:00+00:00,4697.6,4702.4,4693.4,4699.5,1955.53
1778536800,2026-05-11 22:00:00+00:00,4699.2,4720.7,4699.1,4714.6,3442.18
1778540400,2026-05-11 23:00:00+00:00,4714.4,4734.2,4709.1,4731.1,6269.68
1778544000,2026-05-12 00:00:00+00:00,4730.6,4737.3,4711.7,4713.2,5723.76
1778547600,2026-05-12 01:00:00+00:00,4712.8,4719.5,4683.7,4690.5,6291.59
1778551200,2026-05-12 02:00:00+00:00,4690.2,4697.3,4685.0,4693.7,3523.34
1778554800,2026-05-12 03:00:00+00:00,4693.4,4696.3,4680.7,4682.9,3016.7599999999998
1778558400,2026-05-12 04:00:00+00:00,4683.0,4693.5,4674.0,4677.0,2952.45
1778562000,2026-05-12 05:00:00+00:00,4676.4,4684.9,4671.4,4677.1,4536.47
1778565600,2026-05-12 06:00:00+00:00,4676.5,4676.5,4655.5,4659.3,7691.41
1778569200,2026-05-12 07:00:00+00:00,4658.9,4665.6,4646.3,4661.7,5936.78
1778572800,2026-05-12 08:00:00+00:00,4661.4,4668.7,4658.5,4664.8,3043.41
1778576400,2026-05-12 09:00:00+00:00,4664.6,4667.2,4656.1,4661.5,4274.26
1778580000,2026-05-12 10:00:00+00:00,4661.9,4670.6,4646.7,4655.8,5474.57
1778583600,2026-05-12 11:00:00+00:00,4656.3,4671.1,4648.6,4668.5,4513.53
1778587200,2026-05-12 12:00:00+00:00,4668.4,4673.7,4651.3,4667.7,10610.65
1778590800,2026-05-12 13:00:00+00:00,4667.5,4671.0,4638.4,4640.9,15203.07
1778594400,2026-05-12 14:00:00+00:00,4640.4,4656.9,4629.9,4633.9,12231.16
1778598000,2026-05-12 15:00:00+00:00,4633.9,4637.5,4599.1,4627.0,22031.29
1778601600,2026-05-12 16:00:00+00:00,4627.4,4636.3,4625.2,4632.0,5638.5
1778605200,2026-05-12 17:00:00+00:00,4632.3,4643.7,4632.3,4639.6,12685.06
1778608800,2026-05-12 18:00:00+00:00,4639.6,4659.4,4636.9,4656.9,5856.78
1778612400,2026-05-12 19:00:00+00:00,4658.0,4677.2,4657.5,4677.1,4811.7300000000005
1778616000,2026-05-12 20:00:00+00:00,4676.7,4680.6,4673.3,4676.5,2059.31
1778623200,2026-05-12 22:00:00+00:00,4676.2,4684.1,4674.2,4678.5,3544.23
1778626800,2026-05-12 23:00:00+00:00,4678.4,4685.5,4676.9,4678.6,3340.81
1778630400,2026-05-13 00:00:00+00:00,4678.4,4688.7,4674.9,4676.9,3279.97
1778634000,2026-05-13 01:00:00+00:00,4676.5,4679.0,4663.1,4664.8,5385.32
1778637600,2026-05-13 02:00:00+00:00,4664.4,4669.6,4649.9,4654.5,4570.74
1778641200,2026-05-13 03:00:00+00:00,4654.4,4668.2,4651.0,4656.9,3517.69
1778644800,2026-05-13 04:00:00+00:00,4658.4,4665.3,4657.3,4661.8,1545.02
1778648400,2026-05-13 05:00:00+00:00,4661.4,4669.6,4655.2,4665.3,2912.41
1778652000,2026-05-13 06:00:00+00:00,4665.7,4677.0,4660.8,4663.7,5111.38
1778655600,2026-05-13 07:00:00+00:00,4663.7,4670.5,4658.7,4664.3,5095.8
1778659200,2026-05-13 08:00:00+00:00,4664.2,4665.9,4655.7,4661.6,4073.7
1778662800,2026-05-13 09:00:00+00:00,4661.7,4663.1,4646.2,4662.9,6848.76
1778666400,2026-05-13 10:00:00+00:00,4662.3,4672.1,4654.9,4655.5,3567.26
1778670000,2026-05-13 11:00:00+00:00,4655.7,4667.8,4652.5,4659.1,3623.71
1778673600,2026-05-13 12:00:00+00:00,4658.8,4663.3,4635.9,4644.6,11615.72
1778677200,2026-05-13 13:00:00+00:00,4644.5,4655.9,4629.9,4640.1,12776.05
1778680800,2026-05-13 14:00:00+00:00,4640.1,4652.2,4633.7,4640.7,11913.92
1778684400,2026-05-13 15:00:00+00:00,4641.0,4661.9,4639.9,4657.2,7029.36
1778688000,2026-05-13 16:00:00+00:00,4656.9,4671.8,4656.7,4657.4,9566.95
1778691600,2026-05-13 17:00:00+00:00,4657.6,4663.1,4646.5,4647.3,13435.83
1778695200,2026-05-13 18:00:00+00:00,4647.7,4655.9,4639.4,4646.8,4616.1
1778698800,2026-05-13 19:00:00+00:00,4646.5,4652.5,4645.2,4650.0,2480.94
1778702400,2026-05-13 20:00:00+00:00,4649.9,4655.3,4647.6,4651.0,1223.63
1778709600,2026-05-13 22:00:00+00:00,4649.4,4661.2,4649.4,4660.3,3394.75
1778713200,2026-05-13 23:00:00+00:00,4660.1,4662.9,4653.6,4657.4,950.49
1778716800,2026-05-14 00:00:00+00:00,4657.0,4667.6,4650.1,4665.9,2427.47
1778720400,2026-05-14 01:00:00+00:00,4666.1,4667.9,4644.1,4648.9,4447.8
1778724000,2026-05-14 02:00:00+00:00,4649.4,4660.4,4639.9,4646.6,2828.13
1778727600,2026-05-14 03:00:00+00:00,4646.7,4653.3,4633.2,4634.7,3326.43
1778731200,2026-05-14 04:00:00+00:00,4634.7,4673.6,4627.1,4663.1,6667.55
1778734800,2026-05-14 05:00:00+00:00,4663.4,4665.1,4649.9,4650.2,2950.91
1778738400,2026-05-14 06:00:00+00:00,4650.1,4663.2,4646.6,4661.1,3725.76
1778742000,2026-05-14 07:00:00+00:00,4660.6,4679.7,4651.6,4654.0,6513.77
1778745600,2026-05-14 08:00:00+00:00,4653.4,4667.5,4652.8,4654.2,3896.66
1778749200,2026-05-14 09:00:00+00:00,4653.7,4663.2,4648.5,4660.0,3166.3
1778752800,2026-05-14 10:00:00+00:00,4659.9,4665.8,4651.9,4658.0,2963.86
1778756400,2026-05-14 11:00:00+00:00,4657.4,4665.5,4649.8,4654.3,3581.29
1778760000,2026-05-14 12:00:00+00:00,4654.1,4670.8,4652.3,4665.7,8436.31
1778763600,2026-05-14 13:00:00+00:00,4666.1,4669.1,4625.2,4639.1,15379.45
1778767200,2026-05-14 14:00:00+00:00,4636.9,4661.2,4636.9,4639.6,10894.26
1778770800,2026-05-14 15:00:00+00:00,4639.5,4649.7,4636.9,4645.8,5157.46
1778774400,2026-05-14 16:00:00+00:00,4646.0,4647.4,4630.0,4638.7,5821.96
1778778000,2026-05-14 17:00:00+00:00,4638.3,4643.5,4636.6,4638.1,6459.46
1778781600,2026-05-14 18:00:00+00:00,4638.4,4638.4,4626.4,4631.2,4456.55
1778785200,2026-05-14 19:00:00+00:00,4631.3,4631.3,4611.9,4613.4,6571.38
1778788800,2026-05-14 20:00:00+00:00,4616.9,4616.9,4603.2,4609.3,3287.78
1778796000,2026-05-14 22:00:00+00:00,4608.4,4620.9,4604.9,4620.6,3498.19
1778799600,2026-05-14 23:00:00+00:00,4620.3,4624.0,4604.9,4610.6,3365.96
1778803200,2026-05-15 00:00:00+00:00,4616.7,4616.7,4572.2,4589.0,10109.18
1778806800,2026-05-15 01:00:00+00:00,4588.9,4590.6,4564.9,4571.8,8557.51
1778810400,2026-05-15 02:00:00+00:00,4571.8,4581.3,4567.4,4575.8,3986.52
1778814000,2026-05-15 03:00:00+00:00,4575.5,4580.4,4565.2,4573.7,3987.54
1778817600,2026-05-15 04:00:00+00:00,4573.2,4579.8,4562.1,4563.9,3211.8
1778821200,2026-05-15 05:00:00+00:00,4563.9,4564.5,4514.0,4516.8,14065.17
1778824800,2026-05-15 06:00:00+00:00,4516.3,4539.3,4514.4,4528.4,10189.87
1778828400,2026-05-15 07:00:00+00:00,4527.8,4547.7,4523.7,4529.6,9472.0
1778832000,2026-05-15 08:00:00+00:00,4529.5,4530.8,4507.1,4512.8,9966.0
1778835600,2026-05-15 09:00:00+00:00,4522.1,4522.1,4489.3,4503.7,10469.210000000001
1778839200,2026-05-15 10:00:00+00:00,4501.9,4530.9,4501.9,4524.1,9470.04
1778842800,2026-05-15 11:00:00+00:00,4524.4,4528.7,4507.9,4509.8,5747.71
1778846400,2026-05-15 12:00:00+00:00,4509.9,4516.6,4500.2,4504.1,10085.5
1778850000,2026-05-15 13:00:00+00:00,4504.0,4515.8,4467.7,4491.2,21581.32
1778853600,2026-05-15 14:00:00+00:00,4490.8,4524.8,4483.2,4520.7,15931.13
1778857200,2026-05-15 15:00:00+00:00,4521.9,4521.9,4491.9,4497.7,9024.84
1778860800,2026-05-15 16:00:00+00:00,4497.7,4506.3,4487.1,4502.6,6393.85
1778864400,2026-05-15 17:00:00+00:00,4502.4,4522.6,4501.1,4517.9,8493.21
1778868000,2026-05-15 18:00:00+00:00,4518.2,4521.2,4510.4,4517.3,3272.44
1778871600,2026-05-15 19:00:00+00:00,4517.8,4518.1,4502.8,4503.7,4223.37
1778875200,2026-05-15 20:00:00+00:00,4504.1,4515.8,4490.9,4515.8,2342.26
1779055200,2026-05-17 22:00:00+00:00,4511.3,4512.5,4495.3,4503.6,2479.38
1779058800,2026-05-17 23:00:00+00:00,4504.1,4505.3,4489.0,4494.8,2190.37
1779062400,2026-05-18 00:00:00+00:00,4494.9,4499.9,4437.4,4472.4,11796.71
1779066000,2026-05-18 01:00:00+00:00,4472.0,4492.5,4446.0,4481.8,10197.01
1779069600,2026-05-18 02:00:00+00:00,4481.8,4499.8,4478.8,4490.3,5016.76
1779073200,2026-05-18 03:00:00+00:00,4490.9,4505.3,4481.9,4500.7,5048.99
1779076800,2026-05-18 04:00:00+00:00,4499.1,4507.7,4487.3,4498.1,6057.46
1779080400,2026-05-18 05:00:00+00:00,4498.7,4509.9,4487.5,4488.5,6182.18
1779084000,2026-05-18 06:00:00+00:00,4488.2,4505.7,4487.0,4504.4,8121.44
1779087600,2026-05-18 07:00:00+00:00,4504.9,4517.9,4495.5,4503.9,6648.83
1779091200,2026-05-18 08:00:00+00:00,4503.9,4514.8,4499.9,4507.7,4700.6
1779094800,2026-05-18 09:00:00+00:00,4507.8,4509.6,4497.7,4500.9,4266.11
1779098400,2026-05-18 10:00:00+00:00,4500.3,4505.3,4489.5,4497.3,4545.51
1779102000,2026-05-18 11:00:00+00:00,4497.4,4525.8,4487.4,4508.1,11376.17
1779105600,2026-05-18 12:00:00+00:00,4508.3,4533.3,4502.7,4529.1,10852.96
1779109200,2026-05-18 13:00:00+00:00,4529.3,4542.5,4519.3,4533.8,15138.11
1779112800,2026-05-18 14:00:00+00:00,4533.8,4533.8,4496.0,4504.7,17566.3
1779116400,2026-05-18 15:00:00+00:00,4504.9,4506.3,4490.1,4501.6,9094.35
1779120000,2026-05-18 16:00:00+00:00,4502.5,4512.6,4491.5,4508.3,12257.45
1779123600,2026-05-18 17:00:00+00:00,4508.2,4516.4,4503.7,4505.3,6507.24
1779127200,2026-05-18 18:00:00+00:00,4505.2,4506.3,4492.2,4493.7,4231.6
1779130800,2026-05-18 19:00:00+00:00,4493.8,4523.4,4493.0,4516.8,7704.55
1779134400,2026-05-18 20:00:00+00:00,4517.2,4525.5,4516.3,4524.7,1568.19
1779141600,2026-05-18 22:00:00+00:00,4524.5,4536.2,4524.5,4532.1,3421.73
1779145200,2026-05-18 23:00:00+00:00,4532.1,4547.1,4531.8,4539.4,2456.52
1779148800,2026-05-19 00:00:00+00:00,4539.3,4547.0,4518.6,4520.2,4373.79
1779152400,2026-05-19 01:00:00+00:00,4519.5,4529.3,4511.5,4520.9,4246.29
1779156000,2026-05-19 02:00:00+00:00,4520.6,4520.6,4502.5,4504.2,4659.13
1779159600,2026-05-19 03:00:00+00:00,4503.8,4512.0,4499.1,4502.8,4025.65
1779163200,2026-05-19 04:00:00+00:00,4502.7,4502.7,4494.8,4499.3,2383.69
1779166800,2026-05-19 05:00:00+00:00,4499.5,4503.8,4487.8,4497.7,5559.09
1779170400,2026-05-19 06:00:00+00:00,4490.4,4511.0,4490.4,4505.2,6169.75
1779174000,2026-05-19 07:00:00+00:00,4504.3,4516.6,4498.6,4514.6,5770.95
1779177600,2026-05-19 08:00:00+00:00,4514.6,4516.4,4493.0,4500.3,6265.57
1779181200,2026-05-19 09:00:00+00:00,4499.7,4503.9,4492.7,4498.9,4208.27
1779184800,2026-05-19 10:00:00+00:00,4498.4,4501.9,4482.5,4501.8,5273.13
1779188400,2026-05-19 11:00:00+00:00,4501.6,4505.4,4487.0,4487.9,4137.88
1779192000,2026-05-19 12:00:00+00:00,4487.7,4504.8,4484.2,4495.5,7358.06
1779195600,2026-05-19 13:00:00+00:00,4494.9,4494.9,4421.0,4460.6,41305.37
1779199200,2026-05-19 14:00:00+00:00,4460.5,4470.9,4440.9,4450.8,18807.1
1779202800,2026-05-19 15:00:00+00:00,4451.8,4466.8,4446.7,4465.6,8781.8
1779206400,2026-05-19 16:00:00+00:00,4465.9,4469.9,4453.4,4465.1,5454.93
1779210000,2026-05-19 17:00:00+00:00,4464.9,4468.5,4456.5,4458.5,5732.19
1779213600,2026-05-19 18:00:00+00:00,4458.4,4461.4,4447.0,4450.7,2780.93
1779217200,2026-05-19 19:00:00+00:00,4450.3,4454.6,4438.7,4440.9,4027.94
1779220800,2026-05-19 20:00:00+00:00,4440.8,4445.8,4438.2,4439.3,1706.29
1779228000,2026-05-19 22:00:00+00:00,4440.5,4442.7,4433.9,4441.5,3502.0
1779231600,2026-05-19 23:00:00+00:00,4440.4,4453.4,4436.8,4445.7,2900.13
1779235200,2026-05-20 00:00:00+00:00,4446.1,4465.9,4436.1,4457.8,4100.26
1779238800,2026-05-20 01:00:00+00:00,4457.7,4463.2,4411.9,4438.2,8305.98
1779242400,2026-05-20 02:00:00+00:00,4437.9,4443.5,4414.5,4421.1,5307.87
1779246000,2026-05-20 03:00:00+00:00,4421.3,4423.1,4408.9,4421.0,4365.88
1779249600,2026-05-20 04:00:00+00:00,4419.7,4426.4,4412.5,4418.1,2699.58
1779253200,2026-05-20 05:00:00+00:00,4417.9,4435.7,4417.7,4429.1,4002.67
1779256800,2026-05-20 06:00:00+00:00,4428.7,4435.0,4417.5,4430.6,5511.37
1779260400,2026-05-20 07:00:00+00:00,4430.3,4442.6,4428.4,4434.8,6537.3
1779264000,2026-05-20 08:00:00+00:00,4435.0,4446.7,4433.0,4440.4,6012.57
1779267600,2026-05-20 09:00:00+00:00,4440.1,4448.1,4429.0,4441.4,9233.04
1779271200,2026-05-20 10:00:00+00:00,4441.4,4453.7,4441.2,4451.0,5925.64
1779274800,2026-05-20 11:00:00+00:00,4451.4,4457.6,4447.0,4455.1,6088.29
1779278400,2026-05-20 12:00:00+00:00,4454.9,4462.0,4449.2,4452.9,11464.539999999999
1779282000,2026-05-20 13:00:00+00:00,4452.9,4462.9,4438.5,4439.6,13191.55
1779285600,2026-05-20 14:00:00+00:00,4439.4,4494.4,4423.0,4488.3,30283.21
1779289200,2026-05-20 15:00:00+00:00,4488.7,4512.3,4480.4,4486.0,16879.24
1779292800,2026-05-20 16:00:00+00:00,4486.0,4492.7,4481.0,4491.4,7967.11
1779296400,2026-05-20 17:00:00+00:00,4491.6,4495.9,4486.9,4489.0,7302.94
1779300000,2026-05-20 18:00:00+00:00,4488.5,4502.4,4486.2,4499.5,4160.01
1779303600,2026-05-20 19:00:00+00:00,4499.7,4507.7,4498.8,4502.0,4049.93
1779307200,2026-05-20 20:00:00+00:00,4502.3,4507.1,4498.4,4500.1,2607.28
1779314400,2026-05-20 22:00:00+00:00,4503.8,4503.8,4489.9,4495.1,3435.13
1779318000,2026-05-20 23:00:00+00:00,4494.8,4502.5,4489.5,4501.9,1550.68
1779321600,2026-05-21 00:00:00+00:00,4502.2,4508.5,4492.6,4500.9,2557.51
1779325200,2026-05-21 01:00:00+00:00,4501.9,4526.3,4495.3,4516.8,6982.9
1779328800,2026-05-21 02:00:00+00:00,4516.5,4520.7,4487.1,4489.2,4291.78
1779332400,2026-05-21 03:00:00+00:00,4488.5,4495.6,4482.2,4483.8,2586.75
1779336000,2026-05-21 04:00:00+00:00,4483.3,4495.5,4482.3,4493.9,1919.86
1779339600,2026-05-21 05:00:00+00:00,4493.7,4495.5,4472.9,4482.8,3776.95
1779343200,2026-05-21 06:00:00+00:00,4481.9,4495.1,4473.9,4477.0,5453.4
1779346800,2026-05-21 07:00:00+00:00,4476.8,4479.7,4467.1,4474.7,5568.4
1779350400,2026-05-21 08:00:00+00:00,4474.8,4492.1,4473.1,4488.2,5950.47
1779354000,2026-05-21 09:00:00+00:00,4487.6,4498.1,4482.7,4485.6,4946.12
1779357600,2026-05-21 10:00:00+00:00,4485.5,4491.5,4459.6,4465.8,8387.5
1779361200,2026-05-21 11:00:00+00:00,4466.2,4476.4,4462.7,4468.9,3504.4
1779364800,2026-05-21 12:00:00+00:00,4469.1,4474.1,4455.3,4458.9,12978.35
1779368400,2026-05-21 13:00:00+00:00,4459.0,4476.2,4442.2,4467.6,16758.91
1779372000,2026-05-21 14:00:00+00:00,4468.0,4470.6,4453.1,4463.9,25624.21
1779375600,2026-05-21 15:00:00+00:00,4451.9,4470.9,4451.9,4466.9,16264.54
1779379200,2026-05-21 16:00:00+00:00,4467.1,4476.3,4467.0,4474.6,8473.19
1779382800,2026-05-21 17:00:00+00:00,4468.9,4515.1,4468.9,4507.0,18410.21
1779386400,2026-05-21 18:00:00+00:00,4506.9,4511.7,4482.5,4487.6,6324.6
1779390000,2026-05-21 19:00:00+00:00,4487.3,4498.9,4485.2,4498.0,3626.2
1779393600,2026-05-21 20:00:00+00:00,4497.8,4499.8,4494.7,4498.1,2935.6
1779400800,2026-05-21 22:00:00+00:00,4498.1,4500.9,4494.3,4498.0,3439.05
1779404400,2026-05-21 23:00:00+00:00,4498.3,4499.7,4486.6,4489.9,1080.92
1779408000,2026-05-22 00:00:00+00:00,4490.1,4495.8,4480.4,4482.3,2050.65
1779411600,2026-05-22 01:00:00+00:00,4481.5,4491.2,4475.6,4480.6,2979.16
1779415200,2026-05-22 02:00:00+00:00,4480.8,4484.3,4473.3,4477.7,2171.88
1779418800,2026-05-22 03:00:00+00:00,4477.8,4484.4,4473.6,4483.8,2184.41
1779422400,2026-05-22 04:00:00+00:00,4484.5,4487.7,4480.5,4482.0,1329.06
1779426000,2026-05-22 05:00:00+00:00,4482.3,4489.3,4462.1,4466.3,3454.66
1779429600,2026-05-22 06:00:00+00:00,4465.8,4483.5,4465.0,4481.6,4928.56
1779433200,2026-05-22 07:00:00+00:00,4481.1,4482.1,4470.6,4476.6,4210.13
1779436800,2026-05-22 08:00:00+00:00,4470.8,4485.8,4470.8,4476.8,5362.05
1779440400,2026-05-22 09:00:00+00:00,4476.3,4490.6,4468.9,4486.8,6085.25
1779444000,2026-05-22 10:00:00+00:00,4486.8,4491.5,4465.3,4469.4,6507.55
1779447600,2026-05-22 11:00:00+00:00,4469.6,4479.7,4465.9,4475.4,4069.35
1779451200,2026-05-22 12:00:00+00:00,4475.0,4491.3,4469.6,4483.4,11979.15
1779454800,2026-05-22 13:00:00+00:00,4483.5,4489.6,4463.9,4468.4,12022.68
1779458400,2026-05-22 14:00:00+00:00,4468.4,4468.9,4441.9,4455.3,17846.98
1779462000,2026-05-22 15:00:00+00:00,4454.9,4477.1,4454.9,4474.9,9341.63
1779465600,2026-05-22 16:00:00+00:00,4475.2,4482.3,4466.7,4470.2,6583.59
1779469200,2026-05-22 17:00:00+00:00,4470.4,4483.8,4468.4,4474.1,8485.93
1779472800,2026-05-22 18:00:00+00:00,4474.4,4476.6,4467.4,4470.9,4020.76
1779476400,2026-05-22 19:00:00+00:00,4470.8,4471.6,4459.5,4463.9,4327.42
1779480000,2026-05-22 20:00:00+00:00,4464.0,4477.1,4459.3,4477.1,1913.48
1779768000,2026-05-26 04:00:00+00:00,4496.6,4497.5,4477.8,4480.0,5265.76
1779771600,2026-05-26 05:00:00+00:00,4479.7,4489.5,4477.3,4481.7,3575.33
1779775200,2026-05-26 06:00:00+00:00,4481.8,4490.6,4481.3,4485.7,6288.9800000000005
1779778800,2026-05-26 07:00:00+00:00,4485.8,4493.8,4475.7,4492.5,6594.14
1779782400,2026-05-26 08:00:00+00:00,4492.9,4493.5,4474.1,4478.6,9603.63
1779786000,2026-05-26 09:00:00+00:00,4478.2,4481.1,4466.2,4477.0,9672.99
1779789600,2026-05-26 10:00:00+00:00,4473.4,4494.8,4473.4,4488.8,11061.84
1779793200,2026-05-26 11:00:00+00:00,4489.0,4490.9,4456.9,4461.4,17145.03
1779796800,2026-05-26 12:00:00+00:00,4461.0,4478.2,4454.1,4474.6,19259.15
1779800400,2026-05-26 13:00:00+00:00,4474.5,4486.2,4466.5,4468.5,23356.84
1779804000,2026-05-26 14:00:00+00:00,4469.0,4479.5,4462.2,4469.5,19411.670000000002
1779807600,2026-05-26 15:00:00+00:00,4469.5,4469.7,4456.4,4460.6,15561.61
1779811200,2026-05-26 16:00:00+00:00,4460.4,4465.9,4453.2,4459.1,8663.76
1779814800,2026-05-26 17:00:00+00:00,4458.8,4462.8,4441.3,4443.9,24437.15
1779818400,2026-05-26 18:00:00+00:00,4443.9,4453.1,4433.9,4452.6,8013.71
1779822000,2026-05-26 19:00:00+00:00,4452.9,4463.7,4451.1,4462.6,5500.81
1779825600,2026-05-26 20:00:00+00:00,4462.9,4465.7,4458.2,4461.2,3462.5299999999997
1779832800,2026-05-26 22:00:00+00:00,4461.3,4466.6,4452.8,4464.8,1396.69
1779836400,2026-05-26 23:00:00+00:00,4466.2,4482.0,4458.6,4473.5,1560.95
1779840000,2026-05-27 00:00:00+00:00,4471.3,4479.7,4467.5,4468.5,841.39
1779843600,2026-05-27 01:00:00+00:00,4470.7,4474.2,4460.1,4461.4,1026.83
1779847200,2026-05-27 02:00:00+00:00,4462.5,4462.5,4451.7,4459.1,805.19
1779850800,2026-05-27 03:00:00+00:00,4459.2,4464.3,4450.1,4450.2,475.79
1779854400,2026-05-27 04:00:00+00:00,4449.9,4470.1,4448.7,4463.2,999.8
1779858000,2026-05-27 05:00:00+00:00,4462.7,4466.7,4444.4,4450.4,2042.31
1779861600,2026-05-27 06:00:00+00:00,4450.3,4451.7,4432.4,4438.4,3327.13
1779865200,2026-05-27 07:00:00+00:00,4439.2,4474.5,4433.4,4467.1,28062.64
1779868800,2026-05-27 08:00:00+00:00,4467.0,4483.4,4466.1,4482.6,7525.27
1779872400,2026-05-27 09:00:00+00:00,4482.4,4482.6,4471.8,4475.7,8345.64
1779876000,2026-05-27 10:00:00+00:00,4475.5,4476.2,4426.6,4430.1,23175.94
1779879600,2026-05-27 11:00:00+00:00,4437.8,4437.8,4408.2,4412.2,18977.97
1779883200,2026-05-27 12:00:00+00:00,4412.4,4450.4,4411.2,4423.3,27134.62
1779886800,2026-05-27 13:00:00+00:00,4423.1,4423.6,4384.9,4412.1,38826.46
1779890400,2026-05-27 14:00:00+00:00,4410.9,4441.1,4410.9,4419.5,23430.25
1779894000,2026-05-27 15:00:00+00:00,4419.3,4426.9,4413.4,4421.9,13873.62
1779897600,2026-05-27 16:00:00+00:00,4419.5,4439.3,4419.5,4436.3,10710.35
1779901200,2026-05-27 17:00:00+00:00,4436.3,4439.8,4426.6,4435.8,11495.39
1779904800,2026-05-27 18:00:00+00:00,4435.5,4443.9,4432.9,4439.8,3399.83
1779908400,2026-05-27 19:00:00+00:00,4439.9,4440.6,4434.6,4436.9,4382.26
1779912000,2026-05-27 20:00:00+00:00,4435.7,4444.5,4435.7,4442.4,1860.63
1779919200,2026-05-27 22:00:00+00:00,4441.9,4455.9,4439.4,4441.9,3476.37
1779922800,2026-05-27 23:00:00+00:00,4441.6,4442.1,4427.1,4431.6,2128.38
1779926400,2026-05-28 00:00:00+00:00,4431.3,4442.7,4427.9,4441.5,2101.27
1779930000,2026-05-28 01:00:00+00:00,4441.8,4443.4,4391.2,4394.3,7879.13
1779933600,2026-05-28 02:00:00+00:00,4395.5,4397.1,4376.9,4378.3,7632.98
1779937200,2026-05-28 03:00:00+00:00,4378.1,4382.3,4351.9,4359.2,7133.44
1779940800,2026-05-28 04:00:00+00:00,4358.1,4365.7,4349.5,4356.1,3904.01
1779944400,2026-05-28 05:00:00+00:00,4356.6,4379.4,4350.0,4371.0,6143.0
1779948000,2026-05-28 06:00:00+00:00,4371.1,4373.8,4357.7,4367.2,5492.51
1779951600,2026-05-28 07:00:00+00:00,4367.5,4379.9,4366.3,4371.1,6439.49
1779955200,2026-05-28 08:00:00+00:00,4371.4,4378.7,4369.5,4370.7,4356.19
1779958800,2026-05-28 09:00:00+00:00,4370.2,4382.9,4370.0,4377.9,4842.54
1779962400,2026-05-28 10:00:00+00:00,4378.0,4388.2,4359.4,4367.5,6953.55
1779966000,2026-05-28 11:00:00+00:00,4366.9,4374.9,4364.8,4372.1,4268.07
1779969600,2026-05-28 12:00:00+00:00,4363.7,4417.9,4363.7,4415.8,13584.96
1779973200,2026-05-28 13:00:00+00:00,4416.2,4423.3,4401.9,4414.5,14765.35
1779976800,2026-05-28 14:00:00+00:00,4414.0,4465.3,4404.5,4454.2,29745.57
1779980400,2026-05-28 15:00:00+00:00,4454.6,4469.8,4453.3,4466.4,8946.12
1779984000,2026-05-28 16:00:00+00:00,4461.4,4495.9,4461.4,4495.7,12547.23
1779987600,2026-05-28 17:00:00+00:00,4495.8,4499.3,4485.4,4493.1,8843.4
1779991200,2026-05-28 18:00:00+00:00,4493.1,4501.0,4483.2,4486.4,5623.46
1779994800,2026-05-28 19:00:00+00:00,4486.1,4488.5,4481.9,4482.6,4036.73
1779998400,2026-05-28 20:00:00+00:00,4482.6,4485.6,4479.5,4481.2,2078.82
1780005600,2026-05-28 22:00:00+00:00,4481.5,4484.2,4475.5,4475.6,3457.8
1780009200,2026-05-28 23:00:00+00:00,4476.4,4481.8,4473.4,4479.5,1417.89
1780012800,2026-05-29 00:00:00+00:00,4479.4,4485.4,4476.4,4479.2,2399.0
1780016400,2026-05-29 01:00:00+00:00,4479.9,4505.1,4476.6,4490.8,5798.69
1780020000,2026-05-29 02:00:00+00:00,4490.5,4495.3,4482.3,4485.6,2696.86
1780023600,2026-05-29 03:00:00+00:00,4485.9,4486.1,4479.1,4484.8,2352.47
1780027200,2026-05-29 04:00:00+00:00,4485.3,4499.3,4485.3,4498.6,2850.33
1780030800,2026-05-29 05:00:00+00:00,4498.5,4500.9,4486.9,4499.7,4112.95
1780034400,2026-05-29 06:00:00+00:00,4500.0,4508.8,4494.6,4508.3,5775.85
1780038000,2026-05-29 07:00:00+00:00,4508.1,4511.1,4495.2,4509.4,6945.48
1780041600,2026-05-29 08:00:00+00:00,4508.9,4509.4,4493.9,4498.6,4514.96
1780045200,2026-05-29 09:00:00+00:00,4499.1,4525.1,4497.3,4515.9,8617.18
1780048800,2026-05-29 10:00:00+00:00,4515.9,4528.3,4510.3,4523.5,4186.41
1780052400,2026-05-29 11:00:00+00:00,4523.3,4525.6,4510.6,4523.0,4636.06
1780056000,2026-05-29 12:00:00+00:00,4523.1,4523.2,4497.3,4507.9,7380.04
1780059600,2026-05-29 13:00:00+00:00,4507.5,4524.9,4501.4,4521.2,9532.18
1780063200,2026-05-29 14:00:00+00:00,4520.9,4558.0,4510.0,4549.1,20986.18
1780066800,2026-05-29 15:00:00+00:00,4550.0,4581.0,4546.2,4556.0,24916.04
1780070400,2026-05-29 16:00:00+00:00,4556.0,4558.4,4544.4,4551.6,7343.17
1780074000,2026-05-29 17:00:00+00:00,4551.7,4553.2,4536.3,4538.3,6666.57
1780077600,2026-05-29 18:00:00+00:00,4538.1,4546.6,4535.5,4538.1,3252.18
1780081200,2026-05-29 19:00:00+00:00,4538.2,4545.3,4528.0,4530.7,4722.93
1780084800,2026-05-29 20:00:00+00:00,4530.8,4546.9,4521.2,4546.9,2095.57
1780264800,2026-05-31 22:00:00+00:00,4509.2,4525.0,4508.0,4519.8,1571.79
1780268400,2026-05-31 23:00:00+00:00,4520.1,4530.3,4519.8,4524.6,2254.6
1780272000,2026-06-01 00:00:00+00:00,4524.4,4531.2,4519.4,4525.3,2798.33
1780275600,2026-06-01 01:00:00+00:00,4525.1,4526.0,4508.3,4510.1,4092.2599999999998
1780279200,2026-06-01 02:00:00+00:00,4510.0,4519.6,4505.3,4505.9,2350.78
1780282800,2026-06-01 03:00:00+00:00,4505.6,4510.2,4494.2,4499.9,3290.48
1780286400,2026-06-01 04:00:00+00:00,4500.8,4504.0,4491.5,4498.6,2113.5099999999998
1780290000,2026-06-01 05:00:00+00:00,4498.7,4509.3,4496.6,4502.1,2434.73
1780293600,2026-06-01 06:00:00+00:00,4502.0,4502.5,4483.0,4485.6,5088.05
1780297200,2026-06-01 07:00:00+00:00,4485.5,4494.1,4476.0,4486.6,5084.17
1780300800,2026-06-01 08:00:00+00:00,4488.4,4488.4,4473.5,4481.3,4682.04
1780304400,2026-06-01 09:00:00+00:00,4481.5,4490.1,4472.5,4479.5,5628.81
1780308000,2026-06-01 10:00:00+00:00,4479.8,4494.8,4479.8,4488.0,3358.75
1780311600,2026-06-01 11:00:00+00:00,4488.1,4496.7,4483.6,4489.9,3706.66
1780315200,2026-06-01 12:00:00+00:00,4489.7,4494.3,4481.5,4485.9,6133.34
1780318800,2026-06-01 13:00:00+00:00,4486.2,4487.7,4430.1,4434.0,24106.34
1780322400,2026-06-01 14:00:00+00:00,4433.0,4448.8,4429.9,4442.4,14088.33
1780326000,2026-06-01 15:00:00+00:00,4442.9,4464.4,4438.9,4458.0,11091.33
1780329600,2026-06-01 16:00:00+00:00,4458.6,4467.0,4447.0,4464.5,7554.2300000000005
1780333200,2026-06-01 17:00:00+00:00,4464.8,4479.5,4455.3,4471.4,10296.41
1780336800,2026-06-01 18:00:00+00:00,4471.3,4474.1,4468.7,4470.7,1871.97
1780340400,2026-06-01 19:00:00+00:00,4470.4,4472.1,4463.0,4465.0,3116.08
1780344000,2026-06-01 20:00:00+00:00,4465.1,4469.6,4464.1,4468.7,1975.28
1780351200,2026-06-01 22:00:00+00:00,4469.7,4471.8,4463.4,4469.2,3534.86
1780354800,2026-06-01 23:00:00+00:00,4469.2,4472.5,4462.1,4468.2,1503.76
1780358400,2026-06-02 00:00:00+00:00,4468.3,4480.7,4460.2,4464.9,3018.13
1780362000,2026-06-02 01:00:00+00:00,4464.6,4475.9,4446.2,4457.5,6080.41
1780365600,2026-06-02 02:00:00+00:00,4457.6,4470.3,4455.9,4470.1,3459.38
1780369200,2026-06-02 03:00:00+00:00,4469.7,4483.9,4469.5,4482.3,3641.6
1780372800,2026-06-02 04:00:00+00:00,4483.2,4502.5,4481.9,4501.6,4600.05
1780376400,2026-06-02 05:00:00+00:00,4501.6,4512.7,4499.6,4500.9,5458.28
1780380000,2026-06-02 06:00:00+00:00,4500.8,4522.7,4500.8,4519.9,7076.98
1780383600,2026-06-02 07:00:00+00:00,4519.7,4525.2,4511.9,4519.1,5708.79
1780387200,2026-06-02 08:00:00+00:00,4519.1,4523.2,4510.0,4510.9,3932.26
1780390800,2026-06-02 09:00:00+00:00,4511.0,4519.8,4504.8,4513.3,6833.86
1780394400,2026-06-02 10:00:00+00:00,4513.6,4517.4,4508.0,4517.0,2656.81
1780398000,2026-06-02 11:00:00+00:00,4516.9,4518.1,4509.1,4511.2,2615.54
1780401600,2026-06-02 12:00:00+00:00,4511.4,4517.7,4496.7,4497.9,8350.95
1780405200,2026-06-02 13:00:00+00:00,4498.2,4508.3,4486.0,4486.0,9539.21
1780408800,2026-06-02 14:00:00+00:00,4485.9,4490.7,4473.3,4487.6,11633.08
1780412400,2026-06-02 15:00:00+00:00,4487.3,4492.1,4483.4,4485.6,6239.99
1780416000,2026-06-02 16:00:00+00:00,4485.6,4486.7,4469.5,4475.2,6516.06
1780419600,2026-06-02 17:00:00+00:00,4475.1,4476.6,4465.2,4467.9,5989.94
1780423200,2026-06-02 18:00:00+00:00,4468.2,4474.1,4461.9,4470.8,3694.13
1780426800,2026-06-02 19:00:00+00:00,4470.9,4474.1,4467.1,4471.6,2157.06
1780430400,2026-06-02 20:00:00+00:00,4471.7,4474.9,4470.0,4473.1,1147.9
1780437600,2026-06-02 22:00:00+00:00,4473.9,4476.6,4466.8,4467.9,3503.59
1780441200,2026-06-02 23:00:00+00:00,4468.1,4471.5,4444.4,4456.8,6095.03
1780444800,2026-06-03 00:00:00+00:00,4456.5,4479.0,4456.5,4468.3,3499.45
1780448400,2026-06-03 01:00:00+00:00,4468.1,4469.9,4445.1,4457.9,6811.84
1780452000,2026-06-03 02:00:00+00:00,4457.9,4467.0,4454.7,4463.7,3383.06
1780455600,2026-06-03 03:00:00+00:00,4464.0,4469.4,4464.0,4465.9,1440.96
1780459200,2026-06-03 04:00:00+00:00,4466.3,4470.0,4450.3,4451.4,2034.79
1780462800,2026-06-03 05:00:00+00:00,4451.1,4456.1,4438.7,4439.7,4588.13
1780466400,2026-06-03 06:00:00+00:00,4439.3,4453.2,4437.6,4445.6,4862.68
1780470000,2026-06-03 07:00:00+00:00,4445.3,4454.4,4435.0,4435.5,5374.83
1780473600,2026-06-03 08:00:00+00:00,4435.7,4441.7,4422.1,4426.2,6806.0
1780477200,2026-06-03 09:00:00+00:00,4426.2,4441.4,4421.1,4425.2,6981.46
1780480800,2026-06-03 10:00:00+00:00,4425.6,4449.9,4423.4,4441.6,5415.99
1780484400,2026-06-03 11:00:00+00:00,4441.7,4450.4,4440.9,4444.5,2696.67
1780488000,2026-06-03 12:00:00+00:00,4444.8,4449.5,4430.2,4442.5,6935.44
1780491600,2026-06-03 13:00:00+00:00,4442.4,4448.4,4407.9,4429.1,14874.6
1780495200,2026-06-03 14:00:00+00:00,4427.8,4442.2,4424.4,4439.2,9089.06
1780498800,2026-06-03 15:00:00+00:00,4439.6,4440.4,4418.7,4423.7,5888.9
1780502400,2026-06-03 16:00:00+00:00,4423.9,4426.0,4415.0,4423.3,5102.69
1780506000,2026-06-03 17:00:00+00:00,4423.8,4430.7,4417.3,4421.1,5356.86
1780509600,2026-06-03 18:00:00+00:00,4421.0,4424.8,4415.9,4424.0,2775.27
1780513200,2026-06-03 19:00:00+00:00,4423.7,4433.9,4423.4,4425.9,4089.7
1780516800,2026-06-03 20:00:00+00:00,4425.8,4427.5,4412.5,4416.6,2786.77
1780524000,2026-06-03 22:00:00+00:00,4416.5,4433.1,4404.0,4429.2,3479.3
1780527600,2026-06-03 23:00:00+00:00,4429.4,4445.1,4425.4,4437.4,2888.63
1780531200,2026-06-04 00:00:00+00:00,4437.9,4445.7,4424.5,4429.5,2434.53
1780534800,2026-06-04 01:00:00+00:00,4428.9,4454.7,4423.9,4446.4,4719.0
1780538400,2026-06-04 02:00:00+00:00,4446.0,4458.1,4436.4,4455.9,3715.4
1780542000,2026-06-04 03:00:00+00:00,4455.6,4458.1,4439.0,4444.5,2739.95
1780545600,2026-06-04 04:00:00+00:00,4444.5,4465.1,4443.0,4462.0,3570.7200000000003
1780549200,2026-06-04 05:00:00+00:00,4462.1,4463.5,4447.4,4449.9,3242.8
1780552800,2026-06-04 06:00:00+00:00,4449.7,4458.2,4443.7,4448.6,3867.72
1780556400,2026-06-04 07:00:00+00:00,4448.9,4451.6,4440.1,4442.4,2968.12
1780560000,2026-06-04 08:00:00+00:00,4442.3,4450.0,4439.3,4444.1,3414.7599999999998
1780563600,2026-06-04 09:00:00+00:00,4443.8,4457.2,4441.6,4452.1,4464.7699999999995
1780567200,2026-06-04 10:00:00+00:00,4451.8,4455.6,4445.8,4455.5,2687.87
1780570800,2026-06-04 11:00:00+00:00,4455.5,4496.3,4450.3,4493.1,11090.04
1780574400,2026-06-04 12:00:00+00:00,4493.0,4495.8,4472.7,4485.5,10778.49
1780578000,2026-06-04 13:00:00+00:00,4485.5,4497.1,4477.2,4477.6,8948.15
1780581600,2026-06-04 14:00:00+00:00,4477.3,4481.9,4437.7,4447.0,17249.2
1780585200,2026-06-04 15:00:00+00:00,4447.1,4460.5,4444.5,4458.8,10562.73
1780588800,2026-06-04 16:00:00+00:00,4458.8,4467.1,4456.7,4464.7,9305.78
1780592400,2026-06-04 17:00:00+00:00,4464.4,4464.4,4455.9,4459.9,5270.11
1780596000,2026-06-04 18:00:00+00:00,4460.0,4462.7,4453.9,4459.8,2580.8
1780599600,2026-06-04 19:00:00+00:00,4460.0,4465.2,4457.8,4462.8,2748.5
1780603200,2026-06-04 20:00:00+00:00,4462.4,4463.2,4456.2,4456.3,1555.91
1780610400,2026-06-04 22:00:00+00:00,4456.9,4462.6,4449.9,4450.8,3420.41
1780614000,2026-06-04 23:00:00+00:00,4450.9,4455.0,4441.6,4442.3,2300.6
1780617600,2026-06-05 00:00:00+00:00,4442.1,4447.8,4431.4,4439.7,3591.97
1780621200,2026-06-05 01:00:00+00:00,4439.7,4450.9,4424.6,4427.2,6554.91
1780624800,2026-06-05 02:00:00+00:00,4427.3,4435.5,4418.4,4421.0,5158.21
1780628400,2026-06-05 03:00:00+00:00,4420.6,4424.0,4415.1,4422.3,2573.09
1780632000,2026-06-05 04:00:00+00:00,4422.6,4426.8,4417.7,4424.9,2212.1
1780635600,2026-06-05 05:00:00+00:00,4424.9,4430.0,4418.8,4419.8,3125.97
1780639200,2026-06-05 06:00:00+00:00,4420.3,4437.1,4408.7,4433.6,6684.52
1780642800,2026-06-05 07:00:00+00:00,4433.8,4448.1,4432.6,4441.6,4466.1
1780646400,2026-06-05 08:00:00+00:00,4441.2,4449.3,4439.4,4443.7,2549.77
1780650000,2026-06-05 09:00:00+00:00,4443.5,4450.5,4439.7,4445.8,5712.2300000000005
1780653600,2026-06-05 10:00:00+00:00,4445.5,4448.9,4442.6,4447.6,2201.84
1780657200,2026-06-05 11:00:00+00:00,4447.1,4456.1,4438.7,4450.9,3699.08
1780660800,2026-06-05 12:00:00+00:00,4451.3,4456.7,4384.0,4386.0,22324.21
1780664400,2026-06-05 13:00:00+00:00,4385.9,4400.5,4343.9,4344.4,30587.53
1780668000,2026-06-05 14:00:00+00:00,4344.3,4358.1,4323.3,4348.5,32534.23
1780671600,2026-06-05 15:00:00+00:00,4348.5,4351.2,4312.7,4314.3,14205.04
1780675200,2026-06-05 16:00:00+00:00,4314.2,4324.2,4301.4,4323.0,13430.98
1780678800,2026-06-05 17:00:00+00:00,4323.2,4325.9,4314.1,4320.1,11551.22
1780682400,2026-06-05 18:00:00+00:00,4320.7,4320.7,4293.7,4300.6,11522.94
1780686000,2026-06-05 19:00:00+00:00,4301.3,4303.4,4292.2,4297.4,7758.43
1780689600,2026-06-05 20:00:00+00:00,4297.6,4319.2,4290.5,4319.2,4846.71
1780869600,2026-06-07 22:00:00+00:00,4296.1,4308.6,4291.2,4295.3,3486.33
1780873200,2026-06-07 23:00:00+00:00,4295.4,4324.9,4295.3,4321.8,3184.39
1780876800,2026-06-08 00:00:00+00:00,4320.9,4331.4,4317.0,4319.9,4161.5
1780880400,2026-06-08 01:00:00+00:00,4319.5,4323.4,4277.5,4303.5,9366.12
1780884000,2026-06-08 02:00:00+00:00,4308.7,4308.7,4284.9,4288.4,5696.13
1780887600,2026-06-08 03:00:00+00:00,4288.8,4295.0,4281.3,4293.7,3248.14
1780891200,2026-06-08 04:00:00+00:00,4295.9,4300.3,4285.7,4291.1,2546.72
1780894800,2026-06-08 05:00:00+00:00,4291.0,4294.0,4246.9,4271.4,9957.0
1780898400,2026-06-08 06:00:00+00:00,4270.7,4290.4,4270.7,4279.2,6003.99
1780902000,2026-06-08 07:00:00+00:00,4279.0,4295.9,4273.2,4273.8,6645.94
1780905600,2026-06-08 08:00:00+00:00,4273.2,4276.3,4263.5,4267.0,7512.84
1780909200,2026-06-08 09:00:00+00:00,4267.4,4280.3,4251.0,4272.7,8957.34
1780912800,2026-06-08 10:00:00+00:00,4272.9,4284.2,4264.5,4280.3,5745.8
1780916400,2026-06-08 11:00:00+00:00,4275.2,4312.4,4275.2,4310.2,11299.29
1780920000,2026-06-08 12:00:00+00:00,4309.6,4318.7,4298.7,4311.9,9982.23
1780923600,2026-06-08 13:00:00+00:00,4312.0,4325.4,4299.6,4305.7,13737.36
1780927200,2026-06-08 14:00:00+00:00,4305.2,4310.2,4292.9,4309.7,13316.65
1780930800,2026-06-08 15:00:00+00:00,4310.2,4323.9,4300.8,4320.0,10319.710000000001
1780934400,2026-06-08 16:00:00+00:00,4319.8,4324.9,4316.1,4318.9,5062.91
1780938000,2026-06-08 17:00:00+00:00,4319.0,4320.7,4310.5,4317.3,7323.16
1780941600,2026-06-08 18:00:00+00:00,4317.2,4324.1,4311.0,4312.7,4518.44
1780945200,2026-06-08 19:00:00+00:00,4312.6,4316.2,4300.5,4304.2,5374.89
1780948800,2026-06-08 20:00:00+00:00,4304.4,4308.3,4301.9,4307.7,1585.06
1780956000,2026-06-08 22:00:00+00:00,4308.6,4317.3,4299.7,4305.4,3382.52
1780959600,2026-06-08 23:00:00+00:00,4304.8,4306.3,4289.9,4294.8,2221.63
1780963200,2026-06-09 00:00:00+00:00,4294.8,4301.4,4292.7,4298.0,2760.8
1780966800,2026-06-09 01:00:00+00:00,4296.4,4316.8,4296.4,4314.7,4855.49
1780970400,2026-06-09 02:00:00+00:00,4314.8,4319.6,4306.6,4314.3,2808.59
1780974000,2026-06-09 03:00:00+00:00,4314.0,4320.4,4309.1,4313.7,3000.12
1780977600,2026-06-09 04:00:00+00:00,4314.7,4318.0,4302.5,4310.4,2803.15
1780981200,2026-06-09 05:00:00+00:00,4310.8,4329.6,4308.7,4321.8,3920.28
1780984800,2026-06-09 06:00:00+00:00,4322.0,4327.1,4308.0,4308.3,4157.12
1780988400,2026-06-09 07:00:00+00:00,4308.3,4312.8,4299.9,4304.1,4359.49
1780992000,2026-06-09 08:00:00+00:00,4304.0,4314.7,4298.4,4304.3,3899.09
1780995600,2026-06-09 09:00:00+00:00,4304.1,4313.4,4301.8,4309.9,4225.84
1780999200,2026-06-09 10:00:00+00:00,4309.9,4319.1,4303.0,4317.2,4201.93
1781002800,2026-06-09 11:00:00+00:00,4317.2,4322.2,4313.8,4318.2,3052.49
1781006400,2026-06-09 12:00:00+00:00,4318.3,4322.9,4312.9,4319.3,6219.04
1781010000,2026-06-09 13:00:00+00:00,4320.0,4342.5,4303.0,4307.1,15797.5
1781013600,2026-06-09 14:00:00+00:00,4306.8,4314.2,4256.0,4278.9,24215.57
1781017200,2026-06-09 15:00:00+00:00,4278.7,4280.3,4241.0,4250.6,15765.35
1781020800,2026-06-09 16:00:00+00:00,4250.4,4259.2,4213.8,4229.9,21270.45
1781024400,2026-06-09 17:00:00+00:00,4230.0,4246.6,4229.0,4241.1,13359.46
1781028000,2026-06-09 18:00:00+00:00,4241.4,4252.7,4237.5,4248.3,4002.2
1781031600,2026-06-09 19:00:00+00:00,4248.5,4250.0,4227.9,4236.6,5643.7
1781035200,2026-06-09 20:00:00+00:00,4236.7,4240.0,4233.9,4238.7,1306.16
1781042400,2026-06-09 22:00:00+00:00,4230.0,4235.0,4209.3,4214.3,3468.85
1781046000,2026-06-09 23:00:00+00:00,4214.0,4224.5,4186.9,4199.0,6342.04
1781049600,2026-06-10 00:00:00+00:00,4199.1,4205.0,4175.9,4195.5,6585.99
1781053200,2026-06-10 01:00:00+00:00,4196.1,4196.4,4161.1,4166.1,9704.21
1781056800,2026-06-10 02:00:00+00:00,4166.8,4170.4,4150.8,4151.7,7164.53
1781060400,2026-06-10 03:00:00+00:00,4151.4,4164.1,4149.4,4162.1,3303.43
1781064000,2026-06-10 04:00:00+00:00,4162.8,4165.1,4148.1,4151.9,2417.3
1781067600,2026-06-10 05:00:00+00:00,4151.6,4186.1,4150.2,4182.6,5550.94
1781071200,2026-06-10 06:00:00+00:00,4182.5,4199.4,4179.0,4181.0,6226.26
1781074800,2026-06-10 07:00:00+00:00,4180.6,4184.9,4158.9,4163.6,6814.01
1781078400,2026-06-10 08:00:00+00:00,4163.3,4164.9,4137.9,4145.6,11565.73
1781082000,2026-06-10 09:00:00+00:00,4145.9,4156.5,4139.5,4145.5,8287.32
1781085600,2026-06-10 10:00:00+00:00,4145.5,4155.4,4132.4,4151.4,6955.89
1781089200,2026-06-10 11:00:00+00:00,4151.4,4152.5,4122.1,4124.1,12550.8
1781092800,2026-06-10 12:00:00+00:00,4123.8,4151.2,4105.9,4123.5,22753.53
1781096400,2026-06-10 13:00:00+00:00,4124.0,4163.4,4108.8,4156.9,25122.32
1781100000,2026-06-10 14:00:00+00:00,4156.5,4158.0,4093.6,4101.0,18059.68
1781103600,2026-06-10 15:00:00+00:00,4101.6,4113.6,4083.5,4105.8,20466.94
1781107200,2026-06-10 16:00:00+00:00,4106.6,4112.7,4092.6,4098.5,9833.7
1781110800,2026-06-10 17:00:00+00:00,4098.4,4111.5,4077.4,4088.8,16066.33
1781114400,2026-06-10 18:00:00+00:00,4089.2,4097.9,4074.1,4078.9,6182.49
1781118000,2026-06-10 19:00:00+00:00,4079.3,4079.7,4058.9,4060.1,9830.24
1781121600,2026-06-10 20:00:00+00:00,4060.3,4060.3,4044.0,4048.0,4880.59
1781128800,2026-06-10 22:00:00+00:00,4048.3,4048.3,4013.1,4023.0,3503.31
1781132400,2026-06-10 23:00:00+00:00,4023.1,4041.1,4000.1,4023.6,7196.25
1781136000,2026-06-11 00:00:00+00:00,4024.8,4053.9,4011.9,4051.4,10937.5
1781139600,2026-06-11 01:00:00+00:00,4041.3,4092.4,4041.3,4076.3,17263.32
1781143200,2026-06-11 02:00:00+00:00,4076.7,4076.8,4027.3,4043.2,8731.68
1781146800,2026-06-11 03:00:00+00:00,4043.3,4053.7,4032.0,4049.4,4544.76
1781150400,2026-06-11 04:00:00+00:00,4048.3,4061.3,4045.1,4057.7,3445.42
1781154000,2026-06-11 05:00:00+00:00,4058.2,4081.3,4047.7,4069.4,5887.08
1781157600,2026-06-11 06:00:00+00:00,4068.9,4072.4,4050.9,4069.6,5408.79
1781161200,2026-06-11 07:00:00+00:00,4069.5,4085.4,4065.9,4079.7,7414.09
1781164800,2026-06-11 08:00:00+00:00,4079.6,4087.5,4059.5,4059.5,6287.63
1781168400,2026-06-11 09:00:00+00:00,4052.0,4071.4,4052.0,4066.3,5866.97
1781172000,2026-06-11 10:00:00+00:00,4065.7,4069.5,4061.1,4064.2,2944.71
1781175600,2026-06-11 11:00:00+00:00,4064.2,4070.3,4054.1,4054.6,5132.42
1781179200,2026-06-11 12:00:00+00:00,4054.8,4061.7,4031.9,4056.4,14453.03
1781182800,2026-06-11 13:00:00+00:00,4056.6,4068.2,4041.9,4058.2,14350.75
1781186400,2026-06-11 14:00:00+00:00,4057.9,4060.5,4026.7,4048.3,16584.04
1781190000,2026-06-11 15:00:00+00:00,4048.1,4070.7,4044.8,4063.9,11278.09
1781193600,2026-06-11 16:00:00+00:00,4064.1,4082.9,4052.8,4055.1,8982.43
1781197200,2026-06-11 17:00:00+00:00,4055.4,4145.7,4046.8,4127.1,30728.58
1781200800,2026-06-11 18:00:00+00:00,4127.1,4146.9,4105.9,4137.0,12958.36
1781204400,2026-06-11 19:00:00+00:00,4137.4,4195.2,4137.4,4183.8,16030.130000000001
1781208000,2026-06-11 20:00:00+00:00,4184.1,4193.9,4183.1,4187.7,4455.64
1781215200,2026-06-11 22:00:00+00:00,4188.8,4221.7,4180.1,4218.1,3523.81
1781218800,2026-06-11 23:00:00+00:00,4218.4,4221.1,4188.5,4194.5,4130.02
1781222400,2026-06-12 00:00:00+00:00,4194.0,4205.6,4175.3,4182.9,5299.43
1781226000,2026-06-12 01:00:00+00:00,4183.6,4186.3,4146.8,4162.1,8614.26
1781229600,2026-06-12 02:00:00+00:00,4162.1,4175.8,4158.1,4167.4,3445.76
1781233200,2026-06-12 03:00:00+00:00,4166.6,4180.6,4165.3,4174.8,2650.57
1781236800,2026-06-12 04:00:00+00:00,4172.9,4176.5,4165.0,4165.8,1623.23
1781240400,2026-06-12 05:00:00+00:00,4165.7,4168.3,4146.0,4148.6,3859.29
1781244000,2026-06-12 06:00:00+00:00,4148.6,4160.9,4147.6,4159.3,3797.43
1781247600,2026-06-12 07:00:00+00:00,4159.4,4169.1,4145.0,4169.1,6511.41
1781251200,2026-06-12 08:00:00+00:00,4169.8,4201.6,4167.1,4195.1,8924.94
1781254800,2026-06-12 09:00:00+00:00,4195.3,4203.5,4193.0,4197.0,6463.21
1781258400,2026-06-12 10:00:00+00:00,4196.8,4200.6,4177.5,4185.8,5560.36
1781262000,2026-06-12 11:00:00+00:00,4186.2,4190.2,4172.0,4181.7,4679.86
1781265600,2026-06-12 12:00:00+00:00,4181.8,4190.2,4163.2,4166.2,10670.34
1781269200,2026-06-12 13:00:00+00:00,4166.0,4185.1,4156.9,4160.6,13917.93
1781272800,2026-06-12 14:00:00+00:00,4161.3,4183.4,4151.4,4178.8,16160.75
1781276400,2026-06-12 15:00:00+00:00,4178.8,4210.7,4174.9,4186.3,14416.04
1781280000,2026-06-12 16:00:00+00:00,4186.2,4208.0,4182.5,4190.4,8185.2
1781283600,2026-06-12 17:00:00+00:00,4190.4,4201.0,4187.9,4195.7,7221.01
1781287200,2026-06-12 18:00:00+00:00,4196.1,4210.1,4188.8,4190.1,5586.76
1781290800,2026-06-12 19:00:00+00:00,4190.1,4194.7,4177.1,4185.8,5182.24
1781294400,2026-06-12 20:00:00+00:00,4185.5,4194.5,4184.6,4192.7,2001.29
1781474400,2026-06-14 22:00:00+00:00,4279.5,4280.9,4253.9,4259.7,5789.37
1781478000,2026-06-14 23:00:00+00:00,4259.5,4269.3,4255.2,4268.2,3836.2799999999997
1781481600,2026-06-15 00:00:00+00:00,4268.2,4282.4,4266.6,4267.0,6015.2
1781485200,2026-06-15 01:00:00+00:00,4267.8,4294.6,4260.3,4291.4,6933.71
1781488800,2026-06-15 02:00:00+00:00,4291.0,4310.7,4291.0,4304.6,5773.22
1781492400,2026-06-15 03:00:00+00:00,4304.4,4306.4,4296.4,4299.6,2755.7
1781496000,2026-06-15 04:00:00+00:00,4300.3,4305.6,4295.6,4303.4,1991.31
1781499600,2026-06-15 05:00:00+00:00,4303.1,4307.8,4282.5,4285.3,3904.82
1781503200,2026-06-15 06:00:00+00:00,4285.4,4288.3,4275.5,4283.0,4489.22
1781506800,2026-06-15 07:00:00+00:00,4283.1,4299.9,4280.0,4298.2,5215.5199999999995
1781510400,2026-06-15 08:00:00+00:00,4298.0,4320.0,4296.6,4309.3,7353.27
1781514000,2026-06-15 09:00:00+00:00,4309.4,4318.3,4309.0,4311.6,6766.59
1781517600,2026-06-15 10:00:00+00:00,4311.8,4316.7,4310.2,4313.0,3535.5
1781521200,2026-06-15 11:00:00+00:00,4312.9,4322.8,4306.8,4310.5,5485.57
1781524800,2026-06-15 12:00:00+00:00,4310.5,4324.7,4299.2,4324.4,8858.34
1781528400,2026-06-15 13:00:00+00:00,4324.3,4344.7,4316.7,4330.7,16400.43
1781532000,2026-06-15 14:00:00+00:00,4330.6,4345.4,4329.4,4332.4,14232.81
1781535600,2026-06-15 15:00:00+00:00,4332.2,4336.7,4324.5,4331.5,8566.039999999999
1781539200,2026-06-15 16:00:00+00:00,4334.2,4334.2,4309.8,4314.5,7320.96
1781542800,2026-06-15 17:00:00+00:00,4314.4,4314.4,4295.6,4299.9,7327.22
1781546400,2026-06-15 18:00:00+00:00,4300.1,4303.6,4293.0,4301.2,3905.76
1781550000,2026-06-15 19:00:00+00:00,4301.4,4302.2,4292.1,4296.3,3787.17
1781553600,2026-06-15 20:00:00+00:00,4296.5,4297.8,4282.4,4284.9,2704.89
1781560800,2026-06-15 22:00:00+00:00,4285.2,4291.2,4280.6,4287.0,3491.79
1781564400,2026-06-15 23:00:00+00:00,4287.6,4294.7,4286.7,4291.2,2269.14
1781568000,2026-06-16 00:00:00+00:00,4290.5,4295.5,4281.3,4294.2,3794.87
1781571600,2026-06-16 01:00:00+00:00,4294.2,4300.7,4286.7,4287.9,3899.62
1781575200,2026-06-16 02:00:00+00:00,4288.5,4295.5,4281.9,4293.6,2675.58
1781578800,2026-06-16 03:00:00+00:00,4293.7,4308.0,4290.5,4305.3,2103.29
1781582400,2026-06-16 04:00:00+00:00,4306.0,4306.9,4296.0,4297.1,1635.02
1781586000,2026-06-16 05:00:00+00:00,4297.3,4305.8,4289.4,4291.1,2887.47
1781589600,2026-06-16 06:00:00+00:00,4291.3,4299.4,4288.1,4298.9,3059.77
1781593200,2026-06-16 07:00:00+00:00,4299.0,4311.0,4297.4,4310.5,3353.64
1781596800,2026-06-16 08:00:00+00:00,4310.3,4323.4,4308.1,4322.2,4564.66
1781600400,2026-06-16 09:00:00+00:00,4322.0,4323.7,4313.3,4320.1,5306.94
1781604000,2026-06-16 10:00:00+00:00,4320.1,4323.8,4317.0,4323.8,2565.58
1781607600,2026-06-16 11:00:00+00:00,4323.8,4324.5,4309.6,4315.3,5313.65
1781611200,2026-06-16 12:00:00+00:00,4315.5,4330.4,4312.1,4329.8,6653.3
1781614800,2026-06-16 13:00:00+00:00,4329.8,4330.4,4306.5,4306.6,9011.89
1781618400,2026-06-16 14:00:00+00:00,4306.4,4313.9,4287.6,4298.3,13596.06
1781622000,2026-06-16 15:00:00+00:00,4298.3,4318.4,4295.3,4309.6,7946.3
1781625600,2026-06-16 16:00:00+00:00,4309.5,4322.0,4309.3,4315.7,5543.56
1781629200,2026-06-16 17:00:00+00:00,4315.4,4316.2,4300.3,4315.4,6859.16
1781632800,2026-06-16 18:00:00+00:00,4315.7,4318.3,4311.3,4313.9,2157.64
1781636400,2026-06-16 19:00:00+00:00,4313.5,4318.2,4306.3,4309.5,3106.06
1781640000,2026-06-16 20:00:00+00:00,4309.2,4310.6,4305.2,4306.9,1342.68
1781647200,2026-06-16 22:00:00+00:00,4306.5,4309.8,4302.6,4308.9,3546.13
1781650800,2026-06-16 23:00:00+00:00,4308.7,4311.9,4303.0,4304.7,677.38
1781654400,2026-06-17 00:00:00+00:00,4304.8,4315.8,4302.1,4310.8,1868.52
1781658000,2026-06-17 01:00:00+00:00,4310.3,4323.7,4308.0,4314.9,3393.48
1781661600,2026-06-17 02:00:00+00:00,4314.8,4318.3,4303.5,4305.1,2121.07
1781665200,2026-06-17 03:00:00+00:00,4304.9,4307.6,4302.3,4305.1,1540.42
1781668800,2026-06-17 04:00:00+00:00,4306.1,4307.5,4291.0,4300.0,2187.61
1781672400,2026-06-17 05:00:00+00:00,4300.1,4307.7,4294.3,4300.0,2757.86
1781676000,2026-06-17 06:00:00+00:00,4300.4,4305.1,4294.0,4305.1,3198.46
1781679600,2026-06-17 07:00:00+00:00,4305.0,4306.4,4298.0,4298.6,3166.51
1781683200,2026-06-17 08:00:00+00:00,4298.7,4301.4,4289.5,4298.1,2926.22
1781686800,2026-06-17 09:00:00+00:00,4298.3,4309.0,4294.4,4303.2,3420.86
1781690400,2026-06-17 10:00:00+00:00,4303.1,4309.0,4300.1,4305.0,1864.18
1781694000,2026-06-17 11:00:00+00:00,4305.2,4305.4,4293.9,4296.5,2516.9900000000002
1781697600,2026-06-17 12:00:00+00:00,4296.7,4309.1,4292.6,4307.2,5596.07
1781701200,2026-06-17 13:00:00+00:00,4307.3,4319.4,4297.6,4313.7,9961.76
1781704800,2026-06-17 14:00:00+00:00,4313.5,4338.1,4303.8,4318.0,18419.22
1781708400,2026-06-17 15:00:00+00:00,4317.7,4339.4,4317.5,4337.5,6936.89
1781712000,2026-06-17 16:00:00+00:00,4337.2,4340.6,4329.1,4333.7,4716.5
1781715600,2026-06-17 17:00:00+00:00,4333.5,4357.5,4329.6,4355.0,11896.18
1781719200,2026-06-17 18:00:00+00:00,4353.5,4353.5,4242.2,4259.1,48657.79
1781722800,2026-06-17 19:00:00+00:00,4258.9,4268.9,4191.3,4208.2,33586.24
1781726400,2026-06-17 20:00:00+00:00,4208.1,4242.9,4207.2,4230.2,7524.01
1781733600,2026-06-17 22:00:00+00:00,4229.0,4244.4,4227.2,4239.7,3500.71
1781737200,2026-06-17 23:00:00+00:00,4239.6,4256.9,4237.1,4251.1,3889.46
1781740800,2026-06-18 00:00:00+00:00,4251.5,4288.9,4250.1,4281.9,6415.73
1781744400,2026-06-18 01:00:00+00:00,4282.7,4302.8,4280.2,4291.6,6768.55
1781748000,2026-06-18 02:00:00+00:00,4291.9,4304.1,4284.3,4284.9,4437.21
1781751600,2026-06-18 03:00:00+00:00,4282.8,4296.9,4282.8,4293.5,3525.62
1781755200,2026-06-18 04:00:00+00:00,4293.9,4298.1,4283.9,4289.9,2895.66
1781758800,2026-06-18 05:00:00+00:00,4289.7,4299.1,4275.4,4281.9,4743.78
1781762400,2026-06-18 06:00:00+00:00,4282.3,4284.2,4270.2,4280.5,4252.3
1781766000,2026-06-18 07:00:00+00:00,4280.3,4283.6,4261.0,4262.3,4609.37
1781769600,2026-06-18 08:00:00+00:00,4262.5,4266.5,4238.5,4239.8,6230.74
1781773200,2026-06-18 09:00:00+00:00,4239.9,4246.5,4232.5,4241.6,6781.07
1781776800,2026-06-18 10:00:00+00:00,4241.5,4245.8,4227.1,4227.8,5281.23
1781780400,2026-06-18 11:00:00+00:00,4228.1,4228.1,4211.8,4214.5,8549.78
1781784000,2026-06-18 12:00:00+00:00,4214.4,4242.5,4212.9,4219.0,12549.37
1781787600,2026-06-18 13:00:00+00:00,4218.9,4250.1,4217.4,4229.4,13110.25
1781791200,2026-06-18 14:00:00+00:00,4229.2,4231.2,4208.9,4225.6,16713.0
1781794800,2026-06-18 15:00:00+00:00,4225.8,4228.1,4195.6,4199.4,11230.22
1781798400,2026-06-18 16:00:00+00:00,4199.7,4206.4,4186.9,4192.6,10930.07
1781802000,2026-06-18 17:00:00+00:00,4192.6,4206.4,4191.7,4203.4,8328.74
1781805600,2026-06-18 18:00:00+00:00,4203.1,4206.0,4191.3,4191.6,3239.83
1781809200,2026-06-18 19:00:00+00:00,4191.8,4192.3,4174.2,4190.1,6954.96
1781812800,2026-06-18 20:00:00+00:00,4190.1,4192.6,4180.5,4181.8,1888.96
1781820000,2026-06-18 22:00:00+00:00,4185.1,4185.3,4175.2,4179.8,3489.4
1781823600,2026-06-18 23:00:00+00:00,4180.1,4180.7,4158.9,4160.7,2004.39
1781827200,2026-06-19 00:00:00+00:00,4160.8,4170.8,4156.1,4162.9,2660.75
1781830800,2026-06-19 01:00:00+00:00,4167.0,4167.0,4155.1,4156.5,2627.7
1781834400,2026-06-19 02:00:00+00:00,4156.2,4157.9,4143.4,4147.8,3734.77
1781838000,2026-06-19 03:00:00+00:00,4147.9,4148.6,4116.6,4121.4,4536.36
1782079200,2026-06-21 22:00:00+00:00,4117.8,4129.9,4105.3,4126.7,3451.16
1782082800,2026-06-21 23:00:00+00:00,4126.7,4135.4,4106.8,4110.9,4616.66
1782086400,2026-06-22 00:00:00+00:00,4111.2,4172.2,4110.5,4172.0,6555.2
1782090000,2026-06-22 01:00:00+00:00,4171.6,4192.0,4126.8,4162.0,9490.71
1782093600,2026-06-22 02:00:00+00:00,4162.1,4171.8,4126.8,4159.6,3838.94
1782097200,2026-06-22 03:00:00+00:00,4160.2,4161.3,4126.8,4143.5,2517.35
1782100800,2026-06-22 04:00:00+00:00,4143.1,4153.6,4126.8,4153.3,1207.88
1782104400,2026-06-22 05:00:00+00:00,4153.2,4170.3,4126.8,4165.2,3144.7
1782108000,2026-06-22 06:00:00+00:00,4165.5,4179.3,4126.8,4169.3,4367.42
1782111600,2026-06-22 07:00:00+00:00,4169.9,4173.6,4126.8,4162.4,3405.2599999999998
1782115200,2026-06-22 08:00:00+00:00,4162.2,4169.8,4126.8,4169.6,3165.3
1782118800,2026-06-22 09:00:00+00:00,4169.4,4182.5,4126.8,4180.1,5630.63
1782122400,2026-06-22 10:00:00+00:00,4180.4,4186.2,4126.8,4176.6,2736.0
1782126000,2026-06-22 11:00:00+00:00,4176.7,4187.6,4126.8,4179.2,3353.61
1782129600,2026-06-22 12:00:00+00:00,4179.8,4183.8,4126.8,4165.3,6159.24
1782133200,2026-06-22 13:00:00+00:00,4165.5,4178.4,4126.8,4172.4,14390.64
1782136800,2026-06-22 14:00:00+00:00,4172.6,4183.4,4126.8,4170.6,12541.86
1782140400,2026-06-22 15:00:00+00:00,4170.5,4173.5,4126.8,4154.9,10399.54
1782144000,2026-06-22 16:00:00+00:00,4154.7,4165.8,4126.8,4162.4,5355.1
1782147600,2026-06-22 17:00:00+00:00,4162.4,4164.0,4126.8,4155.3,4607.96
1782151200,2026-06-22 18:00:00+00:00,4155.5,4165.2,4126.8,4163.0,2213.02
1782154800,2026-06-22 19:00:00+00:00,4163.4,4165.5,4126.8,4163.3,2621.1
1782158400,2026-06-22 20:00:00+00:00,4166.2,4166.2,4126.8,4126.8,1097.91
1782165600,2026-06-22 22:00:00+00:00,4164.7,4166.6,4160.0,4161.7,3413.15
1782169200,2026-06-22 23:00:00+00:00,4167.5,4167.5,4158.5,4159.4,1016.11
1782172800,2026-06-23 00:00:00+00:00,4158.9,4166.6,4149.9,4164.6,2198.77
1782176400,2026-06-23 01:00:00+00:00,4164.5,4169.9,4121.4,4133.2,8186.79
1782180000,2026-06-23 02:00:00+00:00,4133.3,4135.2,4118.2,4118.8,4044.54
1782183600,2026-06-23 03:00:00+00:00,4118.8,4121.5,4102.3,4116.1,5584.21
1782187200,2026-06-23 04:00:00+00:00,4115.7,4118.7,4086.1,4089.5,4189.29
1782190800,2026-06-23 05:00:00+00:00,4089.9,4108.9,4087.0,4092.8,5503.09
1782194400,2026-06-23 06:00:00+00:00,4093.5,4098.8,4081.8,4086.3,7032.34
1782198000,2026-06-23 07:00:00+00:00,4085.8,4096.6,4067.9,4069.9,6467.51
1782201600,2026-06-23 08:00:00+00:00,4070.2,4082.3,4062.1,4076.5,6928.6
1782205200,2026-06-23 09:00:00+00:00,4076.9,4094.0,4076.0,4094.0,4844.24
1782208800,2026-06-23 10:00:00+00:00,4105.0,4105.0,4091.3,4091.6,4298.26
1782212400,2026-06-23 11:00:00+00:00,4091.5,4103.9,4089.1,4095.0,5417.21
1782216000,2026-06-23 12:00:00+00:00,4094.9,4099.2,4082.9,4084.9,7179.05
1782219600,2026-06-23 13:00:00+00:00,4085.0,4112.4,4076.7,4108.0,13673.22
1782223200,2026-06-23 14:00:00+00:00,4107.0,4117.4,4093.9,4101.4,16433.56
1782226800,2026-06-23 15:00:00+00:00,4101.9,4113.3,4094.5,4110.6,9703.58
1782230400,2026-06-23 16:00:00+00:00,4110.7,4115.7,4103.2,4105.8,4886.15
1782234000,2026-06-23 17:00:00+00:00,4105.8,4111.6,4099.4,4099.8,5530.8
1782237600,2026-06-23 18:00:00+00:00,4099.9,4102.7,4084.7,4089.5,3359.04
1782241200,2026-06-23 19:00:00+00:00,4089.7,4098.3,4083.0,4083.5,3869.56
1782244800,2026-06-23 20:00:00+00:00,4083.8,4084.7,4078.9,4082.9,2773.89
1782252000,2026-06-23 22:00:00+00:00,4083.9,4086.3,4067.8,4075.1,3458.48
1782255600,2026-06-23 23:00:00+00:00,4074.8,4074.8,4051.8,4070.5,3597.02
1782259200,2026-06-24 00:00:00+00:00,4070.9,4083.6,4065.3,4068.6,3578.87
1782262800,2026-06-24 01:00:00+00:00,4068.8,4073.7,4039.9,4060.4,7279.1900000000005
1782266400,2026-06-24 02:00:00+00:00,4060.3,4067.0,4022.9,4032.2,7592.75
1782270000,2026-06-24 03:00:00+00:00,4020.9,4042.4,4020.9,4033.8,4273.72
1782273600,2026-06-24 04:00:00+00:00,4034.0,4037.6,4025.5,4034.5,2452.81
1782277200,2026-06-24 05:00:00+00:00,4035.1,4057.0,4031.5,4047.0,4473.67
1782280800,2026-06-24 06:00:00+00:00,4047.0,4068.6,4047.0,4057.8,5783.29
1782284400,2026-06-24 07:00:00+00:00,4057.8,4061.7,4044.6,4045.4,3517.67
1782288000,2026-06-24 08:00:00+00:00,4045.5,4058.7,4043.9,4047.2,3471.76
1782291600,2026-06-24 09:00:00+00:00,4047.2,4049.7,4035.5,4035.7,4479.91
1782295200,2026-06-24 10:00:00+00:00,4035.9,4037.6,4024.9,4026.2,3872.49
1782298800,2026-06-24 11:00:00+00:00,4026.0,4029.5,4007.8,4017.1,9018.38
1782302400,2026-06-24 12:00:00+00:00,4017.3,4019.1,3957.2,3957.9,26939.5
1782306000,2026-06-24 13:00:00+00:00,3958.0,4012.9,3934.2,4008.8,46122.89
1782309600,2026-06-24 14:00:00+00:00,4012.1,4012.1,3973.9,3978.9,19048.239999999998
1782313200,2026-06-24 15:00:00+00:00,3979.3,3987.8,3968.2,3973.4,9994.18
1782316800,2026-06-24 16:00:00+00:00,3966.5,3993.6,3966.5,3977.3,10311.54
1782320400,2026-06-24 17:00:00+00:00,3977.6,3982.5,3943.4,3943.7,13209.87
1782324000,2026-06-24 18:00:00+00:00,3943.8,3965.6,3929.6,3952.0,10342.4
1782327600,2026-06-24 19:00:00+00:00,3952.6,3962.1,3944.3,3958.8,5335.55
1782331200,2026-06-24 20:00:00+00:00,3955.5,3973.9,3955.5,3970.3,3703.04
1782338400,2026-06-24 22:00:00+00:00,3972.9,3978.8,3962.7,3965.9,3472.34
1782342000,2026-06-24 23:00:00+00:00,3966.4,3987.8,3959.9,3980.5,3410.04
1782345600,2026-06-25 00:00:00+00:00,3985.4,3985.4,3948.1,3961.2,5212.38
1782349200,2026-06-25 01:00:00+00:00,3961.1,3975.3,3941.8,3946.1,5510.14
1782352800,2026-06-25 02:00:00+00:00,3946.8,3960.5,3930.2,3952.6,6796.07
1782356400,2026-06-25 03:00:00+00:00,3952.7,3970.5,3935.5,3966.3,5800.57
1782360000,2026-06-25 04:00:00+00:00,3965.0,3967.1,3953.4,3965.7,2978.22
1782363600,2026-06-25 05:00:00+00:00,3965.9,3969.6,3950.1,3955.5,4848.47
1782367200,2026-06-25 06:00:00+00:00,3955.4,3958.5,3942.8,3946.6,5312.2699999999995
1782370800,2026-06-25 07:00:00+00:00,3946.4,3959.4,3940.5,3957.4,6541.86
1782374400,2026-06-25 08:00:00+00:00,3957.5,3971.8,3954.1,3958.8,6825.1900000000005
1782378000,2026-06-25 09:00:00+00:00,3958.8,3967.4,3955.8,3957.3,4385.83
1782381600,2026-06-25 10:00:00+00:00,3956.9,3958.5,3950.3,3953.4,2963.97
1782385200,2026-06-25 11:00:00+00:00,3953.9,3957.1,3942.5,3949.2,4392.67
1782388800,2026-06-25 12:00:00+00:00,3949.3,3989.0,3947.4,3982.1,16456.8
1782392400,2026-06-25 13:00:00+00:00,3982.1,4003.8,3970.5,3971.4,21896.84
1782396000,2026-06-25 14:00:00+00:00,3971.8,3999.5,3969.0,3981.5,15677.24
1782399600,2026-06-25 15:00:00+00:00,3981.7,4012.6,3974.3,4011.4,15141.03
1782403200,2026-06-25 16:00:00+00:00,4011.1,4013.9,3993.0,3997.9,7953.33
1782406800,2026-06-25 17:00:00+00:00,3998.3,4006.2,3996.2,4004.1,7966.59
1782410400,2026-06-25 18:00:00+00:00,4004.4,4013.8,3995.5,4004.3,5190.28
1782414000,2026-06-25 19:00:00+00:00,4013.6,4013.6,3990.7,3995.5,7090.68
1782417600,2026-06-25 20:00:00+00:00,3996.0,4003.7,3993.3,3995.5,1896.79
1782424800,2026-06-25 22:00:00+00:00,3998.3,4005.5,3988.4,3995.3,3603.47
1782428400,2026-06-25 23:00:00+00:00,3995.2,3999.6,3981.4,3984.1,1307.84
1782432000,2026-06-26 00:00:00+00:00,3983.8,3993.5,3980.2,3989.0,2746.83
1782435600,2026-06-26 01:00:00+00:00,3989.5,3998.7,3983.2,3989.8,3987.14
1782439200,2026-06-26 02:00:00+00:00,3990.1,3992.2,3952.0,3959.9,7894.12
1782442800,2026-06-26 03:00:00+00:00,3959.8,3975.9,3955.7,3972.5,3517.93
1782446400,2026-06-26 04:00:00+00:00,3973.3,3984.1,3967.7,3980.7,2739.96
1782450000,2026-06-26 05:00:00+00:00,3980.3,3991.0,3975.0,3977.1,3364.12
1782453600,2026-06-26 06:00:00+00:00,3976.0,4002.9,3976.0,4001.1,7335.99
1782457200,2026-06-26 07:00:00+00:00,4001.7,4009.4,3996.4,4000.3,5241.82
1782460800,2026-06-26 08:00:00+00:00,4000.0,4006.9,3995.1,4000.0,2703.26
1782464400,2026-06-26 09:00:00+00:00,3999.7,4023.6,3998.5,4016.7,8894.54
1782468000,2026-06-26 10:00:00+00:00,4016.2,4024.7,4011.4,4023.7,3164.34
1782471600,2026-06-26 11:00:00+00:00,4023.9,4025.4,4011.5,4014.9,4307.56
1782475200,2026-06-26 12:00:00+00:00,4004.5,4030.6,4004.5,4027.9,6653.57
1782478800,2026-06-26 13:00:00+00:00,4028.0,4047.0,4011.6,4042.6,15805.51
1782482400,2026-06-26 14:00:00+00:00,4042.5,4062.6,4036.9,4049.6,19022.47
1782486000,2026-06-26 15:00:00+00:00,4049.8,4065.4,4044.6,4060.2,9215.35
1782489600,2026-06-26 16:00:00+00:00,4060.0,4063.1,4051.3,4053.8,5573.44
1782493200,2026-06-26 17:00:00+00:00,4057.3,4057.3,4042.6,4043.5,6694.72
1782496800,2026-06-26 18:00:00+00:00,4043.8,4047.9,4035.8,4036.1,3500.88
1782500400,2026-06-26 19:00:00+00:00,4035.9,4042.9,4032.9,4040.1,3842.57
1782504000,2026-06-26 20:00:00+00:00,4040.3,4058.3,4032.9,4050.2,2806.44
1782684000,2026-06-28 22:00:00+00:00,4046.3,4046.3,4021.0,4034.7,3425.79
1782687600,2026-06-28 23:00:00+00:00,4034.1,4038.7,4019.8,4030.6,2245.9
1782691200,2026-06-29 00:00:00+00:00,4030.2,4042.6,4016.5,4037.8,4477.18
1782694800,2026-06-29 01:00:00+00:00,4037.6,4042.5,4021.9,4029.7,4043.87
1782698400,2026-06-29 02:00:00+00:00,4029.3,4040.4,4027.1,4034.7,3345.99
1782702000,2026-06-29 03:00:00+00:00,4035.0,4044.3,4033.8,4037.1,1493.36
1782705600,2026-06-29 04:00:00+00:00,4036.7,4037.1,4017.4,4019.6,2686.74
1782709200,2026-06-29 05:00:00+00:00,4019.4,4025.6,4007.7,4022.9,5283.79
1782712800,2026-06-29 06:00:00+00:00,4022.5,4033.5,4022.0,4030.9,4595.53
1782716400,2026-06-29 07:00:00+00:00,4031.4,4037.1,4024.6,4030.2,3048.76
1782720000,2026-06-29 08:00:00+00:00,4029.6,4034.9,4011.4,4014.8,4618.65
1782723600,2026-06-29 09:00:00+00:00,4023.3,4023.3,3992.0,3999.7,9169.93
1782727200,2026-06-29 10:00:00+00:00,4000.4,4007.8,3995.4,4005.0,5945.16
1782730800,2026-06-29 11:00:00+00:00,4005.6,4010.6,3995.4,4007.2,4021.02
1782734400,2026-06-29 12:00:00+00:00,4007.4,4020.9,4005.7,4011.7,6606.52
1782738000,2026-06-29 13:00:00+00:00,4011.7,4020.1,3996.1,4000.3,7631.39
1782741600,2026-06-29 14:00:00+00:00,4000.5,4003.5,3965.9,3993.4,18710.39
1782745200,2026-06-29 15:00:00+00:00,3993.8,3998.9,3984.4,3995.4,7925.41
1782748800,2026-06-29 16:00:00+00:00,3995.4,3997.2,3986.9,3992.3,4506.44
1782752400,2026-06-29 17:00:00+00:00,3992.4,4000.6,3987.7,3989.2,6197.12
1782756000,2026-06-29 18:00:00+00:00,3989.6,3993.9,3980.0,3981.7,2945.32
1782759600,2026-06-29 19:00:00+00:00,3981.6,3988.3,3973.1,3984.3,4124.05
1782763200,2026-06-29 20:00:00+00:00,3984.5,3986.4,3981.1,3984.4,1078.44
1782770400,2026-06-29 22:00:00+00:00,3986.4,3990.4,3977.4,3982.3,3587.29
1782774000,2026-06-29 23:00:00+00:00,3982.9,3990.6,3981.3,3983.3,1845.1200000000001
1782777600,2026-06-30 00:00:00+00:00,3982.5,3982.8,3946.5,3955.2,6348.5199999999995
1782781200,2026-06-30 01:00:00+00:00,3954.4,3954.7,3909.3,3936.6,15838.84
1782784800,2026-06-30 02:00:00+00:00,3936.3,3940.7,3919.4,3929.7,5810.47
1782788400,2026-06-30 03:00:00+00:00,3930.0,3938.1,3927.0,3937.7,3268.86
1782792000,2026-06-30 04:00:00+00:00,3935.2,3965.5,3935.2,3953.1,5191.4
1782795600,2026-06-30 05:00:00+00:00,3953.6,3958.2,3942.5,3945.0,3003.74
1782799200,2026-06-30 06:00:00+00:00,3945.4,4001.7,3945.4,3997.4,9869.57
1782802800,2026-06-30 07:00:00+00:00,3997.6,4002.6,3991.4,4000.2,4341.01
1782806400,2026-06-30 08:00:00+00:00,4005.7,4005.7,3981.1,3982.9,5552.41
1782810000,2026-06-30 09:00:00+00:00,3982.9,3991.9,3979.8,3991.9,4335.93
1782813600,2026-06-30 10:00:00+00:00,3992.0,3999.4,3989.4,3997.8,3452.6
1782817200,2026-06-30 11:00:00+00:00,3997.8,4005.3,3993.2,4001.4,4358.51
1782820800,2026-06-30 12:00:00+00:00,4001.9,4002.1,3976.0,3977.8,6749.74
1782824400,2026-06-30 13:00:00+00:00,3977.6,4001.4,3976.8,3997.8,12305.86
1782828000,2026-06-30 14:00:00+00:00,3998.3,4032.0,3993.4,4005.9,18859.13
1782831600,2026-06-30 15:00:00+00:00,4006.0,4008.2,3990.3,3998.1,8557.96
1782835200,2026-06-30 16:00:00+00:00,3997.7,4002.4,3994.0,3994.2,3425.5099999999998
1782838800,2026-06-30 17:00:00+00:00,3994.7,4001.0,3988.8,3999.4,7575.96
1782842400,2026-06-30 18:00:00+00:00,3999.8,4002.6,3996.7,3997.5,2049.31
1782846000,2026-06-30 19:00:00+00:00,3996.9,3998.1,3983.0,3984.1,4053.91
1782849600,2026-06-30 20:00:00+00:00,3984.1,3989.9,3974.5,3975.7,2366.65
1782856800,2026-06-30 22:00:00+00:00,3978.9,3985.9,3976.0,3980.3,3490.15
1782860400,2026-06-30 23:00:00+00:00,3980.4,3985.7,3971.9,3972.8,2323.24
1782864000,2026-07-01 00:00:00+00:00,3976.6,3976.6,3959.9,3964.1,3516.9
1782867600,2026-07-01 01:00:00+00:00,3964.4,3967.1,3940.6,3944.7,6378.91
1782871200,2026-07-01 02:00:00+00:00,3944.3,3952.9,3936.9,3945.8,3765.06
1782874800,2026-07-01 03:00:00+00:00,3945.7,3953.8,3943.0,3946.8,2980.56
1782878400,2026-07-01 04:00:00+00:00,3947.3,3949.3,3939.2,3943.1,3051.82
1782882000,2026-07-01 05:00:00+00:00,3943.0,3945.9,3936.2,3940.5,3277.65
1782885600,2026-07-01 06:00:00+00:00,3940.5,3944.2,3929.8,3938.9,6601.1
1782889200,2026-07-01 07:00:00+00:00,3938.9,3944.9,3926.9,3942.6,8242.77
1782892800,2026-07-01 08:00:00+00:00,3942.7,3951.6,3936.4,3941.6,4322.3
1782896400,2026-07-01 09:00:00+00:00,3941.1,3953.2,3939.8,3951.8,3401.85
1782900000,2026-07-01 10:00:00+00:00,3951.7,3965.9,3948.5,3965.8,4160.03
1782903600,2026-07-01 11:00:00+00:00,3965.4,4003.3,3965.2,3997.9,9576.13
1782907200,2026-07-01 12:00:00+00:00,3998.4,4001.7,3987.1,3990.7,9236.9
1782910800,2026-07-01 13:00:00+00:00,3980.5,4076.5,3980.5,4058.1,32595.93
1782914400,2026-07-01 14:00:00+00:00,4058.7,4084.9,4050.8,4061.8,22230.14
1782918000,2026-07-01 15:00:00+00:00,4061.9,4062.7,4044.7,4049.0,9579.11
1782921600,2026-07-01 16:00:00+00:00,4049.4,4056.8,4037.9,4038.9,5016.33
1782925200,2026-07-01 17:00:00+00:00,4038.8,4041.5,4034.9,4036.1,5986.43
1782928800,2026-07-01 18:00:00+00:00,4036.2,4038.6,4025.2,4029.9,3154.9
1782932400,2026-07-01 19:00:00+00:00,4029.4,4036.1,4002.3,4006.2,7036.44
1782936000,2026-07-01 20:00:00+00:00,4006.1,4007.5,3996.0,3998.5,3397.2799999999997
1782943200,2026-07-01 22:00:00+00:00,4003.1,4011.1,3999.0,4011.1,3477.05
1782946800,2026-07-01 23:00:00+00:00,4010.7,4011.0,3999.4,4001.3,2241.96
1782950400,2026-07-02 00:00:00+00:00,4001.0,4018.9,3996.7,4017.4,3960.8
1782954000,2026-07-02 01:00:00+00:00,4017.4,4034.4,4010.9,4016.3,5439.33
1782957600,2026-07-02 02:00:00+00:00,4016.5,4027.1,4007.2,4023.1,2685.65
1782961200,2026-07-02 03:00:00+00:00,4023.3,4040.2,4021.6,4036.2,3697.27
1782964800,2026-07-02 04:00:00+00:00,4036.0,4038.9,4026.6,4027.1,1772.15
1782968400,2026-07-02 05:00:00+00:00,4027.0,4033.7,4019.1,4032.1,3750.02
1782972000,2026-07-02 06:00:00+00:00,4032.2,4046.4,4031.8,4040.1,5127.14
1782975600,2026-07-02 07:00:00+00:00,4039.9,4042.1,4027.3,4030.5,3418.2200000000003
1782979200,2026-07-02 08:00:00+00:00,4030.4,4046.5,4027.5,4043.0,3744.12
1782982800,2026-07-02 09:00:00+00:00,4042.3,4043.4,4029.6,4031.5,4168.62
1782986400,2026-07-02 10:00:00+00:00,4031.8,4035.5,4028.1,4032.5,3794.42
1782990000,2026-07-02 11:00:00+00:00,4033.0,4038.4,4023.6,4031.4,5046.85
1782993600,2026-07-02 12:00:00+00:00,4031.2,4108.1,4027.3,4084.4,28967.29
1782997200,2026-07-02 13:00:00+00:00,4084.7,4111.0,4075.6,4103.7,18163.1
1783000800,2026-07-02 14:00:00+00:00,4103.5,4105.5,4080.9,4095.8,11858.52
1783004400,2026-07-02 15:00:00+00:00,4095.8,4098.6,4081.7,4095.3,7999.97
1783008000,2026-07-02 16:00:00+00:00,4095.6,4097.1,4066.9,4085.1,7554.04
1783011600,2026-07-02 17:00:00+00:00,4087.2,4087.2,4072.4,4073.4,6572.28
1783015200,2026-07-02 18:00:00+00:00,4073.6,4094.5,4072.5,4089.8,3683.4
1783018800,2026-07-02 19:00:00+00:00,4090.1,4091.4,4075.2,4087.9,2901.41
1783022400,2026-07-02 20:00:00+00:00,4088.1,4092.2,4083.3,4089.4,2568.29
1783029600,2026-07-02 22:00:00+00:00,4091.9,4095.0,4089.0,4091.0,3523.52
1783033200,2026-07-02 23:00:00+00:00,4091.1,4103.0,4087.7,4093.1,2695.9900000000002
1783036800,2026-07-03 00:00:00+00:00,4092.9,4117.9,4089.8,4113.9,3854.66
1783040400,2026-07-03 01:00:00+00:00,4113.7,4162.2,4113.4,4148.8,11005.86
1783044000,2026-07-03 02:00:00+00:00,4148.4,4153.8,4143.2,4150.7,3319.68
1783047600,2026-07-03 03:00:00+00:00,4150.7,4151.4,4142.3,4142.4,2420.9900000000002
1783288800,2026-07-05 22:00:00+00:00,4141.4,4157.4,4138.3,4154.0,3641.2
1783292400,2026-07-05 23:00:00+00:00,4154.5,4168.0,4141.2,4149.1,4153.61
1783296000,2026-07-06 00:00:00+00:00,4149.7,4154.6,4136.3,4145.5,3970.3
1783299600,2026-07-06 01:00:00+00:00,4144.4,4169.4,4138.2,4152.0,5085.49
1783303200,2026-07-06 02:00:00+00:00,4152.4,4154.0,4134.2,4139.4,4220.24
1783306800,2026-07-06 03:00:00+00:00,4139.8,4141.8,4126.6,4130.9,2781.76
1783310400,2026-07-06 04:00:00+00:00,4130.9,4141.2,4123.1,4125.4,1710.54
1783314000,2026-07-06 05:00:00+00:00,4125.1,4141.2,4110.3,4113.6,3699.09
1783317600,2026-07-06 06:00:00+00:00,4113.4,4141.2,4110.7,4115.8,3179.07
1783321200,2026-07-06 07:00:00+00:00,4115.9,4141.2,4112.6,4129.6,3531.68
1783324800,2026-07-06 08:00:00+00:00,4141.2,4141.2,4112.0,4115.7,3440.34
1783328400,2026-07-06 09:00:00+00:00,4115.5,4141.2,4102.3,4109.4,5803.02
1783332000,2026-07-06 10:00:00+00:00,4109.4,4141.2,4108.5,4121.3,2813.82
1783335600,2026-07-06 11:00:00+00:00,4121.2,4141.2,4117.8,4121.3,2175.92
1783339200,2026-07-06 12:00:00+00:00,4121.3,4141.2,4097.2,4105.3,7351.84
1783342800,2026-07-06 13:00:00+00:00,4105.8,4141.2,4101.0,4106.9,9410.12
1783346400,2026-07-06 14:00:00+00:00,4106.4,4141.2,4094.5,4104.1,10249.18
1783350000,2026-07-06 15:00:00+00:00,4104.5,4141.2,4103.7,4113.8,6708.43
1783353600,2026-07-06 16:00:00+00:00,4114.0,4141.2,4105.9,4120.8,5203.8
1783357200,2026-07-06 17:00:00+00:00,4120.8,4141.2,4116.0,4126.8,5842.33
1783360800,2026-07-06 18:00:00+00:00,4127.2,4141.2,4121.0,4129.7,3255.66
1783364400,2026-07-06 19:00:00+00:00,4129.7,4141.2,4124.4,4129.4,2270.27
1783368000,2026-07-06 20:00:00+00:00,4129.3,4141.2,4126.5,4141.2,705.25
1783375200,2026-07-06 22:00:00+00:00,4130.3,4133.4,4128.5,4129.8,3544.04
1783378800,2026-07-06 23:00:00+00:00,4129.3,4130.5,4121.9,4122.6,909.36
1783382400,2026-07-07 00:00:00+00:00,4122.4,4128.4,4110.0,4111.1,2577.45
1783386000,2026-07-07 01:00:00+00:00,4111.2,4114.1,4091.5,4107.8,5858.72
1783389600,2026-07-07 02:00:00+00:00,4107.9,4110.9,4096.7,4101.8,3092.63
1783393200,2026-07-07 03:00:00+00:00,4101.7,4105.3,4089.1,4095.7,2517.95
1783396800,2026-07-07 04:00:00+00:00,4096.3,4106.3,4090.7,4091.5,2237.42
1783400400,2026-07-07 05:00:00+00:00,4091.5,4096.1,4081.6,4089.1,4198.17
1783404000,2026-07-07 06:00:00+00:00,4088.9,4098.3,4086.4,4095.6,2744.92
1783407600,2026-07-07 07:00:00+00:00,4095.8,4098.5,4089.3,4089.7,2858.26
1783411200,2026-07-07 08:00:00+00:00,4089.3,4104.8,4086.6,4091.0,4902.2
1783414800,2026-07-07 09:00:00+00:00,4090.8,4098.5,4084.5,4096.3,4287.78
1783418400,2026-07-07 10:00:00+00:00,4096.3,4104.4,4096.3,4101.0,2342.7
1783422000,2026-07-07 11:00:00+00:00,4101.0,4123.9,4096.9,4122.5,6069.6
1783425600,2026-07-07 12:00:00+00:00,4119.9,4140.9,4119.9,4138.0,13133.16
1783429200,2026-07-07 13:00:00+00:00,4138.0,4146.3,4121.2,4123.9,14246.64
1783432800,2026-07-07 14:00:00+00:00,4123.6,4129.0,4108.4,4118.9,12063.22
1783436400,2026-07-07 15:00:00+00:00,4118.9,4120.6,4100.8,4104.0,7215.7699999999995
1783440000,2026-07-07 16:00:00+00:00,4104.3,4112.6,4102.1,4110.5,4827.37
1783443600,2026-07-07 17:00:00+00:00,4110.6,4113.7,4105.7,4109.8,4711.9
1783447200,2026-07-07 18:00:00+00:00,4109.9,4110.4,4090.0,4091.9,4961.29
1783450800,2026-07-07 19:00:00+00:00,4091.8,4092.6,4056.6,4079.0,15130.18
1783454400,2026-07-07 20:00:00+00:00,4079.2,4080.6,4068.1,4070.5,2426.45
1783461600,2026-07-07 22:00:00+00:00,4060.4,4070.8,4057.9,4063.4,3387.19
1783465200,2026-07-07 23:00:00+00:00,4062.9,4072.8,4060.2,4062.7,3412.11
1783468800,2026-07-08 00:00:00+00:00,4062.4,4091.0,4061.3,4076.4,4074.54
1783472400,2026-07-08 01:00:00+00:00,4076.7,4082.9,4060.7,4076.2,6212.77
1783476000,2026-07-08 02:00:00+00:00,4076.1,4089.4,4070.4,4078.9,3586.81
1783479600,2026-07-08 03:00:00+00:00,4079.4,4096.2,4079.4,4087.6,3214.28
1783483200,2026-07-08 04:00:00+00:00,4088.1,4093.3,4085.3,4089.8,2832.75
1783486800,2026-07-08 05:00:00+00:00,4089.8,4098.5,4085.2,4092.4,2704.73
1783490400,2026-07-08 06:00:00+00:00,4092.7,4098.6,4086.8,4087.9,2935.66
1783494000,2026-07-08 07:00:00+00:00,4088.3,4092.9,4079.3,4085.9,4380.35
1783497600,2026-07-08 08:00:00+00:00,4086.4,4086.4,4016.1,4020.7,22658.05
1783501200,2026-07-08 09:00:00+00:00,4020.5,4025.2,4005.5,4007.0,10975.27
1783504800,2026-07-08 10:00:00+00:00,4007.4,4022.9,4003.9,4016.8,6702.68
1783508400,2026-07-08 11:00:00+00:00,4016.8,4036.9,4005.4,4026.2,9488.54
1783512000,2026-07-08 12:00:00+00:00,4025.8,4050.7,4022.4,4036.8,12159.74
1783515600,2026-07-08 13:00:00+00:00,4036.4,4047.7,4029.7,4035.5,13999.289999999999
1783519200,2026-07-08 14:00:00+00:00,4035.0,4035.9,3997.9,4005.7,22345.72
1783522800,2026-07-08 15:00:00+00:00,4005.9,4008.2,3986.4,3998.0,13136.49
1783526400,2026-07-08 16:00:00+00:00,3997.3,4028.9,3997.3,4027.8,11067.01
1783530000,2026-07-08 17:00:00+00:00,4027.8,4040.8,4023.3,4030.3,15082.08
1783533600,2026-07-08 18:00:00+00:00,4029.7,4055.5,4027.7,4048.0,6593.19
1783537200,2026-07-08 19:00:00+00:00,4048.9,4055.3,4042.4,4044.1,4973.39
1783540800,2026-07-08 20:00:00+00:00,4044.4,4047.4,4035.3,4040.5,2753.23
1783548000,2026-07-08 22:00:00+00:00,4041.5,4043.5,4035.1,4039.6,3500.32
1783551600,2026-07-08 23:00:00+00:00,4040.2,4041.4,4035.0,4039.5,1244.6
1783555200,2026-07-09 00:00:00+00:00,4041.4,4053.0,4033.1,4036.7,3783.35
1783558800,2026-07-09 01:00:00+00:00,4037.1,4042.1,4025.3,4035.7,4955.86
1783562400,2026-07-09 02:00:00+00:00,4035.8,4045.8,4027.0,4027.7,3882.9
1783566000,2026-07-09 03:00:00+00:00,4027.3,4030.2,4017.3,4026.0,2628.8
1783569600,2026-07-09 04:00:00+00:00,4027.5,4027.6,4019.8,4027.6,3254.53
1783573200,2026-07-09 05:00:00+00:00,4027.6,4047.7,4026.9,4045.3,5697.51
1783576800,2026-07-09 06:00:00+00:00,4045.2,4071.6,4044.7,4071.6,7936.21
1783580400,2026-07-09 07:00:00+00:00,4071.2,4074.9,4065.2,4071.8,4312.97
1783584000,2026-07-09 08:00:00+00:00,4071.8,4081.3,4068.9,4071.8,4873.12
1783587600,2026-07-09 09:00:00+00:00,4071.9,4075.3,4066.5,4069.6,3031.79
1783591200,2026-07-09 10:00:00+00:00,4069.7,4073.1,4056.7,4061.9,4641.14
1783594800,2026-07-09 11:00:00+00:00,4062.1,4074.3,4060.8,4072.6,5030.15
1783598400,2026-07-09 12:00:00+00:00,4086.3,4086.3,4068.7,4071.6,11163.52
1783602000,2026-07-09 13:00:00+00:00,4071.4,4093.5,4070.5,4085.6,14368.48
1783605600,2026-07-09 14:00:00+00:00,4085.2,4101.3,4077.6,4091.2,13442.39
1783609200,2026-07-09 15:00:00+00:00,4091.6,4096.9,4088.5,4090.3,7365.88
1783612800,2026-07-09 16:00:00+00:00,4090.7,4102.3,4089.3,4091.6,6599.93
1783616400,2026-07-09 17:00:00+00:00,4091.7,4102.2,4088.4,4100.0,13176.93
1783620000,2026-07-09 18:00:00+00:00,4099.8,4100.4,4085.0,4088.4,3654.89
1783623600,2026-07-09 19:00:00+00:00,4088.0,4090.8,4082.2,4086.3,2717.2400000000002
1783627200,2026-07-09 20:00:00+00:00,4086.0,4089.0,4083.9,4086.5,1095.64
1783634400,2026-07-09 22:00:00+00:00,4089.3,4090.7,4084.4,4084.6,3532.81
1783638000,2026-07-09 23:00:00+00:00,4084.7,4088.1,4084.0,4086.5,674.0
1783641600,2026-07-10 00:00:00+00:00,4086.4,4091.7,4077.4,4089.7,2874.71
1783645200,2026-07-10 01:00:00+00:00,4090.1,4094.7,4072.2,4081.0,4777.28
1783648800,2026-07-10 02:00:00+00:00,4080.6,4092.8,4079.8,4091.5,2560.9
1783652400,2026-07-10 03:00:00+00:00,4091.4,4098.5,4082.8,4083.4,3222.54
1783656000,2026-07-10 04:00:00+00:00,4082.7,4084.4,4075.1,4077.8,2090.17
1783659600,2026-07-10 05:00:00+00:00,4078.0,4079.9,4070.9,4079.4,2600.96
1783663200,2026-07-10 06:00:00+00:00,4079.4,4082.9,4073.9,4074.5,2542.73
1783666800,2026-07-10 07:00:00+00:00,4074.2,4078.3,4066.9,4071.8,4309.45
1783670400,2026-07-10 08:00:00+00:00,4071.5,4072.2,4057.2,4060.4,4879.21
1783674000,2026-07-10 09:00:00+00:00,4060.4,4068.4,4056.9,4067.6,4152.53
1783677600,2026-07-10 10:00:00+00:00,4067.7,4075.7,4067.0,4067.4,3962.61
1783681200,2026-07-10 11:00:00+00:00,4067.2,4071.0,4058.4,4064.9,3784.21
1783684800,2026-07-10 12:00:00+00:00,4065.3,4080.9,4059.9,4063.2,8418.55
1783688400,2026-07-10 13:00:00+00:00,4063.6,4069.4,4047.6,4062.6,10409.13
1783692000,2026-07-10 14:00:00+00:00,4062.2,4072.5,4035.6,4055.6,15776.43
1783695600,2026-07-10 15:00:00+00:00,4055.8,4076.6,4054.0,4076.0,6678.58
1783699200,2026-07-10 16:00:00+00:00,4076.3,4078.7,4067.2,4067.5,5839.71
1783702800,2026-07-10 17:00:00+00:00,4067.3,4069.7,4063.3,4063.5,7191.96
1783706400,2026-07-10 18:00:00+00:00,4063.7,4068.7,4060.7,4063.6,3566.86
1783710000,2026-07-10 19:00:00+00:00,4063.6,4070.9,4060.2,4070.5,3290.16
1783713600,2026-07-10 20:00:00+00:00,4070.3,4082.9,4067.6,4067.6,1796.04
1783893600,2026-07-12 22:00:00+00:00,4056.1,4056.1,4030.7,4038.2,3068.76
1783897200,2026-07-12 23:00:00+00:00,4037.9,4047.2,4029.7,4046.8,2485.27
1783900800,2026-07-13 00:00:00+00:00,4047.0,4053.6,4023.3,4036.0,5442.0
1783904400,2026-07-13 01:00:00+00:00,4036.8,4052.2,4027.9,4034.1,7012.4
1783908000,2026-07-13 02:00:00+00:00,4034.4,4039.4,4026.5,4030.7,4032.16
1783911600,2026-07-13 03:00:00+00:00,4031.1,4031.1,4014.6,4021.3,4291.6
1783915200,2026-07-13 04:00:00+00:00,4022.0,4022.0,4011.7,4020.2,2538.05
1783918800,2026-07-13 05:00:00+00:00,4020.3,4034.8,4013.4,4015.7,5168.49
1783922400,2026-07-13 06:00:00+00:00,4015.8,4025.3,4005.9,4016.9,6167.62
1783926000,2026-07-13 07:00:00+00:00,4017.3,4027.1,4010.4,4026.7,3798.1
1783929600,2026-07-13 08:00:00+00:00,4026.7,4043.0,4025.3,4037.0,5573.54
1783933200,2026-07-13 09:00:00+00:00,4036.7,4038.9,4029.9,4030.2,3018.69
1783936800,2026-07-13 10:00:00+00:00,4030.1,4032.3,4008.9,4022.3,5717.9
1783940400,2026-07-13 11:00:00+00:00,4022.3,4030.6,4016.5,4017.9,5889.75
1783944000,2026-07-13 12:00:00+00:00,4017.9,4029.1,4015.0,4029.1,7045.41
1783947600,2026-07-13 13:00:00+00:00,4029.2,4029.4,4002.9,4004.8,12113.28
1783951200,2026-07-13 14:00:00+00:00,4004.4,4008.4,3959.7,3976.3,33280.69
1783954800,2026-07-13 15:00:00+00:00,3976.3,3981.4,3971.4,3977.2,7032.83
1783958400,2026-07-13 16:00:00+00:00,3977.0,3979.4,3946.8,3954.2,17989.95
1783962000,2026-07-13 17:00:00+00:00,3954.4,3963.2,3953.1,3954.5,10592.31
1783965600,2026-07-13 18:00:00+00:00,3954.6,3966.6,3947.5,3962.4,5746.31
1783969200,2026-07-13 19:00:00+00:00,3962.7,3965.5,3954.4,3963.2,4479.91
1783972800,2026-07-13 20:00:00+00:00,3963.3,3967.5,3956.7,3962.6,2345.74
1783980000,2026-07-13 22:00:00+00:00,3959.8,3969.4,3959.7,3961.3,3410.69
1783983600,2026-07-13 23:00:00+00:00,3961.6,3963.8,3953.0,3961.8,2081.73
1783987200,2026-07-14 00:00:00+00:00,3962.5,3968.2,3944.3,3965.5,5926.62
1783990800,2026-07-14 01:00:00+00:00,3964.7,3972.9,3952.5,3970.9,5748.99
1783994400,2026-07-14 02:00:00+00:00,3971.4,3979.6,3966.6,3973.1,4867.08
1783998000,2026-07-14 03:00:00+00:00,3973.0,3979.6,3971.4,3976.5,2358.19
1784001600,2026-07-14 04:00:00+00:00,3977.6,3983.6,3973.8,3980.6,2668.89
1784005200,2026-07-14 05:00:00+00:00,3981.1,3994.3,3980.1,3991.7,4755.99
1784008800,2026-07-14 06:00:00+00:00,3991.6,3993.4,3981.9,3984.3,3441.64
1784012400,2026-07-14 07:00:00+00:00,3984.5,3990.3,3980.4,3981.2,3114.12
1784016000,2026-07-14 08:00:00+00:00,3981.2,3985.0,3974.7,3976.5,4481.46
1784019600,2026-07-14 09:00:00+00:00,3976.3,3985.1,3974.0,3982.6,4211.93
1784023200,2026-07-14 10:00:00+00:00,3982.5,3983.5,3975.8,3982.1,2532.4
1784026800,2026-07-14 11:00:00+00:00,3976.0,3992.9,3976.0,3992.0,4446.31
1784030400,2026-07-14 12:00:00+00:00,3992.4,4066.4,3983.7,4037.8,36969.11
1784034000,2026-07-14 13:00:00+00:00,4037.9,4050.3,4032.1,4037.9,15783.03
1784037600,2026-07-14 14:00:00+00:00,4037.9,4052.3,4031.8,4046.9,13862.06
1784041200,2026-07-14 15:00:00+00:00,4046.9,4062.6,4025.2,4027.0,16038.64
1784044800,2026-07-14 16:00:00+00:00,4027.1,4027.7,4017.3,4022.2,7669.7699999999995
1784048400,2026-07-14 17:00:00+00:00,4022.7,4026.1,4015.0,4024.0,12827.15
1784052000,2026-07-14 18:00:00+00:00,4024.1,4024.1,4003.1,4014.6,6788.99
1784055600,2026-07-14 19:00:00+00:00,4014.2,4018.0,4008.1,4016.0,3916.24
1784059200,2026-07-14 20:00:00+00:00,4016.0,4017.0,4009.4,4012.2,3582.41
1784066400,2026-07-14 22:00:00+00:00,4013.7,4013.9,4008.2,4009.0,2429.2799999999997
1784070000,2026-07-14 23:00:00+00:00,4008.7,4016.3,4006.6,4012.7,1468.22
1784073600,2026-07-15 00:00:00+00:00,4012.9,4021.1,4011.0,4019.0,2260.06
1784077200,2026-07-15 01:00:00+00:00,4020.2,4022.5,3995.1,3996.8,4327.36
1784080800,2026-07-15 02:00:00+00:00,3996.9,4002.3,3989.2,3995.6,4095.33
1784084400,2026-07-15 03:00:00+00:00,3995.2,4000.5,3987.8,3991.8,3472.84
1784088000,2026-07-15 04:00:00+00:00,3990.8,3995.2,3988.1,3993.0,1869.43
1784091600,2026-07-15 05:00:00+00:00,3993.4,3998.6,3981.9,3994.9,4849.65
1784095200,2026-07-15 06:00:00+00:00,3994.8,3995.6,3981.0,3991.9,4539.55
1784098800,2026-07-15 07:00:00+00:00,3992.1,3994.5,3979.5,3984.6,4492.15
1784102400,2026-07-15 08:00:00+00:00,3977.2,3993.4,3977.2,3991.6,4490.94
1784106000,2026-07-15 09:00:00+00:00,3991.6,3994.6,3985.4,3990.2,4762.11
1784109600,2026-07-15 10:00:00+00:00,3990.3,3996.3,3986.0,3988.2,2961.42
1784113200,2026-07-15 11:00:00+00:00,3987.8,4000.4,3987.6,3998.4,3949.24
1784116800,2026-07-15 12:00:00+00:00,3998.8,4032.1,3995.7,4028.5,14245.01
1784120400,2026-07-15 13:00:00+00:00,4028.6,4034.6,4014.4,4022.4,12601.69
1784124000,2026-07-15 14:00:00+00:00,4022.6,4026.9,4013.4,4021.1,7528.19
1784127600,2026-07-15 15:00:00+00:00,4021.3,4023.5,3999.8,4007.1,8393.83
1784131200,2026-07-15 16:00:00+00:00,4007.3,4008.3,3986.9,3994.2,10257.51
1784134800,2026-07-15 17:00:00+00:00,3994.3,4027.6,3993.6,4022.6,12188.09
1784138400,2026-07-15 18:00:00+00:00,4023.1,4043.0,4019.1,4020.2,7631.93
1784142000,2026-07-15 19:00:00+00:00,4020.2,4023.8,4009.1,4017.9,5457.62
1784145600,2026-07-15 20:00:00+00:00,4017.6,4023.7,4016.2,4020.8,3519.69
1784152800,2026-07-15 22:00:00+00:00,4022.8,4025.8,4017.7,4019.5,1784.78
1784156400,2026-07-15 23:00:00+00:00,4019.7,4021.9,4015.0,4017.5,1870.4
1784160000,2026-07-16 00:00:00+00:00,4017.7,4021.0,4003.1,4004.3,3265.99
1784163600,2026-07-16 01:00:00+00:00,4004.2,4010.5,3993.3,3998.1,5128.9
1784167200,2026-07-16 02:00:00+00:00,3998.4,3999.2,3983.3,3990.8,3730.29
1784170800,2026-07-16 03:00:00+00:00,3986.9,3996.1,3986.9,3994.6,1595.11
1784174400,2026-07-16 04:00:00+00:00,3995.7,3997.0,3990.9,3992.2,1419.98
1784178000,2026-07-16 05:00:00+00:00,3992.1,4005.7,3984.2,3986.1,3268.41
1784181600,2026-07-16 06:00:00+00:00,3986.3,3995.4,3981.6,3989.7,4481.0
1784185200,2026-07-16 07:00:00+00:00,3989.5,3991.0,3981.7,3990.0,3703.2400000000002
1784188800,2026-07-16 08:00:00+00:00,3989.4,3995.6,3983.9,3994.2,3591.73
1784192400,2026-07-16 09:00:00+00:00,3994.5,3997.1,3989.6,3991.3,3497.32
1784196000,2026-07-16 10:00:00+00:00,3991.1,3994.0,3988.3,3989.0,1781.83
1784199600,2026-07-16 11:00:00+00:00,3989.1,4002.3,3980.1,3998.0,7053.12
1784203200,2026-07-16 12:00:00+00:00,3998.3,4002.6,3948.1,3950.3,24438.74
1784206800,2026-07-16 13:00:00+00:00,3950.2,3966.5,3931.0,3947.9,22093.87
1784210400,2026-07-16 14:00:00+00:00,3947.8,3964.9,3945.1,3955.9,9699.3
1784214000,2026-07-16 15:00:00+00:00,3956.1,3975.7,3947.2,3965.7,10526.92
1784217600,2026-07-16 16:00:00+00:00,3965.3,3966.2,3940.4,3950.3,8806.73
1784221200,2026-07-16 17:00:00+00:00,3950.6,3951.2,3937.8,3943.4,8177.48
1784224800,2026-07-16 18:00:00+00:00,3943.6,3949.1,3934.9,3938.6,4422.16
1784228400,2026-07-16 19:00:00+00:00,3938.8,3944.7,3927.3,3938.5,4961.8
1784232000,2026-07-16 20:00:00+00:00,3938.7,3938.7,3930.1,3933.8,1497.29
1784239200,2026-07-16 22:00:00+00:00,3934.0,3938.0,3930.7,3936.0,3429.14
1784242800,2026-07-16 23:00:00+00:00,3936.0,3943.8,3932.5,3943.1,1860.5
1784246400,2026-07-17 00:00:00+00:00,3943.4,3949.8,3937.7,3949.8,2455.74
1784250000,2026-07-17 01:00:00+00:00,3949.9,3954.0,3936.6,3940.4,4941.24
1784253600,2026-07-17 02:00:00+00:00,3940.9,3945.0,3928.0,3936.1,2687.62
1784257200,2026-07-17 03:00:00+00:00,3936.4,3966.1,3936.1,3949.6,5854.93
1784260800,2026-07-17 04:00:00+00:00,3948.9,3949.0,3937.0,3938.9,3248.47
1784264400,2026-07-17 05:00:00+00:00,3938.7,3949.2,3932.3,3942.5,5071.43
1784268000,2026-07-17 06:00:00+00:00,3942.5,3964.6,3942.4,3957.0,4662.63
1784271600,2026-07-17 07:00:00+00:00,3957.0,3960.5,3950.6,3950.9,2643.04
1784275200,2026-07-17 08:00:00+00:00,3950.5,3957.7,3945.2,3952.3,3766.65
1784278800,2026-07-17 09:00:00+00:00,3951.8,3960.4,3950.7,3955.7,2860.44
1784282400,2026-07-17 10:00:00+00:00,3955.6,3956.8,3948.0,3948.3,3099.98
1784286000,2026-07-17 11:00:00+00:00,3948.4,3956.6,3947.5,3951.8,3241.08
1784289600,2026-07-17 12:00:00+00:00,3952.1,3953.5,3921.6,3923.4,11521.74
1784293200,2026-07-17 13:00:00+00:00,3916.9,3961.8,3916.9,3955.3,19306.49
1784296800,2026-07-17 14:00:00+00:00,3948.1,3962.8,3948.1,3959.4,10992.23
1784300400,2026-07-17 15:00:00+00:00,3959.4,3980.0,3955.9,3978.0,14486.09
1784304000,2026-07-17 16:00:00+00:00,3978.3,3982.8,3969.9,3973.5,10311.73
1784307600,2026-07-17 17:00:00+00:00,3973.9,3977.9,3966.8,3968.7,5429.79
1784311200,2026-07-17 18:00:00+00:00,3968.8,3975.2,3965.5,3970.0,3283.79
1784314800,2026-07-17 19:00:00+00:00,3970.3,3974.8,3960.7,3973.8,3344.99
1784318400,2026-07-17 20:00:00+00:00,3973.8,3976.9,3967.1,3972.7,3396.15
1784498400,2026-07-19 22:00:00+00:00,3954.9,3958.3,3950.8,3951.8,1493.61
1784502000,2026-07-19 23:00:00+00:00,3953.2,3954.0,3946.9,3953.1,1573.53
1784505600,2026-07-20 00:00:00+00:00,3953.5,3968.4,3940.4,3967.6,5639.07
1784509200,2026-07-20 01:00:00+00:00,3967.4,3979.6,3954.0,3960.9,6147.62
1784512800,2026-07-20 02:00:00+00:00,3961.2,3988.1,3959.9,3981.0,4325.1
1784516400,2026-07-20 03:00:00+00:00,3980.6,3986.6,3977.4,3981.7,2181.89
1784520000,2026-07-20 04:00:00+00:00,3982.6,3985.2,3976.5,3976.7,1492.6399999999999
1784523600,2026-07-20 05:00:00+00:00,3979.0,3979.0,3963.4,3966.2,2931.27
1784527200,2026-07-20 06:00:00+00:00,3966.3,3969.8,3960.9,3962.1,2224.48
1784530800,2026-07-20 07:00:00+00:00,3961.9,3980.6,3960.4,3975.9,5571.97
1784534400,2026-07-20 08:00:00+00:00,3976.1,3989.4,3975.7,3977.2,4966.49
1784538000,2026-07-20 09:00:00+00:00,3976.9,3981.6,3972.6,3979.2,2795.2599999999998
1784541600,2026-07-20 10:00:00+00:00,3979.7,3984.3,3976.3,3982.9,1867.04
1784545200,2026-07-20 11:00:00+00:00,3982.9,3999.9,3978.3,3984.4,8123.7
1784548800,2026-07-20 12:00:00+00:00,3984.1,3984.1,3964.0,3965.9,11734.56
1784552400,2026-07-20 13:00:00+00:00,3966.1,3975.5,3963.3,3963.4,8700.97
1784556000,2026-07-20 14:00:00+00:00,3963.3,3972.5,3955.5,3964.4,12404.51
1784559600,2026-07-20 15:00:00+00:00,3964.3,3977.8,3962.6,3970.1,9090.52
1784563200,2026-07-20 16:00:00+00:00,3970.2,3976.7,3959.1,3967.8,5730.68
1784566800,2026-07-20 17:00:00+00:00,3967.8,3970.9,3961.7,3963.1,6722.2
1784570400,2026-07-20 18:00:00+00:00,3963.3,3970.3,3961.6,3966.0,3220.49
1784574000,2026-07-20 19:00:00+00:00,3965.4,3976.1,3962.4,3964.6,3854.81
1784577600,2026-07-20 20:00:00+00:00,3965.0,3967.4,3962.3,3965.7,1624.5
1784584800,2026-07-20 22:00:00+00:00,3967.3,3968.6,3957.2,3957.9,3390.45
1784588400,2026-07-20 23:00:00+00:00,3958.1,3969.0,3957.2,3968.3,2300.64
1784592000,2026-07-21 00:00:00+00:00,3968.4,3985.9,3962.2,3983.5,3077.62
1784595600,2026-07-21 01:00:00+00:00,3983.7,3994.9,3976.4,3981.5,6744.2
1784599200,2026-07-21 02:00:00+00:00,3981.4,4003.7,3979.8,3996.6,4815.91
1784602800,2026-07-21 03:00:00+00:00,3996.2,4011.1,3995.2,4004.8,3728.63
1784606400,2026-07-21 04:00:00+00:00,4005.6,4010.5,4002.3,4008.2,2155.4900000000002
1784610000,2026-07-21 05:00:00+00:00,4008.0,4026.7,4005.0,4019.9,7540.36
1784613600,2026-07-21 06:00:00+00:00,4019.9,4042.3,4019.9,4036.9,9172.58
1784617200,2026-07-21 07:00:00+00:00,4037.2,4038.7,4026.0,4029.6,6250.81
1784620800,2026-07-21 08:00:00+00:00,4029.5,4030.8,4017.5,4021.3,5837.01
1784624400,2026-07-21 09:00:00+00:00,4021.6,4028.3,4019.3,4024.1,6637.63
1784628000,2026-07-21 10:00:00+00:00,4024.4,4028.7,4019.0,4021.2,4988.02
1784631600,2026-07-21 11:00:00+00:00,4022.2,4022.2,4012.8,4014.5,4010.31
1784635200,2026-07-21 12:00:00+00:00,4014.4,4024.3,4008.9,4011.9,8386.61
1784638800,2026-07-21 13:00:00+00:00,4012.2,4020.0,4002.3,4011.1,10921.23
1784642400,2026-07-21 14:00:00+00:00,4011.4,4033.0,4009.3,4026.8,14606.87
1784646000,2026-07-21 15:00:00+00:00,4026.4,4041.9,4023.7,4032.5,10876.95
1784649600,2026-07-21 16:00:00+00:00,4032.4,4037.4,4028.0,4029.8,5034.48
1784653200,2026-07-21 17:00:00+00:00,4029.9,4031.1,4024.9,4026.9,4096.14
1784656800,2026-07-21 18:00:00+00:00,4026.8,4046.4,4025.8,4040.9,6071.85
1784660400,2026-07-21 19:00:00+00:00,4040.9,4044.2,4038.6,4042.5,3078.93
1784664000,2026-07-21 20:00:00+00:00,4042.5,4044.8,4034.8,4036.1,2323.0
1784671200,2026-07-21 22:00:00+00:00,4038.6,4042.9,4034.9,4038.5,3503.21
1784674800,2026-07-21 23:00:00+00:00,4038.3,4041.3,4037.2,4039.1,852.16
1784678400,2026-07-22 00:00:00+00:00,4039.4,4061.4,4035.0,4055.5,6210.24
1784682000,2026-07-22 01:00:00+00:00,4056.2,4082.3,4054.7,4079.9,8552.66
1784685600,2026-07-22 02:00:00+00:00,4080.3,4089.2,4077.0,4088.6,4522.25
1784689200,2026-07-22 03:00:00+00:00,4088.7,4099.9,4087.5,4089.4,6320.52
1784692800,2026-07-22 04:00:00+00:00,4089.0,4089.5,4083.3,4085.7,2702.45
1784696400,2026-07-22 05:00:00+00:00,4085.5,4092.5,4081.4,4089.4,3813.96
1784700000,2026-07-22 06:00:00+00:00,4089.3,4093.9,4071.7,4074.9,7695.34
1784703600,2026-07-22 07:00:00+00:00,4074.7,4081.3,4067.2,4068.5,5559.72
1784707200,2026-07-22 08:00:00+00:00,4068.7,4078.3,4068.7,4076.2,3183.03
1784710800,2026-07-22 09:00:00+00:00,4076.5,4080.5,4071.4,4072.7,4348.62
1784714400,2026-07-22 10:00:00+00:00,4073.1,4080.0,4073.1,4075.1,2768.59
1784718000,2026-07-22 11:00:00+00:00,4075.7,4081.8,4071.1,4081.3,6748.13
1784721600,2026-07-22 12:00:00+00:00,4081.4,4093.4,4064.3,4070.9,13192.44
1784725200,2026-07-22 13:00:00+00:00,4071.0,4115.4,4070.9,4113.9,18609.27
1784728800,2026-07-22 14:00:00+00:00,4113.7,4122.7,4102.5,4107.3,15340.87
1784732400,2026-07-22 15:00:00+00:00,4107.4,4125.3,4107.3,4118.0,9962.54
1784736000,2026-07-22 16:00:00+00:00,4118.3,4118.4,4104.0,4106.7,8976.94
1784739600,2026-07-22 17:00:00+00:00,4106.7,4107.5,4097.7,4102.0,7278.23
1784743200,2026-07-22 18:00:00+00:00,4101.8,4102.3,4091.4,4095.7,4411.33
1784746800,2026-07-22 19:00:00+00:00,4096.4,4096.4,4087.8,4090.3,3942.33
1784750400,2026-07-22 20:00:00+00:00,4090.3,4096.7,4087.1,4088.9,2484.25
1784757600,2026-07-22 22:00:00+00:00,4079.9,4086.9,4028.5,4078.6,3499.05
1784761200,2026-07-22 23:00:00+00:00,4079.0,4091.0,4072.8,4089.7,4702.3
1784764800,2026-07-23 00:00:00+00:00,4090.7,4091.9,4082.3,4089.2,2353.45
1784768400,2026-07-23 01:00:00+00:00,4089.1,4097.9,4070.6,4074.4,7055.27
1784772000,2026-07-23 02:00:00+00:00,4074.0,4085.2,4068.6,4084.7,3694.77
1784775600,2026-07-23 03:00:00+00:00,4084.8,4089.5,4080.5,4081.5,2353.18
1784779200,2026-07-23 04:00:00+00:00,4081.6,4086.8,4076.4,4077.7,1428.47
1784782800,2026-07-23 05:00:00+00:00,4077.9,4087.3,4075.5,4080.8,3051.27
1784786400,2026-07-23 06:00:00+00:00,4081.0,4084.9,4073.4,4075.5,2473.36
1784790000,2026-07-23 07:00:00+00:00,4075.2,4076.1,4046.9,4052.2,8896.16
1784793600,2026-07-23 08:00:00+00:00,4052.4,4054.6,4043.6,4049.9,4847.7699999999995
1784797200,2026-07-23 09:00:00+00:00,4049.8,4056.3,4045.2,4047.1,5389.85
1784800800,2026-07-23 10:00:00+00:00,4047.1,4052.5,4042.6,4050.6,3877.38
1784804400,2026-07-23 11:00:00+00:00,4050.5,4051.3,4029.6,4042.8,7876.32
1784808000,2026-07-23 12:00:00+00:00,4042.3,4042.9,4017.5,4018.5,13073.46
1784811600,2026-07-23 13:00:00+00:00,4018.1,4024.0,3996.5,3999.7,28794.510000000002
1784815200,2026-07-23 14:00:00+00:00,4000.0,4018.6,3996.4,4015.0,19109.27
1784818800,2026-07-23 15:00:00+00:00,4016.5,4016.5,3998.9,4005.1,16687.39
1784822400,2026-07-23 16:00:00+00:00,4005.4,4008.5,4002.5,4008.2,13226.16
1784826000,2026-07-23 17:00:00+00:00,4008.4,4011.4,3997.8,3997.8,13753.03
1784829600,2026-07-23 18:00:00+00:00,3998.3,4004.7,3996.4,4002.7,4722.85
1784833200,2026-07-23 19:00:00+00:00,4003.1,4007.2,3999.2,4006.0,3402.16
1784836800,2026-07-23 20:00:00+00:00,4005.8,4007.5,4003.7,4006.2,2094.96
1784844000,2026-07-23 22:00:00+00:00,4007.3,4007.4,4004.1,4005.9,3563.42
1784847600,2026-07-23 23:00:00+00:00,4006.1,4007.7,4002.7,4003.3,1704.59
1784851200,2026-07-24 00:00:00+00:00,4003.7,4008.0,3997.1,4006.3,2901.01
1784854800,2026-07-24 01:00:00+00:00,4006.8,4007.2,3995.8,3999.9,4301.53
1784858400,2026-07-24 02:00:00+00:00,3999.8,4004.9,3979.2,3980.6,6406.82
1784862000,2026-07-24 03:00:00+00:00,3981.0,3990.0,3979.3,3985.0,2128.67
1784865600,2026-07-24 04:00:00+00:00,3985.2,3986.8,3981.7,3983.7,1871.39
1784869200,2026-07-24 05:00:00+00:00,3988.5,3988.5,3977.9,3978.9,4417.72
1784872800,2026-07-24 06:00:00+00:00,3979.1,3995.3,3978.9,3992.3,3752.83
1784876400,2026-07-24 07:00:00+00:00,3992.1,4010.2,3991.4,4005.0,5449.46
1784880000,2026-07-24 08:00:00+00:00,4005.1,4015.4,4001.4,4013.9,3404.78
1784883600,2026-07-24 09:00:00+00:00,4014.3,4017.9,4008.1,4016.5,5238.18
1784887200,2026-07-24 10:00:00+00:00,4016.5,4020.9,4013.3,4016.1,3299.07
1784890800,2026-07-24 11:00:00+00:00,4016.4,4019.8,4007.4,4014.1,5215.72
1784894400,2026-07-24 12:00:00+00:00,4014.5,4016.8,4008.1,4012.4,5363.2
1784898000,2026-07-24 13:00:00+00:00,4012.7,4025.4,4000.8,4023.9,11956.18
1784901600,2026-07-24 14:00:00+00:00,4023.8,4026.9,4012.3,4020.1,13173.09
1784905200,2026-07-24 15:00:00+00:00,4020.0,4039.1,4018.6,4033.8,20351.95
1784908800,2026-07-24 16:00:00+00:00,4034.8,4034.8,4020.4,4023.4,6311.4
1784912400,2026-07-24 17:00:00+00:00,4023.6,4026.7,4019.2,4019.7,10248.25
1784916000,2026-07-24 18:00:00+00:00,4019.9,4021.2,4007.4,4010.6,5951.69
1784919600,2026-07-24 19:00:00+00:00,4010.8,4014.1,4005.2,4010.0,3456.08
1784923200,2026-07-24 20:00:00+00:00,4009.8,4024.7,4007.8,4024.7,2363.0099999999998
1785103200,2026-07-26 22:00:00+00:00,4045.4,4050.4,4040.8,4046.1,2797.67
1785106800,2026-07-26 23:00:00+00:00,4046.8,4052.9,4039.7,4050.8,1833.56
1785110400,2026-07-27 00:00:00+00:00,4051.1,4073.2,4047.1,4056.5,8002.39
1785114000,2026-07-27 01:00:00+00:00,4057.0,4068.7,4052.8,4065.9,4432.86
1785117600,2026-07-27 02:00:00+00:00,4066.1,4066.8,4049.5,4049.6,2462.95
1785121200,2026-07-27 03:00:00+00:00,4049.4,4051.7,4040.9,4046.4,2698.95
1785124800,2026-07-27 04:00:00+00:00,4046.9,4048.9,4042.8,4045.6,1258.0
1785128400,2026-07-27 05:00:00+00:00,4046.4,4050.9,4040.4,4049.2,2106.93
1785132000,2026-07-27 06:00:00+00:00,4048.8,4055.3,4047.2,4052.3,3227.02
1785135600,2026-07-27 07:00:00+00:00,4052.1,4062.2,4044.4,4044.6,5182.84
1785139200,2026-07-27 08:00:00+00:00,4044.8,4052.6,4042.7,4051.6,4309.16
1785142800,2026-07-27 09:00:00+00:00,4050.7,4056.6,4045.7,4052.8,6508.11
1785146400,2026-07-27 10:00:00+00:00,4052.7,4058.5,4042.3,4056.0,5780.19
1785150000,2026-07-27 11:00:00+00:00,4056.1,4060.9,4049.5,4049.8,4524.81
1785153600,2026-07-27 12:00:00+00:00,4050.0,4053.7,4036.3,4039.1,12881.21
1785157200,2026-07-27 13:00:00+00:00,4039.7,4045.7,4025.5,4029.7,20315.99
1785160800,2026-07-27 14:00:00+00:00,4029.8,4034.9,4021.0,4032.3,19326.64
1785164400,2026-07-27 15:00:00+00:00,4032.2,4036.1,4027.8,4034.5,12725.4
1785168000,2026-07-27 16:00:00+00:00,4034.7,4049.6,4033.8,4038.0,8428.46
1785171600,2026-07-27 17:00:00+00:00,4037.9,4038.0,4026.1,4032.1,11106.14
1785175200,2026-07-27 18:00:00+00:00,4032.1,4035.1,4028.4,4033.7,4517.21
1785178800,2026-07-27 19:00:00+00:00,4033.8,4045.7,4031.9,4039.4,4825.08
1785182400,2026-07-27 20:00:00+00:00,4039.3,4040.3,4031.5,4032.5,2433.41
1785189600,2026-07-27 22:00:00+00:00,4036.9,4039.6,4026.2,4029.0,3452.01
1785193200,2026-07-27 23:00:00+00:00,4029.3,4030.0,4024.9,4028.3,752.84
1785196800,2026-07-28 00:00:00+00:00,4028.3,4029.4,4012.0,4012.4,4391.59
1785200400,2026-07-28 01:00:00+00:00,4012.2,4015.1,3996.8,3999.6,5871.28
1785204000,2026-07-28 02:00:00+00:00,3999.8,4003.6,3995.0,3996.2,3012.31
1785207600,2026-07-28 03:00:00+00:00,3996.2,4005.4,3994.6,4003.5,2268.0
1785211200,2026-07-28 04:00:00+00:00,4002.9,4003.6,3995.1,3996.0,1947.92
1785214800,2026-07-28 05:00:00+00:00,3995.8,4000.8,3988.5,3999.1,3302.77
1785218400,2026-07-28 06:00:00+00:00,3999.4,4006.7,3996.8,4002.6,4748.11
1785222000,2026-07-28 07:00:00+00:00,4002.2,4006.8,3999.7,4001.2,13152.44
1785225600,2026-07-28 08:00:00+00:00,4001.2,4009.5,3995.8,3999.6,4637.47
1785229200,2026-07-28 09:00:00+00:00,3999.4,4000.0,3972.0,3977.2,11522.87
1785232800,2026-07-28 10:00:00+00:00,3977.0,3982.1,3970.4,3979.5,13042.95
1785236400,2026-07-28 11:00:00+00:00,3979.9,3985.8,3976.4,3981.7,5949.66
1785240000,2026-07-28 12:00:00+00:00,3981.2,3991.8,3976.1,3983.3,13657.22
1785243600,2026-07-28 13:00:00+00:00,3990.0,3990.0,3973.2,3975.3,18529.33
1785247200,2026-07-28 14:00:00+00:00,3975.8,3988.0,3965.0,3977.7,18837.48
1785250800,2026-07-28 15:00:00+00:00,3975.8,4001.3,3975.8,4000.4,18008.71
1785254400,2026-07-28 16:00:00+00:00,4000.6,4000.7,3990.5,3991.5,14704.82
1785258000,2026-07-28 17:00:00+00:00,3991.8,3995.8,3979.2,3981.9,20796.44
1785261600,2026-07-28 18:00:00+00:00,3982.0,3984.4,3975.3,3977.0,3447.75
1785265200,2026-07-28 19:00:00+00:00,3976.7,3992.6,3975.4,3979.8,5419.26
1785268800,2026-07-28 20:00:00+00:00,3979.7,3984.5,3976.1,3982.7,2415.02
1785276000,2026-07-28 22:00:00+00:00,3974.8,3987.9,3967.1,3971.8,3454.64
1785279600,2026-07-28 23:00:00+00:00,3971.3,3979.9,3968.9,3978.2,891.52
1785283200,2026-07-29 00:00:00+00:00,3978.9,3984.6,3971.0,3975.2,1034.79
1785286800,2026-07-29 01:00:00+00:00,3974.9,3983.9,3963.2,3978.9,1447.7
1785290400,2026-07-29 02:00:00+00:00,3978.9,3990.7,3976.2,3982.2,914.37
1785294000,2026-07-29 03:00:00+00:00,3982.1,3985.3,3975.4,3975.4,626.35
1785297600,2026-07-29 04:00:00+00:00,3975.9,3979.9,3973.2,3979.3,798.52
1785301200,2026-07-29 05:00:00+00:00,3979.8,3992.1,3979.2,3985.2,1440.9
1785304800,2026-07-29 06:00:00+00:00,3986.1,3997.1,3986.1,3993.7,2991.73
1785308400,2026-07-29 07:00:00+00:00,3993.8,4060.6,3993.8,4056.5,14749.53
1785312000,2026-07-29 08:00:00+00:00,4056.9,4057.4,4048.5,4050.4,4849.29
1785315600,2026-07-29 09:00:00+00:00,4050.7,4051.5,4044.3,4045.8,4164.01
1785319200,2026-07-29 10:00:00+00:00,4045.4,4047.6,4039.0,4040.0,4987.31
1785322800,2026-07-29 11:00:00+00:00,4040.7,4049.3,4037.9,4045.4,5857.63
1785326400,2026-07-29 12:00:00+00:00,4045.6,4046.4,4021.3,4034.8,14441.35
1785330000,2026-07-29 13:00:00+00:00,4035.2,4038.7,4014.2,4018.7,19938.47
1785333600,2026-07-29 14:00:00+00:00,4019.0,4022.3,4007.8,4017.1,23107.63
1785337200,2026-07-29 15:00:00+00:00,4017.5,4026.1,4015.6,4022.4,9108.89
1785340800,2026-07-29 16:00:00+00:00,4022.4,4045.6,4020.2,4040.0,10737.3
1785344400,2026-07-29 17:00:00+00:00,4040.0,4063.2,4040.0,4056.8,20120.26
1785348000,2026-07-29 18:00:00+00:00,4055.2,4124.2,4055.2,4120.7,35230.5
1785351600,2026-07-29 19:00:00+00:00,4121.0,4130.7,4057.7,4058.6,20906.68
1785355200,2026-07-29 20:00:00+00:00,4058.1,4082.8,4055.6,4079.9,6759.74
1785362400,2026-07-29 22:00:00+00:00,4080.6,4102.1,4075.0,4100.2,3465.12
1785366000,2026-07-29 23:00:00+00:00,4100.4,4111.9,4095.9,4095.9,2816.63
1785369600,2026-07-30 00:00:00+00:00,4096.4,4098.2,4076.2,4083.6,4412.08
1785373200,2026-07-30 01:00:00+00:00,4083.9,4105.4,4081.7,4096.3,6704.32
1785376800,2026-07-30 02:00:00+00:00,4096.0,4101.9,4074.6,4075.3,3167.24
1785380400,2026-07-30 03:00:00+00:00,4075.0,4081.4,4061.5,4068.0,4262.36
1785384000,2026-07-30 04:00:00+00:00,4069.8,4071.0,4054.2,4056.4,3179.76
1785387600,2026-07-30 05:00:00+00:00,4056.1,4061.9,4038.9,4044.3,5559.36
1785391200,2026-07-30 06:00:00+00:00,4044.7,4052.0,4040.2,4047.7,5042.22
1785394800,2026-07-30 07:00:00+00:00,4047.7,4062.4,4046.6,4050.0,8104.55
1785398400,2026-07-30 08:00:00+00:00,4050.0,4084.8,4047.8,4073.1,8227.03
1785402000,2026-07-30 09:00:00+00:00,4073.3,4085.4,4072.2,4075.4,7045.87
1785405600,2026-07-30 10:00:00+00:00,4075.7,4096.1,4075.1,4090.3,7405.4400000000005
1785409200,2026-07-30 11:00:00+00:00,4090.4,4095.4,4087.5,4089.9,3581.0299999999997
1785412800,2026-07-30 12:00:00+00:00,4089.9,4099.3,4079.3,4081.3,8693.0
1785416400,2026-07-30 13:00:00+00:00,4081.2,4126.4,4077.1,4125.9,21776.71
1785420000,2026-07-30 14:00:00+00:00,4126.0,4134.1,4099.5,4113.0,26520.74
1785423600,2026-07-30 15:00:00+00:00,4113.3,4123.1,4095.8,4120.9,10796.05
1785427200,2026-07-30 16:00:00+00:00,4120.7,4132.2,4119.5,4123.7,7125.44
1785430800,2026-07-30 17:00:00+00:00,4123.7,4124.1,4111.0,4115.4,7783.87
1785434400,2026-07-30 18:00:00+00:00,4115.4,4120.7,4111.6,4112.7,3623.69
1785438000,2026-07-30 19:00:00+00:00,4112.6,4128.4,4111.9,4125.1,4280.82
1785441600,2026-07-30 20:00:00+00:00,4125.2,4130.6,4111.9,4116.7,3729.09
1785448800,2026-07-30 22:00:00+00:00,4117.8,4123.7,4111.9,4121.3,3555.34
1785452400,2026-07-30 23:00:00+00:00,4122.0,4124.6,4114.7,4118.3,1625.57
1785456000,2026-07-31 00:00:00+00:00,4118.7,4119.3,4102.9,4107.4,2057.62
1785459600,2026-07-31 01:00:00+00:00,4107.4,4113.9,4093.9,4096.4,4660.15
1785463200,2026-07-31 02:00:00+00:00,4096.6,4102.7,4086.4,4088.0,3327.06
1785466800,2026-07-31 03:00:00+00:00,4087.9,4091.3,4083.6,4087.0,2095.79
1785470400,2026-07-31 04:00:00+00:00,4086.5,4093.4,4084.9,4091.5,2631.43
1785474000,2026-07-31 05:00:00+00:00,4091.9,4095.2,4084.9,4086.0,2320.41
1785477600,2026-07-31 06:00:00+00:00,4086.3,4099.2,4084.4,4089.3,2963.64
1785481200,2026-07-31 07:00:00+00:00,4088.9,4090.7,4078.6,4079.0,4558.92
1785484800,2026-07-31 08:00:00+00:00,4079.3,4079.3,4064.7,4071.5,6478.18
1785488400,2026-07-31 09:00:00+00:00,4071.2,4074.7,4060.4,4065.2,4958.83
1785492000,2026-07-31 10:00:00+00:00,4065.1,4068.6,4062.3,4064.7,2377.28
1785495600,2026-07-31 11:00:00+00:00,4064.6,4071.3,4060.6,4063.9,3538.56
1785499200,2026-07-31 12:00:00+00:00,4064.2,4069.6,4050.3,4050.7,10835.55
1785502800,2026-07-31 13:00:00+00:00,4050.5,4057.3,4031.5,4035.4,19899.47
1785506400,2026-07-31 14:00:00+00:00,4034.7,4060.8,4030.3,4059.5,12988.3
1785510000,2026-07-31 15:00:00+00:00,4059.7,4063.0,4046.9,4055.7,11080.71
1785513600,2026-07-31 16:00:00+00:00,4055.7,4059.9,4051.1,4053.2,4553.62
1785517200,2026-07-31 17:00:00+00:00,4053.1,4064.9,4051.2,4063.7,8569.55
1785520800,2026-07-31 18:00:00+00:00,4063.9,4065.2,4056.8,4060.5,3384.34
1785524400,2026-07-31 19:00:00+00:00,4060.7,4065.8,4056.5,4061.6,3961.1
1785528000,2026-07-31 20:00:00+00:00,4061.5,4063.1,4051.3,4060.9,2943.68
1785708000,2026-08-02 22:00:00+00:00,4085.0,4089.7,4073.4,4073.8,2943.7200000000003
1785711600,2026-08-02 23:00:00+00:00,4073.9,4084.4,4072.9,4084.3,1920.62
1785715200,2026-08-03 00:00:00+00:00,4084.4,4088.6,4065.0,4066.7,3865.31
1785718800,2026-08-03 01:00:00+00:00,4066.8,4072.9,4056.6,4066.6,4555.9
1785722400,2026-08-03 02:00:00+00:00,4066.6,4076.2,4061.7,4071.7,3170.35
1785726000,2026-08-03 03:00:00+00:00,4071.5,4077.1,4068.1,4073.9,2080.33
1785729600,2026-08-03 04:00:00+00:00,4074.3,4081.1,4073.1,4073.1,2034.23
1785733200,2026-08-03 05:00:00+00:00,4072.9,4079.1,4063.0,4078.1,3251.93
1785736800,2026-08-03 06:00:00+00:00,4078.2,4081.2,4069.6,4072.8,4058.05
1785740400,2026-08-03 07:00:00+00:00,4072.9,4074.4,4061.2,4071.0,3929.52
1785744000,2026-08-03 08:00:00+00:00,4070.9,4071.9,4063.9,4068.9,2496.3
1785747600,2026-08-03 09:00:00+00:00,4069.2,4071.6,4056.2,4065.5,5397.31
1785751200,2026-08-03 10:00:00+00:00,4065.5,4067.5,4055.8,4059.3,2299.12
1785754800,2026-08-03 11:00:00+00:00,4059.6,4073.3,4055.6,4072.8,3453.38
1785758400,2026-08-03 12:00:00+00:00,4072.9,4075.0,4052.0,4057.3,5902.68
1785762000,2026-08-03 13:00:00+00:00,4057.5,4063.7,4027.9,4041.1,16996.6
1785765600,2026-08-03 14:00:00+00:00,4040.5,4048.8,4035.5,4045.5,9470.33
1785769200,2026-08-03 15:00:00+00:00,4045.6,4050.3,4039.4,4045.5,6485.86
1785772800,2026-08-03 16:00:00+00:00,4045.5,4048.7,4043.8,4046.3,3168.74
1785776400,2026-08-03 17:00:00+00:00,4046.6,4047.4,4039.8,4040.3,4403.67
1785780000,2026-08-03 18:00:00+00:00,4040.3,4054.9,4039.3,4053.5,4020.53
1785783600,2026-08-03 19:00:00+00:00,4053.4,4065.9,4053.4,4062.1,5072.49
1785787200,2026-08-03 20:00:00+00:00,4062.2,4068.9,4060.1,4064.8,2060.07
1785794400,2026-08-03 22:00:00+00:00,4063.5,4064.2,4058.5,4062.5,3531.21
1785798000,2026-08-03 23:00:00+00:00,4062.5,4064.7,4059.4,4063.2,2145.92
1785801600,2026-08-04 00:00:00+00:00,4063.1,4079.0,4058.0,4058.8,4168.26
1785805200,2026-08-04 01:00:00+00:00,4058.7,4071.5,4052.1,4068.7,4160.18
1785808800,2026-08-04 02:00:00+00:00,4068.7,4074.5,4065.0,4068.5,2287.89
1785812400,2026-08-04 03:00:00+00:00,4068.2,4071.4,4061.5,4062.1,2015.6299999999999
1785816000,2026-08-04 04:00:00+00:00,4060.3,4075.8,4060.3,4073.2,3360.52
1785819600,2026-08-04 05:00:00+00:00,4073.1,4077.6,4066.6,4071.2,3657.97
1785823200,2026-08-04 06:00:00+00:00,4071.8,4076.0,4065.3,4073.2,2813.18
1785826800,2026-08-04 07:00:00+00:00,4073.4,4076.8,4070.5,4075.7,3430.6
1785830400,2026-08-04 08:00:00+00:00,4075.8,4083.5,4064.0,4064.7,4840.08
1785834000,2026-08-04 09:00:00+00:00,4064.4,4065.1,4055.9,4059.0,3755.04
1785837600,2026-08-04 10:00:00+00:00,4059.6,4070.3,4055.3,4063.7,3711.87
1785841200,2026-08-04 11:00:00+00:00,4063.3,4095.7,4062.0,4086.0,10391.26
1785844800,2026-08-04 12:00:00+00:00,4086.2,4095.4,4071.5,4081.7,11154.49
1785848400,2026-08-04 13:00:00+00:00,4082.0,4105.4,4071.1,4094.6,20865.68
1785852000,2026-08-04 14:00:00+00:00,4094.6,4103.2,4085.2,4094.3,11879.24
1785855600,2026-08-04 15:00:00+00:00,4094.4,4099.7,4084.9,4098.1,7384.22
1785859200,2026-08-04 16:00:00+00:00,4098.3,4104.6,4093.6,4104.3,6542.16
1785862800,2026-08-04 17:00:00+00:00,4104.1,4117.7,4096.9,4097.0,10958.84
1785866400,2026-08-04 18:00:00+00:00,4096.7,4099.9,4086.0,4090.7,4887.3
1785870000,2026-08-04 19:00:00+00:00,4090.5,4095.8,4087.2,4089.2,3574.09
1785873600,2026-08-04 20:00:00+00:00,4089.5,4091.2,4085.3,4088.1,1185.23
1785880800,2026-08-04 22:00:00+00:00,4087.7,4096.0,4086.0,4086.4,3521.41
1785884400,2026-08-04 23:00:00+00:00,4086.7,4087.9,4075.5,4082.6,3798.82
1785888000,2026-08-05 00:00:00+00:00,4082.5,4093.2,4080.2,4092.1,1872.6
1785891600,2026-08-05 01:00:00+00:00,4092.4,4112.4,4087.3,4111.1,3981.17
1785895200,2026-08-05 02:00:00+00:00,4111.1,4146.5,4105.7,4140.1,12553.01
1785898800,2026-08-05 03:00:00+00:00,4140.4,4147.7,4138.2,4140.5,4264.35
1785902400,2026-08-05 04:00:00+00:00,4140.0,4153.4,4139.9,4147.3,5929.45
1785906000,2026-08-05 05:00:00+00:00,4147.2,4186.9,4146.6,4176.1,16887.56
1785909600,2026-08-05 06:00:00+00:00,4176.3,4191.7,4174.1,4191.0,11364.960000000001
1785913200,2026-08-05 07:00:00+00:00,4190.6,4192.4,4174.8,4183.8,7282.42
1785916800,2026-08-05 08:00:00+00:00,4183.8,4185.4,4172.3,4173.6,6767.2699999999995
1785920400,2026-08-05 09:00:00+00:00,4173.9,4180.8,4165.7,4170.8,7322.98
1785924000,2026-08-05 10:00:00+00:00,4170.7,4174.6,4163.0,4174.3,5062.74
1785927600,2026-08-05 11:00:00+00:00,4174.5,4206.1,4173.7,4202.4,15908.15
1785931200,2026-08-05 12:00:00+00:00,4202.4,4227.5,4197.0,4198.0,20975.47
1785934800,2026-08-05 13:00:00+00:00,4197.8,4220.6,4197.7,4219.7,19594.36
1785938400,2026-08-05 14:00:00+00:00,4219.0,4261.7,4217.0,4258.2,27408.28
1785942000,2026-08-05 15:00:00+00:00,4257.8,4279.4,4246.6,4246.9,22081.57
1785945600,2026-08-05 16:00:00+00:00,4247.5,4262.0,4238.9,4256.7,12776.78
1785949200,2026-08-05 17:00:00+00:00,4256.8,4266.9,4250.1,4264.9,11187.99
1785952800,2026-08-05 18:00:00+00:00,4264.6,4282.1,4263.5,4275.1,7514.72
1785956400,2026-08-05 19:00:00+00:00,4274.9,4276.6,4260.9,4261.5,5393.48
1785960000,2026-08-05 20:00:00+00:00,4261.8,4264.3,4257.4,4261.9,2063.51
1785967200,2026-08-05 22:00:00+00:00,4260.9,4269.1,4258.8,4263.4,3416.98
1785970800,2026-08-05 23:00:00+00:00,4263.3,4295.0,4262.2,4291.2,6077.91
1785974400,2026-08-06 00:00:00+00:00,4291.1,4313.9,4277.4,4308.6,10938.38
1785978000,2026-08-06 01:00:00+00:00,4308.5,4316.6,4286.4,4300.8,14946.36
1785981600,2026-08-06 02:00:00+00:00,4300.6,4317.6,4287.9,4291.7,7251.0
1785985200,2026-08-06 03:00:00+00:00,4291.1,4293.9,4273.5,4278.8,5110.36
1785988800,2026-08-06 04:00:00+00:00,4278.4,4280.0,4266.1,4275.3,3472.73
1785992400,2026-08-06 05:00:00+00:00,4275.2,4281.4,4260.1,4279.9,5059.09
1785996000,2026-08-06 06:00:00+00:00,4279.7,4281.4,4262.1,4268.6,5309.55
1785999600,2026-08-06 07:00:00+00:00,4268.6,4277.9,4265.6,4275.6,4763.43
1786003200,2026-08-06 08:00:00+00:00,4275.9,4291.6,4273.3,4291.0,5576.16
1786006800,2026-08-06 09:00:00+00:00,4291.1,4298.1,4284.3,4286.5,5473.2
1786010400,2026-08-06 10:00:00+00:00,4286.5,4287.0,4276.7,4283.9,3519.97
1786014000,2026-08-06 11:00:00+00:00,4283.9,4286.4,4266.6,4276.5,6875.86
1786017600,2026-08-06 12:00:00+00:00,4276.1,4284.0,4260.9,4262.5,12094.960000000001
1786021200,2026-08-06 13:00:00+00:00,4262.4,4286.8,4242.3,4279.8,25009.21
1786024800,2026-08-06 14:00:00+00:00,4280.0,4288.6,4272.8,4286.1,14119.86
1786028400,2026-08-06 15:00:00+00:00,4287.5,4287.5,4239.1,4245.4,18025.01
1786032000,2026-08-06 16:00:00+00:00,4245.7,4254.7,4235.1,4253.3,13323.25
1786035600,2026-08-06 17:00:00+00:00,4253.5,4260.9,4251.0,4259.7,6815.1900000000005
1786039200,2026-08-06 18:00:00+00:00,4259.8,4261.9,4253.1,4256.1,2518.3
1786042800,2026-08-06 19:00:00+00:00,4256.0,4263.7,4245.9,4261.7,6020.81
1786046400,2026-08-06 20:00:00+00:00,4261.6,4263.0,4247.5,4252.6,3529.12
1786053600,2026-08-06 22:00:00+00:00,4252.2,4255.7,4247.8,4252.2,1415.7
1786057200,2026-08-06 23:00:00+00:00,4252.5,4265.7,4252.3,4264.9,2304.7
1786060800,2026-08-07 00:00:00+00:00,4264.6,4265.3,4241.9,4245.1,3606.27
1786064400,2026-08-07 01:00:00+00:00,4243.7,4271.4,4243.7,4268.6,5417.41
1786068000,2026-08-07 02:00:00+00:00,4268.5,4274.7,4259.3,4263.0,4661.1
1786071600,2026-08-07 03:00:00+00:00,4263.0,4278.9,4262.2,4276.7,3430.22
1786075200,2026-08-07 04:00:00+00:00,4279.2,4282.3,4274.1,4278.0,3897.86
1786078800,2026-08-07 05:00:00+00:00,4278.0,4293.9,4274.3,4291.6,6395.96
1786082400,2026-08-07 06:00:00+00:00,4291.0,4311.9,4291.0,4310.2,11040.89
1786086000,2026-08-07 07:00:00+00:00,4310.1,4310.8,4295.9,4302.8,5730.74
1786089600,2026-08-07 08:00:00+00:00,4303.1,4329.8,4301.8,4319.3,9930.8
1786093200,2026-08-07 09:00:00+00:00,4319.5,4334.0,4315.5,4329.5,8676.47
1786096800,2026-08-07 10:00:00+00:00,4329.7,4334.1,4321.1,4330.3,5777.62
1786100400,2026-08-07 11:00:00+00:00,4330.2,4341.0,4329.9,4334.7,8979.76
1786104000,2026-08-07 12:00:00+00:00,4334.5,4386.2,4314.9,4375.8,34415.16
1786107600,2026-08-07 13:00:00+00:00,4375.5,4382.7,4352.8,4362.2,25346.68
1786111200,2026-08-07 14:00:00+00:00,4362.3,4366.9,4340.8,4355.2,21309.88
1786114800,2026-08-07 15:00:00+00:00,4355.3,4372.0,4352.8,4354.3,13672.67
1786118400,2026-08-07 16:00:00+00:00,4354.3,4363.3,4342.7,4343.4,9945.62
1786122000,2026-08-07 17:00:00+00:00,4342.6,4356.4,4341.3,4353.9,12138.09
1786125600,2026-08-07 18:00:00+00:00,4353.7,4356.9,4345.8,4349.5,4644.81
1786129200,2026-08-07 19:00:00+00:00,4349.6,4364.5,4349.6,4357.0,5766.42
1786132800,2026-08-07 20:00:00+00:00,4356.9,4358.5,4349.2,4353.6,2990.42
1786312800,2026-08-09 22:00:00+00:00,4351.9,4359.4,4350.9,4354.1,1242.87
1786316400,2026-08-09 23:00:00+00:00,4354.3,4361.9,4344.7,4345.9,1924.51
1786320000,2026-08-10 00:00:00+00:00,4345.8,4359.9,4343.7,4345.2,2325.86
1786323600,2026-08-10 01:00:00+00:00,4345.4,4353.9,4327.8,4336.9,8907.69
1786327200,2026-08-10 02:00:00+00:00,4336.7,4346.4,4332.9,4333.9,3932.73
1786330800,2026-08-10 03:00:00+00:00,4333.5,4344.2,4331.3,4341.7,2589.21
1786334400,2026-08-10 04:00:00+00:00,4341.6,4353.7,4337.5,4353.4,3950.2200000000003
1786338000,2026-08-10 05:00:00+00:00,4353.0,4366.4,4345.4,4360.9,5072.0
1786341600,2026-08-10 06:00:00+00:00,4361.2,4373.4,4355.4,4371.7,5160.71
1786345200,2026-08-10 07:00:00+00:00,4371.7,4375.4,4363.3,4368.6,5134.55
1786348800,2026-08-10 08:00:00+00:00,4368.9,4369.9,4356.8,4359.5,5049.2300000000005
1786352400,2026-08-10 09:00:00+00:00,4359.5,4363.1,4352.3,4354.0,5598.37
1786356000,2026-08-10 10:00:00+00:00,4354.3,4357.2,4348.5,4349.1,3790.55
1786359600,2026-08-10 11:00:00+00:00,4349.2,4352.4,4340.2,4347.8,4475.32
1786363200,2026-08-10 12:00:00+00:00,4347.7,4350.3,4336.7,4345.5,5341.72
1786366800,2026-08-10 13:00:00+00:00,4345.0,4352.3,4328.9,4330.2,12381.73
1786370400,2026-08-10 14:00:00+00:00,4330.1,4365.2,4330.1,4359.1,15007.51
1786374000,2026-08-10 15:00:00+00:00,4359.1,4373.1,4356.6,4371.8,8654.03
1786377600,2026-08-10 16:00:00+00:00,4372.0,4378.4,4362.5,4370.2,9255.28
1786381200,2026-08-10 17:00:00+00:00,4370.3,4379.1,4364.4,4373.1,6485.0
1786384800,2026-08-10 18:00:00+00:00,4373.3,4396.4,4372.7,4391.6,7679.79
1786388400,2026-08-10 19:00:00+00:00,4391.7,4407.7,4391.7,4400.7,7772.35
1786392000,2026-08-10 20:00:00+00:00,4400.9,4405.2,4398.6,4402.5,1981.94
1786399200,2026-08-10 22:00:00+00:00,4400.8,4414.3,4397.1,4412.9,3489.46
1786402800,2026-08-10 23:00:00+00:00,4413.0,4416.3,4407.8,4416.0,2450.97
1786406400,2026-08-11 00:00:00+00:00,4416.2,4432.5,4409.9,4422.4,6305.41
1786410000,2026-08-11 01:00:00+00:00,4422.9,4447.6,4406.9,4443.1,10070.84
1786413600,2026-08-11 02:00:00+00:00,4443.1,4448.9,4421.9,4424.7,7324.25
1786417200,2026-08-11 03:00:00+00:00,4424.6,4435.3,4423.5,4430.9,2548.18
1786420800,2026-08-11 04:00:00+00:00,4430.4,4434.2,4417.2,4422.6,4374.69
1786424400,2026-08-11 05:00:00+00:00,4422.7,4422.8,4381.0,4389.1,10076.39
1786428000,2026-08-11 06:00:00+00:00,4395.9,4395.9,4372.6,4379.2,8600.76
1786431600,2026-08-11 07:00:00+00:00,4379.1,4380.4,4369.6,4370.5,4736.15
1786435200,2026-08-11 08:00:00+00:00,4371.0,4389.4,4370.0,4382.0,6137.86
1786438800,2026-08-11 09:00:00+00:00,4381.9,4388.3,4380.0,4385.3,4196.59
1786442400,2026-08-11 10:00:00+00:00,4385.2,4395.1,4383.9,4395.1,3969.44
1786446000,2026-08-11 11:00:00+00:00,4395.0,4405.7,4393.0,4400.0,7185.28
1786449600,2026-08-11 12:00:00+00:00,4400.1,4412.7,4396.1,4404.5,12718.96
1786453200,2026-08-11 13:00:00+00:00,4404.6,4417.2,4396.8,4402.1,13447.02
1786456800,2026-08-11 14:00:00+00:00,4402.1,4411.3,4393.8,4407.5,12070.92
1786460400,2026-08-11 15:00:00+00:00,4407.5,4412.1,4382.1,4397.1,11992.7
1786464000,2026-08-11 16:00:00+00:00,4397.4,4399.2,4392.1,4397.0,3826.17
1786467600,2026-08-11 17:00:00+00:00,4397.2,4399.6,4382.1,4382.2,7632.7
1786471200,2026-08-11 18:00:00+00:00,4382.4,4385.8,4373.6,4384.3,6600.86
1786474800,2026-08-11 19:00:00+00:00,4384.3,4387.5,4373.9,4383.6,7125.07
1786478400,2026-08-11 20:00:00+00:00,4383.2,4383.9,4380.0,4381.7,1008.2
1786485600,2026-08-11 22:00:00+00:00,4383.9,4391.7,4380.0,4381.8,3488.25
1786489200,2026-08-11 23:00:00+00:00,4382.6,4386.9,4375.3,4384.3,3951.02
1786492800,2026-08-12 00:00:00+00:00,4384.5,4396.8,4379.9,4394.1,2681.06
1786496400,2026-08-12 01:00:00+00:00,4394.2,4410.8,4391.9,4410.1,5553.93
1786500000,2026-08-12 02:00:00+00:00,4410.0,4428.1,4407.8,4424.7,6947.21
1786503600,2026-08-12 03:00:00+00:00,4425.0,4429.6,4414.5,4415.7,4082.8
1786507200,2026-08-12 04:00:00+00:00,4416.3,4417.0,4409.2,4414.9,2769.27
1786510800,2026-08-12 05:00:00+00:00,4414.8,4419.0,4397.9,4404.9,5230.37
1786514400,2026-08-12 06:00:00+00:00,4404.8,4420.0,4399.2,4417.1,5212.51
1786518000,2026-08-12 07:00:00+00:00,4416.9,4423.4,4411.3,4419.8,5125.03
1786521600,2026-08-12 08:00:00+00:00,4419.8,4424.0,4414.5,4414.5,3281.72
1786525200,2026-08-12 09:00:00+00:00,4414.8,4438.1,4414.8,4429.3,7868.99
1786528800,2026-08-12 10:00:00+00:00,4429.4,4434.3,4419.8,4425.9,4732.87
1786532400,2026-08-12 11:00:00+00:00,4426.2,4430.5,4421.1,4426.3,4947.63
1786536000,2026-08-12 12:00:00+00:00,4426.3,4453.2,4393.9,4452.1,29706.39
1786539600,2026-08-12 13:00:00+00:00,4451.7,4456.6,4421.9,4441.3,21534.91
1786543200,2026-08-12 14:00:00+00:00,4441.4,4453.7,4429.7,4435.3,17449.37
1786546800,2026-08-12 15:00:00+00:00,4435.1,4443.4,4424.1,4434.3,8717.95
1786550400,2026-08-12 16:00:00+00:00,4434.1,4440.1,4409.8,4415.6,10534.31
1786554000,2026-08-12 17:00:00+00:00,4415.6,4425.6,4412.9,4413.5,8917.15
1786557600,2026-08-12 18:00:00+00:00,4413.2,4432.0,4409.9,4427.1,4461.98
1786561200,2026-08-12 19:00:00+00:00,4427.1,4432.2,4422.4,4427.8,3067.81
1786564800,2026-08-12 20:00:00+00:00,4427.6,4428.2,4420.6,4422.9,1537.94
1786572000,2026-08-12 22:00:00+00:00,4422.7,4424.2,4410.4,4413.8,3464.3
1786575600,2026-08-12 23:00:00+00:00,4414.0,4427.1,4413.8,4427.0,1596.7
1786579200,2026-08-13 00:00:00+00:00,4427.1,4463.0,4425.8,4440.8,10549.47
1786582800,2026-08-13 01:00:00+00:00,4440.6,4448.0,4418.6,4420.9,7187.81
1786586400,2026-08-13 02:00:00+00:00,4420.7,4426.5,4410.9,4419.6,4335.42
1786590000,2026-08-13 03:00:00+00:00,4419.7,4424.6,4411.9,4412.2,3324.23
1786593600,2026-08-13 04:00:00+00:00,4412.6,4412.6,4403.3,4409.4,4358.36
1786597200,2026-08-13 05:00:00+00:00,4409.1,4419.1,4391.1,4394.3,7549.01
1786600800,2026-08-13 06:00:00+00:00,4396.9,4396.9,4379.5,4391.6,7284.78
1786604400,2026-08-13 07:00:00+00:00,4391.7,4392.5,4379.7,4380.3,5398.52
1786608000,2026-08-13 08:00:00+00:00,4380.3,4389.6,4374.2,4386.3,5222.58
1786611600,2026-08-13 09:00:00+00:00,4386.2,4395.8,4382.5,4395.7,4029.29
1786615200,2026-08-13 10:00:00+00:00,4395.8,4405.4,4392.7,4403.8,3621.53
1786618800,2026-08-13 11:00:00+00:00,4403.5,4408.1,4393.5,4398.3,5713.52
1786622400,2026-08-13 12:00:00+00:00,4398.4,4413.9,4391.0,4412.8,10681.82
1786626000,2026-08-13 13:00:00+00:00,4412.4,4412.9,4381.0,4383.0,13997.35
1786629600,2026-08-13 14:00:00+00:00,4383.2,4398.6,4362.7,4394.8,16987.11
1786633200,2026-08-13 15:00:00+00:00,4395.1,4397.0,4367.5,4376.3,11280.15
1786636800,2026-08-13 16:00:00+00:00,4376.2,4379.5,4361.4,4378.1,9694.95
1786640400,2026-08-13 17:00:00+00:00,4378.2,4384.5,4365.9,4366.3,8363.82
1786644000,2026-08-13 18:00:00+00:00,4366.5,4374.4,4365.3,4367.5,4042.88
1786647600,2026-08-13 19:00:00+00:00,4367.9,4369.4,4353.9,4360.1,5505.51
1786651200,2026-08-13 20:00:00+00:00,4360.1,4362.3,4356.8,4361.0,2230.19
1786658400,2026-08-13 22:00:00+00:00,4362.1,4372.3,4360.5,4364.2,3466.32
1786662000,2026-08-13 23:00:00+00:00,4365.4,4373.3,4359.0,4365.7,4256.91
1786665600,2026-08-14 00:00:00+00:00,4365.5,4371.3,4339.0,4350.3,6563.61
1786669200,2026-08-14 01:00:00+00:00,4350.1,4351.0,4321.4,4327.6,11012.82
1786672800,2026-08-14 02:00:00+00:00,4327.6,4331.9,4319.4,4324.6,5676.03
1786676400,2026-08-14 03:00:00+00:00,4324.6,4337.7,4322.8,4333.5,2914.22
1786680000,2026-08-14 04:00:00+00:00,4333.1,4338.5,4332.2,4335.9,2066.29
1786683600,2026-08-14 05:00:00+00:00,4336.1,4343.4,4319.5,4343.4,5027.51
1786687200,2026-08-14 06:00:00+00:00,4343.5,4346.5,4337.5,4345.5,3572.05
1786690800,2026-08-14 07:00:00+00:00,4345.3,4355.5,4339.6,4353.7,4322.83
1786694400,2026-08-14 08:00:00+00:00,4353.7,4359.6,4352.0,4358.6,4280.7
1786698000,2026-08-14 09:00:00+00:00,4358.4,4367.7,4355.9,4367.5,4546.13
1786701600,2026-08-14 10:00:00+00:00,4367.5,4369.0,4357.6,4359.4,4942.48
1786705200,2026-08-14 11:00:00+00:00,4359.4,4379.9,4358.6,4379.7,5260.02
1786708800,2026-08-14 12:00:00+00:00,4379.4,4397.9,4375.7,4384.8,14766.21
1786712400,2026-08-14 13:00:00+00:00,4384.6,4408.5,4381.2,4395.9,15535.85
1786716000,2026-08-14 14:00:00+00:00,4395.5,4406.1,4390.1,4392.5,11049.44
1786719600,2026-08-14 15:00:00+00:00,4392.6,4406.2,4390.3,4402.9,11256.93
1786723200,2026-08-14 16:00:00+00:00,4402.9,4408.2,4391.1,4396.6,5548.89
1786726800,2026-08-14 17:00:00+00:00,4397.3,4397.3,4387.5,4389.4,5376.4
1786730400,2026-08-14 18:00:00+00:00,4389.8,4393.5,4381.4,4384.2,6825.29
1786734000,2026-08-14 19:00:00+00:00,4384.2,4389.5,4382.5,4385.4,3548.88
1786737600,2026-08-14 20:00:00+00:00,4385.3,4386.3,4380.8,4386.0,2138.1
1786741200,2026-08-14 21:00:00+00:00,4385.9,4391.2,4385.9,4391.2,1.2
1786917600,2026-08-16 22:00:00+00:00,4387.6,4396.4,4383.2,4395.5,1870.76
1786921200,2026-08-16 23:00:00+00:00,4395.7,4395.8,4376.2,4379.4,3066.16
1786924800,2026-08-17 00:00:00+00:00,4379.9,4413.3,4377.4,4411.2,5900.92
1786928400,2026-08-17 01:00:00+00:00,4411.0,4427.1,4402.5,4405.9,8413.22
1786932000,2026-08-17 02:00:00+00:00,4405.8,4408.6,4398.8,4403.7,3523.25
1786935600,2026-08-17 03:00:00+00:00,4404.1,4407.7,4398.4,4407.6,2213.74
1786939200,2026-08-17 04:00:00+00:00,4407.4,4410.2,4399.4,4401.0,2666.14
1786942800,2026-08-17 05:00:00+00:00,4401.2,4411.6,4397.3,4405.2,3863.02
1786946400,2026-08-17 06:00:00+00:00,4405.5,4414.6,4403.0,4413.2,4413.86
1786950000,2026-08-17 07:00:00+00:00,4412.9,4421.8,4406.1,4415.4,5424.64
1786953600,2026-08-17 08:00:00+00:00,4415.7,4415.7,4402.7,4405.0,3272.44
1786957200,2026-08-17 09:00:00+00:00,4405.2,4410.9,4403.1,4406.3,3614.21
1786960800,2026-08-17 10:00:00+00:00,4406.3,4416.5,4399.6,4409.7,5626.17
1786964400,2026-08-17 11:00:00+00:00,4409.8,4415.7,4405.7,4407.3,4334.96
1786968000,2026-08-17 12:00:00+00:00,4407.0,4409.3,4387.3,4395.3,10586.33
1786971600,2026-08-17 13:00:00+00:00,4395.6,4426.9,4392.0,4419.2,12642.47
1786975200,2026-08-17 14:00:00+00:00,4419.2,4438.8,4414.3,4428.4,18180.1
1786978800,2026-08-17 15:00:00+00:00,4428.5,4439.2,4425.7,4438.7,7395.87
1786982400,2026-08-17 16:00:00+00:00,4438.9,4440.4,4433.6,4435.4,5395.9
1786986000,2026-08-17 17:00:00+00:00,4435.6,4437.6,4422.1,4424.9,8593.2
1786989600,2026-08-17 18:00:00+00:00,4425.2,4427.9,4408.4,4417.0,9356.94
1786993200,2026-08-17 19:00:00+00:00,4416.8,4430.9,4410.5,4429.6,5470.26
1786996800,2026-08-17 20:00:00+00:00,4429.8,4431.4,4425.0,4427.0,1224.96
1787004000,2026-08-17 22:00:00+00:00,4427.3,4429.8,4420.4,4421.8,3450.58
1787007600,2026-08-17 23:00:00+00:00,4421.9,4436.0,4419.9,4435.9,2543.52
1787011200,2026-08-18 00:00:00+00:00,4436.2,4445.6,4428.9,4445.1,5078.82
1787014800,2026-08-18 01:00:00+00:00,4445.5,4447.0,4414.8,4418.5,6687.99
1787018400,2026-08-18 02:00:00+00:00,4418.5,4418.8,4403.9,4410.0,5595.66
1787022000,2026-08-18 03:00:00+00:00,4410.0,4414.4,4400.2,4402.0,3494.84
1787025600,2026-08-18 04:00:00+00:00,4401.3,4404.8,4397.9,4402.8,3116.4900000000002
1787029200,2026-08-18 05:00:00+00:00,4402.6,4407.1,4395.3,4404.1,3657.2799999999997
1787032800,2026-08-18 06:00:00+00:00,4403.3,4409.5,4397.1,4408.0,4409.39
1787036400,2026-08-18 07:00:00+00:00,4408.2,4413.4,4405.1,4405.1,3935.96
1787040000,2026-08-18 08:00:00+00:00,4405.5,4408.1,4396.3,4402.8,4596.14
1787043600,2026-08-18 09:00:00+00:00,4402.7,4405.2,4396.9,4403.6,3437.62
1787047200,2026-08-18 10:00:00+00:00,4403.6,4410.1,4400.0,4408.3,2509.79
1787050800,2026-08-18 11:00:00+00:00,4408.1,4409.7,4398.7,4406.2,3031.94
1787054400,2026-08-18 12:00:00+00:00,4406.5,4411.2,4399.7,4404.6,6983.76
1787058000,2026-08-18 13:00:00+00:00,4404.4,4416.9,4384.8,4404.9,18667.49
1787061600,2026-08-18 14:00:00+00:00,4404.4,4416.7,4373.0,4376.2,22663.47
1787065200,2026-08-18 15:00:00+00:00,4376.5,4388.0,4360.7,4374.1,19341.26
1787068800,2026-08-18 16:00:00+00:00,4374.2,4380.9,4371.7,4372.9,5586.58
1787072400,2026-08-18 17:00:00+00:00,4373.0,4377.7,4366.3,4367.1,5375.16
1787076000,2026-08-18 18:00:00+00:00,4367.5,4370.4,4361.8,4363.3,4441.98
1787079600,2026-08-18 19:00:00+00:00,4363.4,4367.6,4346.2,4353.9,8136.35
1787083200,2026-08-18 20:00:00+00:00,4354.0,4355.1,4337.2,4343.4,3707.73
1787090400,2026-08-18 22:00:00+00:00,4345.3,4349.2,4339.7,4340.7,3432.37
1787094000,2026-08-18 23:00:00+00:00,4341.1,4345.4,4333.5,4339.9,3916.25
1787097600,2026-08-19 00:00:00+00:00,4340.0,4354.9,4338.5,4345.7,5439.45
1787101200,2026-08-19 01:00:00+00:00,4345.4,4365.0,4331.9,4364.1,10298.63
1787104800,2026-08-19 02:00:00+00:00,4363.9,4369.7,4358.9,4362.4,5936.83
1787108400,2026-08-19 03:00:00+00:00,4362.3,4368.0,4359.2,4362.9,2246.46
1787112000,2026-08-19 04:00:00+00:00,4363.5,4363.5,4350.4,4355.7,3209.43
1787115600,2026-08-19 05:00:00+00:00,4355.6,4358.1,4342.1,4342.9,5767.51
1787119200,2026-08-19 06:00:00+00:00,4342.9,4357.0,4342.6,4356.7,6532.82
1787122800,2026-08-19 07:00:00+00:00,4356.7,4371.1,4355.0,4362.2,5689.28
1787126400,2026-08-19 08:00:00+00:00,4362.3,4371.1,4358.7,4363.6,4937.79
1787130000,2026-08-19 09:00:00+00:00,4363.6,4370.3,4361.3,4370.3,3484.18
1787133600,2026-08-19 10:00:00+00:00,4370.4,4378.0,4367.7,4376.1,3843.57
1787137200,2026-08-19 11:00:00+00:00,4376.3,4383.0,4371.6,4373.0,4679.81
1787140800,2026-08-19 12:00:00+00:00,4373.6,4453.7,4370.9,4450.2,42539.5
1787144400,2026-08-19 13:00:00+00:00,4450.2,4477.9,4434.7,4471.7,49257.38
1787148000,2026-08-19 14:00:00+00:00,4471.9,4511.5,4467.4,4500.7,41136.53
1787151600,2026-08-19 15:00:00+00:00,4500.9,4506.7,4490.4,4506.1,16896.46
1787155200,2026-08-19 16:00:00+00:00,4506.1,4511.4,4502.3,4504.9,10776.32
1787158800,2026-08-19 17:00:00+00:00,4504.9,4510.9,4495.8,4498.9,11467.31
1787162400,2026-08-19 18:00:00+00:00,4498.8,4509.9,4484.3,4507.2,19183.1
1787166000,2026-08-19 19:00:00+00:00,4507.2,4523.5,4506.2,4521.9,12364.81
1787169600,2026-08-19 20:00:00+00:00,4522.3,4536.7,4516.7,4534.6,7332.32
1787176800,2026-08-19 22:00:00+00:00,4533.9,4537.7,4527.4,4529.8,3407.1
1787180400,2026-08-19 23:00:00+00:00,4530.3,4535.1,4522.3,4523.1,2996.25
1787184000,2026-08-20 00:00:00+00:00,4522.6,4532.5,4514.1,4515.9,4903.2
1787187600,2026-08-20 01:00:00+00:00,4516.2,4521.8,4496.0,4501.3,10251.43
1787191200,2026-08-20 02:00:00+00:00,4501.2,4511.5,4500.0,4502.0,5087.86
1787194800,2026-08-20 03:00:00+00:00,4502.1,4512.7,4499.6,4509.6,3579.28
1787198400,2026-08-20 04:00:00+00:00,4510.3,4510.5,4497.3,4500.0,3388.1
1787202000,2026-08-20 05:00:00+00:00,4505.3,4505.3,4488.7,4492.4,4489.29
1787205600,2026-08-20 06:00:00+00:00,4492.5,4507.4,4491.1,4504.7,7085.03
1787209200,2026-08-20 07:00:00+00:00,4506.6,4506.6,4494.0,4501.5,5709.87
1787212800,2026-08-20 08:00:00+00:00,4501.8,4509.8,4497.8,4500.0,6441.58
1787216400,2026-08-20 09:00:00+00:00,4500.1,4504.9,4492.1,4492.8,5353.72
1787220000,2026-08-20 10:00:00+00:00,4493.0,4506.4,4490.9,4500.3,4864.16
1787223600,2026-08-20 11:00:00+00:00,4500.6,4501.8,4475.1,4477.0,12239.55
1787227200,2026-08-20 12:00:00+00:00,4477.2,4486.2,4459.9,4483.6,20328.28
1787230800,2026-08-20 13:00:00+00:00,4483.7,4498.3,4478.0,4490.9,18561.45
1787234400,2026-08-20 14:00:00+00:00,4490.7,4525.9,4489.7,4525.6,22073.98
1787238000,2026-08-20 15:00:00+00:00,4525.7,4551.0,4517.4,4531.2,37821.12
1787241600,2026-08-20 16:00:00+00:00,4531.4,4534.6,4513.1,4520.6,9789.52
1787245200,2026-08-20 17:00:00+00:00,4520.6,4530.8,4518.0,4529.9,7585.49
1787248800,2026-08-20 18:00:00+00:00,4529.9,4535.6,4518.6,4532.4,6436.83
1787252400,2026-08-20 19:00:00+00:00,4532.2,4541.9,4528.6,4538.8,4879.82
1787256000,2026-08-20 20:00:00+00:00,4538.4,4539.1,4526.9,4529.0,2318.6
1787263200,2026-08-20 22:00:00+00:00,4530.9,4534.1,4524.9,4534.1,3474.76
1787266800,2026-08-20 23:00:00+00:00,4533.8,4542.9,4531.0,4536.1,4045.28
1787270400,2026-08-21 00:00:00+00:00,4536.2,4537.6,4520.2,4521.1,3612.31
1787274000,2026-08-21 01:00:00+00:00,4521.1,4554.2,4519.4,4540.9,8268.97
1787277600,2026-08-21 02:00:00+00:00,4540.7,4553.1,4527.9,4543.9,6317.79
1787281200,2026-08-21 03:00:00+00:00,4543.9,4548.6,4536.5,4544.8,2824.57
1787284800,2026-08-21 04:00:00+00:00,4545.1,4558.3,4545.1,4550.7,4789.47
1787288400,2026-08-21 05:00:00+00:00,4550.3,4566.3,4539.3,4564.0,6819.96
1787292000,2026-08-21 06:00:00+00:00,4563.8,4578.6,4555.7,4571.8,10724.789999999999
1787295600,2026-08-21 07:00:00+00:00,4571.7,4578.9,4569.3,4574.9,6981.15
1787299200,2026-08-21 08:00:00+00:00,4575.3,4595.9,4569.7,4594.9,11884.95
1787302800,2026-08-21 09:00:00+00:00,4595.0,4613.3,4591.5,4593.6,16129.66
1787306400,2026-08-21 10:00:00+00:00,4593.3,4605.5,4588.4,4599.7,8285.31
1787310000,2026-08-21 11:00:00+00:00,4599.4,4615.6,4598.2,4608.3,9229.24
1787313600,2026-08-21 12:00:00+00:00,4608.6,4613.0,4574.4,4588.6,21044.04
1787317200,2026-08-21 13:00:00+00:00,4588.5,4604.1,4583.9,4592.2,17735.01
1787320800,2026-08-21 14:00:00+00:00,4592.0,4614.1,4590.4,4602.0,20250.34
1787324400,2026-08-21 15:00:00+00:00,4602.4,4626.9,4598.0,4625.9,15416.74
1787328000,2026-08-21 16:00:00+00:00,4626.0,4641.1,4620.2,4640.5,12262.68
1787331600,2026-08-21 17:00:00+00:00,4640.6,4644.3,4627.3,4632.6,17253.47
1787335200,2026-08-21 18:00:00+00:00,4632.9,4640.0,4631.4,4635.7,5788.18
1787338800,2026-08-21 19:00:00+00:00,4636.0,4637.0,4626.9,4628.6,5448.79
1787342400,2026-08-21 20:00:00+00:00,4628.5,4634.5,4614.9,4634.5,2976.61
1787522400,2026-08-23 22:00:00+00:00,4629.3,4633.0,4616.9,4617.0,2343.92
1787526000,2026-08-23 23:00:00+00:00,4617.4,4635.9,4615.8,4635.5,4081.1
1787529600,2026-08-24 00:00:00+00:00,4635.5,4652.5,4605.7,4632.7,11334.61
1787533200,2026-08-24 01:00:00+00:00,4632.9,4648.2,4618.5,4642.5,10556.99
1787536800,2026-08-24 02:00:00+00:00,4642.6,4667.7,4638.2,4654.3,11505.4
1787540400,2026-08-24 03:00:00+00:00,4654.3,4660.9,4643.9,4652.1,4093.29
1787544000,2026-08-24 04:00:00+00:00,4652.1,4652.9,4642.8,4649.1,2813.21
1787547600,2026-08-24 05:00:00+00:00,4649.7,4656.4,4639.4,4651.2,4713.59
1787551200,2026-08-24 06:00:00+00:00,4651.4,4670.6,4649.7,4660.6,9670.53
1787554800,2026-08-24 07:00:00+00:00,4660.3,4664.9,4639.9,4651.3,8510.46
1787558400,2026-08-24 08:00:00+00:00,4651.7,4655.9,4638.1,4647.4,8671.71
1787562000,2026-08-24 09:00:00+00:00,4647.6,4656.6,4642.7,4656.3,8943.48
1787565600,2026-08-24 10:00:00+00:00,4656.3,4660.9,4652.5,4654.2,6279.87
1787569200,2026-08-24 11:00:00+00:00,4654.0,4682.2,4650.1,4668.9,16088.71
1787572800,2026-08-24 12:00:00+00:00,4669.1,4680.8,4655.9,4674.6,12555.29
1787576400,2026-08-24 13:00:00+00:00,4674.8,4692.4,4667.2,4675.7,21496.34
1787580000,2026-08-24 14:00:00+00:00,4675.4,4690.0,4665.9,4681.5,18169.0
1787583600,2026-08-24 15:00:00+00:00,4681.7,4690.9,4650.4,4659.9,20991.04
1787587200,2026-08-24 16:00:00+00:00,4659.9,4673.5,4651.8,4655.8,12056.18
1787590800,2026-08-24 17:00:00+00:00,4656.0,4666.6,4640.5,4647.2,17757.46
1787594400,2026-08-24 18:00:00+00:00,4646.9,4652.9,4635.1,4646.9,11264.35
1787598000,2026-08-24 19:00:00+00:00,4646.1,4666.0,4646.1,4661.4,5337.22
1787601600,2026-08-24 20:00:00+00:00,4661.8,4665.4,4657.3,4663.9,3896.24
1787608800,2026-08-24 22:00:00+00:00,4664.0,4679.5,4662.3,4678.4,3475.11
1787612400,2026-08-24 23:00:00+00:00,4678.5,4694.5,4676.9,4691.1,4933.77
1787616000,2026-08-25 00:00:00+00:00,4691.2,4708.9,4686.6,4694.9,9245.28
1787619600,2026-08-25 01:00:00+00:00,4694.7,4697.2,4667.1,4668.6,11465.43
1787623200,2026-08-25 02:00:00+00:00,4668.4,4672.2,4624.4,4639.4,16345.31
1787626800,2026-08-25 03:00:00+00:00,4639.6,4651.6,4632.0,4642.2,5647.65
1787630400,2026-08-25 04:00:00+00:00,4647.4,4647.4,4633.4,4635.0,3323.63
1787634000,2026-08-25 05:00:00+00:00,4635.2,4657.9,4633.2,4652.4,7471.69
1787637600,2026-08-25 06:00:00+00:00,4652.3,4663.5,4646.9,4648.5,5699.9
1787641200,2026-08-25 07:00:00+00:00,4648.9,4654.2,4639.7,4640.0,6601.12
1787644800,2026-08-25 08:00:00+00:00,4640.0,4655.9,4630.2,4639.6,8861.23
1787648400,2026-08-25 09:00:00+00:00,4639.6,4652.0,4633.4,4645.6,7456.08
1787652000,2026-08-25 10:00:00+00:00,4645.5,4652.1,4642.0,4648.9,3772.44
1787655600,2026-08-25 11:00:00+00:00,4648.7,4657.4,4645.8,4652.3,5755.59
1787659200,2026-08-25 12:00:00+00:00,4652.6,4653.5,4639.2,4649.6,10431.66
1787662800,2026-08-25 13:00:00+00:00,4650.2,4650.5,4613.4,4625.3,21618.16
1787666400,2026-08-25 14:00:00+00:00,4625.2,4649.9,4621.2,4645.5,19458.88
1787670000,2026-08-25 15:00:00+00:00,4645.7,4670.3,4639.0,4663.4,15867.57
1787673600,2026-08-25 16:00:00+00:00,4663.5,4664.1,4648.2,4654.7,10593.69
1787677200,2026-08-25 17:00:00+00:00,4654.5,4659.7,4645.2,4659.7,8711.95
1787680800,2026-08-25 18:00:00+00:00,4659.7,4665.7,4655.6,4665.3,4408.12
1787684400,2026-08-25 19:00:00+00:00,4665.3,4679.5,4664.3,4677.3,8374.61
1787688000,2026-08-25 20:00:00+00:00,4677.2,4679.9,4668.0,4669.8,3362.19
1787695200,2026-08-25 22:00:00+00:00,4669.6,4684.8,4666.0,4683.6,3504.87
1787698800,2026-08-25 23:00:00+00:00,4683.6,4684.5,4664.2,4666.0,3021.51
1787702400,2026-08-26 00:00:00+00:00,4665.8,4669.1,4645.0,4648.1,5875.79
1787706000,2026-08-26 01:00:00+00:00,4648.5,4671.6,4640.1,4667.7,8860.66
1787709600,2026-08-26 02:00:00+00:00,4667.5,4681.9,4665.5,4669.1,5287.69
1787713200,2026-08-26 03:00:00+00:00,4669.3,4669.8,4653.5,4655.0,4310.33
1787716800,2026-08-26 04:00:00+00:00,4655.1,4655.1,4649.6,4651.5,2193.32
1787720400,2026-08-26 05:00:00+00:00,4651.4,4660.2,4646.1,4650.2,4074.07
1787724000,2026-08-26 06:00:00+00:00,4650.1,4651.9,4635.0,4644.5,5336.12
1787727600,2026-08-26 07:00:00+00:00,4644.5,4649.6,4636.5,4639.0,4714.18
1787731200,2026-08-26 08:00:00+00:00,4638.8,4640.6,4631.2,4637.6,4292.64
1787734800,2026-08-26 09:00:00+00:00,4637.9,4640.9,4625.2,4633.4,6516.46
1787738400,2026-08-26 10:00:00+00:00,4633.5,4634.0,4622.7,4629.8,4276.62
1787742000,2026-08-26 11:00:00+00:00,4630.2,4634.9,4626.0,4634.2,4753.16
1787745600,2026-08-26 12:00:00+00:00,4634.5,4643.9,4619.9,4623.4,15641.09
1787749200,2026-08-26 13:00:00+00:00,4623.9,4640.9,4607.2,4640.5,23413.28
1787752800,2026-08-26 14:00:00+00:00,4640.6,4642.5,4611.9,4612.1,14591.51
1787756400,2026-08-26 15:00:00+00:00,4612.4,4618.5,4592.1,4605.3,21807.81
1787760000,2026-08-26 16:00:00+00:00,4605.5,4610.7,4594.7,4601.0,13590.32
1787763600,2026-08-26 17:00:00+00:00,4601.0,4611.5,4599.8,4607.1,7061.2
1787767200,2026-08-26 18:00:00+00:00,4607.0,4614.2,4601.4,4602.4,5557.51
1787770800,2026-08-26 19:00:00+00:00,4602.7,4610.2,4599.6,4602.8,4164.6
1787774400,2026-08-26 20:00:00+00:00,4602.9,4605.3,4592.5,4601.7,1982.86
1787781600,2026-08-26 22:00:00+00:00,4603.9,4621.6,4602.0,4617.2,3449.78
1787785200,2026-08-26 23:00:00+00:00,4617.1,4632.8,4614.8,4631.4,4138.65
1787788800,2026-08-27 00:00:00+00:00,4631.8,4634.9,4608.4,4613.1,5576.56
1787792400,2026-08-27 01:00:00+00:00,4612.8,4649.3,4610.1,4648.5,8573.55
1787796000,2026-08-27 02:00:00+00:00,4648.5,4651.6,4632.0,4637.6,6414.82
1787799600,2026-08-27 03:00:00+00:00,4637.7,4647.0,4632.7,4632.9,2674.5
1787803200,2026-08-27 04:00:00+00:00,4635.7,4635.7,4625.3,4626.9,2696.01
1787806800,2026-08-27 05:00:00+00:00,4627.2,4629.7,4608.9,4615.1,7011.39
1787810400,2026-08-27 06:00:00+00:00,4614.9,4619.6,4605.6,4608.2,8153.82
1787814000,2026-08-27 07:00:00+00:00,4608.2,4613.6,4601.1,4607.3,5755.83
1787817600,2026-08-27 08:00:00+00:00,4607.9,4614.4,4601.8,4606.2,4189.81
1787821200,2026-08-27 09:00:00+00:00,4606.2,4607.7,4584.9,4587.1,10294.14
1787824800,2026-08-27 10:00:00+00:00,4586.8,4597.5,4572.8,4596.9,8643.39
1787828400,2026-08-27 11:00:00+00:00,4597.0,4607.6,4594.1,4606.2,8036.23
1787832000,2026-08-27 12:00:00+00:00,4605.9,4608.6,4587.6,4593.2,9463.68
1787835600,2026-08-27 13:00:00+00:00,4593.1,4600.3,4569.9,4579.8,16592.52
1787839200,2026-08-27 14:00:00+00:00,4579.5,4605.9,4575.6,4599.0,16247.58
1787842800,2026-08-27 15:00:00+00:00,4598.9,4619.4,4596.6,4618.4,9106.91
1787846400,2026-08-27 16:00:00+00:00,4618.6,4624.8,4610.4,4623.2,7592.71
1787850000,2026-08-27 17:00:00+00:00,4623.1,4624.6,4613.0,4614.3,5577.2699999999995
1787853600,2026-08-27 18:00:00+00:00,4614.5,4619.1,4608.6,4618.2,3916.51
1787857200,2026-08-27 19:00:00+00:00,4618.6,4626.3,4612.2,4616.6,4607.36
1787860800,2026-08-27 20:00:00+00:00,4616.7,4617.5,4607.7,4608.7,1461.36
1787868000,2026-08-27 22:00:00+00:00,4609.9,4618.0,4607.8,4618.0,3447.94
1787871600,2026-08-27 23:00:00+00:00,4617.9,4618.7,4601.2,4601.5,2775.84
1787875200,2026-08-28 00:00:00+00:00,4601.7,4609.6,4592.4,4595.1,3279.62
1787878800,2026-08-28 01:00:00+00:00,4596.3,4609.3,4582.0,4582.8,6270.38
1787882400,2026-08-28 02:00:00+00:00,4582.5,4596.3,4581.9,4592.8,2880.07
1787886000,2026-08-28 03:00:00+00:00,4592.6,4596.2,4584.8,4585.3,2115.18
1787889600,2026-08-28 04:00:00+00:00,4586.2,4591.4,4583.9,4590.3,1885.09
1787893200,2026-08-28 05:00:00+00:00,4590.6,4592.5,4576.9,4579.4,3483.12
1787896800,2026-08-28 06:00:00+00:00,4579.6,4620.1,4578.4,4619.4,7078.78
1787900400,2026-08-28 07:00:00+00:00,4619.3,4621.3,4602.6,4618.9,7138.33
1787904000,2026-08-28 08:00:00+00:00,4618.8,4621.6,4608.2,4610.2,4293.35
1787907600,2026-08-28 09:00:00+00:00,4610.3,4615.3,4607.4,4612.6,3342.51
1787911200,2026-08-28 10:00:00+00:00,4612.7,4617.4,4604.2,4607.0,3849.3
1787914800,2026-08-28 11:00:00+00:00,4607.0,4608.1,4597.5,4599.5,5137.38
1787918400,2026-08-28 12:00:00+00:00,4599.5,4610.3,4595.1,4608.0,8053.14
1787922000,2026-08-28 13:00:00+00:00,4608.1,4634.7,4599.8,4611.4,15150.95
1787925600,2026-08-28 14:00:00+00:00,4611.3,4641.9,4534.1,4582.9,85773.8
1787929200,2026-08-28 15:00:00+00:00,4583.2,4590.0,4528.7,4529.6,38756.5
1787932800,2026-08-28 16:00:00+00:00,4529.8,4534.8,4469.2,4483.8,50861.88
1787936400,2026-08-28 17:00:00+00:00,4484.0,4491.1,4464.4,4473.6,23076.23
1787940000,2026-08-28 18:00:00+00:00,4473.6,4475.8,4448.9,4460.4,18258.07
1787943600,2026-08-28 19:00:00+00:00,4460.4,4471.1,4456.2,4461.8,9496.63
1787947200,2026-08-28 20:00:00+00:00,4461.8,4483.8,4456.6,4483.8,3634.09
1788127200,2026-08-30 22:00:00+00:00,4460.2,4469.8,4456.1,4464.8,4878.62
1788130800,2026-08-30 23:00:00+00:00,4464.7,4470.5,4439.1,4461.7,6566.57
1788134400,2026-08-31 00:00:00+00:00,4461.7,4475.4,4455.3,4459.6,5893.53
1788138000,2026-08-31 01:00:00+00:00,4459.7,4466.3,4438.9,4443.5,11785.05
1788141600,2026-08-31 02:00:00+00:00,4443.0,4444.6,4399.5,4426.2,15570.789999999999
1788145200,2026-08-31 03:00:00+00:00,4426.2,4437.5,4423.4,4425.9,5389.68
1788148800,2026-08-31 04:00:00+00:00,4426.2,4428.9,4416.4,4428.5,4002.04
1788152400,2026-08-31 05:00:00+00:00,4428.5,4447.4,4423.1,4446.6,5736.13
1788156000,2026-08-31 06:00:00+00:00,4446.6,4446.9,4432.8,4443.3,5031.04
1788159600,2026-08-31 07:00:00+00:00,4443.1,4452.4,4438.9,4447.2,5151.32
1788163200,2026-08-31 08:00:00+00:00,4453.6,4453.6,4437.8,4439.5,3957.97
1788166800,2026-08-31 09:00:00+00:00,4439.7,4449.9,4439.6,4449.9,3330.77
1788170400,2026-08-31 10:00:00+00:00,4449.8,4460.6,4449.1,4458.4,4478.78
1788174000,2026-08-31 11:00:00+00:00,4458.5,4468.8,4457.0,4460.1,5136.11
1788177600,2026-08-31 12:00:00+00:00,4460.0,4465.8,4440.4,4440.8,11748.43
1788181200,2026-08-31 13:00:00+00:00,4440.6,4453.4,4420.3,4423.0,17182.6
1788184800,2026-08-31 14:00:00+00:00,4423.2,4441.1,4420.6,4435.6,14725.57
1788188400,2026-08-31 15:00:00+00:00,4435.6,4441.8,4428.2,4429.4,9066.02
1788192000,2026-08-31 16:00:00+00:00,4429.8,4444.2,4426.9,4436.5,6976.76
1788195600,2026-08-31 17:00:00+00:00,4436.7,4443.6,4431.7,4439.5,7870.46
1788199200,2026-08-31 18:00:00+00:00,4439.9,4440.0,4429.4,4434.2,3881.27
1788202800,2026-08-31 19:00:00+00:00,4434.6,4456.6,4432.3,4455.9,7770.38
1788206400,2026-08-31 20:00:00+00:00,4456.2,4458.8,4449.8,4451.2,2071.99
1788213600,2026-08-31 22:00:00+00:00,4452.6,4458.7,4448.2,4449.4,3453.08
1788217200,2026-08-31 23:00:00+00:00,4449.7,4454.9,4444.2,4454.9,1972.63
1788220800,2026-09-01 00:00:00+00:00,4455.2,4464.4,4448.9,4456.6,3963.15
1788224400,2026-09-01 01:00:00+00:00,4456.5,4459.8,4439.1,4447.0,4512.02
1788228000,2026-09-01 02:00:00+00:00,4446.8,4452.1,4431.0,4446.3,5614.37
1788231600,2026-09-01 03:00:00+00:00,4446.6,4447.4,4434.8,4440.9,4369.79
1788235200,2026-09-01 04:00:00+00:00,4439.6,4440.6,4427.8,4429.1,4601.22
1788238800,2026-09-01 05:00:00+00:00,4425.8,4448.6,4425.8,4442.9,4364.37
1788242400,2026-09-01 06:00:00+00:00,4442.4,4443.0,4430.2,4431.9,3690.79
1788246000,2026-09-01 07:00:00+00:00,4432.0,4437.5,4414.4,4422.6,8406.67
1788249600,2026-09-01 08:00:00+00:00,4422.5,4422.5,4371.8,4373.3,20869.31
1788253200,2026-09-01 09:00:00+00:00,4380.5,4380.5,4366.9,4367.6,11924.75
1788256800,2026-09-01 10:00:00+00:00,4367.6,4388.5,4366.9,4380.8,8282.38
1788260400,2026-09-01 11:00:00+00:00,4380.9,4389.6,4374.4,4376.8,7367.32
1788264000,2026-09-01 12:00:00+00:00,4376.9,4378.8,4354.3,4358.6,17672.43
1788267600,2026-09-01 13:00:00+00:00,4358.5,4369.8,4328.0,4367.8,37728.77
1788271200,2026-09-01 14:00:00+00:00,4368.1,4378.2,4355.4,4362.7,19713.329999999998
1788274800,2026-09-01 15:00:00+00:00,4363.0,4376.6,4357.3,4375.6,9263.44
1788278400,2026-09-01 16:00:00+00:00,4375.5,4377.2,4349.3,4353.5,13382.49
1788282000,2026-09-01 17:00:00+00:00,4353.7,4354.2,4342.9,4345.0,11441.18
1788285600,2026-09-01 18:00:00+00:00,4345.2,4346.6,4329.5,4333.3,9011.64
1788289200,2026-09-01 19:00:00+00:00,4333.0,4339.1,4323.6,4327.9,8158.860000000001
1788292800,2026-09-01 20:00:00+00:00,4328.0,4331.8,4324.6,4329.6,5237.98
1788300000,2026-09-01 22:00:00+00:00,4334.9,4334.9,4326.6,4329.6,3491.45
1788303600,2026-09-01 23:00:00+00:00,4329.6,4335.9,4321.6,4324.5,3935.16
1788307200,2026-09-02 00:00:00+00:00,4324.6,4334.8,4314.6,4316.4,9359.8
1788310800,2026-09-02 01:00:00+00:00,4316.0,4327.4,4287.8,4292.0,15561.04
1788314400,2026-09-02 02:00:00+00:00,4291.7,4316.0,4288.5,4303.9,10764.67
1788318000,2026-09-02 03:00:00+00:00,4303.9,4305.3,4283.1,4302.7,9719.46
1788321600,2026-09-02 04:00:00+00:00,4303.8,4308.3,4301.7,4307.6,3411.35
1788325200,2026-09-02 05:00:00+00:00,4307.8,4327.0,4303.9,4320.6,7001.43
1788328800,2026-09-02 06:00:00+00:00,4320.7,4329.8,4315.1,4322.2,6973.23
1788332400,2026-09-02 07:00:00+00:00,4322.3,4331.7,4319.7,4323.7,5002.18
1788336000,2026-09-02 08:00:00+00:00,4324.0,4332.3,4313.0,4313.5,5993.69
1788339600,2026-09-02 09:00:00+00:00,4313.5,4323.1,4306.2,4309.8,5475.72
1788343200,2026-09-02 10:00:00+00:00,4309.8,4313.7,4303.0,4310.5,4281.58
1788346800,2026-09-02 11:00:00+00:00,4310.2,4334.1,4308.8,4333.5,8592.05
1788350400,2026-09-02 12:00:00+00:00,4333.4,4345.3,4328.3,4332.2,15635.51
1788354000,2026-09-02 13:00:00+00:00,4332.2,4387.4,4331.4,4386.9,32475.48
1788357600,2026-09-02 14:00:00+00:00,4386.8,4398.3,4375.3,4378.1,23881.74
1788361200,2026-09-02 15:00:00+00:00,4378.0,4381.7,4365.3,4373.8,12909.59
1788364800,2026-09-02 16:00:00+00:00,4373.6,4375.6,4365.0,4369.0,5853.43
1788368400,2026-09-02 17:00:00+00:00,4369.1,4381.3,4365.1,4377.3,8310.11
1788372000,2026-09-02 18:00:00+00:00,4377.6,4380.2,4369.8,4374.2,5381.74
1788375600,2026-09-02 19:00:00+00:00,4374.7,4391.8,4372.2,4391.6,5604.56
1788379200,2026-09-02 20:00:00+00:00,4392.1,4392.1,4384.5,4388.2,2539.62
1788386400,2026-09-02 22:00:00+00:00,4390.3,4392.0,4382.3,4383.7,3490.35
1788390000,2026-09-02 23:00:00+00:00,4384.1,4388.3,4380.6,4384.9,1924.79
1788393600,2026-09-03 00:00:00+00:00,4385.1,4396.8,4381.7,4394.4,4081.48
1788397200,2026-09-03 01:00:00+00:00,4394.7,4411.5,4386.1,4408.9,10957.59
1788400800,2026-09-03 02:00:00+00:00,4409.1,4420.1,4406.1,4419.9,6994.69
1788404400,2026-09-03 03:00:00+00:00,4419.9,4432.1,4418.8,4431.0,7157.5
1788408000,2026-09-03 04:00:00+00:00,4431.2,4437.8,4424.7,4436.9,5907.23
1788411600,2026-09-03 05:00:00+00:00,4437.0,4439.9,4422.1,4430.9,10421.01
1788415200,2026-09-03 06:00:00+00:00,4430.9,4436.1,4416.7,4420.3,9032.89
1788418800,2026-09-03 07:00:00+00:00,4419.9,4431.4,4418.5,4428.6,7323.79
1788422400,2026-09-03 08:00:00+00:00,4428.4,4443.9,4427.5,4435.0,10942.5
1788426000,2026-09-03 09:00:00+00:00,4435.2,4442.1,4425.9,4427.8,8866.88
1788429600,2026-09-03 10:00:00+00:00,4428.0,4430.0,4418.8,4427.1,5624.57
1788433200,2026-09-03 11:00:00+00:00,4427.0,4447.3,4425.0,4444.1,8147.79
1788436800,2026-09-03 12:00:00+00:00,4443.9,4496.5,4438.0,4494.8,31487.68
1788440400,2026-09-03 13:00:00+00:00,4494.8,4497.6,4456.7,4471.0,29905.26
1788444000,2026-09-03 14:00:00+00:00,4471.0,4485.8,4456.8,4485.8,19291.07
1788447600,2026-09-03 15:00:00+00:00,4485.9,4512.4,4484.8,4494.7,25347.71
1788451200,2026-09-03 16:00:00+00:00,4494.6,4497.3,4486.9,4487.6,7015.17
1788454800,2026-09-03 17:00:00+00:00,4487.8,4495.9,4484.5,4489.6,8502.85
1788458400,2026-09-03 18:00:00+00:00,4488.5,4491.0,4475.1,4476.8,7677.28
1788462000,2026-09-03 19:00:00+00:00,4476.7,4482.6,4474.2,4476.8,5676.79
1788465600,2026-09-03 20:00:00+00:00,4476.6,4477.2,4471.6,4473.9,2025.28
1788469200,2026-09-03 21:00:00+00:00,4474.2,4474.2,4474.2,4474.2,1.2
1788472800,2026-09-03 22:00:00+00:00,4480.2,4480.2,4472.4,4475.5,3471.39
1788476400,2026-09-03 23:00:00+00:00,4475.4,4481.1,4472.9,4480.8,2725.93
1788480000,2026-09-04 00:00:00+00:00,4480.9,4487.4,4473.2,4486.8,3393.81
1788483600,2026-09-04 01:00:00+00:00,4486.5,4487.5,4466.9,4479.1,6463.11
1788487200,2026-09-04 02:00:00+00:00,4479.2,4482.8,4470.2,4477.7,4170.57
1788490800,2026-09-04 03:00:00+00:00,4477.4,4478.9,4467.5,4467.7,2063.37
1788494400,2026-09-04 04:00:00+00:00,4467.0,4475.4,4465.5,4474.3,2538.76
1788498000,2026-09-04 05:00:00+00:00,4474.2,4477.8,4466.7,4472.1,4856.47
1788501600,2026-09-04 06:00:00+00:00,4472.0,4473.4,4460.5,4463.4,5286.83
1788505200,2026-09-04 07:00:00+00:00,4463.2,4491.7,4461.9,4484.2,8364.59
1788508800,2026-09-04 08:00:00+00:00,4484.3,4487.5,4474.9,4478.2,4373.82
1788512400,2026-09-04 09:00:00+00:00,4478.4,4479.6,4463.9,4465.7,5830.26
1788516000,2026-09-04 10:00:00+00:00,4465.6,4477.0,4465.5,4472.8,2871.29
1788519600,2026-09-04 11:00:00+00:00,4473.1,4473.2,4464.8,4467.0,4001.08
1788523200,2026-09-04 12:00:00+00:00,4467.2,4477.4,4372.9,4394.5,51129.34
1788526800,2026-09-04 13:00:00+00:00,4394.8,4435.7,4365.9,4413.8,37479.22
1788530400,2026-09-04 14:00:00+00:00,4413.9,4443.3,4412.7,4428.2,20385.88
1788534000,2026-09-04 15:00:00+00:00,4428.3,4450.1,4423.4,4437.2,13990.44
1788537600,2026-09-04 16:00:00+00:00,4437.7,4444.9,4433.4,4437.5,7065.69
1788541200,2026-09-04 17:00:00+00:00,4437.4,4441.9,4415.0,4417.9,10854.89
1788544800,2026-09-04 18:00:00+00:00,4418.6,4428.4,4412.9,4425.2,6008.56
1788548400,2026-09-04 19:00:00+00:00,4425.5,4439.5,4423.9,4435.9,5539.12
1788552000,2026-09-04 20:00:00+00:00,4435.7,4436.2,4429.5,4430.5,2091.81
1788840000,2026-09-08 04:00:00+00:00,4437.4,4442.7,4430.9,4435.5,3343.21
1788843600,2026-09-08 05:00:00+00:00,4435.6,4437.3,4416.0,4418.3,4835.47
1788847200,2026-09-08 06:00:00+00:00,4418.3,4419.0,4396.5,4402.2,7872.51
1788850800,2026-09-08 07:00:00+00:00,4402.5,4407.9,4388.2,4390.6,6437.83
1788854400,2026-09-08 08:00:00+00:00,4390.5,4396.9,4385.9,4392.4,5300.44
1788858000,2026-09-08 09:00:00+00:00,4391.9,4404.0,4388.9,4401.1,5153.92
1788861600,2026-09-08 10:00:00+00:00,4401.2,4405.5,4391.9,4393.8,5105.63
1788865200,2026-09-08 11:00:00+00:00,4394.1,4406.3,4389.4,4404.8,4805.43
1788868800,2026-09-08 12:00:00+00:00,4404.8,4410.2,4383.4,4410.0,14554.27
1788872400,2026-09-08 13:00:00+00:00,4410.2,4411.8,4388.6,4394.2,12598.28
1788876000,2026-09-08 14:00:00+00:00,4394.2,4402.9,4387.6,4397.3,11733.45
1788879600,2026-09-08 15:00:00+00:00,4397.7,4408.4,4393.7,4393.7,10193.73
1788883200,2026-09-08 16:00:00+00:00,4393.9,4397.3,4379.0,4392.2,12756.39
1788886800,2026-09-08 17:00:00+00:00,4392.3,4402.5,4383.4,4388.2,8413.24
1788890400,2026-09-08 18:00:00+00:00,4388.4,4388.6,4356.3,4374.0,13857.68
1788894000,2026-09-08 19:00:00+00:00,4374.1,4375.7,4355.0,4358.4,8930.07
1788897600,2026-09-08 20:00:00+00:00,4358.0,4363.4,4334.9,4353.9,6292.72
1788904800,2026-09-08 22:00:00+00:00,4352.9,4356.9,4347.6,4351.3,3449.66
1788908400,2026-09-08 23:00:00+00:00,4351.3,4357.3,4346.3,4347.0,2709.56
1788912000,2026-09-09 00:00:00+00:00,4347.2,4363.4,4338.0,4362.7,5812.84
1788915600,2026-09-09 01:00:00+00:00,4362.5,4375.9,4351.7,4371.6,7792.81
1788919200,2026-09-09 02:00:00+00:00,4371.2,4382.3,4364.9,4379.9,3398.02
1788922800,2026-09-09 03:00:00+00:00,4380.1,4380.5,4373.1,4374.3,1808.87
1788926400,2026-09-09 04:00:00+00:00,4372.6,4380.1,4368.1,4379.2,2537.37
1788930000,2026-09-09 05:00:00+00:00,4379.3,4398.5,4377.8,4396.2,8344.85
1788933600,2026-09-09 06:00:00+00:00,4396.3,4403.8,4392.5,4398.6,7872.08
1788937200,2026-09-09 07:00:00+00:00,4398.3,4410.2,4396.9,4406.8,7084.42
1788940800,2026-09-09 08:00:00+00:00,4406.7,4409.3,4396.5,4398.5,5571.88
1788944400,2026-09-09 09:00:00+00:00,4398.7,4400.2,4386.4,4388.5,5066.12
1788948000,2026-09-09 10:00:00+00:00,4388.4,4400.9,4383.9,4396.8,5776.09
1788951600,2026-09-09 11:00:00+00:00,4397.2,4413.8,4397.1,4405.5,7534.53
1788955200,2026-09-09 12:00:00+00:00,4405.4,4407.5,4389.1,4398.3,9221.27
1788958800,2026-09-09 13:00:00+00:00,4398.1,4432.9,4396.7,4413.2,21761.73
1788962400,2026-09-09 14:00:00+00:00,4413.1,4426.9,4407.5,4417.1,14873.92
1788966000,2026-09-09 15:00:00+00:00,4417.3,4430.9,4373.2,4396.6,36561.27
1788969600,2026-09-09 16:00:00+00:00,4396.8,4409.3,4389.7,4408.3,8404.4
1788973200,2026-09-09 17:00:00+00:00,4408.4,4419.5,4407.7,4415.1,9193.68
1788976800,2026-09-09 18:00:00+00:00,4415.3,4420.6,4400.4,4402.1,6792.93
1788980400,2026-09-09 19:00:00+00:00,4402.1,4404.3,4395.0,4398.3,4762.66
1788984000,2026-09-09 20:00:00+00:00,4398.1,4402.0,4392.8,4401.1,2157.65
1788991200,2026-09-09 22:00:00+00:00,4401.9,4404.3,4395.9,4397.8,3481.45
1788994800,2026-09-09 23:00:00+00:00,4397.9,4401.4,4390.6,4391.4,4215.74
1788998400,2026-09-10 00:00:00+00:00,4391.6,4402.3,4387.1,4398.4,3530.92
1789002000,2026-09-10 01:00:00+00:00,4398.2,4416.4,4397.4,4409.1,5462.35
1789005600,2026-09-10 02:00:00+00:00,4409.1,4418.3,4405.2,4416.6,5362.46
1789009200,2026-09-10 03:00:00+00:00,4416.6,4418.4,4403.8,4405.8,2378.17
1789012800,2026-09-10 04:00:00+00:00,4406.3,4412.3,4402.3,4405.3,1915.99
1789016400,2026-09-10 05:00:00+00:00,4405.1,4429.0,4405.0,4428.9,6527.3
1789020000,2026-09-10 06:00:00+00:00,4429.0,4433.8,4408.3,4423.2,11193.53
1789023600,2026-09-10 07:00:00+00:00,4422.9,4423.4,4401.4,4408.8,8681.69
1789027200,2026-09-10 08:00:00+00:00,4408.6,4409.6,4388.9,4391.7,7168.22
1789030800,2026-09-10 09:00:00+00:00,4391.7,4393.4,4384.9,4390.9,4797.93
1789034400,2026-09-10 10:00:00+00:00,4390.8,4396.7,4370.9,4375.3,10318.22
1789038000,2026-09-10 11:00:00+00:00,4375.0,4387.0,4369.0,4370.6,6758.4
1789041600,2026-09-10 12:00:00+00:00,4370.7,4373.8,4319.3,4335.7,36549.74
1789045200,2026-09-10 13:00:00+00:00,4334.3,4372.0,4334.3,4362.4,27807.13
1789048800,2026-09-10 14:00:00+00:00,4362.2,4373.0,4350.3,4354.0,20354.13
1789052400,2026-09-10 15:00:00+00:00,4354.3,4368.0,4348.5,4361.7,9590.16
1789056000,2026-09-10 16:00:00+00:00,4365.9,4365.9,4349.4,4360.3,9880.62
1789059600,2026-09-10 17:00:00+00:00,4360.1,4364.4,4346.6,4348.1,9575.87
1789063200,2026-09-10 18:00:00+00:00,4348.3,4351.7,4325.2,4328.3,13884.65
1789066800,2026-09-10 19:00:00+00:00,4327.9,4327.9,4308.6,4319.6,12507.58
1789070400,2026-09-10 20:00:00+00:00,4319.4,4319.6,4309.8,4312.4,3158.34
1789077600,2026-09-10 22:00:00+00:00,4313.3,4319.7,4307.9,4312.7,3409.97
1789081200,2026-09-10 23:00:00+00:00,4312.6,4314.9,4305.2,4308.4,2024.6
1789084800,2026-09-11 00:00:00+00:00,4309.4,4328.0,4307.1,4326.1,3924.86
1789088400,2026-09-11 01:00:00+00:00,4326.2,4334.6,4314.9,4323.0,7755.24
1789092000,2026-09-11 02:00:00+00:00,4323.4,4328.4,4310.1,4317.1,5582.86
1789095600,2026-09-11 03:00:00+00:00,4316.6,4320.7,4295.3,4298.9,6749.71
1789099200,2026-09-11 04:00:00+00:00,4298.1,4329.5,4296.3,4326.0,6383.33
1789102800,2026-09-11 05:00:00+00:00,4326.3,4346.4,4322.8,4340.5,5874.0
1789106400,2026-09-11 06:00:00+00:00,4340.7,4355.9,4340.2,4348.7,6886.7
1789110000,2026-09-11 07:00:00+00:00,4348.1,4351.2,4335.6,4340.0,3767.76
1789113600,2026-09-11 08:00:00+00:00,4340.2,4353.2,4336.9,4342.6,6614.15
1789117200,2026-09-11 09:00:00+00:00,4342.8,4349.3,4336.4,4342.1,3902.18
1789120800,2026-09-11 10:00:00+00:00,4342.2,4345.9,4332.4,4333.3,5456.01
1789124400,2026-09-11 11:00:00+00:00,4333.2,4338.5,4326.0,4328.9,5576.11
1789128000,2026-09-11 12:00:00+00:00,4329.2,4386.5,4286.9,4384.2,43205.63
1789131600,2026-09-11 13:00:00+00:00,4384.4,4398.8,4375.8,4397.8,30129.04
1789135200,2026-09-11 14:00:00+00:00,4397.6,4398.8,4360.2,4366.4,21158.75
1789138800,2026-09-11 15:00:00+00:00,4366.4,4372.6,4354.9,4362.5,12322.54
1789142400,2026-09-11 16:00:00+00:00,4362.5,4368.3,4347.2,4357.7,11571.91
1789146000,2026-09-11 17:00:00+00:00,4357.6,4366.6,4353.9,4354.5,9058.13
1789149600,2026-09-11 18:00:00+00:00,4354.4,4356.3,4339.7,4343.0,7768.36
1789153200,2026-09-11 19:00:00+00:00,4338.8,4349.7,4338.8,4344.9,5461.0
1789156800,2026-09-11 20:00:00+00:00,4344.9,4362.8,4341.2,4362.8,1714.04
1789336800,2026-09-13 22:00:00+00:00,4325.8,4334.8,4322.5,4332.3,3304.43
1789340400,2026-09-13 23:00:00+00:00,4336.9,4336.9,4326.5,4327.2,1866.3
1789344000,2026-09-14 00:00:00+00:00,4327.2,4342.7,4324.8,4333.5,3949.16
1789347600,2026-09-14 01:00:00+00:00,4333.6,4350.4,4321.0,4348.4,7232.39
1789351200,2026-09-14 02:00:00+00:00,4348.3,4350.7,4325.0,4325.7,4511.24
1789354800,2026-09-14 03:00:00+00:00,4325.4,4331.0,4321.1,4324.5,3674.48
1789358400,2026-09-14 04:00:00+00:00,4324.5,4325.8,4316.0,4323.5,3133.03
1789362000,2026-09-14 05:00:00+00:00,4323.7,4332.0,4317.4,4332.0,5145.58
1789365600,2026-09-14 06:00:00+00:00,4331.8,4333.2,4314.8,4316.4,4062.68
1789369200,2026-09-14 07:00:00+00:00,4316.3,4318.4,4301.9,4304.6,5930.07
1789372800,2026-09-14 08:00:00+00:00,4304.8,4312.3,4297.1,4300.5,4936.81
1789376400,2026-09-14 09:00:00+00:00,4300.2,4305.7,4271.2,4279.1,16171.65
1789380000,2026-09-14 10:00:00+00:00,4279.0,4290.4,4271.7,4288.3,6357.91
1789383600,2026-09-14 11:00:00+00:00,4291.0,4291.0,4278.0,4280.8,5300.09
1789387200,2026-09-14 12:00:00+00:00,4281.0,4291.6,4259.6,4264.7,15286.88
1789390800,2026-09-14 13:00:00+00:00,4265.1,4275.8,4246.9,4266.1,20102.27
1789394400,2026-09-14 14:00:00+00:00,4266.0,4277.3,4257.6,4274.0,13752.51
1789398000,2026-09-14 15:00:00+00:00,4274.1,4293.3,4267.0,4283.0,19172.77
1789401600,2026-09-14 16:00:00+00:00,4283.2,4312.8,4281.2,4310.4,13370.83
1789405200,2026-09-14 17:00:00+00:00,4310.4,4311.3,4302.1,4305.5,9121.74
1789408800,2026-09-14 18:00:00+00:00,4305.6,4310.6,4298.9,4301.7,5712.09
1789412400,2026-09-14 19:00:00+00:00,4301.8,4302.2,4277.1,4278.0,7258.51
1789416000,2026-09-14 20:00:00+00:00,4278.0,4294.3,4276.7,4293.9,3542.32
1789423200,2026-09-14 22:00:00+00:00,4294.2,4297.5,4286.5,4289.8,3472.01
1789426800,2026-09-14 23:00:00+00:00,4289.7,4292.0,4281.4,4282.9,4684.94
1789430400,2026-09-15 00:00:00+00:00,4282.8,4291.2,4277.7,4287.5,3777.1
1789434000,2026-09-15 01:00:00+00:00,4287.7,4300.9,4282.3,4298.0,6753.47
1789437600,2026-09-15 02:00:00+00:00,4298.4,4312.1,4298.3,4308.8,6458.36
1789441200,2026-09-15 03:00:00+00:00,4309.1,4309.1,4297.8,4299.0,5040.74
1789444800,2026-09-15 04:00:00+00:00,4297.9,4304.3,4295.2,4298.7,4638.54
1789448400,2026-09-15 05:00:00+00:00,4298.8,4301.8,4283.0,4285.1,4683.54
1789452000,2026-09-15 06:00:00+00:00,4285.0,4289.2,4279.8,4287.5,6040.45
1789455600,2026-09-15 07:00:00+00:00,4287.4,4289.6,4270.5,4274.6,7376.65
1789459200,2026-09-15 08:00:00+00:00,4274.7,4274.8,4255.6,4256.7,8822.79
1789462800,2026-09-15 09:00:00+00:00,4257.0,4266.3,4255.5,4262.6,7801.42
1789466400,2026-09-15 10:00:00+00:00,4262.7,4277.9,4262.7,4275.7,5946.62
1789470000,2026-09-15 11:00:00+00:00,4275.1,4280.6,4272.7,4278.3,4969.0199999999995
1789473600,2026-09-15 12:00:00+00:00,4278.3,4290.2,4264.9,4284.5,12332.64
1789477200,2026-09-15 13:00:00+00:00,4284.1,4292.4,4277.2,4288.5,13261.58
1789480800,2026-09-15 14:00:00+00:00,4288.5,4294.6,4266.9,4270.7,15049.83
1789484400,2026-09-15 15:00:00+00:00,4270.8,4289.1,4270.5,4283.8,10204.58
1789488000,2026-09-15 16:00:00+00:00,4283.5,4292.3,4279.3,4289.5,8574.23
1789491600,2026-09-15 17:00:00+00:00,4289.7,4293.7,4284.4,4289.2,10667.16
1789495200,2026-09-15 18:00:00+00:00,4289.4,4304.5,4286.8,4302.6,8029.25
1789498800,2026-09-15 19:00:00+00:00,4302.6,4304.7,4287.6,4291.2,5251.49
1789502400,2026-09-15 20:00:00+00:00,4291.2,4292.7,4285.5,4287.3,2622.78
1789509600,2026-09-15 22:00:00+00:00,4287.4,4293.4,4283.1,4283.1,3461.76
1789513200,2026-09-15 23:00:00+00:00,4283.0,4283.6,4275.1,4277.2,6063.19
1789516800,2026-09-16 00:00:00+00:00,4277.8,4280.4,4269.1,4271.0,4450.18
1789520400,2026-09-16 01:00:00+00:00,4271.0,4287.2,4270.2,4275.7,7320.88
1789524000,2026-09-16 02:00:00+00:00,4275.9,4317.8,4275.3,4316.0,12831.39
1789527600,2026-09-16 03:00:00+00:00,4316.2,4335.8,4315.8,4321.1,10883.33
1789531200,2026-09-16 04:00:00+00:00,4321.9,4323.1,4315.4,4316.5,2188.2
1789534800,2026-09-16 05:00:00+00:00,4316.7,4328.2,4315.6,4320.8,4097.82
1789538400,2026-09-16 06:00:00+00:00,4320.8,4327.3,4315.6,4327.1,4725.26
1789542000,2026-09-16 07:00:00+00:00,4326.6,4333.0,4322.1,4322.9,5462.64
1789545600,2026-09-16 08:00:00+00:00,4322.9,4331.6,4316.5,4325.0,8712.82
1789549200,2026-09-16 09:00:00+00:00,4325.1,4334.2,4322.2,4333.0,7427.31
1789552800,2026-09-16 10:00:00+00:00,4332.5,4346.9,4332.5,4345.8,10795.11
1789556400,2026-09-16 11:00:00+00:00,4345.9,4348.7,4336.6,4336.7,8883.78
1789560000,2026-09-16 12:00:00+00:00,4336.7,4344.0,4328.9,4342.3,11629.38
1789563600,2026-09-16 13:00:00+00:00,4342.4,4356.8,4330.2,4333.8,15855.41
1789567200,2026-09-16 14:00:00+00:00,4333.8,4352.0,4318.4,4351.2,19802.97
1789570800,2026-09-16 15:00:00+00:00,4351.1,4359.1,4338.4,4348.6,15002.24
1789574400,2026-09-16 16:00:00+00:00,4348.8,4348.9,4339.2,4342.4,6548.17
1789578000,2026-09-16 17:00:00+00:00,4342.2,4367.0,4337.3,4352.9,10596.21
1789581600,2026-09-16 18:00:00+00:00,4358.1,4365.9,4250.1,4255.2,67811.75
1789585200,2026-09-16 19:00:00+00:00,4227.2,4280.8,4227.2,4265.3,35509.73
1789588800,2026-09-16 20:00:00+00:00,4265.1,4266.8,4250.8,4256.4,4336.12
1789596000,2026-09-16 22:00:00+00:00,4255.3,4267.9,4248.4,4258.6,3429.88
1789599600,2026-09-16 23:00:00+00:00,4257.9,4267.6,4250.7,4263.6,5838.99
1789603200,2026-09-17 00:00:00+00:00,4263.7,4284.3,4258.3,4272.4,7855.66
1789606800,2026-09-17 01:00:00+00:00,4272.3,4310.1,4272.3,4291.8,13161.48
1789610400,2026-09-17 02:00:00+00:00,4292.8,4292.8,4265.9,4269.1,8135.4
1789614000,2026-09-17 03:00:00+00:00,4269.1,4289.9,4269.1,4289.3,3965.27
1789617600,2026-09-17 04:00:00+00:00,4288.1,4291.4,4282.6,4290.0,3044.34
1789621200,2026-09-17 05:00:00+00:00,4289.5,4297.6,4277.6,4296.5,3827.71
1789624800,2026-09-17 06:00:00+00:00,4296.2,4307.7,4296.2,4303.4,5917.31
1789628400,2026-09-17 07:00:00+00:00,4303.3,4328.3,4301.7,4320.0,10648.15
1789632000,2026-09-17 08:00:00+00:00,4320.3,4321.1,4303.1,4304.6,6740.02
1789635600,2026-09-17 09:00:00+00:00,4305.2,4312.4,4297.8,4299.0,5707.98
1789639200,2026-09-17 10:00:00+00:00,4299.2,4318.6,4297.7,4317.6,4338.66
1789642800,2026-09-17 11:00:00+00:00,4317.8,4347.4,4316.8,4343.9,13550.27
1789646400,2026-09-17 12:00:00+00:00,4343.9,4377.2,4337.7,4367.7,25725.84
1789650000,2026-09-17 13:00:00+00:00,4367.7,4369.7,4349.8,4361.3,17481.18
1789653600,2026-09-17 14:00:00+00:00,4361.2,4374.8,4346.1,4348.4,14975.89
1789657200,2026-09-17 15:00:00+00:00,4348.5,4364.1,4345.7,4363.7,9215.17
1789660800,2026-09-17 16:00:00+00:00,4364.0,4366.6,4349.2,4355.8,9507.07
1789664400,2026-09-17 17:00:00+00:00,4356.0,4359.6,4351.2,4354.2,6298.74
1789668000,2026-09-17 18:00:00+00:00,4355.1,4359.5,4342.0,4344.8,5096.09
1789671600,2026-09-17 19:00:00+00:00,4345.1,4349.3,4335.5,4339.1,5398.87
1789675200,2026-09-17 20:00:00+00:00,4339.5,4340.1,4334.2,4334.5,2127.68
1789682400,2026-09-17 22:00:00+00:00,4335.5,4342.4,4334.0,4336.9,3451.16
1789686000,2026-09-17 23:00:00+00:00,4337.1,4341.0,4332.2,4338.9,2996.62
1789689600,2026-09-18 00:00:00+00:00,4338.3,4353.4,4334.6,4348.8,3796.7599999999998
1789693200,2026-09-18 01:00:00+00:00,4349.4,4358.5,4336.5,4340.9,6267.85
1789696800,2026-09-18 02:00:00+00:00,4340.9,4349.0,4335.7,4339.3,4093.94
1789700400,2026-09-18 03:00:00+00:00,4338.7,4353.4,4326.1,4350.5,8182.78
1789704000,2026-09-18 04:00:00+00:00,4351.5,4360.8,4345.7,4360.3,3961.93
1789707600,2026-09-18 05:00:00+00:00,4360.6,4372.0,4353.7,4370.8,7263.81
1789711200,2026-09-18 06:00:00+00:00,4370.6,4391.0,4370.6,4387.4,8726.89
1789714800,2026-09-18 07:00:00+00:00,4387.1,4393.7,4382.9,4387.2,6632.99
1789718400,2026-09-18 08:00:00+00:00,4387.1,4392.2,4378.8,4386.0,5214.55
1789722000,2026-09-18 09:00:00+00:00,4386.2,4392.2,4367.0,4370.0,6507.24
1789725600,2026-09-18 10:00:00+00:00,4370.3,4376.1,4369.4,4375.2,3330.0
1789729200,2026-09-18 11:00:00+00:00,4375.1,4382.0,4365.3,4374.7,6349.73
1789732800,2026-09-18 12:00:00+00:00,4374.8,4375.8,4346.3,4361.5,12694.13
1789736400,2026-09-18 13:00:00+00:00,4361.9,4368.4,4339.5,4341.5,14332.97
1789740000,2026-09-18 14:00:00+00:00,4341.4,4354.0,4334.9,4345.4,13494.37
1789743600,2026-09-18 15:00:00+00:00,4345.1,4350.5,4340.0,4348.9,8118.04
1789747200,2026-09-18 16:00:00+00:00,4349.1,4376.5,4347.3,4375.0,11085.34
1789750800,2026-09-18 17:00:00+00:00,4373.8,4389.1,4373.8,4385.2,10208.52
1789754400,2026-09-18 18:00:00+00:00,4385.3,4386.8,4372.1,4374.7,5565.89
1789758000,2026-09-18 19:00:00+00:00,4374.6,4378.2,4367.4,4369.5,4741.37
1789761600,2026-09-18 20:00:00+00:00,4369.5,4378.8,4368.3,4378.8,2522.35
